X-coordinate,Y-coordinate,Z-coordinate,Advanced,Counts
49.230145,52.002483,-150.00002,0,0
48.230145,52.002483,-150.00002,0,0
47.230145,52.002483,-150.00002,0,0
46.230145,52.002483,-150.00002,0,0
45.230145,52.002483,-150.00002,0,0
44.230145,52.002483,-150.00002,0,0
43.230145,52.002483,-150.00002,0,0
42.230145,52.002483,-150.00002,0,0
41.230145,52.002483,-150.00002,0,0
40.230145,52.002483,-150.00002,0,0
39.230145,52.002483,-150.00002,0,0
38.230145,52.002483,-150.00002,0,0
37.230145,52.002483,-150.00002,0,0
36.230145,52.002483,-150.00002,0,0
35.230145,52.002483,-150.00002,0,0
34.230145,52.002483,-150.00002,0,0
33.230145,52.002483,-150.00002,0,0
32.230145,52.002483,-150.00002,0,0
31.230145,52.002483,-150.00002,0,0
30.230145,52.002483,-150.00002,0,0
29.230145,52.002483,-150.00002,0,0
28.230145,52.002483,-150.00002,0,0
27.230145,52.002483,-150.00002,0,0
26.230145,52.002483,-150.00002,0,0
25.230145,52.002483,-150.00002,0,0
24.230145,52.002483,-150.00002,0,0
23.230145,52.002483,-150.00002,0,0
22.230145,52.002483,-150.00002,0,0
21.230145,52.002483,-150.00002,0,0
20.230145,52.002483,-150.00002,0,0
19.230145,52.002483,-150.00002,0,0
18.230145,52.002483,-150.00002,0,0
17.230145,52.002483,-150.00002,0,0
16.230145,52.002483,-150.00002,0,0
15.2301445,52.002483,-150.00002,0,0
14.2301445,52.002483,-150.00002,0,0
13.2301445,52.002483,-150.00002,0,0
12.2301445,52.002483,-150.00002,0,0
11.2301445,52.002483,-150.00002,0,0
10.2301445,52.002483,-150.00002,0,0
9.2301445,52.002483,-150.00002,0,0
8.2301445,52.002483,-150.00002,0,0
7.2301445,52.002483,-150.00002,0,0
6.2301445,52.002483,-150.00002,0,0
5.2301445,52.002483,-150.00002,0,0
4.2301445,52.002483,-150.00002,0,0
3.2301445,52.002483,-150.00002,0,0
2.2301445,52.002483,-150.00002,0,0
1.2301445,52.002483,-150.00002,0,0
0.2301445,52.002483,-150.00002,0,0
-0.7698555,52.002483,-150.00002,0,0
-1.7698555,52.002483,-150.00002,0,0
-2.7698555,52.002483,-150.00002,0,0
-3.7698555,52.002483,-150.00002,0,0
-4.7698555,52.002483,-150.00002,0,0
-5.7698555,52.002483,-150.00002,0,0
-6.7698555,52.002483,-150.00002,0,0
-7.7698555,52.002483,-150.00002,0,0
-8.7698555,52.002483,-150.00002,0,0
-9.7698555,52.002483,-150.00002,0,0
-10.7698555,52.002483,-150.00002,0,0
-11.7698555,52.002483,-150.00002,0,0
-12.7698555,52.002483,-150.00002,0,0
-13.7698555,52.002483,-150.00002,0,0
-14.7698555,52.002483,-150.00002,0,0
-15.7698555,52.002483,-150.00002,0,0
-16.769855,52.002483,-150.00002,0,0
-17.769855,52.002483,-150.00002,0,0
-18.769855,52.002483,-150.00002,0,0
-19.769855,52.002483,-150.00002,0,0
-20.769855,52.002483,-150.00002,0,0
-21.769855,52.002483,-150.00002,0,0
-22.769855,52.002483,-150.00002,0,0
-23.769855,52.002483,-150.00002,0,0
-24.769855,52.002483,-150.00002,0,0
-25.769855,52.002483,-150.00002,0,0
-26.769855,52.002483,-150.00002,0,0
-27.769855,52.002483,-150.00002,0,0
-28.769855,52.002483,-150.00002,0,0
-29.769855,52.002483,-150.00002,0,0
-30.769855,52.002483,-150.00002,0,0
-31.769855,52.002483,-150.00002,0,0
-32.769855,52.002483,-150.00002,0,0
-33.769855,52.002483,-150.00002,0,0
-34.769855,52.002483,-150.00002,0,0
-35.769855,52.002483,-150.00002,0,0
-36.769855,52.002483,-150.00002,0,0
-37.769855,52.002483,-150.00002,0,0
-38.769855,52.002483,-150.00002,0,0
-39.769855,52.002483,-150.00002,0,0
-40.769855,52.002483,-150.00002,0,0
-41.769855,52.002483,-150.00002,0,0
-42.769855,52.002483,-150.00002,0,0
-43.769855,52.002483,-150.00002,0,0
-44.769855,52.002483,-150.00002,0,0
-45.769855,52.002483,-150.00002,0,0
-46.769855,52.002483,-150.00002,0,0
-47.769855,52.002483,-150.00002,0,0
-48.769855,52.002483,-150.00002,0,0
-49.769855,52.002483,-150.00002,0,0
49.230145,51.002483,-150.00002,0,0
48.230145,51.002483,-150.00002,0,0
47.230145,51.002483,-150.00002,0,0
46.230145,51.002483,-150.00002,0,0
45.230145,51.002483,-150.00002,0,0
44.230145,51.002483,-150.00002,0,0
43.230145,51.002483,-150.00002,0,0
42.230145,51.002483,-150.00002,0,0
41.230145,51.002483,-150.00002,0,0
40.230145,51.002483,-150.00002,0,0
39.230145,51.002483,-150.00002,0,0
38.230145,51.002483,-150.00002,0,0
37.230145,51.002483,-150.00002,0,0
36.230145,51.002483,-150.00002,0,0
35.230145,51.002483,-150.00002,0,0
34.230145,51.002483,-150.00002,0,0
33.230145,51.002483,-150.00002,0,0
32.230145,51.002483,-150.00002,0,0
31.230145,51.002483,-150.00002,0,0
30.230145,51.002483,-150.00002,0,0
29.230145,51.002483,-150.00002,0,0
28.230145,51.002483,-150.00002,0,0
27.230145,51.002483,-150.00002,0,0
26.230145,51.002483,-150.00002,0,0
25.230145,51.002483,-150.00002,0,0
24.230145,51.002483,-150.00002,0,0
23.230145,51.002483,-150.00002,0,0
22.230145,51.002483,-150.00002,0,0
21.230145,51.002483,-150.00002,0,0
20.230145,51.002483,-150.00002,0,0
19.230145,51.002483,-150.00002,0,0
18.230145,51.002483,-150.00002,0,0
17.230145,51.002483,-150.00002,0,0
16.230145,51.002483,-150.00002,0,0
15.2301445,51.002483,-150.00002,0,0
14.2301445,51.002483,-150.00002,0,0
13.2301445,51.002483,-150.00002,0,0
12.2301445,51.002483,-150.00002,0,0
11.2301445,51.002483,-150.00002,0,0
10.2301445,51.002483,-150.00002,0,0
9.2301445,51.002483,-150.00002,0,0
8.2301445,51.002483,-150.00002,0,0
7.2301445,51.002483,-150.00002,0,0
6.2301445,51.002483,-150.00002,0,0
5.2301445,51.002483,-150.00002,0,0
4.2301445,51.002483,-150.00002,0,0
3.2301445,51.002483,-150.00002,0,0
2.2301445,51.002483,-150.00002,0,0
1.2301445,51.002483,-150.00002,0,0
0.2301445,51.002483,-150.00002,0,0
-0.7698555,51.002483,-150.00002,0,0
-1.7698555,51.002483,-150.00002,0,0
-2.7698555,51.002483,-150.00002,0,0
-3.7698555,51.002483,-150.00002,0,0
-4.7698555,51.002483,-150.00002,0,0
-5.7698555,51.002483,-150.00002,0,0
-6.7698555,51.002483,-150.00002,0,0
-7.7698555,51.002483,-150.00002,0,0
-8.7698555,51.002483,-150.00002,0,0
-9.7698555,51.002483,-150.00002,0,0
-10.7698555,51.002483,-150.00002,0,0
-11.7698555,51.002483,-150.00002,0,0
-12.7698555,51.002483,-150.00002,0,0
-13.7698555,51.002483,-150.00002,0,0
-14.7698555,51.002483,-150.00002,0,0
-15.7698555,51.002483,-150.00002,0,0
-16.769855,51.002483,-150.00002,0,0
-17.769855,51.002483,-150.00002,0,0
-18.769855,51.002483,-150.00002,0,0
-19.769855,51.002483,-150.00002,0,0
-20.769855,51.002483,-150.00002,0,0
-21.769855,51.002483,-150.00002,0,0
-22.769855,51.002483,-150.00002,0,0
-23.769855,51.002483,-150.00002,0,0
-24.769855,51.002483,-150.00002,0,0
-25.769855,51.002483,-150.00002,0,0
-26.769855,51.002483,-150.00002,0,0
-27.769855,51.002483,-150.00002,0,0
-28.769855,51.002483,-150.00002,0,0
-29.769855,51.002483,-150.00002,0,0
-30.769855,51.002483,-150.00002,0,0
-31.769855,51.002483,-150.00002,0,0
-32.769855,51.002483,-150.00002,0,0
-33.769855,51.002483,-150.00002,0,0
-34.769855,51.002483,-150.00002,0,0
-35.769855,51.002483,-150.00002,0,0
-36.769855,51.002483,-150.00002,0,0
-37.769855,51.002483,-150.00002,0,0
-38.769855,51.002483,-150.00002,0,0
-39.769855,51.002483,-150.00002,0,0
-40.769855,51.002483,-150.00002,0,0
-41.769855,51.002483,-150.00002,0,0
-42.769855,51.002483,-150.00002,0,0
-43.769855,51.002483,-150.00002,0,0
-44.769855,51.002483,-150.00002,0,0
-45.769855,51.002483,-150.00002,0,0
-46.769855,51.002483,-150.00002,0,0
-47.769855,51.002483,-150.00002,0,0
-48.769855,51.002483,-150.00002,0,0
-49.769855,51.002483,-150.00002,0,0
49.230145,50.002483,-150.00002,0,0
48.230145,50.002483,-150.00002,0,0
47.230145,50.002483,-150.00002,0,0
46.230145,50.002483,-150.00002,0,0
45.230145,50.002483,-150.00002,0,0
44.230145,50.002483,-150.00002,0,0
43.230145,50.002483,-150.00002,0,0
42.230145,50.002483,-150.00002,0,0
41.230145,50.002483,-150.00002,0,0
40.230145,50.002483,-150.00002,0,0
39.230145,50.002483,-150.00002,0,0
38.230145,50.002483,-150.00002,0,0
37.230145,50.002483,-150.00002,0,0
36.230145,50.002483,-150.00002,0,0
35.230145,50.002483,-150.00002,0,0
34.230145,50.002483,-150.00002,0,0
33.230145,50.002483,-150.00002,0,0
32.230145,50.002483,-150.00002,0,0
31.230145,50.002483,-150.00002,0,0
30.230145,50.002483,-150.00002,0,0
29.230145,50.002483,-150.00002,0,0
28.230145,50.002483,-150.00002,0,0
27.230145,50.002483,-150.00002,0,0
26.230145,50.002483,-150.00002,0,0
25.230145,50.002483,-150.00002,0,0
24.230145,50.002483,-150.00002,0,0
23.230145,50.002483,-150.00002,0,0
22.230145,50.002483,-150.00002,0,0
21.230145,50.002483,-150.00002,0,0
20.230145,50.002483,-150.00002,0,0
19.230145,50.002483,-150.00002,0,0
18.230145,50.002483,-150.00002,0,0
17.230145,50.002483,-150.00002,0,0
16.230145,50.002483,-150.00002,0,0
15.2301445,50.002483,-150.00002,0,0
14.2301445,50.002483,-150.00002,0,0
13.2301445,50.002483,-150.00002,0,0
12.2301445,50.002483,-150.00002,0,0
11.2301445,50.002483,-150.00002,0,0
10.2301445,50.002483,-150.00002,0,0
9.2301445,50.002483,-150.00002,0,0
8.2301445,50.002483,-150.00002,0,0
7.2301445,50.002483,-150.00002,0,0
6.2301445,50.002483,-150.00002,0,0
5.2301445,50.002483,-150.00002,0,0
4.2301445,50.002483,-150.00002,0,0
3.2301445,50.002483,-150.00002,0,0
2.2301445,50.002483,-150.00002,0,0
1.2301445,50.002483,-150.00002,0,0
0.2301445,50.002483,-150.00002,0,0
-0.7698555,50.002483,-150.00002,0,0
-1.7698555,50.002483,-150.00002,0,0
-2.7698555,50.002483,-150.00002,0,0
-3.7698555,50.002483,-150.00002,0,0
-4.7698555,50.002483,-150.00002,0,0
-5.7698555,50.002483,-150.00002,0,0
-6.7698555,50.002483,-150.00002,0,0
-7.7698555,50.002483,-150.00002,0,0
-8.7698555,50.002483,-150.00002,0,0
-9.7698555,50.002483,-150.00002,0,0
-10.7698555,50.002483,-150.00002,0,0
-11.7698555,50.002483,-150.00002,0,0
-12.7698555,50.002483,-150.00002,0,0
-13.7698555,50.002483,-150.00002,0,0
-14.7698555,50.002483,-150.00002,0,0
-15.7698555,50.002483,-150.00002,0,0
-16.769855,50.002483,-150.00002,0,0
-17.769855,50.002483,-150.00002,0,0
-18.769855,50.002483,-150.00002,0,0
-19.769855,50.002483,-150.00002,0,0
-20.769855,50.002483,-150.00002,0,0
-21.769855,50.002483,-150.00002,0,0
-22.769855,50.002483,-150.00002,0,0
-23.769855,50.002483,-150.00002,0,0
-24.769855,50.002483,-150.00002,0,0
-25.769855,50.002483,-150.00002,0,0
-26.769855,50.002483,-150.00002,0,0
-27.769855,50.002483,-150.00002,0,0
-28.769855,50.002483,-150.00002,0,0
-29.769855,50.002483,-150.00002,0,0
-30.769855,50.002483,-150.00002,0,0
-31.769855,50.002483,-150.00002,0,0
-32.769855,50.002483,-150.00002,0,0
-33.769855,50.002483,-150.00002,0,0
-34.769855,50.002483,-150.00002,0,0
-35.769855,50.002483,-150.00002,0,0
-36.769855,50.002483,-150.00002,0,0
-37.769855,50.002483,-150.00002,0,0
-38.769855,50.002483,-150.00002,0,0
-39.769855,50.002483,-150.00002,0,0
-40.769855,50.002483,-150.00002,0,0
-41.769855,50.002483,-150.00002,0,0
-42.769855,50.002483,-150.00002,0,0
-43.769855,50.002483,-150.00002,0,0
-44.769855,50.002483,-150.00002,0,0
-45.769855,50.002483,-150.00002,0,0
-46.769855,50.002483,-150.00002,0,0
-47.769855,50.002483,-150.00002,0,0
-48.769855,50.002483,-150.00002,0,0
-49.769855,50.002483,-150.00002,0,0
49.230145,49.002483,-150.00002,0,0
48.230145,49.002483,-150.00002,0,0
47.230145,49.002483,-150.00002,0,0
46.230145,49.002483,-150.00002,0,0
45.230145,49.002483,-150.00002,0,0
44.230145,49.002483,-150.00002,0,0
43.230145,49.002483,-150.00002,0,0
42.230145,49.002483,-150.00002,0,0
41.230145,49.002483,-150.00002,0,0
40.230145,49.002483,-150.00002,0,0
39.230145,49.002483,-150.00002,0,0
38.230145,49.002483,-150.00002,0,0
37.230145,49.002483,-150.00002,0,0
36.230145,49.002483,-150.00002,0,0
35.230145,49.002483,-150.00002,0,0
34.230145,49.002483,-150.00002,0,0
33.230145,49.002483,-150.00002,0,0
32.230145,49.002483,-150.00002,0,0
31.230145,49.002483,-150.00002,0,0
30.230145,49.002483,-150.00002,0,0
29.230145,49.002483,-150.00002,0,0
28.230145,49.002483,-150.00002,0,0
27.230145,49.002483,-150.00002,0,0
26.230145,49.002483,-150.00002,0,0
25.230145,49.002483,-150.00002,0,0
24.230145,49.002483,-150.00002,0,0
23.230145,49.002483,-150.00002,0,0
22.230145,49.002483,-150.00002,0,0
21.230145,49.002483,-150.00002,0,0
20.230145,49.002483,-150.00002,0,0
19.230145,49.002483,-150.00002,0,0
18.230145,49.002483,-150.00002,0,0
17.230145,49.002483,-150.00002,0,0
16.230145,49.002483,-150.00002,0,0
15.2301445,49.002483,-150.00002,0,0
14.2301445,49.002483,-150.00002,0,0
13.2301445,49.002483,-150.00002,0,0
12.2301445,49.002483,-150.00002,0,0
11.2301445,49.002483,-150.00002,0,0
10.2301445,49.002483,-150.00002,0,0
9.2301445,49.002483,-150.00002,0,0
8.2301445,49.002483,-150.00002,0,0
7.2301445,49.002483,-150.00002,0,0
6.2301445,49.002483,-150.00002,0,0
5.2301445,49.002483,-150.00002,0,0
4.2301445,49.002483,-150.00002,0,0
3.2301445,49.002483,-150.00002,0,0
2.2301445,49.002483,-150.00002,0,0
1.2301445,49.002483,-150.00002,0,0
0.2301445,49.002483,-150.00002,0,0
-0.7698555,49.002483,-150.00002,0,0
-1.7698555,49.002483,-150.00002,0,0
-2.7698555,49.002483,-150.00002,0,0
-3.7698555,49.002483,-150.00002,0,0
-4.7698555,49.002483,-150.00002,0,0
-5.7698555,49.002483,-150.00002,0,0
-6.7698555,49.002483,-150.00002,0,0
-7.7698555,49.002483,-150.00002,0,0
-8.7698555,49.002483,-150.00002,0,0
-9.7698555,49.002483,-150.00002,0,0
-10.7698555,49.002483,-150.00002,0,0
-11.7698555,49.002483,-150.00002,0,0
-12.7698555,49.002483,-150.00002,0,0
-13.7698555,49.002483,-150.00002,0,0
-14.7698555,49.002483,-150.00002,0,0
-15.7698555,49.002483,-150.00002,0,0
-16.769855,49.002483,-150.00002,0,0
-17.769855,49.002483,-150.00002,0,0
-18.769855,49.002483,-150.00002,0,0
-19.769855,49.002483,-150.00002,0,0
-20.769855,49.002483,-150.00002,0,0
-21.769855,49.002483,-150.00002,0,0
-22.769855,49.002483,-150.00002,0,0
-23.769855,49.002483,-150.00002,0,0
-24.769855,49.002483,-150.00002,0,0
-25.769855,49.002483,-150.00002,0,0
-26.769855,49.002483,-150.00002,0,0
-27.769855,49.002483,-150.00002,0,0
-28.769855,49.002483,-150.00002,0,0
-29.769855,49.002483,-150.00002,0,0
-30.769855,49.002483,-150.00002,0,0
-31.769855,49.002483,-150.00002,0,0
-32.769855,49.002483,-150.00002,0,0
-33.769855,49.002483,-150.00002,0,0
-34.769855,49.002483,-150.00002,0,0
-35.769855,49.002483,-150.00002,0,0
-36.769855,49.002483,-150.00002,0,0
-37.769855,49.002483,-150.00002,0,0
-38.769855,49.002483,-150.00002,0,0
-39.769855,49.002483,-150.00002,0,0
-40.769855,49.002483,-150.00002,0,0
-41.769855,49.002483,-150.00002,0,0
-42.769855,49.002483,-150.00002,0,0
-43.769855,49.002483,-150.00002,0,0
-44.769855,49.002483,-150.00002,0,0
-45.769855,49.002483,-150.00002,0,0
-46.769855,49.002483,-150.00002,0,0
-47.769855,49.002483,-150.00002,0,0
-48.769855,49.002483,-150.00002,0,0
-49.769855,49.002483,-150.00002,0,0
49.230145,48.002483,-150.00002,0,0
48.230145,48.002483,-150.00002,0,0
47.230145,48.002483,-150.00002,0,0
46.230145,48.002483,-150.00002,0,0
45.230145,48.002483,-150.00002,0,0
44.230145,48.002483,-150.00002,0,0
43.230145,48.002483,-150.00002,0,0
42.230145,48.002483,-150.00002,0,0
41.230145,48.002483,-150.00002,0,0
40.230145,48.002483,-150.00002,0,0
39.230145,48.002483,-150.00002,0,0
38.230145,48.002483,-150.00002,0,0
37.230145,48.002483,-150.00002,0,0
36.230145,48.002483,-150.00002,0,0
35.230145,48.002483,-150.00002,0,0
34.230145,48.002483,-150.00002,0,0
33.230145,48.002483,-150.00002,0,0
32.230145,48.002483,-150.00002,0,0
31.230145,48.002483,-150.00002,0,0
30.230145,48.002483,-150.00002,0,0
29.230145,48.002483,-150.00002,0,0
28.230145,48.002483,-150.00002,0,0
27.230145,48.002483,-150.00002,0,0
26.230145,48.002483,-150.00002,0,0
25.230145,48.002483,-150.00002,0,0
24.230145,48.002483,-150.00002,0,0
23.230145,48.002483,-150.00002,0,0
22.230145,48.002483,-150.00002,0,0
21.230145,48.002483,-150.00002,0,0
20.230145,48.002483,-150.00002,0,0
19.230145,48.002483,-150.00002,0,0
18.230145,48.002483,-150.00002,0,0
17.230145,48.002483,-150.00002,0,0
16.230145,48.002483,-150.00002,0,0
15.2301445,48.002483,-150.00002,0,0
14.2301445,48.002483,-150.00002,0,0
13.2301445,48.002483,-150.00002,0,0
12.2301445,48.002483,-150.00002,0,0
11.2301445,48.002483,-150.00002,0,0
10.2301445,48.002483,-150.00002,0,0
9.2301445,48.002483,-150.00002,0,0
8.2301445,48.002483,-150.00002,0,0
7.2301445,48.002483,-150.00002,0,0
6.2301445,48.002483,-150.00002,0,0
5.2301445,48.002483,-150.00002,0,0
4.2301445,48.002483,-150.00002,0,0
3.2301445,48.002483,-150.00002,0,0
2.2301445,48.002483,-150.00002,0,0
1.2301445,48.002483,-150.00002,0,0
0.2301445,48.002483,-150.00002,0,0
-0.7698555,48.002483,-150.00002,0,0
-1.7698555,48.002483,-150.00002,0,0
-2.7698555,48.002483,-150.00002,0,0
-3.7698555,48.002483,-150.00002,0,0
-4.7698555,48.002483,-150.00002,0,0
-5.7698555,48.002483,-150.00002,0,0
-6.7698555,48.002483,-150.00002,0,0
-7.7698555,48.002483,-150.00002,0,0
-8.7698555,48.002483,-150.00002,0,0
-9.7698555,48.002483,-150.00002,0,0
-10.7698555,48.002483,-150.00002,0,0
-11.7698555,48.002483,-150.00002,0,0
-12.7698555,48.002483,-150.00002,0,0
-13.7698555,48.002483,-150.00002,0,0
-14.7698555,48.002483,-150.00002,0,0
-15.7698555,48.002483,-150.00002,0,0
-16.769855,48.002483,-150.00002,0,0
-17.769855,48.002483,-150.00002,0,0
-18.769855,48.002483,-150.00002,0,0
-19.769855,48.002483,-150.00002,0,0
-20.769855,48.002483,-150.00002,0,0
-21.769855,48.002483,-150.00002,0,0
-22.769855,48.002483,-150.00002,0,0
-23.769855,48.002483,-150.00002,0,0
-24.769855,48.002483,-150.00002,0,0
-25.769855,48.002483,-150.00002,0,0
-26.769855,48.002483,-150.00002,0,0
-27.769855,48.002483,-150.00002,0,0
-28.769855,48.002483,-150.00002,0,0
-29.769855,48.002483,-150.00002,0,0
-30.769855,48.002483,-150.00002,0,0
-31.769855,48.002483,-150.00002,0,0
-32.769855,48.002483,-150.00002,0,0
-33.769855,48.002483,-150.00002,0,0
-34.769855,48.002483,-150.00002,0,0
-35.769855,48.002483,-150.00002,0,0
-36.769855,48.002483,-150.00002,0,0
-37.769855,48.002483,-150.00002,0,0
-38.769855,48.002483,-150.00002,0,0
-39.769855,48.002483,-150.00002,0,0
-40.769855,48.002483,-150.00002,0,0
-41.769855,48.002483,-150.00002,0,0
-42.769855,48.002483,-150.00002,0,0
-43.769855,48.002483,-150.00002,0,0
-44.769855,48.002483,-150.00002,0,0
-45.769855,48.002483,-150.00002,0,0
-46.769855,48.002483,-150.00002,0,0
-47.769855,48.002483,-150.00002,0,0
-48.769855,48.002483,-150.00002,0,0
-49.769855,48.002483,-150.00002,0,0
49.230145,47.002483,-150.00002,0,0
48.230145,47.002483,-150.00002,0,0
47.230145,47.002483,-150.00002,0,0
46.230145,47.002483,-150.00002,0,0
45.230145,47.002483,-150.00002,0,0
44.230145,47.002483,-150.00002,0,0
43.230145,47.002483,-150.00002,0,0
42.230145,47.002483,-150.00002,0,0
41.230145,47.002483,-150.00002,0,0
40.230145,47.002483,-150.00002,0,0
39.230145,47.002483,-150.00002,0,0
38.230145,47.002483,-150.00002,0,0
37.230145,47.002483,-150.00002,0,0
36.230145,47.002483,-150.00002,0,0
35.230145,47.002483,-150.00002,0,0
34.230145,47.002483,-150.00002,0,0
33.230145,47.002483,-150.00002,0,0
32.230145,47.002483,-150.00002,0,0
31.230145,47.002483,-150.00002,0,0
30.230145,47.002483,-150.00002,0,0
29.230145,47.002483,-150.00002,0,0
28.230145,47.002483,-150.00002,0,0
27.230145,47.002483,-150.00002,0,0
26.230145,47.002483,-150.00002,0,0
25.230145,47.002483,-150.00002,0,0
24.230145,47.002483,-150.00002,0,0
23.230145,47.002483,-150.00002,0,0
22.230145,47.002483,-150.00002,0,0
21.230145,47.002483,-150.00002,0,0
20.230145,47.002483,-150.00002,0,0
19.230145,47.002483,-150.00002,0,0
18.230145,47.002483,-150.00002,0,0
17.230145,47.002483,-150.00002,0,0
16.230145,47.002483,-150.00002,0,0
15.2301445,47.002483,-150.00002,0,0
14.2301445,47.002483,-150.00002,0,0
13.2301445,47.002483,-150.00002,0,0
12.2301445,47.002483,-150.00002,0,0
11.2301445,47.002483,-150.00002,0,0
10.2301445,47.002483,-150.00002,0,0
9.2301445,47.002483,-150.00002,0,0
8.2301445,47.002483,-150.00002,0,0
7.2301445,47.002483,-150.00002,0,0
6.2301445,47.002483,-150.00002,0,0
5.2301445,47.002483,-150.00002,0,0
4.2301445,47.002483,-150.00002,0,0
3.2301445,47.002483,-150.00002,0,0
2.2301445,47.002483,-150.00002,0,0
1.2301445,47.002483,-150.00002,0,0
0.2301445,47.002483,-150.00002,0,0
-0.7698555,47.002483,-150.00002,0,0
-1.7698555,47.002483,-150.00002,0,0
-2.7698555,47.002483,-150.00002,0,0
-3.7698555,47.002483,-150.00002,0,0
-4.7698555,47.002483,-150.00002,0,0
-5.7698555,47.002483,-150.00002,0,0
-6.7698555,47.002483,-150.00002,0,0
-7.7698555,47.002483,-150.00002,0,0
-8.7698555,47.002483,-150.00002,0,0
-9.7698555,47.002483,-150.00002,0,0
-10.7698555,47.002483,-150.00002,0,0
-11.7698555,47.002483,-150.00002,0,0
-12.7698555,47.002483,-150.00002,0,0
-13.7698555,47.002483,-150.00002,0,0
-14.7698555,47.002483,-150.00002,0,0
-15.7698555,47.002483,-150.00002,0,0
-16.769855,47.002483,-150.00002,0,0
-17.769855,47.002483,-150.00002,0,0
-18.769855,47.002483,-150.00002,0,0
-19.769855,47.002483,-150.00002,0,0
-20.769855,47.002483,-150.00002,0,0
-21.769855,47.002483,-150.00002,0,0
-22.769855,47.002483,-150.00002,0,0
-23.769855,47.002483,-150.00002,0,0
-24.769855,47.002483,-150.00002,0,0
-25.769855,47.002483,-150.00002,0,0
-26.769855,47.002483,-150.00002,0,0
-27.769855,47.002483,-150.00002,0,0
-28.769855,47.002483,-150.00002,0,0
-29.769855,47.002483,-150.00002,0,0
-30.769855,47.002483,-150.00002,0,0
-31.769855,47.002483,-150.00002,0,0
-32.769855,47.002483,-150.00002,0,0
-33.769855,47.002483,-150.00002,0,0
-34.769855,47.002483,-150.00002,0,0
-35.769855,47.002483,-150.00002,0,0
-36.769855,47.002483,-150.00002,0,0
-37.769855,47.002483,-150.00002,0,0
-38.769855,47.002483,-150.00002,0,0
-39.769855,47.002483,-150.00002,0,0
-40.769855,47.002483,-150.00002,0,0
-41.769855,47.002483,-150.00002,0,0
-42.769855,47.002483,-150.00002,0,0
-43.769855,47.002483,-150.00002,0,0
-44.769855,47.002483,-150.00002,0,0
-45.769855,47.002483,-150.00002,0,0
-46.769855,47.002483,-150.00002,0,0
-47.769855,47.002483,-150.00002,0,0
-48.769855,47.002483,-150.00002,0,0
-49.769855,47.002483,-150.00002,0,0
49.230145,46.002483,-150.00002,0,0
48.230145,46.002483,-150.00002,0,0
47.230145,46.002483,-150.00002,0,0
46.230145,46.002483,-150.00002,0,0
45.230145,46.002483,-150.00002,0,0
44.230145,46.002483,-150.00002,0,0
43.230145,46.002483,-150.00002,0,0
42.230145,46.002483,-150.00002,0,0
41.230145,46.002483,-150.00002,0,0
40.230145,46.002483,-150.00002,0,0
39.230145,46.002483,-150.00002,0,0
38.230145,46.002483,-150.00002,0,0
37.230145,46.002483,-150.00002,0,0
36.230145,46.002483,-150.00002,0,0
35.230145,46.002483,-150.00002,0,0
34.230145,46.002483,-150.00002,0,0
33.230145,46.002483,-150.00002,0,0
32.230145,46.002483,-150.00002,0,0
31.230145,46.002483,-150.00002,0,0
30.230145,46.002483,-150.00002,0,0
29.230145,46.002483,-150.00002,0,0
28.230145,46.002483,-150.00002,0,0
27.230145,46.002483,-150.00002,0,0
26.230145,46.002483,-150.00002,0,0
25.230145,46.002483,-150.00002,0,0
24.230145,46.002483,-150.00002,0,0
23.230145,46.002483,-150.00002,0,0
22.230145,46.002483,-150.00002,0,0
21.230145,46.002483,-150.00002,0,0
20.230145,46.002483,-150.00002,0,0
19.230145,46.002483,-150.00002,0,0
18.230145,46.002483,-150.00002,0,0
17.230145,46.002483,-150.00002,0,0
16.230145,46.002483,-150.00002,0,0
15.2301445,46.002483,-150.00002,0,0
14.2301445,46.002483,-150.00002,0,0
13.2301445,46.002483,-150.00002,0,0
12.2301445,46.002483,-150.00002,0,0
11.2301445,46.002483,-150.00002,0,0
10.2301445,46.002483,-150.00002,0,0
9.2301445,46.002483,-150.00002,0,0
8.2301445,46.002483,-150.00002,0,0
7.2301445,46.002483,-150.00002,0,0
6.2301445,46.002483,-150.00002,0,0
5.2301445,46.002483,-150.00002,0,0
4.2301445,46.002483,-150.00002,0,0
3.2301445,46.002483,-150.00002,0,0
2.2301445,46.002483,-150.00002,0,0
1.2301445,46.002483,-150.00002,0,0
0.2301445,46.002483,-150.00002,0,0
-0.7698555,46.002483,-150.00002,0,0
-1.7698555,46.002483,-150.00002,0,0
-2.7698555,46.002483,-150.00002,0,0
-3.7698555,46.002483,-150.00002,0,0
-4.7698555,46.002483,-150.00002,0,0
-5.7698555,46.002483,-150.00002,0,0
-6.7698555,46.002483,-150.00002,0,0
-7.7698555,46.002483,-150.00002,0,0
-8.7698555,46.002483,-150.00002,0,0
-9.7698555,46.002483,-150.00002,0,0
-10.7698555,46.002483,-150.00002,0,0
-11.7698555,46.002483,-150.00002,0,0
-12.7698555,46.002483,-150.00002,0,0
-13.7698555,46.002483,-150.00002,0,0
-14.7698555,46.002483,-150.00002,0,0
-15.7698555,46.002483,-150.00002,0,0
-16.769855,46.002483,-150.00002,0,0
-17.769855,46.002483,-150.00002,0,0
-18.769855,46.002483,-150.00002,0,0
-19.769855,46.002483,-150.00002,0,0
-20.769855,46.002483,-150.00002,0,0
-21.769855,46.002483,-150.00002,0,0
-22.769855,46.002483,-150.00002,0,0
-23.769855,46.002483,-150.00002,0,0
-24.769855,46.002483,-150.00002,0,0
-25.769855,46.002483,-150.00002,0,0
-26.769855,46.002483,-150.00002,0,0
-27.769855,46.002483,-150.00002,0,0
-28.769855,46.002483,-150.00002,0,0
-29.769855,46.002483,-150.00002,0,0
-30.769855,46.002483,-150.00002,0,0
-31.769855,46.002483,-150.00002,0,0
-32.769855,46.002483,-150.00002,0,0
-33.769855,46.002483,-150.00002,0,0
-34.769855,46.002483,-150.00002,0,0
-35.769855,46.002483,-150.00002,0,0
-36.769855,46.002483,-150.00002,0,0
-37.769855,46.002483,-150.00002,0,0
-38.769855,46.002483,-150.00002,0,0
-39.769855,46.002483,-150.00002,0,0
-40.769855,46.002483,-150.00002,0,0
-41.769855,46.002483,-150.00002,0,0
-42.769855,46.002483,-150.00002,0,0
-43.769855,46.002483,-150.00002,0,0
-44.769855,46.002483,-150.00002,0,0
-45.769855,46.002483,-150.00002,0,0
-46.769855,46.002483,-150.00002,0,0
-47.769855,46.002483,-150.00002,0,0
-48.769855,46.002483,-150.00002,0,0
-49.769855,46.002483,-150.00002,0,0
49.230145,45.002483,-150.00002,0,0
48.230145,45.002483,-150.00002,0,0
47.230145,45.002483,-150.00002,0,0
46.230145,45.002483,-150.00002,0,0
45.230145,45.002483,-150.00002,0,0
44.230145,45.002483,-150.00002,0,0
43.230145,45.002483,-150.00002,0,0
42.230145,45.002483,-150.00002,0,0
41.230145,45.002483,-150.00002,0,0
40.230145,45.002483,-150.00002,0,0
39.230145,45.002483,-150.00002,0,0
38.230145,45.002483,-150.00002,0,0
37.230145,45.002483,-150.00002,0,0
36.230145,45.002483,-150.00002,0,0
35.230145,45.002483,-150.00002,0,0
34.230145,45.002483,-150.00002,0,0
33.230145,45.002483,-150.00002,0,0
32.230145,45.002483,-150.00002,0,0
31.230145,45.002483,-150.00002,0,0
30.230145,45.002483,-150.00002,0,0
29.230145,45.002483,-150.00002,0,0
28.230145,45.002483,-150.00002,0,0
27.230145,45.002483,-150.00002,0,0
26.230145,45.002483,-150.00002,0,0
25.230145,45.002483,-150.00002,0,0
24.230145,45.002483,-150.00002,0,0
23.230145,45.002483,-150.00002,0,0
22.230145,45.002483,-150.00002,0,0
21.230145,45.002483,-150.00002,0,0
20.230145,45.002483,-150.00002,0,0
19.230145,45.002483,-150.00002,0,0
18.230145,45.002483,-150.00002,0,0
17.230145,45.002483,-150.00002,0,0
16.230145,45.002483,-150.00002,0,0
15.2301445,45.002483,-150.00002,0,0
14.2301445,45.002483,-150.00002,0,0
13.2301445,45.002483,-150.00002,0,0
12.2301445,45.002483,-150.00002,0,0
11.2301445,45.002483,-150.00002,0,0
10.2301445,45.002483,-150.00002,0,0
9.2301445,45.002483,-150.00002,0,0
8.2301445,45.002483,-150.00002,0,0
7.2301445,45.002483,-150.00002,0,0
6.2301445,45.002483,-150.00002,0,0
5.2301445,45.002483,-150.00002,0,0
4.2301445,45.002483,-150.00002,0,0
3.2301445,45.002483,-150.00002,0,0
2.2301445,45.002483,-150.00002,0,0
1.2301445,45.002483,-150.00002,0,0
0.2301445,45.002483,-150.00002,0,0
-0.7698555,45.002483,-150.00002,0,0
-1.7698555,45.002483,-150.00002,0,0
-2.7698555,45.002483,-150.00002,0,0
-3.7698555,45.002483,-150.00002,0,0
-4.7698555,45.002483,-150.00002,0,0
-5.7698555,45.002483,-150.00002,0,0
-6.7698555,45.002483,-150.00002,0,0
-7.7698555,45.002483,-150.00002,0,0
-8.7698555,45.002483,-150.00002,0,0
-9.7698555,45.002483,-150.00002,0,0
-10.7698555,45.002483,-150.00002,0,0
-11.7698555,45.002483,-150.00002,0,0
-12.7698555,45.002483,-150.00002,0,0
-13.7698555,45.002483,-150.00002,0,0
-14.7698555,45.002483,-150.00002,0,0
-15.7698555,45.002483,-150.00002,0,0
-16.769855,45.002483,-150.00002,0,0
-17.769855,45.002483,-150.00002,0,0
-18.769855,45.002483,-150.00002,0,0
-19.769855,45.002483,-150.00002,0,0
-20.769855,45.002483,-150.00002,0,0
-21.769855,45.002483,-150.00002,0,0
-22.769855,45.002483,-150.00002,0,0
-23.769855,45.002483,-150.00002,0,0
-24.769855,45.002483,-150.00002,0,0
-25.769855,45.002483,-150.00002,0,0
-26.769855,45.002483,-150.00002,0,0
-27.769855,45.002483,-150.00002,0,0
-28.769855,45.002483,-150.00002,0,0
-29.769855,45.002483,-150.00002,0,0
-30.769855,45.002483,-150.00002,0,0
-31.769855,45.002483,-150.00002,0,0
-32.769855,45.002483,-150.00002,0,0
-33.769855,45.002483,-150.00002,0,0
-34.769855,45.002483,-150.00002,0,0
-35.769855,45.002483,-150.00002,0,0
-36.769855,45.002483,-150.00002,0,0
-37.769855,45.002483,-150.00002,0,0
-38.769855,45.002483,-150.00002,0,0
-39.769855,45.002483,-150.00002,0,0
-40.769855,45.002483,-150.00002,0,0
-41.769855,45.002483,-150.00002,0,0
-42.769855,45.002483,-150.00002,0,0
-43.769855,45.002483,-150.00002,0,0
-44.769855,45.002483,-150.00002,0,0
-45.769855,45.002483,-150.00002,0,0
-46.769855,45.002483,-150.00002,0,0
-47.769855,45.002483,-150.00002,0,0
-48.769855,45.002483,-150.00002,0,0
-49.769855,45.002483,-150.00002,0,0
49.230145,44.002483,-150.00002,0,0
48.230145,44.002483,-150.00002,0,0
47.230145,44.002483,-150.00002,0,0
46.230145,44.002483,-150.00002,0,0
45.230145,44.002483,-150.00002,0,0
44.230145,44.002483,-150.00002,0,0
43.230145,44.002483,-150.00002,0,0
42.230145,44.002483,-150.00002,0,0
41.230145,44.002483,-150.00002,0,0
40.230145,44.002483,-150.00002,0,0
39.230145,44.002483,-150.00002,0,0
38.230145,44.002483,-150.00002,0,0
37.230145,44.002483,-150.00002,0,0
36.230145,44.002483,-150.00002,0,0
35.230145,44.002483,-150.00002,0,0
34.230145,44.002483,-150.00002,0,0
33.230145,44.002483,-150.00002,0,0
32.230145,44.002483,-150.00002,0,0
31.230145,44.002483,-150.00002,0,0
30.230145,44.002483,-150.00002,0,0
29.230145,44.002483,-150.00002,0,0
28.230145,44.002483,-150.00002,0,0
27.230145,44.002483,-150.00002,0,0
26.230145,44.002483,-150.00002,0,0
25.230145,44.002483,-150.00002,0,0
24.230145,44.002483,-150.00002,0,0
23.230145,44.002483,-150.00002,0,0
22.230145,44.002483,-150.00002,0,0
21.230145,44.002483,-150.00002,0,0
20.230145,44.002483,-150.00002,0,0
19.230145,44.002483,-150.00002,0,0
18.230145,44.002483,-150.00002,0,0
17.230145,44.002483,-150.00002,0,0
16.230145,44.002483,-150.00002,0,0
15.2301445,44.002483,-150.00002,0,0
14.2301445,44.002483,-150.00002,0,0
13.2301445,44.002483,-150.00002,0,0
12.2301445,44.002483,-150.00002,0,0
11.2301445,44.002483,-150.00002,0,0
10.2301445,44.002483,-150.00002,0,0
9.2301445,44.002483,-150.00002,0,0
8.2301445,44.002483,-150.00002,0,0
7.2301445,44.002483,-150.00002,0,0
6.2301445,44.002483,-150.00002,0,0
5.2301445,44.002483,-150.00002,0,0
4.2301445,44.002483,-150.00002,0,0
3.2301445,44.002483,-150.00002,0,0
2.2301445,44.002483,-150.00002,0,0
1.2301445,44.002483,-150.00002,0,0
0.2301445,44.002483,-150.00002,0,0
-0.7698555,44.002483,-150.00002,0,0
-1.7698555,44.002483,-150.00002,0,0
-2.7698555,44.002483,-150.00002,0,0
-3.7698555,44.002483,-150.00002,0,0
-4.7698555,44.002483,-150.00002,0,0
-5.7698555,44.002483,-150.00002,0,0
-6.7698555,44.002483,-150.00002,0,0
-7.7698555,44.002483,-150.00002,0,0
-8.7698555,44.002483,-150.00002,0,0
-9.7698555,44.002483,-150.00002,0,0
-10.7698555,44.002483,-150.00002,0,0
-11.7698555,44.002483,-150.00002,0,0
-12.7698555,44.002483,-150.00002,0,0
-13.7698555,44.002483,-150.00002,0,0
-14.7698555,44.002483,-150.00002,0,0
-15.7698555,44.002483,-150.00002,0,0
-16.769855,44.002483,-150.00002,0,0
-17.769855,44.002483,-150.00002,0,0
-18.769855,44.002483,-150.00002,0,0
-19.769855,44.002483,-150.00002,0,0
-20.769855,44.002483,-150.00002,0,0
-21.769855,44.002483,-150.00002,0,0
-22.769855,44.002483,-150.00002,0,0
-23.769855,44.002483,-150.00002,0,0
-24.769855,44.002483,-150.00002,0,0
-25.769855,44.002483,-150.00002,0,0
-26.769855,44.002483,-150.00002,0,0
-27.769855,44.002483,-150.00002,0,0
-28.769855,44.002483,-150.00002,0,0
-29.769855,44.002483,-150.00002,0,0
-30.769855,44.002483,-150.00002,0,0
-31.769855,44.002483,-150.00002,0,0
-32.769855,44.002483,-150.00002,0,0
-33.769855,44.002483,-150.00002,0,0
-34.769855,44.002483,-150.00002,0,0
-35.769855,44.002483,-150.00002,0,0
-36.769855,44.002483,-150.00002,0,0
-37.769855,44.002483,-150.00002,0,0
-38.769855,44.002483,-150.00002,0,0
-39.769855,44.002483,-150.00002,0,0
-40.769855,44.002483,-150.00002,0,0
-41.769855,44.002483,-150.00002,0,0
-42.769855,44.002483,-150.00002,0,0
-43.769855,44.002483,-150.00002,0,0
-44.769855,44.002483,-150.00002,0,0
-45.769855,44.002483,-150.00002,0,0
-46.769855,44.002483,-150.00002,0,0
-47.769855,44.002483,-150.00002,0,0
-48.769855,44.002483,-150.00002,0,0
-49.769855,44.002483,-150.00002,0,0
49.230145,43.002483,-150.00002,0,0
48.230145,43.002483,-150.00002,0,0
47.230145,43.002483,-150.00002,0,0
46.230145,43.002483,-150.00002,0,0
45.230145,43.002483,-150.00002,0,0
44.230145,43.002483,-150.00002,0,0
43.230145,43.002483,-150.00002,0,0
42.230145,43.002483,-150.00002,0,0
41.230145,43.002483,-150.00002,0,0
40.230145,43.002483,-150.00002,0,0
39.230145,43.002483,-150.00002,0,0
38.230145,43.002483,-150.00002,0,0
37.230145,43.002483,-150.00002,0,0
36.230145,43.002483,-150.00002,0,0
35.230145,43.002483,-150.00002,0,0
34.230145,43.002483,-150.00002,0,0
33.230145,43.002483,-150.00002,0,0
32.230145,43.002483,-150.00002,0,0
31.230145,43.002483,-150.00002,0,0
30.230145,43.002483,-150.00002,0,0
29.230145,43.002483,-150.00002,0,0
28.230145,43.002483,-150.00002,0,0
27.230145,43.002483,-150.00002,0,0
26.230145,43.002483,-150.00002,0,0
25.230145,43.002483,-150.00002,0,0
24.230145,43.002483,-150.00002,0,0
23.230145,43.002483,-150.00002,0,0
22.230145,43.002483,-150.00002,0,0
21.230145,43.002483,-150.00002,0,0
20.230145,43.002483,-150.00002,0,0
19.230145,43.002483,-150.00002,0,0
18.230145,43.002483,-150.00002,0,0
17.230145,43.002483,-150.00002,0,0
16.230145,43.002483,-150.00002,0,0
15.2301445,43.002483,-150.00002,0,0
14.2301445,43.002483,-150.00002,0,0
13.2301445,43.002483,-150.00002,0,0
12.2301445,43.002483,-150.00002,0,0
11.2301445,43.002483,-150.00002,0,0
10.2301445,43.002483,-150.00002,0,0
9.2301445,43.002483,-150.00002,0,0
8.2301445,43.002483,-150.00002,0,0
7.2301445,43.002483,-150.00002,0,0
6.2301445,43.002483,-150.00002,0,0
5.2301445,43.002483,-150.00002,0,0
4.2301445,43.002483,-150.00002,0,0
3.2301445,43.002483,-150.00002,0,0
2.2301445,43.002483,-150.00002,0,0
1.2301445,43.002483,-150.00002,0,0
0.2301445,43.002483,-150.00002,0,0
-0.7698555,43.002483,-150.00002,0,0
-1.7698555,43.002483,-150.00002,0,0
-2.7698555,43.002483,-150.00002,0,0
-3.7698555,43.002483,-150.00002,0,0
-4.7698555,43.002483,-150.00002,0,0
-5.7698555,43.002483,-150.00002,0,0
-6.7698555,43.002483,-150.00002,0,0
-7.7698555,43.002483,-150.00002,0,0
-8.7698555,43.002483,-150.00002,0,0
-9.7698555,43.002483,-150.00002,0,0
-10.7698555,43.002483,-150.00002,0,0
-11.7698555,43.002483,-150.00002,0,0
-12.7698555,43.002483,-150.00002,0,0
-13.7698555,43.002483,-150.00002,0,0
-14.7698555,43.002483,-150.00002,0,0
-15.7698555,43.002483,-150.00002,0,0
-16.769855,43.002483,-150.00002,0,0
-17.769855,43.002483,-150.00002,0,0
-18.769855,43.002483,-150.00002,0,0
-19.769855,43.002483,-150.00002,0,0
-20.769855,43.002483,-150.00002,0,0
-21.769855,43.002483,-150.00002,0,0
-22.769855,43.002483,-150.00002,0,0
-23.769855,43.002483,-150.00002,0,0
-24.769855,43.002483,-150.00002,0,0
-25.769855,43.002483,-150.00002,0,0
-26.769855,43.002483,-150.00002,0,0
-27.769855,43.002483,-150.00002,0,0
-28.769855,43.002483,-150.00002,0,0
-29.769855,43.002483,-150.00002,0,0
-30.769855,43.002483,-150.00002,0,0
-31.769855,43.002483,-150.00002,0,0
-32.769855,43.002483,-150.00002,0,0
-33.769855,43.002483,-150.00002,0,0
-34.769855,43.002483,-150.00002,0,0
-35.769855,43.002483,-150.00002,0,0
-36.769855,43.002483,-150.00002,0,0
-37.769855,43.002483,-150.00002,0,0
-38.769855,43.002483,-150.00002,0,0
-39.769855,43.002483,-150.00002,0,0
-40.769855,43.002483,-150.00002,0,0
-41.769855,43.002483,-150.00002,0,0
-42.769855,43.002483,-150.00002,0,0
-43.769855,43.002483,-150.00002,0,0
-44.769855,43.002483,-150.00002,0,0
-45.769855,43.002483,-150.00002,0,0
-46.769855,43.002483,-150.00002,0,0
-47.769855,43.002483,-150.00002,0,0
-48.769855,43.002483,-150.00002,0,0
-49.769855,43.002483,-150.00002,0,0
49.230145,42.002483,-150.00002,0,0
48.230145,42.002483,-150.00002,0,0
47.230145,42.002483,-150.00002,0,0
46.230145,42.002483,-150.00002,0,0
45.230145,42.002483,-150.00002,0,0
44.230145,42.002483,-150.00002,0,0
43.230145,42.002483,-150.00002,0,0
42.230145,42.002483,-150.00002,0,0
41.230145,42.002483,-150.00002,0,0
40.230145,42.002483,-150.00002,0,0
39.230145,42.002483,-150.00002,0,0
38.230145,42.002483,-150.00002,0,0
37.230145,42.002483,-150.00002,0,0
36.230145,42.002483,-150.00002,0,0
35.230145,42.002483,-150.00002,0,0
34.230145,42.002483,-150.00002,0,0
33.230145,42.002483,-150.00002,0,0
32.230145,42.002483,-150.00002,0,0
31.230145,42.002483,-150.00002,0,0
30.230145,42.002483,-150.00002,0,0
29.230145,42.002483,-150.00002,0,0
28.230145,42.002483,-150.00002,0,0
27.230145,42.002483,-150.00002,0,0
26.230145,42.002483,-150.00002,0,0
25.230145,42.002483,-150.00002,0,0
24.230145,42.002483,-150.00002,0,0
23.230145,42.002483,-150.00002,0,0
22.230145,42.002483,-150.00002,0,0
21.230145,42.002483,-150.00002,0,0
20.230145,42.002483,-150.00002,0,0
19.230145,42.002483,-150.00002,0,0
18.230145,42.002483,-150.00002,0,0
17.230145,42.002483,-150.00002,0,0
16.230145,42.002483,-150.00002,0,0
15.2301445,42.002483,-150.00002,0,0
14.2301445,42.002483,-150.00002,0,0
13.2301445,42.002483,-150.00002,0,0
12.2301445,42.002483,-150.00002,0,0
11.2301445,42.002483,-150.00002,0,0
10.2301445,42.002483,-150.00002,0,0
9.2301445,42.002483,-150.00002,0,0
8.2301445,42.002483,-150.00002,0,0
7.2301445,42.002483,-150.00002,0,0
6.2301445,42.002483,-150.00002,0,0
5.2301445,42.002483,-150.00002,0,0
4.2301445,42.002483,-150.00002,0,0
3.2301445,42.002483,-150.00002,0,0
2.2301445,42.002483,-150.00002,0,0
1.2301445,42.002483,-150.00002,0,0
0.2301445,42.002483,-150.00002,0,0
-0.7698555,42.002483,-150.00002,0,0
-1.7698555,42.002483,-150.00002,0,0
-2.7698555,42.002483,-150.00002,0,0
-3.7698555,42.002483,-150.00002,0,0
-4.7698555,42.002483,-150.00002,0,0
-5.7698555,42.002483,-150.00002,0,0
-6.7698555,42.002483,-150.00002,0,0
-7.7698555,42.002483,-150.00002,0,0
-8.7698555,42.002483,-150.00002,0,0
-9.7698555,42.002483,-150.00002,0,0
-10.7698555,42.002483,-150.00002,0,0
-11.7698555,42.002483,-150.00002,0,0
-12.7698555,42.002483,-150.00002,0,0
-13.7698555,42.002483,-150.00002,0,0
-14.7698555,42.002483,-150.00002,0,0
-15.7698555,42.002483,-150.00002,0,0
-16.769855,42.002483,-150.00002,0,0
-17.769855,42.002483,-150.00002,0,0
-18.769855,42.002483,-150.00002,0,0
-19.769855,42.002483,-150.00002,0,0
-20.769855,42.002483,-150.00002,0,0
-21.769855,42.002483,-150.00002,0,0
-22.769855,42.002483,-150.00002,0,0
-23.769855,42.002483,-150.00002,0,0
-24.769855,42.002483,-150.00002,0,0
-25.769855,42.002483,-150.00002,0,0
-26.769855,42.002483,-150.00002,0,0
-27.769855,42.002483,-150.00002,0,0
-28.769855,42.002483,-150.00002,0,0
-29.769855,42.002483,-150.00002,0,0
-30.769855,42.002483,-150.00002,0,0
-31.769855,42.002483,-150.00002,0,0
-32.769855,42.002483,-150.00002,0,0
-33.769855,42.002483,-150.00002,0,0
-34.769855,42.002483,-150.00002,0,0
-35.769855,42.002483,-150.00002,0,0
-36.769855,42.002483,-150.00002,0,0
-37.769855,42.002483,-150.00002,0,0
-38.769855,42.002483,-150.00002,0,0
-39.769855,42.002483,-150.00002,0,0
-40.769855,42.002483,-150.00002,0,0
-41.769855,42.002483,-150.00002,0,0
-42.769855,42.002483,-150.00002,0,0
-43.769855,42.002483,-150.00002,0,0
-44.769855,42.002483,-150.00002,0,0
-45.769855,42.002483,-150.00002,0,0
-46.769855,42.002483,-150.00002,0,0
-47.769855,42.002483,-150.00002,0,0
-48.769855,42.002483,-150.00002,0,0
-49.769855,42.002483,-150.00002,0,0
49.230145,41.002483,-150.00002,0,0
48.230145,41.002483,-150.00002,0,0
47.230145,41.002483,-150.00002,0,0
46.230145,41.002483,-150.00002,0,0
45.230145,41.002483,-150.00002,0,0
44.230145,41.002483,-150.00002,0,0
43.230145,41.002483,-150.00002,0,0
42.230145,41.002483,-150.00002,0,0
41.230145,41.002483,-150.00002,0,0
40.230145,41.002483,-150.00002,0,0
39.230145,41.002483,-150.00002,0,0
38.230145,41.002483,-150.00002,0,0
37.230145,41.002483,-150.00002,0,0
36.230145,41.002483,-150.00002,0,0
35.230145,41.002483,-150.00002,0,0
34.230145,41.002483,-150.00002,0,0
33.230145,41.002483,-150.00002,0,0
32.230145,41.002483,-150.00002,0,0
31.230145,41.002483,-150.00002,0,0
30.230145,41.002483,-150.00002,0,0
29.230145,41.002483,-150.00002,0,0
28.230145,41.002483,-150.00002,0,0
27.230145,41.002483,-150.00002,0,0
26.230145,41.002483,-150.00002,0,0
25.230145,41.002483,-150.00002,0,0
24.230145,41.002483,-150.00002,0,0
23.230145,41.002483,-150.00002,0,0
22.230145,41.002483,-150.00002,0,0
21.230145,41.002483,-150.00002,0,0
20.230145,41.002483,-150.00002,0,0
19.230145,41.002483,-150.00002,0,0
18.230145,41.002483,-150.00002,0,0
17.230145,41.002483,-150.00002,0,0
16.230145,41.002483,-150.00002,0,0
15.2301445,41.002483,-150.00002,0,0
14.2301445,41.002483,-150.00002,0,0
13.2301445,41.002483,-150.00002,0,0
12.2301445,41.002483,-150.00002,0,0
11.2301445,41.002483,-150.00002,0,0
10.2301445,41.002483,-150.00002,0,0
9.2301445,41.002483,-150.00002,0,0
8.2301445,41.002483,-150.00002,0,0
7.2301445,41.002483,-150.00002,0,0
6.2301445,41.002483,-150.00002,0,0
5.2301445,41.002483,-150.00002,0,0
4.2301445,41.002483,-150.00002,0,0
3.2301445,41.002483,-150.00002,0,0
2.2301445,41.002483,-150.00002,0,0
1.2301445,41.002483,-150.00002,0,0
0.2301445,41.002483,-150.00002,0,0
-0.7698555,41.002483,-150.00002,0,0
-1.7698555,41.002483,-150.00002,0,0
-2.7698555,41.002483,-150.00002,0,0
-3.7698555,41.002483,-150.00002,0,0
-4.7698555,41.002483,-150.00002,0,0
-5.7698555,41.002483,-150.00002,0,0
-6.7698555,41.002483,-150.00002,0,0
-7.7698555,41.002483,-150.00002,0,0
-8.7698555,41.002483,-150.00002,0,0
-9.7698555,41.002483,-150.00002,0,0
-10.7698555,41.002483,-150.00002,0,0
-11.7698555,41.002483,-150.00002,0,0
-12.7698555,41.002483,-150.00002,0,0
-13.7698555,41.002483,-150.00002,0,0
-14.7698555,41.002483,-150.00002,0,0
-15.7698555,41.002483,-150.00002,0,0
-16.769855,41.002483,-150.00002,0,0
-17.769855,41.002483,-150.00002,0,0
-18.769855,41.002483,-150.00002,0,0
-19.769855,41.002483,-150.00002,0,0
-20.769855,41.002483,-150.00002,0,0
-21.769855,41.002483,-150.00002,0,0
-22.769855,41.002483,-150.00002,0,0
-23.769855,41.002483,-150.00002,0,0
-24.769855,41.002483,-150.00002,0,0
-25.769855,41.002483,-150.00002,0,0
-26.769855,41.002483,-150.00002,0,0
-27.769855,41.002483,-150.00002,0,0
-28.769855,41.002483,-150.00002,0,0
-29.769855,41.002483,-150.00002,0,0
-30.769855,41.002483,-150.00002,0,0
-31.769855,41.002483,-150.00002,0,0
-32.769855,41.002483,-150.00002,0,0
-33.769855,41.002483,-150.00002,0,0
-34.769855,41.002483,-150.00002,0,0
-35.769855,41.002483,-150.00002,0,0
-36.769855,41.002483,-150.00002,0,0
-37.769855,41.002483,-150.00002,0,0
-38.769855,41.002483,-150.00002,0,0
-39.769855,41.002483,-150.00002,0,0
-40.769855,41.002483,-150.00002,0,0
-41.769855,41.002483,-150.00002,0,0
-42.769855,41.002483,-150.00002,0,0
-43.769855,41.002483,-150.00002,0,0
-44.769855,41.002483,-150.00002,0,0
-45.769855,41.002483,-150.00002,0,0
-46.769855,41.002483,-150.00002,0,0
-47.769855,41.002483,-150.00002,0,0
-48.769855,41.002483,-150.00002,0,0
-49.769855,41.002483,-150.00002,0,0
49.230145,40.002483,-150.00002,0,0
48.230145,40.002483,-150.00002,0,0
47.230145,40.002483,-150.00002,0,0
46.230145,40.002483,-150.00002,0,0
45.230145,40.002483,-150.00002,0,0
44.230145,40.002483,-150.00002,0,0
43.230145,40.002483,-150.00002,0,0
42.230145,40.002483,-150.00002,0,0
41.230145,40.002483,-150.00002,0,0
40.230145,40.002483,-150.00002,0,0
39.230145,40.002483,-150.00002,0,0
38.230145,40.002483,-150.00002,0,0
37.230145,40.002483,-150.00002,0,0
36.230145,40.002483,-150.00002,0,0
35.230145,40.002483,-150.00002,0,0
34.230145,40.002483,-150.00002,0,0
33.230145,40.002483,-150.00002,0,0
32.230145,40.002483,-150.00002,0,0
31.230145,40.002483,-150.00002,0,0
30.230145,40.002483,-150.00002,0,0
29.230145,40.002483,-150.00002,0,0
28.230145,40.002483,-150.00002,0,0
27.230145,40.002483,-150.00002,0,0
26.230145,40.002483,-150.00002,0,0
25.230145,40.002483,-150.00002,0,0
24.230145,40.002483,-150.00002,0,0
23.230145,40.002483,-150.00002,0,0
22.230145,40.002483,-150.00002,0,0
21.230145,40.002483,-150.00002,0,0
20.230145,40.002483,-150.00002,0,0
19.230145,40.002483,-150.00002,0,0
18.230145,40.002483,-150.00002,0,0
17.230145,40.002483,-150.00002,0,0
16.230145,40.002483,-150.00002,0,0
15.2301445,40.002483,-150.00002,0,0
14.2301445,40.002483,-150.00002,0,0
13.2301445,40.002483,-150.00002,0,0
12.2301445,40.002483,-150.00002,0,0
11.2301445,40.002483,-150.00002,0,0
10.2301445,40.002483,-150.00002,0,0
9.2301445,40.002483,-150.00002,0,0
8.2301445,40.002483,-150.00002,0,0
7.2301445,40.002483,-150.00002,0,0
6.2301445,40.002483,-150.00002,0,0
5.2301445,40.002483,-150.00002,0,0
4.2301445,40.002483,-150.00002,0,0
3.2301445,40.002483,-150.00002,0,0
2.2301445,40.002483,-150.00002,0,0
1.2301445,40.002483,-150.00002,0,0
0.2301445,40.002483,-150.00002,0,0
-0.7698555,40.002483,-150.00002,0,0
-1.7698555,40.002483,-150.00002,0,0
-2.7698555,40.002483,-150.00002,0,0
-3.7698555,40.002483,-150.00002,0,0
-4.7698555,40.002483,-150.00002,0,0
-5.7698555,40.002483,-150.00002,0,0
-6.7698555,40.002483,-150.00002,0,0
-7.7698555,40.002483,-150.00002,0,0
-8.7698555,40.002483,-150.00002,0,0
-9.7698555,40.002483,-150.00002,0,0
-10.7698555,40.002483,-150.00002,0,0
-11.7698555,40.002483,-150.00002,0,0
-12.7698555,40.002483,-150.00002,0,0
-13.7698555,40.002483,-150.00002,0,0
-14.7698555,40.002483,-150.00002,0,0
-15.7698555,40.002483,-150.00002,0,0
-16.769855,40.002483,-150.00002,0,0
-17.769855,40.002483,-150.00002,0,0
-18.769855,40.002483,-150.00002,0,0
-19.769855,40.002483,-150.00002,0,0
-20.769855,40.002483,-150.00002,0,0
-21.769855,40.002483,-150.00002,0,0
-22.769855,40.002483,-150.00002,0,0
-23.769855,40.002483,-150.00002,0,0
-24.769855,40.002483,-150.00002,0,0
-25.769855,40.002483,-150.00002,0,0
-26.769855,40.002483,-150.00002,0,0
-27.769855,40.002483,-150.00002,0,0
-28.769855,40.002483,-150.00002,0,0
-29.769855,40.002483,-150.00002,0,0
-30.769855,40.002483,-150.00002,0,0
-31.769855,40.002483,-150.00002,0,0
-32.769855,40.002483,-150.00002,0,0
-33.769855,40.002483,-150.00002,0,0
-34.769855,40.002483,-150.00002,0,0
-35.769855,40.002483,-150.00002,0,0
-36.769855,40.002483,-150.00002,0,0
-37.769855,40.002483,-150.00002,0,0
-38.769855,40.002483,-150.00002,0,0
-39.769855,40.002483,-150.00002,0,0
-40.769855,40.002483,-150.00002,0,0
-41.769855,40.002483,-150.00002,0,0
-42.769855,40.002483,-150.00002,0,0
-43.769855,40.002483,-150.00002,0,0
-44.769855,40.002483,-150.00002,0,0
-45.769855,40.002483,-150.00002,0,0
-46.769855,40.002483,-150.00002,0,0
-47.769855,40.002483,-150.00002,0,0
-48.769855,40.002483,-150.00002,0,0
-49.769855,40.002483,-150.00002,0,0
49.230145,39.002483,-150.00002,0,0
48.230145,39.002483,-150.00002,0,0
47.230145,39.002483,-150.00002,0,0
46.230145,39.002483,-150.00002,0,0
45.230145,39.002483,-150.00002,0,0
44.230145,39.002483,-150.00002,0,0
43.230145,39.002483,-150.00002,0,0
42.230145,39.002483,-150.00002,0,0
41.230145,39.002483,-150.00002,0,0
40.230145,39.002483,-150.00002,0,0
39.230145,39.002483,-150.00002,0,0
38.230145,39.002483,-150.00002,0,0
37.230145,39.002483,-150.00002,0,0
36.230145,39.002483,-150.00002,0,0
35.230145,39.002483,-150.00002,0,0
34.230145,39.002483,-150.00002,0,0
33.230145,39.002483,-150.00002,0,0
32.230145,39.002483,-150.00002,0,0
31.230145,39.002483,-150.00002,0,0
30.230145,39.002483,-150.00002,0,0
29.230145,39.002483,-150.00002,0,0
28.230145,39.002483,-150.00002,0,0
27.230145,39.002483,-150.00002,0,0
26.230145,39.002483,-150.00002,0,0
25.230145,39.002483,-150.00002,0,0
24.230145,39.002483,-150.00002,0,0
23.230145,39.002483,-150.00002,0,0
22.230145,39.002483,-150.00002,0,0
21.230145,39.002483,-150.00002,0,0
20.230145,39.002483,-150.00002,0,0
19.230145,39.002483,-150.00002,0,0
18.230145,39.002483,-150.00002,0,0
17.230145,39.002483,-150.00002,0,0
16.230145,39.002483,-150.00002,0,0
15.2301445,39.002483,-150.00002,0,0
14.2301445,39.002483,-150.00002,0,0
13.2301445,39.002483,-150.00002,0,0
12.2301445,39.002483,-150.00002,0,0
11.2301445,39.002483,-150.00002,0,0
10.2301445,39.002483,-150.00002,0,0
9.2301445,39.002483,-150.00002,0,0
8.2301445,39.002483,-150.00002,0,0
7.2301445,39.002483,-150.00002,0,0
6.2301445,39.002483,-150.00002,0,0
5.2301445,39.002483,-150.00002,0,0
4.2301445,39.002483,-150.00002,0,0
3.2301445,39.002483,-150.00002,0,0
2.2301445,39.002483,-150.00002,0,0
1.2301445,39.002483,-150.00002,0,0
0.2301445,39.002483,-150.00002,0,0
-0.7698555,39.002483,-150.00002,0,0
-1.7698555,39.002483,-150.00002,0,0
-2.7698555,39.002483,-150.00002,0,0
-3.7698555,39.002483,-150.00002,0,0
-4.7698555,39.002483,-150.00002,0,0
-5.7698555,39.002483,-150.00002,0,0
-6.7698555,39.002483,-150.00002,0,0
-7.7698555,39.002483,-150.00002,0,0
-8.7698555,39.002483,-150.00002,0,0
-9.7698555,39.002483,-150.00002,0,0
-10.7698555,39.002483,-150.00002,0,0
-11.7698555,39.002483,-150.00002,0,0
-12.7698555,39.002483,-150.00002,0,0
-13.7698555,39.002483,-150.00002,0,0
-14.7698555,39.002483,-150.00002,0,0
-15.7698555,39.002483,-150.00002,0,0
-16.769855,39.002483,-150.00002,0,0
-17.769855,39.002483,-150.00002,0,0
-18.769855,39.002483,-150.00002,0,0
-19.769855,39.002483,-150.00002,0,0
-20.769855,39.002483,-150.00002,0,0
-21.769855,39.002483,-150.00002,0,0
-22.769855,39.002483,-150.00002,0,0
-23.769855,39.002483,-150.00002,0,0
-24.769855,39.002483,-150.00002,0,0
-25.769855,39.002483,-150.00002,0,0
-26.769855,39.002483,-150.00002,0,0
-27.769855,39.002483,-150.00002,0,0
-28.769855,39.002483,-150.00002,0,0
-29.769855,39.002483,-150.00002,0,0
-30.769855,39.002483,-150.00002,0,0
-31.769855,39.002483,-150.00002,0,0
-32.769855,39.002483,-150.00002,0,0
-33.769855,39.002483,-150.00002,0,0
-34.769855,39.002483,-150.00002,0,0
-35.769855,39.002483,-150.00002,0,0
-36.769855,39.002483,-150.00002,0,0
-37.769855,39.002483,-150.00002,0,0
-38.769855,39.002483,-150.00002,0,0
-39.769855,39.002483,-150.00002,0,0
-40.769855,39.002483,-150.00002,0,0
-41.769855,39.002483,-150.00002,0,0
-42.769855,39.002483,-150.00002,0,0
-43.769855,39.002483,-150.00002,0,0
-44.769855,39.002483,-150.00002,0,0
-45.769855,39.002483,-150.00002,0,0
-46.769855,39.002483,-150.00002,0,0
-47.769855,39.002483,-150.00002,0,0
-48.769855,39.002483,-150.00002,0,0
-49.769855,39.002483,-150.00002,0,0
49.230145,38.002483,-150.00002,0,0
48.230145,38.002483,-150.00002,0,0
47.230145,38.002483,-150.00002,0,0
46.230145,38.002483,-150.00002,0,0
45.230145,38.002483,-150.00002,0,0
44.230145,38.002483,-150.00002,0,0
43.230145,38.002483,-150.00002,0,0
42.230145,38.002483,-150.00002,0,0
41.230145,38.002483,-150.00002,0,0
40.230145,38.002483,-150.00002,0,0
39.230145,38.002483,-150.00002,0,0
38.230145,38.002483,-150.00002,0,0
37.230145,38.002483,-150.00002,0,0
36.230145,38.002483,-150.00002,0,0
35.230145,38.002483,-150.00002,0,0
34.230145,38.002483,-150.00002,0,0
33.230145,38.002483,-150.00002,0,0
32.230145,38.002483,-150.00002,0,0
31.230145,38.002483,-150.00002,0,0
30.230145,38.002483,-150.00002,0,0
29.230145,38.002483,-150.00002,0,0
28.230145,38.002483,-150.00002,0,0
27.230145,38.002483,-150.00002,0,0
26.230145,38.002483,-150.00002,0,0
25.230145,38.002483,-150.00002,0,0
24.230145,38.002483,-150.00002,0,0
23.230145,38.002483,-150.00002,0,0
22.230145,38.002483,-150.00002,0,0
21.230145,38.002483,-150.00002,0,0
20.230145,38.002483,-150.00002,0,0
19.230145,38.002483,-150.00002,0,0
18.230145,38.002483,-150.00002,0,0
17.230145,38.002483,-150.00002,0,0
16.230145,38.002483,-150.00002,0,0
15.2301445,38.002483,-150.00002,0,0
14.2301445,38.002483,-150.00002,0,0
13.2301445,38.002483,-150.00002,0,0
12.2301445,38.002483,-150.00002,0,0
11.2301445,38.002483,-150.00002,0,0
10.2301445,38.002483,-150.00002,0,0
9.2301445,38.002483,-150.00002,0,0
8.2301445,38.002483,-150.00002,0,0
7.2301445,38.002483,-150.00002,0,0
6.2301445,38.002483,-150.00002,0,0
5.2301445,38.002483,-150.00002,0,0
4.2301445,38.002483,-150.00002,0,0
3.2301445,38.002483,-150.00002,0,0
2.2301445,38.002483,-150.00002,0,0
1.2301445,38.002483,-150.00002,0,0
0.2301445,38.002483,-150.00002,0,0
-0.7698555,38.002483,-150.00002,0,0
-1.7698555,38.002483,-150.00002,0,0
-2.7698555,38.002483,-150.00002,0,0
-3.7698555,38.002483,-150.00002,0,0
-4.7698555,38.002483,-150.00002,0,0
-5.7698555,38.002483,-150.00002,0,0
-6.7698555,38.002483,-150.00002,0,0
-7.7698555,38.002483,-150.00002,0,0
-8.7698555,38.002483,-150.00002,0,0
-9.7698555,38.002483,-150.00002,0,0
-10.7698555,38.002483,-150.00002,0,0
-11.7698555,38.002483,-150.00002,0,0
-12.7698555,38.002483,-150.00002,0,0
-13.7698555,38.002483,-150.00002,0,0
-14.7698555,38.002483,-150.00002,0,0
-15.7698555,38.002483,-150.00002,0,0
-16.769855,38.002483,-150.00002,0,0
-17.769855,38.002483,-150.00002,0,0
-18.769855,38.002483,-150.00002,0,0
-19.769855,38.002483,-150.00002,0,0
-20.769855,38.002483,-150.00002,0,0
-21.769855,38.002483,-150.00002,0,0
-22.769855,38.002483,-150.00002,0,0
-23.769855,38.002483,-150.00002,0,0
-24.769855,38.002483,-150.00002,0,0
-25.769855,38.002483,-150.00002,0,0
-26.769855,38.002483,-150.00002,0,0
-27.769855,38.002483,-150.00002,0,0
-28.769855,38.002483,-150.00002,0,0
-29.769855,38.002483,-150.00002,0,0
-30.769855,38.002483,-150.00002,0,0
-31.769855,38.002483,-150.00002,0,0
-32.769855,38.002483,-150.00002,0,0
-33.769855,38.002483,-150.00002,0,0
-34.769855,38.002483,-150.00002,0,0
-35.769855,38.002483,-150.00002,0,0
-36.769855,38.002483,-150.00002,0,0
-37.769855,38.002483,-150.00002,0,0
-38.769855,38.002483,-150.00002,0,0
-39.769855,38.002483,-150.00002,0,0
-40.769855,38.002483,-150.00002,0,0
-41.769855,38.002483,-150.00002,0,0
-42.769855,38.002483,-150.00002,0,0
-43.769855,38.002483,-150.00002,0,0
-44.769855,38.002483,-150.00002,0,0
-45.769855,38.002483,-150.00002,0,0
-46.769855,38.002483,-150.00002,0,0
-47.769855,38.002483,-150.00002,0,0
-48.769855,38.002483,-150.00002,0,0
-49.769855,38.002483,-150.00002,0,0
49.230145,37.002483,-150.00002,0,0
48.230145,37.002483,-150.00002,0,0
47.230145,37.002483,-150.00002,0,0
46.230145,37.002483,-150.00002,0,0
45.230145,37.002483,-150.00002,0,0
44.230145,37.002483,-150.00002,0,0
43.230145,37.002483,-150.00002,0,0
42.230145,37.002483,-150.00002,0,0
41.230145,37.002483,-150.00002,0,0
40.230145,37.002483,-150.00002,0,0
39.230145,37.002483,-150.00002,0,0
38.230145,37.002483,-150.00002,0,0
37.230145,37.002483,-150.00002,0,0
36.230145,37.002483,-150.00002,0,0
35.230145,37.002483,-150.00002,0,0
34.230145,37.002483,-150.00002,0,0
33.230145,37.002483,-150.00002,0,0
32.230145,37.002483,-150.00002,0,0
31.230145,37.002483,-150.00002,0,0
30.230145,37.002483,-150.00002,0,0
29.230145,37.002483,-150.00002,0,0
28.230145,37.002483,-150.00002,0,0
27.230145,37.002483,-150.00002,0,0
26.230145,37.002483,-150.00002,0,0
25.230145,37.002483,-150.00002,0,0
24.230145,37.002483,-150.00002,0,0
23.230145,37.002483,-150.00002,0,0
22.230145,37.002483,-150.00002,0,0
21.230145,37.002483,-150.00002,0,0
20.230145,37.002483,-150.00002,0,0
19.230145,37.002483,-150.00002,0,0
18.230145,37.002483,-150.00002,0,0
17.230145,37.002483,-150.00002,0,0
16.230145,37.002483,-150.00002,0,0
15.2301445,37.002483,-150.00002,0,0
14.2301445,37.002483,-150.00002,0,0
13.2301445,37.002483,-150.00002,0,0
12.2301445,37.002483,-150.00002,0,0
11.2301445,37.002483,-150.00002,0,0
10.2301445,37.002483,-150.00002,0,0
9.2301445,37.002483,-150.00002,0,0
8.2301445,37.002483,-150.00002,0,0
7.2301445,37.002483,-150.00002,0,0
6.2301445,37.002483,-150.00002,0,0
5.2301445,37.002483,-150.00002,0,0
4.2301445,37.002483,-150.00002,0,0
3.2301445,37.002483,-150.00002,0,0
2.2301445,37.002483,-150.00002,0,0
1.2301445,37.002483,-150.00002,0,0
0.2301445,37.002483,-150.00002,0,0
-0.7698555,37.002483,-150.00002,0,0
-1.7698555,37.002483,-150.00002,0,0
-2.7698555,37.002483,-150.00002,0,0
-3.7698555,37.002483,-150.00002,0,0
-4.7698555,37.002483,-150.00002,0,0
-5.7698555,37.002483,-150.00002,0,0
-6.7698555,37.002483,-150.00002,0,0
-7.7698555,37.002483,-150.00002,0,0
-8.7698555,37.002483,-150.00002,0,0
-9.7698555,37.002483,-150.00002,0,0
-10.7698555,37.002483,-150.00002,0,0
-11.7698555,37.002483,-150.00002,0,0
-12.7698555,37.002483,-150.00002,0,0
-13.7698555,37.002483,-150.00002,0,0
-14.7698555,37.002483,-150.00002,0,0
-15.7698555,37.002483,-150.00002,0,0
-16.769855,37.002483,-150.00002,0,0
-17.769855,37.002483,-150.00002,0,0
-18.769855,37.002483,-150.00002,0,0
-19.769855,37.002483,-150.00002,0,0
-20.769855,37.002483,-150.00002,0,0
-21.769855,37.002483,-150.00002,0,0
-22.769855,37.002483,-150.00002,0,0
-23.769855,37.002483,-150.00002,0,0
-24.769855,37.002483,-150.00002,0,0
-25.769855,37.002483,-150.00002,0,0
-26.769855,37.002483,-150.00002,0,0
-27.769855,37.002483,-150.00002,0,0
-28.769855,37.002483,-150.00002,0,0
-29.769855,37.002483,-150.00002,0,0
-30.769855,37.002483,-150.00002,0,0
-31.769855,37.002483,-150.00002,0,0
-32.769855,37.002483,-150.00002,0,0
-33.769855,37.002483,-150.00002,0,0
-34.769855,37.002483,-150.00002,0,0
-35.769855,37.002483,-150.00002,0,0
-36.769855,37.002483,-150.00002,0,0
-37.769855,37.002483,-150.00002,0,0
-38.769855,37.002483,-150.00002,0,0
-39.769855,37.002483,-150.00002,0,0
-40.769855,37.002483,-150.00002,0,0
-41.769855,37.002483,-150.00002,0,0
-42.769855,37.002483,-150.00002,0,0
-43.769855,37.002483,-150.00002,0,0
-44.769855,37.002483,-150.00002,0,0
-45.769855,37.002483,-150.00002,0,0
-46.769855,37.002483,-150.00002,0,0
-47.769855,37.002483,-150.00002,0,0
-48.769855,37.002483,-150.00002,0,0
-49.769855,37.002483,-150.00002,0,0
49.230145,36.002483,-150.00002,0,0
48.230145,36.002483,-150.00002,0,0
47.230145,36.002483,-150.00002,0,0
46.230145,36.002483,-150.00002,0,0
45.230145,36.002483,-150.00002,0,0
44.230145,36.002483,-150.00002,0,0
43.230145,36.002483,-150.00002,0,0
42.230145,36.002483,-150.00002,0,0
41.230145,36.002483,-150.00002,0,0
40.230145,36.002483,-150.00002,0,0
39.230145,36.002483,-150.00002,0,0
38.230145,36.002483,-150.00002,0,0
37.230145,36.002483,-150.00002,0,0
36.230145,36.002483,-150.00002,0,0
35.230145,36.002483,-150.00002,0,0
34.230145,36.002483,-150.00002,0,0
33.230145,36.002483,-150.00002,0,0
32.230145,36.002483,-150.00002,0,0
31.230145,36.002483,-150.00002,0,0
30.230145,36.002483,-150.00002,0,0
29.230145,36.002483,-150.00002,0,0
28.230145,36.002483,-150.00002,0,0
27.230145,36.002483,-150.00002,0,0
26.230145,36.002483,-150.00002,0,0
25.230145,36.002483,-150.00002,0,0
24.230145,36.002483,-150.00002,0,0
23.230145,36.002483,-150.00002,0,0
22.230145,36.002483,-150.00002,0,0
21.230145,36.002483,-150.00002,0,0
20.230145,36.002483,-150.00002,0,0
19.230145,36.002483,-150.00002,0,0
18.230145,36.002483,-150.00002,0,0
17.230145,36.002483,-150.00002,0,0
16.230145,36.002483,-150.00002,0,0
15.2301445,36.002483,-150.00002,0,0
14.2301445,36.002483,-150.00002,0,0
13.2301445,36.002483,-150.00002,0,0
12.2301445,36.002483,-150.00002,0,0
11.2301445,36.002483,-150.00002,0,0
10.2301445,36.002483,-150.00002,0,0
9.2301445,36.002483,-150.00002,0,0
8.2301445,36.002483,-150.00002,0,0
7.2301445,36.002483,-150.00002,0,0
6.2301445,36.002483,-150.00002,0,0
5.2301445,36.002483,-150.00002,0,0
4.2301445,36.002483,-150.00002,0,0
3.2301445,36.002483,-150.00002,0,0
2.2301445,36.002483,-150.00002,0,0
1.2301445,36.002483,-150.00002,0,0
0.2301445,36.002483,-150.00002,0,0
-0.7698555,36.002483,-150.00002,0,0
-1.7698555,36.002483,-150.00002,0,0
-2.7698555,36.002483,-150.00002,0,0
-3.7698555,36.002483,-150.00002,0,0
-4.7698555,36.002483,-150.00002,0,0
-5.7698555,36.002483,-150.00002,0,0
-6.7698555,36.002483,-150.00002,0,0
-7.7698555,36.002483,-150.00002,0,0
-8.7698555,36.002483,-150.00002,0,0
-9.7698555,36.002483,-150.00002,0,0
-10.7698555,36.002483,-150.00002,0,0
-11.7698555,36.002483,-150.00002,0,0
-12.7698555,36.002483,-150.00002,0,0
-13.7698555,36.002483,-150.00002,0,0
-14.7698555,36.002483,-150.00002,0,0
-15.7698555,36.002483,-150.00002,0,0
-16.769855,36.002483,-150.00002,0,0
-17.769855,36.002483,-150.00002,0,0
-18.769855,36.002483,-150.00002,0,0
-19.769855,36.002483,-150.00002,0,0
-20.769855,36.002483,-150.00002,0,0
-21.769855,36.002483,-150.00002,0,0
-22.769855,36.002483,-150.00002,0,0
-23.769855,36.002483,-150.00002,0,0
-24.769855,36.002483,-150.00002,0,0
-25.769855,36.002483,-150.00002,0,0
-26.769855,36.002483,-150.00002,0,0
-27.769855,36.002483,-150.00002,0,0
-28.769855,36.002483,-150.00002,0,0
-29.769855,36.002483,-150.00002,0,0
-30.769855,36.002483,-150.00002,0,0
-31.769855,36.002483,-150.00002,0,0
-32.769855,36.002483,-150.00002,0,0
-33.769855,36.002483,-150.00002,0,0
-34.769855,36.002483,-150.00002,0,0
-35.769855,36.002483,-150.00002,0,0
-36.769855,36.002483,-150.00002,0,0
-37.769855,36.002483,-150.00002,0,0
-38.769855,36.002483,-150.00002,0,0
-39.769855,36.002483,-150.00002,0,0
-40.769855,36.002483,-150.00002,0,0
-41.769855,36.002483,-150.00002,0,0
-42.769855,36.002483,-150.00002,0,0
-43.769855,36.002483,-150.00002,0,0
-44.769855,36.002483,-150.00002,0,0
-45.769855,36.002483,-150.00002,0,0
-46.769855,36.002483,-150.00002,0,0
-47.769855,36.002483,-150.00002,0,0
-48.769855,36.002483,-150.00002,0,0
-49.769855,36.002483,-150.00002,0,0
49.230145,35.002483,-150.00002,0,0
48.230145,35.002483,-150.00002,0,0
47.230145,35.002483,-150.00002,0,0
46.230145,35.002483,-150.00002,0,0
45.230145,35.002483,-150.00002,0,0
44.230145,35.002483,-150.00002,0,0
43.230145,35.002483,-150.00002,0,0
42.230145,35.002483,-150.00002,0,0
41.230145,35.002483,-150.00002,0,0
40.230145,35.002483,-150.00002,0,0
39.230145,35.002483,-150.00002,0,0
38.230145,35.002483,-150.00002,0,0
37.230145,35.002483,-150.00002,0,0
36.230145,35.002483,-150.00002,0,0
35.230145,35.002483,-150.00002,0,0
34.230145,35.002483,-150.00002,0,0
33.230145,35.002483,-150.00002,0,0
32.230145,35.002483,-150.00002,0,0
31.230145,35.002483,-150.00002,0,0
30.230145,35.002483,-150.00002,0,0
29.230145,35.002483,-150.00002,0,0
28.230145,35.002483,-150.00002,0,0
27.230145,35.002483,-150.00002,0,0
26.230145,35.002483,-150.00002,0,0
25.230145,35.002483,-150.00002,0,0
24.230145,35.002483,-150.00002,0,0
23.230145,35.002483,-150.00002,0,0
22.230145,35.002483,-150.00002,0,0
21.230145,35.002483,-150.00002,0,0
20.230145,35.002483,-150.00002,0,0
19.230145,35.002483,-150.00002,0,0
18.230145,35.002483,-150.00002,0,0
17.230145,35.002483,-150.00002,0,0
16.230145,35.002483,-150.00002,0,0
15.2301445,35.002483,-150.00002,0,0
14.2301445,35.002483,-150.00002,0,0
13.2301445,35.002483,-150.00002,0,0
12.2301445,35.002483,-150.00002,0,0
11.2301445,35.002483,-150.00002,0,0
10.2301445,35.002483,-150.00002,0,0
9.2301445,35.002483,-150.00002,0,0
8.2301445,35.002483,-150.00002,0,0
7.2301445,35.002483,-150.00002,0,0
6.2301445,35.002483,-150.00002,0,0
5.2301445,35.002483,-150.00002,0,0
4.2301445,35.002483,-150.00002,0,0
3.2301445,35.002483,-150.00002,0,0
2.2301445,35.002483,-150.00002,0,0
1.2301445,35.002483,-150.00002,0,0
0.2301445,35.002483,-150.00002,0,0
-0.7698555,35.002483,-150.00002,0,0
-1.7698555,35.002483,-150.00002,0,0
-2.7698555,35.002483,-150.00002,0,0
-3.7698555,35.002483,-150.00002,0,0
-4.7698555,35.002483,-150.00002,0,0
-5.7698555,35.002483,-150.00002,0,0
-6.7698555,35.002483,-150.00002,0,0
-7.7698555,35.002483,-150.00002,0,0
-8.7698555,35.002483,-150.00002,0,0
-9.7698555,35.002483,-150.00002,0,0
-10.7698555,35.002483,-150.00002,0,0
-11.7698555,35.002483,-150.00002,0,0
-12.7698555,35.002483,-150.00002,0,0
-13.7698555,35.002483,-150.00002,0,0
-14.7698555,35.002483,-150.00002,0,0
-15.7698555,35.002483,-150.00002,0,0
-16.769855,35.002483,-150.00002,0,0
-17.769855,35.002483,-150.00002,0,0
-18.769855,35.002483,-150.00002,0,0
-19.769855,35.002483,-150.00002,0,0
-20.769855,35.002483,-150.00002,0,0
-21.769855,35.002483,-150.00002,0,0
-22.769855,35.002483,-150.00002,0,0
-23.769855,35.002483,-150.00002,0,0
-24.769855,35.002483,-150.00002,0,0
-25.769855,35.002483,-150.00002,0,0
-26.769855,35.002483,-150.00002,0,0
-27.769855,35.002483,-150.00002,0,0
-28.769855,35.002483,-150.00002,0,0
-29.769855,35.002483,-150.00002,0,0
-30.769855,35.002483,-150.00002,0,0
-31.769855,35.002483,-150.00002,0,0
-32.769855,35.002483,-150.00002,0,0
-33.769855,35.002483,-150.00002,0,0
-34.769855,35.002483,-150.00002,0,0
-35.769855,35.002483,-150.00002,0,0
-36.769855,35.002483,-150.00002,0,0
-37.769855,35.002483,-150.00002,0,0
-38.769855,35.002483,-150.00002,0,0
-39.769855,35.002483,-150.00002,0,0
-40.769855,35.002483,-150.00002,0,0
-41.769855,35.002483,-150.00002,0,0
-42.769855,35.002483,-150.00002,0,0
-43.769855,35.002483,-150.00002,0,0
-44.769855,35.002483,-150.00002,0,0
-45.769855,35.002483,-150.00002,0,0
-46.769855,35.002483,-150.00002,0,0
-47.769855,35.002483,-150.00002,0,0
-48.769855,35.002483,-150.00002,0,0
-49.769855,35.002483,-150.00002,0,0
49.230145,34.002483,-150.00002,0,0
48.230145,34.002483,-150.00002,0,0
47.230145,34.002483,-150.00002,0,0
46.230145,34.002483,-150.00002,0,0
45.230145,34.002483,-150.00002,0,0
44.230145,34.002483,-150.00002,0,0
43.230145,34.002483,-150.00002,0,0
42.230145,34.002483,-150.00002,0,0
41.230145,34.002483,-150.00002,0,0
40.230145,34.002483,-150.00002,0,0
39.230145,34.002483,-150.00002,0,0
38.230145,34.002483,-150.00002,0,0
37.230145,34.002483,-150.00002,0,0
36.230145,34.002483,-150.00002,0,0
35.230145,34.002483,-150.00002,0,0
34.230145,34.002483,-150.00002,0,0
33.230145,34.002483,-150.00002,0,0
32.230145,34.002483,-150.00002,0,0
31.230145,34.002483,-150.00002,0,0
30.230145,34.002483,-150.00002,0,0
29.230145,34.002483,-150.00002,0,0
28.230145,34.002483,-150.00002,0,0
27.230145,34.002483,-150.00002,0,0
26.230145,34.002483,-150.00002,0,0
25.230145,34.002483,-150.00002,0,0
24.230145,34.002483,-150.00002,0,0
23.230145,34.002483,-150.00002,0,0
22.230145,34.002483,-150.00002,0,0
21.230145,34.002483,-150.00002,0,0
20.230145,34.002483,-150.00002,0,0
19.230145,34.002483,-150.00002,0,0
18.230145,34.002483,-150.00002,0,0
17.230145,34.002483,-150.00002,0,0
16.230145,34.002483,-150.00002,0,0
15.2301445,34.002483,-150.00002,0,0
14.2301445,34.002483,-150.00002,0,0
13.2301445,34.002483,-150.00002,0,0
12.2301445,34.002483,-150.00002,0,0
11.2301445,34.002483,-150.00002,0,0
10.2301445,34.002483,-150.00002,0,0
9.2301445,34.002483,-150.00002,0,0
8.2301445,34.002483,-150.00002,0,0
7.2301445,34.002483,-150.00002,0,0
6.2301445,34.002483,-150.00002,0,0
5.2301445,34.002483,-150.00002,0,0
4.2301445,34.002483,-150.00002,0,0
3.2301445,34.002483,-150.00002,0,0
2.2301445,34.002483,-150.00002,0,0
1.2301445,34.002483,-150.00002,0,0
0.2301445,34.002483,-150.00002,0,0
-0.7698555,34.002483,-150.00002,0,0
-1.7698555,34.002483,-150.00002,0,0
-2.7698555,34.002483,-150.00002,0,0
-3.7698555,34.002483,-150.00002,0,0
-4.7698555,34.002483,-150.00002,0,0
-5.7698555,34.002483,-150.00002,0,0
-6.7698555,34.002483,-150.00002,0,0
-7.7698555,34.002483,-150.00002,0,0
-8.7698555,34.002483,-150.00002,0,0
-9.7698555,34.002483,-150.00002,0,0
-10.7698555,34.002483,-150.00002,0,0
-11.7698555,34.002483,-150.00002,0,0
-12.7698555,34.002483,-150.00002,0,0
-13.7698555,34.002483,-150.00002,0,0
-14.7698555,34.002483,-150.00002,0,0
-15.7698555,34.002483,-150.00002,0,0
-16.769855,34.002483,-150.00002,0,0
-17.769855,34.002483,-150.00002,0,0
-18.769855,34.002483,-150.00002,0,0
-19.769855,34.002483,-150.00002,0,0
-20.769855,34.002483,-150.00002,0,0
-21.769855,34.002483,-150.00002,0,0
-22.769855,34.002483,-150.00002,0,0
-23.769855,34.002483,-150.00002,0,0
-24.769855,34.002483,-150.00002,0,0
-25.769855,34.002483,-150.00002,0,0
-26.769855,34.002483,-150.00002,0,0
-27.769855,34.002483,-150.00002,0,0
-28.769855,34.002483,-150.00002,0,0
-29.769855,34.002483,-150.00002,0,0
-30.769855,34.002483,-150.00002,0,0
-31.769855,34.002483,-150.00002,0,0
-32.769855,34.002483,-150.00002,0,0
-33.769855,34.002483,-150.00002,0,0
-34.769855,34.002483,-150.00002,0,0
-35.769855,34.002483,-150.00002,0,0
-36.769855,34.002483,-150.00002,0,0
-37.769855,34.002483,-150.00002,0,0
-38.769855,34.002483,-150.00002,0,0
-39.769855,34.002483,-150.00002,0,0
-40.769855,34.002483,-150.00002,0,0
-41.769855,34.002483,-150.00002,0,0
-42.769855,34.002483,-150.00002,0,0
-43.769855,34.002483,-150.00002,0,0
-44.769855,34.002483,-150.00002,0,0
-45.769855,34.002483,-150.00002,0,0
-46.769855,34.002483,-150.00002,0,0
-47.769855,34.002483,-150.00002,0,0
-48.769855,34.002483,-150.00002,0,0
-49.769855,34.002483,-150.00002,0,0
49.230145,33.002483,-150.00002,0,0
48.230145,33.002483,-150.00002,0,0
47.230145,33.002483,-150.00002,0,0
46.230145,33.002483,-150.00002,0,0
45.230145,33.002483,-150.00002,0,0
44.230145,33.002483,-150.00002,0,0
43.230145,33.002483,-150.00002,0,0
42.230145,33.002483,-150.00002,0,0
41.230145,33.002483,-150.00002,0,0
40.230145,33.002483,-150.00002,0,0
39.230145,33.002483,-150.00002,0,0
38.230145,33.002483,-150.00002,0,0
37.230145,33.002483,-150.00002,0,0
36.230145,33.002483,-150.00002,0,0
35.230145,33.002483,-150.00002,0,0
34.230145,33.002483,-150.00002,0,0
33.230145,33.002483,-150.00002,0,0
32.230145,33.002483,-150.00002,0,0
31.230145,33.002483,-150.00002,0,0
30.230145,33.002483,-150.00002,0,0
29.230145,33.002483,-150.00002,0,0
28.230145,33.002483,-150.00002,0,0
27.230145,33.002483,-150.00002,0,0
26.230145,33.002483,-150.00002,0,0
25.230145,33.002483,-150.00002,0,0
24.230145,33.002483,-150.00002,0,0
23.230145,33.002483,-150.00002,0,0
22.230145,33.002483,-150.00002,0,0
21.230145,33.002483,-150.00002,0,0
20.230145,33.002483,-150.00002,0,0
19.230145,33.002483,-150.00002,0,0
18.230145,33.002483,-150.00002,0,0
17.230145,33.002483,-150.00002,0,0
16.230145,33.002483,-150.00002,0,0
15.2301445,33.002483,-150.00002,0,0
14.2301445,33.002483,-150.00002,0,0
13.2301445,33.002483,-150.00002,0,0
12.2301445,33.002483,-150.00002,0,0
11.2301445,33.002483,-150.00002,0,0
10.2301445,33.002483,-150.00002,0,0
9.2301445,33.002483,-150.00002,0,0
8.2301445,33.002483,-150.00002,0,0
7.2301445,33.002483,-150.00002,0,0
6.2301445,33.002483,-150.00002,0,0
5.2301445,33.002483,-150.00002,0,0
4.2301445,33.002483,-150.00002,0,0
3.2301445,33.002483,-150.00002,0,0
2.2301445,33.002483,-150.00002,0,0
1.2301445,33.002483,-150.00002,0,0
0.2301445,33.002483,-150.00002,0,0
-0.7698555,33.002483,-150.00002,0,0
-1.7698555,33.002483,-150.00002,0,0
-2.7698555,33.002483,-150.00002,0,0
-3.7698555,33.002483,-150.00002,0,0
-4.7698555,33.002483,-150.00002,0,0
-5.7698555,33.002483,-150.00002,0,0
-6.7698555,33.002483,-150.00002,0,0
-7.7698555,33.002483,-150.00002,0,0
-8.7698555,33.002483,-150.00002,0,0
-9.7698555,33.002483,-150.00002,0,0
-10.7698555,33.002483,-150.00002,0,0
-11.7698555,33.002483,-150.00002,0,0
-12.7698555,33.002483,-150.00002,0,0
-13.7698555,33.002483,-150.00002,0,0
-14.7698555,33.002483,-150.00002,0,0
-15.7698555,33.002483,-150.00002,0,0
-16.769855,33.002483,-150.00002,0,0
-17.769855,33.002483,-150.00002,0,0
-18.769855,33.002483,-150.00002,0,0
-19.769855,33.002483,-150.00002,0,0
-20.769855,33.002483,-150.00002,0,0
-21.769855,33.002483,-150.00002,0,0
-22.769855,33.002483,-150.00002,0,0
-23.769855,33.002483,-150.00002,0,0
-24.769855,33.002483,-150.00002,0,0
-25.769855,33.002483,-150.00002,0,0
-26.769855,33.002483,-150.00002,0,0
-27.769855,33.002483,-150.00002,0,0
-28.769855,33.002483,-150.00002,0,0
-29.769855,33.002483,-150.00002,0,0
-30.769855,33.002483,-150.00002,0,0
-31.769855,33.002483,-150.00002,0,0
-32.769855,33.002483,-150.00002,0,0
-33.769855,33.002483,-150.00002,0,0
-34.769855,33.002483,-150.00002,0,0
-35.769855,33.002483,-150.00002,0,0
-36.769855,33.002483,-150.00002,0,0
-37.769855,33.002483,-150.00002,0,0
-38.769855,33.002483,-150.00002,0,0
-39.769855,33.002483,-150.00002,0,0
-40.769855,33.002483,-150.00002,0,0
-41.769855,33.002483,-150.00002,0,0
-42.769855,33.002483,-150.00002,0,0
-43.769855,33.002483,-150.00002,0,0
-44.769855,33.002483,-150.00002,0,0
-45.769855,33.002483,-150.00002,0,0
-46.769855,33.002483,-150.00002,0,0
-47.769855,33.002483,-150.00002,0,0
-48.769855,33.002483,-150.00002,0,0
-49.769855,33.002483,-150.00002,0,0
49.230145,32.002483,-150.00002,0,0
48.230145,32.002483,-150.00002,0,0
47.230145,32.002483,-150.00002,0,0
46.230145,32.002483,-150.00002,0,0
45.230145,32.002483,-150.00002,0,0
44.230145,32.002483,-150.00002,0,0
43.230145,32.002483,-150.00002,0,0
42.230145,32.002483,-150.00002,0,0
41.230145,32.002483,-150.00002,0,0
40.230145,32.002483,-150.00002,0,0
39.230145,32.002483,-150.00002,0,0
38.230145,32.002483,-150.00002,0,0
37.230145,32.002483,-150.00002,0,0
36.230145,32.002483,-150.00002,0,0
35.230145,32.002483,-150.00002,0,0
34.230145,32.002483,-150.00002,0,0
33.230145,32.002483,-150.00002,0,0
32.230145,32.002483,-150.00002,0,0
31.230145,32.002483,-150.00002,0,0
30.230145,32.002483,-150.00002,0,0
29.230145,32.002483,-150.00002,0,0
28.230145,32.002483,-150.00002,0,0
27.230145,32.002483,-150.00002,0,0
26.230145,32.002483,-150.00002,0,0
25.230145,32.002483,-150.00002,0,0
24.230145,32.002483,-150.00002,0,0
23.230145,32.002483,-150.00002,0,0
22.230145,32.002483,-150.00002,0,0
21.230145,32.002483,-150.00002,0,0
20.230145,32.002483,-150.00002,0,0
19.230145,32.002483,-150.00002,0,0
18.230145,32.002483,-150.00002,0,0
17.230145,32.002483,-150.00002,0,0
16.230145,32.002483,-150.00002,0,0
15.2301445,32.002483,-150.00002,0,0
14.2301445,32.002483,-150.00002,0,0
13.2301445,32.002483,-150.00002,0,0
12.2301445,32.002483,-150.00002,0,0
11.2301445,32.002483,-150.00002,0,0
10.2301445,32.002483,-150.00002,0,0
9.2301445,32.002483,-150.00002,0,0
8.2301445,32.002483,-150.00002,0,0
7.2301445,32.002483,-150.00002,0,0
6.2301445,32.002483,-150.00002,0,0
5.2301445,32.002483,-150.00002,0,0
4.2301445,32.002483,-150.00002,0,0
3.2301445,32.002483,-150.00002,0,0
2.2301445,32.002483,-150.00002,0,0
1.2301445,32.002483,-150.00002,0,0
0.2301445,32.002483,-150.00002,0,0
-0.7698555,32.002483,-150.00002,0,0
-1.7698555,32.002483,-150.00002,0,0
-2.7698555,32.002483,-150.00002,0,0
-3.7698555,32.002483,-150.00002,0,0
-4.7698555,32.002483,-150.00002,0,0
-5.7698555,32.002483,-150.00002,0,0
-6.7698555,32.002483,-150.00002,0,0
-7.7698555,32.002483,-150.00002,0,0
-8.7698555,32.002483,-150.00002,0,0
-9.7698555,32.002483,-150.00002,0,0
-10.7698555,32.002483,-150.00002,0,0
-11.7698555,32.002483,-150.00002,0,0
-12.7698555,32.002483,-150.00002,0,0
-13.7698555,32.002483,-150.00002,0,0
-14.7698555,32.002483,-150.00002,0,0
-15.7698555,32.002483,-150.00002,0,0
-16.769855,32.002483,-150.00002,0,0
-17.769855,32.002483,-150.00002,0,0
-18.769855,32.002483,-150.00002,0,0
-19.769855,32.002483,-150.00002,0,0
-20.769855,32.002483,-150.00002,0,0
-21.769855,32.002483,-150.00002,0,0
-22.769855,32.002483,-150.00002,0,0
-23.769855,32.002483,-150.00002,0,0
-24.769855,32.002483,-150.00002,0,0
-25.769855,32.002483,-150.00002,0,0
-26.769855,32.002483,-150.00002,0,0
-27.769855,32.002483,-150.00002,0,0
-28.769855,32.002483,-150.00002,0,0
-29.769855,32.002483,-150.00002,0,0
-30.769855,32.002483,-150.00002,0,0
-31.769855,32.002483,-150.00002,0,0
-32.769855,32.002483,-150.00002,0,0
-33.769855,32.002483,-150.00002,0,0
-34.769855,32.002483,-150.00002,0,0
-35.769855,32.002483,-150.00002,0,0
-36.769855,32.002483,-150.00002,0,0
-37.769855,32.002483,-150.00002,0,0
-38.769855,32.002483,-150.00002,0,0
-39.769855,32.002483,-150.00002,0,0
-40.769855,32.002483,-150.00002,0,0
-41.769855,32.002483,-150.00002,0,0
-42.769855,32.002483,-150.00002,0,0
-43.769855,32.002483,-150.00002,0,0
-44.769855,32.002483,-150.00002,0,0
-45.769855,32.002483,-150.00002,0,0
-46.769855,32.002483,-150.00002,0,0
-47.769855,32.002483,-150.00002,0,0
-48.769855,32.002483,-150.00002,0,0
-49.769855,32.002483,-150.00002,0,0
49.230145,31.002483,-150.00002,0,0
48.230145,31.002483,-150.00002,0,0
47.230145,31.002483,-150.00002,0,0
46.230145,31.002483,-150.00002,0,0
45.230145,31.002483,-150.00002,0,0
44.230145,31.002483,-150.00002,0,0
43.230145,31.002483,-150.00002,0,0
42.230145,31.002483,-150.00002,0,0
41.230145,31.002483,-150.00002,0,0
40.230145,31.002483,-150.00002,0,0
39.230145,31.002483,-150.00002,0,0
38.230145,31.002483,-150.00002,0,0
37.230145,31.002483,-150.00002,0,0
36.230145,31.002483,-150.00002,0,0
35.230145,31.002483,-150.00002,0,0
34.230145,31.002483,-150.00002,0,0
33.230145,31.002483,-150.00002,0,0
32.230145,31.002483,-150.00002,0,0
31.230145,31.002483,-150.00002,0,0
30.230145,31.002483,-150.00002,0,0
29.230145,31.002483,-150.00002,0,0
28.230145,31.002483,-150.00002,0,0
27.230145,31.002483,-150.00002,0,0
26.230145,31.002483,-150.00002,0,0
25.230145,31.002483,-150.00002,0,0
24.230145,31.002483,-150.00002,0,0
23.230145,31.002483,-150.00002,0,0
22.230145,31.002483,-150.00002,0,0
21.230145,31.002483,-150.00002,0,0
20.230145,31.002483,-150.00002,0,0
19.230145,31.002483,-150.00002,0,0
18.230145,31.002483,-150.00002,0,0
17.230145,31.002483,-150.00002,0,0
16.230145,31.002483,-150.00002,0,0
15.2301445,31.002483,-150.00002,0,0
14.2301445,31.002483,-150.00002,0,0
13.2301445,31.002483,-150.00002,0,0
12.2301445,31.002483,-150.00002,0,0
11.2301445,31.002483,-150.00002,0,0
10.2301445,31.002483,-150.00002,0,0
9.2301445,31.002483,-150.00002,0,0
8.2301445,31.002483,-150.00002,0,0
7.2301445,31.002483,-150.00002,0,0
6.2301445,31.002483,-150.00002,0,0
5.2301445,31.002483,-150.00002,0,0
4.2301445,31.002483,-150.00002,0,0
3.2301445,31.002483,-150.00002,0,0
2.2301445,31.002483,-150.00002,0,0
1.2301445,31.002483,-150.00002,0,0
0.2301445,31.002483,-150.00002,0,0
-0.7698555,31.002483,-150.00002,0,0
-1.7698555,31.002483,-150.00002,0,0
-2.7698555,31.002483,-150.00002,0,0
-3.7698555,31.002483,-150.00002,0,0
-4.7698555,31.002483,-150.00002,0,0
-5.7698555,31.002483,-150.00002,0,0
-6.7698555,31.002483,-150.00002,0,0
-7.7698555,31.002483,-150.00002,0,0
-8.7698555,31.002483,-150.00002,0,0
-9.7698555,31.002483,-150.00002,0,0
-10.7698555,31.002483,-150.00002,0,0
-11.7698555,31.002483,-150.00002,0,0
-12.7698555,31.002483,-150.00002,0,0
-13.7698555,31.002483,-150.00002,0,0
-14.7698555,31.002483,-150.00002,0,0
-15.7698555,31.002483,-150.00002,0,0
-16.769855,31.002483,-150.00002,0,0
-17.769855,31.002483,-150.00002,0,0
-18.769855,31.002483,-150.00002,0,0
-19.769855,31.002483,-150.00002,0,0
-20.769855,31.002483,-150.00002,0,0
-21.769855,31.002483,-150.00002,0,0
-22.769855,31.002483,-150.00002,0,0
-23.769855,31.002483,-150.00002,0,0
-24.769855,31.002483,-150.00002,0,0
-25.769855,31.002483,-150.00002,0,0
-26.769855,31.002483,-150.00002,0,0
-27.769855,31.002483,-150.00002,0,0
-28.769855,31.002483,-150.00002,0,0
-29.769855,31.002483,-150.00002,0,0
-30.769855,31.002483,-150.00002,0,0
-31.769855,31.002483,-150.00002,0,0
-32.769855,31.002483,-150.00002,0,0
-33.769855,31.002483,-150.00002,0,0
-34.769855,31.002483,-150.00002,0,0
-35.769855,31.002483,-150.00002,0,0
-36.769855,31.002483,-150.00002,0,0
-37.769855,31.002483,-150.00002,0,0
-38.769855,31.002483,-150.00002,0,0
-39.769855,31.002483,-150.00002,0,0
-40.769855,31.002483,-150.00002,0,0
-41.769855,31.002483,-150.00002,0,0
-42.769855,31.002483,-150.00002,0,0
-43.769855,31.002483,-150.00002,0,0
-44.769855,31.002483,-150.00002,0,0
-45.769855,31.002483,-150.00002,0,0
-46.769855,31.002483,-150.00002,0,0
-47.769855,31.002483,-150.00002,0,0
-48.769855,31.002483,-150.00002,0,0
-49.769855,31.002483,-150.00002,0,0
49.230145,30.002483,-150.00002,0,0
48.230145,30.002483,-150.00002,0,0
47.230145,30.002483,-150.00002,0,0
46.230145,30.002483,-150.00002,0,0
45.230145,30.002483,-150.00002,0,0
44.230145,30.002483,-150.00002,0,0
43.230145,30.002483,-150.00002,0,0
42.230145,30.002483,-150.00002,0,0
41.230145,30.002483,-150.00002,0,0
40.230145,30.002483,-150.00002,0,0
39.230145,30.002483,-150.00002,0,0
38.230145,30.002483,-150.00002,0,0
37.230145,30.002483,-150.00002,0,0
36.230145,30.002483,-150.00002,0,0
35.230145,30.002483,-150.00002,0,0
34.230145,30.002483,-150.00002,0,0
33.230145,30.002483,-150.00002,0,0
32.230145,30.002483,-150.00002,0,0
31.230145,30.002483,-150.00002,0,0
30.230145,30.002483,-150.00002,0,0
29.230145,30.002483,-150.00002,0,0
28.230145,30.002483,-150.00002,0,0
27.230145,30.002483,-150.00002,0,0
26.230145,30.002483,-150.00002,0,0
25.230145,30.002483,-150.00002,0,0
24.230145,30.002483,-150.00002,0,0
23.230145,30.002483,-150.00002,0,0
22.230145,30.002483,-150.00002,0,0
21.230145,30.002483,-150.00002,0,0
20.230145,30.002483,-150.00002,0,0
19.230145,30.002483,-150.00002,0,0
18.230145,30.002483,-150.00002,0,0
17.230145,30.002483,-150.00002,0,0
16.230145,30.002483,-150.00002,0,0
15.2301445,30.002483,-150.00002,0,0
14.2301445,30.002483,-150.00002,0,0
13.2301445,30.002483,-150.00002,0,0
12.2301445,30.002483,-150.00002,0,0
11.2301445,30.002483,-150.00002,0,0
10.2301445,30.002483,-150.00002,0,0
9.2301445,30.002483,-150.00002,0,0
8.2301445,30.002483,-150.00002,0,0
7.2301445,30.002483,-150.00002,0,0
6.2301445,30.002483,-150.00002,0,0
5.2301445,30.002483,-150.00002,0,0
4.2301445,30.002483,-150.00002,0,0
3.2301445,30.002483,-150.00002,0,0
2.2301445,30.002483,-150.00002,0,0
1.2301445,30.002483,-150.00002,0,0
0.2301445,30.002483,-150.00002,0,0
-0.7698555,30.002483,-150.00002,0,0
-1.7698555,30.002483,-150.00002,0,0
-2.7698555,30.002483,-150.00002,0,0
-3.7698555,30.002483,-150.00002,0,0
-4.7698555,30.002483,-150.00002,0,0
-5.7698555,30.002483,-150.00002,0,0
-6.7698555,30.002483,-150.00002,0,0
-7.7698555,30.002483,-150.00002,0,0
-8.7698555,30.002483,-150.00002,0,0
-9.7698555,30.002483,-150.00002,0,0
-10.7698555,30.002483,-150.00002,0,0
-11.7698555,30.002483,-150.00002,0,0
-12.7698555,30.002483,-150.00002,0,0
-13.7698555,30.002483,-150.00002,0,0
-14.7698555,30.002483,-150.00002,0,0
-15.7698555,30.002483,-150.00002,0,0
-16.769855,30.002483,-150.00002,0,0
-17.769855,30.002483,-150.00002,0,0
-18.769855,30.002483,-150.00002,0,0
-19.769855,30.002483,-150.00002,0,0
-20.769855,30.002483,-150.00002,0,0
-21.769855,30.002483,-150.00002,0,0
-22.769855,30.002483,-150.00002,0,0
-23.769855,30.002483,-150.00002,0,0
-24.769855,30.002483,-150.00002,0,0
-25.769855,30.002483,-150.00002,0,0
-26.769855,30.002483,-150.00002,0,0
-27.769855,30.002483,-150.00002,0,0
-28.769855,30.002483,-150.00002,0,0
-29.769855,30.002483,-150.00002,0,0
-30.769855,30.002483,-150.00002,0,0
-31.769855,30.002483,-150.00002,0,0
-32.769855,30.002483,-150.00002,0,0
-33.769855,30.002483,-150.00002,0,0
-34.769855,30.002483,-150.00002,0,0
-35.769855,30.002483,-150.00002,0,0
-36.769855,30.002483,-150.00002,0,0
-37.769855,30.002483,-150.00002,0,0
-38.769855,30.002483,-150.00002,0,0
-39.769855,30.002483,-150.00002,0,0
-40.769855,30.002483,-150.00002,0,0
-41.769855,30.002483,-150.00002,0,0
-42.769855,30.002483,-150.00002,0,0
-43.769855,30.002483,-150.00002,0,0
-44.769855,30.002483,-150.00002,0,0
-45.769855,30.002483,-150.00002,0,0
-46.769855,30.002483,-150.00002,0,0
-47.769855,30.002483,-150.00002,0,0
-48.769855,30.002483,-150.00002,0,0
-49.769855,30.002483,-150.00002,0,0
49.230145,29.002483,-150.00002,0,0
48.230145,29.002483,-150.00002,0,0
47.230145,29.002483,-150.00002,0,0
46.230145,29.002483,-150.00002,0,0
45.230145,29.002483,-150.00002,0,0
44.230145,29.002483,-150.00002,0,0
43.230145,29.002483,-150.00002,0,0
42.230145,29.002483,-150.00002,0,0
41.230145,29.002483,-150.00002,0,0
40.230145,29.002483,-150.00002,0,0
39.230145,29.002483,-150.00002,0,0
38.230145,29.002483,-150.00002,0,0
37.230145,29.002483,-150.00002,0,0
36.230145,29.002483,-150.00002,0,0
35.230145,29.002483,-150.00002,0,0
34.230145,29.002483,-150.00002,0,0
33.230145,29.002483,-150.00002,0,0
32.230145,29.002483,-150.00002,0,0
31.230145,29.002483,-150.00002,0,0
30.230145,29.002483,-150.00002,0,0
29.230145,29.002483,-150.00002,0,0
28.230145,29.002483,-150.00002,0,0
27.230145,29.002483,-150.00002,0,0
26.230145,29.002483,-150.00002,0,0
25.230145,29.002483,-150.00002,0,0
24.230145,29.002483,-150.00002,0,0
23.230145,29.002483,-150.00002,0,0
22.230145,29.002483,-150.00002,0,0
21.230145,29.002483,-150.00002,0,0
20.230145,29.002483,-150.00002,0,0
19.230145,29.002483,-150.00002,0,0
18.230145,29.002483,-150.00002,0,0
17.230145,29.002483,-150.00002,0,0
16.230145,29.002483,-150.00002,0,0
15.2301445,29.002483,-150.00002,0,0
14.2301445,29.002483,-150.00002,0,0
13.2301445,29.002483,-150.00002,0,0
12.2301445,29.002483,-150.00002,0,0
11.2301445,29.002483,-150.00002,0,0
10.2301445,29.002483,-150.00002,0,0
9.2301445,29.002483,-150.00002,0,0
8.2301445,29.002483,-150.00002,0,0
7.2301445,29.002483,-150.00002,0,0
6.2301445,29.002483,-150.00002,0,0
5.2301445,29.002483,-150.00002,0,0
4.2301445,29.002483,-150.00002,0,0
3.2301445,29.002483,-150.00002,0,0
2.2301445,29.002483,-150.00002,0,0
1.2301445,29.002483,-150.00002,0,0
0.2301445,29.002483,-150.00002,0,0
-0.7698555,29.002483,-150.00002,0,0
-1.7698555,29.002483,-150.00002,0,0
-2.7698555,29.002483,-150.00002,0,0
-3.7698555,29.002483,-150.00002,0,0
-4.7698555,29.002483,-150.00002,0,0
-5.7698555,29.002483,-150.00002,0,0
-6.7698555,29.002483,-150.00002,0,0
-7.7698555,29.002483,-150.00002,0,0
-8.7698555,29.002483,-150.00002,0,0
-9.7698555,29.002483,-150.00002,0,0
-10.7698555,29.002483,-150.00002,0,0
-11.7698555,29.002483,-150.00002,0,0
-12.7698555,29.002483,-150.00002,0,0
-13.7698555,29.002483,-150.00002,0,0
-14.7698555,29.002483,-150.00002,0,0
-15.7698555,29.002483,-150.00002,0,0
-16.769855,29.002483,-150.00002,0,0
-17.769855,29.002483,-150.00002,0,0
-18.769855,29.002483,-150.00002,0,0
-19.769855,29.002483,-150.00002,0,0
-20.769855,29.002483,-150.00002,0,0
-21.769855,29.002483,-150.00002,0,0
-22.769855,29.002483,-150.00002,0,0
-23.769855,29.002483,-150.00002,0,0
-24.769855,29.002483,-150.00002,0,0
-25.769855,29.002483,-150.00002,0,0
-26.769855,29.002483,-150.00002,0,0
-27.769855,29.002483,-150.00002,0,0
-28.769855,29.002483,-150.00002,0,0
-29.769855,29.002483,-150.00002,0,0
-30.769855,29.002483,-150.00002,0,0
-31.769855,29.002483,-150.00002,0,0
-32.769855,29.002483,-150.00002,0,0
-33.769855,29.002483,-150.00002,0,0
-34.769855,29.002483,-150.00002,0,0
-35.769855,29.002483,-150.00002,0,0
-36.769855,29.002483,-150.00002,0,0
-37.769855,29.002483,-150.00002,0,0
-38.769855,29.002483,-150.00002,0,0
-39.769855,29.002483,-150.00002,0,0
-40.769855,29.002483,-150.00002,0,0
-41.769855,29.002483,-150.00002,0,0
-42.769855,29.002483,-150.00002,0,0
-43.769855,29.002483,-150.00002,0,0
-44.769855,29.002483,-150.00002,0,0
-45.769855,29.002483,-150.00002,0,0
-46.769855,29.002483,-150.00002,0,0
-47.769855,29.002483,-150.00002,0,0
-48.769855,29.002483,-150.00002,0,0
-49.769855,29.002483,-150.00002,0,0
49.230145,28.002483,-150.00002,0,0
48.230145,28.002483,-150.00002,0,0
47.230145,28.002483,-150.00002,0,0
46.230145,28.002483,-150.00002,0,0
45.230145,28.002483,-150.00002,0,0
44.230145,28.002483,-150.00002,0,0
43.230145,28.002483,-150.00002,0,0
42.230145,28.002483,-150.00002,0,0
41.230145,28.002483,-150.00002,0,0
40.230145,28.002483,-150.00002,0,0
39.230145,28.002483,-150.00002,0,0
38.230145,28.002483,-150.00002,0,0
37.230145,28.002483,-150.00002,0,0
36.230145,28.002483,-150.00002,0,0
35.230145,28.002483,-150.00002,0,0
34.230145,28.002483,-150.00002,0,0
33.230145,28.002483,-150.00002,0,0
32.230145,28.002483,-150.00002,0,0
31.230145,28.002483,-150.00002,0,0
30.230145,28.002483,-150.00002,0,0
29.230145,28.002483,-150.00002,0,0
28.230145,28.002483,-150.00002,0,0
27.230145,28.002483,-150.00002,0,0
26.230145,28.002483,-150.00002,0,0
25.230145,28.002483,-150.00002,0,0
24.230145,28.002483,-150.00002,0,0
23.230145,28.002483,-150.00002,0,0
22.230145,28.002483,-150.00002,0,0
21.230145,28.002483,-150.00002,0,0
20.230145,28.002483,-150.00002,0,0
19.230145,28.002483,-150.00002,0,0
18.230145,28.002483,-150.00002,0,0
17.230145,28.002483,-150.00002,0,0
16.230145,28.002483,-150.00002,0,0
15.2301445,28.002483,-150.00002,0,0
14.2301445,28.002483,-150.00002,0,0
13.2301445,28.002483,-150.00002,0,0
12.2301445,28.002483,-150.00002,0,0
11.2301445,28.002483,-150.00002,0,0
10.2301445,28.002483,-150.00002,0,0
9.2301445,28.002483,-150.00002,0,0
8.2301445,28.002483,-150.00002,0,0
7.2301445,28.002483,-150.00002,0,0
6.2301445,28.002483,-150.00002,0,0
5.2301445,28.002483,-150.00002,0,0
4.2301445,28.002483,-150.00002,0,0
3.2301445,28.002483,-150.00002,0,0
2.2301445,28.002483,-150.00002,0,0
1.2301445,28.002483,-150.00002,0,0
0.2301445,28.002483,-150.00002,0,0
-0.7698555,28.002483,-150.00002,0,0
-1.7698555,28.002483,-150.00002,0,0
-2.7698555,28.002483,-150.00002,0,0
-3.7698555,28.002483,-150.00002,0,0
-4.7698555,28.002483,-150.00002,0,0
-5.7698555,28.002483,-150.00002,0,0
-6.7698555,28.002483,-150.00002,0,0
-7.7698555,28.002483,-150.00002,0,0
-8.7698555,28.002483,-150.00002,0,0
-9.7698555,28.002483,-150.00002,0,0
-10.7698555,28.002483,-150.00002,0,0
-11.7698555,28.002483,-150.00002,0,0
-12.7698555,28.002483,-150.00002,0,0
-13.7698555,28.002483,-150.00002,0,0
-14.7698555,28.002483,-150.00002,0,0
-15.7698555,28.002483,-150.00002,0,0
-16.769855,28.002483,-150.00002,0,0
-17.769855,28.002483,-150.00002,0,0
-18.769855,28.002483,-150.00002,0,0
-19.769855,28.002483,-150.00002,0,0
-20.769855,28.002483,-150.00002,0,0
-21.769855,28.002483,-150.00002,0,0
-22.769855,28.002483,-150.00002,0,0
-23.769855,28.002483,-150.00002,0,0
-24.769855,28.002483,-150.00002,0,0
-25.769855,28.002483,-150.00002,0,0
-26.769855,28.002483,-150.00002,0,0
-27.769855,28.002483,-150.00002,0,0
-28.769855,28.002483,-150.00002,0,0
-29.769855,28.002483,-150.00002,0,0
-30.769855,28.002483,-150.00002,0,0
-31.769855,28.002483,-150.00002,0,0
-32.769855,28.002483,-150.00002,0,0
-33.769855,28.002483,-150.00002,0,0
-34.769855,28.002483,-150.00002,0,0
-35.769855,28.002483,-150.00002,0,0
-36.769855,28.002483,-150.00002,0,0
-37.769855,28.002483,-150.00002,0,0
-38.769855,28.002483,-150.00002,0,0
-39.769855,28.002483,-150.00002,0,0
-40.769855,28.002483,-150.00002,0,0
-41.769855,28.002483,-150.00002,0,0
-42.769855,28.002483,-150.00002,0,0
-43.769855,28.002483,-150.00002,0,0
-44.769855,28.002483,-150.00002,0,0
-45.769855,28.002483,-150.00002,0,0
-46.769855,28.002483,-150.00002,0,0
-47.769855,28.002483,-150.00002,0,0
-48.769855,28.002483,-150.00002,0,0
-49.769855,28.002483,-150.00002,0,0
49.230145,27.002483,-150.00002,0,0
48.230145,27.002483,-150.00002,0,0
47.230145,27.002483,-150.00002,0,0
46.230145,27.002483,-150.00002,0,0
45.230145,27.002483,-150.00002,0,0
44.230145,27.002483,-150.00002,0,0
43.230145,27.002483,-150.00002,0,0
42.230145,27.002483,-150.00002,0,0
41.230145,27.002483,-150.00002,0,0
40.230145,27.002483,-150.00002,0,0
39.230145,27.002483,-150.00002,0,0
38.230145,27.002483,-150.00002,0,0
37.230145,27.002483,-150.00002,0,0
36.230145,27.002483,-150.00002,0,0
35.230145,27.002483,-150.00002,0,0
34.230145,27.002483,-150.00002,0,0
33.230145,27.002483,-150.00002,0,0
32.230145,27.002483,-150.00002,0,0
31.230145,27.002483,-150.00002,0,0
30.230145,27.002483,-150.00002,0,0
29.230145,27.002483,-150.00002,0,0
28.230145,27.002483,-150.00002,0,0
27.230145,27.002483,-150.00002,0,0
26.230145,27.002483,-150.00002,0,0
25.230145,27.002483,-150.00002,0,0
24.230145,27.002483,-150.00002,0,0
23.230145,27.002483,-150.00002,0,0
22.230145,27.002483,-150.00002,0,0
21.230145,27.002483,-150.00002,0,0
20.230145,27.002483,-150.00002,0,0
19.230145,27.002483,-150.00002,0,0
18.230145,27.002483,-150.00002,0,0
17.230145,27.002483,-150.00002,0,0
16.230145,27.002483,-150.00002,0,0
15.2301445,27.002483,-150.00002,0,0
14.2301445,27.002483,-150.00002,0,0
13.2301445,27.002483,-150.00002,0,0
12.2301445,27.002483,-150.00002,0,0
11.2301445,27.002483,-150.00002,0,0
10.2301445,27.002483,-150.00002,0,0
9.2301445,27.002483,-150.00002,0,0
8.2301445,27.002483,-150.00002,0,0
7.2301445,27.002483,-150.00002,0,0
6.2301445,27.002483,-150.00002,0,0
5.2301445,27.002483,-150.00002,0,0
4.2301445,27.002483,-150.00002,0,0
3.2301445,27.002483,-150.00002,0,0
2.2301445,27.002483,-150.00002,0,0
1.2301445,27.002483,-150.00002,0,0
0.2301445,27.002483,-150.00002,0,0
-0.7698555,27.002483,-150.00002,0,0
-1.7698555,27.002483,-150.00002,0,0
-2.7698555,27.002483,-150.00002,0,0
-3.7698555,27.002483,-150.00002,0,0
-4.7698555,27.002483,-150.00002,0,0
-5.7698555,27.002483,-150.00002,0,0
-6.7698555,27.002483,-150.00002,0,0
-7.7698555,27.002483,-150.00002,0,0
-8.7698555,27.002483,-150.00002,0,0
-9.7698555,27.002483,-150.00002,0,0
-10.7698555,27.002483,-150.00002,0,0
-11.7698555,27.002483,-150.00002,0,0
-12.7698555,27.002483,-150.00002,0,0
-13.7698555,27.002483,-150.00002,0,0
-14.7698555,27.002483,-150.00002,0,0
-15.7698555,27.002483,-150.00002,0,0
-16.769855,27.002483,-150.00002,0,0
-17.769855,27.002483,-150.00002,0,0
-18.769855,27.002483,-150.00002,0,0
-19.769855,27.002483,-150.00002,0,0
-20.769855,27.002483,-150.00002,0,0
-21.769855,27.002483,-150.00002,0,0
-22.769855,27.002483,-150.00002,0,0
-23.769855,27.002483,-150.00002,0,0
-24.769855,27.002483,-150.00002,0,0
-25.769855,27.002483,-150.00002,0,0
-26.769855,27.002483,-150.00002,0,0
-27.769855,27.002483,-150.00002,0,0
-28.769855,27.002483,-150.00002,0,0
-29.769855,27.002483,-150.00002,0,0
-30.769855,27.002483,-150.00002,0,0
-31.769855,27.002483,-150.00002,0,0
-32.769855,27.002483,-150.00002,0,0
-33.769855,27.002483,-150.00002,0,0
-34.769855,27.002483,-150.00002,0,0
-35.769855,27.002483,-150.00002,0,0
-36.769855,27.002483,-150.00002,0,0
-37.769855,27.002483,-150.00002,0,0
-38.769855,27.002483,-150.00002,0,0
-39.769855,27.002483,-150.00002,0,0
-40.769855,27.002483,-150.00002,0,0
-41.769855,27.002483,-150.00002,0,0
-42.769855,27.002483,-150.00002,0,0
-43.769855,27.002483,-150.00002,0,0
-44.769855,27.002483,-150.00002,0,0
-45.769855,27.002483,-150.00002,0,0
-46.769855,27.002483,-150.00002,0,0
-47.769855,27.002483,-150.00002,0,0
-48.769855,27.002483,-150.00002,0,0
-49.769855,27.002483,-150.00002,0,0
49.230145,26.002483,-150.00002,0,0
48.230145,26.002483,-150.00002,0,0
47.230145,26.002483,-150.00002,0,0
46.230145,26.002483,-150.00002,0,0
45.230145,26.002483,-150.00002,0,0
44.230145,26.002483,-150.00002,0,0
43.230145,26.002483,-150.00002,0,0
42.230145,26.002483,-150.00002,0,0
41.230145,26.002483,-150.00002,0,0
40.230145,26.002483,-150.00002,0,0
39.230145,26.002483,-150.00002,0,0
38.230145,26.002483,-150.00002,0,0
37.230145,26.002483,-150.00002,0,0
36.230145,26.002483,-150.00002,0,0
35.230145,26.002483,-150.00002,0,0
34.230145,26.002483,-150.00002,0,0
33.230145,26.002483,-150.00002,0,0
32.230145,26.002483,-150.00002,0,0
31.230145,26.002483,-150.00002,0,0
30.230145,26.002483,-150.00002,0,0
29.230145,26.002483,-150.00002,0,0
28.230145,26.002483,-150.00002,0,0
27.230145,26.002483,-150.00002,0,0
26.230145,26.002483,-150.00002,0,0
25.230145,26.002483,-150.00002,0,0
24.230145,26.002483,-150.00002,0,0
23.230145,26.002483,-150.00002,0,0
22.230145,26.002483,-150.00002,0,0
21.230145,26.002483,-150.00002,0,0
20.230145,26.002483,-150.00002,0,0
19.230145,26.002483,-150.00002,0,0
18.230145,26.002483,-150.00002,0,0
17.230145,26.002483,-150.00002,0,0
16.230145,26.002483,-150.00002,0,0
15.2301445,26.002483,-150.00002,0,0
14.2301445,26.002483,-150.00002,0,0
13.2301445,26.002483,-150.00002,0,0
12.2301445,26.002483,-150.00002,0,0
11.2301445,26.002483,-150.00002,0,0
10.2301445,26.002483,-150.00002,0,0
9.2301445,26.002483,-150.00002,0,0
8.2301445,26.002483,-150.00002,0,0
7.2301445,26.002483,-150.00002,0,0
6.2301445,26.002483,-150.00002,0,0
5.2301445,26.002483,-150.00002,0,0
4.2301445,26.002483,-150.00002,0,0
3.2301445,26.002483,-150.00002,0,0
2.2301445,26.002483,-150.00002,0,0
1.2301445,26.002483,-150.00002,0,0
0.2301445,26.002483,-150.00002,0,0
-0.7698555,26.002483,-150.00002,0,0
-1.7698555,26.002483,-150.00002,0,0
-2.7698555,26.002483,-150.00002,0,0
-3.7698555,26.002483,-150.00002,0,0
-4.7698555,26.002483,-150.00002,0,0
-5.7698555,26.002483,-150.00002,0,0
-6.7698555,26.002483,-150.00002,0,0
-7.7698555,26.002483,-150.00002,0,0
-8.7698555,26.002483,-150.00002,0,0
-9.7698555,26.002483,-150.00002,0,0
-10.7698555,26.002483,-150.00002,0,0
-11.7698555,26.002483,-150.00002,0,0
-12.7698555,26.002483,-150.00002,0,0
-13.7698555,26.002483,-150.00002,0,0
-14.7698555,26.002483,-150.00002,0,0
-15.7698555,26.002483,-150.00002,0,0
-16.769855,26.002483,-150.00002,0,0
-17.769855,26.002483,-150.00002,0,0
-18.769855,26.002483,-150.00002,0,0
-19.769855,26.002483,-150.00002,0,0
-20.769855,26.002483,-150.00002,0,0
-21.769855,26.002483,-150.00002,0,0
-22.769855,26.002483,-150.00002,0,0
-23.769855,26.002483,-150.00002,0,0
-24.769855,26.002483,-150.00002,0,0
-25.769855,26.002483,-150.00002,0,0
-26.769855,26.002483,-150.00002,0,0
-27.769855,26.002483,-150.00002,0,0
-28.769855,26.002483,-150.00002,0,0
-29.769855,26.002483,-150.00002,0,0
-30.769855,26.002483,-150.00002,0,0
-31.769855,26.002483,-150.00002,0,0
-32.769855,26.002483,-150.00002,0,0
-33.769855,26.002483,-150.00002,0,0
-34.769855,26.002483,-150.00002,0,0
-35.769855,26.002483,-150.00002,0,0
-36.769855,26.002483,-150.00002,0,0
-37.769855,26.002483,-150.00002,0,0
-38.769855,26.002483,-150.00002,0,0
-39.769855,26.002483,-150.00002,0,0
-40.769855,26.002483,-150.00002,0,0
-41.769855,26.002483,-150.00002,0,0
-42.769855,26.002483,-150.00002,0,0
-43.769855,26.002483,-150.00002,0,0
-44.769855,26.002483,-150.00002,0,0
-45.769855,26.002483,-150.00002,0,0
-46.769855,26.002483,-150.00002,0,0
-47.769855,26.002483,-150.00002,0,0
-48.769855,26.002483,-150.00002,0,0
-49.769855,26.002483,-150.00002,0,0
49.230145,25.002483,-150.00002,0,0
48.230145,25.002483,-150.00002,0,0
47.230145,25.002483,-150.00002,0,0
46.230145,25.002483,-150.00002,0,0
45.230145,25.002483,-150.00002,0,0
44.230145,25.002483,-150.00002,0,0
43.230145,25.002483,-150.00002,0,0
42.230145,25.002483,-150.00002,0,0
41.230145,25.002483,-150.00002,0,0
40.230145,25.002483,-150.00002,0,0
39.230145,25.002483,-150.00002,0,0
38.230145,25.002483,-150.00002,0,0
37.230145,25.002483,-150.00002,0,0
36.230145,25.002483,-150.00002,0,0
35.230145,25.002483,-150.00002,0,0
34.230145,25.002483,-150.00002,0,0
33.230145,25.002483,-150.00002,0,0
32.230145,25.002483,-150.00002,0,0
31.230145,25.002483,-150.00002,0,0
30.230145,25.002483,-150.00002,0,0
29.230145,25.002483,-150.00002,0,0
28.230145,25.002483,-150.00002,0,0
27.230145,25.002483,-150.00002,0,0
26.230145,25.002483,-150.00002,0,0
25.230145,25.002483,-150.00002,0,0
24.230145,25.002483,-150.00002,0,0
23.230145,25.002483,-150.00002,0,0
22.230145,25.002483,-150.00002,0,0
21.230145,25.002483,-150.00002,0,0
20.230145,25.002483,-150.00002,0,0
19.230145,25.002483,-150.00002,0,0
18.230145,25.002483,-150.00002,0,0
17.230145,25.002483,-150.00002,0,0
16.230145,25.002483,-150.00002,0,0
15.2301445,25.002483,-150.00002,0,0
14.2301445,25.002483,-150.00002,0,0
13.2301445,25.002483,-150.00002,0,0
12.2301445,25.002483,-150.00002,0,0
11.2301445,25.002483,-150.00002,0,0
10.2301445,25.002483,-150.00002,0,0
9.2301445,25.002483,-150.00002,0,0
8.2301445,25.002483,-150.00002,0,0
7.2301445,25.002483,-150.00002,0,0
6.2301445,25.002483,-150.00002,0,0
5.2301445,25.002483,-150.00002,0,0
4.2301445,25.002483,-150.00002,0,0
3.2301445,25.002483,-150.00002,0,0
2.2301445,25.002483,-150.00002,0,0
1.2301445,25.002483,-150.00002,0,0
0.2301445,25.002483,-150.00002,0,0
-0.7698555,25.002483,-150.00002,0,0
-1.7698555,25.002483,-150.00002,0,0
-2.7698555,25.002483,-150.00002,0,0
-3.7698555,25.002483,-150.00002,0,0
-4.7698555,25.002483,-150.00002,0,0
-5.7698555,25.002483,-150.00002,0,0
-6.7698555,25.002483,-150.00002,0,0
-7.7698555,25.002483,-150.00002,0,0
-8.7698555,25.002483,-150.00002,0,0
-9.7698555,25.002483,-150.00002,0,0
-10.7698555,25.002483,-150.00002,0,0
-11.7698555,25.002483,-150.00002,0,0
-12.7698555,25.002483,-150.00002,0,0
-13.7698555,25.002483,-150.00002,0,0
-14.7698555,25.002483,-150.00002,0,0
-15.7698555,25.002483,-150.00002,0,0
-16.769855,25.002483,-150.00002,0,0
-17.769855,25.002483,-150.00002,0,0
-18.769855,25.002483,-150.00002,0,0
-19.769855,25.002483,-150.00002,0,0
-20.769855,25.002483,-150.00002,0,0
-21.769855,25.002483,-150.00002,0,0
-22.769855,25.002483,-150.00002,0,0
-23.769855,25.002483,-150.00002,0,0
-24.769855,25.002483,-150.00002,0,0
-25.769855,25.002483,-150.00002,0,0
-26.769855,25.002483,-150.00002,0,0
-27.769855,25.002483,-150.00002,0,0
-28.769855,25.002483,-150.00002,0,0
-29.769855,25.002483,-150.00002,0,0
-30.769855,25.002483,-150.00002,0,0
-31.769855,25.002483,-150.00002,0,0
-32.769855,25.002483,-150.00002,0,0
-33.769855,25.002483,-150.00002,0,0
-34.769855,25.002483,-150.00002,0,0
-35.769855,25.002483,-150.00002,0,0
-36.769855,25.002483,-150.00002,0,0
-37.769855,25.002483,-150.00002,0,0
-38.769855,25.002483,-150.00002,0,0
-39.769855,25.002483,-150.00002,0,0
-40.769855,25.002483,-150.00002,0,0
-41.769855,25.002483,-150.00002,0,0
-42.769855,25.002483,-150.00002,0,0
-43.769855,25.002483,-150.00002,0,0
-44.769855,25.002483,-150.00002,0,0
-45.769855,25.002483,-150.00002,0,0
-46.769855,25.002483,-150.00002,0,0
-47.769855,25.002483,-150.00002,0,0
-48.769855,25.002483,-150.00002,0,0
-49.769855,25.002483,-150.00002,0,0
49.230145,24.002483,-150.00002,0,0
48.230145,24.002483,-150.00002,0,0
47.230145,24.002483,-150.00002,0,0
46.230145,24.002483,-150.00002,0,0
45.230145,24.002483,-150.00002,0,0
44.230145,24.002483,-150.00002,0,0
43.230145,24.002483,-150.00002,0,0
42.230145,24.002483,-150.00002,0,0
41.230145,24.002483,-150.00002,0,0
40.230145,24.002483,-150.00002,0,0
39.230145,24.002483,-150.00002,0,0
38.230145,24.002483,-150.00002,0,0
37.230145,24.002483,-150.00002,0,0
36.230145,24.002483,-150.00002,0,0
35.230145,24.002483,-150.00002,0,0
34.230145,24.002483,-150.00002,0,0
33.230145,24.002483,-150.00002,0,0
32.230145,24.002483,-150.00002,0,0
31.230145,24.002483,-150.00002,0,0
30.230145,24.002483,-150.00002,0,0
29.230145,24.002483,-150.00002,0,0
28.230145,24.002483,-150.00002,0,0
27.230145,24.002483,-150.00002,0,0
26.230145,24.002483,-150.00002,0,0
25.230145,24.002483,-150.00002,0,0
24.230145,24.002483,-150.00002,0,0
23.230145,24.002483,-150.00002,0,0
22.230145,24.002483,-150.00002,0,0
21.230145,24.002483,-150.00002,0,0
20.230145,24.002483,-150.00002,0,0
19.230145,24.002483,-150.00002,0,0
18.230145,24.002483,-150.00002,0,0
17.230145,24.002483,-150.00002,0,0
16.230145,24.002483,-150.00002,0,0
15.2301445,24.002483,-150.00002,0,0
14.2301445,24.002483,-150.00002,0,0
13.2301445,24.002483,-150.00002,0,0
12.2301445,24.002483,-150.00002,0,0
11.2301445,24.002483,-150.00002,0,0
10.2301445,24.002483,-150.00002,0,0
9.2301445,24.002483,-150.00002,0,0
8.2301445,24.002483,-150.00002,0,0
7.2301445,24.002483,-150.00002,0,0
6.2301445,24.002483,-150.00002,0,0
5.2301445,24.002483,-150.00002,0,0
4.2301445,24.002483,-150.00002,0,0
3.2301445,24.002483,-150.00002,0,0
2.2301445,24.002483,-150.00002,0,0
1.2301445,24.002483,-150.00002,0,0
0.2301445,24.002483,-150.00002,0,0
-0.7698555,24.002483,-150.00002,0,0
-1.7698555,24.002483,-150.00002,0,0
-2.7698555,24.002483,-150.00002,0,0
-3.7698555,24.002483,-150.00002,0,0
-4.7698555,24.002483,-150.00002,0,0
-5.7698555,24.002483,-150.00002,0,0
-6.7698555,24.002483,-150.00002,0,0
-7.7698555,24.002483,-150.00002,0,0
-8.7698555,24.002483,-150.00002,0,0
-9.7698555,24.002483,-150.00002,0,0
-10.7698555,24.002483,-150.00002,0,0
-11.7698555,24.002483,-150.00002,0,0
-12.7698555,24.002483,-150.00002,0,0
-13.7698555,24.002483,-150.00002,0,0
-14.7698555,24.002483,-150.00002,0,0
-15.7698555,24.002483,-150.00002,0,0
-16.769855,24.002483,-150.00002,0,0
-17.769855,24.002483,-150.00002,0,0
-18.769855,24.002483,-150.00002,0,0
-19.769855,24.002483,-150.00002,0,0
-20.769855,24.002483,-150.00002,0,0
-21.769855,24.002483,-150.00002,0,0
-22.769855,24.002483,-150.00002,0,0
-23.769855,24.002483,-150.00002,0,0
-24.769855,24.002483,-150.00002,0,0
-25.769855,24.002483,-150.00002,0,0
-26.769855,24.002483,-150.00002,0,0
-27.769855,24.002483,-150.00002,0,0
-28.769855,24.002483,-150.00002,0,0
-29.769855,24.002483,-150.00002,0,0
-30.769855,24.002483,-150.00002,0,0
-31.769855,24.002483,-150.00002,0,0
-32.769855,24.002483,-150.00002,0,0
-33.769855,24.002483,-150.00002,0,0
-34.769855,24.002483,-150.00002,0,0
-35.769855,24.002483,-150.00002,0,0
-36.769855,24.002483,-150.00002,0,0
-37.769855,24.002483,-150.00002,0,0
-38.769855,24.002483,-150.00002,0,0
-39.769855,24.002483,-150.00002,0,0
-40.769855,24.002483,-150.00002,0,0
-41.769855,24.002483,-150.00002,0,0
-42.769855,24.002483,-150.00002,0,0
-43.769855,24.002483,-150.00002,0,0
-44.769855,24.002483,-150.00002,0,0
-45.769855,24.002483,-150.00002,0,0
-46.769855,24.002483,-150.00002,0,0
-47.769855,24.002483,-150.00002,0,0
-48.769855,24.002483,-150.00002,0,0
-49.769855,24.002483,-150.00002,0,0
49.230145,23.002483,-150.00002,0,0
48.230145,23.002483,-150.00002,0,0
47.230145,23.002483,-150.00002,0,0
46.230145,23.002483,-150.00002,0,0
45.230145,23.002483,-150.00002,0,0
44.230145,23.002483,-150.00002,0,0
43.230145,23.002483,-150.00002,0,0
42.230145,23.002483,-150.00002,0,0
41.230145,23.002483,-150.00002,0,0
40.230145,23.002483,-150.00002,0,0
39.230145,23.002483,-150.00002,0,0
38.230145,23.002483,-150.00002,0,0
37.230145,23.002483,-150.00002,0,0
36.230145,23.002483,-150.00002,0,0
35.230145,23.002483,-150.00002,0,0
34.230145,23.002483,-150.00002,0,0
33.230145,23.002483,-150.00002,0,0
32.230145,23.002483,-150.00002,0,0
31.230145,23.002483,-150.00002,0,0
30.230145,23.002483,-150.00002,0,0
29.230145,23.002483,-150.00002,0,0
28.230145,23.002483,-150.00002,0,0
27.230145,23.002483,-150.00002,0,0
26.230145,23.002483,-150.00002,0,0
25.230145,23.002483,-150.00002,0,0
24.230145,23.002483,-150.00002,0,0
23.230145,23.002483,-150.00002,0,0
22.230145,23.002483,-150.00002,0,0
21.230145,23.002483,-150.00002,0,0
20.230145,23.002483,-150.00002,0,0
19.230145,23.002483,-150.00002,0,0
18.230145,23.002483,-150.00002,0,0
17.230145,23.002483,-150.00002,0,0
16.230145,23.002483,-150.00002,0,0
15.2301445,23.002483,-150.00002,0,0
14.2301445,23.002483,-150.00002,0,0
13.2301445,23.002483,-150.00002,0,0
12.2301445,23.002483,-150.00002,0,0
11.2301445,23.002483,-150.00002,0,0
10.2301445,23.002483,-150.00002,0,0
9.2301445,23.002483,-150.00002,0,0
8.2301445,23.002483,-150.00002,0,0
7.2301445,23.002483,-150.00002,0,0
6.2301445,23.002483,-150.00002,0,0
5.2301445,23.002483,-150.00002,0,0
4.2301445,23.002483,-150.00002,0,0
3.2301445,23.002483,-150.00002,0,0
2.2301445,23.002483,-150.00002,0,0
1.2301445,23.002483,-150.00002,0,0
0.2301445,23.002483,-150.00002,0,0
-0.7698555,23.002483,-150.00002,0,0
-1.7698555,23.002483,-150.00002,0,0
-2.7698555,23.002483,-150.00002,0,0
-3.7698555,23.002483,-150.00002,0,0
-4.7698555,23.002483,-150.00002,0,0
-5.7698555,23.002483,-150.00002,0,0
-6.7698555,23.002483,-150.00002,0,0
-7.7698555,23.002483,-150.00002,0,0
-8.7698555,23.002483,-150.00002,0,0
-9.7698555,23.002483,-150.00002,0,0
-10.7698555,23.002483,-150.00002,0,0
-11.7698555,23.002483,-150.00002,0,0
-12.7698555,23.002483,-150.00002,0,0
-13.7698555,23.002483,-150.00002,0,0
-14.7698555,23.002483,-150.00002,0,0
-15.7698555,23.002483,-150.00002,0,0
-16.769855,23.002483,-150.00002,0,0
-17.769855,23.002483,-150.00002,0,0
-18.769855,23.002483,-150.00002,0,0
-19.769855,23.002483,-150.00002,0,0
-20.769855,23.002483,-150.00002,0,0
-21.769855,23.002483,-150.00002,0,0
-22.769855,23.002483,-150.00002,0,0
-23.769855,23.002483,-150.00002,0,0
-24.769855,23.002483,-150.00002,0,0
-25.769855,23.002483,-150.00002,0,0
-26.769855,23.002483,-150.00002,0,0
-27.769855,23.002483,-150.00002,0,0
-28.769855,23.002483,-150.00002,0,0
-29.769855,23.002483,-150.00002,0,0
-30.769855,23.002483,-150.00002,0,0
-31.769855,23.002483,-150.00002,0,0
-32.769855,23.002483,-150.00002,0,0
-33.769855,23.002483,-150.00002,0,0
-34.769855,23.002483,-150.00002,0,0
-35.769855,23.002483,-150.00002,0,0
-36.769855,23.002483,-150.00002,0,0
-37.769855,23.002483,-150.00002,0,0
-38.769855,23.002483,-150.00002,0,0
-39.769855,23.002483,-150.00002,0,0
-40.769855,23.002483,-150.00002,0,0
-41.769855,23.002483,-150.00002,0,0
-42.769855,23.002483,-150.00002,0,0
-43.769855,23.002483,-150.00002,0,0
-44.769855,23.002483,-150.00002,0,0
-45.769855,23.002483,-150.00002,0,0
-46.769855,23.002483,-150.00002,0,0
-47.769855,23.002483,-150.00002,0,0
-48.769855,23.002483,-150.00002,0,0
-49.769855,23.002483,-150.00002,0,0
49.230145,22.002483,-150.00002,0,0
48.230145,22.002483,-150.00002,0,0
47.230145,22.002483,-150.00002,0,0
46.230145,22.002483,-150.00002,0,0
45.230145,22.002483,-150.00002,0,0
44.230145,22.002483,-150.00002,0,0
43.230145,22.002483,-150.00002,0,0
42.230145,22.002483,-150.00002,0,0
41.230145,22.002483,-150.00002,0,0
40.230145,22.002483,-150.00002,0,0
39.230145,22.002483,-150.00002,0,0
38.230145,22.002483,-150.00002,0,0
37.230145,22.002483,-150.00002,0,0
36.230145,22.002483,-150.00002,0,0
35.230145,22.002483,-150.00002,0,0
34.230145,22.002483,-150.00002,0,0
33.230145,22.002483,-150.00002,0,0
32.230145,22.002483,-150.00002,0,0
31.230145,22.002483,-150.00002,0,0
30.230145,22.002483,-150.00002,0,0
29.230145,22.002483,-150.00002,0,0
28.230145,22.002483,-150.00002,0,0
27.230145,22.002483,-150.00002,0,0
26.230145,22.002483,-150.00002,0,0
25.230145,22.002483,-150.00002,0,0
24.230145,22.002483,-150.00002,0,0
23.230145,22.002483,-150.00002,0,0
22.230145,22.002483,-150.00002,0,0
21.230145,22.002483,-150.00002,0,0
20.230145,22.002483,-150.00002,0,0
19.230145,22.002483,-150.00002,0,0
18.230145,22.002483,-150.00002,0,0
17.230145,22.002483,-150.00002,0,0
16.230145,22.002483,-150.00002,0,0
15.2301445,22.002483,-150.00002,0,0
14.2301445,22.002483,-150.00002,0,0
13.2301445,22.002483,-150.00002,0,0
12.2301445,22.002483,-150.00002,0,0
11.2301445,22.002483,-150.00002,0,0
10.2301445,22.002483,-150.00002,0,0
9.2301445,22.002483,-150.00002,0,0
8.2301445,22.002483,-150.00002,0,0
7.2301445,22.002483,-150.00002,0,0
6.2301445,22.002483,-150.00002,0,0
5.2301445,22.002483,-150.00002,0,0
4.2301445,22.002483,-150.00002,0,0
3.2301445,22.002483,-150.00002,0,7.999998
2.2301445,22.002483,-150.00002,0,3.999999
1.2301445,22.002483,-150.00002,0,15.999996
0.2301445,22.002483,-150.00002,0,31.999996
-0.7698555,22.002483,-150.00002,0,59.999996
-1.7698555,22.002483,-150.00002,0,55.999996
-2.7698555,22.002483,-150.00002,0,31.999996
-3.7698555,22.002483,-150.00002,0,51.999996
-4.7698555,22.002483,-150.00002,0,23.999996
-5.7698555,22.002483,-150.00002,0,15.999996
-6.7698555,22.002483,-150.00002,0,0
-7.7698555,22.002483,-150.00002,0,0
-8.7698555,22.002483,-150.00002,0,0
-9.7698555,22.002483,-150.00002,0,0
-10.7698555,22.002483,-150.00002,0,0
-11.7698555,22.002483,-150.00002,0,0
-12.7698555,22.002483,-150.00002,0,0
-13.7698555,22.002483,-150.00002,0,0
-14.7698555,22.002483,-150.00002,0,0
-15.7698555,22.002483,-150.00002,0,0
-16.769855,22.002483,-150.00002,0,0
-17.769855,22.002483,-150.00002,0,0
-18.769855,22.002483,-150.00002,0,0
-19.769855,22.002483,-150.00002,0,0
-20.769855,22.002483,-150.00002,0,0
-21.769855,22.002483,-150.00002,0,0
-22.769855,22.002483,-150.00002,0,0
-23.769855,22.002483,-150.00002,0,0
-24.769855,22.002483,-150.00002,0,0
-25.769855,22.002483,-150.00002,0,0
-26.769855,22.002483,-150.00002,0,0
-27.769855,22.002483,-150.00002,0,0
-28.769855,22.002483,-150.00002,0,0
-29.769855,22.002483,-150.00002,0,0
-30.769855,22.002483,-150.00002,0,0
-31.769855,22.002483,-150.00002,0,0
-32.769855,22.002483,-150.00002,0,0
-33.769855,22.002483,-150.00002,0,0
-34.769855,22.002483,-150.00002,0,0
-35.769855,22.002483,-150.00002,0,0
-36.769855,22.002483,-150.00002,0,0
-37.769855,22.002483,-150.00002,0,0
-38.769855,22.002483,-150.00002,0,0
-39.769855,22.002483,-150.00002,0,0
-40.769855,22.002483,-150.00002,0,0
-41.769855,22.002483,-150.00002,0,0
-42.769855,22.002483,-150.00002,0,0
-43.769855,22.002483,-150.00002,0,0
-44.769855,22.002483,-150.00002,0,0
-45.769855,22.002483,-150.00002,0,0
-46.769855,22.002483,-150.00002,0,0
-47.769855,22.002483,-150.00002,0,0
-48.769855,22.002483,-150.00002,0,0
-49.769855,22.002483,-150.00002,0,0
49.230145,21.002483,-150.00002,0,0
48.230145,21.002483,-150.00002,0,0
47.230145,21.002483,-150.00002,0,0
46.230145,21.002483,-150.00002,0,0
45.230145,21.002483,-150.00002,0,0
44.230145,21.002483,-150.00002,0,0
43.230145,21.002483,-150.00002,0,0
42.230145,21.002483,-150.00002,0,0
41.230145,21.002483,-150.00002,0,0
40.230145,21.002483,-150.00002,0,0
39.230145,21.002483,-150.00002,0,0
38.230145,21.002483,-150.00002,0,0
37.230145,21.002483,-150.00002,0,0
36.230145,21.002483,-150.00002,0,0
35.230145,21.002483,-150.00002,0,0
34.230145,21.002483,-150.00002,0,0
33.230145,21.002483,-150.00002,0,0
32.230145,21.002483,-150.00002,0,0
31.230145,21.002483,-150.00002,0,0
30.230145,21.002483,-150.00002,0,0
29.230145,21.002483,-150.00002,0,0
28.230145,21.002483,-150.00002,0,0
27.230145,21.002483,-150.00002,0,0
26.230145,21.002483,-150.00002,0,0
25.230145,21.002483,-150.00002,0,0
24.230145,21.002483,-150.00002,0,0
23.230145,21.002483,-150.00002,0,0
22.230145,21.002483,-150.00002,0,0
21.230145,21.002483,-150.00002,0,0
20.230145,21.002483,-150.00002,0,0
19.230145,21.002483,-150.00002,0,0
18.230145,21.002483,-150.00002,0,0
17.230145,21.002483,-150.00002,0,0
16.230145,21.002483,-150.00002,0,0
15.2301445,21.002483,-150.00002,0,0
14.2301445,21.002483,-150.00002,0,0
13.2301445,21.002483,-150.00002,0,0
12.2301445,21.002483,-150.00002,0,0
11.2301445,21.002483,-150.00002,0,0
10.2301445,21.002483,-150.00002,0,0
9.2301445,21.002483,-150.00002,0,0
8.2301445,21.002483,-150.00002,0,0
7.2301445,21.002483,-150.00002,0,0
6.2301445,21.002483,-150.00002,0,0
5.2301445,21.002483,-150.00002,0,11.999997
4.2301445,21.002483,-150.00002,0,27.999996
3.2301445,21.002483,-150.00002,0,67.99999
2.2301445,21.002483,-150.00002,Infinity,59.999996
1.2301445,21.002483,-150.00002,0.5172741,83.99999
0.2301445,21.002483,-150.00002,0.35012543,59.999996
-0.7698555,21.002483,-150.00002,0.32403028,75.99999
-1.7698555,21.002483,-150.00002,0.4085768,75.99999
-2.7698555,21.002483,-150.00002,0.41356686,63.999996
-3.7698555,21.002483,-150.00002,0.3506868,87.99999
-4.7698555,21.002483,-150.00002,0.34257433,83.99999
-5.7698555,21.002483,-150.00002,0,87.99999
-6.7698555,21.002483,-150.00002,0,71.99999
-7.7698555,21.002483,-150.00002,0,51.999996
-8.7698555,21.002483,-150.00002,0,0
-9.7698555,21.002483,-150.00002,0,0
-10.7698555,21.002483,-150.00002,0,0
-11.7698555,21.002483,-150.00002,0,0
-12.7698555,21.002483,-150.00002,0,0
-13.7698555,21.002483,-150.00002,0,0
-14.7698555,21.002483,-150.00002,0,0
-15.7698555,21.002483,-150.00002,0,0
-16.769855,21.002483,-150.00002,0,0
-17.769855,21.002483,-150.00002,0,0
-18.769855,21.002483,-150.00002,0,0
-19.769855,21.002483,-150.00002,0,0
-20.769855,21.002483,-150.00002,0,0
-21.769855,21.002483,-150.00002,0,0
-22.769855,21.002483,-150.00002,0,0
-23.769855,21.002483,-150.00002,0,0
-24.769855,21.002483,-150.00002,0,0
-25.769855,21.002483,-150.00002,0,0
-26.769855,21.002483,-150.00002,0,0
-27.769855,21.002483,-150.00002,0,0
-28.769855,21.002483,-150.00002,0,0
-29.769855,21.002483,-150.00002,0,0
-30.769855,21.002483,-150.00002,0,0
-31.769855,21.002483,-150.00002,0,0
-32.769855,21.002483,-150.00002,0,0
-33.769855,21.002483,-150.00002,0,0
-34.769855,21.002483,-150.00002,0,0
-35.769855,21.002483,-150.00002,0,0
-36.769855,21.002483,-150.00002,0,0
-37.769855,21.002483,-150.00002,0,0
-38.769855,21.002483,-150.00002,0,0
-39.769855,21.002483,-150.00002,0,0
-40.769855,21.002483,-150.00002,0,0
-41.769855,21.002483,-150.00002,0,0
-42.769855,21.002483,-150.00002,0,0
-43.769855,21.002483,-150.00002,0,0
-44.769855,21.002483,-150.00002,0,0
-45.769855,21.002483,-150.00002,0,0
-46.769855,21.002483,-150.00002,0,0
-47.769855,21.002483,-150.00002,0,0
-48.769855,21.002483,-150.00002,0,0
-49.769855,21.002483,-150.00002,0,0
49.230145,20.002483,-150.00002,0,0
48.230145,20.002483,-150.00002,0,0
47.230145,20.002483,-150.00002,0,0
46.230145,20.002483,-150.00002,0,0
45.230145,20.002483,-150.00002,0,0
44.230145,20.002483,-150.00002,0,0
43.230145,20.002483,-150.00002,0,0
42.230145,20.002483,-150.00002,0,0
41.230145,20.002483,-150.00002,0,0
40.230145,20.002483,-150.00002,0,0
39.230145,20.002483,-150.00002,0,0
38.230145,20.002483,-150.00002,0,0
37.230145,20.002483,-150.00002,0,0
36.230145,20.002483,-150.00002,0,0
35.230145,20.002483,-150.00002,0,0
34.230145,20.002483,-150.00002,0,0
33.230145,20.002483,-150.00002,0,0
32.230145,20.002483,-150.00002,0,0
31.230145,20.002483,-150.00002,0,0
30.230145,20.002483,-150.00002,0,0
29.230145,20.002483,-150.00002,0,0
28.230145,20.002483,-150.00002,0,0
27.230145,20.002483,-150.00002,0,0
26.230145,20.002483,-150.00002,0,0
25.230145,20.002483,-150.00002,0,0
24.230145,20.002483,-150.00002,0,0
23.230145,20.002483,-150.00002,0,0
22.230145,20.002483,-150.00002,0,0
21.230145,20.002483,-150.00002,0,0
20.230145,20.002483,-150.00002,0,0
19.230145,20.002483,-150.00002,0,0
18.230145,20.002483,-150.00002,0,0
17.230145,20.002483,-150.00002,0,0
16.230145,20.002483,-150.00002,0,0
15.2301445,20.002483,-150.00002,0,0
14.2301445,20.002483,-150.00002,0,0
13.2301445,20.002483,-150.00002,0,0
12.2301445,20.002483,-150.00002,0,0
11.2301445,20.002483,-150.00002,0,0
10.2301445,20.002483,-150.00002,0,0
9.2301445,20.002483,-150.00002,0,0
8.2301445,20.002483,-150.00002,0,0
7.2301445,20.002483,-150.00002,0,15.999996
6.2301445,20.002483,-150.00002,0,39.999996
5.2301445,20.002483,-150.00002,0,63.999996
4.2301445,20.002483,-150.00002,0.4532767,55.999996
3.2301445,20.002483,-150.00002,0.49334395,39.999996
2.2301445,20.002483,-150.00002,0.57028884,27.999996
1.2301445,20.002483,-150.00002,0.56835973,83.99999
0.2301445,20.002483,-150.00002,0.4163911,43.999996
-0.7698555,20.002483,-150.00002,0.32259622,43.999996
-1.7698555,20.002483,-150.00002,0.34615317,83.99999
-2.7698555,20.002483,-150.00002,0.2979967,63.999996
-3.7698555,20.002483,-150.00002,0.17983517,107.99999
-4.7698555,20.002483,-150.00002,0.120194525,55.999996
-5.7698555,20.002483,-150.00002,0.23293383,67.99999
-6.7698555,20.002483,-150.00002,0.45063335,83.99999
-7.7698555,20.002483,-150.00002,0,87.99999
-8.7698555,20.002483,-150.00002,0,63.999996
-9.7698555,20.002483,-150.00002,0,19.999996
-10.7698555,20.002483,-150.00002,0,3.999999
-11.7698555,20.002483,-150.00002,0,0
-12.7698555,20.002483,-150.00002,0,0
-13.7698555,20.002483,-150.00002,0,0
-14.7698555,20.002483,-150.00002,0,0
-15.7698555,20.002483,-150.00002,0,0
-16.769855,20.002483,-150.00002,0,0
-17.769855,20.002483,-150.00002,0,0
-18.769855,20.002483,-150.00002,0,0
-19.769855,20.002483,-150.00002,0,0
-20.769855,20.002483,-150.00002,0,0
-21.769855,20.002483,-150.00002,0,0
-22.769855,20.002483,-150.00002,0,0
-23.769855,20.002483,-150.00002,0,0
-24.769855,20.002483,-150.00002,0,0
-25.769855,20.002483,-150.00002,0,0
-26.769855,20.002483,-150.00002,0,0
-27.769855,20.002483,-150.00002,0,0
-28.769855,20.002483,-150.00002,0,0
-29.769855,20.002483,-150.00002,0,0
-30.769855,20.002483,-150.00002,0,0
-31.769855,20.002483,-150.00002,0,0
-32.769855,20.002483,-150.00002,0,0
-33.769855,20.002483,-150.00002,0,0
-34.769855,20.002483,-150.00002,0,0
-35.769855,20.002483,-150.00002,0,0
-36.769855,20.002483,-150.00002,0,0
-37.769855,20.002483,-150.00002,0,0
-38.769855,20.002483,-150.00002,0,0
-39.769855,20.002483,-150.00002,0,0
-40.769855,20.002483,-150.00002,0,0
-41.769855,20.002483,-150.00002,0,0
-42.769855,20.002483,-150.00002,0,0
-43.769855,20.002483,-150.00002,0,0
-44.769855,20.002483,-150.00002,0,0
-45.769855,20.002483,-150.00002,0,0
-46.769855,20.002483,-150.00002,0,0
-47.769855,20.002483,-150.00002,0,0
-48.769855,20.002483,-150.00002,0,0
-49.769855,20.002483,-150.00002,0,0
49.230145,19.002483,-150.00002,0,0
48.230145,19.002483,-150.00002,0,0
47.230145,19.002483,-150.00002,0,0
46.230145,19.002483,-150.00002,0,0
45.230145,19.002483,-150.00002,0,0
44.230145,19.002483,-150.00002,0,0
43.230145,19.002483,-150.00002,0,0
42.230145,19.002483,-150.00002,0,0
41.230145,19.002483,-150.00002,0,0
40.230145,19.002483,-150.00002,0,0
39.230145,19.002483,-150.00002,0,0
38.230145,19.002483,-150.00002,0,0
37.230145,19.002483,-150.00002,0,0
36.230145,19.002483,-150.00002,0,0
35.230145,19.002483,-150.00002,0,0
34.230145,19.002483,-150.00002,0,0
33.230145,19.002483,-150.00002,0,0
32.230145,19.002483,-150.00002,0,0
31.230145,19.002483,-150.00002,0,0
30.230145,19.002483,-150.00002,0,0
29.230145,19.002483,-150.00002,0,0
28.230145,19.002483,-150.00002,0,0
27.230145,19.002483,-150.00002,0,0
26.230145,19.002483,-150.00002,0,0
25.230145,19.002483,-150.00002,0,0
24.230145,19.002483,-150.00002,0,0
23.230145,19.002483,-150.00002,0,0
22.230145,19.002483,-150.00002,0,0
21.230145,19.002483,-150.00002,0,0
20.230145,19.002483,-150.00002,0,0
19.230145,19.002483,-150.00002,0,0
18.230145,19.002483,-150.00002,0,0
17.230145,19.002483,-150.00002,0,0
16.230145,19.002483,-150.00002,0,0
15.2301445,19.002483,-150.00002,0,0
14.2301445,19.002483,-150.00002,0,0
13.2301445,19.002483,-150.00002,0,0
12.2301445,19.002483,-150.00002,0,0
11.2301445,19.002483,-150.00002,0,0
10.2301445,19.002483,-150.00002,0,0
9.2301445,19.002483,-150.00002,0,11.999997
8.2301445,19.002483,-150.00002,0,35.999996
7.2301445,19.002483,-150.00002,0,79.99999
6.2301445,19.002483,-150.00002,0.44939366,51.999996
5.2301445,19.002483,-150.00002,0.41579843,43.999996
4.2301445,19.002483,-150.00002,0.4008823,55.999996
3.2301445,19.002483,-150.00002,0.43483877,47.999996
2.2301445,19.002483,-150.00002,0.51987934,67.99999
1.2301445,19.002483,-150.00002,0.5443062,67.99999
0.2301445,19.002483,-150.00002,0.46605724,51.999996
-0.7698555,19.002483,-150.00002,0.37853947,43.999996
-1.7698555,19.002483,-150.00002,0.33628672,75.99999
-2.7698555,19.002483,-150.00002,0.27351445,83.99999
-3.7698555,19.002483,-150.00002,0.12412384,63.999996
-4.7698555,19.002483,-150.00002,0.050344024,35.999996
-5.7698555,19.002483,-150.00002,0.15422434,95.99999
-6.7698555,19.002483,-150.00002,0.32209274,51.999996
-7.7698555,19.002483,-150.00002,0.48042154,79.99999
-8.7698555,19.002483,-150.00002,0.56086624,71.99999
-9.7698555,19.002483,-150.00002,Infinity,79.99999
-10.7698555,19.002483,-150.00002,0,31.999996
-11.7698555,19.002483,-150.00002,0,3.999999
-12.7698555,19.002483,-150.00002,0,0
-13.7698555,19.002483,-150.00002,0,0
-14.7698555,19.002483,-150.00002,0,0
-15.7698555,19.002483,-150.00002,0,0
-16.769855,19.002483,-150.00002,0,0
-17.769855,19.002483,-150.00002,0,0
-18.769855,19.002483,-150.00002,0,0
-19.769855,19.002483,-150.00002,0,0
-20.769855,19.002483,-150.00002,0,0
-21.769855,19.002483,-150.00002,0,0
-22.769855,19.002483,-150.00002,0,0
-23.769855,19.002483,-150.00002,0,0
-24.769855,19.002483,-150.00002,0,0
-25.769855,19.002483,-150.00002,0,0
-26.769855,19.002483,-150.00002,0,0
-27.769855,19.002483,-150.00002,0,0
-28.769855,19.002483,-150.00002,0,0
-29.769855,19.002483,-150.00002,0,0
-30.769855,19.002483,-150.00002,0,0
-31.769855,19.002483,-150.00002,0,0
-32.769855,19.002483,-150.00002,0,0
-33.769855,19.002483,-150.00002,0,0
-34.769855,19.002483,-150.00002,0,0
-35.769855,19.002483,-150.00002,0,0
-36.769855,19.002483,-150.00002,0,0
-37.769855,19.002483,-150.00002,0,0
-38.769855,19.002483,-150.00002,0,0
-39.769855,19.002483,-150.00002,0,0
-40.769855,19.002483,-150.00002,0,0
-41.769855,19.002483,-150.00002,0,0
-42.769855,19.002483,-150.00002,0,0
-43.769855,19.002483,-150.00002,0,0
-44.769855,19.002483,-150.00002,0,0
-45.769855,19.002483,-150.00002,0,0
-46.769855,19.002483,-150.00002,0,0
-47.769855,19.002483,-150.00002,0,0
-48.769855,19.002483,-150.00002,0,0
-49.769855,19.002483,-150.00002,0,0
49.230145,18.002483,-150.00002,0,0
48.230145,18.002483,-150.00002,0,0
47.230145,18.002483,-150.00002,0,0
46.230145,18.002483,-150.00002,0,0
45.230145,18.002483,-150.00002,0,0
44.230145,18.002483,-150.00002,0,0
43.230145,18.002483,-150.00002,0,0
42.230145,18.002483,-150.00002,0,0
41.230145,18.002483,-150.00002,0,0
40.230145,18.002483,-150.00002,0,0
39.230145,18.002483,-150.00002,0,0
38.230145,18.002483,-150.00002,0,0
37.230145,18.002483,-150.00002,0,0
36.230145,18.002483,-150.00002,0,0
35.230145,18.002483,-150.00002,0,0
34.230145,18.002483,-150.00002,0,0
33.230145,18.002483,-150.00002,0,0
32.230145,18.002483,-150.00002,0,0
31.230145,18.002483,-150.00002,0,0
30.230145,18.002483,-150.00002,0,0
29.230145,18.002483,-150.00002,0,0
28.230145,18.002483,-150.00002,0,0
27.230145,18.002483,-150.00002,0,0
26.230145,18.002483,-150.00002,0,0
25.230145,18.002483,-150.00002,0,0
24.230145,18.002483,-150.00002,0,0
23.230145,18.002483,-150.00002,0,0
22.230145,18.002483,-150.00002,0,0
21.230145,18.002483,-150.00002,0,0
20.230145,18.002483,-150.00002,0,0
19.230145,18.002483,-150.00002,0,0
18.230145,18.002483,-150.00002,0,0
17.230145,18.002483,-150.00002,0,0
16.230145,18.002483,-150.00002,0,0
15.2301445,18.002483,-150.00002,0,0
14.2301445,18.002483,-150.00002,0,0
13.2301445,18.002483,-150.00002,0,0
12.2301445,18.002483,-150.00002,0,0
11.2301445,18.002483,-150.00002,0,7.999998
10.2301445,18.002483,-150.00002,0,7.999998
9.2301445,18.002483,-150.00002,0,31.999996
8.2301445,18.002483,-150.00002,0.41185993,55.999996
7.2301445,18.002483,-150.00002,0.47784188,59.999996
6.2301445,18.002483,-150.00002,0.4074553,59.999996
5.2301445,18.002483,-150.00002,0.26392472,43.999996
4.2301445,18.002483,-150.00002,0.24443083,43.999996
3.2301445,18.002483,-150.00002,0.4121824,59.999996
2.2301445,18.002483,-150.00002,0.60203856,51.999996
1.2301445,18.002483,-150.00002,0.6174195,59.999996
0.2301445,18.002483,-150.00002,0.5203476,67.99999
-0.7698555,18.002483,-150.00002,0.40270406,67.99999
-1.7698555,18.002483,-150.00002,0.33389467,75.99999
-2.7698555,18.002483,-150.00002,0.3145027,55.999996
-3.7698555,18.002483,-150.00002,0.25853214,67.99999
-4.7698555,18.002483,-150.00002,0.20502084,83.99999
-5.7698555,18.002483,-150.00002,0.16867363,51.999996
-6.7698555,18.002483,-150.00002,0.19971243,55.999996
-7.7698555,18.002483,-150.00002,0.30260205,63.999996
-8.7698555,18.002483,-150.00002,0.4116481,95.99999
-9.7698555,18.002483,-150.00002,0.4534279,47.999996
-10.7698555,18.002483,-150.00002,0.42720312,67.99999
-11.7698555,18.002483,-150.00002,0,59.999996
-12.7698555,18.002483,-150.00002,0,3.999999
-13.7698555,18.002483,-150.00002,0,0
-14.7698555,18.002483,-150.00002,0,0
-15.7698555,18.002483,-150.00002,0,0
-16.769855,18.002483,-150.00002,0,0
-17.769855,18.002483,-150.00002,0,0
-18.769855,18.002483,-150.00002,0,0
-19.769855,18.002483,-150.00002,0,0
-20.769855,18.002483,-150.00002,0,0
-21.769855,18.002483,-150.00002,0,0
-22.769855,18.002483,-150.00002,0,0
-23.769855,18.002483,-150.00002,0,0
-24.769855,18.002483,-150.00002,0,0
-25.769855,18.002483,-150.00002,0,0
-26.769855,18.002483,-150.00002,0,0
-27.769855,18.002483,-150.00002,0,0
-28.769855,18.002483,-150.00002,0,0
-29.769855,18.002483,-150.00002,0,0
-30.769855,18.002483,-150.00002,0,0
-31.769855,18.002483,-150.00002,0,0
-32.769855,18.002483,-150.00002,0,0
-33.769855,18.002483,-150.00002,0,0
-34.769855,18.002483,-150.00002,0,0
-35.769855,18.002483,-150.00002,0,0
-36.769855,18.002483,-150.00002,0,0
-37.769855,18.002483,-150.00002,0,0
-38.769855,18.002483,-150.00002,0,0
-39.769855,18.002483,-150.00002,0,0
-40.769855,18.002483,-150.00002,0,0
-41.769855,18.002483,-150.00002,0,0
-42.769855,18.002483,-150.00002,0,0
-43.769855,18.002483,-150.00002,0,0
-44.769855,18.002483,-150.00002,0,0
-45.769855,18.002483,-150.00002,0,0
-46.769855,18.002483,-150.00002,0,0
-47.769855,18.002483,-150.00002,0,0
-48.769855,18.002483,-150.00002,0,0
-49.769855,18.002483,-150.00002,0,0
49.230145,17.002483,-150.00002,0,0
48.230145,17.002483,-150.00002,0,0
47.230145,17.002483,-150.00002,0,0
46.230145,17.002483,-150.00002,0,0
45.230145,17.002483,-150.00002,0,0
44.230145,17.002483,-150.00002,0,0
43.230145,17.002483,-150.00002,0,0
42.230145,17.002483,-150.00002,0,0
41.230145,17.002483,-150.00002,0,0
40.230145,17.002483,-150.00002,0,0
39.230145,17.002483,-150.00002,0,0
38.230145,17.002483,-150.00002,0,0
37.230145,17.002483,-150.00002,0,0
36.230145,17.002483,-150.00002,0,0
35.230145,17.002483,-150.00002,0,0
34.230145,17.002483,-150.00002,0,0
33.230145,17.002483,-150.00002,0,0
32.230145,17.002483,-150.00002,0,0
31.230145,17.002483,-150.00002,0,0
30.230145,17.002483,-150.00002,0,0
29.230145,17.002483,-150.00002,0,0
28.230145,17.002483,-150.00002,0,0
27.230145,17.002483,-150.00002,0,0
26.230145,17.002483,-150.00002,0,0
25.230145,17.002483,-150.00002,0,0
24.230145,17.002483,-150.00002,0,0
23.230145,17.002483,-150.00002,0,0
22.230145,17.002483,-150.00002,0,0
21.230145,17.002483,-150.00002,0,0
20.230145,17.002483,-150.00002,0,0
19.230145,17.002483,-150.00002,0,0
18.230145,17.002483,-150.00002,0,0
17.230145,17.002483,-150.00002,0,0
16.230145,17.002483,-150.00002,0,0
15.2301445,17.002483,-150.00002,0,0
14.2301445,17.002483,-150.00002,0,0
13.2301445,17.002483,-150.00002,0,0
12.2301445,17.002483,-150.00002,0,0
11.2301445,17.002483,-150.00002,0,35.999996
10.2301445,17.002483,-150.00002,Infinity,59.999996
9.2301445,17.002483,-150.00002,0.22517517,55.999996
8.2301445,17.002483,-150.00002,0.275836,39.999996
7.2301445,17.002483,-150.00002,0.3067758,35.999996
6.2301445,17.002483,-150.00002,0.23854612,47.999996
5.2301445,17.002483,-150.00002,0.12602124,55.999996
4.2301445,17.002483,-150.00002,0.12028864,59.999996
3.2301445,17.002483,-150.00002,0.31190526,75.99999
2.2301445,17.002483,-150.00002,0.52875257,95.99999
1.2301445,17.002483,-150.00002,0.5801094,75.99999
0.2301445,17.002483,-150.00002,0.48061487,47.999996
-0.7698555,17.002483,-150.00002,0.37298816,55.999996
-1.7698555,17.002483,-150.00002,0.3660599,51.999996
-2.7698555,17.002483,-150.00002,0.43124127,79.99999
-3.7698555,17.002483,-150.00002,0.41670504,91.99999
-4.7698555,17.002483,-150.00002,0.34897822,51.999996
-5.7698555,17.002483,-150.00002,0.24302417,47.999996
-6.7698555,17.002483,-150.00002,0.14210472,35.999996
-7.7698555,17.002483,-150.00002,0.18159653,63.999996
-8.7698555,17.002483,-150.00002,0.3188803,59.999996
-9.7698555,17.002483,-150.00002,0.40773255,43.999996
-10.7698555,17.002483,-150.00002,0.39651364,63.999996
-11.7698555,17.002483,-150.00002,0.28203613,51.999996
-12.7698555,17.002483,-150.00002,-Infinity,75.99999
-13.7698555,17.002483,-150.00002,0,43.999996
-14.7698555,17.002483,-150.00002,0,3.999999
-15.7698555,17.002483,-150.00002,0,3.999999
-16.769855,17.002483,-150.00002,0,0
-17.769855,17.002483,-150.00002,0,0
-18.769855,17.002483,-150.00002,0,0
-19.769855,17.002483,-150.00002,0,0
-20.769855,17.002483,-150.00002,0,0
-21.769855,17.002483,-150.00002,0,0
-22.769855,17.002483,-150.00002,0,0
-23.769855,17.002483,-150.00002,0,0
-24.769855,17.002483,-150.00002,0,0
-25.769855,17.002483,-150.00002,0,0
-26.769855,17.002483,-150.00002,0,0
-27.769855,17.002483,-150.00002,0,0
-28.769855,17.002483,-150.00002,0,0
-29.769855,17.002483,-150.00002,0,0
-30.769855,17.002483,-150.00002,0,0
-31.769855,17.002483,-150.00002,0,0
-32.769855,17.002483,-150.00002,0,0
-33.769855,17.002483,-150.00002,0,0
-34.769855,17.002483,-150.00002,0,0
-35.769855,17.002483,-150.00002,0,0
-36.769855,17.002483,-150.00002,0,0
-37.769855,17.002483,-150.00002,0,0
-38.769855,17.002483,-150.00002,0,0
-39.769855,17.002483,-150.00002,0,0
-40.769855,17.002483,-150.00002,0,0
-41.769855,17.002483,-150.00002,0,0
-42.769855,17.002483,-150.00002,0,0
-43.769855,17.002483,-150.00002,0,0
-44.769855,17.002483,-150.00002,0,0
-45.769855,17.002483,-150.00002,0,0
-46.769855,17.002483,-150.00002,0,0
-47.769855,17.002483,-150.00002,0,0
-48.769855,17.002483,-150.00002,0,0
-49.769855,17.002483,-150.00002,0,0
49.230145,16.002483,-150.00002,0,0
48.230145,16.002483,-150.00002,0,0
47.230145,16.002483,-150.00002,0,0
46.230145,16.002483,-150.00002,0,0
45.230145,16.002483,-150.00002,0,0
44.230145,16.002483,-150.00002,0,0
43.230145,16.002483,-150.00002,0,0
42.230145,16.002483,-150.00002,0,0
41.230145,16.002483,-150.00002,0,0
40.230145,16.002483,-150.00002,0,0
39.230145,16.002483,-150.00002,0,0
38.230145,16.002483,-150.00002,0,0
37.230145,16.002483,-150.00002,0,0
36.230145,16.002483,-150.00002,0,0
35.230145,16.002483,-150.00002,0,0
34.230145,16.002483,-150.00002,0,0
33.230145,16.002483,-150.00002,0,0
32.230145,16.002483,-150.00002,0,0
31.230145,16.002483,-150.00002,0,0
30.230145,16.002483,-150.00002,0,0
29.230145,16.002483,-150.00002,0,0
28.230145,16.002483,-150.00002,0,0
27.230145,16.002483,-150.00002,0,0
26.230145,16.002483,-150.00002,0,0
25.230145,16.002483,-150.00002,0,0
24.230145,16.002483,-150.00002,0,0
23.230145,16.002483,-150.00002,0,0
22.230145,16.002483,-150.00002,0,0
21.230145,16.002483,-150.00002,0,0
20.230145,16.002483,-150.00002,0,0
19.230145,16.002483,-150.00002,0,0
18.230145,16.002483,-150.00002,0,0
17.230145,16.002483,-150.00002,0,0
16.230145,16.002483,-150.00002,0,0
15.2301445,16.002483,-150.00002,0,0
14.2301445,16.002483,-150.00002,0,0
13.2301445,16.002483,-150.00002,0,0
12.2301445,16.002483,-150.00002,0,27.999996
11.2301445,16.002483,-150.00002,-Infinity,95.99999
10.2301445,16.002483,-150.00002,0.3700417,91.99999
9.2301445,16.002483,-150.00002,0.35952005,47.999996
8.2301445,16.002483,-150.00002,0.33731636,35.999996
7.2301445,16.002483,-150.00002,0.30334792,39.999996
6.2301445,16.002483,-150.00002,0.20365012,63.999996
5.2301445,16.002483,-150.00002,0.12347419,43.999996
4.2301445,16.002483,-150.00002,0.15152109,59.999996
3.2301445,16.002483,-150.00002,0.26293457,35.999996
2.2301445,16.002483,-150.00002,0.39208806,51.999996
1.2301445,16.002483,-150.00002,0.41161048,43.999996
0.2301445,16.002483,-150.00002,0.33078447,63.999996
-0.7698555,16.002483,-150.00002,0.36258924,91.99999
-1.7698555,16.002483,-150.00002,0.5115988,79.99999
-2.7698555,16.002483,-150.00002,0.5957046,67.99999
-3.7698555,16.002483,-150.00002,0.49978986,47.999996
-4.7698555,16.002483,-150.00002,0.35980964,31.999996
-5.7698555,16.002483,-150.00002,0.25847027,59.999996
-6.7698555,16.002483,-150.00002,0.15054376,51.999996
-7.7698555,16.002483,-150.00002,0.13820258,79.99999
-8.7698555,16.002483,-150.00002,0.28574795,51.999996
-9.7698555,16.002483,-150.00002,0.3632918,63.999996
-10.7698555,16.002483,-150.00002,0.2521581,19.999996
-11.7698555,16.002483,-150.00002,0.19009207,43.999996
-12.7698555,16.002483,-150.00002,0.21277565,67.99999
-13.7698555,16.002483,-150.00002,Infinity,35.999996
-14.7698555,16.002483,-150.00002,Infinity,51.999996
-15.7698555,16.002483,-150.00002,0,7.999998
-16.769855,16.002483,-150.00002,0,0
-17.769855,16.002483,-150.00002,0,0
-18.769855,16.002483,-150.00002,0,0
-19.769855,16.002483,-150.00002,0,0
-20.769855,16.002483,-150.00002,0,0
-21.769855,16.002483,-150.00002,0,0
-22.769855,16.002483,-150.00002,0,0
-23.769855,16.002483,-150.00002,0,0
-24.769855,16.002483,-150.00002,0,0
-25.769855,16.002483,-150.00002,0,0
-26.769855,16.002483,-150.00002,0,0
-27.769855,16.002483,-150.00002,0,0
-28.769855,16.002483,-150.00002,0,0
-29.769855,16.002483,-150.00002,0,0
-30.769855,16.002483,-150.00002,0,0
-31.769855,16.002483,-150.00002,0,0
-32.769855,16.002483,-150.00002,0,0
-33.769855,16.002483,-150.00002,0,0
-34.769855,16.002483,-150.00002,0,0
-35.769855,16.002483,-150.00002,0,0
-36.769855,16.002483,-150.00002,0,0
-37.769855,16.002483,-150.00002,0,0
-38.769855,16.002483,-150.00002,0,0
-39.769855,16.002483,-150.00002,0,0
-40.769855,16.002483,-150.00002,0,0
-41.769855,16.002483,-150.00002,0,0
-42.769855,16.002483,-150.00002,0,0
-43.769855,16.002483,-150.00002,0,0
-44.769855,16.002483,-150.00002,0,0
-45.769855,16.002483,-150.00002,0,0
-46.769855,16.002483,-150.00002,0,0
-47.769855,16.002483,-150.00002,0,0
-48.769855,16.002483,-150.00002,0,0
-49.769855,16.002483,-150.00002,0,0
49.230145,15.002483,-150.00002,0,0
48.230145,15.002483,-150.00002,0,0
47.230145,15.002483,-150.00002,0,0
46.230145,15.002483,-150.00002,0,0
45.230145,15.002483,-150.00002,0,0
44.230145,15.002483,-150.00002,0,0
43.230145,15.002483,-150.00002,0,0
42.230145,15.002483,-150.00002,0,0
41.230145,15.002483,-150.00002,0,0
40.230145,15.002483,-150.00002,0,0
39.230145,15.002483,-150.00002,0,0
38.230145,15.002483,-150.00002,0,0
37.230145,15.002483,-150.00002,0,0
36.230145,15.002483,-150.00002,0,0
35.230145,15.002483,-150.00002,0,0
34.230145,15.002483,-150.00002,0,0
33.230145,15.002483,-150.00002,0,0
32.230145,15.002483,-150.00002,0,0
31.230145,15.002483,-150.00002,0,0
30.230145,15.002483,-150.00002,0,0
29.230145,15.002483,-150.00002,0,0
28.230145,15.002483,-150.00002,0,0
27.230145,15.002483,-150.00002,0,0
26.230145,15.002483,-150.00002,0,0
25.230145,15.002483,-150.00002,0,0
24.230145,15.002483,-150.00002,0,0
23.230145,15.002483,-150.00002,0,0
22.230145,15.002483,-150.00002,0,0
21.230145,15.002483,-150.00002,0,0
20.230145,15.002483,-150.00002,0,0
19.230145,15.002483,-150.00002,0,0
18.230145,15.002483,-150.00002,0,0
17.230145,15.002483,-150.00002,0,0
16.230145,15.002483,-150.00002,0,0
15.2301445,15.002483,-150.00002,0,0
14.2301445,15.002483,-150.00002,0,0
13.2301445,15.002483,-150.00002,0,35.999996
12.2301445,15.002483,-150.00002,0,43.999996
11.2301445,15.002483,-150.00002,0.3830031,79.99999
10.2301445,15.002483,-150.00002,0.5111476,87.99999
9.2301445,15.002483,-150.00002,0.52562225,91.99999
8.2301445,15.002483,-150.00002,0.51510215,91.99999
7.2301445,15.002483,-150.00002,0.47565895,51.999996
6.2301445,15.002483,-150.00002,0.35091364,87.99999
5.2301445,15.002483,-150.00002,0.2561818,43.999996
4.2301445,15.002483,-150.00002,0.26949915,63.999996
3.2301445,15.002483,-150.00002,0.3103979,59.999996
2.2301445,15.002483,-150.00002,0.3422267,43.999996
1.2301445,15.002483,-150.00002,0.2712406,83.99999
0.2301445,15.002483,-150.00002,0.19142464,35.999996
-0.7698555,15.002483,-150.00002,0.37649077,75.99999
-1.7698555,15.002483,-150.00002,0.60123706,111.99999
-2.7698555,15.002483,-150.00002,0.6803956,99.99999
-3.7698555,15.002483,-150.00002,0.61763483,79.99999
-4.7698555,15.002483,-150.00002,0.4308763,31.999996
-5.7698555,15.002483,-150.00002,0.27954456,43.999996
-6.7698555,15.002483,-150.00002,0.23805356,71.99999
-7.7698555,15.002483,-150.00002,0.24589798,39.999996
-8.7698555,15.002483,-150.00002,0.3453379,43.999996
-9.7698555,15.002483,-150.00002,0.39803696,71.99999
-10.7698555,15.002483,-150.00002,0.2896461,59.999996
-11.7698555,15.002483,-150.00002,0.14095923,35.999996
-12.7698555,15.002483,-150.00002,0.11261761,39.999996
-13.7698555,15.002483,-150.00002,0.16791517,51.999996
-14.7698555,15.002483,-150.00002,0.2730382,71.99999
-15.7698555,15.002483,-150.00002,0,59.999996
-16.769855,15.002483,-150.00002,0,7.999998
-17.769855,15.002483,-150.00002,0,0
-18.769855,15.002483,-150.00002,0,0
-19.769855,15.002483,-150.00002,0,0
-20.769855,15.002483,-150.00002,0,0
-21.769855,15.002483,-150.00002,0,0
-22.769855,15.002483,-150.00002,0,0
-23.769855,15.002483,-150.00002,0,0
-24.769855,15.002483,-150.00002,0,0
-25.769855,15.002483,-150.00002,0,0
-26.769855,15.002483,-150.00002,0,0
-27.769855,15.002483,-150.00002,0,0
-28.769855,15.002483,-150.00002,0,0
-29.769855,15.002483,-150.00002,0,0
-30.769855,15.002483,-150.00002,0,0
-31.769855,15.002483,-150.00002,0,0
-32.769855,15.002483,-150.00002,0,0
-33.769855,15.002483,-150.00002,0,0
-34.769855,15.002483,-150.00002,0,0
-35.769855,15.002483,-150.00002,0,0
-36.769855,15.002483,-150.00002,0,0
-37.769855,15.002483,-150.00002,0,0
-38.769855,15.002483,-150.00002,0,0
-39.769855,15.002483,-150.00002,0,0
-40.769855,15.002483,-150.00002,0,0
-41.769855,15.002483,-150.00002,0,0
-42.769855,15.002483,-150.00002,0,0
-43.769855,15.002483,-150.00002,0,0
-44.769855,15.002483,-150.00002,0,0
-45.769855,15.002483,-150.00002,0,0
-46.769855,15.002483,-150.00002,0,0
-47.769855,15.002483,-150.00002,0,0
-48.769855,15.002483,-150.00002,0,0
-49.769855,15.002483,-150.00002,0,0
49.230145,14.002483,-150.00002,0,0
48.230145,14.002483,-150.00002,0,0
47.230145,14.002483,-150.00002,0,0
46.230145,14.002483,-150.00002,0,0
45.230145,14.002483,-150.00002,0,0
44.230145,14.002483,-150.00002,0,0
43.230145,14.002483,-150.00002,0,0
42.230145,14.002483,-150.00002,0,0
41.230145,14.002483,-150.00002,0,0
40.230145,14.002483,-150.00002,0,0
39.230145,14.002483,-150.00002,0,0
38.230145,14.002483,-150.00002,0,0
37.230145,14.002483,-150.00002,0,0
36.230145,14.002483,-150.00002,0,0
35.230145,14.002483,-150.00002,0,0
34.230145,14.002483,-150.00002,0,0
33.230145,14.002483,-150.00002,0,0
32.230145,14.002483,-150.00002,0,0
31.230145,14.002483,-150.00002,0,0
30.230145,14.002483,-150.00002,0,0
29.230145,14.002483,-150.00002,0,0
28.230145,14.002483,-150.00002,0,0
27.230145,14.002483,-150.00002,0,0
26.230145,14.002483,-150.00002,0,0
25.230145,14.002483,-150.00002,0,0
24.230145,14.002483,-150.00002,0,0
23.230145,14.002483,-150.00002,0,0
22.230145,14.002483,-150.00002,0,0
21.230145,14.002483,-150.00002,0,0
20.230145,14.002483,-150.00002,0,0
19.230145,14.002483,-150.00002,0,0
18.230145,14.002483,-150.00002,0,0
17.230145,14.002483,-150.00002,0,0
16.230145,14.002483,-150.00002,0,0
15.2301445,14.002483,-150.00002,0,0
14.2301445,14.002483,-150.00002,0,15.999996
13.2301445,14.002483,-150.00002,0,59.999996
12.2301445,14.002483,-150.00002,0.27057645,71.99999
11.2301445,14.002483,-150.00002,0.39927098,67.99999
10.2301445,14.002483,-150.00002,0.53320724,91.99999
9.2301445,14.002483,-150.00002,0.6109987,55.999996
8.2301445,14.002483,-150.00002,0.6470053,27.999996
7.2301445,14.002483,-150.00002,0.547163,63.999996
6.2301445,14.002483,-150.00002,0.36113656,59.999996
5.2301445,14.002483,-150.00002,0.3230462,87.99999
4.2301445,14.002483,-150.00002,0.36283883,35.999996
3.2301445,14.002483,-150.00002,0.4159897,27.999996
2.2301445,14.002483,-150.00002,0.38714147,59.999996
1.2301445,14.002483,-150.00002,0.18704963,43.999996
0.2301445,14.002483,-150.00002,0.14310993,43.999996
-0.7698555,14.002483,-150.00002,0.36059436,79.99999
-1.7698555,14.002483,-150.00002,0.5510499,55.999996
-2.7698555,14.002483,-150.00002,0.65971524,71.99999
-3.7698555,14.002483,-150.00002,0.7100607,87.99999
-4.7698555,14.002483,-150.00002,0.56561667,51.999996
-5.7698555,14.002483,-150.00002,0.40791294,31.999996
-6.7698555,14.002483,-150.00002,0.42698914,63.999996
-7.7698555,14.002483,-150.00002,0.4809242,67.99999
-8.7698555,14.002483,-150.00002,0.45969254,55.999996
-9.7698555,14.002483,-150.00002,0.42065698,39.999996
-10.7698555,14.002483,-150.00002,0.40224183,55.999996
-11.7698555,14.002483,-150.00002,0.28890356,39.999996
-12.7698555,14.002483,-150.00002,0.16178119,23.999996
-13.7698555,14.002483,-150.00002,0.15802513,35.999996
-14.7698555,14.002483,-150.00002,0.1916236,39.999996
-15.7698555,14.002483,-150.00002,0.27870256,63.999996
-16.769855,14.002483,-150.00002,0,51.999996
-17.769855,14.002483,-150.00002,0,0
-18.769855,14.002483,-150.00002,0,0
-19.769855,14.002483,-150.00002,0,0
-20.769855,14.002483,-150.00002,0,0
-21.769855,14.002483,-150.00002,0,0
-22.769855,14.002483,-150.00002,0,0
-23.769855,14.002483,-150.00002,0,0
-24.769855,14.002483,-150.00002,0,0
-25.769855,14.002483,-150.00002,0,0
-26.769855,14.002483,-150.00002,0,0
-27.769855,14.002483,-150.00002,0,0
-28.769855,14.002483,-150.00002,0,0
-29.769855,14.002483,-150.00002,0,0
-30.769855,14.002483,-150.00002,0,0
-31.769855,14.002483,-150.00002,0,0
-32.769855,14.002483,-150.00002,0,0
-33.769855,14.002483,-150.00002,0,0
-34.769855,14.002483,-150.00002,0,0
-35.769855,14.002483,-150.00002,0,0
-36.769855,14.002483,-150.00002,0,0
-37.769855,14.002483,-150.00002,0,0
-38.769855,14.002483,-150.00002,0,0
-39.769855,14.002483,-150.00002,0,0
-40.769855,14.002483,-150.00002,0,0
-41.769855,14.002483,-150.00002,0,0
-42.769855,14.002483,-150.00002,0,0
-43.769855,14.002483,-150.00002,0,0
-44.769855,14.002483,-150.00002,0,0
-45.769855,14.002483,-150.00002,0,0
-46.769855,14.002483,-150.00002,0,0
-47.769855,14.002483,-150.00002,0,0
-48.769855,14.002483,-150.00002,0,0
-49.769855,14.002483,-150.00002,0,0
49.230145,13.002483,-150.00002,0,0
48.230145,13.002483,-150.00002,0,0
47.230145,13.002483,-150.00002,0,0
46.230145,13.002483,-150.00002,0,0
45.230145,13.002483,-150.00002,0,0
44.230145,13.002483,-150.00002,0,0
43.230145,13.002483,-150.00002,0,0
42.230145,13.002483,-150.00002,0,0
41.230145,13.002483,-150.00002,0,0
40.230145,13.002483,-150.00002,0,0
39.230145,13.002483,-150.00002,0,0
38.230145,13.002483,-150.00002,0,0
37.230145,13.002483,-150.00002,0,0
36.230145,13.002483,-150.00002,0,0
35.230145,13.002483,-150.00002,0,0
34.230145,13.002483,-150.00002,0,0
33.230145,13.002483,-150.00002,0,0
32.230145,13.002483,-150.00002,0,0
31.230145,13.002483,-150.00002,0,0
30.230145,13.002483,-150.00002,0,0
29.230145,13.002483,-150.00002,0,0
28.230145,13.002483,-150.00002,0,0
27.230145,13.002483,-150.00002,0,0
26.230145,13.002483,-150.00002,0,0
25.230145,13.002483,-150.00002,0,0
24.230145,13.002483,-150.00002,0,0
23.230145,13.002483,-150.00002,0,0
22.230145,13.002483,-150.00002,0,0
21.230145,13.002483,-150.00002,0,0
20.230145,13.002483,-150.00002,0,0
19.230145,13.002483,-150.00002,0,0
18.230145,13.002483,-150.00002,0,0
17.230145,13.002483,-150.00002,0,0
16.230145,13.002483,-150.00002,0,0
15.2301445,13.002483,-150.00002,0,15.999996
14.2301445,13.002483,-150.00002,0,51.999996
13.2301445,13.002483,-150.00002,0.3757257,63.999996
12.2301445,13.002483,-150.00002,0.3681103,87.99999
11.2301445,13.002483,-150.00002,0.39478537,71.99999
10.2301445,13.002483,-150.00002,0.47023952,83.99999
9.2301445,13.002483,-150.00002,0.5855171,71.99999
8.2301445,13.002483,-150.00002,0.6650439,75.99999
7.2301445,13.002483,-150.00002,0.5422327,63.999996
6.2301445,13.002483,-150.00002,0.3522057,31.999996
5.2301445,13.002483,-150.00002,0.33395395,35.999996
4.2301445,13.002483,-150.00002,0.47591674,27.999996
3.2301445,13.002483,-150.00002,0.5576391,55.999996
2.2301445,13.002483,-150.00002,0.41044545,71.99999
1.2301445,13.002483,-150.00002,0.12230685,59.999996
0.2301445,13.002483,-150.00002,0.07180747,35.999996
-0.7698555,13.002483,-150.00002,0.28645548,71.99999
-1.7698555,13.002483,-150.00002,0.48399234,55.999996
-2.7698555,13.002483,-150.00002,0.63579166,55.999996
-3.7698555,13.002483,-150.00002,0.6690089,71.99999
-4.7698555,13.002483,-150.00002,0.539348,83.99999
-5.7698555,13.002483,-150.00002,0.47018757,79.99999
-6.7698555,13.002483,-150.00002,0.5567355,47.999996
-7.7698555,13.002483,-150.00002,0.64040315,71.99999
-8.7698555,13.002483,-150.00002,0.60326827,71.99999
-9.7698555,13.002483,-150.00002,0.50930285,51.999996
-10.7698555,13.002483,-150.00002,0.45657432,35.999996
-11.7698555,13.002483,-150.00002,0.39110482,59.999996
-12.7698555,13.002483,-150.00002,0.26779094,35.999996
-13.7698555,13.002483,-150.00002,0.18592513,35.999996
-14.7698555,13.002483,-150.00002,0.17925893,43.999996
-15.7698555,13.002483,-150.00002,0.24134585,47.999996
-16.769855,13.002483,-150.00002,0,63.999996
-17.769855,13.002483,-150.00002,0,39.999996
-18.769855,13.002483,-150.00002,0,0
-19.769855,13.002483,-150.00002,0,0
-20.769855,13.002483,-150.00002,0,0
-21.769855,13.002483,-150.00002,0,0
-22.769855,13.002483,-150.00002,0,0
-23.769855,13.002483,-150.00002,0,0
-24.769855,13.002483,-150.00002,0,0
-25.769855,13.002483,-150.00002,0,0
-26.769855,13.002483,-150.00002,0,0
-27.769855,13.002483,-150.00002,0,0
-28.769855,13.002483,-150.00002,0,0
-29.769855,13.002483,-150.00002,0,0
-30.769855,13.002483,-150.00002,0,0
-31.769855,13.002483,-150.00002,0,0
-32.769855,13.002483,-150.00002,0,0
-33.769855,13.002483,-150.00002,0,0
-34.769855,13.002483,-150.00002,0,0
-35.769855,13.002483,-150.00002,0,0
-36.769855,13.002483,-150.00002,0,0
-37.769855,13.002483,-150.00002,0,0
-38.769855,13.002483,-150.00002,0,0
-39.769855,13.002483,-150.00002,0,0
-40.769855,13.002483,-150.00002,0,0
-41.769855,13.002483,-150.00002,0,0
-42.769855,13.002483,-150.00002,0,0
-43.769855,13.002483,-150.00002,0,0
-44.769855,13.002483,-150.00002,0,0
-45.769855,13.002483,-150.00002,0,0
-46.769855,13.002483,-150.00002,0,0
-47.769855,13.002483,-150.00002,0,0
-48.769855,13.002483,-150.00002,0,0
-49.769855,13.002483,-150.00002,0,0
49.230145,12.002483,-150.00002,0,0
48.230145,12.002483,-150.00002,0,0
47.230145,12.002483,-150.00002,0,0
46.230145,12.002483,-150.00002,0,0
45.230145,12.002483,-150.00002,0,0
44.230145,12.002483,-150.00002,0,0
43.230145,12.002483,-150.00002,0,0
42.230145,12.002483,-150.00002,0,0
41.230145,12.002483,-150.00002,0,0
40.230145,12.002483,-150.00002,0,0
39.230145,12.002483,-150.00002,0,0
38.230145,12.002483,-150.00002,0,0
37.230145,12.002483,-150.00002,0,0
36.230145,12.002483,-150.00002,0,0
35.230145,12.002483,-150.00002,0,0
34.230145,12.002483,-150.00002,0,0
33.230145,12.002483,-150.00002,0,0
32.230145,12.002483,-150.00002,0,0
31.230145,12.002483,-150.00002,0,0
30.230145,12.002483,-150.00002,0,0
29.230145,12.002483,-150.00002,0,0
28.230145,12.002483,-150.00002,0,0
27.230145,12.002483,-150.00002,0,0
26.230145,12.002483,-150.00002,0,0
25.230145,12.002483,-150.00002,0,0
24.230145,12.002483,-150.00002,0,0
23.230145,12.002483,-150.00002,0,0
22.230145,12.002483,-150.00002,0,0
21.230145,12.002483,-150.00002,0,0
20.230145,12.002483,-150.00002,0,0
19.230145,12.002483,-150.00002,0,0
18.230145,12.002483,-150.00002,0,0
17.230145,12.002483,-150.00002,0,0
16.230145,12.002483,-150.00002,0,3.999999
15.2301445,12.002483,-150.00002,0,19.999996
14.2301445,12.002483,-150.00002,Infinity,59.999996
13.2301445,12.002483,-150.00002,0.55290234,63.999996
12.2301445,12.002483,-150.00002,0.46925494,67.99999
11.2301445,12.002483,-150.00002,0.34900755,99.99999
10.2301445,12.002483,-150.00002,0.33395085,71.99999
9.2301445,12.002483,-150.00002,0.39958793,63.999996
8.2301445,12.002483,-150.00002,0.43146634,83.99999
7.2301445,12.002483,-150.00002,0.44875318,71.99999
6.2301445,12.002483,-150.00002,0.46469915,59.999996
5.2301445,12.002483,-150.00002,0.48161623,63.999996
4.2301445,12.002483,-150.00002,0.5648111,35.999996
3.2301445,12.002483,-150.00002,0.6481343,51.999996
2.2301445,12.002483,-150.00002,0.46328118,47.999996
1.2301445,12.002483,-150.00002,0.165815,59.999996
0.2301445,12.002483,-150.00002,0.055594053,63.999996
-0.7698555,12.002483,-150.00002,0.21174309,67.99999
-1.7698555,12.002483,-150.00002,0.46059823,71.99999
-2.7698555,12.002483,-150.00002,0.63210773,83.99999
-3.7698555,12.002483,-150.00002,0.60979056,91.99999
-4.7698555,12.002483,-150.00002,0.45820928,39.999996
-5.7698555,12.002483,-150.00002,0.4311644,59.999996
-6.7698555,12.002483,-150.00002,0.5358543,95.99999
-7.7698555,12.002483,-150.00002,0.5895065,71.99999
-8.7698555,12.002483,-150.00002,0.64890504,79.99999
-9.7698555,12.002483,-150.00002,0.60868645,115.99999
-10.7698555,12.002483,-150.00002,0.41430038,99.99999
-11.7698555,12.002483,-150.00002,0.24628638,31.999996
-12.7698555,12.002483,-150.00002,0.20489924,39.999996
-13.7698555,12.002483,-150.00002,0.16050076,51.999996
-14.7698555,12.002483,-150.00002,0.16636644,67.99999
-15.7698555,12.002483,-150.00002,0.23304608,47.999996
-16.769855,12.002483,-150.00002,0.2664172,55.999996
-17.769855,12.002483,-150.00002,0,51.999996
-18.769855,12.002483,-150.00002,0,15.999996
-19.769855,12.002483,-150.00002,0,0
-20.769855,12.002483,-150.00002,0,0
-21.769855,12.002483,-150.00002,0,0
-22.769855,12.002483,-150.00002,0,0
-23.769855,12.002483,-150.00002,0,0
-24.769855,12.002483,-150.00002,0,0
-25.769855,12.002483,-150.00002,0,0
-26.769855,12.002483,-150.00002,0,0
-27.769855,12.002483,-150.00002,0,0
-28.769855,12.002483,-150.00002,0,0
-29.769855,12.002483,-150.00002,0,0
-30.769855,12.002483,-150.00002,0,0
-31.769855,12.002483,-150.00002,0,0
-32.769855,12.002483,-150.00002,0,0
-33.769855,12.002483,-150.00002,0,0
-34.769855,12.002483,-150.00002,0,0
-35.769855,12.002483,-150.00002,0,0
-36.769855,12.002483,-150.00002,0,0
-37.769855,12.002483,-150.00002,0,0
-38.769855,12.002483,-150.00002,0,0
-39.769855,12.002483,-150.00002,0,0
-40.769855,12.002483,-150.00002,0,0
-41.769855,12.002483,-150.00002,0,0
-42.769855,12.002483,-150.00002,0,0
-43.769855,12.002483,-150.00002,0,0
-44.769855,12.002483,-150.00002,0,0
-45.769855,12.002483,-150.00002,0,0
-46.769855,12.002483,-150.00002,0,0
-47.769855,12.002483,-150.00002,0,0
-48.769855,12.002483,-150.00002,0,0
-49.769855,12.002483,-150.00002,0,0
49.230145,11.002483,-150.00002,0,0
48.230145,11.002483,-150.00002,0,0
47.230145,11.002483,-150.00002,0,0
46.230145,11.002483,-150.00002,0,0
45.230145,11.002483,-150.00002,0,0
44.230145,11.002483,-150.00002,0,0
43.230145,11.002483,-150.00002,0,0
42.230145,11.002483,-150.00002,0,0
41.230145,11.002483,-150.00002,0,0
40.230145,11.002483,-150.00002,0,0
39.230145,11.002483,-150.00002,0,0
38.230145,11.002483,-150.00002,0,0
37.230145,11.002483,-150.00002,0,0
36.230145,11.002483,-150.00002,0,0
35.230145,11.002483,-150.00002,0,0
34.230145,11.002483,-150.00002,0,0
33.230145,11.002483,-150.00002,0,0
32.230145,11.002483,-150.00002,0,0
31.230145,11.002483,-150.00002,0,0
30.230145,11.002483,-150.00002,0,0
29.230145,11.002483,-150.00002,0,0
28.230145,11.002483,-150.00002,0,0
27.230145,11.002483,-150.00002,0,0
26.230145,11.002483,-150.00002,0,0
25.230145,11.002483,-150.00002,0,0
24.230145,11.002483,-150.00002,0,0
23.230145,11.002483,-150.00002,0,0
22.230145,11.002483,-150.00002,0,0
21.230145,11.002483,-150.00002,0,0
20.230145,11.002483,-150.00002,0,0
19.230145,11.002483,-150.00002,0,0
18.230145,11.002483,-150.00002,0,0
17.230145,11.002483,-150.00002,0,0
16.230145,11.002483,-150.00002,0,27.999996
15.2301445,11.002483,-150.00002,0.49166846,55.999996
14.2301445,11.002483,-150.00002,0.5218849,47.999996
13.2301445,11.002483,-150.00002,0.57417464,55.999996
12.2301445,11.002483,-150.00002,0.45633128,47.999996
11.2301445,11.002483,-150.00002,0.27371538,35.999996
10.2301445,11.002483,-150.00002,0.20190792,79.99999
9.2301445,11.002483,-150.00002,0.17735097,27.999996
8.2301445,11.002483,-150.00002,0.17667064,47.999996
7.2301445,11.002483,-150.00002,0.31900007,51.999996
6.2301445,11.002483,-150.00002,0.50967,67.99999
5.2301445,11.002483,-150.00002,0.58606017,55.999996
4.2301445,11.002483,-150.00002,0.6213275,103.99999
3.2301445,11.002483,-150.00002,0.6202779,71.99999
2.2301445,11.002483,-150.00002,0.475327,95.99999
1.2301445,11.002483,-150.00002,0.22604941,75.99999
0.2301445,11.002483,-150.00002,0.09410663,63.999996
-0.7698555,11.002483,-150.00002,0.23745269,67.99999
-1.7698555,11.002483,-150.00002,0.4774868,95.99999
-2.7698555,11.002483,-150.00002,0.63407105,67.99999
-3.7698555,11.002483,-150.00002,0.6785487,111.99999
-4.7698555,11.002483,-150.00002,0.5736637,75.99999
-5.7698555,11.002483,-150.00002,0.4882288,99.99999
-6.7698555,11.002483,-150.00002,0.45881835,107.99999
-7.7698555,11.002483,-150.00002,0.4241873,39.999996
-8.7698555,11.002483,-150.00002,0.5208582,83.99999
-9.7698555,11.002483,-150.00002,0.49561042,71.99999
-10.7698555,11.002483,-150.00002,0.24327,11.999997
-11.7698555,11.002483,-150.00002,0.0910962,51.999996
-12.7698555,11.002483,-150.00002,0.059061356,23.999996
-13.7698555,11.002483,-150.00002,0.06448549,35.999996
-14.7698555,11.002483,-150.00002,0.14627552,39.999996
-15.7698555,11.002483,-150.00002,0.21211638,43.999996
-16.769855,11.002483,-150.00002,0.22554703,43.999996
-17.769855,11.002483,-150.00002,0.20409326,59.999996
-18.769855,11.002483,-150.00002,0,55.999996
-19.769855,11.002483,-150.00002,0,3.999999
-20.769855,11.002483,-150.00002,0,0
-21.769855,11.002483,-150.00002,0,0
-22.769855,11.002483,-150.00002,0,0
-23.769855,11.002483,-150.00002,0,0
-24.769855,11.002483,-150.00002,0,0
-25.769855,11.002483,-150.00002,0,0
-26.769855,11.002483,-150.00002,0,0
-27.769855,11.002483,-150.00002,0,0
-28.769855,11.002483,-150.00002,0,0
-29.769855,11.002483,-150.00002,0,0
-30.769855,11.002483,-150.00002,0,0
-31.769855,11.002483,-150.00002,0,0
-32.769855,11.002483,-150.00002,0,0
-33.769855,11.002483,-150.00002,0,0
-34.769855,11.002483,-150.00002,0,0
-35.769855,11.002483,-150.00002,0,0
-36.769855,11.002483,-150.00002,0,0
-37.769855,11.002483,-150.00002,0,0
-38.769855,11.002483,-150.00002,0,0
-39.769855,11.002483,-150.00002,0,0
-40.769855,11.002483,-150.00002,0,0
-41.769855,11.002483,-150.00002,0,0
-42.769855,11.002483,-150.00002,0,0
-43.769855,11.002483,-150.00002,0,0
-44.769855,11.002483,-150.00002,0,0
-45.769855,11.002483,-150.00002,0,0
-46.769855,11.002483,-150.00002,0,0
-47.769855,11.002483,-150.00002,0,0
-48.769855,11.002483,-150.00002,0,0
-49.769855,11.002483,-150.00002,0,0
49.230145,10.002483,-150.00002,0,0
48.230145,10.002483,-150.00002,0,0
47.230145,10.002483,-150.00002,0,0
46.230145,10.002483,-150.00002,0,0
45.230145,10.002483,-150.00002,0,0
44.230145,10.002483,-150.00002,0,0
43.230145,10.002483,-150.00002,0,0
42.230145,10.002483,-150.00002,0,0
41.230145,10.002483,-150.00002,0,0
40.230145,10.002483,-150.00002,0,0
39.230145,10.002483,-150.00002,0,0
38.230145,10.002483,-150.00002,0,0
37.230145,10.002483,-150.00002,0,0
36.230145,10.002483,-150.00002,0,0
35.230145,10.002483,-150.00002,0,0
34.230145,10.002483,-150.00002,0,0
33.230145,10.002483,-150.00002,0,0
32.230145,10.002483,-150.00002,0,0
31.230145,10.002483,-150.00002,0,0
30.230145,10.002483,-150.00002,0,0
29.230145,10.002483,-150.00002,0,0
28.230145,10.002483,-150.00002,0,0
27.230145,10.002483,-150.00002,0,0
26.230145,10.002483,-150.00002,0,0
25.230145,10.002483,-150.00002,0,0
24.230145,10.002483,-150.00002,0,0
23.230145,10.002483,-150.00002,0,0
22.230145,10.002483,-150.00002,0,0
21.230145,10.002483,-150.00002,0,0
20.230145,10.002483,-150.00002,0,0
19.230145,10.002483,-150.00002,0,0
18.230145,10.002483,-150.00002,0,0
17.230145,10.002483,-150.00002,0,11.999997
16.230145,10.002483,-150.00002,0,59.999996
15.2301445,10.002483,-150.00002,0.5136009,31.999996
14.2301445,10.002483,-150.00002,0.5140625,47.999996
13.2301445,10.002483,-150.00002,0.46444982,23.999996
12.2301445,10.002483,-150.00002,0.3635807,43.999996
11.2301445,10.002483,-150.00002,0.2975018,47.999996
10.2301445,10.002483,-150.00002,0.2493901,63.999996
9.2301445,10.002483,-150.00002,0.20576158,51.999996
8.2301445,10.002483,-150.00002,0.22101961,75.99999
7.2301445,10.002483,-150.00002,0.3415716,51.999996
6.2301445,10.002483,-150.00002,0.48281324,55.999996
5.2301445,10.002483,-150.00002,0.587894,59.999996
4.2301445,10.002483,-150.00002,0.67273575,47.999996
3.2301445,10.002483,-150.00002,0.6717039,75.99999
2.2301445,10.002483,-150.00002,0.46593314,55.999996
1.2301445,10.002483,-150.00002,0.22628143,35.999996
0.2301445,10.002483,-150.00002,0.183272,71.99999
-0.7698555,10.002483,-150.00002,0.3252008,79.99999
-1.7698555,10.002483,-150.00002,0.47332466,55.999996
-2.7698555,10.002483,-150.00002,0.6163669,91.99999
-3.7698555,10.002483,-150.00002,0.72450066,139.99998
-4.7698555,10.002483,-150.00002,0.67727125,71.99999
-5.7698555,10.002483,-150.00002,0.5363948,71.99999
-6.7698555,10.002483,-150.00002,0.38380587,87.99999
-7.7698555,10.002483,-150.00002,0.29040948,59.999996
-8.7698555,10.002483,-150.00002,0.36080644,55.999996
-9.7698555,10.002483,-150.00002,0.3474378,35.999996
-10.7698555,10.002483,-150.00002,0.2203253,43.999996
-11.7698555,10.002483,-150.00002,0.12998596,43.999996
-12.7698555,10.002483,-150.00002,0.09508717,67.99999
-13.7698555,10.002483,-150.00002,0.09915282,51.999996
-14.7698555,10.002483,-150.00002,0.19522846,75.99999
-15.7698555,10.002483,-150.00002,0.2724845,71.99999
-16.769855,10.002483,-150.00002,0.330383,19.999996
-17.769855,10.002483,-150.00002,0.36966622,63.999996
-18.769855,10.002483,-150.00002,0.3107434,35.999996
-19.769855,10.002483,-150.00002,0,35.999996
-20.769855,10.002483,-150.00002,0,0
-21.769855,10.002483,-150.00002,0,0
-22.769855,10.002483,-150.00002,0,0
-23.769855,10.002483,-150.00002,0,0
-24.769855,10.002483,-150.00002,0,0
-25.769855,10.002483,-150.00002,0,0
-26.769855,10.002483,-150.00002,0,0
-27.769855,10.002483,-150.00002,0,0
-28.769855,10.002483,-150.00002,0,0
-29.769855,10.002483,-150.00002,0,0
-30.769855,10.002483,-150.00002,0,0
-31.769855,10.002483,-150.00002,0,0
-32.769855,10.002483,-150.00002,0,0
-33.769855,10.002483,-150.00002,0,0
-34.769855,10.002483,-150.00002,0,0
-35.769855,10.002483,-150.00002,0,0
-36.769855,10.002483,-150.00002,0,0
-37.769855,10.002483,-150.00002,0,0
-38.769855,10.002483,-150.00002,0,0
-39.769855,10.002483,-150.00002,0,0
-40.769855,10.002483,-150.00002,0,0
-41.769855,10.002483,-150.00002,0,0
-42.769855,10.002483,-150.00002,0,0
-43.769855,10.002483,-150.00002,0,0
-44.769855,10.002483,-150.00002,0,0
-45.769855,10.002483,-150.00002,0,0
-46.769855,10.002483,-150.00002,0,0
-47.769855,10.002483,-150.00002,0,0
-48.769855,10.002483,-150.00002,0,0
-49.769855,10.002483,-150.00002,0,0
49.230145,9.002483,-150.00002,0,0
48.230145,9.002483,-150.00002,0,0
47.230145,9.002483,-150.00002,0,0
46.230145,9.002483,-150.00002,0,0
45.230145,9.002483,-150.00002,0,0
44.230145,9.002483,-150.00002,0,0
43.230145,9.002483,-150.00002,0,0
42.230145,9.002483,-150.00002,0,0
41.230145,9.002483,-150.00002,0,0
40.230145,9.002483,-150.00002,0,0
39.230145,9.002483,-150.00002,0,0
38.230145,9.002483,-150.00002,0,0
37.230145,9.002483,-150.00002,0,0
36.230145,9.002483,-150.00002,0,0
35.230145,9.002483,-150.00002,0,0
34.230145,9.002483,-150.00002,0,0
33.230145,9.002483,-150.00002,0,0
32.230145,9.002483,-150.00002,0,0
31.230145,9.002483,-150.00002,0,0
30.230145,9.002483,-150.00002,0,0
29.230145,9.002483,-150.00002,0,0
28.230145,9.002483,-150.00002,0,0
27.230145,9.002483,-150.00002,0,0
26.230145,9.002483,-150.00002,0,0
25.230145,9.002483,-150.00002,0,0
24.230145,9.002483,-150.00002,0,0
23.230145,9.002483,-150.00002,0,0
22.230145,9.002483,-150.00002,0,0
21.230145,9.002483,-150.00002,0,0
20.230145,9.002483,-150.00002,0,0
19.230145,9.002483,-150.00002,0,0
18.230145,9.002483,-150.00002,0,3.999999
17.230145,9.002483,-150.00002,0,15.999996
16.230145,9.002483,-150.00002,0.44260925,67.99999
15.2301445,9.002483,-150.00002,0.59191287,51.999996
14.2301445,9.002483,-150.00002,0.58320326,43.999996
13.2301445,9.002483,-150.00002,0.42755896,27.999996
12.2301445,9.002483,-150.00002,0.3402534,31.999996
11.2301445,9.002483,-150.00002,0.40747386,59.999996
10.2301445,9.002483,-150.00002,0.39079285,31.999996
9.2301445,9.002483,-150.00002,0.31683868,39.999996
8.2301445,9.002483,-150.00002,0.3320884,59.999996
7.2301445,9.002483,-150.00002,0.39020616,47.999996
6.2301445,9.002483,-150.00002,0.4298442,55.999996
5.2301445,9.002483,-150.00002,0.4777019,59.999996
4.2301445,9.002483,-150.00002,0.59355414,59.999996
3.2301445,9.002483,-150.00002,0.6304544,91.99999
2.2301445,9.002483,-150.00002,0.45870572,59.999996
1.2301445,9.002483,-150.00002,0.3074769,63.999996
0.2301445,9.002483,-150.00002,0.3189417,43.999996
-0.7698555,9.002483,-150.00002,0.4056813,75.99999
-1.7698555,9.002483,-150.00002,0.4630947,99.99999
-2.7698555,9.002483,-150.00002,0.527706,87.99999
-3.7698555,9.002483,-150.00002,0.608228,63.999996
-4.7698555,9.002483,-150.00002,0.5993576,67.99999
-5.7698555,9.002483,-150.00002,0.51523316,55.999996
-6.7698555,9.002483,-150.00002,0.41158095,87.99999
-7.7698555,9.002483,-150.00002,0.3349753,71.99999
-8.7698555,9.002483,-150.00002,0.3198913,75.99999
-9.7698555,9.002483,-150.00002,0.32771322,59.999996
-10.7698555,9.002483,-150.00002,0.2963842,75.99999
-11.7698555,9.002483,-150.00002,0.2397033,31.999996
-12.7698555,9.002483,-150.00002,0.21958163,63.999996
-13.7698555,9.002483,-150.00002,0.24221352,75.99999
-14.7698555,9.002483,-150.00002,0.30886173,75.99999
-15.7698555,9.002483,-150.00002,0.4005541,67.99999
-16.769855,9.002483,-150.00002,0.53219414,55.999996
-17.769855,9.002483,-150.00002,0.5624664,63.999996
-18.769855,9.002483,-150.00002,0.5237706,83.99999
-19.769855,9.002483,-150.00002,-Infinity,55.999996
-20.769855,9.002483,-150.00002,0,23.999996
-21.769855,9.002483,-150.00002,0,0
-22.769855,9.002483,-150.00002,0,0
-23.769855,9.002483,-150.00002,0,0
-24.769855,9.002483,-150.00002,0,0
-25.769855,9.002483,-150.00002,0,0
-26.769855,9.002483,-150.00002,0,0
-27.769855,9.002483,-150.00002,0,0
-28.769855,9.002483,-150.00002,0,0
-29.769855,9.002483,-150.00002,0,0
-30.769855,9.002483,-150.00002,0,0
-31.769855,9.002483,-150.00002,0,0
-32.769855,9.002483,-150.00002,0,0
-33.769855,9.002483,-150.00002,0,0
-34.769855,9.002483,-150.00002,0,0
-35.769855,9.002483,-150.00002,0,0
-36.769855,9.002483,-150.00002,0,0
-37.769855,9.002483,-150.00002,0,0
-38.769855,9.002483,-150.00002,0,0
-39.769855,9.002483,-150.00002,0,0
-40.769855,9.002483,-150.00002,0,0
-41.769855,9.002483,-150.00002,0,0
-42.769855,9.002483,-150.00002,0,0
-43.769855,9.002483,-150.00002,0,0
-44.769855,9.002483,-150.00002,0,0
-45.769855,9.002483,-150.00002,0,0
-46.769855,9.002483,-150.00002,0,0
-47.769855,9.002483,-150.00002,0,0
-48.769855,9.002483,-150.00002,0,0
-49.769855,9.002483,-150.00002,0,0
49.230145,8.002483,-150.00002,0,0
48.230145,8.002483,-150.00002,0,0
47.230145,8.002483,-150.00002,0,0
46.230145,8.002483,-150.00002,0,0
45.230145,8.002483,-150.00002,0,0
44.230145,8.002483,-150.00002,0,0
43.230145,8.002483,-150.00002,0,0
42.230145,8.002483,-150.00002,0,0
41.230145,8.002483,-150.00002,0,0
40.230145,8.002483,-150.00002,0,0
39.230145,8.002483,-150.00002,0,0
38.230145,8.002483,-150.00002,0,0
37.230145,8.002483,-150.00002,0,0
36.230145,8.002483,-150.00002,0,0
35.230145,8.002483,-150.00002,0,0
34.230145,8.002483,-150.00002,0,0
33.230145,8.002483,-150.00002,0,0
32.230145,8.002483,-150.00002,0,0
31.230145,8.002483,-150.00002,0,0
30.230145,8.002483,-150.00002,0,0
29.230145,8.002483,-150.00002,0,0
28.230145,8.002483,-150.00002,0,0
27.230145,8.002483,-150.00002,0,0
26.230145,8.002483,-150.00002,0,0
25.230145,8.002483,-150.00002,0,0
24.230145,8.002483,-150.00002,0,0
23.230145,8.002483,-150.00002,0,0
22.230145,8.002483,-150.00002,0,0
21.230145,8.002483,-150.00002,0,0
20.230145,8.002483,-150.00002,0,0
19.230145,8.002483,-150.00002,0,0
18.230145,8.002483,-150.00002,0,19.999996
17.230145,8.002483,-150.00002,Infinity,55.999996
16.230145,8.002483,-150.00002,0.5163737,59.999996
15.2301445,8.002483,-150.00002,0.6489048,59.999996
14.2301445,8.002483,-150.00002,0.6426617,51.999996
13.2301445,8.002483,-150.00002,0.5051743,51.999996
12.2301445,8.002483,-150.00002,0.4265166,27.999996
11.2301445,8.002483,-150.00002,0.46519834,43.999996
10.2301445,8.002483,-150.00002,0.41556752,59.999996
9.2301445,8.002483,-150.00002,0.3236796,55.999996
8.2301445,8.002483,-150.00002,0.285511,51.999996
7.2301445,8.002483,-150.00002,0.30058032,51.999996
6.2301445,8.002483,-150.00002,0.29498476,51.999996
5.2301445,8.002483,-150.00002,0.270794,31.999996
4.2301445,8.002483,-150.00002,0.3500874,55.999996
3.2301445,8.002483,-150.00002,0.40608218,59.999996
2.2301445,8.002483,-150.00002,0.39115024,79.99999
1.2301445,8.002483,-150.00002,0.3837253,95.99999
0.2301445,8.002483,-150.00002,0.42882314,79.99999
-0.7698555,8.002483,-150.00002,0.44534722,83.99999
-1.7698555,8.002483,-150.00002,0.38763517,59.999996
-2.7698555,8.002483,-150.00002,0.39580214,67.99999
-3.7698555,8.002483,-150.00002,0.47169808,91.99999
-4.7698555,8.002483,-150.00002,0.5097678,75.99999
-5.7698555,8.002483,-150.00002,0.51056004,83.99999
-6.7698555,8.002483,-150.00002,0.518242,103.99999
-7.7698555,8.002483,-150.00002,0.48886573,95.99999
-8.7698555,8.002483,-150.00002,0.41534036,67.99999
-9.7698555,8.002483,-150.00002,0.3668302,43.999996
-10.7698555,8.002483,-150.00002,0.32797557,59.999996
-11.7698555,8.002483,-150.00002,0.24568908,63.999996
-12.7698555,8.002483,-150.00002,0.22963634,47.999996
-13.7698555,8.002483,-150.00002,0.3076218,99.99999
-14.7698555,8.002483,-150.00002,0.41796443,103.99999
-15.7698555,8.002483,-150.00002,0.5545144,143.99998
-16.769855,8.002483,-150.00002,0.60481656,103.99999
-17.769855,8.002483,-150.00002,0.5950124,67.99999
-18.769855,8.002483,-150.00002,0.60817194,91.99999
-19.769855,8.002483,-150.00002,0.60179615,115.99999
-20.769855,8.002483,-150.00002,0,31.999996
-21.769855,8.002483,-150.00002,0,0
-22.769855,8.002483,-150.00002,0,0
-23.769855,8.002483,-150.00002,0,0
-24.769855,8.002483,-150.00002,0,0
-25.769855,8.002483,-150.00002,0,0
-26.769855,8.002483,-150.00002,0,0
-27.769855,8.002483,-150.00002,0,0
-28.769855,8.002483,-150.00002,0,0
-29.769855,8.002483,-150.00002,0,0
-30.769855,8.002483,-150.00002,0,0
-31.769855,8.002483,-150.00002,0,0
-32.769855,8.002483,-150.00002,0,0
-33.769855,8.002483,-150.00002,0,0
-34.769855,8.002483,-150.00002,0,0
-35.769855,8.002483,-150.00002,0,0
-36.769855,8.002483,-150.00002,0,0
-37.769855,8.002483,-150.00002,0,0
-38.769855,8.002483,-150.00002,0,0
-39.769855,8.002483,-150.00002,0,0
-40.769855,8.002483,-150.00002,0,0
-41.769855,8.002483,-150.00002,0,0
-42.769855,8.002483,-150.00002,0,0
-43.769855,8.002483,-150.00002,0,0
-44.769855,8.002483,-150.00002,0,0
-45.769855,8.002483,-150.00002,0,0
-46.769855,8.002483,-150.00002,0,0
-47.769855,8.002483,-150.00002,0,0
-48.769855,8.002483,-150.00002,0,0
-49.769855,8.002483,-150.00002,0,0
49.230145,7.0024834,-150.00002,0,0
48.230145,7.0024834,-150.00002,0,0
47.230145,7.0024834,-150.00002,0,0
46.230145,7.0024834,-150.00002,0,0
45.230145,7.0024834,-150.00002,0,0
44.230145,7.0024834,-150.00002,0,0
43.230145,7.0024834,-150.00002,0,0
42.230145,7.0024834,-150.00002,0,0
41.230145,7.0024834,-150.00002,0,0
40.230145,7.0024834,-150.00002,0,0
39.230145,7.0024834,-150.00002,0,0
38.230145,7.0024834,-150.00002,0,0
37.230145,7.0024834,-150.00002,0,0
36.230145,7.0024834,-150.00002,0,0
35.230145,7.0024834,-150.00002,0,0
34.230145,7.0024834,-150.00002,0,0
33.230145,7.0024834,-150.00002,0,0
32.230145,7.0024834,-150.00002,0,0
31.230145,7.0024834,-150.00002,0,0
30.230145,7.0024834,-150.00002,0,0
29.230145,7.0024834,-150.00002,0,0
28.230145,7.0024834,-150.00002,0,0
27.230145,7.0024834,-150.00002,0,0
26.230145,7.0024834,-150.00002,0,0
25.230145,7.0024834,-150.00002,0,0
24.230145,7.0024834,-150.00002,0,0
23.230145,7.0024834,-150.00002,0,0
22.230145,7.0024834,-150.00002,0,0
21.230145,7.0024834,-150.00002,0,0
20.230145,7.0024834,-150.00002,0,0
19.230145,7.0024834,-150.00002,0,0
18.230145,7.0024834,-150.00002,0,15.999996
17.230145,7.0024834,-150.00002,0.5002869,55.999996
16.230145,7.0024834,-150.00002,0.5865587,71.99999
15.2301445,7.0024834,-150.00002,0.5776529,51.999996
14.2301445,7.0024834,-150.00002,0.5779304,55.999996
13.2301445,7.0024834,-150.00002,0.5474424,51.999996
12.2301445,7.0024834,-150.00002,0.54653984,59.999996
11.2301445,7.0024834,-150.00002,0.47804788,47.999996
10.2301445,7.0024834,-150.00002,0.3598635,51.999996
9.2301445,7.0024834,-150.00002,0.2844967,67.99999
8.2301445,7.0024834,-150.00002,0.21511914,51.999996
7.2301445,7.0024834,-150.00002,0.17424886,59.999996
6.2301445,7.0024834,-150.00002,0.1643373,59.999996
5.2301445,7.0024834,-150.00002,0.1627695,55.999996
4.2301445,7.0024834,-150.00002,0.19934362,47.999996
3.2301445,7.0024834,-150.00002,0.28707078,51.999996
2.2301445,7.0024834,-150.00002,0.33948767,55.999996
1.2301445,7.0024834,-150.00002,0.3992868,47.999996
0.2301445,7.0024834,-150.00002,0.44049153,83.99999
-0.7698555,7.0024834,-150.00002,0.37048316,79.99999
-1.7698555,7.0024834,-150.00002,0.2713586,99.99999
-2.7698555,7.0024834,-150.00002,0.30883056,67.99999
-3.7698555,7.0024834,-150.00002,0.40113854,111.99999
-4.7698555,7.0024834,-150.00002,0.42521,59.999996
-5.7698555,7.0024834,-150.00002,0.46018857,115.99999
-6.7698555,7.0024834,-150.00002,0.507571,71.99999
-7.7698555,7.0024834,-150.00002,0.55799496,79.99999
-8.7698555,7.0024834,-150.00002,0.579914,99.99999
-9.7698555,7.0024834,-150.00002,0.5290875,67.99999
-10.7698555,7.0024834,-150.00002,0.38557458,59.999996
-11.7698555,7.0024834,-150.00002,0.20489773,43.999996
-12.7698555,7.0024834,-150.00002,0.1429487,47.999996
-13.7698555,7.0024834,-150.00002,0.27080876,51.999996
-14.7698555,7.0024834,-150.00002,0.4488755,107.99999
-15.7698555,7.0024834,-150.00002,0.57913923,95.99999
-16.769855,7.0024834,-150.00002,0.59816825,123.99999
-17.769855,7.0024834,-150.00002,0.5594493,67.99999
-18.769855,7.0024834,-150.00002,0.54557115,107.99999
-19.769855,7.0024834,-150.00002,0.52864957,83.99999
-20.769855,7.0024834,-150.00002,0,63.999996
-21.769855,7.0024834,-150.00002,0,0
-22.769855,7.0024834,-150.00002,0,0
-23.769855,7.0024834,-150.00002,0,0
-24.769855,7.0024834,-150.00002,0,0
-25.769855,7.0024834,-150.00002,0,0
-26.769855,7.0024834,-150.00002,0,0
-27.769855,7.0024834,-150.00002,0,0
-28.769855,7.0024834,-150.00002,0,0
-29.769855,7.0024834,-150.00002,0,0
-30.769855,7.0024834,-150.00002,0,0
-31.769855,7.0024834,-150.00002,0,0
-32.769855,7.0024834,-150.00002,0,0
-33.769855,7.0024834,-150.00002,0,0
-34.769855,7.0024834,-150.00002,0,0
-35.769855,7.0024834,-150.00002,0,0
-36.769855,7.0024834,-150.00002,0,0
-37.769855,7.0024834,-150.00002,0,0
-38.769855,7.0024834,-150.00002,0,0
-39.769855,7.0024834,-150.00002,0,0
-40.769855,7.0024834,-150.00002,0,0
-41.769855,7.0024834,-150.00002,0,0
-42.769855,7.0024834,-150.00002,0,0
-43.769855,7.0024834,-150.00002,0,0
-44.769855,7.0024834,-150.00002,0,0
-45.769855,7.0024834,-150.00002,0,0
-46.769855,7.0024834,-150.00002,0,0
-47.769855,7.0024834,-150.00002,0,0
-48.769855,7.0024834,-150.00002,0,0
-49.769855,7.0024834,-150.00002,0,0
49.230145,6.0024834,-150.00002,0,0
48.230145,6.0024834,-150.00002,0,0
47.230145,6.0024834,-150.00002,0,0
46.230145,6.0024834,-150.00002,0,0
45.230145,6.0024834,-150.00002,0,0
44.230145,6.0024834,-150.00002,0,0
43.230145,6.0024834,-150.00002,0,0
42.230145,6.0024834,-150.00002,0,0
41.230145,6.0024834,-150.00002,0,0
40.230145,6.0024834,-150.00002,0,0
39.230145,6.0024834,-150.00002,0,0
38.230145,6.0024834,-150.00002,0,0
37.230145,6.0024834,-150.00002,0,0
36.230145,6.0024834,-150.00002,0,0
35.230145,6.0024834,-150.00002,0,0
34.230145,6.0024834,-150.00002,0,0
33.230145,6.0024834,-150.00002,0,0
32.230145,6.0024834,-150.00002,0,0
31.230145,6.0024834,-150.00002,0,0
30.230145,6.0024834,-150.00002,0,0
29.230145,6.0024834,-150.00002,0,0
28.230145,6.0024834,-150.00002,0,0
27.230145,6.0024834,-150.00002,0,0
26.230145,6.0024834,-150.00002,0,0
25.230145,6.0024834,-150.00002,0,0
24.230145,6.0024834,-150.00002,0,0
23.230145,6.0024834,-150.00002,0,0
22.230145,6.0024834,-150.00002,0,0
21.230145,6.0024834,-150.00002,0,0
20.230145,6.0024834,-150.00002,0,0
19.230145,6.0024834,-150.00002,0,0
18.230145,6.0024834,-150.00002,0,63.999996
17.230145,6.0024834,-150.00002,0.44598016,67.99999
16.230145,6.0024834,-150.00002,0.44679195,39.999996
15.2301445,6.0024834,-150.00002,0.4571951,91.99999
14.2301445,6.0024834,-150.00002,0.49031457,83.99999
13.2301445,6.0024834,-150.00002,0.55746865,31.999996
12.2301445,6.0024834,-150.00002,0.55510765,75.99999
11.2301445,6.0024834,-150.00002,0.4382078,71.99999
10.2301445,6.0024834,-150.00002,0.32992372,59.999996
9.2301445,6.0024834,-150.00002,0.28419676,55.999996
8.2301445,6.0024834,-150.00002,0.2517021,47.999996
7.2301445,6.0024834,-150.00002,0.21651135,63.999996
6.2301445,6.0024834,-150.00002,0.18774825,55.999996
5.2301445,6.0024834,-150.00002,0.2047261,47.999996
4.2301445,6.0024834,-150.00002,0.29270515,55.999996
3.2301445,6.0024834,-150.00002,0.41477895,87.99999
2.2301445,6.0024834,-150.00002,0.45877105,51.999996
1.2301445,6.0024834,-150.00002,0.46898413,59.999996
0.2301445,6.0024834,-150.00002,0.4128636,75.99999
-0.7698555,6.0024834,-150.00002,0.2621892,31.999996
-1.7698555,6.0024834,-150.00002,0.21202764,71.99999
-2.7698555,6.0024834,-150.00002,0.28965896,87.99999
-3.7698555,6.0024834,-150.00002,0.32449773,83.99999
-4.7698555,6.0024834,-150.00002,0.33547342,55.999996
-5.7698555,6.0024834,-150.00002,0.3325156,83.99999
-6.7698555,6.0024834,-150.00002,0.37494633,67.99999
-7.7698555,6.0024834,-150.00002,0.50494397,91.99999
-8.7698555,6.0024834,-150.00002,0.62868965,79.99999
-9.7698555,6.0024834,-150.00002,0.5750961,111.99999
-10.7698555,6.0024834,-150.00002,0.386481,71.99999
-11.7698555,6.0024834,-150.00002,0.17911097,35.999996
-12.7698555,6.0024834,-150.00002,0.13885508,35.999996
-13.7698555,6.0024834,-150.00002,0.26418653,51.999996
-14.7698555,6.0024834,-150.00002,0.4100142,83.99999
-15.7698555,6.0024834,-150.00002,0.5217185,63.999996
-16.769855,6.0024834,-150.00002,0.56427735,87.99999
-17.769855,6.0024834,-150.00002,0.56218874,75.99999
-18.769855,6.0024834,-150.00002,0.511052,91.99999
-19.769855,6.0024834,-150.00002,0.4552195,63.999996
-20.769855,6.0024834,-150.00002,-Infinity,91.99999
-21.769855,6.0024834,-150.00002,0,7.999998
-22.769855,6.0024834,-150.00002,0,0
-23.769855,6.0024834,-150.00002,0,0
-24.769855,6.0024834,-150.00002,0,0
-25.769855,6.0024834,-150.00002,0,0
-26.769855,6.0024834,-150.00002,0,0
-27.769855,6.0024834,-150.00002,0,0
-28.769855,6.0024834,-150.00002,0,0
-29.769855,6.0024834,-150.00002,0,0
-30.769855,6.0024834,-150.00002,0,0
-31.769855,6.0024834,-150.00002,0,0
-32.769855,6.0024834,-150.00002,0,0
-33.769855,6.0024834,-150.00002,0,0
-34.769855,6.0024834,-150.00002,0,0
-35.769855,6.0024834,-150.00002,0,0
-36.769855,6.0024834,-150.00002,0,0
-37.769855,6.0024834,-150.00002,0,0
-38.769855,6.0024834,-150.00002,0,0
-39.769855,6.0024834,-150.00002,0,0
-40.769855,6.0024834,-150.00002,0,0
-41.769855,6.0024834,-150.00002,0,0
-42.769855,6.0024834,-150.00002,0,0
-43.769855,6.0024834,-150.00002,0,0
-44.769855,6.0024834,-150.00002,0,0
-45.769855,6.0024834,-150.00002,0,0
-46.769855,6.0024834,-150.00002,0,0
-47.769855,6.0024834,-150.00002,0,0
-48.769855,6.0024834,-150.00002,0,0
-49.769855,6.0024834,-150.00002,0,0
49.230145,5.0024834,-150.00002,0,0
48.230145,5.0024834,-150.00002,0,0
47.230145,5.0024834,-150.00002,0,0
46.230145,5.0024834,-150.00002,0,0
45.230145,5.0024834,-150.00002,0,0
44.230145,5.0024834,-150.00002,0,0
43.230145,5.0024834,-150.00002,0,0
42.230145,5.0024834,-150.00002,0,0
41.230145,5.0024834,-150.00002,0,0
40.230145,5.0024834,-150.00002,0,0
39.230145,5.0024834,-150.00002,0,0
38.230145,5.0024834,-150.00002,0,0
37.230145,5.0024834,-150.00002,0,0
36.230145,5.0024834,-150.00002,0,0
35.230145,5.0024834,-150.00002,0,0
34.230145,5.0024834,-150.00002,0,0
33.230145,5.0024834,-150.00002,0,0
32.230145,5.0024834,-150.00002,0,0
31.230145,5.0024834,-150.00002,0,0
30.230145,5.0024834,-150.00002,0,0
29.230145,5.0024834,-150.00002,0,0
28.230145,5.0024834,-150.00002,0,0
27.230145,5.0024834,-150.00002,0,0
26.230145,5.0024834,-150.00002,0,0
25.230145,5.0024834,-150.00002,0,0
24.230145,5.0024834,-150.00002,0,0
23.230145,5.0024834,-150.00002,0,0
22.230145,5.0024834,-150.00002,0,0
21.230145,5.0024834,-150.00002,0,0
20.230145,5.0024834,-150.00002,0,0
19.230145,5.0024834,-150.00002,0,3.999999
18.230145,5.0024834,-150.00002,0,67.99999
17.230145,5.0024834,-150.00002,0.32885233,51.999996
16.230145,5.0024834,-150.00002,0.3001553,63.999996
15.2301445,5.0024834,-150.00002,0.34389758,39.999996
14.2301445,5.0024834,-150.00002,0.45667773,47.999996
13.2301445,5.0024834,-150.00002,0.52682716,35.999996
12.2301445,5.0024834,-150.00002,0.46705097,43.999996
11.2301445,5.0024834,-150.00002,0.3445217,55.999996
10.2301445,5.0024834,-150.00002,0.32238674,43.999996
9.2301445,5.0024834,-150.00002,0.37961993,79.99999
8.2301445,5.0024834,-150.00002,0.40570948,47.999996
7.2301445,5.0024834,-150.00002,0.41984883,55.999996
6.2301445,5.0024834,-150.00002,0.3969488,51.999996
5.2301445,5.0024834,-150.00002,0.37594786,63.999996
4.2301445,5.0024834,-150.00002,0.42990422,51.999996
3.2301445,5.0024834,-150.00002,0.51255685,55.999996
2.2301445,5.0024834,-150.00002,0.5459876,75.99999
1.2301445,5.0024834,-150.00002,0.5256923,47.999996
0.2301445,5.0024834,-150.00002,0.42114827,87.99999
-0.7698555,5.0024834,-150.00002,0.27749348,67.99999
-1.7698555,5.0024834,-150.00002,0.230157,83.99999
-2.7698555,5.0024834,-150.00002,0.25189638,75.99999
-3.7698555,5.0024834,-150.00002,0.23959602,63.999996
-4.7698555,5.0024834,-150.00002,0.24823688,111.99999
-5.7698555,5.0024834,-150.00002,0.25425336,63.999996
-6.7698555,5.0024834,-150.00002,0.29355896,83.99999
-7.7698555,5.0024834,-150.00002,0.41072965,87.99999
-8.7698555,5.0024834,-150.00002,0.52358437,63.999996
-9.7698555,5.0024834,-150.00002,0.50421536,59.999996
-10.7698555,5.0024834,-150.00002,0.3414557,19.999996
-11.7698555,5.0024834,-150.00002,0.2527221,63.999996
-12.7698555,5.0024834,-150.00002,0.2694124,51.999996
-13.7698555,5.0024834,-150.00002,0.3106183,59.999996
-14.7698555,5.0024834,-150.00002,0.3545478,99.99999
-15.7698555,5.0024834,-150.00002,0.46932623,43.999996
-16.769855,5.0024834,-150.00002,0.5762037,67.99999
-17.769855,5.0024834,-150.00002,0.52092534,63.999996
-18.769855,5.0024834,-150.00002,0.41591936,103.99999
-19.769855,5.0024834,-150.00002,0.37641212,87.99999
-20.769855,5.0024834,-150.00002,0.37453675,103.99999
-21.769855,5.0024834,-150.00002,0,11.999997
-22.769855,5.0024834,-150.00002,0,0
-23.769855,5.0024834,-150.00002,0,0
-24.769855,5.0024834,-150.00002,0,0
-25.769855,5.0024834,-150.00002,0,0
-26.769855,5.0024834,-150.00002,0,0
-27.769855,5.0024834,-150.00002,0,0
-28.769855,5.0024834,-150.00002,0,0
-29.769855,5.0024834,-150.00002,0,0
-30.769855,5.0024834,-150.00002,0,0
-31.769855,5.0024834,-150.00002,0,0
-32.769855,5.0024834,-150.00002,0,0
-33.769855,5.0024834,-150.00002,0,0
-34.769855,5.0024834,-150.00002,0,0
-35.769855,5.0024834,-150.00002,0,0
-36.769855,5.0024834,-150.00002,0,0
-37.769855,5.0024834,-150.00002,0,0
-38.769855,5.0024834,-150.00002,0,0
-39.769855,5.0024834,-150.00002,0,0
-40.769855,5.0024834,-150.00002,0,0
-41.769855,5.0024834,-150.00002,0,0
-42.769855,5.0024834,-150.00002,0,0
-43.769855,5.0024834,-150.00002,0,0
-44.769855,5.0024834,-150.00002,0,0
-45.769855,5.0024834,-150.00002,0,0
-46.769855,5.0024834,-150.00002,0,0
-47.769855,5.0024834,-150.00002,0,0
-48.769855,5.0024834,-150.00002,0,0
-49.769855,5.0024834,-150.00002,0,0
49.230145,4.0024834,-150.00002,0,0
48.230145,4.0024834,-150.00002,0,0
47.230145,4.0024834,-150.00002,0,0
46.230145,4.0024834,-150.00002,0,0
45.230145,4.0024834,-150.00002,0,0
44.230145,4.0024834,-150.00002,0,0
43.230145,4.0024834,-150.00002,0,0
42.230145,4.0024834,-150.00002,0,0
41.230145,4.0024834,-150.00002,0,0
40.230145,4.0024834,-150.00002,0,0
39.230145,4.0024834,-150.00002,0,0
38.230145,4.0024834,-150.00002,0,0
37.230145,4.0024834,-150.00002,0,0
36.230145,4.0024834,-150.00002,0,0
35.230145,4.0024834,-150.00002,0,0
34.230145,4.0024834,-150.00002,0,0
33.230145,4.0024834,-150.00002,0,0
32.230145,4.0024834,-150.00002,0,0
31.230145,4.0024834,-150.00002,0,0
30.230145,4.0024834,-150.00002,0,0
29.230145,4.0024834,-150.00002,0,0
28.230145,4.0024834,-150.00002,0,0
27.230145,4.0024834,-150.00002,0,0
26.230145,4.0024834,-150.00002,0,0
25.230145,4.0024834,-150.00002,0,0
24.230145,4.0024834,-150.00002,0,0
23.230145,4.0024834,-150.00002,0,0
22.230145,4.0024834,-150.00002,0,0
21.230145,4.0024834,-150.00002,0,3.999999
20.230145,4.0024834,-150.00002,0,0
19.230145,4.0024834,-150.00002,0,15.999996
18.230145,4.0024834,-150.00002,0.23713034,67.99999
17.230145,4.0024834,-150.00002,0.28831977,79.99999
16.230145,4.0024834,-150.00002,0.32384896,39.999996
15.2301445,4.0024834,-150.00002,0.39392892,43.999996
14.2301445,4.0024834,-150.00002,0.4492206,35.999996
13.2301445,4.0024834,-150.00002,0.44774237,59.999996
12.2301445,4.0024834,-150.00002,0.38809162,59.999996
11.2301445,4.0024834,-150.00002,0.34277815,55.999996
10.2301445,4.0024834,-150.00002,0.43466616,43.999996
9.2301445,4.0024834,-150.00002,0.5196307,59.999996
8.2301445,4.0024834,-150.00002,0.5082731,63.999996
7.2301445,4.0024834,-150.00002,0.5174861,59.999996
6.2301445,4.0024834,-150.00002,0.53511184,79.99999
5.2301445,4.0024834,-150.00002,0.5167879,59.999996
4.2301445,4.0024834,-150.00002,0.5106888,55.999996
3.2301445,4.0024834,-150.00002,0.55474424,71.99999
2.2301445,4.0024834,-150.00002,0.5460422,67.99999
1.2301445,4.0024834,-150.00002,0.5336884,71.99999
0.2301445,4.0024834,-150.00002,0.48637694,63.999996
-0.7698555,4.0024834,-150.00002,0.43318176,71.99999
-1.7698555,4.0024834,-150.00002,0.378992,63.999996
-2.7698555,4.0024834,-150.00002,0.29196477,55.999996
-3.7698555,4.0024834,-150.00002,0.21629304,63.999996
-4.7698555,4.0024834,-150.00002,0.2532483,71.99999
-5.7698555,4.0024834,-150.00002,0.28392202,67.99999
-6.7698555,4.0024834,-150.00002,0.3028409,91.99999
-7.7698555,4.0024834,-150.00002,0.35966837,79.99999
-8.7698555,4.0024834,-150.00002,0.45696706,67.99999
-9.7698555,4.0024834,-150.00002,0.51662016,75.99999
-10.7698555,4.0024834,-150.00002,0.4670177,87.99999
-11.7698555,4.0024834,-150.00002,0.3832029,63.999996
-12.7698555,4.0024834,-150.00002,0.37934697,63.999996
-13.7698555,4.0024834,-150.00002,0.32366145,91.99999
-14.7698555,4.0024834,-150.00002,0.2930303,19.999996
-15.7698555,4.0024834,-150.00002,0.45045838,63.999996
-16.769855,4.0024834,-150.00002,0.557149,47.999996
-17.769855,4.0024834,-150.00002,0.4399346,87.99999
-18.769855,4.0024834,-150.00002,0.29204932,47.999996
-19.769855,4.0024834,-150.00002,0.22175166,59.999996
-20.769855,4.0024834,-150.00002,0.16303185,67.99999
-21.769855,4.0024834,-150.00002,0,31.999996
-22.769855,4.0024834,-150.00002,0,0
-23.769855,4.0024834,-150.00002,0,0
-24.769855,4.0024834,-150.00002,0,0
-25.769855,4.0024834,-150.00002,0,0
-26.769855,4.0024834,-150.00002,0,0
-27.769855,4.0024834,-150.00002,0,0
-28.769855,4.0024834,-150.00002,0,0
-29.769855,4.0024834,-150.00002,0,0
-30.769855,4.0024834,-150.00002,0,0
-31.769855,4.0024834,-150.00002,0,0
-32.769855,4.0024834,-150.00002,0,0
-33.769855,4.0024834,-150.00002,0,0
-34.769855,4.0024834,-150.00002,0,0
-35.769855,4.0024834,-150.00002,0,0
-36.769855,4.0024834,-150.00002,0,0
-37.769855,4.0024834,-150.00002,0,0
-38.769855,4.0024834,-150.00002,0,0
-39.769855,4.0024834,-150.00002,0,0
-40.769855,4.0024834,-150.00002,0,0
-41.769855,4.0024834,-150.00002,0,0
-42.769855,4.0024834,-150.00002,0,0
-43.769855,4.0024834,-150.00002,0,0
-44.769855,4.0024834,-150.00002,0,0
-45.769855,4.0024834,-150.00002,0,0
-46.769855,4.0024834,-150.00002,0,0
-47.769855,4.0024834,-150.00002,0,0
-48.769855,4.0024834,-150.00002,0,0
-49.769855,4.0024834,-150.00002,0,0
49.230145,3.0024834,-150.00002,0,0
48.230145,3.0024834,-150.00002,0,0
47.230145,3.0024834,-150.00002,0,0
46.230145,3.0024834,-150.00002,0,0
45.230145,3.0024834,-150.00002,0,0
44.230145,3.0024834,-150.00002,0,0
43.230145,3.0024834,-150.00002,0,0
42.230145,3.0024834,-150.00002,0,0
41.230145,3.0024834,-150.00002,0,0
40.230145,3.0024834,-150.00002,0,0
39.230145,3.0024834,-150.00002,0,0
38.230145,3.0024834,-150.00002,0,0
37.230145,3.0024834,-150.00002,0,0
36.230145,3.0024834,-150.00002,0,0
35.230145,3.0024834,-150.00002,0,0
34.230145,3.0024834,-150.00002,0,0
33.230145,3.0024834,-150.00002,0,0
32.230145,3.0024834,-150.00002,0,0
31.230145,3.0024834,-150.00002,0,0
30.230145,3.0024834,-150.00002,0,0
29.230145,3.0024834,-150.00002,0,0
28.230145,3.0024834,-150.00002,0,0
27.230145,3.0024834,-150.00002,0,0
26.230145,3.0024834,-150.00002,0,0
25.230145,3.0024834,-150.00002,0,0
24.230145,3.0024834,-150.00002,0,0
23.230145,3.0024834,-150.00002,0,0
22.230145,3.0024834,-150.00002,0,0
21.230145,3.0024834,-150.00002,0,0
20.230145,3.0024834,-150.00002,0,0
19.230145,3.0024834,-150.00002,0,19.999996
18.230145,3.0024834,-150.00002,0.2855179,87.99999
17.230145,3.0024834,-150.00002,0.29162484,79.99999
16.230145,3.0024834,-150.00002,0.4085718,75.99999
15.2301445,3.0024834,-150.00002,0.5123509,75.99999
14.2301445,3.0024834,-150.00002,0.43191984,59.999996
13.2301445,3.0024834,-150.00002,0.3284279,79.99999
12.2301445,3.0024834,-150.00002,0.2941789,47.999996
11.2301445,3.0024834,-150.00002,0.42560363,71.99999
10.2301445,3.0024834,-150.00002,0.6080333,63.999996
9.2301445,3.0024834,-150.00002,0.5951636,87.99999
8.2301445,3.0024834,-150.00002,0.44126192,43.999996
7.2301445,3.0024834,-150.00002,0.3865928,47.999996
6.2301445,3.0024834,-150.00002,0.40612537,75.99999
5.2301445,3.0024834,-150.00002,0.45146245,51.999996
4.2301445,3.0024834,-150.00002,0.54202074,75.99999
3.2301445,3.0024834,-150.00002,0.5786849,75.99999
2.2301445,3.0024834,-150.00002,0.53956974,107.99999
1.2301445,3.0024834,-150.00002,0.5101739,47.999996
0.2301445,3.0024834,-150.00002,0.524144,71.99999
-0.7698555,3.0024834,-150.00002,0.5732441,95.99999
-1.7698555,3.0024834,-150.00002,0.56586105,59.999996
-2.7698555,3.0024834,-150.00002,0.4293874,87.99999
-3.7698555,3.0024834,-150.00002,0.3221978,87.99999
-4.7698555,3.0024834,-150.00002,0.3755831,75.99999
-5.7698555,3.0024834,-150.00002,0.41651076,79.99999
-6.7698555,3.0024834,-150.00002,0.37078384,67.99999
-7.7698555,3.0024834,-150.00002,0.37757307,83.99999
-8.7698555,3.0024834,-150.00002,0.4552228,71.99999
-9.7698555,3.0024834,-150.00002,0.49319085,75.99999
-10.7698555,3.0024834,-150.00002,0.48635077,91.99999
-11.7698555,3.0024834,-150.00002,0.43897793,23.999996
-12.7698555,3.0024834,-150.00002,0.3873691,23.999996
-13.7698555,3.0024834,-150.00002,0.27541345,67.99999
-14.7698555,3.0024834,-150.00002,0.2220991,35.999996
-15.7698555,3.0024834,-150.00002,0.32348588,43.999996
-16.769855,3.0024834,-150.00002,0.38158932,43.999996
-17.769855,3.0024834,-150.00002,0.34077618,87.99999
-18.769855,3.0024834,-150.00002,0.27435684,75.99999
-19.769855,3.0024834,-150.00002,0.16563186,67.99999
-20.769855,3.0024834,-150.00002,0.06531556,39.999996
-21.769855,3.0024834,-150.00002,0,7.999998
-22.769855,3.0024834,-150.00002,0,0
-23.769855,3.0024834,-150.00002,0,0
-24.769855,3.0024834,-150.00002,0,0
-25.769855,3.0024834,-150.00002,0,0
-26.769855,3.0024834,-150.00002,0,0
-27.769855,3.0024834,-150.00002,0,0
-28.769855,3.0024834,-150.00002,0,0
-29.769855,3.0024834,-150.00002,0,0
-30.769855,3.0024834,-150.00002,0,0
-31.769855,3.0024834,-150.00002,0,0
-32.769855,3.0024834,-150.00002,0,0
-33.769855,3.0024834,-150.00002,0,0
-34.769855,3.0024834,-150.00002,0,0
-35.769855,3.0024834,-150.00002,0,0
-36.769855,3.0024834,-150.00002,0,0
-37.769855,3.0024834,-150.00002,0,0
-38.769855,3.0024834,-150.00002,0,0
-39.769855,3.0024834,-150.00002,0,0
-40.769855,3.0024834,-150.00002,0,0
-41.769855,3.0024834,-150.00002,0,0
-42.769855,3.0024834,-150.00002,0,0
-43.769855,3.0024834,-150.00002,0,0
-44.769855,3.0024834,-150.00002,0,0
-45.769855,3.0024834,-150.00002,0,0
-46.769855,3.0024834,-150.00002,0,0
-47.769855,3.0024834,-150.00002,0,0
-48.769855,3.0024834,-150.00002,0,0
-49.769855,3.0024834,-150.00002,0,0
49.230145,2.0024834,-150.00002,0,0
48.230145,2.0024834,-150.00002,0,0
47.230145,2.0024834,-150.00002,0,0
46.230145,2.0024834,-150.00002,0,0
45.230145,2.0024834,-150.00002,0,0
44.230145,2.0024834,-150.00002,0,0
43.230145,2.0024834,-150.00002,0,0
42.230145,2.0024834,-150.00002,0,0
41.230145,2.0024834,-150.00002,0,0
40.230145,2.0024834,-150.00002,0,0
39.230145,2.0024834,-150.00002,0,0
38.230145,2.0024834,-150.00002,0,0
37.230145,2.0024834,-150.00002,0,0
36.230145,2.0024834,-150.00002,0,0
35.230145,2.0024834,-150.00002,0,0
34.230145,2.0024834,-150.00002,0,0
33.230145,2.0024834,-150.00002,0,0
32.230145,2.0024834,-150.00002,0,0
31.230145,2.0024834,-150.00002,0,0
30.230145,2.0024834,-150.00002,0,0
29.230145,2.0024834,-150.00002,0,0
28.230145,2.0024834,-150.00002,0,0
27.230145,2.0024834,-150.00002,0,0
26.230145,2.0024834,-150.00002,0,0
25.230145,2.0024834,-150.00002,0,0
24.230145,2.0024834,-150.00002,0,0
23.230145,2.0024834,-150.00002,0,0
22.230145,2.0024834,-150.00002,0,0
21.230145,2.0024834,-150.00002,0,0
20.230145,2.0024834,-150.00002,0,0
19.230145,2.0024834,-150.00002,0,19.999996
18.230145,2.0024834,-150.00002,0.3011467,95.99999
17.230145,2.0024834,-150.00002,0.20559537,23.999996
16.230145,2.0024834,-150.00002,0.33442774,87.99999
15.2301445,2.0024834,-150.00002,0.45004702,83.99999
14.2301445,2.0024834,-150.00002,0.3260494,43.999996
13.2301445,2.0024834,-150.00002,0.19254793,59.999996
12.2301445,2.0024834,-150.00002,0.20536795,51.999996
11.2301445,2.0024834,-150.00002,0.45183372,39.999996
10.2301445,2.0024834,-150.00002,0.7235267,55.999996
9.2301445,2.0024834,-150.00002,0.61934453,39.999996
8.2301445,2.0024834,-150.00002,0.40890908,59.999996
7.2301445,2.0024834,-150.00002,0.3277641,47.999996
6.2301445,2.0024834,-150.00002,0.31087902,31.999996
5.2301445,2.0024834,-150.00002,0.3959992,91.99999
4.2301445,2.0024834,-150.00002,0.4738175,71.99999
3.2301445,2.0024834,-150.00002,0.49295264,83.99999
2.2301445,2.0024834,-150.00002,0.48343384,47.999996
1.2301445,2.0024834,-150.00002,0.4773242,51.999996
0.2301445,2.0024834,-150.00002,0.4671353,71.99999
-0.7698555,2.0024834,-150.00002,0.53671557,67.99999
-1.7698555,2.0024834,-150.00002,0.62292194,87.99999
-2.7698555,2.0024834,-150.00002,0.5907222,99.99999
-3.7698555,2.0024834,-150.00002,0.49495882,63.999996
-4.7698555,2.0024834,-150.00002,0.49002844,43.999996
-5.7698555,2.0024834,-150.00002,0.51453197,71.99999
-6.7698555,2.0024834,-150.00002,0.45214128,51.999996
-7.7698555,2.0024834,-150.00002,0.37308264,31.999996
-8.7698555,2.0024834,-150.00002,0.3840875,67.99999
-9.7698555,2.0024834,-150.00002,0.32609168,27.999996
-10.7698555,2.0024834,-150.00002,0.28110886,19.999996
-11.7698555,2.0024834,-150.00002,0.33851016,31.999996
-12.7698555,2.0024834,-150.00002,0.33995327,63.999996
-13.7698555,2.0024834,-150.00002,0.20199384,43.999996
-14.7698555,2.0024834,-150.00002,0.09487417,31.999996
-15.7698555,2.0024834,-150.00002,0.12560166,23.999996
-16.769855,2.0024834,-150.00002,0.24065289,63.999996
-17.769855,2.0024834,-150.00002,0.3178327,43.999996
-18.769855,2.0024834,-150.00002,0.302851,51.999996
-19.769855,2.0024834,-150.00002,0.22676891,103.99999
-20.769855,2.0024834,-150.00002,0.1642003,43.999996
-21.769855,2.0024834,-150.00002,0,19.999996
-22.769855,2.0024834,-150.00002,0,0
-23.769855,2.0024834,-150.00002,0,0
-24.769855,2.0024834,-150.00002,0,0
-25.769855,2.0024834,-150.00002,0,0
-26.769855,2.0024834,-150.00002,0,0
-27.769855,2.0024834,-150.00002,0,0
-28.769855,2.0024834,-150.00002,0,0
-29.769855,2.0024834,-150.00002,0,0
-30.769855,2.0024834,-150.00002,0,0
-31.769855,2.0024834,-150.00002,0,0
-32.769855,2.0024834,-150.00002,0,0
-33.769855,2.0024834,-150.00002,0,0
-34.769855,2.0024834,-150.00002,0,0
-35.769855,2.0024834,-150.00002,0,0
-36.769855,2.0024834,-150.00002,0,0
-37.769855,2.0024834,-150.00002,0,0
-38.769855,2.0024834,-150.00002,0,0
-39.769855,2.0024834,-150.00002,0,0
-40.769855,2.0024834,-150.00002,0,0
-41.769855,2.0024834,-150.00002,0,0
-42.769855,2.0024834,-150.00002,0,0
-43.769855,2.0024834,-150.00002,0,0
-44.769855,2.0024834,-150.00002,0,0
-45.769855,2.0024834,-150.00002,0,0
-46.769855,2.0024834,-150.00002,0,0
-47.769855,2.0024834,-150.00002,0,0
-48.769855,2.0024834,-150.00002,0,0
-49.769855,2.0024834,-150.00002,0,0
49.230145,1.0024834,-150.00002,0,0
48.230145,1.0024834,-150.00002,0,0
47.230145,1.0024834,-150.00002,0,0
46.230145,1.0024834,-150.00002,0,0
45.230145,1.0024834,-150.00002,0,0
44.230145,1.0024834,-150.00002,0,0
43.230145,1.0024834,-150.00002,0,0
42.230145,1.0024834,-150.00002,0,0
41.230145,1.0024834,-150.00002,0,0
40.230145,1.0024834,-150.00002,0,0
39.230145,1.0024834,-150.00002,0,0
38.230145,1.0024834,-150.00002,0,0
37.230145,1.0024834,-150.00002,0,0
36.230145,1.0024834,-150.00002,0,0
35.230145,1.0024834,-150.00002,0,0
34.230145,1.0024834,-150.00002,0,0
33.230145,1.0024834,-150.00002,0,0
32.230145,1.0024834,-150.00002,0,0
31.230145,1.0024834,-150.00002,0,0
30.230145,1.0024834,-150.00002,0,0
29.230145,1.0024834,-150.00002,0,0
28.230145,1.0024834,-150.00002,0,0
27.230145,1.0024834,-150.00002,0,0
26.230145,1.0024834,-150.00002,0,0
25.230145,1.0024834,-150.00002,0,0
24.230145,1.0024834,-150.00002,0,0
23.230145,1.0024834,-150.00002,0,0
22.230145,1.0024834,-150.00002,0,0
21.230145,1.0024834,-150.00002,0,0
20.230145,1.0024834,-150.00002,0,0
19.230145,1.0024834,-150.00002,0,19.999996
18.230145,1.0024834,-150.00002,0.3093876,75.99999
17.230145,1.0024834,-150.00002,0.18038112,59.999996
16.230145,1.0024834,-150.00002,0.18646215,55.999996
15.2301445,1.0024834,-150.00002,0.24456218,59.999996
14.2301445,1.0024834,-150.00002,0.1520458,55.999996
13.2301445,1.0024834,-150.00002,0.08047722,67.99999
12.2301445,1.0024834,-150.00002,0.14084719,43.999996
11.2301445,1.0024834,-150.00002,0.4353482,59.999996
10.2301445,1.0024834,-150.00002,0.71539664,87.99999
9.2301445,1.0024834,-150.00002,0.6694514,59.999996
8.2301445,1.0024834,-150.00002,0.50905716,55.999996
7.2301445,1.0024834,-150.00002,0.48132536,99.99999
6.2301445,1.0024834,-150.00002,0.48925883,99.99999
5.2301445,1.0024834,-150.00002,0.46883786,111.99999
4.2301445,1.0024834,-150.00002,0.3955358,67.99999
3.2301445,1.0024834,-150.00002,0.3633178,75.99999
2.2301445,1.0024834,-150.00002,0.40459427,75.99999
1.2301445,1.0024834,-150.00002,0.4050197,67.99999
0.2301445,1.0024834,-150.00002,0.38233545,71.99999
-0.7698555,1.0024834,-150.00002,0.4929788,99.99999
-1.7698555,1.0024834,-150.00002,0.6219297,87.99999
-2.7698555,1.0024834,-150.00002,0.66359603,79.99999
-3.7698555,1.0024834,-150.00002,0.60910654,99.99999
-4.7698555,1.0024834,-150.00002,0.5446627,55.999996
-5.7698555,1.0024834,-150.00002,0.48258722,59.999996
-6.7698555,1.0024834,-150.00002,0.41552338,55.999996
-7.7698555,1.0024834,-150.00002,0.3125707,55.999996
-8.7698555,1.0024834,-150.00002,0.24514136,19.999996
-9.7698555,1.0024834,-150.00002,0.18663174,27.999996
-10.7698555,1.0024834,-150.00002,0.123346865,19.999996
-11.7698555,1.0024834,-150.00002,0.18917482,39.999996
-12.7698555,1.0024834,-150.00002,0.27215376,39.999996
-13.7698555,1.0024834,-150.00002,0.16879652,39.999996
-14.7698555,1.0024834,-150.00002,0.010507099,55.999996
-15.7698555,1.0024834,-150.00002,-0.01726523,35.999996
-16.769855,1.0024834,-150.00002,0.15299973,31.999996
-17.769855,1.0024834,-150.00002,0.3526132,47.999996
-18.769855,1.0024834,-150.00002,0.35940397,59.999996
-19.769855,1.0024834,-150.00002,0.25563523,43.999996
-20.769855,1.0024834,-150.00002,Infinity,47.999996
-21.769855,1.0024834,-150.00002,0,3.999999
-22.769855,1.0024834,-150.00002,0,0
-23.769855,1.0024834,-150.00002,0,0
-24.769855,1.0024834,-150.00002,0,0
-25.769855,1.0024834,-150.00002,0,0
-26.769855,1.0024834,-150.00002,0,0
-27.769855,1.0024834,-150.00002,0,0
-28.769855,1.0024834,-150.00002,0,0
-29.769855,1.0024834,-150.00002,0,0
-30.769855,1.0024834,-150.00002,0,0
-31.769855,1.0024834,-150.00002,0,0
-32.769855,1.0024834,-150.00002,0,0
-33.769855,1.0024834,-150.00002,0,0
-34.769855,1.0024834,-150.00002,0,0
-35.769855,1.0024834,-150.00002,0,0
-36.769855,1.0024834,-150.00002,0,0
-37.769855,1.0024834,-150.00002,0,0
-38.769855,1.0024834,-150.00002,0,0
-39.769855,1.0024834,-150.00002,0,0
-40.769855,1.0024834,-150.00002,0,0
-41.769855,1.0024834,-150.00002,0,0
-42.769855,1.0024834,-150.00002,0,0
-43.769855,1.0024834,-150.00002,0,0
-44.769855,1.0024834,-150.00002,0,0
-45.769855,1.0024834,-150.00002,0,0
-46.769855,1.0024834,-150.00002,0,0
-47.769855,1.0024834,-150.00002,0,0
-48.769855,1.0024834,-150.00002,0,0
-49.769855,1.0024834,-150.00002,0,0
49.230145,0.002483368,-150.00002,0,0
48.230145,0.002483368,-150.00002,0,0
47.230145,0.002483368,-150.00002,0,0
46.230145,0.002483368,-150.00002,0,0
45.230145,0.002483368,-150.00002,0,0
44.230145,0.002483368,-150.00002,0,0
43.230145,0.002483368,-150.00002,0,0
42.230145,0.002483368,-150.00002,0,0
41.230145,0.002483368,-150.00002,0,0
40.230145,0.002483368,-150.00002,0,0
39.230145,0.002483368,-150.00002,0,0
38.230145,0.002483368,-150.00002,0,0
37.230145,0.002483368,-150.00002,0,0
36.230145,0.002483368,-150.00002,0,0
35.230145,0.002483368,-150.00002,0,0
34.230145,0.002483368,-150.00002,0,0
33.230145,0.002483368,-150.00002,0,0
32.230145,0.002483368,-150.00002,0,0
31.230145,0.002483368,-150.00002,0,0
30.230145,0.002483368,-150.00002,0,0
29.230145,0.002483368,-150.00002,0,0
28.230145,0.002483368,-150.00002,0,0
27.230145,0.002483368,-150.00002,0,0
26.230145,0.002483368,-150.00002,0,0
25.230145,0.002483368,-150.00002,0,0
24.230145,0.002483368,-150.00002,0,0
23.230145,0.002483368,-150.00002,0,0
22.230145,0.002483368,-150.00002,0,0
21.230145,0.002483368,-150.00002,0,0
20.230145,0.002483368,-150.00002,0,0
19.230145,0.002483368,-150.00002,0,19.999996
18.230145,0.002483368,-150.00002,0.4022311,111.99999
17.230145,0.002483368,-150.00002,0.2189145,99.99999
16.230145,0.002483368,-150.00002,0.13693728,91.99999
15.2301445,0.002483368,-150.00002,0.14365673,79.99999
14.2301445,0.002483368,-150.00002,0.12847516,59.999996
13.2301445,0.002483368,-150.00002,0.103989616,55.999996
12.2301445,0.002483368,-150.00002,0.18432894,43.999996
11.2301445,0.002483368,-150.00002,0.41558594,71.99999
10.2301445,0.002483368,-150.00002,0.66599625,75.99999
9.2301445,0.002483368,-150.00002,0.73308015,83.99999
8.2301445,0.002483368,-150.00002,0.6717552,87.99999
7.2301445,0.002483368,-150.00002,0.6428041,79.99999
6.2301445,0.002483368,-150.00002,0.6259297,63.999996
5.2301445,0.002483368,-150.00002,0.5225262,91.99999
4.2301445,0.002483368,-150.00002,0.42192858,83.99999
3.2301445,0.002483368,-150.00002,0.37112802,71.99999
2.2301445,0.002483368,-150.00002,0.35678446,63.999996
1.2301445,0.002483368,-150.00002,0.37149853,51.999996
0.2301445,0.002483368,-150.00002,0.40655747,63.999996
-0.7698555,0.002483368,-150.00002,0.50761205,107.99999
-1.7698555,0.002483368,-150.00002,0.5690144,131.99998
-2.7698555,0.002483368,-150.00002,0.6166829,67.99999
-3.7698555,0.002483368,-150.00002,0.62779224,79.99999
-4.7698555,0.002483368,-150.00002,0.560583,59.999996
-5.7698555,0.002483368,-150.00002,0.36271438,55.999996
-6.7698555,0.002483368,-150.00002,0.21244386,19.999996
-7.7698555,0.002483368,-150.00002,0.109678246,43.999996
-8.7698555,0.002483368,-150.00002,0.0893556,35.999996
-9.7698555,0.002483368,-150.00002,0.07319945,51.999996
-10.7698555,0.002483368,-150.00002,0.0003075041,19.999996
-11.7698555,0.002483368,-150.00002,0.004707255,23.999996
-12.7698555,0.002483368,-150.00002,0.104127645,39.999996
-13.7698555,0.002483368,-150.00002,0.08022818,47.999996
-14.7698555,0.002483368,-150.00002,0.0028251503,51.999996
-15.7698555,0.002483368,-150.00002,-0.054691322,27.999996
-16.769855,0.002483368,-150.00002,0.07088036,11.999997
-17.769855,0.002483368,-150.00002,0.37610877,43.999996
-18.769855,0.002483368,-150.00002,0.44073567,27.999996
-19.769855,0.002483368,-150.00002,0.36143997,55.999996
-20.769855,0.002483368,-150.00002,Infinity,63.999996
-21.769855,0.002483368,-150.00002,0,7.999998
-22.769855,0.002483368,-150.00002,0,0
-23.769855,0.002483368,-150.00002,0,0
-24.769855,0.002483368,-150.00002,0,0
-25.769855,0.002483368,-150.00002,0,0
-26.769855,0.002483368,-150.00002,0,0
-27.769855,0.002483368,-150.00002,0,0
-28.769855,0.002483368,-150.00002,0,0
-29.769855,0.002483368,-150.00002,0,0
-30.769855,0.002483368,-150.00002,0,0
-31.769855,0.002483368,-150.00002,0,0
-32.769855,0.002483368,-150.00002,0,0
-33.769855,0.002483368,-150.00002,0,0
-34.769855,0.002483368,-150.00002,0,0
-35.769855,0.002483368,-150.00002,0,0
-36.769855,0.002483368,-150.00002,0,0
-37.769855,0.002483368,-150.00002,0,0
-38.769855,0.002483368,-150.00002,0,0
-39.769855,0.002483368,-150.00002,0,0
-40.769855,0.002483368,-150.00002,0,0
-41.769855,0.002483368,-150.00002,0,0
-42.769855,0.002483368,-150.00002,0,0
-43.769855,0.002483368,-150.00002,0,0
-44.769855,0.002483368,-150.00002,0,0
-45.769855,0.002483368,-150.00002,0,0
-46.769855,0.002483368,-150.00002,0,0
-47.769855,0.002483368,-150.00002,0,0
-48.769855,0.002483368,-150.00002,0,0
-49.769855,0.002483368,-150.00002,0,0
49.230145,-0.99751663,-150.00002,0,0
48.230145,-0.99751663,-150.00002,0,0
47.230145,-0.99751663,-150.00002,0,0
46.230145,-0.99751663,-150.00002,0,0
45.230145,-0.99751663,-150.00002,0,0
44.230145,-0.99751663,-150.00002,0,0
43.230145,-0.99751663,-150.00002,0,0
42.230145,-0.99751663,-150.00002,0,0
41.230145,-0.99751663,-150.00002,0,0
40.230145,-0.99751663,-150.00002,0,0
39.230145,-0.99751663,-150.00002,0,0
38.230145,-0.99751663,-150.00002,0,0
37.230145,-0.99751663,-150.00002,0,0
36.230145,-0.99751663,-150.00002,0,0
35.230145,-0.99751663,-150.00002,0,0
34.230145,-0.99751663,-150.00002,0,0
33.230145,-0.99751663,-150.00002,0,0
32.230145,-0.99751663,-150.00002,0,0
31.230145,-0.99751663,-150.00002,0,0
30.230145,-0.99751663,-150.00002,0,0
29.230145,-0.99751663,-150.00002,0,0
28.230145,-0.99751663,-150.00002,0,0
27.230145,-0.99751663,-150.00002,0,0
26.230145,-0.99751663,-150.00002,0,0
25.230145,-0.99751663,-150.00002,0,0
24.230145,-0.99751663,-150.00002,0,0
23.230145,-0.99751663,-150.00002,0,0
22.230145,-0.99751663,-150.00002,0,0
21.230145,-0.99751663,-150.00002,0,0
20.230145,-0.99751663,-150.00002,0,0
19.230145,-0.99751663,-150.00002,0,27.999996
18.230145,-0.99751663,-150.00002,0,63.999996
17.230145,-0.99751663,-150.00002,0.30296296,55.999996
16.230145,-0.99751663,-150.00002,0.25203702,71.99999
15.2301445,-0.99751663,-150.00002,0.31584316,95.99999
14.2301445,-0.99751663,-150.00002,0.38076395,83.99999
13.2301445,-0.99751663,-150.00002,0.4139771,99.99999
12.2301445,-0.99751663,-150.00002,0.41132575,83.99999
11.2301445,-0.99751663,-150.00002,0.44637778,39.999996
10.2301445,-0.99751663,-150.00002,0.6106413,67.99999
9.2301445,-0.99751663,-150.00002,0.74150306,59.999996
8.2301445,-0.99751663,-150.00002,0.69601506,43.999996
7.2301445,-0.99751663,-150.00002,0.65911067,87.99999
6.2301445,-0.99751663,-150.00002,0.63402516,79.99999
5.2301445,-0.99751663,-150.00002,0.5783759,51.999996
4.2301445,-0.99751663,-150.00002,0.55499417,107.99999
3.2301445,-0.99751663,-150.00002,0.5253279,103.99999
2.2301445,-0.99751663,-150.00002,0.4509288,95.99999
1.2301445,-0.99751663,-150.00002,0.42964634,71.99999
0.2301445,-0.99751663,-150.00002,0.45146525,99.99999
-0.7698555,-0.99751663,-150.00002,0.43508714,51.999996
-1.7698555,-0.99751663,-150.00002,0.3974699,75.99999
-2.7698555,-0.99751663,-150.00002,0.47680193,43.999996
-3.7698555,-0.99751663,-150.00002,0.5877912,67.99999
-4.7698555,-0.99751663,-150.00002,0.5217096,55.999996
-5.7698555,-0.99751663,-150.00002,0.26580706,59.999996
-6.7698555,-0.99751663,-150.00002,0.03308507,7.999998
-7.7698555,-0.99751663,-150.00002,-0.047849443,35.999996
-8.7698555,-0.99751663,-150.00002,-0.07239886,35.999996
-9.7698555,-0.99751663,-150.00002,-0.15041056,19.999996
-10.7698555,-0.99751663,-150.00002,-0.17823619,15.999996
-11.7698555,-0.99751663,-150.00002,-0.11576681,7.999998
-12.7698555,-0.99751663,-150.00002,0.004398348,7.999998
-13.7698555,-0.99751663,-150.00002,0.006714277,11.999997
-14.7698555,-0.99751663,-150.00002,0.036280915,15.999996
-15.7698555,-0.99751663,-150.00002,0.09215317,43.999996
-16.769855,-0.99751663,-150.00002,0.14558549,11.999997
-17.769855,-0.99751663,-150.00002,0.3465478,55.999996
-18.769855,-0.99751663,-150.00002,0.4720129,91.99999
-19.769855,-0.99751663,-150.00002,0.44693363,55.999996
-20.769855,-0.99751663,-150.00002,0,87.99999
-21.769855,-0.99751663,-150.00002,0,3.999999
-22.769855,-0.99751663,-150.00002,0,0
-23.769855,-0.99751663,-150.00002,0,0
-24.769855,-0.99751663,-150.00002,0,0
-25.769855,-0.99751663,-150.00002,0,0
-26.769855,-0.99751663,-150.00002,0,0
-27.769855,-0.99751663,-150.00002,0,0
-28.769855,-0.99751663,-150.00002,0,0
-29.769855,-0.99751663,-150.00002,0,0
-30.769855,-0.99751663,-150.00002,0,0
-31.769855,-0.99751663,-150.00002,0,0
-32.769855,-0.99751663,-150.00002,0,0
-33.769855,-0.99751663,-150.00002,0,0
-34.769855,-0.99751663,-150.00002,0,0
-35.769855,-0.99751663,-150.00002,0,0
-36.769855,-0.99751663,-150.00002,0,0
-37.769855,-0.99751663,-150.00002,0,0
-38.769855,-0.99751663,-150.00002,0,0
-39.769855,-0.99751663,-150.00002,0,0
-40.769855,-0.99751663,-150.00002,0,0
-41.769855,-0.99751663,-150.00002,0,0
-42.769855,-0.99751663,-150.00002,0,0
-43.769855,-0.99751663,-150.00002,0,0
-44.769855,-0.99751663,-150.00002,0,0
-45.769855,-0.99751663,-150.00002,0,0
-46.769855,-0.99751663,-150.00002,0,0
-47.769855,-0.99751663,-150.00002,0,0
-48.769855,-0.99751663,-150.00002,0,0
-49.769855,-0.99751663,-150.00002,0,0
49.230145,-1.9975166,-150.00002,0,0
48.230145,-1.9975166,-150.00002,0,0
47.230145,-1.9975166,-150.00002,0,0
46.230145,-1.9975166,-150.00002,0,0
45.230145,-1.9975166,-150.00002,0,0
44.230145,-1.9975166,-150.00002,0,0
43.230145,-1.9975166,-150.00002,0,0
42.230145,-1.9975166,-150.00002,0,0
41.230145,-1.9975166,-150.00002,0,0
40.230145,-1.9975166,-150.00002,0,0
39.230145,-1.9975166,-150.00002,0,0
38.230145,-1.9975166,-150.00002,0,0
37.230145,-1.9975166,-150.00002,0,0
36.230145,-1.9975166,-150.00002,0,0
35.230145,-1.9975166,-150.00002,0,0
34.230145,-1.9975166,-150.00002,0,0
33.230145,-1.9975166,-150.00002,0,0
32.230145,-1.9975166,-150.00002,0,0
31.230145,-1.9975166,-150.00002,0,0
30.230145,-1.9975166,-150.00002,0,0
29.230145,-1.9975166,-150.00002,0,0
28.230145,-1.9975166,-150.00002,0,0
27.230145,-1.9975166,-150.00002,0,0
26.230145,-1.9975166,-150.00002,0,0
25.230145,-1.9975166,-150.00002,0,0
24.230145,-1.9975166,-150.00002,0,0
23.230145,-1.9975166,-150.00002,0,0
22.230145,-1.9975166,-150.00002,0,0
21.230145,-1.9975166,-150.00002,0,0
20.230145,-1.9975166,-150.00002,0,0
19.230145,-1.9975166,-150.00002,0,0
18.230145,-1.9975166,-150.00002,0,87.99999
17.230145,-1.9975166,-150.00002,0.49905905,87.99999
16.230145,-1.9975166,-150.00002,0.5327803,75.99999
15.2301445,-1.9975166,-150.00002,0.62341225,71.99999
14.2301445,-1.9975166,-150.00002,0.70399475,95.99999
13.2301445,-1.9975166,-150.00002,0.7100627,127.99999
12.2301445,-1.9975166,-150.00002,0.5826129,55.999996
11.2301445,-1.9975166,-150.00002,0.4382278,67.99999
10.2301445,-1.9975166,-150.00002,0.46447176,51.999996
9.2301445,-1.9975166,-150.00002,0.5626307,67.99999
8.2301445,-1.9975166,-150.00002,0.5812664,59.999996
7.2301445,-1.9975166,-150.00002,0.55841494,59.999996
6.2301445,-1.9975166,-150.00002,0.6273377,95.99999
5.2301445,-1.9975166,-150.00002,0.66147745,87.99999
4.2301445,-1.9975166,-150.00002,0.6302723,115.99999
3.2301445,-1.9975166,-150.00002,0.6470627,79.99999
2.2301445,-1.9975166,-150.00002,0.5619898,79.99999
1.2301445,-1.9975166,-150.00002,0.4552551,39.999996
0.2301445,-1.9975166,-150.00002,0.38330406,59.999996
-0.7698555,-1.9975166,-150.00002,0.26316214,55.999996
-1.7698555,-1.9975166,-150.00002,0.23808813,71.99999
-2.7698555,-1.9975166,-150.00002,0.38380674,75.99999
-3.7698555,-1.9975166,-150.00002,0.49699664,43.999996
-4.7698555,-1.9975166,-150.00002,0.4301005,83.99999
-5.7698555,-1.9975166,-150.00002,0.1689533,47.999996
-6.7698555,-1.9975166,-150.00002,0.0016798708,23.999996
-7.7698555,-1.9975166,-150.00002,-0.04173268,51.999996
-8.7698555,-1.9975166,-150.00002,-0.17134361,31.999996
-9.7698555,-1.9975166,-150.00002,-0.3391637,19.999996
-10.7698555,-1.9975166,-150.00002,-0.3726102,3.999999
-11.7698555,-1.9975166,-150.00002,-0.17300256,15.999996
-12.7698555,-1.9975166,-150.00002,0.0413301,15.999996
-13.7698555,-1.9975166,-150.00002,0.065373614,23.999996
-14.7698555,-1.9975166,-150.00002,0.15399009,27.999996
-15.7698555,-1.9975166,-150.00002,0.33483458,35.999996
-16.769855,-1.9975166,-150.00002,0.40298367,47.999996
-17.769855,-1.9975166,-150.00002,0.40617937,55.999996
-18.769855,-1.9975166,-150.00002,0.43894303,79.99999
-19.769855,-1.9975166,-150.00002,0.41427627,87.99999
-20.769855,-1.9975166,-150.00002,0,55.999996
-21.769855,-1.9975166,-150.00002,0,0
-22.769855,-1.9975166,-150.00002,0,0
-23.769855,-1.9975166,-150.00002,0,0
-24.769855,-1.9975166,-150.00002,0,0
-25.769855,-1.9975166,-150.00002,0,0
-26.769855,-1.9975166,-150.00002,0,0
-27.769855,-1.9975166,-150.00002,0,0
-28.769855,-1.9975166,-150.00002,0,0
-29.769855,-1.9975166,-150.00002,0,0
-30.769855,-1.9975166,-150.00002,0,0
-31.769855,-1.9975166,-150.00002,0,0
-32.769855,-1.9975166,-150.00002,0,0
-33.769855,-1.9975166,-150.00002,0,0
-34.769855,-1.9975166,-150.00002,0,0
-35.769855,-1.9975166,-150.00002,0,0
-36.769855,-1.9975166,-150.00002,0,0
-37.769855,-1.9975166,-150.00002,0,0
-38.769855,-1.9975166,-150.00002,0,0
-39.769855,-1.9975166,-150.00002,0,0
-40.769855,-1.9975166,-150.00002,0,0
-41.769855,-1.9975166,-150.00002,0,0
-42.769855,-1.9975166,-150.00002,0,0
-43.769855,-1.9975166,-150.00002,0,0
-44.769855,-1.9975166,-150.00002,0,0
-45.769855,-1.9975166,-150.00002,0,0
-46.769855,-1.9975166,-150.00002,0,0
-47.769855,-1.9975166,-150.00002,0,0
-48.769855,-1.9975166,-150.00002,0,0
-49.769855,-1.9975166,-150.00002,0,0
49.230145,-2.9975166,-150.00002,0,0
48.230145,-2.9975166,-150.00002,0,0
47.230145,-2.9975166,-150.00002,0,0
46.230145,-2.9975166,-150.00002,0,0
45.230145,-2.9975166,-150.00002,0,0
44.230145,-2.9975166,-150.00002,0,0
43.230145,-2.9975166,-150.00002,0,0
42.230145,-2.9975166,-150.00002,0,0
41.230145,-2.9975166,-150.00002,0,0
40.230145,-2.9975166,-150.00002,0,0
39.230145,-2.9975166,-150.00002,0,0
38.230145,-2.9975166,-150.00002,0,0
37.230145,-2.9975166,-150.00002,0,0
36.230145,-2.9975166,-150.00002,0,0
35.230145,-2.9975166,-150.00002,0,0
34.230145,-2.9975166,-150.00002,0,0
33.230145,-2.9975166,-150.00002,0,0
32.230145,-2.9975166,-150.00002,0,0
31.230145,-2.9975166,-150.00002,0,0
30.230145,-2.9975166,-150.00002,0,0
29.230145,-2.9975166,-150.00002,0,0
28.230145,-2.9975166,-150.00002,0,0
27.230145,-2.9975166,-150.00002,0,0
26.230145,-2.9975166,-150.00002,0,0
25.230145,-2.9975166,-150.00002,0,0
24.230145,-2.9975166,-150.00002,0,0
23.230145,-2.9975166,-150.00002,0,0
22.230145,-2.9975166,-150.00002,0,0
21.230145,-2.9975166,-150.00002,0,0
20.230145,-2.9975166,-150.00002,0,0
19.230145,-2.9975166,-150.00002,0,0
18.230145,-2.9975166,-150.00002,0,67.99999
17.230145,-2.9975166,-150.00002,0.70192695,99.99999
16.230145,-2.9975166,-150.00002,0.7219149,99.99999
15.2301445,-2.9975166,-150.00002,0.7685505,119.99999
14.2301445,-2.9975166,-150.00002,0.76635176,107.99999
13.2301445,-2.9975166,-150.00002,0.668331,83.99999
12.2301445,-2.9975166,-150.00002,0.48157617,63.999996
11.2301445,-2.9975166,-150.00002,0.30684286,71.99999
10.2301445,-2.9975166,-150.00002,0.27876598,43.999996
9.2301445,-2.9975166,-150.00002,0.3859626,39.999996
8.2301445,-2.9975166,-150.00002,0.43029144,35.999996
7.2301445,-2.9975166,-150.00002,0.4482671,43.999996
6.2301445,-2.9975166,-150.00002,0.54886603,59.999996
5.2301445,-2.9975166,-150.00002,0.6048242,47.999996
4.2301445,-2.9975166,-150.00002,0.55475265,75.99999
3.2301445,-2.9975166,-150.00002,0.5110779,75.99999
2.2301445,-2.9975166,-150.00002,0.49591744,55.999996
1.2301445,-2.9975166,-150.00002,0.42717543,55.999996
0.2301445,-2.9975166,-150.00002,0.30190414,43.999996
-0.7698555,-2.9975166,-150.00002,0.16286333,55.999996
-1.7698555,-2.9975166,-150.00002,0.16751933,43.999996
-2.7698555,-2.9975166,-150.00002,0.31725216,107.99999
-3.7698555,-2.9975166,-150.00002,0.43014288,47.999996
-4.7698555,-2.9975166,-150.00002,0.3451781,59.999996
-5.7698555,-2.9975166,-150.00002,0.13086812,7.999998
-6.7698555,-2.9975166,-150.00002,0.04747065,23.999996
-7.7698555,-2.9975166,-150.00002,-0.0028647445,31.999996
-8.7698555,-2.9975166,-150.00002,-0.17851599,39.999996
-9.7698555,-2.9975166,-150.00002,-0.31699985,11.999997
-10.7698555,-2.9975166,-150.00002,-0.30268508,19.999996
-11.7698555,-2.9975166,-150.00002,-0.19292258,3.999999
-12.7698555,-2.9975166,-150.00002,-0.018367246,3.999999
-13.7698555,-2.9975166,-150.00002,0.08002359,27.999996
-14.7698555,-2.9975166,-150.00002,0.23301546,11.999997
-15.7698555,-2.9975166,-150.00002,0.48564935,23.999996
-16.769855,-2.9975166,-150.00002,0.6137606,47.999996
-17.769855,-2.9975166,-150.00002,0.5719253,107.99999
-18.769855,-2.9975166,-150.00002,0.502228,87.99999
-19.769855,-2.9975166,-150.00002,0,111.99999
-20.769855,-2.9975166,-150.00002,0,3.999999
-21.769855,-2.9975166,-150.00002,0,0
-22.769855,-2.9975166,-150.00002,0,0
-23.769855,-2.9975166,-150.00002,0,0
-24.769855,-2.9975166,-150.00002,0,0
-25.769855,-2.9975166,-150.00002,0,0
-26.769855,-2.9975166,-150.00002,0,0
-27.769855,-2.9975166,-150.00002,0,0
-28.769855,-2.9975166,-150.00002,0,0
-29.769855,-2.9975166,-150.00002,0,0
-30.769855,-2.9975166,-150.00002,0,0
-31.769855,-2.9975166,-150.00002,0,0
-32.769855,-2.9975166,-150.00002,0,0
-33.769855,-2.9975166,-150.00002,0,0
-34.769855,-2.9975166,-150.00002,0,0
-35.769855,-2.9975166,-150.00002,0,0
-36.769855,-2.9975166,-150.00002,0,0
-37.769855,-2.9975166,-150.00002,0,0
-38.769855,-2.9975166,-150.00002,0,0
-39.769855,-2.9975166,-150.00002,0,0
-40.769855,-2.9975166,-150.00002,0,0
-41.769855,-2.9975166,-150.00002,0,0
-42.769855,-2.9975166,-150.00002,0,0
-43.769855,-2.9975166,-150.00002,0,0
-44.769855,-2.9975166,-150.00002,0,0
-45.769855,-2.9975166,-150.00002,0,0
-46.769855,-2.9975166,-150.00002,0,0
-47.769855,-2.9975166,-150.00002,0,0
-48.769855,-2.9975166,-150.00002,0,0
-49.769855,-2.9975166,-150.00002,0,0
49.230145,-3.9975166,-150.00002,0,0
48.230145,-3.9975166,-150.00002,0,0
47.230145,-3.9975166,-150.00002,0,0
46.230145,-3.9975166,-150.00002,0,0
45.230145,-3.9975166,-150.00002,0,0
44.230145,-3.9975166,-150.00002,0,0
43.230145,-3.9975166,-150.00002,0,0
42.230145,-3.9975166,-150.00002,0,0
41.230145,-3.9975166,-150.00002,0,0
40.230145,-3.9975166,-150.00002,0,0
39.230145,-3.9975166,-150.00002,0,0
38.230145,-3.9975166,-150.00002,0,0
37.230145,-3.9975166,-150.00002,0,0
36.230145,-3.9975166,-150.00002,0,0
35.230145,-3.9975166,-150.00002,0,0
34.230145,-3.9975166,-150.00002,0,0
33.230145,-3.9975166,-150.00002,0,0
32.230145,-3.9975166,-150.00002,0,0
31.230145,-3.9975166,-150.00002,0,0
30.230145,-3.9975166,-150.00002,0,0
29.230145,-3.9975166,-150.00002,0,0
28.230145,-3.9975166,-150.00002,0,0
27.230145,-3.9975166,-150.00002,0,0
26.230145,-3.9975166,-150.00002,0,0
25.230145,-3.9975166,-150.00002,0,0
24.230145,-3.9975166,-150.00002,0,0
23.230145,-3.9975166,-150.00002,0,0
22.230145,-3.9975166,-150.00002,0,0
21.230145,-3.9975166,-150.00002,0,0
20.230145,-3.9975166,-150.00002,0,0
19.230145,-3.9975166,-150.00002,0,0
18.230145,-3.9975166,-150.00002,0,27.999996
17.230145,-3.9975166,-150.00002,0.7338335,87.99999
16.230145,-3.9975166,-150.00002,0.70787865,119.99999
15.2301445,-3.9975166,-150.00002,0.6883089,59.999996
14.2301445,-3.9975166,-150.00002,0.62654686,95.99999
13.2301445,-3.9975166,-150.00002,0.48511362,71.99999
12.2301445,-3.9975166,-150.00002,0.2806454,43.999996
11.2301445,-3.9975166,-150.00002,0.17547646,55.999996
10.2301445,-3.9975166,-150.00002,0.2371917,55.999996
9.2301445,-3.9975166,-150.00002,0.37730798,87.99999
8.2301445,-3.9975166,-150.00002,0.40413088,67.99999
7.2301445,-3.9975166,-150.00002,0.38645548,47.999996
6.2301445,-3.9975166,-150.00002,0.43620235,67.99999
5.2301445,-3.9975166,-150.00002,0.49812052,79.99999
4.2301445,-3.9975166,-150.00002,0.47665757,83.99999
3.2301445,-3.9975166,-150.00002,0.4115262,47.999996
2.2301445,-3.9975166,-150.00002,0.4446563,47.999996
1.2301445,-3.9975166,-150.00002,0.4525965,75.99999
0.2301445,-3.9975166,-150.00002,0.33568954,67.99999
-0.7698555,-3.9975166,-150.00002,0.26134136,59.999996
-1.7698555,-3.9975166,-150.00002,0.28684056,43.999996
-2.7698555,-3.9975166,-150.00002,0.34263366,35.999996
-3.7698555,-3.9975166,-150.00002,0.4763579,71.99999
-4.7698555,-3.9975166,-150.00002,0.446162,63.999996
-5.7698555,-3.9975166,-150.00002,0.24621275,27.999996
-6.7698555,-3.9975166,-150.00002,0.076322086,35.999996
-7.7698555,-3.9975166,-150.00002,-0.03621178,35.999996
-8.7698555,-3.9975166,-150.00002,-0.11271165,15.999996
-9.7698555,-3.9975166,-150.00002,-0.07882798,23.999996
-10.7698555,-3.9975166,-150.00002,-0.041774545,27.999996
-11.7698555,-3.9975166,-150.00002,-0.02877318,43.999996
-12.7698555,-3.9975166,-150.00002,-0.039146375,15.999996
-13.7698555,-3.9975166,-150.00002,0.035836138,23.999996
-14.7698555,-3.9975166,-150.00002,0.22615814,39.999996
-15.7698555,-3.9975166,-150.00002,0.49091488,59.999996
-16.769855,-3.9975166,-150.00002,0.698197,67.99999
-17.769855,-3.9975166,-150.00002,0.7055876,83.99999
-18.769855,-3.9975166,-150.00002,Infinity,115.99999
-19.769855,-3.9975166,-150.00002,0,35.999996
-20.769855,-3.9975166,-150.00002,0,0
-21.769855,-3.9975166,-150.00002,0,0
-22.769855,-3.9975166,-150.00002,0,0
-23.769855,-3.9975166,-150.00002,0,0
-24.769855,-3.9975166,-150.00002,0,0
-25.769855,-3.9975166,-150.00002,0,0
-26.769855,-3.9975166,-150.00002,0,0
-27.769855,-3.9975166,-150.00002,0,0
-28.769855,-3.9975166,-150.00002,0,0
-29.769855,-3.9975166,-150.00002,0,0
-30.769855,-3.9975166,-150.00002,0,0
-31.769855,-3.9975166,-150.00002,0,0
-32.769855,-3.9975166,-150.00002,0,0
-33.769855,-3.9975166,-150.00002,0,0
-34.769855,-3.9975166,-150.00002,0,0
-35.769855,-3.9975166,-150.00002,0,0
-36.769855,-3.9975166,-150.00002,0,0
-37.769855,-3.9975166,-150.00002,0,0
-38.769855,-3.9975166,-150.00002,0,0
-39.769855,-3.9975166,-150.00002,0,0
-40.769855,-3.9975166,-150.00002,0,0
-41.769855,-3.9975166,-150.00002,0,0
-42.769855,-3.9975166,-150.00002,0,0
-43.769855,-3.9975166,-150.00002,0,0
-44.769855,-3.9975166,-150.00002,0,0
-45.769855,-3.9975166,-150.00002,0,0
-46.769855,-3.9975166,-150.00002,0,0
-47.769855,-3.9975166,-150.00002,0,0
-48.769855,-3.9975166,-150.00002,0,0
-49.769855,-3.9975166,-150.00002,0,0
49.230145,-4.9975166,-150.00002,0,0
48.230145,-4.9975166,-150.00002,0,0
47.230145,-4.9975166,-150.00002,0,0
46.230145,-4.9975166,-150.00002,0,0
45.230145,-4.9975166,-150.00002,0,0
44.230145,-4.9975166,-150.00002,0,0
43.230145,-4.9975166,-150.00002,0,0
42.230145,-4.9975166,-150.00002,0,0
41.230145,-4.9975166,-150.00002,0,0
40.230145,-4.9975166,-150.00002,0,0
39.230145,-4.9975166,-150.00002,0,0
38.230145,-4.9975166,-150.00002,0,0
37.230145,-4.9975166,-150.00002,0,0
36.230145,-4.9975166,-150.00002,0,0
35.230145,-4.9975166,-150.00002,0,0
34.230145,-4.9975166,-150.00002,0,0
33.230145,-4.9975166,-150.00002,0,0
32.230145,-4.9975166,-150.00002,0,0
31.230145,-4.9975166,-150.00002,0,0
30.230145,-4.9975166,-150.00002,0,0
29.230145,-4.9975166,-150.00002,0,0
28.230145,-4.9975166,-150.00002,0,0
27.230145,-4.9975166,-150.00002,0,0
26.230145,-4.9975166,-150.00002,0,0
25.230145,-4.9975166,-150.00002,0,0
24.230145,-4.9975166,-150.00002,0,0
23.230145,-4.9975166,-150.00002,0,0
22.230145,-4.9975166,-150.00002,0,0
21.230145,-4.9975166,-150.00002,0,0
20.230145,-4.9975166,-150.00002,0,0
19.230145,-4.9975166,-150.00002,0,0
18.230145,-4.9975166,-150.00002,0,7.999998
17.230145,-4.9975166,-150.00002,0,87.99999
16.230145,-4.9975166,-150.00002,0.5728291,79.99999
15.2301445,-4.9975166,-150.00002,0.544348,71.99999
14.2301445,-4.9975166,-150.00002,0.43653405,59.999996
13.2301445,-4.9975166,-150.00002,0.30612403,71.99999
12.2301445,-4.9975166,-150.00002,0.13133866,67.99999
11.2301445,-4.9975166,-150.00002,0.105833255,27.999996
10.2301445,-4.9975166,-150.00002,0.28794405,91.99999
9.2301445,-4.9975166,-150.00002,0.4542495,59.999996
8.2301445,-4.9975166,-150.00002,0.47232828,67.99999
7.2301445,-4.9975166,-150.00002,0.44334775,47.999996
6.2301445,-4.9975166,-150.00002,0.4294362,75.99999
5.2301445,-4.9975166,-150.00002,0.46375746,43.999996
4.2301445,-4.9975166,-150.00002,0.51851994,43.999996
3.2301445,-4.9975166,-150.00002,0.5594161,67.99999
2.2301445,-4.9975166,-150.00002,0.5552429,67.99999
1.2301445,-4.9975166,-150.00002,0.49585718,63.999996
0.2301445,-4.9975166,-150.00002,0.43372536,27.999996
-0.7698555,-4.9975166,-150.00002,0.48525137,63.999996
-1.7698555,-4.9975166,-150.00002,0.48995006,51.999996
-2.7698555,-4.9975166,-150.00002,0.44293454,51.999996
-3.7698555,-4.9975166,-150.00002,0.5081493,99.99999
-4.7698555,-4.9975166,-150.00002,0.47565246,75.99999
-5.7698555,-4.9975166,-150.00002,0.28991362,47.999996
-6.7698555,-4.9975166,-150.00002,0.07352918,39.999996
-7.7698555,-4.9975166,-150.00002,-0.062781364,19.999996
-8.7698555,-4.9975166,-150.00002,-0.0019274428,51.999996
-9.7698555,-4.9975166,-150.00002,0.10535344,31.999996
-10.7698555,-4.9975166,-150.00002,0.12650177,27.999996
-11.7698555,-4.9975166,-150.00002,0.07074064,23.999996
-12.7698555,-4.9975166,-150.00002,0.01918738,51.999996
-13.7698555,-4.9975166,-150.00002,0.048431695,35.999996
-14.7698555,-4.9975166,-150.00002,0.19816993,27.999996
-15.7698555,-4.9975166,-150.00002,0.43060392,23.999996
-16.769855,-4.9975166,-150.00002,0.61720854,115.99999
-17.769855,-4.9975166,-150.00002,0.6700802,87.99999
-18.769855,-4.9975166,-150.00002,0,91.99999
-19.769855,-4.9975166,-150.00002,0,3.999999
-20.769855,-4.9975166,-150.00002,0,0
-21.769855,-4.9975166,-150.00002,0,0
-22.769855,-4.9975166,-150.00002,0,0
-23.769855,-4.9975166,-150.00002,0,0
-24.769855,-4.9975166,-150.00002,0,0
-25.769855,-4.9975166,-150.00002,0,0
-26.769855,-4.9975166,-150.00002,0,0
-27.769855,-4.9975166,-150.00002,0,0
-28.769855,-4.9975166,-150.00002,0,0
-29.769855,-4.9975166,-150.00002,0,0
-30.769855,-4.9975166,-150.00002,0,0
-31.769855,-4.9975166,-150.00002,0,0
-32.769855,-4.9975166,-150.00002,0,0
-33.769855,-4.9975166,-150.00002,0,0
-34.769855,-4.9975166,-150.00002,0,0
-35.769855,-4.9975166,-150.00002,0,0
-36.769855,-4.9975166,-150.00002,0,0
-37.769855,-4.9975166,-150.00002,0,0
-38.769855,-4.9975166,-150.00002,0,0
-39.769855,-4.9975166,-150.00002,0,0
-40.769855,-4.9975166,-150.00002,0,0
-41.769855,-4.9975166,-150.00002,0,0
-42.769855,-4.9975166,-150.00002,0,0
-43.769855,-4.9975166,-150.00002,0,0
-44.769855,-4.9975166,-150.00002,0,0
-45.769855,-4.9975166,-150.00002,0,0
-46.769855,-4.9975166,-150.00002,0,0
-47.769855,-4.9975166,-150.00002,0,0
-48.769855,-4.9975166,-150.00002,0,0
-49.769855,-4.9975166,-150.00002,0,0
49.230145,-5.9975166,-150.00002,0,0
48.230145,-5.9975166,-150.00002,0,0
47.230145,-5.9975166,-150.00002,0,0
46.230145,-5.9975166,-150.00002,0,0
45.230145,-5.9975166,-150.00002,0,0
44.230145,-5.9975166,-150.00002,0,0
43.230145,-5.9975166,-150.00002,0,0
42.230145,-5.9975166,-150.00002,0,0
41.230145,-5.9975166,-150.00002,0,0
40.230145,-5.9975166,-150.00002,0,0
39.230145,-5.9975166,-150.00002,0,0
38.230145,-5.9975166,-150.00002,0,0
37.230145,-5.9975166,-150.00002,0,0
36.230145,-5.9975166,-150.00002,0,0
35.230145,-5.9975166,-150.00002,0,0
34.230145,-5.9975166,-150.00002,0,0
33.230145,-5.9975166,-150.00002,0,0
32.230145,-5.9975166,-150.00002,0,0
31.230145,-5.9975166,-150.00002,0,0
30.230145,-5.9975166,-150.00002,0,0
29.230145,-5.9975166,-150.00002,0,0
28.230145,-5.9975166,-150.00002,0,0
27.230145,-5.9975166,-150.00002,0,0
26.230145,-5.9975166,-150.00002,0,0
25.230145,-5.9975166,-150.00002,0,0
24.230145,-5.9975166,-150.00002,0,0
23.230145,-5.9975166,-150.00002,0,0
22.230145,-5.9975166,-150.00002,0,0
21.230145,-5.9975166,-150.00002,0,0
20.230145,-5.9975166,-150.00002,0,0
19.230145,-5.9975166,-150.00002,0,0
18.230145,-5.9975166,-150.00002,0,0
17.230145,-5.9975166,-150.00002,0,35.999996
16.230145,-5.9975166,-150.00002,0.37247047,87.99999
15.2301445,-5.9975166,-150.00002,0.40933403,43.999996
14.2301445,-5.9975166,-150.00002,0.3230495,79.99999
13.2301445,-5.9975166,-150.00002,0.214853,27.999996
12.2301445,-5.9975166,-150.00002,0.12383416,51.999996
11.2301445,-5.9975166,-150.00002,0.110915735,23.999996
10.2301445,-5.9975166,-150.00002,0.27255625,83.99999
9.2301445,-5.9975166,-150.00002,0.4612818,35.999996
8.2301445,-5.9975166,-150.00002,0.52877593,39.999996
7.2301445,-5.9975166,-150.00002,0.5429342,47.999996
6.2301445,-5.9975166,-150.00002,0.4769644,79.99999
5.2301445,-5.9975166,-150.00002,0.43123156,31.999996
4.2301445,-5.9975166,-150.00002,0.517457,43.999996
3.2301445,-5.9975166,-150.00002,0.6384548,55.999996
2.2301445,-5.9975166,-150.00002,0.608407,59.999996
1.2301445,-5.9975166,-150.00002,0.4813059,31.999996
0.2301445,-5.9975166,-150.00002,0.4848199,23.999996
-0.7698555,-5.9975166,-150.00002,0.5781082,39.999996
-1.7698555,-5.9975166,-150.00002,0.58421516,43.999996
-2.7698555,-5.9975166,-150.00002,0.5221541,51.999996
-3.7698555,-5.9975166,-150.00002,0.4742517,35.999996
-4.7698555,-5.9975166,-150.00002,0.35854918,19.999996
-5.7698555,-5.9975166,-150.00002,0.2089174,35.999996
-6.7698555,-5.9975166,-150.00002,0.07518913,31.999996
-7.7698555,-5.9975166,-150.00002,0.032552175,39.999996
-8.7698555,-5.9975166,-150.00002,0.09330311,35.999996
-9.7698555,-5.9975166,-150.00002,0.1634435,35.999996
-10.7698555,-5.9975166,-150.00002,0.097567536,27.999996
-11.7698555,-5.9975166,-150.00002,-0.02268834,27.999996
-12.7698555,-5.9975166,-150.00002,-0.040120557,31.999996
-13.7698555,-5.9975166,-150.00002,0.08639612,35.999996
-14.7698555,-5.9975166,-150.00002,0.2853536,31.999996
-15.7698555,-5.9975166,-150.00002,0.42262912,51.999996
-16.769855,-5.9975166,-150.00002,0.4590091,67.99999
-17.769855,-5.9975166,-150.00002,0,71.99999
-18.769855,-5.9975166,-150.00002,0,35.999996
-19.769855,-5.9975166,-150.00002,0,0
-20.769855,-5.9975166,-150.00002,0,0
-21.769855,-5.9975166,-150.00002,0,0
-22.769855,-5.9975166,-150.00002,0,0
-23.769855,-5.9975166,-150.00002,0,0
-24.769855,-5.9975166,-150.00002,0,0
-25.769855,-5.9975166,-150.00002,0,0
-26.769855,-5.9975166,-150.00002,0,0
-27.769855,-5.9975166,-150.00002,0,0
-28.769855,-5.9975166,-150.00002,0,0
-29.769855,-5.9975166,-150.00002,0,0
-30.769855,-5.9975166,-150.00002,0,0
-31.769855,-5.9975166,-150.00002,0,0
-32.769855,-5.9975166,-150.00002,0,0
-33.769855,-5.9975166,-150.00002,0,0
-34.769855,-5.9975166,-150.00002,0,0
-35.769855,-5.9975166,-150.00002,0,0
-36.769855,-5.9975166,-150.00002,0,0
-37.769855,-5.9975166,-150.00002,0,0
-38.769855,-5.9975166,-150.00002,0,0
-39.769855,-5.9975166,-150.00002,0,0
-40.769855,-5.9975166,-150.00002,0,0
-41.769855,-5.9975166,-150.00002,0,0
-42.769855,-5.9975166,-150.00002,0,0
-43.769855,-5.9975166,-150.00002,0,0
-44.769855,-5.9975166,-150.00002,0,0
-45.769855,-5.9975166,-150.00002,0,0
-46.769855,-5.9975166,-150.00002,0,0
-47.769855,-5.9975166,-150.00002,0,0
-48.769855,-5.9975166,-150.00002,0,0
-49.769855,-5.9975166,-150.00002,0,0
49.230145,-6.9975166,-150.00002,0,0
48.230145,-6.9975166,-150.00002,0,0
47.230145,-6.9975166,-150.00002,0,0
46.230145,-6.9975166,-150.00002,0,0
45.230145,-6.9975166,-150.00002,0,0
44.230145,-6.9975166,-150.00002,0,0
43.230145,-6.9975166,-150.00002,0,0
42.230145,-6.9975166,-150.00002,0,0
41.230145,-6.9975166,-150.00002,0,0
40.230145,-6.9975166,-150.00002,0,0
39.230145,-6.9975166,-150.00002,0,0
38.230145,-6.9975166,-150.00002,0,0
37.230145,-6.9975166,-150.00002,0,0
36.230145,-6.9975166,-150.00002,0,0
35.230145,-6.9975166,-150.00002,0,0
34.230145,-6.9975166,-150.00002,0,0
33.230145,-6.9975166,-150.00002,0,0
32.230145,-6.9975166,-150.00002,0,0
31.230145,-6.9975166,-150.00002,0,0
30.230145,-6.9975166,-150.00002,0,0
29.230145,-6.9975166,-150.00002,0,0
28.230145,-6.9975166,-150.00002,0,0
27.230145,-6.9975166,-150.00002,0,0
26.230145,-6.9975166,-150.00002,0,0
25.230145,-6.9975166,-150.00002,0,0
24.230145,-6.9975166,-150.00002,0,0
23.230145,-6.9975166,-150.00002,0,0
22.230145,-6.9975166,-150.00002,0,0
21.230145,-6.9975166,-150.00002,0,0
20.230145,-6.9975166,-150.00002,0,0
19.230145,-6.9975166,-150.00002,0,0
18.230145,-6.9975166,-150.00002,0,0
17.230145,-6.9975166,-150.00002,0,3.999999
16.230145,-6.9975166,-150.00002,0,31.999996
15.2301445,-6.9975166,-150.00002,0.31048822,39.999996
14.2301445,-6.9975166,-150.00002,0.31792003,63.999996
13.2301445,-6.9975166,-150.00002,0.25483394,67.99999
12.2301445,-6.9975166,-150.00002,0.23560406,51.999996
11.2301445,-6.9975166,-150.00002,0.22286332,35.999996
10.2301445,-6.9975166,-150.00002,0.24652027,19.999996
9.2301445,-6.9975166,-150.00002,0.38097227,51.999996
8.2301445,-6.9975166,-150.00002,0.49782336,55.999996
7.2301445,-6.9975166,-150.00002,0.52804244,55.999996
6.2301445,-6.9975166,-150.00002,0.44818926,55.999996
5.2301445,-6.9975166,-150.00002,0.37228587,39.999996
4.2301445,-6.9975166,-150.00002,0.44617724,39.999996
3.2301445,-6.9975166,-150.00002,0.5944054,55.999996
2.2301445,-6.9975166,-150.00002,0.565124,35.999996
1.2301445,-6.9975166,-150.00002,0.4313562,47.999996
0.2301445,-6.9975166,-150.00002,0.42281318,31.999996
-0.7698555,-6.9975166,-150.00002,0.53123146,23.999996
-1.7698555,-6.9975166,-150.00002,0.5791597,39.999996
-2.7698555,-6.9975166,-150.00002,0.55836624,107.99999
-3.7698555,-6.9975166,-150.00002,0.46199703,99.99999
-4.7698555,-6.9975166,-150.00002,0.35532445,55.999996
-5.7698555,-6.9975166,-150.00002,0.23704213,39.999996
-6.7698555,-6.9975166,-150.00002,0.16177541,27.999996
-7.7698555,-6.9975166,-150.00002,0.19932216,67.99999
-8.7698555,-6.9975166,-150.00002,0.24609715,27.999996
-9.7698555,-6.9975166,-150.00002,0.23375458,39.999996
-10.7698555,-6.9975166,-150.00002,0.12374999,31.999996
-11.7698555,-6.9975166,-150.00002,-0.013457954,27.999996
-12.7698555,-6.9975166,-150.00002,0.032106027,55.999996
-13.7698555,-6.9975166,-150.00002,0.23788533,55.999996
-14.7698555,-6.9975166,-150.00002,0.44477716,91.99999
-15.7698555,-6.9975166,-150.00002,0.46067542,103.99999
-16.769855,-6.9975166,-150.00002,0.3246498,55.999996
-17.769855,-6.9975166,-150.00002,0,83.99999
-18.769855,-6.9975166,-150.00002,0,0
-19.769855,-6.9975166,-150.00002,0,0
-20.769855,-6.9975166,-150.00002,0,0
-21.769855,-6.9975166,-150.00002,0,0
-22.769855,-6.9975166,-150.00002,0,0
-23.769855,-6.9975166,-150.00002,0,0
-24.769855,-6.9975166,-150.00002,0,0
-25.769855,-6.9975166,-150.00002,0,0
-26.769855,-6.9975166,-150.00002,0,0
-27.769855,-6.9975166,-150.00002,0,0
-28.769855,-6.9975166,-150.00002,0,0
-29.769855,-6.9975166,-150.00002,0,0
-30.769855,-6.9975166,-150.00002,0,0
-31.769855,-6.9975166,-150.00002,0,0
-32.769855,-6.9975166,-150.00002,0,0
-33.769855,-6.9975166,-150.00002,0,0
-34.769855,-6.9975166,-150.00002,0,0
-35.769855,-6.9975166,-150.00002,0,0
-36.769855,-6.9975166,-150.00002,0,0
-37.769855,-6.9975166,-150.00002,0,0
-38.769855,-6.9975166,-150.00002,0,0
-39.769855,-6.9975166,-150.00002,0,0
-40.769855,-6.9975166,-150.00002,0,0
-41.769855,-6.9975166,-150.00002,0,0
-42.769855,-6.9975166,-150.00002,0,0
-43.769855,-6.9975166,-150.00002,0,0
-44.769855,-6.9975166,-150.00002,0,0
-45.769855,-6.9975166,-150.00002,0,0
-46.769855,-6.9975166,-150.00002,0,0
-47.769855,-6.9975166,-150.00002,0,0
-48.769855,-6.9975166,-150.00002,0,0
-49.769855,-6.9975166,-150.00002,0,0
49.230145,-7.9975166,-150.00002,0,0
48.230145,-7.9975166,-150.00002,0,0
47.230145,-7.9975166,-150.00002,0,0
46.230145,-7.9975166,-150.00002,0,0
45.230145,-7.9975166,-150.00002,0,0
44.230145,-7.9975166,-150.00002,0,0
43.230145,-7.9975166,-150.00002,0,0
42.230145,-7.9975166,-150.00002,0,0
41.230145,-7.9975166,-150.00002,0,0
40.230145,-7.9975166,-150.00002,0,0
39.230145,-7.9975166,-150.00002,0,0
38.230145,-7.9975166,-150.00002,0,0
37.230145,-7.9975166,-150.00002,0,0
36.230145,-7.9975166,-150.00002,0,0
35.230145,-7.9975166,-150.00002,0,0
34.230145,-7.9975166,-150.00002,0,0
33.230145,-7.9975166,-150.00002,0,0
32.230145,-7.9975166,-150.00002,0,0
31.230145,-7.9975166,-150.00002,0,0
30.230145,-7.9975166,-150.00002,0,0
29.230145,-7.9975166,-150.00002,0,0
28.230145,-7.9975166,-150.00002,0,0
27.230145,-7.9975166,-150.00002,0,0
26.230145,-7.9975166,-150.00002,0,0
25.230145,-7.9975166,-150.00002,0,0
24.230145,-7.9975166,-150.00002,0,0
23.230145,-7.9975166,-150.00002,0,0
22.230145,-7.9975166,-150.00002,0,0
21.230145,-7.9975166,-150.00002,0,0
20.230145,-7.9975166,-150.00002,0,0
19.230145,-7.9975166,-150.00002,0,0
18.230145,-7.9975166,-150.00002,0,0
17.230145,-7.9975166,-150.00002,0,0
16.230145,-7.9975166,-150.00002,0,7.999998
15.2301445,-7.9975166,-150.00002,0,39.999996
14.2301445,-7.9975166,-150.00002,0.36580312,43.999996
13.2301445,-7.9975166,-150.00002,0.28510725,47.999996
12.2301445,-7.9975166,-150.00002,0.28874174,23.999996
11.2301445,-7.9975166,-150.00002,0.37430206,43.999996
10.2301445,-7.9975166,-150.00002,0.34880662,27.999996
9.2301445,-7.9975166,-150.00002,0.35535815,15.999996
8.2301445,-7.9975166,-150.00002,0.46325892,55.999996
7.2301445,-7.9975166,-150.00002,0.4548553,63.999996
6.2301445,-7.9975166,-150.00002,0.35757726,59.999996
5.2301445,-7.9975166,-150.00002,0.30762732,27.999996
4.2301445,-7.9975166,-150.00002,0.36816606,47.999996
3.2301445,-7.9975166,-150.00002,0.5568923,63.999996
2.2301445,-7.9975166,-150.00002,0.58202153,55.999996
1.2301445,-7.9975166,-150.00002,0.39623457,23.999996
0.2301445,-7.9975166,-150.00002,0.35477218,39.999996
-0.7698555,-7.9975166,-150.00002,0.4709107,83.99999
-1.7698555,-7.9975166,-150.00002,0.5277662,55.999996
-2.7698555,-7.9975166,-150.00002,0.526909,111.99999
-3.7698555,-7.9975166,-150.00002,0.45971996,71.99999
-4.7698555,-7.9975166,-150.00002,0.3998517,51.999996
-5.7698555,-7.9975166,-150.00002,0.34000596,59.999996
-6.7698555,-7.9975166,-150.00002,0.27648485,43.999996
-7.7698555,-7.9975166,-150.00002,0.30850035,51.999996
-8.7698555,-7.9975166,-150.00002,0.3676177,43.999996
-9.7698555,-7.9975166,-150.00002,0.36249727,63.999996
-10.7698555,-7.9975166,-150.00002,0.26104593,31.999996
-11.7698555,-7.9975166,-150.00002,0.13138077,51.999996
-12.7698555,-7.9975166,-150.00002,0.18291353,59.999996
-13.7698555,-7.9975166,-150.00002,0.36175814,59.999996
-14.7698555,-7.9975166,-150.00002,0.5063635,91.99999
-15.7698555,-7.9975166,-150.00002,0.48871177,91.99999
-16.769855,-7.9975166,-150.00002,0,79.99999
-17.769855,-7.9975166,-150.00002,0,7.999998
-18.769855,-7.9975166,-150.00002,0,0
-19.769855,-7.9975166,-150.00002,0,0
-20.769855,-7.9975166,-150.00002,0,0
-21.769855,-7.9975166,-150.00002,0,0
-22.769855,-7.9975166,-150.00002,0,0
-23.769855,-7.9975166,-150.00002,0,0
-24.769855,-7.9975166,-150.00002,0,0
-25.769855,-7.9975166,-150.00002,0,0
-26.769855,-7.9975166,-150.00002,0,0
-27.769855,-7.9975166,-150.00002,0,0
-28.769855,-7.9975166,-150.00002,0,0
-29.769855,-7.9975166,-150.00002,0,0
-30.769855,-7.9975166,-150.00002,0,0
-31.769855,-7.9975166,-150.00002,0,0
-32.769855,-7.9975166,-150.00002,0,0
-33.769855,-7.9975166,-150.00002,0,0
-34.769855,-7.9975166,-150.00002,0,0
-35.769855,-7.9975166,-150.00002,0,0
-36.769855,-7.9975166,-150.00002,0,0
-37.769855,-7.9975166,-150.00002,0,0
-38.769855,-7.9975166,-150.00002,0,0
-39.769855,-7.9975166,-150.00002,0,0
-40.769855,-7.9975166,-150.00002,0,0
-41.769855,-7.9975166,-150.00002,0,0
-42.769855,-7.9975166,-150.00002,0,0
-43.769855,-7.9975166,-150.00002,0,0
-44.769855,-7.9975166,-150.00002,0,0
-45.769855,-7.9975166,-150.00002,0,0
-46.769855,-7.9975166,-150.00002,0,0
-47.769855,-7.9975166,-150.00002,0,0
-48.769855,-7.9975166,-150.00002,0,0
-49.769855,-7.9975166,-150.00002,0,0
49.230145,-8.997517,-150.00002,0,0
48.230145,-8.997517,-150.00002,0,0
47.230145,-8.997517,-150.00002,0,0
46.230145,-8.997517,-150.00002,0,0
45.230145,-8.997517,-150.00002,0,0
44.230145,-8.997517,-150.00002,0,0
43.230145,-8.997517,-150.00002,0,0
42.230145,-8.997517,-150.00002,0,0
41.230145,-8.997517,-150.00002,0,0
40.230145,-8.997517,-150.00002,0,0
39.230145,-8.997517,-150.00002,0,0
38.230145,-8.997517,-150.00002,0,0
37.230145,-8.997517,-150.00002,0,0
36.230145,-8.997517,-150.00002,0,0
35.230145,-8.997517,-150.00002,0,0
34.230145,-8.997517,-150.00002,0,0
33.230145,-8.997517,-150.00002,0,0
32.230145,-8.997517,-150.00002,0,0
31.230145,-8.997517,-150.00002,0,0
30.230145,-8.997517,-150.00002,0,0
29.230145,-8.997517,-150.00002,0,0
28.230145,-8.997517,-150.00002,0,0
27.230145,-8.997517,-150.00002,0,0
26.230145,-8.997517,-150.00002,0,0
25.230145,-8.997517,-150.00002,0,0
24.230145,-8.997517,-150.00002,0,0
23.230145,-8.997517,-150.00002,0,0
22.230145,-8.997517,-150.00002,0,0
21.230145,-8.997517,-150.00002,0,0
20.230145,-8.997517,-150.00002,0,0
19.230145,-8.997517,-150.00002,0,0
18.230145,-8.997517,-150.00002,0,0
17.230145,-8.997517,-150.00002,0,0
16.230145,-8.997517,-150.00002,0,0
15.2301445,-8.997517,-150.00002,0,51.999996
14.2301445,-8.997517,-150.00002,0.42095408,67.99999
13.2301445,-8.997517,-150.00002,0.2906152,55.999996
12.2301445,-8.997517,-150.00002,0.30593455,27.999996
11.2301445,-8.997517,-150.00002,0.44584134,43.999996
10.2301445,-8.997517,-150.00002,0.4640948,43.999996
9.2301445,-8.997517,-150.00002,0.41816375,47.999996
8.2301445,-8.997517,-150.00002,0.43716392,51.999996
7.2301445,-8.997517,-150.00002,0.38037944,59.999996
6.2301445,-8.997517,-150.00002,0.31287503,55.999996
5.2301445,-8.997517,-150.00002,0.33741352,31.999996
4.2301445,-8.997517,-150.00002,0.41484362,43.999996
3.2301445,-8.997517,-150.00002,0.5799959,31.999996
2.2301445,-8.997517,-150.00002,0.6262364,63.999996
1.2301445,-8.997517,-150.00002,0.43102825,23.999996
0.2301445,-8.997517,-150.00002,0.36703634,39.999996
-0.7698555,-8.997517,-150.00002,0.44630176,47.999996
-1.7698555,-8.997517,-150.00002,0.44905376,79.99999
-2.7698555,-8.997517,-150.00002,0.38776633,35.999996
-3.7698555,-8.997517,-150.00002,0.3644639,47.999996
-4.7698555,-8.997517,-150.00002,0.4232489,95.99999
-5.7698555,-8.997517,-150.00002,0.4570948,83.99999
-6.7698555,-8.997517,-150.00002,0.4136486,43.999996
-7.7698555,-8.997517,-150.00002,0.4156325,79.99999
-8.7698555,-8.997517,-150.00002,0.45185092,75.99999
-9.7698555,-8.997517,-150.00002,0.46685576,43.999996
-10.7698555,-8.997517,-150.00002,0.38222134,79.99999
-11.7698555,-8.997517,-150.00002,0.19730979,35.999996
-12.7698555,-8.997517,-150.00002,0.19824533,47.999996
-13.7698555,-8.997517,-150.00002,0.38774985,107.99999
-14.7698555,-8.997517,-150.00002,0.5025544,55.999996
-15.7698555,-8.997517,-150.00002,0,71.99999
-16.769855,-8.997517,-150.00002,0,15.999996
-17.769855,-8.997517,-150.00002,0,0
-18.769855,-8.997517,-150.00002,0,0
-19.769855,-8.997517,-150.00002,0,0
-20.769855,-8.997517,-150.00002,0,0
-21.769855,-8.997517,-150.00002,0,0
-22.769855,-8.997517,-150.00002,0,0
-23.769855,-8.997517,-150.00002,0,0
-24.769855,-8.997517,-150.00002,0,0
-25.769855,-8.997517,-150.00002,0,0
-26.769855,-8.997517,-150.00002,0,0
-27.769855,-8.997517,-150.00002,0,0
-28.769855,-8.997517,-150.00002,0,0
-29.769855,-8.997517,-150.00002,0,0
-30.769855,-8.997517,-150.00002,0,0
-31.769855,-8.997517,-150.00002,0,0
-32.769855,-8.997517,-150.00002,0,0
-33.769855,-8.997517,-150.00002,0,0
-34.769855,-8.997517,-150.00002,0,0
-35.769855,-8.997517,-150.00002,0,0
-36.769855,-8.997517,-150.00002,0,0
-37.769855,-8.997517,-150.00002,0,0
-38.769855,-8.997517,-150.00002,0,0
-39.769855,-8.997517,-150.00002,0,0
-40.769855,-8.997517,-150.00002,0,0
-41.769855,-8.997517,-150.00002,0,0
-42.769855,-8.997517,-150.00002,0,0
-43.769855,-8.997517,-150.00002,0,0
-44.769855,-8.997517,-150.00002,0,0
-45.769855,-8.997517,-150.00002,0,0
-46.769855,-8.997517,-150.00002,0,0
-47.769855,-8.997517,-150.00002,0,0
-48.769855,-8.997517,-150.00002,0,0
-49.769855,-8.997517,-150.00002,0,0
49.230145,-9.997517,-150.00002,0,0
48.230145,-9.997517,-150.00002,0,0
47.230145,-9.997517,-150.00002,0,0
46.230145,-9.997517,-150.00002,0,0
45.230145,-9.997517,-150.00002,0,0
44.230145,-9.997517,-150.00002,0,0
43.230145,-9.997517,-150.00002,0,0
42.230145,-9.997517,-150.00002,0,0
41.230145,-9.997517,-150.00002,0,0
40.230145,-9.997517,-150.00002,0,0
39.230145,-9.997517,-150.00002,0,0
38.230145,-9.997517,-150.00002,0,0
37.230145,-9.997517,-150.00002,0,0
36.230145,-9.997517,-150.00002,0,0
35.230145,-9.997517,-150.00002,0,0
34.230145,-9.997517,-150.00002,0,0
33.230145,-9.997517,-150.00002,0,0
32.230145,-9.997517,-150.00002,0,0
31.230145,-9.997517,-150.00002,0,0
30.230145,-9.997517,-150.00002,0,0
29.230145,-9.997517,-150.00002,0,0
28.230145,-9.997517,-150.00002,0,0
27.230145,-9.997517,-150.00002,0,0
26.230145,-9.997517,-150.00002,0,0
25.230145,-9.997517,-150.00002,0,0
24.230145,-9.997517,-150.00002,0,0
23.230145,-9.997517,-150.00002,0,0
22.230145,-9.997517,-150.00002,0,0
21.230145,-9.997517,-150.00002,0,0
20.230145,-9.997517,-150.00002,0,0
19.230145,-9.997517,-150.00002,0,0
18.230145,-9.997517,-150.00002,0,0
17.230145,-9.997517,-150.00002,0,0
16.230145,-9.997517,-150.00002,0,0
15.2301445,-9.997517,-150.00002,0,11.999997
14.2301445,-9.997517,-150.00002,0,79.99999
13.2301445,-9.997517,-150.00002,0.38291824,39.999996
12.2301445,-9.997517,-150.00002,0.43325514,35.999996
11.2301445,-9.997517,-150.00002,0.5144924,55.999996
10.2301445,-9.997517,-150.00002,0.53571856,83.99999
9.2301445,-9.997517,-150.00002,0.48490062,51.999996
8.2301445,-9.997517,-150.00002,0.43471715,43.999996
7.2301445,-9.997517,-150.00002,0.36849117,63.999996
6.2301445,-9.997517,-150.00002,0.35734907,27.999996
5.2301445,-9.997517,-150.00002,0.4902705,35.999996
4.2301445,-9.997517,-150.00002,0.5819594,63.999996
3.2301445,-9.997517,-150.00002,0.6271496,75.99999
2.2301445,-9.997517,-150.00002,0.607618,71.99999
1.2301445,-9.997517,-150.00002,0.48217255,67.99999
0.2301445,-9.997517,-150.00002,0.42164436,35.999996
-0.7698555,-9.997517,-150.00002,0.4720565,103.99999
-1.7698555,-9.997517,-150.00002,0.41193786,55.999996
-2.7698555,-9.997517,-150.00002,0.34515825,39.999996
-3.7698555,-9.997517,-150.00002,0.352996,47.999996
-4.7698555,-9.997517,-150.00002,0.47340727,75.99999
-5.7698555,-9.997517,-150.00002,0.5777132,95.99999
-6.7698555,-9.997517,-150.00002,0.5877588,83.99999
-7.7698555,-9.997517,-150.00002,0.55152786,71.99999
-8.7698555,-9.997517,-150.00002,0.5449838,71.99999
-9.7698555,-9.997517,-150.00002,0.51737756,83.99999
-10.7698555,-9.997517,-150.00002,0.35218105,67.99999
-11.7698555,-9.997517,-150.00002,0.14072457,63.999996
-12.7698555,-9.997517,-150.00002,0.1402289,47.999996
-13.7698555,-9.997517,-150.00002,0.38662815,87.99999
-14.7698555,-9.997517,-150.00002,0,75.99999
-15.7698555,-9.997517,-150.00002,0,15.999996
-16.769855,-9.997517,-150.00002,0,0
-17.769855,-9.997517,-150.00002,0,0
-18.769855,-9.997517,-150.00002,0,0
-19.769855,-9.997517,-150.00002,0,0
-20.769855,-9.997517,-150.00002,0,0
-21.769855,-9.997517,-150.00002,0,0
-22.769855,-9.997517,-150.00002,0,0
-23.769855,-9.997517,-150.00002,0,0
-24.769855,-9.997517,-150.00002,0,0
-25.769855,-9.997517,-150.00002,0,0
-26.769855,-9.997517,-150.00002,0,0
-27.769855,-9.997517,-150.00002,0,0
-28.769855,-9.997517,-150.00002,0,0
-29.769855,-9.997517,-150.00002,0,0
-30.769855,-9.997517,-150.00002,0,0
-31.769855,-9.997517,-150.00002,0,0
-32.769855,-9.997517,-150.00002,0,0
-33.769855,-9.997517,-150.00002,0,0
-34.769855,-9.997517,-150.00002,0,0
-35.769855,-9.997517,-150.00002,0,0
-36.769855,-9.997517,-150.00002,0,0
-37.769855,-9.997517,-150.00002,0,0
-38.769855,-9.997517,-150.00002,0,0
-39.769855,-9.997517,-150.00002,0,0
-40.769855,-9.997517,-150.00002,0,0
-41.769855,-9.997517,-150.00002,0,0
-42.769855,-9.997517,-150.00002,0,0
-43.769855,-9.997517,-150.00002,0,0
-44.769855,-9.997517,-150.00002,0,0
-45.769855,-9.997517,-150.00002,0,0
-46.769855,-9.997517,-150.00002,0,0
-47.769855,-9.997517,-150.00002,0,0
-48.769855,-9.997517,-150.00002,0,0
-49.769855,-9.997517,-150.00002,0,0
49.230145,-10.997517,-150.00002,0,0
48.230145,-10.997517,-150.00002,0,0
47.230145,-10.997517,-150.00002,0,0
46.230145,-10.997517,-150.00002,0,0
45.230145,-10.997517,-150.00002,0,0
44.230145,-10.997517,-150.00002,0,0
43.230145,-10.997517,-150.00002,0,0
42.230145,-10.997517,-150.00002,0,0
41.230145,-10.997517,-150.00002,0,0
40.230145,-10.997517,-150.00002,0,0
39.230145,-10.997517,-150.00002,0,0
38.230145,-10.997517,-150.00002,0,0
37.230145,-10.997517,-150.00002,0,0
36.230145,-10.997517,-150.00002,0,0
35.230145,-10.997517,-150.00002,0,0
34.230145,-10.997517,-150.00002,0,0
33.230145,-10.997517,-150.00002,0,0
32.230145,-10.997517,-150.00002,0,0
31.230145,-10.997517,-150.00002,0,0
30.230145,-10.997517,-150.00002,0,0
29.230145,-10.997517,-150.00002,0,0
28.230145,-10.997517,-150.00002,0,0
27.230145,-10.997517,-150.00002,0,0
26.230145,-10.997517,-150.00002,0,0
25.230145,-10.997517,-150.00002,0,0
24.230145,-10.997517,-150.00002,0,0
23.230145,-10.997517,-150.00002,0,0
22.230145,-10.997517,-150.00002,0,0
21.230145,-10.997517,-150.00002,0,0
20.230145,-10.997517,-150.00002,0,0
19.230145,-10.997517,-150.00002,0,0
18.230145,-10.997517,-150.00002,0,0
17.230145,-10.997517,-150.00002,0,0
16.230145,-10.997517,-150.00002,0,0
15.2301445,-10.997517,-150.00002,0,0
14.2301445,-10.997517,-150.00002,0,15.999996
13.2301445,-10.997517,-150.00002,0,71.99999
12.2301445,-10.997517,-150.00002,0.6660062,91.99999
11.2301445,-10.997517,-150.00002,0.6748563,91.99999
10.2301445,-10.997517,-150.00002,0.6471206,83.99999
9.2301445,-10.997517,-150.00002,0.63204014,99.99999
8.2301445,-10.997517,-150.00002,0.5929893,91.99999
7.2301445,-10.997517,-150.00002,0.49231294,51.999996
6.2301445,-10.997517,-150.00002,0.46071318,51.999996
5.2301445,-10.997517,-150.00002,0.5659271,55.999996
4.2301445,-10.997517,-150.00002,0.6256721,63.999996
3.2301445,-10.997517,-150.00002,0.5591992,43.999996
2.2301445,-10.997517,-150.00002,0.49261093,63.999996
1.2301445,-10.997517,-150.00002,0.4524926,79.99999
0.2301445,-10.997517,-150.00002,0.45643067,47.999996
-0.7698555,-10.997517,-150.00002,0.45233327,71.99999
-1.7698555,-10.997517,-150.00002,0.41537523,55.999996
-2.7698555,-10.997517,-150.00002,0.41048902,67.99999
-3.7698555,-10.997517,-150.00002,0.45048356,103.99999
-4.7698555,-10.997517,-150.00002,0.50650096,71.99999
-5.7698555,-10.997517,-150.00002,0.633715,75.99999
-6.7698555,-10.997517,-150.00002,0.7024155,103.99999
-7.7698555,-10.997517,-150.00002,0.64241415,95.99999
-8.7698555,-10.997517,-150.00002,0.5183277,91.99999
-9.7698555,-10.997517,-150.00002,0.38231722,59.999996
-10.7698555,-10.997517,-150.00002,0.21792507,51.999996
-11.7698555,-10.997517,-150.00002,0.06400879,55.999996
-12.7698555,-10.997517,-150.00002,-Infinity,63.999996
-13.7698555,-10.997517,-150.00002,0,87.99999
-14.7698555,-10.997517,-150.00002,0,15.999996
-15.7698555,-10.997517,-150.00002,0,0
-16.769855,-10.997517,-150.00002,0,0
-17.769855,-10.997517,-150.00002,0,0
-18.769855,-10.997517,-150.00002,0,0
-19.769855,-10.997517,-150.00002,0,0
-20.769855,-10.997517,-150.00002,0,0
-21.769855,-10.997517,-150.00002,0,0
-22.769855,-10.997517,-150.00002,0,0
-23.769855,-10.997517,-150.00002,0,0
-24.769855,-10.997517,-150.00002,0,0
-25.769855,-10.997517,-150.00002,0,0
-26.769855,-10.997517,-150.00002,0,0
-27.769855,-10.997517,-150.00002,0,0
-28.769855,-10.997517,-150.00002,0,0
-29.769855,-10.997517,-150.00002,0,0
-30.769855,-10.997517,-150.00002,0,0
-31.769855,-10.997517,-150.00002,0,0
-32.769855,-10.997517,-150.00002,0,0
-33.769855,-10.997517,-150.00002,0,0
-34.769855,-10.997517,-150.00002,0,0
-35.769855,-10.997517,-150.00002,0,0
-36.769855,-10.997517,-150.00002,0,0
-37.769855,-10.997517,-150.00002,0,0
-38.769855,-10.997517,-150.00002,0,0
-39.769855,-10.997517,-150.00002,0,0
-40.769855,-10.997517,-150.00002,0,0
-41.769855,-10.997517,-150.00002,0,0
-42.769855,-10.997517,-150.00002,0,0
-43.769855,-10.997517,-150.00002,0,0
-44.769855,-10.997517,-150.00002,0,0
-45.769855,-10.997517,-150.00002,0,0
-46.769855,-10.997517,-150.00002,0,0
-47.769855,-10.997517,-150.00002,0,0
-48.769855,-10.997517,-150.00002,0,0
-49.769855,-10.997517,-150.00002,0,0
49.230145,-11.997517,-150.00002,0,0
48.230145,-11.997517,-150.00002,0,0
47.230145,-11.997517,-150.00002,0,0
46.230145,-11.997517,-150.00002,0,0
45.230145,-11.997517,-150.00002,0,0
44.230145,-11.997517,-150.00002,0,0
43.230145,-11.997517,-150.00002,0,0
42.230145,-11.997517,-150.00002,0,0
41.230145,-11.997517,-150.00002,0,0
40.230145,-11.997517,-150.00002,0,0
39.230145,-11.997517,-150.00002,0,0
38.230145,-11.997517,-150.00002,0,0
37.230145,-11.997517,-150.00002,0,0
36.230145,-11.997517,-150.00002,0,0
35.230145,-11.997517,-150.00002,0,0
34.230145,-11.997517,-150.00002,0,0
33.230145,-11.997517,-150.00002,0,0
32.230145,-11.997517,-150.00002,0,0
31.230145,-11.997517,-150.00002,0,0
30.230145,-11.997517,-150.00002,0,0
29.230145,-11.997517,-150.00002,0,0
28.230145,-11.997517,-150.00002,0,0
27.230145,-11.997517,-150.00002,0,0
26.230145,-11.997517,-150.00002,0,0
25.230145,-11.997517,-150.00002,0,0
24.230145,-11.997517,-150.00002,0,0
23.230145,-11.997517,-150.00002,0,0
22.230145,-11.997517,-150.00002,0,0
21.230145,-11.997517,-150.00002,0,0
20.230145,-11.997517,-150.00002,0,0
19.230145,-11.997517,-150.00002,0,0
18.230145,-11.997517,-150.00002,0,0
17.230145,-11.997517,-150.00002,0,0
16.230145,-11.997517,-150.00002,0,0
15.2301445,-11.997517,-150.00002,0,0
14.2301445,-11.997517,-150.00002,0,0
13.2301445,-11.997517,-150.00002,0,35.999996
12.2301445,-11.997517,-150.00002,0,111.99999
11.2301445,-11.997517,-150.00002,0.68605083,119.99999
10.2301445,-11.997517,-150.00002,0.6246406,91.99999
9.2301445,-11.997517,-150.00002,0.6615971,55.999996
8.2301445,-11.997517,-150.00002,0.7160696,99.99999
7.2301445,-11.997517,-150.00002,0.6433539,59.999996
6.2301445,-11.997517,-150.00002,0.54356927,67.99999
5.2301445,-11.997517,-150.00002,0.5574645,59.999996
4.2301445,-11.997517,-150.00002,0.5419111,47.999996
3.2301445,-11.997517,-150.00002,0.45156062,39.999996
2.2301445,-11.997517,-150.00002,0.37646505,63.999996
1.2301445,-11.997517,-150.00002,0.36145818,59.999996
0.2301445,-11.997517,-150.00002,0.3761634,55.999996
-0.7698555,-11.997517,-150.00002,0.3964836,47.999996
-1.7698555,-11.997517,-150.00002,0.4076877,35.999996
-2.7698555,-11.997517,-150.00002,0.47107786,71.99999
-3.7698555,-11.997517,-150.00002,0.4947658,83.99999
-4.7698555,-11.997517,-150.00002,0.4706169,83.99999
-5.7698555,-11.997517,-150.00002,0.54571474,91.99999
-6.7698555,-11.997517,-150.00002,0.6801795,127.99999
-7.7698555,-11.997517,-150.00002,0.64349914,107.99999
-8.7698555,-11.997517,-150.00002,0.44753647,75.99999
-9.7698555,-11.997517,-150.00002,0.28554773,51.999996
-10.7698555,-11.997517,-150.00002,0.17330864,55.999996
-11.7698555,-11.997517,-150.00002,0,67.99999
-12.7698555,-11.997517,-150.00002,0,39.999996
-13.7698555,-11.997517,-150.00002,0,0
-14.7698555,-11.997517,-150.00002,0,0
-15.7698555,-11.997517,-150.00002,0,0
-16.769855,-11.997517,-150.00002,0,0
-17.769855,-11.997517,-150.00002,0,0
-18.769855,-11.997517,-150.00002,0,0
-19.769855,-11.997517,-150.00002,0,0
-20.769855,-11.997517,-150.00002,0,0
-21.769855,-11.997517,-150.00002,0,0
-22.769855,-11.997517,-150.00002,0,0
-23.769855,-11.997517,-150.00002,0,0
-24.769855,-11.997517,-150.00002,0,0
-25.769855,-11.997517,-150.00002,0,0
-26.769855,-11.997517,-150.00002,0,0
-27.769855,-11.997517,-150.00002,0,0
-28.769855,-11.997517,-150.00002,0,0
-29.769855,-11.997517,-150.00002,0,0
-30.769855,-11.997517,-150.00002,0,0
-31.769855,-11.997517,-150.00002,0,0
-32.769855,-11.997517,-150.00002,0,0
-33.769855,-11.997517,-150.00002,0,0
-34.769855,-11.997517,-150.00002,0,0
-35.769855,-11.997517,-150.00002,0,0
-36.769855,-11.997517,-150.00002,0,0
-37.769855,-11.997517,-150.00002,0,0
-38.769855,-11.997517,-150.00002,0,0
-39.769855,-11.997517,-150.00002,0,0
-40.769855,-11.997517,-150.00002,0,0
-41.769855,-11.997517,-150.00002,0,0
-42.769855,-11.997517,-150.00002,0,0
-43.769855,-11.997517,-150.00002,0,0
-44.769855,-11.997517,-150.00002,0,0
-45.769855,-11.997517,-150.00002,0,0
-46.769855,-11.997517,-150.00002,0,0
-47.769855,-11.997517,-150.00002,0,0
-48.769855,-11.997517,-150.00002,0,0
-49.769855,-11.997517,-150.00002,0,0
49.230145,-12.997517,-150.00002,0,0
48.230145,-12.997517,-150.00002,0,0
47.230145,-12.997517,-150.00002,0,0
46.230145,-12.997517,-150.00002,0,0
45.230145,-12.997517,-150.00002,0,0
44.230145,-12.997517,-150.00002,0,0
43.230145,-12.997517,-150.00002,0,0
42.230145,-12.997517,-150.00002,0,0
41.230145,-12.997517,-150.00002,0,0
40.230145,-12.997517,-150.00002,0,0
39.230145,-12.997517,-150.00002,0,0
38.230145,-12.997517,-150.00002,0,0
37.230145,-12.997517,-150.00002,0,0
36.230145,-12.997517,-150.00002,0,0
35.230145,-12.997517,-150.00002,0,0
34.230145,-12.997517,-150.00002,0,0
33.230145,-12.997517,-150.00002,0,0
32.230145,-12.997517,-150.00002,0,0
31.230145,-12.997517,-150.00002,0,0
30.230145,-12.997517,-150.00002,0,0
29.230145,-12.997517,-150.00002,0,0
28.230145,-12.997517,-150.00002,0,0
27.230145,-12.997517,-150.00002,0,0
26.230145,-12.997517,-150.00002,0,0
25.230145,-12.997517,-150.00002,0,0
24.230145,-12.997517,-150.00002,0,0
23.230145,-12.997517,-150.00002,0,0
22.230145,-12.997517,-150.00002,0,0
21.230145,-12.997517,-150.00002,0,0
20.230145,-12.997517,-150.00002,0,0
19.230145,-12.997517,-150.00002,0,0
18.230145,-12.997517,-150.00002,0,0
17.230145,-12.997517,-150.00002,0,0
16.230145,-12.997517,-150.00002,0,0
15.2301445,-12.997517,-150.00002,0,0
14.2301445,-12.997517,-150.00002,0,0
13.2301445,-12.997517,-150.00002,0,0
12.2301445,-12.997517,-150.00002,0,15.999996
11.2301445,-12.997517,-150.00002,0,55.999996
10.2301445,-12.997517,-150.00002,Infinity,71.99999
9.2301445,-12.997517,-150.00002,0.4259501,35.999996
8.2301445,-12.997517,-150.00002,0.5854531,91.99999
7.2301445,-12.997517,-150.00002,0.6196483,95.99999
6.2301445,-12.997517,-150.00002,0.56762016,55.999996
5.2301445,-12.997517,-150.00002,0.57902396,79.99999
4.2301445,-12.997517,-150.00002,0.523365,51.999996
3.2301445,-12.997517,-150.00002,0.4288633,43.999996
2.2301445,-12.997517,-150.00002,0.3683973,51.999996
1.2301445,-12.997517,-150.00002,0.29783964,55.999996
0.2301445,-12.997517,-150.00002,0.30332795,79.99999
-0.7698555,-12.997517,-150.00002,0.41415358,63.999996
-1.7698555,-12.997517,-150.00002,0.5164274,79.99999
-2.7698555,-12.997517,-150.00002,0.5241087,59.999996
-3.7698555,-12.997517,-150.00002,0.45389384,83.99999
-4.7698555,-12.997517,-150.00002,0.33212557,83.99999
-5.7698555,-12.997517,-150.00002,0.35370854,43.999996
-6.7698555,-12.997517,-150.00002,0.5404222,75.99999
-7.7698555,-12.997517,-150.00002,0.5955101,99.99999
-8.7698555,-12.997517,-150.00002,0.49878657,67.99999
-9.7698555,-12.997517,-150.00002,0,79.99999
-10.7698555,-12.997517,-150.00002,0,63.999996
-11.7698555,-12.997517,-150.00002,0,19.999996
-12.7698555,-12.997517,-150.00002,0,0
-13.7698555,-12.997517,-150.00002,0,0
-14.7698555,-12.997517,-150.00002,0,0
-15.7698555,-12.997517,-150.00002,0,0
-16.769855,-12.997517,-150.00002,0,0
-17.769855,-12.997517,-150.00002,0,0
-18.769855,-12.997517,-150.00002,0,0
-19.769855,-12.997517,-150.00002,0,0
-20.769855,-12.997517,-150.00002,0,0
-21.769855,-12.997517,-150.00002,0,0
-22.769855,-12.997517,-150.00002,0,0
-23.769855,-12.997517,-150.00002,0,0
-24.769855,-12.997517,-150.00002,0,0
-25.769855,-12.997517,-150.00002,0,0
-26.769855,-12.997517,-150.00002,0,0
-27.769855,-12.997517,-150.00002,0,0
-28.769855,-12.997517,-150.00002,0,0
-29.769855,-12.997517,-150.00002,0,0
-30.769855,-12.997517,-150.00002,0,0
-31.769855,-12.997517,-150.00002,0,0
-32.769855,-12.997517,-150.00002,0,0
-33.769855,-12.997517,-150.00002,0,0
-34.769855,-12.997517,-150.00002,0,0
-35.769855,-12.997517,-150.00002,0,0
-36.769855,-12.997517,-150.00002,0,0
-37.769855,-12.997517,-150.00002,0,0
-38.769855,-12.997517,-150.00002,0,0
-39.769855,-12.997517,-150.00002,0,0
-40.769855,-12.997517,-150.00002,0,0
-41.769855,-12.997517,-150.00002,0,0
-42.769855,-12.997517,-150.00002,0,0
-43.769855,-12.997517,-150.00002,0,0
-44.769855,-12.997517,-150.00002,0,0
-45.769855,-12.997517,-150.00002,0,0
-46.769855,-12.997517,-150.00002,0,0
-47.769855,-12.997517,-150.00002,0,0
-48.769855,-12.997517,-150.00002,0,0
-49.769855,-12.997517,-150.00002,0,0
49.230145,-13.997517,-150.00002,0,0
48.230145,-13.997517,-150.00002,0,0
47.230145,-13.997517,-150.00002,0,0
46.230145,-13.997517,-150.00002,0,0
45.230145,-13.997517,-150.00002,0,0
44.230145,-13.997517,-150.00002,0,0
43.230145,-13.997517,-150.00002,0,0
42.230145,-13.997517,-150.00002,0,0
41.230145,-13.997517,-150.00002,0,0
40.230145,-13.997517,-150.00002,0,0
39.230145,-13.997517,-150.00002,0,0
38.230145,-13.997517,-150.00002,0,0
37.230145,-13.997517,-150.00002,0,0
36.230145,-13.997517,-150.00002,0,0
35.230145,-13.997517,-150.00002,0,0
34.230145,-13.997517,-150.00002,0,0
33.230145,-13.997517,-150.00002,0,0
32.230145,-13.997517,-150.00002,0,0
31.230145,-13.997517,-150.00002,0,0
30.230145,-13.997517,-150.00002,0,0
29.230145,-13.997517,-150.00002,0,0
28.230145,-13.997517,-150.00002,0,0
27.230145,-13.997517,-150.00002,0,0
26.230145,-13.997517,-150.00002,0,0
25.230145,-13.997517,-150.00002,0,0
24.230145,-13.997517,-150.00002,0,0
23.230145,-13.997517,-150.00002,0,0
22.230145,-13.997517,-150.00002,0,0
21.230145,-13.997517,-150.00002,0,0
20.230145,-13.997517,-150.00002,0,0
19.230145,-13.997517,-150.00002,0,0
18.230145,-13.997517,-150.00002,0,0
17.230145,-13.997517,-150.00002,0,0
16.230145,-13.997517,-150.00002,0,0
15.2301445,-13.997517,-150.00002,0,0
14.2301445,-13.997517,-150.00002,0,0
13.2301445,-13.997517,-150.00002,0,0
12.2301445,-13.997517,-150.00002,0,0
11.2301445,-13.997517,-150.00002,0,7.999998
10.2301445,-13.997517,-150.00002,0,27.999996
9.2301445,-13.997517,-150.00002,0,51.999996
8.2301445,-13.997517,-150.00002,0.46011406,59.999996
7.2301445,-13.997517,-150.00002,0.56453747,67.99999
6.2301445,-13.997517,-150.00002,0.6021918,55.999996
5.2301445,-13.997517,-150.00002,0.61909384,47.999996
4.2301445,-13.997517,-150.00002,0.5777819,51.999996
3.2301445,-13.997517,-150.00002,0.48558205,47.999996
2.2301445,-13.997517,-150.00002,0.4151175,63.999996
1.2301445,-13.997517,-150.00002,0.32422408,47.999996
0.2301445,-13.997517,-150.00002,0.3102018,39.999996
-0.7698555,-13.997517,-150.00002,0.48046345,75.99999
-1.7698555,-13.997517,-150.00002,0.61622894,91.99999
-2.7698555,-13.997517,-150.00002,0.5334571,111.99999
-3.7698555,-13.997517,-150.00002,0.37905413,79.99999
-4.7698555,-13.997517,-150.00002,0.2475048,87.99999
-5.7698555,-13.997517,-150.00002,0.24887885,51.999996
-6.7698555,-13.997517,-150.00002,0.4045462,79.99999
-7.7698555,-13.997517,-150.00002,0.5197958,75.99999
-8.7698555,-13.997517,-150.00002,0,75.99999
-9.7698555,-13.997517,-150.00002,0,63.999996
-10.7698555,-13.997517,-150.00002,0,0
-11.7698555,-13.997517,-150.00002,0,0
-12.7698555,-13.997517,-150.00002,0,0
-13.7698555,-13.997517,-150.00002,0,0
-14.7698555,-13.997517,-150.00002,0,0
-15.7698555,-13.997517,-150.00002,0,0
-16.769855,-13.997517,-150.00002,0,0
-17.769855,-13.997517,-150.00002,0,0
-18.769855,-13.997517,-150.00002,0,0
-19.769855,-13.997517,-150.00002,0,0
-20.769855,-13.997517,-150.00002,0,0
-21.769855,-13.997517,-150.00002,0,0
-22.769855,-13.997517,-150.00002,0,0
-23.769855,-13.997517,-150.00002,0,0
-24.769855,-13.997517,-150.00002,0,0
-25.769855,-13.997517,-150.00002,0,0
-26.769855,-13.997517,-150.00002,0,0
-27.769855,-13.997517,-150.00002,0,0
-28.769855,-13.997517,-150.00002,0,0
-29.769855,-13.997517,-150.00002,0,0
-30.769855,-13.997517,-150.00002,0,0
-31.769855,-13.997517,-150.00002,0,0
-32.769855,-13.997517,-150.00002,0,0
-33.769855,-13.997517,-150.00002,0,0
-34.769855,-13.997517,-150.00002,0,0
-35.769855,-13.997517,-150.00002,0,0
-36.769855,-13.997517,-150.00002,0,0
-37.769855,-13.997517,-150.00002,0,0
-38.769855,-13.997517,-150.00002,0,0
-39.769855,-13.997517,-150.00002,0,0
-40.769855,-13.997517,-150.00002,0,0
-41.769855,-13.997517,-150.00002,0,0
-42.769855,-13.997517,-150.00002,0,0
-43.769855,-13.997517,-150.00002,0,0
-44.769855,-13.997517,-150.00002,0,0
-45.769855,-13.997517,-150.00002,0,0
-46.769855,-13.997517,-150.00002,0,0
-47.769855,-13.997517,-150.00002,0,0
-48.769855,-13.997517,-150.00002,0,0
-49.769855,-13.997517,-150.00002,0,0
49.230145,-14.997517,-150.00002,0,0
48.230145,-14.997517,-150.00002,0,0
47.230145,-14.997517,-150.00002,0,0
46.230145,-14.997517,-150.00002,0,0
45.230145,-14.997517,-150.00002,0,0
44.230145,-14.997517,-150.00002,0,0
43.230145,-14.997517,-150.00002,0,0
42.230145,-14.997517,-150.00002,0,0
41.230145,-14.997517,-150.00002,0,0
40.230145,-14.997517,-150.00002,0,0
39.230145,-14.997517,-150.00002,0,0
38.230145,-14.997517,-150.00002,0,0
37.230145,-14.997517,-150.00002,0,0
36.230145,-14.997517,-150.00002,0,0
35.230145,-14.997517,-150.00002,0,0
34.230145,-14.997517,-150.00002,0,0
33.230145,-14.997517,-150.00002,0,0
32.230145,-14.997517,-150.00002,0,0
31.230145,-14.997517,-150.00002,0,0
30.230145,-14.997517,-150.00002,0,0
29.230145,-14.997517,-150.00002,0,0
28.230145,-14.997517,-150.00002,0,0
27.230145,-14.997517,-150.00002,0,0
26.230145,-14.997517,-150.00002,0,0
25.230145,-14.997517,-150.00002,0,0
24.230145,-14.997517,-150.00002,0,0
23.230145,-14.997517,-150.00002,0,0
22.230145,-14.997517,-150.00002,0,0
21.230145,-14.997517,-150.00002,0,0
20.230145,-14.997517,-150.00002,0,0
19.230145,-14.997517,-150.00002,0,0
18.230145,-14.997517,-150.00002,0,0
17.230145,-14.997517,-150.00002,0,0
16.230145,-14.997517,-150.00002,0,0
15.2301445,-14.997517,-150.00002,0,0
14.2301445,-14.997517,-150.00002,0,0
13.2301445,-14.997517,-150.00002,0,0
12.2301445,-14.997517,-150.00002,0,0
11.2301445,-14.997517,-150.00002,0,0
10.2301445,-14.997517,-150.00002,0,0
9.2301445,-14.997517,-150.00002,0,19.999996
8.2301445,-14.997517,-150.00002,0,23.999996
7.2301445,-14.997517,-150.00002,0,51.999996
6.2301445,-14.997517,-150.00002,0,63.999996
5.2301445,-14.997517,-150.00002,0.6771468,67.99999
4.2301445,-14.997517,-150.00002,0.6655237,83.99999
3.2301445,-14.997517,-150.00002,0.5749104,51.999996
2.2301445,-14.997517,-150.00002,0.5369086,59.999996
1.2301445,-14.997517,-150.00002,0.45840126,79.99999
0.2301445,-14.997517,-150.00002,0.44312784,51.999996
-0.7698555,-14.997517,-150.00002,0.5529926,51.999996
-1.7698555,-14.997517,-150.00002,0.57438254,67.99999
-2.7698555,-14.997517,-150.00002,0.43112597,55.999996
-3.7698555,-14.997517,-150.00002,0.32505515,79.99999
-4.7698555,-14.997517,-150.00002,0.27470767,67.99999
-5.7698555,-14.997517,-150.00002,Infinity,67.99999
-6.7698555,-14.997517,-150.00002,0,79.99999
-7.7698555,-14.997517,-150.00002,0,39.999996
-8.7698555,-14.997517,-150.00002,0,27.999996
-9.7698555,-14.997517,-150.00002,0,0
-10.7698555,-14.997517,-150.00002,0,0
-11.7698555,-14.997517,-150.00002,0,0
-12.7698555,-14.997517,-150.00002,0,0
-13.7698555,-14.997517,-150.00002,0,0
-14.7698555,-14.997517,-150.00002,0,0
-15.7698555,-14.997517,-150.00002,0,0
-16.769855,-14.997517,-150.00002,0,0
-17.769855,-14.997517,-150.00002,0,0
-18.769855,-14.997517,-150.00002,0,0
-19.769855,-14.997517,-150.00002,0,0
-20.769855,-14.997517,-150.00002,0,0
-21.769855,-14.997517,-150.00002,0,0
-22.769855,-14.997517,-150.00002,0,0
-23.769855,-14.997517,-150.00002,0,0
-24.769855,-14.997517,-150.00002,0,0
-25.769855,-14.997517,-150.00002,0,0
-26.769855,-14.997517,-150.00002,0,0
-27.769855,-14.997517,-150.00002,0,0
-28.769855,-14.997517,-150.00002,0,0
-29.769855,-14.997517,-150.00002,0,0
-30.769855,-14.997517,-150.00002,0,0
-31.769855,-14.997517,-150.00002,0,0
-32.769855,-14.997517,-150.00002,0,0
-33.769855,-14.997517,-150.00002,0,0
-34.769855,-14.997517,-150.00002,0,0
-35.769855,-14.997517,-150.00002,0,0
-36.769855,-14.997517,-150.00002,0,0
-37.769855,-14.997517,-150.00002,0,0
-38.769855,-14.997517,-150.00002,0,0
-39.769855,-14.997517,-150.00002,0,0
-40.769855,-14.997517,-150.00002,0,0
-41.769855,-14.997517,-150.00002,0,0
-42.769855,-14.997517,-150.00002,0,0
-43.769855,-14.997517,-150.00002,0,0
-44.769855,-14.997517,-150.00002,0,0
-45.769855,-14.997517,-150.00002,0,0
-46.769855,-14.997517,-150.00002,0,0
-47.769855,-14.997517,-150.00002,0,0
-48.769855,-14.997517,-150.00002,0,0
-49.769855,-14.997517,-150.00002,0,0
49.230145,-15.997517,-150.00002,0,0
48.230145,-15.997517,-150.00002,0,0
47.230145,-15.997517,-150.00002,0,0
46.230145,-15.997517,-150.00002,0,0
45.230145,-15.997517,-150.00002,0,0
44.230145,-15.997517,-150.00002,0,0
43.230145,-15.997517,-150.00002,0,0
42.230145,-15.997517,-150.00002,0,0
41.230145,-15.997517,-150.00002,0,0
40.230145,-15.997517,-150.00002,0,0
39.230145,-15.997517,-150.00002,0,0
38.230145,-15.997517,-150.00002,0,0
37.230145,-15.997517,-150.00002,0,0
36.230145,-15.997517,-150.00002,0,0
35.230145,-15.997517,-150.00002,0,0
34.230145,-15.997517,-150.00002,0,0
33.230145,-15.997517,-150.00002,0,0
32.230145,-15.997517,-150.00002,0,0
31.230145,-15.997517,-150.00002,0,0
30.230145,-15.997517,-150.00002,0,0
29.230145,-15.997517,-150.00002,0,0
28.230145,-15.997517,-150.00002,0,0
27.230145,-15.997517,-150.00002,0,0
26.230145,-15.997517,-150.00002,0,0
25.230145,-15.997517,-150.00002,0,0
24.230145,-15.997517,-150.00002,0,0
23.230145,-15.997517,-150.00002,0,0
22.230145,-15.997517,-150.00002,0,0
21.230145,-15.997517,-150.00002,0,0
20.230145,-15.997517,-150.00002,0,0
19.230145,-15.997517,-150.00002,0,0
18.230145,-15.997517,-150.00002,0,0
17.230145,-15.997517,-150.00002,0,0
16.230145,-15.997517,-150.00002,0,0
15.2301445,-15.997517,-150.00002,0,0
14.2301445,-15.997517,-150.00002,0,0
13.2301445,-15.997517,-150.00002,0,0
12.2301445,-15.997517,-150.00002,0,0
11.2301445,-15.997517,-150.00002,0,0
10.2301445,-15.997517,-150.00002,0,0
9.2301445,-15.997517,-150.00002,0,0
8.2301445,-15.997517,-150.00002,0,0
7.2301445,-15.997517,-150.00002,0,0
6.2301445,-15.997517,-150.00002,0,19.999996
5.2301445,-15.997517,-150.00002,0,51.999996
4.2301445,-15.997517,-150.00002,0,47.999996
3.2301445,-15.997517,-150.00002,0,63.999996
2.2301445,-15.997517,-150.00002,Infinity,75.99999
1.2301445,-15.997517,-150.00002,Infinity,71.99999
0.2301445,-15.997517,-150.00002,0.4818725,75.99999
-0.7698555,-15.997517,-150.00002,0.58055985,119.99999
-1.7698555,-15.997517,-150.00002,-Infinity,75.99999
-2.7698555,-15.997517,-150.00002,0,39.999996
-3.7698555,-15.997517,-150.00002,0,55.999996
-4.7698555,-15.997517,-150.00002,0,43.999996
-5.7698555,-15.997517,-150.00002,0,23.999996
-6.7698555,-15.997517,-150.00002,0,3.999999
-7.7698555,-15.997517,-150.00002,0,0
-8.7698555,-15.997517,-150.00002,0,0
-9.7698555,-15.997517,-150.00002,0,0
-10.7698555,-15.997517,-150.00002,0,0
-11.7698555,-15.997517,-150.00002,0,0
-12.7698555,-15.997517,-150.00002,0,0
-13.7698555,-15.997517,-150.00002,0,0
-14.7698555,-15.997517,-150.00002,0,0
-15.7698555,-15.997517,-150.00002,0,0
-16.769855,-15.997517,-150.00002,0,0
-17.769855,-15.997517,-150.00002,0,0
-18.769855,-15.997517,-150.00002,0,0
-19.769855,-15.997517,-150.00002,0,0
-20.769855,-15.997517,-150.00002,0,0
-21.769855,-15.997517,-150.00002,0,0
-22.769855,-15.997517,-150.00002,0,0
-23.769855,-15.997517,-150.00002,0,0
-24.769855,-15.997517,-150.00002,0,0
-25.769855,-15.997517,-150.00002,0,0
-26.769855,-15.997517,-150.00002,0,0
-27.769855,-15.997517,-150.00002,0,0
-28.769855,-15.997517,-150.00002,0,0
-29.769855,-15.997517,-150.00002,0,0
-30.769855,-15.997517,-150.00002,0,0
-31.769855,-15.997517,-150.00002,0,0
-32.769855,-15.997517,-150.00002,0,0
-33.769855,-15.997517,-150.00002,0,0
-34.769855,-15.997517,-150.00002,0,0
-35.769855,-15.997517,-150.00002,0,0
-36.769855,-15.997517,-150.00002,0,0
-37.769855,-15.997517,-150.00002,0,0
-38.769855,-15.997517,-150.00002,0,0
-39.769855,-15.997517,-150.00002,0,0
-40.769855,-15.997517,-150.00002,0,0
-41.769855,-15.997517,-150.00002,0,0
-42.769855,-15.997517,-150.00002,0,0
-43.769855,-15.997517,-150.00002,0,0
-44.769855,-15.997517,-150.00002,0,0
-45.769855,-15.997517,-150.00002,0,0
-46.769855,-15.997517,-150.00002,0,0
-47.769855,-15.997517,-150.00002,0,0
-48.769855,-15.997517,-150.00002,0,0
-49.769855,-15.997517,-150.00002,0,0
49.230145,-16.997517,-150.00002,0,0
48.230145,-16.997517,-150.00002,0,0
47.230145,-16.997517,-150.00002,0,0
46.230145,-16.997517,-150.00002,0,0
45.230145,-16.997517,-150.00002,0,0
44.230145,-16.997517,-150.00002,0,0
43.230145,-16.997517,-150.00002,0,0
42.230145,-16.997517,-150.00002,0,0
41.230145,-16.997517,-150.00002,0,0
40.230145,-16.997517,-150.00002,0,0
39.230145,-16.997517,-150.00002,0,0
38.230145,-16.997517,-150.00002,0,0
37.230145,-16.997517,-150.00002,0,0
36.230145,-16.997517,-150.00002,0,0
35.230145,-16.997517,-150.00002,0,0
34.230145,-16.997517,-150.00002,0,0
33.230145,-16.997517,-150.00002,0,0
32.230145,-16.997517,-150.00002,0,0
31.230145,-16.997517,-150.00002,0,0
30.230145,-16.997517,-150.00002,0,0
29.230145,-16.997517,-150.00002,0,0
28.230145,-16.997517,-150.00002,0,0
27.230145,-16.997517,-150.00002,0,0
26.230145,-16.997517,-150.00002,0,0
25.230145,-16.997517,-150.00002,0,0
24.230145,-16.997517,-150.00002,0,0
23.230145,-16.997517,-150.00002,0,0
22.230145,-16.997517,-150.00002,0,0
21.230145,-16.997517,-150.00002,0,0
20.230145,-16.997517,-150.00002,0,0
19.230145,-16.997517,-150.00002,0,0
18.230145,-16.997517,-150.00002,0,0
17.230145,-16.997517,-150.00002,0,0
16.230145,-16.997517,-150.00002,0,0
15.2301445,-16.997517,-150.00002,0,0
14.2301445,-16.997517,-150.00002,0,0
13.2301445,-16.997517,-150.00002,0,0
12.2301445,-16.997517,-150.00002,0,0
11.2301445,-16.997517,-150.00002,0,0
10.2301445,-16.997517,-150.00002,0,0
9.2301445,-16.997517,-150.00002,0,0
8.2301445,-16.997517,-150.00002,0,0
7.2301445,-16.997517,-150.00002,0,0
6.2301445,-16.997517,-150.00002,0,0
5.2301445,-16.997517,-150.00002,0,0
4.2301445,-16.997517,-150.00002,0,0
3.2301445,-16.997517,-150.00002,0,3.999999
2.2301445,-16.997517,-150.00002,0,7.999998
1.2301445,-16.997517,-150.00002,0,15.999996
0.2301445,-16.997517,-150.00002,0,3.999999
-0.7698555,-16.997517,-150.00002,0,7.999998
-1.7698555,-16.997517,-150.00002,0,7.999998
-2.7698555,-16.997517,-150.00002,0,0
-3.7698555,-16.997517,-150.00002,0,0
-4.7698555,-16.997517,-150.00002,0,0
-5.7698555,-16.997517,-150.00002,0,0
-6.7698555,-16.997517,-150.00002,0,0
-7.7698555,-16.997517,-150.00002,0,0
-8.7698555,-16.997517,-150.00002,0,0
-9.7698555,-16.997517,-150.00002,0,0
-10.7698555,-16.997517,-150.00002,0,0
-11.7698555,-16.997517,-150.00002,0,0
-12.7698555,-16.997517,-150.00002,0,0
-13.7698555,-16.997517,-150.00002,0,0
-14.7698555,-16.997517,-150.00002,0,0
-15.7698555,-16.997517,-150.00002,0,0
-16.769855,-16.997517,-150.00002,0,0
-17.769855,-16.997517,-150.00002,0,0
-18.769855,-16.997517,-150.00002,0,0
-19.769855,-16.997517,-150.00002,0,0
-20.769855,-16.997517,-150.00002,0,0
-21.769855,-16.997517,-150.00002,0,0
-22.769855,-16.997517,-150.00002,0,0
-23.769855,-16.997517,-150.00002,0,0
-24.769855,-16.997517,-150.00002,0,0
-25.769855,-16.997517,-150.00002,0,0
-26.769855,-16.997517,-150.00002,0,0
-27.769855,-16.997517,-150.00002,0,0
-28.769855,-16.997517,-150.00002,0,0
-29.769855,-16.997517,-150.00002,0,0
-30.769855,-16.997517,-150.00002,0,0
-31.769855,-16.997517,-150.00002,0,0
-32.769855,-16.997517,-150.00002,0,0
-33.769855,-16.997517,-150.00002,0,0
-34.769855,-16.997517,-150.00002,0,0
-35.769855,-16.997517,-150.00002,0,0
-36.769855,-16.997517,-150.00002,0,0
-37.769855,-16.997517,-150.00002,0,0
-38.769855,-16.997517,-150.00002,0,0
-39.769855,-16.997517,-150.00002,0,0
-40.769855,-16.997517,-150.00002,0,0
-41.769855,-16.997517,-150.00002,0,0
-42.769855,-16.997517,-150.00002,0,0
-43.769855,-16.997517,-150.00002,0,0
-44.769855,-16.997517,-150.00002,0,0
-45.769855,-16.997517,-150.00002,0,0
-46.769855,-16.997517,-150.00002,0,0
-47.769855,-16.997517,-150.00002,0,0
-48.769855,-16.997517,-150.00002,0,0
-49.769855,-16.997517,-150.00002,0,0
49.230145,-17.997517,-150.00002,0,0
48.230145,-17.997517,-150.00002,0,0
47.230145,-17.997517,-150.00002,0,0
46.230145,-17.997517,-150.00002,0,0
45.230145,-17.997517,-150.00002,0,0
44.230145,-17.997517,-150.00002,0,0
43.230145,-17.997517,-150.00002,0,0
42.230145,-17.997517,-150.00002,0,0
41.230145,-17.997517,-150.00002,0,0
40.230145,-17.997517,-150.00002,0,0
39.230145,-17.997517,-150.00002,0,0
38.230145,-17.997517,-150.00002,0,0
37.230145,-17.997517,-150.00002,0,0
36.230145,-17.997517,-150.00002,0,0
35.230145,-17.997517,-150.00002,0,0
34.230145,-17.997517,-150.00002,0,0
33.230145,-17.997517,-150.00002,0,0
32.230145,-17.997517,-150.00002,0,0
31.230145,-17.997517,-150.00002,0,0
30.230145,-17.997517,-150.00002,0,0
29.230145,-17.997517,-150.00002,0,0
28.230145,-17.997517,-150.00002,0,0
27.230145,-17.997517,-150.00002,0,0
26.230145,-17.997517,-150.00002,0,0
25.230145,-17.997517,-150.00002,0,0
24.230145,-17.997517,-150.00002,0,0
23.230145,-17.997517,-150.00002,0,0
22.230145,-17.997517,-150.00002,0,0
21.230145,-17.997517,-150.00002,0,0
20.230145,-17.997517,-150.00002,0,0
19.230145,-17.997517,-150.00002,0,0
18.230145,-17.997517,-150.00002,0,0
17.230145,-17.997517,-150.00002,0,0
16.230145,-17.997517,-150.00002,0,0
15.2301445,-17.997517,-150.00002,0,0
14.2301445,-17.997517,-150.00002,0,0
13.2301445,-17.997517,-150.00002,0,0
12.2301445,-17.997517,-150.00002,0,0
11.2301445,-17.997517,-150.00002,0,0
10.2301445,-17.997517,-150.00002,0,0
9.2301445,-17.997517,-150.00002,0,0
8.2301445,-17.997517,-150.00002,0,0
7.2301445,-17.997517,-150.00002,0,0
6.2301445,-17.997517,-150.00002,0,0
5.2301445,-17.997517,-150.00002,0,0
4.2301445,-17.997517,-150.00002,0,0
3.2301445,-17.997517,-150.00002,0,0
2.2301445,-17.997517,-150.00002,0,0
1.2301445,-17.997517,-150.00002,0,0
0.2301445,-17.997517,-150.00002,0,0
-0.7698555,-17.997517,-150.00002,0,0
-1.7698555,-17.997517,-150.00002,0,0
-2.7698555,-17.997517,-150.00002,0,0
-3.7698555,-17.997517,-150.00002,0,0
-4.7698555,-17.997517,-150.00002,0,0
-5.7698555,-17.997517,-150.00002,0,0
-6.7698555,-17.997517,-150.00002,0,0
-7.7698555,-17.997517,-150.00002,0,0
-8.7698555,-17.997517,-150.00002,0,0
-9.7698555,-17.997517,-150.00002,0,0
-10.7698555,-17.997517,-150.00002,0,0
-11.7698555,-17.997517,-150.00002,0,0
-12.7698555,-17.997517,-150.00002,0,0
-13.7698555,-17.997517,-150.00002,0,0
-14.7698555,-17.997517,-150.00002,0,0
-15.7698555,-17.997517,-150.00002,0,0
-16.769855,-17.997517,-150.00002,0,0
-17.769855,-17.997517,-150.00002,0,0
-18.769855,-17.997517,-150.00002,0,0
-19.769855,-17.997517,-150.00002,0,0
-20.769855,-17.997517,-150.00002,0,0
-21.769855,-17.997517,-150.00002,0,0
-22.769855,-17.997517,-150.00002,0,0
-23.769855,-17.997517,-150.00002,0,0
-24.769855,-17.997517,-150.00002,0,0
-25.769855,-17.997517,-150.00002,0,0
-26.769855,-17.997517,-150.00002,0,0
-27.769855,-17.997517,-150.00002,0,0
-28.769855,-17.997517,-150.00002,0,0
-29.769855,-17.997517,-150.00002,0,0
-30.769855,-17.997517,-150.00002,0,0
-31.769855,-17.997517,-150.00002,0,0
-32.769855,-17.997517,-150.00002,0,0
-33.769855,-17.997517,-150.00002,0,0
-34.769855,-17.997517,-150.00002,0,0
-35.769855,-17.997517,-150.00002,0,0
-36.769855,-17.997517,-150.00002,0,0
-37.769855,-17.997517,-150.00002,0,0
-38.769855,-17.997517,-150.00002,0,0
-39.769855,-17.997517,-150.00002,0,0
-40.769855,-17.997517,-150.00002,0,0
-41.769855,-17.997517,-150.00002,0,0
-42.769855,-17.997517,-150.00002,0,0
-43.769855,-17.997517,-150.00002,0,0
-44.769855,-17.997517,-150.00002,0,0
-45.769855,-17.997517,-150.00002,0,0
-46.769855,-17.997517,-150.00002,0,0
-47.769855,-17.997517,-150.00002,0,0
-48.769855,-17.997517,-150.00002,0,0
-49.769855,-17.997517,-150.00002,0,0
49.230145,-18.997517,-150.00002,0,0
48.230145,-18.997517,-150.00002,0,0
47.230145,-18.997517,-150.00002,0,0
46.230145,-18.997517,-150.00002,0,0
45.230145,-18.997517,-150.00002,0,0
44.230145,-18.997517,-150.00002,0,0
43.230145,-18.997517,-150.00002,0,0
42.230145,-18.997517,-150.00002,0,0
41.230145,-18.997517,-150.00002,0,0
40.230145,-18.997517,-150.00002,0,0
39.230145,-18.997517,-150.00002,0,0
38.230145,-18.997517,-150.00002,0,0
37.230145,-18.997517,-150.00002,0,0
36.230145,-18.997517,-150.00002,0,0
35.230145,-18.997517,-150.00002,0,0
34.230145,-18.997517,-150.00002,0,0
33.230145,-18.997517,-150.00002,0,0
32.230145,-18.997517,-150.00002,0,0
31.230145,-18.997517,-150.00002,0,0
30.230145,-18.997517,-150.00002,0,0
29.230145,-18.997517,-150.00002,0,0
28.230145,-18.997517,-150.00002,0,0
27.230145,-18.997517,-150.00002,0,0
26.230145,-18.997517,-150.00002,0,0
25.230145,-18.997517,-150.00002,0,0
24.230145,-18.997517,-150.00002,0,0
23.230145,-18.997517,-150.00002,0,0
22.230145,-18.997517,-150.00002,0,0
21.230145,-18.997517,-150.00002,0,0
20.230145,-18.997517,-150.00002,0,0
19.230145,-18.997517,-150.00002,0,0
18.230145,-18.997517,-150.00002,0,0
17.230145,-18.997517,-150.00002,0,0
16.230145,-18.997517,-150.00002,0,0
15.2301445,-18.997517,-150.00002,0,0
14.2301445,-18.997517,-150.00002,0,0
13.2301445,-18.997517,-150.00002,0,0
12.2301445,-18.997517,-150.00002,0,0
11.2301445,-18.997517,-150.00002,0,0
10.2301445,-18.997517,-150.00002,0,0
9.2301445,-18.997517,-150.00002,0,0
8.2301445,-18.997517,-150.00002,0,0
7.2301445,-18.997517,-150.00002,0,0
6.2301445,-18.997517,-150.00002,0,0
5.2301445,-18.997517,-150.00002,0,0
4.2301445,-18.997517,-150.00002,0,0
3.2301445,-18.997517,-150.00002,0,0
2.2301445,-18.997517,-150.00002,0,0
1.2301445,-18.997517,-150.00002,0,0
0.2301445,-18.997517,-150.00002,0,0
-0.7698555,-18.997517,-150.00002,0,0
-1.7698555,-18.997517,-150.00002,0,0
-2.7698555,-18.997517,-150.00002,0,0
-3.7698555,-18.997517,-150.00002,0,0
-4.7698555,-18.997517,-150.00002,0,0
-5.7698555,-18.997517,-150.00002,0,0
-6.7698555,-18.997517,-150.00002,0,0
-7.7698555,-18.997517,-150.00002,0,0
-8.7698555,-18.997517,-150.00002,0,0
-9.7698555,-18.997517,-150.00002,0,0
-10.7698555,-18.997517,-150.00002,0,0
-11.7698555,-18.997517,-150.00002,0,0
-12.7698555,-18.997517,-150.00002,0,0
-13.7698555,-18.997517,-150.00002,0,0
-14.7698555,-18.997517,-150.00002,0,0
-15.7698555,-18.997517,-150.00002,0,0
-16.769855,-18.997517,-150.00002,0,0
-17.769855,-18.997517,-150.00002,0,0
-18.769855,-18.997517,-150.00002,0,0
-19.769855,-18.997517,-150.00002,0,0
-20.769855,-18.997517,-150.00002,0,0
-21.769855,-18.997517,-150.00002,0,0
-22.769855,-18.997517,-150.00002,0,0
-23.769855,-18.997517,-150.00002,0,0
-24.769855,-18.997517,-150.00002,0,0
-25.769855,-18.997517,-150.00002,0,0
-26.769855,-18.997517,-150.00002,0,0
-27.769855,-18.997517,-150.00002,0,0
-28.769855,-18.997517,-150.00002,0,0
-29.769855,-18.997517,-150.00002,0,0
-30.769855,-18.997517,-150.00002,0,0
-31.769855,-18.997517,-150.00002,0,0
-32.769855,-18.997517,-150.00002,0,0
-33.769855,-18.997517,-150.00002,0,0
-34.769855,-18.997517,-150.00002,0,0
-35.769855,-18.997517,-150.00002,0,0
-36.769855,-18.997517,-150.00002,0,0
-37.769855,-18.997517,-150.00002,0,0
-38.769855,-18.997517,-150.00002,0,0
-39.769855,-18.997517,-150.00002,0,0
-40.769855,-18.997517,-150.00002,0,0
-41.769855,-18.997517,-150.00002,0,0
-42.769855,-18.997517,-150.00002,0,0
-43.769855,-18.997517,-150.00002,0,0
-44.769855,-18.997517,-150.00002,0,0
-45.769855,-18.997517,-150.00002,0,0
-46.769855,-18.997517,-150.00002,0,0
-47.769855,-18.997517,-150.00002,0,0
-48.769855,-18.997517,-150.00002,0,0
-49.769855,-18.997517,-150.00002,0,0
49.230145,-19.997517,-150.00002,0,0
48.230145,-19.997517,-150.00002,0,0
47.230145,-19.997517,-150.00002,0,0
46.230145,-19.997517,-150.00002,0,0
45.230145,-19.997517,-150.00002,0,0
44.230145,-19.997517,-150.00002,0,0
43.230145,-19.997517,-150.00002,0,0
42.230145,-19.997517,-150.00002,0,0
41.230145,-19.997517,-150.00002,0,0
40.230145,-19.997517,-150.00002,0,0
39.230145,-19.997517,-150.00002,0,0
38.230145,-19.997517,-150.00002,0,0
37.230145,-19.997517,-150.00002,0,0
36.230145,-19.997517,-150.00002,0,0
35.230145,-19.997517,-150.00002,0,0
34.230145,-19.997517,-150.00002,0,0
33.230145,-19.997517,-150.00002,0,0
32.230145,-19.997517,-150.00002,0,0
31.230145,-19.997517,-150.00002,0,0
30.230145,-19.997517,-150.00002,0,0
29.230145,-19.997517,-150.00002,0,0
28.230145,-19.997517,-150.00002,0,0
27.230145,-19.997517,-150.00002,0,0
26.230145,-19.997517,-150.00002,0,0
25.230145,-19.997517,-150.00002,0,0
24.230145,-19.997517,-150.00002,0,0
23.230145,-19.997517,-150.00002,0,0
22.230145,-19.997517,-150.00002,0,0
21.230145,-19.997517,-150.00002,0,0
20.230145,-19.997517,-150.00002,0,0
19.230145,-19.997517,-150.00002,0,0
18.230145,-19.997517,-150.00002,0,0
17.230145,-19.997517,-150.00002,0,0
16.230145,-19.997517,-150.00002,0,0
15.2301445,-19.997517,-150.00002,0,0
14.2301445,-19.997517,-150.00002,0,0
13.2301445,-19.997517,-150.00002,0,0
12.2301445,-19.997517,-150.00002,0,0
11.2301445,-19.997517,-150.00002,0,0
10.2301445,-19.997517,-150.00002,0,0
9.2301445,-19.997517,-150.00002,0,0
8.2301445,-19.997517,-150.00002,0,0
7.2301445,-19.997517,-150.00002,0,0
6.2301445,-19.997517,-150.00002,0,0
5.2301445,-19.997517,-150.00002,0,0
4.2301445,-19.997517,-150.00002,0,0
3.2301445,-19.997517,-150.00002,0,0
2.2301445,-19.997517,-150.00002,0,0
1.2301445,-19.997517,-150.00002,0,0
0.2301445,-19.997517,-150.00002,0,0
-0.7698555,-19.997517,-150.00002,0,0
-1.7698555,-19.997517,-150.00002,0,0
-2.7698555,-19.997517,-150.00002,0,0
-3.7698555,-19.997517,-150.00002,0,0
-4.7698555,-19.997517,-150.00002,0,0
-5.7698555,-19.997517,-150.00002,0,0
-6.7698555,-19.997517,-150.00002,0,0
-7.7698555,-19.997517,-150.00002,0,0
-8.7698555,-19.997517,-150.00002,0,0
-9.7698555,-19.997517,-150.00002,0,0
-10.7698555,-19.997517,-150.00002,0,0
-11.7698555,-19.997517,-150.00002,0,0
-12.7698555,-19.997517,-150.00002,0,0
-13.7698555,-19.997517,-150.00002,0,0
-14.7698555,-19.997517,-150.00002,0,0
-15.7698555,-19.997517,-150.00002,0,0
-16.769855,-19.997517,-150.00002,0,0
-17.769855,-19.997517,-150.00002,0,0
-18.769855,-19.997517,-150.00002,0,0
-19.769855,-19.997517,-150.00002,0,0
-20.769855,-19.997517,-150.00002,0,0
-21.769855,-19.997517,-150.00002,0,0
-22.769855,-19.997517,-150.00002,0,0
-23.769855,-19.997517,-150.00002,0,0
-24.769855,-19.997517,-150.00002,0,0
-25.769855,-19.997517,-150.00002,0,0
-26.769855,-19.997517,-150.00002,0,0
-27.769855,-19.997517,-150.00002,0,0
-28.769855,-19.997517,-150.00002,0,0
-29.769855,-19.997517,-150.00002,0,0
-30.769855,-19.997517,-150.00002,0,0
-31.769855,-19.997517,-150.00002,0,0
-32.769855,-19.997517,-150.00002,0,0
-33.769855,-19.997517,-150.00002,0,0
-34.769855,-19.997517,-150.00002,0,0
-35.769855,-19.997517,-150.00002,0,0
-36.769855,-19.997517,-150.00002,0,0
-37.769855,-19.997517,-150.00002,0,0
-38.769855,-19.997517,-150.00002,0,0
-39.769855,-19.997517,-150.00002,0,0
-40.769855,-19.997517,-150.00002,0,0
-41.769855,-19.997517,-150.00002,0,0
-42.769855,-19.997517,-150.00002,0,0
-43.769855,-19.997517,-150.00002,0,0
-44.769855,-19.997517,-150.00002,0,0
-45.769855,-19.997517,-150.00002,0,0
-46.769855,-19.997517,-150.00002,0,0
-47.769855,-19.997517,-150.00002,0,0
-48.769855,-19.997517,-150.00002,0,0
-49.769855,-19.997517,-150.00002,0,0
49.230145,-20.997517,-150.00002,0,0
48.230145,-20.997517,-150.00002,0,0
47.230145,-20.997517,-150.00002,0,0
46.230145,-20.997517,-150.00002,0,0
45.230145,-20.997517,-150.00002,0,0
44.230145,-20.997517,-150.00002,0,0
43.230145,-20.997517,-150.00002,0,0
42.230145,-20.997517,-150.00002,0,0
41.230145,-20.997517,-150.00002,0,0
40.230145,-20.997517,-150.00002,0,0
39.230145,-20.997517,-150.00002,0,0
38.230145,-20.997517,-150.00002,0,0
37.230145,-20.997517,-150.00002,0,0
36.230145,-20.997517,-150.00002,0,0
35.230145,-20.997517,-150.00002,0,0
34.230145,-20.997517,-150.00002,0,0
33.230145,-20.997517,-150.00002,0,0
32.230145,-20.997517,-150.00002,0,0
31.230145,-20.997517,-150.00002,0,0
30.230145,-20.997517,-150.00002,0,0
29.230145,-20.997517,-150.00002,0,0
28.230145,-20.997517,-150.00002,0,0
27.230145,-20.997517,-150.00002,0,0
26.230145,-20.997517,-150.00002,0,0
25.230145,-20.997517,-150.00002,0,0
24.230145,-20.997517,-150.00002,0,0
23.230145,-20.997517,-150.00002,0,0
22.230145,-20.997517,-150.00002,0,0
21.230145,-20.997517,-150.00002,0,0
20.230145,-20.997517,-150.00002,0,0
19.230145,-20.997517,-150.00002,0,0
18.230145,-20.997517,-150.00002,0,0
17.230145,-20.997517,-150.00002,0,0
16.230145,-20.997517,-150.00002,0,0
15.2301445,-20.997517,-150.00002,0,0
14.2301445,-20.997517,-150.00002,0,0
13.2301445,-20.997517,-150.00002,0,0
12.2301445,-20.997517,-150.00002,0,0
11.2301445,-20.997517,-150.00002,0,0
10.2301445,-20.997517,-150.00002,0,0
9.2301445,-20.997517,-150.00002,0,0
8.2301445,-20.997517,-150.00002,0,0
7.2301445,-20.997517,-150.00002,0,0
6.2301445,-20.997517,-150.00002,0,0
5.2301445,-20.997517,-150.00002,0,0
4.2301445,-20.997517,-150.00002,0,0
3.2301445,-20.997517,-150.00002,0,0
2.2301445,-20.997517,-150.00002,0,0
1.2301445,-20.997517,-150.00002,0,0
0.2301445,-20.997517,-150.00002,0,0
-0.7698555,-20.997517,-150.00002,0,0
-1.7698555,-20.997517,-150.00002,0,0
-2.7698555,-20.997517,-150.00002,0,0
-3.7698555,-20.997517,-150.00002,0,0
-4.7698555,-20.997517,-150.00002,0,0
-5.7698555,-20.997517,-150.00002,0,0
-6.7698555,-20.997517,-150.00002,0,0
-7.7698555,-20.997517,-150.00002,0,0
-8.7698555,-20.997517,-150.00002,0,0
-9.7698555,-20.997517,-150.00002,0,0
-10.7698555,-20.997517,-150.00002,0,0
-11.7698555,-20.997517,-150.00002,0,0
-12.7698555,-20.997517,-150.00002,0,0
-13.7698555,-20.997517,-150.00002,0,0
-14.7698555,-20.997517,-150.00002,0,0
-15.7698555,-20.997517,-150.00002,0,0
-16.769855,-20.997517,-150.00002,0,0
-17.769855,-20.997517,-150.00002,0,0
-18.769855,-20.997517,-150.00002,0,0
-19.769855,-20.997517,-150.00002,0,0
-20.769855,-20.997517,-150.00002,0,0
-21.769855,-20.997517,-150.00002,0,0
-22.769855,-20.997517,-150.00002,0,0
-23.769855,-20.997517,-150.00002,0,0
-24.769855,-20.997517,-150.00002,0,0
-25.769855,-20.997517,-150.00002,0,0
-26.769855,-20.997517,-150.00002,0,0
-27.769855,-20.997517,-150.00002,0,0
-28.769855,-20.997517,-150.00002,0,0
-29.769855,-20.997517,-150.00002,0,0
-30.769855,-20.997517,-150.00002,0,0
-31.769855,-20.997517,-150.00002,0,0
-32.769855,-20.997517,-150.00002,0,0
-33.769855,-20.997517,-150.00002,0,0
-34.769855,-20.997517,-150.00002,0,0
-35.769855,-20.997517,-150.00002,0,0
-36.769855,-20.997517,-150.00002,0,0
-37.769855,-20.997517,-150.00002,0,0
-38.769855,-20.997517,-150.00002,0,0
-39.769855,-20.997517,-150.00002,0,0
-40.769855,-20.997517,-150.00002,0,0
-41.769855,-20.997517,-150.00002,0,0
-42.769855,-20.997517,-150.00002,0,0
-43.769855,-20.997517,-150.00002,0,0
-44.769855,-20.997517,-150.00002,0,0
-45.769855,-20.997517,-150.00002,0,0
-46.769855,-20.997517,-150.00002,0,0
-47.769855,-20.997517,-150.00002,0,0
-48.769855,-20.997517,-150.00002,0,0
-49.769855,-20.997517,-150.00002,0,0
49.230145,-21.997517,-150.00002,0,0
48.230145,-21.997517,-150.00002,0,0
47.230145,-21.997517,-150.00002,0,0
46.230145,-21.997517,-150.00002,0,0
45.230145,-21.997517,-150.00002,0,0
44.230145,-21.997517,-150.00002,0,0
43.230145,-21.997517,-150.00002,0,0
42.230145,-21.997517,-150.00002,0,0
41.230145,-21.997517,-150.00002,0,0
40.230145,-21.997517,-150.00002,0,0
39.230145,-21.997517,-150.00002,0,0
38.230145,-21.997517,-150.00002,0,0
37.230145,-21.997517,-150.00002,0,0
36.230145,-21.997517,-150.00002,0,0
35.230145,-21.997517,-150.00002,0,0
34.230145,-21.997517,-150.00002,0,0
33.230145,-21.997517,-150.00002,0,0
32.230145,-21.997517,-150.00002,0,0
31.230145,-21.997517,-150.00002,0,0
30.230145,-21.997517,-150.00002,0,0
29.230145,-21.997517,-150.00002,0,0
28.230145,-21.997517,-150.00002,0,0
27.230145,-21.997517,-150.00002,0,0
26.230145,-21.997517,-150.00002,0,0
25.230145,-21.997517,-150.00002,0,0
24.230145,-21.997517,-150.00002,0,0
23.230145,-21.997517,-150.00002,0,0
22.230145,-21.997517,-150.00002,0,0
21.230145,-21.997517,-150.00002,0,0
20.230145,-21.997517,-150.00002,0,0
19.230145,-21.997517,-150.00002,0,0
18.230145,-21.997517,-150.00002,0,0
17.230145,-21.997517,-150.00002,0,0
16.230145,-21.997517,-150.00002,0,0
15.2301445,-21.997517,-150.00002,0,0
14.2301445,-21.997517,-150.00002,0,0
13.2301445,-21.997517,-150.00002,0,0
12.2301445,-21.997517,-150.00002,0,0
11.2301445,-21.997517,-150.00002,0,0
10.2301445,-21.997517,-150.00002,0,0
9.2301445,-21.997517,-150.00002,0,0
8.2301445,-21.997517,-150.00002,0,0
7.2301445,-21.997517,-150.00002,0,0
6.2301445,-21.997517,-150.00002,0,0
5.2301445,-21.997517,-150.00002,0,0
4.2301445,-21.997517,-150.00002,0,0
3.2301445,-21.997517,-150.00002,0,0
2.2301445,-21.997517,-150.00002,0,0
1.2301445,-21.997517,-150.00002,0,0
0.2301445,-21.997517,-150.00002,0,0
-0.7698555,-21.997517,-150.00002,0,0
-1.7698555,-21.997517,-150.00002,0,0
-2.7698555,-21.997517,-150.00002,0,0
-3.7698555,-21.997517,-150.00002,0,0
-4.7698555,-21.997517,-150.00002,0,0
-5.7698555,-21.997517,-150.00002,0,0
-6.7698555,-21.997517,-150.00002,0,0
-7.7698555,-21.997517,-150.00002,0,0
-8.7698555,-21.997517,-150.00002,0,0
-9.7698555,-21.997517,-150.00002,0,0
-10.7698555,-21.997517,-150.00002,0,0
-11.7698555,-21.997517,-150.00002,0,0
-12.7698555,-21.997517,-150.00002,0,0
-13.7698555,-21.997517,-150.00002,0,0
-14.7698555,-21.997517,-150.00002,0,0
-15.7698555,-21.997517,-150.00002,0,0
-16.769855,-21.997517,-150.00002,0,0
-17.769855,-21.997517,-150.00002,0,0
-18.769855,-21.997517,-150.00002,0,0
-19.769855,-21.997517,-150.00002,0,0
-20.769855,-21.997517,-150.00002,0,0
-21.769855,-21.997517,-150.00002,0,0
-22.769855,-21.997517,-150.00002,0,0
-23.769855,-21.997517,-150.00002,0,0
-24.769855,-21.997517,-150.00002,0,0
-25.769855,-21.997517,-150.00002,0,0
-26.769855,-21.997517,-150.00002,0,0
-27.769855,-21.997517,-150.00002,0,0
-28.769855,-21.997517,-150.00002,0,0
-29.769855,-21.997517,-150.00002,0,0
-30.769855,-21.997517,-150.00002,0,0
-31.769855,-21.997517,-150.00002,0,0
-32.769855,-21.997517,-150.00002,0,0
-33.769855,-21.997517,-150.00002,0,0
-34.769855,-21.997517,-150.00002,0,0
-35.769855,-21.997517,-150.00002,0,0
-36.769855,-21.997517,-150.00002,0,0
-37.769855,-21.997517,-150.00002,0,0
-38.769855,-21.997517,-150.00002,0,0
-39.769855,-21.997517,-150.00002,0,0
-40.769855,-21.997517,-150.00002,0,0
-41.769855,-21.997517,-150.00002,0,0
-42.769855,-21.997517,-150.00002,0,0
-43.769855,-21.997517,-150.00002,0,0
-44.769855,-21.997517,-150.00002,0,0
-45.769855,-21.997517,-150.00002,0,0
-46.769855,-21.997517,-150.00002,0,0
-47.769855,-21.997517,-150.00002,0,0
-48.769855,-21.997517,-150.00002,0,0
-49.769855,-21.997517,-150.00002,0,0
49.230145,-22.997517,-150.00002,0,0
48.230145,-22.997517,-150.00002,0,0
47.230145,-22.997517,-150.00002,0,0
46.230145,-22.997517,-150.00002,0,0
45.230145,-22.997517,-150.00002,0,0
44.230145,-22.997517,-150.00002,0,0
43.230145,-22.997517,-150.00002,0,0
42.230145,-22.997517,-150.00002,0,0
41.230145,-22.997517,-150.00002,0,0
40.230145,-22.997517,-150.00002,0,0
39.230145,-22.997517,-150.00002,0,0
38.230145,-22.997517,-150.00002,0,0
37.230145,-22.997517,-150.00002,0,0
36.230145,-22.997517,-150.00002,0,0
35.230145,-22.997517,-150.00002,0,0
34.230145,-22.997517,-150.00002,0,0
33.230145,-22.997517,-150.00002,0,0
32.230145,-22.997517,-150.00002,0,0
31.230145,-22.997517,-150.00002,0,0
30.230145,-22.997517,-150.00002,0,0
29.230145,-22.997517,-150.00002,0,0
28.230145,-22.997517,-150.00002,0,0
27.230145,-22.997517,-150.00002,0,0
26.230145,-22.997517,-150.00002,0,0
25.230145,-22.997517,-150.00002,0,0
24.230145,-22.997517,-150.00002,0,0
23.230145,-22.997517,-150.00002,0,0
22.230145,-22.997517,-150.00002,0,0
21.230145,-22.997517,-150.00002,0,0
20.230145,-22.997517,-150.00002,0,0
19.230145,-22.997517,-150.00002,0,0
18.230145,-22.997517,-150.00002,0,0
17.230145,-22.997517,-150.00002,0,0
16.230145,-22.997517,-150.00002,0,0
15.2301445,-22.997517,-150.00002,0,0
14.2301445,-22.997517,-150.00002,0,0
13.2301445,-22.997517,-150.00002,0,0
12.2301445,-22.997517,-150.00002,0,0
11.2301445,-22.997517,-150.00002,0,0
10.2301445,-22.997517,-150.00002,0,0
9.2301445,-22.997517,-150.00002,0,0
8.2301445,-22.997517,-150.00002,0,0
7.2301445,-22.997517,-150.00002,0,0
6.2301445,-22.997517,-150.00002,0,0
5.2301445,-22.997517,-150.00002,0,0
4.2301445,-22.997517,-150.00002,0,0
3.2301445,-22.997517,-150.00002,0,0
2.2301445,-22.997517,-150.00002,0,0
1.2301445,-22.997517,-150.00002,0,0
0.2301445,-22.997517,-150.00002,0,0
-0.7698555,-22.997517,-150.00002,0,0
-1.7698555,-22.997517,-150.00002,0,0
-2.7698555,-22.997517,-150.00002,0,0
-3.7698555,-22.997517,-150.00002,0,0
-4.7698555,-22.997517,-150.00002,0,0
-5.7698555,-22.997517,-150.00002,0,0
-6.7698555,-22.997517,-150.00002,0,0
-7.7698555,-22.997517,-150.00002,0,0
-8.7698555,-22.997517,-150.00002,0,0
-9.7698555,-22.997517,-150.00002,0,0
-10.7698555,-22.997517,-150.00002,0,0
-11.7698555,-22.997517,-150.00002,0,0
-12.7698555,-22.997517,-150.00002,0,0
-13.7698555,-22.997517,-150.00002,0,0
-14.7698555,-22.997517,-150.00002,0,0
-15.7698555,-22.997517,-150.00002,0,0
-16.769855,-22.997517,-150.00002,0,0
-17.769855,-22.997517,-150.00002,0,0
-18.769855,-22.997517,-150.00002,0,0
-19.769855,-22.997517,-150.00002,0,0
-20.769855,-22.997517,-150.00002,0,0
-21.769855,-22.997517,-150.00002,0,0
-22.769855,-22.997517,-150.00002,0,0
-23.769855,-22.997517,-150.00002,0,0
-24.769855,-22.997517,-150.00002,0,0
-25.769855,-22.997517,-150.00002,0,0
-26.769855,-22.997517,-150.00002,0,0
-27.769855,-22.997517,-150.00002,0,0
-28.769855,-22.997517,-150.00002,0,0
-29.769855,-22.997517,-150.00002,0,0
-30.769855,-22.997517,-150.00002,0,0
-31.769855,-22.997517,-150.00002,0,0
-32.769855,-22.997517,-150.00002,0,0
-33.769855,-22.997517,-150.00002,0,0
-34.769855,-22.997517,-150.00002,0,0
-35.769855,-22.997517,-150.00002,0,0
-36.769855,-22.997517,-150.00002,0,0
-37.769855,-22.997517,-150.00002,0,0
-38.769855,-22.997517,-150.00002,0,0
-39.769855,-22.997517,-150.00002,0,0
-40.769855,-22.997517,-150.00002,0,0
-41.769855,-22.997517,-150.00002,0,0
-42.769855,-22.997517,-150.00002,0,0
-43.769855,-22.997517,-150.00002,0,0
-44.769855,-22.997517,-150.00002,0,0
-45.769855,-22.997517,-150.00002,0,0
-46.769855,-22.997517,-150.00002,0,0
-47.769855,-22.997517,-150.00002,0,0
-48.769855,-22.997517,-150.00002,0,0
-49.769855,-22.997517,-150.00002,0,0
49.230145,-23.997517,-150.00002,0,0
48.230145,-23.997517,-150.00002,0,0
47.230145,-23.997517,-150.00002,0,0
46.230145,-23.997517,-150.00002,0,0
45.230145,-23.997517,-150.00002,0,0
44.230145,-23.997517,-150.00002,0,0
43.230145,-23.997517,-150.00002,0,0
42.230145,-23.997517,-150.00002,0,0
41.230145,-23.997517,-150.00002,0,0
40.230145,-23.997517,-150.00002,0,0
39.230145,-23.997517,-150.00002,0,0
38.230145,-23.997517,-150.00002,0,0
37.230145,-23.997517,-150.00002,0,0
36.230145,-23.997517,-150.00002,0,0
35.230145,-23.997517,-150.00002,0,0
34.230145,-23.997517,-150.00002,0,0
33.230145,-23.997517,-150.00002,0,0
32.230145,-23.997517,-150.00002,0,0
31.230145,-23.997517,-150.00002,0,0
30.230145,-23.997517,-150.00002,0,0
29.230145,-23.997517,-150.00002,0,0
28.230145,-23.997517,-150.00002,0,0
27.230145,-23.997517,-150.00002,0,0
26.230145,-23.997517,-150.00002,0,0
25.230145,-23.997517,-150.00002,0,0
24.230145,-23.997517,-150.00002,0,0
23.230145,-23.997517,-150.00002,0,0
22.230145,-23.997517,-150.00002,0,0
21.230145,-23.997517,-150.00002,0,0
20.230145,-23.997517,-150.00002,0,0
19.230145,-23.997517,-150.00002,0,0
18.230145,-23.997517,-150.00002,0,0
17.230145,-23.997517,-150.00002,0,0
16.230145,-23.997517,-150.00002,0,0
15.2301445,-23.997517,-150.00002,0,0
14.2301445,-23.997517,-150.00002,0,0
13.2301445,-23.997517,-150.00002,0,0
12.2301445,-23.997517,-150.00002,0,0
11.2301445,-23.997517,-150.00002,0,0
10.2301445,-23.997517,-150.00002,0,0
9.2301445,-23.997517,-150.00002,0,0
8.2301445,-23.997517,-150.00002,0,0
7.2301445,-23.997517,-150.00002,0,0
6.2301445,-23.997517,-150.00002,0,0
5.2301445,-23.997517,-150.00002,0,0
4.2301445,-23.997517,-150.00002,0,0
3.2301445,-23.997517,-150.00002,0,0
2.2301445,-23.997517,-150.00002,0,0
1.2301445,-23.997517,-150.00002,0,0
0.2301445,-23.997517,-150.00002,0,0
-0.7698555,-23.997517,-150.00002,0,0
-1.7698555,-23.997517,-150.00002,0,0
-2.7698555,-23.997517,-150.00002,0,0
-3.7698555,-23.997517,-150.00002,0,0
-4.7698555,-23.997517,-150.00002,0,0
-5.7698555,-23.997517,-150.00002,0,0
-6.7698555,-23.997517,-150.00002,0,0
-7.7698555,-23.997517,-150.00002,0,0
-8.7698555,-23.997517,-150.00002,0,0
-9.7698555,-23.997517,-150.00002,0,0
-10.7698555,-23.997517,-150.00002,0,0
-11.7698555,-23.997517,-150.00002,0,0
-12.7698555,-23.997517,-150.00002,0,0
-13.7698555,-23.997517,-150.00002,0,0
-14.7698555,-23.997517,-150.00002,0,0
-15.7698555,-23.997517,-150.00002,0,0
-16.769855,-23.997517,-150.00002,0,0
-17.769855,-23.997517,-150.00002,0,0
-18.769855,-23.997517,-150.00002,0,0
-19.769855,-23.997517,-150.00002,0,0
-20.769855,-23.997517,-150.00002,0,0
-21.769855,-23.997517,-150.00002,0,0
-22.769855,-23.997517,-150.00002,0,0
-23.769855,-23.997517,-150.00002,0,0
-24.769855,-23.997517,-150.00002,0,0
-25.769855,-23.997517,-150.00002,0,0
-26.769855,-23.997517,-150.00002,0,0
-27.769855,-23.997517,-150.00002,0,0
-28.769855,-23.997517,-150.00002,0,0
-29.769855,-23.997517,-150.00002,0,0
-30.769855,-23.997517,-150.00002,0,0
-31.769855,-23.997517,-150.00002,0,0
-32.769855,-23.997517,-150.00002,0,0
-33.769855,-23.997517,-150.00002,0,0
-34.769855,-23.997517,-150.00002,0,0
-35.769855,-23.997517,-150.00002,0,0
-36.769855,-23.997517,-150.00002,0,0
-37.769855,-23.997517,-150.00002,0,0
-38.769855,-23.997517,-150.00002,0,0
-39.769855,-23.997517,-150.00002,0,0
-40.769855,-23.997517,-150.00002,0,0
-41.769855,-23.997517,-150.00002,0,0
-42.769855,-23.997517,-150.00002,0,0
-43.769855,-23.997517,-150.00002,0,0
-44.769855,-23.997517,-150.00002,0,0
-45.769855,-23.997517,-150.00002,0,0
-46.769855,-23.997517,-150.00002,0,0
-47.769855,-23.997517,-150.00002,0,0
-48.769855,-23.997517,-150.00002,0,0
-49.769855,-23.997517,-150.00002,0,0
49.230145,-24.997517,-150.00002,0,0
48.230145,-24.997517,-150.00002,0,0
47.230145,-24.997517,-150.00002,0,0
46.230145,-24.997517,-150.00002,0,0
45.230145,-24.997517,-150.00002,0,0
44.230145,-24.997517,-150.00002,0,0
43.230145,-24.997517,-150.00002,0,0
42.230145,-24.997517,-150.00002,0,0
41.230145,-24.997517,-150.00002,0,0
40.230145,-24.997517,-150.00002,0,0
39.230145,-24.997517,-150.00002,0,0
38.230145,-24.997517,-150.00002,0,0
37.230145,-24.997517,-150.00002,0,0
36.230145,-24.997517,-150.00002,0,0
35.230145,-24.997517,-150.00002,0,0
34.230145,-24.997517,-150.00002,0,0
33.230145,-24.997517,-150.00002,0,0
32.230145,-24.997517,-150.00002,0,0
31.230145,-24.997517,-150.00002,0,0
30.230145,-24.997517,-150.00002,0,0
29.230145,-24.997517,-150.00002,0,0
28.230145,-24.997517,-150.00002,0,0
27.230145,-24.997517,-150.00002,0,0
26.230145,-24.997517,-150.00002,0,0
25.230145,-24.997517,-150.00002,0,0
24.230145,-24.997517,-150.00002,0,0
23.230145,-24.997517,-150.00002,0,0
22.230145,-24.997517,-150.00002,0,0
21.230145,-24.997517,-150.00002,0,0
20.230145,-24.997517,-150.00002,0,0
19.230145,-24.997517,-150.00002,0,0
18.230145,-24.997517,-150.00002,0,0
17.230145,-24.997517,-150.00002,0,0
16.230145,-24.997517,-150.00002,0,0
15.2301445,-24.997517,-150.00002,0,0
14.2301445,-24.997517,-150.00002,0,0
13.2301445,-24.997517,-150.00002,0,0
12.2301445,-24.997517,-150.00002,0,0
11.2301445,-24.997517,-150.00002,0,0
10.2301445,-24.997517,-150.00002,0,0
9.2301445,-24.997517,-150.00002,0,0
8.2301445,-24.997517,-150.00002,0,0
7.2301445,-24.997517,-150.00002,0,0
6.2301445,-24.997517,-150.00002,0,0
5.2301445,-24.997517,-150.00002,0,0
4.2301445,-24.997517,-150.00002,0,0
3.2301445,-24.997517,-150.00002,0,0
2.2301445,-24.997517,-150.00002,0,0
1.2301445,-24.997517,-150.00002,0,0
0.2301445,-24.997517,-150.00002,0,0
-0.7698555,-24.997517,-150.00002,0,0
-1.7698555,-24.997517,-150.00002,0,0
-2.7698555,-24.997517,-150.00002,0,0
-3.7698555,-24.997517,-150.00002,0,0
-4.7698555,-24.997517,-150.00002,0,0
-5.7698555,-24.997517,-150.00002,0,0
-6.7698555,-24.997517,-150.00002,0,0
-7.7698555,-24.997517,-150.00002,0,0
-8.7698555,-24.997517,-150.00002,0,0
-9.7698555,-24.997517,-150.00002,0,0
-10.7698555,-24.997517,-150.00002,0,0
-11.7698555,-24.997517,-150.00002,0,0
-12.7698555,-24.997517,-150.00002,0,0
-13.7698555,-24.997517,-150.00002,0,0
-14.7698555,-24.997517,-150.00002,0,0
-15.7698555,-24.997517,-150.00002,0,0
-16.769855,-24.997517,-150.00002,0,0
-17.769855,-24.997517,-150.00002,0,0
-18.769855,-24.997517,-150.00002,0,0
-19.769855,-24.997517,-150.00002,0,0
-20.769855,-24.997517,-150.00002,0,0
-21.769855,-24.997517,-150.00002,0,0
-22.769855,-24.997517,-150.00002,0,0
-23.769855,-24.997517,-150.00002,0,0
-24.769855,-24.997517,-150.00002,0,0
-25.769855,-24.997517,-150.00002,0,0
-26.769855,-24.997517,-150.00002,0,0
-27.769855,-24.997517,-150.00002,0,0
-28.769855,-24.997517,-150.00002,0,0
-29.769855,-24.997517,-150.00002,0,0
-30.769855,-24.997517,-150.00002,0,0
-31.769855,-24.997517,-150.00002,0,0
-32.769855,-24.997517,-150.00002,0,0
-33.769855,-24.997517,-150.00002,0,0
-34.769855,-24.997517,-150.00002,0,0
-35.769855,-24.997517,-150.00002,0,0
-36.769855,-24.997517,-150.00002,0,0
-37.769855,-24.997517,-150.00002,0,0
-38.769855,-24.997517,-150.00002,0,0
-39.769855,-24.997517,-150.00002,0,0
-40.769855,-24.997517,-150.00002,0,0
-41.769855,-24.997517,-150.00002,0,0
-42.769855,-24.997517,-150.00002,0,0
-43.769855,-24.997517,-150.00002,0,0
-44.769855,-24.997517,-150.00002,0,0
-45.769855,-24.997517,-150.00002,0,0
-46.769855,-24.997517,-150.00002,0,0
-47.769855,-24.997517,-150.00002,0,0
-48.769855,-24.997517,-150.00002,0,0
-49.769855,-24.997517,-150.00002,0,0
49.230145,-25.997517,-150.00002,0,0
48.230145,-25.997517,-150.00002,0,0
47.230145,-25.997517,-150.00002,0,0
46.230145,-25.997517,-150.00002,0,0
45.230145,-25.997517,-150.00002,0,0
44.230145,-25.997517,-150.00002,0,0
43.230145,-25.997517,-150.00002,0,0
42.230145,-25.997517,-150.00002,0,0
41.230145,-25.997517,-150.00002,0,0
40.230145,-25.997517,-150.00002,0,0
39.230145,-25.997517,-150.00002,0,0
38.230145,-25.997517,-150.00002,0,0
37.230145,-25.997517,-150.00002,0,0
36.230145,-25.997517,-150.00002,0,0
35.230145,-25.997517,-150.00002,0,0
34.230145,-25.997517,-150.00002,0,0
33.230145,-25.997517,-150.00002,0,0
32.230145,-25.997517,-150.00002,0,0
31.230145,-25.997517,-150.00002,0,0
30.230145,-25.997517,-150.00002,0,0
29.230145,-25.997517,-150.00002,0,0
28.230145,-25.997517,-150.00002,0,0
27.230145,-25.997517,-150.00002,0,0
26.230145,-25.997517,-150.00002,0,0
25.230145,-25.997517,-150.00002,0,0
24.230145,-25.997517,-150.00002,0,0
23.230145,-25.997517,-150.00002,0,0
22.230145,-25.997517,-150.00002,0,0
21.230145,-25.997517,-150.00002,0,0
20.230145,-25.997517,-150.00002,0,0
19.230145,-25.997517,-150.00002,0,0
18.230145,-25.997517,-150.00002,0,0
17.230145,-25.997517,-150.00002,0,0
16.230145,-25.997517,-150.00002,0,0
15.2301445,-25.997517,-150.00002,0,0
14.2301445,-25.997517,-150.00002,0,0
13.2301445,-25.997517,-150.00002,0,0
12.2301445,-25.997517,-150.00002,0,0
11.2301445,-25.997517,-150.00002,0,0
10.2301445,-25.997517,-150.00002,0,0
9.2301445,-25.997517,-150.00002,0,0
8.2301445,-25.997517,-150.00002,0,0
7.2301445,-25.997517,-150.00002,0,0
6.2301445,-25.997517,-150.00002,0,0
5.2301445,-25.997517,-150.00002,0,0
4.2301445,-25.997517,-150.00002,0,0
3.2301445,-25.997517,-150.00002,0,0
2.2301445,-25.997517,-150.00002,0,0
1.2301445,-25.997517,-150.00002,0,0
0.2301445,-25.997517,-150.00002,0,0
-0.7698555,-25.997517,-150.00002,0,0
-1.7698555,-25.997517,-150.00002,0,0
-2.7698555,-25.997517,-150.00002,0,0
-3.7698555,-25.997517,-150.00002,0,0
-4.7698555,-25.997517,-150.00002,0,0
-5.7698555,-25.997517,-150.00002,0,0
-6.7698555,-25.997517,-150.00002,0,0
-7.7698555,-25.997517,-150.00002,0,0
-8.7698555,-25.997517,-150.00002,0,0
-9.7698555,-25.997517,-150.00002,0,0
-10.7698555,-25.997517,-150.00002,0,0
-11.7698555,-25.997517,-150.00002,0,0
-12.7698555,-25.997517,-150.00002,0,0
-13.7698555,-25.997517,-150.00002,0,0
-14.7698555,-25.997517,-150.00002,0,0
-15.7698555,-25.997517,-150.00002,0,0
-16.769855,-25.997517,-150.00002,0,0
-17.769855,-25.997517,-150.00002,0,0
-18.769855,-25.997517,-150.00002,0,0
-19.769855,-25.997517,-150.00002,0,0
-20.769855,-25.997517,-150.00002,0,0
-21.769855,-25.997517,-150.00002,0,0
-22.769855,-25.997517,-150.00002,0,0
-23.769855,-25.997517,-150.00002,0,0
-24.769855,-25.997517,-150.00002,0,0
-25.769855,-25.997517,-150.00002,0,0
-26.769855,-25.997517,-150.00002,0,0
-27.769855,-25.997517,-150.00002,0,0
-28.769855,-25.997517,-150.00002,0,0
-29.769855,-25.997517,-150.00002,0,0
-30.769855,-25.997517,-150.00002,0,0
-31.769855,-25.997517,-150.00002,0,0
-32.769855,-25.997517,-150.00002,0,0
-33.769855,-25.997517,-150.00002,0,0
-34.769855,-25.997517,-150.00002,0,0
-35.769855,-25.997517,-150.00002,0,0
-36.769855,-25.997517,-150.00002,0,0
-37.769855,-25.997517,-150.00002,0,0
-38.769855,-25.997517,-150.00002,0,0
-39.769855,-25.997517,-150.00002,0,0
-40.769855,-25.997517,-150.00002,0,0
-41.769855,-25.997517,-150.00002,0,0
-42.769855,-25.997517,-150.00002,0,0
-43.769855,-25.997517,-150.00002,0,0
-44.769855,-25.997517,-150.00002,0,0
-45.769855,-25.997517,-150.00002,0,0
-46.769855,-25.997517,-150.00002,0,0
-47.769855,-25.997517,-150.00002,0,0
-48.769855,-25.997517,-150.00002,0,0
-49.769855,-25.997517,-150.00002,0,0
49.230145,-26.997517,-150.00002,0,0
48.230145,-26.997517,-150.00002,0,0
47.230145,-26.997517,-150.00002,0,0
46.230145,-26.997517,-150.00002,0,0
45.230145,-26.997517,-150.00002,0,0
44.230145,-26.997517,-150.00002,0,0
43.230145,-26.997517,-150.00002,0,0
42.230145,-26.997517,-150.00002,0,0
41.230145,-26.997517,-150.00002,0,0
40.230145,-26.997517,-150.00002,0,0
39.230145,-26.997517,-150.00002,0,0
38.230145,-26.997517,-150.00002,0,0
37.230145,-26.997517,-150.00002,0,0
36.230145,-26.997517,-150.00002,0,0
35.230145,-26.997517,-150.00002,0,0
34.230145,-26.997517,-150.00002,0,0
33.230145,-26.997517,-150.00002,0,0
32.230145,-26.997517,-150.00002,0,0
31.230145,-26.997517,-150.00002,0,0
30.230145,-26.997517,-150.00002,0,0
29.230145,-26.997517,-150.00002,0,0
28.230145,-26.997517,-150.00002,0,0
27.230145,-26.997517,-150.00002,0,0
26.230145,-26.997517,-150.00002,0,0
25.230145,-26.997517,-150.00002,0,0
24.230145,-26.997517,-150.00002,0,0
23.230145,-26.997517,-150.00002,0,0
22.230145,-26.997517,-150.00002,0,0
21.230145,-26.997517,-150.00002,0,0
20.230145,-26.997517,-150.00002,0,0
19.230145,-26.997517,-150.00002,0,0
18.230145,-26.997517,-150.00002,0,0
17.230145,-26.997517,-150.00002,0,0
16.230145,-26.997517,-150.00002,0,0
15.2301445,-26.997517,-150.00002,0,0
14.2301445,-26.997517,-150.00002,0,0
13.2301445,-26.997517,-150.00002,0,0
12.2301445,-26.997517,-150.00002,0,0
11.2301445,-26.997517,-150.00002,0,0
10.2301445,-26.997517,-150.00002,0,0
9.2301445,-26.997517,-150.00002,0,0
8.2301445,-26.997517,-150.00002,0,0
7.2301445,-26.997517,-150.00002,0,0
6.2301445,-26.997517,-150.00002,0,0
5.2301445,-26.997517,-150.00002,0,0
4.2301445,-26.997517,-150.00002,0,0
3.2301445,-26.997517,-150.00002,0,0
2.2301445,-26.997517,-150.00002,0,0
1.2301445,-26.997517,-150.00002,0,0
0.2301445,-26.997517,-150.00002,0,0
-0.7698555,-26.997517,-150.00002,0,0
-1.7698555,-26.997517,-150.00002,0,0
-2.7698555,-26.997517,-150.00002,0,0
-3.7698555,-26.997517,-150.00002,0,0
-4.7698555,-26.997517,-150.00002,0,0
-5.7698555,-26.997517,-150.00002,0,0
-6.7698555,-26.997517,-150.00002,0,0
-7.7698555,-26.997517,-150.00002,0,0
-8.7698555,-26.997517,-150.00002,0,0
-9.7698555,-26.997517,-150.00002,0,0
-10.7698555,-26.997517,-150.00002,0,0
-11.7698555,-26.997517,-150.00002,0,0
-12.7698555,-26.997517,-150.00002,0,0
-13.7698555,-26.997517,-150.00002,0,0
-14.7698555,-26.997517,-150.00002,0,0
-15.7698555,-26.997517,-150.00002,0,0
-16.769855,-26.997517,-150.00002,0,0
-17.769855,-26.997517,-150.00002,0,0
-18.769855,-26.997517,-150.00002,0,0
-19.769855,-26.997517,-150.00002,0,0
-20.769855,-26.997517,-150.00002,0,0
-21.769855,-26.997517,-150.00002,0,0
-22.769855,-26.997517,-150.00002,0,0
-23.769855,-26.997517,-150.00002,0,0
-24.769855,-26.997517,-150.00002,0,0
-25.769855,-26.997517,-150.00002,0,0
-26.769855,-26.997517,-150.00002,0,0
-27.769855,-26.997517,-150.00002,0,0
-28.769855,-26.997517,-150.00002,0,0
-29.769855,-26.997517,-150.00002,0,0
-30.769855,-26.997517,-150.00002,0,0
-31.769855,-26.997517,-150.00002,0,0
-32.769855,-26.997517,-150.00002,0,0
-33.769855,-26.997517,-150.00002,0,0
-34.769855,-26.997517,-150.00002,0,0
-35.769855,-26.997517,-150.00002,0,0
-36.769855,-26.997517,-150.00002,0,0
-37.769855,-26.997517,-150.00002,0,0
-38.769855,-26.997517,-150.00002,0,0
-39.769855,-26.997517,-150.00002,0,0
-40.769855,-26.997517,-150.00002,0,0
-41.769855,-26.997517,-150.00002,0,0
-42.769855,-26.997517,-150.00002,0,0
-43.769855,-26.997517,-150.00002,0,0
-44.769855,-26.997517,-150.00002,0,0
-45.769855,-26.997517,-150.00002,0,0
-46.769855,-26.997517,-150.00002,0,0
-47.769855,-26.997517,-150.00002,0,0
-48.769855,-26.997517,-150.00002,0,0
-49.769855,-26.997517,-150.00002,0,0
49.230145,-27.997517,-150.00002,0,0
48.230145,-27.997517,-150.00002,0,0
47.230145,-27.997517,-150.00002,0,0
46.230145,-27.997517,-150.00002,0,0
45.230145,-27.997517,-150.00002,0,0
44.230145,-27.997517,-150.00002,0,0
43.230145,-27.997517,-150.00002,0,0
42.230145,-27.997517,-150.00002,0,0
41.230145,-27.997517,-150.00002,0,0
40.230145,-27.997517,-150.00002,0,0
39.230145,-27.997517,-150.00002,0,0
38.230145,-27.997517,-150.00002,0,0
37.230145,-27.997517,-150.00002,0,0
36.230145,-27.997517,-150.00002,0,0
35.230145,-27.997517,-150.00002,0,0
34.230145,-27.997517,-150.00002,0,0
33.230145,-27.997517,-150.00002,0,0
32.230145,-27.997517,-150.00002,0,0
31.230145,-27.997517,-150.00002,0,0
30.230145,-27.997517,-150.00002,0,0
29.230145,-27.997517,-150.00002,0,0
28.230145,-27.997517,-150.00002,0,0
27.230145,-27.997517,-150.00002,0,0
26.230145,-27.997517,-150.00002,0,0
25.230145,-27.997517,-150.00002,0,0
24.230145,-27.997517,-150.00002,0,0
23.230145,-27.997517,-150.00002,0,0
22.230145,-27.997517,-150.00002,0,0
21.230145,-27.997517,-150.00002,0,0
20.230145,-27.997517,-150.00002,0,0
19.230145,-27.997517,-150.00002,0,0
18.230145,-27.997517,-150.00002,0,0
17.230145,-27.997517,-150.00002,0,0
16.230145,-27.997517,-150.00002,0,0
15.2301445,-27.997517,-150.00002,0,0
14.2301445,-27.997517,-150.00002,0,0
13.2301445,-27.997517,-150.00002,0,0
12.2301445,-27.997517,-150.00002,0,0
11.2301445,-27.997517,-150.00002,0,0
10.2301445,-27.997517,-150.00002,0,0
9.2301445,-27.997517,-150.00002,0,0
8.2301445,-27.997517,-150.00002,0,0
7.2301445,-27.997517,-150.00002,0,0
6.2301445,-27.997517,-150.00002,0,0
5.2301445,-27.997517,-150.00002,0,0
4.2301445,-27.997517,-150.00002,0,0
3.2301445,-27.997517,-150.00002,0,0
2.2301445,-27.997517,-150.00002,0,0
1.2301445,-27.997517,-150.00002,0,0
0.2301445,-27.997517,-150.00002,0,0
-0.7698555,-27.997517,-150.00002,0,0
-1.7698555,-27.997517,-150.00002,0,0
-2.7698555,-27.997517,-150.00002,0,0
-3.7698555,-27.997517,-150.00002,0,0
-4.7698555,-27.997517,-150.00002,0,0
-5.7698555,-27.997517,-150.00002,0,0
-6.7698555,-27.997517,-150.00002,0,0
-7.7698555,-27.997517,-150.00002,0,0
-8.7698555,-27.997517,-150.00002,0,0
-9.7698555,-27.997517,-150.00002,0,0
-10.7698555,-27.997517,-150.00002,0,0
-11.7698555,-27.997517,-150.00002,0,0
-12.7698555,-27.997517,-150.00002,0,0
-13.7698555,-27.997517,-150.00002,0,0
-14.7698555,-27.997517,-150.00002,0,0
-15.7698555,-27.997517,-150.00002,0,0
-16.769855,-27.997517,-150.00002,0,0
-17.769855,-27.997517,-150.00002,0,0
-18.769855,-27.997517,-150.00002,0,0
-19.769855,-27.997517,-150.00002,0,0
-20.769855,-27.997517,-150.00002,0,0
-21.769855,-27.997517,-150.00002,0,0
-22.769855,-27.997517,-150.00002,0,0
-23.769855,-27.997517,-150.00002,0,0
-24.769855,-27.997517,-150.00002,0,0
-25.769855,-27.997517,-150.00002,0,0
-26.769855,-27.997517,-150.00002,0,0
-27.769855,-27.997517,-150.00002,0,0
-28.769855,-27.997517,-150.00002,0,0
-29.769855,-27.997517,-150.00002,0,0
-30.769855,-27.997517,-150.00002,0,0
-31.769855,-27.997517,-150.00002,0,0
-32.769855,-27.997517,-150.00002,0,0
-33.769855,-27.997517,-150.00002,0,0
-34.769855,-27.997517,-150.00002,0,0
-35.769855,-27.997517,-150.00002,0,0
-36.769855,-27.997517,-150.00002,0,0
-37.769855,-27.997517,-150.00002,0,0
-38.769855,-27.997517,-150.00002,0,0
-39.769855,-27.997517,-150.00002,0,0
-40.769855,-27.997517,-150.00002,0,0
-41.769855,-27.997517,-150.00002,0,0
-42.769855,-27.997517,-150.00002,0,0
-43.769855,-27.997517,-150.00002,0,0
-44.769855,-27.997517,-150.00002,0,0
-45.769855,-27.997517,-150.00002,0,0
-46.769855,-27.997517,-150.00002,0,0
-47.769855,-27.997517,-150.00002,0,0
-48.769855,-27.997517,-150.00002,0,0
-49.769855,-27.997517,-150.00002,0,0
49.230145,-28.997517,-150.00002,0,0
48.230145,-28.997517,-150.00002,0,0
47.230145,-28.997517,-150.00002,0,0
46.230145,-28.997517,-150.00002,0,0
45.230145,-28.997517,-150.00002,0,0
44.230145,-28.997517,-150.00002,0,0
43.230145,-28.997517,-150.00002,0,0
42.230145,-28.997517,-150.00002,0,0
41.230145,-28.997517,-150.00002,0,0
40.230145,-28.997517,-150.00002,0,0
39.230145,-28.997517,-150.00002,0,0
38.230145,-28.997517,-150.00002,0,0
37.230145,-28.997517,-150.00002,0,0
36.230145,-28.997517,-150.00002,0,0
35.230145,-28.997517,-150.00002,0,0
34.230145,-28.997517,-150.00002,0,0
33.230145,-28.997517,-150.00002,0,0
32.230145,-28.997517,-150.00002,0,0
31.230145,-28.997517,-150.00002,0,0
30.230145,-28.997517,-150.00002,0,0
29.230145,-28.997517,-150.00002,0,0
28.230145,-28.997517,-150.00002,0,0
27.230145,-28.997517,-150.00002,0,0
26.230145,-28.997517,-150.00002,0,0
25.230145,-28.997517,-150.00002,0,0
24.230145,-28.997517,-150.00002,0,0
23.230145,-28.997517,-150.00002,0,0
22.230145,-28.997517,-150.00002,0,0
21.230145,-28.997517,-150.00002,0,0
20.230145,-28.997517,-150.00002,0,0
19.230145,-28.997517,-150.00002,0,0
18.230145,-28.997517,-150.00002,0,0
17.230145,-28.997517,-150.00002,0,0
16.230145,-28.997517,-150.00002,0,0
15.2301445,-28.997517,-150.00002,0,0
14.2301445,-28.997517,-150.00002,0,0
13.2301445,-28.997517,-150.00002,0,0
12.2301445,-28.997517,-150.00002,0,0
11.2301445,-28.997517,-150.00002,0,0
10.2301445,-28.997517,-150.00002,0,0
9.2301445,-28.997517,-150.00002,0,0
8.2301445,-28.997517,-150.00002,0,0
7.2301445,-28.997517,-150.00002,0,0
6.2301445,-28.997517,-150.00002,0,0
5.2301445,-28.997517,-150.00002,0,0
4.2301445,-28.997517,-150.00002,0,0
3.2301445,-28.997517,-150.00002,0,0
2.2301445,-28.997517,-150.00002,0,0
1.2301445,-28.997517,-150.00002,0,0
0.2301445,-28.997517,-150.00002,0,0
-0.7698555,-28.997517,-150.00002,0,0
-1.7698555,-28.997517,-150.00002,0,0
-2.7698555,-28.997517,-150.00002,0,0
-3.7698555,-28.997517,-150.00002,0,0
-4.7698555,-28.997517,-150.00002,0,0
-5.7698555,-28.997517,-150.00002,0,0
-6.7698555,-28.997517,-150.00002,0,0
-7.7698555,-28.997517,-150.00002,0,0
-8.7698555,-28.997517,-150.00002,0,0
-9.7698555,-28.997517,-150.00002,0,0
-10.7698555,-28.997517,-150.00002,0,0
-11.7698555,-28.997517,-150.00002,0,0
-12.7698555,-28.997517,-150.00002,0,0
-13.7698555,-28.997517,-150.00002,0,0
-14.7698555,-28.997517,-150.00002,0,0
-15.7698555,-28.997517,-150.00002,0,0
-16.769855,-28.997517,-150.00002,0,0
-17.769855,-28.997517,-150.00002,0,0
-18.769855,-28.997517,-150.00002,0,0
-19.769855,-28.997517,-150.00002,0,0
-20.769855,-28.997517,-150.00002,0,0
-21.769855,-28.997517,-150.00002,0,0
-22.769855,-28.997517,-150.00002,0,0
-23.769855,-28.997517,-150.00002,0,0
-24.769855,-28.997517,-150.00002,0,0
-25.769855,-28.997517,-150.00002,0,0
-26.769855,-28.997517,-150.00002,0,0
-27.769855,-28.997517,-150.00002,0,0
-28.769855,-28.997517,-150.00002,0,0
-29.769855,-28.997517,-150.00002,0,0
-30.769855,-28.997517,-150.00002,0,0
-31.769855,-28.997517,-150.00002,0,0
-32.769855,-28.997517,-150.00002,0,0
-33.769855,-28.997517,-150.00002,0,0
-34.769855,-28.997517,-150.00002,0,0
-35.769855,-28.997517,-150.00002,0,0
-36.769855,-28.997517,-150.00002,0,0
-37.769855,-28.997517,-150.00002,0,0
-38.769855,-28.997517,-150.00002,0,0
-39.769855,-28.997517,-150.00002,0,0
-40.769855,-28.997517,-150.00002,0,0
-41.769855,-28.997517,-150.00002,0,0
-42.769855,-28.997517,-150.00002,0,0
-43.769855,-28.997517,-150.00002,0,0
-44.769855,-28.997517,-150.00002,0,0
-45.769855,-28.997517,-150.00002,0,0
-46.769855,-28.997517,-150.00002,0,0
-47.769855,-28.997517,-150.00002,0,0
-48.769855,-28.997517,-150.00002,0,0
-49.769855,-28.997517,-150.00002,0,0
49.230145,-29.997517,-150.00002,0,0
48.230145,-29.997517,-150.00002,0,0
47.230145,-29.997517,-150.00002,0,0
46.230145,-29.997517,-150.00002,0,0
45.230145,-29.997517,-150.00002,0,0
44.230145,-29.997517,-150.00002,0,0
43.230145,-29.997517,-150.00002,0,0
42.230145,-29.997517,-150.00002,0,0
41.230145,-29.997517,-150.00002,0,0
40.230145,-29.997517,-150.00002,0,0
39.230145,-29.997517,-150.00002,0,0
38.230145,-29.997517,-150.00002,0,0
37.230145,-29.997517,-150.00002,0,0
36.230145,-29.997517,-150.00002,0,0
35.230145,-29.997517,-150.00002,0,0
34.230145,-29.997517,-150.00002,0,0
33.230145,-29.997517,-150.00002,0,0
32.230145,-29.997517,-150.00002,0,0
31.230145,-29.997517,-150.00002,0,0
30.230145,-29.997517,-150.00002,0,0
29.230145,-29.997517,-150.00002,0,0
28.230145,-29.997517,-150.00002,0,0
27.230145,-29.997517,-150.00002,0,0
26.230145,-29.997517,-150.00002,0,0
25.230145,-29.997517,-150.00002,0,0
24.230145,-29.997517,-150.00002,0,0
23.230145,-29.997517,-150.00002,0,0
22.230145,-29.997517,-150.00002,0,0
21.230145,-29.997517,-150.00002,0,0
20.230145,-29.997517,-150.00002,0,0
19.230145,-29.997517,-150.00002,0,0
18.230145,-29.997517,-150.00002,0,0
17.230145,-29.997517,-150.00002,0,0
16.230145,-29.997517,-150.00002,0,0
15.2301445,-29.997517,-150.00002,0,0
14.2301445,-29.997517,-150.00002,0,0
13.2301445,-29.997517,-150.00002,0,0
12.2301445,-29.997517,-150.00002,0,0
11.2301445,-29.997517,-150.00002,0,0
10.2301445,-29.997517,-150.00002,0,0
9.2301445,-29.997517,-150.00002,0,0
8.2301445,-29.997517,-150.00002,0,0
7.2301445,-29.997517,-150.00002,0,0
6.2301445,-29.997517,-150.00002,0,0
5.2301445,-29.997517,-150.00002,0,0
4.2301445,-29.997517,-150.00002,0,0
3.2301445,-29.997517,-150.00002,0,0
2.2301445,-29.997517,-150.00002,0,0
1.2301445,-29.997517,-150.00002,0,0
0.2301445,-29.997517,-150.00002,0,0
-0.7698555,-29.997517,-150.00002,0,0
-1.7698555,-29.997517,-150.00002,0,0
-2.7698555,-29.997517,-150.00002,0,0
-3.7698555,-29.997517,-150.00002,0,0
-4.7698555,-29.997517,-150.00002,0,0
-5.7698555,-29.997517,-150.00002,0,0
-6.7698555,-29.997517,-150.00002,0,0
-7.7698555,-29.997517,-150.00002,0,0
-8.7698555,-29.997517,-150.00002,0,0
-9.7698555,-29.997517,-150.00002,0,0
-10.7698555,-29.997517,-150.00002,0,0
-11.7698555,-29.997517,-150.00002,0,0
-12.7698555,-29.997517,-150.00002,0,0
-13.7698555,-29.997517,-150.00002,0,0
-14.7698555,-29.997517,-150.00002,0,0
-15.7698555,-29.997517,-150.00002,0,0
-16.769855,-29.997517,-150.00002,0,0
-17.769855,-29.997517,-150.00002,0,0
-18.769855,-29.997517,-150.00002,0,0
-19.769855,-29.997517,-150.00002,0,0
-20.769855,-29.997517,-150.00002,0,0
-21.769855,-29.997517,-150.00002,0,0
-22.769855,-29.997517,-150.00002,0,0
-23.769855,-29.997517,-150.00002,0,0
-24.769855,-29.997517,-150.00002,0,0
-25.769855,-29.997517,-150.00002,0,0
-26.769855,-29.997517,-150.00002,0,0
-27.769855,-29.997517,-150.00002,0,0
-28.769855,-29.997517,-150.00002,0,0
-29.769855,-29.997517,-150.00002,0,0
-30.769855,-29.997517,-150.00002,0,0
-31.769855,-29.997517,-150.00002,0,0
-32.769855,-29.997517,-150.00002,0,0
-33.769855,-29.997517,-150.00002,0,0
-34.769855,-29.997517,-150.00002,0,0
-35.769855,-29.997517,-150.00002,0,0
-36.769855,-29.997517,-150.00002,0,0
-37.769855,-29.997517,-150.00002,0,0
-38.769855,-29.997517,-150.00002,0,0
-39.769855,-29.997517,-150.00002,0,0
-40.769855,-29.997517,-150.00002,0,0
-41.769855,-29.997517,-150.00002,0,0
-42.769855,-29.997517,-150.00002,0,0
-43.769855,-29.997517,-150.00002,0,0
-44.769855,-29.997517,-150.00002,0,0
-45.769855,-29.997517,-150.00002,0,0
-46.769855,-29.997517,-150.00002,0,0
-47.769855,-29.997517,-150.00002,0,0
-48.769855,-29.997517,-150.00002,0,0
-49.769855,-29.997517,-150.00002,0,0
49.230145,-30.997517,-150.00002,0,0
48.230145,-30.997517,-150.00002,0,0
47.230145,-30.997517,-150.00002,0,0
46.230145,-30.997517,-150.00002,0,0
45.230145,-30.997517,-150.00002,0,0
44.230145,-30.997517,-150.00002,0,0
43.230145,-30.997517,-150.00002,0,0
42.230145,-30.997517,-150.00002,0,0
41.230145,-30.997517,-150.00002,0,0
40.230145,-30.997517,-150.00002,0,0
39.230145,-30.997517,-150.00002,0,0
38.230145,-30.997517,-150.00002,0,0
37.230145,-30.997517,-150.00002,0,0
36.230145,-30.997517,-150.00002,0,0
35.230145,-30.997517,-150.00002,0,0
34.230145,-30.997517,-150.00002,0,0
33.230145,-30.997517,-150.00002,0,0
32.230145,-30.997517,-150.00002,0,0
31.230145,-30.997517,-150.00002,0,0
30.230145,-30.997517,-150.00002,0,0
29.230145,-30.997517,-150.00002,0,0
28.230145,-30.997517,-150.00002,0,0
27.230145,-30.997517,-150.00002,0,0
26.230145,-30.997517,-150.00002,0,0
25.230145,-30.997517,-150.00002,0,0
24.230145,-30.997517,-150.00002,0,0
23.230145,-30.997517,-150.00002,0,0
22.230145,-30.997517,-150.00002,0,0
21.230145,-30.997517,-150.00002,0,0
20.230145,-30.997517,-150.00002,0,0
19.230145,-30.997517,-150.00002,0,0
18.230145,-30.997517,-150.00002,0,0
17.230145,-30.997517,-150.00002,0,0
16.230145,-30.997517,-150.00002,0,0
15.2301445,-30.997517,-150.00002,0,0
14.2301445,-30.997517,-150.00002,0,0
13.2301445,-30.997517,-150.00002,0,0
12.2301445,-30.997517,-150.00002,0,0
11.2301445,-30.997517,-150.00002,0,0
10.2301445,-30.997517,-150.00002,0,0
9.2301445,-30.997517,-150.00002,0,0
8.2301445,-30.997517,-150.00002,0,0
7.2301445,-30.997517,-150.00002,0,0
6.2301445,-30.997517,-150.00002,0,0
5.2301445,-30.997517,-150.00002,0,0
4.2301445,-30.997517,-150.00002,0,0
3.2301445,-30.997517,-150.00002,0,0
2.2301445,-30.997517,-150.00002,0,0
1.2301445,-30.997517,-150.00002,0,0
0.2301445,-30.997517,-150.00002,0,0
-0.7698555,-30.997517,-150.00002,0,0
-1.7698555,-30.997517,-150.00002,0,0
-2.7698555,-30.997517,-150.00002,0,0
-3.7698555,-30.997517,-150.00002,0,0
-4.7698555,-30.997517,-150.00002,0,0
-5.7698555,-30.997517,-150.00002,0,0
-6.7698555,-30.997517,-150.00002,0,0
-7.7698555,-30.997517,-150.00002,0,0
-8.7698555,-30.997517,-150.00002,0,0
-9.7698555,-30.997517,-150.00002,0,0
-10.7698555,-30.997517,-150.00002,0,0
-11.7698555,-30.997517,-150.00002,0,0
-12.7698555,-30.997517,-150.00002,0,0
-13.7698555,-30.997517,-150.00002,0,0
-14.7698555,-30.997517,-150.00002,0,0
-15.7698555,-30.997517,-150.00002,0,0
-16.769855,-30.997517,-150.00002,0,0
-17.769855,-30.997517,-150.00002,0,0
-18.769855,-30.997517,-150.00002,0,0
-19.769855,-30.997517,-150.00002,0,0
-20.769855,-30.997517,-150.00002,0,0
-21.769855,-30.997517,-150.00002,0,0
-22.769855,-30.997517,-150.00002,0,0
-23.769855,-30.997517,-150.00002,0,0
-24.769855,-30.997517,-150.00002,0,0
-25.769855,-30.997517,-150.00002,0,0
-26.769855,-30.997517,-150.00002,0,0
-27.769855,-30.997517,-150.00002,0,0
-28.769855,-30.997517,-150.00002,0,0
-29.769855,-30.997517,-150.00002,0,0
-30.769855,-30.997517,-150.00002,0,0
-31.769855,-30.997517,-150.00002,0,0
-32.769855,-30.997517,-150.00002,0,0
-33.769855,-30.997517,-150.00002,0,0
-34.769855,-30.997517,-150.00002,0,0
-35.769855,-30.997517,-150.00002,0,0
-36.769855,-30.997517,-150.00002,0,0
-37.769855,-30.997517,-150.00002,0,0
-38.769855,-30.997517,-150.00002,0,0
-39.769855,-30.997517,-150.00002,0,0
-40.769855,-30.997517,-150.00002,0,0
-41.769855,-30.997517,-150.00002,0,0
-42.769855,-30.997517,-150.00002,0,0
-43.769855,-30.997517,-150.00002,0,0
-44.769855,-30.997517,-150.00002,0,0
-45.769855,-30.997517,-150.00002,0,0
-46.769855,-30.997517,-150.00002,0,0
-47.769855,-30.997517,-150.00002,0,0
-48.769855,-30.997517,-150.00002,0,0
-49.769855,-30.997517,-150.00002,0,0
49.230145,-31.997517,-150.00002,0,0
48.230145,-31.997517,-150.00002,0,0
47.230145,-31.997517,-150.00002,0,0
46.230145,-31.997517,-150.00002,0,0
45.230145,-31.997517,-150.00002,0,0
44.230145,-31.997517,-150.00002,0,0
43.230145,-31.997517,-150.00002,0,0
42.230145,-31.997517,-150.00002,0,0
41.230145,-31.997517,-150.00002,0,0
40.230145,-31.997517,-150.00002,0,0
39.230145,-31.997517,-150.00002,0,0
38.230145,-31.997517,-150.00002,0,0
37.230145,-31.997517,-150.00002,0,0
36.230145,-31.997517,-150.00002,0,0
35.230145,-31.997517,-150.00002,0,0
34.230145,-31.997517,-150.00002,0,0
33.230145,-31.997517,-150.00002,0,0
32.230145,-31.997517,-150.00002,0,0
31.230145,-31.997517,-150.00002,0,0
30.230145,-31.997517,-150.00002,0,0
29.230145,-31.997517,-150.00002,0,0
28.230145,-31.997517,-150.00002,0,0
27.230145,-31.997517,-150.00002,0,0
26.230145,-31.997517,-150.00002,0,0
25.230145,-31.997517,-150.00002,0,0
24.230145,-31.997517,-150.00002,0,0
23.230145,-31.997517,-150.00002,0,0
22.230145,-31.997517,-150.00002,0,0
21.230145,-31.997517,-150.00002,0,0
20.230145,-31.997517,-150.00002,0,0
19.230145,-31.997517,-150.00002,0,0
18.230145,-31.997517,-150.00002,0,0
17.230145,-31.997517,-150.00002,0,0
16.230145,-31.997517,-150.00002,0,0
15.2301445,-31.997517,-150.00002,0,0
14.2301445,-31.997517,-150.00002,0,0
13.2301445,-31.997517,-150.00002,0,0
12.2301445,-31.997517,-150.00002,0,0
11.2301445,-31.997517,-150.00002,0,0
10.2301445,-31.997517,-150.00002,0,0
9.2301445,-31.997517,-150.00002,0,0
8.2301445,-31.997517,-150.00002,0,0
7.2301445,-31.997517,-150.00002,0,0
6.2301445,-31.997517,-150.00002,0,0
5.2301445,-31.997517,-150.00002,0,0
4.2301445,-31.997517,-150.00002,0,0
3.2301445,-31.997517,-150.00002,0,0
2.2301445,-31.997517,-150.00002,0,0
1.2301445,-31.997517,-150.00002,0,0
0.2301445,-31.997517,-150.00002,0,0
-0.7698555,-31.997517,-150.00002,0,0
-1.7698555,-31.997517,-150.00002,0,0
-2.7698555,-31.997517,-150.00002,0,0
-3.7698555,-31.997517,-150.00002,0,0
-4.7698555,-31.997517,-150.00002,0,0
-5.7698555,-31.997517,-150.00002,0,0
-6.7698555,-31.997517,-150.00002,0,0
-7.7698555,-31.997517,-150.00002,0,0
-8.7698555,-31.997517,-150.00002,0,0
-9.7698555,-31.997517,-150.00002,0,0
-10.7698555,-31.997517,-150.00002,0,0
-11.7698555,-31.997517,-150.00002,0,0
-12.7698555,-31.997517,-150.00002,0,0
-13.7698555,-31.997517,-150.00002,0,0
-14.7698555,-31.997517,-150.00002,0,0
-15.7698555,-31.997517,-150.00002,0,0
-16.769855,-31.997517,-150.00002,0,0
-17.769855,-31.997517,-150.00002,0,0
-18.769855,-31.997517,-150.00002,0,0
-19.769855,-31.997517,-150.00002,0,0
-20.769855,-31.997517,-150.00002,0,0
-21.769855,-31.997517,-150.00002,0,0
-22.769855,-31.997517,-150.00002,0,0
-23.769855,-31.997517,-150.00002,0,0
-24.769855,-31.997517,-150.00002,0,0
-25.769855,-31.997517,-150.00002,0,0
-26.769855,-31.997517,-150.00002,0,0
-27.769855,-31.997517,-150.00002,0,0
-28.769855,-31.997517,-150.00002,0,0
-29.769855,-31.997517,-150.00002,0,0
-30.769855,-31.997517,-150.00002,0,0
-31.769855,-31.997517,-150.00002,0,0
-32.769855,-31.997517,-150.00002,0,0
-33.769855,-31.997517,-150.00002,0,0
-34.769855,-31.997517,-150.00002,0,0
-35.769855,-31.997517,-150.00002,0,0
-36.769855,-31.997517,-150.00002,0,0
-37.769855,-31.997517,-150.00002,0,0
-38.769855,-31.997517,-150.00002,0,0
-39.769855,-31.997517,-150.00002,0,0
-40.769855,-31.997517,-150.00002,0,0
-41.769855,-31.997517,-150.00002,0,0
-42.769855,-31.997517,-150.00002,0,0
-43.769855,-31.997517,-150.00002,0,0
-44.769855,-31.997517,-150.00002,0,0
-45.769855,-31.997517,-150.00002,0,0
-46.769855,-31.997517,-150.00002,0,0
-47.769855,-31.997517,-150.00002,0,0
-48.769855,-31.997517,-150.00002,0,0
-49.769855,-31.997517,-150.00002,0,0
49.230145,-32.997517,-150.00002,0,0
48.230145,-32.997517,-150.00002,0,0
47.230145,-32.997517,-150.00002,0,0
46.230145,-32.997517,-150.00002,0,0
45.230145,-32.997517,-150.00002,0,0
44.230145,-32.997517,-150.00002,0,0
43.230145,-32.997517,-150.00002,0,0
42.230145,-32.997517,-150.00002,0,0
41.230145,-32.997517,-150.00002,0,0
40.230145,-32.997517,-150.00002,0,0
39.230145,-32.997517,-150.00002,0,0
38.230145,-32.997517,-150.00002,0,0
37.230145,-32.997517,-150.00002,0,0
36.230145,-32.997517,-150.00002,0,0
35.230145,-32.997517,-150.00002,0,0
34.230145,-32.997517,-150.00002,0,0
33.230145,-32.997517,-150.00002,0,0
32.230145,-32.997517,-150.00002,0,0
31.230145,-32.997517,-150.00002,0,0
30.230145,-32.997517,-150.00002,0,0
29.230145,-32.997517,-150.00002,0,0
28.230145,-32.997517,-150.00002,0,0
27.230145,-32.997517,-150.00002,0,0
26.230145,-32.997517,-150.00002,0,0
25.230145,-32.997517,-150.00002,0,0
24.230145,-32.997517,-150.00002,0,0
23.230145,-32.997517,-150.00002,0,0
22.230145,-32.997517,-150.00002,0,0
21.230145,-32.997517,-150.00002,0,0
20.230145,-32.997517,-150.00002,0,0
19.230145,-32.997517,-150.00002,0,0
18.230145,-32.997517,-150.00002,0,0
17.230145,-32.997517,-150.00002,0,0
16.230145,-32.997517,-150.00002,0,0
15.2301445,-32.997517,-150.00002,0,0
14.2301445,-32.997517,-150.00002,0,0
13.2301445,-32.997517,-150.00002,0,0
12.2301445,-32.997517,-150.00002,0,0
11.2301445,-32.997517,-150.00002,0,0
10.2301445,-32.997517,-150.00002,0,0
9.2301445,-32.997517,-150.00002,0,0
8.2301445,-32.997517,-150.00002,0,0
7.2301445,-32.997517,-150.00002,0,0
6.2301445,-32.997517,-150.00002,0,0
5.2301445,-32.997517,-150.00002,0,0
4.2301445,-32.997517,-150.00002,0,0
3.2301445,-32.997517,-150.00002,0,0
2.2301445,-32.997517,-150.00002,0,0
1.2301445,-32.997517,-150.00002,0,0
0.2301445,-32.997517,-150.00002,0,0
-0.7698555,-32.997517,-150.00002,0,0
-1.7698555,-32.997517,-150.00002,0,0
-2.7698555,-32.997517,-150.00002,0,0
-3.7698555,-32.997517,-150.00002,0,0
-4.7698555,-32.997517,-150.00002,0,0
-5.7698555,-32.997517,-150.00002,0,0
-6.7698555,-32.997517,-150.00002,0,0
-7.7698555,-32.997517,-150.00002,0,0
-8.7698555,-32.997517,-150.00002,0,0
-9.7698555,-32.997517,-150.00002,0,0
-10.7698555,-32.997517,-150.00002,0,0
-11.7698555,-32.997517,-150.00002,0,0
-12.7698555,-32.997517,-150.00002,0,0
-13.7698555,-32.997517,-150.00002,0,0
-14.7698555,-32.997517,-150.00002,0,0
-15.7698555,-32.997517,-150.00002,0,0
-16.769855,-32.997517,-150.00002,0,0
-17.769855,-32.997517,-150.00002,0,0
-18.769855,-32.997517,-150.00002,0,0
-19.769855,-32.997517,-150.00002,0,0
-20.769855,-32.997517,-150.00002,0,0
-21.769855,-32.997517,-150.00002,0,0
-22.769855,-32.997517,-150.00002,0,0
-23.769855,-32.997517,-150.00002,0,0
-24.769855,-32.997517,-150.00002,0,0
-25.769855,-32.997517,-150.00002,0,0
-26.769855,-32.997517,-150.00002,0,0
-27.769855,-32.997517,-150.00002,0,0
-28.769855,-32.997517,-150.00002,0,0
-29.769855,-32.997517,-150.00002,0,0
-30.769855,-32.997517,-150.00002,0,0
-31.769855,-32.997517,-150.00002,0,0
-32.769855,-32.997517,-150.00002,0,0
-33.769855,-32.997517,-150.00002,0,0
-34.769855,-32.997517,-150.00002,0,0
-35.769855,-32.997517,-150.00002,0,0
-36.769855,-32.997517,-150.00002,0,0
-37.769855,-32.997517,-150.00002,0,0
-38.769855,-32.997517,-150.00002,0,0
-39.769855,-32.997517,-150.00002,0,0
-40.769855,-32.997517,-150.00002,0,0
-41.769855,-32.997517,-150.00002,0,0
-42.769855,-32.997517,-150.00002,0,0
-43.769855,-32.997517,-150.00002,0,0
-44.769855,-32.997517,-150.00002,0,0
-45.769855,-32.997517,-150.00002,0,0
-46.769855,-32.997517,-150.00002,0,0
-47.769855,-32.997517,-150.00002,0,0
-48.769855,-32.997517,-150.00002,0,0
-49.769855,-32.997517,-150.00002,0,0
49.230145,-33.997517,-150.00002,0,0
48.230145,-33.997517,-150.00002,0,0
47.230145,-33.997517,-150.00002,0,0
46.230145,-33.997517,-150.00002,0,0
45.230145,-33.997517,-150.00002,0,0
44.230145,-33.997517,-150.00002,0,0
43.230145,-33.997517,-150.00002,0,0
42.230145,-33.997517,-150.00002,0,0
41.230145,-33.997517,-150.00002,0,0
40.230145,-33.997517,-150.00002,0,0
39.230145,-33.997517,-150.00002,0,0
38.230145,-33.997517,-150.00002,0,0
37.230145,-33.997517,-150.00002,0,0
36.230145,-33.997517,-150.00002,0,0
35.230145,-33.997517,-150.00002,0,0
34.230145,-33.997517,-150.00002,0,0
33.230145,-33.997517,-150.00002,0,0
32.230145,-33.997517,-150.00002,0,0
31.230145,-33.997517,-150.00002,0,0
30.230145,-33.997517,-150.00002,0,0
29.230145,-33.997517,-150.00002,0,0
28.230145,-33.997517,-150.00002,0,0
27.230145,-33.997517,-150.00002,0,0
26.230145,-33.997517,-150.00002,0,0
25.230145,-33.997517,-150.00002,0,0
24.230145,-33.997517,-150.00002,0,0
23.230145,-33.997517,-150.00002,0,0
22.230145,-33.997517,-150.00002,0,0
21.230145,-33.997517,-150.00002,0,0
20.230145,-33.997517,-150.00002,0,0
19.230145,-33.997517,-150.00002,0,0
18.230145,-33.997517,-150.00002,0,0
17.230145,-33.997517,-150.00002,0,0
16.230145,-33.997517,-150.00002,0,0
15.2301445,-33.997517,-150.00002,0,0
14.2301445,-33.997517,-150.00002,0,0
13.2301445,-33.997517,-150.00002,0,0
12.2301445,-33.997517,-150.00002,0,0
11.2301445,-33.997517,-150.00002,0,0
10.2301445,-33.997517,-150.00002,0,0
9.2301445,-33.997517,-150.00002,0,0
8.2301445,-33.997517,-150.00002,0,0
7.2301445,-33.997517,-150.00002,0,0
6.2301445,-33.997517,-150.00002,0,0
5.2301445,-33.997517,-150.00002,0,0
4.2301445,-33.997517,-150.00002,0,0
3.2301445,-33.997517,-150.00002,0,0
2.2301445,-33.997517,-150.00002,0,0
1.2301445,-33.997517,-150.00002,0,0
0.2301445,-33.997517,-150.00002,0,0
-0.7698555,-33.997517,-150.00002,0,0
-1.7698555,-33.997517,-150.00002,0,0
-2.7698555,-33.997517,-150.00002,0,0
-3.7698555,-33.997517,-150.00002,0,0
-4.7698555,-33.997517,-150.00002,0,0
-5.7698555,-33.997517,-150.00002,0,0
-6.7698555,-33.997517,-150.00002,0,0
-7.7698555,-33.997517,-150.00002,0,0
-8.7698555,-33.997517,-150.00002,0,0
-9.7698555,-33.997517,-150.00002,0,0
-10.7698555,-33.997517,-150.00002,0,0
-11.7698555,-33.997517,-150.00002,0,0
-12.7698555,-33.997517,-150.00002,0,0
-13.7698555,-33.997517,-150.00002,0,0
-14.7698555,-33.997517,-150.00002,0,0
-15.7698555,-33.997517,-150.00002,0,0
-16.769855,-33.997517,-150.00002,0,0
-17.769855,-33.997517,-150.00002,0,0
-18.769855,-33.997517,-150.00002,0,0
-19.769855,-33.997517,-150.00002,0,0
-20.769855,-33.997517,-150.00002,0,0
-21.769855,-33.997517,-150.00002,0,0
-22.769855,-33.997517,-150.00002,0,0
-23.769855,-33.997517,-150.00002,0,0
-24.769855,-33.997517,-150.00002,0,0
-25.769855,-33.997517,-150.00002,0,0
-26.769855,-33.997517,-150.00002,0,0
-27.769855,-33.997517,-150.00002,0,0
-28.769855,-33.997517,-150.00002,0,0
-29.769855,-33.997517,-150.00002,0,0
-30.769855,-33.997517,-150.00002,0,0
-31.769855,-33.997517,-150.00002,0,0
-32.769855,-33.997517,-150.00002,0,0
-33.769855,-33.997517,-150.00002,0,0
-34.769855,-33.997517,-150.00002,0,0
-35.769855,-33.997517,-150.00002,0,0
-36.769855,-33.997517,-150.00002,0,0
-37.769855,-33.997517,-150.00002,0,0
-38.769855,-33.997517,-150.00002,0,0
-39.769855,-33.997517,-150.00002,0,0
-40.769855,-33.997517,-150.00002,0,0
-41.769855,-33.997517,-150.00002,0,0
-42.769855,-33.997517,-150.00002,0,0
-43.769855,-33.997517,-150.00002,0,0
-44.769855,-33.997517,-150.00002,0,0
-45.769855,-33.997517,-150.00002,0,0
-46.769855,-33.997517,-150.00002,0,0
-47.769855,-33.997517,-150.00002,0,0
-48.769855,-33.997517,-150.00002,0,0
-49.769855,-33.997517,-150.00002,0,0
49.230145,-34.997517,-150.00002,0,0
48.230145,-34.997517,-150.00002,0,0
47.230145,-34.997517,-150.00002,0,0
46.230145,-34.997517,-150.00002,0,0
45.230145,-34.997517,-150.00002,0,0
44.230145,-34.997517,-150.00002,0,0
43.230145,-34.997517,-150.00002,0,0
42.230145,-34.997517,-150.00002,0,0
41.230145,-34.997517,-150.00002,0,0
40.230145,-34.997517,-150.00002,0,0
39.230145,-34.997517,-150.00002,0,0
38.230145,-34.997517,-150.00002,0,0
37.230145,-34.997517,-150.00002,0,0
36.230145,-34.997517,-150.00002,0,0
35.230145,-34.997517,-150.00002,0,0
34.230145,-34.997517,-150.00002,0,0
33.230145,-34.997517,-150.00002,0,0
32.230145,-34.997517,-150.00002,0,0
31.230145,-34.997517,-150.00002,0,0
30.230145,-34.997517,-150.00002,0,0
29.230145,-34.997517,-150.00002,0,0
28.230145,-34.997517,-150.00002,0,0
27.230145,-34.997517,-150.00002,0,0
26.230145,-34.997517,-150.00002,0,0
25.230145,-34.997517,-150.00002,0,0
24.230145,-34.997517,-150.00002,0,0
23.230145,-34.997517,-150.00002,0,0
22.230145,-34.997517,-150.00002,0,0
21.230145,-34.997517,-150.00002,0,0
20.230145,-34.997517,-150.00002,0,0
19.230145,-34.997517,-150.00002,0,0
18.230145,-34.997517,-150.00002,0,0
17.230145,-34.997517,-150.00002,0,0
16.230145,-34.997517,-150.00002,0,0
15.2301445,-34.997517,-150.00002,0,0
14.2301445,-34.997517,-150.00002,0,0
13.2301445,-34.997517,-150.00002,0,0
12.2301445,-34.997517,-150.00002,0,0
11.2301445,-34.997517,-150.00002,0,0
10.2301445,-34.997517,-150.00002,0,0
9.2301445,-34.997517,-150.00002,0,0
8.2301445,-34.997517,-150.00002,0,0
7.2301445,-34.997517,-150.00002,0,0
6.2301445,-34.997517,-150.00002,0,0
5.2301445,-34.997517,-150.00002,0,0
4.2301445,-34.997517,-150.00002,0,0
3.2301445,-34.997517,-150.00002,0,0
2.2301445,-34.997517,-150.00002,0,0
1.2301445,-34.997517,-150.00002,0,0
0.2301445,-34.997517,-150.00002,0,0
-0.7698555,-34.997517,-150.00002,0,0
-1.7698555,-34.997517,-150.00002,0,0
-2.7698555,-34.997517,-150.00002,0,0
-3.7698555,-34.997517,-150.00002,0,0
-4.7698555,-34.997517,-150.00002,0,0
-5.7698555,-34.997517,-150.00002,0,0
-6.7698555,-34.997517,-150.00002,0,0
-7.7698555,-34.997517,-150.00002,0,0
-8.7698555,-34.997517,-150.00002,0,0
-9.7698555,-34.997517,-150.00002,0,0
-10.7698555,-34.997517,-150.00002,0,0
-11.7698555,-34.997517,-150.00002,0,0
-12.7698555,-34.997517,-150.00002,0,0
-13.7698555,-34.997517,-150.00002,0,0
-14.7698555,-34.997517,-150.00002,0,0
-15.7698555,-34.997517,-150.00002,0,0
-16.769855,-34.997517,-150.00002,0,0
-17.769855,-34.997517,-150.00002,0,0
-18.769855,-34.997517,-150.00002,0,0
-19.769855,-34.997517,-150.00002,0,0
-20.769855,-34.997517,-150.00002,0,0
-21.769855,-34.997517,-150.00002,0,0
-22.769855,-34.997517,-150.00002,0,0
-23.769855,-34.997517,-150.00002,0,0
-24.769855,-34.997517,-150.00002,0,0
-25.769855,-34.997517,-150.00002,0,0
-26.769855,-34.997517,-150.00002,0,0
-27.769855,-34.997517,-150.00002,0,0
-28.769855,-34.997517,-150.00002,0,0
-29.769855,-34.997517,-150.00002,0,0
-30.769855,-34.997517,-150.00002,0,0
-31.769855,-34.997517,-150.00002,0,0
-32.769855,-34.997517,-150.00002,0,0
-33.769855,-34.997517,-150.00002,0,0
-34.769855,-34.997517,-150.00002,0,0
-35.769855,-34.997517,-150.00002,0,0
-36.769855,-34.997517,-150.00002,0,0
-37.769855,-34.997517,-150.00002,0,0
-38.769855,-34.997517,-150.00002,0,0
-39.769855,-34.997517,-150.00002,0,0
-40.769855,-34.997517,-150.00002,0,0
-41.769855,-34.997517,-150.00002,0,0
-42.769855,-34.997517,-150.00002,0,0
-43.769855,-34.997517,-150.00002,0,0
-44.769855,-34.997517,-150.00002,0,0
-45.769855,-34.997517,-150.00002,0,0
-46.769855,-34.997517,-150.00002,0,0
-47.769855,-34.997517,-150.00002,0,0
-48.769855,-34.997517,-150.00002,0,0
-49.769855,-34.997517,-150.00002,0,0
49.230145,-35.997517,-150.00002,0,0
48.230145,-35.997517,-150.00002,0,0
47.230145,-35.997517,-150.00002,0,0
46.230145,-35.997517,-150.00002,0,0
45.230145,-35.997517,-150.00002,0,0
44.230145,-35.997517,-150.00002,0,0
43.230145,-35.997517,-150.00002,0,0
42.230145,-35.997517,-150.00002,0,0
41.230145,-35.997517,-150.00002,0,0
40.230145,-35.997517,-150.00002,0,0
39.230145,-35.997517,-150.00002,0,0
38.230145,-35.997517,-150.00002,0,0
37.230145,-35.997517,-150.00002,0,0
36.230145,-35.997517,-150.00002,0,0
35.230145,-35.997517,-150.00002,0,0
34.230145,-35.997517,-150.00002,0,0
33.230145,-35.997517,-150.00002,0,0
32.230145,-35.997517,-150.00002,0,0
31.230145,-35.997517,-150.00002,0,0
30.230145,-35.997517,-150.00002,0,0
29.230145,-35.997517,-150.00002,0,0
28.230145,-35.997517,-150.00002,0,0
27.230145,-35.997517,-150.00002,0,0
26.230145,-35.997517,-150.00002,0,0
25.230145,-35.997517,-150.00002,0,0
24.230145,-35.997517,-150.00002,0,0
23.230145,-35.997517,-150.00002,0,0
22.230145,-35.997517,-150.00002,0,0
21.230145,-35.997517,-150.00002,0,0
20.230145,-35.997517,-150.00002,0,0
19.230145,-35.997517,-150.00002,0,0
18.230145,-35.997517,-150.00002,0,0
17.230145,-35.997517,-150.00002,0,0
16.230145,-35.997517,-150.00002,0,0
15.2301445,-35.997517,-150.00002,0,0
14.2301445,-35.997517,-150.00002,0,0
13.2301445,-35.997517,-150.00002,0,0
12.2301445,-35.997517,-150.00002,0,0
11.2301445,-35.997517,-150.00002,0,0
10.2301445,-35.997517,-150.00002,0,0
9.2301445,-35.997517,-150.00002,0,0
8.2301445,-35.997517,-150.00002,0,0
7.2301445,-35.997517,-150.00002,0,0
6.2301445,-35.997517,-150.00002,0,0
5.2301445,-35.997517,-150.00002,0,0
4.2301445,-35.997517,-150.00002,0,0
3.2301445,-35.997517,-150.00002,0,0
2.2301445,-35.997517,-150.00002,0,0
1.2301445,-35.997517,-150.00002,0,0
0.2301445,-35.997517,-150.00002,0,0
-0.7698555,-35.997517,-150.00002,0,0
-1.7698555,-35.997517,-150.00002,0,0
-2.7698555,-35.997517,-150.00002,0,0
-3.7698555,-35.997517,-150.00002,0,0
-4.7698555,-35.997517,-150.00002,0,0
-5.7698555,-35.997517,-150.00002,0,0
-6.7698555,-35.997517,-150.00002,0,0
-7.7698555,-35.997517,-150.00002,0,0
-8.7698555,-35.997517,-150.00002,0,0
-9.7698555,-35.997517,-150.00002,0,0
-10.7698555,-35.997517,-150.00002,0,0
-11.7698555,-35.997517,-150.00002,0,0
-12.7698555,-35.997517,-150.00002,0,0
-13.7698555,-35.997517,-150.00002,0,0
-14.7698555,-35.997517,-150.00002,0,0
-15.7698555,-35.997517,-150.00002,0,0
-16.769855,-35.997517,-150.00002,0,0
-17.769855,-35.997517,-150.00002,0,0
-18.769855,-35.997517,-150.00002,0,0
-19.769855,-35.997517,-150.00002,0,0
-20.769855,-35.997517,-150.00002,0,0
-21.769855,-35.997517,-150.00002,0,0
-22.769855,-35.997517,-150.00002,0,0
-23.769855,-35.997517,-150.00002,0,0
-24.769855,-35.997517,-150.00002,0,0
-25.769855,-35.997517,-150.00002,0,0
-26.769855,-35.997517,-150.00002,0,0
-27.769855,-35.997517,-150.00002,0,0
-28.769855,-35.997517,-150.00002,0,0
-29.769855,-35.997517,-150.00002,0,0
-30.769855,-35.997517,-150.00002,0,0
-31.769855,-35.997517,-150.00002,0,0
-32.769855,-35.997517,-150.00002,0,0
-33.769855,-35.997517,-150.00002,0,0
-34.769855,-35.997517,-150.00002,0,0
-35.769855,-35.997517,-150.00002,0,0
-36.769855,-35.997517,-150.00002,0,0
-37.769855,-35.997517,-150.00002,0,0
-38.769855,-35.997517,-150.00002,0,0
-39.769855,-35.997517,-150.00002,0,0
-40.769855,-35.997517,-150.00002,0,0
-41.769855,-35.997517,-150.00002,0,0
-42.769855,-35.997517,-150.00002,0,0
-43.769855,-35.997517,-150.00002,0,0
-44.769855,-35.997517,-150.00002,0,0
-45.769855,-35.997517,-150.00002,0,0
-46.769855,-35.997517,-150.00002,0,0
-47.769855,-35.997517,-150.00002,0,0
-48.769855,-35.997517,-150.00002,0,0
-49.769855,-35.997517,-150.00002,0,0
49.230145,-36.997517,-150.00002,0,0
48.230145,-36.997517,-150.00002,0,0
47.230145,-36.997517,-150.00002,0,0
46.230145,-36.997517,-150.00002,0,0
45.230145,-36.997517,-150.00002,0,0
44.230145,-36.997517,-150.00002,0,0
43.230145,-36.997517,-150.00002,0,0
42.230145,-36.997517,-150.00002,0,0
41.230145,-36.997517,-150.00002,0,0
40.230145,-36.997517,-150.00002,0,0
39.230145,-36.997517,-150.00002,0,0
38.230145,-36.997517,-150.00002,0,0
37.230145,-36.997517,-150.00002,0,0
36.230145,-36.997517,-150.00002,0,0
35.230145,-36.997517,-150.00002,0,0
34.230145,-36.997517,-150.00002,0,0
33.230145,-36.997517,-150.00002,0,0
32.230145,-36.997517,-150.00002,0,0
31.230145,-36.997517,-150.00002,0,0
30.230145,-36.997517,-150.00002,0,0
29.230145,-36.997517,-150.00002,0,0
28.230145,-36.997517,-150.00002,0,0
27.230145,-36.997517,-150.00002,0,0
26.230145,-36.997517,-150.00002,0,0
25.230145,-36.997517,-150.00002,0,0
24.230145,-36.997517,-150.00002,0,0
23.230145,-36.997517,-150.00002,0,0
22.230145,-36.997517,-150.00002,0,0
21.230145,-36.997517,-150.00002,0,0
20.230145,-36.997517,-150.00002,0,0
19.230145,-36.997517,-150.00002,0,0
18.230145,-36.997517,-150.00002,0,0
17.230145,-36.997517,-150.00002,0,0
16.230145,-36.997517,-150.00002,0,0
15.2301445,-36.997517,-150.00002,0,0
14.2301445,-36.997517,-150.00002,0,0
13.2301445,-36.997517,-150.00002,0,0
12.2301445,-36.997517,-150.00002,0,0
11.2301445,-36.997517,-150.00002,0,0
10.2301445,-36.997517,-150.00002,0,0
9.2301445,-36.997517,-150.00002,0,0
8.2301445,-36.997517,-150.00002,0,0
7.2301445,-36.997517,-150.00002,0,0
6.2301445,-36.997517,-150.00002,0,0
5.2301445,-36.997517,-150.00002,0,0
4.2301445,-36.997517,-150.00002,0,0
3.2301445,-36.997517,-150.00002,0,0
2.2301445,-36.997517,-150.00002,0,0
1.2301445,-36.997517,-150.00002,0,0
0.2301445,-36.997517,-150.00002,0,0
-0.7698555,-36.997517,-150.00002,0,0
-1.7698555,-36.997517,-150.00002,0,0
-2.7698555,-36.997517,-150.00002,0,0
-3.7698555,-36.997517,-150.00002,0,0
-4.7698555,-36.997517,-150.00002,0,0
-5.7698555,-36.997517,-150.00002,0,0
-6.7698555,-36.997517,-150.00002,0,0
-7.7698555,-36.997517,-150.00002,0,0
-8.7698555,-36.997517,-150.00002,0,0
-9.7698555,-36.997517,-150.00002,0,0
-10.7698555,-36.997517,-150.00002,0,0
-11.7698555,-36.997517,-150.00002,0,0
-12.7698555,-36.997517,-150.00002,0,0
-13.7698555,-36.997517,-150.00002,0,0
-14.7698555,-36.997517,-150.00002,0,0
-15.7698555,-36.997517,-150.00002,0,0
-16.769855,-36.997517,-150.00002,0,0
-17.769855,-36.997517,-150.00002,0,0
-18.769855,-36.997517,-150.00002,0,0
-19.769855,-36.997517,-150.00002,0,0
-20.769855,-36.997517,-150.00002,0,0
-21.769855,-36.997517,-150.00002,0,0
-22.769855,-36.997517,-150.00002,0,0
-23.769855,-36.997517,-150.00002,0,0
-24.769855,-36.997517,-150.00002,0,0
-25.769855,-36.997517,-150.00002,0,0
-26.769855,-36.997517,-150.00002,0,0
-27.769855,-36.997517,-150.00002,0,0
-28.769855,-36.997517,-150.00002,0,0
-29.769855,-36.997517,-150.00002,0,0
-30.769855,-36.997517,-150.00002,0,0
-31.769855,-36.997517,-150.00002,0,0
-32.769855,-36.997517,-150.00002,0,0
-33.769855,-36.997517,-150.00002,0,0
-34.769855,-36.997517,-150.00002,0,0
-35.769855,-36.997517,-150.00002,0,0
-36.769855,-36.997517,-150.00002,0,0
-37.769855,-36.997517,-150.00002,0,0
-38.769855,-36.997517,-150.00002,0,0
-39.769855,-36.997517,-150.00002,0,0
-40.769855,-36.997517,-150.00002,0,0
-41.769855,-36.997517,-150.00002,0,0
-42.769855,-36.997517,-150.00002,0,0
-43.769855,-36.997517,-150.00002,0,0
-44.769855,-36.997517,-150.00002,0,0
-45.769855,-36.997517,-150.00002,0,0
-46.769855,-36.997517,-150.00002,0,0
-47.769855,-36.997517,-150.00002,0,0
-48.769855,-36.997517,-150.00002,0,0
-49.769855,-36.997517,-150.00002,0,0
49.230145,-37.997517,-150.00002,0,0
48.230145,-37.997517,-150.00002,0,0
47.230145,-37.997517,-150.00002,0,0
46.230145,-37.997517,-150.00002,0,0
45.230145,-37.997517,-150.00002,0,0
44.230145,-37.997517,-150.00002,0,0
43.230145,-37.997517,-150.00002,0,0
42.230145,-37.997517,-150.00002,0,0
41.230145,-37.997517,-150.00002,0,0
40.230145,-37.997517,-150.00002,0,0
39.230145,-37.997517,-150.00002,0,0
38.230145,-37.997517,-150.00002,0,0
37.230145,-37.997517,-150.00002,0,0
36.230145,-37.997517,-150.00002,0,0
35.230145,-37.997517,-150.00002,0,0
34.230145,-37.997517,-150.00002,0,0
33.230145,-37.997517,-150.00002,0,0
32.230145,-37.997517,-150.00002,0,0
31.230145,-37.997517,-150.00002,0,0
30.230145,-37.997517,-150.00002,0,0
29.230145,-37.997517,-150.00002,0,0
28.230145,-37.997517,-150.00002,0,0
27.230145,-37.997517,-150.00002,0,0
26.230145,-37.997517,-150.00002,0,0
25.230145,-37.997517,-150.00002,0,0
24.230145,-37.997517,-150.00002,0,0
23.230145,-37.997517,-150.00002,0,0
22.230145,-37.997517,-150.00002,0,0
21.230145,-37.997517,-150.00002,0,0
20.230145,-37.997517,-150.00002,0,0
19.230145,-37.997517,-150.00002,0,0
18.230145,-37.997517,-150.00002,0,0
17.230145,-37.997517,-150.00002,0,0
16.230145,-37.997517,-150.00002,0,0
15.2301445,-37.997517,-150.00002,0,0
14.2301445,-37.997517,-150.00002,0,0
13.2301445,-37.997517,-150.00002,0,0
12.2301445,-37.997517,-150.00002,0,0
11.2301445,-37.997517,-150.00002,0,0
10.2301445,-37.997517,-150.00002,0,0
9.2301445,-37.997517,-150.00002,0,0
8.2301445,-37.997517,-150.00002,0,0
7.2301445,-37.997517,-150.00002,0,0
6.2301445,-37.997517,-150.00002,0,0
5.2301445,-37.997517,-150.00002,0,0
4.2301445,-37.997517,-150.00002,0,0
3.2301445,-37.997517,-150.00002,0,0
2.2301445,-37.997517,-150.00002,0,0
1.2301445,-37.997517,-150.00002,0,0
0.2301445,-37.997517,-150.00002,0,0
-0.7698555,-37.997517,-150.00002,0,0
-1.7698555,-37.997517,-150.00002,0,0
-2.7698555,-37.997517,-150.00002,0,0
-3.7698555,-37.997517,-150.00002,0,0
-4.7698555,-37.997517,-150.00002,0,0
-5.7698555,-37.997517,-150.00002,0,0
-6.7698555,-37.997517,-150.00002,0,0
-7.7698555,-37.997517,-150.00002,0,0
-8.7698555,-37.997517,-150.00002,0,0
-9.7698555,-37.997517,-150.00002,0,0
-10.7698555,-37.997517,-150.00002,0,0
-11.7698555,-37.997517,-150.00002,0,0
-12.7698555,-37.997517,-150.00002,0,0
-13.7698555,-37.997517,-150.00002,0,0
-14.7698555,-37.997517,-150.00002,0,0
-15.7698555,-37.997517,-150.00002,0,0
-16.769855,-37.997517,-150.00002,0,0
-17.769855,-37.997517,-150.00002,0,0
-18.769855,-37.997517,-150.00002,0,0
-19.769855,-37.997517,-150.00002,0,0
-20.769855,-37.997517,-150.00002,0,0
-21.769855,-37.997517,-150.00002,0,0
-22.769855,-37.997517,-150.00002,0,0
-23.769855,-37.997517,-150.00002,0,0
-24.769855,-37.997517,-150.00002,0,0
-25.769855,-37.997517,-150.00002,0,0
-26.769855,-37.997517,-150.00002,0,0
-27.769855,-37.997517,-150.00002,0,0
-28.769855,-37.997517,-150.00002,0,0
-29.769855,-37.997517,-150.00002,0,0
-30.769855,-37.997517,-150.00002,0,0
-31.769855,-37.997517,-150.00002,0,0
-32.769855,-37.997517,-150.00002,0,0
-33.769855,-37.997517,-150.00002,0,0
-34.769855,-37.997517,-150.00002,0,0
-35.769855,-37.997517,-150.00002,0,0
-36.769855,-37.997517,-150.00002,0,0
-37.769855,-37.997517,-150.00002,0,0
-38.769855,-37.997517,-150.00002,0,0
-39.769855,-37.997517,-150.00002,0,0
-40.769855,-37.997517,-150.00002,0,0
-41.769855,-37.997517,-150.00002,0,0
-42.769855,-37.997517,-150.00002,0,0
-43.769855,-37.997517,-150.00002,0,0
-44.769855,-37.997517,-150.00002,0,0
-45.769855,-37.997517,-150.00002,0,0
-46.769855,-37.997517,-150.00002,0,0
-47.769855,-37.997517,-150.00002,0,0
-48.769855,-37.997517,-150.00002,0,0
-49.769855,-37.997517,-150.00002,0,0
49.230145,-38.997517,-150.00002,0,0
48.230145,-38.997517,-150.00002,0,0
47.230145,-38.997517,-150.00002,0,0
46.230145,-38.997517,-150.00002,0,0
45.230145,-38.997517,-150.00002,0,0
44.230145,-38.997517,-150.00002,0,0
43.230145,-38.997517,-150.00002,0,0
42.230145,-38.997517,-150.00002,0,0
41.230145,-38.997517,-150.00002,0,0
40.230145,-38.997517,-150.00002,0,0
39.230145,-38.997517,-150.00002,0,0
38.230145,-38.997517,-150.00002,0,0
37.230145,-38.997517,-150.00002,0,0
36.230145,-38.997517,-150.00002,0,0
35.230145,-38.997517,-150.00002,0,0
34.230145,-38.997517,-150.00002,0,0
33.230145,-38.997517,-150.00002,0,0
32.230145,-38.997517,-150.00002,0,0
31.230145,-38.997517,-150.00002,0,0
30.230145,-38.997517,-150.00002,0,0
29.230145,-38.997517,-150.00002,0,0
28.230145,-38.997517,-150.00002,0,0
27.230145,-38.997517,-150.00002,0,0
26.230145,-38.997517,-150.00002,0,0
25.230145,-38.997517,-150.00002,0,0
24.230145,-38.997517,-150.00002,0,0
23.230145,-38.997517,-150.00002,0,0
22.230145,-38.997517,-150.00002,0,0
21.230145,-38.997517,-150.00002,0,0
20.230145,-38.997517,-150.00002,0,0
19.230145,-38.997517,-150.00002,0,0
18.230145,-38.997517,-150.00002,0,0
17.230145,-38.997517,-150.00002,0,0
16.230145,-38.997517,-150.00002,0,0
15.2301445,-38.997517,-150.00002,0,0
14.2301445,-38.997517,-150.00002,0,0
13.2301445,-38.997517,-150.00002,0,0
12.2301445,-38.997517,-150.00002,0,0
11.2301445,-38.997517,-150.00002,0,0
10.2301445,-38.997517,-150.00002,0,0
9.2301445,-38.997517,-150.00002,0,0
8.2301445,-38.997517,-150.00002,0,0
7.2301445,-38.997517,-150.00002,0,0
6.2301445,-38.997517,-150.00002,0,0
5.2301445,-38.997517,-150.00002,0,0
4.2301445,-38.997517,-150.00002,0,0
3.2301445,-38.997517,-150.00002,0,0
2.2301445,-38.997517,-150.00002,0,0
1.2301445,-38.997517,-150.00002,0,0
0.2301445,-38.997517,-150.00002,0,0
-0.7698555,-38.997517,-150.00002,0,0
-1.7698555,-38.997517,-150.00002,0,0
-2.7698555,-38.997517,-150.00002,0,0
-3.7698555,-38.997517,-150.00002,0,0
-4.7698555,-38.997517,-150.00002,0,0
-5.7698555,-38.997517,-150.00002,0,0
-6.7698555,-38.997517,-150.00002,0,0
-7.7698555,-38.997517,-150.00002,0,0
-8.7698555,-38.997517,-150.00002,0,0
-9.7698555,-38.997517,-150.00002,0,0
-10.7698555,-38.997517,-150.00002,0,0
-11.7698555,-38.997517,-150.00002,0,0
-12.7698555,-38.997517,-150.00002,0,0
-13.7698555,-38.997517,-150.00002,0,0
-14.7698555,-38.997517,-150.00002,0,0
-15.7698555,-38.997517,-150.00002,0,0
-16.769855,-38.997517,-150.00002,0,0
-17.769855,-38.997517,-150.00002,0,0
-18.769855,-38.997517,-150.00002,0,0
-19.769855,-38.997517,-150.00002,0,0
-20.769855,-38.997517,-150.00002,0,0
-21.769855,-38.997517,-150.00002,0,0
-22.769855,-38.997517,-150.00002,0,0
-23.769855,-38.997517,-150.00002,0,0
-24.769855,-38.997517,-150.00002,0,0
-25.769855,-38.997517,-150.00002,0,0
-26.769855,-38.997517,-150.00002,0,0
-27.769855,-38.997517,-150.00002,0,0
-28.769855,-38.997517,-150.00002,0,0
-29.769855,-38.997517,-150.00002,0,0
-30.769855,-38.997517,-150.00002,0,0
-31.769855,-38.997517,-150.00002,0,0
-32.769855,-38.997517,-150.00002,0,0
-33.769855,-38.997517,-150.00002,0,0
-34.769855,-38.997517,-150.00002,0,0
-35.769855,-38.997517,-150.00002,0,0
-36.769855,-38.997517,-150.00002,0,0
-37.769855,-38.997517,-150.00002,0,0
-38.769855,-38.997517,-150.00002,0,0
-39.769855,-38.997517,-150.00002,0,0
-40.769855,-38.997517,-150.00002,0,0
-41.769855,-38.997517,-150.00002,0,0
-42.769855,-38.997517,-150.00002,0,0
-43.769855,-38.997517,-150.00002,0,0
-44.769855,-38.997517,-150.00002,0,0
-45.769855,-38.997517,-150.00002,0,0
-46.769855,-38.997517,-150.00002,0,0
-47.769855,-38.997517,-150.00002,0,0
-48.769855,-38.997517,-150.00002,0,0
-49.769855,-38.997517,-150.00002,0,0
49.230145,-39.997517,-150.00002,0,0
48.230145,-39.997517,-150.00002,0,0
47.230145,-39.997517,-150.00002,0,0
46.230145,-39.997517,-150.00002,0,0
45.230145,-39.997517,-150.00002,0,0
44.230145,-39.997517,-150.00002,0,0
43.230145,-39.997517,-150.00002,0,0
42.230145,-39.997517,-150.00002,0,0
41.230145,-39.997517,-150.00002,0,0
40.230145,-39.997517,-150.00002,0,0
39.230145,-39.997517,-150.00002,0,0
38.230145,-39.997517,-150.00002,0,0
37.230145,-39.997517,-150.00002,0,0
36.230145,-39.997517,-150.00002,0,0
35.230145,-39.997517,-150.00002,0,0
34.230145,-39.997517,-150.00002,0,0
33.230145,-39.997517,-150.00002,0,0
32.230145,-39.997517,-150.00002,0,0
31.230145,-39.997517,-150.00002,0,0
30.230145,-39.997517,-150.00002,0,0
29.230145,-39.997517,-150.00002,0,0
28.230145,-39.997517,-150.00002,0,0
27.230145,-39.997517,-150.00002,0,0
26.230145,-39.997517,-150.00002,0,0
25.230145,-39.997517,-150.00002,0,0
24.230145,-39.997517,-150.00002,0,0
23.230145,-39.997517,-150.00002,0,0
22.230145,-39.997517,-150.00002,0,0
21.230145,-39.997517,-150.00002,0,0
20.230145,-39.997517,-150.00002,0,0
19.230145,-39.997517,-150.00002,0,0
18.230145,-39.997517,-150.00002,0,0
17.230145,-39.997517,-150.00002,0,0
16.230145,-39.997517,-150.00002,0,0
15.2301445,-39.997517,-150.00002,0,0
14.2301445,-39.997517,-150.00002,0,0
13.2301445,-39.997517,-150.00002,0,0
12.2301445,-39.997517,-150.00002,0,0
11.2301445,-39.997517,-150.00002,0,0
10.2301445,-39.997517,-150.00002,0,0
9.2301445,-39.997517,-150.00002,0,0
8.2301445,-39.997517,-150.00002,0,0
7.2301445,-39.997517,-150.00002,0,0
6.2301445,-39.997517,-150.00002,0,0
5.2301445,-39.997517,-150.00002,0,0
4.2301445,-39.997517,-150.00002,0,0
3.2301445,-39.997517,-150.00002,0,0
2.2301445,-39.997517,-150.00002,0,0
1.2301445,-39.997517,-150.00002,0,0
0.2301445,-39.997517,-150.00002,0,0
-0.7698555,-39.997517,-150.00002,0,0
-1.7698555,-39.997517,-150.00002,0,0
-2.7698555,-39.997517,-150.00002,0,0
-3.7698555,-39.997517,-150.00002,0,0
-4.7698555,-39.997517,-150.00002,0,0
-5.7698555,-39.997517,-150.00002,0,0
-6.7698555,-39.997517,-150.00002,0,0
-7.7698555,-39.997517,-150.00002,0,0
-8.7698555,-39.997517,-150.00002,0,0
-9.7698555,-39.997517,-150.00002,0,0
-10.7698555,-39.997517,-150.00002,0,0
-11.7698555,-39.997517,-150.00002,0,0
-12.7698555,-39.997517,-150.00002,0,0
-13.7698555,-39.997517,-150.00002,0,0
-14.7698555,-39.997517,-150.00002,0,0
-15.7698555,-39.997517,-150.00002,0,0
-16.769855,-39.997517,-150.00002,0,0
-17.769855,-39.997517,-150.00002,0,0
-18.769855,-39.997517,-150.00002,0,0
-19.769855,-39.997517,-150.00002,0,0
-20.769855,-39.997517,-150.00002,0,0
-21.769855,-39.997517,-150.00002,0,0
-22.769855,-39.997517,-150.00002,0,0
-23.769855,-39.997517,-150.00002,0,0
-24.769855,-39.997517,-150.00002,0,0
-25.769855,-39.997517,-150.00002,0,0
-26.769855,-39.997517,-150.00002,0,0
-27.769855,-39.997517,-150.00002,0,0
-28.769855,-39.997517,-150.00002,0,0
-29.769855,-39.997517,-150.00002,0,0
-30.769855,-39.997517,-150.00002,0,0
-31.769855,-39.997517,-150.00002,0,0
-32.769855,-39.997517,-150.00002,0,0
-33.769855,-39.997517,-150.00002,0,0
-34.769855,-39.997517,-150.00002,0,0
-35.769855,-39.997517,-150.00002,0,0
-36.769855,-39.997517,-150.00002,0,0
-37.769855,-39.997517,-150.00002,0,0
-38.769855,-39.997517,-150.00002,0,0
-39.769855,-39.997517,-150.00002,0,0
-40.769855,-39.997517,-150.00002,0,0
-41.769855,-39.997517,-150.00002,0,0
-42.769855,-39.997517,-150.00002,0,0
-43.769855,-39.997517,-150.00002,0,0
-44.769855,-39.997517,-150.00002,0,0
-45.769855,-39.997517,-150.00002,0,0
-46.769855,-39.997517,-150.00002,0,0
-47.769855,-39.997517,-150.00002,0,0
-48.769855,-39.997517,-150.00002,0,0
-49.769855,-39.997517,-150.00002,0,0
49.230145,-40.997517,-150.00002,0,0
48.230145,-40.997517,-150.00002,0,0
47.230145,-40.997517,-150.00002,0,0
46.230145,-40.997517,-150.00002,0,0
45.230145,-40.997517,-150.00002,0,0
44.230145,-40.997517,-150.00002,0,0
43.230145,-40.997517,-150.00002,0,0
42.230145,-40.997517,-150.00002,0,0
41.230145,-40.997517,-150.00002,0,0
40.230145,-40.997517,-150.00002,0,0
39.230145,-40.997517,-150.00002,0,0
38.230145,-40.997517,-150.00002,0,0
37.230145,-40.997517,-150.00002,0,0
36.230145,-40.997517,-150.00002,0,0
35.230145,-40.997517,-150.00002,0,0
34.230145,-40.997517,-150.00002,0,0
33.230145,-40.997517,-150.00002,0,0
32.230145,-40.997517,-150.00002,0,0
31.230145,-40.997517,-150.00002,0,0
30.230145,-40.997517,-150.00002,0,0
29.230145,-40.997517,-150.00002,0,0
28.230145,-40.997517,-150.00002,0,0
27.230145,-40.997517,-150.00002,0,0
26.230145,-40.997517,-150.00002,0,0
25.230145,-40.997517,-150.00002,0,0
24.230145,-40.997517,-150.00002,0,0
23.230145,-40.997517,-150.00002,0,0
22.230145,-40.997517,-150.00002,0,0
21.230145,-40.997517,-150.00002,0,0
20.230145,-40.997517,-150.00002,0,0
19.230145,-40.997517,-150.00002,0,0
18.230145,-40.997517,-150.00002,0,0
17.230145,-40.997517,-150.00002,0,0
16.230145,-40.997517,-150.00002,0,0
15.2301445,-40.997517,-150.00002,0,0
14.2301445,-40.997517,-150.00002,0,0
13.2301445,-40.997517,-150.00002,0,0
12.2301445,-40.997517,-150.00002,0,0
11.2301445,-40.997517,-150.00002,0,0
10.2301445,-40.997517,-150.00002,0,0
9.2301445,-40.997517,-150.00002,0,0
8.2301445,-40.997517,-150.00002,0,0
7.2301445,-40.997517,-150.00002,0,0
6.2301445,-40.997517,-150.00002,0,0
5.2301445,-40.997517,-150.00002,0,0
4.2301445,-40.997517,-150.00002,0,0
3.2301445,-40.997517,-150.00002,0,0
2.2301445,-40.997517,-150.00002,0,0
1.2301445,-40.997517,-150.00002,0,0
0.2301445,-40.997517,-150.00002,0,0
-0.7698555,-40.997517,-150.00002,0,0
-1.7698555,-40.997517,-150.00002,0,0
-2.7698555,-40.997517,-150.00002,0,0
-3.7698555,-40.997517,-150.00002,0,0
-4.7698555,-40.997517,-150.00002,0,0
-5.7698555,-40.997517,-150.00002,0,0
-6.7698555,-40.997517,-150.00002,0,0
-7.7698555,-40.997517,-150.00002,0,0
-8.7698555,-40.997517,-150.00002,0,0
-9.7698555,-40.997517,-150.00002,0,0
-10.7698555,-40.997517,-150.00002,0,0
-11.7698555,-40.997517,-150.00002,0,0
-12.7698555,-40.997517,-150.00002,0,0
-13.7698555,-40.997517,-150.00002,0,0
-14.7698555,-40.997517,-150.00002,0,0
-15.7698555,-40.997517,-150.00002,0,0
-16.769855,-40.997517,-150.00002,0,0
-17.769855,-40.997517,-150.00002,0,0
-18.769855,-40.997517,-150.00002,0,0
-19.769855,-40.997517,-150.00002,0,0
-20.769855,-40.997517,-150.00002,0,0
-21.769855,-40.997517,-150.00002,0,0
-22.769855,-40.997517,-150.00002,0,0
-23.769855,-40.997517,-150.00002,0,0
-24.769855,-40.997517,-150.00002,0,0
-25.769855,-40.997517,-150.00002,0,0
-26.769855,-40.997517,-150.00002,0,0
-27.769855,-40.997517,-150.00002,0,0
-28.769855,-40.997517,-150.00002,0,0
-29.769855,-40.997517,-150.00002,0,0
-30.769855,-40.997517,-150.00002,0,0
-31.769855,-40.997517,-150.00002,0,0
-32.769855,-40.997517,-150.00002,0,0
-33.769855,-40.997517,-150.00002,0,0
-34.769855,-40.997517,-150.00002,0,0
-35.769855,-40.997517,-150.00002,0,0
-36.769855,-40.997517,-150.00002,0,0
-37.769855,-40.997517,-150.00002,0,0
-38.769855,-40.997517,-150.00002,0,0
-39.769855,-40.997517,-150.00002,0,0
-40.769855,-40.997517,-150.00002,0,0
-41.769855,-40.997517,-150.00002,0,0
-42.769855,-40.997517,-150.00002,0,0
-43.769855,-40.997517,-150.00002,0,0
-44.769855,-40.997517,-150.00002,0,0
-45.769855,-40.997517,-150.00002,0,0
-46.769855,-40.997517,-150.00002,0,0
-47.769855,-40.997517,-150.00002,0,0
-48.769855,-40.997517,-150.00002,0,0
-49.769855,-40.997517,-150.00002,0,0
49.230145,-41.997517,-150.00002,0,0
48.230145,-41.997517,-150.00002,0,0
47.230145,-41.997517,-150.00002,0,0
46.230145,-41.997517,-150.00002,0,0
45.230145,-41.997517,-150.00002,0,0
44.230145,-41.997517,-150.00002,0,0
43.230145,-41.997517,-150.00002,0,0
42.230145,-41.997517,-150.00002,0,0
41.230145,-41.997517,-150.00002,0,0
40.230145,-41.997517,-150.00002,0,0
39.230145,-41.997517,-150.00002,0,0
38.230145,-41.997517,-150.00002,0,0
37.230145,-41.997517,-150.00002,0,0
36.230145,-41.997517,-150.00002,0,0
35.230145,-41.997517,-150.00002,0,0
34.230145,-41.997517,-150.00002,0,0
33.230145,-41.997517,-150.00002,0,0
32.230145,-41.997517,-150.00002,0,0
31.230145,-41.997517,-150.00002,0,0
30.230145,-41.997517,-150.00002,0,0
29.230145,-41.997517,-150.00002,0,0
28.230145,-41.997517,-150.00002,0,0
27.230145,-41.997517,-150.00002,0,0
26.230145,-41.997517,-150.00002,0,0
25.230145,-41.997517,-150.00002,0,0
24.230145,-41.997517,-150.00002,0,0
23.230145,-41.997517,-150.00002,0,0
22.230145,-41.997517,-150.00002,0,0
21.230145,-41.997517,-150.00002,0,0
20.230145,-41.997517,-150.00002,0,0
19.230145,-41.997517,-150.00002,0,0
18.230145,-41.997517,-150.00002,0,0
17.230145,-41.997517,-150.00002,0,0
16.230145,-41.997517,-150.00002,0,0
15.2301445,-41.997517,-150.00002,0,0
14.2301445,-41.997517,-150.00002,0,0
13.2301445,-41.997517,-150.00002,0,0
12.2301445,-41.997517,-150.00002,0,0
11.2301445,-41.997517,-150.00002,0,0
10.2301445,-41.997517,-150.00002,0,0
9.2301445,-41.997517,-150.00002,0,0
8.2301445,-41.997517,-150.00002,0,0
7.2301445,-41.997517,-150.00002,0,0
6.2301445,-41.997517,-150.00002,0,0
5.2301445,-41.997517,-150.00002,0,0
4.2301445,-41.997517,-150.00002,0,0
3.2301445,-41.997517,-150.00002,0,0
2.2301445,-41.997517,-150.00002,0,0
1.2301445,-41.997517,-150.00002,0,0
0.2301445,-41.997517,-150.00002,0,0
-0.7698555,-41.997517,-150.00002,0,0
-1.7698555,-41.997517,-150.00002,0,0
-2.7698555,-41.997517,-150.00002,0,0
-3.7698555,-41.997517,-150.00002,0,0
-4.7698555,-41.997517,-150.00002,0,0
-5.7698555,-41.997517,-150.00002,0,0
-6.7698555,-41.997517,-150.00002,0,0
-7.7698555,-41.997517,-150.00002,0,0
-8.7698555,-41.997517,-150.00002,0,0
-9.7698555,-41.997517,-150.00002,0,0
-10.7698555,-41.997517,-150.00002,0,0
-11.7698555,-41.997517,-150.00002,0,0
-12.7698555,-41.997517,-150.00002,0,0
-13.7698555,-41.997517,-150.00002,0,0
-14.7698555,-41.997517,-150.00002,0,0
-15.7698555,-41.997517,-150.00002,0,0
-16.769855,-41.997517,-150.00002,0,0
-17.769855,-41.997517,-150.00002,0,0
-18.769855,-41.997517,-150.00002,0,0
-19.769855,-41.997517,-150.00002,0,0
-20.769855,-41.997517,-150.00002,0,0
-21.769855,-41.997517,-150.00002,0,0
-22.769855,-41.997517,-150.00002,0,0
-23.769855,-41.997517,-150.00002,0,0
-24.769855,-41.997517,-150.00002,0,0
-25.769855,-41.997517,-150.00002,0,0
-26.769855,-41.997517,-150.00002,0,0
-27.769855,-41.997517,-150.00002,0,0
-28.769855,-41.997517,-150.00002,0,0
-29.769855,-41.997517,-150.00002,0,0
-30.769855,-41.997517,-150.00002,0,0
-31.769855,-41.997517,-150.00002,0,0
-32.769855,-41.997517,-150.00002,0,0
-33.769855,-41.997517,-150.00002,0,0
-34.769855,-41.997517,-150.00002,0,0
-35.769855,-41.997517,-150.00002,0,0
-36.769855,-41.997517,-150.00002,0,0
-37.769855,-41.997517,-150.00002,0,0
-38.769855,-41.997517,-150.00002,0,0
-39.769855,-41.997517,-150.00002,0,0
-40.769855,-41.997517,-150.00002,0,0
-41.769855,-41.997517,-150.00002,0,0
-42.769855,-41.997517,-150.00002,0,0
-43.769855,-41.997517,-150.00002,0,0
-44.769855,-41.997517,-150.00002,0,0
-45.769855,-41.997517,-150.00002,0,0
-46.769855,-41.997517,-150.00002,0,0
-47.769855,-41.997517,-150.00002,0,0
-48.769855,-41.997517,-150.00002,0,0
-49.769855,-41.997517,-150.00002,0,0
49.230145,-42.997517,-150.00002,0,0
48.230145,-42.997517,-150.00002,0,0
47.230145,-42.997517,-150.00002,0,0
46.230145,-42.997517,-150.00002,0,0
45.230145,-42.997517,-150.00002,0,0
44.230145,-42.997517,-150.00002,0,0
43.230145,-42.997517,-150.00002,0,0
42.230145,-42.997517,-150.00002,0,0
41.230145,-42.997517,-150.00002,0,0
40.230145,-42.997517,-150.00002,0,0
39.230145,-42.997517,-150.00002,0,0
38.230145,-42.997517,-150.00002,0,0
37.230145,-42.997517,-150.00002,0,0
36.230145,-42.997517,-150.00002,0,0
35.230145,-42.997517,-150.00002,0,0
34.230145,-42.997517,-150.00002,0,0
33.230145,-42.997517,-150.00002,0,0
32.230145,-42.997517,-150.00002,0,0
31.230145,-42.997517,-150.00002,0,0
30.230145,-42.997517,-150.00002,0,0
29.230145,-42.997517,-150.00002,0,0
28.230145,-42.997517,-150.00002,0,0
27.230145,-42.997517,-150.00002,0,0
26.230145,-42.997517,-150.00002,0,0
25.230145,-42.997517,-150.00002,0,0
24.230145,-42.997517,-150.00002,0,0
23.230145,-42.997517,-150.00002,0,0
22.230145,-42.997517,-150.00002,0,0
21.230145,-42.997517,-150.00002,0,0
20.230145,-42.997517,-150.00002,0,0
19.230145,-42.997517,-150.00002,0,0
18.230145,-42.997517,-150.00002,0,0
17.230145,-42.997517,-150.00002,0,0
16.230145,-42.997517,-150.00002,0,0
15.2301445,-42.997517,-150.00002,0,0
14.2301445,-42.997517,-150.00002,0,0
13.2301445,-42.997517,-150.00002,0,0
12.2301445,-42.997517,-150.00002,0,0
11.2301445,-42.997517,-150.00002,0,0
10.2301445,-42.997517,-150.00002,0,0
9.2301445,-42.997517,-150.00002,0,0
8.2301445,-42.997517,-150.00002,0,0
7.2301445,-42.997517,-150.00002,0,0
6.2301445,-42.997517,-150.00002,0,0
5.2301445,-42.997517,-150.00002,0,0
4.2301445,-42.997517,-150.00002,0,0
3.2301445,-42.997517,-150.00002,0,0
2.2301445,-42.997517,-150.00002,0,0
1.2301445,-42.997517,-150.00002,0,0
0.2301445,-42.997517,-150.00002,0,0
-0.7698555,-42.997517,-150.00002,0,0
-1.7698555,-42.997517,-150.00002,0,0
-2.7698555,-42.997517,-150.00002,0,0
-3.7698555,-42.997517,-150.00002,0,0
-4.7698555,-42.997517,-150.00002,0,0
-5.7698555,-42.997517,-150.00002,0,0
-6.7698555,-42.997517,-150.00002,0,0
-7.7698555,-42.997517,-150.00002,0,0
-8.7698555,-42.997517,-150.00002,0,0
-9.7698555,-42.997517,-150.00002,0,0
-10.7698555,-42.997517,-150.00002,0,0
-11.7698555,-42.997517,-150.00002,0,0
-12.7698555,-42.997517,-150.00002,0,0
-13.7698555,-42.997517,-150.00002,0,0
-14.7698555,-42.997517,-150.00002,0,0
-15.7698555,-42.997517,-150.00002,0,0
-16.769855,-42.997517,-150.00002,0,0
-17.769855,-42.997517,-150.00002,0,0
-18.769855,-42.997517,-150.00002,0,0
-19.769855,-42.997517,-150.00002,0,0
-20.769855,-42.997517,-150.00002,0,0
-21.769855,-42.997517,-150.00002,0,0
-22.769855,-42.997517,-150.00002,0,0
-23.769855,-42.997517,-150.00002,0,0
-24.769855,-42.997517,-150.00002,0,0
-25.769855,-42.997517,-150.00002,0,0
-26.769855,-42.997517,-150.00002,0,0
-27.769855,-42.997517,-150.00002,0,0
-28.769855,-42.997517,-150.00002,0,0
-29.769855,-42.997517,-150.00002,0,0
-30.769855,-42.997517,-150.00002,0,0
-31.769855,-42.997517,-150.00002,0,0
-32.769855,-42.997517,-150.00002,0,0
-33.769855,-42.997517,-150.00002,0,0
-34.769855,-42.997517,-150.00002,0,0
-35.769855,-42.997517,-150.00002,0,0
-36.769855,-42.997517,-150.00002,0,0
-37.769855,-42.997517,-150.00002,0,0
-38.769855,-42.997517,-150.00002,0,0
-39.769855,-42.997517,-150.00002,0,0
-40.769855,-42.997517,-150.00002,0,0
-41.769855,-42.997517,-150.00002,0,0
-42.769855,-42.997517,-150.00002,0,0
-43.769855,-42.997517,-150.00002,0,0
-44.769855,-42.997517,-150.00002,0,0
-45.769855,-42.997517,-150.00002,0,0
-46.769855,-42.997517,-150.00002,0,0
-47.769855,-42.997517,-150.00002,0,0
-48.769855,-42.997517,-150.00002,0,0
-49.769855,-42.997517,-150.00002,0,0
49.230145,-43.997517,-150.00002,0,0
48.230145,-43.997517,-150.00002,0,0
47.230145,-43.997517,-150.00002,0,0
46.230145,-43.997517,-150.00002,0,0
45.230145,-43.997517,-150.00002,0,0
44.230145,-43.997517,-150.00002,0,0
43.230145,-43.997517,-150.00002,0,0
42.230145,-43.997517,-150.00002,0,0
41.230145,-43.997517,-150.00002,0,0
40.230145,-43.997517,-150.00002,0,0
39.230145,-43.997517,-150.00002,0,0
38.230145,-43.997517,-150.00002,0,0
37.230145,-43.997517,-150.00002,0,0
36.230145,-43.997517,-150.00002,0,0
35.230145,-43.997517,-150.00002,0,0
34.230145,-43.997517,-150.00002,0,0
33.230145,-43.997517,-150.00002,0,0
32.230145,-43.997517,-150.00002,0,0
31.230145,-43.997517,-150.00002,0,0
30.230145,-43.997517,-150.00002,0,0
29.230145,-43.997517,-150.00002,0,0
28.230145,-43.997517,-150.00002,0,0
27.230145,-43.997517,-150.00002,0,0
26.230145,-43.997517,-150.00002,0,0
25.230145,-43.997517,-150.00002,0,0
24.230145,-43.997517,-150.00002,0,0
23.230145,-43.997517,-150.00002,0,0
22.230145,-43.997517,-150.00002,0,0
21.230145,-43.997517,-150.00002,0,0
20.230145,-43.997517,-150.00002,0,0
19.230145,-43.997517,-150.00002,0,0
18.230145,-43.997517,-150.00002,0,0
17.230145,-43.997517,-150.00002,0,0
16.230145,-43.997517,-150.00002,0,0
15.2301445,-43.997517,-150.00002,0,0
14.2301445,-43.997517,-150.00002,0,0
13.2301445,-43.997517,-150.00002,0,0
12.2301445,-43.997517,-150.00002,0,0
11.2301445,-43.997517,-150.00002,0,0
10.2301445,-43.997517,-150.00002,0,0
9.2301445,-43.997517,-150.00002,0,0
8.2301445,-43.997517,-150.00002,0,0
7.2301445,-43.997517,-150.00002,0,0
6.2301445,-43.997517,-150.00002,0,0
5.2301445,-43.997517,-150.00002,0,0
4.2301445,-43.997517,-150.00002,0,0
3.2301445,-43.997517,-150.00002,0,0
2.2301445,-43.997517,-150.00002,0,0
1.2301445,-43.997517,-150.00002,0,0
0.2301445,-43.997517,-150.00002,0,0
-0.7698555,-43.997517,-150.00002,0,0
-1.7698555,-43.997517,-150.00002,0,0
-2.7698555,-43.997517,-150.00002,0,0
-3.7698555,-43.997517,-150.00002,0,0
-4.7698555,-43.997517,-150.00002,0,0
-5.7698555,-43.997517,-150.00002,0,0
-6.7698555,-43.997517,-150.00002,0,0
-7.7698555,-43.997517,-150.00002,0,0
-8.7698555,-43.997517,-150.00002,0,0
-9.7698555,-43.997517,-150.00002,0,0
-10.7698555,-43.997517,-150.00002,0,0
-11.7698555,-43.997517,-150.00002,0,0
-12.7698555,-43.997517,-150.00002,0,0
-13.7698555,-43.997517,-150.00002,0,0
-14.7698555,-43.997517,-150.00002,0,0
-15.7698555,-43.997517,-150.00002,0,0
-16.769855,-43.997517,-150.00002,0,0
-17.769855,-43.997517,-150.00002,0,0
-18.769855,-43.997517,-150.00002,0,0
-19.769855,-43.997517,-150.00002,0,0
-20.769855,-43.997517,-150.00002,0,0
-21.769855,-43.997517,-150.00002,0,0
-22.769855,-43.997517,-150.00002,0,0
-23.769855,-43.997517,-150.00002,0,0
-24.769855,-43.997517,-150.00002,0,0
-25.769855,-43.997517,-150.00002,0,0
-26.769855,-43.997517,-150.00002,0,0
-27.769855,-43.997517,-150.00002,0,0
-28.769855,-43.997517,-150.00002,0,0
-29.769855,-43.997517,-150.00002,0,0
-30.769855,-43.997517,-150.00002,0,0
-31.769855,-43.997517,-150.00002,0,0
-32.769855,-43.997517,-150.00002,0,0
-33.769855,-43.997517,-150.00002,0,0
-34.769855,-43.997517,-150.00002,0,0
-35.769855,-43.997517,-150.00002,0,0
-36.769855,-43.997517,-150.00002,0,0
-37.769855,-43.997517,-150.00002,0,0
-38.769855,-43.997517,-150.00002,0,0
-39.769855,-43.997517,-150.00002,0,0
-40.769855,-43.997517,-150.00002,0,0
-41.769855,-43.997517,-150.00002,0,0
-42.769855,-43.997517,-150.00002,0,0
-43.769855,-43.997517,-150.00002,0,0
-44.769855,-43.997517,-150.00002,0,0
-45.769855,-43.997517,-150.00002,0,0
-46.769855,-43.997517,-150.00002,0,0
-47.769855,-43.997517,-150.00002,0,0
-48.769855,-43.997517,-150.00002,0,0
-49.769855,-43.997517,-150.00002,0,0
49.230145,-44.997517,-150.00002,0,0
48.230145,-44.997517,-150.00002,0,0
47.230145,-44.997517,-150.00002,0,0
46.230145,-44.997517,-150.00002,0,0
45.230145,-44.997517,-150.00002,0,0
44.230145,-44.997517,-150.00002,0,0
43.230145,-44.997517,-150.00002,0,0
42.230145,-44.997517,-150.00002,0,0
41.230145,-44.997517,-150.00002,0,0
40.230145,-44.997517,-150.00002,0,0
39.230145,-44.997517,-150.00002,0,0
38.230145,-44.997517,-150.00002,0,0
37.230145,-44.997517,-150.00002,0,0
36.230145,-44.997517,-150.00002,0,0
35.230145,-44.997517,-150.00002,0,0
34.230145,-44.997517,-150.00002,0,0
33.230145,-44.997517,-150.00002,0,0
32.230145,-44.997517,-150.00002,0,0
31.230145,-44.997517,-150.00002,0,0
30.230145,-44.997517,-150.00002,0,0
29.230145,-44.997517,-150.00002,0,0
28.230145,-44.997517,-150.00002,0,0
27.230145,-44.997517,-150.00002,0,0
26.230145,-44.997517,-150.00002,0,0
25.230145,-44.997517,-150.00002,0,0
24.230145,-44.997517,-150.00002,0,0
23.230145,-44.997517,-150.00002,0,0
22.230145,-44.997517,-150.00002,0,0
21.230145,-44.997517,-150.00002,0,0
20.230145,-44.997517,-150.00002,0,0
19.230145,-44.997517,-150.00002,0,0
18.230145,-44.997517,-150.00002,0,0
17.230145,-44.997517,-150.00002,0,0
16.230145,-44.997517,-150.00002,0,0
15.2301445,-44.997517,-150.00002,0,0
14.2301445,-44.997517,-150.00002,0,0
13.2301445,-44.997517,-150.00002,0,0
12.2301445,-44.997517,-150.00002,0,0
11.2301445,-44.997517,-150.00002,0,0
10.2301445,-44.997517,-150.00002,0,0
9.2301445,-44.997517,-150.00002,0,0
8.2301445,-44.997517,-150.00002,0,0
7.2301445,-44.997517,-150.00002,0,0
6.2301445,-44.997517,-150.00002,0,0
5.2301445,-44.997517,-150.00002,0,0
4.2301445,-44.997517,-150.00002,0,0
3.2301445,-44.997517,-150.00002,0,0
2.2301445,-44.997517,-150.00002,0,0
1.2301445,-44.997517,-150.00002,0,0
0.2301445,-44.997517,-150.00002,0,0
-0.7698555,-44.997517,-150.00002,0,0
-1.7698555,-44.997517,-150.00002,0,0
-2.7698555,-44.997517,-150.00002,0,0
-3.7698555,-44.997517,-150.00002,0,0
-4.7698555,-44.997517,-150.00002,0,0
-5.7698555,-44.997517,-150.00002,0,0
-6.7698555,-44.997517,-150.00002,0,0
-7.7698555,-44.997517,-150.00002,0,0
-8.7698555,-44.997517,-150.00002,0,0
-9.7698555,-44.997517,-150.00002,0,0
-10.7698555,-44.997517,-150.00002,0,0
-11.7698555,-44.997517,-150.00002,0,0
-12.7698555,-44.997517,-150.00002,0,0
-13.7698555,-44.997517,-150.00002,0,0
-14.7698555,-44.997517,-150.00002,0,0
-15.7698555,-44.997517,-150.00002,0,0
-16.769855,-44.997517,-150.00002,0,0
-17.769855,-44.997517,-150.00002,0,0
-18.769855,-44.997517,-150.00002,0,0
-19.769855,-44.997517,-150.00002,0,0
-20.769855,-44.997517,-150.00002,0,0
-21.769855,-44.997517,-150.00002,0,0
-22.769855,-44.997517,-150.00002,0,0
-23.769855,-44.997517,-150.00002,0,0
-24.769855,-44.997517,-150.00002,0,0
-25.769855,-44.997517,-150.00002,0,0
-26.769855,-44.997517,-150.00002,0,0
-27.769855,-44.997517,-150.00002,0,0
-28.769855,-44.997517,-150.00002,0,0
-29.769855,-44.997517,-150.00002,0,0
-30.769855,-44.997517,-150.00002,0,0
-31.769855,-44.997517,-150.00002,0,0
-32.769855,-44.997517,-150.00002,0,0
-33.769855,-44.997517,-150.00002,0,0
-34.769855,-44.997517,-150.00002,0,0
-35.769855,-44.997517,-150.00002,0,0
-36.769855,-44.997517,-150.00002,0,0
-37.769855,-44.997517,-150.00002,0,0
-38.769855,-44.997517,-150.00002,0,0
-39.769855,-44.997517,-150.00002,0,0
-40.769855,-44.997517,-150.00002,0,0
-41.769855,-44.997517,-150.00002,0,0
-42.769855,-44.997517,-150.00002,0,0
-43.769855,-44.997517,-150.00002,0,0
-44.769855,-44.997517,-150.00002,0,0
-45.769855,-44.997517,-150.00002,0,0
-46.769855,-44.997517,-150.00002,0,0
-47.769855,-44.997517,-150.00002,0,0
-48.769855,-44.997517,-150.00002,0,0
-49.769855,-44.997517,-150.00002,0,0
49.230145,-45.997517,-150.00002,0,0
48.230145,-45.997517,-150.00002,0,0
47.230145,-45.997517,-150.00002,0,0
46.230145,-45.997517,-150.00002,0,0
45.230145,-45.997517,-150.00002,0,0
44.230145,-45.997517,-150.00002,0,0
43.230145,-45.997517,-150.00002,0,0
42.230145,-45.997517,-150.00002,0,0
41.230145,-45.997517,-150.00002,0,0
40.230145,-45.997517,-150.00002,0,0
39.230145,-45.997517,-150.00002,0,0
38.230145,-45.997517,-150.00002,0,0
37.230145,-45.997517,-150.00002,0,0
36.230145,-45.997517,-150.00002,0,0
35.230145,-45.997517,-150.00002,0,0
34.230145,-45.997517,-150.00002,0,0
33.230145,-45.997517,-150.00002,0,0
32.230145,-45.997517,-150.00002,0,0
31.230145,-45.997517,-150.00002,0,0
30.230145,-45.997517,-150.00002,0,0
29.230145,-45.997517,-150.00002,0,0
28.230145,-45.997517,-150.00002,0,0
27.230145,-45.997517,-150.00002,0,0
26.230145,-45.997517,-150.00002,0,0
25.230145,-45.997517,-150.00002,0,0
24.230145,-45.997517,-150.00002,0,0
23.230145,-45.997517,-150.00002,0,0
22.230145,-45.997517,-150.00002,0,0
21.230145,-45.997517,-150.00002,0,0
20.230145,-45.997517,-150.00002,0,0
19.230145,-45.997517,-150.00002,0,0
18.230145,-45.997517,-150.00002,0,0
17.230145,-45.997517,-150.00002,0,0
16.230145,-45.997517,-150.00002,0,0
15.2301445,-45.997517,-150.00002,0,0
14.2301445,-45.997517,-150.00002,0,0
13.2301445,-45.997517,-150.00002,0,0
12.2301445,-45.997517,-150.00002,0,0
11.2301445,-45.997517,-150.00002,0,0
10.2301445,-45.997517,-150.00002,0,0
9.2301445,-45.997517,-150.00002,0,0
8.2301445,-45.997517,-150.00002,0,0
7.2301445,-45.997517,-150.00002,0,0
6.2301445,-45.997517,-150.00002,0,0
5.2301445,-45.997517,-150.00002,0,0
4.2301445,-45.997517,-150.00002,0,0
3.2301445,-45.997517,-150.00002,0,0
2.2301445,-45.997517,-150.00002,0,0
1.2301445,-45.997517,-150.00002,0,0
0.2301445,-45.997517,-150.00002,0,0
-0.7698555,-45.997517,-150.00002,0,0
-1.7698555,-45.997517,-150.00002,0,0
-2.7698555,-45.997517,-150.00002,0,0
-3.7698555,-45.997517,-150.00002,0,0
-4.7698555,-45.997517,-150.00002,0,0
-5.7698555,-45.997517,-150.00002,0,0
-6.7698555,-45.997517,-150.00002,0,0
-7.7698555,-45.997517,-150.00002,0,0
-8.7698555,-45.997517,-150.00002,0,0
-9.7698555,-45.997517,-150.00002,0,0
-10.7698555,-45.997517,-150.00002,0,0
-11.7698555,-45.997517,-150.00002,0,0
-12.7698555,-45.997517,-150.00002,0,0
-13.7698555,-45.997517,-150.00002,0,0
-14.7698555,-45.997517,-150.00002,0,0
-15.7698555,-45.997517,-150.00002,0,0
-16.769855,-45.997517,-150.00002,0,0
-17.769855,-45.997517,-150.00002,0,0
-18.769855,-45.997517,-150.00002,0,0
-19.769855,-45.997517,-150.00002,0,0
-20.769855,-45.997517,-150.00002,0,0
-21.769855,-45.997517,-150.00002,0,0
-22.769855,-45.997517,-150.00002,0,0
-23.769855,-45.997517,-150.00002,0,0
-24.769855,-45.997517,-150.00002,0,0
-25.769855,-45.997517,-150.00002,0,0
-26.769855,-45.997517,-150.00002,0,0
-27.769855,-45.997517,-150.00002,0,0
-28.769855,-45.997517,-150.00002,0,0
-29.769855,-45.997517,-150.00002,0,0
-30.769855,-45.997517,-150.00002,0,0
-31.769855,-45.997517,-150.00002,0,0
-32.769855,-45.997517,-150.00002,0,0
-33.769855,-45.997517,-150.00002,0,0
-34.769855,-45.997517,-150.00002,0,0
-35.769855,-45.997517,-150.00002,0,0
-36.769855,-45.997517,-150.00002,0,0
-37.769855,-45.997517,-150.00002,0,0
-38.769855,-45.997517,-150.00002,0,0
-39.769855,-45.997517,-150.00002,0,0
-40.769855,-45.997517,-150.00002,0,0
-41.769855,-45.997517,-150.00002,0,0
-42.769855,-45.997517,-150.00002,0,0
-43.769855,-45.997517,-150.00002,0,0
-44.769855,-45.997517,-150.00002,0,0
-45.769855,-45.997517,-150.00002,0,0
-46.769855,-45.997517,-150.00002,0,0
-47.769855,-45.997517,-150.00002,0,0
-48.769855,-45.997517,-150.00002,0,0
-49.769855,-45.997517,-150.00002,0,0
49.230145,-46.997517,-150.00002,0,0
48.230145,-46.997517,-150.00002,0,0
47.230145,-46.997517,-150.00002,0,0
46.230145,-46.997517,-150.00002,0,0
45.230145,-46.997517,-150.00002,0,0
44.230145,-46.997517,-150.00002,0,0
43.230145,-46.997517,-150.00002,0,0
42.230145,-46.997517,-150.00002,0,0
41.230145,-46.997517,-150.00002,0,0
40.230145,-46.997517,-150.00002,0,0
39.230145,-46.997517,-150.00002,0,0
38.230145,-46.997517,-150.00002,0,0
37.230145,-46.997517,-150.00002,0,0
36.230145,-46.997517,-150.00002,0,0
35.230145,-46.997517,-150.00002,0,0
34.230145,-46.997517,-150.00002,0,0
33.230145,-46.997517,-150.00002,0,0
32.230145,-46.997517,-150.00002,0,0
31.230145,-46.997517,-150.00002,0,0
30.230145,-46.997517,-150.00002,0,0
29.230145,-46.997517,-150.00002,0,0
28.230145,-46.997517,-150.00002,0,0
27.230145,-46.997517,-150.00002,0,0
26.230145,-46.997517,-150.00002,0,0
25.230145,-46.997517,-150.00002,0,0
24.230145,-46.997517,-150.00002,0,0
23.230145,-46.997517,-150.00002,0,0
22.230145,-46.997517,-150.00002,0,0
21.230145,-46.997517,-150.00002,0,0
20.230145,-46.997517,-150.00002,0,0
19.230145,-46.997517,-150.00002,0,0
18.230145,-46.997517,-150.00002,0,0
17.230145,-46.997517,-150.00002,0,0
16.230145,-46.997517,-150.00002,0,0
15.2301445,-46.997517,-150.00002,0,0
14.2301445,-46.997517,-150.00002,0,0
13.2301445,-46.997517,-150.00002,0,0
12.2301445,-46.997517,-150.00002,0,0
11.2301445,-46.997517,-150.00002,0,0
10.2301445,-46.997517,-150.00002,0,0
9.2301445,-46.997517,-150.00002,0,0
8.2301445,-46.997517,-150.00002,0,0
7.2301445,-46.997517,-150.00002,0,0
6.2301445,-46.997517,-150.00002,0,0
5.2301445,-46.997517,-150.00002,0,0
4.2301445,-46.997517,-150.00002,0,0
3.2301445,-46.997517,-150.00002,0,0
2.2301445,-46.997517,-150.00002,0,0
1.2301445,-46.997517,-150.00002,0,0
0.2301445,-46.997517,-150.00002,0,0
-0.7698555,-46.997517,-150.00002,0,0
-1.7698555,-46.997517,-150.00002,0,0
-2.7698555,-46.997517,-150.00002,0,0
-3.7698555,-46.997517,-150.00002,0,0
-4.7698555,-46.997517,-150.00002,0,0
-5.7698555,-46.997517,-150.00002,0,0
-6.7698555,-46.997517,-150.00002,0,0
-7.7698555,-46.997517,-150.00002,0,0
-8.7698555,-46.997517,-150.00002,0,0
-9.7698555,-46.997517,-150.00002,0,0
-10.7698555,-46.997517,-150.00002,0,0
-11.7698555,-46.997517,-150.00002,0,0
-12.7698555,-46.997517,-150.00002,0,0
-13.7698555,-46.997517,-150.00002,0,0
-14.7698555,-46.997517,-150.00002,0,0
-15.7698555,-46.997517,-150.00002,0,0
-16.769855,-46.997517,-150.00002,0,0
-17.769855,-46.997517,-150.00002,0,0
-18.769855,-46.997517,-150.00002,0,0
-19.769855,-46.997517,-150.00002,0,0
-20.769855,-46.997517,-150.00002,0,0
-21.769855,-46.997517,-150.00002,0,0
-22.769855,-46.997517,-150.00002,0,0
-23.769855,-46.997517,-150.00002,0,0
-24.769855,-46.997517,-150.00002,0,0
-25.769855,-46.997517,-150.00002,0,0
-26.769855,-46.997517,-150.00002,0,0
-27.769855,-46.997517,-150.00002,0,0
-28.769855,-46.997517,-150.00002,0,0
-29.769855,-46.997517,-150.00002,0,0
-30.769855,-46.997517,-150.00002,0,0
-31.769855,-46.997517,-150.00002,0,0
-32.769855,-46.997517,-150.00002,0,0
-33.769855,-46.997517,-150.00002,0,0
-34.769855,-46.997517,-150.00002,0,0
-35.769855,-46.997517,-150.00002,0,0
-36.769855,-46.997517,-150.00002,0,0
-37.769855,-46.997517,-150.00002,0,0
-38.769855,-46.997517,-150.00002,0,0
-39.769855,-46.997517,-150.00002,0,0
-40.769855,-46.997517,-150.00002,0,0
-41.769855,-46.997517,-150.00002,0,0
-42.769855,-46.997517,-150.00002,0,0
-43.769855,-46.997517,-150.00002,0,0
-44.769855,-46.997517,-150.00002,0,0
-45.769855,-46.997517,-150.00002,0,0
-46.769855,-46.997517,-150.00002,0,0
-47.769855,-46.997517,-150.00002,0,0
-48.769855,-46.997517,-150.00002,0,0
-49.769855,-46.997517,-150.00002,0,0
