X-coordinate,Y-coordinate,Z-coordinate,Advanced,Counts
49.230145,52.002483,-150.00002,0,0
48.230145,52.002483,-150.00002,0,0
47.230145,52.002483,-150.00002,0,0
46.230145,52.002483,-150.00002,0,0
45.230145,52.002483,-150.00002,0,0
44.230145,52.002483,-150.00002,0,0
43.230145,52.002483,-150.00002,0,0
42.230145,52.002483,-150.00002,0,0
41.230145,52.002483,-150.00002,0,0
40.230145,52.002483,-150.00002,0,0
39.230145,52.002483,-150.00002,0,0
38.230145,52.002483,-150.00002,0,0
37.230145,52.002483,-150.00002,0,0
36.230145,52.002483,-150.00002,0,0
35.230145,52.002483,-150.00002,0,0
34.230145,52.002483,-150.00002,0,0
33.230145,52.002483,-150.00002,0,0
32.230145,52.002483,-150.00002,0,0
31.230145,52.002483,-150.00002,0,0
30.230145,52.002483,-150.00002,0,0
29.230145,52.002483,-150.00002,0,0
28.230145,52.002483,-150.00002,0,0
27.230145,52.002483,-150.00002,0,0
26.230145,52.002483,-150.00002,0,0
25.230145,52.002483,-150.00002,0,0
24.230145,52.002483,-150.00002,0,0
23.230145,52.002483,-150.00002,0,0
22.230145,52.002483,-150.00002,0,0
21.230145,52.002483,-150.00002,0,0
20.230145,52.002483,-150.00002,0,0
19.230145,52.002483,-150.00002,0,0
18.230145,52.002483,-150.00002,0,0
17.230145,52.002483,-150.00002,0,0
16.230145,52.002483,-150.00002,0,0
15.2301445,52.002483,-150.00002,0,0
14.2301445,52.002483,-150.00002,0,0
13.2301445,52.002483,-150.00002,0,0
12.2301445,52.002483,-150.00002,0,0
11.2301445,52.002483,-150.00002,0,0
10.2301445,52.002483,-150.00002,0,0
9.2301445,52.002483,-150.00002,0,0
8.2301445,52.002483,-150.00002,0,0
7.2301445,52.002483,-150.00002,0,0
6.2301445,52.002483,-150.00002,0,0
5.2301445,52.002483,-150.00002,0,0
4.2301445,52.002483,-150.00002,0,0
3.2301445,52.002483,-150.00002,0,0
2.2301445,52.002483,-150.00002,0,0
1.2301445,52.002483,-150.00002,0,0
0.2301445,52.002483,-150.00002,0,0
-0.7698555,52.002483,-150.00002,0,0
-1.7698555,52.002483,-150.00002,0,0
-2.7698555,52.002483,-150.00002,0,0
-3.7698555,52.002483,-150.00002,0,0
-4.7698555,52.002483,-150.00002,0,0
-5.7698555,52.002483,-150.00002,0,0
-6.7698555,52.002483,-150.00002,0,0
-7.7698555,52.002483,-150.00002,0,0
-8.7698555,52.002483,-150.00002,0,0
-9.7698555,52.002483,-150.00002,0,0
-10.7698555,52.002483,-150.00002,0,0
-11.7698555,52.002483,-150.00002,0,0
-12.7698555,52.002483,-150.00002,0,0
-13.7698555,52.002483,-150.00002,0,0
-14.7698555,52.002483,-150.00002,0,0
-15.7698555,52.002483,-150.00002,0,0
-16.769855,52.002483,-150.00002,0,0
-17.769855,52.002483,-150.00002,0,0
-18.769855,52.002483,-150.00002,0,0
-19.769855,52.002483,-150.00002,0,0
-20.769855,52.002483,-150.00002,0,0
-21.769855,52.002483,-150.00002,0,0
-22.769855,52.002483,-150.00002,0,0
-23.769855,52.002483,-150.00002,0,0
-24.769855,52.002483,-150.00002,0,0
-25.769855,52.002483,-150.00002,0,0
-26.769855,52.002483,-150.00002,0,0
-27.769855,52.002483,-150.00002,0,0
-28.769855,52.002483,-150.00002,0,0
-29.769855,52.002483,-150.00002,0,0
-30.769855,52.002483,-150.00002,0,0
-31.769855,52.002483,-150.00002,0,0
-32.769855,52.002483,-150.00002,0,0
-33.769855,52.002483,-150.00002,0,0
-34.769855,52.002483,-150.00002,0,0
-35.769855,52.002483,-150.00002,0,0
-36.769855,52.002483,-150.00002,0,0
-37.769855,52.002483,-150.00002,0,0
-38.769855,52.002483,-150.00002,0,0
-39.769855,52.002483,-150.00002,0,0
-40.769855,52.002483,-150.00002,0,0
-41.769855,52.002483,-150.00002,0,0
-42.769855,52.002483,-150.00002,0,0
-43.769855,52.002483,-150.00002,0,0
-44.769855,52.002483,-150.00002,0,0
-45.769855,52.002483,-150.00002,0,0
-46.769855,52.002483,-150.00002,0,0
-47.769855,52.002483,-150.00002,0,0
-48.769855,52.002483,-150.00002,0,0
-49.769855,52.002483,-150.00002,0,0
49.230145,51.002483,-150.00002,0,0
48.230145,51.002483,-150.00002,0,0
47.230145,51.002483,-150.00002,0,0
46.230145,51.002483,-150.00002,0,0
45.230145,51.002483,-150.00002,0,0
44.230145,51.002483,-150.00002,0,0
43.230145,51.002483,-150.00002,0,0
42.230145,51.002483,-150.00002,0,0
41.230145,51.002483,-150.00002,0,0
40.230145,51.002483,-150.00002,0,0
39.230145,51.002483,-150.00002,0,0
38.230145,51.002483,-150.00002,0,0
37.230145,51.002483,-150.00002,0,0
36.230145,51.002483,-150.00002,0,0
35.230145,51.002483,-150.00002,0,0
34.230145,51.002483,-150.00002,0,0
33.230145,51.002483,-150.00002,0,0
32.230145,51.002483,-150.00002,0,0
31.230145,51.002483,-150.00002,0,0
30.230145,51.002483,-150.00002,0,0
29.230145,51.002483,-150.00002,0,0
28.230145,51.002483,-150.00002,0,0
27.230145,51.002483,-150.00002,0,0
26.230145,51.002483,-150.00002,0,0
25.230145,51.002483,-150.00002,0,0
24.230145,51.002483,-150.00002,0,0
23.230145,51.002483,-150.00002,0,0
22.230145,51.002483,-150.00002,0,0
21.230145,51.002483,-150.00002,0,0
20.230145,51.002483,-150.00002,0,0
19.230145,51.002483,-150.00002,0,0
18.230145,51.002483,-150.00002,0,0
17.230145,51.002483,-150.00002,0,0
16.230145,51.002483,-150.00002,0,0
15.2301445,51.002483,-150.00002,0,0
14.2301445,51.002483,-150.00002,0,0
13.2301445,51.002483,-150.00002,0,0
12.2301445,51.002483,-150.00002,0,0
11.2301445,51.002483,-150.00002,0,0
10.2301445,51.002483,-150.00002,0,0
9.2301445,51.002483,-150.00002,0,0
8.2301445,51.002483,-150.00002,0,0
7.2301445,51.002483,-150.00002,0,0
6.2301445,51.002483,-150.00002,0,0
5.2301445,51.002483,-150.00002,0,0
4.2301445,51.002483,-150.00002,0,0
3.2301445,51.002483,-150.00002,0,0
2.2301445,51.002483,-150.00002,0,0
1.2301445,51.002483,-150.00002,0,0
0.2301445,51.002483,-150.00002,0,0
-0.7698555,51.002483,-150.00002,0,0
-1.7698555,51.002483,-150.00002,0,0
-2.7698555,51.002483,-150.00002,0,0
-3.7698555,51.002483,-150.00002,0,0
-4.7698555,51.002483,-150.00002,0,0
-5.7698555,51.002483,-150.00002,0,0
-6.7698555,51.002483,-150.00002,0,0
-7.7698555,51.002483,-150.00002,0,0
-8.7698555,51.002483,-150.00002,0,0
-9.7698555,51.002483,-150.00002,0,0
-10.7698555,51.002483,-150.00002,0,0
-11.7698555,51.002483,-150.00002,0,0
-12.7698555,51.002483,-150.00002,0,0
-13.7698555,51.002483,-150.00002,0,0
-14.7698555,51.002483,-150.00002,0,0
-15.7698555,51.002483,-150.00002,0,0
-16.769855,51.002483,-150.00002,0,0
-17.769855,51.002483,-150.00002,0,0
-18.769855,51.002483,-150.00002,0,0
-19.769855,51.002483,-150.00002,0,0
-20.769855,51.002483,-150.00002,0,0
-21.769855,51.002483,-150.00002,0,0
-22.769855,51.002483,-150.00002,0,0
-23.769855,51.002483,-150.00002,0,0
-24.769855,51.002483,-150.00002,0,0
-25.769855,51.002483,-150.00002,0,0
-26.769855,51.002483,-150.00002,0,0
-27.769855,51.002483,-150.00002,0,0
-28.769855,51.002483,-150.00002,0,0
-29.769855,51.002483,-150.00002,0,0
-30.769855,51.002483,-150.00002,0,0
-31.769855,51.002483,-150.00002,0,0
-32.769855,51.002483,-150.00002,0,0
-33.769855,51.002483,-150.00002,0,0
-34.769855,51.002483,-150.00002,0,0
-35.769855,51.002483,-150.00002,0,0
-36.769855,51.002483,-150.00002,0,0
-37.769855,51.002483,-150.00002,0,0
-38.769855,51.002483,-150.00002,0,0
-39.769855,51.002483,-150.00002,0,0
-40.769855,51.002483,-150.00002,0,0
-41.769855,51.002483,-150.00002,0,0
-42.769855,51.002483,-150.00002,0,0
-43.769855,51.002483,-150.00002,0,0
-44.769855,51.002483,-150.00002,0,0
-45.769855,51.002483,-150.00002,0,0
-46.769855,51.002483,-150.00002,0,0
-47.769855,51.002483,-150.00002,0,0
-48.769855,51.002483,-150.00002,0,0
-49.769855,51.002483,-150.00002,0,0
49.230145,50.002483,-150.00002,0,0
48.230145,50.002483,-150.00002,0,0
47.230145,50.002483,-150.00002,0,0
46.230145,50.002483,-150.00002,0,0
45.230145,50.002483,-150.00002,0,0
44.230145,50.002483,-150.00002,0,0
43.230145,50.002483,-150.00002,0,0
42.230145,50.002483,-150.00002,0,0
41.230145,50.002483,-150.00002,0,0
40.230145,50.002483,-150.00002,0,0
39.230145,50.002483,-150.00002,0,0
38.230145,50.002483,-150.00002,0,0
37.230145,50.002483,-150.00002,0,0
36.230145,50.002483,-150.00002,0,0
35.230145,50.002483,-150.00002,0,0
34.230145,50.002483,-150.00002,0,0
33.230145,50.002483,-150.00002,0,0
32.230145,50.002483,-150.00002,0,0
31.230145,50.002483,-150.00002,0,0
30.230145,50.002483,-150.00002,0,0
29.230145,50.002483,-150.00002,0,0
28.230145,50.002483,-150.00002,0,0
27.230145,50.002483,-150.00002,0,0
26.230145,50.002483,-150.00002,0,0
25.230145,50.002483,-150.00002,0,0
24.230145,50.002483,-150.00002,0,0
23.230145,50.002483,-150.00002,0,0
22.230145,50.002483,-150.00002,0,0
21.230145,50.002483,-150.00002,0,0
20.230145,50.002483,-150.00002,0,0
19.230145,50.002483,-150.00002,0,0
18.230145,50.002483,-150.00002,0,0
17.230145,50.002483,-150.00002,0,0
16.230145,50.002483,-150.00002,0,0
15.2301445,50.002483,-150.00002,0,0
14.2301445,50.002483,-150.00002,0,0
13.2301445,50.002483,-150.00002,0,0
12.2301445,50.002483,-150.00002,0,0
11.2301445,50.002483,-150.00002,0,0
10.2301445,50.002483,-150.00002,0,0
9.2301445,50.002483,-150.00002,0,0
8.2301445,50.002483,-150.00002,0,0
7.2301445,50.002483,-150.00002,0,0
6.2301445,50.002483,-150.00002,0,0
5.2301445,50.002483,-150.00002,0,0
4.2301445,50.002483,-150.00002,0,0
3.2301445,50.002483,-150.00002,0,0
2.2301445,50.002483,-150.00002,0,0
1.2301445,50.002483,-150.00002,0,0
0.2301445,50.002483,-150.00002,0,0
-0.7698555,50.002483,-150.00002,0,0
-1.7698555,50.002483,-150.00002,0,0
-2.7698555,50.002483,-150.00002,0,0
-3.7698555,50.002483,-150.00002,0,0
-4.7698555,50.002483,-150.00002,0,0
-5.7698555,50.002483,-150.00002,0,0
-6.7698555,50.002483,-150.00002,0,0
-7.7698555,50.002483,-150.00002,0,0
-8.7698555,50.002483,-150.00002,0,0
-9.7698555,50.002483,-150.00002,0,0
-10.7698555,50.002483,-150.00002,0,0
-11.7698555,50.002483,-150.00002,0,0
-12.7698555,50.002483,-150.00002,0,0
-13.7698555,50.002483,-150.00002,0,0
-14.7698555,50.002483,-150.00002,0,0
-15.7698555,50.002483,-150.00002,0,0
-16.769855,50.002483,-150.00002,0,0
-17.769855,50.002483,-150.00002,0,0
-18.769855,50.002483,-150.00002,0,0
-19.769855,50.002483,-150.00002,0,0
-20.769855,50.002483,-150.00002,0,0
-21.769855,50.002483,-150.00002,0,0
-22.769855,50.002483,-150.00002,0,0
-23.769855,50.002483,-150.00002,0,0
-24.769855,50.002483,-150.00002,0,0
-25.769855,50.002483,-150.00002,0,0
-26.769855,50.002483,-150.00002,0,0
-27.769855,50.002483,-150.00002,0,0
-28.769855,50.002483,-150.00002,0,0
-29.769855,50.002483,-150.00002,0,0
-30.769855,50.002483,-150.00002,0,0
-31.769855,50.002483,-150.00002,0,0
-32.769855,50.002483,-150.00002,0,0
-33.769855,50.002483,-150.00002,0,0
-34.769855,50.002483,-150.00002,0,0
-35.769855,50.002483,-150.00002,0,0
-36.769855,50.002483,-150.00002,0,0
-37.769855,50.002483,-150.00002,0,0
-38.769855,50.002483,-150.00002,0,0
-39.769855,50.002483,-150.00002,0,0
-40.769855,50.002483,-150.00002,0,0
-41.769855,50.002483,-150.00002,0,0
-42.769855,50.002483,-150.00002,0,0
-43.769855,50.002483,-150.00002,0,0
-44.769855,50.002483,-150.00002,0,0
-45.769855,50.002483,-150.00002,0,0
-46.769855,50.002483,-150.00002,0,0
-47.769855,50.002483,-150.00002,0,0
-48.769855,50.002483,-150.00002,0,0
-49.769855,50.002483,-150.00002,0,0
49.230145,49.002483,-150.00002,0,0
48.230145,49.002483,-150.00002,0,0
47.230145,49.002483,-150.00002,0,0
46.230145,49.002483,-150.00002,0,0
45.230145,49.002483,-150.00002,0,0
44.230145,49.002483,-150.00002,0,0
43.230145,49.002483,-150.00002,0,0
42.230145,49.002483,-150.00002,0,0
41.230145,49.002483,-150.00002,0,0
40.230145,49.002483,-150.00002,0,0
39.230145,49.002483,-150.00002,0,0
38.230145,49.002483,-150.00002,0,0
37.230145,49.002483,-150.00002,0,0
36.230145,49.002483,-150.00002,0,0
35.230145,49.002483,-150.00002,0,0
34.230145,49.002483,-150.00002,0,0
33.230145,49.002483,-150.00002,0,0
32.230145,49.002483,-150.00002,0,0
31.230145,49.002483,-150.00002,0,0
30.230145,49.002483,-150.00002,0,0
29.230145,49.002483,-150.00002,0,0
28.230145,49.002483,-150.00002,0,0
27.230145,49.002483,-150.00002,0,0
26.230145,49.002483,-150.00002,0,0
25.230145,49.002483,-150.00002,0,0
24.230145,49.002483,-150.00002,0,0
23.230145,49.002483,-150.00002,0,0
22.230145,49.002483,-150.00002,0,0
21.230145,49.002483,-150.00002,0,0
20.230145,49.002483,-150.00002,0,0
19.230145,49.002483,-150.00002,0,0
18.230145,49.002483,-150.00002,0,0
17.230145,49.002483,-150.00002,0,0
16.230145,49.002483,-150.00002,0,0
15.2301445,49.002483,-150.00002,0,0
14.2301445,49.002483,-150.00002,0,0
13.2301445,49.002483,-150.00002,0,0
12.2301445,49.002483,-150.00002,0,0
11.2301445,49.002483,-150.00002,0,0
10.2301445,49.002483,-150.00002,0,0
9.2301445,49.002483,-150.00002,0,0
8.2301445,49.002483,-150.00002,0,0
7.2301445,49.002483,-150.00002,0,0
6.2301445,49.002483,-150.00002,0,0
5.2301445,49.002483,-150.00002,0,0
4.2301445,49.002483,-150.00002,0,0
3.2301445,49.002483,-150.00002,0,0
2.2301445,49.002483,-150.00002,0,0
1.2301445,49.002483,-150.00002,0,0
0.2301445,49.002483,-150.00002,0,0
-0.7698555,49.002483,-150.00002,0,0
-1.7698555,49.002483,-150.00002,0,0
-2.7698555,49.002483,-150.00002,0,0
-3.7698555,49.002483,-150.00002,0,0
-4.7698555,49.002483,-150.00002,0,0
-5.7698555,49.002483,-150.00002,0,0
-6.7698555,49.002483,-150.00002,0,0
-7.7698555,49.002483,-150.00002,0,0
-8.7698555,49.002483,-150.00002,0,0
-9.7698555,49.002483,-150.00002,0,0
-10.7698555,49.002483,-150.00002,0,0
-11.7698555,49.002483,-150.00002,0,0
-12.7698555,49.002483,-150.00002,0,0
-13.7698555,49.002483,-150.00002,0,0
-14.7698555,49.002483,-150.00002,0,0
-15.7698555,49.002483,-150.00002,0,0
-16.769855,49.002483,-150.00002,0,0
-17.769855,49.002483,-150.00002,0,0
-18.769855,49.002483,-150.00002,0,0
-19.769855,49.002483,-150.00002,0,0
-20.769855,49.002483,-150.00002,0,0
-21.769855,49.002483,-150.00002,0,0
-22.769855,49.002483,-150.00002,0,0
-23.769855,49.002483,-150.00002,0,0
-24.769855,49.002483,-150.00002,0,0
-25.769855,49.002483,-150.00002,0,0
-26.769855,49.002483,-150.00002,0,0
-27.769855,49.002483,-150.00002,0,0
-28.769855,49.002483,-150.00002,0,0
-29.769855,49.002483,-150.00002,0,0
-30.769855,49.002483,-150.00002,0,0
-31.769855,49.002483,-150.00002,0,0
-32.769855,49.002483,-150.00002,0,0
-33.769855,49.002483,-150.00002,0,0
-34.769855,49.002483,-150.00002,0,0
-35.769855,49.002483,-150.00002,0,0
-36.769855,49.002483,-150.00002,0,0
-37.769855,49.002483,-150.00002,0,0
-38.769855,49.002483,-150.00002,0,0
-39.769855,49.002483,-150.00002,0,0
-40.769855,49.002483,-150.00002,0,0
-41.769855,49.002483,-150.00002,0,0
-42.769855,49.002483,-150.00002,0,0
-43.769855,49.002483,-150.00002,0,0
-44.769855,49.002483,-150.00002,0,0
-45.769855,49.002483,-150.00002,0,0
-46.769855,49.002483,-150.00002,0,0
-47.769855,49.002483,-150.00002,0,0
-48.769855,49.002483,-150.00002,0,0
-49.769855,49.002483,-150.00002,0,0
49.230145,48.002483,-150.00002,0,0
48.230145,48.002483,-150.00002,0,0
47.230145,48.002483,-150.00002,0,0
46.230145,48.002483,-150.00002,0,0
45.230145,48.002483,-150.00002,0,0
44.230145,48.002483,-150.00002,0,0
43.230145,48.002483,-150.00002,0,0
42.230145,48.002483,-150.00002,0,0
41.230145,48.002483,-150.00002,0,0
40.230145,48.002483,-150.00002,0,0
39.230145,48.002483,-150.00002,0,0
38.230145,48.002483,-150.00002,0,0
37.230145,48.002483,-150.00002,0,0
36.230145,48.002483,-150.00002,0,0
35.230145,48.002483,-150.00002,0,0
34.230145,48.002483,-150.00002,0,0
33.230145,48.002483,-150.00002,0,0
32.230145,48.002483,-150.00002,0,0
31.230145,48.002483,-150.00002,0,0
30.230145,48.002483,-150.00002,0,0
29.230145,48.002483,-150.00002,0,0
28.230145,48.002483,-150.00002,0,0
27.230145,48.002483,-150.00002,0,0
26.230145,48.002483,-150.00002,0,0
25.230145,48.002483,-150.00002,0,0
24.230145,48.002483,-150.00002,0,0
23.230145,48.002483,-150.00002,0,0
22.230145,48.002483,-150.00002,0,0
21.230145,48.002483,-150.00002,0,0
20.230145,48.002483,-150.00002,0,0
19.230145,48.002483,-150.00002,0,0
18.230145,48.002483,-150.00002,0,0
17.230145,48.002483,-150.00002,0,0
16.230145,48.002483,-150.00002,0,0
15.2301445,48.002483,-150.00002,0,0
14.2301445,48.002483,-150.00002,0,0
13.2301445,48.002483,-150.00002,0,0
12.2301445,48.002483,-150.00002,0,0
11.2301445,48.002483,-150.00002,0,0
10.2301445,48.002483,-150.00002,0,0
9.2301445,48.002483,-150.00002,0,0
8.2301445,48.002483,-150.00002,0,0
7.2301445,48.002483,-150.00002,0,0
6.2301445,48.002483,-150.00002,0,0
5.2301445,48.002483,-150.00002,0,0
4.2301445,48.002483,-150.00002,0,0
3.2301445,48.002483,-150.00002,0,0
2.2301445,48.002483,-150.00002,0,0
1.2301445,48.002483,-150.00002,0,0
0.2301445,48.002483,-150.00002,0,0
-0.7698555,48.002483,-150.00002,0,0
-1.7698555,48.002483,-150.00002,0,0
-2.7698555,48.002483,-150.00002,0,0
-3.7698555,48.002483,-150.00002,0,0
-4.7698555,48.002483,-150.00002,0,0
-5.7698555,48.002483,-150.00002,0,0
-6.7698555,48.002483,-150.00002,0,0
-7.7698555,48.002483,-150.00002,0,0
-8.7698555,48.002483,-150.00002,0,0
-9.7698555,48.002483,-150.00002,0,0
-10.7698555,48.002483,-150.00002,0,0
-11.7698555,48.002483,-150.00002,0,0
-12.7698555,48.002483,-150.00002,0,0
-13.7698555,48.002483,-150.00002,0,0
-14.7698555,48.002483,-150.00002,0,0
-15.7698555,48.002483,-150.00002,0,0
-16.769855,48.002483,-150.00002,0,0
-17.769855,48.002483,-150.00002,0,0
-18.769855,48.002483,-150.00002,0,0
-19.769855,48.002483,-150.00002,0,0
-20.769855,48.002483,-150.00002,0,0
-21.769855,48.002483,-150.00002,0,0
-22.769855,48.002483,-150.00002,0,0
-23.769855,48.002483,-150.00002,0,0
-24.769855,48.002483,-150.00002,0,0
-25.769855,48.002483,-150.00002,0,0
-26.769855,48.002483,-150.00002,0,0
-27.769855,48.002483,-150.00002,0,0
-28.769855,48.002483,-150.00002,0,0
-29.769855,48.002483,-150.00002,0,0
-30.769855,48.002483,-150.00002,0,0
-31.769855,48.002483,-150.00002,0,0
-32.769855,48.002483,-150.00002,0,0
-33.769855,48.002483,-150.00002,0,0
-34.769855,48.002483,-150.00002,0,0
-35.769855,48.002483,-150.00002,0,0
-36.769855,48.002483,-150.00002,0,0
-37.769855,48.002483,-150.00002,0,0
-38.769855,48.002483,-150.00002,0,0
-39.769855,48.002483,-150.00002,0,0
-40.769855,48.002483,-150.00002,0,0
-41.769855,48.002483,-150.00002,0,0
-42.769855,48.002483,-150.00002,0,0
-43.769855,48.002483,-150.00002,0,0
-44.769855,48.002483,-150.00002,0,0
-45.769855,48.002483,-150.00002,0,0
-46.769855,48.002483,-150.00002,0,0
-47.769855,48.002483,-150.00002,0,0
-48.769855,48.002483,-150.00002,0,0
-49.769855,48.002483,-150.00002,0,0
49.230145,47.002483,-150.00002,0,0
48.230145,47.002483,-150.00002,0,0
47.230145,47.002483,-150.00002,0,0
46.230145,47.002483,-150.00002,0,0
45.230145,47.002483,-150.00002,0,0
44.230145,47.002483,-150.00002,0,0
43.230145,47.002483,-150.00002,0,0
42.230145,47.002483,-150.00002,0,0
41.230145,47.002483,-150.00002,0,0
40.230145,47.002483,-150.00002,0,0
39.230145,47.002483,-150.00002,0,0
38.230145,47.002483,-150.00002,0,0
37.230145,47.002483,-150.00002,0,0
36.230145,47.002483,-150.00002,0,0
35.230145,47.002483,-150.00002,0,0
34.230145,47.002483,-150.00002,0,0
33.230145,47.002483,-150.00002,0,0
32.230145,47.002483,-150.00002,0,0
31.230145,47.002483,-150.00002,0,0
30.230145,47.002483,-150.00002,0,0
29.230145,47.002483,-150.00002,0,0
28.230145,47.002483,-150.00002,0,0
27.230145,47.002483,-150.00002,0,0
26.230145,47.002483,-150.00002,0,0
25.230145,47.002483,-150.00002,0,0
24.230145,47.002483,-150.00002,0,0
23.230145,47.002483,-150.00002,0,0
22.230145,47.002483,-150.00002,0,0
21.230145,47.002483,-150.00002,0,0
20.230145,47.002483,-150.00002,0,0
19.230145,47.002483,-150.00002,0,0
18.230145,47.002483,-150.00002,0,0
17.230145,47.002483,-150.00002,0,0
16.230145,47.002483,-150.00002,0,0
15.2301445,47.002483,-150.00002,0,0
14.2301445,47.002483,-150.00002,0,0
13.2301445,47.002483,-150.00002,0,0
12.2301445,47.002483,-150.00002,0,0
11.2301445,47.002483,-150.00002,0,0
10.2301445,47.002483,-150.00002,0,0
9.2301445,47.002483,-150.00002,0,0
8.2301445,47.002483,-150.00002,0,0
7.2301445,47.002483,-150.00002,0,0
6.2301445,47.002483,-150.00002,0,0
5.2301445,47.002483,-150.00002,0,0
4.2301445,47.002483,-150.00002,0,0
3.2301445,47.002483,-150.00002,0,0
2.2301445,47.002483,-150.00002,0,0
1.2301445,47.002483,-150.00002,0,0
0.2301445,47.002483,-150.00002,0,0
-0.7698555,47.002483,-150.00002,0,0
-1.7698555,47.002483,-150.00002,0,0
-2.7698555,47.002483,-150.00002,0,0
-3.7698555,47.002483,-150.00002,0,0
-4.7698555,47.002483,-150.00002,0,0
-5.7698555,47.002483,-150.00002,0,0
-6.7698555,47.002483,-150.00002,0,0
-7.7698555,47.002483,-150.00002,0,0
-8.7698555,47.002483,-150.00002,0,0
-9.7698555,47.002483,-150.00002,0,0
-10.7698555,47.002483,-150.00002,0,0
-11.7698555,47.002483,-150.00002,0,0
-12.7698555,47.002483,-150.00002,0,0
-13.7698555,47.002483,-150.00002,0,0
-14.7698555,47.002483,-150.00002,0,0
-15.7698555,47.002483,-150.00002,0,0
-16.769855,47.002483,-150.00002,0,0
-17.769855,47.002483,-150.00002,0,0
-18.769855,47.002483,-150.00002,0,0
-19.769855,47.002483,-150.00002,0,0
-20.769855,47.002483,-150.00002,0,0
-21.769855,47.002483,-150.00002,0,0
-22.769855,47.002483,-150.00002,0,0
-23.769855,47.002483,-150.00002,0,0
-24.769855,47.002483,-150.00002,0,0
-25.769855,47.002483,-150.00002,0,0
-26.769855,47.002483,-150.00002,0,0
-27.769855,47.002483,-150.00002,0,0
-28.769855,47.002483,-150.00002,0,0
-29.769855,47.002483,-150.00002,0,0
-30.769855,47.002483,-150.00002,0,0
-31.769855,47.002483,-150.00002,0,0
-32.769855,47.002483,-150.00002,0,0
-33.769855,47.002483,-150.00002,0,0
-34.769855,47.002483,-150.00002,0,0
-35.769855,47.002483,-150.00002,0,0
-36.769855,47.002483,-150.00002,0,0
-37.769855,47.002483,-150.00002,0,0
-38.769855,47.002483,-150.00002,0,0
-39.769855,47.002483,-150.00002,0,0
-40.769855,47.002483,-150.00002,0,0
-41.769855,47.002483,-150.00002,0,0
-42.769855,47.002483,-150.00002,0,0
-43.769855,47.002483,-150.00002,0,0
-44.769855,47.002483,-150.00002,0,0
-45.769855,47.002483,-150.00002,0,0
-46.769855,47.002483,-150.00002,0,0
-47.769855,47.002483,-150.00002,0,0
-48.769855,47.002483,-150.00002,0,0
-49.769855,47.002483,-150.00002,0,0
49.230145,46.002483,-150.00002,0,0
48.230145,46.002483,-150.00002,0,0
47.230145,46.002483,-150.00002,0,0
46.230145,46.002483,-150.00002,0,0
45.230145,46.002483,-150.00002,0,0
44.230145,46.002483,-150.00002,0,0
43.230145,46.002483,-150.00002,0,0
42.230145,46.002483,-150.00002,0,0
41.230145,46.002483,-150.00002,0,0
40.230145,46.002483,-150.00002,0,0
39.230145,46.002483,-150.00002,0,0
38.230145,46.002483,-150.00002,0,0
37.230145,46.002483,-150.00002,0,0
36.230145,46.002483,-150.00002,0,0
35.230145,46.002483,-150.00002,0,0
34.230145,46.002483,-150.00002,0,0
33.230145,46.002483,-150.00002,0,0
32.230145,46.002483,-150.00002,0,0
31.230145,46.002483,-150.00002,0,0
30.230145,46.002483,-150.00002,0,0
29.230145,46.002483,-150.00002,0,0
28.230145,46.002483,-150.00002,0,0
27.230145,46.002483,-150.00002,0,0
26.230145,46.002483,-150.00002,0,0
25.230145,46.002483,-150.00002,0,0
24.230145,46.002483,-150.00002,0,0
23.230145,46.002483,-150.00002,0,0
22.230145,46.002483,-150.00002,0,0
21.230145,46.002483,-150.00002,0,0
20.230145,46.002483,-150.00002,0,0
19.230145,46.002483,-150.00002,0,0
18.230145,46.002483,-150.00002,0,0
17.230145,46.002483,-150.00002,0,0
16.230145,46.002483,-150.00002,0,0
15.2301445,46.002483,-150.00002,0,0
14.2301445,46.002483,-150.00002,0,0
13.2301445,46.002483,-150.00002,0,0
12.2301445,46.002483,-150.00002,0,0
11.2301445,46.002483,-150.00002,0,0
10.2301445,46.002483,-150.00002,0,0
9.2301445,46.002483,-150.00002,0,0
8.2301445,46.002483,-150.00002,0,0
7.2301445,46.002483,-150.00002,0,0
6.2301445,46.002483,-150.00002,0,0
5.2301445,46.002483,-150.00002,0,0
4.2301445,46.002483,-150.00002,0,0
3.2301445,46.002483,-150.00002,0,0
2.2301445,46.002483,-150.00002,0,0
1.2301445,46.002483,-150.00002,0,0
0.2301445,46.002483,-150.00002,0,0
-0.7698555,46.002483,-150.00002,0,0
-1.7698555,46.002483,-150.00002,0,0
-2.7698555,46.002483,-150.00002,0,0
-3.7698555,46.002483,-150.00002,0,0
-4.7698555,46.002483,-150.00002,0,0
-5.7698555,46.002483,-150.00002,0,0
-6.7698555,46.002483,-150.00002,0,0
-7.7698555,46.002483,-150.00002,0,0
-8.7698555,46.002483,-150.00002,0,0
-9.7698555,46.002483,-150.00002,0,0
-10.7698555,46.002483,-150.00002,0,0
-11.7698555,46.002483,-150.00002,0,0
-12.7698555,46.002483,-150.00002,0,0
-13.7698555,46.002483,-150.00002,0,0
-14.7698555,46.002483,-150.00002,0,0
-15.7698555,46.002483,-150.00002,0,0
-16.769855,46.002483,-150.00002,0,0
-17.769855,46.002483,-150.00002,0,0
-18.769855,46.002483,-150.00002,0,0
-19.769855,46.002483,-150.00002,0,0
-20.769855,46.002483,-150.00002,0,0
-21.769855,46.002483,-150.00002,0,0
-22.769855,46.002483,-150.00002,0,0
-23.769855,46.002483,-150.00002,0,0
-24.769855,46.002483,-150.00002,0,0
-25.769855,46.002483,-150.00002,0,0
-26.769855,46.002483,-150.00002,0,0
-27.769855,46.002483,-150.00002,0,0
-28.769855,46.002483,-150.00002,0,0
-29.769855,46.002483,-150.00002,0,0
-30.769855,46.002483,-150.00002,0,0
-31.769855,46.002483,-150.00002,0,0
-32.769855,46.002483,-150.00002,0,0
-33.769855,46.002483,-150.00002,0,0
-34.769855,46.002483,-150.00002,0,0
-35.769855,46.002483,-150.00002,0,0
-36.769855,46.002483,-150.00002,0,0
-37.769855,46.002483,-150.00002,0,0
-38.769855,46.002483,-150.00002,0,0
-39.769855,46.002483,-150.00002,0,0
-40.769855,46.002483,-150.00002,0,0
-41.769855,46.002483,-150.00002,0,0
-42.769855,46.002483,-150.00002,0,0
-43.769855,46.002483,-150.00002,0,0
-44.769855,46.002483,-150.00002,0,0
-45.769855,46.002483,-150.00002,0,0
-46.769855,46.002483,-150.00002,0,0
-47.769855,46.002483,-150.00002,0,0
-48.769855,46.002483,-150.00002,0,0
-49.769855,46.002483,-150.00002,0,0
49.230145,45.002483,-150.00002,0,0
48.230145,45.002483,-150.00002,0,0
47.230145,45.002483,-150.00002,0,0
46.230145,45.002483,-150.00002,0,0
45.230145,45.002483,-150.00002,0,0
44.230145,45.002483,-150.00002,0,0
43.230145,45.002483,-150.00002,0,0
42.230145,45.002483,-150.00002,0,0
41.230145,45.002483,-150.00002,0,0
40.230145,45.002483,-150.00002,0,0
39.230145,45.002483,-150.00002,0,0
38.230145,45.002483,-150.00002,0,0
37.230145,45.002483,-150.00002,0,0
36.230145,45.002483,-150.00002,0,0
35.230145,45.002483,-150.00002,0,0
34.230145,45.002483,-150.00002,0,0
33.230145,45.002483,-150.00002,0,0
32.230145,45.002483,-150.00002,0,0
31.230145,45.002483,-150.00002,0,0
30.230145,45.002483,-150.00002,0,0
29.230145,45.002483,-150.00002,0,0
28.230145,45.002483,-150.00002,0,0
27.230145,45.002483,-150.00002,0,0
26.230145,45.002483,-150.00002,0,0
25.230145,45.002483,-150.00002,0,0
24.230145,45.002483,-150.00002,0,0
23.230145,45.002483,-150.00002,0,0
22.230145,45.002483,-150.00002,0,0
21.230145,45.002483,-150.00002,0,0
20.230145,45.002483,-150.00002,0,0
19.230145,45.002483,-150.00002,0,0
18.230145,45.002483,-150.00002,0,0
17.230145,45.002483,-150.00002,0,0
16.230145,45.002483,-150.00002,0,0
15.2301445,45.002483,-150.00002,0,0
14.2301445,45.002483,-150.00002,0,0
13.2301445,45.002483,-150.00002,0,0
12.2301445,45.002483,-150.00002,0,0
11.2301445,45.002483,-150.00002,0,0
10.2301445,45.002483,-150.00002,0,0
9.2301445,45.002483,-150.00002,0,0
8.2301445,45.002483,-150.00002,0,0
7.2301445,45.002483,-150.00002,0,0
6.2301445,45.002483,-150.00002,0,0
5.2301445,45.002483,-150.00002,0,0
4.2301445,45.002483,-150.00002,0,0
3.2301445,45.002483,-150.00002,0,0
2.2301445,45.002483,-150.00002,0,0
1.2301445,45.002483,-150.00002,0,0
0.2301445,45.002483,-150.00002,0,0
-0.7698555,45.002483,-150.00002,0,0
-1.7698555,45.002483,-150.00002,0,0
-2.7698555,45.002483,-150.00002,0,0
-3.7698555,45.002483,-150.00002,0,0
-4.7698555,45.002483,-150.00002,0,0
-5.7698555,45.002483,-150.00002,0,0
-6.7698555,45.002483,-150.00002,0,0
-7.7698555,45.002483,-150.00002,0,0
-8.7698555,45.002483,-150.00002,0,0
-9.7698555,45.002483,-150.00002,0,0
-10.7698555,45.002483,-150.00002,0,0
-11.7698555,45.002483,-150.00002,0,0
-12.7698555,45.002483,-150.00002,0,0
-13.7698555,45.002483,-150.00002,0,0
-14.7698555,45.002483,-150.00002,0,0
-15.7698555,45.002483,-150.00002,0,0
-16.769855,45.002483,-150.00002,0,0
-17.769855,45.002483,-150.00002,0,0
-18.769855,45.002483,-150.00002,0,0
-19.769855,45.002483,-150.00002,0,0
-20.769855,45.002483,-150.00002,0,0
-21.769855,45.002483,-150.00002,0,0
-22.769855,45.002483,-150.00002,0,0
-23.769855,45.002483,-150.00002,0,0
-24.769855,45.002483,-150.00002,0,0
-25.769855,45.002483,-150.00002,0,0
-26.769855,45.002483,-150.00002,0,0
-27.769855,45.002483,-150.00002,0,0
-28.769855,45.002483,-150.00002,0,0
-29.769855,45.002483,-150.00002,0,0
-30.769855,45.002483,-150.00002,0,0
-31.769855,45.002483,-150.00002,0,0
-32.769855,45.002483,-150.00002,0,0
-33.769855,45.002483,-150.00002,0,0
-34.769855,45.002483,-150.00002,0,0
-35.769855,45.002483,-150.00002,0,0
-36.769855,45.002483,-150.00002,0,0
-37.769855,45.002483,-150.00002,0,0
-38.769855,45.002483,-150.00002,0,0
-39.769855,45.002483,-150.00002,0,0
-40.769855,45.002483,-150.00002,0,0
-41.769855,45.002483,-150.00002,0,0
-42.769855,45.002483,-150.00002,0,0
-43.769855,45.002483,-150.00002,0,0
-44.769855,45.002483,-150.00002,0,0
-45.769855,45.002483,-150.00002,0,0
-46.769855,45.002483,-150.00002,0,0
-47.769855,45.002483,-150.00002,0,0
-48.769855,45.002483,-150.00002,0,0
-49.769855,45.002483,-150.00002,0,0
49.230145,44.002483,-150.00002,0,0
48.230145,44.002483,-150.00002,0,0
47.230145,44.002483,-150.00002,0,0
46.230145,44.002483,-150.00002,0,0
45.230145,44.002483,-150.00002,0,0
44.230145,44.002483,-150.00002,0,0
43.230145,44.002483,-150.00002,0,0
42.230145,44.002483,-150.00002,0,0
41.230145,44.002483,-150.00002,0,0
40.230145,44.002483,-150.00002,0,0
39.230145,44.002483,-150.00002,0,0
38.230145,44.002483,-150.00002,0,0
37.230145,44.002483,-150.00002,0,0
36.230145,44.002483,-150.00002,0,0
35.230145,44.002483,-150.00002,0,0
34.230145,44.002483,-150.00002,0,0
33.230145,44.002483,-150.00002,0,0
32.230145,44.002483,-150.00002,0,0
31.230145,44.002483,-150.00002,0,0
30.230145,44.002483,-150.00002,0,0
29.230145,44.002483,-150.00002,0,0
28.230145,44.002483,-150.00002,0,0
27.230145,44.002483,-150.00002,0,0
26.230145,44.002483,-150.00002,0,0
25.230145,44.002483,-150.00002,0,0
24.230145,44.002483,-150.00002,0,0
23.230145,44.002483,-150.00002,0,0
22.230145,44.002483,-150.00002,0,0
21.230145,44.002483,-150.00002,0,0
20.230145,44.002483,-150.00002,0,0
19.230145,44.002483,-150.00002,0,0
18.230145,44.002483,-150.00002,0,0
17.230145,44.002483,-150.00002,0,0
16.230145,44.002483,-150.00002,0,0
15.2301445,44.002483,-150.00002,0,0
14.2301445,44.002483,-150.00002,0,0
13.2301445,44.002483,-150.00002,0,0
12.2301445,44.002483,-150.00002,0,0
11.2301445,44.002483,-150.00002,0,0
10.2301445,44.002483,-150.00002,0,0
9.2301445,44.002483,-150.00002,0,0
8.2301445,44.002483,-150.00002,0,0
7.2301445,44.002483,-150.00002,0,0
6.2301445,44.002483,-150.00002,0,0
5.2301445,44.002483,-150.00002,0,0
4.2301445,44.002483,-150.00002,0,0
3.2301445,44.002483,-150.00002,0,0
2.2301445,44.002483,-150.00002,0,0
1.2301445,44.002483,-150.00002,0,0
0.2301445,44.002483,-150.00002,0,0
-0.7698555,44.002483,-150.00002,0,0
-1.7698555,44.002483,-150.00002,0,0
-2.7698555,44.002483,-150.00002,0,0
-3.7698555,44.002483,-150.00002,0,0
-4.7698555,44.002483,-150.00002,0,0
-5.7698555,44.002483,-150.00002,0,0
-6.7698555,44.002483,-150.00002,0,0
-7.7698555,44.002483,-150.00002,0,0
-8.7698555,44.002483,-150.00002,0,0
-9.7698555,44.002483,-150.00002,0,0
-10.7698555,44.002483,-150.00002,0,0
-11.7698555,44.002483,-150.00002,0,0
-12.7698555,44.002483,-150.00002,0,0
-13.7698555,44.002483,-150.00002,0,0
-14.7698555,44.002483,-150.00002,0,0
-15.7698555,44.002483,-150.00002,0,0
-16.769855,44.002483,-150.00002,0,0
-17.769855,44.002483,-150.00002,0,0
-18.769855,44.002483,-150.00002,0,0
-19.769855,44.002483,-150.00002,0,0
-20.769855,44.002483,-150.00002,0,0
-21.769855,44.002483,-150.00002,0,0
-22.769855,44.002483,-150.00002,0,0
-23.769855,44.002483,-150.00002,0,0
-24.769855,44.002483,-150.00002,0,0
-25.769855,44.002483,-150.00002,0,0
-26.769855,44.002483,-150.00002,0,0
-27.769855,44.002483,-150.00002,0,0
-28.769855,44.002483,-150.00002,0,0
-29.769855,44.002483,-150.00002,0,0
-30.769855,44.002483,-150.00002,0,0
-31.769855,44.002483,-150.00002,0,0
-32.769855,44.002483,-150.00002,0,0
-33.769855,44.002483,-150.00002,0,0
-34.769855,44.002483,-150.00002,0,0
-35.769855,44.002483,-150.00002,0,0
-36.769855,44.002483,-150.00002,0,0
-37.769855,44.002483,-150.00002,0,0
-38.769855,44.002483,-150.00002,0,0
-39.769855,44.002483,-150.00002,0,0
-40.769855,44.002483,-150.00002,0,0
-41.769855,44.002483,-150.00002,0,0
-42.769855,44.002483,-150.00002,0,0
-43.769855,44.002483,-150.00002,0,0
-44.769855,44.002483,-150.00002,0,0
-45.769855,44.002483,-150.00002,0,0
-46.769855,44.002483,-150.00002,0,0
-47.769855,44.002483,-150.00002,0,0
-48.769855,44.002483,-150.00002,0,0
-49.769855,44.002483,-150.00002,0,0
49.230145,43.002483,-150.00002,0,0
48.230145,43.002483,-150.00002,0,0
47.230145,43.002483,-150.00002,0,0
46.230145,43.002483,-150.00002,0,0
45.230145,43.002483,-150.00002,0,0
44.230145,43.002483,-150.00002,0,0
43.230145,43.002483,-150.00002,0,0
42.230145,43.002483,-150.00002,0,0
41.230145,43.002483,-150.00002,0,0
40.230145,43.002483,-150.00002,0,0
39.230145,43.002483,-150.00002,0,0
38.230145,43.002483,-150.00002,0,0
37.230145,43.002483,-150.00002,0,0
36.230145,43.002483,-150.00002,0,0
35.230145,43.002483,-150.00002,0,0
34.230145,43.002483,-150.00002,0,0
33.230145,43.002483,-150.00002,0,0
32.230145,43.002483,-150.00002,0,0
31.230145,43.002483,-150.00002,0,0
30.230145,43.002483,-150.00002,0,0
29.230145,43.002483,-150.00002,0,0
28.230145,43.002483,-150.00002,0,0
27.230145,43.002483,-150.00002,0,0
26.230145,43.002483,-150.00002,0,0
25.230145,43.002483,-150.00002,0,0
24.230145,43.002483,-150.00002,0,0
23.230145,43.002483,-150.00002,0,0
22.230145,43.002483,-150.00002,0,0
21.230145,43.002483,-150.00002,0,0
20.230145,43.002483,-150.00002,0,0
19.230145,43.002483,-150.00002,0,0
18.230145,43.002483,-150.00002,0,0
17.230145,43.002483,-150.00002,0,0
16.230145,43.002483,-150.00002,0,0
15.2301445,43.002483,-150.00002,0,0
14.2301445,43.002483,-150.00002,0,0
13.2301445,43.002483,-150.00002,0,0
12.2301445,43.002483,-150.00002,0,0
11.2301445,43.002483,-150.00002,0,0
10.2301445,43.002483,-150.00002,0,0
9.2301445,43.002483,-150.00002,0,0
8.2301445,43.002483,-150.00002,0,0
7.2301445,43.002483,-150.00002,0,0
6.2301445,43.002483,-150.00002,0,0
5.2301445,43.002483,-150.00002,0,0
4.2301445,43.002483,-150.00002,0,0
3.2301445,43.002483,-150.00002,0,0
2.2301445,43.002483,-150.00002,0,0
1.2301445,43.002483,-150.00002,0,0
0.2301445,43.002483,-150.00002,0,0
-0.7698555,43.002483,-150.00002,0,0
-1.7698555,43.002483,-150.00002,0,0
-2.7698555,43.002483,-150.00002,0,0
-3.7698555,43.002483,-150.00002,0,0
-4.7698555,43.002483,-150.00002,0,0
-5.7698555,43.002483,-150.00002,0,0
-6.7698555,43.002483,-150.00002,0,0
-7.7698555,43.002483,-150.00002,0,0
-8.7698555,43.002483,-150.00002,0,0
-9.7698555,43.002483,-150.00002,0,0
-10.7698555,43.002483,-150.00002,0,0
-11.7698555,43.002483,-150.00002,0,0
-12.7698555,43.002483,-150.00002,0,0
-13.7698555,43.002483,-150.00002,0,0
-14.7698555,43.002483,-150.00002,0,0
-15.7698555,43.002483,-150.00002,0,0
-16.769855,43.002483,-150.00002,0,0
-17.769855,43.002483,-150.00002,0,0
-18.769855,43.002483,-150.00002,0,0
-19.769855,43.002483,-150.00002,0,0
-20.769855,43.002483,-150.00002,0,0
-21.769855,43.002483,-150.00002,0,0
-22.769855,43.002483,-150.00002,0,0
-23.769855,43.002483,-150.00002,0,0
-24.769855,43.002483,-150.00002,0,0
-25.769855,43.002483,-150.00002,0,0
-26.769855,43.002483,-150.00002,0,0
-27.769855,43.002483,-150.00002,0,0
-28.769855,43.002483,-150.00002,0,0
-29.769855,43.002483,-150.00002,0,0
-30.769855,43.002483,-150.00002,0,0
-31.769855,43.002483,-150.00002,0,0
-32.769855,43.002483,-150.00002,0,0
-33.769855,43.002483,-150.00002,0,0
-34.769855,43.002483,-150.00002,0,0
-35.769855,43.002483,-150.00002,0,0
-36.769855,43.002483,-150.00002,0,0
-37.769855,43.002483,-150.00002,0,0
-38.769855,43.002483,-150.00002,0,0
-39.769855,43.002483,-150.00002,0,0
-40.769855,43.002483,-150.00002,0,0
-41.769855,43.002483,-150.00002,0,0
-42.769855,43.002483,-150.00002,0,0
-43.769855,43.002483,-150.00002,0,0
-44.769855,43.002483,-150.00002,0,0
-45.769855,43.002483,-150.00002,0,0
-46.769855,43.002483,-150.00002,0,0
-47.769855,43.002483,-150.00002,0,0
-48.769855,43.002483,-150.00002,0,0
-49.769855,43.002483,-150.00002,0,0
49.230145,42.002483,-150.00002,0,0
48.230145,42.002483,-150.00002,0,0
47.230145,42.002483,-150.00002,0,0
46.230145,42.002483,-150.00002,0,0
45.230145,42.002483,-150.00002,0,0
44.230145,42.002483,-150.00002,0,0
43.230145,42.002483,-150.00002,0,0
42.230145,42.002483,-150.00002,0,0
41.230145,42.002483,-150.00002,0,0
40.230145,42.002483,-150.00002,0,0
39.230145,42.002483,-150.00002,0,0
38.230145,42.002483,-150.00002,0,0
37.230145,42.002483,-150.00002,0,0
36.230145,42.002483,-150.00002,0,0
35.230145,42.002483,-150.00002,0,0
34.230145,42.002483,-150.00002,0,0
33.230145,42.002483,-150.00002,0,0
32.230145,42.002483,-150.00002,0,0
31.230145,42.002483,-150.00002,0,0
30.230145,42.002483,-150.00002,0,0
29.230145,42.002483,-150.00002,0,0
28.230145,42.002483,-150.00002,0,0
27.230145,42.002483,-150.00002,0,0
26.230145,42.002483,-150.00002,0,0
25.230145,42.002483,-150.00002,0,0
24.230145,42.002483,-150.00002,0,0
23.230145,42.002483,-150.00002,0,0
22.230145,42.002483,-150.00002,0,0
21.230145,42.002483,-150.00002,0,0
20.230145,42.002483,-150.00002,0,0
19.230145,42.002483,-150.00002,0,0
18.230145,42.002483,-150.00002,0,0
17.230145,42.002483,-150.00002,0,0
16.230145,42.002483,-150.00002,0,0
15.2301445,42.002483,-150.00002,0,0
14.2301445,42.002483,-150.00002,0,0
13.2301445,42.002483,-150.00002,0,0
12.2301445,42.002483,-150.00002,0,0
11.2301445,42.002483,-150.00002,0,0
10.2301445,42.002483,-150.00002,0,0
9.2301445,42.002483,-150.00002,0,0
8.2301445,42.002483,-150.00002,0,0
7.2301445,42.002483,-150.00002,0,0
6.2301445,42.002483,-150.00002,0,0
5.2301445,42.002483,-150.00002,0,0
4.2301445,42.002483,-150.00002,0,0
3.2301445,42.002483,-150.00002,0,0
2.2301445,42.002483,-150.00002,0,0
1.2301445,42.002483,-150.00002,0,0
0.2301445,42.002483,-150.00002,0,0
-0.7698555,42.002483,-150.00002,0,0
-1.7698555,42.002483,-150.00002,0,0
-2.7698555,42.002483,-150.00002,0,0
-3.7698555,42.002483,-150.00002,0,0
-4.7698555,42.002483,-150.00002,0,0
-5.7698555,42.002483,-150.00002,0,0
-6.7698555,42.002483,-150.00002,0,0
-7.7698555,42.002483,-150.00002,0,0
-8.7698555,42.002483,-150.00002,0,0
-9.7698555,42.002483,-150.00002,0,0
-10.7698555,42.002483,-150.00002,0,0
-11.7698555,42.002483,-150.00002,0,0
-12.7698555,42.002483,-150.00002,0,0
-13.7698555,42.002483,-150.00002,0,0
-14.7698555,42.002483,-150.00002,0,0
-15.7698555,42.002483,-150.00002,0,0
-16.769855,42.002483,-150.00002,0,0
-17.769855,42.002483,-150.00002,0,0
-18.769855,42.002483,-150.00002,0,0
-19.769855,42.002483,-150.00002,0,0
-20.769855,42.002483,-150.00002,0,0
-21.769855,42.002483,-150.00002,0,0
-22.769855,42.002483,-150.00002,0,0
-23.769855,42.002483,-150.00002,0,0
-24.769855,42.002483,-150.00002,0,0
-25.769855,42.002483,-150.00002,0,0
-26.769855,42.002483,-150.00002,0,0
-27.769855,42.002483,-150.00002,0,0
-28.769855,42.002483,-150.00002,0,0
-29.769855,42.002483,-150.00002,0,0
-30.769855,42.002483,-150.00002,0,0
-31.769855,42.002483,-150.00002,0,0
-32.769855,42.002483,-150.00002,0,0
-33.769855,42.002483,-150.00002,0,0
-34.769855,42.002483,-150.00002,0,0
-35.769855,42.002483,-150.00002,0,0
-36.769855,42.002483,-150.00002,0,0
-37.769855,42.002483,-150.00002,0,0
-38.769855,42.002483,-150.00002,0,0
-39.769855,42.002483,-150.00002,0,0
-40.769855,42.002483,-150.00002,0,0
-41.769855,42.002483,-150.00002,0,0
-42.769855,42.002483,-150.00002,0,0
-43.769855,42.002483,-150.00002,0,0
-44.769855,42.002483,-150.00002,0,0
-45.769855,42.002483,-150.00002,0,0
-46.769855,42.002483,-150.00002,0,0
-47.769855,42.002483,-150.00002,0,0
-48.769855,42.002483,-150.00002,0,0
-49.769855,42.002483,-150.00002,0,0
49.230145,41.002483,-150.00002,0,0
48.230145,41.002483,-150.00002,0,0
47.230145,41.002483,-150.00002,0,0
46.230145,41.002483,-150.00002,0,0
45.230145,41.002483,-150.00002,0,0
44.230145,41.002483,-150.00002,0,0
43.230145,41.002483,-150.00002,0,0
42.230145,41.002483,-150.00002,0,0
41.230145,41.002483,-150.00002,0,0
40.230145,41.002483,-150.00002,0,0
39.230145,41.002483,-150.00002,0,0
38.230145,41.002483,-150.00002,0,0
37.230145,41.002483,-150.00002,0,0
36.230145,41.002483,-150.00002,0,0
35.230145,41.002483,-150.00002,0,0
34.230145,41.002483,-150.00002,0,0
33.230145,41.002483,-150.00002,0,0
32.230145,41.002483,-150.00002,0,0
31.230145,41.002483,-150.00002,0,0
30.230145,41.002483,-150.00002,0,0
29.230145,41.002483,-150.00002,0,0
28.230145,41.002483,-150.00002,0,0
27.230145,41.002483,-150.00002,0,0
26.230145,41.002483,-150.00002,0,0
25.230145,41.002483,-150.00002,0,0
24.230145,41.002483,-150.00002,0,0
23.230145,41.002483,-150.00002,0,0
22.230145,41.002483,-150.00002,0,0
21.230145,41.002483,-150.00002,0,0
20.230145,41.002483,-150.00002,0,0
19.230145,41.002483,-150.00002,0,0
18.230145,41.002483,-150.00002,0,0
17.230145,41.002483,-150.00002,0,0
16.230145,41.002483,-150.00002,0,0
15.2301445,41.002483,-150.00002,0,0
14.2301445,41.002483,-150.00002,0,0
13.2301445,41.002483,-150.00002,0,0
12.2301445,41.002483,-150.00002,0,0
11.2301445,41.002483,-150.00002,0,0
10.2301445,41.002483,-150.00002,0,0
9.2301445,41.002483,-150.00002,0,0
8.2301445,41.002483,-150.00002,0,0
7.2301445,41.002483,-150.00002,0,0
6.2301445,41.002483,-150.00002,0,0
5.2301445,41.002483,-150.00002,0,0
4.2301445,41.002483,-150.00002,0,0
3.2301445,41.002483,-150.00002,0,0
2.2301445,41.002483,-150.00002,0,0
1.2301445,41.002483,-150.00002,0,0
0.2301445,41.002483,-150.00002,0,0
-0.7698555,41.002483,-150.00002,0,0
-1.7698555,41.002483,-150.00002,0,0
-2.7698555,41.002483,-150.00002,0,0
-3.7698555,41.002483,-150.00002,0,0
-4.7698555,41.002483,-150.00002,0,0
-5.7698555,41.002483,-150.00002,0,0
-6.7698555,41.002483,-150.00002,0,0
-7.7698555,41.002483,-150.00002,0,0
-8.7698555,41.002483,-150.00002,0,0
-9.7698555,41.002483,-150.00002,0,0
-10.7698555,41.002483,-150.00002,0,0
-11.7698555,41.002483,-150.00002,0,0
-12.7698555,41.002483,-150.00002,0,0
-13.7698555,41.002483,-150.00002,0,0
-14.7698555,41.002483,-150.00002,0,0
-15.7698555,41.002483,-150.00002,0,0
-16.769855,41.002483,-150.00002,0,0
-17.769855,41.002483,-150.00002,0,0
-18.769855,41.002483,-150.00002,0,0
-19.769855,41.002483,-150.00002,0,0
-20.769855,41.002483,-150.00002,0,0
-21.769855,41.002483,-150.00002,0,0
-22.769855,41.002483,-150.00002,0,0
-23.769855,41.002483,-150.00002,0,0
-24.769855,41.002483,-150.00002,0,0
-25.769855,41.002483,-150.00002,0,0
-26.769855,41.002483,-150.00002,0,0
-27.769855,41.002483,-150.00002,0,0
-28.769855,41.002483,-150.00002,0,0
-29.769855,41.002483,-150.00002,0,0
-30.769855,41.002483,-150.00002,0,0
-31.769855,41.002483,-150.00002,0,0
-32.769855,41.002483,-150.00002,0,0
-33.769855,41.002483,-150.00002,0,0
-34.769855,41.002483,-150.00002,0,0
-35.769855,41.002483,-150.00002,0,0
-36.769855,41.002483,-150.00002,0,0
-37.769855,41.002483,-150.00002,0,0
-38.769855,41.002483,-150.00002,0,0
-39.769855,41.002483,-150.00002,0,0
-40.769855,41.002483,-150.00002,0,0
-41.769855,41.002483,-150.00002,0,0
-42.769855,41.002483,-150.00002,0,0
-43.769855,41.002483,-150.00002,0,0
-44.769855,41.002483,-150.00002,0,0
-45.769855,41.002483,-150.00002,0,0
-46.769855,41.002483,-150.00002,0,0
-47.769855,41.002483,-150.00002,0,0
-48.769855,41.002483,-150.00002,0,0
-49.769855,41.002483,-150.00002,0,0
49.230145,40.002483,-150.00002,0,0
48.230145,40.002483,-150.00002,0,0
47.230145,40.002483,-150.00002,0,0
46.230145,40.002483,-150.00002,0,0
45.230145,40.002483,-150.00002,0,0
44.230145,40.002483,-150.00002,0,0
43.230145,40.002483,-150.00002,0,0
42.230145,40.002483,-150.00002,0,0
41.230145,40.002483,-150.00002,0,0
40.230145,40.002483,-150.00002,0,0
39.230145,40.002483,-150.00002,0,0
38.230145,40.002483,-150.00002,0,0
37.230145,40.002483,-150.00002,0,0
36.230145,40.002483,-150.00002,0,0
35.230145,40.002483,-150.00002,0,0
34.230145,40.002483,-150.00002,0,0
33.230145,40.002483,-150.00002,0,0
32.230145,40.002483,-150.00002,0,0
31.230145,40.002483,-150.00002,0,0
30.230145,40.002483,-150.00002,0,0
29.230145,40.002483,-150.00002,0,0
28.230145,40.002483,-150.00002,0,0
27.230145,40.002483,-150.00002,0,0
26.230145,40.002483,-150.00002,0,0
25.230145,40.002483,-150.00002,0,0
24.230145,40.002483,-150.00002,0,0
23.230145,40.002483,-150.00002,0,0
22.230145,40.002483,-150.00002,0,0
21.230145,40.002483,-150.00002,0,0
20.230145,40.002483,-150.00002,0,0
19.230145,40.002483,-150.00002,0,0
18.230145,40.002483,-150.00002,0,0
17.230145,40.002483,-150.00002,0,0
16.230145,40.002483,-150.00002,0,0
15.2301445,40.002483,-150.00002,0,0
14.2301445,40.002483,-150.00002,0,0
13.2301445,40.002483,-150.00002,0,0
12.2301445,40.002483,-150.00002,0,0
11.2301445,40.002483,-150.00002,0,0
10.2301445,40.002483,-150.00002,0,0
9.2301445,40.002483,-150.00002,0,0
8.2301445,40.002483,-150.00002,0,0
7.2301445,40.002483,-150.00002,0,0
6.2301445,40.002483,-150.00002,0,0
5.2301445,40.002483,-150.00002,0,0
4.2301445,40.002483,-150.00002,0,0
3.2301445,40.002483,-150.00002,0,0
2.2301445,40.002483,-150.00002,0,0
1.2301445,40.002483,-150.00002,0,0
0.2301445,40.002483,-150.00002,0,0
-0.7698555,40.002483,-150.00002,0,0
-1.7698555,40.002483,-150.00002,0,0
-2.7698555,40.002483,-150.00002,0,0
-3.7698555,40.002483,-150.00002,0,0
-4.7698555,40.002483,-150.00002,0,0
-5.7698555,40.002483,-150.00002,0,0
-6.7698555,40.002483,-150.00002,0,0
-7.7698555,40.002483,-150.00002,0,0
-8.7698555,40.002483,-150.00002,0,0
-9.7698555,40.002483,-150.00002,0,0
-10.7698555,40.002483,-150.00002,0,0
-11.7698555,40.002483,-150.00002,0,0
-12.7698555,40.002483,-150.00002,0,0
-13.7698555,40.002483,-150.00002,0,0
-14.7698555,40.002483,-150.00002,0,0
-15.7698555,40.002483,-150.00002,0,0
-16.769855,40.002483,-150.00002,0,0
-17.769855,40.002483,-150.00002,0,0
-18.769855,40.002483,-150.00002,0,0
-19.769855,40.002483,-150.00002,0,0
-20.769855,40.002483,-150.00002,0,0
-21.769855,40.002483,-150.00002,0,0
-22.769855,40.002483,-150.00002,0,0
-23.769855,40.002483,-150.00002,0,0
-24.769855,40.002483,-150.00002,0,0
-25.769855,40.002483,-150.00002,0,0
-26.769855,40.002483,-150.00002,0,0
-27.769855,40.002483,-150.00002,0,0
-28.769855,40.002483,-150.00002,0,0
-29.769855,40.002483,-150.00002,0,0
-30.769855,40.002483,-150.00002,0,0
-31.769855,40.002483,-150.00002,0,0
-32.769855,40.002483,-150.00002,0,0
-33.769855,40.002483,-150.00002,0,0
-34.769855,40.002483,-150.00002,0,0
-35.769855,40.002483,-150.00002,0,0
-36.769855,40.002483,-150.00002,0,0
-37.769855,40.002483,-150.00002,0,0
-38.769855,40.002483,-150.00002,0,0
-39.769855,40.002483,-150.00002,0,0
-40.769855,40.002483,-150.00002,0,0
-41.769855,40.002483,-150.00002,0,0
-42.769855,40.002483,-150.00002,0,0
-43.769855,40.002483,-150.00002,0,0
-44.769855,40.002483,-150.00002,0,0
-45.769855,40.002483,-150.00002,0,0
-46.769855,40.002483,-150.00002,0,0
-47.769855,40.002483,-150.00002,0,0
-48.769855,40.002483,-150.00002,0,0
-49.769855,40.002483,-150.00002,0,0
49.230145,39.002483,-150.00002,0,0
48.230145,39.002483,-150.00002,0,0
47.230145,39.002483,-150.00002,0,0
46.230145,39.002483,-150.00002,0,0
45.230145,39.002483,-150.00002,0,0
44.230145,39.002483,-150.00002,0,0
43.230145,39.002483,-150.00002,0,0
42.230145,39.002483,-150.00002,0,0
41.230145,39.002483,-150.00002,0,0
40.230145,39.002483,-150.00002,0,0
39.230145,39.002483,-150.00002,0,0
38.230145,39.002483,-150.00002,0,0
37.230145,39.002483,-150.00002,0,0
36.230145,39.002483,-150.00002,0,0
35.230145,39.002483,-150.00002,0,0
34.230145,39.002483,-150.00002,0,0
33.230145,39.002483,-150.00002,0,0
32.230145,39.002483,-150.00002,0,0
31.230145,39.002483,-150.00002,0,0
30.230145,39.002483,-150.00002,0,0
29.230145,39.002483,-150.00002,0,0
28.230145,39.002483,-150.00002,0,0
27.230145,39.002483,-150.00002,0,0
26.230145,39.002483,-150.00002,0,0
25.230145,39.002483,-150.00002,0,0
24.230145,39.002483,-150.00002,0,0
23.230145,39.002483,-150.00002,0,0
22.230145,39.002483,-150.00002,0,0
21.230145,39.002483,-150.00002,0,0
20.230145,39.002483,-150.00002,0,0
19.230145,39.002483,-150.00002,0,0
18.230145,39.002483,-150.00002,0,0
17.230145,39.002483,-150.00002,0,0
16.230145,39.002483,-150.00002,0,0
15.2301445,39.002483,-150.00002,0,0
14.2301445,39.002483,-150.00002,0,0
13.2301445,39.002483,-150.00002,0,0
12.2301445,39.002483,-150.00002,0,0
11.2301445,39.002483,-150.00002,0,0
10.2301445,39.002483,-150.00002,0,0
9.2301445,39.002483,-150.00002,0,0
8.2301445,39.002483,-150.00002,0,0
7.2301445,39.002483,-150.00002,0,0
6.2301445,39.002483,-150.00002,0,0
5.2301445,39.002483,-150.00002,0,0
4.2301445,39.002483,-150.00002,0,0
3.2301445,39.002483,-150.00002,0,0
2.2301445,39.002483,-150.00002,0,0
1.2301445,39.002483,-150.00002,0,0
0.2301445,39.002483,-150.00002,0,0
-0.7698555,39.002483,-150.00002,0,0
-1.7698555,39.002483,-150.00002,0,0
-2.7698555,39.002483,-150.00002,0,0
-3.7698555,39.002483,-150.00002,0,0
-4.7698555,39.002483,-150.00002,0,0
-5.7698555,39.002483,-150.00002,0,0
-6.7698555,39.002483,-150.00002,0,0
-7.7698555,39.002483,-150.00002,0,0
-8.7698555,39.002483,-150.00002,0,0
-9.7698555,39.002483,-150.00002,0,0
-10.7698555,39.002483,-150.00002,0,0
-11.7698555,39.002483,-150.00002,0,0
-12.7698555,39.002483,-150.00002,0,0
-13.7698555,39.002483,-150.00002,0,0
-14.7698555,39.002483,-150.00002,0,0
-15.7698555,39.002483,-150.00002,0,0
-16.769855,39.002483,-150.00002,0,0
-17.769855,39.002483,-150.00002,0,0
-18.769855,39.002483,-150.00002,0,0
-19.769855,39.002483,-150.00002,0,0
-20.769855,39.002483,-150.00002,0,0
-21.769855,39.002483,-150.00002,0,0
-22.769855,39.002483,-150.00002,0,0
-23.769855,39.002483,-150.00002,0,0
-24.769855,39.002483,-150.00002,0,0
-25.769855,39.002483,-150.00002,0,0
-26.769855,39.002483,-150.00002,0,0
-27.769855,39.002483,-150.00002,0,0
-28.769855,39.002483,-150.00002,0,0
-29.769855,39.002483,-150.00002,0,0
-30.769855,39.002483,-150.00002,0,0
-31.769855,39.002483,-150.00002,0,0
-32.769855,39.002483,-150.00002,0,0
-33.769855,39.002483,-150.00002,0,0
-34.769855,39.002483,-150.00002,0,0
-35.769855,39.002483,-150.00002,0,0
-36.769855,39.002483,-150.00002,0,0
-37.769855,39.002483,-150.00002,0,0
-38.769855,39.002483,-150.00002,0,0
-39.769855,39.002483,-150.00002,0,0
-40.769855,39.002483,-150.00002,0,0
-41.769855,39.002483,-150.00002,0,0
-42.769855,39.002483,-150.00002,0,0
-43.769855,39.002483,-150.00002,0,0
-44.769855,39.002483,-150.00002,0,0
-45.769855,39.002483,-150.00002,0,0
-46.769855,39.002483,-150.00002,0,0
-47.769855,39.002483,-150.00002,0,0
-48.769855,39.002483,-150.00002,0,0
-49.769855,39.002483,-150.00002,0,0
49.230145,38.002483,-150.00002,0,0
48.230145,38.002483,-150.00002,0,0
47.230145,38.002483,-150.00002,0,0
46.230145,38.002483,-150.00002,0,0
45.230145,38.002483,-150.00002,0,0
44.230145,38.002483,-150.00002,0,0
43.230145,38.002483,-150.00002,0,0
42.230145,38.002483,-150.00002,0,0
41.230145,38.002483,-150.00002,0,0
40.230145,38.002483,-150.00002,0,0
39.230145,38.002483,-150.00002,0,0
38.230145,38.002483,-150.00002,0,0
37.230145,38.002483,-150.00002,0,0
36.230145,38.002483,-150.00002,0,0
35.230145,38.002483,-150.00002,0,0
34.230145,38.002483,-150.00002,0,0
33.230145,38.002483,-150.00002,0,0
32.230145,38.002483,-150.00002,0,0
31.230145,38.002483,-150.00002,0,0
30.230145,38.002483,-150.00002,0,0
29.230145,38.002483,-150.00002,0,0
28.230145,38.002483,-150.00002,0,0
27.230145,38.002483,-150.00002,0,0
26.230145,38.002483,-150.00002,0,0
25.230145,38.002483,-150.00002,0,0
24.230145,38.002483,-150.00002,0,0
23.230145,38.002483,-150.00002,0,0
22.230145,38.002483,-150.00002,0,0
21.230145,38.002483,-150.00002,0,0
20.230145,38.002483,-150.00002,0,0
19.230145,38.002483,-150.00002,0,0
18.230145,38.002483,-150.00002,0,0
17.230145,38.002483,-150.00002,0,0
16.230145,38.002483,-150.00002,0,0
15.2301445,38.002483,-150.00002,0,0
14.2301445,38.002483,-150.00002,0,0
13.2301445,38.002483,-150.00002,0,0
12.2301445,38.002483,-150.00002,0,0
11.2301445,38.002483,-150.00002,0,0
10.2301445,38.002483,-150.00002,0,0
9.2301445,38.002483,-150.00002,0,0
8.2301445,38.002483,-150.00002,0,0
7.2301445,38.002483,-150.00002,0,0
6.2301445,38.002483,-150.00002,0,0
5.2301445,38.002483,-150.00002,0,0
4.2301445,38.002483,-150.00002,0,0
3.2301445,38.002483,-150.00002,0,0
2.2301445,38.002483,-150.00002,0,0
1.2301445,38.002483,-150.00002,0,0
0.2301445,38.002483,-150.00002,0,0
-0.7698555,38.002483,-150.00002,0,0
-1.7698555,38.002483,-150.00002,0,0
-2.7698555,38.002483,-150.00002,0,0
-3.7698555,38.002483,-150.00002,0,0
-4.7698555,38.002483,-150.00002,0,0
-5.7698555,38.002483,-150.00002,0,0
-6.7698555,38.002483,-150.00002,0,0
-7.7698555,38.002483,-150.00002,0,0
-8.7698555,38.002483,-150.00002,0,0
-9.7698555,38.002483,-150.00002,0,0
-10.7698555,38.002483,-150.00002,0,0
-11.7698555,38.002483,-150.00002,0,0
-12.7698555,38.002483,-150.00002,0,0
-13.7698555,38.002483,-150.00002,0,0
-14.7698555,38.002483,-150.00002,0,0
-15.7698555,38.002483,-150.00002,0,0
-16.769855,38.002483,-150.00002,0,0
-17.769855,38.002483,-150.00002,0,0
-18.769855,38.002483,-150.00002,0,0
-19.769855,38.002483,-150.00002,0,0
-20.769855,38.002483,-150.00002,0,0
-21.769855,38.002483,-150.00002,0,0
-22.769855,38.002483,-150.00002,0,0
-23.769855,38.002483,-150.00002,0,0
-24.769855,38.002483,-150.00002,0,0
-25.769855,38.002483,-150.00002,0,0
-26.769855,38.002483,-150.00002,0,0
-27.769855,38.002483,-150.00002,0,0
-28.769855,38.002483,-150.00002,0,0
-29.769855,38.002483,-150.00002,0,0
-30.769855,38.002483,-150.00002,0,0
-31.769855,38.002483,-150.00002,0,0
-32.769855,38.002483,-150.00002,0,0
-33.769855,38.002483,-150.00002,0,0
-34.769855,38.002483,-150.00002,0,0
-35.769855,38.002483,-150.00002,0,0
-36.769855,38.002483,-150.00002,0,0
-37.769855,38.002483,-150.00002,0,0
-38.769855,38.002483,-150.00002,0,0
-39.769855,38.002483,-150.00002,0,0
-40.769855,38.002483,-150.00002,0,0
-41.769855,38.002483,-150.00002,0,0
-42.769855,38.002483,-150.00002,0,0
-43.769855,38.002483,-150.00002,0,0
-44.769855,38.002483,-150.00002,0,0
-45.769855,38.002483,-150.00002,0,0
-46.769855,38.002483,-150.00002,0,0
-47.769855,38.002483,-150.00002,0,0
-48.769855,38.002483,-150.00002,0,0
-49.769855,38.002483,-150.00002,0,0
49.230145,37.002483,-150.00002,0,0
48.230145,37.002483,-150.00002,0,0
47.230145,37.002483,-150.00002,0,0
46.230145,37.002483,-150.00002,0,0
45.230145,37.002483,-150.00002,0,0
44.230145,37.002483,-150.00002,0,0
43.230145,37.002483,-150.00002,0,0
42.230145,37.002483,-150.00002,0,0
41.230145,37.002483,-150.00002,0,0
40.230145,37.002483,-150.00002,0,0
39.230145,37.002483,-150.00002,0,0
38.230145,37.002483,-150.00002,0,0
37.230145,37.002483,-150.00002,0,0
36.230145,37.002483,-150.00002,0,0
35.230145,37.002483,-150.00002,0,0
34.230145,37.002483,-150.00002,0,0
33.230145,37.002483,-150.00002,0,0
32.230145,37.002483,-150.00002,0,0
31.230145,37.002483,-150.00002,0,0
30.230145,37.002483,-150.00002,0,0
29.230145,37.002483,-150.00002,0,0
28.230145,37.002483,-150.00002,0,0
27.230145,37.002483,-150.00002,0,0
26.230145,37.002483,-150.00002,0,0
25.230145,37.002483,-150.00002,0,0
24.230145,37.002483,-150.00002,0,0
23.230145,37.002483,-150.00002,0,0
22.230145,37.002483,-150.00002,0,0
21.230145,37.002483,-150.00002,0,0
20.230145,37.002483,-150.00002,0,0
19.230145,37.002483,-150.00002,0,0
18.230145,37.002483,-150.00002,0,0
17.230145,37.002483,-150.00002,0,0
16.230145,37.002483,-150.00002,0,0
15.2301445,37.002483,-150.00002,0,0
14.2301445,37.002483,-150.00002,0,0
13.2301445,37.002483,-150.00002,0,0
12.2301445,37.002483,-150.00002,0,0
11.2301445,37.002483,-150.00002,0,0
10.2301445,37.002483,-150.00002,0,0
9.2301445,37.002483,-150.00002,0,0
8.2301445,37.002483,-150.00002,0,0
7.2301445,37.002483,-150.00002,0,0
6.2301445,37.002483,-150.00002,0,0
5.2301445,37.002483,-150.00002,0,0
4.2301445,37.002483,-150.00002,0,0
3.2301445,37.002483,-150.00002,0,0
2.2301445,37.002483,-150.00002,0,0
1.2301445,37.002483,-150.00002,0,0
0.2301445,37.002483,-150.00002,0,0
-0.7698555,37.002483,-150.00002,0,0
-1.7698555,37.002483,-150.00002,0,0
-2.7698555,37.002483,-150.00002,0,0
-3.7698555,37.002483,-150.00002,0,0
-4.7698555,37.002483,-150.00002,0,0
-5.7698555,37.002483,-150.00002,0,0
-6.7698555,37.002483,-150.00002,0,0
-7.7698555,37.002483,-150.00002,0,0
-8.7698555,37.002483,-150.00002,0,0
-9.7698555,37.002483,-150.00002,0,0
-10.7698555,37.002483,-150.00002,0,0
-11.7698555,37.002483,-150.00002,0,0
-12.7698555,37.002483,-150.00002,0,0
-13.7698555,37.002483,-150.00002,0,0
-14.7698555,37.002483,-150.00002,0,0
-15.7698555,37.002483,-150.00002,0,0
-16.769855,37.002483,-150.00002,0,0
-17.769855,37.002483,-150.00002,0,0
-18.769855,37.002483,-150.00002,0,0
-19.769855,37.002483,-150.00002,0,0
-20.769855,37.002483,-150.00002,0,0
-21.769855,37.002483,-150.00002,0,0
-22.769855,37.002483,-150.00002,0,0
-23.769855,37.002483,-150.00002,0,0
-24.769855,37.002483,-150.00002,0,0
-25.769855,37.002483,-150.00002,0,0
-26.769855,37.002483,-150.00002,0,0
-27.769855,37.002483,-150.00002,0,0
-28.769855,37.002483,-150.00002,0,0
-29.769855,37.002483,-150.00002,0,0
-30.769855,37.002483,-150.00002,0,0
-31.769855,37.002483,-150.00002,0,0
-32.769855,37.002483,-150.00002,0,0
-33.769855,37.002483,-150.00002,0,0
-34.769855,37.002483,-150.00002,0,0
-35.769855,37.002483,-150.00002,0,0
-36.769855,37.002483,-150.00002,0,0
-37.769855,37.002483,-150.00002,0,0
-38.769855,37.002483,-150.00002,0,0
-39.769855,37.002483,-150.00002,0,0
-40.769855,37.002483,-150.00002,0,0
-41.769855,37.002483,-150.00002,0,0
-42.769855,37.002483,-150.00002,0,0
-43.769855,37.002483,-150.00002,0,0
-44.769855,37.002483,-150.00002,0,0
-45.769855,37.002483,-150.00002,0,0
-46.769855,37.002483,-150.00002,0,0
-47.769855,37.002483,-150.00002,0,0
-48.769855,37.002483,-150.00002,0,0
-49.769855,37.002483,-150.00002,0,0
49.230145,36.002483,-150.00002,0,0
48.230145,36.002483,-150.00002,0,0
47.230145,36.002483,-150.00002,0,0
46.230145,36.002483,-150.00002,0,0
45.230145,36.002483,-150.00002,0,0
44.230145,36.002483,-150.00002,0,0
43.230145,36.002483,-150.00002,0,0
42.230145,36.002483,-150.00002,0,0
41.230145,36.002483,-150.00002,0,0
40.230145,36.002483,-150.00002,0,0
39.230145,36.002483,-150.00002,0,0
38.230145,36.002483,-150.00002,0,0
37.230145,36.002483,-150.00002,0,0
36.230145,36.002483,-150.00002,0,0
35.230145,36.002483,-150.00002,0,0
34.230145,36.002483,-150.00002,0,0
33.230145,36.002483,-150.00002,0,0
32.230145,36.002483,-150.00002,0,0
31.230145,36.002483,-150.00002,0,0
30.230145,36.002483,-150.00002,0,0
29.230145,36.002483,-150.00002,0,0
28.230145,36.002483,-150.00002,0,0
27.230145,36.002483,-150.00002,0,0
26.230145,36.002483,-150.00002,0,0
25.230145,36.002483,-150.00002,0,0
24.230145,36.002483,-150.00002,0,0
23.230145,36.002483,-150.00002,0,0
22.230145,36.002483,-150.00002,0,0
21.230145,36.002483,-150.00002,0,0
20.230145,36.002483,-150.00002,0,0
19.230145,36.002483,-150.00002,0,0
18.230145,36.002483,-150.00002,0,0
17.230145,36.002483,-150.00002,0,0
16.230145,36.002483,-150.00002,0,0
15.2301445,36.002483,-150.00002,0,0
14.2301445,36.002483,-150.00002,0,0
13.2301445,36.002483,-150.00002,0,0
12.2301445,36.002483,-150.00002,0,0
11.2301445,36.002483,-150.00002,0,0
10.2301445,36.002483,-150.00002,0,0
9.2301445,36.002483,-150.00002,0,0
8.2301445,36.002483,-150.00002,0,0
7.2301445,36.002483,-150.00002,0,0
6.2301445,36.002483,-150.00002,0,0
5.2301445,36.002483,-150.00002,0,0
4.2301445,36.002483,-150.00002,0,0
3.2301445,36.002483,-150.00002,0,0
2.2301445,36.002483,-150.00002,0,0
1.2301445,36.002483,-150.00002,0,0
0.2301445,36.002483,-150.00002,0,0
-0.7698555,36.002483,-150.00002,0,0
-1.7698555,36.002483,-150.00002,0,0
-2.7698555,36.002483,-150.00002,0,0
-3.7698555,36.002483,-150.00002,0,0
-4.7698555,36.002483,-150.00002,0,0
-5.7698555,36.002483,-150.00002,0,0
-6.7698555,36.002483,-150.00002,0,0
-7.7698555,36.002483,-150.00002,0,0
-8.7698555,36.002483,-150.00002,0,0
-9.7698555,36.002483,-150.00002,0,0
-10.7698555,36.002483,-150.00002,0,0
-11.7698555,36.002483,-150.00002,0,0
-12.7698555,36.002483,-150.00002,0,0
-13.7698555,36.002483,-150.00002,0,0
-14.7698555,36.002483,-150.00002,0,0
-15.7698555,36.002483,-150.00002,0,0
-16.769855,36.002483,-150.00002,0,0
-17.769855,36.002483,-150.00002,0,0
-18.769855,36.002483,-150.00002,0,0
-19.769855,36.002483,-150.00002,0,0
-20.769855,36.002483,-150.00002,0,0
-21.769855,36.002483,-150.00002,0,0
-22.769855,36.002483,-150.00002,0,0
-23.769855,36.002483,-150.00002,0,0
-24.769855,36.002483,-150.00002,0,0
-25.769855,36.002483,-150.00002,0,0
-26.769855,36.002483,-150.00002,0,0
-27.769855,36.002483,-150.00002,0,0
-28.769855,36.002483,-150.00002,0,0
-29.769855,36.002483,-150.00002,0,0
-30.769855,36.002483,-150.00002,0,0
-31.769855,36.002483,-150.00002,0,0
-32.769855,36.002483,-150.00002,0,0
-33.769855,36.002483,-150.00002,0,0
-34.769855,36.002483,-150.00002,0,0
-35.769855,36.002483,-150.00002,0,0
-36.769855,36.002483,-150.00002,0,0
-37.769855,36.002483,-150.00002,0,0
-38.769855,36.002483,-150.00002,0,0
-39.769855,36.002483,-150.00002,0,0
-40.769855,36.002483,-150.00002,0,0
-41.769855,36.002483,-150.00002,0,0
-42.769855,36.002483,-150.00002,0,0
-43.769855,36.002483,-150.00002,0,0
-44.769855,36.002483,-150.00002,0,0
-45.769855,36.002483,-150.00002,0,0
-46.769855,36.002483,-150.00002,0,0
-47.769855,36.002483,-150.00002,0,0
-48.769855,36.002483,-150.00002,0,0
-49.769855,36.002483,-150.00002,0,0
49.230145,35.002483,-150.00002,0,0
48.230145,35.002483,-150.00002,0,0
47.230145,35.002483,-150.00002,0,0
46.230145,35.002483,-150.00002,0,0
45.230145,35.002483,-150.00002,0,0
44.230145,35.002483,-150.00002,0,0
43.230145,35.002483,-150.00002,0,0
42.230145,35.002483,-150.00002,0,0
41.230145,35.002483,-150.00002,0,0
40.230145,35.002483,-150.00002,0,0
39.230145,35.002483,-150.00002,0,0
38.230145,35.002483,-150.00002,0,0
37.230145,35.002483,-150.00002,0,0
36.230145,35.002483,-150.00002,0,0
35.230145,35.002483,-150.00002,0,0
34.230145,35.002483,-150.00002,0,0
33.230145,35.002483,-150.00002,0,0
32.230145,35.002483,-150.00002,0,0
31.230145,35.002483,-150.00002,0,0
30.230145,35.002483,-150.00002,0,0
29.230145,35.002483,-150.00002,0,0
28.230145,35.002483,-150.00002,0,0
27.230145,35.002483,-150.00002,0,0
26.230145,35.002483,-150.00002,0,0
25.230145,35.002483,-150.00002,0,0
24.230145,35.002483,-150.00002,0,0
23.230145,35.002483,-150.00002,0,0
22.230145,35.002483,-150.00002,0,0
21.230145,35.002483,-150.00002,0,0
20.230145,35.002483,-150.00002,0,0
19.230145,35.002483,-150.00002,0,0
18.230145,35.002483,-150.00002,0,0
17.230145,35.002483,-150.00002,0,0
16.230145,35.002483,-150.00002,0,0
15.2301445,35.002483,-150.00002,0,0
14.2301445,35.002483,-150.00002,0,0
13.2301445,35.002483,-150.00002,0,0
12.2301445,35.002483,-150.00002,0,0
11.2301445,35.002483,-150.00002,0,0
10.2301445,35.002483,-150.00002,0,0
9.2301445,35.002483,-150.00002,0,0
8.2301445,35.002483,-150.00002,0,0
7.2301445,35.002483,-150.00002,0,0
6.2301445,35.002483,-150.00002,0,0
5.2301445,35.002483,-150.00002,0,0
4.2301445,35.002483,-150.00002,0,0
3.2301445,35.002483,-150.00002,0,0
2.2301445,35.002483,-150.00002,0,0
1.2301445,35.002483,-150.00002,0,0
0.2301445,35.002483,-150.00002,0,0
-0.7698555,35.002483,-150.00002,0,0
-1.7698555,35.002483,-150.00002,0,0
-2.7698555,35.002483,-150.00002,0,0
-3.7698555,35.002483,-150.00002,0,0
-4.7698555,35.002483,-150.00002,0,0
-5.7698555,35.002483,-150.00002,0,0
-6.7698555,35.002483,-150.00002,0,0
-7.7698555,35.002483,-150.00002,0,0
-8.7698555,35.002483,-150.00002,0,0
-9.7698555,35.002483,-150.00002,0,0
-10.7698555,35.002483,-150.00002,0,0
-11.7698555,35.002483,-150.00002,0,0
-12.7698555,35.002483,-150.00002,0,0
-13.7698555,35.002483,-150.00002,0,0
-14.7698555,35.002483,-150.00002,0,0
-15.7698555,35.002483,-150.00002,0,0
-16.769855,35.002483,-150.00002,0,0
-17.769855,35.002483,-150.00002,0,0
-18.769855,35.002483,-150.00002,0,0
-19.769855,35.002483,-150.00002,0,0
-20.769855,35.002483,-150.00002,0,0
-21.769855,35.002483,-150.00002,0,0
-22.769855,35.002483,-150.00002,0,0
-23.769855,35.002483,-150.00002,0,0
-24.769855,35.002483,-150.00002,0,0
-25.769855,35.002483,-150.00002,0,0
-26.769855,35.002483,-150.00002,0,0
-27.769855,35.002483,-150.00002,0,0
-28.769855,35.002483,-150.00002,0,0
-29.769855,35.002483,-150.00002,0,0
-30.769855,35.002483,-150.00002,0,0
-31.769855,35.002483,-150.00002,0,0
-32.769855,35.002483,-150.00002,0,0
-33.769855,35.002483,-150.00002,0,0
-34.769855,35.002483,-150.00002,0,0
-35.769855,35.002483,-150.00002,0,0
-36.769855,35.002483,-150.00002,0,0
-37.769855,35.002483,-150.00002,0,0
-38.769855,35.002483,-150.00002,0,0
-39.769855,35.002483,-150.00002,0,0
-40.769855,35.002483,-150.00002,0,0
-41.769855,35.002483,-150.00002,0,0
-42.769855,35.002483,-150.00002,0,0
-43.769855,35.002483,-150.00002,0,0
-44.769855,35.002483,-150.00002,0,0
-45.769855,35.002483,-150.00002,0,0
-46.769855,35.002483,-150.00002,0,0
-47.769855,35.002483,-150.00002,0,0
-48.769855,35.002483,-150.00002,0,0
-49.769855,35.002483,-150.00002,0,0
49.230145,34.002483,-150.00002,0,0
48.230145,34.002483,-150.00002,0,0
47.230145,34.002483,-150.00002,0,0
46.230145,34.002483,-150.00002,0,0
45.230145,34.002483,-150.00002,0,0
44.230145,34.002483,-150.00002,0,0
43.230145,34.002483,-150.00002,0,0
42.230145,34.002483,-150.00002,0,0
41.230145,34.002483,-150.00002,0,0
40.230145,34.002483,-150.00002,0,0
39.230145,34.002483,-150.00002,0,0
38.230145,34.002483,-150.00002,0,0
37.230145,34.002483,-150.00002,0,0
36.230145,34.002483,-150.00002,0,0
35.230145,34.002483,-150.00002,0,0
34.230145,34.002483,-150.00002,0,0
33.230145,34.002483,-150.00002,0,0
32.230145,34.002483,-150.00002,0,0
31.230145,34.002483,-150.00002,0,0
30.230145,34.002483,-150.00002,0,0
29.230145,34.002483,-150.00002,0,0
28.230145,34.002483,-150.00002,0,0
27.230145,34.002483,-150.00002,0,0
26.230145,34.002483,-150.00002,0,0
25.230145,34.002483,-150.00002,0,0
24.230145,34.002483,-150.00002,0,0
23.230145,34.002483,-150.00002,0,0
22.230145,34.002483,-150.00002,0,0
21.230145,34.002483,-150.00002,0,0
20.230145,34.002483,-150.00002,0,0
19.230145,34.002483,-150.00002,0,0
18.230145,34.002483,-150.00002,0,0
17.230145,34.002483,-150.00002,0,0
16.230145,34.002483,-150.00002,0,0
15.2301445,34.002483,-150.00002,0,0
14.2301445,34.002483,-150.00002,0,0
13.2301445,34.002483,-150.00002,0,0
12.2301445,34.002483,-150.00002,0,0
11.2301445,34.002483,-150.00002,0,0
10.2301445,34.002483,-150.00002,0,0
9.2301445,34.002483,-150.00002,0,0
8.2301445,34.002483,-150.00002,0,0
7.2301445,34.002483,-150.00002,0,0
6.2301445,34.002483,-150.00002,0,0
5.2301445,34.002483,-150.00002,0,0
4.2301445,34.002483,-150.00002,0,0
3.2301445,34.002483,-150.00002,0,0
2.2301445,34.002483,-150.00002,0,0
1.2301445,34.002483,-150.00002,0,0
0.2301445,34.002483,-150.00002,0,0
-0.7698555,34.002483,-150.00002,0,0
-1.7698555,34.002483,-150.00002,0,0
-2.7698555,34.002483,-150.00002,0,0
-3.7698555,34.002483,-150.00002,0,0
-4.7698555,34.002483,-150.00002,0,0
-5.7698555,34.002483,-150.00002,0,0
-6.7698555,34.002483,-150.00002,0,0
-7.7698555,34.002483,-150.00002,0,0
-8.7698555,34.002483,-150.00002,0,0
-9.7698555,34.002483,-150.00002,0,0
-10.7698555,34.002483,-150.00002,0,0
-11.7698555,34.002483,-150.00002,0,0
-12.7698555,34.002483,-150.00002,0,0
-13.7698555,34.002483,-150.00002,0,0
-14.7698555,34.002483,-150.00002,0,0
-15.7698555,34.002483,-150.00002,0,0
-16.769855,34.002483,-150.00002,0,0
-17.769855,34.002483,-150.00002,0,0
-18.769855,34.002483,-150.00002,0,0
-19.769855,34.002483,-150.00002,0,0
-20.769855,34.002483,-150.00002,0,0
-21.769855,34.002483,-150.00002,0,0
-22.769855,34.002483,-150.00002,0,0
-23.769855,34.002483,-150.00002,0,0
-24.769855,34.002483,-150.00002,0,0
-25.769855,34.002483,-150.00002,0,0
-26.769855,34.002483,-150.00002,0,0
-27.769855,34.002483,-150.00002,0,0
-28.769855,34.002483,-150.00002,0,0
-29.769855,34.002483,-150.00002,0,0
-30.769855,34.002483,-150.00002,0,0
-31.769855,34.002483,-150.00002,0,0
-32.769855,34.002483,-150.00002,0,0
-33.769855,34.002483,-150.00002,0,0
-34.769855,34.002483,-150.00002,0,0
-35.769855,34.002483,-150.00002,0,0
-36.769855,34.002483,-150.00002,0,0
-37.769855,34.002483,-150.00002,0,0
-38.769855,34.002483,-150.00002,0,0
-39.769855,34.002483,-150.00002,0,0
-40.769855,34.002483,-150.00002,0,0
-41.769855,34.002483,-150.00002,0,0
-42.769855,34.002483,-150.00002,0,0
-43.769855,34.002483,-150.00002,0,0
-44.769855,34.002483,-150.00002,0,0
-45.769855,34.002483,-150.00002,0,0
-46.769855,34.002483,-150.00002,0,0
-47.769855,34.002483,-150.00002,0,0
-48.769855,34.002483,-150.00002,0,0
-49.769855,34.002483,-150.00002,0,0
49.230145,33.002483,-150.00002,0,0
48.230145,33.002483,-150.00002,0,0
47.230145,33.002483,-150.00002,0,0
46.230145,33.002483,-150.00002,0,0
45.230145,33.002483,-150.00002,0,0
44.230145,33.002483,-150.00002,0,0
43.230145,33.002483,-150.00002,0,0
42.230145,33.002483,-150.00002,0,0
41.230145,33.002483,-150.00002,0,0
40.230145,33.002483,-150.00002,0,0
39.230145,33.002483,-150.00002,0,0
38.230145,33.002483,-150.00002,0,0
37.230145,33.002483,-150.00002,0,0
36.230145,33.002483,-150.00002,0,0
35.230145,33.002483,-150.00002,0,0
34.230145,33.002483,-150.00002,0,0
33.230145,33.002483,-150.00002,0,0
32.230145,33.002483,-150.00002,0,0
31.230145,33.002483,-150.00002,0,0
30.230145,33.002483,-150.00002,0,0
29.230145,33.002483,-150.00002,0,0
28.230145,33.002483,-150.00002,0,0
27.230145,33.002483,-150.00002,0,0
26.230145,33.002483,-150.00002,0,0
25.230145,33.002483,-150.00002,0,0
24.230145,33.002483,-150.00002,0,0
23.230145,33.002483,-150.00002,0,0
22.230145,33.002483,-150.00002,0,0
21.230145,33.002483,-150.00002,0,0
20.230145,33.002483,-150.00002,0,0
19.230145,33.002483,-150.00002,0,0
18.230145,33.002483,-150.00002,0,0
17.230145,33.002483,-150.00002,0,0
16.230145,33.002483,-150.00002,0,0
15.2301445,33.002483,-150.00002,0,0
14.2301445,33.002483,-150.00002,0,0
13.2301445,33.002483,-150.00002,0,0
12.2301445,33.002483,-150.00002,0,0
11.2301445,33.002483,-150.00002,0,0
10.2301445,33.002483,-150.00002,0,0
9.2301445,33.002483,-150.00002,0,0
8.2301445,33.002483,-150.00002,0,0
7.2301445,33.002483,-150.00002,0,0
6.2301445,33.002483,-150.00002,0,0
5.2301445,33.002483,-150.00002,0,0
4.2301445,33.002483,-150.00002,0,0
3.2301445,33.002483,-150.00002,0,0
2.2301445,33.002483,-150.00002,0,0
1.2301445,33.002483,-150.00002,0,0
0.2301445,33.002483,-150.00002,0,0
-0.7698555,33.002483,-150.00002,0,0
-1.7698555,33.002483,-150.00002,0,0
-2.7698555,33.002483,-150.00002,0,0
-3.7698555,33.002483,-150.00002,0,0
-4.7698555,33.002483,-150.00002,0,0
-5.7698555,33.002483,-150.00002,0,0
-6.7698555,33.002483,-150.00002,0,0
-7.7698555,33.002483,-150.00002,0,0
-8.7698555,33.002483,-150.00002,0,0
-9.7698555,33.002483,-150.00002,0,0
-10.7698555,33.002483,-150.00002,0,0
-11.7698555,33.002483,-150.00002,0,0
-12.7698555,33.002483,-150.00002,0,0
-13.7698555,33.002483,-150.00002,0,0
-14.7698555,33.002483,-150.00002,0,0
-15.7698555,33.002483,-150.00002,0,0
-16.769855,33.002483,-150.00002,0,0
-17.769855,33.002483,-150.00002,0,0
-18.769855,33.002483,-150.00002,0,0
-19.769855,33.002483,-150.00002,0,0
-20.769855,33.002483,-150.00002,0,0
-21.769855,33.002483,-150.00002,0,0
-22.769855,33.002483,-150.00002,0,0
-23.769855,33.002483,-150.00002,0,0
-24.769855,33.002483,-150.00002,0,0
-25.769855,33.002483,-150.00002,0,0
-26.769855,33.002483,-150.00002,0,0
-27.769855,33.002483,-150.00002,0,0
-28.769855,33.002483,-150.00002,0,0
-29.769855,33.002483,-150.00002,0,0
-30.769855,33.002483,-150.00002,0,0
-31.769855,33.002483,-150.00002,0,0
-32.769855,33.002483,-150.00002,0,0
-33.769855,33.002483,-150.00002,0,0
-34.769855,33.002483,-150.00002,0,0
-35.769855,33.002483,-150.00002,0,0
-36.769855,33.002483,-150.00002,0,0
-37.769855,33.002483,-150.00002,0,0
-38.769855,33.002483,-150.00002,0,0
-39.769855,33.002483,-150.00002,0,0
-40.769855,33.002483,-150.00002,0,0
-41.769855,33.002483,-150.00002,0,0
-42.769855,33.002483,-150.00002,0,0
-43.769855,33.002483,-150.00002,0,0
-44.769855,33.002483,-150.00002,0,0
-45.769855,33.002483,-150.00002,0,0
-46.769855,33.002483,-150.00002,0,0
-47.769855,33.002483,-150.00002,0,0
-48.769855,33.002483,-150.00002,0,0
-49.769855,33.002483,-150.00002,0,0
49.230145,32.002483,-150.00002,0,0
48.230145,32.002483,-150.00002,0,0
47.230145,32.002483,-150.00002,0,0
46.230145,32.002483,-150.00002,0,0
45.230145,32.002483,-150.00002,0,0
44.230145,32.002483,-150.00002,0,0
43.230145,32.002483,-150.00002,0,0
42.230145,32.002483,-150.00002,0,0
41.230145,32.002483,-150.00002,0,0
40.230145,32.002483,-150.00002,0,0
39.230145,32.002483,-150.00002,0,0
38.230145,32.002483,-150.00002,0,0
37.230145,32.002483,-150.00002,0,0
36.230145,32.002483,-150.00002,0,0
35.230145,32.002483,-150.00002,0,0
34.230145,32.002483,-150.00002,0,0
33.230145,32.002483,-150.00002,0,0
32.230145,32.002483,-150.00002,0,0
31.230145,32.002483,-150.00002,0,0
30.230145,32.002483,-150.00002,0,0
29.230145,32.002483,-150.00002,0,0
28.230145,32.002483,-150.00002,0,0
27.230145,32.002483,-150.00002,0,0
26.230145,32.002483,-150.00002,0,0
25.230145,32.002483,-150.00002,0,0
24.230145,32.002483,-150.00002,0,0
23.230145,32.002483,-150.00002,0,0
22.230145,32.002483,-150.00002,0,0
21.230145,32.002483,-150.00002,0,0
20.230145,32.002483,-150.00002,0,0
19.230145,32.002483,-150.00002,0,0
18.230145,32.002483,-150.00002,0,0
17.230145,32.002483,-150.00002,0,0
16.230145,32.002483,-150.00002,0,0
15.2301445,32.002483,-150.00002,0,0
14.2301445,32.002483,-150.00002,0,0
13.2301445,32.002483,-150.00002,0,0
12.2301445,32.002483,-150.00002,0,0
11.2301445,32.002483,-150.00002,0,0
10.2301445,32.002483,-150.00002,0,0
9.2301445,32.002483,-150.00002,0,0
8.2301445,32.002483,-150.00002,0,0
7.2301445,32.002483,-150.00002,0,0
6.2301445,32.002483,-150.00002,0,0
5.2301445,32.002483,-150.00002,0,0
4.2301445,32.002483,-150.00002,0,0
3.2301445,32.002483,-150.00002,0,0
2.2301445,32.002483,-150.00002,0,0
1.2301445,32.002483,-150.00002,0,0
0.2301445,32.002483,-150.00002,0,0
-0.7698555,32.002483,-150.00002,0,0
-1.7698555,32.002483,-150.00002,0,0
-2.7698555,32.002483,-150.00002,0,0
-3.7698555,32.002483,-150.00002,0,0
-4.7698555,32.002483,-150.00002,0,0
-5.7698555,32.002483,-150.00002,0,0
-6.7698555,32.002483,-150.00002,0,0
-7.7698555,32.002483,-150.00002,0,0
-8.7698555,32.002483,-150.00002,0,0
-9.7698555,32.002483,-150.00002,0,0
-10.7698555,32.002483,-150.00002,0,0
-11.7698555,32.002483,-150.00002,0,0
-12.7698555,32.002483,-150.00002,0,0
-13.7698555,32.002483,-150.00002,0,0
-14.7698555,32.002483,-150.00002,0,0
-15.7698555,32.002483,-150.00002,0,0
-16.769855,32.002483,-150.00002,0,0
-17.769855,32.002483,-150.00002,0,0
-18.769855,32.002483,-150.00002,0,0
-19.769855,32.002483,-150.00002,0,0
-20.769855,32.002483,-150.00002,0,0
-21.769855,32.002483,-150.00002,0,0
-22.769855,32.002483,-150.00002,0,0
-23.769855,32.002483,-150.00002,0,0
-24.769855,32.002483,-150.00002,0,0
-25.769855,32.002483,-150.00002,0,0
-26.769855,32.002483,-150.00002,0,0
-27.769855,32.002483,-150.00002,0,0
-28.769855,32.002483,-150.00002,0,0
-29.769855,32.002483,-150.00002,0,0
-30.769855,32.002483,-150.00002,0,0
-31.769855,32.002483,-150.00002,0,0
-32.769855,32.002483,-150.00002,0,0
-33.769855,32.002483,-150.00002,0,0
-34.769855,32.002483,-150.00002,0,0
-35.769855,32.002483,-150.00002,0,0
-36.769855,32.002483,-150.00002,0,0
-37.769855,32.002483,-150.00002,0,0
-38.769855,32.002483,-150.00002,0,0
-39.769855,32.002483,-150.00002,0,0
-40.769855,32.002483,-150.00002,0,0
-41.769855,32.002483,-150.00002,0,0
-42.769855,32.002483,-150.00002,0,0
-43.769855,32.002483,-150.00002,0,0
-44.769855,32.002483,-150.00002,0,0
-45.769855,32.002483,-150.00002,0,0
-46.769855,32.002483,-150.00002,0,0
-47.769855,32.002483,-150.00002,0,0
-48.769855,32.002483,-150.00002,0,0
-49.769855,32.002483,-150.00002,0,0
49.230145,31.002483,-150.00002,0,0
48.230145,31.002483,-150.00002,0,0
47.230145,31.002483,-150.00002,0,0
46.230145,31.002483,-150.00002,0,0
45.230145,31.002483,-150.00002,0,0
44.230145,31.002483,-150.00002,0,0
43.230145,31.002483,-150.00002,0,0
42.230145,31.002483,-150.00002,0,0
41.230145,31.002483,-150.00002,0,0
40.230145,31.002483,-150.00002,0,0
39.230145,31.002483,-150.00002,0,0
38.230145,31.002483,-150.00002,0,0
37.230145,31.002483,-150.00002,0,0
36.230145,31.002483,-150.00002,0,0
35.230145,31.002483,-150.00002,0,0
34.230145,31.002483,-150.00002,0,0
33.230145,31.002483,-150.00002,0,0
32.230145,31.002483,-150.00002,0,0
31.230145,31.002483,-150.00002,0,0
30.230145,31.002483,-150.00002,0,0
29.230145,31.002483,-150.00002,0,0
28.230145,31.002483,-150.00002,0,0
27.230145,31.002483,-150.00002,0,0
26.230145,31.002483,-150.00002,0,0
25.230145,31.002483,-150.00002,0,0
24.230145,31.002483,-150.00002,0,0
23.230145,31.002483,-150.00002,0,0
22.230145,31.002483,-150.00002,0,0
21.230145,31.002483,-150.00002,0,0
20.230145,31.002483,-150.00002,0,0
19.230145,31.002483,-150.00002,0,0
18.230145,31.002483,-150.00002,0,0
17.230145,31.002483,-150.00002,0,0
16.230145,31.002483,-150.00002,0,0
15.2301445,31.002483,-150.00002,0,0
14.2301445,31.002483,-150.00002,0,0
13.2301445,31.002483,-150.00002,0,0
12.2301445,31.002483,-150.00002,0,0
11.2301445,31.002483,-150.00002,0,0
10.2301445,31.002483,-150.00002,0,0
9.2301445,31.002483,-150.00002,0,0
8.2301445,31.002483,-150.00002,0,0
7.2301445,31.002483,-150.00002,0,0
6.2301445,31.002483,-150.00002,0,0
5.2301445,31.002483,-150.00002,0,0
4.2301445,31.002483,-150.00002,0,0
3.2301445,31.002483,-150.00002,0,0
2.2301445,31.002483,-150.00002,0,0
1.2301445,31.002483,-150.00002,0,0
0.2301445,31.002483,-150.00002,0,0
-0.7698555,31.002483,-150.00002,0,0
-1.7698555,31.002483,-150.00002,0,0
-2.7698555,31.002483,-150.00002,0,0
-3.7698555,31.002483,-150.00002,0,0
-4.7698555,31.002483,-150.00002,0,0
-5.7698555,31.002483,-150.00002,0,0
-6.7698555,31.002483,-150.00002,0,0
-7.7698555,31.002483,-150.00002,0,0
-8.7698555,31.002483,-150.00002,0,0
-9.7698555,31.002483,-150.00002,0,0
-10.7698555,31.002483,-150.00002,0,0
-11.7698555,31.002483,-150.00002,0,0
-12.7698555,31.002483,-150.00002,0,0
-13.7698555,31.002483,-150.00002,0,0
-14.7698555,31.002483,-150.00002,0,0
-15.7698555,31.002483,-150.00002,0,0
-16.769855,31.002483,-150.00002,0,0
-17.769855,31.002483,-150.00002,0,0
-18.769855,31.002483,-150.00002,0,0
-19.769855,31.002483,-150.00002,0,0
-20.769855,31.002483,-150.00002,0,0
-21.769855,31.002483,-150.00002,0,0
-22.769855,31.002483,-150.00002,0,0
-23.769855,31.002483,-150.00002,0,0
-24.769855,31.002483,-150.00002,0,0
-25.769855,31.002483,-150.00002,0,0
-26.769855,31.002483,-150.00002,0,0
-27.769855,31.002483,-150.00002,0,0
-28.769855,31.002483,-150.00002,0,0
-29.769855,31.002483,-150.00002,0,0
-30.769855,31.002483,-150.00002,0,0
-31.769855,31.002483,-150.00002,0,0
-32.769855,31.002483,-150.00002,0,0
-33.769855,31.002483,-150.00002,0,0
-34.769855,31.002483,-150.00002,0,0
-35.769855,31.002483,-150.00002,0,0
-36.769855,31.002483,-150.00002,0,0
-37.769855,31.002483,-150.00002,0,0
-38.769855,31.002483,-150.00002,0,0
-39.769855,31.002483,-150.00002,0,0
-40.769855,31.002483,-150.00002,0,0
-41.769855,31.002483,-150.00002,0,0
-42.769855,31.002483,-150.00002,0,0
-43.769855,31.002483,-150.00002,0,0
-44.769855,31.002483,-150.00002,0,0
-45.769855,31.002483,-150.00002,0,0
-46.769855,31.002483,-150.00002,0,0
-47.769855,31.002483,-150.00002,0,0
-48.769855,31.002483,-150.00002,0,0
-49.769855,31.002483,-150.00002,0,0
49.230145,30.002483,-150.00002,0,0
48.230145,30.002483,-150.00002,0,0
47.230145,30.002483,-150.00002,0,0
46.230145,30.002483,-150.00002,0,0
45.230145,30.002483,-150.00002,0,0
44.230145,30.002483,-150.00002,0,0
43.230145,30.002483,-150.00002,0,0
42.230145,30.002483,-150.00002,0,0
41.230145,30.002483,-150.00002,0,0
40.230145,30.002483,-150.00002,0,0
39.230145,30.002483,-150.00002,0,0
38.230145,30.002483,-150.00002,0,0
37.230145,30.002483,-150.00002,0,0
36.230145,30.002483,-150.00002,0,0
35.230145,30.002483,-150.00002,0,0
34.230145,30.002483,-150.00002,0,0
33.230145,30.002483,-150.00002,0,0
32.230145,30.002483,-150.00002,0,0
31.230145,30.002483,-150.00002,0,0
30.230145,30.002483,-150.00002,0,0
29.230145,30.002483,-150.00002,0,0
28.230145,30.002483,-150.00002,0,0
27.230145,30.002483,-150.00002,0,0
26.230145,30.002483,-150.00002,0,0
25.230145,30.002483,-150.00002,0,0
24.230145,30.002483,-150.00002,0,0
23.230145,30.002483,-150.00002,0,0
22.230145,30.002483,-150.00002,0,0
21.230145,30.002483,-150.00002,0,0
20.230145,30.002483,-150.00002,0,0
19.230145,30.002483,-150.00002,0,0
18.230145,30.002483,-150.00002,0,0
17.230145,30.002483,-150.00002,0,0
16.230145,30.002483,-150.00002,0,0
15.2301445,30.002483,-150.00002,0,0
14.2301445,30.002483,-150.00002,0,0
13.2301445,30.002483,-150.00002,0,0
12.2301445,30.002483,-150.00002,0,0
11.2301445,30.002483,-150.00002,0,0
10.2301445,30.002483,-150.00002,0,0
9.2301445,30.002483,-150.00002,0,0
8.2301445,30.002483,-150.00002,0,0
7.2301445,30.002483,-150.00002,0,0
6.2301445,30.002483,-150.00002,0,0
5.2301445,30.002483,-150.00002,0,0
4.2301445,30.002483,-150.00002,0,0
3.2301445,30.002483,-150.00002,0,0
2.2301445,30.002483,-150.00002,0,0
1.2301445,30.002483,-150.00002,0,0
0.2301445,30.002483,-150.00002,0,0
-0.7698555,30.002483,-150.00002,0,0
-1.7698555,30.002483,-150.00002,0,0
-2.7698555,30.002483,-150.00002,0,0
-3.7698555,30.002483,-150.00002,0,0
-4.7698555,30.002483,-150.00002,0,0
-5.7698555,30.002483,-150.00002,0,0
-6.7698555,30.002483,-150.00002,0,0
-7.7698555,30.002483,-150.00002,0,0
-8.7698555,30.002483,-150.00002,0,0
-9.7698555,30.002483,-150.00002,0,0
-10.7698555,30.002483,-150.00002,0,0
-11.7698555,30.002483,-150.00002,0,0
-12.7698555,30.002483,-150.00002,0,0
-13.7698555,30.002483,-150.00002,0,0
-14.7698555,30.002483,-150.00002,0,0
-15.7698555,30.002483,-150.00002,0,0
-16.769855,30.002483,-150.00002,0,0
-17.769855,30.002483,-150.00002,0,0
-18.769855,30.002483,-150.00002,0,0
-19.769855,30.002483,-150.00002,0,0
-20.769855,30.002483,-150.00002,0,0
-21.769855,30.002483,-150.00002,0,0
-22.769855,30.002483,-150.00002,0,0
-23.769855,30.002483,-150.00002,0,0
-24.769855,30.002483,-150.00002,0,0
-25.769855,30.002483,-150.00002,0,0
-26.769855,30.002483,-150.00002,0,0
-27.769855,30.002483,-150.00002,0,0
-28.769855,30.002483,-150.00002,0,0
-29.769855,30.002483,-150.00002,0,0
-30.769855,30.002483,-150.00002,0,0
-31.769855,30.002483,-150.00002,0,0
-32.769855,30.002483,-150.00002,0,0
-33.769855,30.002483,-150.00002,0,0
-34.769855,30.002483,-150.00002,0,0
-35.769855,30.002483,-150.00002,0,0
-36.769855,30.002483,-150.00002,0,0
-37.769855,30.002483,-150.00002,0,0
-38.769855,30.002483,-150.00002,0,0
-39.769855,30.002483,-150.00002,0,0
-40.769855,30.002483,-150.00002,0,0
-41.769855,30.002483,-150.00002,0,0
-42.769855,30.002483,-150.00002,0,0
-43.769855,30.002483,-150.00002,0,0
-44.769855,30.002483,-150.00002,0,0
-45.769855,30.002483,-150.00002,0,0
-46.769855,30.002483,-150.00002,0,0
-47.769855,30.002483,-150.00002,0,0
-48.769855,30.002483,-150.00002,0,0
-49.769855,30.002483,-150.00002,0,0
49.230145,29.002483,-150.00002,0,0
48.230145,29.002483,-150.00002,0,0
47.230145,29.002483,-150.00002,0,0
46.230145,29.002483,-150.00002,0,0
45.230145,29.002483,-150.00002,0,0
44.230145,29.002483,-150.00002,0,0
43.230145,29.002483,-150.00002,0,0
42.230145,29.002483,-150.00002,0,0
41.230145,29.002483,-150.00002,0,0
40.230145,29.002483,-150.00002,0,0
39.230145,29.002483,-150.00002,0,0
38.230145,29.002483,-150.00002,0,0
37.230145,29.002483,-150.00002,0,0
36.230145,29.002483,-150.00002,0,0
35.230145,29.002483,-150.00002,0,0
34.230145,29.002483,-150.00002,0,0
33.230145,29.002483,-150.00002,0,0
32.230145,29.002483,-150.00002,0,0
31.230145,29.002483,-150.00002,0,0
30.230145,29.002483,-150.00002,0,0
29.230145,29.002483,-150.00002,0,0
28.230145,29.002483,-150.00002,0,0
27.230145,29.002483,-150.00002,0,0
26.230145,29.002483,-150.00002,0,0
25.230145,29.002483,-150.00002,0,0
24.230145,29.002483,-150.00002,0,0
23.230145,29.002483,-150.00002,0,0
22.230145,29.002483,-150.00002,0,0
21.230145,29.002483,-150.00002,0,0
20.230145,29.002483,-150.00002,0,0
19.230145,29.002483,-150.00002,0,0
18.230145,29.002483,-150.00002,0,0
17.230145,29.002483,-150.00002,0,0
16.230145,29.002483,-150.00002,0,0
15.2301445,29.002483,-150.00002,0,0
14.2301445,29.002483,-150.00002,0,0
13.2301445,29.002483,-150.00002,0,0
12.2301445,29.002483,-150.00002,0,0
11.2301445,29.002483,-150.00002,0,0
10.2301445,29.002483,-150.00002,0,0
9.2301445,29.002483,-150.00002,0,0
8.2301445,29.002483,-150.00002,0,0
7.2301445,29.002483,-150.00002,0,0
6.2301445,29.002483,-150.00002,0,0
5.2301445,29.002483,-150.00002,0,0
4.2301445,29.002483,-150.00002,0,0
3.2301445,29.002483,-150.00002,0,0
2.2301445,29.002483,-150.00002,0,0
1.2301445,29.002483,-150.00002,0,0
0.2301445,29.002483,-150.00002,0,0
-0.7698555,29.002483,-150.00002,0,0
-1.7698555,29.002483,-150.00002,0,0
-2.7698555,29.002483,-150.00002,0,0
-3.7698555,29.002483,-150.00002,0,0
-4.7698555,29.002483,-150.00002,0,0
-5.7698555,29.002483,-150.00002,0,0
-6.7698555,29.002483,-150.00002,0,0
-7.7698555,29.002483,-150.00002,0,0
-8.7698555,29.002483,-150.00002,0,0
-9.7698555,29.002483,-150.00002,0,0
-10.7698555,29.002483,-150.00002,0,0
-11.7698555,29.002483,-150.00002,0,0
-12.7698555,29.002483,-150.00002,0,0
-13.7698555,29.002483,-150.00002,0,0
-14.7698555,29.002483,-150.00002,0,0
-15.7698555,29.002483,-150.00002,0,0
-16.769855,29.002483,-150.00002,0,0
-17.769855,29.002483,-150.00002,0,0
-18.769855,29.002483,-150.00002,0,0
-19.769855,29.002483,-150.00002,0,0
-20.769855,29.002483,-150.00002,0,0
-21.769855,29.002483,-150.00002,0,0
-22.769855,29.002483,-150.00002,0,0
-23.769855,29.002483,-150.00002,0,0
-24.769855,29.002483,-150.00002,0,0
-25.769855,29.002483,-150.00002,0,0
-26.769855,29.002483,-150.00002,0,0
-27.769855,29.002483,-150.00002,0,0
-28.769855,29.002483,-150.00002,0,0
-29.769855,29.002483,-150.00002,0,0
-30.769855,29.002483,-150.00002,0,0
-31.769855,29.002483,-150.00002,0,0
-32.769855,29.002483,-150.00002,0,0
-33.769855,29.002483,-150.00002,0,0
-34.769855,29.002483,-150.00002,0,0
-35.769855,29.002483,-150.00002,0,0
-36.769855,29.002483,-150.00002,0,0
-37.769855,29.002483,-150.00002,0,0
-38.769855,29.002483,-150.00002,0,0
-39.769855,29.002483,-150.00002,0,0
-40.769855,29.002483,-150.00002,0,0
-41.769855,29.002483,-150.00002,0,0
-42.769855,29.002483,-150.00002,0,0
-43.769855,29.002483,-150.00002,0,0
-44.769855,29.002483,-150.00002,0,0
-45.769855,29.002483,-150.00002,0,0
-46.769855,29.002483,-150.00002,0,0
-47.769855,29.002483,-150.00002,0,0
-48.769855,29.002483,-150.00002,0,0
-49.769855,29.002483,-150.00002,0,0
49.230145,28.002483,-150.00002,0,0
48.230145,28.002483,-150.00002,0,0
47.230145,28.002483,-150.00002,0,0
46.230145,28.002483,-150.00002,0,0
45.230145,28.002483,-150.00002,0,0
44.230145,28.002483,-150.00002,0,0
43.230145,28.002483,-150.00002,0,0
42.230145,28.002483,-150.00002,0,0
41.230145,28.002483,-150.00002,0,0
40.230145,28.002483,-150.00002,0,0
39.230145,28.002483,-150.00002,0,0
38.230145,28.002483,-150.00002,0,0
37.230145,28.002483,-150.00002,0,0
36.230145,28.002483,-150.00002,0,0
35.230145,28.002483,-150.00002,0,0
34.230145,28.002483,-150.00002,0,0
33.230145,28.002483,-150.00002,0,0
32.230145,28.002483,-150.00002,0,0
31.230145,28.002483,-150.00002,0,0
30.230145,28.002483,-150.00002,0,0
29.230145,28.002483,-150.00002,0,0
28.230145,28.002483,-150.00002,0,0
27.230145,28.002483,-150.00002,0,0
26.230145,28.002483,-150.00002,0,0
25.230145,28.002483,-150.00002,0,0
24.230145,28.002483,-150.00002,0,0
23.230145,28.002483,-150.00002,0,0
22.230145,28.002483,-150.00002,0,0
21.230145,28.002483,-150.00002,0,0
20.230145,28.002483,-150.00002,0,0
19.230145,28.002483,-150.00002,0,0
18.230145,28.002483,-150.00002,0,0
17.230145,28.002483,-150.00002,0,0
16.230145,28.002483,-150.00002,0,0
15.2301445,28.002483,-150.00002,0,0
14.2301445,28.002483,-150.00002,0,0
13.2301445,28.002483,-150.00002,0,0
12.2301445,28.002483,-150.00002,0,0
11.2301445,28.002483,-150.00002,0,0
10.2301445,28.002483,-150.00002,0,0
9.2301445,28.002483,-150.00002,0,0
8.2301445,28.002483,-150.00002,0,0
7.2301445,28.002483,-150.00002,0,0
6.2301445,28.002483,-150.00002,0,0
5.2301445,28.002483,-150.00002,0,0
4.2301445,28.002483,-150.00002,0,0
3.2301445,28.002483,-150.00002,0,0
2.2301445,28.002483,-150.00002,0,0
1.2301445,28.002483,-150.00002,0,0
0.2301445,28.002483,-150.00002,0,0
-0.7698555,28.002483,-150.00002,0,0
-1.7698555,28.002483,-150.00002,0,0
-2.7698555,28.002483,-150.00002,0,0
-3.7698555,28.002483,-150.00002,0,0
-4.7698555,28.002483,-150.00002,0,0
-5.7698555,28.002483,-150.00002,0,0
-6.7698555,28.002483,-150.00002,0,0
-7.7698555,28.002483,-150.00002,0,0
-8.7698555,28.002483,-150.00002,0,0
-9.7698555,28.002483,-150.00002,0,0
-10.7698555,28.002483,-150.00002,0,0
-11.7698555,28.002483,-150.00002,0,0
-12.7698555,28.002483,-150.00002,0,0
-13.7698555,28.002483,-150.00002,0,0
-14.7698555,28.002483,-150.00002,0,0
-15.7698555,28.002483,-150.00002,0,0
-16.769855,28.002483,-150.00002,0,0
-17.769855,28.002483,-150.00002,0,0
-18.769855,28.002483,-150.00002,0,0
-19.769855,28.002483,-150.00002,0,0
-20.769855,28.002483,-150.00002,0,0
-21.769855,28.002483,-150.00002,0,0
-22.769855,28.002483,-150.00002,0,0
-23.769855,28.002483,-150.00002,0,0
-24.769855,28.002483,-150.00002,0,0
-25.769855,28.002483,-150.00002,0,0
-26.769855,28.002483,-150.00002,0,0
-27.769855,28.002483,-150.00002,0,0
-28.769855,28.002483,-150.00002,0,0
-29.769855,28.002483,-150.00002,0,0
-30.769855,28.002483,-150.00002,0,0
-31.769855,28.002483,-150.00002,0,0
-32.769855,28.002483,-150.00002,0,0
-33.769855,28.002483,-150.00002,0,0
-34.769855,28.002483,-150.00002,0,0
-35.769855,28.002483,-150.00002,0,0
-36.769855,28.002483,-150.00002,0,0
-37.769855,28.002483,-150.00002,0,0
-38.769855,28.002483,-150.00002,0,0
-39.769855,28.002483,-150.00002,0,0
-40.769855,28.002483,-150.00002,0,0
-41.769855,28.002483,-150.00002,0,0
-42.769855,28.002483,-150.00002,0,0
-43.769855,28.002483,-150.00002,0,0
-44.769855,28.002483,-150.00002,0,0
-45.769855,28.002483,-150.00002,0,0
-46.769855,28.002483,-150.00002,0,0
-47.769855,28.002483,-150.00002,0,0
-48.769855,28.002483,-150.00002,0,0
-49.769855,28.002483,-150.00002,0,0
49.230145,27.002483,-150.00002,0,0
48.230145,27.002483,-150.00002,0,0
47.230145,27.002483,-150.00002,0,0
46.230145,27.002483,-150.00002,0,0
45.230145,27.002483,-150.00002,0,0
44.230145,27.002483,-150.00002,0,0
43.230145,27.002483,-150.00002,0,0
42.230145,27.002483,-150.00002,0,0
41.230145,27.002483,-150.00002,0,0
40.230145,27.002483,-150.00002,0,0
39.230145,27.002483,-150.00002,0,0
38.230145,27.002483,-150.00002,0,0
37.230145,27.002483,-150.00002,0,0
36.230145,27.002483,-150.00002,0,0
35.230145,27.002483,-150.00002,0,0
34.230145,27.002483,-150.00002,0,0
33.230145,27.002483,-150.00002,0,0
32.230145,27.002483,-150.00002,0,0
31.230145,27.002483,-150.00002,0,0
30.230145,27.002483,-150.00002,0,0
29.230145,27.002483,-150.00002,0,0
28.230145,27.002483,-150.00002,0,0
27.230145,27.002483,-150.00002,0,0
26.230145,27.002483,-150.00002,0,0
25.230145,27.002483,-150.00002,0,0
24.230145,27.002483,-150.00002,0,0
23.230145,27.002483,-150.00002,0,0
22.230145,27.002483,-150.00002,0,0
21.230145,27.002483,-150.00002,0,0
20.230145,27.002483,-150.00002,0,0
19.230145,27.002483,-150.00002,0,0
18.230145,27.002483,-150.00002,0,0
17.230145,27.002483,-150.00002,0,0
16.230145,27.002483,-150.00002,0,0
15.2301445,27.002483,-150.00002,0,0
14.2301445,27.002483,-150.00002,0,0
13.2301445,27.002483,-150.00002,0,0
12.2301445,27.002483,-150.00002,0,0
11.2301445,27.002483,-150.00002,0,0
10.2301445,27.002483,-150.00002,0,0
9.2301445,27.002483,-150.00002,0,0
8.2301445,27.002483,-150.00002,0,0
7.2301445,27.002483,-150.00002,0,0
6.2301445,27.002483,-150.00002,0,0
5.2301445,27.002483,-150.00002,0,0
4.2301445,27.002483,-150.00002,0,0
3.2301445,27.002483,-150.00002,0,0
2.2301445,27.002483,-150.00002,0,0
1.2301445,27.002483,-150.00002,0,0
0.2301445,27.002483,-150.00002,0,0
-0.7698555,27.002483,-150.00002,0,0
-1.7698555,27.002483,-150.00002,0,0
-2.7698555,27.002483,-150.00002,0,0
-3.7698555,27.002483,-150.00002,0,0
-4.7698555,27.002483,-150.00002,0,0
-5.7698555,27.002483,-150.00002,0,0
-6.7698555,27.002483,-150.00002,0,0
-7.7698555,27.002483,-150.00002,0,0
-8.7698555,27.002483,-150.00002,0,0
-9.7698555,27.002483,-150.00002,0,0
-10.7698555,27.002483,-150.00002,0,0
-11.7698555,27.002483,-150.00002,0,0
-12.7698555,27.002483,-150.00002,0,0
-13.7698555,27.002483,-150.00002,0,0
-14.7698555,27.002483,-150.00002,0,0
-15.7698555,27.002483,-150.00002,0,0
-16.769855,27.002483,-150.00002,0,0
-17.769855,27.002483,-150.00002,0,0
-18.769855,27.002483,-150.00002,0,0
-19.769855,27.002483,-150.00002,0,0
-20.769855,27.002483,-150.00002,0,0
-21.769855,27.002483,-150.00002,0,0
-22.769855,27.002483,-150.00002,0,0
-23.769855,27.002483,-150.00002,0,0
-24.769855,27.002483,-150.00002,0,0
-25.769855,27.002483,-150.00002,0,0
-26.769855,27.002483,-150.00002,0,0
-27.769855,27.002483,-150.00002,0,0
-28.769855,27.002483,-150.00002,0,0
-29.769855,27.002483,-150.00002,0,0
-30.769855,27.002483,-150.00002,0,0
-31.769855,27.002483,-150.00002,0,0
-32.769855,27.002483,-150.00002,0,0
-33.769855,27.002483,-150.00002,0,0
-34.769855,27.002483,-150.00002,0,0
-35.769855,27.002483,-150.00002,0,0
-36.769855,27.002483,-150.00002,0,0
-37.769855,27.002483,-150.00002,0,0
-38.769855,27.002483,-150.00002,0,0
-39.769855,27.002483,-150.00002,0,0
-40.769855,27.002483,-150.00002,0,0
-41.769855,27.002483,-150.00002,0,0
-42.769855,27.002483,-150.00002,0,0
-43.769855,27.002483,-150.00002,0,0
-44.769855,27.002483,-150.00002,0,0
-45.769855,27.002483,-150.00002,0,0
-46.769855,27.002483,-150.00002,0,0
-47.769855,27.002483,-150.00002,0,0
-48.769855,27.002483,-150.00002,0,0
-49.769855,27.002483,-150.00002,0,0
49.230145,26.002483,-150.00002,0,0
48.230145,26.002483,-150.00002,0,0
47.230145,26.002483,-150.00002,0,0
46.230145,26.002483,-150.00002,0,0
45.230145,26.002483,-150.00002,0,0
44.230145,26.002483,-150.00002,0,0
43.230145,26.002483,-150.00002,0,0
42.230145,26.002483,-150.00002,0,0
41.230145,26.002483,-150.00002,0,0
40.230145,26.002483,-150.00002,0,0
39.230145,26.002483,-150.00002,0,0
38.230145,26.002483,-150.00002,0,0
37.230145,26.002483,-150.00002,0,0
36.230145,26.002483,-150.00002,0,0
35.230145,26.002483,-150.00002,0,0
34.230145,26.002483,-150.00002,0,0
33.230145,26.002483,-150.00002,0,0
32.230145,26.002483,-150.00002,0,0
31.230145,26.002483,-150.00002,0,0
30.230145,26.002483,-150.00002,0,0
29.230145,26.002483,-150.00002,0,0
28.230145,26.002483,-150.00002,0,0
27.230145,26.002483,-150.00002,0,0
26.230145,26.002483,-150.00002,0,0
25.230145,26.002483,-150.00002,0,0
24.230145,26.002483,-150.00002,0,0
23.230145,26.002483,-150.00002,0,0
22.230145,26.002483,-150.00002,0,0
21.230145,26.002483,-150.00002,0,0
20.230145,26.002483,-150.00002,0,0
19.230145,26.002483,-150.00002,0,0
18.230145,26.002483,-150.00002,0,0
17.230145,26.002483,-150.00002,0,0
16.230145,26.002483,-150.00002,0,0
15.2301445,26.002483,-150.00002,0,0
14.2301445,26.002483,-150.00002,0,0
13.2301445,26.002483,-150.00002,0,0
12.2301445,26.002483,-150.00002,0,0
11.2301445,26.002483,-150.00002,0,0
10.2301445,26.002483,-150.00002,0,0
9.2301445,26.002483,-150.00002,0,0
8.2301445,26.002483,-150.00002,0,0
7.2301445,26.002483,-150.00002,0,0
6.2301445,26.002483,-150.00002,0,0
5.2301445,26.002483,-150.00002,0,0
4.2301445,26.002483,-150.00002,0,0
3.2301445,26.002483,-150.00002,0,0
2.2301445,26.002483,-150.00002,0,0
1.2301445,26.002483,-150.00002,0,0
0.2301445,26.002483,-150.00002,0,0
-0.7698555,26.002483,-150.00002,0,0
-1.7698555,26.002483,-150.00002,0,0
-2.7698555,26.002483,-150.00002,0,0
-3.7698555,26.002483,-150.00002,0,0
-4.7698555,26.002483,-150.00002,0,0
-5.7698555,26.002483,-150.00002,0,0
-6.7698555,26.002483,-150.00002,0,0
-7.7698555,26.002483,-150.00002,0,0
-8.7698555,26.002483,-150.00002,0,0
-9.7698555,26.002483,-150.00002,0,0
-10.7698555,26.002483,-150.00002,0,0
-11.7698555,26.002483,-150.00002,0,0
-12.7698555,26.002483,-150.00002,0,0
-13.7698555,26.002483,-150.00002,0,0
-14.7698555,26.002483,-150.00002,0,0
-15.7698555,26.002483,-150.00002,0,0
-16.769855,26.002483,-150.00002,0,0
-17.769855,26.002483,-150.00002,0,0
-18.769855,26.002483,-150.00002,0,0
-19.769855,26.002483,-150.00002,0,0
-20.769855,26.002483,-150.00002,0,0
-21.769855,26.002483,-150.00002,0,0
-22.769855,26.002483,-150.00002,0,0
-23.769855,26.002483,-150.00002,0,0
-24.769855,26.002483,-150.00002,0,0
-25.769855,26.002483,-150.00002,0,0
-26.769855,26.002483,-150.00002,0,0
-27.769855,26.002483,-150.00002,0,0
-28.769855,26.002483,-150.00002,0,0
-29.769855,26.002483,-150.00002,0,0
-30.769855,26.002483,-150.00002,0,0
-31.769855,26.002483,-150.00002,0,0
-32.769855,26.002483,-150.00002,0,0
-33.769855,26.002483,-150.00002,0,0
-34.769855,26.002483,-150.00002,0,0
-35.769855,26.002483,-150.00002,0,0
-36.769855,26.002483,-150.00002,0,0
-37.769855,26.002483,-150.00002,0,0
-38.769855,26.002483,-150.00002,0,0
-39.769855,26.002483,-150.00002,0,0
-40.769855,26.002483,-150.00002,0,0
-41.769855,26.002483,-150.00002,0,0
-42.769855,26.002483,-150.00002,0,0
-43.769855,26.002483,-150.00002,0,0
-44.769855,26.002483,-150.00002,0,0
-45.769855,26.002483,-150.00002,0,0
-46.769855,26.002483,-150.00002,0,0
-47.769855,26.002483,-150.00002,0,0
-48.769855,26.002483,-150.00002,0,0
-49.769855,26.002483,-150.00002,0,0
49.230145,25.002483,-150.00002,0,0
48.230145,25.002483,-150.00002,0,0
47.230145,25.002483,-150.00002,0,0
46.230145,25.002483,-150.00002,0,0
45.230145,25.002483,-150.00002,0,0
44.230145,25.002483,-150.00002,0,0
43.230145,25.002483,-150.00002,0,0
42.230145,25.002483,-150.00002,0,0
41.230145,25.002483,-150.00002,0,0
40.230145,25.002483,-150.00002,0,0
39.230145,25.002483,-150.00002,0,0
38.230145,25.002483,-150.00002,0,0
37.230145,25.002483,-150.00002,0,0
36.230145,25.002483,-150.00002,0,0
35.230145,25.002483,-150.00002,0,0
34.230145,25.002483,-150.00002,0,0
33.230145,25.002483,-150.00002,0,0
32.230145,25.002483,-150.00002,0,0
31.230145,25.002483,-150.00002,0,0
30.230145,25.002483,-150.00002,0,0
29.230145,25.002483,-150.00002,0,0
28.230145,25.002483,-150.00002,0,0
27.230145,25.002483,-150.00002,0,0
26.230145,25.002483,-150.00002,0,0
25.230145,25.002483,-150.00002,0,0
24.230145,25.002483,-150.00002,0,0
23.230145,25.002483,-150.00002,0,0
22.230145,25.002483,-150.00002,0,0
21.230145,25.002483,-150.00002,0,0
20.230145,25.002483,-150.00002,0,0
19.230145,25.002483,-150.00002,0,0
18.230145,25.002483,-150.00002,0,0
17.230145,25.002483,-150.00002,0,0
16.230145,25.002483,-150.00002,0,0
15.2301445,25.002483,-150.00002,0,0
14.2301445,25.002483,-150.00002,0,0
13.2301445,25.002483,-150.00002,0,0
12.2301445,25.002483,-150.00002,0,0
11.2301445,25.002483,-150.00002,0,0
10.2301445,25.002483,-150.00002,0,0
9.2301445,25.002483,-150.00002,0,0
8.2301445,25.002483,-150.00002,0,0
7.2301445,25.002483,-150.00002,0,0
6.2301445,25.002483,-150.00002,0,0
5.2301445,25.002483,-150.00002,0,0
4.2301445,25.002483,-150.00002,0,0
3.2301445,25.002483,-150.00002,0,0
2.2301445,25.002483,-150.00002,0,0
1.2301445,25.002483,-150.00002,0,0
0.2301445,25.002483,-150.00002,0,0
-0.7698555,25.002483,-150.00002,0,0
-1.7698555,25.002483,-150.00002,0,0
-2.7698555,25.002483,-150.00002,0,0
-3.7698555,25.002483,-150.00002,0,0
-4.7698555,25.002483,-150.00002,0,0
-5.7698555,25.002483,-150.00002,0,0
-6.7698555,25.002483,-150.00002,0,0
-7.7698555,25.002483,-150.00002,0,0
-8.7698555,25.002483,-150.00002,0,0
-9.7698555,25.002483,-150.00002,0,0
-10.7698555,25.002483,-150.00002,0,0
-11.7698555,25.002483,-150.00002,0,0
-12.7698555,25.002483,-150.00002,0,0
-13.7698555,25.002483,-150.00002,0,0
-14.7698555,25.002483,-150.00002,0,0
-15.7698555,25.002483,-150.00002,0,0
-16.769855,25.002483,-150.00002,0,0
-17.769855,25.002483,-150.00002,0,0
-18.769855,25.002483,-150.00002,0,0
-19.769855,25.002483,-150.00002,0,0
-20.769855,25.002483,-150.00002,0,0
-21.769855,25.002483,-150.00002,0,0
-22.769855,25.002483,-150.00002,0,0
-23.769855,25.002483,-150.00002,0,0
-24.769855,25.002483,-150.00002,0,0
-25.769855,25.002483,-150.00002,0,0
-26.769855,25.002483,-150.00002,0,0
-27.769855,25.002483,-150.00002,0,0
-28.769855,25.002483,-150.00002,0,0
-29.769855,25.002483,-150.00002,0,0
-30.769855,25.002483,-150.00002,0,0
-31.769855,25.002483,-150.00002,0,0
-32.769855,25.002483,-150.00002,0,0
-33.769855,25.002483,-150.00002,0,0
-34.769855,25.002483,-150.00002,0,0
-35.769855,25.002483,-150.00002,0,0
-36.769855,25.002483,-150.00002,0,0
-37.769855,25.002483,-150.00002,0,0
-38.769855,25.002483,-150.00002,0,0
-39.769855,25.002483,-150.00002,0,0
-40.769855,25.002483,-150.00002,0,0
-41.769855,25.002483,-150.00002,0,0
-42.769855,25.002483,-150.00002,0,0
-43.769855,25.002483,-150.00002,0,0
-44.769855,25.002483,-150.00002,0,0
-45.769855,25.002483,-150.00002,0,0
-46.769855,25.002483,-150.00002,0,0
-47.769855,25.002483,-150.00002,0,0
-48.769855,25.002483,-150.00002,0,0
-49.769855,25.002483,-150.00002,0,0
49.230145,24.002483,-150.00002,0,0
48.230145,24.002483,-150.00002,0,0
47.230145,24.002483,-150.00002,0,0
46.230145,24.002483,-150.00002,0,0
45.230145,24.002483,-150.00002,0,0
44.230145,24.002483,-150.00002,0,0
43.230145,24.002483,-150.00002,0,0
42.230145,24.002483,-150.00002,0,0
41.230145,24.002483,-150.00002,0,0
40.230145,24.002483,-150.00002,0,0
39.230145,24.002483,-150.00002,0,0
38.230145,24.002483,-150.00002,0,0
37.230145,24.002483,-150.00002,0,0
36.230145,24.002483,-150.00002,0,0
35.230145,24.002483,-150.00002,0,0
34.230145,24.002483,-150.00002,0,0
33.230145,24.002483,-150.00002,0,0
32.230145,24.002483,-150.00002,0,0
31.230145,24.002483,-150.00002,0,0
30.230145,24.002483,-150.00002,0,0
29.230145,24.002483,-150.00002,0,0
28.230145,24.002483,-150.00002,0,0
27.230145,24.002483,-150.00002,0,0
26.230145,24.002483,-150.00002,0,0
25.230145,24.002483,-150.00002,0,0
24.230145,24.002483,-150.00002,0,0
23.230145,24.002483,-150.00002,0,0
22.230145,24.002483,-150.00002,0,0
21.230145,24.002483,-150.00002,0,0
20.230145,24.002483,-150.00002,0,0
19.230145,24.002483,-150.00002,0,0
18.230145,24.002483,-150.00002,0,0
17.230145,24.002483,-150.00002,0,0
16.230145,24.002483,-150.00002,0,0
15.2301445,24.002483,-150.00002,0,0
14.2301445,24.002483,-150.00002,0,0
13.2301445,24.002483,-150.00002,0,0
12.2301445,24.002483,-150.00002,0,0
11.2301445,24.002483,-150.00002,0,0
10.2301445,24.002483,-150.00002,0,0
9.2301445,24.002483,-150.00002,0,0
8.2301445,24.002483,-150.00002,0,0
7.2301445,24.002483,-150.00002,0,0
6.2301445,24.002483,-150.00002,0,0
5.2301445,24.002483,-150.00002,0,0
4.2301445,24.002483,-150.00002,0,0
3.2301445,24.002483,-150.00002,0,0
2.2301445,24.002483,-150.00002,0,0
1.2301445,24.002483,-150.00002,0,0
0.2301445,24.002483,-150.00002,0,0
-0.7698555,24.002483,-150.00002,0,0
-1.7698555,24.002483,-150.00002,0,0
-2.7698555,24.002483,-150.00002,0,0
-3.7698555,24.002483,-150.00002,0,0
-4.7698555,24.002483,-150.00002,0,0
-5.7698555,24.002483,-150.00002,0,0
-6.7698555,24.002483,-150.00002,0,0
-7.7698555,24.002483,-150.00002,0,0
-8.7698555,24.002483,-150.00002,0,0
-9.7698555,24.002483,-150.00002,0,0
-10.7698555,24.002483,-150.00002,0,0
-11.7698555,24.002483,-150.00002,0,0
-12.7698555,24.002483,-150.00002,0,0
-13.7698555,24.002483,-150.00002,0,0
-14.7698555,24.002483,-150.00002,0,0
-15.7698555,24.002483,-150.00002,0,0
-16.769855,24.002483,-150.00002,0,0
-17.769855,24.002483,-150.00002,0,0
-18.769855,24.002483,-150.00002,0,0
-19.769855,24.002483,-150.00002,0,0
-20.769855,24.002483,-150.00002,0,0
-21.769855,24.002483,-150.00002,0,0
-22.769855,24.002483,-150.00002,0,0
-23.769855,24.002483,-150.00002,0,0
-24.769855,24.002483,-150.00002,0,0
-25.769855,24.002483,-150.00002,0,0
-26.769855,24.002483,-150.00002,0,0
-27.769855,24.002483,-150.00002,0,0
-28.769855,24.002483,-150.00002,0,0
-29.769855,24.002483,-150.00002,0,0
-30.769855,24.002483,-150.00002,0,0
-31.769855,24.002483,-150.00002,0,0
-32.769855,24.002483,-150.00002,0,0
-33.769855,24.002483,-150.00002,0,0
-34.769855,24.002483,-150.00002,0,0
-35.769855,24.002483,-150.00002,0,0
-36.769855,24.002483,-150.00002,0,0
-37.769855,24.002483,-150.00002,0,0
-38.769855,24.002483,-150.00002,0,0
-39.769855,24.002483,-150.00002,0,0
-40.769855,24.002483,-150.00002,0,0
-41.769855,24.002483,-150.00002,0,0
-42.769855,24.002483,-150.00002,0,0
-43.769855,24.002483,-150.00002,0,0
-44.769855,24.002483,-150.00002,0,0
-45.769855,24.002483,-150.00002,0,0
-46.769855,24.002483,-150.00002,0,0
-47.769855,24.002483,-150.00002,0,0
-48.769855,24.002483,-150.00002,0,0
-49.769855,24.002483,-150.00002,0,0
49.230145,23.002483,-150.00002,0,0
48.230145,23.002483,-150.00002,0,0
47.230145,23.002483,-150.00002,0,0
46.230145,23.002483,-150.00002,0,0
45.230145,23.002483,-150.00002,0,0
44.230145,23.002483,-150.00002,0,0
43.230145,23.002483,-150.00002,0,0
42.230145,23.002483,-150.00002,0,0
41.230145,23.002483,-150.00002,0,0
40.230145,23.002483,-150.00002,0,0
39.230145,23.002483,-150.00002,0,0
38.230145,23.002483,-150.00002,0,0
37.230145,23.002483,-150.00002,0,0
36.230145,23.002483,-150.00002,0,0
35.230145,23.002483,-150.00002,0,0
34.230145,23.002483,-150.00002,0,0
33.230145,23.002483,-150.00002,0,0
32.230145,23.002483,-150.00002,0,0
31.230145,23.002483,-150.00002,0,0
30.230145,23.002483,-150.00002,0,0
29.230145,23.002483,-150.00002,0,0
28.230145,23.002483,-150.00002,0,0
27.230145,23.002483,-150.00002,0,0
26.230145,23.002483,-150.00002,0,0
25.230145,23.002483,-150.00002,0,0
24.230145,23.002483,-150.00002,0,0
23.230145,23.002483,-150.00002,0,0
22.230145,23.002483,-150.00002,0,0
21.230145,23.002483,-150.00002,0,0
20.230145,23.002483,-150.00002,0,0
19.230145,23.002483,-150.00002,0,0
18.230145,23.002483,-150.00002,0,0
17.230145,23.002483,-150.00002,0,0
16.230145,23.002483,-150.00002,0,0
15.2301445,23.002483,-150.00002,0,0
14.2301445,23.002483,-150.00002,0,0
13.2301445,23.002483,-150.00002,0,0
12.2301445,23.002483,-150.00002,0,0
11.2301445,23.002483,-150.00002,0,0
10.2301445,23.002483,-150.00002,0,0
9.2301445,23.002483,-150.00002,0,0
8.2301445,23.002483,-150.00002,0,0
7.2301445,23.002483,-150.00002,0,0
6.2301445,23.002483,-150.00002,0,0
5.2301445,23.002483,-150.00002,0,0
4.2301445,23.002483,-150.00002,0,0
3.2301445,23.002483,-150.00002,0,3.999999
2.2301445,23.002483,-150.00002,0,0
1.2301445,23.002483,-150.00002,0,0
0.2301445,23.002483,-150.00002,0,0
-0.7698555,23.002483,-150.00002,0,0
-1.7698555,23.002483,-150.00002,0,0
-2.7698555,23.002483,-150.00002,0,0
-3.7698555,23.002483,-150.00002,0,0
-4.7698555,23.002483,-150.00002,0,0
-5.7698555,23.002483,-150.00002,0,0
-6.7698555,23.002483,-150.00002,0,0
-7.7698555,23.002483,-150.00002,0,0
-8.7698555,23.002483,-150.00002,0,0
-9.7698555,23.002483,-150.00002,0,0
-10.7698555,23.002483,-150.00002,0,0
-11.7698555,23.002483,-150.00002,0,0
-12.7698555,23.002483,-150.00002,0,0
-13.7698555,23.002483,-150.00002,0,0
-14.7698555,23.002483,-150.00002,0,0
-15.7698555,23.002483,-150.00002,0,0
-16.769855,23.002483,-150.00002,0,0
-17.769855,23.002483,-150.00002,0,0
-18.769855,23.002483,-150.00002,0,0
-19.769855,23.002483,-150.00002,0,0
-20.769855,23.002483,-150.00002,0,0
-21.769855,23.002483,-150.00002,0,0
-22.769855,23.002483,-150.00002,0,0
-23.769855,23.002483,-150.00002,0,0
-24.769855,23.002483,-150.00002,0,0
-25.769855,23.002483,-150.00002,0,0
-26.769855,23.002483,-150.00002,0,0
-27.769855,23.002483,-150.00002,0,0
-28.769855,23.002483,-150.00002,0,0
-29.769855,23.002483,-150.00002,0,0
-30.769855,23.002483,-150.00002,0,0
-31.769855,23.002483,-150.00002,0,0
-32.769855,23.002483,-150.00002,0,0
-33.769855,23.002483,-150.00002,0,0
-34.769855,23.002483,-150.00002,0,0
-35.769855,23.002483,-150.00002,0,0
-36.769855,23.002483,-150.00002,0,0
-37.769855,23.002483,-150.00002,0,0
-38.769855,23.002483,-150.00002,0,0
-39.769855,23.002483,-150.00002,0,0
-40.769855,23.002483,-150.00002,0,0
-41.769855,23.002483,-150.00002,0,0
-42.769855,23.002483,-150.00002,0,0
-43.769855,23.002483,-150.00002,0,0
-44.769855,23.002483,-150.00002,0,0
-45.769855,23.002483,-150.00002,0,0
-46.769855,23.002483,-150.00002,0,0
-47.769855,23.002483,-150.00002,0,0
-48.769855,23.002483,-150.00002,0,0
-49.769855,23.002483,-150.00002,0,0
49.230145,22.002483,-150.00002,0,0
48.230145,22.002483,-150.00002,0,0
47.230145,22.002483,-150.00002,0,0
46.230145,22.002483,-150.00002,0,0
45.230145,22.002483,-150.00002,0,0
44.230145,22.002483,-150.00002,0,0
43.230145,22.002483,-150.00002,0,0
42.230145,22.002483,-150.00002,0,0
41.230145,22.002483,-150.00002,0,0
40.230145,22.002483,-150.00002,0,0
39.230145,22.002483,-150.00002,0,0
38.230145,22.002483,-150.00002,0,0
37.230145,22.002483,-150.00002,0,0
36.230145,22.002483,-150.00002,0,0
35.230145,22.002483,-150.00002,0,0
34.230145,22.002483,-150.00002,0,0
33.230145,22.002483,-150.00002,0,0
32.230145,22.002483,-150.00002,0,0
31.230145,22.002483,-150.00002,0,0
30.230145,22.002483,-150.00002,0,0
29.230145,22.002483,-150.00002,0,0
28.230145,22.002483,-150.00002,0,0
27.230145,22.002483,-150.00002,0,0
26.230145,22.002483,-150.00002,0,0
25.230145,22.002483,-150.00002,0,0
24.230145,22.002483,-150.00002,0,0
23.230145,22.002483,-150.00002,0,0
22.230145,22.002483,-150.00002,0,0
21.230145,22.002483,-150.00002,0,0
20.230145,22.002483,-150.00002,0,0
19.230145,22.002483,-150.00002,0,0
18.230145,22.002483,-150.00002,0,0
17.230145,22.002483,-150.00002,0,0
16.230145,22.002483,-150.00002,0,0
15.2301445,22.002483,-150.00002,0,0
14.2301445,22.002483,-150.00002,0,0
13.2301445,22.002483,-150.00002,0,0
12.2301445,22.002483,-150.00002,0,0
11.2301445,22.002483,-150.00002,0,0
10.2301445,22.002483,-150.00002,0,0
9.2301445,22.002483,-150.00002,0,0
8.2301445,22.002483,-150.00002,0,0
7.2301445,22.002483,-150.00002,0,0
6.2301445,22.002483,-150.00002,0,0
5.2301445,22.002483,-150.00002,0,0
4.2301445,22.002483,-150.00002,0,0
3.2301445,22.002483,-150.00002,0,7.999998
2.2301445,22.002483,-150.00002,0,19.999996
1.2301445,22.002483,-150.00002,0,39.999996
0.2301445,22.002483,-150.00002,0,75.99999
-0.7698555,22.002483,-150.00002,0,107.99999
-1.7698555,22.002483,-150.00002,0,99.99999
-2.7698555,22.002483,-150.00002,0,75.99999
-3.7698555,22.002483,-150.00002,0,83.99999
-4.7698555,22.002483,-150.00002,0,43.999996
-5.7698555,22.002483,-150.00002,0,27.999996
-6.7698555,22.002483,-150.00002,0,7.999998
-7.7698555,22.002483,-150.00002,0,0
-8.7698555,22.002483,-150.00002,0,0
-9.7698555,22.002483,-150.00002,0,0
-10.7698555,22.002483,-150.00002,0,0
-11.7698555,22.002483,-150.00002,0,0
-12.7698555,22.002483,-150.00002,0,0
-13.7698555,22.002483,-150.00002,0,0
-14.7698555,22.002483,-150.00002,0,0
-15.7698555,22.002483,-150.00002,0,0
-16.769855,22.002483,-150.00002,0,0
-17.769855,22.002483,-150.00002,0,0
-18.769855,22.002483,-150.00002,0,0
-19.769855,22.002483,-150.00002,0,0
-20.769855,22.002483,-150.00002,0,0
-21.769855,22.002483,-150.00002,0,0
-22.769855,22.002483,-150.00002,0,0
-23.769855,22.002483,-150.00002,0,0
-24.769855,22.002483,-150.00002,0,0
-25.769855,22.002483,-150.00002,0,0
-26.769855,22.002483,-150.00002,0,0
-27.769855,22.002483,-150.00002,0,0
-28.769855,22.002483,-150.00002,0,0
-29.769855,22.002483,-150.00002,0,0
-30.769855,22.002483,-150.00002,0,0
-31.769855,22.002483,-150.00002,0,0
-32.769855,22.002483,-150.00002,0,0
-33.769855,22.002483,-150.00002,0,0
-34.769855,22.002483,-150.00002,0,0
-35.769855,22.002483,-150.00002,0,0
-36.769855,22.002483,-150.00002,0,0
-37.769855,22.002483,-150.00002,0,0
-38.769855,22.002483,-150.00002,0,0
-39.769855,22.002483,-150.00002,0,0
-40.769855,22.002483,-150.00002,0,0
-41.769855,22.002483,-150.00002,0,0
-42.769855,22.002483,-150.00002,0,0
-43.769855,22.002483,-150.00002,0,0
-44.769855,22.002483,-150.00002,0,0
-45.769855,22.002483,-150.00002,0,0
-46.769855,22.002483,-150.00002,0,0
-47.769855,22.002483,-150.00002,0,0
-48.769855,22.002483,-150.00002,0,0
-49.769855,22.002483,-150.00002,0,0
49.230145,21.002483,-150.00002,0,0
48.230145,21.002483,-150.00002,0,0
47.230145,21.002483,-150.00002,0,0
46.230145,21.002483,-150.00002,0,0
45.230145,21.002483,-150.00002,0,0
44.230145,21.002483,-150.00002,0,0
43.230145,21.002483,-150.00002,0,0
42.230145,21.002483,-150.00002,0,0
41.230145,21.002483,-150.00002,0,0
40.230145,21.002483,-150.00002,0,0
39.230145,21.002483,-150.00002,0,0
38.230145,21.002483,-150.00002,0,0
37.230145,21.002483,-150.00002,0,0
36.230145,21.002483,-150.00002,0,0
35.230145,21.002483,-150.00002,0,0
34.230145,21.002483,-150.00002,0,0
33.230145,21.002483,-150.00002,0,0
32.230145,21.002483,-150.00002,0,0
31.230145,21.002483,-150.00002,0,0
30.230145,21.002483,-150.00002,0,0
29.230145,21.002483,-150.00002,0,0
28.230145,21.002483,-150.00002,0,0
27.230145,21.002483,-150.00002,0,0
26.230145,21.002483,-150.00002,0,0
25.230145,21.002483,-150.00002,0,0
24.230145,21.002483,-150.00002,0,0
23.230145,21.002483,-150.00002,0,0
22.230145,21.002483,-150.00002,0,0
21.230145,21.002483,-150.00002,0,0
20.230145,21.002483,-150.00002,0,0
19.230145,21.002483,-150.00002,0,0
18.230145,21.002483,-150.00002,0,0
17.230145,21.002483,-150.00002,0,0
16.230145,21.002483,-150.00002,0,0
15.2301445,21.002483,-150.00002,0,0
14.2301445,21.002483,-150.00002,0,0
13.2301445,21.002483,-150.00002,0,0
12.2301445,21.002483,-150.00002,0,0
11.2301445,21.002483,-150.00002,0,0
10.2301445,21.002483,-150.00002,0,0
9.2301445,21.002483,-150.00002,0,0
8.2301445,21.002483,-150.00002,0,0
7.2301445,21.002483,-150.00002,0,0
6.2301445,21.002483,-150.00002,0,0
5.2301445,21.002483,-150.00002,0,47.999996
4.2301445,21.002483,-150.00002,0,59.999996
3.2301445,21.002483,-150.00002,0,127.99999
2.2301445,21.002483,-150.00002,0.48739308,119.99999
1.2301445,21.002483,-150.00002,0.44414228,131.99998
0.2301445,21.002483,-150.00002,0.34622556,123.99999
-0.7698555,21.002483,-150.00002,0.29953554,151.99998
-1.7698555,21.002483,-150.00002,0.35351747,135.99998
-2.7698555,21.002483,-150.00002,0.42057478,139.99998
-3.7698555,21.002483,-150.00002,0.38774383,183.99998
-4.7698555,21.002483,-150.00002,0.34370083,175.99998
-5.7698555,21.002483,-150.00002,Infinity,175.99998
-6.7698555,21.002483,-150.00002,0,123.99999
-7.7698555,21.002483,-150.00002,0,99.99999
-8.7698555,21.002483,-150.00002,0,0
-9.7698555,21.002483,-150.00002,0,0
-10.7698555,21.002483,-150.00002,0,0
-11.7698555,21.002483,-150.00002,0,0
-12.7698555,21.002483,-150.00002,0,0
-13.7698555,21.002483,-150.00002,0,0
-14.7698555,21.002483,-150.00002,0,0
-15.7698555,21.002483,-150.00002,0,0
-16.769855,21.002483,-150.00002,0,0
-17.769855,21.002483,-150.00002,0,0
-18.769855,21.002483,-150.00002,0,0
-19.769855,21.002483,-150.00002,0,0
-20.769855,21.002483,-150.00002,0,0
-21.769855,21.002483,-150.00002,0,0
-22.769855,21.002483,-150.00002,0,0
-23.769855,21.002483,-150.00002,0,0
-24.769855,21.002483,-150.00002,0,0
-25.769855,21.002483,-150.00002,0,0
-26.769855,21.002483,-150.00002,0,0
-27.769855,21.002483,-150.00002,0,0
-28.769855,21.002483,-150.00002,0,0
-29.769855,21.002483,-150.00002,0,0
-30.769855,21.002483,-150.00002,0,0
-31.769855,21.002483,-150.00002,0,0
-32.769855,21.002483,-150.00002,0,0
-33.769855,21.002483,-150.00002,0,0
-34.769855,21.002483,-150.00002,0,0
-35.769855,21.002483,-150.00002,0,0
-36.769855,21.002483,-150.00002,0,0
-37.769855,21.002483,-150.00002,0,0
-38.769855,21.002483,-150.00002,0,0
-39.769855,21.002483,-150.00002,0,0
-40.769855,21.002483,-150.00002,0,0
-41.769855,21.002483,-150.00002,0,0
-42.769855,21.002483,-150.00002,0,0
-43.769855,21.002483,-150.00002,0,0
-44.769855,21.002483,-150.00002,0,0
-45.769855,21.002483,-150.00002,0,0
-46.769855,21.002483,-150.00002,0,0
-47.769855,21.002483,-150.00002,0,0
-48.769855,21.002483,-150.00002,0,0
-49.769855,21.002483,-150.00002,0,0
49.230145,20.002483,-150.00002,0,0
48.230145,20.002483,-150.00002,0,0
47.230145,20.002483,-150.00002,0,0
46.230145,20.002483,-150.00002,0,0
45.230145,20.002483,-150.00002,0,0
44.230145,20.002483,-150.00002,0,0
43.230145,20.002483,-150.00002,0,0
42.230145,20.002483,-150.00002,0,0
41.230145,20.002483,-150.00002,0,0
40.230145,20.002483,-150.00002,0,0
39.230145,20.002483,-150.00002,0,0
38.230145,20.002483,-150.00002,0,0
37.230145,20.002483,-150.00002,0,0
36.230145,20.002483,-150.00002,0,0
35.230145,20.002483,-150.00002,0,0
34.230145,20.002483,-150.00002,0,0
33.230145,20.002483,-150.00002,0,0
32.230145,20.002483,-150.00002,0,0
31.230145,20.002483,-150.00002,0,0
30.230145,20.002483,-150.00002,0,0
29.230145,20.002483,-150.00002,0,0
28.230145,20.002483,-150.00002,0,0
27.230145,20.002483,-150.00002,0,0
26.230145,20.002483,-150.00002,0,0
25.230145,20.002483,-150.00002,0,0
24.230145,20.002483,-150.00002,0,0
23.230145,20.002483,-150.00002,0,0
22.230145,20.002483,-150.00002,0,0
21.230145,20.002483,-150.00002,0,0
20.230145,20.002483,-150.00002,0,0
19.230145,20.002483,-150.00002,0,0
18.230145,20.002483,-150.00002,0,0
17.230145,20.002483,-150.00002,0,0
16.230145,20.002483,-150.00002,0,0
15.2301445,20.002483,-150.00002,0,0
14.2301445,20.002483,-150.00002,0,0
13.2301445,20.002483,-150.00002,0,0
12.2301445,20.002483,-150.00002,0,0
11.2301445,20.002483,-150.00002,0,0
10.2301445,20.002483,-150.00002,0,0
9.2301445,20.002483,-150.00002,0,0
8.2301445,20.002483,-150.00002,0,0
7.2301445,20.002483,-150.00002,0,19.999996
6.2301445,20.002483,-150.00002,0,87.99999
5.2301445,20.002483,-150.00002,-Infinity,127.99999
4.2301445,20.002483,-150.00002,0.39699885,103.99999
3.2301445,20.002483,-150.00002,0.40435076,67.99999
2.2301445,20.002483,-150.00002,0.53359663,91.99999
1.2301445,20.002483,-150.00002,0.5634794,135.99998
0.2301445,20.002483,-150.00002,0.42691302,111.99999
-0.7698555,20.002483,-150.00002,0.32765058,103.99999
-1.7698555,20.002483,-150.00002,0.3479954,151.99998
-2.7698555,20.002483,-150.00002,0.3574325,163.99998
-3.7698555,20.002483,-150.00002,0.27646708,187.99998
-4.7698555,20.002483,-150.00002,0.21799253,103.99999
-5.7698555,20.002483,-150.00002,0.30238742,151.99998
-6.7698555,20.002483,-150.00002,0.42662004,167.99998
-7.7698555,20.002483,-150.00002,0,147.99998
-8.7698555,20.002483,-150.00002,0,95.99999
-9.7698555,20.002483,-150.00002,0,39.999996
-10.7698555,20.002483,-150.00002,0,3.999999
-11.7698555,20.002483,-150.00002,0,0
-12.7698555,20.002483,-150.00002,0,0
-13.7698555,20.002483,-150.00002,0,0
-14.7698555,20.002483,-150.00002,0,0
-15.7698555,20.002483,-150.00002,0,0
-16.769855,20.002483,-150.00002,0,0
-17.769855,20.002483,-150.00002,0,0
-18.769855,20.002483,-150.00002,0,0
-19.769855,20.002483,-150.00002,0,0
-20.769855,20.002483,-150.00002,0,0
-21.769855,20.002483,-150.00002,0,0
-22.769855,20.002483,-150.00002,0,0
-23.769855,20.002483,-150.00002,0,0
-24.769855,20.002483,-150.00002,0,0
-25.769855,20.002483,-150.00002,0,0
-26.769855,20.002483,-150.00002,0,0
-27.769855,20.002483,-150.00002,0,0
-28.769855,20.002483,-150.00002,0,0
-29.769855,20.002483,-150.00002,0,0
-30.769855,20.002483,-150.00002,0,0
-31.769855,20.002483,-150.00002,0,0
-32.769855,20.002483,-150.00002,0,0
-33.769855,20.002483,-150.00002,0,0
-34.769855,20.002483,-150.00002,0,0
-35.769855,20.002483,-150.00002,0,0
-36.769855,20.002483,-150.00002,0,0
-37.769855,20.002483,-150.00002,0,0
-38.769855,20.002483,-150.00002,0,0
-39.769855,20.002483,-150.00002,0,0
-40.769855,20.002483,-150.00002,0,0
-41.769855,20.002483,-150.00002,0,0
-42.769855,20.002483,-150.00002,0,0
-43.769855,20.002483,-150.00002,0,0
-44.769855,20.002483,-150.00002,0,0
-45.769855,20.002483,-150.00002,0,0
-46.769855,20.002483,-150.00002,0,0
-47.769855,20.002483,-150.00002,0,0
-48.769855,20.002483,-150.00002,0,0
-49.769855,20.002483,-150.00002,0,0
49.230145,19.002483,-150.00002,0,0
48.230145,19.002483,-150.00002,0,0
47.230145,19.002483,-150.00002,0,0
46.230145,19.002483,-150.00002,0,0
45.230145,19.002483,-150.00002,0,0
44.230145,19.002483,-150.00002,0,0
43.230145,19.002483,-150.00002,0,0
42.230145,19.002483,-150.00002,0,0
41.230145,19.002483,-150.00002,0,0
40.230145,19.002483,-150.00002,0,0
39.230145,19.002483,-150.00002,0,0
38.230145,19.002483,-150.00002,0,0
37.230145,19.002483,-150.00002,0,0
36.230145,19.002483,-150.00002,0,0
35.230145,19.002483,-150.00002,0,0
34.230145,19.002483,-150.00002,0,0
33.230145,19.002483,-150.00002,0,0
32.230145,19.002483,-150.00002,0,0
31.230145,19.002483,-150.00002,0,0
30.230145,19.002483,-150.00002,0,0
29.230145,19.002483,-150.00002,0,0
28.230145,19.002483,-150.00002,0,0
27.230145,19.002483,-150.00002,0,0
26.230145,19.002483,-150.00002,0,0
25.230145,19.002483,-150.00002,0,0
24.230145,19.002483,-150.00002,0,0
23.230145,19.002483,-150.00002,0,0
22.230145,19.002483,-150.00002,0,0
21.230145,19.002483,-150.00002,0,0
20.230145,19.002483,-150.00002,0,0
19.230145,19.002483,-150.00002,0,0
18.230145,19.002483,-150.00002,0,0
17.230145,19.002483,-150.00002,0,0
16.230145,19.002483,-150.00002,0,0
15.2301445,19.002483,-150.00002,0,0
14.2301445,19.002483,-150.00002,0,0
13.2301445,19.002483,-150.00002,0,0
12.2301445,19.002483,-150.00002,0,0
11.2301445,19.002483,-150.00002,0,0
10.2301445,19.002483,-150.00002,0,0
9.2301445,19.002483,-150.00002,0,23.999996
8.2301445,19.002483,-150.00002,0,67.99999
7.2301445,19.002483,-150.00002,-Infinity,131.99998
6.2301445,19.002483,-150.00002,0.44948375,111.99999
5.2301445,19.002483,-150.00002,0.40958437,99.99999
4.2301445,19.002483,-150.00002,0.3384717,111.99999
3.2301445,19.002483,-150.00002,0.39810884,79.99999
2.2301445,19.002483,-150.00002,0.570469,151.99998
1.2301445,19.002483,-150.00002,0.6079401,131.99998
0.2301445,19.002483,-150.00002,0.48337954,131.99998
-0.7698555,19.002483,-150.00002,0.387254,99.99999
-1.7698555,19.002483,-150.00002,0.39617053,159.99998
-2.7698555,19.002483,-150.00002,0.37492797,171.99998
-3.7698555,19.002483,-150.00002,0.2541822,143.99998
-4.7698555,19.002483,-150.00002,0.17223397,95.99999
-5.7698555,19.002483,-150.00002,0.23100834,167.99998
-6.7698555,19.002483,-150.00002,0.36113405,119.99999
-7.7698555,19.002483,-150.00002,0.44807884,167.99998
-8.7698555,19.002483,-150.00002,0.47346038,147.99998
-9.7698555,19.002483,-150.00002,Infinity,143.99998
-10.7698555,19.002483,-150.00002,0,67.99999
-11.7698555,19.002483,-150.00002,0,15.999996
-12.7698555,19.002483,-150.00002,0,0
-13.7698555,19.002483,-150.00002,0,0
-14.7698555,19.002483,-150.00002,0,0
-15.7698555,19.002483,-150.00002,0,0
-16.769855,19.002483,-150.00002,0,0
-17.769855,19.002483,-150.00002,0,0
-18.769855,19.002483,-150.00002,0,0
-19.769855,19.002483,-150.00002,0,0
-20.769855,19.002483,-150.00002,0,0
-21.769855,19.002483,-150.00002,0,0
-22.769855,19.002483,-150.00002,0,0
-23.769855,19.002483,-150.00002,0,0
-24.769855,19.002483,-150.00002,0,0
-25.769855,19.002483,-150.00002,0,0
-26.769855,19.002483,-150.00002,0,0
-27.769855,19.002483,-150.00002,0,0
-28.769855,19.002483,-150.00002,0,0
-29.769855,19.002483,-150.00002,0,0
-30.769855,19.002483,-150.00002,0,0
-31.769855,19.002483,-150.00002,0,0
-32.769855,19.002483,-150.00002,0,0
-33.769855,19.002483,-150.00002,0,0
-34.769855,19.002483,-150.00002,0,0
-35.769855,19.002483,-150.00002,0,0
-36.769855,19.002483,-150.00002,0,0
-37.769855,19.002483,-150.00002,0,0
-38.769855,19.002483,-150.00002,0,0
-39.769855,19.002483,-150.00002,0,0
-40.769855,19.002483,-150.00002,0,0
-41.769855,19.002483,-150.00002,0,0
-42.769855,19.002483,-150.00002,0,0
-43.769855,19.002483,-150.00002,0,0
-44.769855,19.002483,-150.00002,0,0
-45.769855,19.002483,-150.00002,0,0
-46.769855,19.002483,-150.00002,0,0
-47.769855,19.002483,-150.00002,0,0
-48.769855,19.002483,-150.00002,0,0
-49.769855,19.002483,-150.00002,0,0
49.230145,18.002483,-150.00002,0,0
48.230145,18.002483,-150.00002,0,0
47.230145,18.002483,-150.00002,0,0
46.230145,18.002483,-150.00002,0,0
45.230145,18.002483,-150.00002,0,0
44.230145,18.002483,-150.00002,0,0
43.230145,18.002483,-150.00002,0,0
42.230145,18.002483,-150.00002,0,0
41.230145,18.002483,-150.00002,0,0
40.230145,18.002483,-150.00002,0,0
39.230145,18.002483,-150.00002,0,0
38.230145,18.002483,-150.00002,0,0
37.230145,18.002483,-150.00002,0,0
36.230145,18.002483,-150.00002,0,0
35.230145,18.002483,-150.00002,0,0
34.230145,18.002483,-150.00002,0,0
33.230145,18.002483,-150.00002,0,0
32.230145,18.002483,-150.00002,0,0
31.230145,18.002483,-150.00002,0,0
30.230145,18.002483,-150.00002,0,0
29.230145,18.002483,-150.00002,0,0
28.230145,18.002483,-150.00002,0,0
27.230145,18.002483,-150.00002,0,0
26.230145,18.002483,-150.00002,0,0
25.230145,18.002483,-150.00002,0,0
24.230145,18.002483,-150.00002,0,0
23.230145,18.002483,-150.00002,0,0
22.230145,18.002483,-150.00002,0,0
21.230145,18.002483,-150.00002,0,0
20.230145,18.002483,-150.00002,0,0
19.230145,18.002483,-150.00002,0,0
18.230145,18.002483,-150.00002,0,0
17.230145,18.002483,-150.00002,0,0
16.230145,18.002483,-150.00002,0,0
15.2301445,18.002483,-150.00002,0,0
14.2301445,18.002483,-150.00002,0,0
13.2301445,18.002483,-150.00002,0,0
12.2301445,18.002483,-150.00002,0,0
11.2301445,18.002483,-150.00002,0,7.999998
10.2301445,18.002483,-150.00002,0,27.999996
9.2301445,18.002483,-150.00002,-Infinity,63.999996
8.2301445,18.002483,-150.00002,0.39294106,111.99999
7.2301445,18.002483,-150.00002,0.43019873,123.99999
6.2301445,18.002483,-150.00002,0.35465416,107.99999
5.2301445,18.002483,-150.00002,0.25904533,115.99999
4.2301445,18.002483,-150.00002,0.23895377,99.99999
3.2301445,18.002483,-150.00002,0.38432655,123.99999
2.2301445,18.002483,-150.00002,0.57502013,103.99999
1.2301445,18.002483,-150.00002,0.60938656,119.99999
0.2301445,18.002483,-150.00002,0.49637866,107.99999
-0.7698555,18.002483,-150.00002,0.40299517,151.99998
-1.7698555,18.002483,-150.00002,0.41180152,159.99998
-2.7698555,18.002483,-150.00002,0.42777267,123.99999
-3.7698555,18.002483,-150.00002,0.36071402,151.99998
-4.7698555,18.002483,-150.00002,0.26806244,143.99998
-5.7698555,18.002483,-150.00002,0.21548352,79.99999
-6.7698555,18.002483,-150.00002,0.27557954,119.99999
-7.7698555,18.002483,-150.00002,0.3901046,139.99998
-8.7698555,18.002483,-150.00002,0.41539714,163.99998
-9.7698555,18.002483,-150.00002,0.41482836,67.99999
-10.7698555,18.002483,-150.00002,0.47552994,123.99999
-11.7698555,18.002483,-150.00002,0,131.99998
-12.7698555,18.002483,-150.00002,0,35.999996
-13.7698555,18.002483,-150.00002,0,3.999999
-14.7698555,18.002483,-150.00002,0,0
-15.7698555,18.002483,-150.00002,0,0
-16.769855,18.002483,-150.00002,0,0
-17.769855,18.002483,-150.00002,0,0
-18.769855,18.002483,-150.00002,0,0
-19.769855,18.002483,-150.00002,0,0
-20.769855,18.002483,-150.00002,0,0
-21.769855,18.002483,-150.00002,0,0
-22.769855,18.002483,-150.00002,0,0
-23.769855,18.002483,-150.00002,0,0
-24.769855,18.002483,-150.00002,0,0
-25.769855,18.002483,-150.00002,0,0
-26.769855,18.002483,-150.00002,0,0
-27.769855,18.002483,-150.00002,0,0
-28.769855,18.002483,-150.00002,0,0
-29.769855,18.002483,-150.00002,0,0
-30.769855,18.002483,-150.00002,0,0
-31.769855,18.002483,-150.00002,0,0
-32.769855,18.002483,-150.00002,0,0
-33.769855,18.002483,-150.00002,0,0
-34.769855,18.002483,-150.00002,0,0
-35.769855,18.002483,-150.00002,0,0
-36.769855,18.002483,-150.00002,0,0
-37.769855,18.002483,-150.00002,0,0
-38.769855,18.002483,-150.00002,0,0
-39.769855,18.002483,-150.00002,0,0
-40.769855,18.002483,-150.00002,0,0
-41.769855,18.002483,-150.00002,0,0
-42.769855,18.002483,-150.00002,0,0
-43.769855,18.002483,-150.00002,0,0
-44.769855,18.002483,-150.00002,0,0
-45.769855,18.002483,-150.00002,0,0
-46.769855,18.002483,-150.00002,0,0
-47.769855,18.002483,-150.00002,0,0
-48.769855,18.002483,-150.00002,0,0
-49.769855,18.002483,-150.00002,0,0
49.230145,17.002483,-150.00002,0,0
48.230145,17.002483,-150.00002,0,0
47.230145,17.002483,-150.00002,0,0
46.230145,17.002483,-150.00002,0,0
45.230145,17.002483,-150.00002,0,0
44.230145,17.002483,-150.00002,0,0
43.230145,17.002483,-150.00002,0,0
42.230145,17.002483,-150.00002,0,0
41.230145,17.002483,-150.00002,0,0
40.230145,17.002483,-150.00002,0,0
39.230145,17.002483,-150.00002,0,0
38.230145,17.002483,-150.00002,0,0
37.230145,17.002483,-150.00002,0,0
36.230145,17.002483,-150.00002,0,0
35.230145,17.002483,-150.00002,0,0
34.230145,17.002483,-150.00002,0,0
33.230145,17.002483,-150.00002,0,0
32.230145,17.002483,-150.00002,0,0
31.230145,17.002483,-150.00002,0,0
30.230145,17.002483,-150.00002,0,0
29.230145,17.002483,-150.00002,0,0
28.230145,17.002483,-150.00002,0,0
27.230145,17.002483,-150.00002,0,0
26.230145,17.002483,-150.00002,0,0
25.230145,17.002483,-150.00002,0,0
24.230145,17.002483,-150.00002,0,0
23.230145,17.002483,-150.00002,0,0
22.230145,17.002483,-150.00002,0,0
21.230145,17.002483,-150.00002,0,0
20.230145,17.002483,-150.00002,0,0
19.230145,17.002483,-150.00002,0,0
18.230145,17.002483,-150.00002,0,0
17.230145,17.002483,-150.00002,0,0
16.230145,17.002483,-150.00002,0,0
15.2301445,17.002483,-150.00002,0,0
14.2301445,17.002483,-150.00002,0,0
13.2301445,17.002483,-150.00002,0,0
12.2301445,17.002483,-150.00002,0,0
11.2301445,17.002483,-150.00002,0,67.99999
10.2301445,17.002483,-150.00002,Infinity,139.99998
9.2301445,17.002483,-150.00002,0.32580692,119.99999
8.2301445,17.002483,-150.00002,0.35521784,95.99999
7.2301445,17.002483,-150.00002,0.3269443,87.99999
6.2301445,17.002483,-150.00002,0.21002647,71.99999
5.2301445,17.002483,-150.00002,0.12172502,75.99999
4.2301445,17.002483,-150.00002,0.16635627,123.99999
3.2301445,17.002483,-150.00002,0.31552443,139.99998
2.2301445,17.002483,-150.00002,0.4964998,147.99998
1.2301445,17.002483,-150.00002,0.56296813,123.99999
0.2301445,17.002483,-150.00002,0.48466784,103.99999
-0.7698555,17.002483,-150.00002,0.37925023,111.99999
-1.7698555,17.002483,-150.00002,0.3972143,91.99999
-2.7698555,17.002483,-150.00002,0.49137646,171.99998
-3.7698555,17.002483,-150.00002,0.4901744,163.99998
-4.7698555,17.002483,-150.00002,0.4111397,131.99998
-5.7698555,17.002483,-150.00002,0.30490184,99.99999
-6.7698555,17.002483,-150.00002,0.23559655,95.99999
-7.7698555,17.002483,-150.00002,0.28658542,131.99998
-8.7698555,17.002483,-150.00002,0.3569814,115.99999
-9.7698555,17.002483,-150.00002,0.4015596,79.99999
-10.7698555,17.002483,-150.00002,0.45146942,119.99999
-11.7698555,17.002483,-150.00002,0.41320738,95.99999
-12.7698555,17.002483,-150.00002,0.36450034,107.99999
-13.7698555,17.002483,-150.00002,0,103.99999
-14.7698555,17.002483,-150.00002,0,7.999998
-15.7698555,17.002483,-150.00002,0,3.999999
-16.769855,17.002483,-150.00002,0,0
-17.769855,17.002483,-150.00002,0,0
-18.769855,17.002483,-150.00002,0,0
-19.769855,17.002483,-150.00002,0,0
-20.769855,17.002483,-150.00002,0,0
-21.769855,17.002483,-150.00002,0,0
-22.769855,17.002483,-150.00002,0,0
-23.769855,17.002483,-150.00002,0,0
-24.769855,17.002483,-150.00002,0,0
-25.769855,17.002483,-150.00002,0,0
-26.769855,17.002483,-150.00002,0,0
-27.769855,17.002483,-150.00002,0,0
-28.769855,17.002483,-150.00002,0,0
-29.769855,17.002483,-150.00002,0,0
-30.769855,17.002483,-150.00002,0,0
-31.769855,17.002483,-150.00002,0,0
-32.769855,17.002483,-150.00002,0,0
-33.769855,17.002483,-150.00002,0,0
-34.769855,17.002483,-150.00002,0,0
-35.769855,17.002483,-150.00002,0,0
-36.769855,17.002483,-150.00002,0,0
-37.769855,17.002483,-150.00002,0,0
-38.769855,17.002483,-150.00002,0,0
-39.769855,17.002483,-150.00002,0,0
-40.769855,17.002483,-150.00002,0,0
-41.769855,17.002483,-150.00002,0,0
-42.769855,17.002483,-150.00002,0,0
-43.769855,17.002483,-150.00002,0,0
-44.769855,17.002483,-150.00002,0,0
-45.769855,17.002483,-150.00002,0,0
-46.769855,17.002483,-150.00002,0,0
-47.769855,17.002483,-150.00002,0,0
-48.769855,17.002483,-150.00002,0,0
-49.769855,17.002483,-150.00002,0,0
49.230145,16.002483,-150.00002,0,0
48.230145,16.002483,-150.00002,0,0
47.230145,16.002483,-150.00002,0,0
46.230145,16.002483,-150.00002,0,0
45.230145,16.002483,-150.00002,0,0
44.230145,16.002483,-150.00002,0,0
43.230145,16.002483,-150.00002,0,0
42.230145,16.002483,-150.00002,0,0
41.230145,16.002483,-150.00002,0,0
40.230145,16.002483,-150.00002,0,0
39.230145,16.002483,-150.00002,0,0
38.230145,16.002483,-150.00002,0,0
37.230145,16.002483,-150.00002,0,0
36.230145,16.002483,-150.00002,0,0
35.230145,16.002483,-150.00002,0,0
34.230145,16.002483,-150.00002,0,0
33.230145,16.002483,-150.00002,0,0
32.230145,16.002483,-150.00002,0,0
31.230145,16.002483,-150.00002,0,0
30.230145,16.002483,-150.00002,0,0
29.230145,16.002483,-150.00002,0,0
28.230145,16.002483,-150.00002,0,0
27.230145,16.002483,-150.00002,0,0
26.230145,16.002483,-150.00002,0,0
25.230145,16.002483,-150.00002,0,0
24.230145,16.002483,-150.00002,0,0
23.230145,16.002483,-150.00002,0,0
22.230145,16.002483,-150.00002,0,0
21.230145,16.002483,-150.00002,0,0
20.230145,16.002483,-150.00002,0,0
19.230145,16.002483,-150.00002,0,0
18.230145,16.002483,-150.00002,0,0
17.230145,16.002483,-150.00002,0,0
16.230145,16.002483,-150.00002,0,0
15.2301445,16.002483,-150.00002,0,0
14.2301445,16.002483,-150.00002,0,0
13.2301445,16.002483,-150.00002,0,0
12.2301445,16.002483,-150.00002,0,71.99999
11.2301445,16.002483,-150.00002,-Infinity,183.99998
10.2301445,16.002483,-150.00002,0.4332561,195.99998
9.2301445,16.002483,-150.00002,0.41854057,119.99999
8.2301445,16.002483,-150.00002,0.37399048,79.99999
7.2301445,16.002483,-150.00002,0.33953267,103.99999
6.2301445,16.002483,-150.00002,0.21001339,111.99999
5.2301445,16.002483,-150.00002,0.14255294,87.99999
4.2301445,16.002483,-150.00002,0.22441965,131.99998
3.2301445,16.002483,-150.00002,0.32126904,87.99999
2.2301445,16.002483,-150.00002,0.4277814,103.99999
1.2301445,16.002483,-150.00002,0.471413,111.99999
0.2301445,16.002483,-150.00002,0.39358652,135.99998
-0.7698555,16.002483,-150.00002,0.36945862,163.99998
-1.7698555,16.002483,-150.00002,0.46465907,179.99998
-2.7698555,16.002483,-150.00002,0.56353444,123.99999
-3.7698555,16.002483,-150.00002,0.555683,115.99999
-4.7698555,16.002483,-150.00002,0.46578747,127.99999
-5.7698555,16.002483,-150.00002,0.34862423,139.99998
-6.7698555,16.002483,-150.00002,0.24984354,99.99999
-7.7698555,16.002483,-150.00002,0.26060024,123.99999
-8.7698555,16.002483,-150.00002,0.3612598,103.99999
-9.7698555,16.002483,-150.00002,0.41346994,115.99999
-10.7698555,16.002483,-150.00002,0.37962025,51.999996
-11.7698555,16.002483,-150.00002,0.33340406,123.99999
-12.7698555,16.002483,-150.00002,0.31305274,119.99999
-13.7698555,16.002483,-150.00002,0.35965008,115.99999
-14.7698555,16.002483,-150.00002,Infinity,83.99999
-15.7698555,16.002483,-150.00002,0,19.999996
-16.769855,16.002483,-150.00002,0,0
-17.769855,16.002483,-150.00002,0,0
-18.769855,16.002483,-150.00002,0,0
-19.769855,16.002483,-150.00002,0,0
-20.769855,16.002483,-150.00002,0,0
-21.769855,16.002483,-150.00002,0,0
-22.769855,16.002483,-150.00002,0,0
-23.769855,16.002483,-150.00002,0,0
-24.769855,16.002483,-150.00002,0,0
-25.769855,16.002483,-150.00002,0,0
-26.769855,16.002483,-150.00002,0,0
-27.769855,16.002483,-150.00002,0,0
-28.769855,16.002483,-150.00002,0,0
-29.769855,16.002483,-150.00002,0,0
-30.769855,16.002483,-150.00002,0,0
-31.769855,16.002483,-150.00002,0,0
-32.769855,16.002483,-150.00002,0,0
-33.769855,16.002483,-150.00002,0,0
-34.769855,16.002483,-150.00002,0,0
-35.769855,16.002483,-150.00002,0,0
-36.769855,16.002483,-150.00002,0,0
-37.769855,16.002483,-150.00002,0,0
-38.769855,16.002483,-150.00002,0,0
-39.769855,16.002483,-150.00002,0,0
-40.769855,16.002483,-150.00002,0,0
-41.769855,16.002483,-150.00002,0,0
-42.769855,16.002483,-150.00002,0,0
-43.769855,16.002483,-150.00002,0,0
-44.769855,16.002483,-150.00002,0,0
-45.769855,16.002483,-150.00002,0,0
-46.769855,16.002483,-150.00002,0,0
-47.769855,16.002483,-150.00002,0,0
-48.769855,16.002483,-150.00002,0,0
-49.769855,16.002483,-150.00002,0,0
49.230145,15.002483,-150.00002,0,0
48.230145,15.002483,-150.00002,0,0
47.230145,15.002483,-150.00002,0,0
46.230145,15.002483,-150.00002,0,0
45.230145,15.002483,-150.00002,0,0
44.230145,15.002483,-150.00002,0,0
43.230145,15.002483,-150.00002,0,0
42.230145,15.002483,-150.00002,0,0
41.230145,15.002483,-150.00002,0,0
40.230145,15.002483,-150.00002,0,0
39.230145,15.002483,-150.00002,0,0
38.230145,15.002483,-150.00002,0,0
37.230145,15.002483,-150.00002,0,0
36.230145,15.002483,-150.00002,0,0
35.230145,15.002483,-150.00002,0,0
34.230145,15.002483,-150.00002,0,0
33.230145,15.002483,-150.00002,0,0
32.230145,15.002483,-150.00002,0,0
31.230145,15.002483,-150.00002,0,0
30.230145,15.002483,-150.00002,0,0
29.230145,15.002483,-150.00002,0,0
28.230145,15.002483,-150.00002,0,0
27.230145,15.002483,-150.00002,0,0
26.230145,15.002483,-150.00002,0,0
25.230145,15.002483,-150.00002,0,0
24.230145,15.002483,-150.00002,0,0
23.230145,15.002483,-150.00002,0,0
22.230145,15.002483,-150.00002,0,0
21.230145,15.002483,-150.00002,0,0
20.230145,15.002483,-150.00002,0,0
19.230145,15.002483,-150.00002,0,0
18.230145,15.002483,-150.00002,0,0
17.230145,15.002483,-150.00002,0,0
16.230145,15.002483,-150.00002,0,0
15.2301445,15.002483,-150.00002,0,0
14.2301445,15.002483,-150.00002,0,3.999999
13.2301445,15.002483,-150.00002,0,79.99999
12.2301445,15.002483,-150.00002,-Infinity,103.99999
11.2301445,15.002483,-150.00002,0.3526817,107.99999
10.2301445,15.002483,-150.00002,0.4936732,143.99998
9.2301445,15.002483,-150.00002,0.47549814,147.99998
8.2301445,15.002483,-150.00002,0.45109263,163.99998
7.2301445,15.002483,-150.00002,0.45150495,123.99999
6.2301445,15.002483,-150.00002,0.34494796,107.99999
5.2301445,15.002483,-150.00002,0.2889539,107.99999
4.2301445,15.002483,-150.00002,0.3743824,127.99999
3.2301445,15.002483,-150.00002,0.41390786,107.99999
2.2301445,15.002483,-150.00002,0.41385412,75.99999
1.2301445,15.002483,-150.00002,0.34593314,155.99998
0.2301445,15.002483,-150.00002,0.25388956,91.99999
-0.7698555,15.002483,-150.00002,0.34875643,139.99998
-1.7698555,15.002483,-150.00002,0.5079979,207.99998
-2.7698555,15.002483,-150.00002,0.57627577,179.99998
-3.7698555,15.002483,-150.00002,0.5689539,163.99998
-4.7698555,15.002483,-150.00002,0.4512944,111.99999
-5.7698555,15.002483,-150.00002,0.33623832,83.99999
-6.7698555,15.002483,-150.00002,0.32364526,127.99999
-7.7698555,15.002483,-150.00002,0.36247608,115.99999
-8.7698555,15.002483,-150.00002,0.42979234,91.99999
-9.7698555,15.002483,-150.00002,0.46902132,111.99999
-10.7698555,15.002483,-150.00002,0.39219436,103.99999
-11.7698555,15.002483,-150.00002,0.26177987,63.999996
-12.7698555,15.002483,-150.00002,0.24134345,79.99999
-13.7698555,15.002483,-150.00002,0.30628443,95.99999
-14.7698555,15.002483,-150.00002,0.37373823,119.99999
-15.7698555,15.002483,-150.00002,0,95.99999
-16.769855,15.002483,-150.00002,0,15.999996
-17.769855,15.002483,-150.00002,0,0
-18.769855,15.002483,-150.00002,0,0
-19.769855,15.002483,-150.00002,0,0
-20.769855,15.002483,-150.00002,0,0
-21.769855,15.002483,-150.00002,0,0
-22.769855,15.002483,-150.00002,0,0
-23.769855,15.002483,-150.00002,0,0
-24.769855,15.002483,-150.00002,0,0
-25.769855,15.002483,-150.00002,0,0
-26.769855,15.002483,-150.00002,0,0
-27.769855,15.002483,-150.00002,0,0
-28.769855,15.002483,-150.00002,0,0
-29.769855,15.002483,-150.00002,0,0
-30.769855,15.002483,-150.00002,0,0
-31.769855,15.002483,-150.00002,0,0
-32.769855,15.002483,-150.00002,0,0
-33.769855,15.002483,-150.00002,0,0
-34.769855,15.002483,-150.00002,0,0
-35.769855,15.002483,-150.00002,0,0
-36.769855,15.002483,-150.00002,0,0
-37.769855,15.002483,-150.00002,0,0
-38.769855,15.002483,-150.00002,0,0
-39.769855,15.002483,-150.00002,0,0
-40.769855,15.002483,-150.00002,0,0
-41.769855,15.002483,-150.00002,0,0
-42.769855,15.002483,-150.00002,0,0
-43.769855,15.002483,-150.00002,0,0
-44.769855,15.002483,-150.00002,0,0
-45.769855,15.002483,-150.00002,0,0
-46.769855,15.002483,-150.00002,0,0
-47.769855,15.002483,-150.00002,0,0
-48.769855,15.002483,-150.00002,0,0
-49.769855,15.002483,-150.00002,0,0
49.230145,14.002483,-150.00002,0,0
48.230145,14.002483,-150.00002,0,0
47.230145,14.002483,-150.00002,0,0
46.230145,14.002483,-150.00002,0,0
45.230145,14.002483,-150.00002,0,0
44.230145,14.002483,-150.00002,0,0
43.230145,14.002483,-150.00002,0,0
42.230145,14.002483,-150.00002,0,0
41.230145,14.002483,-150.00002,0,0
40.230145,14.002483,-150.00002,0,0
39.230145,14.002483,-150.00002,0,0
38.230145,14.002483,-150.00002,0,0
37.230145,14.002483,-150.00002,0,0
36.230145,14.002483,-150.00002,0,0
35.230145,14.002483,-150.00002,0,0
34.230145,14.002483,-150.00002,0,0
33.230145,14.002483,-150.00002,0,0
32.230145,14.002483,-150.00002,0,0
31.230145,14.002483,-150.00002,0,0
30.230145,14.002483,-150.00002,0,0
29.230145,14.002483,-150.00002,0,0
28.230145,14.002483,-150.00002,0,0
27.230145,14.002483,-150.00002,0,0
26.230145,14.002483,-150.00002,0,0
25.230145,14.002483,-150.00002,0,0
24.230145,14.002483,-150.00002,0,0
23.230145,14.002483,-150.00002,0,0
22.230145,14.002483,-150.00002,0,0
21.230145,14.002483,-150.00002,0,0
20.230145,14.002483,-150.00002,0,0
19.230145,14.002483,-150.00002,0,0
18.230145,14.002483,-150.00002,0,0
17.230145,14.002483,-150.00002,0,0
16.230145,14.002483,-150.00002,0,0
15.2301445,14.002483,-150.00002,0,0
14.2301445,14.002483,-150.00002,0,47.999996
13.2301445,14.002483,-150.00002,Infinity,115.99999
12.2301445,14.002483,-150.00002,0.26369983,151.99998
11.2301445,14.002483,-150.00002,0.36806417,127.99999
10.2301445,14.002483,-150.00002,0.49188885,203.99998
9.2301445,14.002483,-150.00002,0.49902236,115.99999
8.2301445,14.002483,-150.00002,0.50762415,75.99999
7.2301445,14.002483,-150.00002,0.50020224,123.99999
6.2301445,14.002483,-150.00002,0.38737503,99.99999
5.2301445,14.002483,-150.00002,0.35354325,155.99998
4.2301445,14.002483,-150.00002,0.41787928,79.99999
3.2301445,14.002483,-150.00002,0.48256767,95.99999
2.2301445,14.002483,-150.00002,0.44440448,115.99999
1.2301445,14.002483,-150.00002,0.27442032,115.99999
0.2301445,14.002483,-150.00002,0.1946238,99.99999
-0.7698555,14.002483,-150.00002,0.30834362,151.99998
-1.7698555,14.002483,-150.00002,0.43646628,163.99998
-2.7698555,14.002483,-150.00002,0.49340975,135.99998
-3.7698555,14.002483,-150.00002,0.52442837,147.99998
-4.7698555,14.002483,-150.00002,0.46156463,127.99999
-5.7698555,14.002483,-150.00002,0.41075182,87.99999
-6.7698555,14.002483,-150.00002,0.48218662,155.99998
-7.7698555,14.002483,-150.00002,0.53400964,135.99998
-8.7698555,14.002483,-150.00002,0.5100278,95.99999
-9.7698555,14.002483,-150.00002,0.49111372,87.99999
-10.7698555,14.002483,-150.00002,0.43555802,99.99999
-11.7698555,14.002483,-150.00002,0.3098197,91.99999
-12.7698555,14.002483,-150.00002,0.26844433,79.99999
-13.7698555,14.002483,-150.00002,0.31590053,91.99999
-14.7698555,14.002483,-150.00002,0.32385162,91.99999
-15.7698555,14.002483,-150.00002,0.34750754,111.99999
-16.769855,14.002483,-150.00002,0,103.99999
-17.769855,14.002483,-150.00002,0,7.999998
-18.769855,14.002483,-150.00002,0,0
-19.769855,14.002483,-150.00002,0,0
-20.769855,14.002483,-150.00002,0,0
-21.769855,14.002483,-150.00002,0,0
-22.769855,14.002483,-150.00002,0,0
-23.769855,14.002483,-150.00002,0,0
-24.769855,14.002483,-150.00002,0,0
-25.769855,14.002483,-150.00002,0,0
-26.769855,14.002483,-150.00002,0,0
-27.769855,14.002483,-150.00002,0,0
-28.769855,14.002483,-150.00002,0,0
-29.769855,14.002483,-150.00002,0,0
-30.769855,14.002483,-150.00002,0,0
-31.769855,14.002483,-150.00002,0,0
-32.769855,14.002483,-150.00002,0,0
-33.769855,14.002483,-150.00002,0,0
-34.769855,14.002483,-150.00002,0,0
-35.769855,14.002483,-150.00002,0,0
-36.769855,14.002483,-150.00002,0,0
-37.769855,14.002483,-150.00002,0,0
-38.769855,14.002483,-150.00002,0,0
-39.769855,14.002483,-150.00002,0,0
-40.769855,14.002483,-150.00002,0,0
-41.769855,14.002483,-150.00002,0,0
-42.769855,14.002483,-150.00002,0,0
-43.769855,14.002483,-150.00002,0,0
-44.769855,14.002483,-150.00002,0,0
-45.769855,14.002483,-150.00002,0,0
-46.769855,14.002483,-150.00002,0,0
-47.769855,14.002483,-150.00002,0,0
-48.769855,14.002483,-150.00002,0,0
-49.769855,14.002483,-150.00002,0,0
49.230145,13.002483,-150.00002,0,0
48.230145,13.002483,-150.00002,0,0
47.230145,13.002483,-150.00002,0,0
46.230145,13.002483,-150.00002,0,0
45.230145,13.002483,-150.00002,0,0
44.230145,13.002483,-150.00002,0,0
43.230145,13.002483,-150.00002,0,0
42.230145,13.002483,-150.00002,0,0
41.230145,13.002483,-150.00002,0,0
40.230145,13.002483,-150.00002,0,0
39.230145,13.002483,-150.00002,0,0
38.230145,13.002483,-150.00002,0,0
37.230145,13.002483,-150.00002,0,0
36.230145,13.002483,-150.00002,0,0
35.230145,13.002483,-150.00002,0,0
34.230145,13.002483,-150.00002,0,0
33.230145,13.002483,-150.00002,0,0
32.230145,13.002483,-150.00002,0,0
31.230145,13.002483,-150.00002,0,0
30.230145,13.002483,-150.00002,0,0
29.230145,13.002483,-150.00002,0,0
28.230145,13.002483,-150.00002,0,0
27.230145,13.002483,-150.00002,0,0
26.230145,13.002483,-150.00002,0,0
25.230145,13.002483,-150.00002,0,0
24.230145,13.002483,-150.00002,0,0
23.230145,13.002483,-150.00002,0,0
22.230145,13.002483,-150.00002,0,0
21.230145,13.002483,-150.00002,0,0
20.230145,13.002483,-150.00002,0,0
19.230145,13.002483,-150.00002,0,0
18.230145,13.002483,-150.00002,0,0
17.230145,13.002483,-150.00002,0,0
16.230145,13.002483,-150.00002,0,0
15.2301445,13.002483,-150.00002,0,27.999996
14.2301445,13.002483,-150.00002,0,107.99999
13.2301445,13.002483,-150.00002,0.37396973,127.99999
12.2301445,13.002483,-150.00002,0.37692803,155.99998
11.2301445,13.002483,-150.00002,0.39679277,171.99998
10.2301445,13.002483,-150.00002,0.42928043,163.99998
9.2301445,13.002483,-150.00002,0.46468145,135.99998
8.2301445,13.002483,-150.00002,0.5165764,155.99998
7.2301445,13.002483,-150.00002,0.48710522,111.99999
6.2301445,13.002483,-150.00002,0.38717848,83.99999
5.2301445,13.002483,-150.00002,0.35221517,87.99999
4.2301445,13.002483,-150.00002,0.40689778,79.99999
3.2301445,13.002483,-150.00002,0.45471194,107.99999
2.2301445,13.002483,-150.00002,0.39886594,163.99998
1.2301445,13.002483,-150.00002,0.22555023,115.99999
0.2301445,13.002483,-150.00002,0.16760896,111.99999
-0.7698555,13.002483,-150.00002,0.27029502,143.99998
-1.7698555,13.002483,-150.00002,0.3851995,111.99999
-2.7698555,13.002483,-150.00002,0.456941,119.99999
-3.7698555,13.002483,-150.00002,0.46943122,143.99998
-4.7698555,13.002483,-150.00002,0.44499636,147.99998
-5.7698555,13.002483,-150.00002,0.47047305,123.99999
-6.7698555,13.002483,-150.00002,0.5900064,139.99998
-7.7698555,13.002483,-150.00002,0.6456113,131.99998
-8.7698555,13.002483,-150.00002,0.57765627,127.99999
-9.7698555,13.002483,-150.00002,0.5157894,107.99999
-10.7698555,13.002483,-150.00002,0.44977492,83.99999
-11.7698555,13.002483,-150.00002,0.3693556,95.99999
-12.7698555,13.002483,-150.00002,0.32634717,79.99999
-13.7698555,13.002483,-150.00002,0.3089171,87.99999
-14.7698555,13.002483,-150.00002,0.28157812,95.99999
-15.7698555,13.002483,-150.00002,0.29551572,95.99999
-16.769855,13.002483,-150.00002,0.33066052,99.99999
-17.769855,13.002483,-150.00002,0,79.99999
-18.769855,13.002483,-150.00002,0,3.999999
-19.769855,13.002483,-150.00002,0,0
-20.769855,13.002483,-150.00002,0,0
-21.769855,13.002483,-150.00002,0,0
-22.769855,13.002483,-150.00002,0,0
-23.769855,13.002483,-150.00002,0,0
-24.769855,13.002483,-150.00002,0,0
-25.769855,13.002483,-150.00002,0,0
-26.769855,13.002483,-150.00002,0,0
-27.769855,13.002483,-150.00002,0,0
-28.769855,13.002483,-150.00002,0,0
-29.769855,13.002483,-150.00002,0,0
-30.769855,13.002483,-150.00002,0,0
-31.769855,13.002483,-150.00002,0,0
-32.769855,13.002483,-150.00002,0,0
-33.769855,13.002483,-150.00002,0,0
-34.769855,13.002483,-150.00002,0,0
-35.769855,13.002483,-150.00002,0,0
-36.769855,13.002483,-150.00002,0,0
-37.769855,13.002483,-150.00002,0,0
-38.769855,13.002483,-150.00002,0,0
-39.769855,13.002483,-150.00002,0,0
-40.769855,13.002483,-150.00002,0,0
-41.769855,13.002483,-150.00002,0,0
-42.769855,13.002483,-150.00002,0,0
-43.769855,13.002483,-150.00002,0,0
-44.769855,13.002483,-150.00002,0,0
-45.769855,13.002483,-150.00002,0,0
-46.769855,13.002483,-150.00002,0,0
-47.769855,13.002483,-150.00002,0,0
-48.769855,13.002483,-150.00002,0,0
-49.769855,13.002483,-150.00002,0,0
49.230145,12.002483,-150.00002,0,0
48.230145,12.002483,-150.00002,0,0
47.230145,12.002483,-150.00002,0,0
46.230145,12.002483,-150.00002,0,0
45.230145,12.002483,-150.00002,0,0
44.230145,12.002483,-150.00002,0,0
43.230145,12.002483,-150.00002,0,0
42.230145,12.002483,-150.00002,0,0
41.230145,12.002483,-150.00002,0,0
40.230145,12.002483,-150.00002,0,0
39.230145,12.002483,-150.00002,0,0
38.230145,12.002483,-150.00002,0,0
37.230145,12.002483,-150.00002,0,0
36.230145,12.002483,-150.00002,0,0
35.230145,12.002483,-150.00002,0,0
34.230145,12.002483,-150.00002,0,0
33.230145,12.002483,-150.00002,0,0
32.230145,12.002483,-150.00002,0,0
31.230145,12.002483,-150.00002,0,0
30.230145,12.002483,-150.00002,0,0
29.230145,12.002483,-150.00002,0,0
28.230145,12.002483,-150.00002,0,0
27.230145,12.002483,-150.00002,0,0
26.230145,12.002483,-150.00002,0,0
25.230145,12.002483,-150.00002,0,0
24.230145,12.002483,-150.00002,0,0
23.230145,12.002483,-150.00002,0,0
22.230145,12.002483,-150.00002,0,0
21.230145,12.002483,-150.00002,0,0
20.230145,12.002483,-150.00002,0,0
19.230145,12.002483,-150.00002,0,0
18.230145,12.002483,-150.00002,0,0
17.230145,12.002483,-150.00002,0,0
16.230145,12.002483,-150.00002,0,3.999999
15.2301445,12.002483,-150.00002,0,55.999996
14.2301445,12.002483,-150.00002,0.5469279,103.99999
13.2301445,12.002483,-150.00002,0.52907234,135.99998
12.2301445,12.002483,-150.00002,0.4809433,143.99998
11.2301445,12.002483,-150.00002,0.36612156,159.99998
10.2301445,12.002483,-150.00002,0.3205303,147.99998
9.2301445,12.002483,-150.00002,0.34721237,115.99999
8.2301445,12.002483,-150.00002,0.3898906,123.99999
7.2301445,12.002483,-150.00002,0.41714355,123.99999
6.2301445,12.002483,-150.00002,0.42397377,99.99999
5.2301445,12.002483,-150.00002,0.44942287,115.99999
4.2301445,12.002483,-150.00002,0.45984572,103.99999
3.2301445,12.002483,-150.00002,0.4276176,83.99999
2.2301445,12.002483,-150.00002,0.31509322,87.99999
1.2301445,12.002483,-150.00002,0.18598561,95.99999
0.2301445,12.002483,-150.00002,0.13095742,159.99998
-0.7698555,12.002483,-150.00002,0.22083706,115.99999
-1.7698555,12.002483,-150.00002,0.41525078,139.99998
-2.7698555,12.002483,-150.00002,0.5298022,151.99998
-3.7698555,12.002483,-150.00002,0.4806583,147.99998
-4.7698555,12.002483,-150.00002,0.41219932,143.99998
-5.7698555,12.002483,-150.00002,0.43683958,135.99998
-6.7698555,12.002483,-150.00002,0.5458257,175.99998
-7.7698555,12.002483,-150.00002,0.5938729,143.99998
-8.7698555,12.002483,-150.00002,0.593607,159.99998
-9.7698555,12.002483,-150.00002,0.5644503,171.99998
-10.7698555,12.002483,-150.00002,0.449401,147.99998
-11.7698555,12.002483,-150.00002,0.32942757,107.99999
-12.7698555,12.002483,-150.00002,0.29267475,75.99999
-13.7698555,12.002483,-150.00002,0.26004747,111.99999
-14.7698555,12.002483,-150.00002,0.24829556,87.99999
-15.7698555,12.002483,-150.00002,0.3000147,91.99999
-16.769855,12.002483,-150.00002,0.33810925,139.99998
-17.769855,12.002483,-150.00002,Infinity,119.99999
-18.769855,12.002483,-150.00002,0,67.99999
-19.769855,12.002483,-150.00002,0,3.999999
-20.769855,12.002483,-150.00002,0,0
-21.769855,12.002483,-150.00002,0,0
-22.769855,12.002483,-150.00002,0,0
-23.769855,12.002483,-150.00002,0,0
-24.769855,12.002483,-150.00002,0,0
-25.769855,12.002483,-150.00002,0,0
-26.769855,12.002483,-150.00002,0,0
-27.769855,12.002483,-150.00002,0,0
-28.769855,12.002483,-150.00002,0,0
-29.769855,12.002483,-150.00002,0,0
-30.769855,12.002483,-150.00002,0,0
-31.769855,12.002483,-150.00002,0,0
-32.769855,12.002483,-150.00002,0,0
-33.769855,12.002483,-150.00002,0,0
-34.769855,12.002483,-150.00002,0,0
-35.769855,12.002483,-150.00002,0,0
-36.769855,12.002483,-150.00002,0,0
-37.769855,12.002483,-150.00002,0,0
-38.769855,12.002483,-150.00002,0,0
-39.769855,12.002483,-150.00002,0,0
-40.769855,12.002483,-150.00002,0,0
-41.769855,12.002483,-150.00002,0,0
-42.769855,12.002483,-150.00002,0,0
-43.769855,12.002483,-150.00002,0,0
-44.769855,12.002483,-150.00002,0,0
-45.769855,12.002483,-150.00002,0,0
-46.769855,12.002483,-150.00002,0,0
-47.769855,12.002483,-150.00002,0,0
-48.769855,12.002483,-150.00002,0,0
-49.769855,12.002483,-150.00002,0,0
49.230145,11.002483,-150.00002,0,0
48.230145,11.002483,-150.00002,0,0
47.230145,11.002483,-150.00002,0,0
46.230145,11.002483,-150.00002,0,0
45.230145,11.002483,-150.00002,0,0
44.230145,11.002483,-150.00002,0,0
43.230145,11.002483,-150.00002,0,0
42.230145,11.002483,-150.00002,0,0
41.230145,11.002483,-150.00002,0,0
40.230145,11.002483,-150.00002,0,0
39.230145,11.002483,-150.00002,0,0
38.230145,11.002483,-150.00002,0,0
37.230145,11.002483,-150.00002,0,0
36.230145,11.002483,-150.00002,0,0
35.230145,11.002483,-150.00002,0,0
34.230145,11.002483,-150.00002,0,0
33.230145,11.002483,-150.00002,0,0
32.230145,11.002483,-150.00002,0,0
31.230145,11.002483,-150.00002,0,0
30.230145,11.002483,-150.00002,0,0
29.230145,11.002483,-150.00002,0,0
28.230145,11.002483,-150.00002,0,0
27.230145,11.002483,-150.00002,0,0
26.230145,11.002483,-150.00002,0,0
25.230145,11.002483,-150.00002,0,0
24.230145,11.002483,-150.00002,0,0
23.230145,11.002483,-150.00002,0,0
22.230145,11.002483,-150.00002,0,0
21.230145,11.002483,-150.00002,0,0
20.230145,11.002483,-150.00002,0,0
19.230145,11.002483,-150.00002,0,0
18.230145,11.002483,-150.00002,0,0
17.230145,11.002483,-150.00002,0,3.999999
16.230145,11.002483,-150.00002,0,43.999996
15.2301445,11.002483,-150.00002,0.44494456,91.99999
14.2301445,11.002483,-150.00002,0.5256628,119.99999
13.2301445,11.002483,-150.00002,0.5344427,107.99999
12.2301445,11.002483,-150.00002,0.4479257,119.99999
11.2301445,11.002483,-150.00002,0.32303026,99.99999
10.2301445,11.002483,-150.00002,0.2549191,139.99998
9.2301445,11.002483,-150.00002,0.23308411,91.99999
8.2301445,11.002483,-150.00002,0.25475222,87.99999
7.2301445,11.002483,-150.00002,0.34721905,123.99999
6.2301445,11.002483,-150.00002,0.4586591,127.99999
5.2301445,11.002483,-150.00002,0.5356413,143.99998
4.2301445,11.002483,-150.00002,0.5612221,167.99998
3.2301445,11.002483,-150.00002,0.47393313,119.99999
2.2301445,11.002483,-150.00002,0.32650235,143.99998
1.2301445,11.002483,-150.00002,0.1888369,131.99998
0.2301445,11.002483,-150.00002,0.103762016,135.99998
-0.7698555,11.002483,-150.00002,0.20354986,119.99999
-1.7698555,11.002483,-150.00002,0.43617958,159.99998
-2.7698555,11.002483,-150.00002,0.5847404,159.99998
-3.7698555,11.002483,-150.00002,0.55480653,175.99998
-4.7698555,11.002483,-150.00002,0.45015007,131.99998
-5.7698555,11.002483,-150.00002,0.41315246,199.99998
-6.7698555,11.002483,-150.00002,0.42857236,171.99998
-7.7698555,11.002483,-150.00002,0.43761963,119.99999
-8.7698555,11.002483,-150.00002,0.4988953,167.99998
-9.7698555,11.002483,-150.00002,0.48598206,119.99999
-10.7698555,11.002483,-150.00002,0.3551023,75.99999
-11.7698555,11.002483,-150.00002,0.25619715,107.99999
-12.7698555,11.002483,-150.00002,0.21704262,87.99999
-13.7698555,11.002483,-150.00002,0.1766284,91.99999
-14.7698555,11.002483,-150.00002,0.24394137,103.99999
-15.7698555,11.002483,-150.00002,0.33781728,111.99999
-16.769855,11.002483,-150.00002,0.34344894,75.99999
-17.769855,11.002483,-150.00002,0.27860028,99.99999
-18.769855,11.002483,-150.00002,Infinity,91.99999
-19.769855,11.002483,-150.00002,0,31.999996
-20.769855,11.002483,-150.00002,0,0
-21.769855,11.002483,-150.00002,0,0
-22.769855,11.002483,-150.00002,0,0
-23.769855,11.002483,-150.00002,0,0
-24.769855,11.002483,-150.00002,0,0
-25.769855,11.002483,-150.00002,0,0
-26.769855,11.002483,-150.00002,0,0
-27.769855,11.002483,-150.00002,0,0
-28.769855,11.002483,-150.00002,0,0
-29.769855,11.002483,-150.00002,0,0
-30.769855,11.002483,-150.00002,0,0
-31.769855,11.002483,-150.00002,0,0
-32.769855,11.002483,-150.00002,0,0
-33.769855,11.002483,-150.00002,0,0
-34.769855,11.002483,-150.00002,0,0
-35.769855,11.002483,-150.00002,0,0
-36.769855,11.002483,-150.00002,0,0
-37.769855,11.002483,-150.00002,0,0
-38.769855,11.002483,-150.00002,0,0
-39.769855,11.002483,-150.00002,0,0
-40.769855,11.002483,-150.00002,0,0
-41.769855,11.002483,-150.00002,0,0
-42.769855,11.002483,-150.00002,0,0
-43.769855,11.002483,-150.00002,0,0
-44.769855,11.002483,-150.00002,0,0
-45.769855,11.002483,-150.00002,0,0
-46.769855,11.002483,-150.00002,0,0
-47.769855,11.002483,-150.00002,0,0
-48.769855,11.002483,-150.00002,0,0
-49.769855,11.002483,-150.00002,0,0
49.230145,10.002483,-150.00002,0,0
48.230145,10.002483,-150.00002,0,0
47.230145,10.002483,-150.00002,0,0
46.230145,10.002483,-150.00002,0,0
45.230145,10.002483,-150.00002,0,0
44.230145,10.002483,-150.00002,0,0
43.230145,10.002483,-150.00002,0,0
42.230145,10.002483,-150.00002,0,0
41.230145,10.002483,-150.00002,0,0
40.230145,10.002483,-150.00002,0,0
39.230145,10.002483,-150.00002,0,0
38.230145,10.002483,-150.00002,0,0
37.230145,10.002483,-150.00002,0,0
36.230145,10.002483,-150.00002,0,0
35.230145,10.002483,-150.00002,0,0
34.230145,10.002483,-150.00002,0,0
33.230145,10.002483,-150.00002,0,0
32.230145,10.002483,-150.00002,0,0
31.230145,10.002483,-150.00002,0,0
30.230145,10.002483,-150.00002,0,0
29.230145,10.002483,-150.00002,0,0
28.230145,10.002483,-150.00002,0,0
27.230145,10.002483,-150.00002,0,0
26.230145,10.002483,-150.00002,0,0
25.230145,10.002483,-150.00002,0,0
24.230145,10.002483,-150.00002,0,0
23.230145,10.002483,-150.00002,0,0
22.230145,10.002483,-150.00002,0,0
21.230145,10.002483,-150.00002,0,0
20.230145,10.002483,-150.00002,0,0
19.230145,10.002483,-150.00002,0,0
18.230145,10.002483,-150.00002,0,0
17.230145,10.002483,-150.00002,0,15.999996
16.230145,10.002483,-150.00002,Infinity,87.99999
15.2301445,10.002483,-150.00002,0.43535554,91.99999
14.2301445,10.002483,-150.00002,0.48355246,87.99999
13.2301445,10.002483,-150.00002,0.4310276,55.999996
12.2301445,10.002483,-150.00002,0.36774302,71.99999
11.2301445,10.002483,-150.00002,0.3356011,115.99999
10.2301445,10.002483,-150.00002,0.30604485,99.99999
9.2301445,10.002483,-150.00002,0.2841287,103.99999
8.2301445,10.002483,-150.00002,0.32170355,111.99999
7.2301445,10.002483,-150.00002,0.4056149,115.99999
6.2301445,10.002483,-150.00002,0.47608474,127.99999
5.2301445,10.002483,-150.00002,0.53946865,123.99999
4.2301445,10.002483,-150.00002,0.5952215,123.99999
3.2301445,10.002483,-150.00002,0.55865717,131.99998
2.2301445,10.002483,-150.00002,0.3931834,111.99999
1.2301445,10.002483,-150.00002,0.22157136,103.99999
0.2301445,10.002483,-150.00002,0.15208274,135.99998
-0.7698555,10.002483,-150.00002,0.2306816,119.99999
-1.7698555,10.002483,-150.00002,0.39397362,151.99998
-2.7698555,10.002483,-150.00002,0.5298847,167.99998
-3.7698555,10.002483,-150.00002,0.54565614,211.99998
-4.7698555,10.002483,-150.00002,0.463809,143.99998
-5.7698555,10.002483,-150.00002,0.38804772,155.99998
-6.7698555,10.002483,-150.00002,0.34597796,155.99998
-7.7698555,10.002483,-150.00002,0.32593518,123.99999
-8.7698555,10.002483,-150.00002,0.38015783,87.99999
-9.7698555,10.002483,-150.00002,0.37115875,75.99999
-10.7698555,10.002483,-150.00002,0.3099218,59.999996
-11.7698555,10.002483,-150.00002,0.26571113,119.99999
-12.7698555,10.002483,-150.00002,0.21583349,123.99999
-13.7698555,10.002483,-150.00002,0.19190052,99.99999
-14.7698555,10.002483,-150.00002,0.27863884,131.99998
-15.7698555,10.002483,-150.00002,0.37248573,135.99998
-16.769855,10.002483,-150.00002,0.41296571,75.99999
-17.769855,10.002483,-150.00002,0.38527563,127.99999
-18.769855,10.002483,-150.00002,0.34456712,107.99999
-19.769855,10.002483,-150.00002,0,87.99999
-20.769855,10.002483,-150.00002,0,0
-21.769855,10.002483,-150.00002,0,0
-22.769855,10.002483,-150.00002,0,0
-23.769855,10.002483,-150.00002,0,0
-24.769855,10.002483,-150.00002,0,0
-25.769855,10.002483,-150.00002,0,0
-26.769855,10.002483,-150.00002,0,0
-27.769855,10.002483,-150.00002,0,0
-28.769855,10.002483,-150.00002,0,0
-29.769855,10.002483,-150.00002,0,0
-30.769855,10.002483,-150.00002,0,0
-31.769855,10.002483,-150.00002,0,0
-32.769855,10.002483,-150.00002,0,0
-33.769855,10.002483,-150.00002,0,0
-34.769855,10.002483,-150.00002,0,0
-35.769855,10.002483,-150.00002,0,0
-36.769855,10.002483,-150.00002,0,0
-37.769855,10.002483,-150.00002,0,0
-38.769855,10.002483,-150.00002,0,0
-39.769855,10.002483,-150.00002,0,0
-40.769855,10.002483,-150.00002,0,0
-41.769855,10.002483,-150.00002,0,0
-42.769855,10.002483,-150.00002,0,0
-43.769855,10.002483,-150.00002,0,0
-44.769855,10.002483,-150.00002,0,0
-45.769855,10.002483,-150.00002,0,0
-46.769855,10.002483,-150.00002,0,0
-47.769855,10.002483,-150.00002,0,0
-48.769855,10.002483,-150.00002,0,0
-49.769855,10.002483,-150.00002,0,0
49.230145,9.002483,-150.00002,0,0
48.230145,9.002483,-150.00002,0,0
47.230145,9.002483,-150.00002,0,0
46.230145,9.002483,-150.00002,0,0
45.230145,9.002483,-150.00002,0,0
44.230145,9.002483,-150.00002,0,0
43.230145,9.002483,-150.00002,0,0
42.230145,9.002483,-150.00002,0,0
41.230145,9.002483,-150.00002,0,0
40.230145,9.002483,-150.00002,0,0
39.230145,9.002483,-150.00002,0,0
38.230145,9.002483,-150.00002,0,0
37.230145,9.002483,-150.00002,0,0
36.230145,9.002483,-150.00002,0,0
35.230145,9.002483,-150.00002,0,0
34.230145,9.002483,-150.00002,0,0
33.230145,9.002483,-150.00002,0,0
32.230145,9.002483,-150.00002,0,0
31.230145,9.002483,-150.00002,0,0
30.230145,9.002483,-150.00002,0,0
29.230145,9.002483,-150.00002,0,0
28.230145,9.002483,-150.00002,0,0
27.230145,9.002483,-150.00002,0,0
26.230145,9.002483,-150.00002,0,0
25.230145,9.002483,-150.00002,0,0
24.230145,9.002483,-150.00002,0,0
23.230145,9.002483,-150.00002,0,0
22.230145,9.002483,-150.00002,0,0
21.230145,9.002483,-150.00002,0,0
20.230145,9.002483,-150.00002,0,0
19.230145,9.002483,-150.00002,0,0
18.230145,9.002483,-150.00002,0,3.999999
17.230145,9.002483,-150.00002,0,47.999996
16.230145,9.002483,-150.00002,0.32872114,107.99999
15.2301445,9.002483,-150.00002,0.49047875,103.99999
14.2301445,9.002483,-150.00002,0.5241242,79.99999
13.2301445,9.002483,-150.00002,0.43190414,63.999996
12.2301445,9.002483,-150.00002,0.3707242,95.99999
11.2301445,9.002483,-150.00002,0.35666284,115.99999
10.2301445,9.002483,-150.00002,0.34182394,55.999996
9.2301445,9.002483,-150.00002,0.35814062,83.99999
8.2301445,9.002483,-150.00002,0.41160363,95.99999
7.2301445,9.002483,-150.00002,0.4508744,95.99999
6.2301445,9.002483,-150.00002,0.46990883,111.99999
5.2301445,9.002483,-150.00002,0.47591513,111.99999
4.2301445,9.002483,-150.00002,0.52861816,99.99999
3.2301445,9.002483,-150.00002,0.52610356,151.99998
2.2301445,9.002483,-150.00002,0.40991136,123.99999
1.2301445,9.002483,-150.00002,0.3020086,139.99998
0.2301445,9.002483,-150.00002,0.27898282,99.99999
-0.7698555,9.002483,-150.00002,0.3142367,119.99999
-1.7698555,9.002483,-150.00002,0.35812795,159.99998
-2.7698555,9.002483,-150.00002,0.4174934,163.99998
-3.7698555,9.002483,-150.00002,0.44358295,163.99998
-4.7698555,9.002483,-150.00002,0.4097668,123.99999
-5.7698555,9.002483,-150.00002,0.3938604,147.99998
-6.7698555,9.002483,-150.00002,0.39152524,171.99998
-7.7698555,9.002483,-150.00002,0.3679667,139.99998
-8.7698555,9.002483,-150.00002,0.36636657,123.99999
-9.7698555,9.002483,-150.00002,0.3819369,127.99999
-10.7698555,9.002483,-150.00002,0.3774764,151.99998
-11.7698555,9.002483,-150.00002,0.32734194,83.99999
-12.7698555,9.002483,-150.00002,0.28581804,115.99999
-13.7698555,9.002483,-150.00002,0.28584948,127.99999
-14.7698555,9.002483,-150.00002,0.34489208,167.99998
-15.7698555,9.002483,-150.00002,0.41065708,151.99998
-16.769855,9.002483,-150.00002,0.49891394,103.99999
-17.769855,9.002483,-150.00002,0.5215167,127.99999
-18.769855,9.002483,-150.00002,0.46795112,139.99998
-19.769855,9.002483,-150.00002,-Infinity,139.99998
-20.769855,9.002483,-150.00002,0,39.999996
-21.769855,9.002483,-150.00002,0,0
-22.769855,9.002483,-150.00002,0,0
-23.769855,9.002483,-150.00002,0,0
-24.769855,9.002483,-150.00002,0,0
-25.769855,9.002483,-150.00002,0,0
-26.769855,9.002483,-150.00002,0,0
-27.769855,9.002483,-150.00002,0,0
-28.769855,9.002483,-150.00002,0,0
-29.769855,9.002483,-150.00002,0,0
-30.769855,9.002483,-150.00002,0,0
-31.769855,9.002483,-150.00002,0,0
-32.769855,9.002483,-150.00002,0,0
-33.769855,9.002483,-150.00002,0,0
-34.769855,9.002483,-150.00002,0,0
-35.769855,9.002483,-150.00002,0,0
-36.769855,9.002483,-150.00002,0,0
-37.769855,9.002483,-150.00002,0,0
-38.769855,9.002483,-150.00002,0,0
-39.769855,9.002483,-150.00002,0,0
-40.769855,9.002483,-150.00002,0,0
-41.769855,9.002483,-150.00002,0,0
-42.769855,9.002483,-150.00002,0,0
-43.769855,9.002483,-150.00002,0,0
-44.769855,9.002483,-150.00002,0,0
-45.769855,9.002483,-150.00002,0,0
-46.769855,9.002483,-150.00002,0,0
-47.769855,9.002483,-150.00002,0,0
-48.769855,9.002483,-150.00002,0,0
-49.769855,9.002483,-150.00002,0,0
49.230145,8.002483,-150.00002,0,0
48.230145,8.002483,-150.00002,0,0
47.230145,8.002483,-150.00002,0,0
46.230145,8.002483,-150.00002,0,0
45.230145,8.002483,-150.00002,0,0
44.230145,8.002483,-150.00002,0,0
43.230145,8.002483,-150.00002,0,0
42.230145,8.002483,-150.00002,0,0
41.230145,8.002483,-150.00002,0,0
40.230145,8.002483,-150.00002,0,0
39.230145,8.002483,-150.00002,0,0
38.230145,8.002483,-150.00002,0,0
37.230145,8.002483,-150.00002,0,0
36.230145,8.002483,-150.00002,0,0
35.230145,8.002483,-150.00002,0,0
34.230145,8.002483,-150.00002,0,0
33.230145,8.002483,-150.00002,0,0
32.230145,8.002483,-150.00002,0,0
31.230145,8.002483,-150.00002,0,0
30.230145,8.002483,-150.00002,0,0
29.230145,8.002483,-150.00002,0,0
28.230145,8.002483,-150.00002,0,0
27.230145,8.002483,-150.00002,0,0
26.230145,8.002483,-150.00002,0,0
25.230145,8.002483,-150.00002,0,0
24.230145,8.002483,-150.00002,0,0
23.230145,8.002483,-150.00002,0,0
22.230145,8.002483,-150.00002,0,0
21.230145,8.002483,-150.00002,0,0
20.230145,8.002483,-150.00002,0,0
19.230145,8.002483,-150.00002,0,0
18.230145,8.002483,-150.00002,0,27.999996
17.230145,8.002483,-150.00002,Infinity,87.99999
16.230145,8.002483,-150.00002,0.42835286,107.99999
15.2301445,8.002483,-150.00002,0.55429834,111.99999
14.2301445,8.002483,-150.00002,0.5917088,83.99999
13.2301445,8.002483,-150.00002,0.51897514,99.99999
12.2301445,8.002483,-150.00002,0.40349218,83.99999
11.2301445,8.002483,-150.00002,0.31843078,91.99999
10.2301445,8.002483,-150.00002,0.30475363,111.99999
9.2301445,8.002483,-150.00002,0.3438087,103.99999
8.2301445,8.002483,-150.00002,0.37073222,95.99999
7.2301445,8.002483,-150.00002,0.38719052,107.99999
6.2301445,8.002483,-150.00002,0.37164623,87.99999
5.2301445,8.002483,-150.00002,0.36042705,87.99999
4.2301445,8.002483,-150.00002,0.3944359,123.99999
3.2301445,8.002483,-150.00002,0.38984627,107.99999
2.2301445,8.002483,-150.00002,0.36379415,151.99998
1.2301445,8.002483,-150.00002,0.3581199,151.99998
0.2301445,8.002483,-150.00002,0.3992362,159.99998
-0.7698555,8.002483,-150.00002,0.39776316,159.99998
-1.7698555,8.002483,-150.00002,0.3134884,127.99999
-2.7698555,8.002483,-150.00002,0.3205366,147.99998
-3.7698555,8.002483,-150.00002,0.39601034,175.99998
-4.7698555,8.002483,-150.00002,0.4308514,151.99998
-5.7698555,8.002483,-150.00002,0.46783003,171.99998
-6.7698555,8.002483,-150.00002,0.5128925,235.99998
-7.7698555,8.002483,-150.00002,0.5142958,159.99998
-8.7698555,8.002483,-150.00002,0.49641755,131.99998
-9.7698555,8.002483,-150.00002,0.46860904,115.99999
-10.7698555,8.002483,-150.00002,0.4168443,111.99999
-11.7698555,8.002483,-150.00002,0.3273325,123.99999
-12.7698555,8.002483,-150.00002,0.2778747,107.99999
-13.7698555,8.002483,-150.00002,0.31969398,167.99998
-14.7698555,8.002483,-150.00002,0.37466604,207.99998
-15.7698555,8.002483,-150.00002,0.4310724,215.99998
-16.769855,8.002483,-150.00002,0.5111091,207.99998
-17.769855,8.002483,-150.00002,0.54641134,139.99998
-18.769855,8.002483,-150.00002,0.53517526,191.99998
-19.769855,8.002483,-150.00002,0.4861892,163.99998
-20.769855,8.002483,-150.00002,0,71.99999
-21.769855,8.002483,-150.00002,0,0
-22.769855,8.002483,-150.00002,0,0
-23.769855,8.002483,-150.00002,0,0
-24.769855,8.002483,-150.00002,0,0
-25.769855,8.002483,-150.00002,0,0
-26.769855,8.002483,-150.00002,0,0
-27.769855,8.002483,-150.00002,0,0
-28.769855,8.002483,-150.00002,0,0
-29.769855,8.002483,-150.00002,0,0
-30.769855,8.002483,-150.00002,0,0
-31.769855,8.002483,-150.00002,0,0
-32.769855,8.002483,-150.00002,0,0
-33.769855,8.002483,-150.00002,0,0
-34.769855,8.002483,-150.00002,0,0
-35.769855,8.002483,-150.00002,0,0
-36.769855,8.002483,-150.00002,0,0
-37.769855,8.002483,-150.00002,0,0
-38.769855,8.002483,-150.00002,0,0
-39.769855,8.002483,-150.00002,0,0
-40.769855,8.002483,-150.00002,0,0
-41.769855,8.002483,-150.00002,0,0
-42.769855,8.002483,-150.00002,0,0
-43.769855,8.002483,-150.00002,0,0
-44.769855,8.002483,-150.00002,0,0
-45.769855,8.002483,-150.00002,0,0
-46.769855,8.002483,-150.00002,0,0
-47.769855,8.002483,-150.00002,0,0
-48.769855,8.002483,-150.00002,0,0
-49.769855,8.002483,-150.00002,0,0
49.230145,7.0024834,-150.00002,0,0
48.230145,7.0024834,-150.00002,0,0
47.230145,7.0024834,-150.00002,0,0
46.230145,7.0024834,-150.00002,0,0
45.230145,7.0024834,-150.00002,0,0
44.230145,7.0024834,-150.00002,0,0
43.230145,7.0024834,-150.00002,0,0
42.230145,7.0024834,-150.00002,0,0
41.230145,7.0024834,-150.00002,0,0
40.230145,7.0024834,-150.00002,0,0
39.230145,7.0024834,-150.00002,0,0
38.230145,7.0024834,-150.00002,0,0
37.230145,7.0024834,-150.00002,0,0
36.230145,7.0024834,-150.00002,0,0
35.230145,7.0024834,-150.00002,0,0
34.230145,7.0024834,-150.00002,0,0
33.230145,7.0024834,-150.00002,0,0
32.230145,7.0024834,-150.00002,0,0
31.230145,7.0024834,-150.00002,0,0
30.230145,7.0024834,-150.00002,0,0
29.230145,7.0024834,-150.00002,0,0
28.230145,7.0024834,-150.00002,0,0
27.230145,7.0024834,-150.00002,0,0
26.230145,7.0024834,-150.00002,0,0
25.230145,7.0024834,-150.00002,0,0
24.230145,7.0024834,-150.00002,0,0
23.230145,7.0024834,-150.00002,0,0
22.230145,7.0024834,-150.00002,0,0
21.230145,7.0024834,-150.00002,0,0
20.230145,7.0024834,-150.00002,0,0
19.230145,7.0024834,-150.00002,0,0
18.230145,7.0024834,-150.00002,0,39.999996
17.230145,7.0024834,-150.00002,0.44722804,103.99999
16.230145,7.0024834,-150.00002,0.4939602,107.99999
15.2301445,7.0024834,-150.00002,0.48072132,75.99999
14.2301445,7.0024834,-150.00002,0.5258285,135.99998
13.2301445,7.0024834,-150.00002,0.50957483,99.99999
12.2301445,7.0024834,-150.00002,0.4206464,115.99999
11.2301445,7.0024834,-150.00002,0.3258257,115.99999
10.2301445,7.0024834,-150.00002,0.30215317,103.99999
9.2301445,7.0024834,-150.00002,0.3128723,107.99999
8.2301445,7.0024834,-150.00002,0.29824385,103.99999
7.2301445,7.0024834,-150.00002,0.2711829,103.99999
6.2301445,7.0024834,-150.00002,0.27123797,111.99999
5.2301445,7.0024834,-150.00002,0.28500605,111.99999
4.2301445,7.0024834,-150.00002,0.3060162,95.99999
3.2301445,7.0024834,-150.00002,0.34107104,107.99999
2.2301445,7.0024834,-150.00002,0.3459858,115.99999
1.2301445,7.0024834,-150.00002,0.3815199,95.99999
0.2301445,7.0024834,-150.00002,0.44239324,159.99998
-0.7698555,7.0024834,-150.00002,0.40018672,147.99998
-1.7698555,7.0024834,-150.00002,0.29329956,179.99998
-2.7698555,7.0024834,-150.00002,0.2998247,115.99999
-3.7698555,7.0024834,-150.00002,0.38965955,179.99998
-4.7698555,7.0024834,-150.00002,0.43264598,167.99998
-5.7698555,7.0024834,-150.00002,0.4591568,203.99998
-6.7698555,7.0024834,-150.00002,0.5066348,127.99999
-7.7698555,7.0024834,-150.00002,0.5841706,167.99998
-8.7698555,7.0024834,-150.00002,0.6243457,183.99998
-9.7698555,7.0024834,-150.00002,0.5585721,151.99998
-10.7698555,7.0024834,-150.00002,0.41500637,91.99999
-11.7698555,7.0024834,-150.00002,0.25751752,91.99999
-12.7698555,7.0024834,-150.00002,0.20689571,91.99999
-13.7698555,7.0024834,-150.00002,0.28958523,107.99999
-14.7698555,7.0024834,-150.00002,0.34424585,167.99998
-15.7698555,7.0024834,-150.00002,0.37646154,143.99998
-16.769855,7.0024834,-150.00002,0.46292633,243.99998
-17.769855,7.0024834,-150.00002,0.5363456,151.99998
-18.769855,7.0024834,-150.00002,0.5540371,203.99998
-19.769855,7.0024834,-150.00002,0.51039827,191.99998
-20.769855,7.0024834,-150.00002,0,127.99999
-21.769855,7.0024834,-150.00002,0,0
-22.769855,7.0024834,-150.00002,0,0
-23.769855,7.0024834,-150.00002,0,0
-24.769855,7.0024834,-150.00002,0,0
-25.769855,7.0024834,-150.00002,0,0
-26.769855,7.0024834,-150.00002,0,0
-27.769855,7.0024834,-150.00002,0,0
-28.769855,7.0024834,-150.00002,0,0
-29.769855,7.0024834,-150.00002,0,0
-30.769855,7.0024834,-150.00002,0,0
-31.769855,7.0024834,-150.00002,0,0
-32.769855,7.0024834,-150.00002,0,0
-33.769855,7.0024834,-150.00002,0,0
-34.769855,7.0024834,-150.00002,0,0
-35.769855,7.0024834,-150.00002,0,0
-36.769855,7.0024834,-150.00002,0,0
-37.769855,7.0024834,-150.00002,0,0
-38.769855,7.0024834,-150.00002,0,0
-39.769855,7.0024834,-150.00002,0,0
-40.769855,7.0024834,-150.00002,0,0
-41.769855,7.0024834,-150.00002,0,0
-42.769855,7.0024834,-150.00002,0,0
-43.769855,7.0024834,-150.00002,0,0
-44.769855,7.0024834,-150.00002,0,0
-45.769855,7.0024834,-150.00002,0,0
-46.769855,7.0024834,-150.00002,0,0
-47.769855,7.0024834,-150.00002,0,0
-48.769855,7.0024834,-150.00002,0,0
-49.769855,7.0024834,-150.00002,0,0
49.230145,6.0024834,-150.00002,0,0
48.230145,6.0024834,-150.00002,0,0
47.230145,6.0024834,-150.00002,0,0
46.230145,6.0024834,-150.00002,0,0
45.230145,6.0024834,-150.00002,0,0
44.230145,6.0024834,-150.00002,0,0
43.230145,6.0024834,-150.00002,0,0
42.230145,6.0024834,-150.00002,0,0
41.230145,6.0024834,-150.00002,0,0
40.230145,6.0024834,-150.00002,0,0
39.230145,6.0024834,-150.00002,0,0
38.230145,6.0024834,-150.00002,0,0
37.230145,6.0024834,-150.00002,0,0
36.230145,6.0024834,-150.00002,0,0
35.230145,6.0024834,-150.00002,0,0
34.230145,6.0024834,-150.00002,0,0
33.230145,6.0024834,-150.00002,0,0
32.230145,6.0024834,-150.00002,0,0
31.230145,6.0024834,-150.00002,0,0
30.230145,6.0024834,-150.00002,0,0
29.230145,6.0024834,-150.00002,0,0
28.230145,6.0024834,-150.00002,0,0
27.230145,6.0024834,-150.00002,0,0
26.230145,6.0024834,-150.00002,0,0
25.230145,6.0024834,-150.00002,0,0
24.230145,6.0024834,-150.00002,0,0
23.230145,6.0024834,-150.00002,0,0
22.230145,6.0024834,-150.00002,0,0
21.230145,6.0024834,-150.00002,0,0
20.230145,6.0024834,-150.00002,0,0
19.230145,6.0024834,-150.00002,0,0
18.230145,6.0024834,-150.00002,0,123.99999
17.230145,6.0024834,-150.00002,0.44272825,143.99998
16.230145,6.0024834,-150.00002,0.39729613,79.99999
15.2301445,6.0024834,-150.00002,0.39192963,143.99998
14.2301445,6.0024834,-150.00002,0.4229233,127.99999
13.2301445,6.0024834,-150.00002,0.4615844,95.99999
12.2301445,6.0024834,-150.00002,0.42748946,127.99999
11.2301445,6.0024834,-150.00002,0.361222,111.99999
10.2301445,6.0024834,-150.00002,0.34212714,107.99999
9.2301445,6.0024834,-150.00002,0.3388896,115.99999
8.2301445,6.0024834,-150.00002,0.3140947,83.99999
7.2301445,6.0024834,-150.00002,0.28788602,139.99998
6.2301445,6.0024834,-150.00002,0.27529284,115.99999
5.2301445,6.0024834,-150.00002,0.29651988,103.99999
4.2301445,6.0024834,-150.00002,0.366138,127.99999
3.2301445,6.0024834,-150.00002,0.4451291,155.99998
2.2301445,6.0024834,-150.00002,0.4563154,127.99999
1.2301445,6.0024834,-150.00002,0.4472267,139.99998
0.2301445,6.0024834,-150.00002,0.43378717,139.99998
-0.7698555,6.0024834,-150.00002,0.34578192,111.99999
-1.7698555,6.0024834,-150.00002,0.28846085,167.99998
-2.7698555,6.0024834,-150.00002,0.30773923,151.99998
-3.7698555,6.0024834,-150.00002,0.30076182,155.99998
-4.7698555,6.0024834,-150.00002,0.27940032,103.99999
-5.7698555,6.0024834,-150.00002,0.3047762,155.99998
-6.7698555,6.0024834,-150.00002,0.39694962,123.99999
-7.7698555,6.0024834,-150.00002,0.5449191,171.99998
-8.7698555,6.0024834,-150.00002,0.64137113,151.99998
-9.7698555,6.0024834,-150.00002,0.56634074,179.99998
-10.7698555,6.0024834,-150.00002,0.3951918,131.99998
-11.7698555,6.0024834,-150.00002,0.21801582,75.99999
-12.7698555,6.0024834,-150.00002,0.19984007,83.99999
-13.7698555,6.0024834,-150.00002,0.3058066,135.99998
-14.7698555,6.0024834,-150.00002,0.361844,143.99998
-15.7698555,6.0024834,-150.00002,0.379435,151.99998
-16.769855,6.0024834,-150.00002,0.42910376,163.99998
-17.769855,6.0024834,-150.00002,0.5076107,159.99998
-18.769855,6.0024834,-150.00002,0.52728283,163.99998
-19.769855,6.0024834,-150.00002,0.48041934,135.99998
-20.769855,6.0024834,-150.00002,-Infinity,155.99998
-21.769855,6.0024834,-150.00002,0,7.999998
-22.769855,6.0024834,-150.00002,0,0
-23.769855,6.0024834,-150.00002,0,0
-24.769855,6.0024834,-150.00002,0,0
-25.769855,6.0024834,-150.00002,0,0
-26.769855,6.0024834,-150.00002,0,0
-27.769855,6.0024834,-150.00002,0,0
-28.769855,6.0024834,-150.00002,0,0
-29.769855,6.0024834,-150.00002,0,0
-30.769855,6.0024834,-150.00002,0,0
-31.769855,6.0024834,-150.00002,0,0
-32.769855,6.0024834,-150.00002,0,0
-33.769855,6.0024834,-150.00002,0,0
-34.769855,6.0024834,-150.00002,0,0
-35.769855,6.0024834,-150.00002,0,0
-36.769855,6.0024834,-150.00002,0,0
-37.769855,6.0024834,-150.00002,0,0
-38.769855,6.0024834,-150.00002,0,0
-39.769855,6.0024834,-150.00002,0,0
-40.769855,6.0024834,-150.00002,0,0
-41.769855,6.0024834,-150.00002,0,0
-42.769855,6.0024834,-150.00002,0,0
-43.769855,6.0024834,-150.00002,0,0
-44.769855,6.0024834,-150.00002,0,0
-45.769855,6.0024834,-150.00002,0,0
-46.769855,6.0024834,-150.00002,0,0
-47.769855,6.0024834,-150.00002,0,0
-48.769855,6.0024834,-150.00002,0,0
-49.769855,6.0024834,-150.00002,0,0
49.230145,5.0024834,-150.00002,0,0
48.230145,5.0024834,-150.00002,0,0
47.230145,5.0024834,-150.00002,0,0
46.230145,5.0024834,-150.00002,0,0
45.230145,5.0024834,-150.00002,0,0
44.230145,5.0024834,-150.00002,0,0
43.230145,5.0024834,-150.00002,0,0
42.230145,5.0024834,-150.00002,0,0
41.230145,5.0024834,-150.00002,0,0
40.230145,5.0024834,-150.00002,0,0
39.230145,5.0024834,-150.00002,0,0
38.230145,5.0024834,-150.00002,0,0
37.230145,5.0024834,-150.00002,0,0
36.230145,5.0024834,-150.00002,0,0
35.230145,5.0024834,-150.00002,0,0
34.230145,5.0024834,-150.00002,0,0
33.230145,5.0024834,-150.00002,0,0
32.230145,5.0024834,-150.00002,0,0
31.230145,5.0024834,-150.00002,0,0
30.230145,5.0024834,-150.00002,0,0
29.230145,5.0024834,-150.00002,0,0
28.230145,5.0024834,-150.00002,0,0
27.230145,5.0024834,-150.00002,0,0
26.230145,5.0024834,-150.00002,0,0
25.230145,5.0024834,-150.00002,0,0
24.230145,5.0024834,-150.00002,0,0
23.230145,5.0024834,-150.00002,0,0
22.230145,5.0024834,-150.00002,0,0
21.230145,5.0024834,-150.00002,0,0
20.230145,5.0024834,-150.00002,0,0
19.230145,5.0024834,-150.00002,0,7.999998
18.230145,5.0024834,-150.00002,0,103.99999
17.230145,5.0024834,-150.00002,0.32070947,87.99999
16.230145,5.0024834,-150.00002,0.33176827,127.99999
15.2301445,5.0024834,-150.00002,0.3688606,103.99999
14.2301445,5.0024834,-150.00002,0.43355775,95.99999
13.2301445,5.0024834,-150.00002,0.4606481,103.99999
12.2301445,5.0024834,-150.00002,0.38856044,91.99999
11.2301445,5.0024834,-150.00002,0.3383386,111.99999
10.2301445,5.0024834,-150.00002,0.37972844,99.99999
9.2301445,5.0024834,-150.00002,0.43002844,111.99999
8.2301445,5.0024834,-150.00002,0.43454528,107.99999
7.2301445,5.0024834,-150.00002,0.40488538,103.99999
6.2301445,5.0024834,-150.00002,0.38621733,111.99999
5.2301445,5.0024834,-150.00002,0.390988,115.99999
4.2301445,5.0024834,-150.00002,0.45256165,95.99999
3.2301445,5.0024834,-150.00002,0.5303449,131.99998
2.2301445,5.0024834,-150.00002,0.53570414,135.99998
1.2301445,5.0024834,-150.00002,0.49401295,111.99999
0.2301445,5.0024834,-150.00002,0.40640616,151.99998
-0.7698555,5.0024834,-150.00002,0.30446675,131.99998
-1.7698555,5.0024834,-150.00002,0.27225506,143.99998
-2.7698555,5.0024834,-150.00002,0.25710765,131.99998
-3.7698555,5.0024834,-150.00002,0.18235227,135.99998
-4.7698555,5.0024834,-150.00002,0.14521238,171.99998
-5.7698555,5.0024834,-150.00002,0.18457662,107.99999
-6.7698555,5.0024834,-150.00002,0.2985024,155.99998
-7.7698555,5.0024834,-150.00002,0.46010986,155.99998
-8.7698555,5.0024834,-150.00002,0.56486535,151.99998
-9.7698555,5.0024834,-150.00002,0.515332,135.99998
-10.7698555,5.0024834,-150.00002,0.34783736,83.99999
-11.7698555,5.0024834,-150.00002,0.24432614,143.99998
-12.7698555,5.0024834,-150.00002,0.2686411,103.99999
-13.7698555,5.0024834,-150.00002,0.34970558,107.99999
-14.7698555,5.0024834,-150.00002,0.3959613,199.99998
-15.7698555,5.0024834,-150.00002,0.44438812,127.99999
-16.769855,5.0024834,-150.00002,0.48683602,135.99998
-17.769855,5.0024834,-150.00002,0.47642973,119.99999
-18.769855,5.0024834,-150.00002,0.43983698,179.99998
-19.769855,5.0024834,-150.00002,0.3991573,171.99998
-20.769855,5.0024834,-150.00002,0.33820024,183.99998
-21.769855,5.0024834,-150.00002,0,39.999996
-22.769855,5.0024834,-150.00002,0,0
-23.769855,5.0024834,-150.00002,0,0
-24.769855,5.0024834,-150.00002,0,0
-25.769855,5.0024834,-150.00002,0,0
-26.769855,5.0024834,-150.00002,0,0
-27.769855,5.0024834,-150.00002,0,0
-28.769855,5.0024834,-150.00002,0,0
-29.769855,5.0024834,-150.00002,0,0
-30.769855,5.0024834,-150.00002,0,0
-31.769855,5.0024834,-150.00002,0,0
-32.769855,5.0024834,-150.00002,0,0
-33.769855,5.0024834,-150.00002,0,0
-34.769855,5.0024834,-150.00002,0,0
-35.769855,5.0024834,-150.00002,0,0
-36.769855,5.0024834,-150.00002,0,0
-37.769855,5.0024834,-150.00002,0,0
-38.769855,5.0024834,-150.00002,0,0
-39.769855,5.0024834,-150.00002,0,0
-40.769855,5.0024834,-150.00002,0,0
-41.769855,5.0024834,-150.00002,0,0
-42.769855,5.0024834,-150.00002,0,0
-43.769855,5.0024834,-150.00002,0,0
-44.769855,5.0024834,-150.00002,0,0
-45.769855,5.0024834,-150.00002,0,0
-46.769855,5.0024834,-150.00002,0,0
-47.769855,5.0024834,-150.00002,0,0
-48.769855,5.0024834,-150.00002,0,0
-49.769855,5.0024834,-150.00002,0,0
49.230145,4.0024834,-150.00002,0,0
48.230145,4.0024834,-150.00002,0,0
47.230145,4.0024834,-150.00002,0,0
46.230145,4.0024834,-150.00002,0,0
45.230145,4.0024834,-150.00002,0,0
44.230145,4.0024834,-150.00002,0,0
43.230145,4.0024834,-150.00002,0,0
42.230145,4.0024834,-150.00002,0,0
41.230145,4.0024834,-150.00002,0,0
40.230145,4.0024834,-150.00002,0,0
39.230145,4.0024834,-150.00002,0,0
38.230145,4.0024834,-150.00002,0,0
37.230145,4.0024834,-150.00002,0,0
36.230145,4.0024834,-150.00002,0,0
35.230145,4.0024834,-150.00002,0,0
34.230145,4.0024834,-150.00002,0,0
33.230145,4.0024834,-150.00002,0,0
32.230145,4.0024834,-150.00002,0,0
31.230145,4.0024834,-150.00002,0,0
30.230145,4.0024834,-150.00002,0,0
29.230145,4.0024834,-150.00002,0,0
28.230145,4.0024834,-150.00002,0,0
27.230145,4.0024834,-150.00002,0,0
26.230145,4.0024834,-150.00002,0,0
25.230145,4.0024834,-150.00002,0,0
24.230145,4.0024834,-150.00002,0,0
23.230145,4.0024834,-150.00002,0,0
22.230145,4.0024834,-150.00002,0,0
21.230145,4.0024834,-150.00002,0,3.999999
20.230145,4.0024834,-150.00002,0,0
19.230145,4.0024834,-150.00002,0,23.999996
18.230145,4.0024834,-150.00002,0.1716536,139.99998
17.230145,4.0024834,-150.00002,0.2827244,115.99999
16.230145,4.0024834,-150.00002,0.38575628,139.99998
15.2301445,4.0024834,-150.00002,0.45119894,95.99999
14.2301445,4.0024834,-150.00002,0.47676462,75.99999
13.2301445,4.0024834,-150.00002,0.44193017,99.99999
12.2301445,4.0024834,-150.00002,0.33974195,99.99999
11.2301445,4.0024834,-150.00002,0.3499989,123.99999
10.2301445,4.0024834,-150.00002,0.5042697,83.99999
9.2301445,4.0024834,-150.00002,0.57238877,115.99999
8.2301445,4.0024834,-150.00002,0.49692866,123.99999
7.2301445,4.0024834,-150.00002,0.4233541,103.99999
6.2301445,4.0024834,-150.00002,0.42880687,139.99998
5.2301445,4.0024834,-150.00002,0.4509008,147.99998
4.2301445,4.0024834,-150.00002,0.47918558,103.99999
3.2301445,4.0024834,-150.00002,0.531477,155.99998
2.2301445,4.0024834,-150.00002,0.5337552,147.99998
1.2301445,4.0024834,-150.00002,0.48442945,127.99999
0.2301445,4.0024834,-150.00002,0.3991468,107.99999
-0.7698555,4.0024834,-150.00002,0.35961983,139.99998
-1.7698555,4.0024834,-150.00002,0.35093755,147.99998
-2.7698555,4.0024834,-150.00002,0.2640501,131.99998
-3.7698555,4.0024834,-150.00002,0.18183887,135.99998
-4.7698555,4.0024834,-150.00002,0.20995542,151.99998
-5.7698555,4.0024834,-150.00002,0.24349895,147.99998
-6.7698555,4.0024834,-150.00002,0.266123,127.99999
-7.7698555,4.0024834,-150.00002,0.37174731,143.99998
-8.7698555,4.0024834,-150.00002,0.49313593,127.99999
-9.7698555,4.0024834,-150.00002,0.49413693,163.99998
-10.7698555,4.0024834,-150.00002,0.36171955,191.99998
-11.7698555,4.0024834,-150.00002,0.27207804,91.99999
-12.7698555,4.0024834,-150.00002,0.33442703,119.99999
-13.7698555,4.0024834,-150.00002,0.3661115,151.99998
-14.7698555,4.0024834,-150.00002,0.33894932,79.99999
-15.7698555,4.0024834,-150.00002,0.40537748,119.99999
-16.769855,4.0024834,-150.00002,0.49724874,127.99999
-17.769855,4.0024834,-150.00002,0.464612,171.99998
-18.769855,4.0024834,-150.00002,0.37319195,143.99998
-19.769855,4.0024834,-150.00002,0.29052117,123.99999
-20.769855,4.0024834,-150.00002,0.2301624,119.99999
-21.769855,4.0024834,-150.00002,0,55.999996
-22.769855,4.0024834,-150.00002,0,0
-23.769855,4.0024834,-150.00002,0,0
-24.769855,4.0024834,-150.00002,0,0
-25.769855,4.0024834,-150.00002,0,0
-26.769855,4.0024834,-150.00002,0,0
-27.769855,4.0024834,-150.00002,0,0
-28.769855,4.0024834,-150.00002,0,0
-29.769855,4.0024834,-150.00002,0,0
-30.769855,4.0024834,-150.00002,0,0
-31.769855,4.0024834,-150.00002,0,0
-32.769855,4.0024834,-150.00002,0,0
-33.769855,4.0024834,-150.00002,0,0
-34.769855,4.0024834,-150.00002,0,0
-35.769855,4.0024834,-150.00002,0,0
-36.769855,4.0024834,-150.00002,0,0
-37.769855,4.0024834,-150.00002,0,0
-38.769855,4.0024834,-150.00002,0,0
-39.769855,4.0024834,-150.00002,0,0
-40.769855,4.0024834,-150.00002,0,0
-41.769855,4.0024834,-150.00002,0,0
-42.769855,4.0024834,-150.00002,0,0
-43.769855,4.0024834,-150.00002,0,0
-44.769855,4.0024834,-150.00002,0,0
-45.769855,4.0024834,-150.00002,0,0
-46.769855,4.0024834,-150.00002,0,0
-47.769855,4.0024834,-150.00002,0,0
-48.769855,4.0024834,-150.00002,0,0
-49.769855,4.0024834,-150.00002,0,0
49.230145,3.0024834,-150.00002,0,0
48.230145,3.0024834,-150.00002,0,0
47.230145,3.0024834,-150.00002,0,0
46.230145,3.0024834,-150.00002,0,0
45.230145,3.0024834,-150.00002,0,0
44.230145,3.0024834,-150.00002,0,0
43.230145,3.0024834,-150.00002,0,0
42.230145,3.0024834,-150.00002,0,0
41.230145,3.0024834,-150.00002,0,0
40.230145,3.0024834,-150.00002,0,0
39.230145,3.0024834,-150.00002,0,0
38.230145,3.0024834,-150.00002,0,0
37.230145,3.0024834,-150.00002,0,0
36.230145,3.0024834,-150.00002,0,0
35.230145,3.0024834,-150.00002,0,0
34.230145,3.0024834,-150.00002,0,0
33.230145,3.0024834,-150.00002,0,0
32.230145,3.0024834,-150.00002,0,0
31.230145,3.0024834,-150.00002,0,0
30.230145,3.0024834,-150.00002,0,0
29.230145,3.0024834,-150.00002,0,0
28.230145,3.0024834,-150.00002,0,0
27.230145,3.0024834,-150.00002,0,0
26.230145,3.0024834,-150.00002,0,0
25.230145,3.0024834,-150.00002,0,0
24.230145,3.0024834,-150.00002,0,0
23.230145,3.0024834,-150.00002,0,0
22.230145,3.0024834,-150.00002,0,0
21.230145,3.0024834,-150.00002,0,0
20.230145,3.0024834,-150.00002,0,0
19.230145,3.0024834,-150.00002,0,39.999996
18.230145,3.0024834,-150.00002,0.29500318,143.99998
17.230145,3.0024834,-150.00002,0.34456512,167.99998
16.230145,3.0024834,-150.00002,0.44794753,139.99998
15.2301445,3.0024834,-150.00002,0.5143105,135.99998
14.2301445,3.0024834,-150.00002,0.47423506,143.99998
13.2301445,3.0024834,-150.00002,0.38199872,131.99998
12.2301445,3.0024834,-150.00002,0.31850255,107.99999
11.2301445,3.0024834,-150.00002,0.41447067,143.99998
10.2301445,3.0024834,-150.00002,0.61373234,139.99998
9.2301445,3.0024834,-150.00002,0.65069056,135.99998
8.2301445,3.0024834,-150.00002,0.4885363,79.99999
7.2301445,3.0024834,-150.00002,0.34066492,103.99999
6.2301445,3.0024834,-150.00002,0.3148951,131.99998
5.2301445,3.0024834,-150.00002,0.3840165,131.99998
4.2301445,3.0024834,-150.00002,0.48471135,151.99998
3.2301445,3.0024834,-150.00002,0.51588476,147.99998
2.2301445,3.0024834,-150.00002,0.48363256,187.99998
1.2301445,3.0024834,-150.00002,0.4431939,103.99999
0.2301445,3.0024834,-150.00002,0.43690917,143.99998
-0.7698555,3.0024834,-150.00002,0.48376465,159.99998
-1.7698555,3.0024834,-150.00002,0.50851935,127.99999
-2.7698555,3.0024834,-150.00002,0.39749116,163.99998
-3.7698555,3.0024834,-150.00002,0.31850126,143.99998
-4.7698555,3.0024834,-150.00002,0.3948226,163.99998
-5.7698555,3.0024834,-150.00002,0.41514546,139.99998
-6.7698555,3.0024834,-150.00002,0.33580396,135.99998
-7.7698555,3.0024834,-150.00002,0.34343845,139.99998
-8.7698555,3.0024834,-150.00002,0.46483868,155.99998
-9.7698555,3.0024834,-150.00002,0.46834755,163.99998
-10.7698555,3.0024834,-150.00002,0.34575948,127.99999
-11.7698555,3.0024834,-150.00002,0.30596447,63.999996
-12.7698555,3.0024834,-150.00002,0.36991438,51.999996
-13.7698555,3.0024834,-150.00002,0.36057514,91.99999
-14.7698555,3.0024834,-150.00002,0.27581784,79.99999
-15.7698555,3.0024834,-150.00002,0.27640894,83.99999
-16.769855,3.0024834,-150.00002,0.36112204,103.99999
-17.769855,3.0024834,-150.00002,0.40800875,163.99998
-18.769855,3.0024834,-150.00002,0.33816996,171.99998
-19.769855,3.0024834,-150.00002,0.21702439,143.99998
-20.769855,3.0024834,-150.00002,0.14431415,75.99999
-21.769855,3.0024834,-150.00002,0,43.999996
-22.769855,3.0024834,-150.00002,0,0
-23.769855,3.0024834,-150.00002,0,0
-24.769855,3.0024834,-150.00002,0,0
-25.769855,3.0024834,-150.00002,0,0
-26.769855,3.0024834,-150.00002,0,0
-27.769855,3.0024834,-150.00002,0,0
-28.769855,3.0024834,-150.00002,0,0
-29.769855,3.0024834,-150.00002,0,0
-30.769855,3.0024834,-150.00002,0,0
-31.769855,3.0024834,-150.00002,0,0
-32.769855,3.0024834,-150.00002,0,0
-33.769855,3.0024834,-150.00002,0,0
-34.769855,3.0024834,-150.00002,0,0
-35.769855,3.0024834,-150.00002,0,0
-36.769855,3.0024834,-150.00002,0,0
-37.769855,3.0024834,-150.00002,0,0
-38.769855,3.0024834,-150.00002,0,0
-39.769855,3.0024834,-150.00002,0,0
-40.769855,3.0024834,-150.00002,0,0
-41.769855,3.0024834,-150.00002,0,0
-42.769855,3.0024834,-150.00002,0,0
-43.769855,3.0024834,-150.00002,0,0
-44.769855,3.0024834,-150.00002,0,0
-45.769855,3.0024834,-150.00002,0,0
-46.769855,3.0024834,-150.00002,0,0
-47.769855,3.0024834,-150.00002,0,0
-48.769855,3.0024834,-150.00002,0,0
-49.769855,3.0024834,-150.00002,0,0
49.230145,2.0024834,-150.00002,0,0
48.230145,2.0024834,-150.00002,0,0
47.230145,2.0024834,-150.00002,0,0
46.230145,2.0024834,-150.00002,0,0
45.230145,2.0024834,-150.00002,0,0
44.230145,2.0024834,-150.00002,0,0
43.230145,2.0024834,-150.00002,0,0
42.230145,2.0024834,-150.00002,0,0
41.230145,2.0024834,-150.00002,0,0
40.230145,2.0024834,-150.00002,0,0
39.230145,2.0024834,-150.00002,0,0
38.230145,2.0024834,-150.00002,0,0
37.230145,2.0024834,-150.00002,0,0
36.230145,2.0024834,-150.00002,0,0
35.230145,2.0024834,-150.00002,0,0
34.230145,2.0024834,-150.00002,0,0
33.230145,2.0024834,-150.00002,0,0
32.230145,2.0024834,-150.00002,0,0
31.230145,2.0024834,-150.00002,0,0
30.230145,2.0024834,-150.00002,0,0
29.230145,2.0024834,-150.00002,0,0
28.230145,2.0024834,-150.00002,0,0
27.230145,2.0024834,-150.00002,0,0
26.230145,2.0024834,-150.00002,0,0
25.230145,2.0024834,-150.00002,0,0
24.230145,2.0024834,-150.00002,0,0
23.230145,2.0024834,-150.00002,0,0
22.230145,2.0024834,-150.00002,0,0
21.230145,2.0024834,-150.00002,0,0
20.230145,2.0024834,-150.00002,0,0
19.230145,2.0024834,-150.00002,0,63.999996
18.230145,2.0024834,-150.00002,0.4055334,167.99998
17.230145,2.0024834,-150.00002,0.3416121,107.99999
16.230145,2.0024834,-150.00002,0.3885401,155.99998
15.2301445,2.0024834,-150.00002,0.43357423,147.99998
14.2301445,2.0024834,-150.00002,0.3746372,87.99999
13.2301445,2.0024834,-150.00002,0.30145037,131.99998
12.2301445,2.0024834,-150.00002,0.29994828,139.99998
11.2301445,2.0024834,-150.00002,0.4223952,99.99999
10.2301445,2.0024834,-150.00002,0.621804,135.99998
9.2301445,2.0024834,-150.00002,0.6497059,99.99999
8.2301445,2.0024834,-150.00002,0.52439135,167.99998
7.2301445,2.0024834,-150.00002,0.36086026,143.99998
6.2301445,2.0024834,-150.00002,0.25268784,59.999996
5.2301445,2.0024834,-150.00002,0.33056572,179.99998
4.2301445,2.0024834,-150.00002,0.45383468,143.99998
3.2301445,2.0024834,-150.00002,0.44334033,135.99998
2.2301445,2.0024834,-150.00002,0.38714498,91.99999
1.2301445,2.0024834,-150.00002,0.38969716,131.99998
0.2301445,2.0024834,-150.00002,0.41261786,155.99998
-0.7698555,2.0024834,-150.00002,0.50303096,107.99999
-1.7698555,2.0024834,-150.00002,0.5941424,179.99998
-2.7698555,2.0024834,-150.00002,0.560647,179.99998
-3.7698555,2.0024834,-150.00002,0.5018366,139.99998
-4.7698555,2.0024834,-150.00002,0.5373245,119.99999
-5.7698555,2.0024834,-150.00002,0.5439845,171.99998
-6.7698555,2.0024834,-150.00002,0.4228701,91.99999
-7.7698555,2.0024834,-150.00002,0.33370125,71.99999
-8.7698555,2.0024834,-150.00002,0.39267647,131.99998
-9.7698555,2.0024834,-150.00002,0.36005127,87.99999
-10.7698555,2.0024834,-150.00002,0.25771812,55.999996
-11.7698555,2.0024834,-150.00002,0.27571544,63.999996
-12.7698555,2.0024834,-150.00002,0.33631933,87.99999
-13.7698555,2.0024834,-150.00002,0.30745256,111.99999
-14.7698555,2.0024834,-150.00002,0.21345711,87.99999
-15.7698555,2.0024834,-150.00002,0.1764249,55.999996
-16.769855,2.0024834,-150.00002,0.25539973,107.99999
-17.769855,2.0024834,-150.00002,0.33321515,95.99999
-18.769855,2.0024834,-150.00002,0.29408622,135.99998
-19.769855,2.0024834,-150.00002,0.1969027,163.99998
-20.769855,2.0024834,-150.00002,0.19924656,91.99999
-21.769855,2.0024834,-150.00002,0,27.999996
-22.769855,2.0024834,-150.00002,0,0
-23.769855,2.0024834,-150.00002,0,0
-24.769855,2.0024834,-150.00002,0,0
-25.769855,2.0024834,-150.00002,0,0
-26.769855,2.0024834,-150.00002,0,0
-27.769855,2.0024834,-150.00002,0,0
-28.769855,2.0024834,-150.00002,0,0
-29.769855,2.0024834,-150.00002,0,0
-30.769855,2.0024834,-150.00002,0,0
-31.769855,2.0024834,-150.00002,0,0
-32.769855,2.0024834,-150.00002,0,0
-33.769855,2.0024834,-150.00002,0,0
-34.769855,2.0024834,-150.00002,0,0
-35.769855,2.0024834,-150.00002,0,0
-36.769855,2.0024834,-150.00002,0,0
-37.769855,2.0024834,-150.00002,0,0
-38.769855,2.0024834,-150.00002,0,0
-39.769855,2.0024834,-150.00002,0,0
-40.769855,2.0024834,-150.00002,0,0
-41.769855,2.0024834,-150.00002,0,0
-42.769855,2.0024834,-150.00002,0,0
-43.769855,2.0024834,-150.00002,0,0
-44.769855,2.0024834,-150.00002,0,0
-45.769855,2.0024834,-150.00002,0,0
-46.769855,2.0024834,-150.00002,0,0
-47.769855,2.0024834,-150.00002,0,0
-48.769855,2.0024834,-150.00002,0,0
-49.769855,2.0024834,-150.00002,0,0
49.230145,1.0024834,-150.00002,0,0
48.230145,1.0024834,-150.00002,0,0
47.230145,1.0024834,-150.00002,0,0
46.230145,1.0024834,-150.00002,0,0
45.230145,1.0024834,-150.00002,0,0
44.230145,1.0024834,-150.00002,0,0
43.230145,1.0024834,-150.00002,0,0
42.230145,1.0024834,-150.00002,0,0
41.230145,1.0024834,-150.00002,0,0
40.230145,1.0024834,-150.00002,0,0
39.230145,1.0024834,-150.00002,0,0
38.230145,1.0024834,-150.00002,0,0
37.230145,1.0024834,-150.00002,0,0
36.230145,1.0024834,-150.00002,0,0
35.230145,1.0024834,-150.00002,0,0
34.230145,1.0024834,-150.00002,0,0
33.230145,1.0024834,-150.00002,0,0
32.230145,1.0024834,-150.00002,0,0
31.230145,1.0024834,-150.00002,0,0
30.230145,1.0024834,-150.00002,0,0
29.230145,1.0024834,-150.00002,0,0
28.230145,1.0024834,-150.00002,0,0
27.230145,1.0024834,-150.00002,0,0
26.230145,1.0024834,-150.00002,0,0
25.230145,1.0024834,-150.00002,0,0
24.230145,1.0024834,-150.00002,0,0
23.230145,1.0024834,-150.00002,0,0
22.230145,1.0024834,-150.00002,0,0
21.230145,1.0024834,-150.00002,0,0
20.230145,1.0024834,-150.00002,0,0
19.230145,1.0024834,-150.00002,0,63.999996
18.230145,1.0024834,-150.00002,0.4174667,163.99998
17.230145,1.0024834,-150.00002,0.30708998,139.99998
16.230145,1.0024834,-150.00002,0.27637392,95.99999
15.2301445,1.0024834,-150.00002,0.28934836,123.99999
14.2301445,1.0024834,-150.00002,0.24736118,135.99998
13.2301445,1.0024834,-150.00002,0.21551508,131.99998
12.2301445,1.0024834,-150.00002,0.25665525,87.99999
11.2301445,1.0024834,-150.00002,0.41053128,115.99999
10.2301445,1.0024834,-150.00002,0.5952894,135.99998
9.2301445,1.0024834,-150.00002,0.6383582,131.99998
8.2301445,1.0024834,-150.00002,0.55675226,151.99998
7.2301445,1.0024834,-150.00002,0.45581704,179.99998
6.2301445,1.0024834,-150.00002,0.3672956,171.99998
5.2301445,1.0024834,-150.00002,0.364709,179.99998
4.2301445,1.0024834,-150.00002,0.38751322,163.99998
3.2301445,1.0024834,-150.00002,0.3416932,163.99998
2.2301445,1.0024834,-150.00002,0.31727463,151.99998
1.2301445,1.0024834,-150.00002,0.33442056,147.99998
0.2301445,1.0024834,-150.00002,0.35610288,135.99998
-0.7698555,1.0024834,-150.00002,0.4754179,175.99998
-1.7698555,1.0024834,-150.00002,0.60884583,195.99998
-2.7698555,1.0024834,-150.00002,0.631909,131.99998
-3.7698555,1.0024834,-150.00002,0.60236806,151.99998
-4.7698555,1.0024834,-150.00002,0.5903925,151.99998
-5.7698555,1.0024834,-150.00002,0.52756804,139.99998
-6.7698555,1.0024834,-150.00002,0.396714,95.99999
-7.7698555,1.0024834,-150.00002,0.28124174,79.99999
-8.7698555,1.0024834,-150.00002,0.24288741,55.999996
-9.7698555,1.0024834,-150.00002,0.21246588,51.999996
-10.7698555,1.0024834,-150.00002,0.13246605,43.999996
-11.7698555,1.0024834,-150.00002,0.14833266,59.999996
-12.7698555,1.0024834,-150.00002,0.23286112,59.999996
-13.7698555,1.0024834,-150.00002,0.21782115,59.999996
-14.7698555,1.0024834,-150.00002,0.115211844,95.99999
-15.7698555,1.0024834,-150.00002,0.09369582,83.99999
-16.769855,1.0024834,-150.00002,0.20098653,67.99999
-17.769855,1.0024834,-150.00002,0.32660702,75.99999
-18.769855,1.0024834,-150.00002,0.312692,119.99999
-19.769855,1.0024834,-150.00002,0.2412066,79.99999
-20.769855,1.0024834,-150.00002,Infinity,71.99999
-21.769855,1.0024834,-150.00002,0,11.999997
-22.769855,1.0024834,-150.00002,0,0
-23.769855,1.0024834,-150.00002,0,0
-24.769855,1.0024834,-150.00002,0,0
-25.769855,1.0024834,-150.00002,0,0
-26.769855,1.0024834,-150.00002,0,0
-27.769855,1.0024834,-150.00002,0,0
-28.769855,1.0024834,-150.00002,0,0
-29.769855,1.0024834,-150.00002,0,0
-30.769855,1.0024834,-150.00002,0,0
-31.769855,1.0024834,-150.00002,0,0
-32.769855,1.0024834,-150.00002,0,0
-33.769855,1.0024834,-150.00002,0,0
-34.769855,1.0024834,-150.00002,0,0
-35.769855,1.0024834,-150.00002,0,0
-36.769855,1.0024834,-150.00002,0,0
-37.769855,1.0024834,-150.00002,0,0
-38.769855,1.0024834,-150.00002,0,0
-39.769855,1.0024834,-150.00002,0,0
-40.769855,1.0024834,-150.00002,0,0
-41.769855,1.0024834,-150.00002,0,0
-42.769855,1.0024834,-150.00002,0,0
-43.769855,1.0024834,-150.00002,0,0
-44.769855,1.0024834,-150.00002,0,0
-45.769855,1.0024834,-150.00002,0,0
-46.769855,1.0024834,-150.00002,0,0
-47.769855,1.0024834,-150.00002,0,0
-48.769855,1.0024834,-150.00002,0,0
-49.769855,1.0024834,-150.00002,0,0
49.230145,0.002483368,-150.00002,0,0
48.230145,0.002483368,-150.00002,0,0
47.230145,0.002483368,-150.00002,0,0
46.230145,0.002483368,-150.00002,0,0
45.230145,0.002483368,-150.00002,0,0
44.230145,0.002483368,-150.00002,0,0
43.230145,0.002483368,-150.00002,0,0
42.230145,0.002483368,-150.00002,0,0
41.230145,0.002483368,-150.00002,0,0
40.230145,0.002483368,-150.00002,0,0
39.230145,0.002483368,-150.00002,0,0
38.230145,0.002483368,-150.00002,0,0
37.230145,0.002483368,-150.00002,0,0
36.230145,0.002483368,-150.00002,0,0
35.230145,0.002483368,-150.00002,0,0
34.230145,0.002483368,-150.00002,0,0
33.230145,0.002483368,-150.00002,0,0
32.230145,0.002483368,-150.00002,0,0
31.230145,0.002483368,-150.00002,0,0
30.230145,0.002483368,-150.00002,0,0
29.230145,0.002483368,-150.00002,0,0
28.230145,0.002483368,-150.00002,0,0
27.230145,0.002483368,-150.00002,0,0
26.230145,0.002483368,-150.00002,0,0
25.230145,0.002483368,-150.00002,0,0
24.230145,0.002483368,-150.00002,0,0
23.230145,0.002483368,-150.00002,0,0
22.230145,0.002483368,-150.00002,0,0
21.230145,0.002483368,-150.00002,0,0
20.230145,0.002483368,-150.00002,0,0
19.230145,0.002483368,-150.00002,0,31.999996
18.230145,0.002483368,-150.00002,0.40492463,195.99998
17.230145,0.002483368,-150.00002,0.28336394,171.99998
16.230145,0.002483368,-150.00002,0.24263537,167.99998
15.2301445,0.002483368,-150.00002,0.2572431,147.99998
14.2301445,0.002483368,-150.00002,0.2554528,159.99998
13.2301445,0.002483368,-150.00002,0.24677736,143.99998
12.2301445,0.002483368,-150.00002,0.306529,127.99999
11.2301445,0.002483368,-150.00002,0.4420286,135.99998
10.2301445,0.002483368,-150.00002,0.59100664,143.99998
9.2301445,0.002483368,-150.00002,0.6497406,139.99998
8.2301445,0.002483368,-150.00002,0.59661037,183.99998
7.2301445,0.002483368,-150.00002,0.5087667,187.99998
6.2301445,0.002483368,-150.00002,0.45731533,135.99998
5.2301445,0.002483368,-150.00002,0.42850524,159.99998
4.2301445,0.002483368,-150.00002,0.3913416,159.99998
3.2301445,0.002483368,-150.00002,0.33866373,111.99999
2.2301445,0.002483368,-150.00002,0.32429698,139.99998
1.2301445,0.002483368,-150.00002,0.34723502,135.99998
0.2301445,0.002483368,-150.00002,0.36853534,143.99998
-0.7698555,0.002483368,-150.00002,0.45879805,159.99998
-1.7698555,0.002483368,-150.00002,0.548099,219.99998
-2.7698555,0.002483368,-150.00002,0.61009836,155.99998
-3.7698555,0.002483368,-150.00002,0.6505213,127.99999
-4.7698555,0.002483368,-150.00002,0.6053538,143.99998
-5.7698555,0.002483368,-150.00002,0.42598566,91.99999
-6.7698555,0.002483368,-150.00002,0.29578745,43.999996
-7.7698555,0.002483368,-150.00002,0.18147725,71.99999
-8.7698555,0.002483368,-150.00002,0.10116933,59.999996
-9.7698555,0.002483368,-150.00002,0.07126601,67.99999
-10.7698555,0.002483368,-150.00002,-0.008460585,35.999996
-11.7698555,0.002483368,-150.00002,-0.034839965,27.999996
-12.7698555,0.002483368,-150.00002,0.08047073,63.999996
-13.7698555,0.002483368,-150.00002,0.12391958,67.99999
-14.7698555,0.002483368,-150.00002,0.03348951,99.99999
-15.7698555,0.002483368,-150.00002,0.00277121,43.999996
-16.769855,0.002483368,-150.00002,0.16506523,67.99999
-17.769855,0.002483368,-150.00002,0.3770385,103.99999
-18.769855,0.002483368,-150.00002,0.40806618,79.99999
-19.769855,0.002483368,-150.00002,0.394987,127.99999
-20.769855,0.002483368,-150.00002,Infinity,159.99998
-21.769855,0.002483368,-150.00002,0,19.999996
-22.769855,0.002483368,-150.00002,0,0
-23.769855,0.002483368,-150.00002,0,0
-24.769855,0.002483368,-150.00002,0,0
-25.769855,0.002483368,-150.00002,0,0
-26.769855,0.002483368,-150.00002,0,0
-27.769855,0.002483368,-150.00002,0,0
-28.769855,0.002483368,-150.00002,0,0
-29.769855,0.002483368,-150.00002,0,0
-30.769855,0.002483368,-150.00002,0,0
-31.769855,0.002483368,-150.00002,0,0
-32.769855,0.002483368,-150.00002,0,0
-33.769855,0.002483368,-150.00002,0,0
-34.769855,0.002483368,-150.00002,0,0
-35.769855,0.002483368,-150.00002,0,0
-36.769855,0.002483368,-150.00002,0,0
-37.769855,0.002483368,-150.00002,0,0
-38.769855,0.002483368,-150.00002,0,0
-39.769855,0.002483368,-150.00002,0,0
-40.769855,0.002483368,-150.00002,0,0
-41.769855,0.002483368,-150.00002,0,0
-42.769855,0.002483368,-150.00002,0,0
-43.769855,0.002483368,-150.00002,0,0
-44.769855,0.002483368,-150.00002,0,0
-45.769855,0.002483368,-150.00002,0,0
-46.769855,0.002483368,-150.00002,0,0
-47.769855,0.002483368,-150.00002,0,0
-48.769855,0.002483368,-150.00002,0,0
-49.769855,0.002483368,-150.00002,0,0
49.230145,-0.99751663,-150.00002,0,0
48.230145,-0.99751663,-150.00002,0,0
47.230145,-0.99751663,-150.00002,0,0
46.230145,-0.99751663,-150.00002,0,0
45.230145,-0.99751663,-150.00002,0,0
44.230145,-0.99751663,-150.00002,0,0
43.230145,-0.99751663,-150.00002,0,0
42.230145,-0.99751663,-150.00002,0,0
41.230145,-0.99751663,-150.00002,0,0
40.230145,-0.99751663,-150.00002,0,0
39.230145,-0.99751663,-150.00002,0,0
38.230145,-0.99751663,-150.00002,0,0
37.230145,-0.99751663,-150.00002,0,0
36.230145,-0.99751663,-150.00002,0,0
35.230145,-0.99751663,-150.00002,0,0
34.230145,-0.99751663,-150.00002,0,0
33.230145,-0.99751663,-150.00002,0,0
32.230145,-0.99751663,-150.00002,0,0
31.230145,-0.99751663,-150.00002,0,0
30.230145,-0.99751663,-150.00002,0,0
29.230145,-0.99751663,-150.00002,0,0
28.230145,-0.99751663,-150.00002,0,0
27.230145,-0.99751663,-150.00002,0,0
26.230145,-0.99751663,-150.00002,0,0
25.230145,-0.99751663,-150.00002,0,0
24.230145,-0.99751663,-150.00002,0,0
23.230145,-0.99751663,-150.00002,0,0
22.230145,-0.99751663,-150.00002,0,0
21.230145,-0.99751663,-150.00002,0,0
20.230145,-0.99751663,-150.00002,0,0
19.230145,-0.99751663,-150.00002,0,55.999996
18.230145,-0.99751663,-150.00002,0.38993397,171.99998
17.230145,-0.99751663,-150.00002,0.29670566,143.99998
16.230145,-0.99751663,-150.00002,0.32154518,147.99998
15.2301445,-0.99751663,-150.00002,0.39415485,199.99998
14.2301445,-0.99751663,-150.00002,0.4344095,159.99998
13.2301445,-0.99751663,-150.00002,0.48248723,195.99998
12.2301445,-0.99751663,-150.00002,0.4862619,195.99998
11.2301445,-0.99751663,-150.00002,0.48515886,115.99999
10.2301445,-0.99751663,-150.00002,0.55631924,159.99998
9.2301445,-0.99751663,-150.00002,0.63888514,119.99999
8.2301445,-0.99751663,-150.00002,0.61854196,139.99998
7.2301445,-0.99751663,-150.00002,0.5333917,139.99998
6.2301445,-0.99751663,-150.00002,0.47999105,115.99999
5.2301445,-0.99751663,-150.00002,0.4839511,127.99999
4.2301445,-0.99751663,-150.00002,0.450714,167.99998
3.2301445,-0.99751663,-150.00002,0.42850378,183.99998
2.2301445,-0.99751663,-150.00002,0.40474564,175.99998
1.2301445,-0.99751663,-150.00002,0.3742522,171.99998
0.2301445,-0.99751663,-150.00002,0.3403895,195.99998
-0.7698555,-0.99751663,-150.00002,0.34984517,95.99999
-1.7698555,-0.99751663,-150.00002,0.40527743,171.99998
-2.7698555,-0.99751663,-150.00002,0.52377737,123.99999
-3.7698555,-0.99751663,-150.00002,0.648429,187.99998
-4.7698555,-0.99751663,-150.00002,0.5841727,179.99998
-5.7698555,-0.99751663,-150.00002,0.36208814,119.99999
-6.7698555,-0.99751663,-150.00002,0.18933094,43.999996
-7.7698555,-0.99751663,-150.00002,0.08280869,79.99999
-8.7698555,-0.99751663,-150.00002,-0.020481152,79.99999
-9.7698555,-0.99751663,-150.00002,-0.10515079,35.999996
-10.7698555,-0.99751663,-150.00002,-0.15101968,31.999996
-11.7698555,-0.99751663,-150.00002,-0.13707355,15.999996
-12.7698555,-0.99751663,-150.00002,0.009659523,15.999996
-13.7698555,-0.99751663,-150.00002,0.10660088,47.999996
-14.7698555,-0.99751663,-150.00002,0.053380664,59.999996
-15.7698555,-0.99751663,-150.00002,0.06463404,55.999996
-16.769855,-0.99751663,-150.00002,0.23576583,67.99999
-17.769855,-0.99751663,-150.00002,0.4165925,119.99999
-18.769855,-0.99751663,-150.00002,0.46107647,147.99998
-19.769855,-0.99751663,-150.00002,0.46566838,139.99998
-20.769855,-0.99751663,-150.00002,0,163.99998
-21.769855,-0.99751663,-150.00002,0,7.999998
-22.769855,-0.99751663,-150.00002,0,0
-23.769855,-0.99751663,-150.00002,0,0
-24.769855,-0.99751663,-150.00002,0,0
-25.769855,-0.99751663,-150.00002,0,0
-26.769855,-0.99751663,-150.00002,0,0
-27.769855,-0.99751663,-150.00002,0,0
-28.769855,-0.99751663,-150.00002,0,0
-29.769855,-0.99751663,-150.00002,0,0
-30.769855,-0.99751663,-150.00002,0,0
-31.769855,-0.99751663,-150.00002,0,0
-32.769855,-0.99751663,-150.00002,0,0
-33.769855,-0.99751663,-150.00002,0,0
-34.769855,-0.99751663,-150.00002,0,0
-35.769855,-0.99751663,-150.00002,0,0
-36.769855,-0.99751663,-150.00002,0,0
-37.769855,-0.99751663,-150.00002,0,0
-38.769855,-0.99751663,-150.00002,0,0
-39.769855,-0.99751663,-150.00002,0,0
-40.769855,-0.99751663,-150.00002,0,0
-41.769855,-0.99751663,-150.00002,0,0
-42.769855,-0.99751663,-150.00002,0,0
-43.769855,-0.99751663,-150.00002,0,0
-44.769855,-0.99751663,-150.00002,0,0
-45.769855,-0.99751663,-150.00002,0,0
-46.769855,-0.99751663,-150.00002,0,0
-47.769855,-0.99751663,-150.00002,0,0
-48.769855,-0.99751663,-150.00002,0,0
-49.769855,-0.99751663,-150.00002,0,0
49.230145,-1.9975166,-150.00002,0,0
48.230145,-1.9975166,-150.00002,0,0
47.230145,-1.9975166,-150.00002,0,0
46.230145,-1.9975166,-150.00002,0,0
45.230145,-1.9975166,-150.00002,0,0
44.230145,-1.9975166,-150.00002,0,0
43.230145,-1.9975166,-150.00002,0,0
42.230145,-1.9975166,-150.00002,0,0
41.230145,-1.9975166,-150.00002,0,0
40.230145,-1.9975166,-150.00002,0,0
39.230145,-1.9975166,-150.00002,0,0
38.230145,-1.9975166,-150.00002,0,0
37.230145,-1.9975166,-150.00002,0,0
36.230145,-1.9975166,-150.00002,0,0
35.230145,-1.9975166,-150.00002,0,0
34.230145,-1.9975166,-150.00002,0,0
33.230145,-1.9975166,-150.00002,0,0
32.230145,-1.9975166,-150.00002,0,0
31.230145,-1.9975166,-150.00002,0,0
30.230145,-1.9975166,-150.00002,0,0
29.230145,-1.9975166,-150.00002,0,0
28.230145,-1.9975166,-150.00002,0,0
27.230145,-1.9975166,-150.00002,0,0
26.230145,-1.9975166,-150.00002,0,0
25.230145,-1.9975166,-150.00002,0,0
24.230145,-1.9975166,-150.00002,0,0
23.230145,-1.9975166,-150.00002,0,0
22.230145,-1.9975166,-150.00002,0,0
21.230145,-1.9975166,-150.00002,0,0
20.230145,-1.9975166,-150.00002,0,0
19.230145,-1.9975166,-150.00002,0,11.999997
18.230145,-1.9975166,-150.00002,0,171.99998
17.230145,-1.9975166,-150.00002,0.41598666,143.99998
16.230145,-1.9975166,-150.00002,0.5157597,195.99998
15.2301445,-1.9975166,-150.00002,0.5966433,119.99999
14.2301445,-1.9975166,-150.00002,0.6432305,179.99998
13.2301445,-1.9975166,-150.00002,0.6748154,219.99998
12.2301445,-1.9975166,-150.00002,0.59689015,155.99998
11.2301445,-1.9975166,-150.00002,0.45807666,115.99999
10.2301445,-1.9975166,-150.00002,0.41876248,119.99999
9.2301445,-1.9975166,-150.00002,0.5101016,135.99998
8.2301445,-1.9975166,-150.00002,0.5507818,119.99999
7.2301445,-1.9975166,-150.00002,0.5086625,107.99999
6.2301445,-1.9975166,-150.00002,0.47196937,163.99998
5.2301445,-1.9975166,-150.00002,0.43413642,151.99998
4.2301445,-1.9975166,-150.00002,0.43690863,191.99998
3.2301445,-1.9975166,-150.00002,0.49729592,151.99998
2.2301445,-1.9975166,-150.00002,0.46822336,143.99998
1.2301445,-1.9975166,-150.00002,0.36115003,83.99999
0.2301445,-1.9975166,-150.00002,0.2547722,99.99999
-0.7698555,-1.9975166,-150.00002,0.20149398,107.99999
-1.7698555,-1.9975166,-150.00002,0.2600865,143.99998
-2.7698555,-1.9975166,-150.00002,0.41446966,147.99998
-3.7698555,-1.9975166,-150.00002,0.5272771,143.99998
-4.7698555,-1.9975166,-150.00002,0.49714616,167.99998
-5.7698555,-1.9975166,-150.00002,0.31313252,107.99999
-6.7698555,-1.9975166,-150.00002,0.1491566,47.999996
-7.7698555,-1.9975166,-150.00002,0.04560209,87.99999
-8.7698555,-1.9975166,-150.00002,-0.10705216,59.999996
-9.7698555,-1.9975166,-150.00002,-0.25196004,39.999996
-10.7698555,-1.9975166,-150.00002,-0.27980685,15.999996
-11.7698555,-1.9975166,-150.00002,-0.14010918,35.999996
-12.7698555,-1.9975166,-150.00002,0.041432902,23.999996
-13.7698555,-1.9975166,-150.00002,0.13274705,47.999996
-14.7698555,-1.9975166,-150.00002,0.16246133,55.999996
-15.7698555,-1.9975166,-150.00002,0.2628115,71.99999
-16.769855,-1.9975166,-150.00002,0.39141053,103.99999
-17.769855,-1.9975166,-150.00002,0.4406876,127.99999
-18.769855,-1.9975166,-150.00002,0.43223363,151.99998
-19.769855,-1.9975166,-150.00002,0.40198636,167.99998
-20.769855,-1.9975166,-150.00002,0,99.99999
-21.769855,-1.9975166,-150.00002,0,0
-22.769855,-1.9975166,-150.00002,0,0
-23.769855,-1.9975166,-150.00002,0,0
-24.769855,-1.9975166,-150.00002,0,0
-25.769855,-1.9975166,-150.00002,0,0
-26.769855,-1.9975166,-150.00002,0,0
-27.769855,-1.9975166,-150.00002,0,0
-28.769855,-1.9975166,-150.00002,0,0
-29.769855,-1.9975166,-150.00002,0,0
-30.769855,-1.9975166,-150.00002,0,0
-31.769855,-1.9975166,-150.00002,0,0
-32.769855,-1.9975166,-150.00002,0,0
-33.769855,-1.9975166,-150.00002,0,0
-34.769855,-1.9975166,-150.00002,0,0
-35.769855,-1.9975166,-150.00002,0,0
-36.769855,-1.9975166,-150.00002,0,0
-37.769855,-1.9975166,-150.00002,0,0
-38.769855,-1.9975166,-150.00002,0,0
-39.769855,-1.9975166,-150.00002,0,0
-40.769855,-1.9975166,-150.00002,0,0
-41.769855,-1.9975166,-150.00002,0,0
-42.769855,-1.9975166,-150.00002,0,0
-43.769855,-1.9975166,-150.00002,0,0
-44.769855,-1.9975166,-150.00002,0,0
-45.769855,-1.9975166,-150.00002,0,0
-46.769855,-1.9975166,-150.00002,0,0
-47.769855,-1.9975166,-150.00002,0,0
-48.769855,-1.9975166,-150.00002,0,0
-49.769855,-1.9975166,-150.00002,0,0
49.230145,-2.9975166,-150.00002,0,0
48.230145,-2.9975166,-150.00002,0,0
47.230145,-2.9975166,-150.00002,0,0
46.230145,-2.9975166,-150.00002,0,0
45.230145,-2.9975166,-150.00002,0,0
44.230145,-2.9975166,-150.00002,0,0
43.230145,-2.9975166,-150.00002,0,0
42.230145,-2.9975166,-150.00002,0,0
41.230145,-2.9975166,-150.00002,0,0
40.230145,-2.9975166,-150.00002,0,0
39.230145,-2.9975166,-150.00002,0,0
38.230145,-2.9975166,-150.00002,0,0
37.230145,-2.9975166,-150.00002,0,0
36.230145,-2.9975166,-150.00002,0,0
35.230145,-2.9975166,-150.00002,0,0
34.230145,-2.9975166,-150.00002,0,0
33.230145,-2.9975166,-150.00002,0,0
32.230145,-2.9975166,-150.00002,0,0
31.230145,-2.9975166,-150.00002,0,0
30.230145,-2.9975166,-150.00002,0,0
29.230145,-2.9975166,-150.00002,0,0
28.230145,-2.9975166,-150.00002,0,0
27.230145,-2.9975166,-150.00002,0,0
26.230145,-2.9975166,-150.00002,0,0
25.230145,-2.9975166,-150.00002,0,0
24.230145,-2.9975166,-150.00002,0,0
23.230145,-2.9975166,-150.00002,0,0
22.230145,-2.9975166,-150.00002,0,0
21.230145,-2.9975166,-150.00002,0,0
20.230145,-2.9975166,-150.00002,0,0
19.230145,-2.9975166,-150.00002,0,0
18.230145,-2.9975166,-150.00002,0,99.99999
17.230145,-2.9975166,-150.00002,0.5558993,243.99998
16.230145,-2.9975166,-150.00002,0.63250655,215.99998
15.2301445,-2.9975166,-150.00002,0.7042309,211.99998
14.2301445,-2.9975166,-150.00002,0.6894133,215.99998
13.2301445,-2.9975166,-150.00002,0.6286614,155.99998
12.2301445,-2.9975166,-150.00002,0.53061485,167.99998
11.2301445,-2.9975166,-150.00002,0.37544358,131.99998
10.2301445,-2.9975166,-150.00002,0.30353665,107.99999
9.2301445,-2.9975166,-150.00002,0.3949263,107.99999
8.2301445,-2.9975166,-150.00002,0.46511844,111.99999
7.2301445,-2.9975166,-150.00002,0.4485108,87.99999
6.2301445,-2.9975166,-150.00002,0.39166257,131.99998
5.2301445,-2.9975166,-150.00002,0.3443032,87.99999
4.2301445,-2.9975166,-150.00002,0.3735776,135.99998
3.2301445,-2.9975166,-150.00002,0.44898778,167.99998
2.2301445,-2.9975166,-150.00002,0.44125113,127.99999
1.2301445,-2.9975166,-150.00002,0.37278277,131.99998
0.2301445,-2.9975166,-150.00002,0.25221476,111.99999
-0.7698555,-2.9975166,-150.00002,0.14250346,123.99999
-1.7698555,-2.9975166,-150.00002,0.17630707,107.99999
-2.7698555,-2.9975166,-150.00002,0.3127491,195.99998
-3.7698555,-2.9975166,-150.00002,0.40176657,87.99999
-4.7698555,-2.9975166,-150.00002,0.38875946,95.99999
-5.7698555,-2.9975166,-150.00002,0.28066975,39.999996
-6.7698555,-2.9975166,-150.00002,0.17555271,55.999996
-7.7698555,-2.9975166,-150.00002,0.048158027,71.99999
-8.7698555,-2.9975166,-150.00002,-0.121320285,75.99999
-9.7698555,-2.9975166,-150.00002,-0.23239557,19.999996
-10.7698555,-2.9975166,-150.00002,-0.19337006,35.999996
-11.7698555,-2.9975166,-150.00002,-0.09751466,19.999996
-12.7698555,-2.9975166,-150.00002,0.040766507,11.999997
-13.7698555,-2.9975166,-150.00002,0.15929218,47.999996
-14.7698555,-2.9975166,-150.00002,0.27855548,43.999996
-15.7698555,-2.9975166,-150.00002,0.4244172,55.999996
-16.769855,-2.9975166,-150.00002,0.515815,83.99999
-17.769855,-2.9975166,-150.00002,0.49413455,163.99998
-18.769855,-2.9975166,-150.00002,0.44817507,231.99998
-19.769855,-2.9975166,-150.00002,0,207.99998
-20.769855,-2.9975166,-150.00002,0,23.999996
-21.769855,-2.9975166,-150.00002,0,0
-22.769855,-2.9975166,-150.00002,0,0
-23.769855,-2.9975166,-150.00002,0,0
-24.769855,-2.9975166,-150.00002,0,0
-25.769855,-2.9975166,-150.00002,0,0
-26.769855,-2.9975166,-150.00002,0,0
-27.769855,-2.9975166,-150.00002,0,0
-28.769855,-2.9975166,-150.00002,0,0
-29.769855,-2.9975166,-150.00002,0,0
-30.769855,-2.9975166,-150.00002,0,0
-31.769855,-2.9975166,-150.00002,0,0
-32.769855,-2.9975166,-150.00002,0,0
-33.769855,-2.9975166,-150.00002,0,0
-34.769855,-2.9975166,-150.00002,0,0
-35.769855,-2.9975166,-150.00002,0,0
-36.769855,-2.9975166,-150.00002,0,0
-37.769855,-2.9975166,-150.00002,0,0
-38.769855,-2.9975166,-150.00002,0,0
-39.769855,-2.9975166,-150.00002,0,0
-40.769855,-2.9975166,-150.00002,0,0
-41.769855,-2.9975166,-150.00002,0,0
-42.769855,-2.9975166,-150.00002,0,0
-43.769855,-2.9975166,-150.00002,0,0
-44.769855,-2.9975166,-150.00002,0,0
-45.769855,-2.9975166,-150.00002,0,0
-46.769855,-2.9975166,-150.00002,0,0
-47.769855,-2.9975166,-150.00002,0,0
-48.769855,-2.9975166,-150.00002,0,0
-49.769855,-2.9975166,-150.00002,0,0
49.230145,-3.9975166,-150.00002,0,0
48.230145,-3.9975166,-150.00002,0,0
47.230145,-3.9975166,-150.00002,0,0
46.230145,-3.9975166,-150.00002,0,0
45.230145,-3.9975166,-150.00002,0,0
44.230145,-3.9975166,-150.00002,0,0
43.230145,-3.9975166,-150.00002,0,0
42.230145,-3.9975166,-150.00002,0,0
41.230145,-3.9975166,-150.00002,0,0
40.230145,-3.9975166,-150.00002,0,0
39.230145,-3.9975166,-150.00002,0,0
38.230145,-3.9975166,-150.00002,0,0
37.230145,-3.9975166,-150.00002,0,0
36.230145,-3.9975166,-150.00002,0,0
35.230145,-3.9975166,-150.00002,0,0
34.230145,-3.9975166,-150.00002,0,0
33.230145,-3.9975166,-150.00002,0,0
32.230145,-3.9975166,-150.00002,0,0
31.230145,-3.9975166,-150.00002,0,0
30.230145,-3.9975166,-150.00002,0,0
29.230145,-3.9975166,-150.00002,0,0
28.230145,-3.9975166,-150.00002,0,0
27.230145,-3.9975166,-150.00002,0,0
26.230145,-3.9975166,-150.00002,0,0
25.230145,-3.9975166,-150.00002,0,0
24.230145,-3.9975166,-150.00002,0,0
23.230145,-3.9975166,-150.00002,0,0
22.230145,-3.9975166,-150.00002,0,0
21.230145,-3.9975166,-150.00002,0,0
20.230145,-3.9975166,-150.00002,0,0
19.230145,-3.9975166,-150.00002,0,0
18.230145,-3.9975166,-150.00002,0,71.99999
17.230145,-3.9975166,-150.00002,0.58298695,155.99998
16.230145,-3.9975166,-150.00002,0.6130028,219.99998
15.2301445,-3.9975166,-150.00002,0.6569128,131.99998
14.2301445,-3.9975166,-150.00002,0.61948204,171.99998
13.2301445,-3.9975166,-150.00002,0.5089333,147.99998
12.2301445,-3.9975166,-150.00002,0.38843668,139.99998
11.2301445,-3.9975166,-150.00002,0.3113164,135.99998
10.2301445,-3.9975166,-150.00002,0.3268894,103.99999
9.2301445,-3.9975166,-150.00002,0.43347394,175.99998
8.2301445,-3.9975166,-150.00002,0.46565798,135.99998
7.2301445,-3.9975166,-150.00002,0.41600296,139.99998
6.2301445,-3.9975166,-150.00002,0.36024916,95.99999
5.2301445,-3.9975166,-150.00002,0.37163597,135.99998
4.2301445,-3.9975166,-150.00002,0.43634674,171.99998
3.2301445,-3.9975166,-150.00002,0.46828452,95.99999
2.2301445,-3.9975166,-150.00002,0.4793563,111.99999
1.2301445,-3.9975166,-150.00002,0.4336889,179.99998
0.2301445,-3.9975166,-150.00002,0.29633456,139.99998
-0.7698555,-3.9975166,-150.00002,0.18176346,95.99999
-1.7698555,-3.9975166,-150.00002,0.22151983,95.99999
-2.7698555,-3.9975166,-150.00002,0.3311272,75.99999
-3.7698555,-3.9975166,-150.00002,0.4331161,131.99998
-4.7698555,-3.9975166,-150.00002,0.42182952,123.99999
-5.7698555,-3.9975166,-150.00002,0.30956656,87.99999
-6.7698555,-3.9975166,-150.00002,0.14940348,87.99999
-7.7698555,-3.9975166,-150.00002,-0.00010033324,75.99999
-8.7698555,-3.9975166,-150.00002,-0.09123319,39.999996
-9.7698555,-3.9975166,-150.00002,-0.048830517,55.999996
-10.7698555,-3.9975166,-150.00002,0.009476393,59.999996
-11.7698555,-3.9975166,-150.00002,0.033434674,59.999996
-12.7698555,-3.9975166,-150.00002,0.0742139,27.999996
-13.7698555,-3.9975166,-150.00002,0.18231489,75.99999
-14.7698555,-3.9975166,-150.00002,0.32232845,115.99999
-15.7698555,-3.9975166,-150.00002,0.48423776,103.99999
-16.769855,-3.9975166,-150.00002,0.5983544,127.99999
-17.769855,-3.9975166,-150.00002,0.5874782,155.99998
-18.769855,-3.9975166,-150.00002,0.5244323,211.99998
-19.769855,-3.9975166,-150.00002,0,91.99999
-20.769855,-3.9975166,-150.00002,0,0
-21.769855,-3.9975166,-150.00002,0,0
-22.769855,-3.9975166,-150.00002,0,0
-23.769855,-3.9975166,-150.00002,0,0
-24.769855,-3.9975166,-150.00002,0,0
-25.769855,-3.9975166,-150.00002,0,0
-26.769855,-3.9975166,-150.00002,0,0
-27.769855,-3.9975166,-150.00002,0,0
-28.769855,-3.9975166,-150.00002,0,0
-29.769855,-3.9975166,-150.00002,0,0
-30.769855,-3.9975166,-150.00002,0,0
-31.769855,-3.9975166,-150.00002,0,0
-32.769855,-3.9975166,-150.00002,0,0
-33.769855,-3.9975166,-150.00002,0,0
-34.769855,-3.9975166,-150.00002,0,0
-35.769855,-3.9975166,-150.00002,0,0
-36.769855,-3.9975166,-150.00002,0,0
-37.769855,-3.9975166,-150.00002,0,0
-38.769855,-3.9975166,-150.00002,0,0
-39.769855,-3.9975166,-150.00002,0,0
-40.769855,-3.9975166,-150.00002,0,0
-41.769855,-3.9975166,-150.00002,0,0
-42.769855,-3.9975166,-150.00002,0,0
-43.769855,-3.9975166,-150.00002,0,0
-44.769855,-3.9975166,-150.00002,0,0
-45.769855,-3.9975166,-150.00002,0,0
-46.769855,-3.9975166,-150.00002,0,0
-47.769855,-3.9975166,-150.00002,0,0
-48.769855,-3.9975166,-150.00002,0,0
-49.769855,-3.9975166,-150.00002,0,0
49.230145,-4.9975166,-150.00002,0,0
48.230145,-4.9975166,-150.00002,0,0
47.230145,-4.9975166,-150.00002,0,0
46.230145,-4.9975166,-150.00002,0,0
45.230145,-4.9975166,-150.00002,0,0
44.230145,-4.9975166,-150.00002,0,0
43.230145,-4.9975166,-150.00002,0,0
42.230145,-4.9975166,-150.00002,0,0
41.230145,-4.9975166,-150.00002,0,0
40.230145,-4.9975166,-150.00002,0,0
39.230145,-4.9975166,-150.00002,0,0
38.230145,-4.9975166,-150.00002,0,0
37.230145,-4.9975166,-150.00002,0,0
36.230145,-4.9975166,-150.00002,0,0
35.230145,-4.9975166,-150.00002,0,0
34.230145,-4.9975166,-150.00002,0,0
33.230145,-4.9975166,-150.00002,0,0
32.230145,-4.9975166,-150.00002,0,0
31.230145,-4.9975166,-150.00002,0,0
30.230145,-4.9975166,-150.00002,0,0
29.230145,-4.9975166,-150.00002,0,0
28.230145,-4.9975166,-150.00002,0,0
27.230145,-4.9975166,-150.00002,0,0
26.230145,-4.9975166,-150.00002,0,0
25.230145,-4.9975166,-150.00002,0,0
24.230145,-4.9975166,-150.00002,0,0
23.230145,-4.9975166,-150.00002,0,0
22.230145,-4.9975166,-150.00002,0,0
21.230145,-4.9975166,-150.00002,0,0
20.230145,-4.9975166,-150.00002,0,0
19.230145,-4.9975166,-150.00002,0,0
18.230145,-4.9975166,-150.00002,0,27.999996
17.230145,-4.9975166,-150.00002,0,147.99998
16.230145,-4.9975166,-150.00002,0.52059937,155.99998
15.2301445,-4.9975166,-150.00002,0.5606594,179.99998
14.2301445,-4.9975166,-150.00002,0.4951787,131.99998
13.2301445,-4.9975166,-150.00002,0.37285683,163.99998
12.2301445,-4.9975166,-150.00002,0.23855758,123.99999
11.2301445,-4.9975166,-150.00002,0.23404433,99.99999
10.2301445,-4.9975166,-150.00002,0.37827483,183.99998
9.2301445,-4.9975166,-150.00002,0.49033737,115.99999
8.2301445,-4.9975166,-150.00002,0.4850964,95.99999
7.2301445,-4.9975166,-150.00002,0.43093556,115.99999
6.2301445,-4.9975166,-150.00002,0.41116846,135.99998
5.2301445,-4.9975166,-150.00002,0.43870896,123.99999
4.2301445,-4.9975166,-150.00002,0.5078692,75.99999
3.2301445,-4.9975166,-150.00002,0.5956225,163.99998
2.2301445,-4.9975166,-150.00002,0.5945867,151.99998
1.2301445,-4.9975166,-150.00002,0.47956127,115.99999
0.2301445,-4.9975166,-150.00002,0.3366295,75.99999
-0.7698555,-4.9975166,-150.00002,0.2910232,95.99999
-1.7698555,-4.9975166,-150.00002,0.3419583,83.99999
-2.7698555,-4.9975166,-150.00002,0.43410355,143.99998
-3.7698555,-4.9975166,-150.00002,0.50658286,159.99998
-4.7698555,-4.9975166,-150.00002,0.45912662,123.99999
-5.7698555,-4.9975166,-150.00002,0.30493215,91.99999
-6.7698555,-4.9975166,-150.00002,0.121558316,75.99999
-7.7698555,-4.9975166,-150.00002,-0.018986259,63.999996
-8.7698555,-4.9975166,-150.00002,-0.011385344,91.99999
-9.7698555,-4.9975166,-150.00002,0.078019135,43.999996
-10.7698555,-4.9975166,-150.00002,0.14533193,51.999996
-11.7698555,-4.9975166,-150.00002,0.12758793,51.999996
-12.7698555,-4.9975166,-150.00002,0.12658861,75.99999
-13.7698555,-4.9975166,-150.00002,0.1877618,83.99999
-14.7698555,-4.9975166,-150.00002,0.301566,55.999996
-15.7698555,-4.9975166,-150.00002,0.45977545,87.99999
-16.769855,-4.9975166,-150.00002,0.5952188,175.99998
-17.769855,-4.9975166,-150.00002,0.6102868,175.99998
-18.769855,-4.9975166,-150.00002,0,155.99998
-19.769855,-4.9975166,-150.00002,0,15.999996
-20.769855,-4.9975166,-150.00002,0,0
-21.769855,-4.9975166,-150.00002,0,0
-22.769855,-4.9975166,-150.00002,0,0
-23.769855,-4.9975166,-150.00002,0,0
-24.769855,-4.9975166,-150.00002,0,0
-25.769855,-4.9975166,-150.00002,0,0
-26.769855,-4.9975166,-150.00002,0,0
-27.769855,-4.9975166,-150.00002,0,0
-28.769855,-4.9975166,-150.00002,0,0
-29.769855,-4.9975166,-150.00002,0,0
-30.769855,-4.9975166,-150.00002,0,0
-31.769855,-4.9975166,-150.00002,0,0
-32.769855,-4.9975166,-150.00002,0,0
-33.769855,-4.9975166,-150.00002,0,0
-34.769855,-4.9975166,-150.00002,0,0
-35.769855,-4.9975166,-150.00002,0,0
-36.769855,-4.9975166,-150.00002,0,0
-37.769855,-4.9975166,-150.00002,0,0
-38.769855,-4.9975166,-150.00002,0,0
-39.769855,-4.9975166,-150.00002,0,0
-40.769855,-4.9975166,-150.00002,0,0
-41.769855,-4.9975166,-150.00002,0,0
-42.769855,-4.9975166,-150.00002,0,0
-43.769855,-4.9975166,-150.00002,0,0
-44.769855,-4.9975166,-150.00002,0,0
-45.769855,-4.9975166,-150.00002,0,0
-46.769855,-4.9975166,-150.00002,0,0
-47.769855,-4.9975166,-150.00002,0,0
-48.769855,-4.9975166,-150.00002,0,0
-49.769855,-4.9975166,-150.00002,0,0
49.230145,-5.9975166,-150.00002,0,0
48.230145,-5.9975166,-150.00002,0,0
47.230145,-5.9975166,-150.00002,0,0
46.230145,-5.9975166,-150.00002,0,0
45.230145,-5.9975166,-150.00002,0,0
44.230145,-5.9975166,-150.00002,0,0
43.230145,-5.9975166,-150.00002,0,0
42.230145,-5.9975166,-150.00002,0,0
41.230145,-5.9975166,-150.00002,0,0
40.230145,-5.9975166,-150.00002,0,0
39.230145,-5.9975166,-150.00002,0,0
38.230145,-5.9975166,-150.00002,0,0
37.230145,-5.9975166,-150.00002,0,0
36.230145,-5.9975166,-150.00002,0,0
35.230145,-5.9975166,-150.00002,0,0
34.230145,-5.9975166,-150.00002,0,0
33.230145,-5.9975166,-150.00002,0,0
32.230145,-5.9975166,-150.00002,0,0
31.230145,-5.9975166,-150.00002,0,0
30.230145,-5.9975166,-150.00002,0,0
29.230145,-5.9975166,-150.00002,0,0
28.230145,-5.9975166,-150.00002,0,0
27.230145,-5.9975166,-150.00002,0,0
26.230145,-5.9975166,-150.00002,0,0
25.230145,-5.9975166,-150.00002,0,0
24.230145,-5.9975166,-150.00002,0,0
23.230145,-5.9975166,-150.00002,0,0
22.230145,-5.9975166,-150.00002,0,0
21.230145,-5.9975166,-150.00002,0,0
20.230145,-5.9975166,-150.00002,0,0
19.230145,-5.9975166,-150.00002,0,0
18.230145,-5.9975166,-150.00002,0,0
17.230145,-5.9975166,-150.00002,0,55.999996
16.230145,-5.9975166,-150.00002,0.4175458,151.99998
15.2301445,-5.9975166,-150.00002,0.46706402,111.99999
14.2301445,-5.9975166,-150.00002,0.3789017,135.99998
13.2301445,-5.9975166,-150.00002,0.23792401,75.99999
12.2301445,-5.9975166,-150.00002,0.15427853,99.99999
11.2301445,-5.9975166,-150.00002,0.16735703,51.999996
10.2301445,-5.9975166,-150.00002,0.3228854,115.99999
9.2301445,-5.9975166,-150.00002,0.45215458,103.99999
8.2301445,-5.9975166,-150.00002,0.47186512,111.99999
7.2301445,-5.9975166,-150.00002,0.46446526,83.99999
6.2301445,-5.9975166,-150.00002,0.42054376,127.99999
5.2301445,-5.9975166,-150.00002,0.39302528,75.99999
4.2301445,-5.9975166,-150.00002,0.46466488,95.99999
3.2301445,-5.9975166,-150.00002,0.56275916,83.99999
2.2301445,-5.9975166,-150.00002,0.60041404,95.99999
1.2301445,-5.9975166,-150.00002,0.49973747,63.999996
0.2301445,-5.9975166,-150.00002,0.4015838,43.999996
-0.7698555,-5.9975166,-150.00002,0.4122024,75.99999
-1.7698555,-5.9975166,-150.00002,0.46974194,91.99999
-2.7698555,-5.9975166,-150.00002,0.5179794,131.99998
-3.7698555,-5.9975166,-150.00002,0.50603807,107.99999
-4.7698555,-5.9975166,-150.00002,0.38404286,63.999996
-5.7698555,-5.9975166,-150.00002,0.26483437,75.99999
-6.7698555,-5.9975166,-150.00002,0.17497826,91.99999
-7.7698555,-5.9975166,-150.00002,0.090784654,107.99999
-8.7698555,-5.9975166,-150.00002,0.07545854,71.99999
-9.7698555,-5.9975166,-150.00002,0.1461289,87.99999
-10.7698555,-5.9975166,-150.00002,0.14893575,47.999996
-11.7698555,-5.9975166,-150.00002,0.08438076,55.999996
-12.7698555,-5.9975166,-150.00002,0.07038245,59.999996
-13.7698555,-5.9975166,-150.00002,0.185795,103.99999
-14.7698555,-5.9975166,-150.00002,0.3470128,99.99999
-15.7698555,-5.9975166,-150.00002,0.43992373,99.99999
-16.769855,-5.9975166,-150.00002,0.47995615,119.99999
-17.769855,-5.9975166,-150.00002,Infinity,179.99998
-18.769855,-5.9975166,-150.00002,0,71.99999
-19.769855,-5.9975166,-150.00002,0,0
-20.769855,-5.9975166,-150.00002,0,0
-21.769855,-5.9975166,-150.00002,0,0
-22.769855,-5.9975166,-150.00002,0,0
-23.769855,-5.9975166,-150.00002,0,0
-24.769855,-5.9975166,-150.00002,0,0
-25.769855,-5.9975166,-150.00002,0,0
-26.769855,-5.9975166,-150.00002,0,0
-27.769855,-5.9975166,-150.00002,0,0
-28.769855,-5.9975166,-150.00002,0,0
-29.769855,-5.9975166,-150.00002,0,0
-30.769855,-5.9975166,-150.00002,0,0
-31.769855,-5.9975166,-150.00002,0,0
-32.769855,-5.9975166,-150.00002,0,0
-33.769855,-5.9975166,-150.00002,0,0
-34.769855,-5.9975166,-150.00002,0,0
-35.769855,-5.9975166,-150.00002,0,0
-36.769855,-5.9975166,-150.00002,0,0
-37.769855,-5.9975166,-150.00002,0,0
-38.769855,-5.9975166,-150.00002,0,0
-39.769855,-5.9975166,-150.00002,0,0
-40.769855,-5.9975166,-150.00002,0,0
-41.769855,-5.9975166,-150.00002,0,0
-42.769855,-5.9975166,-150.00002,0,0
-43.769855,-5.9975166,-150.00002,0,0
-44.769855,-5.9975166,-150.00002,0,0
-45.769855,-5.9975166,-150.00002,0,0
-46.769855,-5.9975166,-150.00002,0,0
-47.769855,-5.9975166,-150.00002,0,0
-48.769855,-5.9975166,-150.00002,0,0
-49.769855,-5.9975166,-150.00002,0,0
49.230145,-6.9975166,-150.00002,0,0
48.230145,-6.9975166,-150.00002,0,0
47.230145,-6.9975166,-150.00002,0,0
46.230145,-6.9975166,-150.00002,0,0
45.230145,-6.9975166,-150.00002,0,0
44.230145,-6.9975166,-150.00002,0,0
43.230145,-6.9975166,-150.00002,0,0
42.230145,-6.9975166,-150.00002,0,0
41.230145,-6.9975166,-150.00002,0,0
40.230145,-6.9975166,-150.00002,0,0
39.230145,-6.9975166,-150.00002,0,0
38.230145,-6.9975166,-150.00002,0,0
37.230145,-6.9975166,-150.00002,0,0
36.230145,-6.9975166,-150.00002,0,0
35.230145,-6.9975166,-150.00002,0,0
34.230145,-6.9975166,-150.00002,0,0
33.230145,-6.9975166,-150.00002,0,0
32.230145,-6.9975166,-150.00002,0,0
31.230145,-6.9975166,-150.00002,0,0
30.230145,-6.9975166,-150.00002,0,0
29.230145,-6.9975166,-150.00002,0,0
28.230145,-6.9975166,-150.00002,0,0
27.230145,-6.9975166,-150.00002,0,0
26.230145,-6.9975166,-150.00002,0,0
25.230145,-6.9975166,-150.00002,0,0
24.230145,-6.9975166,-150.00002,0,0
23.230145,-6.9975166,-150.00002,0,0
22.230145,-6.9975166,-150.00002,0,0
21.230145,-6.9975166,-150.00002,0,0
20.230145,-6.9975166,-150.00002,0,0
19.230145,-6.9975166,-150.00002,0,0
18.230145,-6.9975166,-150.00002,0,0
17.230145,-6.9975166,-150.00002,0,15.999996
16.230145,-6.9975166,-150.00002,-Infinity,83.99999
15.2301445,-6.9975166,-150.00002,0.39351997,107.99999
14.2301445,-6.9975166,-150.00002,0.3278524,111.99999
13.2301445,-6.9975166,-150.00002,0.20571877,99.99999
12.2301445,-6.9975166,-150.00002,0.17603546,83.99999
11.2301445,-6.9975166,-150.00002,0.21400496,79.99999
10.2301445,-6.9975166,-150.00002,0.29598463,39.999996
9.2301445,-6.9975166,-150.00002,0.4032495,111.99999
8.2301445,-6.9975166,-150.00002,0.46170938,111.99999
7.2301445,-6.9975166,-150.00002,0.4653309,111.99999
6.2301445,-6.9975166,-150.00002,0.37924725,111.99999
5.2301445,-6.9975166,-150.00002,0.30121005,87.99999
4.2301445,-6.9975166,-150.00002,0.33599746,63.999996
3.2301445,-6.9975166,-150.00002,0.43378937,87.99999
2.2301445,-6.9975166,-150.00002,0.49600893,95.99999
1.2301445,-6.9975166,-150.00002,0.48634875,95.99999
0.2301445,-6.9975166,-150.00002,0.45499575,87.99999
-0.7698555,-6.9975166,-150.00002,0.4967061,75.99999
-1.7698555,-6.9975166,-150.00002,0.53927326,103.99999
-2.7698555,-6.9975166,-150.00002,0.53885955,155.99998
-3.7698555,-6.9975166,-150.00002,0.4539191,215.99998
-4.7698555,-6.9975166,-150.00002,0.32192448,95.99999
-5.7698555,-6.9975166,-150.00002,0.24447677,83.99999
-6.7698555,-6.9975166,-150.00002,0.24106681,103.99999
-7.7698555,-6.9975166,-150.00002,0.23925601,123.99999
-8.7698555,-6.9975166,-150.00002,0.2703685,83.99999
-9.7698555,-6.9975166,-150.00002,0.28407133,79.99999
-10.7698555,-6.9975166,-150.00002,0.22449687,59.999996
-11.7698555,-6.9975166,-150.00002,0.12826511,71.99999
-12.7698555,-6.9975166,-150.00002,0.13611332,87.99999
-13.7698555,-6.9975166,-150.00002,0.28713876,111.99999
-14.7698555,-6.9975166,-150.00002,0.4428364,167.99998
-15.7698555,-6.9975166,-150.00002,0.44322905,191.99998
-16.769855,-6.9975166,-150.00002,0.35504368,171.99998
-17.769855,-6.9975166,-150.00002,0,127.99999
-18.769855,-6.9975166,-150.00002,0,3.999999
-19.769855,-6.9975166,-150.00002,0,0
-20.769855,-6.9975166,-150.00002,0,0
-21.769855,-6.9975166,-150.00002,0,0
-22.769855,-6.9975166,-150.00002,0,0
-23.769855,-6.9975166,-150.00002,0,0
-24.769855,-6.9975166,-150.00002,0,0
-25.769855,-6.9975166,-150.00002,0,0
-26.769855,-6.9975166,-150.00002,0,0
-27.769855,-6.9975166,-150.00002,0,0
-28.769855,-6.9975166,-150.00002,0,0
-29.769855,-6.9975166,-150.00002,0,0
-30.769855,-6.9975166,-150.00002,0,0
-31.769855,-6.9975166,-150.00002,0,0
-32.769855,-6.9975166,-150.00002,0,0
-33.769855,-6.9975166,-150.00002,0,0
-34.769855,-6.9975166,-150.00002,0,0
-35.769855,-6.9975166,-150.00002,0,0
-36.769855,-6.9975166,-150.00002,0,0
-37.769855,-6.9975166,-150.00002,0,0
-38.769855,-6.9975166,-150.00002,0,0
-39.769855,-6.9975166,-150.00002,0,0
-40.769855,-6.9975166,-150.00002,0,0
-41.769855,-6.9975166,-150.00002,0,0
-42.769855,-6.9975166,-150.00002,0,0
-43.769855,-6.9975166,-150.00002,0,0
-44.769855,-6.9975166,-150.00002,0,0
-45.769855,-6.9975166,-150.00002,0,0
-46.769855,-6.9975166,-150.00002,0,0
-47.769855,-6.9975166,-150.00002,0,0
-48.769855,-6.9975166,-150.00002,0,0
-49.769855,-6.9975166,-150.00002,0,0
49.230145,-7.9975166,-150.00002,0,0
48.230145,-7.9975166,-150.00002,0,0
47.230145,-7.9975166,-150.00002,0,0
46.230145,-7.9975166,-150.00002,0,0
45.230145,-7.9975166,-150.00002,0,0
44.230145,-7.9975166,-150.00002,0,0
43.230145,-7.9975166,-150.00002,0,0
42.230145,-7.9975166,-150.00002,0,0
41.230145,-7.9975166,-150.00002,0,0
40.230145,-7.9975166,-150.00002,0,0
39.230145,-7.9975166,-150.00002,0,0
38.230145,-7.9975166,-150.00002,0,0
37.230145,-7.9975166,-150.00002,0,0
36.230145,-7.9975166,-150.00002,0,0
35.230145,-7.9975166,-150.00002,0,0
34.230145,-7.9975166,-150.00002,0,0
33.230145,-7.9975166,-150.00002,0,0
32.230145,-7.9975166,-150.00002,0,0
31.230145,-7.9975166,-150.00002,0,0
30.230145,-7.9975166,-150.00002,0,0
29.230145,-7.9975166,-150.00002,0,0
28.230145,-7.9975166,-150.00002,0,0
27.230145,-7.9975166,-150.00002,0,0
26.230145,-7.9975166,-150.00002,0,0
25.230145,-7.9975166,-150.00002,0,0
24.230145,-7.9975166,-150.00002,0,0
23.230145,-7.9975166,-150.00002,0,0
22.230145,-7.9975166,-150.00002,0,0
21.230145,-7.9975166,-150.00002,0,0
20.230145,-7.9975166,-150.00002,0,0
19.230145,-7.9975166,-150.00002,0,0
18.230145,-7.9975166,-150.00002,0,0
17.230145,-7.9975166,-150.00002,0,0
16.230145,-7.9975166,-150.00002,0,35.999996
15.2301445,-7.9975166,-150.00002,-Infinity,87.99999
14.2301445,-7.9975166,-150.00002,0.35905164,115.99999
13.2301445,-7.9975166,-150.00002,0.24156843,79.99999
12.2301445,-7.9975166,-150.00002,0.23060486,51.999996
11.2301445,-7.9975166,-150.00002,0.33691737,75.99999
10.2301445,-7.9975166,-150.00002,0.3954658,67.99999
9.2301445,-7.9975166,-150.00002,0.40455043,79.99999
8.2301445,-7.9975166,-150.00002,0.44199714,103.99999
7.2301445,-7.9975166,-150.00002,0.4248234,127.99999
6.2301445,-7.9975166,-150.00002,0.34599453,115.99999
5.2301445,-7.9975166,-150.00002,0.27851307,67.99999
4.2301445,-7.9975166,-150.00002,0.2937543,95.99999
3.2301445,-7.9975166,-150.00002,0.38131037,95.99999
2.2301445,-7.9975166,-150.00002,0.44138122,87.99999
1.2301445,-7.9975166,-150.00002,0.42182893,75.99999
0.2301445,-7.9975166,-150.00002,0.43537775,111.99999
-0.7698555,-7.9975166,-150.00002,0.50129235,127.99999
-1.7698555,-7.9975166,-150.00002,0.49718952,123.99999
-2.7698555,-7.9975166,-150.00002,0.4488842,143.99998
-3.7698555,-7.9975166,-150.00002,0.3834674,175.99998
-4.7698555,-7.9975166,-150.00002,0.32376623,99.99999
-5.7698555,-7.9975166,-150.00002,0.28810623,131.99998
-6.7698555,-7.9975166,-150.00002,0.2733855,83.99999
-7.7698555,-7.9975166,-150.00002,0.34487763,115.99999
-8.7698555,-7.9975166,-150.00002,0.4235558,107.99999
-9.7698555,-7.9975166,-150.00002,0.44720036,163.99998
-10.7698555,-7.9975166,-150.00002,0.3867731,91.99999
-11.7698555,-7.9975166,-150.00002,0.27516252,99.99999
-12.7698555,-7.9975166,-150.00002,0.28483933,111.99999
-13.7698555,-7.9975166,-150.00002,0.40097168,103.99999
-14.7698555,-7.9975166,-150.00002,0.47458053,147.99998
-15.7698555,-7.9975166,-150.00002,0.4641646,183.99998
-16.769855,-7.9975166,-150.00002,0,151.99998
-17.769855,-7.9975166,-150.00002,0,15.999996
-18.769855,-7.9975166,-150.00002,0,0
-19.769855,-7.9975166,-150.00002,0,0
-20.769855,-7.9975166,-150.00002,0,0
-21.769855,-7.9975166,-150.00002,0,0
-22.769855,-7.9975166,-150.00002,0,0
-23.769855,-7.9975166,-150.00002,0,0
-24.769855,-7.9975166,-150.00002,0,0
-25.769855,-7.9975166,-150.00002,0,0
-26.769855,-7.9975166,-150.00002,0,0
-27.769855,-7.9975166,-150.00002,0,0
-28.769855,-7.9975166,-150.00002,0,0
-29.769855,-7.9975166,-150.00002,0,0
-30.769855,-7.9975166,-150.00002,0,0
-31.769855,-7.9975166,-150.00002,0,0
-32.769855,-7.9975166,-150.00002,0,0
-33.769855,-7.9975166,-150.00002,0,0
-34.769855,-7.9975166,-150.00002,0,0
-35.769855,-7.9975166,-150.00002,0,0
-36.769855,-7.9975166,-150.00002,0,0
-37.769855,-7.9975166,-150.00002,0,0
-38.769855,-7.9975166,-150.00002,0,0
-39.769855,-7.9975166,-150.00002,0,0
-40.769855,-7.9975166,-150.00002,0,0
-41.769855,-7.9975166,-150.00002,0,0
-42.769855,-7.9975166,-150.00002,0,0
-43.769855,-7.9975166,-150.00002,0,0
-44.769855,-7.9975166,-150.00002,0,0
-45.769855,-7.9975166,-150.00002,0,0
-46.769855,-7.9975166,-150.00002,0,0
-47.769855,-7.9975166,-150.00002,0,0
-48.769855,-7.9975166,-150.00002,0,0
-49.769855,-7.9975166,-150.00002,0,0
49.230145,-8.997517,-150.00002,0,0
48.230145,-8.997517,-150.00002,0,0
47.230145,-8.997517,-150.00002,0,0
46.230145,-8.997517,-150.00002,0,0
45.230145,-8.997517,-150.00002,0,0
44.230145,-8.997517,-150.00002,0,0
43.230145,-8.997517,-150.00002,0,0
42.230145,-8.997517,-150.00002,0,0
41.230145,-8.997517,-150.00002,0,0
40.230145,-8.997517,-150.00002,0,0
39.230145,-8.997517,-150.00002,0,0
38.230145,-8.997517,-150.00002,0,0
37.230145,-8.997517,-150.00002,0,0
36.230145,-8.997517,-150.00002,0,0
35.230145,-8.997517,-150.00002,0,0
34.230145,-8.997517,-150.00002,0,0
33.230145,-8.997517,-150.00002,0,0
32.230145,-8.997517,-150.00002,0,0
31.230145,-8.997517,-150.00002,0,0
30.230145,-8.997517,-150.00002,0,0
29.230145,-8.997517,-150.00002,0,0
28.230145,-8.997517,-150.00002,0,0
27.230145,-8.997517,-150.00002,0,0
26.230145,-8.997517,-150.00002,0,0
25.230145,-8.997517,-150.00002,0,0
24.230145,-8.997517,-150.00002,0,0
23.230145,-8.997517,-150.00002,0,0
22.230145,-8.997517,-150.00002,0,0
21.230145,-8.997517,-150.00002,0,0
20.230145,-8.997517,-150.00002,0,0
19.230145,-8.997517,-150.00002,0,0
18.230145,-8.997517,-150.00002,0,0
17.230145,-8.997517,-150.00002,0,0
16.230145,-8.997517,-150.00002,0,0
15.2301445,-8.997517,-150.00002,0,111.99999
14.2301445,-8.997517,-150.00002,0.39195347,123.99999
13.2301445,-8.997517,-150.00002,0.2846559,95.99999
12.2301445,-8.997517,-150.00002,0.29192123,91.99999
11.2301445,-8.997517,-150.00002,0.41370857,87.99999
10.2301445,-8.997517,-150.00002,0.4761234,91.99999
9.2301445,-8.997517,-150.00002,0.41979998,107.99999
8.2301445,-8.997517,-150.00002,0.38869163,111.99999
7.2301445,-8.997517,-150.00002,0.3575514,119.99999
6.2301445,-8.997517,-150.00002,0.311987,103.99999
5.2301445,-8.997517,-150.00002,0.33523986,79.99999
4.2301445,-8.997517,-150.00002,0.39443964,107.99999
3.2301445,-8.997517,-150.00002,0.4551778,87.99999
2.2301445,-8.997517,-150.00002,0.4609742,127.99999
1.2301445,-8.997517,-150.00002,0.39929652,67.99999
0.2301445,-8.997517,-150.00002,0.41361016,95.99999
-0.7698555,-8.997517,-150.00002,0.46341544,107.99999
-1.7698555,-8.997517,-150.00002,0.41751313,163.99998
-2.7698555,-8.997517,-150.00002,0.31581682,75.99999
-3.7698555,-8.997517,-150.00002,0.30558178,91.99999
-4.7698555,-8.997517,-150.00002,0.3970887,183.99998
-5.7698555,-8.997517,-150.00002,0.42884487,139.99998
-6.7698555,-8.997517,-150.00002,0.39499056,95.99999
-7.7698555,-8.997517,-150.00002,0.40220574,111.99999
-8.7698555,-8.997517,-150.00002,0.47124338,151.99998
-9.7698555,-8.997517,-150.00002,0.49566078,83.99999
-10.7698555,-8.997517,-150.00002,0.4221965,147.99998
-11.7698555,-8.997517,-150.00002,0.28517613,79.99999
-12.7698555,-8.997517,-150.00002,0.3026448,95.99999
-13.7698555,-8.997517,-150.00002,0.4474829,155.99998
-14.7698555,-8.997517,-150.00002,0.5251079,119.99999
-15.7698555,-8.997517,-150.00002,0,139.99998
-16.769855,-8.997517,-150.00002,0,31.999996
-17.769855,-8.997517,-150.00002,0,0
-18.769855,-8.997517,-150.00002,0,0
-19.769855,-8.997517,-150.00002,0,0
-20.769855,-8.997517,-150.00002,0,0
-21.769855,-8.997517,-150.00002,0,0
-22.769855,-8.997517,-150.00002,0,0
-23.769855,-8.997517,-150.00002,0,0
-24.769855,-8.997517,-150.00002,0,0
-25.769855,-8.997517,-150.00002,0,0
-26.769855,-8.997517,-150.00002,0,0
-27.769855,-8.997517,-150.00002,0,0
-28.769855,-8.997517,-150.00002,0,0
-29.769855,-8.997517,-150.00002,0,0
-30.769855,-8.997517,-150.00002,0,0
-31.769855,-8.997517,-150.00002,0,0
-32.769855,-8.997517,-150.00002,0,0
-33.769855,-8.997517,-150.00002,0,0
-34.769855,-8.997517,-150.00002,0,0
-35.769855,-8.997517,-150.00002,0,0
-36.769855,-8.997517,-150.00002,0,0
-37.769855,-8.997517,-150.00002,0,0
-38.769855,-8.997517,-150.00002,0,0
-39.769855,-8.997517,-150.00002,0,0
-40.769855,-8.997517,-150.00002,0,0
-41.769855,-8.997517,-150.00002,0,0
-42.769855,-8.997517,-150.00002,0,0
-43.769855,-8.997517,-150.00002,0,0
-44.769855,-8.997517,-150.00002,0,0
-45.769855,-8.997517,-150.00002,0,0
-46.769855,-8.997517,-150.00002,0,0
-47.769855,-8.997517,-150.00002,0,0
-48.769855,-8.997517,-150.00002,0,0
-49.769855,-8.997517,-150.00002,0,0
49.230145,-9.997517,-150.00002,0,0
48.230145,-9.997517,-150.00002,0,0
47.230145,-9.997517,-150.00002,0,0
46.230145,-9.997517,-150.00002,0,0
45.230145,-9.997517,-150.00002,0,0
44.230145,-9.997517,-150.00002,0,0
43.230145,-9.997517,-150.00002,0,0
42.230145,-9.997517,-150.00002,0,0
41.230145,-9.997517,-150.00002,0,0
40.230145,-9.997517,-150.00002,0,0
39.230145,-9.997517,-150.00002,0,0
38.230145,-9.997517,-150.00002,0,0
37.230145,-9.997517,-150.00002,0,0
36.230145,-9.997517,-150.00002,0,0
35.230145,-9.997517,-150.00002,0,0
34.230145,-9.997517,-150.00002,0,0
33.230145,-9.997517,-150.00002,0,0
32.230145,-9.997517,-150.00002,0,0
31.230145,-9.997517,-150.00002,0,0
30.230145,-9.997517,-150.00002,0,0
29.230145,-9.997517,-150.00002,0,0
28.230145,-9.997517,-150.00002,0,0
27.230145,-9.997517,-150.00002,0,0
26.230145,-9.997517,-150.00002,0,0
25.230145,-9.997517,-150.00002,0,0
24.230145,-9.997517,-150.00002,0,0
23.230145,-9.997517,-150.00002,0,0
22.230145,-9.997517,-150.00002,0,0
21.230145,-9.997517,-150.00002,0,0
20.230145,-9.997517,-150.00002,0,0
19.230145,-9.997517,-150.00002,0,0
18.230145,-9.997517,-150.00002,0,0
17.230145,-9.997517,-150.00002,0,0
16.230145,-9.997517,-150.00002,0,0
15.2301445,-9.997517,-150.00002,0,35.999996
14.2301445,-9.997517,-150.00002,0,135.99998
13.2301445,-9.997517,-150.00002,0.37330267,79.99999
12.2301445,-9.997517,-150.00002,0.41743767,67.99999
11.2301445,-9.997517,-150.00002,0.5023635,111.99999
10.2301445,-9.997517,-150.00002,0.5269028,183.99998
9.2301445,-9.997517,-150.00002,0.4559242,139.99998
8.2301445,-9.997517,-150.00002,0.39655298,83.99999
7.2301445,-9.997517,-150.00002,0.35698336,127.99999
6.2301445,-9.997517,-150.00002,0.32149154,67.99999
5.2301445,-9.997517,-150.00002,0.3853985,67.99999
4.2301445,-9.997517,-150.00002,0.4878406,111.99999
3.2301445,-9.997517,-150.00002,0.5258504,135.99998
2.2301445,-9.997517,-150.00002,0.5014697,131.99998
1.2301445,-9.997517,-150.00002,0.45823872,163.99998
0.2301445,-9.997517,-150.00002,0.45214933,99.99999
-0.7698555,-9.997517,-150.00002,0.46787387,187.99998
-1.7698555,-9.997517,-150.00002,0.38240594,131.99998
-2.7698555,-9.997517,-150.00002,0.30926982,115.99999
-3.7698555,-9.997517,-150.00002,0.33833396,111.99999
-4.7698555,-9.997517,-150.00002,0.48656508,151.99998
-5.7698555,-9.997517,-150.00002,0.5853206,167.99998
-6.7698555,-9.997517,-150.00002,0.5653331,131.99998
-7.7698555,-9.997517,-150.00002,0.5231784,127.99999
-8.7698555,-9.997517,-150.00002,0.533717,119.99999
-9.7698555,-9.997517,-150.00002,0.50006473,147.99998
-10.7698555,-9.997517,-150.00002,0.31936204,79.99999
-11.7698555,-9.997517,-150.00002,0.17918172,107.99999
-12.7698555,-9.997517,-150.00002,0.25476873,107.99999
-13.7698555,-9.997517,-150.00002,0.457545,207.99998
-14.7698555,-9.997517,-150.00002,0,151.99998
-15.7698555,-9.997517,-150.00002,0,55.999996
-16.769855,-9.997517,-150.00002,0,0
-17.769855,-9.997517,-150.00002,0,0
-18.769855,-9.997517,-150.00002,0,0
-19.769855,-9.997517,-150.00002,0,0
-20.769855,-9.997517,-150.00002,0,0
-21.769855,-9.997517,-150.00002,0,0
-22.769855,-9.997517,-150.00002,0,0
-23.769855,-9.997517,-150.00002,0,0
-24.769855,-9.997517,-150.00002,0,0
-25.769855,-9.997517,-150.00002,0,0
-26.769855,-9.997517,-150.00002,0,0
-27.769855,-9.997517,-150.00002,0,0
-28.769855,-9.997517,-150.00002,0,0
-29.769855,-9.997517,-150.00002,0,0
-30.769855,-9.997517,-150.00002,0,0
-31.769855,-9.997517,-150.00002,0,0
-32.769855,-9.997517,-150.00002,0,0
-33.769855,-9.997517,-150.00002,0,0
-34.769855,-9.997517,-150.00002,0,0
-35.769855,-9.997517,-150.00002,0,0
-36.769855,-9.997517,-150.00002,0,0
-37.769855,-9.997517,-150.00002,0,0
-38.769855,-9.997517,-150.00002,0,0
-39.769855,-9.997517,-150.00002,0,0
-40.769855,-9.997517,-150.00002,0,0
-41.769855,-9.997517,-150.00002,0,0
-42.769855,-9.997517,-150.00002,0,0
-43.769855,-9.997517,-150.00002,0,0
-44.769855,-9.997517,-150.00002,0,0
-45.769855,-9.997517,-150.00002,0,0
-46.769855,-9.997517,-150.00002,0,0
-47.769855,-9.997517,-150.00002,0,0
-48.769855,-9.997517,-150.00002,0,0
-49.769855,-9.997517,-150.00002,0,0
49.230145,-10.997517,-150.00002,0,0
48.230145,-10.997517,-150.00002,0,0
47.230145,-10.997517,-150.00002,0,0
46.230145,-10.997517,-150.00002,0,0
45.230145,-10.997517,-150.00002,0,0
44.230145,-10.997517,-150.00002,0,0
43.230145,-10.997517,-150.00002,0,0
42.230145,-10.997517,-150.00002,0,0
41.230145,-10.997517,-150.00002,0,0
40.230145,-10.997517,-150.00002,0,0
39.230145,-10.997517,-150.00002,0,0
38.230145,-10.997517,-150.00002,0,0
37.230145,-10.997517,-150.00002,0,0
36.230145,-10.997517,-150.00002,0,0
35.230145,-10.997517,-150.00002,0,0
34.230145,-10.997517,-150.00002,0,0
33.230145,-10.997517,-150.00002,0,0
32.230145,-10.997517,-150.00002,0,0
31.230145,-10.997517,-150.00002,0,0
30.230145,-10.997517,-150.00002,0,0
29.230145,-10.997517,-150.00002,0,0
28.230145,-10.997517,-150.00002,0,0
27.230145,-10.997517,-150.00002,0,0
26.230145,-10.997517,-150.00002,0,0
25.230145,-10.997517,-150.00002,0,0
24.230145,-10.997517,-150.00002,0,0
23.230145,-10.997517,-150.00002,0,0
22.230145,-10.997517,-150.00002,0,0
21.230145,-10.997517,-150.00002,0,0
20.230145,-10.997517,-150.00002,0,0
19.230145,-10.997517,-150.00002,0,0
18.230145,-10.997517,-150.00002,0,0
17.230145,-10.997517,-150.00002,0,0
16.230145,-10.997517,-150.00002,0,0
15.2301445,-10.997517,-150.00002,0,0
14.2301445,-10.997517,-150.00002,0,27.999996
13.2301445,-10.997517,-150.00002,Infinity,135.99998
12.2301445,-10.997517,-150.00002,0.58879817,191.99998
11.2301445,-10.997517,-150.00002,0.6370084,163.99998
10.2301445,-10.997517,-150.00002,0.62812936,163.99998
9.2301445,-10.997517,-150.00002,0.5769952,167.99998
8.2301445,-10.997517,-150.00002,0.5411788,147.99998
7.2301445,-10.997517,-150.00002,0.4824955,119.99999
6.2301445,-10.997517,-150.00002,0.40112984,99.99999
5.2301445,-10.997517,-150.00002,0.40862405,87.99999
4.2301445,-10.997517,-150.00002,0.45189023,115.99999
3.2301445,-10.997517,-150.00002,0.4490101,87.99999
2.2301445,-10.997517,-150.00002,0.43536177,139.99998
1.2301445,-10.997517,-150.00002,0.42726335,143.99998
0.2301445,-10.997517,-150.00002,0.46608835,147.99998
-0.7698555,-10.997517,-150.00002,0.45674112,143.99998
-1.7698555,-10.997517,-150.00002,0.37535286,139.99998
-2.7698555,-10.997517,-150.00002,0.35182136,151.99998
-3.7698555,-10.997517,-150.00002,0.40917706,199.99998
-4.7698555,-10.997517,-150.00002,0.5002675,147.99998
-5.7698555,-10.997517,-150.00002,0.61365104,183.99998
-6.7698555,-10.997517,-150.00002,0.6599006,187.99998
-7.7698555,-10.997517,-150.00002,0.63003135,207.99998
-8.7698555,-10.997517,-150.00002,0.5646246,179.99998
-9.7698555,-10.997517,-150.00002,0.4271661,123.99999
-10.7698555,-10.997517,-150.00002,0.22925282,95.99999
-11.7698555,-10.997517,-150.00002,0.11445965,123.99999
-12.7698555,-10.997517,-150.00002,0.15553568,155.99998
-13.7698555,-10.997517,-150.00002,0,175.99998
-14.7698555,-10.997517,-150.00002,0,47.999996
-15.7698555,-10.997517,-150.00002,0,0
-16.769855,-10.997517,-150.00002,0,0
-17.769855,-10.997517,-150.00002,0,0
-18.769855,-10.997517,-150.00002,0,0
-19.769855,-10.997517,-150.00002,0,0
-20.769855,-10.997517,-150.00002,0,0
-21.769855,-10.997517,-150.00002,0,0
-22.769855,-10.997517,-150.00002,0,0
-23.769855,-10.997517,-150.00002,0,0
-24.769855,-10.997517,-150.00002,0,0
-25.769855,-10.997517,-150.00002,0,0
-26.769855,-10.997517,-150.00002,0,0
-27.769855,-10.997517,-150.00002,0,0
-28.769855,-10.997517,-150.00002,0,0
-29.769855,-10.997517,-150.00002,0,0
-30.769855,-10.997517,-150.00002,0,0
-31.769855,-10.997517,-150.00002,0,0
-32.769855,-10.997517,-150.00002,0,0
-33.769855,-10.997517,-150.00002,0,0
-34.769855,-10.997517,-150.00002,0,0
-35.769855,-10.997517,-150.00002,0,0
-36.769855,-10.997517,-150.00002,0,0
-37.769855,-10.997517,-150.00002,0,0
-38.769855,-10.997517,-150.00002,0,0
-39.769855,-10.997517,-150.00002,0,0
-40.769855,-10.997517,-150.00002,0,0
-41.769855,-10.997517,-150.00002,0,0
-42.769855,-10.997517,-150.00002,0,0
-43.769855,-10.997517,-150.00002,0,0
-44.769855,-10.997517,-150.00002,0,0
-45.769855,-10.997517,-150.00002,0,0
-46.769855,-10.997517,-150.00002,0,0
-47.769855,-10.997517,-150.00002,0,0
-48.769855,-10.997517,-150.00002,0,0
-49.769855,-10.997517,-150.00002,0,0
49.230145,-11.997517,-150.00002,0,0
48.230145,-11.997517,-150.00002,0,0
47.230145,-11.997517,-150.00002,0,0
46.230145,-11.997517,-150.00002,0,0
45.230145,-11.997517,-150.00002,0,0
44.230145,-11.997517,-150.00002,0,0
43.230145,-11.997517,-150.00002,0,0
42.230145,-11.997517,-150.00002,0,0
41.230145,-11.997517,-150.00002,0,0
40.230145,-11.997517,-150.00002,0,0
39.230145,-11.997517,-150.00002,0,0
38.230145,-11.997517,-150.00002,0,0
37.230145,-11.997517,-150.00002,0,0
36.230145,-11.997517,-150.00002,0,0
35.230145,-11.997517,-150.00002,0,0
34.230145,-11.997517,-150.00002,0,0
33.230145,-11.997517,-150.00002,0,0
32.230145,-11.997517,-150.00002,0,0
31.230145,-11.997517,-150.00002,0,0
30.230145,-11.997517,-150.00002,0,0
29.230145,-11.997517,-150.00002,0,0
28.230145,-11.997517,-150.00002,0,0
27.230145,-11.997517,-150.00002,0,0
26.230145,-11.997517,-150.00002,0,0
25.230145,-11.997517,-150.00002,0,0
24.230145,-11.997517,-150.00002,0,0
23.230145,-11.997517,-150.00002,0,0
22.230145,-11.997517,-150.00002,0,0
21.230145,-11.997517,-150.00002,0,0
20.230145,-11.997517,-150.00002,0,0
19.230145,-11.997517,-150.00002,0,0
18.230145,-11.997517,-150.00002,0,0
17.230145,-11.997517,-150.00002,0,0
16.230145,-11.997517,-150.00002,0,0
15.2301445,-11.997517,-150.00002,0,0
14.2301445,-11.997517,-150.00002,0,3.999999
13.2301445,-11.997517,-150.00002,0,75.99999
12.2301445,-11.997517,-150.00002,-Infinity,167.99998
11.2301445,-11.997517,-150.00002,0.634426,167.99998
10.2301445,-11.997517,-150.00002,0.60764724,207.99998
9.2301445,-11.997517,-150.00002,0.5969165,131.99998
8.2301445,-11.997517,-150.00002,0.6362502,191.99998
7.2301445,-11.997517,-150.00002,0.5897919,127.99999
6.2301445,-11.997517,-150.00002,0.4937526,127.99999
5.2301445,-11.997517,-150.00002,0.4713279,95.99999
4.2301445,-11.997517,-150.00002,0.45606014,95.99999
3.2301445,-11.997517,-150.00002,0.4141394,87.99999
2.2301445,-11.997517,-150.00002,0.3637507,131.99998
1.2301445,-11.997517,-150.00002,0.33720925,111.99999
0.2301445,-11.997517,-150.00002,0.36918664,115.99999
-0.7698555,-11.997517,-150.00002,0.40481195,115.99999
-1.7698555,-11.997517,-150.00002,0.3580397,79.99999
-2.7698555,-11.997517,-150.00002,0.38209635,167.99998
-3.7698555,-11.997517,-150.00002,0.42486334,155.99998
-4.7698555,-11.997517,-150.00002,0.4359063,143.99998
-5.7698555,-11.997517,-150.00002,0.50807524,163.99998
-6.7698555,-11.997517,-150.00002,0.6096365,215.99998
-7.7698555,-11.997517,-150.00002,0.5923078,211.99998
-8.7698555,-11.997517,-150.00002,0.46739566,131.99998
-9.7698555,-11.997517,-150.00002,0.32862765,119.99999
-10.7698555,-11.997517,-150.00002,0.18655485,115.99999
-11.7698555,-11.997517,-150.00002,0,123.99999
-12.7698555,-11.997517,-150.00002,0,67.99999
-13.7698555,-11.997517,-150.00002,0,3.999999
-14.7698555,-11.997517,-150.00002,0,0
-15.7698555,-11.997517,-150.00002,0,0
-16.769855,-11.997517,-150.00002,0,0
-17.769855,-11.997517,-150.00002,0,0
-18.769855,-11.997517,-150.00002,0,0
-19.769855,-11.997517,-150.00002,0,0
-20.769855,-11.997517,-150.00002,0,0
-21.769855,-11.997517,-150.00002,0,0
-22.769855,-11.997517,-150.00002,0,0
-23.769855,-11.997517,-150.00002,0,0
-24.769855,-11.997517,-150.00002,0,0
-25.769855,-11.997517,-150.00002,0,0
-26.769855,-11.997517,-150.00002,0,0
-27.769855,-11.997517,-150.00002,0,0
-28.769855,-11.997517,-150.00002,0,0
-29.769855,-11.997517,-150.00002,0,0
-30.769855,-11.997517,-150.00002,0,0
-31.769855,-11.997517,-150.00002,0,0
-32.769855,-11.997517,-150.00002,0,0
-33.769855,-11.997517,-150.00002,0,0
-34.769855,-11.997517,-150.00002,0,0
-35.769855,-11.997517,-150.00002,0,0
-36.769855,-11.997517,-150.00002,0,0
-37.769855,-11.997517,-150.00002,0,0
-38.769855,-11.997517,-150.00002,0,0
-39.769855,-11.997517,-150.00002,0,0
-40.769855,-11.997517,-150.00002,0,0
-41.769855,-11.997517,-150.00002,0,0
-42.769855,-11.997517,-150.00002,0,0
-43.769855,-11.997517,-150.00002,0,0
-44.769855,-11.997517,-150.00002,0,0
-45.769855,-11.997517,-150.00002,0,0
-46.769855,-11.997517,-150.00002,0,0
-47.769855,-11.997517,-150.00002,0,0
-48.769855,-11.997517,-150.00002,0,0
-49.769855,-11.997517,-150.00002,0,0
49.230145,-12.997517,-150.00002,0,0
48.230145,-12.997517,-150.00002,0,0
47.230145,-12.997517,-150.00002,0,0
46.230145,-12.997517,-150.00002,0,0
45.230145,-12.997517,-150.00002,0,0
44.230145,-12.997517,-150.00002,0,0
43.230145,-12.997517,-150.00002,0,0
42.230145,-12.997517,-150.00002,0,0
41.230145,-12.997517,-150.00002,0,0
40.230145,-12.997517,-150.00002,0,0
39.230145,-12.997517,-150.00002,0,0
38.230145,-12.997517,-150.00002,0,0
37.230145,-12.997517,-150.00002,0,0
36.230145,-12.997517,-150.00002,0,0
35.230145,-12.997517,-150.00002,0,0
34.230145,-12.997517,-150.00002,0,0
33.230145,-12.997517,-150.00002,0,0
32.230145,-12.997517,-150.00002,0,0
31.230145,-12.997517,-150.00002,0,0
30.230145,-12.997517,-150.00002,0,0
29.230145,-12.997517,-150.00002,0,0
28.230145,-12.997517,-150.00002,0,0
27.230145,-12.997517,-150.00002,0,0
26.230145,-12.997517,-150.00002,0,0
25.230145,-12.997517,-150.00002,0,0
24.230145,-12.997517,-150.00002,0,0
23.230145,-12.997517,-150.00002,0,0
22.230145,-12.997517,-150.00002,0,0
21.230145,-12.997517,-150.00002,0,0
20.230145,-12.997517,-150.00002,0,0
19.230145,-12.997517,-150.00002,0,0
18.230145,-12.997517,-150.00002,0,0
17.230145,-12.997517,-150.00002,0,0
16.230145,-12.997517,-150.00002,0,0
15.2301445,-12.997517,-150.00002,0,0
14.2301445,-12.997517,-150.00002,0,0
13.2301445,-12.997517,-150.00002,0,0
12.2301445,-12.997517,-150.00002,0,35.999996
11.2301445,-12.997517,-150.00002,0,107.99999
10.2301445,-12.997517,-150.00002,Infinity,111.99999
9.2301445,-12.997517,-150.00002,0.43771327,107.99999
8.2301445,-12.997517,-150.00002,0.5583555,147.99998
7.2301445,-12.997517,-150.00002,0.58207154,191.99998
6.2301445,-12.997517,-150.00002,0.54069513,99.99999
5.2301445,-12.997517,-150.00002,0.5591173,135.99998
4.2301445,-12.997517,-150.00002,0.53368795,91.99999
3.2301445,-12.997517,-150.00002,0.47405905,91.99999
2.2301445,-12.997517,-150.00002,0.4388179,135.99998
1.2301445,-12.997517,-150.00002,0.3692383,111.99999
0.2301445,-12.997517,-150.00002,0.3444007,131.99998
-0.7698555,-12.997517,-150.00002,0.37668836,111.99999
-1.7698555,-12.997517,-150.00002,0.4009321,143.99998
-2.7698555,-12.997517,-150.00002,0.42452264,127.99999
-3.7698555,-12.997517,-150.00002,0.4142389,167.99998
-4.7698555,-12.997517,-150.00002,0.31908298,143.99998
-5.7698555,-12.997517,-150.00002,0.33759463,107.99999
-6.7698555,-12.997517,-150.00002,0.4963092,147.99998
-7.7698555,-12.997517,-150.00002,0.5257633,155.99998
-8.7698555,-12.997517,-150.00002,0.432969,115.99999
-9.7698555,-12.997517,-150.00002,0.37801963,135.99998
-10.7698555,-12.997517,-150.00002,0,123.99999
-11.7698555,-12.997517,-150.00002,0,35.999996
-12.7698555,-12.997517,-150.00002,0,0
-13.7698555,-12.997517,-150.00002,0,0
-14.7698555,-12.997517,-150.00002,0,0
-15.7698555,-12.997517,-150.00002,0,0
-16.769855,-12.997517,-150.00002,0,0
-17.769855,-12.997517,-150.00002,0,0
-18.769855,-12.997517,-150.00002,0,0
-19.769855,-12.997517,-150.00002,0,0
-20.769855,-12.997517,-150.00002,0,0
-21.769855,-12.997517,-150.00002,0,0
-22.769855,-12.997517,-150.00002,0,0
-23.769855,-12.997517,-150.00002,0,0
-24.769855,-12.997517,-150.00002,0,0
-25.769855,-12.997517,-150.00002,0,0
-26.769855,-12.997517,-150.00002,0,0
-27.769855,-12.997517,-150.00002,0,0
-28.769855,-12.997517,-150.00002,0,0
-29.769855,-12.997517,-150.00002,0,0
-30.769855,-12.997517,-150.00002,0,0
-31.769855,-12.997517,-150.00002,0,0
-32.769855,-12.997517,-150.00002,0,0
-33.769855,-12.997517,-150.00002,0,0
-34.769855,-12.997517,-150.00002,0,0
-35.769855,-12.997517,-150.00002,0,0
-36.769855,-12.997517,-150.00002,0,0
-37.769855,-12.997517,-150.00002,0,0
-38.769855,-12.997517,-150.00002,0,0
-39.769855,-12.997517,-150.00002,0,0
-40.769855,-12.997517,-150.00002,0,0
-41.769855,-12.997517,-150.00002,0,0
-42.769855,-12.997517,-150.00002,0,0
-43.769855,-12.997517,-150.00002,0,0
-44.769855,-12.997517,-150.00002,0,0
-45.769855,-12.997517,-150.00002,0,0
-46.769855,-12.997517,-150.00002,0,0
-47.769855,-12.997517,-150.00002,0,0
-48.769855,-12.997517,-150.00002,0,0
-49.769855,-12.997517,-150.00002,0,0
49.230145,-13.997517,-150.00002,0,0
48.230145,-13.997517,-150.00002,0,0
47.230145,-13.997517,-150.00002,0,0
46.230145,-13.997517,-150.00002,0,0
45.230145,-13.997517,-150.00002,0,0
44.230145,-13.997517,-150.00002,0,0
43.230145,-13.997517,-150.00002,0,0
42.230145,-13.997517,-150.00002,0,0
41.230145,-13.997517,-150.00002,0,0
40.230145,-13.997517,-150.00002,0,0
39.230145,-13.997517,-150.00002,0,0
38.230145,-13.997517,-150.00002,0,0
37.230145,-13.997517,-150.00002,0,0
36.230145,-13.997517,-150.00002,0,0
35.230145,-13.997517,-150.00002,0,0
34.230145,-13.997517,-150.00002,0,0
33.230145,-13.997517,-150.00002,0,0
32.230145,-13.997517,-150.00002,0,0
31.230145,-13.997517,-150.00002,0,0
30.230145,-13.997517,-150.00002,0,0
29.230145,-13.997517,-150.00002,0,0
28.230145,-13.997517,-150.00002,0,0
27.230145,-13.997517,-150.00002,0,0
26.230145,-13.997517,-150.00002,0,0
25.230145,-13.997517,-150.00002,0,0
24.230145,-13.997517,-150.00002,0,0
23.230145,-13.997517,-150.00002,0,0
22.230145,-13.997517,-150.00002,0,0
21.230145,-13.997517,-150.00002,0,0
20.230145,-13.997517,-150.00002,0,0
19.230145,-13.997517,-150.00002,0,0
18.230145,-13.997517,-150.00002,0,0
17.230145,-13.997517,-150.00002,0,0
16.230145,-13.997517,-150.00002,0,0
15.2301445,-13.997517,-150.00002,0,0
14.2301445,-13.997517,-150.00002,0,0
13.2301445,-13.997517,-150.00002,0,0
12.2301445,-13.997517,-150.00002,0,0
11.2301445,-13.997517,-150.00002,0,19.999996
10.2301445,-13.997517,-150.00002,0,51.999996
9.2301445,-13.997517,-150.00002,0,107.99999
8.2301445,-13.997517,-150.00002,0.45805103,111.99999
7.2301445,-13.997517,-150.00002,0.4924978,139.99998
6.2301445,-13.997517,-150.00002,0.5537544,147.99998
5.2301445,-13.997517,-150.00002,0.6071553,87.99999
4.2301445,-13.997517,-150.00002,0.5957107,91.99999
3.2301445,-13.997517,-150.00002,0.57040584,87.99999
2.2301445,-13.997517,-150.00002,0.54100204,127.99999
1.2301445,-13.997517,-150.00002,0.45085812,135.99998
0.2301445,-13.997517,-150.00002,0.3862167,99.99999
-0.7698555,-13.997517,-150.00002,0.4105031,139.99998
-1.7698555,-13.997517,-150.00002,0.44859588,103.99999
-2.7698555,-13.997517,-150.00002,0.4475808,175.99998
-3.7698555,-13.997517,-150.00002,0.35919774,167.99998
-4.7698555,-13.997517,-150.00002,0.21514837,143.99998
-5.7698555,-13.997517,-150.00002,0.2280963,115.99999
-6.7698555,-13.997517,-150.00002,0.405268,171.99998
-7.7698555,-13.997517,-150.00002,0.515054,159.99998
-8.7698555,-13.997517,-150.00002,0,119.99999
-9.7698555,-13.997517,-150.00002,0,95.99999
-10.7698555,-13.997517,-150.00002,0,11.999997
-11.7698555,-13.997517,-150.00002,0,0
-12.7698555,-13.997517,-150.00002,0,0
-13.7698555,-13.997517,-150.00002,0,0
-14.7698555,-13.997517,-150.00002,0,0
-15.7698555,-13.997517,-150.00002,0,0
-16.769855,-13.997517,-150.00002,0,0
-17.769855,-13.997517,-150.00002,0,0
-18.769855,-13.997517,-150.00002,0,0
-19.769855,-13.997517,-150.00002,0,0
-20.769855,-13.997517,-150.00002,0,0
-21.769855,-13.997517,-150.00002,0,0
-22.769855,-13.997517,-150.00002,0,0
-23.769855,-13.997517,-150.00002,0,0
-24.769855,-13.997517,-150.00002,0,0
-25.769855,-13.997517,-150.00002,0,0
-26.769855,-13.997517,-150.00002,0,0
-27.769855,-13.997517,-150.00002,0,0
-28.769855,-13.997517,-150.00002,0,0
-29.769855,-13.997517,-150.00002,0,0
-30.769855,-13.997517,-150.00002,0,0
-31.769855,-13.997517,-150.00002,0,0
-32.769855,-13.997517,-150.00002,0,0
-33.769855,-13.997517,-150.00002,0,0
-34.769855,-13.997517,-150.00002,0,0
-35.769855,-13.997517,-150.00002,0,0
-36.769855,-13.997517,-150.00002,0,0
-37.769855,-13.997517,-150.00002,0,0
-38.769855,-13.997517,-150.00002,0,0
-39.769855,-13.997517,-150.00002,0,0
-40.769855,-13.997517,-150.00002,0,0
-41.769855,-13.997517,-150.00002,0,0
-42.769855,-13.997517,-150.00002,0,0
-43.769855,-13.997517,-150.00002,0,0
-44.769855,-13.997517,-150.00002,0,0
-45.769855,-13.997517,-150.00002,0,0
-46.769855,-13.997517,-150.00002,0,0
-47.769855,-13.997517,-150.00002,0,0
-48.769855,-13.997517,-150.00002,0,0
-49.769855,-13.997517,-150.00002,0,0
49.230145,-14.997517,-150.00002,0,0
48.230145,-14.997517,-150.00002,0,0
47.230145,-14.997517,-150.00002,0,0
46.230145,-14.997517,-150.00002,0,0
45.230145,-14.997517,-150.00002,0,0
44.230145,-14.997517,-150.00002,0,0
43.230145,-14.997517,-150.00002,0,0
42.230145,-14.997517,-150.00002,0,0
41.230145,-14.997517,-150.00002,0,0
40.230145,-14.997517,-150.00002,0,0
39.230145,-14.997517,-150.00002,0,0
38.230145,-14.997517,-150.00002,0,0
37.230145,-14.997517,-150.00002,0,0
36.230145,-14.997517,-150.00002,0,0
35.230145,-14.997517,-150.00002,0,0
34.230145,-14.997517,-150.00002,0,0
33.230145,-14.997517,-150.00002,0,0
32.230145,-14.997517,-150.00002,0,0
31.230145,-14.997517,-150.00002,0,0
30.230145,-14.997517,-150.00002,0,0
29.230145,-14.997517,-150.00002,0,0
28.230145,-14.997517,-150.00002,0,0
27.230145,-14.997517,-150.00002,0,0
26.230145,-14.997517,-150.00002,0,0
25.230145,-14.997517,-150.00002,0,0
24.230145,-14.997517,-150.00002,0,0
23.230145,-14.997517,-150.00002,0,0
22.230145,-14.997517,-150.00002,0,0
21.230145,-14.997517,-150.00002,0,0
20.230145,-14.997517,-150.00002,0,0
19.230145,-14.997517,-150.00002,0,0
18.230145,-14.997517,-150.00002,0,0
17.230145,-14.997517,-150.00002,0,0
16.230145,-14.997517,-150.00002,0,0
15.2301445,-14.997517,-150.00002,0,0
14.2301445,-14.997517,-150.00002,0,0
13.2301445,-14.997517,-150.00002,0,0
12.2301445,-14.997517,-150.00002,0,0
11.2301445,-14.997517,-150.00002,0,0
10.2301445,-14.997517,-150.00002,0,0
9.2301445,-14.997517,-150.00002,0,23.999996
8.2301445,-14.997517,-150.00002,0,39.999996
7.2301445,-14.997517,-150.00002,0,111.99999
6.2301445,-14.997517,-150.00002,-Infinity,103.99999
5.2301445,-14.997517,-150.00002,0.5666585,131.99998
4.2301445,-14.997517,-150.00002,0.61028665,147.99998
3.2301445,-14.997517,-150.00002,0.6354575,91.99999
2.2301445,-14.997517,-150.00002,0.60354257,139.99998
1.2301445,-14.997517,-150.00002,0.48879436,111.99999
0.2301445,-14.997517,-150.00002,0.4578623,119.99999
-0.7698555,-14.997517,-150.00002,0.49474725,119.99999
-1.7698555,-14.997517,-150.00002,0.47751743,115.99999
-2.7698555,-14.997517,-150.00002,0.39428684,131.99998
-3.7698555,-14.997517,-150.00002,0.2839448,171.99998
-4.7698555,-14.997517,-150.00002,0.20016305,107.99999
-5.7698555,-14.997517,-150.00002,0.28576958,131.99998
-6.7698555,-14.997517,-150.00002,0,143.99998
-7.7698555,-14.997517,-150.00002,0,63.999996
-8.7698555,-14.997517,-150.00002,0,43.999996
-9.7698555,-14.997517,-150.00002,0,0
-10.7698555,-14.997517,-150.00002,0,0
-11.7698555,-14.997517,-150.00002,0,0
-12.7698555,-14.997517,-150.00002,0,0
-13.7698555,-14.997517,-150.00002,0,0
-14.7698555,-14.997517,-150.00002,0,0
-15.7698555,-14.997517,-150.00002,0,0
-16.769855,-14.997517,-150.00002,0,0
-17.769855,-14.997517,-150.00002,0,0
-18.769855,-14.997517,-150.00002,0,0
-19.769855,-14.997517,-150.00002,0,0
-20.769855,-14.997517,-150.00002,0,0
-21.769855,-14.997517,-150.00002,0,0
-22.769855,-14.997517,-150.00002,0,0
-23.769855,-14.997517,-150.00002,0,0
-24.769855,-14.997517,-150.00002,0,0
-25.769855,-14.997517,-150.00002,0,0
-26.769855,-14.997517,-150.00002,0,0
-27.769855,-14.997517,-150.00002,0,0
-28.769855,-14.997517,-150.00002,0,0
-29.769855,-14.997517,-150.00002,0,0
-30.769855,-14.997517,-150.00002,0,0
-31.769855,-14.997517,-150.00002,0,0
-32.769855,-14.997517,-150.00002,0,0
-33.769855,-14.997517,-150.00002,0,0
-34.769855,-14.997517,-150.00002,0,0
-35.769855,-14.997517,-150.00002,0,0
-36.769855,-14.997517,-150.00002,0,0
-37.769855,-14.997517,-150.00002,0,0
-38.769855,-14.997517,-150.00002,0,0
-39.769855,-14.997517,-150.00002,0,0
-40.769855,-14.997517,-150.00002,0,0
-41.769855,-14.997517,-150.00002,0,0
-42.769855,-14.997517,-150.00002,0,0
-43.769855,-14.997517,-150.00002,0,0
-44.769855,-14.997517,-150.00002,0,0
-45.769855,-14.997517,-150.00002,0,0
-46.769855,-14.997517,-150.00002,0,0
-47.769855,-14.997517,-150.00002,0,0
-48.769855,-14.997517,-150.00002,0,0
-49.769855,-14.997517,-150.00002,0,0
49.230145,-15.997517,-150.00002,0,0
48.230145,-15.997517,-150.00002,0,0
47.230145,-15.997517,-150.00002,0,0
46.230145,-15.997517,-150.00002,0,0
45.230145,-15.997517,-150.00002,0,0
44.230145,-15.997517,-150.00002,0,0
43.230145,-15.997517,-150.00002,0,0
42.230145,-15.997517,-150.00002,0,0
41.230145,-15.997517,-150.00002,0,0
40.230145,-15.997517,-150.00002,0,0
39.230145,-15.997517,-150.00002,0,0
38.230145,-15.997517,-150.00002,0,0
37.230145,-15.997517,-150.00002,0,0
36.230145,-15.997517,-150.00002,0,0
35.230145,-15.997517,-150.00002,0,0
34.230145,-15.997517,-150.00002,0,0
33.230145,-15.997517,-150.00002,0,0
32.230145,-15.997517,-150.00002,0,0
31.230145,-15.997517,-150.00002,0,0
30.230145,-15.997517,-150.00002,0,0
29.230145,-15.997517,-150.00002,0,0
28.230145,-15.997517,-150.00002,0,0
27.230145,-15.997517,-150.00002,0,0
26.230145,-15.997517,-150.00002,0,0
25.230145,-15.997517,-150.00002,0,0
24.230145,-15.997517,-150.00002,0,0
23.230145,-15.997517,-150.00002,0,0
22.230145,-15.997517,-150.00002,0,0
21.230145,-15.997517,-150.00002,0,0
20.230145,-15.997517,-150.00002,0,0
19.230145,-15.997517,-150.00002,0,0
18.230145,-15.997517,-150.00002,0,0
17.230145,-15.997517,-150.00002,0,0
16.230145,-15.997517,-150.00002,0,0
15.2301445,-15.997517,-150.00002,0,0
14.2301445,-15.997517,-150.00002,0,0
13.2301445,-15.997517,-150.00002,0,0
12.2301445,-15.997517,-150.00002,0,0
11.2301445,-15.997517,-150.00002,0,0
10.2301445,-15.997517,-150.00002,0,0
9.2301445,-15.997517,-150.00002,0,0
8.2301445,-15.997517,-150.00002,0,0
7.2301445,-15.997517,-150.00002,0,0
6.2301445,-15.997517,-150.00002,0,35.999996
5.2301445,-15.997517,-150.00002,0,91.99999
4.2301445,-15.997517,-150.00002,0,95.99999
3.2301445,-15.997517,-150.00002,0,111.99999
2.2301445,-15.997517,-150.00002,0.5289962,147.99998
1.2301445,-15.997517,-150.00002,0.4530357,139.99998
0.2301445,-15.997517,-150.00002,0.4457246,127.99999
-0.7698555,-15.997517,-150.00002,0.513798,215.99998
-1.7698555,-15.997517,-150.00002,0.4859634,163.99998
-2.7698555,-15.997517,-150.00002,Infinity,87.99999
-3.7698555,-15.997517,-150.00002,0,107.99999
-4.7698555,-15.997517,-150.00002,0,67.99999
-5.7698555,-15.997517,-150.00002,0,43.999996
-6.7698555,-15.997517,-150.00002,0,7.999998
-7.7698555,-15.997517,-150.00002,0,0
-8.7698555,-15.997517,-150.00002,0,0
-9.7698555,-15.997517,-150.00002,0,0
-10.7698555,-15.997517,-150.00002,0,0
-11.7698555,-15.997517,-150.00002,0,0
-12.7698555,-15.997517,-150.00002,0,0
-13.7698555,-15.997517,-150.00002,0,0
-14.7698555,-15.997517,-150.00002,0,0
-15.7698555,-15.997517,-150.00002,0,0
-16.769855,-15.997517,-150.00002,0,0
-17.769855,-15.997517,-150.00002,0,0
-18.769855,-15.997517,-150.00002,0,0
-19.769855,-15.997517,-150.00002,0,0
-20.769855,-15.997517,-150.00002,0,0
-21.769855,-15.997517,-150.00002,0,0
-22.769855,-15.997517,-150.00002,0,0
-23.769855,-15.997517,-150.00002,0,0
-24.769855,-15.997517,-150.00002,0,0
-25.769855,-15.997517,-150.00002,0,0
-26.769855,-15.997517,-150.00002,0,0
-27.769855,-15.997517,-150.00002,0,0
-28.769855,-15.997517,-150.00002,0,0
-29.769855,-15.997517,-150.00002,0,0
-30.769855,-15.997517,-150.00002,0,0
-31.769855,-15.997517,-150.00002,0,0
-32.769855,-15.997517,-150.00002,0,0
-33.769855,-15.997517,-150.00002,0,0
-34.769855,-15.997517,-150.00002,0,0
-35.769855,-15.997517,-150.00002,0,0
-36.769855,-15.997517,-150.00002,0,0
-37.769855,-15.997517,-150.00002,0,0
-38.769855,-15.997517,-150.00002,0,0
-39.769855,-15.997517,-150.00002,0,0
-40.769855,-15.997517,-150.00002,0,0
-41.769855,-15.997517,-150.00002,0,0
-42.769855,-15.997517,-150.00002,0,0
-43.769855,-15.997517,-150.00002,0,0
-44.769855,-15.997517,-150.00002,0,0
-45.769855,-15.997517,-150.00002,0,0
-46.769855,-15.997517,-150.00002,0,0
-47.769855,-15.997517,-150.00002,0,0
-48.769855,-15.997517,-150.00002,0,0
-49.769855,-15.997517,-150.00002,0,0
49.230145,-16.997517,-150.00002,0,0
48.230145,-16.997517,-150.00002,0,0
47.230145,-16.997517,-150.00002,0,0
46.230145,-16.997517,-150.00002,0,0
45.230145,-16.997517,-150.00002,0,0
44.230145,-16.997517,-150.00002,0,0
43.230145,-16.997517,-150.00002,0,0
42.230145,-16.997517,-150.00002,0,0
41.230145,-16.997517,-150.00002,0,0
40.230145,-16.997517,-150.00002,0,0
39.230145,-16.997517,-150.00002,0,0
38.230145,-16.997517,-150.00002,0,0
37.230145,-16.997517,-150.00002,0,0
36.230145,-16.997517,-150.00002,0,0
35.230145,-16.997517,-150.00002,0,0
34.230145,-16.997517,-150.00002,0,0
33.230145,-16.997517,-150.00002,0,0
32.230145,-16.997517,-150.00002,0,0
31.230145,-16.997517,-150.00002,0,0
30.230145,-16.997517,-150.00002,0,0
29.230145,-16.997517,-150.00002,0,0
28.230145,-16.997517,-150.00002,0,0
27.230145,-16.997517,-150.00002,0,0
26.230145,-16.997517,-150.00002,0,0
25.230145,-16.997517,-150.00002,0,0
24.230145,-16.997517,-150.00002,0,0
23.230145,-16.997517,-150.00002,0,0
22.230145,-16.997517,-150.00002,0,0
21.230145,-16.997517,-150.00002,0,0
20.230145,-16.997517,-150.00002,0,0
19.230145,-16.997517,-150.00002,0,0
18.230145,-16.997517,-150.00002,0,0
17.230145,-16.997517,-150.00002,0,0
16.230145,-16.997517,-150.00002,0,0
15.2301445,-16.997517,-150.00002,0,0
14.2301445,-16.997517,-150.00002,0,0
13.2301445,-16.997517,-150.00002,0,0
12.2301445,-16.997517,-150.00002,0,0
11.2301445,-16.997517,-150.00002,0,0
10.2301445,-16.997517,-150.00002,0,0
9.2301445,-16.997517,-150.00002,0,0
8.2301445,-16.997517,-150.00002,0,0
7.2301445,-16.997517,-150.00002,0,0
6.2301445,-16.997517,-150.00002,0,0
5.2301445,-16.997517,-150.00002,0,0
4.2301445,-16.997517,-150.00002,0,0
3.2301445,-16.997517,-150.00002,0,3.999999
2.2301445,-16.997517,-150.00002,0,11.999997
1.2301445,-16.997517,-150.00002,0,23.999996
0.2301445,-16.997517,-150.00002,0,19.999996
-0.7698555,-16.997517,-150.00002,0,7.999998
-1.7698555,-16.997517,-150.00002,0,15.999996
-2.7698555,-16.997517,-150.00002,0,7.999998
-3.7698555,-16.997517,-150.00002,0,3.999999
-4.7698555,-16.997517,-150.00002,0,0
-5.7698555,-16.997517,-150.00002,0,0
-6.7698555,-16.997517,-150.00002,0,0
-7.7698555,-16.997517,-150.00002,0,0
-8.7698555,-16.997517,-150.00002,0,0
-9.7698555,-16.997517,-150.00002,0,0
-10.7698555,-16.997517,-150.00002,0,0
-11.7698555,-16.997517,-150.00002,0,0
-12.7698555,-16.997517,-150.00002,0,0
-13.7698555,-16.997517,-150.00002,0,0
-14.7698555,-16.997517,-150.00002,0,0
-15.7698555,-16.997517,-150.00002,0,0
-16.769855,-16.997517,-150.00002,0,0
-17.769855,-16.997517,-150.00002,0,0
-18.769855,-16.997517,-150.00002,0,0
-19.769855,-16.997517,-150.00002,0,0
-20.769855,-16.997517,-150.00002,0,0
-21.769855,-16.997517,-150.00002,0,0
-22.769855,-16.997517,-150.00002,0,0
-23.769855,-16.997517,-150.00002,0,0
-24.769855,-16.997517,-150.00002,0,0
-25.769855,-16.997517,-150.00002,0,0
-26.769855,-16.997517,-150.00002,0,0
-27.769855,-16.997517,-150.00002,0,0
-28.769855,-16.997517,-150.00002,0,0
-29.769855,-16.997517,-150.00002,0,0
-30.769855,-16.997517,-150.00002,0,0
-31.769855,-16.997517,-150.00002,0,0
-32.769855,-16.997517,-150.00002,0,0
-33.769855,-16.997517,-150.00002,0,0
-34.769855,-16.997517,-150.00002,0,0
-35.769855,-16.997517,-150.00002,0,0
-36.769855,-16.997517,-150.00002,0,0
-37.769855,-16.997517,-150.00002,0,0
-38.769855,-16.997517,-150.00002,0,0
-39.769855,-16.997517,-150.00002,0,0
-40.769855,-16.997517,-150.00002,0,0
-41.769855,-16.997517,-150.00002,0,0
-42.769855,-16.997517,-150.00002,0,0
-43.769855,-16.997517,-150.00002,0,0
-44.769855,-16.997517,-150.00002,0,0
-45.769855,-16.997517,-150.00002,0,0
-46.769855,-16.997517,-150.00002,0,0
-47.769855,-16.997517,-150.00002,0,0
-48.769855,-16.997517,-150.00002,0,0
-49.769855,-16.997517,-150.00002,0,0
49.230145,-17.997517,-150.00002,0,0
48.230145,-17.997517,-150.00002,0,0
47.230145,-17.997517,-150.00002,0,0
46.230145,-17.997517,-150.00002,0,0
45.230145,-17.997517,-150.00002,0,0
44.230145,-17.997517,-150.00002,0,0
43.230145,-17.997517,-150.00002,0,0
42.230145,-17.997517,-150.00002,0,0
41.230145,-17.997517,-150.00002,0,0
40.230145,-17.997517,-150.00002,0,0
39.230145,-17.997517,-150.00002,0,0
38.230145,-17.997517,-150.00002,0,0
37.230145,-17.997517,-150.00002,0,0
36.230145,-17.997517,-150.00002,0,0
35.230145,-17.997517,-150.00002,0,0
34.230145,-17.997517,-150.00002,0,0
33.230145,-17.997517,-150.00002,0,0
32.230145,-17.997517,-150.00002,0,0
31.230145,-17.997517,-150.00002,0,0
30.230145,-17.997517,-150.00002,0,0
29.230145,-17.997517,-150.00002,0,0
28.230145,-17.997517,-150.00002,0,0
27.230145,-17.997517,-150.00002,0,0
26.230145,-17.997517,-150.00002,0,0
25.230145,-17.997517,-150.00002,0,0
24.230145,-17.997517,-150.00002,0,0
23.230145,-17.997517,-150.00002,0,0
22.230145,-17.997517,-150.00002,0,0
21.230145,-17.997517,-150.00002,0,0
20.230145,-17.997517,-150.00002,0,0
19.230145,-17.997517,-150.00002,0,0
18.230145,-17.997517,-150.00002,0,0
17.230145,-17.997517,-150.00002,0,0
16.230145,-17.997517,-150.00002,0,0
15.2301445,-17.997517,-150.00002,0,0
14.2301445,-17.997517,-150.00002,0,0
13.2301445,-17.997517,-150.00002,0,0
12.2301445,-17.997517,-150.00002,0,0
11.2301445,-17.997517,-150.00002,0,0
10.2301445,-17.997517,-150.00002,0,0
9.2301445,-17.997517,-150.00002,0,0
8.2301445,-17.997517,-150.00002,0,0
7.2301445,-17.997517,-150.00002,0,0
6.2301445,-17.997517,-150.00002,0,0
5.2301445,-17.997517,-150.00002,0,0
4.2301445,-17.997517,-150.00002,0,0
3.2301445,-17.997517,-150.00002,0,0
2.2301445,-17.997517,-150.00002,0,0
1.2301445,-17.997517,-150.00002,0,0
0.2301445,-17.997517,-150.00002,0,0
-0.7698555,-17.997517,-150.00002,0,0
-1.7698555,-17.997517,-150.00002,0,0
-2.7698555,-17.997517,-150.00002,0,0
-3.7698555,-17.997517,-150.00002,0,0
-4.7698555,-17.997517,-150.00002,0,0
-5.7698555,-17.997517,-150.00002,0,0
-6.7698555,-17.997517,-150.00002,0,0
-7.7698555,-17.997517,-150.00002,0,0
-8.7698555,-17.997517,-150.00002,0,0
-9.7698555,-17.997517,-150.00002,0,0
-10.7698555,-17.997517,-150.00002,0,0
-11.7698555,-17.997517,-150.00002,0,0
-12.7698555,-17.997517,-150.00002,0,0
-13.7698555,-17.997517,-150.00002,0,0
-14.7698555,-17.997517,-150.00002,0,0
-15.7698555,-17.997517,-150.00002,0,0
-16.769855,-17.997517,-150.00002,0,0
-17.769855,-17.997517,-150.00002,0,0
-18.769855,-17.997517,-150.00002,0,0
-19.769855,-17.997517,-150.00002,0,0
-20.769855,-17.997517,-150.00002,0,0
-21.769855,-17.997517,-150.00002,0,0
-22.769855,-17.997517,-150.00002,0,0
-23.769855,-17.997517,-150.00002,0,0
-24.769855,-17.997517,-150.00002,0,0
-25.769855,-17.997517,-150.00002,0,0
-26.769855,-17.997517,-150.00002,0,0
-27.769855,-17.997517,-150.00002,0,0
-28.769855,-17.997517,-150.00002,0,0
-29.769855,-17.997517,-150.00002,0,0
-30.769855,-17.997517,-150.00002,0,0
-31.769855,-17.997517,-150.00002,0,0
-32.769855,-17.997517,-150.00002,0,0
-33.769855,-17.997517,-150.00002,0,0
-34.769855,-17.997517,-150.00002,0,0
-35.769855,-17.997517,-150.00002,0,0
-36.769855,-17.997517,-150.00002,0,0
-37.769855,-17.997517,-150.00002,0,0
-38.769855,-17.997517,-150.00002,0,0
-39.769855,-17.997517,-150.00002,0,0
-40.769855,-17.997517,-150.00002,0,0
-41.769855,-17.997517,-150.00002,0,0
-42.769855,-17.997517,-150.00002,0,0
-43.769855,-17.997517,-150.00002,0,0
-44.769855,-17.997517,-150.00002,0,0
-45.769855,-17.997517,-150.00002,0,0
-46.769855,-17.997517,-150.00002,0,0
-47.769855,-17.997517,-150.00002,0,0
-48.769855,-17.997517,-150.00002,0,0
-49.769855,-17.997517,-150.00002,0,0
49.230145,-18.997517,-150.00002,0,0
48.230145,-18.997517,-150.00002,0,0
47.230145,-18.997517,-150.00002,0,0
46.230145,-18.997517,-150.00002,0,0
45.230145,-18.997517,-150.00002,0,0
44.230145,-18.997517,-150.00002,0,0
43.230145,-18.997517,-150.00002,0,0
42.230145,-18.997517,-150.00002,0,0
41.230145,-18.997517,-150.00002,0,0
40.230145,-18.997517,-150.00002,0,0
39.230145,-18.997517,-150.00002,0,0
38.230145,-18.997517,-150.00002,0,0
37.230145,-18.997517,-150.00002,0,0
36.230145,-18.997517,-150.00002,0,0
35.230145,-18.997517,-150.00002,0,0
34.230145,-18.997517,-150.00002,0,0
33.230145,-18.997517,-150.00002,0,0
32.230145,-18.997517,-150.00002,0,0
31.230145,-18.997517,-150.00002,0,0
30.230145,-18.997517,-150.00002,0,0
29.230145,-18.997517,-150.00002,0,0
28.230145,-18.997517,-150.00002,0,0
27.230145,-18.997517,-150.00002,0,0
26.230145,-18.997517,-150.00002,0,0
25.230145,-18.997517,-150.00002,0,0
24.230145,-18.997517,-150.00002,0,0
23.230145,-18.997517,-150.00002,0,0
22.230145,-18.997517,-150.00002,0,0
21.230145,-18.997517,-150.00002,0,0
20.230145,-18.997517,-150.00002,0,0
19.230145,-18.997517,-150.00002,0,0
18.230145,-18.997517,-150.00002,0,0
17.230145,-18.997517,-150.00002,0,0
16.230145,-18.997517,-150.00002,0,0
15.2301445,-18.997517,-150.00002,0,0
14.2301445,-18.997517,-150.00002,0,0
13.2301445,-18.997517,-150.00002,0,0
12.2301445,-18.997517,-150.00002,0,0
11.2301445,-18.997517,-150.00002,0,0
10.2301445,-18.997517,-150.00002,0,0
9.2301445,-18.997517,-150.00002,0,0
8.2301445,-18.997517,-150.00002,0,0
7.2301445,-18.997517,-150.00002,0,0
6.2301445,-18.997517,-150.00002,0,0
5.2301445,-18.997517,-150.00002,0,0
4.2301445,-18.997517,-150.00002,0,0
3.2301445,-18.997517,-150.00002,0,0
2.2301445,-18.997517,-150.00002,0,0
1.2301445,-18.997517,-150.00002,0,0
0.2301445,-18.997517,-150.00002,0,0
-0.7698555,-18.997517,-150.00002,0,0
-1.7698555,-18.997517,-150.00002,0,0
-2.7698555,-18.997517,-150.00002,0,0
-3.7698555,-18.997517,-150.00002,0,0
-4.7698555,-18.997517,-150.00002,0,0
-5.7698555,-18.997517,-150.00002,0,0
-6.7698555,-18.997517,-150.00002,0,0
-7.7698555,-18.997517,-150.00002,0,0
-8.7698555,-18.997517,-150.00002,0,0
-9.7698555,-18.997517,-150.00002,0,0
-10.7698555,-18.997517,-150.00002,0,0
-11.7698555,-18.997517,-150.00002,0,0
-12.7698555,-18.997517,-150.00002,0,0
-13.7698555,-18.997517,-150.00002,0,0
-14.7698555,-18.997517,-150.00002,0,0
-15.7698555,-18.997517,-150.00002,0,0
-16.769855,-18.997517,-150.00002,0,0
-17.769855,-18.997517,-150.00002,0,0
-18.769855,-18.997517,-150.00002,0,0
-19.769855,-18.997517,-150.00002,0,0
-20.769855,-18.997517,-150.00002,0,0
-21.769855,-18.997517,-150.00002,0,0
-22.769855,-18.997517,-150.00002,0,0
-23.769855,-18.997517,-150.00002,0,0
-24.769855,-18.997517,-150.00002,0,0
-25.769855,-18.997517,-150.00002,0,0
-26.769855,-18.997517,-150.00002,0,0
-27.769855,-18.997517,-150.00002,0,0
-28.769855,-18.997517,-150.00002,0,0
-29.769855,-18.997517,-150.00002,0,0
-30.769855,-18.997517,-150.00002,0,0
-31.769855,-18.997517,-150.00002,0,0
-32.769855,-18.997517,-150.00002,0,0
-33.769855,-18.997517,-150.00002,0,0
-34.769855,-18.997517,-150.00002,0,0
-35.769855,-18.997517,-150.00002,0,0
-36.769855,-18.997517,-150.00002,0,0
-37.769855,-18.997517,-150.00002,0,0
-38.769855,-18.997517,-150.00002,0,0
-39.769855,-18.997517,-150.00002,0,0
-40.769855,-18.997517,-150.00002,0,0
-41.769855,-18.997517,-150.00002,0,0
-42.769855,-18.997517,-150.00002,0,0
-43.769855,-18.997517,-150.00002,0,0
-44.769855,-18.997517,-150.00002,0,0
-45.769855,-18.997517,-150.00002,0,0
-46.769855,-18.997517,-150.00002,0,0
-47.769855,-18.997517,-150.00002,0,0
-48.769855,-18.997517,-150.00002,0,0
-49.769855,-18.997517,-150.00002,0,0
49.230145,-19.997517,-150.00002,0,0
48.230145,-19.997517,-150.00002,0,0
47.230145,-19.997517,-150.00002,0,0
46.230145,-19.997517,-150.00002,0,0
45.230145,-19.997517,-150.00002,0,0
44.230145,-19.997517,-150.00002,0,0
43.230145,-19.997517,-150.00002,0,0
42.230145,-19.997517,-150.00002,0,0
41.230145,-19.997517,-150.00002,0,0
40.230145,-19.997517,-150.00002,0,0
39.230145,-19.997517,-150.00002,0,0
38.230145,-19.997517,-150.00002,0,0
37.230145,-19.997517,-150.00002,0,0
36.230145,-19.997517,-150.00002,0,0
35.230145,-19.997517,-150.00002,0,0
34.230145,-19.997517,-150.00002,0,0
33.230145,-19.997517,-150.00002,0,0
32.230145,-19.997517,-150.00002,0,0
31.230145,-19.997517,-150.00002,0,0
30.230145,-19.997517,-150.00002,0,0
29.230145,-19.997517,-150.00002,0,0
28.230145,-19.997517,-150.00002,0,0
27.230145,-19.997517,-150.00002,0,0
26.230145,-19.997517,-150.00002,0,0
25.230145,-19.997517,-150.00002,0,0
24.230145,-19.997517,-150.00002,0,0
23.230145,-19.997517,-150.00002,0,0
22.230145,-19.997517,-150.00002,0,0
21.230145,-19.997517,-150.00002,0,0
20.230145,-19.997517,-150.00002,0,0
19.230145,-19.997517,-150.00002,0,0
18.230145,-19.997517,-150.00002,0,0
17.230145,-19.997517,-150.00002,0,0
16.230145,-19.997517,-150.00002,0,0
15.2301445,-19.997517,-150.00002,0,0
14.2301445,-19.997517,-150.00002,0,0
13.2301445,-19.997517,-150.00002,0,0
12.2301445,-19.997517,-150.00002,0,0
11.2301445,-19.997517,-150.00002,0,0
10.2301445,-19.997517,-150.00002,0,0
9.2301445,-19.997517,-150.00002,0,0
8.2301445,-19.997517,-150.00002,0,0
7.2301445,-19.997517,-150.00002,0,0
6.2301445,-19.997517,-150.00002,0,0
5.2301445,-19.997517,-150.00002,0,0
4.2301445,-19.997517,-150.00002,0,0
3.2301445,-19.997517,-150.00002,0,0
2.2301445,-19.997517,-150.00002,0,0
1.2301445,-19.997517,-150.00002,0,0
0.2301445,-19.997517,-150.00002,0,0
-0.7698555,-19.997517,-150.00002,0,0
-1.7698555,-19.997517,-150.00002,0,0
-2.7698555,-19.997517,-150.00002,0,0
-3.7698555,-19.997517,-150.00002,0,0
-4.7698555,-19.997517,-150.00002,0,0
-5.7698555,-19.997517,-150.00002,0,0
-6.7698555,-19.997517,-150.00002,0,0
-7.7698555,-19.997517,-150.00002,0,0
-8.7698555,-19.997517,-150.00002,0,0
-9.7698555,-19.997517,-150.00002,0,0
-10.7698555,-19.997517,-150.00002,0,0
-11.7698555,-19.997517,-150.00002,0,0
-12.7698555,-19.997517,-150.00002,0,0
-13.7698555,-19.997517,-150.00002,0,0
-14.7698555,-19.997517,-150.00002,0,0
-15.7698555,-19.997517,-150.00002,0,0
-16.769855,-19.997517,-150.00002,0,0
-17.769855,-19.997517,-150.00002,0,0
-18.769855,-19.997517,-150.00002,0,0
-19.769855,-19.997517,-150.00002,0,0
-20.769855,-19.997517,-150.00002,0,0
-21.769855,-19.997517,-150.00002,0,0
-22.769855,-19.997517,-150.00002,0,0
-23.769855,-19.997517,-150.00002,0,0
-24.769855,-19.997517,-150.00002,0,0
-25.769855,-19.997517,-150.00002,0,0
-26.769855,-19.997517,-150.00002,0,0
-27.769855,-19.997517,-150.00002,0,0
-28.769855,-19.997517,-150.00002,0,0
-29.769855,-19.997517,-150.00002,0,0
-30.769855,-19.997517,-150.00002,0,0
-31.769855,-19.997517,-150.00002,0,0
-32.769855,-19.997517,-150.00002,0,0
-33.769855,-19.997517,-150.00002,0,0
-34.769855,-19.997517,-150.00002,0,0
-35.769855,-19.997517,-150.00002,0,0
-36.769855,-19.997517,-150.00002,0,0
-37.769855,-19.997517,-150.00002,0,0
-38.769855,-19.997517,-150.00002,0,0
-39.769855,-19.997517,-150.00002,0,0
-40.769855,-19.997517,-150.00002,0,0
-41.769855,-19.997517,-150.00002,0,0
-42.769855,-19.997517,-150.00002,0,0
-43.769855,-19.997517,-150.00002,0,0
-44.769855,-19.997517,-150.00002,0,0
-45.769855,-19.997517,-150.00002,0,0
-46.769855,-19.997517,-150.00002,0,0
-47.769855,-19.997517,-150.00002,0,0
-48.769855,-19.997517,-150.00002,0,0
-49.769855,-19.997517,-150.00002,0,0
49.230145,-20.997517,-150.00002,0,0
48.230145,-20.997517,-150.00002,0,0
47.230145,-20.997517,-150.00002,0,0
46.230145,-20.997517,-150.00002,0,0
45.230145,-20.997517,-150.00002,0,0
44.230145,-20.997517,-150.00002,0,0
43.230145,-20.997517,-150.00002,0,0
42.230145,-20.997517,-150.00002,0,0
41.230145,-20.997517,-150.00002,0,0
40.230145,-20.997517,-150.00002,0,0
39.230145,-20.997517,-150.00002,0,0
38.230145,-20.997517,-150.00002,0,0
37.230145,-20.997517,-150.00002,0,0
36.230145,-20.997517,-150.00002,0,0
35.230145,-20.997517,-150.00002,0,0
34.230145,-20.997517,-150.00002,0,0
33.230145,-20.997517,-150.00002,0,0
32.230145,-20.997517,-150.00002,0,0
31.230145,-20.997517,-150.00002,0,0
30.230145,-20.997517,-150.00002,0,0
29.230145,-20.997517,-150.00002,0,0
28.230145,-20.997517,-150.00002,0,0
27.230145,-20.997517,-150.00002,0,0
26.230145,-20.997517,-150.00002,0,0
25.230145,-20.997517,-150.00002,0,0
24.230145,-20.997517,-150.00002,0,0
23.230145,-20.997517,-150.00002,0,0
22.230145,-20.997517,-150.00002,0,0
21.230145,-20.997517,-150.00002,0,0
20.230145,-20.997517,-150.00002,0,0
19.230145,-20.997517,-150.00002,0,0
18.230145,-20.997517,-150.00002,0,0
17.230145,-20.997517,-150.00002,0,0
16.230145,-20.997517,-150.00002,0,0
15.2301445,-20.997517,-150.00002,0,0
14.2301445,-20.997517,-150.00002,0,0
13.2301445,-20.997517,-150.00002,0,0
12.2301445,-20.997517,-150.00002,0,0
11.2301445,-20.997517,-150.00002,0,0
10.2301445,-20.997517,-150.00002,0,0
9.2301445,-20.997517,-150.00002,0,0
8.2301445,-20.997517,-150.00002,0,0
7.2301445,-20.997517,-150.00002,0,0
6.2301445,-20.997517,-150.00002,0,0
5.2301445,-20.997517,-150.00002,0,0
4.2301445,-20.997517,-150.00002,0,0
3.2301445,-20.997517,-150.00002,0,0
2.2301445,-20.997517,-150.00002,0,0
1.2301445,-20.997517,-150.00002,0,0
0.2301445,-20.997517,-150.00002,0,0
-0.7698555,-20.997517,-150.00002,0,0
-1.7698555,-20.997517,-150.00002,0,0
-2.7698555,-20.997517,-150.00002,0,0
-3.7698555,-20.997517,-150.00002,0,0
-4.7698555,-20.997517,-150.00002,0,0
-5.7698555,-20.997517,-150.00002,0,0
-6.7698555,-20.997517,-150.00002,0,0
-7.7698555,-20.997517,-150.00002,0,0
-8.7698555,-20.997517,-150.00002,0,0
-9.7698555,-20.997517,-150.00002,0,0
-10.7698555,-20.997517,-150.00002,0,0
-11.7698555,-20.997517,-150.00002,0,0
-12.7698555,-20.997517,-150.00002,0,0
-13.7698555,-20.997517,-150.00002,0,0
-14.7698555,-20.997517,-150.00002,0,0
-15.7698555,-20.997517,-150.00002,0,0
-16.769855,-20.997517,-150.00002,0,0
-17.769855,-20.997517,-150.00002,0,0
-18.769855,-20.997517,-150.00002,0,0
-19.769855,-20.997517,-150.00002,0,0
-20.769855,-20.997517,-150.00002,0,0
-21.769855,-20.997517,-150.00002,0,0
-22.769855,-20.997517,-150.00002,0,0
-23.769855,-20.997517,-150.00002,0,0
-24.769855,-20.997517,-150.00002,0,0
-25.769855,-20.997517,-150.00002,0,0
-26.769855,-20.997517,-150.00002,0,0
-27.769855,-20.997517,-150.00002,0,0
-28.769855,-20.997517,-150.00002,0,0
-29.769855,-20.997517,-150.00002,0,0
-30.769855,-20.997517,-150.00002,0,0
-31.769855,-20.997517,-150.00002,0,0
-32.769855,-20.997517,-150.00002,0,0
-33.769855,-20.997517,-150.00002,0,0
-34.769855,-20.997517,-150.00002,0,0
-35.769855,-20.997517,-150.00002,0,0
-36.769855,-20.997517,-150.00002,0,0
-37.769855,-20.997517,-150.00002,0,0
-38.769855,-20.997517,-150.00002,0,0
-39.769855,-20.997517,-150.00002,0,0
-40.769855,-20.997517,-150.00002,0,0
-41.769855,-20.997517,-150.00002,0,0
-42.769855,-20.997517,-150.00002,0,0
-43.769855,-20.997517,-150.00002,0,0
-44.769855,-20.997517,-150.00002,0,0
-45.769855,-20.997517,-150.00002,0,0
-46.769855,-20.997517,-150.00002,0,0
-47.769855,-20.997517,-150.00002,0,0
-48.769855,-20.997517,-150.00002,0,0
-49.769855,-20.997517,-150.00002,0,0
49.230145,-21.997517,-150.00002,0,0
48.230145,-21.997517,-150.00002,0,0
47.230145,-21.997517,-150.00002,0,0
46.230145,-21.997517,-150.00002,0,0
45.230145,-21.997517,-150.00002,0,0
44.230145,-21.997517,-150.00002,0,0
43.230145,-21.997517,-150.00002,0,0
42.230145,-21.997517,-150.00002,0,0
41.230145,-21.997517,-150.00002,0,0
40.230145,-21.997517,-150.00002,0,0
39.230145,-21.997517,-150.00002,0,0
38.230145,-21.997517,-150.00002,0,0
37.230145,-21.997517,-150.00002,0,0
36.230145,-21.997517,-150.00002,0,0
35.230145,-21.997517,-150.00002,0,0
34.230145,-21.997517,-150.00002,0,0
33.230145,-21.997517,-150.00002,0,0
32.230145,-21.997517,-150.00002,0,0
31.230145,-21.997517,-150.00002,0,0
30.230145,-21.997517,-150.00002,0,0
29.230145,-21.997517,-150.00002,0,0
28.230145,-21.997517,-150.00002,0,0
27.230145,-21.997517,-150.00002,0,0
26.230145,-21.997517,-150.00002,0,0
25.230145,-21.997517,-150.00002,0,0
24.230145,-21.997517,-150.00002,0,0
23.230145,-21.997517,-150.00002,0,0
22.230145,-21.997517,-150.00002,0,0
21.230145,-21.997517,-150.00002,0,0
20.230145,-21.997517,-150.00002,0,0
19.230145,-21.997517,-150.00002,0,0
18.230145,-21.997517,-150.00002,0,0
17.230145,-21.997517,-150.00002,0,0
16.230145,-21.997517,-150.00002,0,0
15.2301445,-21.997517,-150.00002,0,0
14.2301445,-21.997517,-150.00002,0,0
13.2301445,-21.997517,-150.00002,0,0
12.2301445,-21.997517,-150.00002,0,0
11.2301445,-21.997517,-150.00002,0,0
10.2301445,-21.997517,-150.00002,0,0
9.2301445,-21.997517,-150.00002,0,0
8.2301445,-21.997517,-150.00002,0,0
7.2301445,-21.997517,-150.00002,0,0
6.2301445,-21.997517,-150.00002,0,0
5.2301445,-21.997517,-150.00002,0,0
4.2301445,-21.997517,-150.00002,0,0
3.2301445,-21.997517,-150.00002,0,0
2.2301445,-21.997517,-150.00002,0,0
1.2301445,-21.997517,-150.00002,0,0
0.2301445,-21.997517,-150.00002,0,0
-0.7698555,-21.997517,-150.00002,0,0
-1.7698555,-21.997517,-150.00002,0,0
-2.7698555,-21.997517,-150.00002,0,0
-3.7698555,-21.997517,-150.00002,0,0
-4.7698555,-21.997517,-150.00002,0,0
-5.7698555,-21.997517,-150.00002,0,0
-6.7698555,-21.997517,-150.00002,0,0
-7.7698555,-21.997517,-150.00002,0,0
-8.7698555,-21.997517,-150.00002,0,0
-9.7698555,-21.997517,-150.00002,0,0
-10.7698555,-21.997517,-150.00002,0,0
-11.7698555,-21.997517,-150.00002,0,0
-12.7698555,-21.997517,-150.00002,0,0
-13.7698555,-21.997517,-150.00002,0,0
-14.7698555,-21.997517,-150.00002,0,0
-15.7698555,-21.997517,-150.00002,0,0
-16.769855,-21.997517,-150.00002,0,0
-17.769855,-21.997517,-150.00002,0,0
-18.769855,-21.997517,-150.00002,0,0
-19.769855,-21.997517,-150.00002,0,0
-20.769855,-21.997517,-150.00002,0,0
-21.769855,-21.997517,-150.00002,0,0
-22.769855,-21.997517,-150.00002,0,0
-23.769855,-21.997517,-150.00002,0,0
-24.769855,-21.997517,-150.00002,0,0
-25.769855,-21.997517,-150.00002,0,0
-26.769855,-21.997517,-150.00002,0,0
-27.769855,-21.997517,-150.00002,0,0
-28.769855,-21.997517,-150.00002,0,0
-29.769855,-21.997517,-150.00002,0,0
-30.769855,-21.997517,-150.00002,0,0
-31.769855,-21.997517,-150.00002,0,0
-32.769855,-21.997517,-150.00002,0,0
-33.769855,-21.997517,-150.00002,0,0
-34.769855,-21.997517,-150.00002,0,0
-35.769855,-21.997517,-150.00002,0,0
-36.769855,-21.997517,-150.00002,0,0
-37.769855,-21.997517,-150.00002,0,0
-38.769855,-21.997517,-150.00002,0,0
-39.769855,-21.997517,-150.00002,0,0
-40.769855,-21.997517,-150.00002,0,0
-41.769855,-21.997517,-150.00002,0,0
-42.769855,-21.997517,-150.00002,0,0
-43.769855,-21.997517,-150.00002,0,0
-44.769855,-21.997517,-150.00002,0,0
-45.769855,-21.997517,-150.00002,0,0
-46.769855,-21.997517,-150.00002,0,0
-47.769855,-21.997517,-150.00002,0,0
-48.769855,-21.997517,-150.00002,0,0
-49.769855,-21.997517,-150.00002,0,0
49.230145,-22.997517,-150.00002,0,0
48.230145,-22.997517,-150.00002,0,0
47.230145,-22.997517,-150.00002,0,0
46.230145,-22.997517,-150.00002,0,0
45.230145,-22.997517,-150.00002,0,0
44.230145,-22.997517,-150.00002,0,0
43.230145,-22.997517,-150.00002,0,0
42.230145,-22.997517,-150.00002,0,0
41.230145,-22.997517,-150.00002,0,0
40.230145,-22.997517,-150.00002,0,0
39.230145,-22.997517,-150.00002,0,0
38.230145,-22.997517,-150.00002,0,0
37.230145,-22.997517,-150.00002,0,0
36.230145,-22.997517,-150.00002,0,0
35.230145,-22.997517,-150.00002,0,0
34.230145,-22.997517,-150.00002,0,0
33.230145,-22.997517,-150.00002,0,0
32.230145,-22.997517,-150.00002,0,0
31.230145,-22.997517,-150.00002,0,0
30.230145,-22.997517,-150.00002,0,0
29.230145,-22.997517,-150.00002,0,0
28.230145,-22.997517,-150.00002,0,0
27.230145,-22.997517,-150.00002,0,0
26.230145,-22.997517,-150.00002,0,0
25.230145,-22.997517,-150.00002,0,0
24.230145,-22.997517,-150.00002,0,0
23.230145,-22.997517,-150.00002,0,0
22.230145,-22.997517,-150.00002,0,0
21.230145,-22.997517,-150.00002,0,0
20.230145,-22.997517,-150.00002,0,0
19.230145,-22.997517,-150.00002,0,0
18.230145,-22.997517,-150.00002,0,0
17.230145,-22.997517,-150.00002,0,0
16.230145,-22.997517,-150.00002,0,0
15.2301445,-22.997517,-150.00002,0,0
14.2301445,-22.997517,-150.00002,0,0
13.2301445,-22.997517,-150.00002,0,0
12.2301445,-22.997517,-150.00002,0,0
11.2301445,-22.997517,-150.00002,0,0
10.2301445,-22.997517,-150.00002,0,0
9.2301445,-22.997517,-150.00002,0,0
8.2301445,-22.997517,-150.00002,0,0
7.2301445,-22.997517,-150.00002,0,0
6.2301445,-22.997517,-150.00002,0,0
5.2301445,-22.997517,-150.00002,0,0
4.2301445,-22.997517,-150.00002,0,0
3.2301445,-22.997517,-150.00002,0,0
2.2301445,-22.997517,-150.00002,0,0
1.2301445,-22.997517,-150.00002,0,0
0.2301445,-22.997517,-150.00002,0,0
-0.7698555,-22.997517,-150.00002,0,0
-1.7698555,-22.997517,-150.00002,0,0
-2.7698555,-22.997517,-150.00002,0,0
-3.7698555,-22.997517,-150.00002,0,0
-4.7698555,-22.997517,-150.00002,0,0
-5.7698555,-22.997517,-150.00002,0,0
-6.7698555,-22.997517,-150.00002,0,0
-7.7698555,-22.997517,-150.00002,0,0
-8.7698555,-22.997517,-150.00002,0,0
-9.7698555,-22.997517,-150.00002,0,0
-10.7698555,-22.997517,-150.00002,0,0
-11.7698555,-22.997517,-150.00002,0,0
-12.7698555,-22.997517,-150.00002,0,0
-13.7698555,-22.997517,-150.00002,0,0
-14.7698555,-22.997517,-150.00002,0,0
-15.7698555,-22.997517,-150.00002,0,0
-16.769855,-22.997517,-150.00002,0,0
-17.769855,-22.997517,-150.00002,0,0
-18.769855,-22.997517,-150.00002,0,0
-19.769855,-22.997517,-150.00002,0,0
-20.769855,-22.997517,-150.00002,0,0
-21.769855,-22.997517,-150.00002,0,0
-22.769855,-22.997517,-150.00002,0,0
-23.769855,-22.997517,-150.00002,0,0
-24.769855,-22.997517,-150.00002,0,0
-25.769855,-22.997517,-150.00002,0,0
-26.769855,-22.997517,-150.00002,0,0
-27.769855,-22.997517,-150.00002,0,0
-28.769855,-22.997517,-150.00002,0,0
-29.769855,-22.997517,-150.00002,0,0
-30.769855,-22.997517,-150.00002,0,0
-31.769855,-22.997517,-150.00002,0,0
-32.769855,-22.997517,-150.00002,0,0
-33.769855,-22.997517,-150.00002,0,0
-34.769855,-22.997517,-150.00002,0,0
-35.769855,-22.997517,-150.00002,0,0
-36.769855,-22.997517,-150.00002,0,0
-37.769855,-22.997517,-150.00002,0,0
-38.769855,-22.997517,-150.00002,0,0
-39.769855,-22.997517,-150.00002,0,0
-40.769855,-22.997517,-150.00002,0,0
-41.769855,-22.997517,-150.00002,0,0
-42.769855,-22.997517,-150.00002,0,0
-43.769855,-22.997517,-150.00002,0,0
-44.769855,-22.997517,-150.00002,0,0
-45.769855,-22.997517,-150.00002,0,0
-46.769855,-22.997517,-150.00002,0,0
-47.769855,-22.997517,-150.00002,0,0
-48.769855,-22.997517,-150.00002,0,0
-49.769855,-22.997517,-150.00002,0,0
49.230145,-23.997517,-150.00002,0,0
48.230145,-23.997517,-150.00002,0,0
47.230145,-23.997517,-150.00002,0,0
46.230145,-23.997517,-150.00002,0,0
45.230145,-23.997517,-150.00002,0,0
44.230145,-23.997517,-150.00002,0,0
43.230145,-23.997517,-150.00002,0,0
42.230145,-23.997517,-150.00002,0,0
41.230145,-23.997517,-150.00002,0,0
40.230145,-23.997517,-150.00002,0,0
39.230145,-23.997517,-150.00002,0,0
38.230145,-23.997517,-150.00002,0,0
37.230145,-23.997517,-150.00002,0,0
36.230145,-23.997517,-150.00002,0,0
35.230145,-23.997517,-150.00002,0,0
34.230145,-23.997517,-150.00002,0,0
33.230145,-23.997517,-150.00002,0,0
32.230145,-23.997517,-150.00002,0,0
31.230145,-23.997517,-150.00002,0,0
30.230145,-23.997517,-150.00002,0,0
29.230145,-23.997517,-150.00002,0,0
28.230145,-23.997517,-150.00002,0,0
27.230145,-23.997517,-150.00002,0,0
26.230145,-23.997517,-150.00002,0,0
25.230145,-23.997517,-150.00002,0,0
24.230145,-23.997517,-150.00002,0,0
23.230145,-23.997517,-150.00002,0,0
22.230145,-23.997517,-150.00002,0,0
21.230145,-23.997517,-150.00002,0,0
20.230145,-23.997517,-150.00002,0,0
19.230145,-23.997517,-150.00002,0,0
18.230145,-23.997517,-150.00002,0,0
17.230145,-23.997517,-150.00002,0,0
16.230145,-23.997517,-150.00002,0,0
15.2301445,-23.997517,-150.00002,0,0
14.2301445,-23.997517,-150.00002,0,0
13.2301445,-23.997517,-150.00002,0,0
12.2301445,-23.997517,-150.00002,0,0
11.2301445,-23.997517,-150.00002,0,0
10.2301445,-23.997517,-150.00002,0,0
9.2301445,-23.997517,-150.00002,0,0
8.2301445,-23.997517,-150.00002,0,0
7.2301445,-23.997517,-150.00002,0,0
6.2301445,-23.997517,-150.00002,0,0
5.2301445,-23.997517,-150.00002,0,0
4.2301445,-23.997517,-150.00002,0,0
3.2301445,-23.997517,-150.00002,0,0
2.2301445,-23.997517,-150.00002,0,0
1.2301445,-23.997517,-150.00002,0,0
0.2301445,-23.997517,-150.00002,0,0
-0.7698555,-23.997517,-150.00002,0,0
-1.7698555,-23.997517,-150.00002,0,0
-2.7698555,-23.997517,-150.00002,0,0
-3.7698555,-23.997517,-150.00002,0,0
-4.7698555,-23.997517,-150.00002,0,0
-5.7698555,-23.997517,-150.00002,0,0
-6.7698555,-23.997517,-150.00002,0,0
-7.7698555,-23.997517,-150.00002,0,0
-8.7698555,-23.997517,-150.00002,0,0
-9.7698555,-23.997517,-150.00002,0,0
-10.7698555,-23.997517,-150.00002,0,0
-11.7698555,-23.997517,-150.00002,0,0
-12.7698555,-23.997517,-150.00002,0,0
-13.7698555,-23.997517,-150.00002,0,0
-14.7698555,-23.997517,-150.00002,0,0
-15.7698555,-23.997517,-150.00002,0,0
-16.769855,-23.997517,-150.00002,0,0
-17.769855,-23.997517,-150.00002,0,0
-18.769855,-23.997517,-150.00002,0,0
-19.769855,-23.997517,-150.00002,0,0
-20.769855,-23.997517,-150.00002,0,0
-21.769855,-23.997517,-150.00002,0,0
-22.769855,-23.997517,-150.00002,0,0
-23.769855,-23.997517,-150.00002,0,0
-24.769855,-23.997517,-150.00002,0,0
-25.769855,-23.997517,-150.00002,0,0
-26.769855,-23.997517,-150.00002,0,0
-27.769855,-23.997517,-150.00002,0,0
-28.769855,-23.997517,-150.00002,0,0
-29.769855,-23.997517,-150.00002,0,0
-30.769855,-23.997517,-150.00002,0,0
-31.769855,-23.997517,-150.00002,0,0
-32.769855,-23.997517,-150.00002,0,0
-33.769855,-23.997517,-150.00002,0,0
-34.769855,-23.997517,-150.00002,0,0
-35.769855,-23.997517,-150.00002,0,0
-36.769855,-23.997517,-150.00002,0,0
-37.769855,-23.997517,-150.00002,0,0
-38.769855,-23.997517,-150.00002,0,0
-39.769855,-23.997517,-150.00002,0,0
-40.769855,-23.997517,-150.00002,0,0
-41.769855,-23.997517,-150.00002,0,0
-42.769855,-23.997517,-150.00002,0,0
-43.769855,-23.997517,-150.00002,0,0
-44.769855,-23.997517,-150.00002,0,0
-45.769855,-23.997517,-150.00002,0,0
-46.769855,-23.997517,-150.00002,0,0
-47.769855,-23.997517,-150.00002,0,0
-48.769855,-23.997517,-150.00002,0,0
-49.769855,-23.997517,-150.00002,0,0
49.230145,-24.997517,-150.00002,0,0
48.230145,-24.997517,-150.00002,0,0
47.230145,-24.997517,-150.00002,0,0
46.230145,-24.997517,-150.00002,0,0
45.230145,-24.997517,-150.00002,0,0
44.230145,-24.997517,-150.00002,0,0
43.230145,-24.997517,-150.00002,0,0
42.230145,-24.997517,-150.00002,0,0
41.230145,-24.997517,-150.00002,0,0
40.230145,-24.997517,-150.00002,0,0
39.230145,-24.997517,-150.00002,0,0
38.230145,-24.997517,-150.00002,0,0
37.230145,-24.997517,-150.00002,0,0
36.230145,-24.997517,-150.00002,0,0
35.230145,-24.997517,-150.00002,0,0
34.230145,-24.997517,-150.00002,0,0
33.230145,-24.997517,-150.00002,0,0
32.230145,-24.997517,-150.00002,0,0
31.230145,-24.997517,-150.00002,0,0
30.230145,-24.997517,-150.00002,0,0
29.230145,-24.997517,-150.00002,0,0
28.230145,-24.997517,-150.00002,0,0
27.230145,-24.997517,-150.00002,0,0
26.230145,-24.997517,-150.00002,0,0
25.230145,-24.997517,-150.00002,0,0
24.230145,-24.997517,-150.00002,0,0
23.230145,-24.997517,-150.00002,0,0
22.230145,-24.997517,-150.00002,0,0
21.230145,-24.997517,-150.00002,0,0
20.230145,-24.997517,-150.00002,0,0
19.230145,-24.997517,-150.00002,0,0
18.230145,-24.997517,-150.00002,0,0
17.230145,-24.997517,-150.00002,0,0
16.230145,-24.997517,-150.00002,0,0
15.2301445,-24.997517,-150.00002,0,0
14.2301445,-24.997517,-150.00002,0,0
13.2301445,-24.997517,-150.00002,0,0
12.2301445,-24.997517,-150.00002,0,0
11.2301445,-24.997517,-150.00002,0,0
10.2301445,-24.997517,-150.00002,0,0
9.2301445,-24.997517,-150.00002,0,0
8.2301445,-24.997517,-150.00002,0,0
7.2301445,-24.997517,-150.00002,0,0
6.2301445,-24.997517,-150.00002,0,0
5.2301445,-24.997517,-150.00002,0,0
4.2301445,-24.997517,-150.00002,0,0
3.2301445,-24.997517,-150.00002,0,0
2.2301445,-24.997517,-150.00002,0,0
1.2301445,-24.997517,-150.00002,0,0
0.2301445,-24.997517,-150.00002,0,0
-0.7698555,-24.997517,-150.00002,0,0
-1.7698555,-24.997517,-150.00002,0,0
-2.7698555,-24.997517,-150.00002,0,0
-3.7698555,-24.997517,-150.00002,0,0
-4.7698555,-24.997517,-150.00002,0,0
-5.7698555,-24.997517,-150.00002,0,0
-6.7698555,-24.997517,-150.00002,0,0
-7.7698555,-24.997517,-150.00002,0,0
-8.7698555,-24.997517,-150.00002,0,0
-9.7698555,-24.997517,-150.00002,0,0
-10.7698555,-24.997517,-150.00002,0,0
-11.7698555,-24.997517,-150.00002,0,0
-12.7698555,-24.997517,-150.00002,0,0
-13.7698555,-24.997517,-150.00002,0,0
-14.7698555,-24.997517,-150.00002,0,0
-15.7698555,-24.997517,-150.00002,0,0
-16.769855,-24.997517,-150.00002,0,0
-17.769855,-24.997517,-150.00002,0,0
-18.769855,-24.997517,-150.00002,0,0
-19.769855,-24.997517,-150.00002,0,0
-20.769855,-24.997517,-150.00002,0,0
-21.769855,-24.997517,-150.00002,0,0
-22.769855,-24.997517,-150.00002,0,0
-23.769855,-24.997517,-150.00002,0,0
-24.769855,-24.997517,-150.00002,0,0
-25.769855,-24.997517,-150.00002,0,0
-26.769855,-24.997517,-150.00002,0,0
-27.769855,-24.997517,-150.00002,0,0
-28.769855,-24.997517,-150.00002,0,0
-29.769855,-24.997517,-150.00002,0,0
-30.769855,-24.997517,-150.00002,0,0
-31.769855,-24.997517,-150.00002,0,0
-32.769855,-24.997517,-150.00002,0,0
-33.769855,-24.997517,-150.00002,0,0
-34.769855,-24.997517,-150.00002,0,0
-35.769855,-24.997517,-150.00002,0,0
-36.769855,-24.997517,-150.00002,0,0
-37.769855,-24.997517,-150.00002,0,0
-38.769855,-24.997517,-150.00002,0,0
-39.769855,-24.997517,-150.00002,0,0
-40.769855,-24.997517,-150.00002,0,0
-41.769855,-24.997517,-150.00002,0,0
-42.769855,-24.997517,-150.00002,0,0
-43.769855,-24.997517,-150.00002,0,0
-44.769855,-24.997517,-150.00002,0,0
-45.769855,-24.997517,-150.00002,0,0
-46.769855,-24.997517,-150.00002,0,0
-47.769855,-24.997517,-150.00002,0,0
-48.769855,-24.997517,-150.00002,0,0
-49.769855,-24.997517,-150.00002,0,0
49.230145,-25.997517,-150.00002,0,0
48.230145,-25.997517,-150.00002,0,0
47.230145,-25.997517,-150.00002,0,0
46.230145,-25.997517,-150.00002,0,0
45.230145,-25.997517,-150.00002,0,0
44.230145,-25.997517,-150.00002,0,0
43.230145,-25.997517,-150.00002,0,0
42.230145,-25.997517,-150.00002,0,0
41.230145,-25.997517,-150.00002,0,0
40.230145,-25.997517,-150.00002,0,0
39.230145,-25.997517,-150.00002,0,0
38.230145,-25.997517,-150.00002,0,0
37.230145,-25.997517,-150.00002,0,0
36.230145,-25.997517,-150.00002,0,0
35.230145,-25.997517,-150.00002,0,0
34.230145,-25.997517,-150.00002,0,0
33.230145,-25.997517,-150.00002,0,0
32.230145,-25.997517,-150.00002,0,0
31.230145,-25.997517,-150.00002,0,0
30.230145,-25.997517,-150.00002,0,0
29.230145,-25.997517,-150.00002,0,0
28.230145,-25.997517,-150.00002,0,0
27.230145,-25.997517,-150.00002,0,0
26.230145,-25.997517,-150.00002,0,0
25.230145,-25.997517,-150.00002,0,0
24.230145,-25.997517,-150.00002,0,0
23.230145,-25.997517,-150.00002,0,0
22.230145,-25.997517,-150.00002,0,0
21.230145,-25.997517,-150.00002,0,0
20.230145,-25.997517,-150.00002,0,0
19.230145,-25.997517,-150.00002,0,0
18.230145,-25.997517,-150.00002,0,0
17.230145,-25.997517,-150.00002,0,0
16.230145,-25.997517,-150.00002,0,0
15.2301445,-25.997517,-150.00002,0,0
14.2301445,-25.997517,-150.00002,0,0
13.2301445,-25.997517,-150.00002,0,0
12.2301445,-25.997517,-150.00002,0,0
11.2301445,-25.997517,-150.00002,0,0
10.2301445,-25.997517,-150.00002,0,0
9.2301445,-25.997517,-150.00002,0,0
8.2301445,-25.997517,-150.00002,0,0
7.2301445,-25.997517,-150.00002,0,0
6.2301445,-25.997517,-150.00002,0,0
5.2301445,-25.997517,-150.00002,0,0
4.2301445,-25.997517,-150.00002,0,0
3.2301445,-25.997517,-150.00002,0,0
2.2301445,-25.997517,-150.00002,0,0
1.2301445,-25.997517,-150.00002,0,0
0.2301445,-25.997517,-150.00002,0,0
-0.7698555,-25.997517,-150.00002,0,0
-1.7698555,-25.997517,-150.00002,0,0
-2.7698555,-25.997517,-150.00002,0,0
-3.7698555,-25.997517,-150.00002,0,0
-4.7698555,-25.997517,-150.00002,0,0
-5.7698555,-25.997517,-150.00002,0,0
-6.7698555,-25.997517,-150.00002,0,0
-7.7698555,-25.997517,-150.00002,0,0
-8.7698555,-25.997517,-150.00002,0,0
-9.7698555,-25.997517,-150.00002,0,0
-10.7698555,-25.997517,-150.00002,0,0
-11.7698555,-25.997517,-150.00002,0,0
-12.7698555,-25.997517,-150.00002,0,0
-13.7698555,-25.997517,-150.00002,0,0
-14.7698555,-25.997517,-150.00002,0,0
-15.7698555,-25.997517,-150.00002,0,0
-16.769855,-25.997517,-150.00002,0,0
-17.769855,-25.997517,-150.00002,0,0
-18.769855,-25.997517,-150.00002,0,0
-19.769855,-25.997517,-150.00002,0,0
-20.769855,-25.997517,-150.00002,0,0
-21.769855,-25.997517,-150.00002,0,0
-22.769855,-25.997517,-150.00002,0,0
-23.769855,-25.997517,-150.00002,0,0
-24.769855,-25.997517,-150.00002,0,0
-25.769855,-25.997517,-150.00002,0,0
-26.769855,-25.997517,-150.00002,0,0
-27.769855,-25.997517,-150.00002,0,0
-28.769855,-25.997517,-150.00002,0,0
-29.769855,-25.997517,-150.00002,0,0
-30.769855,-25.997517,-150.00002,0,0
-31.769855,-25.997517,-150.00002,0,0
-32.769855,-25.997517,-150.00002,0,0
-33.769855,-25.997517,-150.00002,0,0
-34.769855,-25.997517,-150.00002,0,0
-35.769855,-25.997517,-150.00002,0,0
-36.769855,-25.997517,-150.00002,0,0
-37.769855,-25.997517,-150.00002,0,0
-38.769855,-25.997517,-150.00002,0,0
-39.769855,-25.997517,-150.00002,0,0
-40.769855,-25.997517,-150.00002,0,0
-41.769855,-25.997517,-150.00002,0,0
-42.769855,-25.997517,-150.00002,0,0
-43.769855,-25.997517,-150.00002,0,0
-44.769855,-25.997517,-150.00002,0,0
-45.769855,-25.997517,-150.00002,0,0
-46.769855,-25.997517,-150.00002,0,0
-47.769855,-25.997517,-150.00002,0,0
-48.769855,-25.997517,-150.00002,0,0
-49.769855,-25.997517,-150.00002,0,0
49.230145,-26.997517,-150.00002,0,0
48.230145,-26.997517,-150.00002,0,0
47.230145,-26.997517,-150.00002,0,0
46.230145,-26.997517,-150.00002,0,0
45.230145,-26.997517,-150.00002,0,0
44.230145,-26.997517,-150.00002,0,0
43.230145,-26.997517,-150.00002,0,0
42.230145,-26.997517,-150.00002,0,0
41.230145,-26.997517,-150.00002,0,0
40.230145,-26.997517,-150.00002,0,0
39.230145,-26.997517,-150.00002,0,0
38.230145,-26.997517,-150.00002,0,0
37.230145,-26.997517,-150.00002,0,0
36.230145,-26.997517,-150.00002,0,0
35.230145,-26.997517,-150.00002,0,0
34.230145,-26.997517,-150.00002,0,0
33.230145,-26.997517,-150.00002,0,0
32.230145,-26.997517,-150.00002,0,0
31.230145,-26.997517,-150.00002,0,0
30.230145,-26.997517,-150.00002,0,0
29.230145,-26.997517,-150.00002,0,0
28.230145,-26.997517,-150.00002,0,0
27.230145,-26.997517,-150.00002,0,0
26.230145,-26.997517,-150.00002,0,0
25.230145,-26.997517,-150.00002,0,0
24.230145,-26.997517,-150.00002,0,0
23.230145,-26.997517,-150.00002,0,0
22.230145,-26.997517,-150.00002,0,0
21.230145,-26.997517,-150.00002,0,0
20.230145,-26.997517,-150.00002,0,0
19.230145,-26.997517,-150.00002,0,0
18.230145,-26.997517,-150.00002,0,0
17.230145,-26.997517,-150.00002,0,0
16.230145,-26.997517,-150.00002,0,0
15.2301445,-26.997517,-150.00002,0,0
14.2301445,-26.997517,-150.00002,0,0
13.2301445,-26.997517,-150.00002,0,0
12.2301445,-26.997517,-150.00002,0,0
11.2301445,-26.997517,-150.00002,0,0
10.2301445,-26.997517,-150.00002,0,0
9.2301445,-26.997517,-150.00002,0,0
8.2301445,-26.997517,-150.00002,0,0
7.2301445,-26.997517,-150.00002,0,0
6.2301445,-26.997517,-150.00002,0,0
5.2301445,-26.997517,-150.00002,0,0
4.2301445,-26.997517,-150.00002,0,0
3.2301445,-26.997517,-150.00002,0,0
2.2301445,-26.997517,-150.00002,0,0
1.2301445,-26.997517,-150.00002,0,0
0.2301445,-26.997517,-150.00002,0,0
-0.7698555,-26.997517,-150.00002,0,0
-1.7698555,-26.997517,-150.00002,0,0
-2.7698555,-26.997517,-150.00002,0,0
-3.7698555,-26.997517,-150.00002,0,0
-4.7698555,-26.997517,-150.00002,0,0
-5.7698555,-26.997517,-150.00002,0,0
-6.7698555,-26.997517,-150.00002,0,0
-7.7698555,-26.997517,-150.00002,0,0
-8.7698555,-26.997517,-150.00002,0,0
-9.7698555,-26.997517,-150.00002,0,0
-10.7698555,-26.997517,-150.00002,0,0
-11.7698555,-26.997517,-150.00002,0,0
-12.7698555,-26.997517,-150.00002,0,0
-13.7698555,-26.997517,-150.00002,0,0
-14.7698555,-26.997517,-150.00002,0,0
-15.7698555,-26.997517,-150.00002,0,0
-16.769855,-26.997517,-150.00002,0,0
-17.769855,-26.997517,-150.00002,0,0
-18.769855,-26.997517,-150.00002,0,0
-19.769855,-26.997517,-150.00002,0,0
-20.769855,-26.997517,-150.00002,0,0
-21.769855,-26.997517,-150.00002,0,0
-22.769855,-26.997517,-150.00002,0,0
-23.769855,-26.997517,-150.00002,0,0
-24.769855,-26.997517,-150.00002,0,0
-25.769855,-26.997517,-150.00002,0,0
-26.769855,-26.997517,-150.00002,0,0
-27.769855,-26.997517,-150.00002,0,0
-28.769855,-26.997517,-150.00002,0,0
-29.769855,-26.997517,-150.00002,0,0
-30.769855,-26.997517,-150.00002,0,0
-31.769855,-26.997517,-150.00002,0,0
-32.769855,-26.997517,-150.00002,0,0
-33.769855,-26.997517,-150.00002,0,0
-34.769855,-26.997517,-150.00002,0,0
-35.769855,-26.997517,-150.00002,0,0
-36.769855,-26.997517,-150.00002,0,0
-37.769855,-26.997517,-150.00002,0,0
-38.769855,-26.997517,-150.00002,0,0
-39.769855,-26.997517,-150.00002,0,0
-40.769855,-26.997517,-150.00002,0,0
-41.769855,-26.997517,-150.00002,0,0
-42.769855,-26.997517,-150.00002,0,0
-43.769855,-26.997517,-150.00002,0,0
-44.769855,-26.997517,-150.00002,0,0
-45.769855,-26.997517,-150.00002,0,0
-46.769855,-26.997517,-150.00002,0,0
-47.769855,-26.997517,-150.00002,0,0
-48.769855,-26.997517,-150.00002,0,0
-49.769855,-26.997517,-150.00002,0,0
49.230145,-27.997517,-150.00002,0,0
48.230145,-27.997517,-150.00002,0,0
47.230145,-27.997517,-150.00002,0,0
46.230145,-27.997517,-150.00002,0,0
45.230145,-27.997517,-150.00002,0,0
44.230145,-27.997517,-150.00002,0,0
43.230145,-27.997517,-150.00002,0,0
42.230145,-27.997517,-150.00002,0,0
41.230145,-27.997517,-150.00002,0,0
40.230145,-27.997517,-150.00002,0,0
39.230145,-27.997517,-150.00002,0,0
38.230145,-27.997517,-150.00002,0,0
37.230145,-27.997517,-150.00002,0,0
36.230145,-27.997517,-150.00002,0,0
35.230145,-27.997517,-150.00002,0,0
34.230145,-27.997517,-150.00002,0,0
33.230145,-27.997517,-150.00002,0,0
32.230145,-27.997517,-150.00002,0,0
31.230145,-27.997517,-150.00002,0,0
30.230145,-27.997517,-150.00002,0,0
29.230145,-27.997517,-150.00002,0,0
28.230145,-27.997517,-150.00002,0,0
27.230145,-27.997517,-150.00002,0,0
26.230145,-27.997517,-150.00002,0,0
25.230145,-27.997517,-150.00002,0,0
24.230145,-27.997517,-150.00002,0,0
23.230145,-27.997517,-150.00002,0,0
22.230145,-27.997517,-150.00002,0,0
21.230145,-27.997517,-150.00002,0,0
20.230145,-27.997517,-150.00002,0,0
19.230145,-27.997517,-150.00002,0,0
18.230145,-27.997517,-150.00002,0,0
17.230145,-27.997517,-150.00002,0,0
16.230145,-27.997517,-150.00002,0,0
15.2301445,-27.997517,-150.00002,0,0
14.2301445,-27.997517,-150.00002,0,0
13.2301445,-27.997517,-150.00002,0,0
12.2301445,-27.997517,-150.00002,0,0
11.2301445,-27.997517,-150.00002,0,0
10.2301445,-27.997517,-150.00002,0,0
9.2301445,-27.997517,-150.00002,0,0
8.2301445,-27.997517,-150.00002,0,0
7.2301445,-27.997517,-150.00002,0,0
6.2301445,-27.997517,-150.00002,0,0
5.2301445,-27.997517,-150.00002,0,0
4.2301445,-27.997517,-150.00002,0,0
3.2301445,-27.997517,-150.00002,0,0
2.2301445,-27.997517,-150.00002,0,0
1.2301445,-27.997517,-150.00002,0,0
0.2301445,-27.997517,-150.00002,0,0
-0.7698555,-27.997517,-150.00002,0,0
-1.7698555,-27.997517,-150.00002,0,0
-2.7698555,-27.997517,-150.00002,0,0
-3.7698555,-27.997517,-150.00002,0,0
-4.7698555,-27.997517,-150.00002,0,0
-5.7698555,-27.997517,-150.00002,0,0
-6.7698555,-27.997517,-150.00002,0,0
-7.7698555,-27.997517,-150.00002,0,0
-8.7698555,-27.997517,-150.00002,0,0
-9.7698555,-27.997517,-150.00002,0,0
-10.7698555,-27.997517,-150.00002,0,0
-11.7698555,-27.997517,-150.00002,0,0
-12.7698555,-27.997517,-150.00002,0,0
-13.7698555,-27.997517,-150.00002,0,0
-14.7698555,-27.997517,-150.00002,0,0
-15.7698555,-27.997517,-150.00002,0,0
-16.769855,-27.997517,-150.00002,0,0
-17.769855,-27.997517,-150.00002,0,0
-18.769855,-27.997517,-150.00002,0,0
-19.769855,-27.997517,-150.00002,0,0
-20.769855,-27.997517,-150.00002,0,0
-21.769855,-27.997517,-150.00002,0,0
-22.769855,-27.997517,-150.00002,0,0
-23.769855,-27.997517,-150.00002,0,0
-24.769855,-27.997517,-150.00002,0,0
-25.769855,-27.997517,-150.00002,0,0
-26.769855,-27.997517,-150.00002,0,0
-27.769855,-27.997517,-150.00002,0,0
-28.769855,-27.997517,-150.00002,0,0
-29.769855,-27.997517,-150.00002,0,0
-30.769855,-27.997517,-150.00002,0,0
-31.769855,-27.997517,-150.00002,0,0
-32.769855,-27.997517,-150.00002,0,0
-33.769855,-27.997517,-150.00002,0,0
-34.769855,-27.997517,-150.00002,0,0
-35.769855,-27.997517,-150.00002,0,0
-36.769855,-27.997517,-150.00002,0,0
-37.769855,-27.997517,-150.00002,0,0
-38.769855,-27.997517,-150.00002,0,0
-39.769855,-27.997517,-150.00002,0,0
-40.769855,-27.997517,-150.00002,0,0
-41.769855,-27.997517,-150.00002,0,0
-42.769855,-27.997517,-150.00002,0,0
-43.769855,-27.997517,-150.00002,0,0
-44.769855,-27.997517,-150.00002,0,0
-45.769855,-27.997517,-150.00002,0,0
-46.769855,-27.997517,-150.00002,0,0
-47.769855,-27.997517,-150.00002,0,0
-48.769855,-27.997517,-150.00002,0,0
-49.769855,-27.997517,-150.00002,0,0
49.230145,-28.997517,-150.00002,0,0
48.230145,-28.997517,-150.00002,0,0
47.230145,-28.997517,-150.00002,0,0
46.230145,-28.997517,-150.00002,0,0
45.230145,-28.997517,-150.00002,0,0
44.230145,-28.997517,-150.00002,0,0
43.230145,-28.997517,-150.00002,0,0
42.230145,-28.997517,-150.00002,0,0
41.230145,-28.997517,-150.00002,0,0
40.230145,-28.997517,-150.00002,0,0
39.230145,-28.997517,-150.00002,0,0
38.230145,-28.997517,-150.00002,0,0
37.230145,-28.997517,-150.00002,0,0
36.230145,-28.997517,-150.00002,0,0
35.230145,-28.997517,-150.00002,0,0
34.230145,-28.997517,-150.00002,0,0
33.230145,-28.997517,-150.00002,0,0
32.230145,-28.997517,-150.00002,0,0
31.230145,-28.997517,-150.00002,0,0
30.230145,-28.997517,-150.00002,0,0
29.230145,-28.997517,-150.00002,0,0
28.230145,-28.997517,-150.00002,0,0
27.230145,-28.997517,-150.00002,0,0
26.230145,-28.997517,-150.00002,0,0
25.230145,-28.997517,-150.00002,0,0
24.230145,-28.997517,-150.00002,0,0
23.230145,-28.997517,-150.00002,0,0
22.230145,-28.997517,-150.00002,0,0
21.230145,-28.997517,-150.00002,0,0
20.230145,-28.997517,-150.00002,0,0
19.230145,-28.997517,-150.00002,0,0
18.230145,-28.997517,-150.00002,0,0
17.230145,-28.997517,-150.00002,0,0
16.230145,-28.997517,-150.00002,0,0
15.2301445,-28.997517,-150.00002,0,0
14.2301445,-28.997517,-150.00002,0,0
13.2301445,-28.997517,-150.00002,0,0
12.2301445,-28.997517,-150.00002,0,0
11.2301445,-28.997517,-150.00002,0,0
10.2301445,-28.997517,-150.00002,0,0
9.2301445,-28.997517,-150.00002,0,0
8.2301445,-28.997517,-150.00002,0,0
7.2301445,-28.997517,-150.00002,0,0
6.2301445,-28.997517,-150.00002,0,0
5.2301445,-28.997517,-150.00002,0,0
4.2301445,-28.997517,-150.00002,0,0
3.2301445,-28.997517,-150.00002,0,0
2.2301445,-28.997517,-150.00002,0,0
1.2301445,-28.997517,-150.00002,0,0
0.2301445,-28.997517,-150.00002,0,0
-0.7698555,-28.997517,-150.00002,0,0
-1.7698555,-28.997517,-150.00002,0,0
-2.7698555,-28.997517,-150.00002,0,0
-3.7698555,-28.997517,-150.00002,0,0
-4.7698555,-28.997517,-150.00002,0,0
-5.7698555,-28.997517,-150.00002,0,0
-6.7698555,-28.997517,-150.00002,0,0
-7.7698555,-28.997517,-150.00002,0,0
-8.7698555,-28.997517,-150.00002,0,0
-9.7698555,-28.997517,-150.00002,0,0
-10.7698555,-28.997517,-150.00002,0,0
-11.7698555,-28.997517,-150.00002,0,0
-12.7698555,-28.997517,-150.00002,0,0
-13.7698555,-28.997517,-150.00002,0,0
-14.7698555,-28.997517,-150.00002,0,0
-15.7698555,-28.997517,-150.00002,0,0
-16.769855,-28.997517,-150.00002,0,0
-17.769855,-28.997517,-150.00002,0,0
-18.769855,-28.997517,-150.00002,0,0
-19.769855,-28.997517,-150.00002,0,0
-20.769855,-28.997517,-150.00002,0,0
-21.769855,-28.997517,-150.00002,0,0
-22.769855,-28.997517,-150.00002,0,0
-23.769855,-28.997517,-150.00002,0,0
-24.769855,-28.997517,-150.00002,0,0
-25.769855,-28.997517,-150.00002,0,0
-26.769855,-28.997517,-150.00002,0,0
-27.769855,-28.997517,-150.00002,0,0
-28.769855,-28.997517,-150.00002,0,0
-29.769855,-28.997517,-150.00002,0,0
-30.769855,-28.997517,-150.00002,0,0
-31.769855,-28.997517,-150.00002,0,0
-32.769855,-28.997517,-150.00002,0,0
-33.769855,-28.997517,-150.00002,0,0
-34.769855,-28.997517,-150.00002,0,0
-35.769855,-28.997517,-150.00002,0,0
-36.769855,-28.997517,-150.00002,0,0
-37.769855,-28.997517,-150.00002,0,0
-38.769855,-28.997517,-150.00002,0,0
-39.769855,-28.997517,-150.00002,0,0
-40.769855,-28.997517,-150.00002,0,0
-41.769855,-28.997517,-150.00002,0,0
-42.769855,-28.997517,-150.00002,0,0
-43.769855,-28.997517,-150.00002,0,0
-44.769855,-28.997517,-150.00002,0,0
-45.769855,-28.997517,-150.00002,0,0
-46.769855,-28.997517,-150.00002,0,0
-47.769855,-28.997517,-150.00002,0,0
-48.769855,-28.997517,-150.00002,0,0
-49.769855,-28.997517,-150.00002,0,0
49.230145,-29.997517,-150.00002,0,0
48.230145,-29.997517,-150.00002,0,0
47.230145,-29.997517,-150.00002,0,0
46.230145,-29.997517,-150.00002,0,0
45.230145,-29.997517,-150.00002,0,0
44.230145,-29.997517,-150.00002,0,0
43.230145,-29.997517,-150.00002,0,0
42.230145,-29.997517,-150.00002,0,0
41.230145,-29.997517,-150.00002,0,0
40.230145,-29.997517,-150.00002,0,0
39.230145,-29.997517,-150.00002,0,0
38.230145,-29.997517,-150.00002,0,0
37.230145,-29.997517,-150.00002,0,0
36.230145,-29.997517,-150.00002,0,0
35.230145,-29.997517,-150.00002,0,0
34.230145,-29.997517,-150.00002,0,0
33.230145,-29.997517,-150.00002,0,0
32.230145,-29.997517,-150.00002,0,0
31.230145,-29.997517,-150.00002,0,0
30.230145,-29.997517,-150.00002,0,0
29.230145,-29.997517,-150.00002,0,0
28.230145,-29.997517,-150.00002,0,0
27.230145,-29.997517,-150.00002,0,0
26.230145,-29.997517,-150.00002,0,0
25.230145,-29.997517,-150.00002,0,0
24.230145,-29.997517,-150.00002,0,0
23.230145,-29.997517,-150.00002,0,0
22.230145,-29.997517,-150.00002,0,0
21.230145,-29.997517,-150.00002,0,0
20.230145,-29.997517,-150.00002,0,0
19.230145,-29.997517,-150.00002,0,0
18.230145,-29.997517,-150.00002,0,0
17.230145,-29.997517,-150.00002,0,0
16.230145,-29.997517,-150.00002,0,0
15.2301445,-29.997517,-150.00002,0,0
14.2301445,-29.997517,-150.00002,0,0
13.2301445,-29.997517,-150.00002,0,0
12.2301445,-29.997517,-150.00002,0,0
11.2301445,-29.997517,-150.00002,0,0
10.2301445,-29.997517,-150.00002,0,0
9.2301445,-29.997517,-150.00002,0,0
8.2301445,-29.997517,-150.00002,0,0
7.2301445,-29.997517,-150.00002,0,0
6.2301445,-29.997517,-150.00002,0,0
5.2301445,-29.997517,-150.00002,0,0
4.2301445,-29.997517,-150.00002,0,0
3.2301445,-29.997517,-150.00002,0,0
2.2301445,-29.997517,-150.00002,0,0
1.2301445,-29.997517,-150.00002,0,0
0.2301445,-29.997517,-150.00002,0,0
-0.7698555,-29.997517,-150.00002,0,0
-1.7698555,-29.997517,-150.00002,0,0
-2.7698555,-29.997517,-150.00002,0,0
-3.7698555,-29.997517,-150.00002,0,0
-4.7698555,-29.997517,-150.00002,0,0
-5.7698555,-29.997517,-150.00002,0,0
-6.7698555,-29.997517,-150.00002,0,0
-7.7698555,-29.997517,-150.00002,0,0
-8.7698555,-29.997517,-150.00002,0,0
-9.7698555,-29.997517,-150.00002,0,0
-10.7698555,-29.997517,-150.00002,0,0
-11.7698555,-29.997517,-150.00002,0,0
-12.7698555,-29.997517,-150.00002,0,0
-13.7698555,-29.997517,-150.00002,0,0
-14.7698555,-29.997517,-150.00002,0,0
-15.7698555,-29.997517,-150.00002,0,0
-16.769855,-29.997517,-150.00002,0,0
-17.769855,-29.997517,-150.00002,0,0
-18.769855,-29.997517,-150.00002,0,0
-19.769855,-29.997517,-150.00002,0,0
-20.769855,-29.997517,-150.00002,0,0
-21.769855,-29.997517,-150.00002,0,0
-22.769855,-29.997517,-150.00002,0,0
-23.769855,-29.997517,-150.00002,0,0
-24.769855,-29.997517,-150.00002,0,0
-25.769855,-29.997517,-150.00002,0,0
-26.769855,-29.997517,-150.00002,0,0
-27.769855,-29.997517,-150.00002,0,0
-28.769855,-29.997517,-150.00002,0,0
-29.769855,-29.997517,-150.00002,0,0
-30.769855,-29.997517,-150.00002,0,0
-31.769855,-29.997517,-150.00002,0,0
-32.769855,-29.997517,-150.00002,0,0
-33.769855,-29.997517,-150.00002,0,0
-34.769855,-29.997517,-150.00002,0,0
-35.769855,-29.997517,-150.00002,0,0
-36.769855,-29.997517,-150.00002,0,0
-37.769855,-29.997517,-150.00002,0,0
-38.769855,-29.997517,-150.00002,0,0
-39.769855,-29.997517,-150.00002,0,0
-40.769855,-29.997517,-150.00002,0,0
-41.769855,-29.997517,-150.00002,0,0
-42.769855,-29.997517,-150.00002,0,0
-43.769855,-29.997517,-150.00002,0,0
-44.769855,-29.997517,-150.00002,0,0
-45.769855,-29.997517,-150.00002,0,0
-46.769855,-29.997517,-150.00002,0,0
-47.769855,-29.997517,-150.00002,0,0
-48.769855,-29.997517,-150.00002,0,0
-49.769855,-29.997517,-150.00002,0,0
49.230145,-30.997517,-150.00002,0,0
48.230145,-30.997517,-150.00002,0,0
47.230145,-30.997517,-150.00002,0,0
46.230145,-30.997517,-150.00002,0,0
45.230145,-30.997517,-150.00002,0,0
44.230145,-30.997517,-150.00002,0,0
43.230145,-30.997517,-150.00002,0,0
42.230145,-30.997517,-150.00002,0,0
41.230145,-30.997517,-150.00002,0,0
40.230145,-30.997517,-150.00002,0,0
39.230145,-30.997517,-150.00002,0,0
38.230145,-30.997517,-150.00002,0,0
37.230145,-30.997517,-150.00002,0,0
36.230145,-30.997517,-150.00002,0,0
35.230145,-30.997517,-150.00002,0,0
34.230145,-30.997517,-150.00002,0,0
33.230145,-30.997517,-150.00002,0,0
32.230145,-30.997517,-150.00002,0,0
31.230145,-30.997517,-150.00002,0,0
30.230145,-30.997517,-150.00002,0,0
29.230145,-30.997517,-150.00002,0,0
28.230145,-30.997517,-150.00002,0,0
27.230145,-30.997517,-150.00002,0,0
26.230145,-30.997517,-150.00002,0,0
25.230145,-30.997517,-150.00002,0,0
24.230145,-30.997517,-150.00002,0,0
23.230145,-30.997517,-150.00002,0,0
22.230145,-30.997517,-150.00002,0,0
21.230145,-30.997517,-150.00002,0,0
20.230145,-30.997517,-150.00002,0,0
19.230145,-30.997517,-150.00002,0,0
18.230145,-30.997517,-150.00002,0,0
17.230145,-30.997517,-150.00002,0,0
16.230145,-30.997517,-150.00002,0,0
15.2301445,-30.997517,-150.00002,0,0
14.2301445,-30.997517,-150.00002,0,0
13.2301445,-30.997517,-150.00002,0,0
12.2301445,-30.997517,-150.00002,0,0
11.2301445,-30.997517,-150.00002,0,0
10.2301445,-30.997517,-150.00002,0,0
9.2301445,-30.997517,-150.00002,0,0
8.2301445,-30.997517,-150.00002,0,0
7.2301445,-30.997517,-150.00002,0,0
6.2301445,-30.997517,-150.00002,0,0
5.2301445,-30.997517,-150.00002,0,0
4.2301445,-30.997517,-150.00002,0,0
3.2301445,-30.997517,-150.00002,0,0
2.2301445,-30.997517,-150.00002,0,0
1.2301445,-30.997517,-150.00002,0,0
0.2301445,-30.997517,-150.00002,0,0
-0.7698555,-30.997517,-150.00002,0,0
-1.7698555,-30.997517,-150.00002,0,0
-2.7698555,-30.997517,-150.00002,0,0
-3.7698555,-30.997517,-150.00002,0,0
-4.7698555,-30.997517,-150.00002,0,0
-5.7698555,-30.997517,-150.00002,0,0
-6.7698555,-30.997517,-150.00002,0,0
-7.7698555,-30.997517,-150.00002,0,0
-8.7698555,-30.997517,-150.00002,0,0
-9.7698555,-30.997517,-150.00002,0,0
-10.7698555,-30.997517,-150.00002,0,0
-11.7698555,-30.997517,-150.00002,0,0
-12.7698555,-30.997517,-150.00002,0,0
-13.7698555,-30.997517,-150.00002,0,0
-14.7698555,-30.997517,-150.00002,0,0
-15.7698555,-30.997517,-150.00002,0,0
-16.769855,-30.997517,-150.00002,0,0
-17.769855,-30.997517,-150.00002,0,0
-18.769855,-30.997517,-150.00002,0,0
-19.769855,-30.997517,-150.00002,0,0
-20.769855,-30.997517,-150.00002,0,0
-21.769855,-30.997517,-150.00002,0,0
-22.769855,-30.997517,-150.00002,0,0
-23.769855,-30.997517,-150.00002,0,0
-24.769855,-30.997517,-150.00002,0,0
-25.769855,-30.997517,-150.00002,0,0
-26.769855,-30.997517,-150.00002,0,0
-27.769855,-30.997517,-150.00002,0,0
-28.769855,-30.997517,-150.00002,0,0
-29.769855,-30.997517,-150.00002,0,0
-30.769855,-30.997517,-150.00002,0,0
-31.769855,-30.997517,-150.00002,0,0
-32.769855,-30.997517,-150.00002,0,0
-33.769855,-30.997517,-150.00002,0,0
-34.769855,-30.997517,-150.00002,0,0
-35.769855,-30.997517,-150.00002,0,0
-36.769855,-30.997517,-150.00002,0,0
-37.769855,-30.997517,-150.00002,0,0
-38.769855,-30.997517,-150.00002,0,0
-39.769855,-30.997517,-150.00002,0,0
-40.769855,-30.997517,-150.00002,0,0
-41.769855,-30.997517,-150.00002,0,0
-42.769855,-30.997517,-150.00002,0,0
-43.769855,-30.997517,-150.00002,0,0
-44.769855,-30.997517,-150.00002,0,0
-45.769855,-30.997517,-150.00002,0,0
-46.769855,-30.997517,-150.00002,0,0
-47.769855,-30.997517,-150.00002,0,0
-48.769855,-30.997517,-150.00002,0,0
-49.769855,-30.997517,-150.00002,0,0
49.230145,-31.997517,-150.00002,0,0
48.230145,-31.997517,-150.00002,0,0
47.230145,-31.997517,-150.00002,0,0
46.230145,-31.997517,-150.00002,0,0
45.230145,-31.997517,-150.00002,0,0
44.230145,-31.997517,-150.00002,0,0
43.230145,-31.997517,-150.00002,0,0
42.230145,-31.997517,-150.00002,0,0
41.230145,-31.997517,-150.00002,0,0
40.230145,-31.997517,-150.00002,0,0
39.230145,-31.997517,-150.00002,0,0
38.230145,-31.997517,-150.00002,0,0
37.230145,-31.997517,-150.00002,0,0
36.230145,-31.997517,-150.00002,0,0
35.230145,-31.997517,-150.00002,0,0
34.230145,-31.997517,-150.00002,0,0
33.230145,-31.997517,-150.00002,0,0
32.230145,-31.997517,-150.00002,0,0
31.230145,-31.997517,-150.00002,0,0
30.230145,-31.997517,-150.00002,0,0
29.230145,-31.997517,-150.00002,0,0
28.230145,-31.997517,-150.00002,0,0
27.230145,-31.997517,-150.00002,0,0
26.230145,-31.997517,-150.00002,0,0
25.230145,-31.997517,-150.00002,0,0
24.230145,-31.997517,-150.00002,0,0
23.230145,-31.997517,-150.00002,0,0
22.230145,-31.997517,-150.00002,0,0
21.230145,-31.997517,-150.00002,0,0
20.230145,-31.997517,-150.00002,0,0
19.230145,-31.997517,-150.00002,0,0
18.230145,-31.997517,-150.00002,0,0
17.230145,-31.997517,-150.00002,0,0
16.230145,-31.997517,-150.00002,0,0
15.2301445,-31.997517,-150.00002,0,0
14.2301445,-31.997517,-150.00002,0,0
13.2301445,-31.997517,-150.00002,0,0
12.2301445,-31.997517,-150.00002,0,0
11.2301445,-31.997517,-150.00002,0,0
10.2301445,-31.997517,-150.00002,0,0
9.2301445,-31.997517,-150.00002,0,0
8.2301445,-31.997517,-150.00002,0,0
7.2301445,-31.997517,-150.00002,0,0
6.2301445,-31.997517,-150.00002,0,0
5.2301445,-31.997517,-150.00002,0,0
4.2301445,-31.997517,-150.00002,0,0
3.2301445,-31.997517,-150.00002,0,0
2.2301445,-31.997517,-150.00002,0,0
1.2301445,-31.997517,-150.00002,0,0
0.2301445,-31.997517,-150.00002,0,0
-0.7698555,-31.997517,-150.00002,0,0
-1.7698555,-31.997517,-150.00002,0,0
-2.7698555,-31.997517,-150.00002,0,0
-3.7698555,-31.997517,-150.00002,0,0
-4.7698555,-31.997517,-150.00002,0,0
-5.7698555,-31.997517,-150.00002,0,0
-6.7698555,-31.997517,-150.00002,0,0
-7.7698555,-31.997517,-150.00002,0,0
-8.7698555,-31.997517,-150.00002,0,0
-9.7698555,-31.997517,-150.00002,0,0
-10.7698555,-31.997517,-150.00002,0,0
-11.7698555,-31.997517,-150.00002,0,0
-12.7698555,-31.997517,-150.00002,0,0
-13.7698555,-31.997517,-150.00002,0,0
-14.7698555,-31.997517,-150.00002,0,0
-15.7698555,-31.997517,-150.00002,0,0
-16.769855,-31.997517,-150.00002,0,0
-17.769855,-31.997517,-150.00002,0,0
-18.769855,-31.997517,-150.00002,0,0
-19.769855,-31.997517,-150.00002,0,0
-20.769855,-31.997517,-150.00002,0,0
-21.769855,-31.997517,-150.00002,0,0
-22.769855,-31.997517,-150.00002,0,0
-23.769855,-31.997517,-150.00002,0,0
-24.769855,-31.997517,-150.00002,0,0
-25.769855,-31.997517,-150.00002,0,0
-26.769855,-31.997517,-150.00002,0,0
-27.769855,-31.997517,-150.00002,0,0
-28.769855,-31.997517,-150.00002,0,0
-29.769855,-31.997517,-150.00002,0,0
-30.769855,-31.997517,-150.00002,0,0
-31.769855,-31.997517,-150.00002,0,0
-32.769855,-31.997517,-150.00002,0,0
-33.769855,-31.997517,-150.00002,0,0
-34.769855,-31.997517,-150.00002,0,0
-35.769855,-31.997517,-150.00002,0,0
-36.769855,-31.997517,-150.00002,0,0
-37.769855,-31.997517,-150.00002,0,0
-38.769855,-31.997517,-150.00002,0,0
-39.769855,-31.997517,-150.00002,0,0
-40.769855,-31.997517,-150.00002,0,0
-41.769855,-31.997517,-150.00002,0,0
-42.769855,-31.997517,-150.00002,0,0
-43.769855,-31.997517,-150.00002,0,0
-44.769855,-31.997517,-150.00002,0,0
-45.769855,-31.997517,-150.00002,0,0
-46.769855,-31.997517,-150.00002,0,0
-47.769855,-31.997517,-150.00002,0,0
-48.769855,-31.997517,-150.00002,0,0
-49.769855,-31.997517,-150.00002,0,0
49.230145,-32.997517,-150.00002,0,0
48.230145,-32.997517,-150.00002,0,0
47.230145,-32.997517,-150.00002,0,0
46.230145,-32.997517,-150.00002,0,0
45.230145,-32.997517,-150.00002,0,0
44.230145,-32.997517,-150.00002,0,0
43.230145,-32.997517,-150.00002,0,0
42.230145,-32.997517,-150.00002,0,0
41.230145,-32.997517,-150.00002,0,0
40.230145,-32.997517,-150.00002,0,0
39.230145,-32.997517,-150.00002,0,0
38.230145,-32.997517,-150.00002,0,0
37.230145,-32.997517,-150.00002,0,0
36.230145,-32.997517,-150.00002,0,0
35.230145,-32.997517,-150.00002,0,0
34.230145,-32.997517,-150.00002,0,0
33.230145,-32.997517,-150.00002,0,0
32.230145,-32.997517,-150.00002,0,0
31.230145,-32.997517,-150.00002,0,0
30.230145,-32.997517,-150.00002,0,0
29.230145,-32.997517,-150.00002,0,0
28.230145,-32.997517,-150.00002,0,0
27.230145,-32.997517,-150.00002,0,0
26.230145,-32.997517,-150.00002,0,0
25.230145,-32.997517,-150.00002,0,0
24.230145,-32.997517,-150.00002,0,0
23.230145,-32.997517,-150.00002,0,0
22.230145,-32.997517,-150.00002,0,0
21.230145,-32.997517,-150.00002,0,0
20.230145,-32.997517,-150.00002,0,0
19.230145,-32.997517,-150.00002,0,0
18.230145,-32.997517,-150.00002,0,0
17.230145,-32.997517,-150.00002,0,0
16.230145,-32.997517,-150.00002,0,0
15.2301445,-32.997517,-150.00002,0,0
14.2301445,-32.997517,-150.00002,0,0
13.2301445,-32.997517,-150.00002,0,0
12.2301445,-32.997517,-150.00002,0,0
11.2301445,-32.997517,-150.00002,0,0
10.2301445,-32.997517,-150.00002,0,0
9.2301445,-32.997517,-150.00002,0,0
8.2301445,-32.997517,-150.00002,0,0
7.2301445,-32.997517,-150.00002,0,0
6.2301445,-32.997517,-150.00002,0,0
5.2301445,-32.997517,-150.00002,0,0
4.2301445,-32.997517,-150.00002,0,0
3.2301445,-32.997517,-150.00002,0,0
2.2301445,-32.997517,-150.00002,0,0
1.2301445,-32.997517,-150.00002,0,0
0.2301445,-32.997517,-150.00002,0,0
-0.7698555,-32.997517,-150.00002,0,0
-1.7698555,-32.997517,-150.00002,0,0
-2.7698555,-32.997517,-150.00002,0,0
-3.7698555,-32.997517,-150.00002,0,0
-4.7698555,-32.997517,-150.00002,0,0
-5.7698555,-32.997517,-150.00002,0,0
-6.7698555,-32.997517,-150.00002,0,0
-7.7698555,-32.997517,-150.00002,0,0
-8.7698555,-32.997517,-150.00002,0,0
-9.7698555,-32.997517,-150.00002,0,0
-10.7698555,-32.997517,-150.00002,0,0
-11.7698555,-32.997517,-150.00002,0,0
-12.7698555,-32.997517,-150.00002,0,0
-13.7698555,-32.997517,-150.00002,0,0
-14.7698555,-32.997517,-150.00002,0,0
-15.7698555,-32.997517,-150.00002,0,0
-16.769855,-32.997517,-150.00002,0,0
-17.769855,-32.997517,-150.00002,0,0
-18.769855,-32.997517,-150.00002,0,0
-19.769855,-32.997517,-150.00002,0,0
-20.769855,-32.997517,-150.00002,0,0
-21.769855,-32.997517,-150.00002,0,0
-22.769855,-32.997517,-150.00002,0,0
-23.769855,-32.997517,-150.00002,0,0
-24.769855,-32.997517,-150.00002,0,0
-25.769855,-32.997517,-150.00002,0,0
-26.769855,-32.997517,-150.00002,0,0
-27.769855,-32.997517,-150.00002,0,0
-28.769855,-32.997517,-150.00002,0,0
-29.769855,-32.997517,-150.00002,0,0
-30.769855,-32.997517,-150.00002,0,0
-31.769855,-32.997517,-150.00002,0,0
-32.769855,-32.997517,-150.00002,0,0
-33.769855,-32.997517,-150.00002,0,0
-34.769855,-32.997517,-150.00002,0,0
-35.769855,-32.997517,-150.00002,0,0
-36.769855,-32.997517,-150.00002,0,0
-37.769855,-32.997517,-150.00002,0,0
-38.769855,-32.997517,-150.00002,0,0
-39.769855,-32.997517,-150.00002,0,0
-40.769855,-32.997517,-150.00002,0,0
-41.769855,-32.997517,-150.00002,0,0
-42.769855,-32.997517,-150.00002,0,0
-43.769855,-32.997517,-150.00002,0,0
-44.769855,-32.997517,-150.00002,0,0
-45.769855,-32.997517,-150.00002,0,0
-46.769855,-32.997517,-150.00002,0,0
-47.769855,-32.997517,-150.00002,0,0
-48.769855,-32.997517,-150.00002,0,0
-49.769855,-32.997517,-150.00002,0,0
49.230145,-33.997517,-150.00002,0,0
48.230145,-33.997517,-150.00002,0,0
47.230145,-33.997517,-150.00002,0,0
46.230145,-33.997517,-150.00002,0,0
45.230145,-33.997517,-150.00002,0,0
44.230145,-33.997517,-150.00002,0,0
43.230145,-33.997517,-150.00002,0,0
42.230145,-33.997517,-150.00002,0,0
41.230145,-33.997517,-150.00002,0,0
40.230145,-33.997517,-150.00002,0,0
39.230145,-33.997517,-150.00002,0,0
38.230145,-33.997517,-150.00002,0,0
37.230145,-33.997517,-150.00002,0,0
36.230145,-33.997517,-150.00002,0,0
35.230145,-33.997517,-150.00002,0,0
34.230145,-33.997517,-150.00002,0,0
33.230145,-33.997517,-150.00002,0,0
32.230145,-33.997517,-150.00002,0,0
31.230145,-33.997517,-150.00002,0,0
30.230145,-33.997517,-150.00002,0,0
29.230145,-33.997517,-150.00002,0,0
28.230145,-33.997517,-150.00002,0,0
27.230145,-33.997517,-150.00002,0,0
26.230145,-33.997517,-150.00002,0,0
25.230145,-33.997517,-150.00002,0,0
24.230145,-33.997517,-150.00002,0,0
23.230145,-33.997517,-150.00002,0,0
22.230145,-33.997517,-150.00002,0,0
21.230145,-33.997517,-150.00002,0,0
20.230145,-33.997517,-150.00002,0,0
19.230145,-33.997517,-150.00002,0,0
18.230145,-33.997517,-150.00002,0,0
17.230145,-33.997517,-150.00002,0,0
16.230145,-33.997517,-150.00002,0,0
15.2301445,-33.997517,-150.00002,0,0
14.2301445,-33.997517,-150.00002,0,0
13.2301445,-33.997517,-150.00002,0,0
12.2301445,-33.997517,-150.00002,0,0
11.2301445,-33.997517,-150.00002,0,0
10.2301445,-33.997517,-150.00002,0,0
9.2301445,-33.997517,-150.00002,0,0
8.2301445,-33.997517,-150.00002,0,0
7.2301445,-33.997517,-150.00002,0,0
6.2301445,-33.997517,-150.00002,0,0
5.2301445,-33.997517,-150.00002,0,0
4.2301445,-33.997517,-150.00002,0,0
3.2301445,-33.997517,-150.00002,0,0
2.2301445,-33.997517,-150.00002,0,0
1.2301445,-33.997517,-150.00002,0,0
0.2301445,-33.997517,-150.00002,0,0
-0.7698555,-33.997517,-150.00002,0,0
-1.7698555,-33.997517,-150.00002,0,0
-2.7698555,-33.997517,-150.00002,0,0
-3.7698555,-33.997517,-150.00002,0,0
-4.7698555,-33.997517,-150.00002,0,0
-5.7698555,-33.997517,-150.00002,0,0
-6.7698555,-33.997517,-150.00002,0,0
-7.7698555,-33.997517,-150.00002,0,0
-8.7698555,-33.997517,-150.00002,0,0
-9.7698555,-33.997517,-150.00002,0,0
-10.7698555,-33.997517,-150.00002,0,0
-11.7698555,-33.997517,-150.00002,0,0
-12.7698555,-33.997517,-150.00002,0,0
-13.7698555,-33.997517,-150.00002,0,0
-14.7698555,-33.997517,-150.00002,0,0
-15.7698555,-33.997517,-150.00002,0,0
-16.769855,-33.997517,-150.00002,0,0
-17.769855,-33.997517,-150.00002,0,0
-18.769855,-33.997517,-150.00002,0,0
-19.769855,-33.997517,-150.00002,0,0
-20.769855,-33.997517,-150.00002,0,0
-21.769855,-33.997517,-150.00002,0,0
-22.769855,-33.997517,-150.00002,0,0
-23.769855,-33.997517,-150.00002,0,0
-24.769855,-33.997517,-150.00002,0,0
-25.769855,-33.997517,-150.00002,0,0
-26.769855,-33.997517,-150.00002,0,0
-27.769855,-33.997517,-150.00002,0,0
-28.769855,-33.997517,-150.00002,0,0
-29.769855,-33.997517,-150.00002,0,0
-30.769855,-33.997517,-150.00002,0,0
-31.769855,-33.997517,-150.00002,0,0
-32.769855,-33.997517,-150.00002,0,0
-33.769855,-33.997517,-150.00002,0,0
-34.769855,-33.997517,-150.00002,0,0
-35.769855,-33.997517,-150.00002,0,0
-36.769855,-33.997517,-150.00002,0,0
-37.769855,-33.997517,-150.00002,0,0
-38.769855,-33.997517,-150.00002,0,0
-39.769855,-33.997517,-150.00002,0,0
-40.769855,-33.997517,-150.00002,0,0
-41.769855,-33.997517,-150.00002,0,0
-42.769855,-33.997517,-150.00002,0,0
-43.769855,-33.997517,-150.00002,0,0
-44.769855,-33.997517,-150.00002,0,0
-45.769855,-33.997517,-150.00002,0,0
-46.769855,-33.997517,-150.00002,0,0
-47.769855,-33.997517,-150.00002,0,0
-48.769855,-33.997517,-150.00002,0,0
-49.769855,-33.997517,-150.00002,0,0
49.230145,-34.997517,-150.00002,0,0
48.230145,-34.997517,-150.00002,0,0
47.230145,-34.997517,-150.00002,0,0
46.230145,-34.997517,-150.00002,0,0
45.230145,-34.997517,-150.00002,0,0
44.230145,-34.997517,-150.00002,0,0
43.230145,-34.997517,-150.00002,0,0
42.230145,-34.997517,-150.00002,0,0
41.230145,-34.997517,-150.00002,0,0
40.230145,-34.997517,-150.00002,0,0
39.230145,-34.997517,-150.00002,0,0
38.230145,-34.997517,-150.00002,0,0
37.230145,-34.997517,-150.00002,0,0
36.230145,-34.997517,-150.00002,0,0
35.230145,-34.997517,-150.00002,0,0
34.230145,-34.997517,-150.00002,0,0
33.230145,-34.997517,-150.00002,0,0
32.230145,-34.997517,-150.00002,0,0
31.230145,-34.997517,-150.00002,0,0
30.230145,-34.997517,-150.00002,0,0
29.230145,-34.997517,-150.00002,0,0
28.230145,-34.997517,-150.00002,0,0
27.230145,-34.997517,-150.00002,0,0
26.230145,-34.997517,-150.00002,0,0
25.230145,-34.997517,-150.00002,0,0
24.230145,-34.997517,-150.00002,0,0
23.230145,-34.997517,-150.00002,0,0
22.230145,-34.997517,-150.00002,0,0
21.230145,-34.997517,-150.00002,0,0
20.230145,-34.997517,-150.00002,0,0
19.230145,-34.997517,-150.00002,0,0
18.230145,-34.997517,-150.00002,0,0
17.230145,-34.997517,-150.00002,0,0
16.230145,-34.997517,-150.00002,0,0
15.2301445,-34.997517,-150.00002,0,0
14.2301445,-34.997517,-150.00002,0,0
13.2301445,-34.997517,-150.00002,0,0
12.2301445,-34.997517,-150.00002,0,0
11.2301445,-34.997517,-150.00002,0,0
10.2301445,-34.997517,-150.00002,0,0
9.2301445,-34.997517,-150.00002,0,0
8.2301445,-34.997517,-150.00002,0,0
7.2301445,-34.997517,-150.00002,0,0
6.2301445,-34.997517,-150.00002,0,0
5.2301445,-34.997517,-150.00002,0,0
4.2301445,-34.997517,-150.00002,0,0
3.2301445,-34.997517,-150.00002,0,0
2.2301445,-34.997517,-150.00002,0,0
1.2301445,-34.997517,-150.00002,0,0
0.2301445,-34.997517,-150.00002,0,0
-0.7698555,-34.997517,-150.00002,0,0
-1.7698555,-34.997517,-150.00002,0,0
-2.7698555,-34.997517,-150.00002,0,0
-3.7698555,-34.997517,-150.00002,0,0
-4.7698555,-34.997517,-150.00002,0,0
-5.7698555,-34.997517,-150.00002,0,0
-6.7698555,-34.997517,-150.00002,0,0
-7.7698555,-34.997517,-150.00002,0,0
-8.7698555,-34.997517,-150.00002,0,0
-9.7698555,-34.997517,-150.00002,0,0
-10.7698555,-34.997517,-150.00002,0,0
-11.7698555,-34.997517,-150.00002,0,0
-12.7698555,-34.997517,-150.00002,0,0
-13.7698555,-34.997517,-150.00002,0,0
-14.7698555,-34.997517,-150.00002,0,0
-15.7698555,-34.997517,-150.00002,0,0
-16.769855,-34.997517,-150.00002,0,0
-17.769855,-34.997517,-150.00002,0,0
-18.769855,-34.997517,-150.00002,0,0
-19.769855,-34.997517,-150.00002,0,0
-20.769855,-34.997517,-150.00002,0,0
-21.769855,-34.997517,-150.00002,0,0
-22.769855,-34.997517,-150.00002,0,0
-23.769855,-34.997517,-150.00002,0,0
-24.769855,-34.997517,-150.00002,0,0
-25.769855,-34.997517,-150.00002,0,0
-26.769855,-34.997517,-150.00002,0,0
-27.769855,-34.997517,-150.00002,0,0
-28.769855,-34.997517,-150.00002,0,0
-29.769855,-34.997517,-150.00002,0,0
-30.769855,-34.997517,-150.00002,0,0
-31.769855,-34.997517,-150.00002,0,0
-32.769855,-34.997517,-150.00002,0,0
-33.769855,-34.997517,-150.00002,0,0
-34.769855,-34.997517,-150.00002,0,0
-35.769855,-34.997517,-150.00002,0,0
-36.769855,-34.997517,-150.00002,0,0
-37.769855,-34.997517,-150.00002,0,0
-38.769855,-34.997517,-150.00002,0,0
-39.769855,-34.997517,-150.00002,0,0
-40.769855,-34.997517,-150.00002,0,0
-41.769855,-34.997517,-150.00002,0,0
-42.769855,-34.997517,-150.00002,0,0
-43.769855,-34.997517,-150.00002,0,0
-44.769855,-34.997517,-150.00002,0,0
-45.769855,-34.997517,-150.00002,0,0
-46.769855,-34.997517,-150.00002,0,0
-47.769855,-34.997517,-150.00002,0,0
-48.769855,-34.997517,-150.00002,0,0
-49.769855,-34.997517,-150.00002,0,0
49.230145,-35.997517,-150.00002,0,0
48.230145,-35.997517,-150.00002,0,0
47.230145,-35.997517,-150.00002,0,0
46.230145,-35.997517,-150.00002,0,0
45.230145,-35.997517,-150.00002,0,0
44.230145,-35.997517,-150.00002,0,0
43.230145,-35.997517,-150.00002,0,0
42.230145,-35.997517,-150.00002,0,0
41.230145,-35.997517,-150.00002,0,0
40.230145,-35.997517,-150.00002,0,0
39.230145,-35.997517,-150.00002,0,0
38.230145,-35.997517,-150.00002,0,0
37.230145,-35.997517,-150.00002,0,0
36.230145,-35.997517,-150.00002,0,0
35.230145,-35.997517,-150.00002,0,0
34.230145,-35.997517,-150.00002,0,0
33.230145,-35.997517,-150.00002,0,0
32.230145,-35.997517,-150.00002,0,0
31.230145,-35.997517,-150.00002,0,0
30.230145,-35.997517,-150.00002,0,0
29.230145,-35.997517,-150.00002,0,0
28.230145,-35.997517,-150.00002,0,0
27.230145,-35.997517,-150.00002,0,0
26.230145,-35.997517,-150.00002,0,0
25.230145,-35.997517,-150.00002,0,0
24.230145,-35.997517,-150.00002,0,0
23.230145,-35.997517,-150.00002,0,0
22.230145,-35.997517,-150.00002,0,0
21.230145,-35.997517,-150.00002,0,0
20.230145,-35.997517,-150.00002,0,0
19.230145,-35.997517,-150.00002,0,0
18.230145,-35.997517,-150.00002,0,0
17.230145,-35.997517,-150.00002,0,0
16.230145,-35.997517,-150.00002,0,0
15.2301445,-35.997517,-150.00002,0,0
14.2301445,-35.997517,-150.00002,0,0
13.2301445,-35.997517,-150.00002,0,0
12.2301445,-35.997517,-150.00002,0,0
11.2301445,-35.997517,-150.00002,0,0
10.2301445,-35.997517,-150.00002,0,0
9.2301445,-35.997517,-150.00002,0,0
8.2301445,-35.997517,-150.00002,0,0
7.2301445,-35.997517,-150.00002,0,0
6.2301445,-35.997517,-150.00002,0,0
5.2301445,-35.997517,-150.00002,0,0
4.2301445,-35.997517,-150.00002,0,0
3.2301445,-35.997517,-150.00002,0,0
2.2301445,-35.997517,-150.00002,0,0
1.2301445,-35.997517,-150.00002,0,0
0.2301445,-35.997517,-150.00002,0,0
-0.7698555,-35.997517,-150.00002,0,0
-1.7698555,-35.997517,-150.00002,0,0
-2.7698555,-35.997517,-150.00002,0,0
-3.7698555,-35.997517,-150.00002,0,0
-4.7698555,-35.997517,-150.00002,0,0
-5.7698555,-35.997517,-150.00002,0,0
-6.7698555,-35.997517,-150.00002,0,0
-7.7698555,-35.997517,-150.00002,0,0
-8.7698555,-35.997517,-150.00002,0,0
-9.7698555,-35.997517,-150.00002,0,0
-10.7698555,-35.997517,-150.00002,0,0
-11.7698555,-35.997517,-150.00002,0,0
-12.7698555,-35.997517,-150.00002,0,0
-13.7698555,-35.997517,-150.00002,0,0
-14.7698555,-35.997517,-150.00002,0,0
-15.7698555,-35.997517,-150.00002,0,0
-16.769855,-35.997517,-150.00002,0,0
-17.769855,-35.997517,-150.00002,0,0
-18.769855,-35.997517,-150.00002,0,0
-19.769855,-35.997517,-150.00002,0,0
-20.769855,-35.997517,-150.00002,0,0
-21.769855,-35.997517,-150.00002,0,0
-22.769855,-35.997517,-150.00002,0,0
-23.769855,-35.997517,-150.00002,0,0
-24.769855,-35.997517,-150.00002,0,0
-25.769855,-35.997517,-150.00002,0,0
-26.769855,-35.997517,-150.00002,0,0
-27.769855,-35.997517,-150.00002,0,0
-28.769855,-35.997517,-150.00002,0,0
-29.769855,-35.997517,-150.00002,0,0
-30.769855,-35.997517,-150.00002,0,0
-31.769855,-35.997517,-150.00002,0,0
-32.769855,-35.997517,-150.00002,0,0
-33.769855,-35.997517,-150.00002,0,0
-34.769855,-35.997517,-150.00002,0,0
-35.769855,-35.997517,-150.00002,0,0
-36.769855,-35.997517,-150.00002,0,0
-37.769855,-35.997517,-150.00002,0,0
-38.769855,-35.997517,-150.00002,0,0
-39.769855,-35.997517,-150.00002,0,0
-40.769855,-35.997517,-150.00002,0,0
-41.769855,-35.997517,-150.00002,0,0
-42.769855,-35.997517,-150.00002,0,0
-43.769855,-35.997517,-150.00002,0,0
-44.769855,-35.997517,-150.00002,0,0
-45.769855,-35.997517,-150.00002,0,0
-46.769855,-35.997517,-150.00002,0,0
-47.769855,-35.997517,-150.00002,0,0
-48.769855,-35.997517,-150.00002,0,0
-49.769855,-35.997517,-150.00002,0,0
49.230145,-36.997517,-150.00002,0,0
48.230145,-36.997517,-150.00002,0,0
47.230145,-36.997517,-150.00002,0,0
46.230145,-36.997517,-150.00002,0,0
45.230145,-36.997517,-150.00002,0,0
44.230145,-36.997517,-150.00002,0,0
43.230145,-36.997517,-150.00002,0,0
42.230145,-36.997517,-150.00002,0,0
41.230145,-36.997517,-150.00002,0,0
40.230145,-36.997517,-150.00002,0,0
39.230145,-36.997517,-150.00002,0,0
38.230145,-36.997517,-150.00002,0,0
37.230145,-36.997517,-150.00002,0,0
36.230145,-36.997517,-150.00002,0,0
35.230145,-36.997517,-150.00002,0,0
34.230145,-36.997517,-150.00002,0,0
33.230145,-36.997517,-150.00002,0,0
32.230145,-36.997517,-150.00002,0,0
31.230145,-36.997517,-150.00002,0,0
30.230145,-36.997517,-150.00002,0,0
29.230145,-36.997517,-150.00002,0,0
28.230145,-36.997517,-150.00002,0,0
27.230145,-36.997517,-150.00002,0,0
26.230145,-36.997517,-150.00002,0,0
25.230145,-36.997517,-150.00002,0,0
24.230145,-36.997517,-150.00002,0,0
23.230145,-36.997517,-150.00002,0,0
22.230145,-36.997517,-150.00002,0,0
21.230145,-36.997517,-150.00002,0,0
20.230145,-36.997517,-150.00002,0,0
19.230145,-36.997517,-150.00002,0,0
18.230145,-36.997517,-150.00002,0,0
17.230145,-36.997517,-150.00002,0,0
16.230145,-36.997517,-150.00002,0,0
15.2301445,-36.997517,-150.00002,0,0
14.2301445,-36.997517,-150.00002,0,0
13.2301445,-36.997517,-150.00002,0,0
12.2301445,-36.997517,-150.00002,0,0
11.2301445,-36.997517,-150.00002,0,0
10.2301445,-36.997517,-150.00002,0,0
9.2301445,-36.997517,-150.00002,0,0
8.2301445,-36.997517,-150.00002,0,0
7.2301445,-36.997517,-150.00002,0,0
6.2301445,-36.997517,-150.00002,0,0
5.2301445,-36.997517,-150.00002,0,0
4.2301445,-36.997517,-150.00002,0,0
3.2301445,-36.997517,-150.00002,0,0
2.2301445,-36.997517,-150.00002,0,0
1.2301445,-36.997517,-150.00002,0,0
0.2301445,-36.997517,-150.00002,0,0
-0.7698555,-36.997517,-150.00002,0,0
-1.7698555,-36.997517,-150.00002,0,0
-2.7698555,-36.997517,-150.00002,0,0
-3.7698555,-36.997517,-150.00002,0,0
-4.7698555,-36.997517,-150.00002,0,0
-5.7698555,-36.997517,-150.00002,0,0
-6.7698555,-36.997517,-150.00002,0,0
-7.7698555,-36.997517,-150.00002,0,0
-8.7698555,-36.997517,-150.00002,0,0
-9.7698555,-36.997517,-150.00002,0,0
-10.7698555,-36.997517,-150.00002,0,0
-11.7698555,-36.997517,-150.00002,0,0
-12.7698555,-36.997517,-150.00002,0,0
-13.7698555,-36.997517,-150.00002,0,0
-14.7698555,-36.997517,-150.00002,0,0
-15.7698555,-36.997517,-150.00002,0,0
-16.769855,-36.997517,-150.00002,0,0
-17.769855,-36.997517,-150.00002,0,0
-18.769855,-36.997517,-150.00002,0,0
-19.769855,-36.997517,-150.00002,0,0
-20.769855,-36.997517,-150.00002,0,0
-21.769855,-36.997517,-150.00002,0,0
-22.769855,-36.997517,-150.00002,0,0
-23.769855,-36.997517,-150.00002,0,0
-24.769855,-36.997517,-150.00002,0,0
-25.769855,-36.997517,-150.00002,0,0
-26.769855,-36.997517,-150.00002,0,0
-27.769855,-36.997517,-150.00002,0,0
-28.769855,-36.997517,-150.00002,0,0
-29.769855,-36.997517,-150.00002,0,0
-30.769855,-36.997517,-150.00002,0,0
-31.769855,-36.997517,-150.00002,0,0
-32.769855,-36.997517,-150.00002,0,0
-33.769855,-36.997517,-150.00002,0,0
-34.769855,-36.997517,-150.00002,0,0
-35.769855,-36.997517,-150.00002,0,0
-36.769855,-36.997517,-150.00002,0,0
-37.769855,-36.997517,-150.00002,0,0
-38.769855,-36.997517,-150.00002,0,0
-39.769855,-36.997517,-150.00002,0,0
-40.769855,-36.997517,-150.00002,0,0
-41.769855,-36.997517,-150.00002,0,0
-42.769855,-36.997517,-150.00002,0,0
-43.769855,-36.997517,-150.00002,0,0
-44.769855,-36.997517,-150.00002,0,0
-45.769855,-36.997517,-150.00002,0,0
-46.769855,-36.997517,-150.00002,0,0
-47.769855,-36.997517,-150.00002,0,0
-48.769855,-36.997517,-150.00002,0,0
-49.769855,-36.997517,-150.00002,0,0
49.230145,-37.997517,-150.00002,0,0
48.230145,-37.997517,-150.00002,0,0
47.230145,-37.997517,-150.00002,0,0
46.230145,-37.997517,-150.00002,0,0
45.230145,-37.997517,-150.00002,0,0
44.230145,-37.997517,-150.00002,0,0
43.230145,-37.997517,-150.00002,0,0
42.230145,-37.997517,-150.00002,0,0
41.230145,-37.997517,-150.00002,0,0
40.230145,-37.997517,-150.00002,0,0
39.230145,-37.997517,-150.00002,0,0
38.230145,-37.997517,-150.00002,0,0
37.230145,-37.997517,-150.00002,0,0
36.230145,-37.997517,-150.00002,0,0
35.230145,-37.997517,-150.00002,0,0
34.230145,-37.997517,-150.00002,0,0
33.230145,-37.997517,-150.00002,0,0
32.230145,-37.997517,-150.00002,0,0
31.230145,-37.997517,-150.00002,0,0
30.230145,-37.997517,-150.00002,0,0
29.230145,-37.997517,-150.00002,0,0
28.230145,-37.997517,-150.00002,0,0
27.230145,-37.997517,-150.00002,0,0
26.230145,-37.997517,-150.00002,0,0
25.230145,-37.997517,-150.00002,0,0
24.230145,-37.997517,-150.00002,0,0
23.230145,-37.997517,-150.00002,0,0
22.230145,-37.997517,-150.00002,0,0
21.230145,-37.997517,-150.00002,0,0
20.230145,-37.997517,-150.00002,0,0
19.230145,-37.997517,-150.00002,0,0
18.230145,-37.997517,-150.00002,0,0
17.230145,-37.997517,-150.00002,0,0
16.230145,-37.997517,-150.00002,0,0
15.2301445,-37.997517,-150.00002,0,0
14.2301445,-37.997517,-150.00002,0,0
13.2301445,-37.997517,-150.00002,0,0
12.2301445,-37.997517,-150.00002,0,0
11.2301445,-37.997517,-150.00002,0,0
10.2301445,-37.997517,-150.00002,0,0
9.2301445,-37.997517,-150.00002,0,0
8.2301445,-37.997517,-150.00002,0,0
7.2301445,-37.997517,-150.00002,0,0
6.2301445,-37.997517,-150.00002,0,0
5.2301445,-37.997517,-150.00002,0,0
4.2301445,-37.997517,-150.00002,0,0
3.2301445,-37.997517,-150.00002,0,0
2.2301445,-37.997517,-150.00002,0,0
1.2301445,-37.997517,-150.00002,0,0
0.2301445,-37.997517,-150.00002,0,0
-0.7698555,-37.997517,-150.00002,0,0
-1.7698555,-37.997517,-150.00002,0,0
-2.7698555,-37.997517,-150.00002,0,0
-3.7698555,-37.997517,-150.00002,0,0
-4.7698555,-37.997517,-150.00002,0,0
-5.7698555,-37.997517,-150.00002,0,0
-6.7698555,-37.997517,-150.00002,0,0
-7.7698555,-37.997517,-150.00002,0,0
-8.7698555,-37.997517,-150.00002,0,0
-9.7698555,-37.997517,-150.00002,0,0
-10.7698555,-37.997517,-150.00002,0,0
-11.7698555,-37.997517,-150.00002,0,0
-12.7698555,-37.997517,-150.00002,0,0
-13.7698555,-37.997517,-150.00002,0,0
-14.7698555,-37.997517,-150.00002,0,0
-15.7698555,-37.997517,-150.00002,0,0
-16.769855,-37.997517,-150.00002,0,0
-17.769855,-37.997517,-150.00002,0,0
-18.769855,-37.997517,-150.00002,0,0
-19.769855,-37.997517,-150.00002,0,0
-20.769855,-37.997517,-150.00002,0,0
-21.769855,-37.997517,-150.00002,0,0
-22.769855,-37.997517,-150.00002,0,0
-23.769855,-37.997517,-150.00002,0,0
-24.769855,-37.997517,-150.00002,0,0
-25.769855,-37.997517,-150.00002,0,0
-26.769855,-37.997517,-150.00002,0,0
-27.769855,-37.997517,-150.00002,0,0
-28.769855,-37.997517,-150.00002,0,0
-29.769855,-37.997517,-150.00002,0,0
-30.769855,-37.997517,-150.00002,0,0
-31.769855,-37.997517,-150.00002,0,0
-32.769855,-37.997517,-150.00002,0,0
-33.769855,-37.997517,-150.00002,0,0
-34.769855,-37.997517,-150.00002,0,0
-35.769855,-37.997517,-150.00002,0,0
-36.769855,-37.997517,-150.00002,0,0
-37.769855,-37.997517,-150.00002,0,0
-38.769855,-37.997517,-150.00002,0,0
-39.769855,-37.997517,-150.00002,0,0
-40.769855,-37.997517,-150.00002,0,0
-41.769855,-37.997517,-150.00002,0,0
-42.769855,-37.997517,-150.00002,0,0
-43.769855,-37.997517,-150.00002,0,0
-44.769855,-37.997517,-150.00002,0,0
-45.769855,-37.997517,-150.00002,0,0
-46.769855,-37.997517,-150.00002,0,0
-47.769855,-37.997517,-150.00002,0,0
-48.769855,-37.997517,-150.00002,0,0
-49.769855,-37.997517,-150.00002,0,0
49.230145,-38.997517,-150.00002,0,0
48.230145,-38.997517,-150.00002,0,0
47.230145,-38.997517,-150.00002,0,0
46.230145,-38.997517,-150.00002,0,0
45.230145,-38.997517,-150.00002,0,0
44.230145,-38.997517,-150.00002,0,0
43.230145,-38.997517,-150.00002,0,0
42.230145,-38.997517,-150.00002,0,0
41.230145,-38.997517,-150.00002,0,0
40.230145,-38.997517,-150.00002,0,0
39.230145,-38.997517,-150.00002,0,0
38.230145,-38.997517,-150.00002,0,0
37.230145,-38.997517,-150.00002,0,0
36.230145,-38.997517,-150.00002,0,0
35.230145,-38.997517,-150.00002,0,0
34.230145,-38.997517,-150.00002,0,0
33.230145,-38.997517,-150.00002,0,0
32.230145,-38.997517,-150.00002,0,0
31.230145,-38.997517,-150.00002,0,0
30.230145,-38.997517,-150.00002,0,0
29.230145,-38.997517,-150.00002,0,0
28.230145,-38.997517,-150.00002,0,0
27.230145,-38.997517,-150.00002,0,0
26.230145,-38.997517,-150.00002,0,0
25.230145,-38.997517,-150.00002,0,0
24.230145,-38.997517,-150.00002,0,0
23.230145,-38.997517,-150.00002,0,0
22.230145,-38.997517,-150.00002,0,0
21.230145,-38.997517,-150.00002,0,0
20.230145,-38.997517,-150.00002,0,0
19.230145,-38.997517,-150.00002,0,0
18.230145,-38.997517,-150.00002,0,0
17.230145,-38.997517,-150.00002,0,0
16.230145,-38.997517,-150.00002,0,0
15.2301445,-38.997517,-150.00002,0,0
14.2301445,-38.997517,-150.00002,0,0
13.2301445,-38.997517,-150.00002,0,0
12.2301445,-38.997517,-150.00002,0,0
11.2301445,-38.997517,-150.00002,0,0
10.2301445,-38.997517,-150.00002,0,0
9.2301445,-38.997517,-150.00002,0,0
8.2301445,-38.997517,-150.00002,0,0
7.2301445,-38.997517,-150.00002,0,0
6.2301445,-38.997517,-150.00002,0,0
5.2301445,-38.997517,-150.00002,0,0
4.2301445,-38.997517,-150.00002,0,0
3.2301445,-38.997517,-150.00002,0,0
2.2301445,-38.997517,-150.00002,0,0
1.2301445,-38.997517,-150.00002,0,0
0.2301445,-38.997517,-150.00002,0,0
-0.7698555,-38.997517,-150.00002,0,0
-1.7698555,-38.997517,-150.00002,0,0
-2.7698555,-38.997517,-150.00002,0,0
-3.7698555,-38.997517,-150.00002,0,0
-4.7698555,-38.997517,-150.00002,0,0
-5.7698555,-38.997517,-150.00002,0,0
-6.7698555,-38.997517,-150.00002,0,0
-7.7698555,-38.997517,-150.00002,0,0
-8.7698555,-38.997517,-150.00002,0,0
-9.7698555,-38.997517,-150.00002,0,0
-10.7698555,-38.997517,-150.00002,0,0
-11.7698555,-38.997517,-150.00002,0,0
-12.7698555,-38.997517,-150.00002,0,0
-13.7698555,-38.997517,-150.00002,0,0
-14.7698555,-38.997517,-150.00002,0,0
-15.7698555,-38.997517,-150.00002,0,0
-16.769855,-38.997517,-150.00002,0,0
-17.769855,-38.997517,-150.00002,0,0
-18.769855,-38.997517,-150.00002,0,0
-19.769855,-38.997517,-150.00002,0,0
-20.769855,-38.997517,-150.00002,0,0
-21.769855,-38.997517,-150.00002,0,0
-22.769855,-38.997517,-150.00002,0,0
-23.769855,-38.997517,-150.00002,0,0
-24.769855,-38.997517,-150.00002,0,0
-25.769855,-38.997517,-150.00002,0,0
-26.769855,-38.997517,-150.00002,0,0
-27.769855,-38.997517,-150.00002,0,0
-28.769855,-38.997517,-150.00002,0,0
-29.769855,-38.997517,-150.00002,0,0
-30.769855,-38.997517,-150.00002,0,0
-31.769855,-38.997517,-150.00002,0,0
-32.769855,-38.997517,-150.00002,0,0
-33.769855,-38.997517,-150.00002,0,0
-34.769855,-38.997517,-150.00002,0,0
-35.769855,-38.997517,-150.00002,0,0
-36.769855,-38.997517,-150.00002,0,0
-37.769855,-38.997517,-150.00002,0,0
-38.769855,-38.997517,-150.00002,0,0
-39.769855,-38.997517,-150.00002,0,0
-40.769855,-38.997517,-150.00002,0,0
-41.769855,-38.997517,-150.00002,0,0
-42.769855,-38.997517,-150.00002,0,0
-43.769855,-38.997517,-150.00002,0,0
-44.769855,-38.997517,-150.00002,0,0
-45.769855,-38.997517,-150.00002,0,0
-46.769855,-38.997517,-150.00002,0,0
-47.769855,-38.997517,-150.00002,0,0
-48.769855,-38.997517,-150.00002,0,0
-49.769855,-38.997517,-150.00002,0,0
49.230145,-39.997517,-150.00002,0,0
48.230145,-39.997517,-150.00002,0,0
47.230145,-39.997517,-150.00002,0,0
46.230145,-39.997517,-150.00002,0,0
45.230145,-39.997517,-150.00002,0,0
44.230145,-39.997517,-150.00002,0,0
43.230145,-39.997517,-150.00002,0,0
42.230145,-39.997517,-150.00002,0,0
41.230145,-39.997517,-150.00002,0,0
40.230145,-39.997517,-150.00002,0,0
39.230145,-39.997517,-150.00002,0,0
38.230145,-39.997517,-150.00002,0,0
37.230145,-39.997517,-150.00002,0,0
36.230145,-39.997517,-150.00002,0,0
35.230145,-39.997517,-150.00002,0,0
34.230145,-39.997517,-150.00002,0,0
33.230145,-39.997517,-150.00002,0,0
32.230145,-39.997517,-150.00002,0,0
31.230145,-39.997517,-150.00002,0,0
30.230145,-39.997517,-150.00002,0,0
29.230145,-39.997517,-150.00002,0,0
28.230145,-39.997517,-150.00002,0,0
27.230145,-39.997517,-150.00002,0,0
26.230145,-39.997517,-150.00002,0,0
25.230145,-39.997517,-150.00002,0,0
24.230145,-39.997517,-150.00002,0,0
23.230145,-39.997517,-150.00002,0,0
22.230145,-39.997517,-150.00002,0,0
21.230145,-39.997517,-150.00002,0,0
20.230145,-39.997517,-150.00002,0,0
19.230145,-39.997517,-150.00002,0,0
18.230145,-39.997517,-150.00002,0,0
17.230145,-39.997517,-150.00002,0,0
16.230145,-39.997517,-150.00002,0,0
15.2301445,-39.997517,-150.00002,0,0
14.2301445,-39.997517,-150.00002,0,0
13.2301445,-39.997517,-150.00002,0,0
12.2301445,-39.997517,-150.00002,0,0
11.2301445,-39.997517,-150.00002,0,0
10.2301445,-39.997517,-150.00002,0,0
9.2301445,-39.997517,-150.00002,0,0
8.2301445,-39.997517,-150.00002,0,0
7.2301445,-39.997517,-150.00002,0,0
6.2301445,-39.997517,-150.00002,0,0
5.2301445,-39.997517,-150.00002,0,0
4.2301445,-39.997517,-150.00002,0,0
3.2301445,-39.997517,-150.00002,0,0
2.2301445,-39.997517,-150.00002,0,0
1.2301445,-39.997517,-150.00002,0,0
0.2301445,-39.997517,-150.00002,0,0
-0.7698555,-39.997517,-150.00002,0,0
-1.7698555,-39.997517,-150.00002,0,0
-2.7698555,-39.997517,-150.00002,0,0
-3.7698555,-39.997517,-150.00002,0,0
-4.7698555,-39.997517,-150.00002,0,0
-5.7698555,-39.997517,-150.00002,0,0
-6.7698555,-39.997517,-150.00002,0,0
-7.7698555,-39.997517,-150.00002,0,0
-8.7698555,-39.997517,-150.00002,0,0
-9.7698555,-39.997517,-150.00002,0,0
-10.7698555,-39.997517,-150.00002,0,0
-11.7698555,-39.997517,-150.00002,0,0
-12.7698555,-39.997517,-150.00002,0,0
-13.7698555,-39.997517,-150.00002,0,0
-14.7698555,-39.997517,-150.00002,0,0
-15.7698555,-39.997517,-150.00002,0,0
-16.769855,-39.997517,-150.00002,0,0
-17.769855,-39.997517,-150.00002,0,0
-18.769855,-39.997517,-150.00002,0,0
-19.769855,-39.997517,-150.00002,0,0
-20.769855,-39.997517,-150.00002,0,0
-21.769855,-39.997517,-150.00002,0,0
-22.769855,-39.997517,-150.00002,0,0
-23.769855,-39.997517,-150.00002,0,0
-24.769855,-39.997517,-150.00002,0,0
-25.769855,-39.997517,-150.00002,0,0
-26.769855,-39.997517,-150.00002,0,0
-27.769855,-39.997517,-150.00002,0,0
-28.769855,-39.997517,-150.00002,0,0
-29.769855,-39.997517,-150.00002,0,0
-30.769855,-39.997517,-150.00002,0,0
-31.769855,-39.997517,-150.00002,0,0
-32.769855,-39.997517,-150.00002,0,0
-33.769855,-39.997517,-150.00002,0,0
-34.769855,-39.997517,-150.00002,0,0
-35.769855,-39.997517,-150.00002,0,0
-36.769855,-39.997517,-150.00002,0,0
-37.769855,-39.997517,-150.00002,0,0
-38.769855,-39.997517,-150.00002,0,0
-39.769855,-39.997517,-150.00002,0,0
-40.769855,-39.997517,-150.00002,0,0
-41.769855,-39.997517,-150.00002,0,0
-42.769855,-39.997517,-150.00002,0,0
-43.769855,-39.997517,-150.00002,0,0
-44.769855,-39.997517,-150.00002,0,0
-45.769855,-39.997517,-150.00002,0,0
-46.769855,-39.997517,-150.00002,0,0
-47.769855,-39.997517,-150.00002,0,0
-48.769855,-39.997517,-150.00002,0,0
-49.769855,-39.997517,-150.00002,0,0
49.230145,-40.997517,-150.00002,0,0
48.230145,-40.997517,-150.00002,0,0
47.230145,-40.997517,-150.00002,0,0
46.230145,-40.997517,-150.00002,0,0
45.230145,-40.997517,-150.00002,0,0
44.230145,-40.997517,-150.00002,0,0
43.230145,-40.997517,-150.00002,0,0
42.230145,-40.997517,-150.00002,0,0
41.230145,-40.997517,-150.00002,0,0
40.230145,-40.997517,-150.00002,0,0
39.230145,-40.997517,-150.00002,0,0
38.230145,-40.997517,-150.00002,0,0
37.230145,-40.997517,-150.00002,0,0
36.230145,-40.997517,-150.00002,0,0
35.230145,-40.997517,-150.00002,0,0
34.230145,-40.997517,-150.00002,0,0
33.230145,-40.997517,-150.00002,0,0
32.230145,-40.997517,-150.00002,0,0
31.230145,-40.997517,-150.00002,0,0
30.230145,-40.997517,-150.00002,0,0
29.230145,-40.997517,-150.00002,0,0
28.230145,-40.997517,-150.00002,0,0
27.230145,-40.997517,-150.00002,0,0
26.230145,-40.997517,-150.00002,0,0
25.230145,-40.997517,-150.00002,0,0
24.230145,-40.997517,-150.00002,0,0
23.230145,-40.997517,-150.00002,0,0
22.230145,-40.997517,-150.00002,0,0
21.230145,-40.997517,-150.00002,0,0
20.230145,-40.997517,-150.00002,0,0
19.230145,-40.997517,-150.00002,0,0
18.230145,-40.997517,-150.00002,0,0
17.230145,-40.997517,-150.00002,0,0
16.230145,-40.997517,-150.00002,0,0
15.2301445,-40.997517,-150.00002,0,0
14.2301445,-40.997517,-150.00002,0,0
13.2301445,-40.997517,-150.00002,0,0
12.2301445,-40.997517,-150.00002,0,0
11.2301445,-40.997517,-150.00002,0,0
10.2301445,-40.997517,-150.00002,0,0
9.2301445,-40.997517,-150.00002,0,0
8.2301445,-40.997517,-150.00002,0,0
7.2301445,-40.997517,-150.00002,0,0
6.2301445,-40.997517,-150.00002,0,0
5.2301445,-40.997517,-150.00002,0,0
4.2301445,-40.997517,-150.00002,0,0
3.2301445,-40.997517,-150.00002,0,0
2.2301445,-40.997517,-150.00002,0,0
1.2301445,-40.997517,-150.00002,0,0
0.2301445,-40.997517,-150.00002,0,0
-0.7698555,-40.997517,-150.00002,0,0
-1.7698555,-40.997517,-150.00002,0,0
-2.7698555,-40.997517,-150.00002,0,0
-3.7698555,-40.997517,-150.00002,0,0
-4.7698555,-40.997517,-150.00002,0,0
-5.7698555,-40.997517,-150.00002,0,0
-6.7698555,-40.997517,-150.00002,0,0
-7.7698555,-40.997517,-150.00002,0,0
-8.7698555,-40.997517,-150.00002,0,0
-9.7698555,-40.997517,-150.00002,0,0
-10.7698555,-40.997517,-150.00002,0,0
-11.7698555,-40.997517,-150.00002,0,0
-12.7698555,-40.997517,-150.00002,0,0
-13.7698555,-40.997517,-150.00002,0,0
-14.7698555,-40.997517,-150.00002,0,0
-15.7698555,-40.997517,-150.00002,0,0
-16.769855,-40.997517,-150.00002,0,0
-17.769855,-40.997517,-150.00002,0,0
-18.769855,-40.997517,-150.00002,0,0
-19.769855,-40.997517,-150.00002,0,0
-20.769855,-40.997517,-150.00002,0,0
-21.769855,-40.997517,-150.00002,0,0
-22.769855,-40.997517,-150.00002,0,0
-23.769855,-40.997517,-150.00002,0,0
-24.769855,-40.997517,-150.00002,0,0
-25.769855,-40.997517,-150.00002,0,0
-26.769855,-40.997517,-150.00002,0,0
-27.769855,-40.997517,-150.00002,0,0
-28.769855,-40.997517,-150.00002,0,0
-29.769855,-40.997517,-150.00002,0,0
-30.769855,-40.997517,-150.00002,0,0
-31.769855,-40.997517,-150.00002,0,0
-32.769855,-40.997517,-150.00002,0,0
-33.769855,-40.997517,-150.00002,0,0
-34.769855,-40.997517,-150.00002,0,0
-35.769855,-40.997517,-150.00002,0,0
-36.769855,-40.997517,-150.00002,0,0
-37.769855,-40.997517,-150.00002,0,0
-38.769855,-40.997517,-150.00002,0,0
-39.769855,-40.997517,-150.00002,0,0
-40.769855,-40.997517,-150.00002,0,0
-41.769855,-40.997517,-150.00002,0,0
-42.769855,-40.997517,-150.00002,0,0
-43.769855,-40.997517,-150.00002,0,0
-44.769855,-40.997517,-150.00002,0,0
-45.769855,-40.997517,-150.00002,0,0
-46.769855,-40.997517,-150.00002,0,0
-47.769855,-40.997517,-150.00002,0,0
-48.769855,-40.997517,-150.00002,0,0
-49.769855,-40.997517,-150.00002,0,0
49.230145,-41.997517,-150.00002,0,0
48.230145,-41.997517,-150.00002,0,0
47.230145,-41.997517,-150.00002,0,0
46.230145,-41.997517,-150.00002,0,0
45.230145,-41.997517,-150.00002,0,0
44.230145,-41.997517,-150.00002,0,0
43.230145,-41.997517,-150.00002,0,0
42.230145,-41.997517,-150.00002,0,0
41.230145,-41.997517,-150.00002,0,0
40.230145,-41.997517,-150.00002,0,0
39.230145,-41.997517,-150.00002,0,0
38.230145,-41.997517,-150.00002,0,0
37.230145,-41.997517,-150.00002,0,0
36.230145,-41.997517,-150.00002,0,0
35.230145,-41.997517,-150.00002,0,0
34.230145,-41.997517,-150.00002,0,0
33.230145,-41.997517,-150.00002,0,0
32.230145,-41.997517,-150.00002,0,0
31.230145,-41.997517,-150.00002,0,0
30.230145,-41.997517,-150.00002,0,0
29.230145,-41.997517,-150.00002,0,0
28.230145,-41.997517,-150.00002,0,0
27.230145,-41.997517,-150.00002,0,0
26.230145,-41.997517,-150.00002,0,0
25.230145,-41.997517,-150.00002,0,0
24.230145,-41.997517,-150.00002,0,0
23.230145,-41.997517,-150.00002,0,0
22.230145,-41.997517,-150.00002,0,0
21.230145,-41.997517,-150.00002,0,0
20.230145,-41.997517,-150.00002,0,0
19.230145,-41.997517,-150.00002,0,0
18.230145,-41.997517,-150.00002,0,0
17.230145,-41.997517,-150.00002,0,0
16.230145,-41.997517,-150.00002,0,0
15.2301445,-41.997517,-150.00002,0,0
14.2301445,-41.997517,-150.00002,0,0
13.2301445,-41.997517,-150.00002,0,0
12.2301445,-41.997517,-150.00002,0,0
11.2301445,-41.997517,-150.00002,0,0
10.2301445,-41.997517,-150.00002,0,0
9.2301445,-41.997517,-150.00002,0,0
8.2301445,-41.997517,-150.00002,0,0
7.2301445,-41.997517,-150.00002,0,0
6.2301445,-41.997517,-150.00002,0,0
5.2301445,-41.997517,-150.00002,0,0
4.2301445,-41.997517,-150.00002,0,0
3.2301445,-41.997517,-150.00002,0,0
2.2301445,-41.997517,-150.00002,0,0
1.2301445,-41.997517,-150.00002,0,0
0.2301445,-41.997517,-150.00002,0,0
-0.7698555,-41.997517,-150.00002,0,0
-1.7698555,-41.997517,-150.00002,0,0
-2.7698555,-41.997517,-150.00002,0,0
-3.7698555,-41.997517,-150.00002,0,0
-4.7698555,-41.997517,-150.00002,0,0
-5.7698555,-41.997517,-150.00002,0,0
-6.7698555,-41.997517,-150.00002,0,0
-7.7698555,-41.997517,-150.00002,0,0
-8.7698555,-41.997517,-150.00002,0,0
-9.7698555,-41.997517,-150.00002,0,0
-10.7698555,-41.997517,-150.00002,0,0
-11.7698555,-41.997517,-150.00002,0,0
-12.7698555,-41.997517,-150.00002,0,0
-13.7698555,-41.997517,-150.00002,0,0
-14.7698555,-41.997517,-150.00002,0,0
-15.7698555,-41.997517,-150.00002,0,0
-16.769855,-41.997517,-150.00002,0,0
-17.769855,-41.997517,-150.00002,0,0
-18.769855,-41.997517,-150.00002,0,0
-19.769855,-41.997517,-150.00002,0,0
-20.769855,-41.997517,-150.00002,0,0
-21.769855,-41.997517,-150.00002,0,0
-22.769855,-41.997517,-150.00002,0,0
-23.769855,-41.997517,-150.00002,0,0
-24.769855,-41.997517,-150.00002,0,0
-25.769855,-41.997517,-150.00002,0,0
-26.769855,-41.997517,-150.00002,0,0
-27.769855,-41.997517,-150.00002,0,0
-28.769855,-41.997517,-150.00002,0,0
-29.769855,-41.997517,-150.00002,0,0
-30.769855,-41.997517,-150.00002,0,0
-31.769855,-41.997517,-150.00002,0,0
-32.769855,-41.997517,-150.00002,0,0
-33.769855,-41.997517,-150.00002,0,0
-34.769855,-41.997517,-150.00002,0,0
-35.769855,-41.997517,-150.00002,0,0
-36.769855,-41.997517,-150.00002,0,0
-37.769855,-41.997517,-150.00002,0,0
-38.769855,-41.997517,-150.00002,0,0
-39.769855,-41.997517,-150.00002,0,0
-40.769855,-41.997517,-150.00002,0,0
-41.769855,-41.997517,-150.00002,0,0
-42.769855,-41.997517,-150.00002,0,0
-43.769855,-41.997517,-150.00002,0,0
-44.769855,-41.997517,-150.00002,0,0
-45.769855,-41.997517,-150.00002,0,0
-46.769855,-41.997517,-150.00002,0,0
-47.769855,-41.997517,-150.00002,0,0
-48.769855,-41.997517,-150.00002,0,0
-49.769855,-41.997517,-150.00002,0,0
49.230145,-42.997517,-150.00002,0,0
48.230145,-42.997517,-150.00002,0,0
47.230145,-42.997517,-150.00002,0,0
46.230145,-42.997517,-150.00002,0,0
45.230145,-42.997517,-150.00002,0,0
44.230145,-42.997517,-150.00002,0,0
43.230145,-42.997517,-150.00002,0,0
42.230145,-42.997517,-150.00002,0,0
41.230145,-42.997517,-150.00002,0,0
40.230145,-42.997517,-150.00002,0,0
39.230145,-42.997517,-150.00002,0,0
38.230145,-42.997517,-150.00002,0,0
37.230145,-42.997517,-150.00002,0,0
36.230145,-42.997517,-150.00002,0,0
35.230145,-42.997517,-150.00002,0,0
34.230145,-42.997517,-150.00002,0,0
33.230145,-42.997517,-150.00002,0,0
32.230145,-42.997517,-150.00002,0,0
31.230145,-42.997517,-150.00002,0,0
30.230145,-42.997517,-150.00002,0,0
29.230145,-42.997517,-150.00002,0,0
28.230145,-42.997517,-150.00002,0,0
27.230145,-42.997517,-150.00002,0,0
26.230145,-42.997517,-150.00002,0,0
25.230145,-42.997517,-150.00002,0,0
24.230145,-42.997517,-150.00002,0,0
23.230145,-42.997517,-150.00002,0,0
22.230145,-42.997517,-150.00002,0,0
21.230145,-42.997517,-150.00002,0,0
20.230145,-42.997517,-150.00002,0,0
19.230145,-42.997517,-150.00002,0,0
18.230145,-42.997517,-150.00002,0,0
17.230145,-42.997517,-150.00002,0,0
16.230145,-42.997517,-150.00002,0,0
15.2301445,-42.997517,-150.00002,0,0
14.2301445,-42.997517,-150.00002,0,0
13.2301445,-42.997517,-150.00002,0,0
12.2301445,-42.997517,-150.00002,0,0
11.2301445,-42.997517,-150.00002,0,0
10.2301445,-42.997517,-150.00002,0,0
9.2301445,-42.997517,-150.00002,0,0
8.2301445,-42.997517,-150.00002,0,0
7.2301445,-42.997517,-150.00002,0,0
6.2301445,-42.997517,-150.00002,0,0
5.2301445,-42.997517,-150.00002,0,0
4.2301445,-42.997517,-150.00002,0,0
3.2301445,-42.997517,-150.00002,0,0
2.2301445,-42.997517,-150.00002,0,0
1.2301445,-42.997517,-150.00002,0,0
0.2301445,-42.997517,-150.00002,0,0
-0.7698555,-42.997517,-150.00002,0,0
-1.7698555,-42.997517,-150.00002,0,0
-2.7698555,-42.997517,-150.00002,0,0
-3.7698555,-42.997517,-150.00002,0,0
-4.7698555,-42.997517,-150.00002,0,0
-5.7698555,-42.997517,-150.00002,0,0
-6.7698555,-42.997517,-150.00002,0,0
-7.7698555,-42.997517,-150.00002,0,0
-8.7698555,-42.997517,-150.00002,0,0
-9.7698555,-42.997517,-150.00002,0,0
-10.7698555,-42.997517,-150.00002,0,0
-11.7698555,-42.997517,-150.00002,0,0
-12.7698555,-42.997517,-150.00002,0,0
-13.7698555,-42.997517,-150.00002,0,0
-14.7698555,-42.997517,-150.00002,0,0
-15.7698555,-42.997517,-150.00002,0,0
-16.769855,-42.997517,-150.00002,0,0
-17.769855,-42.997517,-150.00002,0,0
-18.769855,-42.997517,-150.00002,0,0
-19.769855,-42.997517,-150.00002,0,0
-20.769855,-42.997517,-150.00002,0,0
-21.769855,-42.997517,-150.00002,0,0
-22.769855,-42.997517,-150.00002,0,0
-23.769855,-42.997517,-150.00002,0,0
-24.769855,-42.997517,-150.00002,0,0
-25.769855,-42.997517,-150.00002,0,0
-26.769855,-42.997517,-150.00002,0,0
-27.769855,-42.997517,-150.00002,0,0
-28.769855,-42.997517,-150.00002,0,0
-29.769855,-42.997517,-150.00002,0,0
-30.769855,-42.997517,-150.00002,0,0
-31.769855,-42.997517,-150.00002,0,0
-32.769855,-42.997517,-150.00002,0,0
-33.769855,-42.997517,-150.00002,0,0
-34.769855,-42.997517,-150.00002,0,0
-35.769855,-42.997517,-150.00002,0,0
-36.769855,-42.997517,-150.00002,0,0
-37.769855,-42.997517,-150.00002,0,0
-38.769855,-42.997517,-150.00002,0,0
-39.769855,-42.997517,-150.00002,0,0
-40.769855,-42.997517,-150.00002,0,0
-41.769855,-42.997517,-150.00002,0,0
-42.769855,-42.997517,-150.00002,0,0
-43.769855,-42.997517,-150.00002,0,0
-44.769855,-42.997517,-150.00002,0,0
-45.769855,-42.997517,-150.00002,0,0
-46.769855,-42.997517,-150.00002,0,0
-47.769855,-42.997517,-150.00002,0,0
-48.769855,-42.997517,-150.00002,0,0
-49.769855,-42.997517,-150.00002,0,0
49.230145,-43.997517,-150.00002,0,0
48.230145,-43.997517,-150.00002,0,0
47.230145,-43.997517,-150.00002,0,0
46.230145,-43.997517,-150.00002,0,0
45.230145,-43.997517,-150.00002,0,0
44.230145,-43.997517,-150.00002,0,0
43.230145,-43.997517,-150.00002,0,0
42.230145,-43.997517,-150.00002,0,0
41.230145,-43.997517,-150.00002,0,0
40.230145,-43.997517,-150.00002,0,0
39.230145,-43.997517,-150.00002,0,0
38.230145,-43.997517,-150.00002,0,0
37.230145,-43.997517,-150.00002,0,0
36.230145,-43.997517,-150.00002,0,0
35.230145,-43.997517,-150.00002,0,0
34.230145,-43.997517,-150.00002,0,0
33.230145,-43.997517,-150.00002,0,0
32.230145,-43.997517,-150.00002,0,0
31.230145,-43.997517,-150.00002,0,0
30.230145,-43.997517,-150.00002,0,0
29.230145,-43.997517,-150.00002,0,0
28.230145,-43.997517,-150.00002,0,0
27.230145,-43.997517,-150.00002,0,0
26.230145,-43.997517,-150.00002,0,0
25.230145,-43.997517,-150.00002,0,0
24.230145,-43.997517,-150.00002,0,0
23.230145,-43.997517,-150.00002,0,0
22.230145,-43.997517,-150.00002,0,0
21.230145,-43.997517,-150.00002,0,0
20.230145,-43.997517,-150.00002,0,0
19.230145,-43.997517,-150.00002,0,0
18.230145,-43.997517,-150.00002,0,0
17.230145,-43.997517,-150.00002,0,0
16.230145,-43.997517,-150.00002,0,0
15.2301445,-43.997517,-150.00002,0,0
14.2301445,-43.997517,-150.00002,0,0
13.2301445,-43.997517,-150.00002,0,0
12.2301445,-43.997517,-150.00002,0,0
11.2301445,-43.997517,-150.00002,0,0
10.2301445,-43.997517,-150.00002,0,0
9.2301445,-43.997517,-150.00002,0,0
8.2301445,-43.997517,-150.00002,0,0
7.2301445,-43.997517,-150.00002,0,0
6.2301445,-43.997517,-150.00002,0,0
5.2301445,-43.997517,-150.00002,0,0
4.2301445,-43.997517,-150.00002,0,0
3.2301445,-43.997517,-150.00002,0,0
2.2301445,-43.997517,-150.00002,0,0
1.2301445,-43.997517,-150.00002,0,0
0.2301445,-43.997517,-150.00002,0,0
-0.7698555,-43.997517,-150.00002,0,0
-1.7698555,-43.997517,-150.00002,0,0
-2.7698555,-43.997517,-150.00002,0,0
-3.7698555,-43.997517,-150.00002,0,0
-4.7698555,-43.997517,-150.00002,0,0
-5.7698555,-43.997517,-150.00002,0,0
-6.7698555,-43.997517,-150.00002,0,0
-7.7698555,-43.997517,-150.00002,0,0
-8.7698555,-43.997517,-150.00002,0,0
-9.7698555,-43.997517,-150.00002,0,0
-10.7698555,-43.997517,-150.00002,0,0
-11.7698555,-43.997517,-150.00002,0,0
-12.7698555,-43.997517,-150.00002,0,0
-13.7698555,-43.997517,-150.00002,0,0
-14.7698555,-43.997517,-150.00002,0,0
-15.7698555,-43.997517,-150.00002,0,0
-16.769855,-43.997517,-150.00002,0,0
-17.769855,-43.997517,-150.00002,0,0
-18.769855,-43.997517,-150.00002,0,0
-19.769855,-43.997517,-150.00002,0,0
-20.769855,-43.997517,-150.00002,0,0
-21.769855,-43.997517,-150.00002,0,0
-22.769855,-43.997517,-150.00002,0,0
-23.769855,-43.997517,-150.00002,0,0
-24.769855,-43.997517,-150.00002,0,0
-25.769855,-43.997517,-150.00002,0,0
-26.769855,-43.997517,-150.00002,0,0
-27.769855,-43.997517,-150.00002,0,0
-28.769855,-43.997517,-150.00002,0,0
-29.769855,-43.997517,-150.00002,0,0
-30.769855,-43.997517,-150.00002,0,0
-31.769855,-43.997517,-150.00002,0,0
-32.769855,-43.997517,-150.00002,0,0
-33.769855,-43.997517,-150.00002,0,0
-34.769855,-43.997517,-150.00002,0,0
-35.769855,-43.997517,-150.00002,0,0
-36.769855,-43.997517,-150.00002,0,0
-37.769855,-43.997517,-150.00002,0,0
-38.769855,-43.997517,-150.00002,0,0
-39.769855,-43.997517,-150.00002,0,0
-40.769855,-43.997517,-150.00002,0,0
-41.769855,-43.997517,-150.00002,0,0
-42.769855,-43.997517,-150.00002,0,0
-43.769855,-43.997517,-150.00002,0,0
-44.769855,-43.997517,-150.00002,0,0
-45.769855,-43.997517,-150.00002,0,0
-46.769855,-43.997517,-150.00002,0,0
-47.769855,-43.997517,-150.00002,0,0
-48.769855,-43.997517,-150.00002,0,0
-49.769855,-43.997517,-150.00002,0,0
49.230145,-44.997517,-150.00002,0,0
48.230145,-44.997517,-150.00002,0,0
47.230145,-44.997517,-150.00002,0,0
46.230145,-44.997517,-150.00002,0,0
45.230145,-44.997517,-150.00002,0,0
44.230145,-44.997517,-150.00002,0,0
43.230145,-44.997517,-150.00002,0,0
42.230145,-44.997517,-150.00002,0,0
41.230145,-44.997517,-150.00002,0,0
40.230145,-44.997517,-150.00002,0,0
39.230145,-44.997517,-150.00002,0,0
38.230145,-44.997517,-150.00002,0,0
37.230145,-44.997517,-150.00002,0,0
36.230145,-44.997517,-150.00002,0,0
35.230145,-44.997517,-150.00002,0,0
34.230145,-44.997517,-150.00002,0,0
33.230145,-44.997517,-150.00002,0,0
32.230145,-44.997517,-150.00002,0,0
31.230145,-44.997517,-150.00002,0,0
30.230145,-44.997517,-150.00002,0,0
29.230145,-44.997517,-150.00002,0,0
28.230145,-44.997517,-150.00002,0,0
27.230145,-44.997517,-150.00002,0,0
26.230145,-44.997517,-150.00002,0,0
25.230145,-44.997517,-150.00002,0,0
24.230145,-44.997517,-150.00002,0,0
23.230145,-44.997517,-150.00002,0,0
22.230145,-44.997517,-150.00002,0,0
21.230145,-44.997517,-150.00002,0,0
20.230145,-44.997517,-150.00002,0,0
19.230145,-44.997517,-150.00002,0,0
18.230145,-44.997517,-150.00002,0,0
17.230145,-44.997517,-150.00002,0,0
16.230145,-44.997517,-150.00002,0,0
15.2301445,-44.997517,-150.00002,0,0
14.2301445,-44.997517,-150.00002,0,0
13.2301445,-44.997517,-150.00002,0,0
12.2301445,-44.997517,-150.00002,0,0
11.2301445,-44.997517,-150.00002,0,0
10.2301445,-44.997517,-150.00002,0,0
9.2301445,-44.997517,-150.00002,0,0
8.2301445,-44.997517,-150.00002,0,0
7.2301445,-44.997517,-150.00002,0,0
6.2301445,-44.997517,-150.00002,0,0
5.2301445,-44.997517,-150.00002,0,0
4.2301445,-44.997517,-150.00002,0,0
3.2301445,-44.997517,-150.00002,0,0
2.2301445,-44.997517,-150.00002,0,0
1.2301445,-44.997517,-150.00002,0,0
0.2301445,-44.997517,-150.00002,0,0
-0.7698555,-44.997517,-150.00002,0,0
-1.7698555,-44.997517,-150.00002,0,0
-2.7698555,-44.997517,-150.00002,0,0
-3.7698555,-44.997517,-150.00002,0,0
-4.7698555,-44.997517,-150.00002,0,0
-5.7698555,-44.997517,-150.00002,0,0
-6.7698555,-44.997517,-150.00002,0,0
-7.7698555,-44.997517,-150.00002,0,0
-8.7698555,-44.997517,-150.00002,0,0
-9.7698555,-44.997517,-150.00002,0,0
-10.7698555,-44.997517,-150.00002,0,0
-11.7698555,-44.997517,-150.00002,0,0
-12.7698555,-44.997517,-150.00002,0,0
-13.7698555,-44.997517,-150.00002,0,0
-14.7698555,-44.997517,-150.00002,0,0
-15.7698555,-44.997517,-150.00002,0,0
-16.769855,-44.997517,-150.00002,0,0
-17.769855,-44.997517,-150.00002,0,0
-18.769855,-44.997517,-150.00002,0,0
-19.769855,-44.997517,-150.00002,0,0
-20.769855,-44.997517,-150.00002,0,0
-21.769855,-44.997517,-150.00002,0,0
-22.769855,-44.997517,-150.00002,0,0
-23.769855,-44.997517,-150.00002,0,0
-24.769855,-44.997517,-150.00002,0,0
-25.769855,-44.997517,-150.00002,0,0
-26.769855,-44.997517,-150.00002,0,0
-27.769855,-44.997517,-150.00002,0,0
-28.769855,-44.997517,-150.00002,0,0
-29.769855,-44.997517,-150.00002,0,0
-30.769855,-44.997517,-150.00002,0,0
-31.769855,-44.997517,-150.00002,0,0
-32.769855,-44.997517,-150.00002,0,0
-33.769855,-44.997517,-150.00002,0,0
-34.769855,-44.997517,-150.00002,0,0
-35.769855,-44.997517,-150.00002,0,0
-36.769855,-44.997517,-150.00002,0,0
-37.769855,-44.997517,-150.00002,0,0
-38.769855,-44.997517,-150.00002,0,0
-39.769855,-44.997517,-150.00002,0,0
-40.769855,-44.997517,-150.00002,0,0
-41.769855,-44.997517,-150.00002,0,0
-42.769855,-44.997517,-150.00002,0,0
-43.769855,-44.997517,-150.00002,0,0
-44.769855,-44.997517,-150.00002,0,0
-45.769855,-44.997517,-150.00002,0,0
-46.769855,-44.997517,-150.00002,0,0
-47.769855,-44.997517,-150.00002,0,0
-48.769855,-44.997517,-150.00002,0,0
-49.769855,-44.997517,-150.00002,0,0
49.230145,-45.997517,-150.00002,0,0
48.230145,-45.997517,-150.00002,0,0
47.230145,-45.997517,-150.00002,0,0
46.230145,-45.997517,-150.00002,0,0
45.230145,-45.997517,-150.00002,0,0
44.230145,-45.997517,-150.00002,0,0
43.230145,-45.997517,-150.00002,0,0
42.230145,-45.997517,-150.00002,0,0
41.230145,-45.997517,-150.00002,0,0
40.230145,-45.997517,-150.00002,0,0
39.230145,-45.997517,-150.00002,0,0
38.230145,-45.997517,-150.00002,0,0
37.230145,-45.997517,-150.00002,0,0
36.230145,-45.997517,-150.00002,0,0
35.230145,-45.997517,-150.00002,0,0
34.230145,-45.997517,-150.00002,0,0
33.230145,-45.997517,-150.00002,0,0
32.230145,-45.997517,-150.00002,0,0
31.230145,-45.997517,-150.00002,0,0
30.230145,-45.997517,-150.00002,0,0
29.230145,-45.997517,-150.00002,0,0
28.230145,-45.997517,-150.00002,0,0
27.230145,-45.997517,-150.00002,0,0
26.230145,-45.997517,-150.00002,0,0
25.230145,-45.997517,-150.00002,0,0
24.230145,-45.997517,-150.00002,0,0
23.230145,-45.997517,-150.00002,0,0
22.230145,-45.997517,-150.00002,0,0
21.230145,-45.997517,-150.00002,0,0
20.230145,-45.997517,-150.00002,0,0
19.230145,-45.997517,-150.00002,0,0
18.230145,-45.997517,-150.00002,0,0
17.230145,-45.997517,-150.00002,0,0
16.230145,-45.997517,-150.00002,0,0
15.2301445,-45.997517,-150.00002,0,0
14.2301445,-45.997517,-150.00002,0,0
13.2301445,-45.997517,-150.00002,0,0
12.2301445,-45.997517,-150.00002,0,0
11.2301445,-45.997517,-150.00002,0,0
10.2301445,-45.997517,-150.00002,0,0
9.2301445,-45.997517,-150.00002,0,0
8.2301445,-45.997517,-150.00002,0,0
7.2301445,-45.997517,-150.00002,0,0
6.2301445,-45.997517,-150.00002,0,0
5.2301445,-45.997517,-150.00002,0,0
4.2301445,-45.997517,-150.00002,0,0
3.2301445,-45.997517,-150.00002,0,0
2.2301445,-45.997517,-150.00002,0,0
1.2301445,-45.997517,-150.00002,0,0
0.2301445,-45.997517,-150.00002,0,0
-0.7698555,-45.997517,-150.00002,0,0
-1.7698555,-45.997517,-150.00002,0,0
-2.7698555,-45.997517,-150.00002,0,0
-3.7698555,-45.997517,-150.00002,0,0
-4.7698555,-45.997517,-150.00002,0,0
-5.7698555,-45.997517,-150.00002,0,0
-6.7698555,-45.997517,-150.00002,0,0
-7.7698555,-45.997517,-150.00002,0,0
-8.7698555,-45.997517,-150.00002,0,0
-9.7698555,-45.997517,-150.00002,0,0
-10.7698555,-45.997517,-150.00002,0,0
-11.7698555,-45.997517,-150.00002,0,0
-12.7698555,-45.997517,-150.00002,0,0
-13.7698555,-45.997517,-150.00002,0,0
-14.7698555,-45.997517,-150.00002,0,0
-15.7698555,-45.997517,-150.00002,0,0
-16.769855,-45.997517,-150.00002,0,0
-17.769855,-45.997517,-150.00002,0,0
-18.769855,-45.997517,-150.00002,0,0
-19.769855,-45.997517,-150.00002,0,0
-20.769855,-45.997517,-150.00002,0,0
-21.769855,-45.997517,-150.00002,0,0
-22.769855,-45.997517,-150.00002,0,0
-23.769855,-45.997517,-150.00002,0,0
-24.769855,-45.997517,-150.00002,0,0
-25.769855,-45.997517,-150.00002,0,0
-26.769855,-45.997517,-150.00002,0,0
-27.769855,-45.997517,-150.00002,0,0
-28.769855,-45.997517,-150.00002,0,0
-29.769855,-45.997517,-150.00002,0,0
-30.769855,-45.997517,-150.00002,0,0
-31.769855,-45.997517,-150.00002,0,0
-32.769855,-45.997517,-150.00002,0,0
-33.769855,-45.997517,-150.00002,0,0
-34.769855,-45.997517,-150.00002,0,0
-35.769855,-45.997517,-150.00002,0,0
-36.769855,-45.997517,-150.00002,0,0
-37.769855,-45.997517,-150.00002,0,0
-38.769855,-45.997517,-150.00002,0,0
-39.769855,-45.997517,-150.00002,0,0
-40.769855,-45.997517,-150.00002,0,0
-41.769855,-45.997517,-150.00002,0,0
-42.769855,-45.997517,-150.00002,0,0
-43.769855,-45.997517,-150.00002,0,0
-44.769855,-45.997517,-150.00002,0,0
-45.769855,-45.997517,-150.00002,0,0
-46.769855,-45.997517,-150.00002,0,0
-47.769855,-45.997517,-150.00002,0,0
-48.769855,-45.997517,-150.00002,0,0
-49.769855,-45.997517,-150.00002,0,0
49.230145,-46.997517,-150.00002,0,0
48.230145,-46.997517,-150.00002,0,0
47.230145,-46.997517,-150.00002,0,0
46.230145,-46.997517,-150.00002,0,0
45.230145,-46.997517,-150.00002,0,0
44.230145,-46.997517,-150.00002,0,0
43.230145,-46.997517,-150.00002,0,0
42.230145,-46.997517,-150.00002,0,0
41.230145,-46.997517,-150.00002,0,0
40.230145,-46.997517,-150.00002,0,0
39.230145,-46.997517,-150.00002,0,0
38.230145,-46.997517,-150.00002,0,0
37.230145,-46.997517,-150.00002,0,0
36.230145,-46.997517,-150.00002,0,0
35.230145,-46.997517,-150.00002,0,0
34.230145,-46.997517,-150.00002,0,0
33.230145,-46.997517,-150.00002,0,0
32.230145,-46.997517,-150.00002,0,0
31.230145,-46.997517,-150.00002,0,0
30.230145,-46.997517,-150.00002,0,0
29.230145,-46.997517,-150.00002,0,0
28.230145,-46.997517,-150.00002,0,0
27.230145,-46.997517,-150.00002,0,0
26.230145,-46.997517,-150.00002,0,0
25.230145,-46.997517,-150.00002,0,0
24.230145,-46.997517,-150.00002,0,0
23.230145,-46.997517,-150.00002,0,0
22.230145,-46.997517,-150.00002,0,0
21.230145,-46.997517,-150.00002,0,0
20.230145,-46.997517,-150.00002,0,0
19.230145,-46.997517,-150.00002,0,0
18.230145,-46.997517,-150.00002,0,0
17.230145,-46.997517,-150.00002,0,0
16.230145,-46.997517,-150.00002,0,0
15.2301445,-46.997517,-150.00002,0,0
14.2301445,-46.997517,-150.00002,0,0
13.2301445,-46.997517,-150.00002,0,0
12.2301445,-46.997517,-150.00002,0,0
11.2301445,-46.997517,-150.00002,0,0
10.2301445,-46.997517,-150.00002,0,0
9.2301445,-46.997517,-150.00002,0,0
8.2301445,-46.997517,-150.00002,0,0
7.2301445,-46.997517,-150.00002,0,0
6.2301445,-46.997517,-150.00002,0,0
5.2301445,-46.997517,-150.00002,0,0
4.2301445,-46.997517,-150.00002,0,0
3.2301445,-46.997517,-150.00002,0,0
2.2301445,-46.997517,-150.00002,0,0
1.2301445,-46.997517,-150.00002,0,0
0.2301445,-46.997517,-150.00002,0,0
-0.7698555,-46.997517,-150.00002,0,0
-1.7698555,-46.997517,-150.00002,0,0
-2.7698555,-46.997517,-150.00002,0,0
-3.7698555,-46.997517,-150.00002,0,0
-4.7698555,-46.997517,-150.00002,0,0
-5.7698555,-46.997517,-150.00002,0,0
-6.7698555,-46.997517,-150.00002,0,0
-7.7698555,-46.997517,-150.00002,0,0
-8.7698555,-46.997517,-150.00002,0,0
-9.7698555,-46.997517,-150.00002,0,0
-10.7698555,-46.997517,-150.00002,0,0
-11.7698555,-46.997517,-150.00002,0,0
-12.7698555,-46.997517,-150.00002,0,0
-13.7698555,-46.997517,-150.00002,0,0
-14.7698555,-46.997517,-150.00002,0,0
-15.7698555,-46.997517,-150.00002,0,0
-16.769855,-46.997517,-150.00002,0,0
-17.769855,-46.997517,-150.00002,0,0
-18.769855,-46.997517,-150.00002,0,0
-19.769855,-46.997517,-150.00002,0,0
-20.769855,-46.997517,-150.00002,0,0
-21.769855,-46.997517,-150.00002,0,0
-22.769855,-46.997517,-150.00002,0,0
-23.769855,-46.997517,-150.00002,0,0
-24.769855,-46.997517,-150.00002,0,0
-25.769855,-46.997517,-150.00002,0,0
-26.769855,-46.997517,-150.00002,0,0
-27.769855,-46.997517,-150.00002,0,0
-28.769855,-46.997517,-150.00002,0,0
-29.769855,-46.997517,-150.00002,0,0
-30.769855,-46.997517,-150.00002,0,0
-31.769855,-46.997517,-150.00002,0,0
-32.769855,-46.997517,-150.00002,0,0
-33.769855,-46.997517,-150.00002,0,0
-34.769855,-46.997517,-150.00002,0,0
-35.769855,-46.997517,-150.00002,0,0
-36.769855,-46.997517,-150.00002,0,0
-37.769855,-46.997517,-150.00002,0,0
-38.769855,-46.997517,-150.00002,0,0
-39.769855,-46.997517,-150.00002,0,0
-40.769855,-46.997517,-150.00002,0,0
-41.769855,-46.997517,-150.00002,0,0
-42.769855,-46.997517,-150.00002,0,0
-43.769855,-46.997517,-150.00002,0,0
-44.769855,-46.997517,-150.00002,0,0
-45.769855,-46.997517,-150.00002,0,0
-46.769855,-46.997517,-150.00002,0,0
-47.769855,-46.997517,-150.00002,0,0
-48.769855,-46.997517,-150.00002,0,0
-49.769855,-46.997517,-150.00002,0,0
