X-coordinate,Y-coordinate,Z-coordinate,Advanced,Counts
49.230145,52.002483,-200.00003,0,0
48.230145,52.002483,-200.00003,0,0
47.230145,52.002483,-200.00003,0,0
46.230145,52.002483,-200.00003,0,0
45.230145,52.002483,-200.00003,0,0
44.230145,52.002483,-200.00003,0,0
43.230145,52.002483,-200.00003,0,0
42.230145,52.002483,-200.00003,0,0
41.230145,52.002483,-200.00003,0,0
40.230145,52.002483,-200.00003,0,0
39.230145,52.002483,-200.00003,0,0
38.230145,52.002483,-200.00003,0,0
37.230145,52.002483,-200.00003,0,0
36.230145,52.002483,-200.00003,0,0
35.230145,52.002483,-200.00003,0,0
34.230145,52.002483,-200.00003,0,0
33.230145,52.002483,-200.00003,0,0
32.230145,52.002483,-200.00003,0,0
31.230145,52.002483,-200.00003,0,0
30.230145,52.002483,-200.00003,0,0
29.230145,52.002483,-200.00003,0,0
28.230145,52.002483,-200.00003,0,0
27.230145,52.002483,-200.00003,0,0
26.230145,52.002483,-200.00003,0,0
25.230145,52.002483,-200.00003,0,0
24.230145,52.002483,-200.00003,0,0
23.230145,52.002483,-200.00003,0,0
22.230145,52.002483,-200.00003,0,0
21.230145,52.002483,-200.00003,0,0
20.230145,52.002483,-200.00003,0,0
19.230145,52.002483,-200.00003,0,0
18.230145,52.002483,-200.00003,0,0
17.230145,52.002483,-200.00003,0,0
16.230145,52.002483,-200.00003,0,0
15.2301445,52.002483,-200.00003,0,0
14.2301445,52.002483,-200.00003,0,0
13.2301445,52.002483,-200.00003,0,0
12.2301445,52.002483,-200.00003,0,0
11.2301445,52.002483,-200.00003,0,0
10.2301445,52.002483,-200.00003,0,0
9.2301445,52.002483,-200.00003,0,0
8.2301445,52.002483,-200.00003,0,0
7.2301445,52.002483,-200.00003,0,0
6.2301445,52.002483,-200.00003,0,0
5.2301445,52.002483,-200.00003,0,0
4.2301445,52.002483,-200.00003,0,0
3.2301445,52.002483,-200.00003,0,0
2.2301445,52.002483,-200.00003,0,0
1.2301445,52.002483,-200.00003,0,0
0.2301445,52.002483,-200.00003,0,0
-0.7698555,52.002483,-200.00003,0,0
-1.7698555,52.002483,-200.00003,0,0
-2.7698555,52.002483,-200.00003,0,0
-3.7698555,52.002483,-200.00003,0,0
-4.7698555,52.002483,-200.00003,0,0
-5.7698555,52.002483,-200.00003,0,0
-6.7698555,52.002483,-200.00003,0,0
-7.7698555,52.002483,-200.00003,0,0
-8.7698555,52.002483,-200.00003,0,0
-9.7698555,52.002483,-200.00003,0,0
-10.7698555,52.002483,-200.00003,0,0
-11.7698555,52.002483,-200.00003,0,0
-12.7698555,52.002483,-200.00003,0,0
-13.7698555,52.002483,-200.00003,0,0
-14.7698555,52.002483,-200.00003,0,0
-15.7698555,52.002483,-200.00003,0,0
-16.769855,52.002483,-200.00003,0,0
-17.769855,52.002483,-200.00003,0,0
-18.769855,52.002483,-200.00003,0,0
-19.769855,52.002483,-200.00003,0,0
-20.769855,52.002483,-200.00003,0,0
-21.769855,52.002483,-200.00003,0,0
-22.769855,52.002483,-200.00003,0,0
-23.769855,52.002483,-200.00003,0,0
-24.769855,52.002483,-200.00003,0,0
-25.769855,52.002483,-200.00003,0,0
-26.769855,52.002483,-200.00003,0,0
-27.769855,52.002483,-200.00003,0,0
-28.769855,52.002483,-200.00003,0,0
-29.769855,52.002483,-200.00003,0,0
-30.769855,52.002483,-200.00003,0,0
-31.769855,52.002483,-200.00003,0,0
-32.769855,52.002483,-200.00003,0,0
-33.769855,52.002483,-200.00003,0,0
-34.769855,52.002483,-200.00003,0,0
-35.769855,52.002483,-200.00003,0,0
-36.769855,52.002483,-200.00003,0,0
-37.769855,52.002483,-200.00003,0,0
-38.769855,52.002483,-200.00003,0,0
-39.769855,52.002483,-200.00003,0,0
-40.769855,52.002483,-200.00003,0,0
-41.769855,52.002483,-200.00003,0,0
-42.769855,52.002483,-200.00003,0,0
-43.769855,52.002483,-200.00003,0,0
-44.769855,52.002483,-200.00003,0,0
-45.769855,52.002483,-200.00003,0,0
-46.769855,52.002483,-200.00003,0,0
-47.769855,52.002483,-200.00003,0,0
-48.769855,52.002483,-200.00003,0,0
-49.769855,52.002483,-200.00003,0,0
49.230145,51.002483,-200.00003,0,0
48.230145,51.002483,-200.00003,0,0
47.230145,51.002483,-200.00003,0,0
46.230145,51.002483,-200.00003,0,0
45.230145,51.002483,-200.00003,0,0
44.230145,51.002483,-200.00003,0,0
43.230145,51.002483,-200.00003,0,0
42.230145,51.002483,-200.00003,0,0
41.230145,51.002483,-200.00003,0,0
40.230145,51.002483,-200.00003,0,0
39.230145,51.002483,-200.00003,0,0
38.230145,51.002483,-200.00003,0,0
37.230145,51.002483,-200.00003,0,0
36.230145,51.002483,-200.00003,0,0
35.230145,51.002483,-200.00003,0,0
34.230145,51.002483,-200.00003,0,0
33.230145,51.002483,-200.00003,0,0
32.230145,51.002483,-200.00003,0,0
31.230145,51.002483,-200.00003,0,0
30.230145,51.002483,-200.00003,0,0
29.230145,51.002483,-200.00003,0,0
28.230145,51.002483,-200.00003,0,0
27.230145,51.002483,-200.00003,0,0
26.230145,51.002483,-200.00003,0,0
25.230145,51.002483,-200.00003,0,0
24.230145,51.002483,-200.00003,0,0
23.230145,51.002483,-200.00003,0,0
22.230145,51.002483,-200.00003,0,0
21.230145,51.002483,-200.00003,0,0
20.230145,51.002483,-200.00003,0,0
19.230145,51.002483,-200.00003,0,0
18.230145,51.002483,-200.00003,0,0
17.230145,51.002483,-200.00003,0,0
16.230145,51.002483,-200.00003,0,0
15.2301445,51.002483,-200.00003,0,0
14.2301445,51.002483,-200.00003,0,0
13.2301445,51.002483,-200.00003,0,0
12.2301445,51.002483,-200.00003,0,0
11.2301445,51.002483,-200.00003,0,0
10.2301445,51.002483,-200.00003,0,0
9.2301445,51.002483,-200.00003,0,0
8.2301445,51.002483,-200.00003,0,0
7.2301445,51.002483,-200.00003,0,0
6.2301445,51.002483,-200.00003,0,0
5.2301445,51.002483,-200.00003,0,0
4.2301445,51.002483,-200.00003,0,0
3.2301445,51.002483,-200.00003,0,0
2.2301445,51.002483,-200.00003,0,0
1.2301445,51.002483,-200.00003,0,0
0.2301445,51.002483,-200.00003,0,0
-0.7698555,51.002483,-200.00003,0,0
-1.7698555,51.002483,-200.00003,0,0
-2.7698555,51.002483,-200.00003,0,0
-3.7698555,51.002483,-200.00003,0,0
-4.7698555,51.002483,-200.00003,0,0
-5.7698555,51.002483,-200.00003,0,0
-6.7698555,51.002483,-200.00003,0,0
-7.7698555,51.002483,-200.00003,0,0
-8.7698555,51.002483,-200.00003,0,0
-9.7698555,51.002483,-200.00003,0,0
-10.7698555,51.002483,-200.00003,0,0
-11.7698555,51.002483,-200.00003,0,0
-12.7698555,51.002483,-200.00003,0,0
-13.7698555,51.002483,-200.00003,0,0
-14.7698555,51.002483,-200.00003,0,0
-15.7698555,51.002483,-200.00003,0,0
-16.769855,51.002483,-200.00003,0,0
-17.769855,51.002483,-200.00003,0,0
-18.769855,51.002483,-200.00003,0,0
-19.769855,51.002483,-200.00003,0,0
-20.769855,51.002483,-200.00003,0,0
-21.769855,51.002483,-200.00003,0,0
-22.769855,51.002483,-200.00003,0,0
-23.769855,51.002483,-200.00003,0,0
-24.769855,51.002483,-200.00003,0,0
-25.769855,51.002483,-200.00003,0,0
-26.769855,51.002483,-200.00003,0,0
-27.769855,51.002483,-200.00003,0,0
-28.769855,51.002483,-200.00003,0,0
-29.769855,51.002483,-200.00003,0,0
-30.769855,51.002483,-200.00003,0,0
-31.769855,51.002483,-200.00003,0,0
-32.769855,51.002483,-200.00003,0,0
-33.769855,51.002483,-200.00003,0,0
-34.769855,51.002483,-200.00003,0,0
-35.769855,51.002483,-200.00003,0,0
-36.769855,51.002483,-200.00003,0,0
-37.769855,51.002483,-200.00003,0,0
-38.769855,51.002483,-200.00003,0,0
-39.769855,51.002483,-200.00003,0,0
-40.769855,51.002483,-200.00003,0,0
-41.769855,51.002483,-200.00003,0,0
-42.769855,51.002483,-200.00003,0,0
-43.769855,51.002483,-200.00003,0,0
-44.769855,51.002483,-200.00003,0,0
-45.769855,51.002483,-200.00003,0,0
-46.769855,51.002483,-200.00003,0,0
-47.769855,51.002483,-200.00003,0,0
-48.769855,51.002483,-200.00003,0,0
-49.769855,51.002483,-200.00003,0,0
49.230145,50.002483,-200.00003,0,0
48.230145,50.002483,-200.00003,0,0
47.230145,50.002483,-200.00003,0,0
46.230145,50.002483,-200.00003,0,0
45.230145,50.002483,-200.00003,0,0
44.230145,50.002483,-200.00003,0,0
43.230145,50.002483,-200.00003,0,0
42.230145,50.002483,-200.00003,0,0
41.230145,50.002483,-200.00003,0,0
40.230145,50.002483,-200.00003,0,0
39.230145,50.002483,-200.00003,0,0
38.230145,50.002483,-200.00003,0,0
37.230145,50.002483,-200.00003,0,0
36.230145,50.002483,-200.00003,0,0
35.230145,50.002483,-200.00003,0,0
34.230145,50.002483,-200.00003,0,0
33.230145,50.002483,-200.00003,0,0
32.230145,50.002483,-200.00003,0,0
31.230145,50.002483,-200.00003,0,0
30.230145,50.002483,-200.00003,0,0
29.230145,50.002483,-200.00003,0,0
28.230145,50.002483,-200.00003,0,0
27.230145,50.002483,-200.00003,0,0
26.230145,50.002483,-200.00003,0,0
25.230145,50.002483,-200.00003,0,0
24.230145,50.002483,-200.00003,0,0
23.230145,50.002483,-200.00003,0,0
22.230145,50.002483,-200.00003,0,0
21.230145,50.002483,-200.00003,0,0
20.230145,50.002483,-200.00003,0,0
19.230145,50.002483,-200.00003,0,0
18.230145,50.002483,-200.00003,0,0
17.230145,50.002483,-200.00003,0,0
16.230145,50.002483,-200.00003,0,0
15.2301445,50.002483,-200.00003,0,0
14.2301445,50.002483,-200.00003,0,0
13.2301445,50.002483,-200.00003,0,0
12.2301445,50.002483,-200.00003,0,0
11.2301445,50.002483,-200.00003,0,0
10.2301445,50.002483,-200.00003,0,0
9.2301445,50.002483,-200.00003,0,0
8.2301445,50.002483,-200.00003,0,0
7.2301445,50.002483,-200.00003,0,0
6.2301445,50.002483,-200.00003,0,0
5.2301445,50.002483,-200.00003,0,0
4.2301445,50.002483,-200.00003,0,0
3.2301445,50.002483,-200.00003,0,0
2.2301445,50.002483,-200.00003,0,0
1.2301445,50.002483,-200.00003,0,0
0.2301445,50.002483,-200.00003,0,0
-0.7698555,50.002483,-200.00003,0,0
-1.7698555,50.002483,-200.00003,0,0
-2.7698555,50.002483,-200.00003,0,0
-3.7698555,50.002483,-200.00003,0,0
-4.7698555,50.002483,-200.00003,0,0
-5.7698555,50.002483,-200.00003,0,0
-6.7698555,50.002483,-200.00003,0,0
-7.7698555,50.002483,-200.00003,0,0
-8.7698555,50.002483,-200.00003,0,0
-9.7698555,50.002483,-200.00003,0,0
-10.7698555,50.002483,-200.00003,0,0
-11.7698555,50.002483,-200.00003,0,0
-12.7698555,50.002483,-200.00003,0,0
-13.7698555,50.002483,-200.00003,0,0
-14.7698555,50.002483,-200.00003,0,0
-15.7698555,50.002483,-200.00003,0,0
-16.769855,50.002483,-200.00003,0,0
-17.769855,50.002483,-200.00003,0,0
-18.769855,50.002483,-200.00003,0,0
-19.769855,50.002483,-200.00003,0,0
-20.769855,50.002483,-200.00003,0,0
-21.769855,50.002483,-200.00003,0,0
-22.769855,50.002483,-200.00003,0,0
-23.769855,50.002483,-200.00003,0,0
-24.769855,50.002483,-200.00003,0,0
-25.769855,50.002483,-200.00003,0,0
-26.769855,50.002483,-200.00003,0,0
-27.769855,50.002483,-200.00003,0,0
-28.769855,50.002483,-200.00003,0,0
-29.769855,50.002483,-200.00003,0,0
-30.769855,50.002483,-200.00003,0,0
-31.769855,50.002483,-200.00003,0,0
-32.769855,50.002483,-200.00003,0,0
-33.769855,50.002483,-200.00003,0,0
-34.769855,50.002483,-200.00003,0,0
-35.769855,50.002483,-200.00003,0,0
-36.769855,50.002483,-200.00003,0,0
-37.769855,50.002483,-200.00003,0,0
-38.769855,50.002483,-200.00003,0,0
-39.769855,50.002483,-200.00003,0,0
-40.769855,50.002483,-200.00003,0,0
-41.769855,50.002483,-200.00003,0,0
-42.769855,50.002483,-200.00003,0,0
-43.769855,50.002483,-200.00003,0,0
-44.769855,50.002483,-200.00003,0,0
-45.769855,50.002483,-200.00003,0,0
-46.769855,50.002483,-200.00003,0,0
-47.769855,50.002483,-200.00003,0,0
-48.769855,50.002483,-200.00003,0,0
-49.769855,50.002483,-200.00003,0,0
49.230145,49.002483,-200.00003,0,0
48.230145,49.002483,-200.00003,0,0
47.230145,49.002483,-200.00003,0,0
46.230145,49.002483,-200.00003,0,0
45.230145,49.002483,-200.00003,0,0
44.230145,49.002483,-200.00003,0,0
43.230145,49.002483,-200.00003,0,0
42.230145,49.002483,-200.00003,0,0
41.230145,49.002483,-200.00003,0,0
40.230145,49.002483,-200.00003,0,0
39.230145,49.002483,-200.00003,0,0
38.230145,49.002483,-200.00003,0,0
37.230145,49.002483,-200.00003,0,0
36.230145,49.002483,-200.00003,0,0
35.230145,49.002483,-200.00003,0,0
34.230145,49.002483,-200.00003,0,0
33.230145,49.002483,-200.00003,0,0
32.230145,49.002483,-200.00003,0,0
31.230145,49.002483,-200.00003,0,0
30.230145,49.002483,-200.00003,0,0
29.230145,49.002483,-200.00003,0,0
28.230145,49.002483,-200.00003,0,0
27.230145,49.002483,-200.00003,0,0
26.230145,49.002483,-200.00003,0,0
25.230145,49.002483,-200.00003,0,0
24.230145,49.002483,-200.00003,0,0
23.230145,49.002483,-200.00003,0,0
22.230145,49.002483,-200.00003,0,0
21.230145,49.002483,-200.00003,0,0
20.230145,49.002483,-200.00003,0,0
19.230145,49.002483,-200.00003,0,0
18.230145,49.002483,-200.00003,0,0
17.230145,49.002483,-200.00003,0,0
16.230145,49.002483,-200.00003,0,0
15.2301445,49.002483,-200.00003,0,0
14.2301445,49.002483,-200.00003,0,0
13.2301445,49.002483,-200.00003,0,0
12.2301445,49.002483,-200.00003,0,0
11.2301445,49.002483,-200.00003,0,0
10.2301445,49.002483,-200.00003,0,0
9.2301445,49.002483,-200.00003,0,0
8.2301445,49.002483,-200.00003,0,0
7.2301445,49.002483,-200.00003,0,0
6.2301445,49.002483,-200.00003,0,0
5.2301445,49.002483,-200.00003,0,0
4.2301445,49.002483,-200.00003,0,0
3.2301445,49.002483,-200.00003,0,0
2.2301445,49.002483,-200.00003,0,0
1.2301445,49.002483,-200.00003,0,0
0.2301445,49.002483,-200.00003,0,0
-0.7698555,49.002483,-200.00003,0,0
-1.7698555,49.002483,-200.00003,0,0
-2.7698555,49.002483,-200.00003,0,0
-3.7698555,49.002483,-200.00003,0,0
-4.7698555,49.002483,-200.00003,0,0
-5.7698555,49.002483,-200.00003,0,0
-6.7698555,49.002483,-200.00003,0,0
-7.7698555,49.002483,-200.00003,0,0
-8.7698555,49.002483,-200.00003,0,0
-9.7698555,49.002483,-200.00003,0,0
-10.7698555,49.002483,-200.00003,0,0
-11.7698555,49.002483,-200.00003,0,0
-12.7698555,49.002483,-200.00003,0,0
-13.7698555,49.002483,-200.00003,0,0
-14.7698555,49.002483,-200.00003,0,0
-15.7698555,49.002483,-200.00003,0,0
-16.769855,49.002483,-200.00003,0,0
-17.769855,49.002483,-200.00003,0,0
-18.769855,49.002483,-200.00003,0,0
-19.769855,49.002483,-200.00003,0,0
-20.769855,49.002483,-200.00003,0,0
-21.769855,49.002483,-200.00003,0,0
-22.769855,49.002483,-200.00003,0,0
-23.769855,49.002483,-200.00003,0,0
-24.769855,49.002483,-200.00003,0,0
-25.769855,49.002483,-200.00003,0,0
-26.769855,49.002483,-200.00003,0,0
-27.769855,49.002483,-200.00003,0,0
-28.769855,49.002483,-200.00003,0,0
-29.769855,49.002483,-200.00003,0,0
-30.769855,49.002483,-200.00003,0,0
-31.769855,49.002483,-200.00003,0,0
-32.769855,49.002483,-200.00003,0,0
-33.769855,49.002483,-200.00003,0,0
-34.769855,49.002483,-200.00003,0,0
-35.769855,49.002483,-200.00003,0,0
-36.769855,49.002483,-200.00003,0,0
-37.769855,49.002483,-200.00003,0,0
-38.769855,49.002483,-200.00003,0,0
-39.769855,49.002483,-200.00003,0,0
-40.769855,49.002483,-200.00003,0,0
-41.769855,49.002483,-200.00003,0,0
-42.769855,49.002483,-200.00003,0,0
-43.769855,49.002483,-200.00003,0,0
-44.769855,49.002483,-200.00003,0,0
-45.769855,49.002483,-200.00003,0,0
-46.769855,49.002483,-200.00003,0,0
-47.769855,49.002483,-200.00003,0,0
-48.769855,49.002483,-200.00003,0,0
-49.769855,49.002483,-200.00003,0,0
49.230145,48.002483,-200.00003,0,0
48.230145,48.002483,-200.00003,0,0
47.230145,48.002483,-200.00003,0,0
46.230145,48.002483,-200.00003,0,0
45.230145,48.002483,-200.00003,0,0
44.230145,48.002483,-200.00003,0,0
43.230145,48.002483,-200.00003,0,0
42.230145,48.002483,-200.00003,0,0
41.230145,48.002483,-200.00003,0,0
40.230145,48.002483,-200.00003,0,0
39.230145,48.002483,-200.00003,0,0
38.230145,48.002483,-200.00003,0,0
37.230145,48.002483,-200.00003,0,0
36.230145,48.002483,-200.00003,0,0
35.230145,48.002483,-200.00003,0,0
34.230145,48.002483,-200.00003,0,0
33.230145,48.002483,-200.00003,0,0
32.230145,48.002483,-200.00003,0,0
31.230145,48.002483,-200.00003,0,0
30.230145,48.002483,-200.00003,0,0
29.230145,48.002483,-200.00003,0,0
28.230145,48.002483,-200.00003,0,0
27.230145,48.002483,-200.00003,0,0
26.230145,48.002483,-200.00003,0,0
25.230145,48.002483,-200.00003,0,0
24.230145,48.002483,-200.00003,0,0
23.230145,48.002483,-200.00003,0,0
22.230145,48.002483,-200.00003,0,0
21.230145,48.002483,-200.00003,0,0
20.230145,48.002483,-200.00003,0,0
19.230145,48.002483,-200.00003,0,0
18.230145,48.002483,-200.00003,0,0
17.230145,48.002483,-200.00003,0,0
16.230145,48.002483,-200.00003,0,0
15.2301445,48.002483,-200.00003,0,0
14.2301445,48.002483,-200.00003,0,0
13.2301445,48.002483,-200.00003,0,0
12.2301445,48.002483,-200.00003,0,0
11.2301445,48.002483,-200.00003,0,0
10.2301445,48.002483,-200.00003,0,0
9.2301445,48.002483,-200.00003,0,0
8.2301445,48.002483,-200.00003,0,0
7.2301445,48.002483,-200.00003,0,0
6.2301445,48.002483,-200.00003,0,0
5.2301445,48.002483,-200.00003,0,0
4.2301445,48.002483,-200.00003,0,0
3.2301445,48.002483,-200.00003,0,0
2.2301445,48.002483,-200.00003,0,0
1.2301445,48.002483,-200.00003,0,0
0.2301445,48.002483,-200.00003,0,0
-0.7698555,48.002483,-200.00003,0,0
-1.7698555,48.002483,-200.00003,0,0
-2.7698555,48.002483,-200.00003,0,0
-3.7698555,48.002483,-200.00003,0,0
-4.7698555,48.002483,-200.00003,0,0
-5.7698555,48.002483,-200.00003,0,0
-6.7698555,48.002483,-200.00003,0,0
-7.7698555,48.002483,-200.00003,0,0
-8.7698555,48.002483,-200.00003,0,0
-9.7698555,48.002483,-200.00003,0,0
-10.7698555,48.002483,-200.00003,0,0
-11.7698555,48.002483,-200.00003,0,0
-12.7698555,48.002483,-200.00003,0,0
-13.7698555,48.002483,-200.00003,0,0
-14.7698555,48.002483,-200.00003,0,0
-15.7698555,48.002483,-200.00003,0,0
-16.769855,48.002483,-200.00003,0,0
-17.769855,48.002483,-200.00003,0,0
-18.769855,48.002483,-200.00003,0,0
-19.769855,48.002483,-200.00003,0,0
-20.769855,48.002483,-200.00003,0,0
-21.769855,48.002483,-200.00003,0,0
-22.769855,48.002483,-200.00003,0,0
-23.769855,48.002483,-200.00003,0,0
-24.769855,48.002483,-200.00003,0,0
-25.769855,48.002483,-200.00003,0,0
-26.769855,48.002483,-200.00003,0,0
-27.769855,48.002483,-200.00003,0,0
-28.769855,48.002483,-200.00003,0,0
-29.769855,48.002483,-200.00003,0,0
-30.769855,48.002483,-200.00003,0,0
-31.769855,48.002483,-200.00003,0,0
-32.769855,48.002483,-200.00003,0,0
-33.769855,48.002483,-200.00003,0,0
-34.769855,48.002483,-200.00003,0,0
-35.769855,48.002483,-200.00003,0,0
-36.769855,48.002483,-200.00003,0,0
-37.769855,48.002483,-200.00003,0,0
-38.769855,48.002483,-200.00003,0,0
-39.769855,48.002483,-200.00003,0,0
-40.769855,48.002483,-200.00003,0,0
-41.769855,48.002483,-200.00003,0,0
-42.769855,48.002483,-200.00003,0,0
-43.769855,48.002483,-200.00003,0,0
-44.769855,48.002483,-200.00003,0,0
-45.769855,48.002483,-200.00003,0,0
-46.769855,48.002483,-200.00003,0,0
-47.769855,48.002483,-200.00003,0,0
-48.769855,48.002483,-200.00003,0,0
-49.769855,48.002483,-200.00003,0,0
49.230145,47.002483,-200.00003,0,0
48.230145,47.002483,-200.00003,0,0
47.230145,47.002483,-200.00003,0,0
46.230145,47.002483,-200.00003,0,0
45.230145,47.002483,-200.00003,0,0
44.230145,47.002483,-200.00003,0,0
43.230145,47.002483,-200.00003,0,0
42.230145,47.002483,-200.00003,0,0
41.230145,47.002483,-200.00003,0,0
40.230145,47.002483,-200.00003,0,0
39.230145,47.002483,-200.00003,0,0
38.230145,47.002483,-200.00003,0,0
37.230145,47.002483,-200.00003,0,0
36.230145,47.002483,-200.00003,0,0
35.230145,47.002483,-200.00003,0,0
34.230145,47.002483,-200.00003,0,0
33.230145,47.002483,-200.00003,0,0
32.230145,47.002483,-200.00003,0,0
31.230145,47.002483,-200.00003,0,0
30.230145,47.002483,-200.00003,0,0
29.230145,47.002483,-200.00003,0,0
28.230145,47.002483,-200.00003,0,0
27.230145,47.002483,-200.00003,0,0
26.230145,47.002483,-200.00003,0,0
25.230145,47.002483,-200.00003,0,0
24.230145,47.002483,-200.00003,0,0
23.230145,47.002483,-200.00003,0,0
22.230145,47.002483,-200.00003,0,0
21.230145,47.002483,-200.00003,0,0
20.230145,47.002483,-200.00003,0,0
19.230145,47.002483,-200.00003,0,0
18.230145,47.002483,-200.00003,0,0
17.230145,47.002483,-200.00003,0,0
16.230145,47.002483,-200.00003,0,0
15.2301445,47.002483,-200.00003,0,0
14.2301445,47.002483,-200.00003,0,0
13.2301445,47.002483,-200.00003,0,0
12.2301445,47.002483,-200.00003,0,0
11.2301445,47.002483,-200.00003,0,0
10.2301445,47.002483,-200.00003,0,0
9.2301445,47.002483,-200.00003,0,0
8.2301445,47.002483,-200.00003,0,0
7.2301445,47.002483,-200.00003,0,0
6.2301445,47.002483,-200.00003,0,0
5.2301445,47.002483,-200.00003,0,0
4.2301445,47.002483,-200.00003,0,0
3.2301445,47.002483,-200.00003,0,0
2.2301445,47.002483,-200.00003,0,0
1.2301445,47.002483,-200.00003,0,0
0.2301445,47.002483,-200.00003,0,0
-0.7698555,47.002483,-200.00003,0,0
-1.7698555,47.002483,-200.00003,0,0
-2.7698555,47.002483,-200.00003,0,0
-3.7698555,47.002483,-200.00003,0,0
-4.7698555,47.002483,-200.00003,0,0
-5.7698555,47.002483,-200.00003,0,0
-6.7698555,47.002483,-200.00003,0,0
-7.7698555,47.002483,-200.00003,0,0
-8.7698555,47.002483,-200.00003,0,0
-9.7698555,47.002483,-200.00003,0,0
-10.7698555,47.002483,-200.00003,0,0
-11.7698555,47.002483,-200.00003,0,0
-12.7698555,47.002483,-200.00003,0,0
-13.7698555,47.002483,-200.00003,0,0
-14.7698555,47.002483,-200.00003,0,0
-15.7698555,47.002483,-200.00003,0,0
-16.769855,47.002483,-200.00003,0,0
-17.769855,47.002483,-200.00003,0,0
-18.769855,47.002483,-200.00003,0,0
-19.769855,47.002483,-200.00003,0,0
-20.769855,47.002483,-200.00003,0,0
-21.769855,47.002483,-200.00003,0,0
-22.769855,47.002483,-200.00003,0,0
-23.769855,47.002483,-200.00003,0,0
-24.769855,47.002483,-200.00003,0,0
-25.769855,47.002483,-200.00003,0,0
-26.769855,47.002483,-200.00003,0,0
-27.769855,47.002483,-200.00003,0,0
-28.769855,47.002483,-200.00003,0,0
-29.769855,47.002483,-200.00003,0,0
-30.769855,47.002483,-200.00003,0,0
-31.769855,47.002483,-200.00003,0,0
-32.769855,47.002483,-200.00003,0,0
-33.769855,47.002483,-200.00003,0,0
-34.769855,47.002483,-200.00003,0,0
-35.769855,47.002483,-200.00003,0,0
-36.769855,47.002483,-200.00003,0,0
-37.769855,47.002483,-200.00003,0,0
-38.769855,47.002483,-200.00003,0,0
-39.769855,47.002483,-200.00003,0,0
-40.769855,47.002483,-200.00003,0,0
-41.769855,47.002483,-200.00003,0,0
-42.769855,47.002483,-200.00003,0,0
-43.769855,47.002483,-200.00003,0,0
-44.769855,47.002483,-200.00003,0,0
-45.769855,47.002483,-200.00003,0,0
-46.769855,47.002483,-200.00003,0,0
-47.769855,47.002483,-200.00003,0,0
-48.769855,47.002483,-200.00003,0,0
-49.769855,47.002483,-200.00003,0,0
49.230145,46.002483,-200.00003,0,0
48.230145,46.002483,-200.00003,0,0
47.230145,46.002483,-200.00003,0,0
46.230145,46.002483,-200.00003,0,0
45.230145,46.002483,-200.00003,0,0
44.230145,46.002483,-200.00003,0,0
43.230145,46.002483,-200.00003,0,0
42.230145,46.002483,-200.00003,0,0
41.230145,46.002483,-200.00003,0,0
40.230145,46.002483,-200.00003,0,0
39.230145,46.002483,-200.00003,0,0
38.230145,46.002483,-200.00003,0,0
37.230145,46.002483,-200.00003,0,0
36.230145,46.002483,-200.00003,0,0
35.230145,46.002483,-200.00003,0,0
34.230145,46.002483,-200.00003,0,0
33.230145,46.002483,-200.00003,0,0
32.230145,46.002483,-200.00003,0,0
31.230145,46.002483,-200.00003,0,0
30.230145,46.002483,-200.00003,0,0
29.230145,46.002483,-200.00003,0,0
28.230145,46.002483,-200.00003,0,0
27.230145,46.002483,-200.00003,0,0
26.230145,46.002483,-200.00003,0,0
25.230145,46.002483,-200.00003,0,0
24.230145,46.002483,-200.00003,0,0
23.230145,46.002483,-200.00003,0,0
22.230145,46.002483,-200.00003,0,0
21.230145,46.002483,-200.00003,0,0
20.230145,46.002483,-200.00003,0,0
19.230145,46.002483,-200.00003,0,0
18.230145,46.002483,-200.00003,0,0
17.230145,46.002483,-200.00003,0,0
16.230145,46.002483,-200.00003,0,0
15.2301445,46.002483,-200.00003,0,0
14.2301445,46.002483,-200.00003,0,0
13.2301445,46.002483,-200.00003,0,0
12.2301445,46.002483,-200.00003,0,0
11.2301445,46.002483,-200.00003,0,0
10.2301445,46.002483,-200.00003,0,0
9.2301445,46.002483,-200.00003,0,0
8.2301445,46.002483,-200.00003,0,0
7.2301445,46.002483,-200.00003,0,0
6.2301445,46.002483,-200.00003,0,0
5.2301445,46.002483,-200.00003,0,0
4.2301445,46.002483,-200.00003,0,0
3.2301445,46.002483,-200.00003,0,0
2.2301445,46.002483,-200.00003,0,0
1.2301445,46.002483,-200.00003,0,0
0.2301445,46.002483,-200.00003,0,0
-0.7698555,46.002483,-200.00003,0,0
-1.7698555,46.002483,-200.00003,0,0
-2.7698555,46.002483,-200.00003,0,0
-3.7698555,46.002483,-200.00003,0,0
-4.7698555,46.002483,-200.00003,0,0
-5.7698555,46.002483,-200.00003,0,0
-6.7698555,46.002483,-200.00003,0,0
-7.7698555,46.002483,-200.00003,0,0
-8.7698555,46.002483,-200.00003,0,0
-9.7698555,46.002483,-200.00003,0,0
-10.7698555,46.002483,-200.00003,0,0
-11.7698555,46.002483,-200.00003,0,0
-12.7698555,46.002483,-200.00003,0,0
-13.7698555,46.002483,-200.00003,0,0
-14.7698555,46.002483,-200.00003,0,0
-15.7698555,46.002483,-200.00003,0,0
-16.769855,46.002483,-200.00003,0,0
-17.769855,46.002483,-200.00003,0,0
-18.769855,46.002483,-200.00003,0,0
-19.769855,46.002483,-200.00003,0,0
-20.769855,46.002483,-200.00003,0,0
-21.769855,46.002483,-200.00003,0,0
-22.769855,46.002483,-200.00003,0,0
-23.769855,46.002483,-200.00003,0,0
-24.769855,46.002483,-200.00003,0,0
-25.769855,46.002483,-200.00003,0,0
-26.769855,46.002483,-200.00003,0,0
-27.769855,46.002483,-200.00003,0,0
-28.769855,46.002483,-200.00003,0,0
-29.769855,46.002483,-200.00003,0,0
-30.769855,46.002483,-200.00003,0,0
-31.769855,46.002483,-200.00003,0,0
-32.769855,46.002483,-200.00003,0,0
-33.769855,46.002483,-200.00003,0,0
-34.769855,46.002483,-200.00003,0,0
-35.769855,46.002483,-200.00003,0,0
-36.769855,46.002483,-200.00003,0,0
-37.769855,46.002483,-200.00003,0,0
-38.769855,46.002483,-200.00003,0,0
-39.769855,46.002483,-200.00003,0,0
-40.769855,46.002483,-200.00003,0,0
-41.769855,46.002483,-200.00003,0,0
-42.769855,46.002483,-200.00003,0,0
-43.769855,46.002483,-200.00003,0,0
-44.769855,46.002483,-200.00003,0,0
-45.769855,46.002483,-200.00003,0,0
-46.769855,46.002483,-200.00003,0,0
-47.769855,46.002483,-200.00003,0,0
-48.769855,46.002483,-200.00003,0,0
-49.769855,46.002483,-200.00003,0,0
49.230145,45.002483,-200.00003,0,0
48.230145,45.002483,-200.00003,0,0
47.230145,45.002483,-200.00003,0,0
46.230145,45.002483,-200.00003,0,0
45.230145,45.002483,-200.00003,0,0
44.230145,45.002483,-200.00003,0,0
43.230145,45.002483,-200.00003,0,0
42.230145,45.002483,-200.00003,0,0
41.230145,45.002483,-200.00003,0,0
40.230145,45.002483,-200.00003,0,0
39.230145,45.002483,-200.00003,0,0
38.230145,45.002483,-200.00003,0,0
37.230145,45.002483,-200.00003,0,0
36.230145,45.002483,-200.00003,0,0
35.230145,45.002483,-200.00003,0,0
34.230145,45.002483,-200.00003,0,0
33.230145,45.002483,-200.00003,0,0
32.230145,45.002483,-200.00003,0,0
31.230145,45.002483,-200.00003,0,0
30.230145,45.002483,-200.00003,0,0
29.230145,45.002483,-200.00003,0,0
28.230145,45.002483,-200.00003,0,0
27.230145,45.002483,-200.00003,0,0
26.230145,45.002483,-200.00003,0,0
25.230145,45.002483,-200.00003,0,0
24.230145,45.002483,-200.00003,0,0
23.230145,45.002483,-200.00003,0,0
22.230145,45.002483,-200.00003,0,0
21.230145,45.002483,-200.00003,0,0
20.230145,45.002483,-200.00003,0,0
19.230145,45.002483,-200.00003,0,0
18.230145,45.002483,-200.00003,0,0
17.230145,45.002483,-200.00003,0,0
16.230145,45.002483,-200.00003,0,0
15.2301445,45.002483,-200.00003,0,0
14.2301445,45.002483,-200.00003,0,0
13.2301445,45.002483,-200.00003,0,0
12.2301445,45.002483,-200.00003,0,0
11.2301445,45.002483,-200.00003,0,0
10.2301445,45.002483,-200.00003,0,0
9.2301445,45.002483,-200.00003,0,0
8.2301445,45.002483,-200.00003,0,0
7.2301445,45.002483,-200.00003,0,0
6.2301445,45.002483,-200.00003,0,0
5.2301445,45.002483,-200.00003,0,0
4.2301445,45.002483,-200.00003,0,0
3.2301445,45.002483,-200.00003,0,0
2.2301445,45.002483,-200.00003,0,0
1.2301445,45.002483,-200.00003,0,0
0.2301445,45.002483,-200.00003,0,0
-0.7698555,45.002483,-200.00003,0,0
-1.7698555,45.002483,-200.00003,0,0
-2.7698555,45.002483,-200.00003,0,0
-3.7698555,45.002483,-200.00003,0,0
-4.7698555,45.002483,-200.00003,0,0
-5.7698555,45.002483,-200.00003,0,0
-6.7698555,45.002483,-200.00003,0,0
-7.7698555,45.002483,-200.00003,0,0
-8.7698555,45.002483,-200.00003,0,0
-9.7698555,45.002483,-200.00003,0,0
-10.7698555,45.002483,-200.00003,0,0
-11.7698555,45.002483,-200.00003,0,0
-12.7698555,45.002483,-200.00003,0,0
-13.7698555,45.002483,-200.00003,0,0
-14.7698555,45.002483,-200.00003,0,0
-15.7698555,45.002483,-200.00003,0,0
-16.769855,45.002483,-200.00003,0,0
-17.769855,45.002483,-200.00003,0,0
-18.769855,45.002483,-200.00003,0,0
-19.769855,45.002483,-200.00003,0,0
-20.769855,45.002483,-200.00003,0,0
-21.769855,45.002483,-200.00003,0,0
-22.769855,45.002483,-200.00003,0,0
-23.769855,45.002483,-200.00003,0,0
-24.769855,45.002483,-200.00003,0,0
-25.769855,45.002483,-200.00003,0,0
-26.769855,45.002483,-200.00003,0,0
-27.769855,45.002483,-200.00003,0,0
-28.769855,45.002483,-200.00003,0,0
-29.769855,45.002483,-200.00003,0,0
-30.769855,45.002483,-200.00003,0,0
-31.769855,45.002483,-200.00003,0,0
-32.769855,45.002483,-200.00003,0,0
-33.769855,45.002483,-200.00003,0,0
-34.769855,45.002483,-200.00003,0,0
-35.769855,45.002483,-200.00003,0,0
-36.769855,45.002483,-200.00003,0,0
-37.769855,45.002483,-200.00003,0,0
-38.769855,45.002483,-200.00003,0,0
-39.769855,45.002483,-200.00003,0,0
-40.769855,45.002483,-200.00003,0,0
-41.769855,45.002483,-200.00003,0,0
-42.769855,45.002483,-200.00003,0,0
-43.769855,45.002483,-200.00003,0,0
-44.769855,45.002483,-200.00003,0,0
-45.769855,45.002483,-200.00003,0,0
-46.769855,45.002483,-200.00003,0,0
-47.769855,45.002483,-200.00003,0,0
-48.769855,45.002483,-200.00003,0,0
-49.769855,45.002483,-200.00003,0,0
49.230145,44.002483,-200.00003,0,0
48.230145,44.002483,-200.00003,0,0
47.230145,44.002483,-200.00003,0,0
46.230145,44.002483,-200.00003,0,0
45.230145,44.002483,-200.00003,0,0
44.230145,44.002483,-200.00003,0,0
43.230145,44.002483,-200.00003,0,0
42.230145,44.002483,-200.00003,0,0
41.230145,44.002483,-200.00003,0,0
40.230145,44.002483,-200.00003,0,0
39.230145,44.002483,-200.00003,0,0
38.230145,44.002483,-200.00003,0,0
37.230145,44.002483,-200.00003,0,0
36.230145,44.002483,-200.00003,0,0
35.230145,44.002483,-200.00003,0,0
34.230145,44.002483,-200.00003,0,0
33.230145,44.002483,-200.00003,0,0
32.230145,44.002483,-200.00003,0,0
31.230145,44.002483,-200.00003,0,0
30.230145,44.002483,-200.00003,0,0
29.230145,44.002483,-200.00003,0,0
28.230145,44.002483,-200.00003,0,0
27.230145,44.002483,-200.00003,0,0
26.230145,44.002483,-200.00003,0,0
25.230145,44.002483,-200.00003,0,0
24.230145,44.002483,-200.00003,0,0
23.230145,44.002483,-200.00003,0,0
22.230145,44.002483,-200.00003,0,0
21.230145,44.002483,-200.00003,0,0
20.230145,44.002483,-200.00003,0,0
19.230145,44.002483,-200.00003,0,0
18.230145,44.002483,-200.00003,0,0
17.230145,44.002483,-200.00003,0,0
16.230145,44.002483,-200.00003,0,0
15.2301445,44.002483,-200.00003,0,0
14.2301445,44.002483,-200.00003,0,0
13.2301445,44.002483,-200.00003,0,0
12.2301445,44.002483,-200.00003,0,0
11.2301445,44.002483,-200.00003,0,0
10.2301445,44.002483,-200.00003,0,0
9.2301445,44.002483,-200.00003,0,0
8.2301445,44.002483,-200.00003,0,0
7.2301445,44.002483,-200.00003,0,0
6.2301445,44.002483,-200.00003,0,0
5.2301445,44.002483,-200.00003,0,0
4.2301445,44.002483,-200.00003,0,0
3.2301445,44.002483,-200.00003,0,0
2.2301445,44.002483,-200.00003,0,0
1.2301445,44.002483,-200.00003,0,0
0.2301445,44.002483,-200.00003,0,0
-0.7698555,44.002483,-200.00003,0,0
-1.7698555,44.002483,-200.00003,0,0
-2.7698555,44.002483,-200.00003,0,0
-3.7698555,44.002483,-200.00003,0,0
-4.7698555,44.002483,-200.00003,0,0
-5.7698555,44.002483,-200.00003,0,0
-6.7698555,44.002483,-200.00003,0,0
-7.7698555,44.002483,-200.00003,0,0
-8.7698555,44.002483,-200.00003,0,0
-9.7698555,44.002483,-200.00003,0,0
-10.7698555,44.002483,-200.00003,0,0
-11.7698555,44.002483,-200.00003,0,0
-12.7698555,44.002483,-200.00003,0,0
-13.7698555,44.002483,-200.00003,0,0
-14.7698555,44.002483,-200.00003,0,0
-15.7698555,44.002483,-200.00003,0,0
-16.769855,44.002483,-200.00003,0,0
-17.769855,44.002483,-200.00003,0,0
-18.769855,44.002483,-200.00003,0,0
-19.769855,44.002483,-200.00003,0,0
-20.769855,44.002483,-200.00003,0,0
-21.769855,44.002483,-200.00003,0,0
-22.769855,44.002483,-200.00003,0,0
-23.769855,44.002483,-200.00003,0,0
-24.769855,44.002483,-200.00003,0,0
-25.769855,44.002483,-200.00003,0,0
-26.769855,44.002483,-200.00003,0,0
-27.769855,44.002483,-200.00003,0,0
-28.769855,44.002483,-200.00003,0,0
-29.769855,44.002483,-200.00003,0,0
-30.769855,44.002483,-200.00003,0,0
-31.769855,44.002483,-200.00003,0,0
-32.769855,44.002483,-200.00003,0,0
-33.769855,44.002483,-200.00003,0,0
-34.769855,44.002483,-200.00003,0,0
-35.769855,44.002483,-200.00003,0,0
-36.769855,44.002483,-200.00003,0,0
-37.769855,44.002483,-200.00003,0,0
-38.769855,44.002483,-200.00003,0,0
-39.769855,44.002483,-200.00003,0,0
-40.769855,44.002483,-200.00003,0,0
-41.769855,44.002483,-200.00003,0,0
-42.769855,44.002483,-200.00003,0,0
-43.769855,44.002483,-200.00003,0,0
-44.769855,44.002483,-200.00003,0,0
-45.769855,44.002483,-200.00003,0,0
-46.769855,44.002483,-200.00003,0,0
-47.769855,44.002483,-200.00003,0,0
-48.769855,44.002483,-200.00003,0,0
-49.769855,44.002483,-200.00003,0,0
49.230145,43.002483,-200.00003,0,0
48.230145,43.002483,-200.00003,0,0
47.230145,43.002483,-200.00003,0,0
46.230145,43.002483,-200.00003,0,0
45.230145,43.002483,-200.00003,0,0
44.230145,43.002483,-200.00003,0,0
43.230145,43.002483,-200.00003,0,0
42.230145,43.002483,-200.00003,0,0
41.230145,43.002483,-200.00003,0,0
40.230145,43.002483,-200.00003,0,0
39.230145,43.002483,-200.00003,0,0
38.230145,43.002483,-200.00003,0,0
37.230145,43.002483,-200.00003,0,0
36.230145,43.002483,-200.00003,0,0
35.230145,43.002483,-200.00003,0,0
34.230145,43.002483,-200.00003,0,0
33.230145,43.002483,-200.00003,0,0
32.230145,43.002483,-200.00003,0,0
31.230145,43.002483,-200.00003,0,0
30.230145,43.002483,-200.00003,0,0
29.230145,43.002483,-200.00003,0,0
28.230145,43.002483,-200.00003,0,0
27.230145,43.002483,-200.00003,0,0
26.230145,43.002483,-200.00003,0,0
25.230145,43.002483,-200.00003,0,0
24.230145,43.002483,-200.00003,0,0
23.230145,43.002483,-200.00003,0,0
22.230145,43.002483,-200.00003,0,0
21.230145,43.002483,-200.00003,0,0
20.230145,43.002483,-200.00003,0,0
19.230145,43.002483,-200.00003,0,0
18.230145,43.002483,-200.00003,0,0
17.230145,43.002483,-200.00003,0,0
16.230145,43.002483,-200.00003,0,0
15.2301445,43.002483,-200.00003,0,0
14.2301445,43.002483,-200.00003,0,0
13.2301445,43.002483,-200.00003,0,0
12.2301445,43.002483,-200.00003,0,0
11.2301445,43.002483,-200.00003,0,0
10.2301445,43.002483,-200.00003,0,0
9.2301445,43.002483,-200.00003,0,0
8.2301445,43.002483,-200.00003,0,0
7.2301445,43.002483,-200.00003,0,0
6.2301445,43.002483,-200.00003,0,0
5.2301445,43.002483,-200.00003,0,0
4.2301445,43.002483,-200.00003,0,0
3.2301445,43.002483,-200.00003,0,0
2.2301445,43.002483,-200.00003,0,0
1.2301445,43.002483,-200.00003,0,0
0.2301445,43.002483,-200.00003,0,0
-0.7698555,43.002483,-200.00003,0,0
-1.7698555,43.002483,-200.00003,0,0
-2.7698555,43.002483,-200.00003,0,0
-3.7698555,43.002483,-200.00003,0,0
-4.7698555,43.002483,-200.00003,0,0
-5.7698555,43.002483,-200.00003,0,0
-6.7698555,43.002483,-200.00003,0,0
-7.7698555,43.002483,-200.00003,0,0
-8.7698555,43.002483,-200.00003,0,0
-9.7698555,43.002483,-200.00003,0,0
-10.7698555,43.002483,-200.00003,0,0
-11.7698555,43.002483,-200.00003,0,0
-12.7698555,43.002483,-200.00003,0,0
-13.7698555,43.002483,-200.00003,0,0
-14.7698555,43.002483,-200.00003,0,0
-15.7698555,43.002483,-200.00003,0,0
-16.769855,43.002483,-200.00003,0,0
-17.769855,43.002483,-200.00003,0,0
-18.769855,43.002483,-200.00003,0,0
-19.769855,43.002483,-200.00003,0,0
-20.769855,43.002483,-200.00003,0,0
-21.769855,43.002483,-200.00003,0,0
-22.769855,43.002483,-200.00003,0,0
-23.769855,43.002483,-200.00003,0,0
-24.769855,43.002483,-200.00003,0,0
-25.769855,43.002483,-200.00003,0,0
-26.769855,43.002483,-200.00003,0,0
-27.769855,43.002483,-200.00003,0,0
-28.769855,43.002483,-200.00003,0,0
-29.769855,43.002483,-200.00003,0,0
-30.769855,43.002483,-200.00003,0,0
-31.769855,43.002483,-200.00003,0,0
-32.769855,43.002483,-200.00003,0,0
-33.769855,43.002483,-200.00003,0,0
-34.769855,43.002483,-200.00003,0,0
-35.769855,43.002483,-200.00003,0,0
-36.769855,43.002483,-200.00003,0,0
-37.769855,43.002483,-200.00003,0,0
-38.769855,43.002483,-200.00003,0,0
-39.769855,43.002483,-200.00003,0,0
-40.769855,43.002483,-200.00003,0,0
-41.769855,43.002483,-200.00003,0,0
-42.769855,43.002483,-200.00003,0,0
-43.769855,43.002483,-200.00003,0,0
-44.769855,43.002483,-200.00003,0,0
-45.769855,43.002483,-200.00003,0,0
-46.769855,43.002483,-200.00003,0,0
-47.769855,43.002483,-200.00003,0,0
-48.769855,43.002483,-200.00003,0,0
-49.769855,43.002483,-200.00003,0,0
49.230145,42.002483,-200.00003,0,0
48.230145,42.002483,-200.00003,0,0
47.230145,42.002483,-200.00003,0,0
46.230145,42.002483,-200.00003,0,0
45.230145,42.002483,-200.00003,0,0
44.230145,42.002483,-200.00003,0,0
43.230145,42.002483,-200.00003,0,0
42.230145,42.002483,-200.00003,0,0
41.230145,42.002483,-200.00003,0,0
40.230145,42.002483,-200.00003,0,0
39.230145,42.002483,-200.00003,0,0
38.230145,42.002483,-200.00003,0,0
37.230145,42.002483,-200.00003,0,0
36.230145,42.002483,-200.00003,0,0
35.230145,42.002483,-200.00003,0,0
34.230145,42.002483,-200.00003,0,0
33.230145,42.002483,-200.00003,0,0
32.230145,42.002483,-200.00003,0,0
31.230145,42.002483,-200.00003,0,0
30.230145,42.002483,-200.00003,0,0
29.230145,42.002483,-200.00003,0,0
28.230145,42.002483,-200.00003,0,0
27.230145,42.002483,-200.00003,0,0
26.230145,42.002483,-200.00003,0,0
25.230145,42.002483,-200.00003,0,0
24.230145,42.002483,-200.00003,0,0
23.230145,42.002483,-200.00003,0,0
22.230145,42.002483,-200.00003,0,0
21.230145,42.002483,-200.00003,0,0
20.230145,42.002483,-200.00003,0,0
19.230145,42.002483,-200.00003,0,0
18.230145,42.002483,-200.00003,0,0
17.230145,42.002483,-200.00003,0,0
16.230145,42.002483,-200.00003,0,0
15.2301445,42.002483,-200.00003,0,0
14.2301445,42.002483,-200.00003,0,0
13.2301445,42.002483,-200.00003,0,0
12.2301445,42.002483,-200.00003,0,0
11.2301445,42.002483,-200.00003,0,0
10.2301445,42.002483,-200.00003,0,0
9.2301445,42.002483,-200.00003,0,0
8.2301445,42.002483,-200.00003,0,0
7.2301445,42.002483,-200.00003,0,0
6.2301445,42.002483,-200.00003,0,0
5.2301445,42.002483,-200.00003,0,0
4.2301445,42.002483,-200.00003,0,0
3.2301445,42.002483,-200.00003,0,0
2.2301445,42.002483,-200.00003,0,0
1.2301445,42.002483,-200.00003,0,0
0.2301445,42.002483,-200.00003,0,0
-0.7698555,42.002483,-200.00003,0,0
-1.7698555,42.002483,-200.00003,0,0
-2.7698555,42.002483,-200.00003,0,0
-3.7698555,42.002483,-200.00003,0,0
-4.7698555,42.002483,-200.00003,0,0
-5.7698555,42.002483,-200.00003,0,0
-6.7698555,42.002483,-200.00003,0,0
-7.7698555,42.002483,-200.00003,0,0
-8.7698555,42.002483,-200.00003,0,0
-9.7698555,42.002483,-200.00003,0,0
-10.7698555,42.002483,-200.00003,0,0
-11.7698555,42.002483,-200.00003,0,0
-12.7698555,42.002483,-200.00003,0,0
-13.7698555,42.002483,-200.00003,0,0
-14.7698555,42.002483,-200.00003,0,0
-15.7698555,42.002483,-200.00003,0,0
-16.769855,42.002483,-200.00003,0,0
-17.769855,42.002483,-200.00003,0,0
-18.769855,42.002483,-200.00003,0,0
-19.769855,42.002483,-200.00003,0,0
-20.769855,42.002483,-200.00003,0,0
-21.769855,42.002483,-200.00003,0,0
-22.769855,42.002483,-200.00003,0,0
-23.769855,42.002483,-200.00003,0,0
-24.769855,42.002483,-200.00003,0,0
-25.769855,42.002483,-200.00003,0,0
-26.769855,42.002483,-200.00003,0,0
-27.769855,42.002483,-200.00003,0,0
-28.769855,42.002483,-200.00003,0,0
-29.769855,42.002483,-200.00003,0,0
-30.769855,42.002483,-200.00003,0,0
-31.769855,42.002483,-200.00003,0,0
-32.769855,42.002483,-200.00003,0,0
-33.769855,42.002483,-200.00003,0,0
-34.769855,42.002483,-200.00003,0,0
-35.769855,42.002483,-200.00003,0,0
-36.769855,42.002483,-200.00003,0,0
-37.769855,42.002483,-200.00003,0,0
-38.769855,42.002483,-200.00003,0,0
-39.769855,42.002483,-200.00003,0,0
-40.769855,42.002483,-200.00003,0,0
-41.769855,42.002483,-200.00003,0,0
-42.769855,42.002483,-200.00003,0,0
-43.769855,42.002483,-200.00003,0,0
-44.769855,42.002483,-200.00003,0,0
-45.769855,42.002483,-200.00003,0,0
-46.769855,42.002483,-200.00003,0,0
-47.769855,42.002483,-200.00003,0,0
-48.769855,42.002483,-200.00003,0,0
-49.769855,42.002483,-200.00003,0,0
49.230145,41.002483,-200.00003,0,0
48.230145,41.002483,-200.00003,0,0
47.230145,41.002483,-200.00003,0,0
46.230145,41.002483,-200.00003,0,0
45.230145,41.002483,-200.00003,0,0
44.230145,41.002483,-200.00003,0,0
43.230145,41.002483,-200.00003,0,0
42.230145,41.002483,-200.00003,0,0
41.230145,41.002483,-200.00003,0,0
40.230145,41.002483,-200.00003,0,0
39.230145,41.002483,-200.00003,0,0
38.230145,41.002483,-200.00003,0,0
37.230145,41.002483,-200.00003,0,0
36.230145,41.002483,-200.00003,0,0
35.230145,41.002483,-200.00003,0,0
34.230145,41.002483,-200.00003,0,0
33.230145,41.002483,-200.00003,0,0
32.230145,41.002483,-200.00003,0,0
31.230145,41.002483,-200.00003,0,0
30.230145,41.002483,-200.00003,0,0
29.230145,41.002483,-200.00003,0,0
28.230145,41.002483,-200.00003,0,0
27.230145,41.002483,-200.00003,0,0
26.230145,41.002483,-200.00003,0,0
25.230145,41.002483,-200.00003,0,0
24.230145,41.002483,-200.00003,0,0
23.230145,41.002483,-200.00003,0,0
22.230145,41.002483,-200.00003,0,0
21.230145,41.002483,-200.00003,0,0
20.230145,41.002483,-200.00003,0,0
19.230145,41.002483,-200.00003,0,0
18.230145,41.002483,-200.00003,0,0
17.230145,41.002483,-200.00003,0,0
16.230145,41.002483,-200.00003,0,0
15.2301445,41.002483,-200.00003,0,0
14.2301445,41.002483,-200.00003,0,0
13.2301445,41.002483,-200.00003,0,0
12.2301445,41.002483,-200.00003,0,0
11.2301445,41.002483,-200.00003,0,0
10.2301445,41.002483,-200.00003,0,0
9.2301445,41.002483,-200.00003,0,0
8.2301445,41.002483,-200.00003,0,0
7.2301445,41.002483,-200.00003,0,0
6.2301445,41.002483,-200.00003,0,0
5.2301445,41.002483,-200.00003,0,0
4.2301445,41.002483,-200.00003,0,0
3.2301445,41.002483,-200.00003,0,0
2.2301445,41.002483,-200.00003,0,0
1.2301445,41.002483,-200.00003,0,0
0.2301445,41.002483,-200.00003,0,0
-0.7698555,41.002483,-200.00003,0,0
-1.7698555,41.002483,-200.00003,0,0
-2.7698555,41.002483,-200.00003,0,0
-3.7698555,41.002483,-200.00003,0,0
-4.7698555,41.002483,-200.00003,0,0
-5.7698555,41.002483,-200.00003,0,0
-6.7698555,41.002483,-200.00003,0,0
-7.7698555,41.002483,-200.00003,0,0
-8.7698555,41.002483,-200.00003,0,0
-9.7698555,41.002483,-200.00003,0,0
-10.7698555,41.002483,-200.00003,0,0
-11.7698555,41.002483,-200.00003,0,0
-12.7698555,41.002483,-200.00003,0,0
-13.7698555,41.002483,-200.00003,0,0
-14.7698555,41.002483,-200.00003,0,0
-15.7698555,41.002483,-200.00003,0,0
-16.769855,41.002483,-200.00003,0,0
-17.769855,41.002483,-200.00003,0,0
-18.769855,41.002483,-200.00003,0,0
-19.769855,41.002483,-200.00003,0,0
-20.769855,41.002483,-200.00003,0,0
-21.769855,41.002483,-200.00003,0,0
-22.769855,41.002483,-200.00003,0,0
-23.769855,41.002483,-200.00003,0,0
-24.769855,41.002483,-200.00003,0,0
-25.769855,41.002483,-200.00003,0,0
-26.769855,41.002483,-200.00003,0,0
-27.769855,41.002483,-200.00003,0,0
-28.769855,41.002483,-200.00003,0,0
-29.769855,41.002483,-200.00003,0,0
-30.769855,41.002483,-200.00003,0,0
-31.769855,41.002483,-200.00003,0,0
-32.769855,41.002483,-200.00003,0,0
-33.769855,41.002483,-200.00003,0,0
-34.769855,41.002483,-200.00003,0,0
-35.769855,41.002483,-200.00003,0,0
-36.769855,41.002483,-200.00003,0,0
-37.769855,41.002483,-200.00003,0,0
-38.769855,41.002483,-200.00003,0,0
-39.769855,41.002483,-200.00003,0,0
-40.769855,41.002483,-200.00003,0,0
-41.769855,41.002483,-200.00003,0,0
-42.769855,41.002483,-200.00003,0,0
-43.769855,41.002483,-200.00003,0,0
-44.769855,41.002483,-200.00003,0,0
-45.769855,41.002483,-200.00003,0,0
-46.769855,41.002483,-200.00003,0,0
-47.769855,41.002483,-200.00003,0,0
-48.769855,41.002483,-200.00003,0,0
-49.769855,41.002483,-200.00003,0,0
49.230145,40.002483,-200.00003,0,0
48.230145,40.002483,-200.00003,0,0
47.230145,40.002483,-200.00003,0,0
46.230145,40.002483,-200.00003,0,0
45.230145,40.002483,-200.00003,0,0
44.230145,40.002483,-200.00003,0,0
43.230145,40.002483,-200.00003,0,0
42.230145,40.002483,-200.00003,0,0
41.230145,40.002483,-200.00003,0,0
40.230145,40.002483,-200.00003,0,0
39.230145,40.002483,-200.00003,0,0
38.230145,40.002483,-200.00003,0,0
37.230145,40.002483,-200.00003,0,0
36.230145,40.002483,-200.00003,0,0
35.230145,40.002483,-200.00003,0,0
34.230145,40.002483,-200.00003,0,0
33.230145,40.002483,-200.00003,0,0
32.230145,40.002483,-200.00003,0,0
31.230145,40.002483,-200.00003,0,0
30.230145,40.002483,-200.00003,0,0
29.230145,40.002483,-200.00003,0,0
28.230145,40.002483,-200.00003,0,0
27.230145,40.002483,-200.00003,0,0
26.230145,40.002483,-200.00003,0,0
25.230145,40.002483,-200.00003,0,0
24.230145,40.002483,-200.00003,0,0
23.230145,40.002483,-200.00003,0,0
22.230145,40.002483,-200.00003,0,0
21.230145,40.002483,-200.00003,0,0
20.230145,40.002483,-200.00003,0,0
19.230145,40.002483,-200.00003,0,0
18.230145,40.002483,-200.00003,0,0
17.230145,40.002483,-200.00003,0,0
16.230145,40.002483,-200.00003,0,0
15.2301445,40.002483,-200.00003,0,0
14.2301445,40.002483,-200.00003,0,0
13.2301445,40.002483,-200.00003,0,0
12.2301445,40.002483,-200.00003,0,0
11.2301445,40.002483,-200.00003,0,0
10.2301445,40.002483,-200.00003,0,0
9.2301445,40.002483,-200.00003,0,0
8.2301445,40.002483,-200.00003,0,0
7.2301445,40.002483,-200.00003,0,0
6.2301445,40.002483,-200.00003,0,0
5.2301445,40.002483,-200.00003,0,0
4.2301445,40.002483,-200.00003,0,0
3.2301445,40.002483,-200.00003,0,0
2.2301445,40.002483,-200.00003,0,0
1.2301445,40.002483,-200.00003,0,0
0.2301445,40.002483,-200.00003,0,0
-0.7698555,40.002483,-200.00003,0,0
-1.7698555,40.002483,-200.00003,0,0
-2.7698555,40.002483,-200.00003,0,0
-3.7698555,40.002483,-200.00003,0,0
-4.7698555,40.002483,-200.00003,0,0
-5.7698555,40.002483,-200.00003,0,0
-6.7698555,40.002483,-200.00003,0,0
-7.7698555,40.002483,-200.00003,0,0
-8.7698555,40.002483,-200.00003,0,0
-9.7698555,40.002483,-200.00003,0,0
-10.7698555,40.002483,-200.00003,0,0
-11.7698555,40.002483,-200.00003,0,0
-12.7698555,40.002483,-200.00003,0,0
-13.7698555,40.002483,-200.00003,0,0
-14.7698555,40.002483,-200.00003,0,0
-15.7698555,40.002483,-200.00003,0,0
-16.769855,40.002483,-200.00003,0,0
-17.769855,40.002483,-200.00003,0,0
-18.769855,40.002483,-200.00003,0,0
-19.769855,40.002483,-200.00003,0,0
-20.769855,40.002483,-200.00003,0,0
-21.769855,40.002483,-200.00003,0,0
-22.769855,40.002483,-200.00003,0,0
-23.769855,40.002483,-200.00003,0,0
-24.769855,40.002483,-200.00003,0,0
-25.769855,40.002483,-200.00003,0,0
-26.769855,40.002483,-200.00003,0,0
-27.769855,40.002483,-200.00003,0,0
-28.769855,40.002483,-200.00003,0,0
-29.769855,40.002483,-200.00003,0,0
-30.769855,40.002483,-200.00003,0,0
-31.769855,40.002483,-200.00003,0,0
-32.769855,40.002483,-200.00003,0,0
-33.769855,40.002483,-200.00003,0,0
-34.769855,40.002483,-200.00003,0,0
-35.769855,40.002483,-200.00003,0,0
-36.769855,40.002483,-200.00003,0,0
-37.769855,40.002483,-200.00003,0,0
-38.769855,40.002483,-200.00003,0,0
-39.769855,40.002483,-200.00003,0,0
-40.769855,40.002483,-200.00003,0,0
-41.769855,40.002483,-200.00003,0,0
-42.769855,40.002483,-200.00003,0,0
-43.769855,40.002483,-200.00003,0,0
-44.769855,40.002483,-200.00003,0,0
-45.769855,40.002483,-200.00003,0,0
-46.769855,40.002483,-200.00003,0,0
-47.769855,40.002483,-200.00003,0,0
-48.769855,40.002483,-200.00003,0,0
-49.769855,40.002483,-200.00003,0,0
49.230145,39.002483,-200.00003,0,0
48.230145,39.002483,-200.00003,0,0
47.230145,39.002483,-200.00003,0,0
46.230145,39.002483,-200.00003,0,0
45.230145,39.002483,-200.00003,0,0
44.230145,39.002483,-200.00003,0,0
43.230145,39.002483,-200.00003,0,0
42.230145,39.002483,-200.00003,0,0
41.230145,39.002483,-200.00003,0,0
40.230145,39.002483,-200.00003,0,0
39.230145,39.002483,-200.00003,0,0
38.230145,39.002483,-200.00003,0,0
37.230145,39.002483,-200.00003,0,0
36.230145,39.002483,-200.00003,0,0
35.230145,39.002483,-200.00003,0,0
34.230145,39.002483,-200.00003,0,0
33.230145,39.002483,-200.00003,0,0
32.230145,39.002483,-200.00003,0,0
31.230145,39.002483,-200.00003,0,0
30.230145,39.002483,-200.00003,0,0
29.230145,39.002483,-200.00003,0,0
28.230145,39.002483,-200.00003,0,0
27.230145,39.002483,-200.00003,0,0
26.230145,39.002483,-200.00003,0,0
25.230145,39.002483,-200.00003,0,0
24.230145,39.002483,-200.00003,0,0
23.230145,39.002483,-200.00003,0,0
22.230145,39.002483,-200.00003,0,0
21.230145,39.002483,-200.00003,0,0
20.230145,39.002483,-200.00003,0,0
19.230145,39.002483,-200.00003,0,0
18.230145,39.002483,-200.00003,0,0
17.230145,39.002483,-200.00003,0,0
16.230145,39.002483,-200.00003,0,0
15.2301445,39.002483,-200.00003,0,0
14.2301445,39.002483,-200.00003,0,0
13.2301445,39.002483,-200.00003,0,0
12.2301445,39.002483,-200.00003,0,0
11.2301445,39.002483,-200.00003,0,0
10.2301445,39.002483,-200.00003,0,0
9.2301445,39.002483,-200.00003,0,0
8.2301445,39.002483,-200.00003,0,0
7.2301445,39.002483,-200.00003,0,0
6.2301445,39.002483,-200.00003,0,0
5.2301445,39.002483,-200.00003,0,0
4.2301445,39.002483,-200.00003,0,0
3.2301445,39.002483,-200.00003,0,0
2.2301445,39.002483,-200.00003,0,0
1.2301445,39.002483,-200.00003,0,0
0.2301445,39.002483,-200.00003,0,0
-0.7698555,39.002483,-200.00003,0,0
-1.7698555,39.002483,-200.00003,0,0
-2.7698555,39.002483,-200.00003,0,0
-3.7698555,39.002483,-200.00003,0,0
-4.7698555,39.002483,-200.00003,0,0
-5.7698555,39.002483,-200.00003,0,0
-6.7698555,39.002483,-200.00003,0,0
-7.7698555,39.002483,-200.00003,0,0
-8.7698555,39.002483,-200.00003,0,0
-9.7698555,39.002483,-200.00003,0,0
-10.7698555,39.002483,-200.00003,0,0
-11.7698555,39.002483,-200.00003,0,0
-12.7698555,39.002483,-200.00003,0,0
-13.7698555,39.002483,-200.00003,0,0
-14.7698555,39.002483,-200.00003,0,0
-15.7698555,39.002483,-200.00003,0,0
-16.769855,39.002483,-200.00003,0,0
-17.769855,39.002483,-200.00003,0,0
-18.769855,39.002483,-200.00003,0,0
-19.769855,39.002483,-200.00003,0,0
-20.769855,39.002483,-200.00003,0,0
-21.769855,39.002483,-200.00003,0,0
-22.769855,39.002483,-200.00003,0,0
-23.769855,39.002483,-200.00003,0,0
-24.769855,39.002483,-200.00003,0,0
-25.769855,39.002483,-200.00003,0,0
-26.769855,39.002483,-200.00003,0,0
-27.769855,39.002483,-200.00003,0,0
-28.769855,39.002483,-200.00003,0,0
-29.769855,39.002483,-200.00003,0,0
-30.769855,39.002483,-200.00003,0,0
-31.769855,39.002483,-200.00003,0,0
-32.769855,39.002483,-200.00003,0,0
-33.769855,39.002483,-200.00003,0,0
-34.769855,39.002483,-200.00003,0,0
-35.769855,39.002483,-200.00003,0,0
-36.769855,39.002483,-200.00003,0,0
-37.769855,39.002483,-200.00003,0,0
-38.769855,39.002483,-200.00003,0,0
-39.769855,39.002483,-200.00003,0,0
-40.769855,39.002483,-200.00003,0,0
-41.769855,39.002483,-200.00003,0,0
-42.769855,39.002483,-200.00003,0,0
-43.769855,39.002483,-200.00003,0,0
-44.769855,39.002483,-200.00003,0,0
-45.769855,39.002483,-200.00003,0,0
-46.769855,39.002483,-200.00003,0,0
-47.769855,39.002483,-200.00003,0,0
-48.769855,39.002483,-200.00003,0,0
-49.769855,39.002483,-200.00003,0,0
49.230145,38.002483,-200.00003,0,0
48.230145,38.002483,-200.00003,0,0
47.230145,38.002483,-200.00003,0,0
46.230145,38.002483,-200.00003,0,0
45.230145,38.002483,-200.00003,0,0
44.230145,38.002483,-200.00003,0,0
43.230145,38.002483,-200.00003,0,0
42.230145,38.002483,-200.00003,0,0
41.230145,38.002483,-200.00003,0,0
40.230145,38.002483,-200.00003,0,0
39.230145,38.002483,-200.00003,0,0
38.230145,38.002483,-200.00003,0,0
37.230145,38.002483,-200.00003,0,0
36.230145,38.002483,-200.00003,0,0
35.230145,38.002483,-200.00003,0,0
34.230145,38.002483,-200.00003,0,0
33.230145,38.002483,-200.00003,0,0
32.230145,38.002483,-200.00003,0,0
31.230145,38.002483,-200.00003,0,0
30.230145,38.002483,-200.00003,0,0
29.230145,38.002483,-200.00003,0,0
28.230145,38.002483,-200.00003,0,0
27.230145,38.002483,-200.00003,0,0
26.230145,38.002483,-200.00003,0,0
25.230145,38.002483,-200.00003,0,0
24.230145,38.002483,-200.00003,0,0
23.230145,38.002483,-200.00003,0,0
22.230145,38.002483,-200.00003,0,0
21.230145,38.002483,-200.00003,0,0
20.230145,38.002483,-200.00003,0,0
19.230145,38.002483,-200.00003,0,0
18.230145,38.002483,-200.00003,0,0
17.230145,38.002483,-200.00003,0,0
16.230145,38.002483,-200.00003,0,0
15.2301445,38.002483,-200.00003,0,0
14.2301445,38.002483,-200.00003,0,0
13.2301445,38.002483,-200.00003,0,0
12.2301445,38.002483,-200.00003,0,0
11.2301445,38.002483,-200.00003,0,0
10.2301445,38.002483,-200.00003,0,0
9.2301445,38.002483,-200.00003,0,0
8.2301445,38.002483,-200.00003,0,0
7.2301445,38.002483,-200.00003,0,0
6.2301445,38.002483,-200.00003,0,0
5.2301445,38.002483,-200.00003,0,0
4.2301445,38.002483,-200.00003,0,0
3.2301445,38.002483,-200.00003,0,0
2.2301445,38.002483,-200.00003,0,0
1.2301445,38.002483,-200.00003,0,0
0.2301445,38.002483,-200.00003,0,0
-0.7698555,38.002483,-200.00003,0,0
-1.7698555,38.002483,-200.00003,0,0
-2.7698555,38.002483,-200.00003,0,0
-3.7698555,38.002483,-200.00003,0,0
-4.7698555,38.002483,-200.00003,0,0
-5.7698555,38.002483,-200.00003,0,0
-6.7698555,38.002483,-200.00003,0,0
-7.7698555,38.002483,-200.00003,0,0
-8.7698555,38.002483,-200.00003,0,0
-9.7698555,38.002483,-200.00003,0,0
-10.7698555,38.002483,-200.00003,0,0
-11.7698555,38.002483,-200.00003,0,0
-12.7698555,38.002483,-200.00003,0,0
-13.7698555,38.002483,-200.00003,0,0
-14.7698555,38.002483,-200.00003,0,0
-15.7698555,38.002483,-200.00003,0,0
-16.769855,38.002483,-200.00003,0,0
-17.769855,38.002483,-200.00003,0,0
-18.769855,38.002483,-200.00003,0,0
-19.769855,38.002483,-200.00003,0,0
-20.769855,38.002483,-200.00003,0,0
-21.769855,38.002483,-200.00003,0,0
-22.769855,38.002483,-200.00003,0,0
-23.769855,38.002483,-200.00003,0,0
-24.769855,38.002483,-200.00003,0,0
-25.769855,38.002483,-200.00003,0,0
-26.769855,38.002483,-200.00003,0,0
-27.769855,38.002483,-200.00003,0,0
-28.769855,38.002483,-200.00003,0,0
-29.769855,38.002483,-200.00003,0,0
-30.769855,38.002483,-200.00003,0,0
-31.769855,38.002483,-200.00003,0,0
-32.769855,38.002483,-200.00003,0,0
-33.769855,38.002483,-200.00003,0,0
-34.769855,38.002483,-200.00003,0,0
-35.769855,38.002483,-200.00003,0,0
-36.769855,38.002483,-200.00003,0,0
-37.769855,38.002483,-200.00003,0,0
-38.769855,38.002483,-200.00003,0,0
-39.769855,38.002483,-200.00003,0,0
-40.769855,38.002483,-200.00003,0,0
-41.769855,38.002483,-200.00003,0,0
-42.769855,38.002483,-200.00003,0,0
-43.769855,38.002483,-200.00003,0,0
-44.769855,38.002483,-200.00003,0,0
-45.769855,38.002483,-200.00003,0,0
-46.769855,38.002483,-200.00003,0,0
-47.769855,38.002483,-200.00003,0,0
-48.769855,38.002483,-200.00003,0,0
-49.769855,38.002483,-200.00003,0,0
49.230145,37.002483,-200.00003,0,0
48.230145,37.002483,-200.00003,0,0
47.230145,37.002483,-200.00003,0,0
46.230145,37.002483,-200.00003,0,0
45.230145,37.002483,-200.00003,0,0
44.230145,37.002483,-200.00003,0,0
43.230145,37.002483,-200.00003,0,0
42.230145,37.002483,-200.00003,0,0
41.230145,37.002483,-200.00003,0,0
40.230145,37.002483,-200.00003,0,0
39.230145,37.002483,-200.00003,0,0
38.230145,37.002483,-200.00003,0,0
37.230145,37.002483,-200.00003,0,0
36.230145,37.002483,-200.00003,0,0
35.230145,37.002483,-200.00003,0,0
34.230145,37.002483,-200.00003,0,0
33.230145,37.002483,-200.00003,0,0
32.230145,37.002483,-200.00003,0,0
31.230145,37.002483,-200.00003,0,0
30.230145,37.002483,-200.00003,0,0
29.230145,37.002483,-200.00003,0,0
28.230145,37.002483,-200.00003,0,0
27.230145,37.002483,-200.00003,0,0
26.230145,37.002483,-200.00003,0,0
25.230145,37.002483,-200.00003,0,0
24.230145,37.002483,-200.00003,0,0
23.230145,37.002483,-200.00003,0,0
22.230145,37.002483,-200.00003,0,0
21.230145,37.002483,-200.00003,0,0
20.230145,37.002483,-200.00003,0,0
19.230145,37.002483,-200.00003,0,0
18.230145,37.002483,-200.00003,0,0
17.230145,37.002483,-200.00003,0,0
16.230145,37.002483,-200.00003,0,0
15.2301445,37.002483,-200.00003,0,0
14.2301445,37.002483,-200.00003,0,0
13.2301445,37.002483,-200.00003,0,0
12.2301445,37.002483,-200.00003,0,0
11.2301445,37.002483,-200.00003,0,0
10.2301445,37.002483,-200.00003,0,0
9.2301445,37.002483,-200.00003,0,0
8.2301445,37.002483,-200.00003,0,0
7.2301445,37.002483,-200.00003,0,0
6.2301445,37.002483,-200.00003,0,0
5.2301445,37.002483,-200.00003,0,0
4.2301445,37.002483,-200.00003,0,0
3.2301445,37.002483,-200.00003,0,0
2.2301445,37.002483,-200.00003,0,0
1.2301445,37.002483,-200.00003,0,0
0.2301445,37.002483,-200.00003,0,0
-0.7698555,37.002483,-200.00003,0,0
-1.7698555,37.002483,-200.00003,0,0
-2.7698555,37.002483,-200.00003,0,0
-3.7698555,37.002483,-200.00003,0,0
-4.7698555,37.002483,-200.00003,0,0
-5.7698555,37.002483,-200.00003,0,0
-6.7698555,37.002483,-200.00003,0,0
-7.7698555,37.002483,-200.00003,0,0
-8.7698555,37.002483,-200.00003,0,0
-9.7698555,37.002483,-200.00003,0,0
-10.7698555,37.002483,-200.00003,0,0
-11.7698555,37.002483,-200.00003,0,0
-12.7698555,37.002483,-200.00003,0,0
-13.7698555,37.002483,-200.00003,0,0
-14.7698555,37.002483,-200.00003,0,0
-15.7698555,37.002483,-200.00003,0,0
-16.769855,37.002483,-200.00003,0,0
-17.769855,37.002483,-200.00003,0,0
-18.769855,37.002483,-200.00003,0,0
-19.769855,37.002483,-200.00003,0,0
-20.769855,37.002483,-200.00003,0,0
-21.769855,37.002483,-200.00003,0,0
-22.769855,37.002483,-200.00003,0,0
-23.769855,37.002483,-200.00003,0,0
-24.769855,37.002483,-200.00003,0,0
-25.769855,37.002483,-200.00003,0,0
-26.769855,37.002483,-200.00003,0,0
-27.769855,37.002483,-200.00003,0,0
-28.769855,37.002483,-200.00003,0,0
-29.769855,37.002483,-200.00003,0,0
-30.769855,37.002483,-200.00003,0,0
-31.769855,37.002483,-200.00003,0,0
-32.769855,37.002483,-200.00003,0,0
-33.769855,37.002483,-200.00003,0,0
-34.769855,37.002483,-200.00003,0,0
-35.769855,37.002483,-200.00003,0,0
-36.769855,37.002483,-200.00003,0,0
-37.769855,37.002483,-200.00003,0,0
-38.769855,37.002483,-200.00003,0,0
-39.769855,37.002483,-200.00003,0,0
-40.769855,37.002483,-200.00003,0,0
-41.769855,37.002483,-200.00003,0,0
-42.769855,37.002483,-200.00003,0,0
-43.769855,37.002483,-200.00003,0,0
-44.769855,37.002483,-200.00003,0,0
-45.769855,37.002483,-200.00003,0,0
-46.769855,37.002483,-200.00003,0,0
-47.769855,37.002483,-200.00003,0,0
-48.769855,37.002483,-200.00003,0,0
-49.769855,37.002483,-200.00003,0,0
49.230145,36.002483,-200.00003,0,0
48.230145,36.002483,-200.00003,0,0
47.230145,36.002483,-200.00003,0,0
46.230145,36.002483,-200.00003,0,0
45.230145,36.002483,-200.00003,0,0
44.230145,36.002483,-200.00003,0,0
43.230145,36.002483,-200.00003,0,0
42.230145,36.002483,-200.00003,0,0
41.230145,36.002483,-200.00003,0,0
40.230145,36.002483,-200.00003,0,0
39.230145,36.002483,-200.00003,0,0
38.230145,36.002483,-200.00003,0,0
37.230145,36.002483,-200.00003,0,0
36.230145,36.002483,-200.00003,0,0
35.230145,36.002483,-200.00003,0,0
34.230145,36.002483,-200.00003,0,0
33.230145,36.002483,-200.00003,0,0
32.230145,36.002483,-200.00003,0,0
31.230145,36.002483,-200.00003,0,0
30.230145,36.002483,-200.00003,0,0
29.230145,36.002483,-200.00003,0,0
28.230145,36.002483,-200.00003,0,0
27.230145,36.002483,-200.00003,0,0
26.230145,36.002483,-200.00003,0,0
25.230145,36.002483,-200.00003,0,0
24.230145,36.002483,-200.00003,0,0
23.230145,36.002483,-200.00003,0,0
22.230145,36.002483,-200.00003,0,0
21.230145,36.002483,-200.00003,0,0
20.230145,36.002483,-200.00003,0,0
19.230145,36.002483,-200.00003,0,0
18.230145,36.002483,-200.00003,0,0
17.230145,36.002483,-200.00003,0,0
16.230145,36.002483,-200.00003,0,0
15.2301445,36.002483,-200.00003,0,0
14.2301445,36.002483,-200.00003,0,0
13.2301445,36.002483,-200.00003,0,0
12.2301445,36.002483,-200.00003,0,0
11.2301445,36.002483,-200.00003,0,0
10.2301445,36.002483,-200.00003,0,0
9.2301445,36.002483,-200.00003,0,0
8.2301445,36.002483,-200.00003,0,0
7.2301445,36.002483,-200.00003,0,0
6.2301445,36.002483,-200.00003,0,0
5.2301445,36.002483,-200.00003,0,0
4.2301445,36.002483,-200.00003,0,0
3.2301445,36.002483,-200.00003,0,0
2.2301445,36.002483,-200.00003,0,0
1.2301445,36.002483,-200.00003,0,0
0.2301445,36.002483,-200.00003,0,0
-0.7698555,36.002483,-200.00003,0,0
-1.7698555,36.002483,-200.00003,0,0
-2.7698555,36.002483,-200.00003,0,0
-3.7698555,36.002483,-200.00003,0,0
-4.7698555,36.002483,-200.00003,0,0
-5.7698555,36.002483,-200.00003,0,0
-6.7698555,36.002483,-200.00003,0,0
-7.7698555,36.002483,-200.00003,0,0
-8.7698555,36.002483,-200.00003,0,0
-9.7698555,36.002483,-200.00003,0,0
-10.7698555,36.002483,-200.00003,0,0
-11.7698555,36.002483,-200.00003,0,0
-12.7698555,36.002483,-200.00003,0,0
-13.7698555,36.002483,-200.00003,0,0
-14.7698555,36.002483,-200.00003,0,0
-15.7698555,36.002483,-200.00003,0,0
-16.769855,36.002483,-200.00003,0,0
-17.769855,36.002483,-200.00003,0,0
-18.769855,36.002483,-200.00003,0,0
-19.769855,36.002483,-200.00003,0,0
-20.769855,36.002483,-200.00003,0,0
-21.769855,36.002483,-200.00003,0,0
-22.769855,36.002483,-200.00003,0,0
-23.769855,36.002483,-200.00003,0,0
-24.769855,36.002483,-200.00003,0,0
-25.769855,36.002483,-200.00003,0,0
-26.769855,36.002483,-200.00003,0,0
-27.769855,36.002483,-200.00003,0,0
-28.769855,36.002483,-200.00003,0,0
-29.769855,36.002483,-200.00003,0,0
-30.769855,36.002483,-200.00003,0,0
-31.769855,36.002483,-200.00003,0,0
-32.769855,36.002483,-200.00003,0,0
-33.769855,36.002483,-200.00003,0,0
-34.769855,36.002483,-200.00003,0,0
-35.769855,36.002483,-200.00003,0,0
-36.769855,36.002483,-200.00003,0,0
-37.769855,36.002483,-200.00003,0,0
-38.769855,36.002483,-200.00003,0,0
-39.769855,36.002483,-200.00003,0,0
-40.769855,36.002483,-200.00003,0,0
-41.769855,36.002483,-200.00003,0,0
-42.769855,36.002483,-200.00003,0,0
-43.769855,36.002483,-200.00003,0,0
-44.769855,36.002483,-200.00003,0,0
-45.769855,36.002483,-200.00003,0,0
-46.769855,36.002483,-200.00003,0,0
-47.769855,36.002483,-200.00003,0,0
-48.769855,36.002483,-200.00003,0,0
-49.769855,36.002483,-200.00003,0,0
49.230145,35.002483,-200.00003,0,0
48.230145,35.002483,-200.00003,0,0
47.230145,35.002483,-200.00003,0,0
46.230145,35.002483,-200.00003,0,0
45.230145,35.002483,-200.00003,0,0
44.230145,35.002483,-200.00003,0,0
43.230145,35.002483,-200.00003,0,0
42.230145,35.002483,-200.00003,0,0
41.230145,35.002483,-200.00003,0,0
40.230145,35.002483,-200.00003,0,0
39.230145,35.002483,-200.00003,0,0
38.230145,35.002483,-200.00003,0,0
37.230145,35.002483,-200.00003,0,0
36.230145,35.002483,-200.00003,0,0
35.230145,35.002483,-200.00003,0,0
34.230145,35.002483,-200.00003,0,0
33.230145,35.002483,-200.00003,0,0
32.230145,35.002483,-200.00003,0,0
31.230145,35.002483,-200.00003,0,0
30.230145,35.002483,-200.00003,0,0
29.230145,35.002483,-200.00003,0,0
28.230145,35.002483,-200.00003,0,0
27.230145,35.002483,-200.00003,0,0
26.230145,35.002483,-200.00003,0,0
25.230145,35.002483,-200.00003,0,0
24.230145,35.002483,-200.00003,0,0
23.230145,35.002483,-200.00003,0,0
22.230145,35.002483,-200.00003,0,0
21.230145,35.002483,-200.00003,0,0
20.230145,35.002483,-200.00003,0,0
19.230145,35.002483,-200.00003,0,0
18.230145,35.002483,-200.00003,0,0
17.230145,35.002483,-200.00003,0,0
16.230145,35.002483,-200.00003,0,0
15.2301445,35.002483,-200.00003,0,0
14.2301445,35.002483,-200.00003,0,0
13.2301445,35.002483,-200.00003,0,0
12.2301445,35.002483,-200.00003,0,0
11.2301445,35.002483,-200.00003,0,0
10.2301445,35.002483,-200.00003,0,0
9.2301445,35.002483,-200.00003,0,0
8.2301445,35.002483,-200.00003,0,0
7.2301445,35.002483,-200.00003,0,0
6.2301445,35.002483,-200.00003,0,0
5.2301445,35.002483,-200.00003,0,0
4.2301445,35.002483,-200.00003,0,0
3.2301445,35.002483,-200.00003,0,0
2.2301445,35.002483,-200.00003,0,0
1.2301445,35.002483,-200.00003,0,0
0.2301445,35.002483,-200.00003,0,0
-0.7698555,35.002483,-200.00003,0,0
-1.7698555,35.002483,-200.00003,0,0
-2.7698555,35.002483,-200.00003,0,0
-3.7698555,35.002483,-200.00003,0,0
-4.7698555,35.002483,-200.00003,0,0
-5.7698555,35.002483,-200.00003,0,0
-6.7698555,35.002483,-200.00003,0,0
-7.7698555,35.002483,-200.00003,0,0
-8.7698555,35.002483,-200.00003,0,0
-9.7698555,35.002483,-200.00003,0,0
-10.7698555,35.002483,-200.00003,0,0
-11.7698555,35.002483,-200.00003,0,0
-12.7698555,35.002483,-200.00003,0,0
-13.7698555,35.002483,-200.00003,0,0
-14.7698555,35.002483,-200.00003,0,0
-15.7698555,35.002483,-200.00003,0,0
-16.769855,35.002483,-200.00003,0,0
-17.769855,35.002483,-200.00003,0,0
-18.769855,35.002483,-200.00003,0,0
-19.769855,35.002483,-200.00003,0,0
-20.769855,35.002483,-200.00003,0,0
-21.769855,35.002483,-200.00003,0,0
-22.769855,35.002483,-200.00003,0,0
-23.769855,35.002483,-200.00003,0,0
-24.769855,35.002483,-200.00003,0,0
-25.769855,35.002483,-200.00003,0,0
-26.769855,35.002483,-200.00003,0,0
-27.769855,35.002483,-200.00003,0,0
-28.769855,35.002483,-200.00003,0,0
-29.769855,35.002483,-200.00003,0,0
-30.769855,35.002483,-200.00003,0,0
-31.769855,35.002483,-200.00003,0,0
-32.769855,35.002483,-200.00003,0,0
-33.769855,35.002483,-200.00003,0,0
-34.769855,35.002483,-200.00003,0,0
-35.769855,35.002483,-200.00003,0,0
-36.769855,35.002483,-200.00003,0,0
-37.769855,35.002483,-200.00003,0,0
-38.769855,35.002483,-200.00003,0,0
-39.769855,35.002483,-200.00003,0,0
-40.769855,35.002483,-200.00003,0,0
-41.769855,35.002483,-200.00003,0,0
-42.769855,35.002483,-200.00003,0,0
-43.769855,35.002483,-200.00003,0,0
-44.769855,35.002483,-200.00003,0,0
-45.769855,35.002483,-200.00003,0,0
-46.769855,35.002483,-200.00003,0,0
-47.769855,35.002483,-200.00003,0,0
-48.769855,35.002483,-200.00003,0,0
-49.769855,35.002483,-200.00003,0,0
49.230145,34.002483,-200.00003,0,0
48.230145,34.002483,-200.00003,0,0
47.230145,34.002483,-200.00003,0,0
46.230145,34.002483,-200.00003,0,0
45.230145,34.002483,-200.00003,0,0
44.230145,34.002483,-200.00003,0,0
43.230145,34.002483,-200.00003,0,0
42.230145,34.002483,-200.00003,0,0
41.230145,34.002483,-200.00003,0,0
40.230145,34.002483,-200.00003,0,0
39.230145,34.002483,-200.00003,0,0
38.230145,34.002483,-200.00003,0,0
37.230145,34.002483,-200.00003,0,0
36.230145,34.002483,-200.00003,0,0
35.230145,34.002483,-200.00003,0,0
34.230145,34.002483,-200.00003,0,0
33.230145,34.002483,-200.00003,0,0
32.230145,34.002483,-200.00003,0,0
31.230145,34.002483,-200.00003,0,0
30.230145,34.002483,-200.00003,0,0
29.230145,34.002483,-200.00003,0,0
28.230145,34.002483,-200.00003,0,0
27.230145,34.002483,-200.00003,0,0
26.230145,34.002483,-200.00003,0,0
25.230145,34.002483,-200.00003,0,0
24.230145,34.002483,-200.00003,0,0
23.230145,34.002483,-200.00003,0,0
22.230145,34.002483,-200.00003,0,0
21.230145,34.002483,-200.00003,0,0
20.230145,34.002483,-200.00003,0,0
19.230145,34.002483,-200.00003,0,0
18.230145,34.002483,-200.00003,0,0
17.230145,34.002483,-200.00003,0,0
16.230145,34.002483,-200.00003,0,0
15.2301445,34.002483,-200.00003,0,0
14.2301445,34.002483,-200.00003,0,0
13.2301445,34.002483,-200.00003,0,0
12.2301445,34.002483,-200.00003,0,0
11.2301445,34.002483,-200.00003,0,0
10.2301445,34.002483,-200.00003,0,0
9.2301445,34.002483,-200.00003,0,0
8.2301445,34.002483,-200.00003,0,0
7.2301445,34.002483,-200.00003,0,0
6.2301445,34.002483,-200.00003,0,0
5.2301445,34.002483,-200.00003,0,0
4.2301445,34.002483,-200.00003,0,0
3.2301445,34.002483,-200.00003,0,0
2.2301445,34.002483,-200.00003,0,0
1.2301445,34.002483,-200.00003,0,0
0.2301445,34.002483,-200.00003,0,0
-0.7698555,34.002483,-200.00003,0,0
-1.7698555,34.002483,-200.00003,0,0
-2.7698555,34.002483,-200.00003,0,0
-3.7698555,34.002483,-200.00003,0,0
-4.7698555,34.002483,-200.00003,0,0
-5.7698555,34.002483,-200.00003,0,0
-6.7698555,34.002483,-200.00003,0,0
-7.7698555,34.002483,-200.00003,0,0
-8.7698555,34.002483,-200.00003,0,0
-9.7698555,34.002483,-200.00003,0,0
-10.7698555,34.002483,-200.00003,0,0
-11.7698555,34.002483,-200.00003,0,0
-12.7698555,34.002483,-200.00003,0,0
-13.7698555,34.002483,-200.00003,0,0
-14.7698555,34.002483,-200.00003,0,0
-15.7698555,34.002483,-200.00003,0,0
-16.769855,34.002483,-200.00003,0,0
-17.769855,34.002483,-200.00003,0,0
-18.769855,34.002483,-200.00003,0,0
-19.769855,34.002483,-200.00003,0,0
-20.769855,34.002483,-200.00003,0,0
-21.769855,34.002483,-200.00003,0,0
-22.769855,34.002483,-200.00003,0,0
-23.769855,34.002483,-200.00003,0,0
-24.769855,34.002483,-200.00003,0,0
-25.769855,34.002483,-200.00003,0,0
-26.769855,34.002483,-200.00003,0,0
-27.769855,34.002483,-200.00003,0,0
-28.769855,34.002483,-200.00003,0,0
-29.769855,34.002483,-200.00003,0,0
-30.769855,34.002483,-200.00003,0,0
-31.769855,34.002483,-200.00003,0,0
-32.769855,34.002483,-200.00003,0,0
-33.769855,34.002483,-200.00003,0,0
-34.769855,34.002483,-200.00003,0,0
-35.769855,34.002483,-200.00003,0,0
-36.769855,34.002483,-200.00003,0,0
-37.769855,34.002483,-200.00003,0,0
-38.769855,34.002483,-200.00003,0,0
-39.769855,34.002483,-200.00003,0,0
-40.769855,34.002483,-200.00003,0,0
-41.769855,34.002483,-200.00003,0,0
-42.769855,34.002483,-200.00003,0,0
-43.769855,34.002483,-200.00003,0,0
-44.769855,34.002483,-200.00003,0,0
-45.769855,34.002483,-200.00003,0,0
-46.769855,34.002483,-200.00003,0,0
-47.769855,34.002483,-200.00003,0,0
-48.769855,34.002483,-200.00003,0,0
-49.769855,34.002483,-200.00003,0,0
49.230145,33.002483,-200.00003,0,0
48.230145,33.002483,-200.00003,0,0
47.230145,33.002483,-200.00003,0,0
46.230145,33.002483,-200.00003,0,0
45.230145,33.002483,-200.00003,0,0
44.230145,33.002483,-200.00003,0,0
43.230145,33.002483,-200.00003,0,0
42.230145,33.002483,-200.00003,0,0
41.230145,33.002483,-200.00003,0,0
40.230145,33.002483,-200.00003,0,0
39.230145,33.002483,-200.00003,0,0
38.230145,33.002483,-200.00003,0,0
37.230145,33.002483,-200.00003,0,0
36.230145,33.002483,-200.00003,0,0
35.230145,33.002483,-200.00003,0,0
34.230145,33.002483,-200.00003,0,0
33.230145,33.002483,-200.00003,0,0
32.230145,33.002483,-200.00003,0,0
31.230145,33.002483,-200.00003,0,0
30.230145,33.002483,-200.00003,0,0
29.230145,33.002483,-200.00003,0,0
28.230145,33.002483,-200.00003,0,0
27.230145,33.002483,-200.00003,0,0
26.230145,33.002483,-200.00003,0,0
25.230145,33.002483,-200.00003,0,0
24.230145,33.002483,-200.00003,0,0
23.230145,33.002483,-200.00003,0,0
22.230145,33.002483,-200.00003,0,0
21.230145,33.002483,-200.00003,0,0
20.230145,33.002483,-200.00003,0,0
19.230145,33.002483,-200.00003,0,0
18.230145,33.002483,-200.00003,0,0
17.230145,33.002483,-200.00003,0,0
16.230145,33.002483,-200.00003,0,0
15.2301445,33.002483,-200.00003,0,0
14.2301445,33.002483,-200.00003,0,0
13.2301445,33.002483,-200.00003,0,0
12.2301445,33.002483,-200.00003,0,0
11.2301445,33.002483,-200.00003,0,0
10.2301445,33.002483,-200.00003,0,0
9.2301445,33.002483,-200.00003,0,0
8.2301445,33.002483,-200.00003,0,0
7.2301445,33.002483,-200.00003,0,0
6.2301445,33.002483,-200.00003,0,0
5.2301445,33.002483,-200.00003,0,0
4.2301445,33.002483,-200.00003,0,0
3.2301445,33.002483,-200.00003,0,0
2.2301445,33.002483,-200.00003,0,0
1.2301445,33.002483,-200.00003,0,0
0.2301445,33.002483,-200.00003,0,0
-0.7698555,33.002483,-200.00003,0,0
-1.7698555,33.002483,-200.00003,0,0
-2.7698555,33.002483,-200.00003,0,0
-3.7698555,33.002483,-200.00003,0,0
-4.7698555,33.002483,-200.00003,0,0
-5.7698555,33.002483,-200.00003,0,0
-6.7698555,33.002483,-200.00003,0,0
-7.7698555,33.002483,-200.00003,0,0
-8.7698555,33.002483,-200.00003,0,0
-9.7698555,33.002483,-200.00003,0,0
-10.7698555,33.002483,-200.00003,0,0
-11.7698555,33.002483,-200.00003,0,0
-12.7698555,33.002483,-200.00003,0,0
-13.7698555,33.002483,-200.00003,0,0
-14.7698555,33.002483,-200.00003,0,0
-15.7698555,33.002483,-200.00003,0,0
-16.769855,33.002483,-200.00003,0,0
-17.769855,33.002483,-200.00003,0,0
-18.769855,33.002483,-200.00003,0,0
-19.769855,33.002483,-200.00003,0,0
-20.769855,33.002483,-200.00003,0,0
-21.769855,33.002483,-200.00003,0,0
-22.769855,33.002483,-200.00003,0,0
-23.769855,33.002483,-200.00003,0,0
-24.769855,33.002483,-200.00003,0,0
-25.769855,33.002483,-200.00003,0,0
-26.769855,33.002483,-200.00003,0,0
-27.769855,33.002483,-200.00003,0,0
-28.769855,33.002483,-200.00003,0,0
-29.769855,33.002483,-200.00003,0,0
-30.769855,33.002483,-200.00003,0,0
-31.769855,33.002483,-200.00003,0,0
-32.769855,33.002483,-200.00003,0,0
-33.769855,33.002483,-200.00003,0,0
-34.769855,33.002483,-200.00003,0,0
-35.769855,33.002483,-200.00003,0,0
-36.769855,33.002483,-200.00003,0,0
-37.769855,33.002483,-200.00003,0,0
-38.769855,33.002483,-200.00003,0,0
-39.769855,33.002483,-200.00003,0,0
-40.769855,33.002483,-200.00003,0,0
-41.769855,33.002483,-200.00003,0,0
-42.769855,33.002483,-200.00003,0,0
-43.769855,33.002483,-200.00003,0,0
-44.769855,33.002483,-200.00003,0,0
-45.769855,33.002483,-200.00003,0,0
-46.769855,33.002483,-200.00003,0,0
-47.769855,33.002483,-200.00003,0,0
-48.769855,33.002483,-200.00003,0,0
-49.769855,33.002483,-200.00003,0,0
49.230145,32.002483,-200.00003,0,0
48.230145,32.002483,-200.00003,0,0
47.230145,32.002483,-200.00003,0,0
46.230145,32.002483,-200.00003,0,0
45.230145,32.002483,-200.00003,0,0
44.230145,32.002483,-200.00003,0,0
43.230145,32.002483,-200.00003,0,0
42.230145,32.002483,-200.00003,0,0
41.230145,32.002483,-200.00003,0,0
40.230145,32.002483,-200.00003,0,0
39.230145,32.002483,-200.00003,0,0
38.230145,32.002483,-200.00003,0,0
37.230145,32.002483,-200.00003,0,0
36.230145,32.002483,-200.00003,0,0
35.230145,32.002483,-200.00003,0,0
34.230145,32.002483,-200.00003,0,0
33.230145,32.002483,-200.00003,0,0
32.230145,32.002483,-200.00003,0,0
31.230145,32.002483,-200.00003,0,0
30.230145,32.002483,-200.00003,0,0
29.230145,32.002483,-200.00003,0,0
28.230145,32.002483,-200.00003,0,0
27.230145,32.002483,-200.00003,0,0
26.230145,32.002483,-200.00003,0,0
25.230145,32.002483,-200.00003,0,0
24.230145,32.002483,-200.00003,0,0
23.230145,32.002483,-200.00003,0,0
22.230145,32.002483,-200.00003,0,0
21.230145,32.002483,-200.00003,0,0
20.230145,32.002483,-200.00003,0,0
19.230145,32.002483,-200.00003,0,0
18.230145,32.002483,-200.00003,0,0
17.230145,32.002483,-200.00003,0,0
16.230145,32.002483,-200.00003,0,0
15.2301445,32.002483,-200.00003,0,0
14.2301445,32.002483,-200.00003,0,0
13.2301445,32.002483,-200.00003,0,0
12.2301445,32.002483,-200.00003,0,0
11.2301445,32.002483,-200.00003,0,0
10.2301445,32.002483,-200.00003,0,0
9.2301445,32.002483,-200.00003,0,0
8.2301445,32.002483,-200.00003,0,0
7.2301445,32.002483,-200.00003,0,0
6.2301445,32.002483,-200.00003,0,0
5.2301445,32.002483,-200.00003,0,0
4.2301445,32.002483,-200.00003,0,0
3.2301445,32.002483,-200.00003,0,0
2.2301445,32.002483,-200.00003,0,0
1.2301445,32.002483,-200.00003,0,0
0.2301445,32.002483,-200.00003,0,0
-0.7698555,32.002483,-200.00003,0,0
-1.7698555,32.002483,-200.00003,0,0
-2.7698555,32.002483,-200.00003,0,0
-3.7698555,32.002483,-200.00003,0,0
-4.7698555,32.002483,-200.00003,0,0
-5.7698555,32.002483,-200.00003,0,0
-6.7698555,32.002483,-200.00003,0,0
-7.7698555,32.002483,-200.00003,0,0
-8.7698555,32.002483,-200.00003,0,0
-9.7698555,32.002483,-200.00003,0,0
-10.7698555,32.002483,-200.00003,0,0
-11.7698555,32.002483,-200.00003,0,0
-12.7698555,32.002483,-200.00003,0,0
-13.7698555,32.002483,-200.00003,0,0
-14.7698555,32.002483,-200.00003,0,0
-15.7698555,32.002483,-200.00003,0,0
-16.769855,32.002483,-200.00003,0,0
-17.769855,32.002483,-200.00003,0,0
-18.769855,32.002483,-200.00003,0,0
-19.769855,32.002483,-200.00003,0,0
-20.769855,32.002483,-200.00003,0,0
-21.769855,32.002483,-200.00003,0,0
-22.769855,32.002483,-200.00003,0,0
-23.769855,32.002483,-200.00003,0,0
-24.769855,32.002483,-200.00003,0,0
-25.769855,32.002483,-200.00003,0,0
-26.769855,32.002483,-200.00003,0,0
-27.769855,32.002483,-200.00003,0,0
-28.769855,32.002483,-200.00003,0,0
-29.769855,32.002483,-200.00003,0,0
-30.769855,32.002483,-200.00003,0,0
-31.769855,32.002483,-200.00003,0,0
-32.769855,32.002483,-200.00003,0,0
-33.769855,32.002483,-200.00003,0,0
-34.769855,32.002483,-200.00003,0,0
-35.769855,32.002483,-200.00003,0,0
-36.769855,32.002483,-200.00003,0,0
-37.769855,32.002483,-200.00003,0,0
-38.769855,32.002483,-200.00003,0,0
-39.769855,32.002483,-200.00003,0,0
-40.769855,32.002483,-200.00003,0,0
-41.769855,32.002483,-200.00003,0,0
-42.769855,32.002483,-200.00003,0,0
-43.769855,32.002483,-200.00003,0,0
-44.769855,32.002483,-200.00003,0,0
-45.769855,32.002483,-200.00003,0,0
-46.769855,32.002483,-200.00003,0,0
-47.769855,32.002483,-200.00003,0,0
-48.769855,32.002483,-200.00003,0,0
-49.769855,32.002483,-200.00003,0,0
49.230145,31.002483,-200.00003,0,0
48.230145,31.002483,-200.00003,0,0
47.230145,31.002483,-200.00003,0,0
46.230145,31.002483,-200.00003,0,0
45.230145,31.002483,-200.00003,0,0
44.230145,31.002483,-200.00003,0,0
43.230145,31.002483,-200.00003,0,0
42.230145,31.002483,-200.00003,0,0
41.230145,31.002483,-200.00003,0,0
40.230145,31.002483,-200.00003,0,0
39.230145,31.002483,-200.00003,0,0
38.230145,31.002483,-200.00003,0,0
37.230145,31.002483,-200.00003,0,0
36.230145,31.002483,-200.00003,0,0
35.230145,31.002483,-200.00003,0,0
34.230145,31.002483,-200.00003,0,0
33.230145,31.002483,-200.00003,0,0
32.230145,31.002483,-200.00003,0,0
31.230145,31.002483,-200.00003,0,0
30.230145,31.002483,-200.00003,0,0
29.230145,31.002483,-200.00003,0,0
28.230145,31.002483,-200.00003,0,0
27.230145,31.002483,-200.00003,0,0
26.230145,31.002483,-200.00003,0,0
25.230145,31.002483,-200.00003,0,0
24.230145,31.002483,-200.00003,0,0
23.230145,31.002483,-200.00003,0,0
22.230145,31.002483,-200.00003,0,0
21.230145,31.002483,-200.00003,0,0
20.230145,31.002483,-200.00003,0,0
19.230145,31.002483,-200.00003,0,0
18.230145,31.002483,-200.00003,0,0
17.230145,31.002483,-200.00003,0,0
16.230145,31.002483,-200.00003,0,0
15.2301445,31.002483,-200.00003,0,0
14.2301445,31.002483,-200.00003,0,0
13.2301445,31.002483,-200.00003,0,0
12.2301445,31.002483,-200.00003,0,0
11.2301445,31.002483,-200.00003,0,0
10.2301445,31.002483,-200.00003,0,0
9.2301445,31.002483,-200.00003,0,0
8.2301445,31.002483,-200.00003,0,0
7.2301445,31.002483,-200.00003,0,0
6.2301445,31.002483,-200.00003,0,0
5.2301445,31.002483,-200.00003,0,0
4.2301445,31.002483,-200.00003,0,0
3.2301445,31.002483,-200.00003,0,0
2.2301445,31.002483,-200.00003,0,0
1.2301445,31.002483,-200.00003,0,0
0.2301445,31.002483,-200.00003,0,0
-0.7698555,31.002483,-200.00003,0,0
-1.7698555,31.002483,-200.00003,0,0
-2.7698555,31.002483,-200.00003,0,0
-3.7698555,31.002483,-200.00003,0,0
-4.7698555,31.002483,-200.00003,0,0
-5.7698555,31.002483,-200.00003,0,0
-6.7698555,31.002483,-200.00003,0,0
-7.7698555,31.002483,-200.00003,0,0
-8.7698555,31.002483,-200.00003,0,0
-9.7698555,31.002483,-200.00003,0,0
-10.7698555,31.002483,-200.00003,0,0
-11.7698555,31.002483,-200.00003,0,0
-12.7698555,31.002483,-200.00003,0,0
-13.7698555,31.002483,-200.00003,0,0
-14.7698555,31.002483,-200.00003,0,0
-15.7698555,31.002483,-200.00003,0,0
-16.769855,31.002483,-200.00003,0,0
-17.769855,31.002483,-200.00003,0,0
-18.769855,31.002483,-200.00003,0,0
-19.769855,31.002483,-200.00003,0,0
-20.769855,31.002483,-200.00003,0,0
-21.769855,31.002483,-200.00003,0,0
-22.769855,31.002483,-200.00003,0,0
-23.769855,31.002483,-200.00003,0,0
-24.769855,31.002483,-200.00003,0,0
-25.769855,31.002483,-200.00003,0,0
-26.769855,31.002483,-200.00003,0,0
-27.769855,31.002483,-200.00003,0,0
-28.769855,31.002483,-200.00003,0,0
-29.769855,31.002483,-200.00003,0,0
-30.769855,31.002483,-200.00003,0,0
-31.769855,31.002483,-200.00003,0,0
-32.769855,31.002483,-200.00003,0,0
-33.769855,31.002483,-200.00003,0,0
-34.769855,31.002483,-200.00003,0,0
-35.769855,31.002483,-200.00003,0,0
-36.769855,31.002483,-200.00003,0,0
-37.769855,31.002483,-200.00003,0,0
-38.769855,31.002483,-200.00003,0,0
-39.769855,31.002483,-200.00003,0,0
-40.769855,31.002483,-200.00003,0,0
-41.769855,31.002483,-200.00003,0,0
-42.769855,31.002483,-200.00003,0,0
-43.769855,31.002483,-200.00003,0,0
-44.769855,31.002483,-200.00003,0,0
-45.769855,31.002483,-200.00003,0,0
-46.769855,31.002483,-200.00003,0,0
-47.769855,31.002483,-200.00003,0,0
-48.769855,31.002483,-200.00003,0,0
-49.769855,31.002483,-200.00003,0,0
49.230145,30.002483,-200.00003,0,0
48.230145,30.002483,-200.00003,0,0
47.230145,30.002483,-200.00003,0,0
46.230145,30.002483,-200.00003,0,0
45.230145,30.002483,-200.00003,0,0
44.230145,30.002483,-200.00003,0,0
43.230145,30.002483,-200.00003,0,0
42.230145,30.002483,-200.00003,0,0
41.230145,30.002483,-200.00003,0,0
40.230145,30.002483,-200.00003,0,0
39.230145,30.002483,-200.00003,0,0
38.230145,30.002483,-200.00003,0,0
37.230145,30.002483,-200.00003,0,0
36.230145,30.002483,-200.00003,0,0
35.230145,30.002483,-200.00003,0,0
34.230145,30.002483,-200.00003,0,0
33.230145,30.002483,-200.00003,0,0
32.230145,30.002483,-200.00003,0,0
31.230145,30.002483,-200.00003,0,0
30.230145,30.002483,-200.00003,0,0
29.230145,30.002483,-200.00003,0,0
28.230145,30.002483,-200.00003,0,0
27.230145,30.002483,-200.00003,0,0
26.230145,30.002483,-200.00003,0,0
25.230145,30.002483,-200.00003,0,0
24.230145,30.002483,-200.00003,0,0
23.230145,30.002483,-200.00003,0,0
22.230145,30.002483,-200.00003,0,0
21.230145,30.002483,-200.00003,0,0
20.230145,30.002483,-200.00003,0,0
19.230145,30.002483,-200.00003,0,0
18.230145,30.002483,-200.00003,0,0
17.230145,30.002483,-200.00003,0,0
16.230145,30.002483,-200.00003,0,0
15.2301445,30.002483,-200.00003,0,0
14.2301445,30.002483,-200.00003,0,0
13.2301445,30.002483,-200.00003,0,0
12.2301445,30.002483,-200.00003,0,0
11.2301445,30.002483,-200.00003,0,0
10.2301445,30.002483,-200.00003,0,0
9.2301445,30.002483,-200.00003,0,0
8.2301445,30.002483,-200.00003,0,0
7.2301445,30.002483,-200.00003,0,0
6.2301445,30.002483,-200.00003,0,0
5.2301445,30.002483,-200.00003,0,0
4.2301445,30.002483,-200.00003,0,0
3.2301445,30.002483,-200.00003,0,0
2.2301445,30.002483,-200.00003,0,0
1.2301445,30.002483,-200.00003,0,0
0.2301445,30.002483,-200.00003,0,0
-0.7698555,30.002483,-200.00003,0,0
-1.7698555,30.002483,-200.00003,0,0
-2.7698555,30.002483,-200.00003,0,0
-3.7698555,30.002483,-200.00003,0,0
-4.7698555,30.002483,-200.00003,0,0
-5.7698555,30.002483,-200.00003,0,0
-6.7698555,30.002483,-200.00003,0,0
-7.7698555,30.002483,-200.00003,0,0
-8.7698555,30.002483,-200.00003,0,0
-9.7698555,30.002483,-200.00003,0,0
-10.7698555,30.002483,-200.00003,0,0
-11.7698555,30.002483,-200.00003,0,0
-12.7698555,30.002483,-200.00003,0,0
-13.7698555,30.002483,-200.00003,0,0
-14.7698555,30.002483,-200.00003,0,0
-15.7698555,30.002483,-200.00003,0,0
-16.769855,30.002483,-200.00003,0,0
-17.769855,30.002483,-200.00003,0,0
-18.769855,30.002483,-200.00003,0,0
-19.769855,30.002483,-200.00003,0,0
-20.769855,30.002483,-200.00003,0,0
-21.769855,30.002483,-200.00003,0,0
-22.769855,30.002483,-200.00003,0,0
-23.769855,30.002483,-200.00003,0,0
-24.769855,30.002483,-200.00003,0,0
-25.769855,30.002483,-200.00003,0,0
-26.769855,30.002483,-200.00003,0,0
-27.769855,30.002483,-200.00003,0,0
-28.769855,30.002483,-200.00003,0,0
-29.769855,30.002483,-200.00003,0,0
-30.769855,30.002483,-200.00003,0,0
-31.769855,30.002483,-200.00003,0,0
-32.769855,30.002483,-200.00003,0,0
-33.769855,30.002483,-200.00003,0,0
-34.769855,30.002483,-200.00003,0,0
-35.769855,30.002483,-200.00003,0,0
-36.769855,30.002483,-200.00003,0,0
-37.769855,30.002483,-200.00003,0,0
-38.769855,30.002483,-200.00003,0,0
-39.769855,30.002483,-200.00003,0,0
-40.769855,30.002483,-200.00003,0,0
-41.769855,30.002483,-200.00003,0,0
-42.769855,30.002483,-200.00003,0,0
-43.769855,30.002483,-200.00003,0,0
-44.769855,30.002483,-200.00003,0,0
-45.769855,30.002483,-200.00003,0,0
-46.769855,30.002483,-200.00003,0,0
-47.769855,30.002483,-200.00003,0,0
-48.769855,30.002483,-200.00003,0,0
-49.769855,30.002483,-200.00003,0,0
49.230145,29.002483,-200.00003,0,0
48.230145,29.002483,-200.00003,0,0
47.230145,29.002483,-200.00003,0,0
46.230145,29.002483,-200.00003,0,0
45.230145,29.002483,-200.00003,0,0
44.230145,29.002483,-200.00003,0,0
43.230145,29.002483,-200.00003,0,0
42.230145,29.002483,-200.00003,0,0
41.230145,29.002483,-200.00003,0,0
40.230145,29.002483,-200.00003,0,0
39.230145,29.002483,-200.00003,0,0
38.230145,29.002483,-200.00003,0,0
37.230145,29.002483,-200.00003,0,0
36.230145,29.002483,-200.00003,0,0
35.230145,29.002483,-200.00003,0,0
34.230145,29.002483,-200.00003,0,0
33.230145,29.002483,-200.00003,0,0
32.230145,29.002483,-200.00003,0,0
31.230145,29.002483,-200.00003,0,0
30.230145,29.002483,-200.00003,0,0
29.230145,29.002483,-200.00003,0,0
28.230145,29.002483,-200.00003,0,0
27.230145,29.002483,-200.00003,0,0
26.230145,29.002483,-200.00003,0,0
25.230145,29.002483,-200.00003,0,0
24.230145,29.002483,-200.00003,0,0
23.230145,29.002483,-200.00003,0,0
22.230145,29.002483,-200.00003,0,0
21.230145,29.002483,-200.00003,0,0
20.230145,29.002483,-200.00003,0,0
19.230145,29.002483,-200.00003,0,0
18.230145,29.002483,-200.00003,0,0
17.230145,29.002483,-200.00003,0,0
16.230145,29.002483,-200.00003,0,0
15.2301445,29.002483,-200.00003,0,0
14.2301445,29.002483,-200.00003,0,0
13.2301445,29.002483,-200.00003,0,0
12.2301445,29.002483,-200.00003,0,0
11.2301445,29.002483,-200.00003,0,0
10.2301445,29.002483,-200.00003,0,0
9.2301445,29.002483,-200.00003,0,0
8.2301445,29.002483,-200.00003,0,0
7.2301445,29.002483,-200.00003,0,0
6.2301445,29.002483,-200.00003,0,0
5.2301445,29.002483,-200.00003,0,0
4.2301445,29.002483,-200.00003,0,0
3.2301445,29.002483,-200.00003,0,0
2.2301445,29.002483,-200.00003,0,0
1.2301445,29.002483,-200.00003,0,0
0.2301445,29.002483,-200.00003,0,0
-0.7698555,29.002483,-200.00003,0,0
-1.7698555,29.002483,-200.00003,0,0
-2.7698555,29.002483,-200.00003,0,0
-3.7698555,29.002483,-200.00003,0,0
-4.7698555,29.002483,-200.00003,0,0
-5.7698555,29.002483,-200.00003,0,0
-6.7698555,29.002483,-200.00003,0,0
-7.7698555,29.002483,-200.00003,0,0
-8.7698555,29.002483,-200.00003,0,0
-9.7698555,29.002483,-200.00003,0,0
-10.7698555,29.002483,-200.00003,0,0
-11.7698555,29.002483,-200.00003,0,0
-12.7698555,29.002483,-200.00003,0,0
-13.7698555,29.002483,-200.00003,0,0
-14.7698555,29.002483,-200.00003,0,0
-15.7698555,29.002483,-200.00003,0,0
-16.769855,29.002483,-200.00003,0,0
-17.769855,29.002483,-200.00003,0,0
-18.769855,29.002483,-200.00003,0,0
-19.769855,29.002483,-200.00003,0,0
-20.769855,29.002483,-200.00003,0,0
-21.769855,29.002483,-200.00003,0,0
-22.769855,29.002483,-200.00003,0,0
-23.769855,29.002483,-200.00003,0,0
-24.769855,29.002483,-200.00003,0,0
-25.769855,29.002483,-200.00003,0,0
-26.769855,29.002483,-200.00003,0,0
-27.769855,29.002483,-200.00003,0,0
-28.769855,29.002483,-200.00003,0,0
-29.769855,29.002483,-200.00003,0,0
-30.769855,29.002483,-200.00003,0,0
-31.769855,29.002483,-200.00003,0,0
-32.769855,29.002483,-200.00003,0,0
-33.769855,29.002483,-200.00003,0,0
-34.769855,29.002483,-200.00003,0,0
-35.769855,29.002483,-200.00003,0,0
-36.769855,29.002483,-200.00003,0,0
-37.769855,29.002483,-200.00003,0,0
-38.769855,29.002483,-200.00003,0,0
-39.769855,29.002483,-200.00003,0,0
-40.769855,29.002483,-200.00003,0,0
-41.769855,29.002483,-200.00003,0,0
-42.769855,29.002483,-200.00003,0,0
-43.769855,29.002483,-200.00003,0,0
-44.769855,29.002483,-200.00003,0,0
-45.769855,29.002483,-200.00003,0,0
-46.769855,29.002483,-200.00003,0,0
-47.769855,29.002483,-200.00003,0,0
-48.769855,29.002483,-200.00003,0,0
-49.769855,29.002483,-200.00003,0,0
49.230145,28.002483,-200.00003,0,0
48.230145,28.002483,-200.00003,0,0
47.230145,28.002483,-200.00003,0,0
46.230145,28.002483,-200.00003,0,0
45.230145,28.002483,-200.00003,0,0
44.230145,28.002483,-200.00003,0,0
43.230145,28.002483,-200.00003,0,0
42.230145,28.002483,-200.00003,0,0
41.230145,28.002483,-200.00003,0,0
40.230145,28.002483,-200.00003,0,0
39.230145,28.002483,-200.00003,0,0
38.230145,28.002483,-200.00003,0,0
37.230145,28.002483,-200.00003,0,0
36.230145,28.002483,-200.00003,0,0
35.230145,28.002483,-200.00003,0,0
34.230145,28.002483,-200.00003,0,0
33.230145,28.002483,-200.00003,0,0
32.230145,28.002483,-200.00003,0,0
31.230145,28.002483,-200.00003,0,0
30.230145,28.002483,-200.00003,0,0
29.230145,28.002483,-200.00003,0,0
28.230145,28.002483,-200.00003,0,0
27.230145,28.002483,-200.00003,0,0
26.230145,28.002483,-200.00003,0,0
25.230145,28.002483,-200.00003,0,0
24.230145,28.002483,-200.00003,0,0
23.230145,28.002483,-200.00003,0,0
22.230145,28.002483,-200.00003,0,0
21.230145,28.002483,-200.00003,0,0
20.230145,28.002483,-200.00003,0,0
19.230145,28.002483,-200.00003,0,0
18.230145,28.002483,-200.00003,0,0
17.230145,28.002483,-200.00003,0,0
16.230145,28.002483,-200.00003,0,0
15.2301445,28.002483,-200.00003,0,0
14.2301445,28.002483,-200.00003,0,0
13.2301445,28.002483,-200.00003,0,0
12.2301445,28.002483,-200.00003,0,0
11.2301445,28.002483,-200.00003,0,0
10.2301445,28.002483,-200.00003,0,0
9.2301445,28.002483,-200.00003,0,0
8.2301445,28.002483,-200.00003,0,0
7.2301445,28.002483,-200.00003,0,0
6.2301445,28.002483,-200.00003,0,0
5.2301445,28.002483,-200.00003,0,0
4.2301445,28.002483,-200.00003,0,0
3.2301445,28.002483,-200.00003,0,0
2.2301445,28.002483,-200.00003,0,0
1.2301445,28.002483,-200.00003,0,0
0.2301445,28.002483,-200.00003,0,0
-0.7698555,28.002483,-200.00003,0,0
-1.7698555,28.002483,-200.00003,0,0
-2.7698555,28.002483,-200.00003,0,0
-3.7698555,28.002483,-200.00003,0,0
-4.7698555,28.002483,-200.00003,0,0
-5.7698555,28.002483,-200.00003,0,0
-6.7698555,28.002483,-200.00003,0,0
-7.7698555,28.002483,-200.00003,0,0
-8.7698555,28.002483,-200.00003,0,0
-9.7698555,28.002483,-200.00003,0,0
-10.7698555,28.002483,-200.00003,0,0
-11.7698555,28.002483,-200.00003,0,0
-12.7698555,28.002483,-200.00003,0,0
-13.7698555,28.002483,-200.00003,0,0
-14.7698555,28.002483,-200.00003,0,0
-15.7698555,28.002483,-200.00003,0,0
-16.769855,28.002483,-200.00003,0,0
-17.769855,28.002483,-200.00003,0,0
-18.769855,28.002483,-200.00003,0,0
-19.769855,28.002483,-200.00003,0,0
-20.769855,28.002483,-200.00003,0,0
-21.769855,28.002483,-200.00003,0,0
-22.769855,28.002483,-200.00003,0,0
-23.769855,28.002483,-200.00003,0,0
-24.769855,28.002483,-200.00003,0,0
-25.769855,28.002483,-200.00003,0,0
-26.769855,28.002483,-200.00003,0,0
-27.769855,28.002483,-200.00003,0,0
-28.769855,28.002483,-200.00003,0,0
-29.769855,28.002483,-200.00003,0,0
-30.769855,28.002483,-200.00003,0,0
-31.769855,28.002483,-200.00003,0,0
-32.769855,28.002483,-200.00003,0,0
-33.769855,28.002483,-200.00003,0,0
-34.769855,28.002483,-200.00003,0,0
-35.769855,28.002483,-200.00003,0,0
-36.769855,28.002483,-200.00003,0,0
-37.769855,28.002483,-200.00003,0,0
-38.769855,28.002483,-200.00003,0,0
-39.769855,28.002483,-200.00003,0,0
-40.769855,28.002483,-200.00003,0,0
-41.769855,28.002483,-200.00003,0,0
-42.769855,28.002483,-200.00003,0,0
-43.769855,28.002483,-200.00003,0,0
-44.769855,28.002483,-200.00003,0,0
-45.769855,28.002483,-200.00003,0,0
-46.769855,28.002483,-200.00003,0,0
-47.769855,28.002483,-200.00003,0,0
-48.769855,28.002483,-200.00003,0,0
-49.769855,28.002483,-200.00003,0,0
49.230145,27.002483,-200.00003,0,0
48.230145,27.002483,-200.00003,0,0
47.230145,27.002483,-200.00003,0,0
46.230145,27.002483,-200.00003,0,0
45.230145,27.002483,-200.00003,0,0
44.230145,27.002483,-200.00003,0,0
43.230145,27.002483,-200.00003,0,0
42.230145,27.002483,-200.00003,0,0
41.230145,27.002483,-200.00003,0,0
40.230145,27.002483,-200.00003,0,0
39.230145,27.002483,-200.00003,0,0
38.230145,27.002483,-200.00003,0,0
37.230145,27.002483,-200.00003,0,0
36.230145,27.002483,-200.00003,0,0
35.230145,27.002483,-200.00003,0,0
34.230145,27.002483,-200.00003,0,0
33.230145,27.002483,-200.00003,0,0
32.230145,27.002483,-200.00003,0,0
31.230145,27.002483,-200.00003,0,0
30.230145,27.002483,-200.00003,0,0
29.230145,27.002483,-200.00003,0,0
28.230145,27.002483,-200.00003,0,0
27.230145,27.002483,-200.00003,0,0
26.230145,27.002483,-200.00003,0,0
25.230145,27.002483,-200.00003,0,0
24.230145,27.002483,-200.00003,0,0
23.230145,27.002483,-200.00003,0,0
22.230145,27.002483,-200.00003,0,0
21.230145,27.002483,-200.00003,0,0
20.230145,27.002483,-200.00003,0,0
19.230145,27.002483,-200.00003,0,0
18.230145,27.002483,-200.00003,0,0
17.230145,27.002483,-200.00003,0,0
16.230145,27.002483,-200.00003,0,0
15.2301445,27.002483,-200.00003,0,0
14.2301445,27.002483,-200.00003,0,0
13.2301445,27.002483,-200.00003,0,0
12.2301445,27.002483,-200.00003,0,0
11.2301445,27.002483,-200.00003,0,0
10.2301445,27.002483,-200.00003,0,0
9.2301445,27.002483,-200.00003,0,0
8.2301445,27.002483,-200.00003,0,0
7.2301445,27.002483,-200.00003,0,0
6.2301445,27.002483,-200.00003,0,0
5.2301445,27.002483,-200.00003,0,0
4.2301445,27.002483,-200.00003,0,3.999999
3.2301445,27.002483,-200.00003,0,0
2.2301445,27.002483,-200.00003,0,0
1.2301445,27.002483,-200.00003,0,0
0.2301445,27.002483,-200.00003,0,0
-0.7698555,27.002483,-200.00003,0,0
-1.7698555,27.002483,-200.00003,0,0
-2.7698555,27.002483,-200.00003,0,0
-3.7698555,27.002483,-200.00003,0,0
-4.7698555,27.002483,-200.00003,0,0
-5.7698555,27.002483,-200.00003,0,0
-6.7698555,27.002483,-200.00003,0,0
-7.7698555,27.002483,-200.00003,0,0
-8.7698555,27.002483,-200.00003,0,0
-9.7698555,27.002483,-200.00003,0,0
-10.7698555,27.002483,-200.00003,0,0
-11.7698555,27.002483,-200.00003,0,0
-12.7698555,27.002483,-200.00003,0,0
-13.7698555,27.002483,-200.00003,0,0
-14.7698555,27.002483,-200.00003,0,0
-15.7698555,27.002483,-200.00003,0,0
-16.769855,27.002483,-200.00003,0,0
-17.769855,27.002483,-200.00003,0,0
-18.769855,27.002483,-200.00003,0,0
-19.769855,27.002483,-200.00003,0,0
-20.769855,27.002483,-200.00003,0,0
-21.769855,27.002483,-200.00003,0,0
-22.769855,27.002483,-200.00003,0,0
-23.769855,27.002483,-200.00003,0,0
-24.769855,27.002483,-200.00003,0,0
-25.769855,27.002483,-200.00003,0,0
-26.769855,27.002483,-200.00003,0,0
-27.769855,27.002483,-200.00003,0,0
-28.769855,27.002483,-200.00003,0,0
-29.769855,27.002483,-200.00003,0,0
-30.769855,27.002483,-200.00003,0,0
-31.769855,27.002483,-200.00003,0,0
-32.769855,27.002483,-200.00003,0,0
-33.769855,27.002483,-200.00003,0,0
-34.769855,27.002483,-200.00003,0,0
-35.769855,27.002483,-200.00003,0,0
-36.769855,27.002483,-200.00003,0,0
-37.769855,27.002483,-200.00003,0,0
-38.769855,27.002483,-200.00003,0,0
-39.769855,27.002483,-200.00003,0,0
-40.769855,27.002483,-200.00003,0,0
-41.769855,27.002483,-200.00003,0,0
-42.769855,27.002483,-200.00003,0,0
-43.769855,27.002483,-200.00003,0,0
-44.769855,27.002483,-200.00003,0,0
-45.769855,27.002483,-200.00003,0,0
-46.769855,27.002483,-200.00003,0,0
-47.769855,27.002483,-200.00003,0,0
-48.769855,27.002483,-200.00003,0,0
-49.769855,27.002483,-200.00003,0,0
49.230145,26.002483,-200.00003,0,0
48.230145,26.002483,-200.00003,0,0
47.230145,26.002483,-200.00003,0,0
46.230145,26.002483,-200.00003,0,0
45.230145,26.002483,-200.00003,0,0
44.230145,26.002483,-200.00003,0,0
43.230145,26.002483,-200.00003,0,0
42.230145,26.002483,-200.00003,0,0
41.230145,26.002483,-200.00003,0,0
40.230145,26.002483,-200.00003,0,0
39.230145,26.002483,-200.00003,0,0
38.230145,26.002483,-200.00003,0,0
37.230145,26.002483,-200.00003,0,0
36.230145,26.002483,-200.00003,0,0
35.230145,26.002483,-200.00003,0,0
34.230145,26.002483,-200.00003,0,0
33.230145,26.002483,-200.00003,0,0
32.230145,26.002483,-200.00003,0,0
31.230145,26.002483,-200.00003,0,0
30.230145,26.002483,-200.00003,0,0
29.230145,26.002483,-200.00003,0,0
28.230145,26.002483,-200.00003,0,0
27.230145,26.002483,-200.00003,0,0
26.230145,26.002483,-200.00003,0,0
25.230145,26.002483,-200.00003,0,0
24.230145,26.002483,-200.00003,0,0
23.230145,26.002483,-200.00003,0,0
22.230145,26.002483,-200.00003,0,0
21.230145,26.002483,-200.00003,0,0
20.230145,26.002483,-200.00003,0,0
19.230145,26.002483,-200.00003,0,0
18.230145,26.002483,-200.00003,0,0
17.230145,26.002483,-200.00003,0,0
16.230145,26.002483,-200.00003,0,0
15.2301445,26.002483,-200.00003,0,0
14.2301445,26.002483,-200.00003,0,0
13.2301445,26.002483,-200.00003,0,0
12.2301445,26.002483,-200.00003,0,0
11.2301445,26.002483,-200.00003,0,0
10.2301445,26.002483,-200.00003,0,0
9.2301445,26.002483,-200.00003,0,0
8.2301445,26.002483,-200.00003,0,0
7.2301445,26.002483,-200.00003,0,0
6.2301445,26.002483,-200.00003,0,0
5.2301445,26.002483,-200.00003,0,0
4.2301445,26.002483,-200.00003,0,0
3.2301445,26.002483,-200.00003,0,0
2.2301445,26.002483,-200.00003,0,0
1.2301445,26.002483,-200.00003,0,0
0.2301445,26.002483,-200.00003,0,0
-0.7698555,26.002483,-200.00003,0,0
-1.7698555,26.002483,-200.00003,0,0
-2.7698555,26.002483,-200.00003,0,0
-3.7698555,26.002483,-200.00003,0,0
-4.7698555,26.002483,-200.00003,0,0
-5.7698555,26.002483,-200.00003,0,0
-6.7698555,26.002483,-200.00003,0,0
-7.7698555,26.002483,-200.00003,0,0
-8.7698555,26.002483,-200.00003,0,0
-9.7698555,26.002483,-200.00003,0,0
-10.7698555,26.002483,-200.00003,0,0
-11.7698555,26.002483,-200.00003,0,0
-12.7698555,26.002483,-200.00003,0,0
-13.7698555,26.002483,-200.00003,0,0
-14.7698555,26.002483,-200.00003,0,0
-15.7698555,26.002483,-200.00003,0,0
-16.769855,26.002483,-200.00003,0,0
-17.769855,26.002483,-200.00003,0,0
-18.769855,26.002483,-200.00003,0,0
-19.769855,26.002483,-200.00003,0,0
-20.769855,26.002483,-200.00003,0,0
-21.769855,26.002483,-200.00003,0,0
-22.769855,26.002483,-200.00003,0,0
-23.769855,26.002483,-200.00003,0,0
-24.769855,26.002483,-200.00003,0,0
-25.769855,26.002483,-200.00003,0,0
-26.769855,26.002483,-200.00003,0,0
-27.769855,26.002483,-200.00003,0,0
-28.769855,26.002483,-200.00003,0,0
-29.769855,26.002483,-200.00003,0,0
-30.769855,26.002483,-200.00003,0,0
-31.769855,26.002483,-200.00003,0,0
-32.769855,26.002483,-200.00003,0,0
-33.769855,26.002483,-200.00003,0,0
-34.769855,26.002483,-200.00003,0,0
-35.769855,26.002483,-200.00003,0,0
-36.769855,26.002483,-200.00003,0,0
-37.769855,26.002483,-200.00003,0,0
-38.769855,26.002483,-200.00003,0,0
-39.769855,26.002483,-200.00003,0,0
-40.769855,26.002483,-200.00003,0,0
-41.769855,26.002483,-200.00003,0,0
-42.769855,26.002483,-200.00003,0,0
-43.769855,26.002483,-200.00003,0,0
-44.769855,26.002483,-200.00003,0,0
-45.769855,26.002483,-200.00003,0,0
-46.769855,26.002483,-200.00003,0,0
-47.769855,26.002483,-200.00003,0,0
-48.769855,26.002483,-200.00003,0,0
-49.769855,26.002483,-200.00003,0,0
49.230145,25.002483,-200.00003,0,0
48.230145,25.002483,-200.00003,0,0
47.230145,25.002483,-200.00003,0,0
46.230145,25.002483,-200.00003,0,0
45.230145,25.002483,-200.00003,0,0
44.230145,25.002483,-200.00003,0,0
43.230145,25.002483,-200.00003,0,0
42.230145,25.002483,-200.00003,0,0
41.230145,25.002483,-200.00003,0,0
40.230145,25.002483,-200.00003,0,0
39.230145,25.002483,-200.00003,0,0
38.230145,25.002483,-200.00003,0,0
37.230145,25.002483,-200.00003,0,0
36.230145,25.002483,-200.00003,0,0
35.230145,25.002483,-200.00003,0,0
34.230145,25.002483,-200.00003,0,0
33.230145,25.002483,-200.00003,0,0
32.230145,25.002483,-200.00003,0,0
31.230145,25.002483,-200.00003,0,0
30.230145,25.002483,-200.00003,0,0
29.230145,25.002483,-200.00003,0,0
28.230145,25.002483,-200.00003,0,0
27.230145,25.002483,-200.00003,0,0
26.230145,25.002483,-200.00003,0,0
25.230145,25.002483,-200.00003,0,0
24.230145,25.002483,-200.00003,0,0
23.230145,25.002483,-200.00003,0,0
22.230145,25.002483,-200.00003,0,0
21.230145,25.002483,-200.00003,0,0
20.230145,25.002483,-200.00003,0,0
19.230145,25.002483,-200.00003,0,0
18.230145,25.002483,-200.00003,0,0
17.230145,25.002483,-200.00003,0,0
16.230145,25.002483,-200.00003,0,0
15.2301445,25.002483,-200.00003,0,0
14.2301445,25.002483,-200.00003,0,0
13.2301445,25.002483,-200.00003,0,0
12.2301445,25.002483,-200.00003,0,0
11.2301445,25.002483,-200.00003,0,0
10.2301445,25.002483,-200.00003,0,0
9.2301445,25.002483,-200.00003,0,0
8.2301445,25.002483,-200.00003,0,0
7.2301445,25.002483,-200.00003,0,0
6.2301445,25.002483,-200.00003,0,0
5.2301445,25.002483,-200.00003,0,0
4.2301445,25.002483,-200.00003,0,0
3.2301445,25.002483,-200.00003,0,0
2.2301445,25.002483,-200.00003,0,0
1.2301445,25.002483,-200.00003,0,0
0.2301445,25.002483,-200.00003,0,0
-0.7698555,25.002483,-200.00003,0,3.999999
-1.7698555,25.002483,-200.00003,0,0
-2.7698555,25.002483,-200.00003,0,0
-3.7698555,25.002483,-200.00003,0,0
-4.7698555,25.002483,-200.00003,0,0
-5.7698555,25.002483,-200.00003,0,0
-6.7698555,25.002483,-200.00003,0,0
-7.7698555,25.002483,-200.00003,0,0
-8.7698555,25.002483,-200.00003,0,0
-9.7698555,25.002483,-200.00003,0,0
-10.7698555,25.002483,-200.00003,0,0
-11.7698555,25.002483,-200.00003,0,0
-12.7698555,25.002483,-200.00003,0,3.999999
-13.7698555,25.002483,-200.00003,0,0
-14.7698555,25.002483,-200.00003,0,0
-15.7698555,25.002483,-200.00003,0,0
-16.769855,25.002483,-200.00003,0,0
-17.769855,25.002483,-200.00003,0,0
-18.769855,25.002483,-200.00003,0,0
-19.769855,25.002483,-200.00003,0,0
-20.769855,25.002483,-200.00003,0,0
-21.769855,25.002483,-200.00003,0,0
-22.769855,25.002483,-200.00003,0,0
-23.769855,25.002483,-200.00003,0,0
-24.769855,25.002483,-200.00003,0,0
-25.769855,25.002483,-200.00003,0,0
-26.769855,25.002483,-200.00003,0,0
-27.769855,25.002483,-200.00003,0,0
-28.769855,25.002483,-200.00003,0,0
-29.769855,25.002483,-200.00003,0,0
-30.769855,25.002483,-200.00003,0,0
-31.769855,25.002483,-200.00003,0,0
-32.769855,25.002483,-200.00003,0,0
-33.769855,25.002483,-200.00003,0,0
-34.769855,25.002483,-200.00003,0,0
-35.769855,25.002483,-200.00003,0,0
-36.769855,25.002483,-200.00003,0,0
-37.769855,25.002483,-200.00003,0,0
-38.769855,25.002483,-200.00003,0,0
-39.769855,25.002483,-200.00003,0,0
-40.769855,25.002483,-200.00003,0,0
-41.769855,25.002483,-200.00003,0,0
-42.769855,25.002483,-200.00003,0,0
-43.769855,25.002483,-200.00003,0,0
-44.769855,25.002483,-200.00003,0,0
-45.769855,25.002483,-200.00003,0,0
-46.769855,25.002483,-200.00003,0,0
-47.769855,25.002483,-200.00003,0,0
-48.769855,25.002483,-200.00003,0,0
-49.769855,25.002483,-200.00003,0,0
49.230145,24.002483,-200.00003,0,0
48.230145,24.002483,-200.00003,0,0
47.230145,24.002483,-200.00003,0,0
46.230145,24.002483,-200.00003,0,0
45.230145,24.002483,-200.00003,0,0
44.230145,24.002483,-200.00003,0,0
43.230145,24.002483,-200.00003,0,0
42.230145,24.002483,-200.00003,0,0
41.230145,24.002483,-200.00003,0,0
40.230145,24.002483,-200.00003,0,0
39.230145,24.002483,-200.00003,0,0
38.230145,24.002483,-200.00003,0,0
37.230145,24.002483,-200.00003,0,0
36.230145,24.002483,-200.00003,0,0
35.230145,24.002483,-200.00003,0,0
34.230145,24.002483,-200.00003,0,0
33.230145,24.002483,-200.00003,0,0
32.230145,24.002483,-200.00003,0,0
31.230145,24.002483,-200.00003,0,0
30.230145,24.002483,-200.00003,0,0
29.230145,24.002483,-200.00003,0,0
28.230145,24.002483,-200.00003,0,0
27.230145,24.002483,-200.00003,0,0
26.230145,24.002483,-200.00003,0,0
25.230145,24.002483,-200.00003,0,0
24.230145,24.002483,-200.00003,0,0
23.230145,24.002483,-200.00003,0,0
22.230145,24.002483,-200.00003,0,0
21.230145,24.002483,-200.00003,0,0
20.230145,24.002483,-200.00003,0,0
19.230145,24.002483,-200.00003,0,0
18.230145,24.002483,-200.00003,0,0
17.230145,24.002483,-200.00003,0,0
16.230145,24.002483,-200.00003,0,0
15.2301445,24.002483,-200.00003,0,0
14.2301445,24.002483,-200.00003,0,0
13.2301445,24.002483,-200.00003,0,0
12.2301445,24.002483,-200.00003,0,0
11.2301445,24.002483,-200.00003,0,0
10.2301445,24.002483,-200.00003,0,0
9.2301445,24.002483,-200.00003,0,0
8.2301445,24.002483,-200.00003,0,0
7.2301445,24.002483,-200.00003,0,0
6.2301445,24.002483,-200.00003,0,0
5.2301445,24.002483,-200.00003,0,0
4.2301445,24.002483,-200.00003,0,0
3.2301445,24.002483,-200.00003,0,0
2.2301445,24.002483,-200.00003,0,0
1.2301445,24.002483,-200.00003,0,3.999999
0.2301445,24.002483,-200.00003,0,7.999998
-0.7698555,24.002483,-200.00003,0,3.999999
-1.7698555,24.002483,-200.00003,0,7.999998
-2.7698555,24.002483,-200.00003,0,7.999998
-3.7698555,24.002483,-200.00003,0,3.999999
-4.7698555,24.002483,-200.00003,0,3.999999
-5.7698555,24.002483,-200.00003,0,0
-6.7698555,24.002483,-200.00003,0,0
-7.7698555,24.002483,-200.00003,0,0
-8.7698555,24.002483,-200.00003,0,0
-9.7698555,24.002483,-200.00003,0,0
-10.7698555,24.002483,-200.00003,0,0
-11.7698555,24.002483,-200.00003,0,0
-12.7698555,24.002483,-200.00003,0,0
-13.7698555,24.002483,-200.00003,0,0
-14.7698555,24.002483,-200.00003,0,0
-15.7698555,24.002483,-200.00003,0,0
-16.769855,24.002483,-200.00003,0,0
-17.769855,24.002483,-200.00003,0,0
-18.769855,24.002483,-200.00003,0,0
-19.769855,24.002483,-200.00003,0,0
-20.769855,24.002483,-200.00003,0,0
-21.769855,24.002483,-200.00003,0,0
-22.769855,24.002483,-200.00003,0,0
-23.769855,24.002483,-200.00003,0,0
-24.769855,24.002483,-200.00003,0,0
-25.769855,24.002483,-200.00003,0,0
-26.769855,24.002483,-200.00003,0,0
-27.769855,24.002483,-200.00003,0,0
-28.769855,24.002483,-200.00003,0,0
-29.769855,24.002483,-200.00003,0,0
-30.769855,24.002483,-200.00003,0,0
-31.769855,24.002483,-200.00003,0,0
-32.769855,24.002483,-200.00003,0,0
-33.769855,24.002483,-200.00003,0,0
-34.769855,24.002483,-200.00003,0,0
-35.769855,24.002483,-200.00003,0,0
-36.769855,24.002483,-200.00003,0,0
-37.769855,24.002483,-200.00003,0,0
-38.769855,24.002483,-200.00003,0,0
-39.769855,24.002483,-200.00003,0,0
-40.769855,24.002483,-200.00003,0,0
-41.769855,24.002483,-200.00003,0,0
-42.769855,24.002483,-200.00003,0,0
-43.769855,24.002483,-200.00003,0,0
-44.769855,24.002483,-200.00003,0,0
-45.769855,24.002483,-200.00003,0,0
-46.769855,24.002483,-200.00003,0,0
-47.769855,24.002483,-200.00003,0,0
-48.769855,24.002483,-200.00003,0,0
-49.769855,24.002483,-200.00003,0,0
49.230145,23.002483,-200.00003,0,0
48.230145,23.002483,-200.00003,0,0
47.230145,23.002483,-200.00003,0,0
46.230145,23.002483,-200.00003,0,0
45.230145,23.002483,-200.00003,0,0
44.230145,23.002483,-200.00003,0,0
43.230145,23.002483,-200.00003,0,0
42.230145,23.002483,-200.00003,0,0
41.230145,23.002483,-200.00003,0,0
40.230145,23.002483,-200.00003,0,0
39.230145,23.002483,-200.00003,0,0
38.230145,23.002483,-200.00003,0,0
37.230145,23.002483,-200.00003,0,0
36.230145,23.002483,-200.00003,0,0
35.230145,23.002483,-200.00003,0,0
34.230145,23.002483,-200.00003,0,0
33.230145,23.002483,-200.00003,0,0
32.230145,23.002483,-200.00003,0,0
31.230145,23.002483,-200.00003,0,0
30.230145,23.002483,-200.00003,0,0
29.230145,23.002483,-200.00003,0,0
28.230145,23.002483,-200.00003,0,0
27.230145,23.002483,-200.00003,0,0
26.230145,23.002483,-200.00003,0,0
25.230145,23.002483,-200.00003,0,0
24.230145,23.002483,-200.00003,0,0
23.230145,23.002483,-200.00003,0,0
22.230145,23.002483,-200.00003,0,0
21.230145,23.002483,-200.00003,0,0
20.230145,23.002483,-200.00003,0,0
19.230145,23.002483,-200.00003,0,0
18.230145,23.002483,-200.00003,0,0
17.230145,23.002483,-200.00003,0,0
16.230145,23.002483,-200.00003,0,0
15.2301445,23.002483,-200.00003,0,0
14.2301445,23.002483,-200.00003,0,0
13.2301445,23.002483,-200.00003,0,0
12.2301445,23.002483,-200.00003,0,0
11.2301445,23.002483,-200.00003,0,0
10.2301445,23.002483,-200.00003,0,0
9.2301445,23.002483,-200.00003,0,0
8.2301445,23.002483,-200.00003,0,0
7.2301445,23.002483,-200.00003,0,0
6.2301445,23.002483,-200.00003,0,0
5.2301445,23.002483,-200.00003,0,15.999996
4.2301445,23.002483,-200.00003,0,19.999996
3.2301445,23.002483,-200.00003,0,27.999996
2.2301445,23.002483,-200.00003,0,103.99999
1.2301445,23.002483,-200.00003,0,51.999996
0.2301445,23.002483,-200.00003,Infinity,55.999996
-0.7698555,23.002483,-200.00003,Infinity,71.99999
-1.7698555,23.002483,-200.00003,Infinity,63.999996
-2.7698555,23.002483,-200.00003,Infinity,75.99999
-3.7698555,23.002483,-200.00003,Infinity,71.99999
-4.7698555,23.002483,-200.00003,0,43.999996
-5.7698555,23.002483,-200.00003,0,63.999996
-6.7698555,23.002483,-200.00003,0,11.999997
-7.7698555,23.002483,-200.00003,0,11.999997
-8.7698555,23.002483,-200.00003,0,0
-9.7698555,23.002483,-200.00003,0,0
-10.7698555,23.002483,-200.00003,0,0
-11.7698555,23.002483,-200.00003,0,0
-12.7698555,23.002483,-200.00003,0,3.999999
-13.7698555,23.002483,-200.00003,0,0
-14.7698555,23.002483,-200.00003,0,0
-15.7698555,23.002483,-200.00003,0,3.999999
-16.769855,23.002483,-200.00003,0,0
-17.769855,23.002483,-200.00003,0,0
-18.769855,23.002483,-200.00003,0,0
-19.769855,23.002483,-200.00003,0,0
-20.769855,23.002483,-200.00003,0,0
-21.769855,23.002483,-200.00003,0,0
-22.769855,23.002483,-200.00003,0,0
-23.769855,23.002483,-200.00003,0,0
-24.769855,23.002483,-200.00003,0,0
-25.769855,23.002483,-200.00003,0,0
-26.769855,23.002483,-200.00003,0,0
-27.769855,23.002483,-200.00003,0,0
-28.769855,23.002483,-200.00003,0,0
-29.769855,23.002483,-200.00003,0,0
-30.769855,23.002483,-200.00003,0,0
-31.769855,23.002483,-200.00003,0,0
-32.769855,23.002483,-200.00003,0,0
-33.769855,23.002483,-200.00003,0,0
-34.769855,23.002483,-200.00003,0,0
-35.769855,23.002483,-200.00003,0,0
-36.769855,23.002483,-200.00003,0,0
-37.769855,23.002483,-200.00003,0,0
-38.769855,23.002483,-200.00003,0,0
-39.769855,23.002483,-200.00003,0,0
-40.769855,23.002483,-200.00003,0,0
-41.769855,23.002483,-200.00003,0,0
-42.769855,23.002483,-200.00003,0,0
-43.769855,23.002483,-200.00003,0,0
-44.769855,23.002483,-200.00003,0,0
-45.769855,23.002483,-200.00003,0,0
-46.769855,23.002483,-200.00003,0,0
-47.769855,23.002483,-200.00003,0,0
-48.769855,23.002483,-200.00003,0,0
-49.769855,23.002483,-200.00003,0,0
49.230145,22.002483,-200.00003,0,0
48.230145,22.002483,-200.00003,0,0
47.230145,22.002483,-200.00003,0,0
46.230145,22.002483,-200.00003,0,0
45.230145,22.002483,-200.00003,0,0
44.230145,22.002483,-200.00003,0,0
43.230145,22.002483,-200.00003,0,0
42.230145,22.002483,-200.00003,0,0
41.230145,22.002483,-200.00003,0,0
40.230145,22.002483,-200.00003,0,0
39.230145,22.002483,-200.00003,0,0
38.230145,22.002483,-200.00003,0,0
37.230145,22.002483,-200.00003,0,0
36.230145,22.002483,-200.00003,0,0
35.230145,22.002483,-200.00003,0,0
34.230145,22.002483,-200.00003,0,0
33.230145,22.002483,-200.00003,0,0
32.230145,22.002483,-200.00003,0,0
31.230145,22.002483,-200.00003,0,0
30.230145,22.002483,-200.00003,0,0
29.230145,22.002483,-200.00003,0,0
28.230145,22.002483,-200.00003,0,0
27.230145,22.002483,-200.00003,0,0
26.230145,22.002483,-200.00003,0,0
25.230145,22.002483,-200.00003,0,0
24.230145,22.002483,-200.00003,0,0
23.230145,22.002483,-200.00003,0,0
22.230145,22.002483,-200.00003,0,0
21.230145,22.002483,-200.00003,0,0
20.230145,22.002483,-200.00003,0,0
19.230145,22.002483,-200.00003,0,0
18.230145,22.002483,-200.00003,0,0
17.230145,22.002483,-200.00003,0,0
16.230145,22.002483,-200.00003,0,0
15.2301445,22.002483,-200.00003,0,0
14.2301445,22.002483,-200.00003,0,0
13.2301445,22.002483,-200.00003,0,0
12.2301445,22.002483,-200.00003,0,0
11.2301445,22.002483,-200.00003,0,0
10.2301445,22.002483,-200.00003,0,0
9.2301445,22.002483,-200.00003,0,3.999999
8.2301445,22.002483,-200.00003,0,3.999999
7.2301445,22.002483,-200.00003,0,23.999996
6.2301445,22.002483,-200.00003,0,27.999996
5.2301445,22.002483,-200.00003,0,67.99999
4.2301445,22.002483,-200.00003,0.36768872,71.99999
3.2301445,22.002483,-200.00003,0.38451028,35.999996
2.2301445,22.002483,-200.00003,0.4535491,71.99999
1.2301445,22.002483,-200.00003,0.48541176,39.999996
0.2301445,22.002483,-200.00003,0.5103501,67.99999
-0.7698555,22.002483,-200.00003,0.5672661,75.99999
-1.7698555,22.002483,-200.00003,0.63178957,95.99999
-2.7698555,22.002483,-200.00003,0.6526878,91.99999
-3.7698555,22.002483,-200.00003,0.57980514,47.999996
-4.7698555,22.002483,-200.00003,0.51234955,107.99999
-5.7698555,22.002483,-200.00003,0.3614911,67.99999
-6.7698555,22.002483,-200.00003,0.23427618,55.999996
-7.7698555,22.002483,-200.00003,0,103.99999
-8.7698555,22.002483,-200.00003,0,39.999996
-9.7698555,22.002483,-200.00003,0,7.999998
-10.7698555,22.002483,-200.00003,0,0
-11.7698555,22.002483,-200.00003,0,0
-12.7698555,22.002483,-200.00003,0,0
-13.7698555,22.002483,-200.00003,0,0
-14.7698555,22.002483,-200.00003,0,0
-15.7698555,22.002483,-200.00003,0,0
-16.769855,22.002483,-200.00003,0,0
-17.769855,22.002483,-200.00003,0,0
-18.769855,22.002483,-200.00003,0,0
-19.769855,22.002483,-200.00003,0,0
-20.769855,22.002483,-200.00003,0,0
-21.769855,22.002483,-200.00003,0,0
-22.769855,22.002483,-200.00003,0,0
-23.769855,22.002483,-200.00003,0,0
-24.769855,22.002483,-200.00003,0,0
-25.769855,22.002483,-200.00003,0,0
-26.769855,22.002483,-200.00003,0,0
-27.769855,22.002483,-200.00003,0,0
-28.769855,22.002483,-200.00003,0,0
-29.769855,22.002483,-200.00003,0,0
-30.769855,22.002483,-200.00003,0,0
-31.769855,22.002483,-200.00003,0,0
-32.769855,22.002483,-200.00003,0,0
-33.769855,22.002483,-200.00003,0,0
-34.769855,22.002483,-200.00003,0,0
-35.769855,22.002483,-200.00003,0,0
-36.769855,22.002483,-200.00003,0,0
-37.769855,22.002483,-200.00003,0,0
-38.769855,22.002483,-200.00003,0,0
-39.769855,22.002483,-200.00003,0,0
-40.769855,22.002483,-200.00003,0,0
-41.769855,22.002483,-200.00003,0,0
-42.769855,22.002483,-200.00003,0,0
-43.769855,22.002483,-200.00003,0,0
-44.769855,22.002483,-200.00003,0,0
-45.769855,22.002483,-200.00003,0,0
-46.769855,22.002483,-200.00003,0,0
-47.769855,22.002483,-200.00003,0,0
-48.769855,22.002483,-200.00003,0,0
-49.769855,22.002483,-200.00003,0,0
49.230145,21.002483,-200.00003,0,0
48.230145,21.002483,-200.00003,0,0
47.230145,21.002483,-200.00003,0,0
46.230145,21.002483,-200.00003,0,0
45.230145,21.002483,-200.00003,0,0
44.230145,21.002483,-200.00003,0,0
43.230145,21.002483,-200.00003,0,0
42.230145,21.002483,-200.00003,0,0
41.230145,21.002483,-200.00003,0,0
40.230145,21.002483,-200.00003,0,0
39.230145,21.002483,-200.00003,0,0
38.230145,21.002483,-200.00003,0,0
37.230145,21.002483,-200.00003,0,0
36.230145,21.002483,-200.00003,0,0
35.230145,21.002483,-200.00003,0,0
34.230145,21.002483,-200.00003,0,0
33.230145,21.002483,-200.00003,0,0
32.230145,21.002483,-200.00003,0,0
31.230145,21.002483,-200.00003,0,0
30.230145,21.002483,-200.00003,0,0
29.230145,21.002483,-200.00003,0,0
28.230145,21.002483,-200.00003,0,0
27.230145,21.002483,-200.00003,0,0
26.230145,21.002483,-200.00003,0,0
25.230145,21.002483,-200.00003,0,0
24.230145,21.002483,-200.00003,0,0
23.230145,21.002483,-200.00003,0,0
22.230145,21.002483,-200.00003,0,0
21.230145,21.002483,-200.00003,0,0
20.230145,21.002483,-200.00003,0,0
19.230145,21.002483,-200.00003,0,0
18.230145,21.002483,-200.00003,0,0
17.230145,21.002483,-200.00003,0,0
16.230145,21.002483,-200.00003,0,0
15.2301445,21.002483,-200.00003,0,0
14.2301445,21.002483,-200.00003,0,0
13.2301445,21.002483,-200.00003,0,0
12.2301445,21.002483,-200.00003,0,0
11.2301445,21.002483,-200.00003,0,0
10.2301445,21.002483,-200.00003,0,0
9.2301445,21.002483,-200.00003,0,23.999996
8.2301445,21.002483,-200.00003,Infinity,31.999996
7.2301445,21.002483,-200.00003,Infinity,35.999996
6.2301445,21.002483,-200.00003,0.41074905,63.999996
5.2301445,21.002483,-200.00003,0.40265787,79.99999
4.2301445,21.002483,-200.00003,0.38456097,71.99999
3.2301445,21.002483,-200.00003,0.38882223,75.99999
2.2301445,21.002483,-200.00003,0.4000629,91.99999
1.2301445,21.002483,-200.00003,0.45009837,47.999996
0.2301445,21.002483,-200.00003,0.4736988,95.99999
-0.7698555,21.002483,-200.00003,0.46209788,71.99999
-1.7698555,21.002483,-200.00003,0.5306465,75.99999
-2.7698555,21.002483,-200.00003,0.65476954,99.99999
-3.7698555,21.002483,-200.00003,0.66161716,91.99999
-4.7698555,21.002483,-200.00003,0.5672038,87.99999
-5.7698555,21.002483,-200.00003,0.40137562,75.99999
-6.7698555,21.002483,-200.00003,0.24262159,91.99999
-7.7698555,21.002483,-200.00003,0.30510014,115.99999
-8.7698555,21.002483,-200.00003,0.39593294,71.99999
-9.7698555,21.002483,-200.00003,0,47.999996
-10.7698555,21.002483,-200.00003,0,35.999996
-11.7698555,21.002483,-200.00003,0,19.999996
-12.7698555,21.002483,-200.00003,0,0
-13.7698555,21.002483,-200.00003,0,0
-14.7698555,21.002483,-200.00003,0,0
-15.7698555,21.002483,-200.00003,0,0
-16.769855,21.002483,-200.00003,0,0
-17.769855,21.002483,-200.00003,0,0
-18.769855,21.002483,-200.00003,0,0
-19.769855,21.002483,-200.00003,0,0
-20.769855,21.002483,-200.00003,0,0
-21.769855,21.002483,-200.00003,0,0
-22.769855,21.002483,-200.00003,0,0
-23.769855,21.002483,-200.00003,0,0
-24.769855,21.002483,-200.00003,0,0
-25.769855,21.002483,-200.00003,0,0
-26.769855,21.002483,-200.00003,0,0
-27.769855,21.002483,-200.00003,0,0
-28.769855,21.002483,-200.00003,0,0
-29.769855,21.002483,-200.00003,0,0
-30.769855,21.002483,-200.00003,0,0
-31.769855,21.002483,-200.00003,0,0
-32.769855,21.002483,-200.00003,0,0
-33.769855,21.002483,-200.00003,0,0
-34.769855,21.002483,-200.00003,0,0
-35.769855,21.002483,-200.00003,0,0
-36.769855,21.002483,-200.00003,0,0
-37.769855,21.002483,-200.00003,0,0
-38.769855,21.002483,-200.00003,0,0
-39.769855,21.002483,-200.00003,0,0
-40.769855,21.002483,-200.00003,0,0
-41.769855,21.002483,-200.00003,0,0
-42.769855,21.002483,-200.00003,0,0
-43.769855,21.002483,-200.00003,0,0
-44.769855,21.002483,-200.00003,0,0
-45.769855,21.002483,-200.00003,0,0
-46.769855,21.002483,-200.00003,0,0
-47.769855,21.002483,-200.00003,0,0
-48.769855,21.002483,-200.00003,0,0
-49.769855,21.002483,-200.00003,0,0
49.230145,20.002483,-200.00003,0,0
48.230145,20.002483,-200.00003,0,0
47.230145,20.002483,-200.00003,0,0
46.230145,20.002483,-200.00003,0,0
45.230145,20.002483,-200.00003,0,0
44.230145,20.002483,-200.00003,0,0
43.230145,20.002483,-200.00003,0,0
42.230145,20.002483,-200.00003,0,0
41.230145,20.002483,-200.00003,0,0
40.230145,20.002483,-200.00003,0,0
39.230145,20.002483,-200.00003,0,0
38.230145,20.002483,-200.00003,0,0
37.230145,20.002483,-200.00003,0,0
36.230145,20.002483,-200.00003,0,0
35.230145,20.002483,-200.00003,0,0
34.230145,20.002483,-200.00003,0,0
33.230145,20.002483,-200.00003,0,0
32.230145,20.002483,-200.00003,0,0
31.230145,20.002483,-200.00003,0,0
30.230145,20.002483,-200.00003,0,0
29.230145,20.002483,-200.00003,0,0
28.230145,20.002483,-200.00003,0,0
27.230145,20.002483,-200.00003,0,0
26.230145,20.002483,-200.00003,0,0
25.230145,20.002483,-200.00003,0,0
24.230145,20.002483,-200.00003,0,0
23.230145,20.002483,-200.00003,0,0
22.230145,20.002483,-200.00003,0,0
21.230145,20.002483,-200.00003,0,0
20.230145,20.002483,-200.00003,0,0
19.230145,20.002483,-200.00003,0,0
18.230145,20.002483,-200.00003,0,0
17.230145,20.002483,-200.00003,0,3.999999
16.230145,20.002483,-200.00003,0,0
15.2301445,20.002483,-200.00003,0,0
14.2301445,20.002483,-200.00003,0,0
13.2301445,20.002483,-200.00003,0,0
12.2301445,20.002483,-200.00003,0,0
11.2301445,20.002483,-200.00003,0,11.999997
10.2301445,20.002483,-200.00003,0,43.999996
9.2301445,20.002483,-200.00003,-Infinity,39.999996
8.2301445,20.002483,-200.00003,0.6417332,55.999996
7.2301445,20.002483,-200.00003,0.51845247,47.999996
6.2301445,20.002483,-200.00003,0.37551644,71.99999
5.2301445,20.002483,-200.00003,0.2955271,35.999996
4.2301445,20.002483,-200.00003,0.33699456,55.999996
3.2301445,20.002483,-200.00003,0.36708593,39.999996
2.2301445,20.002483,-200.00003,0.3788032,59.999996
1.2301445,20.002483,-200.00003,0.39257085,67.99999
0.2301445,20.002483,-200.00003,0.34349984,43.999996
-0.7698555,20.002483,-200.00003,0.31063774,67.99999
-1.7698555,20.002483,-200.00003,0.40076494,95.99999
-2.7698555,20.002483,-200.00003,0.552749,83.99999
-3.7698555,20.002483,-200.00003,0.6016123,71.99999
-4.7698555,20.002483,-200.00003,0.54958844,95.99999
-5.7698555,20.002483,-200.00003,0.39963618,79.99999
-6.7698555,20.002483,-200.00003,0.23326713,43.999996
-7.7698555,20.002483,-200.00003,0.26606184,71.99999
-8.7698555,20.002483,-200.00003,0.38795143,99.99999
-9.7698555,20.002483,-200.00003,0.34671926,59.999996
-10.7698555,20.002483,-200.00003,0.26541242,43.999996
-11.7698555,20.002483,-200.00003,0,47.999996
-12.7698555,20.002483,-200.00003,0,27.999996
-13.7698555,20.002483,-200.00003,0,0
-14.7698555,20.002483,-200.00003,0,0
-15.7698555,20.002483,-200.00003,0,0
-16.769855,20.002483,-200.00003,0,0
-17.769855,20.002483,-200.00003,0,0
-18.769855,20.002483,-200.00003,0,0
-19.769855,20.002483,-200.00003,0,0
-20.769855,20.002483,-200.00003,0,0
-21.769855,20.002483,-200.00003,0,0
-22.769855,20.002483,-200.00003,0,0
-23.769855,20.002483,-200.00003,0,0
-24.769855,20.002483,-200.00003,0,0
-25.769855,20.002483,-200.00003,0,0
-26.769855,20.002483,-200.00003,0,0
-27.769855,20.002483,-200.00003,0,0
-28.769855,20.002483,-200.00003,0,0
-29.769855,20.002483,-200.00003,0,0
-30.769855,20.002483,-200.00003,0,0
-31.769855,20.002483,-200.00003,0,0
-32.769855,20.002483,-200.00003,0,0
-33.769855,20.002483,-200.00003,0,0
-34.769855,20.002483,-200.00003,0,0
-35.769855,20.002483,-200.00003,0,0
-36.769855,20.002483,-200.00003,0,0
-37.769855,20.002483,-200.00003,0,0
-38.769855,20.002483,-200.00003,0,0
-39.769855,20.002483,-200.00003,0,0
-40.769855,20.002483,-200.00003,0,0
-41.769855,20.002483,-200.00003,0,0
-42.769855,20.002483,-200.00003,0,0
-43.769855,20.002483,-200.00003,0,0
-44.769855,20.002483,-200.00003,0,0
-45.769855,20.002483,-200.00003,0,0
-46.769855,20.002483,-200.00003,0,0
-47.769855,20.002483,-200.00003,0,0
-48.769855,20.002483,-200.00003,0,0
-49.769855,20.002483,-200.00003,0,0
49.230145,19.002483,-200.00003,0,0
48.230145,19.002483,-200.00003,0,0
47.230145,19.002483,-200.00003,0,0
46.230145,19.002483,-200.00003,0,0
45.230145,19.002483,-200.00003,0,0
44.230145,19.002483,-200.00003,0,0
43.230145,19.002483,-200.00003,0,0
42.230145,19.002483,-200.00003,0,0
41.230145,19.002483,-200.00003,0,0
40.230145,19.002483,-200.00003,0,0
39.230145,19.002483,-200.00003,0,0
38.230145,19.002483,-200.00003,0,0
37.230145,19.002483,-200.00003,0,0
36.230145,19.002483,-200.00003,0,0
35.230145,19.002483,-200.00003,0,0
34.230145,19.002483,-200.00003,0,0
33.230145,19.002483,-200.00003,0,0
32.230145,19.002483,-200.00003,0,0
31.230145,19.002483,-200.00003,0,0
30.230145,19.002483,-200.00003,0,0
29.230145,19.002483,-200.00003,0,0
28.230145,19.002483,-200.00003,0,0
27.230145,19.002483,-200.00003,0,0
26.230145,19.002483,-200.00003,0,0
25.230145,19.002483,-200.00003,0,0
24.230145,19.002483,-200.00003,0,0
23.230145,19.002483,-200.00003,0,0
22.230145,19.002483,-200.00003,0,0
21.230145,19.002483,-200.00003,0,0
20.230145,19.002483,-200.00003,0,0
19.230145,19.002483,-200.00003,0,0
18.230145,19.002483,-200.00003,0,0
17.230145,19.002483,-200.00003,0,0
16.230145,19.002483,-200.00003,0,0
15.2301445,19.002483,-200.00003,0,0
14.2301445,19.002483,-200.00003,0,0
13.2301445,19.002483,-200.00003,0,0
12.2301445,19.002483,-200.00003,0,47.999996
11.2301445,19.002483,-200.00003,0,119.99999
10.2301445,19.002483,-200.00003,0.6359977,67.99999
9.2301445,19.002483,-200.00003,0.7081986,99.99999
8.2301445,19.002483,-200.00003,0.66135705,75.99999
7.2301445,19.002483,-200.00003,0.53073525,39.999996
6.2301445,19.002483,-200.00003,0.33578318,55.999996
5.2301445,19.002483,-200.00003,0.221789,43.999996
4.2301445,19.002483,-200.00003,0.28552914,51.999996
3.2301445,19.002483,-200.00003,0.37455875,55.999996
2.2301445,19.002483,-200.00003,0.44249228,71.99999
1.2301445,19.002483,-200.00003,0.4079926,75.99999
0.2301445,19.002483,-200.00003,0.29290032,39.999996
-0.7698555,19.002483,-200.00003,0.25787959,55.999996
-1.7698555,19.002483,-200.00003,0.33985144,79.99999
-2.7698555,19.002483,-200.00003,0.44650537,95.99999
-3.7698555,19.002483,-200.00003,0.49028412,71.99999
-4.7698555,19.002483,-200.00003,0.46007526,71.99999
-5.7698555,19.002483,-200.00003,0.37048882,95.99999
-6.7698555,19.002483,-200.00003,0.21913044,59.999996
-7.7698555,19.002483,-200.00003,0.2270342,47.999996
-8.7698555,19.002483,-200.00003,0.35576338,43.999996
-9.7698555,19.002483,-200.00003,0.35166758,39.999996
-10.7698555,19.002483,-200.00003,0.30638692,51.999996
-11.7698555,19.002483,-200.00003,0.41374043,83.99999
-12.7698555,19.002483,-200.00003,0,71.99999
-13.7698555,19.002483,-200.00003,0,55.999996
-14.7698555,19.002483,-200.00003,0,19.999996
-15.7698555,19.002483,-200.00003,0,0
-16.769855,19.002483,-200.00003,0,0
-17.769855,19.002483,-200.00003,0,0
-18.769855,19.002483,-200.00003,0,0
-19.769855,19.002483,-200.00003,0,0
-20.769855,19.002483,-200.00003,0,0
-21.769855,19.002483,-200.00003,0,0
-22.769855,19.002483,-200.00003,0,0
-23.769855,19.002483,-200.00003,0,0
-24.769855,19.002483,-200.00003,0,0
-25.769855,19.002483,-200.00003,0,0
-26.769855,19.002483,-200.00003,0,0
-27.769855,19.002483,-200.00003,0,0
-28.769855,19.002483,-200.00003,0,0
-29.769855,19.002483,-200.00003,0,0
-30.769855,19.002483,-200.00003,0,0
-31.769855,19.002483,-200.00003,0,0
-32.769855,19.002483,-200.00003,0,0
-33.769855,19.002483,-200.00003,0,0
-34.769855,19.002483,-200.00003,0,0
-35.769855,19.002483,-200.00003,0,0
-36.769855,19.002483,-200.00003,0,0
-37.769855,19.002483,-200.00003,0,0
-38.769855,19.002483,-200.00003,0,0
-39.769855,19.002483,-200.00003,0,0
-40.769855,19.002483,-200.00003,0,0
-41.769855,19.002483,-200.00003,0,0
-42.769855,19.002483,-200.00003,0,0
-43.769855,19.002483,-200.00003,0,0
-44.769855,19.002483,-200.00003,0,0
-45.769855,19.002483,-200.00003,0,0
-46.769855,19.002483,-200.00003,0,0
-47.769855,19.002483,-200.00003,0,0
-48.769855,19.002483,-200.00003,0,0
-49.769855,19.002483,-200.00003,0,0
49.230145,18.002483,-200.00003,0,0
48.230145,18.002483,-200.00003,0,0
47.230145,18.002483,-200.00003,0,0
46.230145,18.002483,-200.00003,0,0
45.230145,18.002483,-200.00003,0,0
44.230145,18.002483,-200.00003,0,0
43.230145,18.002483,-200.00003,0,0
42.230145,18.002483,-200.00003,0,0
41.230145,18.002483,-200.00003,0,0
40.230145,18.002483,-200.00003,0,0
39.230145,18.002483,-200.00003,0,0
38.230145,18.002483,-200.00003,0,0
37.230145,18.002483,-200.00003,0,0
36.230145,18.002483,-200.00003,0,0
35.230145,18.002483,-200.00003,0,0
34.230145,18.002483,-200.00003,0,0
33.230145,18.002483,-200.00003,0,0
32.230145,18.002483,-200.00003,0,0
31.230145,18.002483,-200.00003,0,0
30.230145,18.002483,-200.00003,0,0
29.230145,18.002483,-200.00003,0,0
28.230145,18.002483,-200.00003,0,0
27.230145,18.002483,-200.00003,0,0
26.230145,18.002483,-200.00003,0,0
25.230145,18.002483,-200.00003,0,0
24.230145,18.002483,-200.00003,0,0
23.230145,18.002483,-200.00003,0,0
22.230145,18.002483,-200.00003,0,0
21.230145,18.002483,-200.00003,0,0
20.230145,18.002483,-200.00003,0,0
19.230145,18.002483,-200.00003,0,0
18.230145,18.002483,-200.00003,0,0
17.230145,18.002483,-200.00003,0,0
16.230145,18.002483,-200.00003,0,0
15.2301445,18.002483,-200.00003,0,0
14.2301445,18.002483,-200.00003,0,7.999998
13.2301445,18.002483,-200.00003,0,55.999996
12.2301445,18.002483,-200.00003,-Infinity,95.99999
11.2301445,18.002483,-200.00003,0.5463282,91.99999
10.2301445,18.002483,-200.00003,0.5712678,63.999996
9.2301445,18.002483,-200.00003,0.5507601,75.99999
8.2301445,18.002483,-200.00003,0.48052442,39.999996
7.2301445,18.002483,-200.00003,0.39970562,47.999996
6.2301445,18.002483,-200.00003,0.30835345,43.999996
5.2301445,18.002483,-200.00003,0.24468541,71.99999
4.2301445,18.002483,-200.00003,0.26382217,27.999996
3.2301445,18.002483,-200.00003,0.3460855,67.99999
2.2301445,18.002483,-200.00003,0.44660774,75.99999
1.2301445,18.002483,-200.00003,0.42859992,87.99999
0.2301445,18.002483,-200.00003,0.35954046,87.99999
-0.7698555,18.002483,-200.00003,0.31202513,99.99999
-1.7698555,18.002483,-200.00003,0.33236188,71.99999
-2.7698555,18.002483,-200.00003,0.41860014,95.99999
-3.7698555,18.002483,-200.00003,0.42961234,39.999996
-4.7698555,18.002483,-200.00003,0.35208797,55.999996
-5.7698555,18.002483,-200.00003,0.24438038,91.99999
-6.7698555,18.002483,-200.00003,0.14509042,43.999996
-7.7698555,18.002483,-200.00003,0.21502069,67.99999
-8.7698555,18.002483,-200.00003,0.41171843,79.99999
-9.7698555,18.002483,-200.00003,0.49606073,99.99999
-10.7698555,18.002483,-200.00003,0.49280632,79.99999
-11.7698555,18.002483,-200.00003,0.5889837,59.999996
-12.7698555,18.002483,-200.00003,0.60457194,79.99999
-13.7698555,18.002483,-200.00003,0.4378249,35.999996
-14.7698555,18.002483,-200.00003,0,55.999996
-15.7698555,18.002483,-200.00003,0,15.999996
-16.769855,18.002483,-200.00003,0,7.999998
-17.769855,18.002483,-200.00003,0,0
-18.769855,18.002483,-200.00003,0,0
-19.769855,18.002483,-200.00003,0,0
-20.769855,18.002483,-200.00003,0,0
-21.769855,18.002483,-200.00003,0,0
-22.769855,18.002483,-200.00003,0,0
-23.769855,18.002483,-200.00003,0,0
-24.769855,18.002483,-200.00003,0,0
-25.769855,18.002483,-200.00003,0,0
-26.769855,18.002483,-200.00003,0,0
-27.769855,18.002483,-200.00003,0,0
-28.769855,18.002483,-200.00003,0,0
-29.769855,18.002483,-200.00003,0,0
-30.769855,18.002483,-200.00003,0,0
-31.769855,18.002483,-200.00003,0,0
-32.769855,18.002483,-200.00003,0,0
-33.769855,18.002483,-200.00003,0,0
-34.769855,18.002483,-200.00003,0,0
-35.769855,18.002483,-200.00003,0,0
-36.769855,18.002483,-200.00003,0,0
-37.769855,18.002483,-200.00003,0,0
-38.769855,18.002483,-200.00003,0,0
-39.769855,18.002483,-200.00003,0,0
-40.769855,18.002483,-200.00003,0,0
-41.769855,18.002483,-200.00003,0,0
-42.769855,18.002483,-200.00003,0,0
-43.769855,18.002483,-200.00003,0,0
-44.769855,18.002483,-200.00003,0,0
-45.769855,18.002483,-200.00003,0,0
-46.769855,18.002483,-200.00003,0,0
-47.769855,18.002483,-200.00003,0,0
-48.769855,18.002483,-200.00003,0,0
-49.769855,18.002483,-200.00003,0,0
49.230145,17.002483,-200.00003,0,0
48.230145,17.002483,-200.00003,0,0
47.230145,17.002483,-200.00003,0,0
46.230145,17.002483,-200.00003,0,0
45.230145,17.002483,-200.00003,0,0
44.230145,17.002483,-200.00003,0,0
43.230145,17.002483,-200.00003,0,0
42.230145,17.002483,-200.00003,0,0
41.230145,17.002483,-200.00003,0,0
40.230145,17.002483,-200.00003,0,0
39.230145,17.002483,-200.00003,0,0
38.230145,17.002483,-200.00003,0,0
37.230145,17.002483,-200.00003,0,0
36.230145,17.002483,-200.00003,0,0
35.230145,17.002483,-200.00003,0,0
34.230145,17.002483,-200.00003,0,0
33.230145,17.002483,-200.00003,0,0
32.230145,17.002483,-200.00003,0,0
31.230145,17.002483,-200.00003,0,0
30.230145,17.002483,-200.00003,0,0
29.230145,17.002483,-200.00003,0,0
28.230145,17.002483,-200.00003,0,0
27.230145,17.002483,-200.00003,0,0
26.230145,17.002483,-200.00003,0,0
25.230145,17.002483,-200.00003,0,0
24.230145,17.002483,-200.00003,0,0
23.230145,17.002483,-200.00003,0,0
22.230145,17.002483,-200.00003,0,0
21.230145,17.002483,-200.00003,0,0
20.230145,17.002483,-200.00003,0,0
19.230145,17.002483,-200.00003,0,0
18.230145,17.002483,-200.00003,0,0
17.230145,17.002483,-200.00003,0,0
16.230145,17.002483,-200.00003,0,0
15.2301445,17.002483,-200.00003,0,0
14.2301445,17.002483,-200.00003,0,51.999996
13.2301445,17.002483,-200.00003,0.38245967,67.99999
12.2301445,17.002483,-200.00003,0.39425692,87.99999
11.2301445,17.002483,-200.00003,0.40631524,103.99999
10.2301445,17.002483,-200.00003,0.36131257,63.999996
9.2301445,17.002483,-200.00003,0.28560805,75.99999
8.2301445,17.002483,-200.00003,0.22465965,47.999996
7.2301445,17.002483,-200.00003,0.25856936,67.99999
6.2301445,17.002483,-200.00003,0.3227986,67.99999
5.2301445,17.002483,-200.00003,0.25743955,71.99999
4.2301445,17.002483,-200.00003,0.1933636,59.999996
3.2301445,17.002483,-200.00003,0.22607565,63.999996
2.2301445,17.002483,-200.00003,0.29869258,51.999996
1.2301445,17.002483,-200.00003,0.3375637,75.99999
0.2301445,17.002483,-200.00003,0.35585222,59.999996
-0.7698555,17.002483,-200.00003,0.36350685,87.99999
-1.7698555,17.002483,-200.00003,0.39079934,91.99999
-2.7698555,17.002483,-200.00003,0.4432373,83.99999
-3.7698555,17.002483,-200.00003,0.45397943,111.99999
-4.7698555,17.002483,-200.00003,0.3252372,55.999996
-5.7698555,17.002483,-200.00003,0.13956755,47.999996
-6.7698555,17.002483,-200.00003,0.09498555,71.99999
-7.7698555,17.002483,-200.00003,0.24685106,111.99999
-8.7698555,17.002483,-200.00003,0.5000878,87.99999
-9.7698555,17.002483,-200.00003,0.6393009,59.999996
-10.7698555,17.002483,-200.00003,0.6693415,63.999996
-11.7698555,17.002483,-200.00003,0.70639735,103.99999
-12.7698555,17.002483,-200.00003,0.66192424,115.99999
-13.7698555,17.002483,-200.00003,0.48020378,95.99999
-14.7698555,17.002483,-200.00003,0.35580933,63.999996
-15.7698555,17.002483,-200.00003,0.37922814,95.99999
-16.769855,17.002483,-200.00003,0,63.999996
-17.769855,17.002483,-200.00003,0,7.999998
-18.769855,17.002483,-200.00003,0,0
-19.769855,17.002483,-200.00003,0,0
-20.769855,17.002483,-200.00003,0,0
-21.769855,17.002483,-200.00003,0,0
-22.769855,17.002483,-200.00003,0,0
-23.769855,17.002483,-200.00003,0,0
-24.769855,17.002483,-200.00003,0,0
-25.769855,17.002483,-200.00003,0,0
-26.769855,17.002483,-200.00003,0,0
-27.769855,17.002483,-200.00003,0,0
-28.769855,17.002483,-200.00003,0,0
-29.769855,17.002483,-200.00003,0,0
-30.769855,17.002483,-200.00003,0,0
-31.769855,17.002483,-200.00003,0,0
-32.769855,17.002483,-200.00003,0,0
-33.769855,17.002483,-200.00003,0,0
-34.769855,17.002483,-200.00003,0,0
-35.769855,17.002483,-200.00003,0,0
-36.769855,17.002483,-200.00003,0,0
-37.769855,17.002483,-200.00003,0,0
-38.769855,17.002483,-200.00003,0,0
-39.769855,17.002483,-200.00003,0,0
-40.769855,17.002483,-200.00003,0,0
-41.769855,17.002483,-200.00003,0,0
-42.769855,17.002483,-200.00003,0,0
-43.769855,17.002483,-200.00003,0,0
-44.769855,17.002483,-200.00003,0,0
-45.769855,17.002483,-200.00003,0,0
-46.769855,17.002483,-200.00003,0,0
-47.769855,17.002483,-200.00003,0,0
-48.769855,17.002483,-200.00003,0,0
-49.769855,17.002483,-200.00003,0,0
49.230145,16.002483,-200.00003,0,0
48.230145,16.002483,-200.00003,0,0
47.230145,16.002483,-200.00003,0,0
46.230145,16.002483,-200.00003,0,0
45.230145,16.002483,-200.00003,0,0
44.230145,16.002483,-200.00003,0,0
43.230145,16.002483,-200.00003,0,0
42.230145,16.002483,-200.00003,0,0
41.230145,16.002483,-200.00003,0,0
40.230145,16.002483,-200.00003,0,0
39.230145,16.002483,-200.00003,0,0
38.230145,16.002483,-200.00003,0,0
37.230145,16.002483,-200.00003,0,0
36.230145,16.002483,-200.00003,0,0
35.230145,16.002483,-200.00003,0,0
34.230145,16.002483,-200.00003,0,0
33.230145,16.002483,-200.00003,0,0
32.230145,16.002483,-200.00003,0,0
31.230145,16.002483,-200.00003,0,0
30.230145,16.002483,-200.00003,0,0
29.230145,16.002483,-200.00003,0,0
28.230145,16.002483,-200.00003,0,0
27.230145,16.002483,-200.00003,0,0
26.230145,16.002483,-200.00003,0,0
25.230145,16.002483,-200.00003,0,0
24.230145,16.002483,-200.00003,0,0
23.230145,16.002483,-200.00003,0,0
22.230145,16.002483,-200.00003,0,0
21.230145,16.002483,-200.00003,0,0
20.230145,16.002483,-200.00003,0,0
19.230145,16.002483,-200.00003,0,0
18.230145,16.002483,-200.00003,0,0
17.230145,16.002483,-200.00003,0,0
16.230145,16.002483,-200.00003,0,19.999996
15.2301445,16.002483,-200.00003,0,59.999996
14.2301445,16.002483,-200.00003,-Infinity,59.999996
13.2301445,16.002483,-200.00003,0.22504276,43.999996
12.2301445,16.002483,-200.00003,0.2576027,87.99999
11.2301445,16.002483,-200.00003,0.29008466,83.99999
10.2301445,16.002483,-200.00003,0.23223941,67.99999
9.2301445,16.002483,-200.00003,0.13767682,63.999996
8.2301445,16.002483,-200.00003,0.10723881,35.999996
7.2301445,16.002483,-200.00003,0.21119455,47.999996
6.2301445,16.002483,-200.00003,0.32992572,43.999996
5.2301445,16.002483,-200.00003,0.2053789,51.999996
4.2301445,16.002483,-200.00003,0.055465065,47.999996
3.2301445,16.002483,-200.00003,0.117391005,83.99999
2.2301445,16.002483,-200.00003,0.21958563,59.999996
1.2301445,16.002483,-200.00003,0.27933234,43.999996
0.2301445,16.002483,-200.00003,0.33180192,87.99999
-0.7698555,16.002483,-200.00003,0.40239072,59.999996
-1.7698555,16.002483,-200.00003,0.49380392,75.99999
-2.7698555,16.002483,-200.00003,0.5272248,75.99999
-3.7698555,16.002483,-200.00003,0.5253681,103.99999
-4.7698555,16.002483,-200.00003,0.43996364,67.99999
-5.7698555,16.002483,-200.00003,0.24842246,87.99999
-6.7698555,16.002483,-200.00003,0.15113363,107.99999
-7.7698555,16.002483,-200.00003,0.26468667,87.99999
-8.7698555,16.002483,-200.00003,0.5213311,91.99999
-9.7698555,16.002483,-200.00003,0.69845426,63.999996
-10.7698555,16.002483,-200.00003,0.7459424,75.99999
-11.7698555,16.002483,-200.00003,0.72051585,95.99999
-12.7698555,16.002483,-200.00003,0.5741856,83.99999
-13.7698555,16.002483,-200.00003,0.40224242,99.99999
-14.7698555,16.002483,-200.00003,0.27429548,103.99999
-15.7698555,16.002483,-200.00003,0.20995544,31.999996
-16.769855,16.002483,-200.00003,0.33658105,115.99999
-17.769855,16.002483,-200.00003,0,63.999996
-18.769855,16.002483,-200.00003,0,7.999998
-19.769855,16.002483,-200.00003,0,3.999999
-20.769855,16.002483,-200.00003,0,0
-21.769855,16.002483,-200.00003,0,0
-22.769855,16.002483,-200.00003,0,0
-23.769855,16.002483,-200.00003,0,0
-24.769855,16.002483,-200.00003,0,0
-25.769855,16.002483,-200.00003,0,0
-26.769855,16.002483,-200.00003,0,0
-27.769855,16.002483,-200.00003,0,0
-28.769855,16.002483,-200.00003,0,0
-29.769855,16.002483,-200.00003,0,0
-30.769855,16.002483,-200.00003,0,0
-31.769855,16.002483,-200.00003,0,0
-32.769855,16.002483,-200.00003,0,0
-33.769855,16.002483,-200.00003,0,0
-34.769855,16.002483,-200.00003,0,0
-35.769855,16.002483,-200.00003,0,0
-36.769855,16.002483,-200.00003,0,0
-37.769855,16.002483,-200.00003,0,0
-38.769855,16.002483,-200.00003,0,0
-39.769855,16.002483,-200.00003,0,0
-40.769855,16.002483,-200.00003,0,0
-41.769855,16.002483,-200.00003,0,0
-42.769855,16.002483,-200.00003,0,0
-43.769855,16.002483,-200.00003,0,0
-44.769855,16.002483,-200.00003,0,0
-45.769855,16.002483,-200.00003,0,0
-46.769855,16.002483,-200.00003,0,0
-47.769855,16.002483,-200.00003,0,0
-48.769855,16.002483,-200.00003,0,0
-49.769855,16.002483,-200.00003,0,0
49.230145,15.002483,-200.00003,0,0
48.230145,15.002483,-200.00003,0,0
47.230145,15.002483,-200.00003,0,0
46.230145,15.002483,-200.00003,0,0
45.230145,15.002483,-200.00003,0,0
44.230145,15.002483,-200.00003,0,0
43.230145,15.002483,-200.00003,0,0
42.230145,15.002483,-200.00003,0,0
41.230145,15.002483,-200.00003,0,0
40.230145,15.002483,-200.00003,0,0
39.230145,15.002483,-200.00003,0,0
38.230145,15.002483,-200.00003,0,0
37.230145,15.002483,-200.00003,0,0
36.230145,15.002483,-200.00003,0,0
35.230145,15.002483,-200.00003,0,0
34.230145,15.002483,-200.00003,0,0
33.230145,15.002483,-200.00003,0,0
32.230145,15.002483,-200.00003,0,0
31.230145,15.002483,-200.00003,0,0
30.230145,15.002483,-200.00003,0,0
29.230145,15.002483,-200.00003,0,0
28.230145,15.002483,-200.00003,0,0
27.230145,15.002483,-200.00003,0,0
26.230145,15.002483,-200.00003,0,0
25.230145,15.002483,-200.00003,0,0
24.230145,15.002483,-200.00003,0,0
23.230145,15.002483,-200.00003,0,0
22.230145,15.002483,-200.00003,0,0
21.230145,15.002483,-200.00003,0,0
20.230145,15.002483,-200.00003,0,0
19.230145,15.002483,-200.00003,0,0
18.230145,15.002483,-200.00003,0,0
17.230145,15.002483,-200.00003,0,0
16.230145,15.002483,-200.00003,0,31.999996
15.2301445,15.002483,-200.00003,0.22203828,19.999996
14.2301445,15.002483,-200.00003,0.21917608,87.99999
13.2301445,15.002483,-200.00003,0.17320913,87.99999
12.2301445,15.002483,-200.00003,0.15271534,67.99999
11.2301445,15.002483,-200.00003,0.2014808,67.99999
10.2301445,15.002483,-200.00003,0.20186903,107.99999
9.2301445,15.002483,-200.00003,0.16915351,51.999996
8.2301445,15.002483,-200.00003,0.18235788,59.999996
7.2301445,15.002483,-200.00003,0.2632808,39.999996
6.2301445,15.002483,-200.00003,0.31900212,35.999996
5.2301445,15.002483,-200.00003,0.20663452,63.999996
4.2301445,15.002483,-200.00003,0.046348155,23.999996
3.2301445,15.002483,-200.00003,0.09475253,47.999996
2.2301445,15.002483,-200.00003,0.25936523,63.999996
1.2301445,15.002483,-200.00003,0.369113,47.999996
0.2301445,15.002483,-200.00003,0.42389625,59.999996
-0.7698555,15.002483,-200.00003,0.4655982,27.999996
-1.7698555,15.002483,-200.00003,0.577192,63.999996
-2.7698555,15.002483,-200.00003,0.62154263,79.99999
-3.7698555,15.002483,-200.00003,0.5882856,75.99999
-4.7698555,15.002483,-200.00003,0.58541346,103.99999
-5.7698555,15.002483,-200.00003,0.42491126,63.999996
-6.7698555,15.002483,-200.00003,0.26582566,75.99999
-7.7698555,15.002483,-200.00003,0.3345037,103.99999
-8.7698555,15.002483,-200.00003,0.5325556,55.999996
-9.7698555,15.002483,-200.00003,0.6971055,103.99999
-10.7698555,15.002483,-200.00003,0.7370682,115.99999
-11.7698555,15.002483,-200.00003,0.59754443,87.99999
-12.7698555,15.002483,-200.00003,0.37301356,51.999996
-13.7698555,15.002483,-200.00003,0.20746616,59.999996
-14.7698555,15.002483,-200.00003,0.12665638,59.999996
-15.7698555,15.002483,-200.00003,0.12948304,71.99999
-16.769855,15.002483,-200.00003,0.2747889,71.99999
-17.769855,15.002483,-200.00003,0.47267628,59.999996
-18.769855,15.002483,-200.00003,Infinity,71.99999
-19.769855,15.002483,-200.00003,0,11.999997
-20.769855,15.002483,-200.00003,0,0
-21.769855,15.002483,-200.00003,0,0
-22.769855,15.002483,-200.00003,0,0
-23.769855,15.002483,-200.00003,0,0
-24.769855,15.002483,-200.00003,0,0
-25.769855,15.002483,-200.00003,0,0
-26.769855,15.002483,-200.00003,0,0
-27.769855,15.002483,-200.00003,0,0
-28.769855,15.002483,-200.00003,0,0
-29.769855,15.002483,-200.00003,0,0
-30.769855,15.002483,-200.00003,0,0
-31.769855,15.002483,-200.00003,0,0
-32.769855,15.002483,-200.00003,0,0
-33.769855,15.002483,-200.00003,0,0
-34.769855,15.002483,-200.00003,0,0
-35.769855,15.002483,-200.00003,0,0
-36.769855,15.002483,-200.00003,0,0
-37.769855,15.002483,-200.00003,0,0
-38.769855,15.002483,-200.00003,0,0
-39.769855,15.002483,-200.00003,0,0
-40.769855,15.002483,-200.00003,0,0
-41.769855,15.002483,-200.00003,0,0
-42.769855,15.002483,-200.00003,0,0
-43.769855,15.002483,-200.00003,0,0
-44.769855,15.002483,-200.00003,0,0
-45.769855,15.002483,-200.00003,0,0
-46.769855,15.002483,-200.00003,0,0
-47.769855,15.002483,-200.00003,0,0
-48.769855,15.002483,-200.00003,0,0
-49.769855,15.002483,-200.00003,0,0
49.230145,14.002483,-200.00003,0,0
48.230145,14.002483,-200.00003,0,0
47.230145,14.002483,-200.00003,0,0
46.230145,14.002483,-200.00003,0,0
45.230145,14.002483,-200.00003,0,0
44.230145,14.002483,-200.00003,0,0
43.230145,14.002483,-200.00003,0,0
42.230145,14.002483,-200.00003,0,0
41.230145,14.002483,-200.00003,0,0
40.230145,14.002483,-200.00003,0,0
39.230145,14.002483,-200.00003,0,0
38.230145,14.002483,-200.00003,0,0
37.230145,14.002483,-200.00003,0,0
36.230145,14.002483,-200.00003,0,0
35.230145,14.002483,-200.00003,0,0
34.230145,14.002483,-200.00003,0,0
33.230145,14.002483,-200.00003,0,0
32.230145,14.002483,-200.00003,0,0
31.230145,14.002483,-200.00003,0,0
30.230145,14.002483,-200.00003,0,0
29.230145,14.002483,-200.00003,0,0
28.230145,14.002483,-200.00003,0,0
27.230145,14.002483,-200.00003,0,0
26.230145,14.002483,-200.00003,0,0
25.230145,14.002483,-200.00003,0,0
24.230145,14.002483,-200.00003,0,0
23.230145,14.002483,-200.00003,0,0
22.230145,14.002483,-200.00003,0,0
21.230145,14.002483,-200.00003,0,0
20.230145,14.002483,-200.00003,0,0
19.230145,14.002483,-200.00003,0,0
18.230145,14.002483,-200.00003,0,0
17.230145,14.002483,-200.00003,0,47.999996
16.230145,14.002483,-200.00003,-Infinity,47.999996
15.2301445,14.002483,-200.00003,0.25977895,67.99999
14.2301445,14.002483,-200.00003,0.24750893,71.99999
13.2301445,14.002483,-200.00003,0.17204204,43.999996
12.2301445,14.002483,-200.00003,0.14739802,63.999996
11.2301445,14.002483,-200.00003,0.17840467,59.999996
10.2301445,14.002483,-200.00003,0.21709345,79.99999
9.2301445,14.002483,-200.00003,0.28417093,47.999996
8.2301445,14.002483,-200.00003,0.36961198,71.99999
7.2301445,14.002483,-200.00003,0.38813344,43.999996
6.2301445,14.002483,-200.00003,0.34267682,43.999996
5.2301445,14.002483,-200.00003,0.31629682,35.999996
4.2301445,14.002483,-200.00003,0.30945975,31.999996
3.2301445,14.002483,-200.00003,0.2894836,43.999996
2.2301445,14.002483,-200.00003,0.35515046,27.999996
1.2301445,14.002483,-200.00003,0.472518,79.99999
0.2301445,14.002483,-200.00003,0.48210746,67.99999
-0.7698555,14.002483,-200.00003,0.48165807,63.999996
-1.7698555,14.002483,-200.00003,0.55845046,99.99999
-2.7698555,14.002483,-200.00003,0.5530129,107.99999
-3.7698555,14.002483,-200.00003,0.5636538,43.999996
-4.7698555,14.002483,-200.00003,0.62077713,103.99999
-5.7698555,14.002483,-200.00003,0.5232227,75.99999
-6.7698555,14.002483,-200.00003,0.3977617,67.99999
-7.7698555,14.002483,-200.00003,0.46185926,115.99999
-8.7698555,14.002483,-200.00003,0.5938457,67.99999
-9.7698555,14.002483,-200.00003,0.68807006,51.999996
-10.7698555,14.002483,-200.00003,0.6399012,95.99999
-11.7698555,14.002483,-200.00003,0.47199446,59.999996
-12.7698555,14.002483,-200.00003,0.2852854,71.99999
-13.7698555,14.002483,-200.00003,0.11121698,43.999996
-14.7698555,14.002483,-200.00003,0.026529904,47.999996
-15.7698555,14.002483,-200.00003,0.08748301,43.999996
-16.769855,14.002483,-200.00003,0.26723057,71.99999
-17.769855,14.002483,-200.00003,0.42671767,51.999996
-18.769855,14.002483,-200.00003,Infinity,79.99999
-19.769855,14.002483,-200.00003,0,55.999996
-20.769855,14.002483,-200.00003,0,7.999998
-21.769855,14.002483,-200.00003,0,0
-22.769855,14.002483,-200.00003,0,0
-23.769855,14.002483,-200.00003,0,0
-24.769855,14.002483,-200.00003,0,0
-25.769855,14.002483,-200.00003,0,0
-26.769855,14.002483,-200.00003,0,0
-27.769855,14.002483,-200.00003,0,0
-28.769855,14.002483,-200.00003,0,0
-29.769855,14.002483,-200.00003,0,0
-30.769855,14.002483,-200.00003,0,0
-31.769855,14.002483,-200.00003,0,0
-32.769855,14.002483,-200.00003,0,0
-33.769855,14.002483,-200.00003,0,0
-34.769855,14.002483,-200.00003,0,0
-35.769855,14.002483,-200.00003,0,0
-36.769855,14.002483,-200.00003,0,0
-37.769855,14.002483,-200.00003,0,0
-38.769855,14.002483,-200.00003,0,0
-39.769855,14.002483,-200.00003,0,0
-40.769855,14.002483,-200.00003,0,0
-41.769855,14.002483,-200.00003,0,0
-42.769855,14.002483,-200.00003,0,0
-43.769855,14.002483,-200.00003,0,0
-44.769855,14.002483,-200.00003,0,0
-45.769855,14.002483,-200.00003,0,0
-46.769855,14.002483,-200.00003,0,0
-47.769855,14.002483,-200.00003,0,0
-48.769855,14.002483,-200.00003,0,0
-49.769855,14.002483,-200.00003,0,0
49.230145,13.002483,-200.00003,0,0
48.230145,13.002483,-200.00003,0,0
47.230145,13.002483,-200.00003,0,0
46.230145,13.002483,-200.00003,0,0
45.230145,13.002483,-200.00003,0,0
44.230145,13.002483,-200.00003,0,0
43.230145,13.002483,-200.00003,0,0
42.230145,13.002483,-200.00003,0,0
41.230145,13.002483,-200.00003,0,0
40.230145,13.002483,-200.00003,0,0
39.230145,13.002483,-200.00003,0,0
38.230145,13.002483,-200.00003,0,0
37.230145,13.002483,-200.00003,0,0
36.230145,13.002483,-200.00003,0,0
35.230145,13.002483,-200.00003,0,0
34.230145,13.002483,-200.00003,0,0
33.230145,13.002483,-200.00003,0,0
32.230145,13.002483,-200.00003,0,0
31.230145,13.002483,-200.00003,0,0
30.230145,13.002483,-200.00003,0,0
29.230145,13.002483,-200.00003,0,0
28.230145,13.002483,-200.00003,0,0
27.230145,13.002483,-200.00003,0,0
26.230145,13.002483,-200.00003,0,0
25.230145,13.002483,-200.00003,0,0
24.230145,13.002483,-200.00003,0,3.999999
23.230145,13.002483,-200.00003,0,0
22.230145,13.002483,-200.00003,0,0
21.230145,13.002483,-200.00003,0,0
20.230145,13.002483,-200.00003,0,0
19.230145,13.002483,-200.00003,0,0
18.230145,13.002483,-200.00003,0,23.999996
17.230145,13.002483,-200.00003,-Infinity,39.999996
16.230145,13.002483,-200.00003,0.14715001,23.999996
15.2301445,13.002483,-200.00003,0.30412292,79.99999
14.2301445,13.002483,-200.00003,0.29767358,55.999996
13.2301445,13.002483,-200.00003,0.17104715,19.999996
12.2301445,13.002483,-200.00003,0.16896506,79.99999
11.2301445,13.002483,-200.00003,0.17530462,19.999996
10.2301445,13.002483,-200.00003,0.22151276,59.999996
9.2301445,13.002483,-200.00003,0.35346562,39.999996
8.2301445,13.002483,-200.00003,0.50949013,79.99999
7.2301445,13.002483,-200.00003,0.51821977,67.99999
6.2301445,13.002483,-200.00003,0.4115458,23.999996
5.2301445,13.002483,-200.00003,0.46709836,43.999996
4.2301445,13.002483,-200.00003,0.5748934,83.99999
3.2301445,13.002483,-200.00003,0.5486995,107.99999
2.2301445,13.002483,-200.00003,0.45149165,55.999996
1.2301445,13.002483,-200.00003,0.4027431,67.99999
0.2301445,13.002483,-200.00003,0.38549942,39.999996
-0.7698555,13.002483,-200.00003,0.4295848,63.999996
-1.7698555,13.002483,-200.00003,0.4541734,99.99999
-2.7698555,13.002483,-200.00003,0.39332885,55.999996
-3.7698555,13.002483,-200.00003,0.45535326,91.99999
-4.7698555,13.002483,-200.00003,0.57085544,83.99999
-5.7698555,13.002483,-200.00003,0.587221,63.999996
-6.7698555,13.002483,-200.00003,0.5394142,115.99999
-7.7698555,13.002483,-200.00003,0.52693486,75.99999
-8.7698555,13.002483,-200.00003,0.6011457,139.99998
-9.7698555,13.002483,-200.00003,0.6277159,119.99999
-10.7698555,13.002483,-200.00003,0.51064074,63.999996
-11.7698555,13.002483,-200.00003,0.39899874,59.999996
-12.7698555,13.002483,-200.00003,0.28765136,103.99999
-13.7698555,13.002483,-200.00003,0.13507757,59.999996
-14.7698555,13.002483,-200.00003,0.026290163,63.999996
-15.7698555,13.002483,-200.00003,0.10656453,39.999996
-16.769855,13.002483,-200.00003,0.28394407,55.999996
-17.769855,13.002483,-200.00003,0.4596954,71.99999
-18.769855,13.002483,-200.00003,0.58224136,59.999996
-19.769855,13.002483,-200.00003,0.5795677,75.99999
-20.769855,13.002483,-200.00003,0,31.999996
-21.769855,13.002483,-200.00003,0,3.999999
-22.769855,13.002483,-200.00003,0,0
-23.769855,13.002483,-200.00003,0,0
-24.769855,13.002483,-200.00003,0,0
-25.769855,13.002483,-200.00003,0,0
-26.769855,13.002483,-200.00003,0,0
-27.769855,13.002483,-200.00003,0,0
-28.769855,13.002483,-200.00003,0,0
-29.769855,13.002483,-200.00003,0,0
-30.769855,13.002483,-200.00003,0,0
-31.769855,13.002483,-200.00003,0,0
-32.769855,13.002483,-200.00003,0,0
-33.769855,13.002483,-200.00003,0,0
-34.769855,13.002483,-200.00003,0,0
-35.769855,13.002483,-200.00003,0,0
-36.769855,13.002483,-200.00003,0,0
-37.769855,13.002483,-200.00003,0,0
-38.769855,13.002483,-200.00003,0,0
-39.769855,13.002483,-200.00003,0,0
-40.769855,13.002483,-200.00003,0,0
-41.769855,13.002483,-200.00003,0,0
-42.769855,13.002483,-200.00003,0,0
-43.769855,13.002483,-200.00003,0,0
-44.769855,13.002483,-200.00003,0,0
-45.769855,13.002483,-200.00003,0,0
-46.769855,13.002483,-200.00003,0,0
-47.769855,13.002483,-200.00003,0,0
-48.769855,13.002483,-200.00003,0,0
-49.769855,13.002483,-200.00003,0,0
49.230145,12.002483,-200.00003,0,0
48.230145,12.002483,-200.00003,0,0
47.230145,12.002483,-200.00003,0,0
46.230145,12.002483,-200.00003,0,0
45.230145,12.002483,-200.00003,0,0
44.230145,12.002483,-200.00003,0,0
43.230145,12.002483,-200.00003,0,0
42.230145,12.002483,-200.00003,0,0
41.230145,12.002483,-200.00003,0,0
40.230145,12.002483,-200.00003,0,0
39.230145,12.002483,-200.00003,0,0
38.230145,12.002483,-200.00003,0,0
37.230145,12.002483,-200.00003,0,0
36.230145,12.002483,-200.00003,0,0
35.230145,12.002483,-200.00003,0,0
34.230145,12.002483,-200.00003,0,0
33.230145,12.002483,-200.00003,0,0
32.230145,12.002483,-200.00003,0,0
31.230145,12.002483,-200.00003,0,0
30.230145,12.002483,-200.00003,0,0
29.230145,12.002483,-200.00003,0,0
28.230145,12.002483,-200.00003,0,0
27.230145,12.002483,-200.00003,0,0
26.230145,12.002483,-200.00003,0,0
25.230145,12.002483,-200.00003,0,0
24.230145,12.002483,-200.00003,0,0
23.230145,12.002483,-200.00003,0,0
22.230145,12.002483,-200.00003,0,0
21.230145,12.002483,-200.00003,0,0
20.230145,12.002483,-200.00003,0,0
19.230145,12.002483,-200.00003,0,27.999996
18.230145,12.002483,-200.00003,0,67.99999
17.230145,12.002483,-200.00003,0.115151,27.999996
16.230145,12.002483,-200.00003,0.22453213,59.999996
15.2301445,12.002483,-200.00003,0.33947966,47.999996
14.2301445,12.002483,-200.00003,0.33116215,43.999996
13.2301445,12.002483,-200.00003,0.2386814,55.999996
12.2301445,12.002483,-200.00003,0.13147473,31.999996
11.2301445,12.002483,-200.00003,0.1535773,51.999996
10.2301445,12.002483,-200.00003,0.24376234,27.999996
9.2301445,12.002483,-200.00003,0.42555112,59.999996
8.2301445,12.002483,-200.00003,0.56988776,39.999996
7.2301445,12.002483,-200.00003,0.53359264,51.999996
6.2301445,12.002483,-200.00003,0.44725075,63.999996
5.2301445,12.002483,-200.00003,0.4604026,79.99999
4.2301445,12.002483,-200.00003,0.5573205,75.99999
3.2301445,12.002483,-200.00003,0.5493049,63.999996
2.2301445,12.002483,-200.00003,0.40163133,67.99999
1.2301445,12.002483,-200.00003,0.24918441,27.999996
0.2301445,12.002483,-200.00003,0.27473256,87.99999
-0.7698555,12.002483,-200.00003,0.36642563,91.99999
-1.7698555,12.002483,-200.00003,0.401782,71.99999
-2.7698555,12.002483,-200.00003,0.38175964,103.99999
-3.7698555,12.002483,-200.00003,0.42439324,83.99999
-4.7698555,12.002483,-200.00003,0.5499099,91.99999
-5.7698555,12.002483,-200.00003,0.6614741,131.99998
-6.7698555,12.002483,-200.00003,0.6292231,115.99999
-7.7698555,12.002483,-200.00003,0.54687166,51.999996
-8.7698555,12.002483,-200.00003,0.5236157,83.99999
-9.7698555,12.002483,-200.00003,0.47229648,63.999996
-10.7698555,12.002483,-200.00003,0.38565803,71.99999
-11.7698555,12.002483,-200.00003,0.34681025,83.99999
-12.7698555,12.002483,-200.00003,0.29384682,67.99999
-13.7698555,12.002483,-200.00003,0.19421887,63.999996
-14.7698555,12.002483,-200.00003,0.11676912,67.99999
-15.7698555,12.002483,-200.00003,0.18163416,47.999996
-16.769855,12.002483,-200.00003,0.36962444,95.99999
-17.769855,12.002483,-200.00003,0.57588357,63.999996
-18.769855,12.002483,-200.00003,0.68311983,95.99999
-19.769855,12.002483,-200.00003,0.61169827,99.99999
-20.769855,12.002483,-200.00003,Infinity,159.99998
-21.769855,12.002483,-200.00003,0,67.99999
-22.769855,12.002483,-200.00003,0,0
-23.769855,12.002483,-200.00003,0,0
-24.769855,12.002483,-200.00003,0,0
-25.769855,12.002483,-200.00003,0,0
-26.769855,12.002483,-200.00003,0,0
-27.769855,12.002483,-200.00003,0,0
-28.769855,12.002483,-200.00003,0,0
-29.769855,12.002483,-200.00003,0,0
-30.769855,12.002483,-200.00003,0,0
-31.769855,12.002483,-200.00003,0,0
-32.769855,12.002483,-200.00003,0,0
-33.769855,12.002483,-200.00003,0,0
-34.769855,12.002483,-200.00003,0,0
-35.769855,12.002483,-200.00003,0,0
-36.769855,12.002483,-200.00003,0,0
-37.769855,12.002483,-200.00003,0,0
-38.769855,12.002483,-200.00003,0,0
-39.769855,12.002483,-200.00003,0,0
-40.769855,12.002483,-200.00003,0,0
-41.769855,12.002483,-200.00003,0,0
-42.769855,12.002483,-200.00003,0,0
-43.769855,12.002483,-200.00003,0,0
-44.769855,12.002483,-200.00003,0,0
-45.769855,12.002483,-200.00003,0,0
-46.769855,12.002483,-200.00003,0,0
-47.769855,12.002483,-200.00003,0,0
-48.769855,12.002483,-200.00003,0,0
-49.769855,12.002483,-200.00003,0,0
49.230145,11.002483,-200.00003,0,0
48.230145,11.002483,-200.00003,0,0
47.230145,11.002483,-200.00003,0,0
46.230145,11.002483,-200.00003,0,0
45.230145,11.002483,-200.00003,0,0
44.230145,11.002483,-200.00003,0,0
43.230145,11.002483,-200.00003,0,0
42.230145,11.002483,-200.00003,0,0
41.230145,11.002483,-200.00003,0,0
40.230145,11.002483,-200.00003,0,0
39.230145,11.002483,-200.00003,0,0
38.230145,11.002483,-200.00003,0,0
37.230145,11.002483,-200.00003,0,0
36.230145,11.002483,-200.00003,0,0
35.230145,11.002483,-200.00003,0,0
34.230145,11.002483,-200.00003,0,0
33.230145,11.002483,-200.00003,0,0
32.230145,11.002483,-200.00003,0,0
31.230145,11.002483,-200.00003,0,0
30.230145,11.002483,-200.00003,0,0
29.230145,11.002483,-200.00003,0,0
28.230145,11.002483,-200.00003,0,0
27.230145,11.002483,-200.00003,0,0
26.230145,11.002483,-200.00003,0,0
25.230145,11.002483,-200.00003,0,0
24.230145,11.002483,-200.00003,0,0
23.230145,11.002483,-200.00003,0,0
22.230145,11.002483,-200.00003,0,3.999999
21.230145,11.002483,-200.00003,0,0
20.230145,11.002483,-200.00003,0,11.999997
19.230145,11.002483,-200.00003,0,67.99999
18.230145,11.002483,-200.00003,0.22009851,31.999996
17.230145,11.002483,-200.00003,0.27081296,67.99999
16.230145,11.002483,-200.00003,0.32602194,47.999996
15.2301445,11.002483,-200.00003,0.36580107,27.999996
14.2301445,11.002483,-200.00003,0.44880536,27.999996
13.2301445,11.002483,-200.00003,0.38145173,55.999996
12.2301445,11.002483,-200.00003,0.17696905,19.999996
11.2301445,11.002483,-200.00003,0.09990118,27.999996
10.2301445,11.002483,-200.00003,0.2502616,55.999996
9.2301445,11.002483,-200.00003,0.48450804,43.999996
8.2301445,11.002483,-200.00003,0.5620396,63.999996
7.2301445,11.002483,-200.00003,0.4202838,75.99999
6.2301445,11.002483,-200.00003,0.28714263,79.99999
5.2301445,11.002483,-200.00003,0.30186874,51.999996
4.2301445,11.002483,-200.00003,0.3912978,43.999996
3.2301445,11.002483,-200.00003,0.43430635,55.999996
2.2301445,11.002483,-200.00003,0.33318102,63.999996
1.2301445,11.002483,-200.00003,0.265976,87.99999
0.2301445,11.002483,-200.00003,0.32578152,83.99999
-0.7698555,11.002483,-200.00003,0.4044292,91.99999
-1.7698555,11.002483,-200.00003,0.44004038,63.999996
-2.7698555,11.002483,-200.00003,0.452326,91.99999
-3.7698555,11.002483,-200.00003,0.47287825,71.99999
-4.7698555,11.002483,-200.00003,0.5378787,99.99999
-5.7698555,11.002483,-200.00003,0.599166,119.99999
-6.7698555,11.002483,-200.00003,0.56976527,107.99999
-7.7698555,11.002483,-200.00003,0.5175124,95.99999
-8.7698555,11.002483,-200.00003,0.49186912,87.99999
-9.7698555,11.002483,-200.00003,0.4446568,71.99999
-10.7698555,11.002483,-200.00003,0.3632564,23.999996
-11.7698555,11.002483,-200.00003,0.3204538,95.99999
-12.7698555,11.002483,-200.00003,0.27614725,79.99999
-13.7698555,11.002483,-200.00003,0.2337825,103.99999
-14.7698555,11.002483,-200.00003,0.23094659,75.99999
-15.7698555,11.002483,-200.00003,0.3136563,51.999996
-16.769855,11.002483,-200.00003,0.48688677,55.999996
-17.769855,11.002483,-200.00003,0.64844316,95.99999
-18.769855,11.002483,-200.00003,0.64099705,83.99999
-19.769855,11.002483,-200.00003,0.5702195,67.99999
-20.769855,11.002483,-200.00003,0.5870426,99.99999
-21.769855,11.002483,-200.00003,0,115.99999
-22.769855,11.002483,-200.00003,0,31.999996
-23.769855,11.002483,-200.00003,0,0
-24.769855,11.002483,-200.00003,0,0
-25.769855,11.002483,-200.00003,0,0
-26.769855,11.002483,-200.00003,0,0
-27.769855,11.002483,-200.00003,0,0
-28.769855,11.002483,-200.00003,0,0
-29.769855,11.002483,-200.00003,0,0
-30.769855,11.002483,-200.00003,0,0
-31.769855,11.002483,-200.00003,0,0
-32.769855,11.002483,-200.00003,0,0
-33.769855,11.002483,-200.00003,0,0
-34.769855,11.002483,-200.00003,0,0
-35.769855,11.002483,-200.00003,0,0
-36.769855,11.002483,-200.00003,0,0
-37.769855,11.002483,-200.00003,0,0
-38.769855,11.002483,-200.00003,0,0
-39.769855,11.002483,-200.00003,0,0
-40.769855,11.002483,-200.00003,0,0
-41.769855,11.002483,-200.00003,0,0
-42.769855,11.002483,-200.00003,0,0
-43.769855,11.002483,-200.00003,0,0
-44.769855,11.002483,-200.00003,0,0
-45.769855,11.002483,-200.00003,0,0
-46.769855,11.002483,-200.00003,0,0
-47.769855,11.002483,-200.00003,0,0
-48.769855,11.002483,-200.00003,0,0
-49.769855,11.002483,-200.00003,0,0
49.230145,10.002483,-200.00003,0,0
48.230145,10.002483,-200.00003,0,0
47.230145,10.002483,-200.00003,0,0
46.230145,10.002483,-200.00003,0,0
45.230145,10.002483,-200.00003,0,0
44.230145,10.002483,-200.00003,0,0
43.230145,10.002483,-200.00003,0,0
42.230145,10.002483,-200.00003,0,0
41.230145,10.002483,-200.00003,0,0
40.230145,10.002483,-200.00003,0,0
39.230145,10.002483,-200.00003,0,0
38.230145,10.002483,-200.00003,0,0
37.230145,10.002483,-200.00003,0,0
36.230145,10.002483,-200.00003,0,0
35.230145,10.002483,-200.00003,0,0
34.230145,10.002483,-200.00003,0,0
33.230145,10.002483,-200.00003,0,0
32.230145,10.002483,-200.00003,0,0
31.230145,10.002483,-200.00003,0,0
30.230145,10.002483,-200.00003,0,0
29.230145,10.002483,-200.00003,0,0
28.230145,10.002483,-200.00003,0,0
27.230145,10.002483,-200.00003,0,0
26.230145,10.002483,-200.00003,0,0
25.230145,10.002483,-200.00003,0,0
24.230145,10.002483,-200.00003,0,0
23.230145,10.002483,-200.00003,0,0
22.230145,10.002483,-200.00003,0,0
21.230145,10.002483,-200.00003,0,3.999999
20.230145,10.002483,-200.00003,0,23.999996
19.230145,10.002483,-200.00003,0.3363066,43.999996
18.230145,10.002483,-200.00003,0.39805618,35.999996
17.230145,10.002483,-200.00003,0.43663174,27.999996
16.230145,10.002483,-200.00003,0.43891895,39.999996
15.2301445,10.002483,-200.00003,0.4464776,43.999996
14.2301445,10.002483,-200.00003,0.5353434,27.999996
13.2301445,10.002483,-200.00003,0.52988654,51.999996
12.2301445,10.002483,-200.00003,0.30002597,67.99999
11.2301445,10.002483,-200.00003,0.106923714,23.999996
10.2301445,10.002483,-200.00003,0.18102759,31.999996
9.2301445,10.002483,-200.00003,0.41540843,39.999996
8.2301445,10.002483,-200.00003,0.46491483,63.999996
7.2301445,10.002483,-200.00003,0.23780873,43.999996
6.2301445,10.002483,-200.00003,0.10066788,39.999996
5.2301445,10.002483,-200.00003,0.22643222,59.999996
4.2301445,10.002483,-200.00003,0.37341243,79.99999
3.2301445,10.002483,-200.00003,0.37724894,59.999996
2.2301445,10.002483,-200.00003,0.3361914,91.99999
1.2301445,10.002483,-200.00003,0.34116292,71.99999
0.2301445,10.002483,-200.00003,0.44105256,83.99999
-0.7698555,10.002483,-200.00003,0.5221707,91.99999
-1.7698555,10.002483,-200.00003,0.5273603,67.99999
-2.7698555,10.002483,-200.00003,0.51602244,51.999996
-3.7698555,10.002483,-200.00003,0.48692977,87.99999
-4.7698555,10.002483,-200.00003,0.42216772,75.99999
-5.7698555,10.002483,-200.00003,0.38190895,83.99999
-6.7698555,10.002483,-200.00003,0.3749436,91.99999
-7.7698555,10.002483,-200.00003,0.42851222,55.999996
-8.7698555,10.002483,-200.00003,0.5293406,75.99999
-9.7698555,10.002483,-200.00003,0.5671787,99.99999
-10.7698555,10.002483,-200.00003,0.46188337,103.99999
-11.7698555,10.002483,-200.00003,0.3210943,67.99999
-12.7698555,10.002483,-200.00003,0.20315333,51.999996
-13.7698555,10.002483,-200.00003,0.16552907,47.999996
-14.7698555,10.002483,-200.00003,0.2674705,55.999996
-15.7698555,10.002483,-200.00003,0.4153242,91.99999
-16.769855,10.002483,-200.00003,0.54566777,75.99999
-17.769855,10.002483,-200.00003,0.593204,103.99999
-18.769855,10.002483,-200.00003,0.49235603,43.999996
-19.769855,10.002483,-200.00003,0.471147,63.999996
-20.769855,10.002483,-200.00003,0.6066834,71.99999
-21.769855,10.002483,-200.00003,0.6971358,115.99999
-22.769855,10.002483,-200.00003,0,79.99999
-23.769855,10.002483,-200.00003,0,3.999999
-24.769855,10.002483,-200.00003,0,0
-25.769855,10.002483,-200.00003,0,0
-26.769855,10.002483,-200.00003,0,0
-27.769855,10.002483,-200.00003,0,0
-28.769855,10.002483,-200.00003,0,0
-29.769855,10.002483,-200.00003,0,0
-30.769855,10.002483,-200.00003,0,0
-31.769855,10.002483,-200.00003,0,0
-32.769855,10.002483,-200.00003,0,0
-33.769855,10.002483,-200.00003,0,0
-34.769855,10.002483,-200.00003,0,0
-35.769855,10.002483,-200.00003,0,0
-36.769855,10.002483,-200.00003,0,0
-37.769855,10.002483,-200.00003,0,0
-38.769855,10.002483,-200.00003,0,0
-39.769855,10.002483,-200.00003,0,0
-40.769855,10.002483,-200.00003,0,0
-41.769855,10.002483,-200.00003,0,0
-42.769855,10.002483,-200.00003,0,0
-43.769855,10.002483,-200.00003,0,0
-44.769855,10.002483,-200.00003,0,0
-45.769855,10.002483,-200.00003,0,0
-46.769855,10.002483,-200.00003,0,0
-47.769855,10.002483,-200.00003,0,0
-48.769855,10.002483,-200.00003,0,0
-49.769855,10.002483,-200.00003,0,0
49.230145,9.002483,-200.00003,0,0
48.230145,9.002483,-200.00003,0,0
47.230145,9.002483,-200.00003,0,0
46.230145,9.002483,-200.00003,0,0
45.230145,9.002483,-200.00003,0,0
44.230145,9.002483,-200.00003,0,0
43.230145,9.002483,-200.00003,0,0
42.230145,9.002483,-200.00003,0,0
41.230145,9.002483,-200.00003,0,0
40.230145,9.002483,-200.00003,0,0
39.230145,9.002483,-200.00003,0,0
38.230145,9.002483,-200.00003,0,0
37.230145,9.002483,-200.00003,0,0
36.230145,9.002483,-200.00003,0,0
35.230145,9.002483,-200.00003,0,0
34.230145,9.002483,-200.00003,0,0
33.230145,9.002483,-200.00003,0,0
32.230145,9.002483,-200.00003,0,0
31.230145,9.002483,-200.00003,0,0
30.230145,9.002483,-200.00003,0,0
29.230145,9.002483,-200.00003,0,0
28.230145,9.002483,-200.00003,0,0
27.230145,9.002483,-200.00003,0,0
26.230145,9.002483,-200.00003,0,0
25.230145,9.002483,-200.00003,0,0
24.230145,9.002483,-200.00003,0,0
23.230145,9.002483,-200.00003,0,0
22.230145,9.002483,-200.00003,0,0
21.230145,9.002483,-200.00003,0,31.999996
20.230145,9.002483,-200.00003,Infinity,67.99999
19.230145,9.002483,-200.00003,0.51472265,47.999996
18.230145,9.002483,-200.00003,0.64983,47.999996
17.230145,9.002483,-200.00003,0.6138291,43.999996
16.230145,9.002483,-200.00003,0.5649038,67.99999
15.2301445,9.002483,-200.00003,0.53759474,51.999996
14.2301445,9.002483,-200.00003,0.55990416,59.999996
13.2301445,9.002483,-200.00003,0.56349176,39.999996
12.2301445,9.002483,-200.00003,0.38821453,55.999996
11.2301445,9.002483,-200.00003,0.17677672,39.999996
10.2301445,9.002483,-200.00003,0.16562393,39.999996
9.2301445,9.002483,-200.00003,0.33784616,35.999996
8.2301445,9.002483,-200.00003,0.40301186,55.999996
7.2301445,9.002483,-200.00003,0.21537246,43.999996
6.2301445,9.002483,-200.00003,0.1322928,59.999996
5.2301445,9.002483,-200.00003,0.29084003,95.99999
4.2301445,9.002483,-200.00003,0.4059133,79.99999
3.2301445,9.002483,-200.00003,0.4141749,99.99999
2.2301445,9.002483,-200.00003,0.36972207,71.99999
1.2301445,9.002483,-200.00003,0.3887008,63.999996
0.2301445,9.002483,-200.00003,0.5312918,79.99999
-0.7698555,9.002483,-200.00003,0.6500615,79.99999
-1.7698555,9.002483,-200.00003,0.65060043,131.99998
-2.7698555,9.002483,-200.00003,0.5843332,115.99999
-3.7698555,9.002483,-200.00003,0.48018384,75.99999
-4.7698555,9.002483,-200.00003,0.34918225,95.99999
-5.7698555,9.002483,-200.00003,0.20918444,51.999996
-6.7698555,9.002483,-200.00003,0.18639776,107.99999
-7.7698555,9.002483,-200.00003,0.31297153,107.99999
-8.7698555,9.002483,-200.00003,0.49905106,95.99999
-9.7698555,9.002483,-200.00003,0.584893,95.99999
-10.7698555,9.002483,-200.00003,0.47028902,87.99999
-11.7698555,9.002483,-200.00003,0.29480475,71.99999
-12.7698555,9.002483,-200.00003,0.17286834,91.99999
-13.7698555,9.002483,-200.00003,0.0927575,27.999996
-14.7698555,9.002483,-200.00003,0.20244601,87.99999
-15.7698555,9.002483,-200.00003,0.3877268,91.99999
-16.769855,9.002483,-200.00003,0.5349558,71.99999
-17.769855,9.002483,-200.00003,0.5190516,71.99999
-18.769855,9.002483,-200.00003,0.34473568,19.999996
-19.769855,9.002483,-200.00003,0.41514066,71.99999
-20.769855,9.002483,-200.00003,0.67338705,119.99999
-21.769855,9.002483,-200.00003,0.75850236,91.99999
-22.769855,9.002483,-200.00003,Infinity,111.99999
-23.769855,9.002483,-200.00003,0,27.999996
-24.769855,9.002483,-200.00003,0,0
-25.769855,9.002483,-200.00003,0,0
-26.769855,9.002483,-200.00003,0,0
-27.769855,9.002483,-200.00003,0,0
-28.769855,9.002483,-200.00003,0,0
-29.769855,9.002483,-200.00003,0,0
-30.769855,9.002483,-200.00003,0,0
-31.769855,9.002483,-200.00003,0,0
-32.769855,9.002483,-200.00003,0,0
-33.769855,9.002483,-200.00003,0,0
-34.769855,9.002483,-200.00003,0,0
-35.769855,9.002483,-200.00003,0,0
-36.769855,9.002483,-200.00003,0,0
-37.769855,9.002483,-200.00003,0,0
-38.769855,9.002483,-200.00003,0,0
-39.769855,9.002483,-200.00003,0,0
-40.769855,9.002483,-200.00003,0,0
-41.769855,9.002483,-200.00003,0,0
-42.769855,9.002483,-200.00003,0,0
-43.769855,9.002483,-200.00003,0,0
-44.769855,9.002483,-200.00003,0,0
-45.769855,9.002483,-200.00003,0,0
-46.769855,9.002483,-200.00003,0,0
-47.769855,9.002483,-200.00003,0,0
-48.769855,9.002483,-200.00003,0,0
-49.769855,9.002483,-200.00003,0,0
49.230145,8.002483,-200.00003,0,0
48.230145,8.002483,-200.00003,0,0
47.230145,8.002483,-200.00003,0,0
46.230145,8.002483,-200.00003,0,0
45.230145,8.002483,-200.00003,0,0
44.230145,8.002483,-200.00003,0,0
43.230145,8.002483,-200.00003,0,0
42.230145,8.002483,-200.00003,0,0
41.230145,8.002483,-200.00003,0,0
40.230145,8.002483,-200.00003,0,0
39.230145,8.002483,-200.00003,0,0
38.230145,8.002483,-200.00003,0,0
37.230145,8.002483,-200.00003,0,0
36.230145,8.002483,-200.00003,0,0
35.230145,8.002483,-200.00003,0,0
34.230145,8.002483,-200.00003,0,0
33.230145,8.002483,-200.00003,0,0
32.230145,8.002483,-200.00003,0,0
31.230145,8.002483,-200.00003,0,0
30.230145,8.002483,-200.00003,0,0
29.230145,8.002483,-200.00003,0,0
28.230145,8.002483,-200.00003,0,0
27.230145,8.002483,-200.00003,0,0
26.230145,8.002483,-200.00003,0,0
25.230145,8.002483,-200.00003,0,0
24.230145,8.002483,-200.00003,0,0
23.230145,8.002483,-200.00003,0,0
22.230145,8.002483,-200.00003,0,3.999999
21.230145,8.002483,-200.00003,0,71.99999
20.230145,8.002483,-200.00003,0.5140954,55.999996
19.230145,8.002483,-200.00003,0.5363035,55.999996
18.230145,8.002483,-200.00003,0.6516934,55.999996
17.230145,8.002483,-200.00003,0.66833067,71.99999
16.230145,8.002483,-200.00003,0.582622,47.999996
15.2301445,8.002483,-200.00003,0.54474676,55.999996
14.2301445,8.002483,-200.00003,0.5621118,43.999996
13.2301445,8.002483,-200.00003,0.5691331,31.999996
12.2301445,8.002483,-200.00003,0.4695685,51.999996
11.2301445,8.002483,-200.00003,0.28784508,43.999996
10.2301445,8.002483,-200.00003,0.22319913,19.999996
9.2301445,8.002483,-200.00003,0.35228056,51.999996
8.2301445,8.002483,-200.00003,0.4477675,87.99999
7.2301445,8.002483,-200.00003,0.3373407,79.99999
6.2301445,8.002483,-200.00003,0.28666925,67.99999
5.2301445,8.002483,-200.00003,0.36615905,75.99999
4.2301445,8.002483,-200.00003,0.45610112,63.999996
3.2301445,8.002483,-200.00003,0.47833982,63.999996
2.2301445,8.002483,-200.00003,0.43392438,75.99999
1.2301445,8.002483,-200.00003,0.45110726,95.99999
0.2301445,8.002483,-200.00003,0.5785654,91.99999
-0.7698555,8.002483,-200.00003,0.7048378,91.99999
-1.7698555,8.002483,-200.00003,0.6730734,119.99999
-2.7698555,8.002483,-200.00003,0.5641638,83.99999
-3.7698555,8.002483,-200.00003,0.49071693,127.99999
-4.7698555,8.002483,-200.00003,0.39810783,99.99999
-5.7698555,8.002483,-200.00003,0.23772386,87.99999
-6.7698555,8.002483,-200.00003,0.116094716,63.999996
-7.7698555,8.002483,-200.00003,0.2041879,79.99999
-8.7698555,8.002483,-200.00003,0.42577672,83.99999
-9.7698555,8.002483,-200.00003,0.5279991,83.99999
-10.7698555,8.002483,-200.00003,0.45838678,95.99999
-11.7698555,8.002483,-200.00003,0.33528686,51.999996
-12.7698555,8.002483,-200.00003,0.22945037,75.99999
-13.7698555,8.002483,-200.00003,0.18094662,71.99999
-14.7698555,8.002483,-200.00003,0.21031377,39.999996
-15.7698555,8.002483,-200.00003,0.3533532,67.99999
-16.769855,8.002483,-200.00003,0.47135976,79.99999
-17.769855,8.002483,-200.00003,0.4151922,67.99999
-18.769855,8.002483,-200.00003,0.30203587,67.99999
-19.769855,8.002483,-200.00003,0.37432396,75.99999
-20.769855,8.002483,-200.00003,0.62169737,79.99999
-21.769855,8.002483,-200.00003,0.7381171,91.99999
-22.769855,8.002483,-200.00003,0.64516175,87.99999
-23.769855,8.002483,-200.00003,0,71.99999
-24.769855,8.002483,-200.00003,0,3.999999
-25.769855,8.002483,-200.00003,0,0
-26.769855,8.002483,-200.00003,0,0
-27.769855,8.002483,-200.00003,0,0
-28.769855,8.002483,-200.00003,0,0
-29.769855,8.002483,-200.00003,0,0
-30.769855,8.002483,-200.00003,0,0
-31.769855,8.002483,-200.00003,0,0
-32.769855,8.002483,-200.00003,0,0
-33.769855,8.002483,-200.00003,0,0
-34.769855,8.002483,-200.00003,0,0
-35.769855,8.002483,-200.00003,0,0
-36.769855,8.002483,-200.00003,0,0
-37.769855,8.002483,-200.00003,0,0
-38.769855,8.002483,-200.00003,0,0
-39.769855,8.002483,-200.00003,0,0
-40.769855,8.002483,-200.00003,0,0
-41.769855,8.002483,-200.00003,0,0
-42.769855,8.002483,-200.00003,0,0
-43.769855,8.002483,-200.00003,0,0
-44.769855,8.002483,-200.00003,0,0
-45.769855,8.002483,-200.00003,0,0
-46.769855,8.002483,-200.00003,0,0
-47.769855,8.002483,-200.00003,0,0
-48.769855,8.002483,-200.00003,0,0
-49.769855,8.002483,-200.00003,0,0
49.230145,7.0024834,-200.00003,0,0
48.230145,7.0024834,-200.00003,0,0
47.230145,7.0024834,-200.00003,0,0
46.230145,7.0024834,-200.00003,0,0
45.230145,7.0024834,-200.00003,0,0
44.230145,7.0024834,-200.00003,0,0
43.230145,7.0024834,-200.00003,0,0
42.230145,7.0024834,-200.00003,0,0
41.230145,7.0024834,-200.00003,0,0
40.230145,7.0024834,-200.00003,0,0
39.230145,7.0024834,-200.00003,0,0
38.230145,7.0024834,-200.00003,0,0
37.230145,7.0024834,-200.00003,0,0
36.230145,7.0024834,-200.00003,0,0
35.230145,7.0024834,-200.00003,0,0
34.230145,7.0024834,-200.00003,0,0
33.230145,7.0024834,-200.00003,0,0
32.230145,7.0024834,-200.00003,0,0
31.230145,7.0024834,-200.00003,0,0
30.230145,7.0024834,-200.00003,0,0
29.230145,7.0024834,-200.00003,0,0
28.230145,7.0024834,-200.00003,0,0
27.230145,7.0024834,-200.00003,0,0
26.230145,7.0024834,-200.00003,0,0
25.230145,7.0024834,-200.00003,0,0
24.230145,7.0024834,-200.00003,0,0
23.230145,7.0024834,-200.00003,0,0
22.230145,7.0024834,-200.00003,0,7.999998
21.230145,7.0024834,-200.00003,0.35467178,47.999996
20.230145,7.0024834,-200.00003,0.4046527,79.99999
19.230145,7.0024834,-200.00003,0.4000289,55.999996
18.230145,7.0024834,-200.00003,0.4392222,43.999996
17.230145,7.0024834,-200.00003,0.52352357,47.999996
16.230145,7.0024834,-200.00003,0.546156,75.99999
15.2301445,7.0024834,-200.00003,0.5100765,55.999996
14.2301445,7.0024834,-200.00003,0.5452888,43.999996
13.2301445,7.0024834,-200.00003,0.5936068,55.999996
12.2301445,7.0024834,-200.00003,0.52643764,55.999996
11.2301445,7.0024834,-200.00003,0.40797764,47.999996
10.2301445,7.0024834,-200.00003,0.31059355,63.999996
9.2301445,7.0024834,-200.00003,0.30821693,47.999996
8.2301445,7.0024834,-200.00003,0.37636787,59.999996
7.2301445,7.0024834,-200.00003,0.37122032,51.999996
6.2301445,7.0024834,-200.00003,0.358917,55.999996
5.2301445,7.0024834,-200.00003,0.43989024,55.999996
4.2301445,7.0024834,-200.00003,0.4982881,95.99999
3.2301445,7.0024834,-200.00003,0.48012984,59.999996
2.2301445,7.0024834,-200.00003,0.45236328,75.99999
1.2301445,7.0024834,-200.00003,0.50199693,79.99999
0.2301445,7.0024834,-200.00003,0.5893188,107.99999
-0.7698555,7.0024834,-200.00003,0.6580296,71.99999
-1.7698555,7.0024834,-200.00003,0.6201869,107.99999
-2.7698555,7.0024834,-200.00003,0.50783503,51.999996
-3.7698555,7.0024834,-200.00003,0.4480536,55.999996
-4.7698555,7.0024834,-200.00003,0.44913444,119.99999
-5.7698555,7.0024834,-200.00003,0.34611666,127.99999
-6.7698555,7.0024834,-200.00003,0.19864625,87.99999
-7.7698555,7.0024834,-200.00003,0.19538435,95.99999
-8.7698555,7.0024834,-200.00003,0.3980491,83.99999
-9.7698555,7.0024834,-200.00003,0.5440451,119.99999
-10.7698555,7.0024834,-200.00003,0.5136036,83.99999
-11.7698555,7.0024834,-200.00003,0.38738233,111.99999
-12.7698555,7.0024834,-200.00003,0.29679418,99.99999
-13.7698555,7.0024834,-200.00003,0.27836883,75.99999
-14.7698555,7.0024834,-200.00003,0.31353396,63.999996
-15.7698555,7.0024834,-200.00003,0.33371338,79.99999
-16.769855,7.0024834,-200.00003,0.34103346,55.999996
-17.769855,7.0024834,-200.00003,0.31364635,39.999996
-18.769855,7.0024834,-200.00003,0.3046459,83.99999
-19.769855,7.0024834,-200.00003,0.37236825,71.99999
-20.769855,7.0024834,-200.00003,0.5151976,51.999996
-21.769855,7.0024834,-200.00003,0.5948957,75.99999
-22.769855,7.0024834,-200.00003,0.59108144,67.99999
-23.769855,7.0024834,-200.00003,0.48436219,75.99999
-24.769855,7.0024834,-200.00003,0,11.999997
-25.769855,7.0024834,-200.00003,0,0
-26.769855,7.0024834,-200.00003,0,0
-27.769855,7.0024834,-200.00003,0,0
-28.769855,7.0024834,-200.00003,0,0
-29.769855,7.0024834,-200.00003,0,0
-30.769855,7.0024834,-200.00003,0,0
-31.769855,7.0024834,-200.00003,0,0
-32.769855,7.0024834,-200.00003,0,0
-33.769855,7.0024834,-200.00003,0,0
-34.769855,7.0024834,-200.00003,0,0
-35.769855,7.0024834,-200.00003,0,0
-36.769855,7.0024834,-200.00003,0,0
-37.769855,7.0024834,-200.00003,0,0
-38.769855,7.0024834,-200.00003,0,0
-39.769855,7.0024834,-200.00003,0,0
-40.769855,7.0024834,-200.00003,0,0
-41.769855,7.0024834,-200.00003,0,0
-42.769855,7.0024834,-200.00003,0,0
-43.769855,7.0024834,-200.00003,0,0
-44.769855,7.0024834,-200.00003,0,0
-45.769855,7.0024834,-200.00003,0,0
-46.769855,7.0024834,-200.00003,0,0
-47.769855,7.0024834,-200.00003,0,0
-48.769855,7.0024834,-200.00003,0,0
-49.769855,7.0024834,-200.00003,0,0
49.230145,6.0024834,-200.00003,0,0
48.230145,6.0024834,-200.00003,0,0
47.230145,6.0024834,-200.00003,0,0
46.230145,6.0024834,-200.00003,0,0
45.230145,6.0024834,-200.00003,0,0
44.230145,6.0024834,-200.00003,0,0
43.230145,6.0024834,-200.00003,0,0
42.230145,6.0024834,-200.00003,0,0
41.230145,6.0024834,-200.00003,0,0
40.230145,6.0024834,-200.00003,0,0
39.230145,6.0024834,-200.00003,0,0
38.230145,6.0024834,-200.00003,0,0
37.230145,6.0024834,-200.00003,0,0
36.230145,6.0024834,-200.00003,0,0
35.230145,6.0024834,-200.00003,0,0
34.230145,6.0024834,-200.00003,0,0
33.230145,6.0024834,-200.00003,0,0
32.230145,6.0024834,-200.00003,0,0
31.230145,6.0024834,-200.00003,0,0
30.230145,6.0024834,-200.00003,0,0
29.230145,6.0024834,-200.00003,0,0
28.230145,6.0024834,-200.00003,0,0
27.230145,6.0024834,-200.00003,0,0
26.230145,6.0024834,-200.00003,0,0
25.230145,6.0024834,-200.00003,0,0
24.230145,6.0024834,-200.00003,0,0
23.230145,6.0024834,-200.00003,0,0
22.230145,6.0024834,-200.00003,0,31.999996
21.230145,6.0024834,-200.00003,0.28070468,59.999996
20.230145,6.0024834,-200.00003,0.25949144,67.99999
19.230145,6.0024834,-200.00003,0.28454465,75.99999
18.230145,6.0024834,-200.00003,0.3126641,71.99999
17.230145,6.0024834,-200.00003,0.41402638,55.999996
16.230145,6.0024834,-200.00003,0.49315178,75.99999
15.2301445,6.0024834,-200.00003,0.47313195,67.99999
14.2301445,6.0024834,-200.00003,0.48799166,79.99999
13.2301445,6.0024834,-200.00003,0.5012597,71.99999
12.2301445,6.0024834,-200.00003,0.4634261,43.999996
11.2301445,6.0024834,-200.00003,0.40593547,59.999996
10.2301445,6.0024834,-200.00003,0.3504085,47.999996
9.2301445,6.0024834,-200.00003,0.26665246,67.99999
8.2301445,6.0024834,-200.00003,0.2502394,47.999996
7.2301445,6.0024834,-200.00003,0.31748405,67.99999
6.2301445,6.0024834,-200.00003,0.40770942,67.99999
5.2301445,6.0024834,-200.00003,0.47701856,63.999996
4.2301445,6.0024834,-200.00003,0.46272966,95.99999
3.2301445,6.0024834,-200.00003,0.39758483,55.999996
2.2301445,6.0024834,-200.00003,0.43628716,91.99999
1.2301445,6.0024834,-200.00003,0.53771996,79.99999
0.2301445,6.0024834,-200.00003,0.60082173,59.999996
-0.7698555,6.0024834,-200.00003,0.6231637,87.99999
-1.7698555,6.0024834,-200.00003,0.569084,107.99999
-2.7698555,6.0024834,-200.00003,0.5030303,71.99999
-3.7698555,6.0024834,-200.00003,0.4516202,99.99999
-4.7698555,6.0024834,-200.00003,0.44068485,51.999996
-5.7698555,6.0024834,-200.00003,0.42466664,103.99999
-6.7698555,6.0024834,-200.00003,0.34435564,87.99999
-7.7698555,6.0024834,-200.00003,0.31487978,83.99999
-8.7698555,6.0024834,-200.00003,0.46052536,83.99999
-9.7698555,6.0024834,-200.00003,0.58056533,123.99999
-10.7698555,6.0024834,-200.00003,0.53968096,79.99999
-11.7698555,6.0024834,-200.00003,0.4041684,79.99999
-12.7698555,6.0024834,-200.00003,0.32300633,47.999996
-13.7698555,6.0024834,-200.00003,0.34098,67.99999
-14.7698555,6.0024834,-200.00003,0.3047453,67.99999
-15.7698555,6.0024834,-200.00003,0.20757923,43.999996
-16.769855,6.0024834,-200.00003,0.22031699,27.999996
-17.769855,6.0024834,-200.00003,0.2692164,79.99999
-18.769855,6.0024834,-200.00003,0.26879975,47.999996
-19.769855,6.0024834,-200.00003,0.3497974,99.99999
-20.769855,6.0024834,-200.00003,0.45140418,83.99999
-21.769855,6.0024834,-200.00003,0.49802983,59.999996
-22.769855,6.0024834,-200.00003,0.5055092,91.99999
-23.769855,6.0024834,-200.00003,0.44682738,87.99999
-24.769855,6.0024834,-200.00003,0,27.999996
-25.769855,6.0024834,-200.00003,0,0
-26.769855,6.0024834,-200.00003,0,0
-27.769855,6.0024834,-200.00003,0,0
-28.769855,6.0024834,-200.00003,0,0
-29.769855,6.0024834,-200.00003,0,0
-30.769855,6.0024834,-200.00003,0,0
-31.769855,6.0024834,-200.00003,0,0
-32.769855,6.0024834,-200.00003,0,0
-33.769855,6.0024834,-200.00003,0,0
-34.769855,6.0024834,-200.00003,0,0
-35.769855,6.0024834,-200.00003,0,0
-36.769855,6.0024834,-200.00003,0,0
-37.769855,6.0024834,-200.00003,0,0
-38.769855,6.0024834,-200.00003,0,0
-39.769855,6.0024834,-200.00003,0,0
-40.769855,6.0024834,-200.00003,0,0
-41.769855,6.0024834,-200.00003,0,0
-42.769855,6.0024834,-200.00003,0,0
-43.769855,6.0024834,-200.00003,0,0
-44.769855,6.0024834,-200.00003,0,0
-45.769855,6.0024834,-200.00003,0,0
-46.769855,6.0024834,-200.00003,0,0
-47.769855,6.0024834,-200.00003,0,0
-48.769855,6.0024834,-200.00003,0,0
-49.769855,6.0024834,-200.00003,0,0
49.230145,5.0024834,-200.00003,0,0
48.230145,5.0024834,-200.00003,0,0
47.230145,5.0024834,-200.00003,0,0
46.230145,5.0024834,-200.00003,0,0
45.230145,5.0024834,-200.00003,0,0
44.230145,5.0024834,-200.00003,0,0
43.230145,5.0024834,-200.00003,0,0
42.230145,5.0024834,-200.00003,0,0
41.230145,5.0024834,-200.00003,0,0
40.230145,5.0024834,-200.00003,0,0
39.230145,5.0024834,-200.00003,0,0
38.230145,5.0024834,-200.00003,0,0
37.230145,5.0024834,-200.00003,0,0
36.230145,5.0024834,-200.00003,0,0
35.230145,5.0024834,-200.00003,0,0
34.230145,5.0024834,-200.00003,0,0
33.230145,5.0024834,-200.00003,0,0
32.230145,5.0024834,-200.00003,0,0
31.230145,5.0024834,-200.00003,0,0
30.230145,5.0024834,-200.00003,0,0
29.230145,5.0024834,-200.00003,0,0
28.230145,5.0024834,-200.00003,0,0
27.230145,5.0024834,-200.00003,0,0
26.230145,5.0024834,-200.00003,0,0
25.230145,5.0024834,-200.00003,0,0
24.230145,5.0024834,-200.00003,0,0
23.230145,5.0024834,-200.00003,0,0
22.230145,5.0024834,-200.00003,0,47.999996
21.230145,5.0024834,-200.00003,0.36112958,59.999996
20.230145,5.0024834,-200.00003,0.2744545,63.999996
19.230145,5.0024834,-200.00003,0.28253615,79.99999
18.230145,5.0024834,-200.00003,0.3128117,55.999996
17.230145,5.0024834,-200.00003,0.40689677,67.99999
16.230145,5.0024834,-200.00003,0.44152737,63.999996
15.2301445,5.0024834,-200.00003,0.38581803,35.999996
14.2301445,5.0024834,-200.00003,0.37182277,71.99999
13.2301445,5.0024834,-200.00003,0.35455665,63.999996
12.2301445,5.0024834,-200.00003,0.3022995,63.999996
11.2301445,5.0024834,-200.00003,0.3039593,75.99999
10.2301445,5.0024834,-200.00003,0.3308695,67.99999
9.2301445,5.0024834,-200.00003,0.31366363,87.99999
8.2301445,5.0024834,-200.00003,0.26635647,47.999996
7.2301445,5.0024834,-200.00003,0.31704065,79.99999
6.2301445,5.0024834,-200.00003,0.4541111,63.999996
5.2301445,5.0024834,-200.00003,0.54075205,75.99999
4.2301445,5.0024834,-200.00003,0.4866799,63.999996
3.2301445,5.0024834,-200.00003,0.42842865,39.999996
2.2301445,5.0024834,-200.00003,0.45243293,63.999996
1.2301445,5.0024834,-200.00003,0.5176462,63.999996
0.2301445,5.0024834,-200.00003,0.57713586,63.999996
-0.7698555,5.0024834,-200.00003,0.5792527,83.99999
-1.7698555,5.0024834,-200.00003,0.5286132,95.99999
-2.7698555,5.0024834,-200.00003,0.51431596,71.99999
-3.7698555,5.0024834,-200.00003,0.5069041,147.99998
-4.7698555,5.0024834,-200.00003,0.46890998,91.99999
-5.7698555,5.0024834,-200.00003,0.43359327,91.99999
-6.7698555,5.0024834,-200.00003,0.4448143,55.999996
-7.7698555,5.0024834,-200.00003,0.46096689,87.99999
-8.7698555,5.0024834,-200.00003,0.52699566,71.99999
-9.7698555,5.0024834,-200.00003,0.55621696,99.99999
-10.7698555,5.0024834,-200.00003,0.49611342,87.99999
-11.7698555,5.0024834,-200.00003,0.41888636,99.99999
-12.7698555,5.0024834,-200.00003,0.41044486,75.99999
-13.7698555,5.0024834,-200.00003,0.40295616,43.999996
-14.7698555,5.0024834,-200.00003,0.26037124,59.999996
-15.7698555,5.0024834,-200.00003,0.10746268,23.999996
-16.769855,5.0024834,-200.00003,0.18097323,51.999996
-17.769855,5.0024834,-200.00003,0.26392114,75.99999
-18.769855,5.0024834,-200.00003,0.26497105,79.99999
-19.769855,5.0024834,-200.00003,0.3085857,87.99999
-20.769855,5.0024834,-200.00003,0.4009503,103.99999
-21.769855,5.0024834,-200.00003,0.42364514,87.99999
-22.769855,5.0024834,-200.00003,0.43342316,71.99999
-23.769855,5.0024834,-200.00003,0.39443243,75.99999
-24.769855,5.0024834,-200.00003,0,55.999996
-25.769855,5.0024834,-200.00003,0,0
-26.769855,5.0024834,-200.00003,0,0
-27.769855,5.0024834,-200.00003,0,0
-28.769855,5.0024834,-200.00003,0,0
-29.769855,5.0024834,-200.00003,0,0
-30.769855,5.0024834,-200.00003,0,0
-31.769855,5.0024834,-200.00003,0,0
-32.769855,5.0024834,-200.00003,0,0
-33.769855,5.0024834,-200.00003,0,0
-34.769855,5.0024834,-200.00003,0,0
-35.769855,5.0024834,-200.00003,0,0
-36.769855,5.0024834,-200.00003,0,0
-37.769855,5.0024834,-200.00003,0,0
-38.769855,5.0024834,-200.00003,0,0
-39.769855,5.0024834,-200.00003,0,0
-40.769855,5.0024834,-200.00003,0,0
-41.769855,5.0024834,-200.00003,0,0
-42.769855,5.0024834,-200.00003,0,0
-43.769855,5.0024834,-200.00003,0,0
-44.769855,5.0024834,-200.00003,0,0
-45.769855,5.0024834,-200.00003,0,0
-46.769855,5.0024834,-200.00003,0,0
-47.769855,5.0024834,-200.00003,0,0
-48.769855,5.0024834,-200.00003,0,0
-49.769855,5.0024834,-200.00003,0,0
49.230145,4.0024834,-200.00003,0,0
48.230145,4.0024834,-200.00003,0,0
47.230145,4.0024834,-200.00003,0,0
46.230145,4.0024834,-200.00003,0,0
45.230145,4.0024834,-200.00003,0,0
44.230145,4.0024834,-200.00003,0,0
43.230145,4.0024834,-200.00003,0,0
42.230145,4.0024834,-200.00003,0,0
41.230145,4.0024834,-200.00003,0,0
40.230145,4.0024834,-200.00003,0,0
39.230145,4.0024834,-200.00003,0,0
38.230145,4.0024834,-200.00003,0,0
37.230145,4.0024834,-200.00003,0,0
36.230145,4.0024834,-200.00003,0,0
35.230145,4.0024834,-200.00003,0,0
34.230145,4.0024834,-200.00003,0,0
33.230145,4.0024834,-200.00003,0,0
32.230145,4.0024834,-200.00003,0,0
31.230145,4.0024834,-200.00003,0,0
30.230145,4.0024834,-200.00003,0,0
29.230145,4.0024834,-200.00003,0,0
28.230145,4.0024834,-200.00003,0,0
27.230145,4.0024834,-200.00003,0,0
26.230145,4.0024834,-200.00003,0,0
25.230145,4.0024834,-200.00003,0,0
24.230145,4.0024834,-200.00003,0,0
23.230145,4.0024834,-200.00003,0,7.999998
22.230145,4.0024834,-200.00003,0,95.99999
21.230145,4.0024834,-200.00003,0.47064897,75.99999
20.230145,4.0024834,-200.00003,0.41206086,63.999996
19.230145,4.0024834,-200.00003,0.41006115,71.99999
18.230145,4.0024834,-200.00003,0.41141546,63.999996
17.230145,4.0024834,-200.00003,0.44886658,67.99999
16.230145,4.0024834,-200.00003,0.41190466,51.999996
15.2301445,4.0024834,-200.00003,0.29173934,35.999996
14.2301445,4.0024834,-200.00003,0.25988573,59.999996
13.2301445,4.0024834,-200.00003,0.25991112,75.99999
12.2301445,4.0024834,-200.00003,0.23004898,59.999996
11.2301445,4.0024834,-200.00003,0.29594624,39.999996
10.2301445,4.0024834,-200.00003,0.4395584,59.999996
9.2301445,4.0024834,-200.00003,0.45278612,55.999996
8.2301445,4.0024834,-200.00003,0.39372274,51.999996
7.2301445,4.0024834,-200.00003,0.39949396,59.999996
6.2301445,4.0024834,-200.00003,0.49890798,63.999996
5.2301445,4.0024834,-200.00003,0.6030102,95.99999
4.2301445,4.0024834,-200.00003,0.617311,87.99999
3.2301445,4.0024834,-200.00003,0.57139385,99.99999
2.2301445,4.0024834,-200.00003,0.49968624,83.99999
1.2301445,4.0024834,-200.00003,0.41881493,67.99999
0.2301445,4.0024834,-200.00003,0.42656133,87.99999
-0.7698555,4.0024834,-200.00003,0.4893803,91.99999
-1.7698555,4.0024834,-200.00003,0.48964232,71.99999
-2.7698555,4.0024834,-200.00003,0.47823232,95.99999
-3.7698555,4.0024834,-200.00003,0.46871838,95.99999
-4.7698555,4.0024834,-200.00003,0.42354146,83.99999
-5.7698555,4.0024834,-200.00003,0.41406488,75.99999
-6.7698555,4.0024834,-200.00003,0.45315576,59.999996
-7.7698555,4.0024834,-200.00003,0.5258671,79.99999
-8.7698555,4.0024834,-200.00003,0.54625493,91.99999
-9.7698555,4.0024834,-200.00003,0.48128963,59.999996
-10.7698555,4.0024834,-200.00003,0.4187525,63.999996
-11.7698555,4.0024834,-200.00003,0.4190617,59.999996
-12.7698555,4.0024834,-200.00003,0.47924024,83.99999
-13.7698555,4.0024834,-200.00003,0.4612268,71.99999
-14.7698555,4.0024834,-200.00003,0.29854336,59.999996
-15.7698555,4.0024834,-200.00003,0.1854949,67.99999
-16.769855,4.0024834,-200.00003,0.21756881,51.999996
-17.769855,4.0024834,-200.00003,0.27324197,63.999996
-18.769855,4.0024834,-200.00003,0.30340248,71.99999
-19.769855,4.0024834,-200.00003,0.33591622,95.99999
-20.769855,4.0024834,-200.00003,0.34812447,67.99999
-21.769855,4.0024834,-200.00003,0.36423668,63.999996
-22.769855,4.0024834,-200.00003,0.37762663,79.99999
-23.769855,4.0024834,-200.00003,0.3236504,67.99999
-24.769855,4.0024834,-200.00003,0,47.999996
-25.769855,4.0024834,-200.00003,0,3.999999
-26.769855,4.0024834,-200.00003,0,0
-27.769855,4.0024834,-200.00003,0,0
-28.769855,4.0024834,-200.00003,0,0
-29.769855,4.0024834,-200.00003,0,0
-30.769855,4.0024834,-200.00003,0,0
-31.769855,4.0024834,-200.00003,0,0
-32.769855,4.0024834,-200.00003,0,0
-33.769855,4.0024834,-200.00003,0,0
-34.769855,4.0024834,-200.00003,0,0
-35.769855,4.0024834,-200.00003,0,0
-36.769855,4.0024834,-200.00003,0,0
-37.769855,4.0024834,-200.00003,0,0
-38.769855,4.0024834,-200.00003,0,0
-39.769855,4.0024834,-200.00003,0,0
-40.769855,4.0024834,-200.00003,0,0
-41.769855,4.0024834,-200.00003,0,0
-42.769855,4.0024834,-200.00003,0,0
-43.769855,4.0024834,-200.00003,0,0
-44.769855,4.0024834,-200.00003,0,0
-45.769855,4.0024834,-200.00003,0,0
-46.769855,4.0024834,-200.00003,0,0
-47.769855,4.0024834,-200.00003,0,0
-48.769855,4.0024834,-200.00003,0,0
-49.769855,4.0024834,-200.00003,0,0
49.230145,3.0024834,-200.00003,0,0
48.230145,3.0024834,-200.00003,0,0
47.230145,3.0024834,-200.00003,0,0
46.230145,3.0024834,-200.00003,0,0
45.230145,3.0024834,-200.00003,0,0
44.230145,3.0024834,-200.00003,0,0
43.230145,3.0024834,-200.00003,0,0
42.230145,3.0024834,-200.00003,0,0
41.230145,3.0024834,-200.00003,0,0
40.230145,3.0024834,-200.00003,0,0
39.230145,3.0024834,-200.00003,0,0
38.230145,3.0024834,-200.00003,0,0
37.230145,3.0024834,-200.00003,0,0
36.230145,3.0024834,-200.00003,0,0
35.230145,3.0024834,-200.00003,0,0
34.230145,3.0024834,-200.00003,0,0
33.230145,3.0024834,-200.00003,0,0
32.230145,3.0024834,-200.00003,0,0
31.230145,3.0024834,-200.00003,0,0
30.230145,3.0024834,-200.00003,0,0
29.230145,3.0024834,-200.00003,0,0
28.230145,3.0024834,-200.00003,0,0
27.230145,3.0024834,-200.00003,0,0
26.230145,3.0024834,-200.00003,0,0
25.230145,3.0024834,-200.00003,0,0
24.230145,3.0024834,-200.00003,0,0
23.230145,3.0024834,-200.00003,0,27.999996
22.230145,3.0024834,-200.00003,Infinity,67.99999
21.230145,3.0024834,-200.00003,0.45904493,55.999996
20.230145,3.0024834,-200.00003,0.49199486,51.999996
19.230145,3.0024834,-200.00003,0.55519515,67.99999
18.230145,3.0024834,-200.00003,0.570117,71.99999
17.230145,3.0024834,-200.00003,0.52775335,59.999996
16.230145,3.0024834,-200.00003,0.46830973,71.99999
15.2301445,3.0024834,-200.00003,0.36147928,55.999996
14.2301445,3.0024834,-200.00003,0.3063955,55.999996
13.2301445,3.0024834,-200.00003,0.28987226,87.99999
12.2301445,3.0024834,-200.00003,0.26450324,51.999996
11.2301445,3.0024834,-200.00003,0.4096524,67.99999
10.2301445,3.0024834,-200.00003,0.5987471,79.99999
9.2301445,3.0024834,-200.00003,0.5642911,95.99999
8.2301445,3.0024834,-200.00003,0.45785713,75.99999
7.2301445,3.0024834,-200.00003,0.42914847,51.999996
6.2301445,3.0024834,-200.00003,0.4837598,55.999996
5.2301445,3.0024834,-200.00003,0.5779748,71.99999
4.2301445,3.0024834,-200.00003,0.6182228,87.99999
3.2301445,3.0024834,-200.00003,0.5971384,99.99999
2.2301445,3.0024834,-200.00003,0.4918691,67.99999
1.2301445,3.0024834,-200.00003,0.34193575,95.99999
0.2301445,3.0024834,-200.00003,0.3535353,75.99999
-0.7698555,3.0024834,-200.00003,0.46709722,87.99999
-1.7698555,3.0024834,-200.00003,0.47332403,71.99999
-2.7698555,3.0024834,-200.00003,0.41558293,47.999996
-3.7698555,3.0024834,-200.00003,0.33274472,83.99999
-4.7698555,3.0024834,-200.00003,0.26252678,59.999996
-5.7698555,3.0024834,-200.00003,0.26866305,67.99999
-6.7698555,3.0024834,-200.00003,0.3331102,75.99999
-7.7698555,3.0024834,-200.00003,0.40058893,99.99999
-8.7698555,3.0024834,-200.00003,0.45216176,79.99999
-9.7698555,3.0024834,-200.00003,0.4112664,63.999996
-10.7698555,3.0024834,-200.00003,0.35796678,71.99999
-11.7698555,3.0024834,-200.00003,0.37172204,47.999996
-12.7698555,3.0024834,-200.00003,0.402928,67.99999
-13.7698555,3.0024834,-200.00003,0.39557898,87.99999
-14.7698555,3.0024834,-200.00003,0.2902816,75.99999
-15.7698555,3.0024834,-200.00003,0.20050125,47.999996
-16.769855,3.0024834,-200.00003,0.22908975,107.99999
-17.769855,3.0024834,-200.00003,0.26756176,63.999996
-18.769855,3.0024834,-200.00003,0.34166425,55.999996
-19.769855,3.0024834,-200.00003,0.38369274,79.99999
-20.769855,3.0024834,-200.00003,0.34568155,51.999996
-21.769855,3.0024834,-200.00003,0.329633,83.99999
-22.769855,3.0024834,-200.00003,0.3169233,79.99999
-23.769855,3.0024834,-200.00003,0.28538677,79.99999
-24.769855,3.0024834,-200.00003,Infinity,55.999996
-25.769855,3.0024834,-200.00003,0,3.999999
-26.769855,3.0024834,-200.00003,0,0
-27.769855,3.0024834,-200.00003,0,0
-28.769855,3.0024834,-200.00003,0,0
-29.769855,3.0024834,-200.00003,0,0
-30.769855,3.0024834,-200.00003,0,0
-31.769855,3.0024834,-200.00003,0,0
-32.769855,3.0024834,-200.00003,0,0
-33.769855,3.0024834,-200.00003,0,0
-34.769855,3.0024834,-200.00003,0,0
-35.769855,3.0024834,-200.00003,0,0
-36.769855,3.0024834,-200.00003,0,0
-37.769855,3.0024834,-200.00003,0,0
-38.769855,3.0024834,-200.00003,0,0
-39.769855,3.0024834,-200.00003,0,0
-40.769855,3.0024834,-200.00003,0,0
-41.769855,3.0024834,-200.00003,0,0
-42.769855,3.0024834,-200.00003,0,0
-43.769855,3.0024834,-200.00003,0,0
-44.769855,3.0024834,-200.00003,0,0
-45.769855,3.0024834,-200.00003,0,0
-46.769855,3.0024834,-200.00003,0,0
-47.769855,3.0024834,-200.00003,0,0
-48.769855,3.0024834,-200.00003,0,0
-49.769855,3.0024834,-200.00003,0,0
49.230145,2.0024834,-200.00003,0,0
48.230145,2.0024834,-200.00003,0,0
47.230145,2.0024834,-200.00003,0,0
46.230145,2.0024834,-200.00003,0,0
45.230145,2.0024834,-200.00003,0,0
44.230145,2.0024834,-200.00003,0,0
43.230145,2.0024834,-200.00003,0,0
42.230145,2.0024834,-200.00003,0,0
41.230145,2.0024834,-200.00003,0,0
40.230145,2.0024834,-200.00003,0,0
39.230145,2.0024834,-200.00003,0,0
38.230145,2.0024834,-200.00003,0,0
37.230145,2.0024834,-200.00003,0,0
36.230145,2.0024834,-200.00003,0,0
35.230145,2.0024834,-200.00003,0,0
34.230145,2.0024834,-200.00003,0,0
33.230145,2.0024834,-200.00003,0,0
32.230145,2.0024834,-200.00003,0,0
31.230145,2.0024834,-200.00003,0,0
30.230145,2.0024834,-200.00003,0,0
29.230145,2.0024834,-200.00003,0,0
28.230145,2.0024834,-200.00003,0,0
27.230145,2.0024834,-200.00003,0,0
26.230145,2.0024834,-200.00003,0,0
25.230145,2.0024834,-200.00003,0,0
24.230145,2.0024834,-200.00003,0,0
23.230145,2.0024834,-200.00003,0,23.999996
22.230145,2.0024834,-200.00003,Infinity,99.99999
21.230145,2.0024834,-200.00003,0.37048826,87.99999
20.230145,2.0024834,-200.00003,0.4669621,51.999996
19.230145,2.0024834,-200.00003,0.60985893,83.99999
18.230145,2.0024834,-200.00003,0.6588156,83.99999
17.230145,2.0024834,-200.00003,0.6342951,59.999996
16.230145,2.0024834,-200.00003,0.5863063,95.99999
15.2301445,2.0024834,-200.00003,0.5086361,71.99999
14.2301445,2.0024834,-200.00003,0.43578598,75.99999
13.2301445,2.0024834,-200.00003,0.35998762,63.999996
12.2301445,2.0024834,-200.00003,0.3342477,47.999996
11.2301445,2.0024834,-200.00003,0.48345053,75.99999
10.2301445,2.0024834,-200.00003,0.66678226,63.999996
9.2301445,2.0024834,-200.00003,0.5539832,67.99999
8.2301445,2.0024834,-200.00003,0.361123,51.999996
7.2301445,2.0024834,-200.00003,0.2999052,63.999996
6.2301445,2.0024834,-200.00003,0.37864754,79.99999
5.2301445,2.0024834,-200.00003,0.49800873,75.99999
4.2301445,2.0024834,-200.00003,0.5224482,75.99999
3.2301445,2.0024834,-200.00003,0.45660612,119.99999
2.2301445,2.0024834,-200.00003,0.34119827,87.99999
1.2301445,2.0024834,-200.00003,0.28289568,51.999996
0.2301445,2.0024834,-200.00003,0.39256433,87.99999
-0.7698555,2.0024834,-200.00003,0.48968002,75.99999
-1.7698555,2.0024834,-200.00003,0.45256758,111.99999
-2.7698555,2.0024834,-200.00003,0.3454007,87.99999
-3.7698555,2.0024834,-200.00003,0.231109,95.99999
-4.7698555,2.0024834,-200.00003,0.120643094,55.999996
-5.7698555,2.0024834,-200.00003,0.1117841,59.999996
-6.7698555,2.0024834,-200.00003,0.15352,71.99999
-7.7698555,2.0024834,-200.00003,0.17757441,39.999996
-8.7698555,2.0024834,-200.00003,0.23480366,87.99999
-9.7698555,2.0024834,-200.00003,0.27003178,59.999996
-10.7698555,2.0024834,-200.00003,0.26737085,51.999996
-11.7698555,2.0024834,-200.00003,0.3164522,43.999996
-12.7698555,2.0024834,-200.00003,0.35204417,67.99999
-13.7698555,2.0024834,-200.00003,0.3188902,43.999996
-14.7698555,2.0024834,-200.00003,0.24580728,27.999996
-15.7698555,2.0024834,-200.00003,0.1806609,43.999996
-16.769855,2.0024834,-200.00003,0.15519413,47.999996
-17.769855,2.0024834,-200.00003,0.24287173,59.999996
-18.769855,2.0024834,-200.00003,0.3571473,63.999996
-19.769855,2.0024834,-200.00003,0.40886325,51.999996
-20.769855,2.0024834,-200.00003,0.39144665,75.99999
-21.769855,2.0024834,-200.00003,0.31043255,51.999996
-22.769855,2.0024834,-200.00003,0.2537876,71.99999
-23.769855,2.0024834,-200.00003,0.24710344,67.99999
-24.769855,2.0024834,-200.00003,0.29510525,31.999996
-25.769855,2.0024834,-200.00003,0,35.999996
-26.769855,2.0024834,-200.00003,0,0
-27.769855,2.0024834,-200.00003,0,0
-28.769855,2.0024834,-200.00003,0,0
-29.769855,2.0024834,-200.00003,0,0
-30.769855,2.0024834,-200.00003,0,0
-31.769855,2.0024834,-200.00003,0,0
-32.769855,2.0024834,-200.00003,0,0
-33.769855,2.0024834,-200.00003,0,0
-34.769855,2.0024834,-200.00003,0,0
-35.769855,2.0024834,-200.00003,0,0
-36.769855,2.0024834,-200.00003,0,0
-37.769855,2.0024834,-200.00003,0,0
-38.769855,2.0024834,-200.00003,0,0
-39.769855,2.0024834,-200.00003,0,0
-40.769855,2.0024834,-200.00003,0,0
-41.769855,2.0024834,-200.00003,0,0
-42.769855,2.0024834,-200.00003,0,0
-43.769855,2.0024834,-200.00003,0,0
-44.769855,2.0024834,-200.00003,0,0
-45.769855,2.0024834,-200.00003,0,0
-46.769855,2.0024834,-200.00003,0,0
-47.769855,2.0024834,-200.00003,0,0
-48.769855,2.0024834,-200.00003,0,0
-49.769855,2.0024834,-200.00003,0,0
49.230145,1.0024834,-200.00003,0,0
48.230145,1.0024834,-200.00003,0,0
47.230145,1.0024834,-200.00003,0,0
46.230145,1.0024834,-200.00003,0,0
45.230145,1.0024834,-200.00003,0,0
44.230145,1.0024834,-200.00003,0,0
43.230145,1.0024834,-200.00003,0,0
42.230145,1.0024834,-200.00003,0,0
41.230145,1.0024834,-200.00003,0,0
40.230145,1.0024834,-200.00003,0,0
39.230145,1.0024834,-200.00003,0,0
38.230145,1.0024834,-200.00003,0,0
37.230145,1.0024834,-200.00003,0,0
36.230145,1.0024834,-200.00003,0,0
35.230145,1.0024834,-200.00003,0,0
34.230145,1.0024834,-200.00003,0,0
33.230145,1.0024834,-200.00003,0,0
32.230145,1.0024834,-200.00003,0,0
31.230145,1.0024834,-200.00003,0,0
30.230145,1.0024834,-200.00003,0,0
29.230145,1.0024834,-200.00003,0,0
28.230145,1.0024834,-200.00003,0,0
27.230145,1.0024834,-200.00003,0,0
26.230145,1.0024834,-200.00003,0,0
25.230145,1.0024834,-200.00003,0,0
24.230145,1.0024834,-200.00003,0,0
23.230145,1.0024834,-200.00003,0,31.999996
22.230145,1.0024834,-200.00003,0.19216289,43.999996
21.230145,1.0024834,-200.00003,0.26055208,83.99999
20.230145,1.0024834,-200.00003,0.3913483,91.99999
19.230145,1.0024834,-200.00003,0.5190779,71.99999
18.230145,1.0024834,-200.00003,0.6253839,71.99999
17.230145,1.0024834,-200.00003,0.6619788,75.99999
16.230145,1.0024834,-200.00003,0.6328851,83.99999
15.2301445,1.0024834,-200.00003,0.5735527,75.99999
14.2301445,1.0024834,-200.00003,0.53328544,59.999996
13.2301445,1.0024834,-200.00003,0.4541159,75.99999
12.2301445,1.0024834,-200.00003,0.40906408,35.999996
11.2301445,1.0024834,-200.00003,0.53947085,59.999996
10.2301445,1.0024834,-200.00003,0.6637323,79.99999
9.2301445,1.0024834,-200.00003,0.54889095,55.999996
8.2301445,1.0024834,-200.00003,0.33237675,47.999996
7.2301445,1.0024834,-200.00003,0.26364663,39.999996
6.2301445,1.0024834,-200.00003,0.37592906,59.999996
5.2301445,1.0024834,-200.00003,0.47812474,107.99999
4.2301445,1.0024834,-200.00003,0.45379046,103.99999
3.2301445,1.0024834,-200.00003,0.3380654,51.999996
2.2301445,1.0024834,-200.00003,0.268454,51.999996
1.2301445,1.0024834,-200.00003,0.31067887,47.999996
0.2301445,1.0024834,-200.00003,0.46492982,79.99999
-0.7698555,1.0024834,-200.00003,0.5423384,79.99999
-1.7698555,1.0024834,-200.00003,0.45529693,91.99999
-2.7698555,1.0024834,-200.00003,0.3555547,39.999996
-3.7698555,1.0024834,-200.00003,0.2612082,59.999996
-4.7698555,1.0024834,-200.00003,0.16171366,67.99999
-5.7698555,1.0024834,-200.00003,0.07509237,79.99999
-6.7698555,1.0024834,-200.00003,0.031720955,71.99999
-7.7698555,1.0024834,-200.00003,0.019788526,47.999996
-8.7698555,1.0024834,-200.00003,0.08303138,43.999996
-9.7698555,1.0024834,-200.00003,0.10449478,43.999996
-10.7698555,1.0024834,-200.00003,0.114808336,39.999996
-11.7698555,1.0024834,-200.00003,0.24855804,87.99999
-12.7698555,1.0024834,-200.00003,0.36966807,55.999996
-13.7698555,1.0024834,-200.00003,0.35054106,47.999996
-14.7698555,1.0024834,-200.00003,0.33282977,47.999996
-15.7698555,1.0024834,-200.00003,0.2843048,47.999996
-16.769855,1.0024834,-200.00003,0.24342506,39.999996
-17.769855,1.0024834,-200.00003,0.2636872,39.999996
-18.769855,1.0024834,-200.00003,0.31760472,51.999996
-19.769855,1.0024834,-200.00003,0.35240555,95.99999
-20.769855,1.0024834,-200.00003,0.3230313,83.99999
-21.769855,1.0024834,-200.00003,0.22832,63.999996
-22.769855,1.0024834,-200.00003,0.16169691,39.999996
-23.769855,1.0024834,-200.00003,0.17642456,31.999996
-24.769855,1.0024834,-200.00003,0.28485936,43.999996
-25.769855,1.0024834,-200.00003,0,11.999997
-26.769855,1.0024834,-200.00003,0,0
-27.769855,1.0024834,-200.00003,0,0
-28.769855,1.0024834,-200.00003,0,0
-29.769855,1.0024834,-200.00003,0,0
-30.769855,1.0024834,-200.00003,0,0
-31.769855,1.0024834,-200.00003,0,0
-32.769855,1.0024834,-200.00003,0,0
-33.769855,1.0024834,-200.00003,0,0
-34.769855,1.0024834,-200.00003,0,0
-35.769855,1.0024834,-200.00003,0,0
-36.769855,1.0024834,-200.00003,0,0
-37.769855,1.0024834,-200.00003,0,0
-38.769855,1.0024834,-200.00003,0,0
-39.769855,1.0024834,-200.00003,0,0
-40.769855,1.0024834,-200.00003,0,0
-41.769855,1.0024834,-200.00003,0,0
-42.769855,1.0024834,-200.00003,0,0
-43.769855,1.0024834,-200.00003,0,0
-44.769855,1.0024834,-200.00003,0,0
-45.769855,1.0024834,-200.00003,0,0
-46.769855,1.0024834,-200.00003,0,0
-47.769855,1.0024834,-200.00003,0,0
-48.769855,1.0024834,-200.00003,0,0
-49.769855,1.0024834,-200.00003,0,0
49.230145,0.002483368,-200.00003,0,0
48.230145,0.002483368,-200.00003,0,0
47.230145,0.002483368,-200.00003,0,0
46.230145,0.002483368,-200.00003,0,0
45.230145,0.002483368,-200.00003,0,0
44.230145,0.002483368,-200.00003,0,0
43.230145,0.002483368,-200.00003,0,0
42.230145,0.002483368,-200.00003,0,0
41.230145,0.002483368,-200.00003,0,0
40.230145,0.002483368,-200.00003,0,0
39.230145,0.002483368,-200.00003,0,0
38.230145,0.002483368,-200.00003,0,0
37.230145,0.002483368,-200.00003,0,0
36.230145,0.002483368,-200.00003,0,0
35.230145,0.002483368,-200.00003,0,0
34.230145,0.002483368,-200.00003,0,0
33.230145,0.002483368,-200.00003,0,0
32.230145,0.002483368,-200.00003,0,0
31.230145,0.002483368,-200.00003,0,0
30.230145,0.002483368,-200.00003,0,0
29.230145,0.002483368,-200.00003,0,0
28.230145,0.002483368,-200.00003,0,0
27.230145,0.002483368,-200.00003,0,0
26.230145,0.002483368,-200.00003,0,0
25.230145,0.002483368,-200.00003,0,0
24.230145,0.002483368,-200.00003,0,0
23.230145,0.002483368,-200.00003,0,31.999996
22.230145,0.002483368,-200.00003,0.19203642,95.99999
21.230145,0.002483368,-200.00003,0.23534462,83.99999
20.230145,0.002483368,-200.00003,0.31902415,75.99999
19.230145,0.002483368,-200.00003,0.42572528,83.99999
18.230145,0.002483368,-200.00003,0.5265104,83.99999
17.230145,0.002483368,-200.00003,0.6061178,95.99999
16.230145,0.002483368,-200.00003,0.61829937,67.99999
15.2301445,0.002483368,-200.00003,0.6033906,67.99999
14.2301445,0.002483368,-200.00003,0.60386854,79.99999
13.2301445,0.002483368,-200.00003,0.5285656,71.99999
12.2301445,0.002483368,-200.00003,0.4907505,55.999996
11.2301445,0.002483368,-200.00003,0.5518588,103.99999
10.2301445,0.002483368,-200.00003,0.602029,91.99999
9.2301445,0.002483368,-200.00003,0.5389968,63.999996
8.2301445,0.002483368,-200.00003,0.45781043,59.999996
7.2301445,0.002483368,-200.00003,0.45806915,99.99999
6.2301445,0.002483368,-200.00003,0.49805582,83.99999
5.2301445,0.002483368,-200.00003,0.4591974,115.99999
4.2301445,0.002483368,-200.00003,0.37393907,59.999996
3.2301445,0.002483368,-200.00003,0.36293265,103.99999
2.2301445,0.002483368,-200.00003,0.39159694,91.99999
1.2301445,0.002483368,-200.00003,0.44031456,95.99999
0.2301445,0.002483368,-200.00003,0.56221366,83.99999
-0.7698555,0.002483368,-200.00003,0.59349513,119.99999
-1.7698555,0.002483368,-200.00003,0.5012174,79.99999
-2.7698555,0.002483368,-200.00003,0.41769373,79.99999
-3.7698555,0.002483368,-200.00003,0.34394827,95.99999
-4.7698555,0.002483368,-200.00003,0.27381015,87.99999
-5.7698555,0.002483368,-200.00003,0.15910345,71.99999
-6.7698555,0.002483368,-200.00003,0.020423375,19.999996
-7.7698555,0.002483368,-200.00003,0.050423525,87.99999
-8.7698555,0.002483368,-200.00003,0.12294333,79.99999
-9.7698555,0.002483368,-200.00003,0.08476464,75.99999
-10.7698555,0.002483368,-200.00003,0.06269542,47.999996
-11.7698555,0.002483368,-200.00003,0.17940387,51.999996
-12.7698555,0.002483368,-200.00003,0.3358435,51.999996
-13.7698555,0.002483368,-200.00003,0.35862133,51.999996
-14.7698555,0.002483368,-200.00003,0.3054823,27.999996
-15.7698555,0.002483368,-200.00003,0.3099395,51.999996
-16.769855,0.002483368,-200.00003,0.32151347,27.999996
-17.769855,0.002483368,-200.00003,0.28875065,39.999996
-18.769855,0.002483368,-200.00003,0.25631618,27.999996
-19.769855,0.002483368,-200.00003,0.23363018,67.99999
-20.769855,0.002483368,-200.00003,0.18201518,23.999996
-21.769855,0.002483368,-200.00003,0.118740335,39.999996
-22.769855,0.002483368,-200.00003,0.14093173,23.999996
-23.769855,0.002483368,-200.00003,0.28165734,71.99999
-24.769855,0.002483368,-200.00003,-Infinity,51.999996
-25.769855,0.002483368,-200.00003,0,11.999997
-26.769855,0.002483368,-200.00003,0,0
-27.769855,0.002483368,-200.00003,0,0
-28.769855,0.002483368,-200.00003,0,0
-29.769855,0.002483368,-200.00003,0,0
-30.769855,0.002483368,-200.00003,0,0
-31.769855,0.002483368,-200.00003,0,0
-32.769855,0.002483368,-200.00003,0,0
-33.769855,0.002483368,-200.00003,0,0
-34.769855,0.002483368,-200.00003,0,0
-35.769855,0.002483368,-200.00003,0,0
-36.769855,0.002483368,-200.00003,0,0
-37.769855,0.002483368,-200.00003,0,0
-38.769855,0.002483368,-200.00003,0,0
-39.769855,0.002483368,-200.00003,0,0
-40.769855,0.002483368,-200.00003,0,0
-41.769855,0.002483368,-200.00003,0,0
-42.769855,0.002483368,-200.00003,0,0
-43.769855,0.002483368,-200.00003,0,0
-44.769855,0.002483368,-200.00003,0,0
-45.769855,0.002483368,-200.00003,0,0
-46.769855,0.002483368,-200.00003,0,0
-47.769855,0.002483368,-200.00003,0,0
-48.769855,0.002483368,-200.00003,0,0
-49.769855,0.002483368,-200.00003,0,0
49.230145,-0.99751663,-200.00003,0,0
48.230145,-0.99751663,-200.00003,0,0
47.230145,-0.99751663,-200.00003,0,0
46.230145,-0.99751663,-200.00003,0,0
45.230145,-0.99751663,-200.00003,0,0
44.230145,-0.99751663,-200.00003,0,0
43.230145,-0.99751663,-200.00003,0,0
42.230145,-0.99751663,-200.00003,0,0
41.230145,-0.99751663,-200.00003,0,0
40.230145,-0.99751663,-200.00003,0,0
39.230145,-0.99751663,-200.00003,0,0
38.230145,-0.99751663,-200.00003,0,0
37.230145,-0.99751663,-200.00003,0,0
36.230145,-0.99751663,-200.00003,0,0
35.230145,-0.99751663,-200.00003,0,0
34.230145,-0.99751663,-200.00003,0,0
33.230145,-0.99751663,-200.00003,0,0
32.230145,-0.99751663,-200.00003,0,0
31.230145,-0.99751663,-200.00003,0,0
30.230145,-0.99751663,-200.00003,0,0
29.230145,-0.99751663,-200.00003,0,0
28.230145,-0.99751663,-200.00003,0,0
27.230145,-0.99751663,-200.00003,0,0
26.230145,-0.99751663,-200.00003,0,0
25.230145,-0.99751663,-200.00003,0,0
24.230145,-0.99751663,-200.00003,0,0
23.230145,-0.99751663,-200.00003,0,35.999996
22.230145,-0.99751663,-200.00003,0.3266663,87.99999
21.230145,-0.99751663,-200.00003,0.32654488,75.99999
20.230145,-0.99751663,-200.00003,0.35941458,107.99999
19.230145,-0.99751663,-200.00003,0.444037,59.999996
18.230145,-0.99751663,-200.00003,0.5350868,71.99999
17.230145,-0.99751663,-200.00003,0.6000369,99.99999
16.230145,-0.99751663,-200.00003,0.6297575,87.99999
15.2301445,-0.99751663,-200.00003,0.6218792,59.999996
14.2301445,-0.99751663,-200.00003,0.60130024,59.999996
13.2301445,-0.99751663,-200.00003,0.5718565,47.999996
12.2301445,-0.99751663,-200.00003,0.52201426,59.999996
11.2301445,-0.99751663,-200.00003,0.51194394,47.999996
10.2301445,-0.99751663,-200.00003,0.5275142,59.999996
9.2301445,-0.99751663,-200.00003,0.52546835,63.999996
8.2301445,-0.99751663,-200.00003,0.5714079,95.99999
7.2301445,-0.99751663,-200.00003,0.6256903,83.99999
6.2301445,-0.99751663,-200.00003,0.59095234,43.999996
5.2301445,-0.99751663,-200.00003,0.42799798,71.99999
4.2301445,-0.99751663,-200.00003,0.3518198,67.99999
3.2301445,-0.99751663,-200.00003,0.42393655,99.99999
2.2301445,-0.99751663,-200.00003,0.487049,87.99999
1.2301445,-0.99751663,-200.00003,0.46914124,91.99999
0.2301445,-0.99751663,-200.00003,0.53865147,55.999996
-0.7698555,-0.99751663,-200.00003,0.5791738,91.99999
-1.7698555,-0.99751663,-200.00003,0.5144758,115.99999
-2.7698555,-0.99751663,-200.00003,0.46136373,111.99999
-3.7698555,-0.99751663,-200.00003,0.40454167,55.999996
-4.7698555,-0.99751663,-200.00003,0.3453253,71.99999
-5.7698555,-0.99751663,-200.00003,0.2659325,59.999996
-6.7698555,-0.99751663,-200.00003,0.18180642,71.99999
-7.7698555,-0.99751663,-200.00003,0.20944424,91.99999
-8.7698555,-0.99751663,-200.00003,0.23559782,95.99999
-9.7698555,-0.99751663,-200.00003,0.14738438,39.999996
-10.7698555,-0.99751663,-200.00003,0.14451385,51.999996
-11.7698555,-0.99751663,-200.00003,0.22429475,39.999996
-12.7698555,-0.99751663,-200.00003,0.27086937,43.999996
-13.7698555,-0.99751663,-200.00003,0.23388624,23.999996
-14.7698555,-0.99751663,-200.00003,0.17487574,15.999996
-15.7698555,-0.99751663,-200.00003,0.21306369,15.999996
-16.769855,-0.99751663,-200.00003,0.2735892,19.999996
-17.769855,-0.99751663,-200.00003,0.24596405,19.999996
-18.769855,-0.99751663,-200.00003,0.24826287,23.999996
-19.769855,-0.99751663,-200.00003,0.24001579,39.999996
-20.769855,-0.99751663,-200.00003,0.15259409,63.999996
-21.769855,-0.99751663,-200.00003,0.09969307,35.999996
-22.769855,-0.99751663,-200.00003,0.26081792,51.999996
-23.769855,-0.99751663,-200.00003,Infinity,87.99999
-24.769855,-0.99751663,-200.00003,0,51.999996
-25.769855,-0.99751663,-200.00003,0,0
-26.769855,-0.99751663,-200.00003,0,0
-27.769855,-0.99751663,-200.00003,0,0
-28.769855,-0.99751663,-200.00003,0,0
-29.769855,-0.99751663,-200.00003,0,0
-30.769855,-0.99751663,-200.00003,0,0
-31.769855,-0.99751663,-200.00003,0,0
-32.769855,-0.99751663,-200.00003,0,0
-33.769855,-0.99751663,-200.00003,0,0
-34.769855,-0.99751663,-200.00003,0,0
-35.769855,-0.99751663,-200.00003,0,0
-36.769855,-0.99751663,-200.00003,0,0
-37.769855,-0.99751663,-200.00003,0,0
-38.769855,-0.99751663,-200.00003,0,0
-39.769855,-0.99751663,-200.00003,0,0
-40.769855,-0.99751663,-200.00003,0,0
-41.769855,-0.99751663,-200.00003,0,0
-42.769855,-0.99751663,-200.00003,0,0
-43.769855,-0.99751663,-200.00003,0,0
-44.769855,-0.99751663,-200.00003,0,0
-45.769855,-0.99751663,-200.00003,0,0
-46.769855,-0.99751663,-200.00003,0,0
-47.769855,-0.99751663,-200.00003,0,0
-48.769855,-0.99751663,-200.00003,0,0
-49.769855,-0.99751663,-200.00003,0,0
49.230145,-1.9975166,-200.00003,0,0
48.230145,-1.9975166,-200.00003,0,0
47.230145,-1.9975166,-200.00003,0,0
46.230145,-1.9975166,-200.00003,0,0
45.230145,-1.9975166,-200.00003,0,0
44.230145,-1.9975166,-200.00003,0,0
43.230145,-1.9975166,-200.00003,0,0
42.230145,-1.9975166,-200.00003,0,0
41.230145,-1.9975166,-200.00003,0,0
40.230145,-1.9975166,-200.00003,0,0
39.230145,-1.9975166,-200.00003,0,0
38.230145,-1.9975166,-200.00003,0,0
37.230145,-1.9975166,-200.00003,0,0
36.230145,-1.9975166,-200.00003,0,0
35.230145,-1.9975166,-200.00003,0,0
34.230145,-1.9975166,-200.00003,0,0
33.230145,-1.9975166,-200.00003,0,0
32.230145,-1.9975166,-200.00003,0,0
31.230145,-1.9975166,-200.00003,0,0
30.230145,-1.9975166,-200.00003,0,0
29.230145,-1.9975166,-200.00003,0,0
28.230145,-1.9975166,-200.00003,0,0
27.230145,-1.9975166,-200.00003,0,0
26.230145,-1.9975166,-200.00003,0,0
25.230145,-1.9975166,-200.00003,0,0
24.230145,-1.9975166,-200.00003,0,0
23.230145,-1.9975166,-200.00003,0,15.999996
22.230145,-1.9975166,-200.00003,0.3565743,103.99999
21.230145,-1.9975166,-200.00003,0.37981075,83.99999
20.230145,-1.9975166,-200.00003,0.35888642,63.999996
19.230145,-1.9975166,-200.00003,0.452642,95.99999
18.230145,-1.9975166,-200.00003,0.60868686,83.99999
17.230145,-1.9975166,-200.00003,0.6756055,99.99999
16.230145,-1.9975166,-200.00003,0.6657386,75.99999
15.2301445,-1.9975166,-200.00003,0.6174767,67.99999
14.2301445,-1.9975166,-200.00003,0.6056161,99.99999
13.2301445,-1.9975166,-200.00003,0.5773221,59.999996
12.2301445,-1.9975166,-200.00003,0.5231944,59.999996
11.2301445,-1.9975166,-200.00003,0.5305676,67.99999
10.2301445,-1.9975166,-200.00003,0.55762935,91.99999
9.2301445,-1.9975166,-200.00003,0.5406939,71.99999
8.2301445,-1.9975166,-200.00003,0.62061745,63.999996
7.2301445,-1.9975166,-200.00003,0.68343806,71.99999
6.2301445,-1.9975166,-200.00003,0.6106948,83.99999
5.2301445,-1.9975166,-200.00003,0.4691586,75.99999
4.2301445,-1.9975166,-200.00003,0.43432826,51.999996
3.2301445,-1.9975166,-200.00003,0.53146195,91.99999
2.2301445,-1.9975166,-200.00003,0.54703134,87.99999
1.2301445,-1.9975166,-200.00003,0.4592132,59.999996
0.2301445,-1.9975166,-200.00003,0.475428,87.99999
-0.7698555,-1.9975166,-200.00003,0.51576436,87.99999
-1.7698555,-1.9975166,-200.00003,0.48941672,67.99999
-2.7698555,-1.9975166,-200.00003,0.48785236,71.99999
-3.7698555,-1.9975166,-200.00003,0.4903726,107.99999
-4.7698555,-1.9975166,-200.00003,0.4178563,51.999996
-5.7698555,-1.9975166,-200.00003,0.38511735,55.999996
-6.7698555,-1.9975166,-200.00003,0.39262226,107.99999
-7.7698555,-1.9975166,-200.00003,0.36442524,55.999996
-8.7698555,-1.9975166,-200.00003,0.29046798,51.999996
-9.7698555,-1.9975166,-200.00003,0.20701228,31.999996
-10.7698555,-1.9975166,-200.00003,0.27782142,27.999996
-11.7698555,-1.9975166,-200.00003,0.38302228,47.999996
-12.7698555,-1.9975166,-200.00003,0.26548094,27.999996
-13.7698555,-1.9975166,-200.00003,0.08381436,11.999997
-14.7698555,-1.9975166,-200.00003,0.113275066,31.999996
-15.7698555,-1.9975166,-200.00003,0.19590797,15.999996
-16.769855,-1.9975166,-200.00003,0.25059646,15.999996
-17.769855,-1.9975166,-200.00003,0.25417006,15.999996
-18.769855,-1.9975166,-200.00003,0.30365342,19.999996
-19.769855,-1.9975166,-200.00003,0.33455852,47.999996
-20.769855,-1.9975166,-200.00003,0.21923885,51.999996
-21.769855,-1.9975166,-200.00003,0.18523152,39.999996
-22.769855,-1.9975166,-200.00003,0.40226936,63.999996
-23.769855,-1.9975166,-200.00003,Infinity,67.99999
-24.769855,-1.9975166,-200.00003,0,27.999996
-25.769855,-1.9975166,-200.00003,0,0
-26.769855,-1.9975166,-200.00003,0,0
-27.769855,-1.9975166,-200.00003,0,0
-28.769855,-1.9975166,-200.00003,0,0
-29.769855,-1.9975166,-200.00003,0,0
-30.769855,-1.9975166,-200.00003,0,0
-31.769855,-1.9975166,-200.00003,0,0
-32.769855,-1.9975166,-200.00003,0,0
-33.769855,-1.9975166,-200.00003,0,0
-34.769855,-1.9975166,-200.00003,0,0
-35.769855,-1.9975166,-200.00003,0,0
-36.769855,-1.9975166,-200.00003,0,0
-37.769855,-1.9975166,-200.00003,0,0
-38.769855,-1.9975166,-200.00003,0,0
-39.769855,-1.9975166,-200.00003,0,0
-40.769855,-1.9975166,-200.00003,0,0
-41.769855,-1.9975166,-200.00003,0,0
-42.769855,-1.9975166,-200.00003,0,0
-43.769855,-1.9975166,-200.00003,0,0
-44.769855,-1.9975166,-200.00003,0,0
-45.769855,-1.9975166,-200.00003,0,0
-46.769855,-1.9975166,-200.00003,0,0
-47.769855,-1.9975166,-200.00003,0,0
-48.769855,-1.9975166,-200.00003,0,0
-49.769855,-1.9975166,-200.00003,0,0
49.230145,-2.9975166,-200.00003,0,0
48.230145,-2.9975166,-200.00003,0,0
47.230145,-2.9975166,-200.00003,0,0
46.230145,-2.9975166,-200.00003,0,0
45.230145,-2.9975166,-200.00003,0,0
44.230145,-2.9975166,-200.00003,0,0
43.230145,-2.9975166,-200.00003,0,0
42.230145,-2.9975166,-200.00003,0,0
41.230145,-2.9975166,-200.00003,0,0
40.230145,-2.9975166,-200.00003,0,0
39.230145,-2.9975166,-200.00003,0,0
38.230145,-2.9975166,-200.00003,0,0
37.230145,-2.9975166,-200.00003,0,0
36.230145,-2.9975166,-200.00003,0,0
35.230145,-2.9975166,-200.00003,0,0
34.230145,-2.9975166,-200.00003,0,0
33.230145,-2.9975166,-200.00003,0,0
32.230145,-2.9975166,-200.00003,0,0
31.230145,-2.9975166,-200.00003,0,0
30.230145,-2.9975166,-200.00003,0,0
29.230145,-2.9975166,-200.00003,0,0
28.230145,-2.9975166,-200.00003,0,0
27.230145,-2.9975166,-200.00003,0,0
26.230145,-2.9975166,-200.00003,0,0
25.230145,-2.9975166,-200.00003,0,0
24.230145,-2.9975166,-200.00003,0,0
23.230145,-2.9975166,-200.00003,0,3.999999
22.230145,-2.9975166,-200.00003,0.41416937,103.99999
21.230145,-2.9975166,-200.00003,0.38157284,83.99999
20.230145,-2.9975166,-200.00003,0.27812877,63.999996
19.230145,-2.9975166,-200.00003,0.3964699,71.99999
18.230145,-2.9975166,-200.00003,0.5939349,111.99999
17.230145,-2.9975166,-200.00003,0.66992295,87.99999
16.230145,-2.9975166,-200.00003,0.6578241,91.99999
15.2301445,-2.9975166,-200.00003,0.63236165,107.99999
14.2301445,-2.9975166,-200.00003,0.5970733,63.999996
13.2301445,-2.9975166,-200.00003,0.5874723,63.999996
12.2301445,-2.9975166,-200.00003,0.5627476,55.999996
11.2301445,-2.9975166,-200.00003,0.58512807,63.999996
10.2301445,-2.9975166,-200.00003,0.59523445,67.99999
9.2301445,-2.9975166,-200.00003,0.53111434,75.99999
8.2301445,-2.9975166,-200.00003,0.5919719,79.99999
7.2301445,-2.9975166,-200.00003,0.675006,83.99999
6.2301445,-2.9975166,-200.00003,0.5811609,51.999996
5.2301445,-2.9975166,-200.00003,0.48840815,95.99999
4.2301445,-2.9975166,-200.00003,0.5297781,75.99999
3.2301445,-2.9975166,-200.00003,0.5896455,107.99999
2.2301445,-2.9975166,-200.00003,0.607459,91.99999
1.2301445,-2.9975166,-200.00003,0.5192716,79.99999
0.2301445,-2.9975166,-200.00003,0.45937598,51.999996
-0.7698555,-2.9975166,-200.00003,0.4893624,111.99999
-1.7698555,-2.9975166,-200.00003,0.4940679,95.99999
-2.7698555,-2.9975166,-200.00003,0.48107138,59.999996
-3.7698555,-2.9975166,-200.00003,0.4968213,71.99999
-4.7698555,-2.9975166,-200.00003,0.47082585,75.99999
-5.7698555,-2.9975166,-200.00003,0.44222707,119.99999
-6.7698555,-2.9975166,-200.00003,0.43899333,75.99999
-7.7698555,-2.9975166,-200.00003,0.42100716,59.999996
-8.7698555,-2.9975166,-200.00003,0.3596971,39.999996
-9.7698555,-2.9975166,-200.00003,0.3293945,43.999996
-10.7698555,-2.9975166,-200.00003,0.41946173,31.999996
-11.7698555,-2.9975166,-200.00003,0.45839056,35.999996
-12.7698555,-2.9975166,-200.00003,0.25529006,31.999996
-13.7698555,-2.9975166,-200.00003,0.058459327,7.999998
-14.7698555,-2.9975166,-200.00003,0.10035224,7.999998
-15.7698555,-2.9975166,-200.00003,0.17813975,15.999996
-16.769855,-2.9975166,-200.00003,0.19050817,7.999998
-17.769855,-2.9975166,-200.00003,0.28055546,23.999996
-18.769855,-2.9975166,-200.00003,0.38291004,51.999996
-19.769855,-2.9975166,-200.00003,0.32397044,31.999996
-20.769855,-2.9975166,-200.00003,0.23311079,31.999996
-21.769855,-2.9975166,-200.00003,0.2785716,63.999996
-22.769855,-2.9975166,-200.00003,0.4705066,83.99999
-23.769855,-2.9975166,-200.00003,Infinity,111.99999
-24.769855,-2.9975166,-200.00003,0,35.999996
-25.769855,-2.9975166,-200.00003,0,0
-26.769855,-2.9975166,-200.00003,0,0
-27.769855,-2.9975166,-200.00003,0,0
-28.769855,-2.9975166,-200.00003,0,0
-29.769855,-2.9975166,-200.00003,0,0
-30.769855,-2.9975166,-200.00003,0,0
-31.769855,-2.9975166,-200.00003,0,0
-32.769855,-2.9975166,-200.00003,0,0
-33.769855,-2.9975166,-200.00003,0,0
-34.769855,-2.9975166,-200.00003,0,0
-35.769855,-2.9975166,-200.00003,0,0
-36.769855,-2.9975166,-200.00003,0,0
-37.769855,-2.9975166,-200.00003,0,0
-38.769855,-2.9975166,-200.00003,0,0
-39.769855,-2.9975166,-200.00003,0,0
-40.769855,-2.9975166,-200.00003,0,0
-41.769855,-2.9975166,-200.00003,0,0
-42.769855,-2.9975166,-200.00003,0,0
-43.769855,-2.9975166,-200.00003,0,0
-44.769855,-2.9975166,-200.00003,0,0
-45.769855,-2.9975166,-200.00003,0,0
-46.769855,-2.9975166,-200.00003,0,0
-47.769855,-2.9975166,-200.00003,0,0
-48.769855,-2.9975166,-200.00003,0,0
-49.769855,-2.9975166,-200.00003,0,0
49.230145,-3.9975166,-200.00003,0,0
48.230145,-3.9975166,-200.00003,0,0
47.230145,-3.9975166,-200.00003,0,0
46.230145,-3.9975166,-200.00003,0,0
45.230145,-3.9975166,-200.00003,0,0
44.230145,-3.9975166,-200.00003,0,0
43.230145,-3.9975166,-200.00003,0,0
42.230145,-3.9975166,-200.00003,0,0
41.230145,-3.9975166,-200.00003,0,0
40.230145,-3.9975166,-200.00003,0,0
39.230145,-3.9975166,-200.00003,0,0
38.230145,-3.9975166,-200.00003,0,0
37.230145,-3.9975166,-200.00003,0,0
36.230145,-3.9975166,-200.00003,0,0
35.230145,-3.9975166,-200.00003,0,0
34.230145,-3.9975166,-200.00003,0,0
33.230145,-3.9975166,-200.00003,0,0
32.230145,-3.9975166,-200.00003,0,0
31.230145,-3.9975166,-200.00003,0,0
30.230145,-3.9975166,-200.00003,0,0
29.230145,-3.9975166,-200.00003,0,0
28.230145,-3.9975166,-200.00003,0,0
27.230145,-3.9975166,-200.00003,0,0
26.230145,-3.9975166,-200.00003,0,0
25.230145,-3.9975166,-200.00003,0,0
24.230145,-3.9975166,-200.00003,0,0
23.230145,-3.9975166,-200.00003,0,19.999996
22.230145,-3.9975166,-200.00003,Infinity,143.99998
21.230145,-3.9975166,-200.00003,0.37639743,95.99999
20.230145,-3.9975166,-200.00003,0.24629667,95.99999
19.230145,-3.9975166,-200.00003,0.37631178,95.99999
18.230145,-3.9975166,-200.00003,0.54184824,83.99999
17.230145,-3.9975166,-200.00003,0.5566417,43.999996
16.230145,-3.9975166,-200.00003,0.54958934,83.99999
15.2301445,-3.9975166,-200.00003,0.5293761,79.99999
14.2301445,-3.9975166,-200.00003,0.54717225,87.99999
13.2301445,-3.9975166,-200.00003,0.5567214,59.999996
12.2301445,-3.9975166,-200.00003,0.5618325,75.99999
11.2301445,-3.9975166,-200.00003,0.59579706,63.999996
10.2301445,-3.9975166,-200.00003,0.5819094,87.99999
9.2301445,-3.9975166,-200.00003,0.5179219,47.999996
8.2301445,-3.9975166,-200.00003,0.5858574,75.99999
7.2301445,-3.9975166,-200.00003,0.6571392,51.999996
6.2301445,-3.9975166,-200.00003,0.5792934,55.999996
5.2301445,-3.9975166,-200.00003,0.5016839,99.99999
4.2301445,-3.9975166,-200.00003,0.51622486,67.99999
3.2301445,-3.9975166,-200.00003,0.5485021,55.999996
2.2301445,-3.9975166,-200.00003,0.50627744,47.999996
1.2301445,-3.9975166,-200.00003,0.4355292,47.999996
0.2301445,-3.9975166,-200.00003,0.37938505,75.99999
-0.7698555,-3.9975166,-200.00003,0.37915653,91.99999
-1.7698555,-3.9975166,-200.00003,0.41461444,71.99999
-2.7698555,-3.9975166,-200.00003,0.39158443,39.999996
-3.7698555,-3.9975166,-200.00003,0.38641644,67.99999
-4.7698555,-3.9975166,-200.00003,0.46371177,67.99999
-5.7698555,-3.9975166,-200.00003,0.4636492,63.999996
-6.7698555,-3.9975166,-200.00003,0.4081277,23.999996
-7.7698555,-3.9975166,-200.00003,0.4236128,67.99999
-8.7698555,-3.9975166,-200.00003,0.43540055,79.99999
-9.7698555,-3.9975166,-200.00003,0.41208023,35.999996
-10.7698555,-3.9975166,-200.00003,0.43716216,47.999996
-11.7698555,-3.9975166,-200.00003,0.36494124,47.999996
-12.7698555,-3.9975166,-200.00003,0.18649824,19.999996
-13.7698555,-3.9975166,-200.00003,0.13062729,11.999997
-14.7698555,-3.9975166,-200.00003,0.13825469,11.999997
-15.7698555,-3.9975166,-200.00003,0.075472,7.999998
-16.769855,-3.9975166,-200.00003,0.08510895,15.999996
-17.769855,-3.9975166,-200.00003,0.23442876,31.999996
-18.769855,-3.9975166,-200.00003,0.3378956,51.999996
-19.769855,-3.9975166,-200.00003,0.31893042,43.999996
-20.769855,-3.9975166,-200.00003,0.30132937,31.999996
-21.769855,-3.9975166,-200.00003,0.37634647,71.99999
-22.769855,-3.9975166,-200.00003,0.5451834,83.99999
-23.769855,-3.9975166,-200.00003,0.6444427,91.99999
-24.769855,-3.9975166,-200.00003,0,31.999996
-25.769855,-3.9975166,-200.00003,0,0
-26.769855,-3.9975166,-200.00003,0,0
-27.769855,-3.9975166,-200.00003,0,0
-28.769855,-3.9975166,-200.00003,0,0
-29.769855,-3.9975166,-200.00003,0,0
-30.769855,-3.9975166,-200.00003,0,0
-31.769855,-3.9975166,-200.00003,0,0
-32.769855,-3.9975166,-200.00003,0,0
-33.769855,-3.9975166,-200.00003,0,0
-34.769855,-3.9975166,-200.00003,0,0
-35.769855,-3.9975166,-200.00003,0,0
-36.769855,-3.9975166,-200.00003,0,0
-37.769855,-3.9975166,-200.00003,0,0
-38.769855,-3.9975166,-200.00003,0,0
-39.769855,-3.9975166,-200.00003,0,0
-40.769855,-3.9975166,-200.00003,0,0
-41.769855,-3.9975166,-200.00003,0,0
-42.769855,-3.9975166,-200.00003,0,0
-43.769855,-3.9975166,-200.00003,0,0
-44.769855,-3.9975166,-200.00003,0,0
-45.769855,-3.9975166,-200.00003,0,0
-46.769855,-3.9975166,-200.00003,0,0
-47.769855,-3.9975166,-200.00003,0,0
-48.769855,-3.9975166,-200.00003,0,0
-49.769855,-3.9975166,-200.00003,0,0
49.230145,-4.9975166,-200.00003,0,0
48.230145,-4.9975166,-200.00003,0,0
47.230145,-4.9975166,-200.00003,0,0
46.230145,-4.9975166,-200.00003,0,0
45.230145,-4.9975166,-200.00003,0,0
44.230145,-4.9975166,-200.00003,0,0
43.230145,-4.9975166,-200.00003,0,0
42.230145,-4.9975166,-200.00003,0,0
41.230145,-4.9975166,-200.00003,0,0
40.230145,-4.9975166,-200.00003,0,0
39.230145,-4.9975166,-200.00003,0,0
38.230145,-4.9975166,-200.00003,0,0
37.230145,-4.9975166,-200.00003,0,0
36.230145,-4.9975166,-200.00003,0,0
35.230145,-4.9975166,-200.00003,0,0
34.230145,-4.9975166,-200.00003,0,0
33.230145,-4.9975166,-200.00003,0,0
32.230145,-4.9975166,-200.00003,0,0
31.230145,-4.9975166,-200.00003,0,0
30.230145,-4.9975166,-200.00003,0,0
29.230145,-4.9975166,-200.00003,0,0
28.230145,-4.9975166,-200.00003,0,0
27.230145,-4.9975166,-200.00003,0,0
26.230145,-4.9975166,-200.00003,0,0
25.230145,-4.9975166,-200.00003,0,0
24.230145,-4.9975166,-200.00003,0,0
23.230145,-4.9975166,-200.00003,0,3.999999
22.230145,-4.9975166,-200.00003,0,83.99999
21.230145,-4.9975166,-200.00003,0.35149622,115.99999
20.230145,-4.9975166,-200.00003,0.22920471,63.999996
19.230145,-4.9975166,-200.00003,0.3413461,131.99998
18.230145,-4.9975166,-200.00003,0.46005362,99.99999
17.230145,-4.9975166,-200.00003,0.4553575,79.99999
16.230145,-4.9975166,-200.00003,0.40095547,63.999996
15.2301445,-4.9975166,-200.00003,0.43289506,79.99999
14.2301445,-4.9975166,-200.00003,0.53665566,123.99999
13.2301445,-4.9975166,-200.00003,0.5515251,87.99999
12.2301445,-4.9975166,-200.00003,0.5301349,43.999996
11.2301445,-4.9975166,-200.00003,0.5848231,59.999996
10.2301445,-4.9975166,-200.00003,0.6153006,71.99999
9.2301445,-4.9975166,-200.00003,0.56911314,47.999996
8.2301445,-4.9975166,-200.00003,0.55640495,47.999996
7.2301445,-4.9975166,-200.00003,0.6120765,75.99999
6.2301445,-4.9975166,-200.00003,0.5793685,71.99999
5.2301445,-4.9975166,-200.00003,0.48888302,43.999996
4.2301445,-4.9975166,-200.00003,0.45751113,107.99999
3.2301445,-4.9975166,-200.00003,0.42735016,55.999996
2.2301445,-4.9975166,-200.00003,0.33101907,71.99999
1.2301445,-4.9975166,-200.00003,0.251738,47.999996
0.2301445,-4.9975166,-200.00003,0.19820032,87.99999
-0.7698555,-4.9975166,-200.00003,0.20864543,67.99999
-1.7698555,-4.9975166,-200.00003,0.28210452,59.999996
-2.7698555,-4.9975166,-200.00003,0.3599186,87.99999
-3.7698555,-4.9975166,-200.00003,0.35305488,51.999996
-4.7698555,-4.9975166,-200.00003,0.42022365,43.999996
-5.7698555,-4.9975166,-200.00003,0.43112668,67.99999
-6.7698555,-4.9975166,-200.00003,0.32006958,43.999996
-7.7698555,-4.9975166,-200.00003,0.32029837,79.99999
-8.7698555,-4.9975166,-200.00003,0.35569173,59.999996
-9.7698555,-4.9975166,-200.00003,0.32800734,27.999996
-10.7698555,-4.9975166,-200.00003,0.33445948,43.999996
-11.7698555,-4.9975166,-200.00003,0.2633256,35.999996
-12.7698555,-4.9975166,-200.00003,0.16167879,19.999996
-13.7698555,-4.9975166,-200.00003,0.18351865,15.999996
-14.7698555,-4.9975166,-200.00003,0.19556907,35.999996
-15.7698555,-4.9975166,-200.00003,0.10387401,11.999997
-16.769855,-4.9975166,-200.00003,0.121910125,31.999996
-17.769855,-4.9975166,-200.00003,0.23628913,35.999996
-18.769855,-4.9975166,-200.00003,0.29848728,31.999996
-19.769855,-4.9975166,-200.00003,0.389381,31.999996
-20.769855,-4.9975166,-200.00003,0.4631462,63.999996
-21.769855,-4.9975166,-200.00003,0.5006069,59.999996
-22.769855,-4.9975166,-200.00003,0.5992975,71.99999
-23.769855,-4.9975166,-200.00003,0,91.99999
-24.769855,-4.9975166,-200.00003,0,11.999997
-25.769855,-4.9975166,-200.00003,0,0
-26.769855,-4.9975166,-200.00003,0,0
-27.769855,-4.9975166,-200.00003,0,0
-28.769855,-4.9975166,-200.00003,0,0
-29.769855,-4.9975166,-200.00003,0,0
-30.769855,-4.9975166,-200.00003,0,0
-31.769855,-4.9975166,-200.00003,0,0
-32.769855,-4.9975166,-200.00003,0,0
-33.769855,-4.9975166,-200.00003,0,0
-34.769855,-4.9975166,-200.00003,0,0
-35.769855,-4.9975166,-200.00003,0,0
-36.769855,-4.9975166,-200.00003,0,0
-37.769855,-4.9975166,-200.00003,0,0
-38.769855,-4.9975166,-200.00003,0,0
-39.769855,-4.9975166,-200.00003,0,0
-40.769855,-4.9975166,-200.00003,0,0
-41.769855,-4.9975166,-200.00003,0,0
-42.769855,-4.9975166,-200.00003,0,0
-43.769855,-4.9975166,-200.00003,0,0
-44.769855,-4.9975166,-200.00003,0,0
-45.769855,-4.9975166,-200.00003,0,0
-46.769855,-4.9975166,-200.00003,0,0
-47.769855,-4.9975166,-200.00003,0,0
-48.769855,-4.9975166,-200.00003,0,0
-49.769855,-4.9975166,-200.00003,0,0
49.230145,-5.9975166,-200.00003,0,0
48.230145,-5.9975166,-200.00003,0,0
47.230145,-5.9975166,-200.00003,0,0
46.230145,-5.9975166,-200.00003,0,0
45.230145,-5.9975166,-200.00003,0,0
44.230145,-5.9975166,-200.00003,0,0
43.230145,-5.9975166,-200.00003,0,0
42.230145,-5.9975166,-200.00003,0,0
41.230145,-5.9975166,-200.00003,0,0
40.230145,-5.9975166,-200.00003,0,0
39.230145,-5.9975166,-200.00003,0,0
38.230145,-5.9975166,-200.00003,0,0
37.230145,-5.9975166,-200.00003,0,0
36.230145,-5.9975166,-200.00003,0,0
35.230145,-5.9975166,-200.00003,0,0
34.230145,-5.9975166,-200.00003,0,0
33.230145,-5.9975166,-200.00003,0,0
32.230145,-5.9975166,-200.00003,0,0
31.230145,-5.9975166,-200.00003,0,0
30.230145,-5.9975166,-200.00003,0,0
29.230145,-5.9975166,-200.00003,0,0
28.230145,-5.9975166,-200.00003,0,0
27.230145,-5.9975166,-200.00003,0,0
26.230145,-5.9975166,-200.00003,0,0
25.230145,-5.9975166,-200.00003,0,0
24.230145,-5.9975166,-200.00003,0,0
23.230145,-5.9975166,-200.00003,0,0
22.230145,-5.9975166,-200.00003,0,83.99999
21.230145,-5.9975166,-200.00003,0.34699443,87.99999
20.230145,-5.9975166,-200.00003,0.28861266,43.999996
19.230145,-5.9975166,-200.00003,0.35430184,95.99999
18.230145,-5.9975166,-200.00003,0.41636026,63.999996
17.230145,-5.9975166,-200.00003,0.41104162,83.99999
16.230145,-5.9975166,-200.00003,0.3943777,87.99999
15.2301445,-5.9975166,-200.00003,0.4870245,103.99999
14.2301445,-5.9975166,-200.00003,0.62921846,91.99999
13.2301445,-5.9975166,-200.00003,0.6194279,99.99999
12.2301445,-5.9975166,-200.00003,0.58544624,47.999996
11.2301445,-5.9975166,-200.00003,0.6445953,51.999996
10.2301445,-5.9975166,-200.00003,0.65573615,71.99999
9.2301445,-5.9975166,-200.00003,0.57209337,63.999996
8.2301445,-5.9975166,-200.00003,0.49882293,55.999996
7.2301445,-5.9975166,-200.00003,0.5161164,31.999996
6.2301445,-5.9975166,-200.00003,0.4840085,59.999996
5.2301445,-5.9975166,-200.00003,0.40915817,27.999996
4.2301445,-5.9975166,-200.00003,0.41431051,103.99999
3.2301445,-5.9975166,-200.00003,0.37679508,39.999996
2.2301445,-5.9975166,-200.00003,0.29485488,95.99999
1.2301445,-5.9975166,-200.00003,0.2216621,67.99999
0.2301445,-5.9975166,-200.00003,0.14624578,51.999996
-0.7698555,-5.9975166,-200.00003,0.14521404,59.999996
-1.7698555,-5.9975166,-200.00003,0.20912597,71.99999
-2.7698555,-5.9975166,-200.00003,0.26751006,55.999996
-3.7698555,-5.9975166,-200.00003,0.31806377,55.999996
-4.7698555,-5.9975166,-200.00003,0.3735957,55.999996
-5.7698555,-5.9975166,-200.00003,0.32884616,27.999996
-6.7698555,-5.9975166,-200.00003,0.18681511,19.999996
-7.7698555,-5.9975166,-200.00003,0.13938482,39.999996
-8.7698555,-5.9975166,-200.00003,0.18560746,63.999996
-9.7698555,-5.9975166,-200.00003,0.22517449,39.999996
-10.7698555,-5.9975166,-200.00003,0.25751305,47.999996
-11.7698555,-5.9975166,-200.00003,0.21575324,75.99999
-12.7698555,-5.9975166,-200.00003,0.16714466,51.999996
-13.7698555,-5.9975166,-200.00003,0.22237931,27.999996
-14.7698555,-5.9975166,-200.00003,0.23847693,39.999996
-15.7698555,-5.9975166,-200.00003,0.21025385,27.999996
-16.769855,-5.9975166,-200.00003,0.2173387,47.999996
-17.769855,-5.9975166,-200.00003,0.29193434,47.999996
-18.769855,-5.9975166,-200.00003,0.37340754,47.999996
-19.769855,-5.9975166,-200.00003,0.4803152,47.999996
-20.769855,-5.9975166,-200.00003,0.5646734,63.999996
-21.769855,-5.9975166,-200.00003,0.5831017,95.99999
-22.769855,-5.9975166,-200.00003,0.5307843,83.99999
-23.769855,-5.9975166,-200.00003,0,63.999996
-24.769855,-5.9975166,-200.00003,0,0
-25.769855,-5.9975166,-200.00003,0,0
-26.769855,-5.9975166,-200.00003,0,0
-27.769855,-5.9975166,-200.00003,0,0
-28.769855,-5.9975166,-200.00003,0,0
-29.769855,-5.9975166,-200.00003,0,0
-30.769855,-5.9975166,-200.00003,0,0
-31.769855,-5.9975166,-200.00003,0,0
-32.769855,-5.9975166,-200.00003,0,0
-33.769855,-5.9975166,-200.00003,0,0
-34.769855,-5.9975166,-200.00003,0,0
-35.769855,-5.9975166,-200.00003,0,0
-36.769855,-5.9975166,-200.00003,0,0
-37.769855,-5.9975166,-200.00003,0,0
-38.769855,-5.9975166,-200.00003,0,0
-39.769855,-5.9975166,-200.00003,0,0
-40.769855,-5.9975166,-200.00003,0,0
-41.769855,-5.9975166,-200.00003,0,0
-42.769855,-5.9975166,-200.00003,0,0
-43.769855,-5.9975166,-200.00003,0,0
-44.769855,-5.9975166,-200.00003,0,0
-45.769855,-5.9975166,-200.00003,0,0
-46.769855,-5.9975166,-200.00003,0,0
-47.769855,-5.9975166,-200.00003,0,0
-48.769855,-5.9975166,-200.00003,0,0
-49.769855,-5.9975166,-200.00003,0,0
49.230145,-6.9975166,-200.00003,0,0
48.230145,-6.9975166,-200.00003,0,0
47.230145,-6.9975166,-200.00003,0,0
46.230145,-6.9975166,-200.00003,0,0
45.230145,-6.9975166,-200.00003,0,0
44.230145,-6.9975166,-200.00003,0,0
43.230145,-6.9975166,-200.00003,0,0
42.230145,-6.9975166,-200.00003,0,0
41.230145,-6.9975166,-200.00003,0,0
40.230145,-6.9975166,-200.00003,0,0
39.230145,-6.9975166,-200.00003,0,0
38.230145,-6.9975166,-200.00003,0,0
37.230145,-6.9975166,-200.00003,0,0
36.230145,-6.9975166,-200.00003,0,0
35.230145,-6.9975166,-200.00003,0,0
34.230145,-6.9975166,-200.00003,0,0
33.230145,-6.9975166,-200.00003,0,0
32.230145,-6.9975166,-200.00003,0,0
31.230145,-6.9975166,-200.00003,0,0
30.230145,-6.9975166,-200.00003,0,0
29.230145,-6.9975166,-200.00003,0,0
28.230145,-6.9975166,-200.00003,0,0
27.230145,-6.9975166,-200.00003,0,0
26.230145,-6.9975166,-200.00003,0,0
25.230145,-6.9975166,-200.00003,0,0
24.230145,-6.9975166,-200.00003,0,0
23.230145,-6.9975166,-200.00003,0,0
22.230145,-6.9975166,-200.00003,0,27.999996
21.230145,-6.9975166,-200.00003,0.44746554,111.99999
20.230145,-6.9975166,-200.00003,0.45846856,99.99999
19.230145,-6.9975166,-200.00003,0.50191706,75.99999
18.230145,-6.9975166,-200.00003,0.5129831,135.99998
17.230145,-6.9975166,-200.00003,0.4876371,55.999996
16.230145,-6.9975166,-200.00003,0.51232517,63.999996
15.2301445,-6.9975166,-200.00003,0.59405196,95.99999
14.2301445,-6.9975166,-200.00003,0.64323455,59.999996
13.2301445,-6.9975166,-200.00003,0.6277814,119.99999
12.2301445,-6.9975166,-200.00003,0.6609523,87.99999
11.2301445,-6.9975166,-200.00003,0.73044086,51.999996
10.2301445,-6.9975166,-200.00003,0.6348682,51.999996
9.2301445,-6.9975166,-200.00003,0.50196373,23.999996
8.2301445,-6.9975166,-200.00003,0.50103986,59.999996
7.2301445,-6.9975166,-200.00003,0.52923924,71.99999
6.2301445,-6.9975166,-200.00003,0.46861497,51.999996
5.2301445,-6.9975166,-200.00003,0.4195518,55.999996
4.2301445,-6.9975166,-200.00003,0.4447816,99.99999
3.2301445,-6.9975166,-200.00003,0.469722,87.99999
2.2301445,-6.9975166,-200.00003,0.36400908,71.99999
1.2301445,-6.9975166,-200.00003,0.29104608,55.999996
0.2301445,-6.9975166,-200.00003,0.24146794,67.99999
-0.7698555,-6.9975166,-200.00003,0.17873365,47.999996
-1.7698555,-6.9975166,-200.00003,0.13058074,39.999996
-2.7698555,-6.9975166,-200.00003,0.18656462,35.999996
-3.7698555,-6.9975166,-200.00003,0.28218734,43.999996
-4.7698555,-6.9975166,-200.00003,0.38205576,31.999996
-5.7698555,-6.9975166,-200.00003,0.31387198,39.999996
-6.7698555,-6.9975166,-200.00003,0.12616038,39.999996
-7.7698555,-6.9975166,-200.00003,0.07625723,51.999996
-8.7698555,-6.9975166,-200.00003,0.16293932,71.99999
-9.7698555,-6.9975166,-200.00003,0.22627956,47.999996
-10.7698555,-6.9975166,-200.00003,0.23330867,35.999996
-11.7698555,-6.9975166,-200.00003,0.14965135,39.999996
-12.7698555,-6.9975166,-200.00003,0.10873832,51.999996
-13.7698555,-6.9975166,-200.00003,0.17401141,63.999996
-14.7698555,-6.9975166,-200.00003,0.23795089,43.999996
-15.7698555,-6.9975166,-200.00003,0.28971213,27.999996
-16.769855,-6.9975166,-200.00003,0.34729064,47.999996
-17.769855,-6.9975166,-200.00003,0.42228714,27.999996
-18.769855,-6.9975166,-200.00003,0.49188596,43.999996
-19.769855,-6.9975166,-200.00003,0.53433603,47.999996
-20.769855,-6.9975166,-200.00003,0.5671328,83.99999
-21.769855,-6.9975166,-200.00003,0.504273,79.99999
-22.769855,-6.9975166,-200.00003,0,87.99999
-23.769855,-6.9975166,-200.00003,0,11.999997
-24.769855,-6.9975166,-200.00003,0,0
-25.769855,-6.9975166,-200.00003,0,0
-26.769855,-6.9975166,-200.00003,0,0
-27.769855,-6.9975166,-200.00003,0,0
-28.769855,-6.9975166,-200.00003,0,0
-29.769855,-6.9975166,-200.00003,0,0
-30.769855,-6.9975166,-200.00003,0,0
-31.769855,-6.9975166,-200.00003,0,0
-32.769855,-6.9975166,-200.00003,0,0
-33.769855,-6.9975166,-200.00003,0,0
-34.769855,-6.9975166,-200.00003,0,0
-35.769855,-6.9975166,-200.00003,0,0
-36.769855,-6.9975166,-200.00003,0,0
-37.769855,-6.9975166,-200.00003,0,0
-38.769855,-6.9975166,-200.00003,0,0
-39.769855,-6.9975166,-200.00003,0,0
-40.769855,-6.9975166,-200.00003,0,0
-41.769855,-6.9975166,-200.00003,0,0
-42.769855,-6.9975166,-200.00003,0,0
-43.769855,-6.9975166,-200.00003,0,0
-44.769855,-6.9975166,-200.00003,0,0
-45.769855,-6.9975166,-200.00003,0,0
-46.769855,-6.9975166,-200.00003,0,0
-47.769855,-6.9975166,-200.00003,0,0
-48.769855,-6.9975166,-200.00003,0,0
-49.769855,-6.9975166,-200.00003,0,0
49.230145,-7.9975166,-200.00003,0,0
48.230145,-7.9975166,-200.00003,0,0
47.230145,-7.9975166,-200.00003,0,0
46.230145,-7.9975166,-200.00003,0,0
45.230145,-7.9975166,-200.00003,0,0
44.230145,-7.9975166,-200.00003,0,0
43.230145,-7.9975166,-200.00003,0,0
42.230145,-7.9975166,-200.00003,0,0
41.230145,-7.9975166,-200.00003,0,0
40.230145,-7.9975166,-200.00003,0,0
39.230145,-7.9975166,-200.00003,0,0
38.230145,-7.9975166,-200.00003,0,0
37.230145,-7.9975166,-200.00003,0,0
36.230145,-7.9975166,-200.00003,0,0
35.230145,-7.9975166,-200.00003,0,0
34.230145,-7.9975166,-200.00003,0,0
33.230145,-7.9975166,-200.00003,0,0
32.230145,-7.9975166,-200.00003,0,0
31.230145,-7.9975166,-200.00003,0,0
30.230145,-7.9975166,-200.00003,0,0
29.230145,-7.9975166,-200.00003,0,0
28.230145,-7.9975166,-200.00003,0,0
27.230145,-7.9975166,-200.00003,0,0
26.230145,-7.9975166,-200.00003,0,0
25.230145,-7.9975166,-200.00003,0,0
24.230145,-7.9975166,-200.00003,0,0
23.230145,-7.9975166,-200.00003,0,0
22.230145,-7.9975166,-200.00003,0,15.999996
21.230145,-7.9975166,-200.00003,0,111.99999
20.230145,-7.9975166,-200.00003,0.5349566,107.99999
19.230145,-7.9975166,-200.00003,0.59029007,71.99999
18.230145,-7.9975166,-200.00003,0.60069793,107.99999
17.230145,-7.9975166,-200.00003,0.5810226,67.99999
16.230145,-7.9975166,-200.00003,0.60170096,79.99999
15.2301445,-7.9975166,-200.00003,0.5836588,83.99999
14.2301445,-7.9975166,-200.00003,0.48984647,39.999996
13.2301445,-7.9975166,-200.00003,0.4790147,59.999996
12.2301445,-7.9975166,-200.00003,0.5483167,39.999996
11.2301445,-7.9975166,-200.00003,0.5762387,47.999996
10.2301445,-7.9975166,-200.00003,0.51293933,83.99999
9.2301445,-7.9975166,-200.00003,0.4246316,59.999996
8.2301445,-7.9975166,-200.00003,0.46463555,39.999996
7.2301445,-7.9975166,-200.00003,0.55566186,55.999996
6.2301445,-7.9975166,-200.00003,0.54534656,71.99999
5.2301445,-7.9975166,-200.00003,0.496296,83.99999
4.2301445,-7.9975166,-200.00003,0.5189667,67.99999
3.2301445,-7.9975166,-200.00003,0.49406737,59.999996
2.2301445,-7.9975166,-200.00003,0.3922844,59.999996
1.2301445,-7.9975166,-200.00003,0.36330667,23.999996
0.2301445,-7.9975166,-200.00003,0.3556205,51.999996
-0.7698555,-7.9975166,-200.00003,0.23860465,31.999996
-1.7698555,-7.9975166,-200.00003,0.18298215,51.999996
-2.7698555,-7.9975166,-200.00003,0.22720605,79.99999
-3.7698555,-7.9975166,-200.00003,0.33733404,67.99999
-4.7698555,-7.9975166,-200.00003,0.4375423,63.999996
-5.7698555,-7.9975166,-200.00003,0.37476045,43.999996
-6.7698555,-7.9975166,-200.00003,0.25682244,39.999996
-7.7698555,-7.9975166,-200.00003,0.24901956,55.999996
-8.7698555,-7.9975166,-200.00003,0.2984114,51.999996
-9.7698555,-7.9975166,-200.00003,0.29816523,43.999996
-10.7698555,-7.9975166,-200.00003,0.23255938,47.999996
-11.7698555,-7.9975166,-200.00003,0.12562321,67.99999
-12.7698555,-7.9975166,-200.00003,0.025868095,35.999996
-13.7698555,-7.9975166,-200.00003,0.043295484,27.999996
-14.7698555,-7.9975166,-200.00003,0.17734072,23.999996
-15.7698555,-7.9975166,-200.00003,0.32966778,39.999996
-16.769855,-7.9975166,-200.00003,0.44910917,55.999996
-17.769855,-7.9975166,-200.00003,0.53494173,79.99999
-18.769855,-7.9975166,-200.00003,0.5464728,47.999996
-19.769855,-7.9975166,-200.00003,0.51509535,79.99999
-20.769855,-7.9975166,-200.00003,0.4897875,79.99999
-21.769855,-7.9975166,-200.00003,-Infinity,119.99999
-22.769855,-7.9975166,-200.00003,0,15.999996
-23.769855,-7.9975166,-200.00003,0,0
-24.769855,-7.9975166,-200.00003,0,0
-25.769855,-7.9975166,-200.00003,0,0
-26.769855,-7.9975166,-200.00003,0,0
-27.769855,-7.9975166,-200.00003,0,0
-28.769855,-7.9975166,-200.00003,0,0
-29.769855,-7.9975166,-200.00003,0,0
-30.769855,-7.9975166,-200.00003,0,0
-31.769855,-7.9975166,-200.00003,0,0
-32.769855,-7.9975166,-200.00003,0,0
-33.769855,-7.9975166,-200.00003,0,0
-34.769855,-7.9975166,-200.00003,0,0
-35.769855,-7.9975166,-200.00003,0,0
-36.769855,-7.9975166,-200.00003,0,0
-37.769855,-7.9975166,-200.00003,0,0
-38.769855,-7.9975166,-200.00003,0,0
-39.769855,-7.9975166,-200.00003,0,0
-40.769855,-7.9975166,-200.00003,0,0
-41.769855,-7.9975166,-200.00003,0,0
-42.769855,-7.9975166,-200.00003,0,0
-43.769855,-7.9975166,-200.00003,0,0
-44.769855,-7.9975166,-200.00003,0,0
-45.769855,-7.9975166,-200.00003,0,0
-46.769855,-7.9975166,-200.00003,0,0
-47.769855,-7.9975166,-200.00003,0,0
-48.769855,-7.9975166,-200.00003,0,0
-49.769855,-7.9975166,-200.00003,0,0
49.230145,-8.997517,-200.00003,0,0
48.230145,-8.997517,-200.00003,0,0
47.230145,-8.997517,-200.00003,0,0
46.230145,-8.997517,-200.00003,0,0
45.230145,-8.997517,-200.00003,0,0
44.230145,-8.997517,-200.00003,0,0
43.230145,-8.997517,-200.00003,0,0
42.230145,-8.997517,-200.00003,0,0
41.230145,-8.997517,-200.00003,0,0
40.230145,-8.997517,-200.00003,0,0
39.230145,-8.997517,-200.00003,0,0
38.230145,-8.997517,-200.00003,0,0
37.230145,-8.997517,-200.00003,0,0
36.230145,-8.997517,-200.00003,0,0
35.230145,-8.997517,-200.00003,0,0
34.230145,-8.997517,-200.00003,0,0
33.230145,-8.997517,-200.00003,0,0
32.230145,-8.997517,-200.00003,0,0
31.230145,-8.997517,-200.00003,0,0
30.230145,-8.997517,-200.00003,0,0
29.230145,-8.997517,-200.00003,0,0
28.230145,-8.997517,-200.00003,0,0
27.230145,-8.997517,-200.00003,0,0
26.230145,-8.997517,-200.00003,0,0
25.230145,-8.997517,-200.00003,0,0
24.230145,-8.997517,-200.00003,0,0
23.230145,-8.997517,-200.00003,0,0
22.230145,-8.997517,-200.00003,0,0
21.230145,-8.997517,-200.00003,0,31.999996
20.230145,-8.997517,-200.00003,0.497357,47.999996
19.230145,-8.997517,-200.00003,0.5007931,55.999996
18.230145,-8.997517,-200.00003,0.5256506,99.99999
17.230145,-8.997517,-200.00003,0.5633141,47.999996
16.230145,-8.997517,-200.00003,0.56612486,67.99999
15.2301445,-8.997517,-200.00003,0.45880336,47.999996
14.2301445,-8.997517,-200.00003,0.3176315,27.999996
13.2301445,-8.997517,-200.00003,0.28625655,47.999996
12.2301445,-8.997517,-200.00003,0.28349698,31.999996
11.2301445,-8.997517,-200.00003,0.2857917,47.999996
10.2301445,-8.997517,-200.00003,0.26043457,47.999996
9.2301445,-8.997517,-200.00003,0.28714758,55.999996
8.2301445,-8.997517,-200.00003,0.39991575,51.999996
7.2301445,-8.997517,-200.00003,0.47878104,43.999996
6.2301445,-8.997517,-200.00003,0.50094795,51.999996
5.2301445,-8.997517,-200.00003,0.50470406,51.999996
4.2301445,-8.997517,-200.00003,0.50801355,43.999996
3.2301445,-8.997517,-200.00003,0.4239769,47.999996
2.2301445,-8.997517,-200.00003,0.36615735,15.999996
1.2301445,-8.997517,-200.00003,0.4384897,47.999996
0.2301445,-8.997517,-200.00003,0.39974454,67.99999
-0.7698555,-8.997517,-200.00003,0.32075202,43.999996
-1.7698555,-8.997517,-200.00003,0.29592726,87.99999
-2.7698555,-8.997517,-200.00003,0.2858429,27.999996
-3.7698555,-8.997517,-200.00003,0.3833218,67.99999
-4.7698555,-8.997517,-200.00003,0.48254436,71.99999
-5.7698555,-8.997517,-200.00003,0.4882936,63.999996
-6.7698555,-8.997517,-200.00003,0.46725702,47.999996
-7.7698555,-8.997517,-200.00003,0.4736936,31.999996
-8.7698555,-8.997517,-200.00003,0.4944613,67.99999
-9.7698555,-8.997517,-200.00003,0.4096624,55.999996
-10.7698555,-8.997517,-200.00003,0.27610502,51.999996
-11.7698555,-8.997517,-200.00003,0.14418572,39.999996
-12.7698555,-8.997517,-200.00003,0.036274724,55.999996
-13.7698555,-8.997517,-200.00003,0.054401763,27.999996
-14.7698555,-8.997517,-200.00003,0.19741939,23.999996
-15.7698555,-8.997517,-200.00003,0.32202247,47.999996
-16.769855,-8.997517,-200.00003,0.38926297,51.999996
-17.769855,-8.997517,-200.00003,0.4659508,63.999996
-18.769855,-8.997517,-200.00003,0.48124745,43.999996
-19.769855,-8.997517,-200.00003,0.4120776,79.99999
-20.769855,-8.997517,-200.00003,0.36453575,79.99999
-21.769855,-8.997517,-200.00003,0,71.99999
-22.769855,-8.997517,-200.00003,0,0
-23.769855,-8.997517,-200.00003,0,0
-24.769855,-8.997517,-200.00003,0,0
-25.769855,-8.997517,-200.00003,0,0
-26.769855,-8.997517,-200.00003,0,0
-27.769855,-8.997517,-200.00003,0,0
-28.769855,-8.997517,-200.00003,0,0
-29.769855,-8.997517,-200.00003,0,0
-30.769855,-8.997517,-200.00003,0,0
-31.769855,-8.997517,-200.00003,0,0
-32.769855,-8.997517,-200.00003,0,0
-33.769855,-8.997517,-200.00003,0,0
-34.769855,-8.997517,-200.00003,0,0
-35.769855,-8.997517,-200.00003,0,0
-36.769855,-8.997517,-200.00003,0,0
-37.769855,-8.997517,-200.00003,0,0
-38.769855,-8.997517,-200.00003,0,0
-39.769855,-8.997517,-200.00003,0,0
-40.769855,-8.997517,-200.00003,0,0
-41.769855,-8.997517,-200.00003,0,0
-42.769855,-8.997517,-200.00003,0,0
-43.769855,-8.997517,-200.00003,0,0
-44.769855,-8.997517,-200.00003,0,0
-45.769855,-8.997517,-200.00003,0,0
-46.769855,-8.997517,-200.00003,0,0
-47.769855,-8.997517,-200.00003,0,0
-48.769855,-8.997517,-200.00003,0,0
-49.769855,-8.997517,-200.00003,0,0
49.230145,-9.997517,-200.00003,0,0
48.230145,-9.997517,-200.00003,0,0
47.230145,-9.997517,-200.00003,0,0
46.230145,-9.997517,-200.00003,0,0
45.230145,-9.997517,-200.00003,0,0
44.230145,-9.997517,-200.00003,0,0
43.230145,-9.997517,-200.00003,0,0
42.230145,-9.997517,-200.00003,0,0
41.230145,-9.997517,-200.00003,0,0
40.230145,-9.997517,-200.00003,0,0
39.230145,-9.997517,-200.00003,0,0
38.230145,-9.997517,-200.00003,0,0
37.230145,-9.997517,-200.00003,0,0
36.230145,-9.997517,-200.00003,0,0
35.230145,-9.997517,-200.00003,0,0
34.230145,-9.997517,-200.00003,0,0
33.230145,-9.997517,-200.00003,0,0
32.230145,-9.997517,-200.00003,0,0
31.230145,-9.997517,-200.00003,0,0
30.230145,-9.997517,-200.00003,0,0
29.230145,-9.997517,-200.00003,0,0
28.230145,-9.997517,-200.00003,0,0
27.230145,-9.997517,-200.00003,0,0
26.230145,-9.997517,-200.00003,0,0
25.230145,-9.997517,-200.00003,0,0
24.230145,-9.997517,-200.00003,0,0
23.230145,-9.997517,-200.00003,0,0
22.230145,-9.997517,-200.00003,0,0
21.230145,-9.997517,-200.00003,0,7.999998
20.230145,-9.997517,-200.00003,0,55.999996
19.230145,-9.997517,-200.00003,0.4150372,31.999996
18.230145,-9.997517,-200.00003,0.4594822,51.999996
17.230145,-9.997517,-200.00003,0.5085378,63.999996
16.230145,-9.997517,-200.00003,0.47280306,39.999996
15.2301445,-9.997517,-200.00003,0.4012196,43.999996
14.2301445,-9.997517,-200.00003,0.31656682,35.999996
13.2301445,-9.997517,-200.00003,0.18823591,27.999996
12.2301445,-9.997517,-200.00003,0.10653053,39.999996
11.2301445,-9.997517,-200.00003,0.07694183,47.999996
10.2301445,-9.997517,-200.00003,0.0633484,27.999996
9.2301445,-9.997517,-200.00003,0.19864196,71.99999
8.2301445,-9.997517,-200.00003,0.3953792,55.999996
7.2301445,-9.997517,-200.00003,0.47836277,59.999996
6.2301445,-9.997517,-200.00003,0.48460287,43.999996
5.2301445,-9.997517,-200.00003,0.5032276,71.99999
4.2301445,-9.997517,-200.00003,0.47573045,43.999996
3.2301445,-9.997517,-200.00003,0.43579623,27.999996
2.2301445,-9.997517,-200.00003,0.50244045,35.999996
1.2301445,-9.997517,-200.00003,0.50764066,55.999996
0.2301445,-9.997517,-200.00003,0.40756917,39.999996
-0.7698555,-9.997517,-200.00003,0.3530877,55.999996
-1.7698555,-9.997517,-200.00003,0.32919875,63.999996
-2.7698555,-9.997517,-200.00003,0.3032822,59.999996
-3.7698555,-9.997517,-200.00003,0.36242825,67.99999
-4.7698555,-9.997517,-200.00003,0.5062446,103.99999
-5.7698555,-9.997517,-200.00003,0.5725455,99.99999
-6.7698555,-9.997517,-200.00003,0.55699843,75.99999
-7.7698555,-9.997517,-200.00003,0.5882585,79.99999
-8.7698555,-9.997517,-200.00003,0.58103025,67.99999
-9.7698555,-9.997517,-200.00003,0.4529698,59.999996
-10.7698555,-9.997517,-200.00003,0.3306118,47.999996
-11.7698555,-9.997517,-200.00003,0.2538717,27.999996
-12.7698555,-9.997517,-200.00003,0.16590005,43.999996
-13.7698555,-9.997517,-200.00003,0.1928868,35.999996
-14.7698555,-9.997517,-200.00003,0.3085703,47.999996
-15.7698555,-9.997517,-200.00003,0.34126914,43.999996
-16.769855,-9.997517,-200.00003,0.33147076,75.99999
-17.769855,-9.997517,-200.00003,0.38012958,51.999996
-18.769855,-9.997517,-200.00003,0.40024194,79.99999
-19.769855,-9.997517,-200.00003,0.33458427,59.999996
-20.769855,-9.997517,-200.00003,0,91.99999
-21.769855,-9.997517,-200.00003,0,11.999997
-22.769855,-9.997517,-200.00003,0,0
-23.769855,-9.997517,-200.00003,0,0
-24.769855,-9.997517,-200.00003,0,0
-25.769855,-9.997517,-200.00003,0,0
-26.769855,-9.997517,-200.00003,0,0
-27.769855,-9.997517,-200.00003,0,0
-28.769855,-9.997517,-200.00003,0,0
-29.769855,-9.997517,-200.00003,0,0
-30.769855,-9.997517,-200.00003,0,0
-31.769855,-9.997517,-200.00003,0,0
-32.769855,-9.997517,-200.00003,0,0
-33.769855,-9.997517,-200.00003,0,0
-34.769855,-9.997517,-200.00003,0,0
-35.769855,-9.997517,-200.00003,0,0
-36.769855,-9.997517,-200.00003,0,0
-37.769855,-9.997517,-200.00003,0,0
-38.769855,-9.997517,-200.00003,0,0
-39.769855,-9.997517,-200.00003,0,0
-40.769855,-9.997517,-200.00003,0,0
-41.769855,-9.997517,-200.00003,0,0
-42.769855,-9.997517,-200.00003,0,0
-43.769855,-9.997517,-200.00003,0,0
-44.769855,-9.997517,-200.00003,0,0
-45.769855,-9.997517,-200.00003,0,0
-46.769855,-9.997517,-200.00003,0,0
-47.769855,-9.997517,-200.00003,0,0
-48.769855,-9.997517,-200.00003,0,0
-49.769855,-9.997517,-200.00003,0,0
49.230145,-10.997517,-200.00003,0,0
48.230145,-10.997517,-200.00003,0,0
47.230145,-10.997517,-200.00003,0,0
46.230145,-10.997517,-200.00003,0,0
45.230145,-10.997517,-200.00003,0,0
44.230145,-10.997517,-200.00003,0,0
43.230145,-10.997517,-200.00003,0,0
42.230145,-10.997517,-200.00003,0,0
41.230145,-10.997517,-200.00003,0,0
40.230145,-10.997517,-200.00003,0,0
39.230145,-10.997517,-200.00003,0,0
38.230145,-10.997517,-200.00003,0,0
37.230145,-10.997517,-200.00003,0,0
36.230145,-10.997517,-200.00003,0,0
35.230145,-10.997517,-200.00003,0,0
34.230145,-10.997517,-200.00003,0,0
33.230145,-10.997517,-200.00003,0,0
32.230145,-10.997517,-200.00003,0,0
31.230145,-10.997517,-200.00003,0,0
30.230145,-10.997517,-200.00003,0,0
29.230145,-10.997517,-200.00003,0,0
28.230145,-10.997517,-200.00003,0,0
27.230145,-10.997517,-200.00003,0,0
26.230145,-10.997517,-200.00003,0,0
25.230145,-10.997517,-200.00003,0,0
24.230145,-10.997517,-200.00003,0,0
23.230145,-10.997517,-200.00003,0,0
22.230145,-10.997517,-200.00003,0,0
21.230145,-10.997517,-200.00003,0,0
20.230145,-10.997517,-200.00003,0,15.999996
19.230145,-10.997517,-200.00003,-Infinity,71.99999
18.230145,-10.997517,-200.00003,0.43154353,55.999996
17.230145,-10.997517,-200.00003,0.41328457,51.999996
16.230145,-10.997517,-200.00003,0.39538628,47.999996
15.2301445,-10.997517,-200.00003,0.42872354,67.99999
14.2301445,-10.997517,-200.00003,0.38731325,55.999996
13.2301445,-10.997517,-200.00003,0.19597626,43.999996
12.2301445,-10.997517,-200.00003,0.069594726,31.999996
11.2301445,-10.997517,-200.00003,0.07055815,39.999996
10.2301445,-10.997517,-200.00003,0.107127026,47.999996
9.2301445,-10.997517,-200.00003,0.24713627,35.999996
8.2301445,-10.997517,-200.00003,0.47322166,71.99999
7.2301445,-10.997517,-200.00003,0.5995488,59.999996
6.2301445,-10.997517,-200.00003,0.61093116,35.999996
5.2301445,-10.997517,-200.00003,0.55370796,39.999996
4.2301445,-10.997517,-200.00003,0.4820155,47.999996
3.2301445,-10.997517,-200.00003,0.5321094,51.999996
2.2301445,-10.997517,-200.00003,0.61647606,47.999996
1.2301445,-10.997517,-200.00003,0.5850129,47.999996
0.2301445,-10.997517,-200.00003,0.46648213,63.999996
-0.7698555,-10.997517,-200.00003,0.38865197,39.999996
-1.7698555,-10.997517,-200.00003,0.38129967,51.999996
-2.7698555,-10.997517,-200.00003,0.38119596,47.999996
-3.7698555,-10.997517,-200.00003,0.39520755,43.999996
-4.7698555,-10.997517,-200.00003,0.4717076,67.99999
-5.7698555,-10.997517,-200.00003,0.48772544,107.99999
-6.7698555,-10.997517,-200.00003,0.4935538,83.99999
-7.7698555,-10.997517,-200.00003,0.5373762,83.99999
-8.7698555,-10.997517,-200.00003,0.5202209,67.99999
-9.7698555,-10.997517,-200.00003,0.43168026,75.99999
-10.7698555,-10.997517,-200.00003,0.40550235,47.999996
-11.7698555,-10.997517,-200.00003,0.39362788,63.999996
-12.7698555,-10.997517,-200.00003,0.26245728,55.999996
-13.7698555,-10.997517,-200.00003,0.19700286,39.999996
-14.7698555,-10.997517,-200.00003,0.28185552,59.999996
-15.7698555,-10.997517,-200.00003,0.3411953,63.999996
-16.769855,-10.997517,-200.00003,0.35452777,103.99999
-17.769855,-10.997517,-200.00003,0.4284535,87.99999
-18.769855,-10.997517,-200.00003,0.4594646,83.99999
-19.769855,-10.997517,-200.00003,-Infinity,91.99999
-20.769855,-10.997517,-200.00003,0,27.999996
-21.769855,-10.997517,-200.00003,0,0
-22.769855,-10.997517,-200.00003,0,0
-23.769855,-10.997517,-200.00003,0,0
-24.769855,-10.997517,-200.00003,0,0
-25.769855,-10.997517,-200.00003,0,0
-26.769855,-10.997517,-200.00003,0,0
-27.769855,-10.997517,-200.00003,0,0
-28.769855,-10.997517,-200.00003,0,0
-29.769855,-10.997517,-200.00003,0,0
-30.769855,-10.997517,-200.00003,0,0
-31.769855,-10.997517,-200.00003,0,0
-32.769855,-10.997517,-200.00003,0,0
-33.769855,-10.997517,-200.00003,0,0
-34.769855,-10.997517,-200.00003,0,0
-35.769855,-10.997517,-200.00003,0,0
-36.769855,-10.997517,-200.00003,0,0
-37.769855,-10.997517,-200.00003,0,0
-38.769855,-10.997517,-200.00003,0,0
-39.769855,-10.997517,-200.00003,0,0
-40.769855,-10.997517,-200.00003,0,0
-41.769855,-10.997517,-200.00003,0,0
-42.769855,-10.997517,-200.00003,0,0
-43.769855,-10.997517,-200.00003,0,0
-44.769855,-10.997517,-200.00003,0,0
-45.769855,-10.997517,-200.00003,0,0
-46.769855,-10.997517,-200.00003,0,0
-47.769855,-10.997517,-200.00003,0,0
-48.769855,-10.997517,-200.00003,0,0
-49.769855,-10.997517,-200.00003,0,0
49.230145,-11.997517,-200.00003,0,0
48.230145,-11.997517,-200.00003,0,0
47.230145,-11.997517,-200.00003,0,0
46.230145,-11.997517,-200.00003,0,0
45.230145,-11.997517,-200.00003,0,0
44.230145,-11.997517,-200.00003,0,0
43.230145,-11.997517,-200.00003,0,0
42.230145,-11.997517,-200.00003,0,0
41.230145,-11.997517,-200.00003,0,0
40.230145,-11.997517,-200.00003,0,0
39.230145,-11.997517,-200.00003,0,0
38.230145,-11.997517,-200.00003,0,0
37.230145,-11.997517,-200.00003,0,0
36.230145,-11.997517,-200.00003,0,0
35.230145,-11.997517,-200.00003,0,0
34.230145,-11.997517,-200.00003,0,0
33.230145,-11.997517,-200.00003,0,0
32.230145,-11.997517,-200.00003,0,0
31.230145,-11.997517,-200.00003,0,0
30.230145,-11.997517,-200.00003,0,0
29.230145,-11.997517,-200.00003,0,0
28.230145,-11.997517,-200.00003,0,0
27.230145,-11.997517,-200.00003,0,0
26.230145,-11.997517,-200.00003,0,0
25.230145,-11.997517,-200.00003,0,0
24.230145,-11.997517,-200.00003,0,0
23.230145,-11.997517,-200.00003,0,0
22.230145,-11.997517,-200.00003,0,0
21.230145,-11.997517,-200.00003,0,0
20.230145,-11.997517,-200.00003,0,0
19.230145,-11.997517,-200.00003,0,71.99999
18.230145,-11.997517,-200.00003,Infinity,31.999996
17.230145,-11.997517,-200.00003,0.3290322,75.99999
16.230145,-11.997517,-200.00003,0.34204897,51.999996
15.2301445,-11.997517,-200.00003,0.36455655,55.999996
14.2301445,-11.997517,-200.00003,0.34374776,43.999996
13.2301445,-11.997517,-200.00003,0.22917745,43.999996
12.2301445,-11.997517,-200.00003,0.13864212,31.999996
11.2301445,-11.997517,-200.00003,0.1187882,51.999996
10.2301445,-11.997517,-200.00003,0.12401065,55.999996
9.2301445,-11.997517,-200.00003,0.27038366,39.999996
8.2301445,-11.997517,-200.00003,0.53172445,67.99999
7.2301445,-11.997517,-200.00003,0.6298842,55.999996
6.2301445,-11.997517,-200.00003,0.6145479,71.99999
5.2301445,-11.997517,-200.00003,0.51993585,39.999996
4.2301445,-11.997517,-200.00003,0.4811628,35.999996
3.2301445,-11.997517,-200.00003,0.5656173,55.999996
2.2301445,-11.997517,-200.00003,0.5937186,51.999996
1.2301445,-11.997517,-200.00003,0.59054816,63.999996
0.2301445,-11.997517,-200.00003,0.54016024,55.999996
-0.7698555,-11.997517,-200.00003,0.48856393,27.999996
-1.7698555,-11.997517,-200.00003,0.49096623,47.999996
-2.7698555,-11.997517,-200.00003,0.4769699,79.99999
-3.7698555,-11.997517,-200.00003,0.44735208,55.999996
-4.7698555,-11.997517,-200.00003,0.40621743,71.99999
-5.7698555,-11.997517,-200.00003,0.3665181,75.99999
-6.7698555,-11.997517,-200.00003,0.38096216,71.99999
-7.7698555,-11.997517,-200.00003,0.4265944,75.99999
-8.7698555,-11.997517,-200.00003,0.43908167,51.999996
-9.7698555,-11.997517,-200.00003,0.44098422,79.99999
-10.7698555,-11.997517,-200.00003,0.45273244,47.999996
-11.7698555,-11.997517,-200.00003,0.43883055,75.99999
-12.7698555,-11.997517,-200.00003,0.2788433,59.999996
-13.7698555,-11.997517,-200.00003,0.109656006,11.999997
-14.7698555,-11.997517,-200.00003,0.1655368,31.999996
-15.7698555,-11.997517,-200.00003,0.30726075,27.999996
-16.769855,-11.997517,-200.00003,0.38951027,51.999996
-17.769855,-11.997517,-200.00003,0.54594475,55.999996
-18.769855,-11.997517,-200.00003,0,71.99999
-19.769855,-11.997517,-200.00003,0,39.999996
-20.769855,-11.997517,-200.00003,0,0
-21.769855,-11.997517,-200.00003,0,0
-22.769855,-11.997517,-200.00003,0,0
-23.769855,-11.997517,-200.00003,0,0
-24.769855,-11.997517,-200.00003,0,0
-25.769855,-11.997517,-200.00003,0,0
-26.769855,-11.997517,-200.00003,0,0
-27.769855,-11.997517,-200.00003,0,0
-28.769855,-11.997517,-200.00003,0,0
-29.769855,-11.997517,-200.00003,0,0
-30.769855,-11.997517,-200.00003,0,0
-31.769855,-11.997517,-200.00003,0,0
-32.769855,-11.997517,-200.00003,0,0
-33.769855,-11.997517,-200.00003,0,0
-34.769855,-11.997517,-200.00003,0,0
-35.769855,-11.997517,-200.00003,0,0
-36.769855,-11.997517,-200.00003,0,0
-37.769855,-11.997517,-200.00003,0,0
-38.769855,-11.997517,-200.00003,0,0
-39.769855,-11.997517,-200.00003,0,0
-40.769855,-11.997517,-200.00003,0,0
-41.769855,-11.997517,-200.00003,0,0
-42.769855,-11.997517,-200.00003,0,0
-43.769855,-11.997517,-200.00003,0,0
-44.769855,-11.997517,-200.00003,0,0
-45.769855,-11.997517,-200.00003,0,0
-46.769855,-11.997517,-200.00003,0,0
-47.769855,-11.997517,-200.00003,0,0
-48.769855,-11.997517,-200.00003,0,0
-49.769855,-11.997517,-200.00003,0,0
49.230145,-12.997517,-200.00003,0,0
48.230145,-12.997517,-200.00003,0,0
47.230145,-12.997517,-200.00003,0,0
46.230145,-12.997517,-200.00003,0,0
45.230145,-12.997517,-200.00003,0,0
44.230145,-12.997517,-200.00003,0,0
43.230145,-12.997517,-200.00003,0,0
42.230145,-12.997517,-200.00003,0,0
41.230145,-12.997517,-200.00003,0,0
40.230145,-12.997517,-200.00003,0,0
39.230145,-12.997517,-200.00003,0,0
38.230145,-12.997517,-200.00003,0,0
37.230145,-12.997517,-200.00003,0,0
36.230145,-12.997517,-200.00003,0,0
35.230145,-12.997517,-200.00003,0,0
34.230145,-12.997517,-200.00003,0,0
33.230145,-12.997517,-200.00003,0,0
32.230145,-12.997517,-200.00003,0,0
31.230145,-12.997517,-200.00003,0,0
30.230145,-12.997517,-200.00003,0,0
29.230145,-12.997517,-200.00003,0,0
28.230145,-12.997517,-200.00003,0,0
27.230145,-12.997517,-200.00003,0,0
26.230145,-12.997517,-200.00003,0,0
25.230145,-12.997517,-200.00003,0,0
24.230145,-12.997517,-200.00003,0,0
23.230145,-12.997517,-200.00003,0,0
22.230145,-12.997517,-200.00003,0,0
21.230145,-12.997517,-200.00003,0,0
20.230145,-12.997517,-200.00003,0,0
19.230145,-12.997517,-200.00003,0,19.999996
18.230145,-12.997517,-200.00003,0,71.99999
17.230145,-12.997517,-200.00003,0.31849617,55.999996
16.230145,-12.997517,-200.00003,0.34247333,63.999996
15.2301445,-12.997517,-200.00003,0.28444362,39.999996
14.2301445,-12.997517,-200.00003,0.33324754,79.99999
13.2301445,-12.997517,-200.00003,0.34020332,63.999996
12.2301445,-12.997517,-200.00003,0.30965203,39.999996
11.2301445,-12.997517,-200.00003,0.21851575,39.999996
10.2301445,-12.997517,-200.00003,0.10310873,3.999999
9.2301445,-12.997517,-200.00003,0.28247476,63.999996
8.2301445,-12.997517,-200.00003,0.48760012,59.999996
7.2301445,-12.997517,-200.00003,0.5331338,47.999996
6.2301445,-12.997517,-200.00003,0.48030084,63.999996
5.2301445,-12.997517,-200.00003,0.42696398,35.999996
4.2301445,-12.997517,-200.00003,0.4725623,63.999996
3.2301445,-12.997517,-200.00003,0.53835666,39.999996
2.2301445,-12.997517,-200.00003,0.5476997,71.99999
1.2301445,-12.997517,-200.00003,0.5303227,71.99999
0.2301445,-12.997517,-200.00003,0.517404,55.999996
-0.7698555,-12.997517,-200.00003,0.557032,51.999996
-1.7698555,-12.997517,-200.00003,0.54984653,91.99999
-2.7698555,-12.997517,-200.00003,0.45625654,39.999996
-3.7698555,-12.997517,-200.00003,0.43326157,47.999996
-4.7698555,-12.997517,-200.00003,0.4236526,51.999996
-5.7698555,-12.997517,-200.00003,0.37946105,51.999996
-6.7698555,-12.997517,-200.00003,0.39415833,67.99999
-7.7698555,-12.997517,-200.00003,0.42369974,59.999996
-8.7698555,-12.997517,-200.00003,0.42448527,79.99999
-9.7698555,-12.997517,-200.00003,0.39727652,43.999996
-10.7698555,-12.997517,-200.00003,0.39056784,75.99999
-11.7698555,-12.997517,-200.00003,0.4037434,71.99999
-12.7698555,-12.997517,-200.00003,0.25945967,39.999996
-13.7698555,-12.997517,-200.00003,0.10733729,19.999996
-14.7698555,-12.997517,-200.00003,0.21165176,43.999996
-15.7698555,-12.997517,-200.00003,0.46748722,87.99999
-16.769855,-12.997517,-200.00003,0.6089086,79.99999
-17.769855,-12.997517,-200.00003,Infinity,87.99999
-18.769855,-12.997517,-200.00003,0,59.999996
-19.769855,-12.997517,-200.00003,0,0
-20.769855,-12.997517,-200.00003,0,0
-21.769855,-12.997517,-200.00003,0,0
-22.769855,-12.997517,-200.00003,0,0
-23.769855,-12.997517,-200.00003,0,0
-24.769855,-12.997517,-200.00003,0,0
-25.769855,-12.997517,-200.00003,0,0
-26.769855,-12.997517,-200.00003,0,0
-27.769855,-12.997517,-200.00003,0,0
-28.769855,-12.997517,-200.00003,0,0
-29.769855,-12.997517,-200.00003,0,0
-30.769855,-12.997517,-200.00003,0,0
-31.769855,-12.997517,-200.00003,0,0
-32.769855,-12.997517,-200.00003,0,0
-33.769855,-12.997517,-200.00003,0,0
-34.769855,-12.997517,-200.00003,0,0
-35.769855,-12.997517,-200.00003,0,0
-36.769855,-12.997517,-200.00003,0,0
-37.769855,-12.997517,-200.00003,0,0
-38.769855,-12.997517,-200.00003,0,0
-39.769855,-12.997517,-200.00003,0,0
-40.769855,-12.997517,-200.00003,0,0
-41.769855,-12.997517,-200.00003,0,0
-42.769855,-12.997517,-200.00003,0,0
-43.769855,-12.997517,-200.00003,0,0
-44.769855,-12.997517,-200.00003,0,0
-45.769855,-12.997517,-200.00003,0,0
-46.769855,-12.997517,-200.00003,0,0
-47.769855,-12.997517,-200.00003,0,0
-48.769855,-12.997517,-200.00003,0,0
-49.769855,-12.997517,-200.00003,0,0
49.230145,-13.997517,-200.00003,0,0
48.230145,-13.997517,-200.00003,0,0
47.230145,-13.997517,-200.00003,0,0
46.230145,-13.997517,-200.00003,0,0
45.230145,-13.997517,-200.00003,0,0
44.230145,-13.997517,-200.00003,0,0
43.230145,-13.997517,-200.00003,0,0
42.230145,-13.997517,-200.00003,0,0
41.230145,-13.997517,-200.00003,0,0
40.230145,-13.997517,-200.00003,0,0
39.230145,-13.997517,-200.00003,0,0
38.230145,-13.997517,-200.00003,0,0
37.230145,-13.997517,-200.00003,0,0
36.230145,-13.997517,-200.00003,0,0
35.230145,-13.997517,-200.00003,0,0
34.230145,-13.997517,-200.00003,0,0
33.230145,-13.997517,-200.00003,0,0
32.230145,-13.997517,-200.00003,0,0
31.230145,-13.997517,-200.00003,0,0
30.230145,-13.997517,-200.00003,0,0
29.230145,-13.997517,-200.00003,0,0
28.230145,-13.997517,-200.00003,0,0
27.230145,-13.997517,-200.00003,0,0
26.230145,-13.997517,-200.00003,0,0
25.230145,-13.997517,-200.00003,0,0
24.230145,-13.997517,-200.00003,0,0
23.230145,-13.997517,-200.00003,0,0
22.230145,-13.997517,-200.00003,0,0
21.230145,-13.997517,-200.00003,0,0
20.230145,-13.997517,-200.00003,0,0
19.230145,-13.997517,-200.00003,0,0
18.230145,-13.997517,-200.00003,0,27.999996
17.230145,-13.997517,-200.00003,0,79.99999
16.230145,-13.997517,-200.00003,0.39267194,79.99999
15.2301445,-13.997517,-200.00003,0.33424604,75.99999
14.2301445,-13.997517,-200.00003,0.38837367,87.99999
13.2301445,-13.997517,-200.00003,0.44123375,87.99999
12.2301445,-13.997517,-200.00003,0.44340175,111.99999
11.2301445,-13.997517,-200.00003,0.3511562,87.99999
10.2301445,-13.997517,-200.00003,0.24700831,95.99999
9.2301445,-13.997517,-200.00003,0.2671376,63.999996
8.2301445,-13.997517,-200.00003,0.38522518,79.99999
7.2301445,-13.997517,-200.00003,0.44045904,55.999996
6.2301445,-13.997517,-200.00003,0.40524724,51.999996
5.2301445,-13.997517,-200.00003,0.37075585,35.999996
4.2301445,-13.997517,-200.00003,0.41872665,63.999996
3.2301445,-13.997517,-200.00003,0.50591516,75.99999
2.2301445,-13.997517,-200.00003,0.53901744,51.999996
1.2301445,-13.997517,-200.00003,0.53737104,43.999996
0.2301445,-13.997517,-200.00003,0.51052517,47.999996
-0.7698555,-13.997517,-200.00003,0.51123095,95.99999
-1.7698555,-13.997517,-200.00003,0.4805891,75.99999
-2.7698555,-13.997517,-200.00003,0.4204231,71.99999
-3.7698555,-13.997517,-200.00003,0.42327732,47.999996
-4.7698555,-13.997517,-200.00003,0.47497243,91.99999
-5.7698555,-13.997517,-200.00003,0.49542475,67.99999
-6.7698555,-13.997517,-200.00003,0.5527271,83.99999
-7.7698555,-13.997517,-200.00003,0.5428501,67.99999
-8.7698555,-13.997517,-200.00003,0.42554095,71.99999
-9.7698555,-13.997517,-200.00003,0.3150891,51.999996
-10.7698555,-13.997517,-200.00003,0.27862793,59.999996
-11.7698555,-13.997517,-200.00003,0.30886197,35.999996
-12.7698555,-13.997517,-200.00003,0.2770956,91.99999
-13.7698555,-13.997517,-200.00003,0.22308317,19.999996
-14.7698555,-13.997517,-200.00003,0.43215704,47.999996
-15.7698555,-13.997517,-200.00003,0.7132976,63.999996
-16.769855,-13.997517,-200.00003,0,83.99999
-17.769855,-13.997517,-200.00003,0,51.999996
-18.769855,-13.997517,-200.00003,0,3.999999
-19.769855,-13.997517,-200.00003,0,0
-20.769855,-13.997517,-200.00003,0,0
-21.769855,-13.997517,-200.00003,0,0
-22.769855,-13.997517,-200.00003,0,0
-23.769855,-13.997517,-200.00003,0,0
-24.769855,-13.997517,-200.00003,0,0
-25.769855,-13.997517,-200.00003,0,0
-26.769855,-13.997517,-200.00003,0,0
-27.769855,-13.997517,-200.00003,0,0
-28.769855,-13.997517,-200.00003,0,0
-29.769855,-13.997517,-200.00003,0,0
-30.769855,-13.997517,-200.00003,0,0
-31.769855,-13.997517,-200.00003,0,0
-32.769855,-13.997517,-200.00003,0,0
-33.769855,-13.997517,-200.00003,0,0
-34.769855,-13.997517,-200.00003,0,0
-35.769855,-13.997517,-200.00003,0,0
-36.769855,-13.997517,-200.00003,0,0
-37.769855,-13.997517,-200.00003,0,0
-38.769855,-13.997517,-200.00003,0,0
-39.769855,-13.997517,-200.00003,0,0
-40.769855,-13.997517,-200.00003,0,0
-41.769855,-13.997517,-200.00003,0,0
-42.769855,-13.997517,-200.00003,0,0
-43.769855,-13.997517,-200.00003,0,0
-44.769855,-13.997517,-200.00003,0,0
-45.769855,-13.997517,-200.00003,0,0
-46.769855,-13.997517,-200.00003,0,0
-47.769855,-13.997517,-200.00003,0,0
-48.769855,-13.997517,-200.00003,0,0
-49.769855,-13.997517,-200.00003,0,0
49.230145,-14.997517,-200.00003,0,0
48.230145,-14.997517,-200.00003,0,0
47.230145,-14.997517,-200.00003,0,0
46.230145,-14.997517,-200.00003,0,0
45.230145,-14.997517,-200.00003,0,0
44.230145,-14.997517,-200.00003,0,0
43.230145,-14.997517,-200.00003,0,0
42.230145,-14.997517,-200.00003,0,0
41.230145,-14.997517,-200.00003,0,0
40.230145,-14.997517,-200.00003,0,0
39.230145,-14.997517,-200.00003,0,0
38.230145,-14.997517,-200.00003,0,0
37.230145,-14.997517,-200.00003,0,0
36.230145,-14.997517,-200.00003,0,0
35.230145,-14.997517,-200.00003,0,0
34.230145,-14.997517,-200.00003,0,0
33.230145,-14.997517,-200.00003,0,0
32.230145,-14.997517,-200.00003,0,0
31.230145,-14.997517,-200.00003,0,0
30.230145,-14.997517,-200.00003,0,0
29.230145,-14.997517,-200.00003,0,0
28.230145,-14.997517,-200.00003,0,0
27.230145,-14.997517,-200.00003,0,0
26.230145,-14.997517,-200.00003,0,0
25.230145,-14.997517,-200.00003,0,0
24.230145,-14.997517,-200.00003,0,0
23.230145,-14.997517,-200.00003,0,0
22.230145,-14.997517,-200.00003,0,0
21.230145,-14.997517,-200.00003,0,0
20.230145,-14.997517,-200.00003,0,0
19.230145,-14.997517,-200.00003,0,0
18.230145,-14.997517,-200.00003,0,0
17.230145,-14.997517,-200.00003,0,35.999996
16.230145,-14.997517,-200.00003,0,95.99999
15.2301445,-14.997517,-200.00003,0.3460177,59.999996
14.2301445,-14.997517,-200.00003,0.41422078,67.99999
13.2301445,-14.997517,-200.00003,0.4609275,71.99999
12.2301445,-14.997517,-200.00003,0.46143746,71.99999
11.2301445,-14.997517,-200.00003,0.4627478,67.99999
10.2301445,-14.997517,-200.00003,0.37148812,87.99999
9.2301445,-14.997517,-200.00003,0.24583152,35.999996
8.2301445,-14.997517,-200.00003,0.24695012,55.999996
7.2301445,-14.997517,-200.00003,0.34643692,79.99999
6.2301445,-14.997517,-200.00003,0.37286335,67.99999
5.2301445,-14.997517,-200.00003,0.324682,59.999996
4.2301445,-14.997517,-200.00003,0.31823283,43.999996
3.2301445,-14.997517,-200.00003,0.40118614,67.99999
2.2301445,-14.997517,-200.00003,0.51161647,87.99999
1.2301445,-14.997517,-200.00003,0.5855333,71.99999
0.2301445,-14.997517,-200.00003,0.5269377,63.999996
-0.7698555,-14.997517,-200.00003,0.41961643,51.999996
-1.7698555,-14.997517,-200.00003,0.40836835,51.999996
-2.7698555,-14.997517,-200.00003,0.45291227,115.99999
-3.7698555,-14.997517,-200.00003,0.47922868,63.999996
-4.7698555,-14.997517,-200.00003,0.49773046,67.99999
-5.7698555,-14.997517,-200.00003,0.56291693,111.99999
-6.7698555,-14.997517,-200.00003,0.609135,99.99999
-7.7698555,-14.997517,-200.00003,0.5799204,75.99999
-8.7698555,-14.997517,-200.00003,0.42686504,63.999996
-9.7698555,-14.997517,-200.00003,0.2586701,67.99999
-10.7698555,-14.997517,-200.00003,0.186855,55.999996
-11.7698555,-14.997517,-200.00003,0.21059275,95.99999
-12.7698555,-14.997517,-200.00003,0.25996697,39.999996
-13.7698555,-14.997517,-200.00003,0.35774913,51.999996
-14.7698555,-14.997517,-200.00003,0.5355079,47.999996
-15.7698555,-14.997517,-200.00003,Infinity,135.99998
-16.769855,-14.997517,-200.00003,0,27.999996
-17.769855,-14.997517,-200.00003,0,0
-18.769855,-14.997517,-200.00003,0,0
-19.769855,-14.997517,-200.00003,0,0
-20.769855,-14.997517,-200.00003,0,0
-21.769855,-14.997517,-200.00003,0,0
-22.769855,-14.997517,-200.00003,0,0
-23.769855,-14.997517,-200.00003,0,0
-24.769855,-14.997517,-200.00003,0,0
-25.769855,-14.997517,-200.00003,0,0
-26.769855,-14.997517,-200.00003,0,0
-27.769855,-14.997517,-200.00003,0,0
-28.769855,-14.997517,-200.00003,0,0
-29.769855,-14.997517,-200.00003,0,0
-30.769855,-14.997517,-200.00003,0,0
-31.769855,-14.997517,-200.00003,0,0
-32.769855,-14.997517,-200.00003,0,0
-33.769855,-14.997517,-200.00003,0,0
-34.769855,-14.997517,-200.00003,0,0
-35.769855,-14.997517,-200.00003,0,0
-36.769855,-14.997517,-200.00003,0,0
-37.769855,-14.997517,-200.00003,0,0
-38.769855,-14.997517,-200.00003,0,0
-39.769855,-14.997517,-200.00003,0,0
-40.769855,-14.997517,-200.00003,0,0
-41.769855,-14.997517,-200.00003,0,0
-42.769855,-14.997517,-200.00003,0,0
-43.769855,-14.997517,-200.00003,0,0
-44.769855,-14.997517,-200.00003,0,0
-45.769855,-14.997517,-200.00003,0,0
-46.769855,-14.997517,-200.00003,0,0
-47.769855,-14.997517,-200.00003,0,0
-48.769855,-14.997517,-200.00003,0,0
-49.769855,-14.997517,-200.00003,0,0
49.230145,-15.997517,-200.00003,0,0
48.230145,-15.997517,-200.00003,0,0
47.230145,-15.997517,-200.00003,0,0
46.230145,-15.997517,-200.00003,0,0
45.230145,-15.997517,-200.00003,0,0
44.230145,-15.997517,-200.00003,0,0
43.230145,-15.997517,-200.00003,0,0
42.230145,-15.997517,-200.00003,0,0
41.230145,-15.997517,-200.00003,0,0
40.230145,-15.997517,-200.00003,0,0
39.230145,-15.997517,-200.00003,0,0
38.230145,-15.997517,-200.00003,0,0
37.230145,-15.997517,-200.00003,0,0
36.230145,-15.997517,-200.00003,0,0
35.230145,-15.997517,-200.00003,0,0
34.230145,-15.997517,-200.00003,0,0
33.230145,-15.997517,-200.00003,0,0
32.230145,-15.997517,-200.00003,0,0
31.230145,-15.997517,-200.00003,0,0
30.230145,-15.997517,-200.00003,0,0
29.230145,-15.997517,-200.00003,0,0
28.230145,-15.997517,-200.00003,0,0
27.230145,-15.997517,-200.00003,0,0
26.230145,-15.997517,-200.00003,0,0
25.230145,-15.997517,-200.00003,0,0
24.230145,-15.997517,-200.00003,0,0
23.230145,-15.997517,-200.00003,0,0
22.230145,-15.997517,-200.00003,0,0
21.230145,-15.997517,-200.00003,0,0
20.230145,-15.997517,-200.00003,0,0
19.230145,-15.997517,-200.00003,0,0
18.230145,-15.997517,-200.00003,0,0
17.230145,-15.997517,-200.00003,0,0
16.230145,-15.997517,-200.00003,0,19.999996
15.2301445,-15.997517,-200.00003,0,35.999996
14.2301445,-15.997517,-200.00003,Infinity,71.99999
13.2301445,-15.997517,-200.00003,0.51847935,111.99999
12.2301445,-15.997517,-200.00003,0.55595815,43.999996
11.2301445,-15.997517,-200.00003,0.55483913,91.99999
10.2301445,-15.997517,-200.00003,0.46410778,91.99999
9.2301445,-15.997517,-200.00003,0.31739408,51.999996
8.2301445,-15.997517,-200.00003,0.29232758,31.999996
7.2301445,-15.997517,-200.00003,0.35709867,43.999996
6.2301445,-15.997517,-200.00003,0.31884515,63.999996
5.2301445,-15.997517,-200.00003,0.22645566,51.999996
4.2301445,-15.997517,-200.00003,0.1819426,43.999996
3.2301445,-15.997517,-200.00003,0.23434202,43.999996
2.2301445,-15.997517,-200.00003,0.39661622,51.999996
1.2301445,-15.997517,-200.00003,0.53153235,95.99999
0.2301445,-15.997517,-200.00003,0.50936913,55.999996
-0.7698555,-15.997517,-200.00003,0.4338599,51.999996
-1.7698555,-15.997517,-200.00003,0.41952515,55.999996
-2.7698555,-15.997517,-200.00003,0.45258594,99.99999
-3.7698555,-15.997517,-200.00003,0.4570042,67.99999
-4.7698555,-15.997517,-200.00003,0.4730031,123.99999
-5.7698555,-15.997517,-200.00003,0.47558612,95.99999
-6.7698555,-15.997517,-200.00003,0.5122274,91.99999
-7.7698555,-15.997517,-200.00003,0.50103223,67.99999
-8.7698555,-15.997517,-200.00003,0.39064226,79.99999
-9.7698555,-15.997517,-200.00003,0.2517535,83.99999
-10.7698555,-15.997517,-200.00003,0.1920665,43.999996
-11.7698555,-15.997517,-200.00003,0.18674709,63.999996
-12.7698555,-15.997517,-200.00003,0.23029111,47.999996
-13.7698555,-15.997517,-200.00003,Infinity,75.99999
-14.7698555,-15.997517,-200.00003,0,43.999996
-15.7698555,-15.997517,-200.00003,0,11.999997
-16.769855,-15.997517,-200.00003,0,3.999999
-17.769855,-15.997517,-200.00003,0,0
-18.769855,-15.997517,-200.00003,0,0
-19.769855,-15.997517,-200.00003,0,0
-20.769855,-15.997517,-200.00003,0,0
-21.769855,-15.997517,-200.00003,0,0
-22.769855,-15.997517,-200.00003,0,0
-23.769855,-15.997517,-200.00003,0,0
-24.769855,-15.997517,-200.00003,0,0
-25.769855,-15.997517,-200.00003,0,0
-26.769855,-15.997517,-200.00003,0,0
-27.769855,-15.997517,-200.00003,0,0
-28.769855,-15.997517,-200.00003,0,0
-29.769855,-15.997517,-200.00003,0,0
-30.769855,-15.997517,-200.00003,0,0
-31.769855,-15.997517,-200.00003,0,0
-32.769855,-15.997517,-200.00003,0,0
-33.769855,-15.997517,-200.00003,0,0
-34.769855,-15.997517,-200.00003,0,0
-35.769855,-15.997517,-200.00003,0,0
-36.769855,-15.997517,-200.00003,0,0
-37.769855,-15.997517,-200.00003,0,0
-38.769855,-15.997517,-200.00003,0,0
-39.769855,-15.997517,-200.00003,0,0
-40.769855,-15.997517,-200.00003,0,0
-41.769855,-15.997517,-200.00003,0,0
-42.769855,-15.997517,-200.00003,0,0
-43.769855,-15.997517,-200.00003,0,0
-44.769855,-15.997517,-200.00003,0,0
-45.769855,-15.997517,-200.00003,0,0
-46.769855,-15.997517,-200.00003,0,0
-47.769855,-15.997517,-200.00003,0,0
-48.769855,-15.997517,-200.00003,0,0
-49.769855,-15.997517,-200.00003,0,0
49.230145,-16.997517,-200.00003,0,0
48.230145,-16.997517,-200.00003,0,0
47.230145,-16.997517,-200.00003,0,0
46.230145,-16.997517,-200.00003,0,0
45.230145,-16.997517,-200.00003,0,0
44.230145,-16.997517,-200.00003,0,0
43.230145,-16.997517,-200.00003,0,0
42.230145,-16.997517,-200.00003,0,0
41.230145,-16.997517,-200.00003,0,0
40.230145,-16.997517,-200.00003,0,0
39.230145,-16.997517,-200.00003,0,0
38.230145,-16.997517,-200.00003,0,0
37.230145,-16.997517,-200.00003,0,0
36.230145,-16.997517,-200.00003,0,0
35.230145,-16.997517,-200.00003,0,0
34.230145,-16.997517,-200.00003,0,0
33.230145,-16.997517,-200.00003,0,0
32.230145,-16.997517,-200.00003,0,0
31.230145,-16.997517,-200.00003,0,0
30.230145,-16.997517,-200.00003,0,0
29.230145,-16.997517,-200.00003,0,0
28.230145,-16.997517,-200.00003,0,0
27.230145,-16.997517,-200.00003,0,0
26.230145,-16.997517,-200.00003,0,0
25.230145,-16.997517,-200.00003,0,0
24.230145,-16.997517,-200.00003,0,0
23.230145,-16.997517,-200.00003,0,0
22.230145,-16.997517,-200.00003,0,0
21.230145,-16.997517,-200.00003,0,0
20.230145,-16.997517,-200.00003,0,0
19.230145,-16.997517,-200.00003,0,0
18.230145,-16.997517,-200.00003,0,0
17.230145,-16.997517,-200.00003,0,0
16.230145,-16.997517,-200.00003,0,0
15.2301445,-16.997517,-200.00003,0,11.999997
14.2301445,-16.997517,-200.00003,0,27.999996
13.2301445,-16.997517,-200.00003,0,47.999996
12.2301445,-16.997517,-200.00003,0.61962134,79.99999
11.2301445,-16.997517,-200.00003,0.57640296,63.999996
10.2301445,-16.997517,-200.00003,0.5165333,47.999996
9.2301445,-16.997517,-200.00003,0.4426213,91.99999
8.2301445,-16.997517,-200.00003,0.44770086,67.99999
7.2301445,-16.997517,-200.00003,0.4662641,95.99999
6.2301445,-16.997517,-200.00003,0.32445326,59.999996
5.2301445,-16.997517,-200.00003,0.13041982,39.999996
4.2301445,-16.997517,-200.00003,0.05041822,59.999996
3.2301445,-16.997517,-200.00003,0.07432325,71.99999
2.2301445,-16.997517,-200.00003,0.17669554,55.999996
1.2301445,-16.997517,-200.00003,0.30792934,87.99999
0.2301445,-16.997517,-200.00003,0.3724992,59.999996
-0.7698555,-16.997517,-200.00003,0.39871854,55.999996
-1.7698555,-16.997517,-200.00003,0.37037098,71.99999
-2.7698555,-16.997517,-200.00003,0.3442354,31.999996
-3.7698555,-16.997517,-200.00003,0.4072315,71.99999
-4.7698555,-16.997517,-200.00003,0.4226069,63.999996
-5.7698555,-16.997517,-200.00003,0.40502036,75.99999
-6.7698555,-16.997517,-200.00003,0.4579327,51.999996
-7.7698555,-16.997517,-200.00003,0.44902655,119.99999
-8.7698555,-16.997517,-200.00003,0.33164343,71.99999
-9.7698555,-16.997517,-200.00003,0.27876937,47.999996
-10.7698555,-16.997517,-200.00003,0.33950084,79.99999
-11.7698555,-16.997517,-200.00003,0.29464588,51.999996
-12.7698555,-16.997517,-200.00003,0,43.999996
-13.7698555,-16.997517,-200.00003,0,19.999996
-14.7698555,-16.997517,-200.00003,0,7.999998
-15.7698555,-16.997517,-200.00003,0,0
-16.769855,-16.997517,-200.00003,0,0
-17.769855,-16.997517,-200.00003,0,0
-18.769855,-16.997517,-200.00003,0,0
-19.769855,-16.997517,-200.00003,0,0
-20.769855,-16.997517,-200.00003,0,0
-21.769855,-16.997517,-200.00003,0,0
-22.769855,-16.997517,-200.00003,0,0
-23.769855,-16.997517,-200.00003,0,0
-24.769855,-16.997517,-200.00003,0,0
-25.769855,-16.997517,-200.00003,0,0
-26.769855,-16.997517,-200.00003,0,0
-27.769855,-16.997517,-200.00003,0,0
-28.769855,-16.997517,-200.00003,0,0
-29.769855,-16.997517,-200.00003,0,0
-30.769855,-16.997517,-200.00003,0,0
-31.769855,-16.997517,-200.00003,0,0
-32.769855,-16.997517,-200.00003,0,0
-33.769855,-16.997517,-200.00003,0,0
-34.769855,-16.997517,-200.00003,0,0
-35.769855,-16.997517,-200.00003,0,0
-36.769855,-16.997517,-200.00003,0,0
-37.769855,-16.997517,-200.00003,0,0
-38.769855,-16.997517,-200.00003,0,0
-39.769855,-16.997517,-200.00003,0,0
-40.769855,-16.997517,-200.00003,0,0
-41.769855,-16.997517,-200.00003,0,0
-42.769855,-16.997517,-200.00003,0,0
-43.769855,-16.997517,-200.00003,0,0
-44.769855,-16.997517,-200.00003,0,0
-45.769855,-16.997517,-200.00003,0,0
-46.769855,-16.997517,-200.00003,0,0
-47.769855,-16.997517,-200.00003,0,0
-48.769855,-16.997517,-200.00003,0,0
-49.769855,-16.997517,-200.00003,0,0
49.230145,-17.997517,-200.00003,0,0
48.230145,-17.997517,-200.00003,0,0
47.230145,-17.997517,-200.00003,0,0
46.230145,-17.997517,-200.00003,0,0
45.230145,-17.997517,-200.00003,0,0
44.230145,-17.997517,-200.00003,0,0
43.230145,-17.997517,-200.00003,0,0
42.230145,-17.997517,-200.00003,0,0
41.230145,-17.997517,-200.00003,0,0
40.230145,-17.997517,-200.00003,0,0
39.230145,-17.997517,-200.00003,0,0
38.230145,-17.997517,-200.00003,0,0
37.230145,-17.997517,-200.00003,0,0
36.230145,-17.997517,-200.00003,0,0
35.230145,-17.997517,-200.00003,0,0
34.230145,-17.997517,-200.00003,0,0
33.230145,-17.997517,-200.00003,0,0
32.230145,-17.997517,-200.00003,0,0
31.230145,-17.997517,-200.00003,0,0
30.230145,-17.997517,-200.00003,0,0
29.230145,-17.997517,-200.00003,0,0
28.230145,-17.997517,-200.00003,0,0
27.230145,-17.997517,-200.00003,0,0
26.230145,-17.997517,-200.00003,0,0
25.230145,-17.997517,-200.00003,0,0
24.230145,-17.997517,-200.00003,0,0
23.230145,-17.997517,-200.00003,0,0
22.230145,-17.997517,-200.00003,0,0
21.230145,-17.997517,-200.00003,0,0
20.230145,-17.997517,-200.00003,0,0
19.230145,-17.997517,-200.00003,0,0
18.230145,-17.997517,-200.00003,0,0
17.230145,-17.997517,-200.00003,0,0
16.230145,-17.997517,-200.00003,0,0
15.2301445,-17.997517,-200.00003,0,0
14.2301445,-17.997517,-200.00003,0,0
13.2301445,-17.997517,-200.00003,0,23.999996
12.2301445,-17.997517,-200.00003,0,51.999996
11.2301445,-17.997517,-200.00003,Infinity,31.999996
10.2301445,-17.997517,-200.00003,0.43897098,55.999996
9.2301445,-17.997517,-200.00003,0.3772261,91.99999
8.2301445,-17.997517,-200.00003,0.43202293,39.999996
7.2301445,-17.997517,-200.00003,0.50338024,71.99999
6.2301445,-17.997517,-200.00003,0.3808257,51.999996
5.2301445,-17.997517,-200.00003,0.122554034,51.999996
4.2301445,-17.997517,-200.00003,-0.029121421,47.999996
3.2301445,-17.997517,-200.00003,-0.0013451762,47.999996
2.2301445,-17.997517,-200.00003,0.09215839,39.999996
1.2301445,-17.997517,-200.00003,0.1499867,23.999996
0.2301445,-17.997517,-200.00003,0.24269155,35.999996
-0.7698555,-17.997517,-200.00003,0.31671995,59.999996
-1.7698555,-17.997517,-200.00003,0.27861732,23.999996
-2.7698555,-17.997517,-200.00003,0.27740234,47.999996
-3.7698555,-17.997517,-200.00003,0.32476947,63.999996
-4.7698555,-17.997517,-200.00003,0.3729028,103.99999
-5.7698555,-17.997517,-200.00003,0.39413878,127.99999
-6.7698555,-17.997517,-200.00003,0.41161248,87.99999
-7.7698555,-17.997517,-200.00003,0.35623854,119.99999
-8.7698555,-17.997517,-200.00003,0.30299017,59.999996
-9.7698555,-17.997517,-200.00003,0.4152497,87.99999
-10.7698555,-17.997517,-200.00003,0,55.999996
-11.7698555,-17.997517,-200.00003,0,47.999996
-12.7698555,-17.997517,-200.00003,0,3.999999
-13.7698555,-17.997517,-200.00003,0,0
-14.7698555,-17.997517,-200.00003,0,0
-15.7698555,-17.997517,-200.00003,0,0
-16.769855,-17.997517,-200.00003,0,0
-17.769855,-17.997517,-200.00003,0,0
-18.769855,-17.997517,-200.00003,0,0
-19.769855,-17.997517,-200.00003,0,0
-20.769855,-17.997517,-200.00003,0,0
-21.769855,-17.997517,-200.00003,0,0
-22.769855,-17.997517,-200.00003,0,0
-23.769855,-17.997517,-200.00003,0,0
-24.769855,-17.997517,-200.00003,0,0
-25.769855,-17.997517,-200.00003,0,0
-26.769855,-17.997517,-200.00003,0,0
-27.769855,-17.997517,-200.00003,0,0
-28.769855,-17.997517,-200.00003,0,0
-29.769855,-17.997517,-200.00003,0,0
-30.769855,-17.997517,-200.00003,0,0
-31.769855,-17.997517,-200.00003,0,0
-32.769855,-17.997517,-200.00003,0,0
-33.769855,-17.997517,-200.00003,0,0
-34.769855,-17.997517,-200.00003,0,0
-35.769855,-17.997517,-200.00003,0,0
-36.769855,-17.997517,-200.00003,0,0
-37.769855,-17.997517,-200.00003,0,0
-38.769855,-17.997517,-200.00003,0,0
-39.769855,-17.997517,-200.00003,0,0
-40.769855,-17.997517,-200.00003,0,0
-41.769855,-17.997517,-200.00003,0,0
-42.769855,-17.997517,-200.00003,0,0
-43.769855,-17.997517,-200.00003,0,0
-44.769855,-17.997517,-200.00003,0,0
-45.769855,-17.997517,-200.00003,0,0
-46.769855,-17.997517,-200.00003,0,0
-47.769855,-17.997517,-200.00003,0,0
-48.769855,-17.997517,-200.00003,0,0
-49.769855,-17.997517,-200.00003,0,0
49.230145,-18.997517,-200.00003,0,0
48.230145,-18.997517,-200.00003,0,0
47.230145,-18.997517,-200.00003,0,0
46.230145,-18.997517,-200.00003,0,0
45.230145,-18.997517,-200.00003,0,0
44.230145,-18.997517,-200.00003,0,0
43.230145,-18.997517,-200.00003,0,0
42.230145,-18.997517,-200.00003,0,0
41.230145,-18.997517,-200.00003,0,0
40.230145,-18.997517,-200.00003,0,0
39.230145,-18.997517,-200.00003,0,0
38.230145,-18.997517,-200.00003,0,0
37.230145,-18.997517,-200.00003,0,0
36.230145,-18.997517,-200.00003,0,0
35.230145,-18.997517,-200.00003,0,0
34.230145,-18.997517,-200.00003,0,0
33.230145,-18.997517,-200.00003,0,0
32.230145,-18.997517,-200.00003,0,0
31.230145,-18.997517,-200.00003,0,0
30.230145,-18.997517,-200.00003,0,0
29.230145,-18.997517,-200.00003,0,0
28.230145,-18.997517,-200.00003,0,0
27.230145,-18.997517,-200.00003,0,0
26.230145,-18.997517,-200.00003,0,0
25.230145,-18.997517,-200.00003,0,0
24.230145,-18.997517,-200.00003,0,0
23.230145,-18.997517,-200.00003,0,0
22.230145,-18.997517,-200.00003,0,0
21.230145,-18.997517,-200.00003,0,0
20.230145,-18.997517,-200.00003,0,0
19.230145,-18.997517,-200.00003,0,0
18.230145,-18.997517,-200.00003,0,0
17.230145,-18.997517,-200.00003,0,0
16.230145,-18.997517,-200.00003,0,0
15.2301445,-18.997517,-200.00003,0,0
14.2301445,-18.997517,-200.00003,0,0
13.2301445,-18.997517,-200.00003,0,0
12.2301445,-18.997517,-200.00003,0,3.999999
11.2301445,-18.997517,-200.00003,0,31.999996
10.2301445,-18.997517,-200.00003,0,39.999996
9.2301445,-18.997517,-200.00003,0,43.999996
8.2301445,-18.997517,-200.00003,0.35327154,39.999996
7.2301445,-18.997517,-200.00003,0.5448846,67.99999
6.2301445,-18.997517,-200.00003,0.4982497,67.99999
5.2301445,-18.997517,-200.00003,0.24777836,63.999996
4.2301445,-18.997517,-200.00003,0.052073646,39.999996
3.2301445,-18.997517,-200.00003,0.08811694,47.999996
2.2301445,-18.997517,-200.00003,0.23233856,75.99999
1.2301445,-18.997517,-200.00003,0.30250537,47.999996
0.2301445,-18.997517,-200.00003,0.33617195,63.999996
-0.7698555,-18.997517,-200.00003,0.3565982,79.99999
-1.7698555,-18.997517,-200.00003,0.32803956,67.99999
-2.7698555,-18.997517,-200.00003,0.30610436,71.99999
-3.7698555,-18.997517,-200.00003,0.2914482,75.99999
-4.7698555,-18.997517,-200.00003,0.33829188,91.99999
-5.7698555,-18.997517,-200.00003,0.40113598,79.99999
-6.7698555,-18.997517,-200.00003,0.3592339,63.999996
-7.7698555,-18.997517,-200.00003,Infinity,75.99999
-8.7698555,-18.997517,-200.00003,0,63.999996
-9.7698555,-18.997517,-200.00003,0,99.99999
-10.7698555,-18.997517,-200.00003,0,11.999997
-11.7698555,-18.997517,-200.00003,0,0
-12.7698555,-18.997517,-200.00003,0,0
-13.7698555,-18.997517,-200.00003,0,0
-14.7698555,-18.997517,-200.00003,0,0
-15.7698555,-18.997517,-200.00003,0,0
-16.769855,-18.997517,-200.00003,0,0
-17.769855,-18.997517,-200.00003,0,0
-18.769855,-18.997517,-200.00003,0,0
-19.769855,-18.997517,-200.00003,0,0
-20.769855,-18.997517,-200.00003,0,0
-21.769855,-18.997517,-200.00003,0,0
-22.769855,-18.997517,-200.00003,0,0
-23.769855,-18.997517,-200.00003,0,0
-24.769855,-18.997517,-200.00003,0,0
-25.769855,-18.997517,-200.00003,0,0
-26.769855,-18.997517,-200.00003,0,0
-27.769855,-18.997517,-200.00003,0,0
-28.769855,-18.997517,-200.00003,0,0
-29.769855,-18.997517,-200.00003,0,0
-30.769855,-18.997517,-200.00003,0,0
-31.769855,-18.997517,-200.00003,0,0
-32.769855,-18.997517,-200.00003,0,0
-33.769855,-18.997517,-200.00003,0,0
-34.769855,-18.997517,-200.00003,0,0
-35.769855,-18.997517,-200.00003,0,0
-36.769855,-18.997517,-200.00003,0,0
-37.769855,-18.997517,-200.00003,0,0
-38.769855,-18.997517,-200.00003,0,0
-39.769855,-18.997517,-200.00003,0,0
-40.769855,-18.997517,-200.00003,0,0
-41.769855,-18.997517,-200.00003,0,0
-42.769855,-18.997517,-200.00003,0,0
-43.769855,-18.997517,-200.00003,0,0
-44.769855,-18.997517,-200.00003,0,0
-45.769855,-18.997517,-200.00003,0,0
-46.769855,-18.997517,-200.00003,0,0
-47.769855,-18.997517,-200.00003,0,0
-48.769855,-18.997517,-200.00003,0,0
-49.769855,-18.997517,-200.00003,0,0
49.230145,-19.997517,-200.00003,0,0
48.230145,-19.997517,-200.00003,0,0
47.230145,-19.997517,-200.00003,0,0
46.230145,-19.997517,-200.00003,0,0
45.230145,-19.997517,-200.00003,0,0
44.230145,-19.997517,-200.00003,0,0
43.230145,-19.997517,-200.00003,0,0
42.230145,-19.997517,-200.00003,0,0
41.230145,-19.997517,-200.00003,0,0
40.230145,-19.997517,-200.00003,0,0
39.230145,-19.997517,-200.00003,0,0
38.230145,-19.997517,-200.00003,0,0
37.230145,-19.997517,-200.00003,0,0
36.230145,-19.997517,-200.00003,0,0
35.230145,-19.997517,-200.00003,0,0
34.230145,-19.997517,-200.00003,0,0
33.230145,-19.997517,-200.00003,0,0
32.230145,-19.997517,-200.00003,0,0
31.230145,-19.997517,-200.00003,0,0
30.230145,-19.997517,-200.00003,0,0
29.230145,-19.997517,-200.00003,0,0
28.230145,-19.997517,-200.00003,0,0
27.230145,-19.997517,-200.00003,0,0
26.230145,-19.997517,-200.00003,0,0
25.230145,-19.997517,-200.00003,0,0
24.230145,-19.997517,-200.00003,0,0
23.230145,-19.997517,-200.00003,0,0
22.230145,-19.997517,-200.00003,0,0
21.230145,-19.997517,-200.00003,0,0
20.230145,-19.997517,-200.00003,0,0
19.230145,-19.997517,-200.00003,0,0
18.230145,-19.997517,-200.00003,0,0
17.230145,-19.997517,-200.00003,0,0
16.230145,-19.997517,-200.00003,0,0
15.2301445,-19.997517,-200.00003,0,0
14.2301445,-19.997517,-200.00003,0,0
13.2301445,-19.997517,-200.00003,0,0
12.2301445,-19.997517,-200.00003,0,0
11.2301445,-19.997517,-200.00003,0,0
10.2301445,-19.997517,-200.00003,0,0
9.2301445,-19.997517,-200.00003,0,3.999999
8.2301445,-19.997517,-200.00003,0,31.999996
7.2301445,-19.997517,-200.00003,0,43.999996
6.2301445,-19.997517,-200.00003,Infinity,111.99999
5.2301445,-19.997517,-200.00003,Infinity,71.99999
4.2301445,-19.997517,-200.00003,0.25216186,55.999996
3.2301445,-19.997517,-200.00003,0.3111159,43.999996
2.2301445,-19.997517,-200.00003,0.47237355,63.999996
1.2301445,-19.997517,-200.00003,0.586129,63.999996
0.2301445,-19.997517,-200.00003,0.55985415,83.99999
-0.7698555,-19.997517,-200.00003,0.4476676,79.99999
-1.7698555,-19.997517,-200.00003,0.37585795,79.99999
-2.7698555,-19.997517,-200.00003,0.37473938,47.999996
-3.7698555,-19.997517,-200.00003,0.36028236,115.99999
-4.7698555,-19.997517,-200.00003,0.34907395,95.99999
-5.7698555,-19.997517,-200.00003,0,95.99999
-6.7698555,-19.997517,-200.00003,0,63.999996
-7.7698555,-19.997517,-200.00003,0,35.999996
-8.7698555,-19.997517,-200.00003,0,7.999998
-9.7698555,-19.997517,-200.00003,0,0
-10.7698555,-19.997517,-200.00003,0,0
-11.7698555,-19.997517,-200.00003,0,0
-12.7698555,-19.997517,-200.00003,0,0
-13.7698555,-19.997517,-200.00003,0,0
-14.7698555,-19.997517,-200.00003,0,0
-15.7698555,-19.997517,-200.00003,0,0
-16.769855,-19.997517,-200.00003,0,0
-17.769855,-19.997517,-200.00003,0,0
-18.769855,-19.997517,-200.00003,0,0
-19.769855,-19.997517,-200.00003,0,0
-20.769855,-19.997517,-200.00003,0,0
-21.769855,-19.997517,-200.00003,0,0
-22.769855,-19.997517,-200.00003,0,0
-23.769855,-19.997517,-200.00003,0,0
-24.769855,-19.997517,-200.00003,0,0
-25.769855,-19.997517,-200.00003,0,0
-26.769855,-19.997517,-200.00003,0,0
-27.769855,-19.997517,-200.00003,0,0
-28.769855,-19.997517,-200.00003,0,0
-29.769855,-19.997517,-200.00003,0,0
-30.769855,-19.997517,-200.00003,0,0
-31.769855,-19.997517,-200.00003,0,0
-32.769855,-19.997517,-200.00003,0,0
-33.769855,-19.997517,-200.00003,0,0
-34.769855,-19.997517,-200.00003,0,0
-35.769855,-19.997517,-200.00003,0,0
-36.769855,-19.997517,-200.00003,0,0
-37.769855,-19.997517,-200.00003,0,0
-38.769855,-19.997517,-200.00003,0,0
-39.769855,-19.997517,-200.00003,0,0
-40.769855,-19.997517,-200.00003,0,0
-41.769855,-19.997517,-200.00003,0,0
-42.769855,-19.997517,-200.00003,0,0
-43.769855,-19.997517,-200.00003,0,0
-44.769855,-19.997517,-200.00003,0,0
-45.769855,-19.997517,-200.00003,0,0
-46.769855,-19.997517,-200.00003,0,0
-47.769855,-19.997517,-200.00003,0,0
-48.769855,-19.997517,-200.00003,0,0
-49.769855,-19.997517,-200.00003,0,0
49.230145,-20.997517,-200.00003,0,0
48.230145,-20.997517,-200.00003,0,0
47.230145,-20.997517,-200.00003,0,0
46.230145,-20.997517,-200.00003,0,0
45.230145,-20.997517,-200.00003,0,0
44.230145,-20.997517,-200.00003,0,0
43.230145,-20.997517,-200.00003,0,0
42.230145,-20.997517,-200.00003,0,0
41.230145,-20.997517,-200.00003,0,0
40.230145,-20.997517,-200.00003,0,0
39.230145,-20.997517,-200.00003,0,0
38.230145,-20.997517,-200.00003,0,0
37.230145,-20.997517,-200.00003,0,0
36.230145,-20.997517,-200.00003,0,0
35.230145,-20.997517,-200.00003,0,0
34.230145,-20.997517,-200.00003,0,0
33.230145,-20.997517,-200.00003,0,0
32.230145,-20.997517,-200.00003,0,0
31.230145,-20.997517,-200.00003,0,0
30.230145,-20.997517,-200.00003,0,0
29.230145,-20.997517,-200.00003,0,0
28.230145,-20.997517,-200.00003,0,0
27.230145,-20.997517,-200.00003,0,0
26.230145,-20.997517,-200.00003,0,0
25.230145,-20.997517,-200.00003,0,0
24.230145,-20.997517,-200.00003,0,0
23.230145,-20.997517,-200.00003,0,0
22.230145,-20.997517,-200.00003,0,0
21.230145,-20.997517,-200.00003,0,0
20.230145,-20.997517,-200.00003,0,0
19.230145,-20.997517,-200.00003,0,0
18.230145,-20.997517,-200.00003,0,0
17.230145,-20.997517,-200.00003,0,0
16.230145,-20.997517,-200.00003,0,0
15.2301445,-20.997517,-200.00003,0,0
14.2301445,-20.997517,-200.00003,0,0
13.2301445,-20.997517,-200.00003,0,0
12.2301445,-20.997517,-200.00003,0,0
11.2301445,-20.997517,-200.00003,0,0
10.2301445,-20.997517,-200.00003,0,0
9.2301445,-20.997517,-200.00003,0,0
8.2301445,-20.997517,-200.00003,0,0
7.2301445,-20.997517,-200.00003,0,3.999999
6.2301445,-20.997517,-200.00003,0,3.999999
5.2301445,-20.997517,-200.00003,0,23.999996
4.2301445,-20.997517,-200.00003,0,23.999996
3.2301445,-20.997517,-200.00003,0,31.999996
2.2301445,-20.997517,-200.00003,0,63.999996
1.2301445,-20.997517,-200.00003,0,71.99999
0.2301445,-20.997517,-200.00003,0,55.999996
-0.7698555,-20.997517,-200.00003,0,47.999996
-1.7698555,-20.997517,-200.00003,0,27.999996
-2.7698555,-20.997517,-200.00003,0,23.999996
-3.7698555,-20.997517,-200.00003,0,39.999996
-4.7698555,-20.997517,-200.00003,0,23.999996
-5.7698555,-20.997517,-200.00003,0,3.999999
-6.7698555,-20.997517,-200.00003,0,0
-7.7698555,-20.997517,-200.00003,0,0
-8.7698555,-20.997517,-200.00003,0,0
-9.7698555,-20.997517,-200.00003,0,0
-10.7698555,-20.997517,-200.00003,0,0
-11.7698555,-20.997517,-200.00003,0,0
-12.7698555,-20.997517,-200.00003,0,0
-13.7698555,-20.997517,-200.00003,0,0
-14.7698555,-20.997517,-200.00003,0,0
-15.7698555,-20.997517,-200.00003,0,0
-16.769855,-20.997517,-200.00003,0,0
-17.769855,-20.997517,-200.00003,0,0
-18.769855,-20.997517,-200.00003,0,0
-19.769855,-20.997517,-200.00003,0,0
-20.769855,-20.997517,-200.00003,0,0
-21.769855,-20.997517,-200.00003,0,0
-22.769855,-20.997517,-200.00003,0,0
-23.769855,-20.997517,-200.00003,0,0
-24.769855,-20.997517,-200.00003,0,0
-25.769855,-20.997517,-200.00003,0,0
-26.769855,-20.997517,-200.00003,0,0
-27.769855,-20.997517,-200.00003,0,0
-28.769855,-20.997517,-200.00003,0,0
-29.769855,-20.997517,-200.00003,0,0
-30.769855,-20.997517,-200.00003,0,0
-31.769855,-20.997517,-200.00003,0,0
-32.769855,-20.997517,-200.00003,0,0
-33.769855,-20.997517,-200.00003,0,0
-34.769855,-20.997517,-200.00003,0,0
-35.769855,-20.997517,-200.00003,0,0
-36.769855,-20.997517,-200.00003,0,0
-37.769855,-20.997517,-200.00003,0,0
-38.769855,-20.997517,-200.00003,0,0
-39.769855,-20.997517,-200.00003,0,0
-40.769855,-20.997517,-200.00003,0,0
-41.769855,-20.997517,-200.00003,0,0
-42.769855,-20.997517,-200.00003,0,0
-43.769855,-20.997517,-200.00003,0,0
-44.769855,-20.997517,-200.00003,0,0
-45.769855,-20.997517,-200.00003,0,0
-46.769855,-20.997517,-200.00003,0,0
-47.769855,-20.997517,-200.00003,0,0
-48.769855,-20.997517,-200.00003,0,0
-49.769855,-20.997517,-200.00003,0,0
49.230145,-21.997517,-200.00003,0,0
48.230145,-21.997517,-200.00003,0,0
47.230145,-21.997517,-200.00003,0,0
46.230145,-21.997517,-200.00003,0,0
45.230145,-21.997517,-200.00003,0,0
44.230145,-21.997517,-200.00003,0,0
43.230145,-21.997517,-200.00003,0,0
42.230145,-21.997517,-200.00003,0,0
41.230145,-21.997517,-200.00003,0,0
40.230145,-21.997517,-200.00003,0,0
39.230145,-21.997517,-200.00003,0,0
38.230145,-21.997517,-200.00003,0,0
37.230145,-21.997517,-200.00003,0,0
36.230145,-21.997517,-200.00003,0,0
35.230145,-21.997517,-200.00003,0,0
34.230145,-21.997517,-200.00003,0,0
33.230145,-21.997517,-200.00003,0,0
32.230145,-21.997517,-200.00003,0,0
31.230145,-21.997517,-200.00003,0,0
30.230145,-21.997517,-200.00003,0,0
29.230145,-21.997517,-200.00003,0,0
28.230145,-21.997517,-200.00003,0,0
27.230145,-21.997517,-200.00003,0,0
26.230145,-21.997517,-200.00003,0,0
25.230145,-21.997517,-200.00003,0,0
24.230145,-21.997517,-200.00003,0,0
23.230145,-21.997517,-200.00003,0,0
22.230145,-21.997517,-200.00003,0,0
21.230145,-21.997517,-200.00003,0,0
20.230145,-21.997517,-200.00003,0,0
19.230145,-21.997517,-200.00003,0,0
18.230145,-21.997517,-200.00003,0,0
17.230145,-21.997517,-200.00003,0,0
16.230145,-21.997517,-200.00003,0,0
15.2301445,-21.997517,-200.00003,0,0
14.2301445,-21.997517,-200.00003,0,0
13.2301445,-21.997517,-200.00003,0,0
12.2301445,-21.997517,-200.00003,0,0
11.2301445,-21.997517,-200.00003,0,0
10.2301445,-21.997517,-200.00003,0,0
9.2301445,-21.997517,-200.00003,0,0
8.2301445,-21.997517,-200.00003,0,0
7.2301445,-21.997517,-200.00003,0,0
6.2301445,-21.997517,-200.00003,0,0
5.2301445,-21.997517,-200.00003,0,0
4.2301445,-21.997517,-200.00003,0,0
3.2301445,-21.997517,-200.00003,0,0
2.2301445,-21.997517,-200.00003,0,0
1.2301445,-21.997517,-200.00003,0,3.999999
0.2301445,-21.997517,-200.00003,0,0
-0.7698555,-21.997517,-200.00003,0,0
-1.7698555,-21.997517,-200.00003,0,0
-2.7698555,-21.997517,-200.00003,0,0
-3.7698555,-21.997517,-200.00003,0,0
-4.7698555,-21.997517,-200.00003,0,0
-5.7698555,-21.997517,-200.00003,0,0
-6.7698555,-21.997517,-200.00003,0,0
-7.7698555,-21.997517,-200.00003,0,0
-8.7698555,-21.997517,-200.00003,0,0
-9.7698555,-21.997517,-200.00003,0,0
-10.7698555,-21.997517,-200.00003,0,0
-11.7698555,-21.997517,-200.00003,0,0
-12.7698555,-21.997517,-200.00003,0,0
-13.7698555,-21.997517,-200.00003,0,0
-14.7698555,-21.997517,-200.00003,0,0
-15.7698555,-21.997517,-200.00003,0,0
-16.769855,-21.997517,-200.00003,0,0
-17.769855,-21.997517,-200.00003,0,0
-18.769855,-21.997517,-200.00003,0,0
-19.769855,-21.997517,-200.00003,0,0
-20.769855,-21.997517,-200.00003,0,0
-21.769855,-21.997517,-200.00003,0,0
-22.769855,-21.997517,-200.00003,0,0
-23.769855,-21.997517,-200.00003,0,0
-24.769855,-21.997517,-200.00003,0,0
-25.769855,-21.997517,-200.00003,0,0
-26.769855,-21.997517,-200.00003,0,0
-27.769855,-21.997517,-200.00003,0,0
-28.769855,-21.997517,-200.00003,0,0
-29.769855,-21.997517,-200.00003,0,0
-30.769855,-21.997517,-200.00003,0,0
-31.769855,-21.997517,-200.00003,0,0
-32.769855,-21.997517,-200.00003,0,0
-33.769855,-21.997517,-200.00003,0,0
-34.769855,-21.997517,-200.00003,0,0
-35.769855,-21.997517,-200.00003,0,0
-36.769855,-21.997517,-200.00003,0,0
-37.769855,-21.997517,-200.00003,0,0
-38.769855,-21.997517,-200.00003,0,0
-39.769855,-21.997517,-200.00003,0,0
-40.769855,-21.997517,-200.00003,0,0
-41.769855,-21.997517,-200.00003,0,0
-42.769855,-21.997517,-200.00003,0,0
-43.769855,-21.997517,-200.00003,0,0
-44.769855,-21.997517,-200.00003,0,0
-45.769855,-21.997517,-200.00003,0,0
-46.769855,-21.997517,-200.00003,0,0
-47.769855,-21.997517,-200.00003,0,0
-48.769855,-21.997517,-200.00003,0,0
-49.769855,-21.997517,-200.00003,0,0
49.230145,-22.997517,-200.00003,0,0
48.230145,-22.997517,-200.00003,0,0
47.230145,-22.997517,-200.00003,0,0
46.230145,-22.997517,-200.00003,0,0
45.230145,-22.997517,-200.00003,0,0
44.230145,-22.997517,-200.00003,0,0
43.230145,-22.997517,-200.00003,0,0
42.230145,-22.997517,-200.00003,0,0
41.230145,-22.997517,-200.00003,0,0
40.230145,-22.997517,-200.00003,0,0
39.230145,-22.997517,-200.00003,0,0
38.230145,-22.997517,-200.00003,0,0
37.230145,-22.997517,-200.00003,0,0
36.230145,-22.997517,-200.00003,0,0
35.230145,-22.997517,-200.00003,0,0
34.230145,-22.997517,-200.00003,0,0
33.230145,-22.997517,-200.00003,0,0
32.230145,-22.997517,-200.00003,0,0
31.230145,-22.997517,-200.00003,0,0
30.230145,-22.997517,-200.00003,0,0
29.230145,-22.997517,-200.00003,0,0
28.230145,-22.997517,-200.00003,0,0
27.230145,-22.997517,-200.00003,0,0
26.230145,-22.997517,-200.00003,0,0
25.230145,-22.997517,-200.00003,0,0
24.230145,-22.997517,-200.00003,0,0
23.230145,-22.997517,-200.00003,0,0
22.230145,-22.997517,-200.00003,0,0
21.230145,-22.997517,-200.00003,0,0
20.230145,-22.997517,-200.00003,0,0
19.230145,-22.997517,-200.00003,0,0
18.230145,-22.997517,-200.00003,0,0
17.230145,-22.997517,-200.00003,0,0
16.230145,-22.997517,-200.00003,0,0
15.2301445,-22.997517,-200.00003,0,0
14.2301445,-22.997517,-200.00003,0,0
13.2301445,-22.997517,-200.00003,0,0
12.2301445,-22.997517,-200.00003,0,0
11.2301445,-22.997517,-200.00003,0,0
10.2301445,-22.997517,-200.00003,0,0
9.2301445,-22.997517,-200.00003,0,0
8.2301445,-22.997517,-200.00003,0,0
7.2301445,-22.997517,-200.00003,0,0
6.2301445,-22.997517,-200.00003,0,0
5.2301445,-22.997517,-200.00003,0,0
4.2301445,-22.997517,-200.00003,0,0
3.2301445,-22.997517,-200.00003,0,0
2.2301445,-22.997517,-200.00003,0,0
1.2301445,-22.997517,-200.00003,0,0
0.2301445,-22.997517,-200.00003,0,0
-0.7698555,-22.997517,-200.00003,0,0
-1.7698555,-22.997517,-200.00003,0,0
-2.7698555,-22.997517,-200.00003,0,0
-3.7698555,-22.997517,-200.00003,0,0
-4.7698555,-22.997517,-200.00003,0,0
-5.7698555,-22.997517,-200.00003,0,0
-6.7698555,-22.997517,-200.00003,0,0
-7.7698555,-22.997517,-200.00003,0,0
-8.7698555,-22.997517,-200.00003,0,0
-9.7698555,-22.997517,-200.00003,0,0
-10.7698555,-22.997517,-200.00003,0,0
-11.7698555,-22.997517,-200.00003,0,0
-12.7698555,-22.997517,-200.00003,0,0
-13.7698555,-22.997517,-200.00003,0,0
-14.7698555,-22.997517,-200.00003,0,0
-15.7698555,-22.997517,-200.00003,0,0
-16.769855,-22.997517,-200.00003,0,0
-17.769855,-22.997517,-200.00003,0,0
-18.769855,-22.997517,-200.00003,0,0
-19.769855,-22.997517,-200.00003,0,0
-20.769855,-22.997517,-200.00003,0,0
-21.769855,-22.997517,-200.00003,0,0
-22.769855,-22.997517,-200.00003,0,0
-23.769855,-22.997517,-200.00003,0,0
-24.769855,-22.997517,-200.00003,0,0
-25.769855,-22.997517,-200.00003,0,0
-26.769855,-22.997517,-200.00003,0,0
-27.769855,-22.997517,-200.00003,0,0
-28.769855,-22.997517,-200.00003,0,0
-29.769855,-22.997517,-200.00003,0,0
-30.769855,-22.997517,-200.00003,0,0
-31.769855,-22.997517,-200.00003,0,0
-32.769855,-22.997517,-200.00003,0,0
-33.769855,-22.997517,-200.00003,0,0
-34.769855,-22.997517,-200.00003,0,0
-35.769855,-22.997517,-200.00003,0,0
-36.769855,-22.997517,-200.00003,0,0
-37.769855,-22.997517,-200.00003,0,0
-38.769855,-22.997517,-200.00003,0,0
-39.769855,-22.997517,-200.00003,0,0
-40.769855,-22.997517,-200.00003,0,0
-41.769855,-22.997517,-200.00003,0,0
-42.769855,-22.997517,-200.00003,0,0
-43.769855,-22.997517,-200.00003,0,0
-44.769855,-22.997517,-200.00003,0,0
-45.769855,-22.997517,-200.00003,0,0
-46.769855,-22.997517,-200.00003,0,0
-47.769855,-22.997517,-200.00003,0,0
-48.769855,-22.997517,-200.00003,0,0
-49.769855,-22.997517,-200.00003,0,0
49.230145,-23.997517,-200.00003,0,0
48.230145,-23.997517,-200.00003,0,0
47.230145,-23.997517,-200.00003,0,0
46.230145,-23.997517,-200.00003,0,0
45.230145,-23.997517,-200.00003,0,0
44.230145,-23.997517,-200.00003,0,0
43.230145,-23.997517,-200.00003,0,0
42.230145,-23.997517,-200.00003,0,0
41.230145,-23.997517,-200.00003,0,0
40.230145,-23.997517,-200.00003,0,0
39.230145,-23.997517,-200.00003,0,0
38.230145,-23.997517,-200.00003,0,0
37.230145,-23.997517,-200.00003,0,0
36.230145,-23.997517,-200.00003,0,0
35.230145,-23.997517,-200.00003,0,0
34.230145,-23.997517,-200.00003,0,0
33.230145,-23.997517,-200.00003,0,0
32.230145,-23.997517,-200.00003,0,0
31.230145,-23.997517,-200.00003,0,0
30.230145,-23.997517,-200.00003,0,0
29.230145,-23.997517,-200.00003,0,0
28.230145,-23.997517,-200.00003,0,0
27.230145,-23.997517,-200.00003,0,0
26.230145,-23.997517,-200.00003,0,0
25.230145,-23.997517,-200.00003,0,0
24.230145,-23.997517,-200.00003,0,0
23.230145,-23.997517,-200.00003,0,0
22.230145,-23.997517,-200.00003,0,0
21.230145,-23.997517,-200.00003,0,0
20.230145,-23.997517,-200.00003,0,0
19.230145,-23.997517,-200.00003,0,0
18.230145,-23.997517,-200.00003,0,0
17.230145,-23.997517,-200.00003,0,0
16.230145,-23.997517,-200.00003,0,0
15.2301445,-23.997517,-200.00003,0,0
14.2301445,-23.997517,-200.00003,0,0
13.2301445,-23.997517,-200.00003,0,0
12.2301445,-23.997517,-200.00003,0,0
11.2301445,-23.997517,-200.00003,0,0
10.2301445,-23.997517,-200.00003,0,0
9.2301445,-23.997517,-200.00003,0,0
8.2301445,-23.997517,-200.00003,0,0
7.2301445,-23.997517,-200.00003,0,0
6.2301445,-23.997517,-200.00003,0,0
5.2301445,-23.997517,-200.00003,0,0
4.2301445,-23.997517,-200.00003,0,0
3.2301445,-23.997517,-200.00003,0,0
2.2301445,-23.997517,-200.00003,0,0
1.2301445,-23.997517,-200.00003,0,0
0.2301445,-23.997517,-200.00003,0,0
-0.7698555,-23.997517,-200.00003,0,0
-1.7698555,-23.997517,-200.00003,0,0
-2.7698555,-23.997517,-200.00003,0,0
-3.7698555,-23.997517,-200.00003,0,0
-4.7698555,-23.997517,-200.00003,0,0
-5.7698555,-23.997517,-200.00003,0,0
-6.7698555,-23.997517,-200.00003,0,0
-7.7698555,-23.997517,-200.00003,0,0
-8.7698555,-23.997517,-200.00003,0,0
-9.7698555,-23.997517,-200.00003,0,0
-10.7698555,-23.997517,-200.00003,0,0
-11.7698555,-23.997517,-200.00003,0,0
-12.7698555,-23.997517,-200.00003,0,0
-13.7698555,-23.997517,-200.00003,0,0
-14.7698555,-23.997517,-200.00003,0,0
-15.7698555,-23.997517,-200.00003,0,0
-16.769855,-23.997517,-200.00003,0,0
-17.769855,-23.997517,-200.00003,0,0
-18.769855,-23.997517,-200.00003,0,0
-19.769855,-23.997517,-200.00003,0,0
-20.769855,-23.997517,-200.00003,0,0
-21.769855,-23.997517,-200.00003,0,0
-22.769855,-23.997517,-200.00003,0,0
-23.769855,-23.997517,-200.00003,0,0
-24.769855,-23.997517,-200.00003,0,0
-25.769855,-23.997517,-200.00003,0,0
-26.769855,-23.997517,-200.00003,0,0
-27.769855,-23.997517,-200.00003,0,0
-28.769855,-23.997517,-200.00003,0,0
-29.769855,-23.997517,-200.00003,0,0
-30.769855,-23.997517,-200.00003,0,0
-31.769855,-23.997517,-200.00003,0,0
-32.769855,-23.997517,-200.00003,0,0
-33.769855,-23.997517,-200.00003,0,0
-34.769855,-23.997517,-200.00003,0,0
-35.769855,-23.997517,-200.00003,0,0
-36.769855,-23.997517,-200.00003,0,0
-37.769855,-23.997517,-200.00003,0,0
-38.769855,-23.997517,-200.00003,0,0
-39.769855,-23.997517,-200.00003,0,0
-40.769855,-23.997517,-200.00003,0,0
-41.769855,-23.997517,-200.00003,0,0
-42.769855,-23.997517,-200.00003,0,0
-43.769855,-23.997517,-200.00003,0,0
-44.769855,-23.997517,-200.00003,0,0
-45.769855,-23.997517,-200.00003,0,0
-46.769855,-23.997517,-200.00003,0,0
-47.769855,-23.997517,-200.00003,0,0
-48.769855,-23.997517,-200.00003,0,0
-49.769855,-23.997517,-200.00003,0,0
49.230145,-24.997517,-200.00003,0,0
48.230145,-24.997517,-200.00003,0,0
47.230145,-24.997517,-200.00003,0,0
46.230145,-24.997517,-200.00003,0,0
45.230145,-24.997517,-200.00003,0,0
44.230145,-24.997517,-200.00003,0,0
43.230145,-24.997517,-200.00003,0,0
42.230145,-24.997517,-200.00003,0,0
41.230145,-24.997517,-200.00003,0,0
40.230145,-24.997517,-200.00003,0,0
39.230145,-24.997517,-200.00003,0,0
38.230145,-24.997517,-200.00003,0,0
37.230145,-24.997517,-200.00003,0,0
36.230145,-24.997517,-200.00003,0,0
35.230145,-24.997517,-200.00003,0,0
34.230145,-24.997517,-200.00003,0,0
33.230145,-24.997517,-200.00003,0,0
32.230145,-24.997517,-200.00003,0,0
31.230145,-24.997517,-200.00003,0,0
30.230145,-24.997517,-200.00003,0,0
29.230145,-24.997517,-200.00003,0,0
28.230145,-24.997517,-200.00003,0,0
27.230145,-24.997517,-200.00003,0,0
26.230145,-24.997517,-200.00003,0,0
25.230145,-24.997517,-200.00003,0,0
24.230145,-24.997517,-200.00003,0,0
23.230145,-24.997517,-200.00003,0,0
22.230145,-24.997517,-200.00003,0,0
21.230145,-24.997517,-200.00003,0,0
20.230145,-24.997517,-200.00003,0,0
19.230145,-24.997517,-200.00003,0,0
18.230145,-24.997517,-200.00003,0,0
17.230145,-24.997517,-200.00003,0,0
16.230145,-24.997517,-200.00003,0,0
15.2301445,-24.997517,-200.00003,0,0
14.2301445,-24.997517,-200.00003,0,0
13.2301445,-24.997517,-200.00003,0,0
12.2301445,-24.997517,-200.00003,0,0
11.2301445,-24.997517,-200.00003,0,0
10.2301445,-24.997517,-200.00003,0,0
9.2301445,-24.997517,-200.00003,0,0
8.2301445,-24.997517,-200.00003,0,0
7.2301445,-24.997517,-200.00003,0,0
6.2301445,-24.997517,-200.00003,0,0
5.2301445,-24.997517,-200.00003,0,0
4.2301445,-24.997517,-200.00003,0,0
3.2301445,-24.997517,-200.00003,0,0
2.2301445,-24.997517,-200.00003,0,0
1.2301445,-24.997517,-200.00003,0,0
0.2301445,-24.997517,-200.00003,0,0
-0.7698555,-24.997517,-200.00003,0,0
-1.7698555,-24.997517,-200.00003,0,0
-2.7698555,-24.997517,-200.00003,0,0
-3.7698555,-24.997517,-200.00003,0,0
-4.7698555,-24.997517,-200.00003,0,0
-5.7698555,-24.997517,-200.00003,0,0
-6.7698555,-24.997517,-200.00003,0,0
-7.7698555,-24.997517,-200.00003,0,0
-8.7698555,-24.997517,-200.00003,0,0
-9.7698555,-24.997517,-200.00003,0,0
-10.7698555,-24.997517,-200.00003,0,0
-11.7698555,-24.997517,-200.00003,0,0
-12.7698555,-24.997517,-200.00003,0,0
-13.7698555,-24.997517,-200.00003,0,0
-14.7698555,-24.997517,-200.00003,0,0
-15.7698555,-24.997517,-200.00003,0,0
-16.769855,-24.997517,-200.00003,0,0
-17.769855,-24.997517,-200.00003,0,0
-18.769855,-24.997517,-200.00003,0,0
-19.769855,-24.997517,-200.00003,0,0
-20.769855,-24.997517,-200.00003,0,0
-21.769855,-24.997517,-200.00003,0,0
-22.769855,-24.997517,-200.00003,0,0
-23.769855,-24.997517,-200.00003,0,0
-24.769855,-24.997517,-200.00003,0,0
-25.769855,-24.997517,-200.00003,0,0
-26.769855,-24.997517,-200.00003,0,0
-27.769855,-24.997517,-200.00003,0,0
-28.769855,-24.997517,-200.00003,0,0
-29.769855,-24.997517,-200.00003,0,0
-30.769855,-24.997517,-200.00003,0,0
-31.769855,-24.997517,-200.00003,0,0
-32.769855,-24.997517,-200.00003,0,0
-33.769855,-24.997517,-200.00003,0,0
-34.769855,-24.997517,-200.00003,0,0
-35.769855,-24.997517,-200.00003,0,0
-36.769855,-24.997517,-200.00003,0,0
-37.769855,-24.997517,-200.00003,0,0
-38.769855,-24.997517,-200.00003,0,0
-39.769855,-24.997517,-200.00003,0,0
-40.769855,-24.997517,-200.00003,0,0
-41.769855,-24.997517,-200.00003,0,0
-42.769855,-24.997517,-200.00003,0,0
-43.769855,-24.997517,-200.00003,0,0
-44.769855,-24.997517,-200.00003,0,0
-45.769855,-24.997517,-200.00003,0,0
-46.769855,-24.997517,-200.00003,0,0
-47.769855,-24.997517,-200.00003,0,0
-48.769855,-24.997517,-200.00003,0,0
-49.769855,-24.997517,-200.00003,0,0
49.230145,-25.997517,-200.00003,0,0
48.230145,-25.997517,-200.00003,0,0
47.230145,-25.997517,-200.00003,0,0
46.230145,-25.997517,-200.00003,0,0
45.230145,-25.997517,-200.00003,0,0
44.230145,-25.997517,-200.00003,0,0
43.230145,-25.997517,-200.00003,0,0
42.230145,-25.997517,-200.00003,0,0
41.230145,-25.997517,-200.00003,0,0
40.230145,-25.997517,-200.00003,0,0
39.230145,-25.997517,-200.00003,0,0
38.230145,-25.997517,-200.00003,0,0
37.230145,-25.997517,-200.00003,0,0
36.230145,-25.997517,-200.00003,0,0
35.230145,-25.997517,-200.00003,0,0
34.230145,-25.997517,-200.00003,0,0
33.230145,-25.997517,-200.00003,0,0
32.230145,-25.997517,-200.00003,0,0
31.230145,-25.997517,-200.00003,0,0
30.230145,-25.997517,-200.00003,0,0
29.230145,-25.997517,-200.00003,0,0
28.230145,-25.997517,-200.00003,0,0
27.230145,-25.997517,-200.00003,0,0
26.230145,-25.997517,-200.00003,0,0
25.230145,-25.997517,-200.00003,0,0
24.230145,-25.997517,-200.00003,0,0
23.230145,-25.997517,-200.00003,0,0
22.230145,-25.997517,-200.00003,0,0
21.230145,-25.997517,-200.00003,0,0
20.230145,-25.997517,-200.00003,0,0
19.230145,-25.997517,-200.00003,0,0
18.230145,-25.997517,-200.00003,0,0
17.230145,-25.997517,-200.00003,0,0
16.230145,-25.997517,-200.00003,0,0
15.2301445,-25.997517,-200.00003,0,0
14.2301445,-25.997517,-200.00003,0,0
13.2301445,-25.997517,-200.00003,0,0
12.2301445,-25.997517,-200.00003,0,0
11.2301445,-25.997517,-200.00003,0,0
10.2301445,-25.997517,-200.00003,0,0
9.2301445,-25.997517,-200.00003,0,0
8.2301445,-25.997517,-200.00003,0,0
7.2301445,-25.997517,-200.00003,0,0
6.2301445,-25.997517,-200.00003,0,0
5.2301445,-25.997517,-200.00003,0,0
4.2301445,-25.997517,-200.00003,0,0
3.2301445,-25.997517,-200.00003,0,0
2.2301445,-25.997517,-200.00003,0,0
1.2301445,-25.997517,-200.00003,0,0
0.2301445,-25.997517,-200.00003,0,0
-0.7698555,-25.997517,-200.00003,0,0
-1.7698555,-25.997517,-200.00003,0,0
-2.7698555,-25.997517,-200.00003,0,0
-3.7698555,-25.997517,-200.00003,0,0
-4.7698555,-25.997517,-200.00003,0,0
-5.7698555,-25.997517,-200.00003,0,0
-6.7698555,-25.997517,-200.00003,0,0
-7.7698555,-25.997517,-200.00003,0,0
-8.7698555,-25.997517,-200.00003,0,0
-9.7698555,-25.997517,-200.00003,0,0
-10.7698555,-25.997517,-200.00003,0,0
-11.7698555,-25.997517,-200.00003,0,0
-12.7698555,-25.997517,-200.00003,0,0
-13.7698555,-25.997517,-200.00003,0,0
-14.7698555,-25.997517,-200.00003,0,0
-15.7698555,-25.997517,-200.00003,0,0
-16.769855,-25.997517,-200.00003,0,0
-17.769855,-25.997517,-200.00003,0,0
-18.769855,-25.997517,-200.00003,0,0
-19.769855,-25.997517,-200.00003,0,0
-20.769855,-25.997517,-200.00003,0,0
-21.769855,-25.997517,-200.00003,0,0
-22.769855,-25.997517,-200.00003,0,0
-23.769855,-25.997517,-200.00003,0,0
-24.769855,-25.997517,-200.00003,0,0
-25.769855,-25.997517,-200.00003,0,0
-26.769855,-25.997517,-200.00003,0,0
-27.769855,-25.997517,-200.00003,0,0
-28.769855,-25.997517,-200.00003,0,0
-29.769855,-25.997517,-200.00003,0,0
-30.769855,-25.997517,-200.00003,0,0
-31.769855,-25.997517,-200.00003,0,0
-32.769855,-25.997517,-200.00003,0,0
-33.769855,-25.997517,-200.00003,0,0
-34.769855,-25.997517,-200.00003,0,0
-35.769855,-25.997517,-200.00003,0,0
-36.769855,-25.997517,-200.00003,0,0
-37.769855,-25.997517,-200.00003,0,0
-38.769855,-25.997517,-200.00003,0,0
-39.769855,-25.997517,-200.00003,0,0
-40.769855,-25.997517,-200.00003,0,0
-41.769855,-25.997517,-200.00003,0,0
-42.769855,-25.997517,-200.00003,0,0
-43.769855,-25.997517,-200.00003,0,0
-44.769855,-25.997517,-200.00003,0,0
-45.769855,-25.997517,-200.00003,0,0
-46.769855,-25.997517,-200.00003,0,0
-47.769855,-25.997517,-200.00003,0,0
-48.769855,-25.997517,-200.00003,0,0
-49.769855,-25.997517,-200.00003,0,0
49.230145,-26.997517,-200.00003,0,0
48.230145,-26.997517,-200.00003,0,0
47.230145,-26.997517,-200.00003,0,0
46.230145,-26.997517,-200.00003,0,0
45.230145,-26.997517,-200.00003,0,0
44.230145,-26.997517,-200.00003,0,0
43.230145,-26.997517,-200.00003,0,0
42.230145,-26.997517,-200.00003,0,0
41.230145,-26.997517,-200.00003,0,0
40.230145,-26.997517,-200.00003,0,0
39.230145,-26.997517,-200.00003,0,0
38.230145,-26.997517,-200.00003,0,0
37.230145,-26.997517,-200.00003,0,0
36.230145,-26.997517,-200.00003,0,0
35.230145,-26.997517,-200.00003,0,0
34.230145,-26.997517,-200.00003,0,0
33.230145,-26.997517,-200.00003,0,0
32.230145,-26.997517,-200.00003,0,0
31.230145,-26.997517,-200.00003,0,0
30.230145,-26.997517,-200.00003,0,0
29.230145,-26.997517,-200.00003,0,0
28.230145,-26.997517,-200.00003,0,0
27.230145,-26.997517,-200.00003,0,0
26.230145,-26.997517,-200.00003,0,0
25.230145,-26.997517,-200.00003,0,0
24.230145,-26.997517,-200.00003,0,0
23.230145,-26.997517,-200.00003,0,0
22.230145,-26.997517,-200.00003,0,0
21.230145,-26.997517,-200.00003,0,0
20.230145,-26.997517,-200.00003,0,0
19.230145,-26.997517,-200.00003,0,0
18.230145,-26.997517,-200.00003,0,0
17.230145,-26.997517,-200.00003,0,0
16.230145,-26.997517,-200.00003,0,0
15.2301445,-26.997517,-200.00003,0,0
14.2301445,-26.997517,-200.00003,0,0
13.2301445,-26.997517,-200.00003,0,0
12.2301445,-26.997517,-200.00003,0,0
11.2301445,-26.997517,-200.00003,0,0
10.2301445,-26.997517,-200.00003,0,0
9.2301445,-26.997517,-200.00003,0,0
8.2301445,-26.997517,-200.00003,0,0
7.2301445,-26.997517,-200.00003,0,0
6.2301445,-26.997517,-200.00003,0,0
5.2301445,-26.997517,-200.00003,0,0
4.2301445,-26.997517,-200.00003,0,0
3.2301445,-26.997517,-200.00003,0,0
2.2301445,-26.997517,-200.00003,0,0
1.2301445,-26.997517,-200.00003,0,0
0.2301445,-26.997517,-200.00003,0,0
-0.7698555,-26.997517,-200.00003,0,0
-1.7698555,-26.997517,-200.00003,0,0
-2.7698555,-26.997517,-200.00003,0,0
-3.7698555,-26.997517,-200.00003,0,0
-4.7698555,-26.997517,-200.00003,0,0
-5.7698555,-26.997517,-200.00003,0,0
-6.7698555,-26.997517,-200.00003,0,0
-7.7698555,-26.997517,-200.00003,0,0
-8.7698555,-26.997517,-200.00003,0,0
-9.7698555,-26.997517,-200.00003,0,0
-10.7698555,-26.997517,-200.00003,0,0
-11.7698555,-26.997517,-200.00003,0,0
-12.7698555,-26.997517,-200.00003,0,0
-13.7698555,-26.997517,-200.00003,0,0
-14.7698555,-26.997517,-200.00003,0,0
-15.7698555,-26.997517,-200.00003,0,0
-16.769855,-26.997517,-200.00003,0,0
-17.769855,-26.997517,-200.00003,0,0
-18.769855,-26.997517,-200.00003,0,0
-19.769855,-26.997517,-200.00003,0,0
-20.769855,-26.997517,-200.00003,0,0
-21.769855,-26.997517,-200.00003,0,0
-22.769855,-26.997517,-200.00003,0,0
-23.769855,-26.997517,-200.00003,0,0
-24.769855,-26.997517,-200.00003,0,0
-25.769855,-26.997517,-200.00003,0,0
-26.769855,-26.997517,-200.00003,0,0
-27.769855,-26.997517,-200.00003,0,0
-28.769855,-26.997517,-200.00003,0,0
-29.769855,-26.997517,-200.00003,0,0
-30.769855,-26.997517,-200.00003,0,0
-31.769855,-26.997517,-200.00003,0,0
-32.769855,-26.997517,-200.00003,0,0
-33.769855,-26.997517,-200.00003,0,0
-34.769855,-26.997517,-200.00003,0,0
-35.769855,-26.997517,-200.00003,0,0
-36.769855,-26.997517,-200.00003,0,0
-37.769855,-26.997517,-200.00003,0,0
-38.769855,-26.997517,-200.00003,0,0
-39.769855,-26.997517,-200.00003,0,0
-40.769855,-26.997517,-200.00003,0,0
-41.769855,-26.997517,-200.00003,0,0
-42.769855,-26.997517,-200.00003,0,0
-43.769855,-26.997517,-200.00003,0,0
-44.769855,-26.997517,-200.00003,0,0
-45.769855,-26.997517,-200.00003,0,0
-46.769855,-26.997517,-200.00003,0,0
-47.769855,-26.997517,-200.00003,0,0
-48.769855,-26.997517,-200.00003,0,0
-49.769855,-26.997517,-200.00003,0,0
49.230145,-27.997517,-200.00003,0,0
48.230145,-27.997517,-200.00003,0,0
47.230145,-27.997517,-200.00003,0,0
46.230145,-27.997517,-200.00003,0,0
45.230145,-27.997517,-200.00003,0,0
44.230145,-27.997517,-200.00003,0,0
43.230145,-27.997517,-200.00003,0,0
42.230145,-27.997517,-200.00003,0,0
41.230145,-27.997517,-200.00003,0,0
40.230145,-27.997517,-200.00003,0,0
39.230145,-27.997517,-200.00003,0,0
38.230145,-27.997517,-200.00003,0,0
37.230145,-27.997517,-200.00003,0,0
36.230145,-27.997517,-200.00003,0,0
35.230145,-27.997517,-200.00003,0,0
34.230145,-27.997517,-200.00003,0,0
33.230145,-27.997517,-200.00003,0,0
32.230145,-27.997517,-200.00003,0,0
31.230145,-27.997517,-200.00003,0,0
30.230145,-27.997517,-200.00003,0,0
29.230145,-27.997517,-200.00003,0,0
28.230145,-27.997517,-200.00003,0,0
27.230145,-27.997517,-200.00003,0,0
26.230145,-27.997517,-200.00003,0,0
25.230145,-27.997517,-200.00003,0,0
24.230145,-27.997517,-200.00003,0,0
23.230145,-27.997517,-200.00003,0,0
22.230145,-27.997517,-200.00003,0,0
21.230145,-27.997517,-200.00003,0,0
20.230145,-27.997517,-200.00003,0,0
19.230145,-27.997517,-200.00003,0,0
18.230145,-27.997517,-200.00003,0,0
17.230145,-27.997517,-200.00003,0,0
16.230145,-27.997517,-200.00003,0,0
15.2301445,-27.997517,-200.00003,0,0
14.2301445,-27.997517,-200.00003,0,0
13.2301445,-27.997517,-200.00003,0,0
12.2301445,-27.997517,-200.00003,0,0
11.2301445,-27.997517,-200.00003,0,0
10.2301445,-27.997517,-200.00003,0,0
9.2301445,-27.997517,-200.00003,0,0
8.2301445,-27.997517,-200.00003,0,0
7.2301445,-27.997517,-200.00003,0,0
6.2301445,-27.997517,-200.00003,0,0
5.2301445,-27.997517,-200.00003,0,0
4.2301445,-27.997517,-200.00003,0,0
3.2301445,-27.997517,-200.00003,0,0
2.2301445,-27.997517,-200.00003,0,0
1.2301445,-27.997517,-200.00003,0,0
0.2301445,-27.997517,-200.00003,0,0
-0.7698555,-27.997517,-200.00003,0,0
-1.7698555,-27.997517,-200.00003,0,0
-2.7698555,-27.997517,-200.00003,0,0
-3.7698555,-27.997517,-200.00003,0,0
-4.7698555,-27.997517,-200.00003,0,0
-5.7698555,-27.997517,-200.00003,0,0
-6.7698555,-27.997517,-200.00003,0,0
-7.7698555,-27.997517,-200.00003,0,0
-8.7698555,-27.997517,-200.00003,0,0
-9.7698555,-27.997517,-200.00003,0,0
-10.7698555,-27.997517,-200.00003,0,0
-11.7698555,-27.997517,-200.00003,0,0
-12.7698555,-27.997517,-200.00003,0,0
-13.7698555,-27.997517,-200.00003,0,0
-14.7698555,-27.997517,-200.00003,0,0
-15.7698555,-27.997517,-200.00003,0,0
-16.769855,-27.997517,-200.00003,0,0
-17.769855,-27.997517,-200.00003,0,0
-18.769855,-27.997517,-200.00003,0,0
-19.769855,-27.997517,-200.00003,0,0
-20.769855,-27.997517,-200.00003,0,0
-21.769855,-27.997517,-200.00003,0,0
-22.769855,-27.997517,-200.00003,0,0
-23.769855,-27.997517,-200.00003,0,0
-24.769855,-27.997517,-200.00003,0,0
-25.769855,-27.997517,-200.00003,0,0
-26.769855,-27.997517,-200.00003,0,0
-27.769855,-27.997517,-200.00003,0,0
-28.769855,-27.997517,-200.00003,0,0
-29.769855,-27.997517,-200.00003,0,0
-30.769855,-27.997517,-200.00003,0,0
-31.769855,-27.997517,-200.00003,0,0
-32.769855,-27.997517,-200.00003,0,0
-33.769855,-27.997517,-200.00003,0,0
-34.769855,-27.997517,-200.00003,0,0
-35.769855,-27.997517,-200.00003,0,0
-36.769855,-27.997517,-200.00003,0,0
-37.769855,-27.997517,-200.00003,0,0
-38.769855,-27.997517,-200.00003,0,0
-39.769855,-27.997517,-200.00003,0,0
-40.769855,-27.997517,-200.00003,0,0
-41.769855,-27.997517,-200.00003,0,0
-42.769855,-27.997517,-200.00003,0,0
-43.769855,-27.997517,-200.00003,0,0
-44.769855,-27.997517,-200.00003,0,0
-45.769855,-27.997517,-200.00003,0,0
-46.769855,-27.997517,-200.00003,0,0
-47.769855,-27.997517,-200.00003,0,0
-48.769855,-27.997517,-200.00003,0,0
-49.769855,-27.997517,-200.00003,0,0
49.230145,-28.997517,-200.00003,0,0
48.230145,-28.997517,-200.00003,0,0
47.230145,-28.997517,-200.00003,0,0
46.230145,-28.997517,-200.00003,0,0
45.230145,-28.997517,-200.00003,0,0
44.230145,-28.997517,-200.00003,0,0
43.230145,-28.997517,-200.00003,0,0
42.230145,-28.997517,-200.00003,0,0
41.230145,-28.997517,-200.00003,0,0
40.230145,-28.997517,-200.00003,0,0
39.230145,-28.997517,-200.00003,0,0
38.230145,-28.997517,-200.00003,0,0
37.230145,-28.997517,-200.00003,0,0
36.230145,-28.997517,-200.00003,0,0
35.230145,-28.997517,-200.00003,0,0
34.230145,-28.997517,-200.00003,0,0
33.230145,-28.997517,-200.00003,0,0
32.230145,-28.997517,-200.00003,0,0
31.230145,-28.997517,-200.00003,0,0
30.230145,-28.997517,-200.00003,0,0
29.230145,-28.997517,-200.00003,0,0
28.230145,-28.997517,-200.00003,0,0
27.230145,-28.997517,-200.00003,0,0
26.230145,-28.997517,-200.00003,0,0
25.230145,-28.997517,-200.00003,0,0
24.230145,-28.997517,-200.00003,0,0
23.230145,-28.997517,-200.00003,0,0
22.230145,-28.997517,-200.00003,0,0
21.230145,-28.997517,-200.00003,0,0
20.230145,-28.997517,-200.00003,0,0
19.230145,-28.997517,-200.00003,0,0
18.230145,-28.997517,-200.00003,0,0
17.230145,-28.997517,-200.00003,0,0
16.230145,-28.997517,-200.00003,0,0
15.2301445,-28.997517,-200.00003,0,0
14.2301445,-28.997517,-200.00003,0,0
13.2301445,-28.997517,-200.00003,0,0
12.2301445,-28.997517,-200.00003,0,0
11.2301445,-28.997517,-200.00003,0,0
10.2301445,-28.997517,-200.00003,0,0
9.2301445,-28.997517,-200.00003,0,0
8.2301445,-28.997517,-200.00003,0,0
7.2301445,-28.997517,-200.00003,0,0
6.2301445,-28.997517,-200.00003,0,0
5.2301445,-28.997517,-200.00003,0,0
4.2301445,-28.997517,-200.00003,0,0
3.2301445,-28.997517,-200.00003,0,0
2.2301445,-28.997517,-200.00003,0,0
1.2301445,-28.997517,-200.00003,0,0
0.2301445,-28.997517,-200.00003,0,0
-0.7698555,-28.997517,-200.00003,0,0
-1.7698555,-28.997517,-200.00003,0,0
-2.7698555,-28.997517,-200.00003,0,0
-3.7698555,-28.997517,-200.00003,0,0
-4.7698555,-28.997517,-200.00003,0,0
-5.7698555,-28.997517,-200.00003,0,0
-6.7698555,-28.997517,-200.00003,0,0
-7.7698555,-28.997517,-200.00003,0,0
-8.7698555,-28.997517,-200.00003,0,0
-9.7698555,-28.997517,-200.00003,0,0
-10.7698555,-28.997517,-200.00003,0,0
-11.7698555,-28.997517,-200.00003,0,0
-12.7698555,-28.997517,-200.00003,0,0
-13.7698555,-28.997517,-200.00003,0,0
-14.7698555,-28.997517,-200.00003,0,0
-15.7698555,-28.997517,-200.00003,0,0
-16.769855,-28.997517,-200.00003,0,0
-17.769855,-28.997517,-200.00003,0,0
-18.769855,-28.997517,-200.00003,0,0
-19.769855,-28.997517,-200.00003,0,0
-20.769855,-28.997517,-200.00003,0,0
-21.769855,-28.997517,-200.00003,0,0
-22.769855,-28.997517,-200.00003,0,0
-23.769855,-28.997517,-200.00003,0,0
-24.769855,-28.997517,-200.00003,0,0
-25.769855,-28.997517,-200.00003,0,0
-26.769855,-28.997517,-200.00003,0,0
-27.769855,-28.997517,-200.00003,0,0
-28.769855,-28.997517,-200.00003,0,0
-29.769855,-28.997517,-200.00003,0,0
-30.769855,-28.997517,-200.00003,0,0
-31.769855,-28.997517,-200.00003,0,0
-32.769855,-28.997517,-200.00003,0,0
-33.769855,-28.997517,-200.00003,0,0
-34.769855,-28.997517,-200.00003,0,0
-35.769855,-28.997517,-200.00003,0,0
-36.769855,-28.997517,-200.00003,0,0
-37.769855,-28.997517,-200.00003,0,0
-38.769855,-28.997517,-200.00003,0,0
-39.769855,-28.997517,-200.00003,0,0
-40.769855,-28.997517,-200.00003,0,0
-41.769855,-28.997517,-200.00003,0,0
-42.769855,-28.997517,-200.00003,0,0
-43.769855,-28.997517,-200.00003,0,0
-44.769855,-28.997517,-200.00003,0,0
-45.769855,-28.997517,-200.00003,0,0
-46.769855,-28.997517,-200.00003,0,0
-47.769855,-28.997517,-200.00003,0,0
-48.769855,-28.997517,-200.00003,0,0
-49.769855,-28.997517,-200.00003,0,0
49.230145,-29.997517,-200.00003,0,0
48.230145,-29.997517,-200.00003,0,0
47.230145,-29.997517,-200.00003,0,0
46.230145,-29.997517,-200.00003,0,0
45.230145,-29.997517,-200.00003,0,0
44.230145,-29.997517,-200.00003,0,0
43.230145,-29.997517,-200.00003,0,0
42.230145,-29.997517,-200.00003,0,0
41.230145,-29.997517,-200.00003,0,0
40.230145,-29.997517,-200.00003,0,0
39.230145,-29.997517,-200.00003,0,0
38.230145,-29.997517,-200.00003,0,0
37.230145,-29.997517,-200.00003,0,0
36.230145,-29.997517,-200.00003,0,0
35.230145,-29.997517,-200.00003,0,0
34.230145,-29.997517,-200.00003,0,0
33.230145,-29.997517,-200.00003,0,0
32.230145,-29.997517,-200.00003,0,0
31.230145,-29.997517,-200.00003,0,0
30.230145,-29.997517,-200.00003,0,0
29.230145,-29.997517,-200.00003,0,0
28.230145,-29.997517,-200.00003,0,0
27.230145,-29.997517,-200.00003,0,0
26.230145,-29.997517,-200.00003,0,0
25.230145,-29.997517,-200.00003,0,0
24.230145,-29.997517,-200.00003,0,0
23.230145,-29.997517,-200.00003,0,0
22.230145,-29.997517,-200.00003,0,0
21.230145,-29.997517,-200.00003,0,0
20.230145,-29.997517,-200.00003,0,0
19.230145,-29.997517,-200.00003,0,0
18.230145,-29.997517,-200.00003,0,0
17.230145,-29.997517,-200.00003,0,0
16.230145,-29.997517,-200.00003,0,0
15.2301445,-29.997517,-200.00003,0,0
14.2301445,-29.997517,-200.00003,0,0
13.2301445,-29.997517,-200.00003,0,0
12.2301445,-29.997517,-200.00003,0,0
11.2301445,-29.997517,-200.00003,0,0
10.2301445,-29.997517,-200.00003,0,0
9.2301445,-29.997517,-200.00003,0,0
8.2301445,-29.997517,-200.00003,0,0
7.2301445,-29.997517,-200.00003,0,0
6.2301445,-29.997517,-200.00003,0,0
5.2301445,-29.997517,-200.00003,0,0
4.2301445,-29.997517,-200.00003,0,0
3.2301445,-29.997517,-200.00003,0,0
2.2301445,-29.997517,-200.00003,0,0
1.2301445,-29.997517,-200.00003,0,0
0.2301445,-29.997517,-200.00003,0,0
-0.7698555,-29.997517,-200.00003,0,0
-1.7698555,-29.997517,-200.00003,0,0
-2.7698555,-29.997517,-200.00003,0,0
-3.7698555,-29.997517,-200.00003,0,0
-4.7698555,-29.997517,-200.00003,0,0
-5.7698555,-29.997517,-200.00003,0,0
-6.7698555,-29.997517,-200.00003,0,0
-7.7698555,-29.997517,-200.00003,0,0
-8.7698555,-29.997517,-200.00003,0,0
-9.7698555,-29.997517,-200.00003,0,0
-10.7698555,-29.997517,-200.00003,0,0
-11.7698555,-29.997517,-200.00003,0,0
-12.7698555,-29.997517,-200.00003,0,0
-13.7698555,-29.997517,-200.00003,0,0
-14.7698555,-29.997517,-200.00003,0,0
-15.7698555,-29.997517,-200.00003,0,0
-16.769855,-29.997517,-200.00003,0,0
-17.769855,-29.997517,-200.00003,0,0
-18.769855,-29.997517,-200.00003,0,0
-19.769855,-29.997517,-200.00003,0,0
-20.769855,-29.997517,-200.00003,0,0
-21.769855,-29.997517,-200.00003,0,0
-22.769855,-29.997517,-200.00003,0,0
-23.769855,-29.997517,-200.00003,0,0
-24.769855,-29.997517,-200.00003,0,0
-25.769855,-29.997517,-200.00003,0,0
-26.769855,-29.997517,-200.00003,0,0
-27.769855,-29.997517,-200.00003,0,0
-28.769855,-29.997517,-200.00003,0,0
-29.769855,-29.997517,-200.00003,0,0
-30.769855,-29.997517,-200.00003,0,0
-31.769855,-29.997517,-200.00003,0,0
-32.769855,-29.997517,-200.00003,0,0
-33.769855,-29.997517,-200.00003,0,0
-34.769855,-29.997517,-200.00003,0,0
-35.769855,-29.997517,-200.00003,0,0
-36.769855,-29.997517,-200.00003,0,0
-37.769855,-29.997517,-200.00003,0,0
-38.769855,-29.997517,-200.00003,0,0
-39.769855,-29.997517,-200.00003,0,0
-40.769855,-29.997517,-200.00003,0,0
-41.769855,-29.997517,-200.00003,0,0
-42.769855,-29.997517,-200.00003,0,0
-43.769855,-29.997517,-200.00003,0,0
-44.769855,-29.997517,-200.00003,0,0
-45.769855,-29.997517,-200.00003,0,0
-46.769855,-29.997517,-200.00003,0,0
-47.769855,-29.997517,-200.00003,0,0
-48.769855,-29.997517,-200.00003,0,0
-49.769855,-29.997517,-200.00003,0,0
49.230145,-30.997517,-200.00003,0,0
48.230145,-30.997517,-200.00003,0,0
47.230145,-30.997517,-200.00003,0,0
46.230145,-30.997517,-200.00003,0,0
45.230145,-30.997517,-200.00003,0,0
44.230145,-30.997517,-200.00003,0,0
43.230145,-30.997517,-200.00003,0,0
42.230145,-30.997517,-200.00003,0,0
41.230145,-30.997517,-200.00003,0,0
40.230145,-30.997517,-200.00003,0,0
39.230145,-30.997517,-200.00003,0,0
38.230145,-30.997517,-200.00003,0,0
37.230145,-30.997517,-200.00003,0,0
36.230145,-30.997517,-200.00003,0,0
35.230145,-30.997517,-200.00003,0,0
34.230145,-30.997517,-200.00003,0,0
33.230145,-30.997517,-200.00003,0,0
32.230145,-30.997517,-200.00003,0,0
31.230145,-30.997517,-200.00003,0,0
30.230145,-30.997517,-200.00003,0,0
29.230145,-30.997517,-200.00003,0,0
28.230145,-30.997517,-200.00003,0,0
27.230145,-30.997517,-200.00003,0,0
26.230145,-30.997517,-200.00003,0,0
25.230145,-30.997517,-200.00003,0,0
24.230145,-30.997517,-200.00003,0,0
23.230145,-30.997517,-200.00003,0,0
22.230145,-30.997517,-200.00003,0,0
21.230145,-30.997517,-200.00003,0,0
20.230145,-30.997517,-200.00003,0,0
19.230145,-30.997517,-200.00003,0,0
18.230145,-30.997517,-200.00003,0,0
17.230145,-30.997517,-200.00003,0,0
16.230145,-30.997517,-200.00003,0,0
15.2301445,-30.997517,-200.00003,0,0
14.2301445,-30.997517,-200.00003,0,0
13.2301445,-30.997517,-200.00003,0,0
12.2301445,-30.997517,-200.00003,0,0
11.2301445,-30.997517,-200.00003,0,0
10.2301445,-30.997517,-200.00003,0,0
9.2301445,-30.997517,-200.00003,0,0
8.2301445,-30.997517,-200.00003,0,0
7.2301445,-30.997517,-200.00003,0,0
6.2301445,-30.997517,-200.00003,0,0
5.2301445,-30.997517,-200.00003,0,0
4.2301445,-30.997517,-200.00003,0,0
3.2301445,-30.997517,-200.00003,0,0
2.2301445,-30.997517,-200.00003,0,0
1.2301445,-30.997517,-200.00003,0,0
0.2301445,-30.997517,-200.00003,0,0
-0.7698555,-30.997517,-200.00003,0,0
-1.7698555,-30.997517,-200.00003,0,0
-2.7698555,-30.997517,-200.00003,0,0
-3.7698555,-30.997517,-200.00003,0,0
-4.7698555,-30.997517,-200.00003,0,0
-5.7698555,-30.997517,-200.00003,0,0
-6.7698555,-30.997517,-200.00003,0,0
-7.7698555,-30.997517,-200.00003,0,0
-8.7698555,-30.997517,-200.00003,0,0
-9.7698555,-30.997517,-200.00003,0,0
-10.7698555,-30.997517,-200.00003,0,0
-11.7698555,-30.997517,-200.00003,0,0
-12.7698555,-30.997517,-200.00003,0,0
-13.7698555,-30.997517,-200.00003,0,0
-14.7698555,-30.997517,-200.00003,0,0
-15.7698555,-30.997517,-200.00003,0,0
-16.769855,-30.997517,-200.00003,0,0
-17.769855,-30.997517,-200.00003,0,0
-18.769855,-30.997517,-200.00003,0,0
-19.769855,-30.997517,-200.00003,0,0
-20.769855,-30.997517,-200.00003,0,0
-21.769855,-30.997517,-200.00003,0,0
-22.769855,-30.997517,-200.00003,0,0
-23.769855,-30.997517,-200.00003,0,0
-24.769855,-30.997517,-200.00003,0,0
-25.769855,-30.997517,-200.00003,0,0
-26.769855,-30.997517,-200.00003,0,0
-27.769855,-30.997517,-200.00003,0,0
-28.769855,-30.997517,-200.00003,0,0
-29.769855,-30.997517,-200.00003,0,0
-30.769855,-30.997517,-200.00003,0,0
-31.769855,-30.997517,-200.00003,0,0
-32.769855,-30.997517,-200.00003,0,0
-33.769855,-30.997517,-200.00003,0,0
-34.769855,-30.997517,-200.00003,0,0
-35.769855,-30.997517,-200.00003,0,0
-36.769855,-30.997517,-200.00003,0,0
-37.769855,-30.997517,-200.00003,0,0
-38.769855,-30.997517,-200.00003,0,0
-39.769855,-30.997517,-200.00003,0,0
-40.769855,-30.997517,-200.00003,0,0
-41.769855,-30.997517,-200.00003,0,0
-42.769855,-30.997517,-200.00003,0,0
-43.769855,-30.997517,-200.00003,0,0
-44.769855,-30.997517,-200.00003,0,0
-45.769855,-30.997517,-200.00003,0,0
-46.769855,-30.997517,-200.00003,0,0
-47.769855,-30.997517,-200.00003,0,0
-48.769855,-30.997517,-200.00003,0,0
-49.769855,-30.997517,-200.00003,0,0
49.230145,-31.997517,-200.00003,0,0
48.230145,-31.997517,-200.00003,0,0
47.230145,-31.997517,-200.00003,0,0
46.230145,-31.997517,-200.00003,0,0
45.230145,-31.997517,-200.00003,0,0
44.230145,-31.997517,-200.00003,0,0
43.230145,-31.997517,-200.00003,0,0
42.230145,-31.997517,-200.00003,0,0
41.230145,-31.997517,-200.00003,0,0
40.230145,-31.997517,-200.00003,0,0
39.230145,-31.997517,-200.00003,0,0
38.230145,-31.997517,-200.00003,0,0
37.230145,-31.997517,-200.00003,0,0
36.230145,-31.997517,-200.00003,0,0
35.230145,-31.997517,-200.00003,0,0
34.230145,-31.997517,-200.00003,0,0
33.230145,-31.997517,-200.00003,0,0
32.230145,-31.997517,-200.00003,0,0
31.230145,-31.997517,-200.00003,0,0
30.230145,-31.997517,-200.00003,0,0
29.230145,-31.997517,-200.00003,0,0
28.230145,-31.997517,-200.00003,0,0
27.230145,-31.997517,-200.00003,0,0
26.230145,-31.997517,-200.00003,0,0
25.230145,-31.997517,-200.00003,0,0
24.230145,-31.997517,-200.00003,0,0
23.230145,-31.997517,-200.00003,0,0
22.230145,-31.997517,-200.00003,0,0
21.230145,-31.997517,-200.00003,0,0
20.230145,-31.997517,-200.00003,0,0
19.230145,-31.997517,-200.00003,0,0
18.230145,-31.997517,-200.00003,0,0
17.230145,-31.997517,-200.00003,0,0
16.230145,-31.997517,-200.00003,0,0
15.2301445,-31.997517,-200.00003,0,0
14.2301445,-31.997517,-200.00003,0,0
13.2301445,-31.997517,-200.00003,0,0
12.2301445,-31.997517,-200.00003,0,0
11.2301445,-31.997517,-200.00003,0,0
10.2301445,-31.997517,-200.00003,0,0
9.2301445,-31.997517,-200.00003,0,0
8.2301445,-31.997517,-200.00003,0,0
7.2301445,-31.997517,-200.00003,0,0
6.2301445,-31.997517,-200.00003,0,0
5.2301445,-31.997517,-200.00003,0,0
4.2301445,-31.997517,-200.00003,0,0
3.2301445,-31.997517,-200.00003,0,0
2.2301445,-31.997517,-200.00003,0,0
1.2301445,-31.997517,-200.00003,0,0
0.2301445,-31.997517,-200.00003,0,0
-0.7698555,-31.997517,-200.00003,0,0
-1.7698555,-31.997517,-200.00003,0,0
-2.7698555,-31.997517,-200.00003,0,0
-3.7698555,-31.997517,-200.00003,0,0
-4.7698555,-31.997517,-200.00003,0,0
-5.7698555,-31.997517,-200.00003,0,0
-6.7698555,-31.997517,-200.00003,0,0
-7.7698555,-31.997517,-200.00003,0,0
-8.7698555,-31.997517,-200.00003,0,0
-9.7698555,-31.997517,-200.00003,0,0
-10.7698555,-31.997517,-200.00003,0,0
-11.7698555,-31.997517,-200.00003,0,0
-12.7698555,-31.997517,-200.00003,0,0
-13.7698555,-31.997517,-200.00003,0,0
-14.7698555,-31.997517,-200.00003,0,0
-15.7698555,-31.997517,-200.00003,0,0
-16.769855,-31.997517,-200.00003,0,0
-17.769855,-31.997517,-200.00003,0,0
-18.769855,-31.997517,-200.00003,0,0
-19.769855,-31.997517,-200.00003,0,0
-20.769855,-31.997517,-200.00003,0,0
-21.769855,-31.997517,-200.00003,0,0
-22.769855,-31.997517,-200.00003,0,0
-23.769855,-31.997517,-200.00003,0,0
-24.769855,-31.997517,-200.00003,0,0
-25.769855,-31.997517,-200.00003,0,0
-26.769855,-31.997517,-200.00003,0,0
-27.769855,-31.997517,-200.00003,0,0
-28.769855,-31.997517,-200.00003,0,0
-29.769855,-31.997517,-200.00003,0,0
-30.769855,-31.997517,-200.00003,0,0
-31.769855,-31.997517,-200.00003,0,0
-32.769855,-31.997517,-200.00003,0,0
-33.769855,-31.997517,-200.00003,0,0
-34.769855,-31.997517,-200.00003,0,0
-35.769855,-31.997517,-200.00003,0,0
-36.769855,-31.997517,-200.00003,0,0
-37.769855,-31.997517,-200.00003,0,0
-38.769855,-31.997517,-200.00003,0,0
-39.769855,-31.997517,-200.00003,0,0
-40.769855,-31.997517,-200.00003,0,0
-41.769855,-31.997517,-200.00003,0,0
-42.769855,-31.997517,-200.00003,0,0
-43.769855,-31.997517,-200.00003,0,0
-44.769855,-31.997517,-200.00003,0,0
-45.769855,-31.997517,-200.00003,0,0
-46.769855,-31.997517,-200.00003,0,0
-47.769855,-31.997517,-200.00003,0,0
-48.769855,-31.997517,-200.00003,0,0
-49.769855,-31.997517,-200.00003,0,0
49.230145,-32.997517,-200.00003,0,0
48.230145,-32.997517,-200.00003,0,0
47.230145,-32.997517,-200.00003,0,0
46.230145,-32.997517,-200.00003,0,0
45.230145,-32.997517,-200.00003,0,0
44.230145,-32.997517,-200.00003,0,0
43.230145,-32.997517,-200.00003,0,0
42.230145,-32.997517,-200.00003,0,0
41.230145,-32.997517,-200.00003,0,0
40.230145,-32.997517,-200.00003,0,0
39.230145,-32.997517,-200.00003,0,0
38.230145,-32.997517,-200.00003,0,0
37.230145,-32.997517,-200.00003,0,0
36.230145,-32.997517,-200.00003,0,0
35.230145,-32.997517,-200.00003,0,0
34.230145,-32.997517,-200.00003,0,0
33.230145,-32.997517,-200.00003,0,0
32.230145,-32.997517,-200.00003,0,0
31.230145,-32.997517,-200.00003,0,0
30.230145,-32.997517,-200.00003,0,0
29.230145,-32.997517,-200.00003,0,0
28.230145,-32.997517,-200.00003,0,0
27.230145,-32.997517,-200.00003,0,0
26.230145,-32.997517,-200.00003,0,0
25.230145,-32.997517,-200.00003,0,0
24.230145,-32.997517,-200.00003,0,0
23.230145,-32.997517,-200.00003,0,0
22.230145,-32.997517,-200.00003,0,0
21.230145,-32.997517,-200.00003,0,0
20.230145,-32.997517,-200.00003,0,0
19.230145,-32.997517,-200.00003,0,0
18.230145,-32.997517,-200.00003,0,0
17.230145,-32.997517,-200.00003,0,0
16.230145,-32.997517,-200.00003,0,0
15.2301445,-32.997517,-200.00003,0,0
14.2301445,-32.997517,-200.00003,0,0
13.2301445,-32.997517,-200.00003,0,0
12.2301445,-32.997517,-200.00003,0,0
11.2301445,-32.997517,-200.00003,0,0
10.2301445,-32.997517,-200.00003,0,0
9.2301445,-32.997517,-200.00003,0,0
8.2301445,-32.997517,-200.00003,0,0
7.2301445,-32.997517,-200.00003,0,0
6.2301445,-32.997517,-200.00003,0,0
5.2301445,-32.997517,-200.00003,0,0
4.2301445,-32.997517,-200.00003,0,0
3.2301445,-32.997517,-200.00003,0,0
2.2301445,-32.997517,-200.00003,0,0
1.2301445,-32.997517,-200.00003,0,0
0.2301445,-32.997517,-200.00003,0,0
-0.7698555,-32.997517,-200.00003,0,0
-1.7698555,-32.997517,-200.00003,0,0
-2.7698555,-32.997517,-200.00003,0,0
-3.7698555,-32.997517,-200.00003,0,0
-4.7698555,-32.997517,-200.00003,0,0
-5.7698555,-32.997517,-200.00003,0,0
-6.7698555,-32.997517,-200.00003,0,0
-7.7698555,-32.997517,-200.00003,0,0
-8.7698555,-32.997517,-200.00003,0,0
-9.7698555,-32.997517,-200.00003,0,0
-10.7698555,-32.997517,-200.00003,0,0
-11.7698555,-32.997517,-200.00003,0,0
-12.7698555,-32.997517,-200.00003,0,0
-13.7698555,-32.997517,-200.00003,0,0
-14.7698555,-32.997517,-200.00003,0,0
-15.7698555,-32.997517,-200.00003,0,0
-16.769855,-32.997517,-200.00003,0,0
-17.769855,-32.997517,-200.00003,0,0
-18.769855,-32.997517,-200.00003,0,0
-19.769855,-32.997517,-200.00003,0,0
-20.769855,-32.997517,-200.00003,0,0
-21.769855,-32.997517,-200.00003,0,0
-22.769855,-32.997517,-200.00003,0,0
-23.769855,-32.997517,-200.00003,0,0
-24.769855,-32.997517,-200.00003,0,0
-25.769855,-32.997517,-200.00003,0,0
-26.769855,-32.997517,-200.00003,0,0
-27.769855,-32.997517,-200.00003,0,0
-28.769855,-32.997517,-200.00003,0,0
-29.769855,-32.997517,-200.00003,0,0
-30.769855,-32.997517,-200.00003,0,0
-31.769855,-32.997517,-200.00003,0,0
-32.769855,-32.997517,-200.00003,0,0
-33.769855,-32.997517,-200.00003,0,0
-34.769855,-32.997517,-200.00003,0,0
-35.769855,-32.997517,-200.00003,0,0
-36.769855,-32.997517,-200.00003,0,0
-37.769855,-32.997517,-200.00003,0,0
-38.769855,-32.997517,-200.00003,0,0
-39.769855,-32.997517,-200.00003,0,0
-40.769855,-32.997517,-200.00003,0,0
-41.769855,-32.997517,-200.00003,0,0
-42.769855,-32.997517,-200.00003,0,0
-43.769855,-32.997517,-200.00003,0,0
-44.769855,-32.997517,-200.00003,0,0
-45.769855,-32.997517,-200.00003,0,0
-46.769855,-32.997517,-200.00003,0,0
-47.769855,-32.997517,-200.00003,0,0
-48.769855,-32.997517,-200.00003,0,0
-49.769855,-32.997517,-200.00003,0,0
49.230145,-33.997517,-200.00003,0,0
48.230145,-33.997517,-200.00003,0,0
47.230145,-33.997517,-200.00003,0,0
46.230145,-33.997517,-200.00003,0,0
45.230145,-33.997517,-200.00003,0,0
44.230145,-33.997517,-200.00003,0,0
43.230145,-33.997517,-200.00003,0,0
42.230145,-33.997517,-200.00003,0,0
41.230145,-33.997517,-200.00003,0,0
40.230145,-33.997517,-200.00003,0,0
39.230145,-33.997517,-200.00003,0,0
38.230145,-33.997517,-200.00003,0,0
37.230145,-33.997517,-200.00003,0,0
36.230145,-33.997517,-200.00003,0,0
35.230145,-33.997517,-200.00003,0,0
34.230145,-33.997517,-200.00003,0,0
33.230145,-33.997517,-200.00003,0,0
32.230145,-33.997517,-200.00003,0,0
31.230145,-33.997517,-200.00003,0,0
30.230145,-33.997517,-200.00003,0,0
29.230145,-33.997517,-200.00003,0,0
28.230145,-33.997517,-200.00003,0,0
27.230145,-33.997517,-200.00003,0,0
26.230145,-33.997517,-200.00003,0,0
25.230145,-33.997517,-200.00003,0,0
24.230145,-33.997517,-200.00003,0,0
23.230145,-33.997517,-200.00003,0,0
22.230145,-33.997517,-200.00003,0,0
21.230145,-33.997517,-200.00003,0,0
20.230145,-33.997517,-200.00003,0,0
19.230145,-33.997517,-200.00003,0,0
18.230145,-33.997517,-200.00003,0,0
17.230145,-33.997517,-200.00003,0,0
16.230145,-33.997517,-200.00003,0,0
15.2301445,-33.997517,-200.00003,0,0
14.2301445,-33.997517,-200.00003,0,0
13.2301445,-33.997517,-200.00003,0,0
12.2301445,-33.997517,-200.00003,0,0
11.2301445,-33.997517,-200.00003,0,0
10.2301445,-33.997517,-200.00003,0,0
9.2301445,-33.997517,-200.00003,0,0
8.2301445,-33.997517,-200.00003,0,0
7.2301445,-33.997517,-200.00003,0,0
6.2301445,-33.997517,-200.00003,0,0
5.2301445,-33.997517,-200.00003,0,0
4.2301445,-33.997517,-200.00003,0,0
3.2301445,-33.997517,-200.00003,0,0
2.2301445,-33.997517,-200.00003,0,0
1.2301445,-33.997517,-200.00003,0,0
0.2301445,-33.997517,-200.00003,0,0
-0.7698555,-33.997517,-200.00003,0,0
-1.7698555,-33.997517,-200.00003,0,0
-2.7698555,-33.997517,-200.00003,0,0
-3.7698555,-33.997517,-200.00003,0,0
-4.7698555,-33.997517,-200.00003,0,0
-5.7698555,-33.997517,-200.00003,0,0
-6.7698555,-33.997517,-200.00003,0,0
-7.7698555,-33.997517,-200.00003,0,0
-8.7698555,-33.997517,-200.00003,0,0
-9.7698555,-33.997517,-200.00003,0,0
-10.7698555,-33.997517,-200.00003,0,0
-11.7698555,-33.997517,-200.00003,0,0
-12.7698555,-33.997517,-200.00003,0,0
-13.7698555,-33.997517,-200.00003,0,0
-14.7698555,-33.997517,-200.00003,0,0
-15.7698555,-33.997517,-200.00003,0,0
-16.769855,-33.997517,-200.00003,0,0
-17.769855,-33.997517,-200.00003,0,0
-18.769855,-33.997517,-200.00003,0,0
-19.769855,-33.997517,-200.00003,0,0
-20.769855,-33.997517,-200.00003,0,0
-21.769855,-33.997517,-200.00003,0,0
-22.769855,-33.997517,-200.00003,0,0
-23.769855,-33.997517,-200.00003,0,0
-24.769855,-33.997517,-200.00003,0,0
-25.769855,-33.997517,-200.00003,0,0
-26.769855,-33.997517,-200.00003,0,0
-27.769855,-33.997517,-200.00003,0,0
-28.769855,-33.997517,-200.00003,0,0
-29.769855,-33.997517,-200.00003,0,0
-30.769855,-33.997517,-200.00003,0,0
-31.769855,-33.997517,-200.00003,0,0
-32.769855,-33.997517,-200.00003,0,0
-33.769855,-33.997517,-200.00003,0,0
-34.769855,-33.997517,-200.00003,0,0
-35.769855,-33.997517,-200.00003,0,0
-36.769855,-33.997517,-200.00003,0,0
-37.769855,-33.997517,-200.00003,0,0
-38.769855,-33.997517,-200.00003,0,0
-39.769855,-33.997517,-200.00003,0,0
-40.769855,-33.997517,-200.00003,0,0
-41.769855,-33.997517,-200.00003,0,0
-42.769855,-33.997517,-200.00003,0,0
-43.769855,-33.997517,-200.00003,0,0
-44.769855,-33.997517,-200.00003,0,0
-45.769855,-33.997517,-200.00003,0,0
-46.769855,-33.997517,-200.00003,0,0
-47.769855,-33.997517,-200.00003,0,0
-48.769855,-33.997517,-200.00003,0,0
-49.769855,-33.997517,-200.00003,0,0
49.230145,-34.997517,-200.00003,0,0
48.230145,-34.997517,-200.00003,0,0
47.230145,-34.997517,-200.00003,0,0
46.230145,-34.997517,-200.00003,0,0
45.230145,-34.997517,-200.00003,0,0
44.230145,-34.997517,-200.00003,0,0
43.230145,-34.997517,-200.00003,0,0
42.230145,-34.997517,-200.00003,0,0
41.230145,-34.997517,-200.00003,0,0
40.230145,-34.997517,-200.00003,0,0
39.230145,-34.997517,-200.00003,0,0
38.230145,-34.997517,-200.00003,0,0
37.230145,-34.997517,-200.00003,0,0
36.230145,-34.997517,-200.00003,0,0
35.230145,-34.997517,-200.00003,0,0
34.230145,-34.997517,-200.00003,0,0
33.230145,-34.997517,-200.00003,0,0
32.230145,-34.997517,-200.00003,0,0
31.230145,-34.997517,-200.00003,0,0
30.230145,-34.997517,-200.00003,0,0
29.230145,-34.997517,-200.00003,0,0
28.230145,-34.997517,-200.00003,0,0
27.230145,-34.997517,-200.00003,0,0
26.230145,-34.997517,-200.00003,0,0
25.230145,-34.997517,-200.00003,0,0
24.230145,-34.997517,-200.00003,0,0
23.230145,-34.997517,-200.00003,0,0
22.230145,-34.997517,-200.00003,0,0
21.230145,-34.997517,-200.00003,0,0
20.230145,-34.997517,-200.00003,0,0
19.230145,-34.997517,-200.00003,0,0
18.230145,-34.997517,-200.00003,0,0
17.230145,-34.997517,-200.00003,0,0
16.230145,-34.997517,-200.00003,0,0
15.2301445,-34.997517,-200.00003,0,0
14.2301445,-34.997517,-200.00003,0,0
13.2301445,-34.997517,-200.00003,0,0
12.2301445,-34.997517,-200.00003,0,0
11.2301445,-34.997517,-200.00003,0,0
10.2301445,-34.997517,-200.00003,0,0
9.2301445,-34.997517,-200.00003,0,0
8.2301445,-34.997517,-200.00003,0,0
7.2301445,-34.997517,-200.00003,0,0
6.2301445,-34.997517,-200.00003,0,0
5.2301445,-34.997517,-200.00003,0,0
4.2301445,-34.997517,-200.00003,0,0
3.2301445,-34.997517,-200.00003,0,0
2.2301445,-34.997517,-200.00003,0,0
1.2301445,-34.997517,-200.00003,0,0
0.2301445,-34.997517,-200.00003,0,0
-0.7698555,-34.997517,-200.00003,0,0
-1.7698555,-34.997517,-200.00003,0,0
-2.7698555,-34.997517,-200.00003,0,0
-3.7698555,-34.997517,-200.00003,0,0
-4.7698555,-34.997517,-200.00003,0,0
-5.7698555,-34.997517,-200.00003,0,0
-6.7698555,-34.997517,-200.00003,0,0
-7.7698555,-34.997517,-200.00003,0,0
-8.7698555,-34.997517,-200.00003,0,0
-9.7698555,-34.997517,-200.00003,0,0
-10.7698555,-34.997517,-200.00003,0,0
-11.7698555,-34.997517,-200.00003,0,0
-12.7698555,-34.997517,-200.00003,0,0
-13.7698555,-34.997517,-200.00003,0,0
-14.7698555,-34.997517,-200.00003,0,0
-15.7698555,-34.997517,-200.00003,0,0
-16.769855,-34.997517,-200.00003,0,0
-17.769855,-34.997517,-200.00003,0,0
-18.769855,-34.997517,-200.00003,0,0
-19.769855,-34.997517,-200.00003,0,0
-20.769855,-34.997517,-200.00003,0,0
-21.769855,-34.997517,-200.00003,0,0
-22.769855,-34.997517,-200.00003,0,0
-23.769855,-34.997517,-200.00003,0,0
-24.769855,-34.997517,-200.00003,0,0
-25.769855,-34.997517,-200.00003,0,0
-26.769855,-34.997517,-200.00003,0,0
-27.769855,-34.997517,-200.00003,0,0
-28.769855,-34.997517,-200.00003,0,0
-29.769855,-34.997517,-200.00003,0,0
-30.769855,-34.997517,-200.00003,0,0
-31.769855,-34.997517,-200.00003,0,0
-32.769855,-34.997517,-200.00003,0,0
-33.769855,-34.997517,-200.00003,0,0
-34.769855,-34.997517,-200.00003,0,0
-35.769855,-34.997517,-200.00003,0,0
-36.769855,-34.997517,-200.00003,0,0
-37.769855,-34.997517,-200.00003,0,0
-38.769855,-34.997517,-200.00003,0,0
-39.769855,-34.997517,-200.00003,0,0
-40.769855,-34.997517,-200.00003,0,0
-41.769855,-34.997517,-200.00003,0,0
-42.769855,-34.997517,-200.00003,0,0
-43.769855,-34.997517,-200.00003,0,0
-44.769855,-34.997517,-200.00003,0,0
-45.769855,-34.997517,-200.00003,0,0
-46.769855,-34.997517,-200.00003,0,0
-47.769855,-34.997517,-200.00003,0,0
-48.769855,-34.997517,-200.00003,0,0
-49.769855,-34.997517,-200.00003,0,0
49.230145,-35.997517,-200.00003,0,0
48.230145,-35.997517,-200.00003,0,0
47.230145,-35.997517,-200.00003,0,0
46.230145,-35.997517,-200.00003,0,0
45.230145,-35.997517,-200.00003,0,0
44.230145,-35.997517,-200.00003,0,0
43.230145,-35.997517,-200.00003,0,0
42.230145,-35.997517,-200.00003,0,0
41.230145,-35.997517,-200.00003,0,0
40.230145,-35.997517,-200.00003,0,0
39.230145,-35.997517,-200.00003,0,0
38.230145,-35.997517,-200.00003,0,0
37.230145,-35.997517,-200.00003,0,0
36.230145,-35.997517,-200.00003,0,0
35.230145,-35.997517,-200.00003,0,0
34.230145,-35.997517,-200.00003,0,0
33.230145,-35.997517,-200.00003,0,0
32.230145,-35.997517,-200.00003,0,0
31.230145,-35.997517,-200.00003,0,0
30.230145,-35.997517,-200.00003,0,0
29.230145,-35.997517,-200.00003,0,0
28.230145,-35.997517,-200.00003,0,0
27.230145,-35.997517,-200.00003,0,0
26.230145,-35.997517,-200.00003,0,0
25.230145,-35.997517,-200.00003,0,0
24.230145,-35.997517,-200.00003,0,0
23.230145,-35.997517,-200.00003,0,0
22.230145,-35.997517,-200.00003,0,0
21.230145,-35.997517,-200.00003,0,0
20.230145,-35.997517,-200.00003,0,0
19.230145,-35.997517,-200.00003,0,0
18.230145,-35.997517,-200.00003,0,0
17.230145,-35.997517,-200.00003,0,0
16.230145,-35.997517,-200.00003,0,0
15.2301445,-35.997517,-200.00003,0,0
14.2301445,-35.997517,-200.00003,0,0
13.2301445,-35.997517,-200.00003,0,0
12.2301445,-35.997517,-200.00003,0,0
11.2301445,-35.997517,-200.00003,0,0
10.2301445,-35.997517,-200.00003,0,0
9.2301445,-35.997517,-200.00003,0,0
8.2301445,-35.997517,-200.00003,0,0
7.2301445,-35.997517,-200.00003,0,0
6.2301445,-35.997517,-200.00003,0,0
5.2301445,-35.997517,-200.00003,0,0
4.2301445,-35.997517,-200.00003,0,0
3.2301445,-35.997517,-200.00003,0,0
2.2301445,-35.997517,-200.00003,0,0
1.2301445,-35.997517,-200.00003,0,0
0.2301445,-35.997517,-200.00003,0,0
-0.7698555,-35.997517,-200.00003,0,0
-1.7698555,-35.997517,-200.00003,0,0
-2.7698555,-35.997517,-200.00003,0,0
-3.7698555,-35.997517,-200.00003,0,0
-4.7698555,-35.997517,-200.00003,0,0
-5.7698555,-35.997517,-200.00003,0,0
-6.7698555,-35.997517,-200.00003,0,0
-7.7698555,-35.997517,-200.00003,0,0
-8.7698555,-35.997517,-200.00003,0,0
-9.7698555,-35.997517,-200.00003,0,0
-10.7698555,-35.997517,-200.00003,0,0
-11.7698555,-35.997517,-200.00003,0,0
-12.7698555,-35.997517,-200.00003,0,0
-13.7698555,-35.997517,-200.00003,0,0
-14.7698555,-35.997517,-200.00003,0,0
-15.7698555,-35.997517,-200.00003,0,0
-16.769855,-35.997517,-200.00003,0,0
-17.769855,-35.997517,-200.00003,0,0
-18.769855,-35.997517,-200.00003,0,0
-19.769855,-35.997517,-200.00003,0,0
-20.769855,-35.997517,-200.00003,0,0
-21.769855,-35.997517,-200.00003,0,0
-22.769855,-35.997517,-200.00003,0,0
-23.769855,-35.997517,-200.00003,0,0
-24.769855,-35.997517,-200.00003,0,0
-25.769855,-35.997517,-200.00003,0,0
-26.769855,-35.997517,-200.00003,0,0
-27.769855,-35.997517,-200.00003,0,0
-28.769855,-35.997517,-200.00003,0,0
-29.769855,-35.997517,-200.00003,0,0
-30.769855,-35.997517,-200.00003,0,0
-31.769855,-35.997517,-200.00003,0,0
-32.769855,-35.997517,-200.00003,0,0
-33.769855,-35.997517,-200.00003,0,0
-34.769855,-35.997517,-200.00003,0,0
-35.769855,-35.997517,-200.00003,0,0
-36.769855,-35.997517,-200.00003,0,0
-37.769855,-35.997517,-200.00003,0,0
-38.769855,-35.997517,-200.00003,0,0
-39.769855,-35.997517,-200.00003,0,0
-40.769855,-35.997517,-200.00003,0,0
-41.769855,-35.997517,-200.00003,0,0
-42.769855,-35.997517,-200.00003,0,0
-43.769855,-35.997517,-200.00003,0,0
-44.769855,-35.997517,-200.00003,0,0
-45.769855,-35.997517,-200.00003,0,0
-46.769855,-35.997517,-200.00003,0,0
-47.769855,-35.997517,-200.00003,0,0
-48.769855,-35.997517,-200.00003,0,0
-49.769855,-35.997517,-200.00003,0,0
49.230145,-36.997517,-200.00003,0,0
48.230145,-36.997517,-200.00003,0,0
47.230145,-36.997517,-200.00003,0,0
46.230145,-36.997517,-200.00003,0,0
45.230145,-36.997517,-200.00003,0,0
44.230145,-36.997517,-200.00003,0,0
43.230145,-36.997517,-200.00003,0,0
42.230145,-36.997517,-200.00003,0,0
41.230145,-36.997517,-200.00003,0,0
40.230145,-36.997517,-200.00003,0,0
39.230145,-36.997517,-200.00003,0,0
38.230145,-36.997517,-200.00003,0,0
37.230145,-36.997517,-200.00003,0,0
36.230145,-36.997517,-200.00003,0,0
35.230145,-36.997517,-200.00003,0,0
34.230145,-36.997517,-200.00003,0,0
33.230145,-36.997517,-200.00003,0,0
32.230145,-36.997517,-200.00003,0,0
31.230145,-36.997517,-200.00003,0,0
30.230145,-36.997517,-200.00003,0,0
29.230145,-36.997517,-200.00003,0,0
28.230145,-36.997517,-200.00003,0,0
27.230145,-36.997517,-200.00003,0,0
26.230145,-36.997517,-200.00003,0,0
25.230145,-36.997517,-200.00003,0,0
24.230145,-36.997517,-200.00003,0,0
23.230145,-36.997517,-200.00003,0,0
22.230145,-36.997517,-200.00003,0,0
21.230145,-36.997517,-200.00003,0,0
20.230145,-36.997517,-200.00003,0,0
19.230145,-36.997517,-200.00003,0,0
18.230145,-36.997517,-200.00003,0,0
17.230145,-36.997517,-200.00003,0,0
16.230145,-36.997517,-200.00003,0,0
15.2301445,-36.997517,-200.00003,0,0
14.2301445,-36.997517,-200.00003,0,0
13.2301445,-36.997517,-200.00003,0,0
12.2301445,-36.997517,-200.00003,0,0
11.2301445,-36.997517,-200.00003,0,0
10.2301445,-36.997517,-200.00003,0,0
9.2301445,-36.997517,-200.00003,0,0
8.2301445,-36.997517,-200.00003,0,0
7.2301445,-36.997517,-200.00003,0,0
6.2301445,-36.997517,-200.00003,0,0
5.2301445,-36.997517,-200.00003,0,0
4.2301445,-36.997517,-200.00003,0,0
3.2301445,-36.997517,-200.00003,0,0
2.2301445,-36.997517,-200.00003,0,0
1.2301445,-36.997517,-200.00003,0,0
0.2301445,-36.997517,-200.00003,0,0
-0.7698555,-36.997517,-200.00003,0,0
-1.7698555,-36.997517,-200.00003,0,0
-2.7698555,-36.997517,-200.00003,0,0
-3.7698555,-36.997517,-200.00003,0,0
-4.7698555,-36.997517,-200.00003,0,0
-5.7698555,-36.997517,-200.00003,0,0
-6.7698555,-36.997517,-200.00003,0,0
-7.7698555,-36.997517,-200.00003,0,0
-8.7698555,-36.997517,-200.00003,0,0
-9.7698555,-36.997517,-200.00003,0,0
-10.7698555,-36.997517,-200.00003,0,0
-11.7698555,-36.997517,-200.00003,0,0
-12.7698555,-36.997517,-200.00003,0,0
-13.7698555,-36.997517,-200.00003,0,0
-14.7698555,-36.997517,-200.00003,0,0
-15.7698555,-36.997517,-200.00003,0,0
-16.769855,-36.997517,-200.00003,0,0
-17.769855,-36.997517,-200.00003,0,0
-18.769855,-36.997517,-200.00003,0,0
-19.769855,-36.997517,-200.00003,0,0
-20.769855,-36.997517,-200.00003,0,0
-21.769855,-36.997517,-200.00003,0,0
-22.769855,-36.997517,-200.00003,0,0
-23.769855,-36.997517,-200.00003,0,0
-24.769855,-36.997517,-200.00003,0,0
-25.769855,-36.997517,-200.00003,0,0
-26.769855,-36.997517,-200.00003,0,0
-27.769855,-36.997517,-200.00003,0,0
-28.769855,-36.997517,-200.00003,0,0
-29.769855,-36.997517,-200.00003,0,0
-30.769855,-36.997517,-200.00003,0,0
-31.769855,-36.997517,-200.00003,0,0
-32.769855,-36.997517,-200.00003,0,0
-33.769855,-36.997517,-200.00003,0,0
-34.769855,-36.997517,-200.00003,0,0
-35.769855,-36.997517,-200.00003,0,0
-36.769855,-36.997517,-200.00003,0,0
-37.769855,-36.997517,-200.00003,0,0
-38.769855,-36.997517,-200.00003,0,0
-39.769855,-36.997517,-200.00003,0,0
-40.769855,-36.997517,-200.00003,0,0
-41.769855,-36.997517,-200.00003,0,0
-42.769855,-36.997517,-200.00003,0,0
-43.769855,-36.997517,-200.00003,0,0
-44.769855,-36.997517,-200.00003,0,0
-45.769855,-36.997517,-200.00003,0,0
-46.769855,-36.997517,-200.00003,0,0
-47.769855,-36.997517,-200.00003,0,0
-48.769855,-36.997517,-200.00003,0,0
-49.769855,-36.997517,-200.00003,0,0
49.230145,-37.997517,-200.00003,0,0
48.230145,-37.997517,-200.00003,0,0
47.230145,-37.997517,-200.00003,0,0
46.230145,-37.997517,-200.00003,0,0
45.230145,-37.997517,-200.00003,0,0
44.230145,-37.997517,-200.00003,0,0
43.230145,-37.997517,-200.00003,0,0
42.230145,-37.997517,-200.00003,0,0
41.230145,-37.997517,-200.00003,0,0
40.230145,-37.997517,-200.00003,0,0
39.230145,-37.997517,-200.00003,0,0
38.230145,-37.997517,-200.00003,0,0
37.230145,-37.997517,-200.00003,0,0
36.230145,-37.997517,-200.00003,0,0
35.230145,-37.997517,-200.00003,0,0
34.230145,-37.997517,-200.00003,0,0
33.230145,-37.997517,-200.00003,0,0
32.230145,-37.997517,-200.00003,0,0
31.230145,-37.997517,-200.00003,0,0
30.230145,-37.997517,-200.00003,0,0
29.230145,-37.997517,-200.00003,0,0
28.230145,-37.997517,-200.00003,0,0
27.230145,-37.997517,-200.00003,0,0
26.230145,-37.997517,-200.00003,0,0
25.230145,-37.997517,-200.00003,0,0
24.230145,-37.997517,-200.00003,0,0
23.230145,-37.997517,-200.00003,0,0
22.230145,-37.997517,-200.00003,0,0
21.230145,-37.997517,-200.00003,0,0
20.230145,-37.997517,-200.00003,0,0
19.230145,-37.997517,-200.00003,0,0
18.230145,-37.997517,-200.00003,0,0
17.230145,-37.997517,-200.00003,0,0
16.230145,-37.997517,-200.00003,0,0
15.2301445,-37.997517,-200.00003,0,0
14.2301445,-37.997517,-200.00003,0,0
13.2301445,-37.997517,-200.00003,0,0
12.2301445,-37.997517,-200.00003,0,0
11.2301445,-37.997517,-200.00003,0,0
10.2301445,-37.997517,-200.00003,0,0
9.2301445,-37.997517,-200.00003,0,0
8.2301445,-37.997517,-200.00003,0,0
7.2301445,-37.997517,-200.00003,0,0
6.2301445,-37.997517,-200.00003,0,0
5.2301445,-37.997517,-200.00003,0,0
4.2301445,-37.997517,-200.00003,0,0
3.2301445,-37.997517,-200.00003,0,0
2.2301445,-37.997517,-200.00003,0,0
1.2301445,-37.997517,-200.00003,0,0
0.2301445,-37.997517,-200.00003,0,0
-0.7698555,-37.997517,-200.00003,0,0
-1.7698555,-37.997517,-200.00003,0,0
-2.7698555,-37.997517,-200.00003,0,0
-3.7698555,-37.997517,-200.00003,0,0
-4.7698555,-37.997517,-200.00003,0,0
-5.7698555,-37.997517,-200.00003,0,0
-6.7698555,-37.997517,-200.00003,0,0
-7.7698555,-37.997517,-200.00003,0,0
-8.7698555,-37.997517,-200.00003,0,0
-9.7698555,-37.997517,-200.00003,0,0
-10.7698555,-37.997517,-200.00003,0,0
-11.7698555,-37.997517,-200.00003,0,0
-12.7698555,-37.997517,-200.00003,0,0
-13.7698555,-37.997517,-200.00003,0,0
-14.7698555,-37.997517,-200.00003,0,0
-15.7698555,-37.997517,-200.00003,0,0
-16.769855,-37.997517,-200.00003,0,0
-17.769855,-37.997517,-200.00003,0,0
-18.769855,-37.997517,-200.00003,0,0
-19.769855,-37.997517,-200.00003,0,0
-20.769855,-37.997517,-200.00003,0,0
-21.769855,-37.997517,-200.00003,0,0
-22.769855,-37.997517,-200.00003,0,0
-23.769855,-37.997517,-200.00003,0,0
-24.769855,-37.997517,-200.00003,0,0
-25.769855,-37.997517,-200.00003,0,0
-26.769855,-37.997517,-200.00003,0,0
-27.769855,-37.997517,-200.00003,0,0
-28.769855,-37.997517,-200.00003,0,0
-29.769855,-37.997517,-200.00003,0,0
-30.769855,-37.997517,-200.00003,0,0
-31.769855,-37.997517,-200.00003,0,0
-32.769855,-37.997517,-200.00003,0,0
-33.769855,-37.997517,-200.00003,0,0
-34.769855,-37.997517,-200.00003,0,0
-35.769855,-37.997517,-200.00003,0,0
-36.769855,-37.997517,-200.00003,0,0
-37.769855,-37.997517,-200.00003,0,0
-38.769855,-37.997517,-200.00003,0,0
-39.769855,-37.997517,-200.00003,0,0
-40.769855,-37.997517,-200.00003,0,0
-41.769855,-37.997517,-200.00003,0,0
-42.769855,-37.997517,-200.00003,0,0
-43.769855,-37.997517,-200.00003,0,0
-44.769855,-37.997517,-200.00003,0,0
-45.769855,-37.997517,-200.00003,0,0
-46.769855,-37.997517,-200.00003,0,0
-47.769855,-37.997517,-200.00003,0,0
-48.769855,-37.997517,-200.00003,0,0
-49.769855,-37.997517,-200.00003,0,0
49.230145,-38.997517,-200.00003,0,0
48.230145,-38.997517,-200.00003,0,0
47.230145,-38.997517,-200.00003,0,0
46.230145,-38.997517,-200.00003,0,0
45.230145,-38.997517,-200.00003,0,0
44.230145,-38.997517,-200.00003,0,0
43.230145,-38.997517,-200.00003,0,0
42.230145,-38.997517,-200.00003,0,0
41.230145,-38.997517,-200.00003,0,0
40.230145,-38.997517,-200.00003,0,0
39.230145,-38.997517,-200.00003,0,0
38.230145,-38.997517,-200.00003,0,0
37.230145,-38.997517,-200.00003,0,0
36.230145,-38.997517,-200.00003,0,0
35.230145,-38.997517,-200.00003,0,0
34.230145,-38.997517,-200.00003,0,0
33.230145,-38.997517,-200.00003,0,0
32.230145,-38.997517,-200.00003,0,0
31.230145,-38.997517,-200.00003,0,0
30.230145,-38.997517,-200.00003,0,0
29.230145,-38.997517,-200.00003,0,0
28.230145,-38.997517,-200.00003,0,0
27.230145,-38.997517,-200.00003,0,0
26.230145,-38.997517,-200.00003,0,0
25.230145,-38.997517,-200.00003,0,0
24.230145,-38.997517,-200.00003,0,0
23.230145,-38.997517,-200.00003,0,0
22.230145,-38.997517,-200.00003,0,0
21.230145,-38.997517,-200.00003,0,0
20.230145,-38.997517,-200.00003,0,0
19.230145,-38.997517,-200.00003,0,0
18.230145,-38.997517,-200.00003,0,0
17.230145,-38.997517,-200.00003,0,0
16.230145,-38.997517,-200.00003,0,0
15.2301445,-38.997517,-200.00003,0,0
14.2301445,-38.997517,-200.00003,0,0
13.2301445,-38.997517,-200.00003,0,0
12.2301445,-38.997517,-200.00003,0,0
11.2301445,-38.997517,-200.00003,0,0
10.2301445,-38.997517,-200.00003,0,0
9.2301445,-38.997517,-200.00003,0,0
8.2301445,-38.997517,-200.00003,0,0
7.2301445,-38.997517,-200.00003,0,0
6.2301445,-38.997517,-200.00003,0,0
5.2301445,-38.997517,-200.00003,0,0
4.2301445,-38.997517,-200.00003,0,0
3.2301445,-38.997517,-200.00003,0,0
2.2301445,-38.997517,-200.00003,0,0
1.2301445,-38.997517,-200.00003,0,0
0.2301445,-38.997517,-200.00003,0,0
-0.7698555,-38.997517,-200.00003,0,0
-1.7698555,-38.997517,-200.00003,0,0
-2.7698555,-38.997517,-200.00003,0,0
-3.7698555,-38.997517,-200.00003,0,0
-4.7698555,-38.997517,-200.00003,0,0
-5.7698555,-38.997517,-200.00003,0,0
-6.7698555,-38.997517,-200.00003,0,0
-7.7698555,-38.997517,-200.00003,0,0
-8.7698555,-38.997517,-200.00003,0,0
-9.7698555,-38.997517,-200.00003,0,0
-10.7698555,-38.997517,-200.00003,0,0
-11.7698555,-38.997517,-200.00003,0,0
-12.7698555,-38.997517,-200.00003,0,0
-13.7698555,-38.997517,-200.00003,0,0
-14.7698555,-38.997517,-200.00003,0,0
-15.7698555,-38.997517,-200.00003,0,0
-16.769855,-38.997517,-200.00003,0,0
-17.769855,-38.997517,-200.00003,0,0
-18.769855,-38.997517,-200.00003,0,0
-19.769855,-38.997517,-200.00003,0,0
-20.769855,-38.997517,-200.00003,0,0
-21.769855,-38.997517,-200.00003,0,0
-22.769855,-38.997517,-200.00003,0,0
-23.769855,-38.997517,-200.00003,0,0
-24.769855,-38.997517,-200.00003,0,0
-25.769855,-38.997517,-200.00003,0,0
-26.769855,-38.997517,-200.00003,0,0
-27.769855,-38.997517,-200.00003,0,0
-28.769855,-38.997517,-200.00003,0,0
-29.769855,-38.997517,-200.00003,0,0
-30.769855,-38.997517,-200.00003,0,0
-31.769855,-38.997517,-200.00003,0,0
-32.769855,-38.997517,-200.00003,0,0
-33.769855,-38.997517,-200.00003,0,0
-34.769855,-38.997517,-200.00003,0,0
-35.769855,-38.997517,-200.00003,0,0
-36.769855,-38.997517,-200.00003,0,0
-37.769855,-38.997517,-200.00003,0,0
-38.769855,-38.997517,-200.00003,0,0
-39.769855,-38.997517,-200.00003,0,0
-40.769855,-38.997517,-200.00003,0,0
-41.769855,-38.997517,-200.00003,0,0
-42.769855,-38.997517,-200.00003,0,0
-43.769855,-38.997517,-200.00003,0,0
-44.769855,-38.997517,-200.00003,0,0
-45.769855,-38.997517,-200.00003,0,0
-46.769855,-38.997517,-200.00003,0,0
-47.769855,-38.997517,-200.00003,0,0
-48.769855,-38.997517,-200.00003,0,0
-49.769855,-38.997517,-200.00003,0,0
49.230145,-39.997517,-200.00003,0,0
48.230145,-39.997517,-200.00003,0,0
47.230145,-39.997517,-200.00003,0,0
46.230145,-39.997517,-200.00003,0,0
45.230145,-39.997517,-200.00003,0,0
44.230145,-39.997517,-200.00003,0,0
43.230145,-39.997517,-200.00003,0,0
42.230145,-39.997517,-200.00003,0,0
41.230145,-39.997517,-200.00003,0,0
40.230145,-39.997517,-200.00003,0,0
39.230145,-39.997517,-200.00003,0,0
38.230145,-39.997517,-200.00003,0,0
37.230145,-39.997517,-200.00003,0,0
36.230145,-39.997517,-200.00003,0,0
35.230145,-39.997517,-200.00003,0,0
34.230145,-39.997517,-200.00003,0,0
33.230145,-39.997517,-200.00003,0,0
32.230145,-39.997517,-200.00003,0,0
31.230145,-39.997517,-200.00003,0,0
30.230145,-39.997517,-200.00003,0,0
29.230145,-39.997517,-200.00003,0,0
28.230145,-39.997517,-200.00003,0,0
27.230145,-39.997517,-200.00003,0,0
26.230145,-39.997517,-200.00003,0,0
25.230145,-39.997517,-200.00003,0,0
24.230145,-39.997517,-200.00003,0,0
23.230145,-39.997517,-200.00003,0,0
22.230145,-39.997517,-200.00003,0,0
21.230145,-39.997517,-200.00003,0,0
20.230145,-39.997517,-200.00003,0,0
19.230145,-39.997517,-200.00003,0,0
18.230145,-39.997517,-200.00003,0,0
17.230145,-39.997517,-200.00003,0,0
16.230145,-39.997517,-200.00003,0,0
15.2301445,-39.997517,-200.00003,0,0
14.2301445,-39.997517,-200.00003,0,0
13.2301445,-39.997517,-200.00003,0,0
12.2301445,-39.997517,-200.00003,0,0
11.2301445,-39.997517,-200.00003,0,0
10.2301445,-39.997517,-200.00003,0,0
9.2301445,-39.997517,-200.00003,0,0
8.2301445,-39.997517,-200.00003,0,0
7.2301445,-39.997517,-200.00003,0,0
6.2301445,-39.997517,-200.00003,0,0
5.2301445,-39.997517,-200.00003,0,0
4.2301445,-39.997517,-200.00003,0,0
3.2301445,-39.997517,-200.00003,0,0
2.2301445,-39.997517,-200.00003,0,0
1.2301445,-39.997517,-200.00003,0,0
0.2301445,-39.997517,-200.00003,0,0
-0.7698555,-39.997517,-200.00003,0,0
-1.7698555,-39.997517,-200.00003,0,0
-2.7698555,-39.997517,-200.00003,0,0
-3.7698555,-39.997517,-200.00003,0,0
-4.7698555,-39.997517,-200.00003,0,0
-5.7698555,-39.997517,-200.00003,0,0
-6.7698555,-39.997517,-200.00003,0,0
-7.7698555,-39.997517,-200.00003,0,0
-8.7698555,-39.997517,-200.00003,0,0
-9.7698555,-39.997517,-200.00003,0,0
-10.7698555,-39.997517,-200.00003,0,0
-11.7698555,-39.997517,-200.00003,0,0
-12.7698555,-39.997517,-200.00003,0,0
-13.7698555,-39.997517,-200.00003,0,0
-14.7698555,-39.997517,-200.00003,0,0
-15.7698555,-39.997517,-200.00003,0,0
-16.769855,-39.997517,-200.00003,0,0
-17.769855,-39.997517,-200.00003,0,0
-18.769855,-39.997517,-200.00003,0,0
-19.769855,-39.997517,-200.00003,0,0
-20.769855,-39.997517,-200.00003,0,0
-21.769855,-39.997517,-200.00003,0,0
-22.769855,-39.997517,-200.00003,0,0
-23.769855,-39.997517,-200.00003,0,0
-24.769855,-39.997517,-200.00003,0,0
-25.769855,-39.997517,-200.00003,0,0
-26.769855,-39.997517,-200.00003,0,0
-27.769855,-39.997517,-200.00003,0,0
-28.769855,-39.997517,-200.00003,0,0
-29.769855,-39.997517,-200.00003,0,0
-30.769855,-39.997517,-200.00003,0,0
-31.769855,-39.997517,-200.00003,0,0
-32.769855,-39.997517,-200.00003,0,0
-33.769855,-39.997517,-200.00003,0,0
-34.769855,-39.997517,-200.00003,0,0
-35.769855,-39.997517,-200.00003,0,0
-36.769855,-39.997517,-200.00003,0,0
-37.769855,-39.997517,-200.00003,0,0
-38.769855,-39.997517,-200.00003,0,0
-39.769855,-39.997517,-200.00003,0,0
-40.769855,-39.997517,-200.00003,0,0
-41.769855,-39.997517,-200.00003,0,0
-42.769855,-39.997517,-200.00003,0,0
-43.769855,-39.997517,-200.00003,0,0
-44.769855,-39.997517,-200.00003,0,0
-45.769855,-39.997517,-200.00003,0,0
-46.769855,-39.997517,-200.00003,0,0
-47.769855,-39.997517,-200.00003,0,0
-48.769855,-39.997517,-200.00003,0,0
-49.769855,-39.997517,-200.00003,0,0
49.230145,-40.997517,-200.00003,0,0
48.230145,-40.997517,-200.00003,0,0
47.230145,-40.997517,-200.00003,0,0
46.230145,-40.997517,-200.00003,0,0
45.230145,-40.997517,-200.00003,0,0
44.230145,-40.997517,-200.00003,0,0
43.230145,-40.997517,-200.00003,0,0
42.230145,-40.997517,-200.00003,0,0
41.230145,-40.997517,-200.00003,0,0
40.230145,-40.997517,-200.00003,0,0
39.230145,-40.997517,-200.00003,0,0
38.230145,-40.997517,-200.00003,0,0
37.230145,-40.997517,-200.00003,0,0
36.230145,-40.997517,-200.00003,0,0
35.230145,-40.997517,-200.00003,0,0
34.230145,-40.997517,-200.00003,0,0
33.230145,-40.997517,-200.00003,0,0
32.230145,-40.997517,-200.00003,0,0
31.230145,-40.997517,-200.00003,0,0
30.230145,-40.997517,-200.00003,0,0
29.230145,-40.997517,-200.00003,0,0
28.230145,-40.997517,-200.00003,0,0
27.230145,-40.997517,-200.00003,0,0
26.230145,-40.997517,-200.00003,0,0
25.230145,-40.997517,-200.00003,0,0
24.230145,-40.997517,-200.00003,0,0
23.230145,-40.997517,-200.00003,0,0
22.230145,-40.997517,-200.00003,0,0
21.230145,-40.997517,-200.00003,0,0
20.230145,-40.997517,-200.00003,0,0
19.230145,-40.997517,-200.00003,0,0
18.230145,-40.997517,-200.00003,0,0
17.230145,-40.997517,-200.00003,0,0
16.230145,-40.997517,-200.00003,0,0
15.2301445,-40.997517,-200.00003,0,0
14.2301445,-40.997517,-200.00003,0,0
13.2301445,-40.997517,-200.00003,0,0
12.2301445,-40.997517,-200.00003,0,0
11.2301445,-40.997517,-200.00003,0,0
10.2301445,-40.997517,-200.00003,0,0
9.2301445,-40.997517,-200.00003,0,0
8.2301445,-40.997517,-200.00003,0,0
7.2301445,-40.997517,-200.00003,0,0
6.2301445,-40.997517,-200.00003,0,0
5.2301445,-40.997517,-200.00003,0,0
4.2301445,-40.997517,-200.00003,0,0
3.2301445,-40.997517,-200.00003,0,0
2.2301445,-40.997517,-200.00003,0,0
1.2301445,-40.997517,-200.00003,0,0
0.2301445,-40.997517,-200.00003,0,0
-0.7698555,-40.997517,-200.00003,0,0
-1.7698555,-40.997517,-200.00003,0,0
-2.7698555,-40.997517,-200.00003,0,0
-3.7698555,-40.997517,-200.00003,0,0
-4.7698555,-40.997517,-200.00003,0,0
-5.7698555,-40.997517,-200.00003,0,0
-6.7698555,-40.997517,-200.00003,0,0
-7.7698555,-40.997517,-200.00003,0,0
-8.7698555,-40.997517,-200.00003,0,0
-9.7698555,-40.997517,-200.00003,0,0
-10.7698555,-40.997517,-200.00003,0,0
-11.7698555,-40.997517,-200.00003,0,0
-12.7698555,-40.997517,-200.00003,0,0
-13.7698555,-40.997517,-200.00003,0,0
-14.7698555,-40.997517,-200.00003,0,0
-15.7698555,-40.997517,-200.00003,0,0
-16.769855,-40.997517,-200.00003,0,0
-17.769855,-40.997517,-200.00003,0,0
-18.769855,-40.997517,-200.00003,0,0
-19.769855,-40.997517,-200.00003,0,0
-20.769855,-40.997517,-200.00003,0,0
-21.769855,-40.997517,-200.00003,0,0
-22.769855,-40.997517,-200.00003,0,0
-23.769855,-40.997517,-200.00003,0,0
-24.769855,-40.997517,-200.00003,0,0
-25.769855,-40.997517,-200.00003,0,0
-26.769855,-40.997517,-200.00003,0,0
-27.769855,-40.997517,-200.00003,0,0
-28.769855,-40.997517,-200.00003,0,0
-29.769855,-40.997517,-200.00003,0,0
-30.769855,-40.997517,-200.00003,0,0
-31.769855,-40.997517,-200.00003,0,0
-32.769855,-40.997517,-200.00003,0,0
-33.769855,-40.997517,-200.00003,0,0
-34.769855,-40.997517,-200.00003,0,0
-35.769855,-40.997517,-200.00003,0,0
-36.769855,-40.997517,-200.00003,0,0
-37.769855,-40.997517,-200.00003,0,0
-38.769855,-40.997517,-200.00003,0,0
-39.769855,-40.997517,-200.00003,0,0
-40.769855,-40.997517,-200.00003,0,0
-41.769855,-40.997517,-200.00003,0,0
-42.769855,-40.997517,-200.00003,0,0
-43.769855,-40.997517,-200.00003,0,0
-44.769855,-40.997517,-200.00003,0,0
-45.769855,-40.997517,-200.00003,0,0
-46.769855,-40.997517,-200.00003,0,0
-47.769855,-40.997517,-200.00003,0,0
-48.769855,-40.997517,-200.00003,0,0
-49.769855,-40.997517,-200.00003,0,0
49.230145,-41.997517,-200.00003,0,0
48.230145,-41.997517,-200.00003,0,0
47.230145,-41.997517,-200.00003,0,0
46.230145,-41.997517,-200.00003,0,0
45.230145,-41.997517,-200.00003,0,0
44.230145,-41.997517,-200.00003,0,0
43.230145,-41.997517,-200.00003,0,0
42.230145,-41.997517,-200.00003,0,0
41.230145,-41.997517,-200.00003,0,0
40.230145,-41.997517,-200.00003,0,0
39.230145,-41.997517,-200.00003,0,0
38.230145,-41.997517,-200.00003,0,0
37.230145,-41.997517,-200.00003,0,0
36.230145,-41.997517,-200.00003,0,0
35.230145,-41.997517,-200.00003,0,0
34.230145,-41.997517,-200.00003,0,0
33.230145,-41.997517,-200.00003,0,0
32.230145,-41.997517,-200.00003,0,0
31.230145,-41.997517,-200.00003,0,0
30.230145,-41.997517,-200.00003,0,0
29.230145,-41.997517,-200.00003,0,0
28.230145,-41.997517,-200.00003,0,0
27.230145,-41.997517,-200.00003,0,0
26.230145,-41.997517,-200.00003,0,0
25.230145,-41.997517,-200.00003,0,0
24.230145,-41.997517,-200.00003,0,0
23.230145,-41.997517,-200.00003,0,0
22.230145,-41.997517,-200.00003,0,0
21.230145,-41.997517,-200.00003,0,0
20.230145,-41.997517,-200.00003,0,0
19.230145,-41.997517,-200.00003,0,0
18.230145,-41.997517,-200.00003,0,0
17.230145,-41.997517,-200.00003,0,0
16.230145,-41.997517,-200.00003,0,0
15.2301445,-41.997517,-200.00003,0,0
14.2301445,-41.997517,-200.00003,0,0
13.2301445,-41.997517,-200.00003,0,0
12.2301445,-41.997517,-200.00003,0,0
11.2301445,-41.997517,-200.00003,0,0
10.2301445,-41.997517,-200.00003,0,0
9.2301445,-41.997517,-200.00003,0,0
8.2301445,-41.997517,-200.00003,0,0
7.2301445,-41.997517,-200.00003,0,0
6.2301445,-41.997517,-200.00003,0,0
5.2301445,-41.997517,-200.00003,0,0
4.2301445,-41.997517,-200.00003,0,0
3.2301445,-41.997517,-200.00003,0,0
2.2301445,-41.997517,-200.00003,0,0
1.2301445,-41.997517,-200.00003,0,0
0.2301445,-41.997517,-200.00003,0,0
-0.7698555,-41.997517,-200.00003,0,0
-1.7698555,-41.997517,-200.00003,0,0
-2.7698555,-41.997517,-200.00003,0,0
-3.7698555,-41.997517,-200.00003,0,0
-4.7698555,-41.997517,-200.00003,0,0
-5.7698555,-41.997517,-200.00003,0,0
-6.7698555,-41.997517,-200.00003,0,0
-7.7698555,-41.997517,-200.00003,0,0
-8.7698555,-41.997517,-200.00003,0,0
-9.7698555,-41.997517,-200.00003,0,0
-10.7698555,-41.997517,-200.00003,0,0
-11.7698555,-41.997517,-200.00003,0,0
-12.7698555,-41.997517,-200.00003,0,0
-13.7698555,-41.997517,-200.00003,0,0
-14.7698555,-41.997517,-200.00003,0,0
-15.7698555,-41.997517,-200.00003,0,0
-16.769855,-41.997517,-200.00003,0,0
-17.769855,-41.997517,-200.00003,0,0
-18.769855,-41.997517,-200.00003,0,0
-19.769855,-41.997517,-200.00003,0,0
-20.769855,-41.997517,-200.00003,0,0
-21.769855,-41.997517,-200.00003,0,0
-22.769855,-41.997517,-200.00003,0,0
-23.769855,-41.997517,-200.00003,0,0
-24.769855,-41.997517,-200.00003,0,0
-25.769855,-41.997517,-200.00003,0,0
-26.769855,-41.997517,-200.00003,0,0
-27.769855,-41.997517,-200.00003,0,0
-28.769855,-41.997517,-200.00003,0,0
-29.769855,-41.997517,-200.00003,0,0
-30.769855,-41.997517,-200.00003,0,0
-31.769855,-41.997517,-200.00003,0,0
-32.769855,-41.997517,-200.00003,0,0
-33.769855,-41.997517,-200.00003,0,0
-34.769855,-41.997517,-200.00003,0,0
-35.769855,-41.997517,-200.00003,0,0
-36.769855,-41.997517,-200.00003,0,0
-37.769855,-41.997517,-200.00003,0,0
-38.769855,-41.997517,-200.00003,0,0
-39.769855,-41.997517,-200.00003,0,0
-40.769855,-41.997517,-200.00003,0,0
-41.769855,-41.997517,-200.00003,0,0
-42.769855,-41.997517,-200.00003,0,0
-43.769855,-41.997517,-200.00003,0,0
-44.769855,-41.997517,-200.00003,0,0
-45.769855,-41.997517,-200.00003,0,0
-46.769855,-41.997517,-200.00003,0,0
-47.769855,-41.997517,-200.00003,0,0
-48.769855,-41.997517,-200.00003,0,0
-49.769855,-41.997517,-200.00003,0,0
49.230145,-42.997517,-200.00003,0,0
48.230145,-42.997517,-200.00003,0,0
47.230145,-42.997517,-200.00003,0,0
46.230145,-42.997517,-200.00003,0,0
45.230145,-42.997517,-200.00003,0,0
44.230145,-42.997517,-200.00003,0,0
43.230145,-42.997517,-200.00003,0,0
42.230145,-42.997517,-200.00003,0,0
41.230145,-42.997517,-200.00003,0,0
40.230145,-42.997517,-200.00003,0,0
39.230145,-42.997517,-200.00003,0,0
38.230145,-42.997517,-200.00003,0,0
37.230145,-42.997517,-200.00003,0,0
36.230145,-42.997517,-200.00003,0,0
35.230145,-42.997517,-200.00003,0,0
34.230145,-42.997517,-200.00003,0,0
33.230145,-42.997517,-200.00003,0,0
32.230145,-42.997517,-200.00003,0,0
31.230145,-42.997517,-200.00003,0,0
30.230145,-42.997517,-200.00003,0,0
29.230145,-42.997517,-200.00003,0,0
28.230145,-42.997517,-200.00003,0,0
27.230145,-42.997517,-200.00003,0,0
26.230145,-42.997517,-200.00003,0,0
25.230145,-42.997517,-200.00003,0,0
24.230145,-42.997517,-200.00003,0,0
23.230145,-42.997517,-200.00003,0,0
22.230145,-42.997517,-200.00003,0,0
21.230145,-42.997517,-200.00003,0,0
20.230145,-42.997517,-200.00003,0,0
19.230145,-42.997517,-200.00003,0,0
18.230145,-42.997517,-200.00003,0,0
17.230145,-42.997517,-200.00003,0,0
16.230145,-42.997517,-200.00003,0,0
15.2301445,-42.997517,-200.00003,0,0
14.2301445,-42.997517,-200.00003,0,0
13.2301445,-42.997517,-200.00003,0,0
12.2301445,-42.997517,-200.00003,0,0
11.2301445,-42.997517,-200.00003,0,0
10.2301445,-42.997517,-200.00003,0,0
9.2301445,-42.997517,-200.00003,0,0
8.2301445,-42.997517,-200.00003,0,0
7.2301445,-42.997517,-200.00003,0,0
6.2301445,-42.997517,-200.00003,0,0
5.2301445,-42.997517,-200.00003,0,0
4.2301445,-42.997517,-200.00003,0,0
3.2301445,-42.997517,-200.00003,0,0
2.2301445,-42.997517,-200.00003,0,0
1.2301445,-42.997517,-200.00003,0,0
0.2301445,-42.997517,-200.00003,0,0
-0.7698555,-42.997517,-200.00003,0,0
-1.7698555,-42.997517,-200.00003,0,0
-2.7698555,-42.997517,-200.00003,0,0
-3.7698555,-42.997517,-200.00003,0,0
-4.7698555,-42.997517,-200.00003,0,0
-5.7698555,-42.997517,-200.00003,0,0
-6.7698555,-42.997517,-200.00003,0,0
-7.7698555,-42.997517,-200.00003,0,0
-8.7698555,-42.997517,-200.00003,0,0
-9.7698555,-42.997517,-200.00003,0,0
-10.7698555,-42.997517,-200.00003,0,0
-11.7698555,-42.997517,-200.00003,0,0
-12.7698555,-42.997517,-200.00003,0,0
-13.7698555,-42.997517,-200.00003,0,0
-14.7698555,-42.997517,-200.00003,0,0
-15.7698555,-42.997517,-200.00003,0,0
-16.769855,-42.997517,-200.00003,0,0
-17.769855,-42.997517,-200.00003,0,0
-18.769855,-42.997517,-200.00003,0,0
-19.769855,-42.997517,-200.00003,0,0
-20.769855,-42.997517,-200.00003,0,0
-21.769855,-42.997517,-200.00003,0,0
-22.769855,-42.997517,-200.00003,0,0
-23.769855,-42.997517,-200.00003,0,0
-24.769855,-42.997517,-200.00003,0,0
-25.769855,-42.997517,-200.00003,0,0
-26.769855,-42.997517,-200.00003,0,0
-27.769855,-42.997517,-200.00003,0,0
-28.769855,-42.997517,-200.00003,0,0
-29.769855,-42.997517,-200.00003,0,0
-30.769855,-42.997517,-200.00003,0,0
-31.769855,-42.997517,-200.00003,0,0
-32.769855,-42.997517,-200.00003,0,0
-33.769855,-42.997517,-200.00003,0,0
-34.769855,-42.997517,-200.00003,0,0
-35.769855,-42.997517,-200.00003,0,0
-36.769855,-42.997517,-200.00003,0,0
-37.769855,-42.997517,-200.00003,0,0
-38.769855,-42.997517,-200.00003,0,0
-39.769855,-42.997517,-200.00003,0,0
-40.769855,-42.997517,-200.00003,0,0
-41.769855,-42.997517,-200.00003,0,0
-42.769855,-42.997517,-200.00003,0,0
-43.769855,-42.997517,-200.00003,0,0
-44.769855,-42.997517,-200.00003,0,0
-45.769855,-42.997517,-200.00003,0,0
-46.769855,-42.997517,-200.00003,0,0
-47.769855,-42.997517,-200.00003,0,0
-48.769855,-42.997517,-200.00003,0,0
-49.769855,-42.997517,-200.00003,0,0
49.230145,-43.997517,-200.00003,0,0
48.230145,-43.997517,-200.00003,0,0
47.230145,-43.997517,-200.00003,0,0
46.230145,-43.997517,-200.00003,0,0
45.230145,-43.997517,-200.00003,0,0
44.230145,-43.997517,-200.00003,0,0
43.230145,-43.997517,-200.00003,0,0
42.230145,-43.997517,-200.00003,0,0
41.230145,-43.997517,-200.00003,0,0
40.230145,-43.997517,-200.00003,0,0
39.230145,-43.997517,-200.00003,0,0
38.230145,-43.997517,-200.00003,0,0
37.230145,-43.997517,-200.00003,0,0
36.230145,-43.997517,-200.00003,0,0
35.230145,-43.997517,-200.00003,0,0
34.230145,-43.997517,-200.00003,0,0
33.230145,-43.997517,-200.00003,0,0
32.230145,-43.997517,-200.00003,0,0
31.230145,-43.997517,-200.00003,0,0
30.230145,-43.997517,-200.00003,0,0
29.230145,-43.997517,-200.00003,0,0
28.230145,-43.997517,-200.00003,0,0
27.230145,-43.997517,-200.00003,0,0
26.230145,-43.997517,-200.00003,0,0
25.230145,-43.997517,-200.00003,0,0
24.230145,-43.997517,-200.00003,0,0
23.230145,-43.997517,-200.00003,0,0
22.230145,-43.997517,-200.00003,0,0
21.230145,-43.997517,-200.00003,0,0
20.230145,-43.997517,-200.00003,0,0
19.230145,-43.997517,-200.00003,0,0
18.230145,-43.997517,-200.00003,0,0
17.230145,-43.997517,-200.00003,0,0
16.230145,-43.997517,-200.00003,0,0
15.2301445,-43.997517,-200.00003,0,0
14.2301445,-43.997517,-200.00003,0,0
13.2301445,-43.997517,-200.00003,0,0
12.2301445,-43.997517,-200.00003,0,0
11.2301445,-43.997517,-200.00003,0,0
10.2301445,-43.997517,-200.00003,0,0
9.2301445,-43.997517,-200.00003,0,0
8.2301445,-43.997517,-200.00003,0,0
7.2301445,-43.997517,-200.00003,0,0
6.2301445,-43.997517,-200.00003,0,0
5.2301445,-43.997517,-200.00003,0,0
4.2301445,-43.997517,-200.00003,0,0
3.2301445,-43.997517,-200.00003,0,0
2.2301445,-43.997517,-200.00003,0,0
1.2301445,-43.997517,-200.00003,0,0
0.2301445,-43.997517,-200.00003,0,0
-0.7698555,-43.997517,-200.00003,0,0
-1.7698555,-43.997517,-200.00003,0,0
-2.7698555,-43.997517,-200.00003,0,0
-3.7698555,-43.997517,-200.00003,0,0
-4.7698555,-43.997517,-200.00003,0,0
-5.7698555,-43.997517,-200.00003,0,0
-6.7698555,-43.997517,-200.00003,0,0
-7.7698555,-43.997517,-200.00003,0,0
-8.7698555,-43.997517,-200.00003,0,0
-9.7698555,-43.997517,-200.00003,0,0
-10.7698555,-43.997517,-200.00003,0,0
-11.7698555,-43.997517,-200.00003,0,0
-12.7698555,-43.997517,-200.00003,0,0
-13.7698555,-43.997517,-200.00003,0,0
-14.7698555,-43.997517,-200.00003,0,0
-15.7698555,-43.997517,-200.00003,0,0
-16.769855,-43.997517,-200.00003,0,0
-17.769855,-43.997517,-200.00003,0,0
-18.769855,-43.997517,-200.00003,0,0
-19.769855,-43.997517,-200.00003,0,0
-20.769855,-43.997517,-200.00003,0,0
-21.769855,-43.997517,-200.00003,0,0
-22.769855,-43.997517,-200.00003,0,0
-23.769855,-43.997517,-200.00003,0,0
-24.769855,-43.997517,-200.00003,0,0
-25.769855,-43.997517,-200.00003,0,0
-26.769855,-43.997517,-200.00003,0,0
-27.769855,-43.997517,-200.00003,0,0
-28.769855,-43.997517,-200.00003,0,0
-29.769855,-43.997517,-200.00003,0,0
-30.769855,-43.997517,-200.00003,0,0
-31.769855,-43.997517,-200.00003,0,0
-32.769855,-43.997517,-200.00003,0,0
-33.769855,-43.997517,-200.00003,0,0
-34.769855,-43.997517,-200.00003,0,0
-35.769855,-43.997517,-200.00003,0,0
-36.769855,-43.997517,-200.00003,0,0
-37.769855,-43.997517,-200.00003,0,0
-38.769855,-43.997517,-200.00003,0,0
-39.769855,-43.997517,-200.00003,0,0
-40.769855,-43.997517,-200.00003,0,0
-41.769855,-43.997517,-200.00003,0,0
-42.769855,-43.997517,-200.00003,0,0
-43.769855,-43.997517,-200.00003,0,0
-44.769855,-43.997517,-200.00003,0,0
-45.769855,-43.997517,-200.00003,0,0
-46.769855,-43.997517,-200.00003,0,0
-47.769855,-43.997517,-200.00003,0,0
-48.769855,-43.997517,-200.00003,0,0
-49.769855,-43.997517,-200.00003,0,0
49.230145,-44.997517,-200.00003,0,0
48.230145,-44.997517,-200.00003,0,0
47.230145,-44.997517,-200.00003,0,0
46.230145,-44.997517,-200.00003,0,0
45.230145,-44.997517,-200.00003,0,0
44.230145,-44.997517,-200.00003,0,0
43.230145,-44.997517,-200.00003,0,0
42.230145,-44.997517,-200.00003,0,0
41.230145,-44.997517,-200.00003,0,0
40.230145,-44.997517,-200.00003,0,0
39.230145,-44.997517,-200.00003,0,0
38.230145,-44.997517,-200.00003,0,0
37.230145,-44.997517,-200.00003,0,0
36.230145,-44.997517,-200.00003,0,0
35.230145,-44.997517,-200.00003,0,0
34.230145,-44.997517,-200.00003,0,0
33.230145,-44.997517,-200.00003,0,0
32.230145,-44.997517,-200.00003,0,0
31.230145,-44.997517,-200.00003,0,0
30.230145,-44.997517,-200.00003,0,0
29.230145,-44.997517,-200.00003,0,0
28.230145,-44.997517,-200.00003,0,0
27.230145,-44.997517,-200.00003,0,0
26.230145,-44.997517,-200.00003,0,0
25.230145,-44.997517,-200.00003,0,0
24.230145,-44.997517,-200.00003,0,0
23.230145,-44.997517,-200.00003,0,0
22.230145,-44.997517,-200.00003,0,0
21.230145,-44.997517,-200.00003,0,0
20.230145,-44.997517,-200.00003,0,0
19.230145,-44.997517,-200.00003,0,0
18.230145,-44.997517,-200.00003,0,0
17.230145,-44.997517,-200.00003,0,0
16.230145,-44.997517,-200.00003,0,0
15.2301445,-44.997517,-200.00003,0,0
14.2301445,-44.997517,-200.00003,0,0
13.2301445,-44.997517,-200.00003,0,0
12.2301445,-44.997517,-200.00003,0,0
11.2301445,-44.997517,-200.00003,0,0
10.2301445,-44.997517,-200.00003,0,0
9.2301445,-44.997517,-200.00003,0,0
8.2301445,-44.997517,-200.00003,0,0
7.2301445,-44.997517,-200.00003,0,0
6.2301445,-44.997517,-200.00003,0,0
5.2301445,-44.997517,-200.00003,0,0
4.2301445,-44.997517,-200.00003,0,0
3.2301445,-44.997517,-200.00003,0,0
2.2301445,-44.997517,-200.00003,0,0
1.2301445,-44.997517,-200.00003,0,0
0.2301445,-44.997517,-200.00003,0,0
-0.7698555,-44.997517,-200.00003,0,0
-1.7698555,-44.997517,-200.00003,0,0
-2.7698555,-44.997517,-200.00003,0,0
-3.7698555,-44.997517,-200.00003,0,0
-4.7698555,-44.997517,-200.00003,0,0
-5.7698555,-44.997517,-200.00003,0,0
-6.7698555,-44.997517,-200.00003,0,0
-7.7698555,-44.997517,-200.00003,0,0
-8.7698555,-44.997517,-200.00003,0,0
-9.7698555,-44.997517,-200.00003,0,0
-10.7698555,-44.997517,-200.00003,0,0
-11.7698555,-44.997517,-200.00003,0,0
-12.7698555,-44.997517,-200.00003,0,0
-13.7698555,-44.997517,-200.00003,0,0
-14.7698555,-44.997517,-200.00003,0,0
-15.7698555,-44.997517,-200.00003,0,0
-16.769855,-44.997517,-200.00003,0,0
-17.769855,-44.997517,-200.00003,0,0
-18.769855,-44.997517,-200.00003,0,0
-19.769855,-44.997517,-200.00003,0,0
-20.769855,-44.997517,-200.00003,0,0
-21.769855,-44.997517,-200.00003,0,0
-22.769855,-44.997517,-200.00003,0,0
-23.769855,-44.997517,-200.00003,0,0
-24.769855,-44.997517,-200.00003,0,0
-25.769855,-44.997517,-200.00003,0,0
-26.769855,-44.997517,-200.00003,0,0
-27.769855,-44.997517,-200.00003,0,0
-28.769855,-44.997517,-200.00003,0,0
-29.769855,-44.997517,-200.00003,0,0
-30.769855,-44.997517,-200.00003,0,0
-31.769855,-44.997517,-200.00003,0,0
-32.769855,-44.997517,-200.00003,0,0
-33.769855,-44.997517,-200.00003,0,0
-34.769855,-44.997517,-200.00003,0,0
-35.769855,-44.997517,-200.00003,0,0
-36.769855,-44.997517,-200.00003,0,0
-37.769855,-44.997517,-200.00003,0,0
-38.769855,-44.997517,-200.00003,0,0
-39.769855,-44.997517,-200.00003,0,0
-40.769855,-44.997517,-200.00003,0,0
-41.769855,-44.997517,-200.00003,0,0
-42.769855,-44.997517,-200.00003,0,0
-43.769855,-44.997517,-200.00003,0,0
-44.769855,-44.997517,-200.00003,0,0
-45.769855,-44.997517,-200.00003,0,0
-46.769855,-44.997517,-200.00003,0,0
-47.769855,-44.997517,-200.00003,0,0
-48.769855,-44.997517,-200.00003,0,0
-49.769855,-44.997517,-200.00003,0,0
49.230145,-45.997517,-200.00003,0,0
48.230145,-45.997517,-200.00003,0,0
47.230145,-45.997517,-200.00003,0,0
46.230145,-45.997517,-200.00003,0,0
45.230145,-45.997517,-200.00003,0,0
44.230145,-45.997517,-200.00003,0,0
43.230145,-45.997517,-200.00003,0,0
42.230145,-45.997517,-200.00003,0,0
41.230145,-45.997517,-200.00003,0,0
40.230145,-45.997517,-200.00003,0,0
39.230145,-45.997517,-200.00003,0,0
38.230145,-45.997517,-200.00003,0,0
37.230145,-45.997517,-200.00003,0,0
36.230145,-45.997517,-200.00003,0,0
35.230145,-45.997517,-200.00003,0,0
34.230145,-45.997517,-200.00003,0,0
33.230145,-45.997517,-200.00003,0,0
32.230145,-45.997517,-200.00003,0,0
31.230145,-45.997517,-200.00003,0,0
30.230145,-45.997517,-200.00003,0,0
29.230145,-45.997517,-200.00003,0,0
28.230145,-45.997517,-200.00003,0,0
27.230145,-45.997517,-200.00003,0,0
26.230145,-45.997517,-200.00003,0,0
25.230145,-45.997517,-200.00003,0,0
24.230145,-45.997517,-200.00003,0,0
23.230145,-45.997517,-200.00003,0,0
22.230145,-45.997517,-200.00003,0,0
21.230145,-45.997517,-200.00003,0,0
20.230145,-45.997517,-200.00003,0,0
19.230145,-45.997517,-200.00003,0,0
18.230145,-45.997517,-200.00003,0,0
17.230145,-45.997517,-200.00003,0,0
16.230145,-45.997517,-200.00003,0,0
15.2301445,-45.997517,-200.00003,0,0
14.2301445,-45.997517,-200.00003,0,0
13.2301445,-45.997517,-200.00003,0,0
12.2301445,-45.997517,-200.00003,0,0
11.2301445,-45.997517,-200.00003,0,0
10.2301445,-45.997517,-200.00003,0,0
9.2301445,-45.997517,-200.00003,0,0
8.2301445,-45.997517,-200.00003,0,0
7.2301445,-45.997517,-200.00003,0,0
6.2301445,-45.997517,-200.00003,0,0
5.2301445,-45.997517,-200.00003,0,0
4.2301445,-45.997517,-200.00003,0,0
3.2301445,-45.997517,-200.00003,0,0
2.2301445,-45.997517,-200.00003,0,0
1.2301445,-45.997517,-200.00003,0,0
0.2301445,-45.997517,-200.00003,0,0
-0.7698555,-45.997517,-200.00003,0,0
-1.7698555,-45.997517,-200.00003,0,0
-2.7698555,-45.997517,-200.00003,0,0
-3.7698555,-45.997517,-200.00003,0,0
-4.7698555,-45.997517,-200.00003,0,0
-5.7698555,-45.997517,-200.00003,0,0
-6.7698555,-45.997517,-200.00003,0,0
-7.7698555,-45.997517,-200.00003,0,0
-8.7698555,-45.997517,-200.00003,0,0
-9.7698555,-45.997517,-200.00003,0,0
-10.7698555,-45.997517,-200.00003,0,0
-11.7698555,-45.997517,-200.00003,0,0
-12.7698555,-45.997517,-200.00003,0,0
-13.7698555,-45.997517,-200.00003,0,0
-14.7698555,-45.997517,-200.00003,0,0
-15.7698555,-45.997517,-200.00003,0,0
-16.769855,-45.997517,-200.00003,0,0
-17.769855,-45.997517,-200.00003,0,0
-18.769855,-45.997517,-200.00003,0,0
-19.769855,-45.997517,-200.00003,0,0
-20.769855,-45.997517,-200.00003,0,0
-21.769855,-45.997517,-200.00003,0,0
-22.769855,-45.997517,-200.00003,0,0
-23.769855,-45.997517,-200.00003,0,0
-24.769855,-45.997517,-200.00003,0,0
-25.769855,-45.997517,-200.00003,0,0
-26.769855,-45.997517,-200.00003,0,0
-27.769855,-45.997517,-200.00003,0,0
-28.769855,-45.997517,-200.00003,0,0
-29.769855,-45.997517,-200.00003,0,0
-30.769855,-45.997517,-200.00003,0,0
-31.769855,-45.997517,-200.00003,0,0
-32.769855,-45.997517,-200.00003,0,0
-33.769855,-45.997517,-200.00003,0,0
-34.769855,-45.997517,-200.00003,0,0
-35.769855,-45.997517,-200.00003,0,0
-36.769855,-45.997517,-200.00003,0,0
-37.769855,-45.997517,-200.00003,0,0
-38.769855,-45.997517,-200.00003,0,0
-39.769855,-45.997517,-200.00003,0,0
-40.769855,-45.997517,-200.00003,0,0
-41.769855,-45.997517,-200.00003,0,0
-42.769855,-45.997517,-200.00003,0,0
-43.769855,-45.997517,-200.00003,0,0
-44.769855,-45.997517,-200.00003,0,0
-45.769855,-45.997517,-200.00003,0,0
-46.769855,-45.997517,-200.00003,0,0
-47.769855,-45.997517,-200.00003,0,0
-48.769855,-45.997517,-200.00003,0,0
-49.769855,-45.997517,-200.00003,0,0
49.230145,-46.997517,-200.00003,0,0
48.230145,-46.997517,-200.00003,0,0
47.230145,-46.997517,-200.00003,0,0
46.230145,-46.997517,-200.00003,0,0
45.230145,-46.997517,-200.00003,0,0
44.230145,-46.997517,-200.00003,0,0
43.230145,-46.997517,-200.00003,0,0
42.230145,-46.997517,-200.00003,0,0
41.230145,-46.997517,-200.00003,0,0
40.230145,-46.997517,-200.00003,0,0
39.230145,-46.997517,-200.00003,0,0
38.230145,-46.997517,-200.00003,0,0
37.230145,-46.997517,-200.00003,0,0
36.230145,-46.997517,-200.00003,0,0
35.230145,-46.997517,-200.00003,0,0
34.230145,-46.997517,-200.00003,0,0
33.230145,-46.997517,-200.00003,0,0
32.230145,-46.997517,-200.00003,0,0
31.230145,-46.997517,-200.00003,0,0
30.230145,-46.997517,-200.00003,0,0
29.230145,-46.997517,-200.00003,0,0
28.230145,-46.997517,-200.00003,0,0
27.230145,-46.997517,-200.00003,0,0
26.230145,-46.997517,-200.00003,0,0
25.230145,-46.997517,-200.00003,0,0
24.230145,-46.997517,-200.00003,0,0
23.230145,-46.997517,-200.00003,0,0
22.230145,-46.997517,-200.00003,0,0
21.230145,-46.997517,-200.00003,0,0
20.230145,-46.997517,-200.00003,0,0
19.230145,-46.997517,-200.00003,0,0
18.230145,-46.997517,-200.00003,0,0
17.230145,-46.997517,-200.00003,0,0
16.230145,-46.997517,-200.00003,0,0
15.2301445,-46.997517,-200.00003,0,0
14.2301445,-46.997517,-200.00003,0,0
13.2301445,-46.997517,-200.00003,0,0
12.2301445,-46.997517,-200.00003,0,0
11.2301445,-46.997517,-200.00003,0,0
10.2301445,-46.997517,-200.00003,0,0
9.2301445,-46.997517,-200.00003,0,0
8.2301445,-46.997517,-200.00003,0,0
7.2301445,-46.997517,-200.00003,0,0
6.2301445,-46.997517,-200.00003,0,0
5.2301445,-46.997517,-200.00003,0,0
4.2301445,-46.997517,-200.00003,0,0
3.2301445,-46.997517,-200.00003,0,0
2.2301445,-46.997517,-200.00003,0,0
1.2301445,-46.997517,-200.00003,0,0
0.2301445,-46.997517,-200.00003,0,0
-0.7698555,-46.997517,-200.00003,0,0
-1.7698555,-46.997517,-200.00003,0,0
-2.7698555,-46.997517,-200.00003,0,0
-3.7698555,-46.997517,-200.00003,0,0
-4.7698555,-46.997517,-200.00003,0,0
-5.7698555,-46.997517,-200.00003,0,0
-6.7698555,-46.997517,-200.00003,0,0
-7.7698555,-46.997517,-200.00003,0,0
-8.7698555,-46.997517,-200.00003,0,0
-9.7698555,-46.997517,-200.00003,0,0
-10.7698555,-46.997517,-200.00003,0,0
-11.7698555,-46.997517,-200.00003,0,0
-12.7698555,-46.997517,-200.00003,0,0
-13.7698555,-46.997517,-200.00003,0,0
-14.7698555,-46.997517,-200.00003,0,0
-15.7698555,-46.997517,-200.00003,0,0
-16.769855,-46.997517,-200.00003,0,0
-17.769855,-46.997517,-200.00003,0,0
-18.769855,-46.997517,-200.00003,0,0
-19.769855,-46.997517,-200.00003,0,0
-20.769855,-46.997517,-200.00003,0,0
-21.769855,-46.997517,-200.00003,0,0
-22.769855,-46.997517,-200.00003,0,0
-23.769855,-46.997517,-200.00003,0,0
-24.769855,-46.997517,-200.00003,0,0
-25.769855,-46.997517,-200.00003,0,0
-26.769855,-46.997517,-200.00003,0,0
-27.769855,-46.997517,-200.00003,0,0
-28.769855,-46.997517,-200.00003,0,0
-29.769855,-46.997517,-200.00003,0,0
-30.769855,-46.997517,-200.00003,0,0
-31.769855,-46.997517,-200.00003,0,0
-32.769855,-46.997517,-200.00003,0,0
-33.769855,-46.997517,-200.00003,0,0
-34.769855,-46.997517,-200.00003,0,0
-35.769855,-46.997517,-200.00003,0,0
-36.769855,-46.997517,-200.00003,0,0
-37.769855,-46.997517,-200.00003,0,0
-38.769855,-46.997517,-200.00003,0,0
-39.769855,-46.997517,-200.00003,0,0
-40.769855,-46.997517,-200.00003,0,0
-41.769855,-46.997517,-200.00003,0,0
-42.769855,-46.997517,-200.00003,0,0
-43.769855,-46.997517,-200.00003,0,0
-44.769855,-46.997517,-200.00003,0,0
-45.769855,-46.997517,-200.00003,0,0
-46.769855,-46.997517,-200.00003,0,0
-47.769855,-46.997517,-200.00003,0,0
-48.769855,-46.997517,-200.00003,0,0
-49.769855,-46.997517,-200.00003,0,0
