X-coordinate,Y-coordinate,Z-coordinate,Advanced,Counts
49.230145,52.002483,-175.00002,0,0
48.230145,52.002483,-175.00002,0,0
47.230145,52.002483,-175.00002,0,0
46.230145,52.002483,-175.00002,0,0
45.230145,52.002483,-175.00002,0,0
44.230145,52.002483,-175.00002,0,0
43.230145,52.002483,-175.00002,0,0
42.230145,52.002483,-175.00002,0,0
41.230145,52.002483,-175.00002,0,0
40.230145,52.002483,-175.00002,0,0
39.230145,52.002483,-175.00002,0,0
38.230145,52.002483,-175.00002,0,0
37.230145,52.002483,-175.00002,0,0
36.230145,52.002483,-175.00002,0,0
35.230145,52.002483,-175.00002,0,0
34.230145,52.002483,-175.00002,0,0
33.230145,52.002483,-175.00002,0,0
32.230145,52.002483,-175.00002,0,0
31.230145,52.002483,-175.00002,0,0
30.230145,52.002483,-175.00002,0,0
29.230145,52.002483,-175.00002,0,0
28.230145,52.002483,-175.00002,0,0
27.230145,52.002483,-175.00002,0,0
26.230145,52.002483,-175.00002,0,0
25.230145,52.002483,-175.00002,0,0
24.230145,52.002483,-175.00002,0,0
23.230145,52.002483,-175.00002,0,0
22.230145,52.002483,-175.00002,0,0
21.230145,52.002483,-175.00002,0,0
20.230145,52.002483,-175.00002,0,0
19.230145,52.002483,-175.00002,0,0
18.230145,52.002483,-175.00002,0,0
17.230145,52.002483,-175.00002,0,0
16.230145,52.002483,-175.00002,0,0
15.2301445,52.002483,-175.00002,0,0
14.2301445,52.002483,-175.00002,0,0
13.2301445,52.002483,-175.00002,0,0
12.2301445,52.002483,-175.00002,0,0
11.2301445,52.002483,-175.00002,0,0
10.2301445,52.002483,-175.00002,0,0
9.2301445,52.002483,-175.00002,0,0
8.2301445,52.002483,-175.00002,0,0
7.2301445,52.002483,-175.00002,0,0
6.2301445,52.002483,-175.00002,0,0
5.2301445,52.002483,-175.00002,0,0
4.2301445,52.002483,-175.00002,0,0
3.2301445,52.002483,-175.00002,0,0
2.2301445,52.002483,-175.00002,0,0
1.2301445,52.002483,-175.00002,0,0
0.2301445,52.002483,-175.00002,0,0
-0.7698555,52.002483,-175.00002,0,0
-1.7698555,52.002483,-175.00002,0,0
-2.7698555,52.002483,-175.00002,0,0
-3.7698555,52.002483,-175.00002,0,0
-4.7698555,52.002483,-175.00002,0,0
-5.7698555,52.002483,-175.00002,0,0
-6.7698555,52.002483,-175.00002,0,0
-7.7698555,52.002483,-175.00002,0,0
-8.7698555,52.002483,-175.00002,0,0
-9.7698555,52.002483,-175.00002,0,0
-10.7698555,52.002483,-175.00002,0,0
-11.7698555,52.002483,-175.00002,0,0
-12.7698555,52.002483,-175.00002,0,0
-13.7698555,52.002483,-175.00002,0,0
-14.7698555,52.002483,-175.00002,0,0
-15.7698555,52.002483,-175.00002,0,0
-16.769855,52.002483,-175.00002,0,0
-17.769855,52.002483,-175.00002,0,0
-18.769855,52.002483,-175.00002,0,0
-19.769855,52.002483,-175.00002,0,0
-20.769855,52.002483,-175.00002,0,0
-21.769855,52.002483,-175.00002,0,0
-22.769855,52.002483,-175.00002,0,0
-23.769855,52.002483,-175.00002,0,0
-24.769855,52.002483,-175.00002,0,0
-25.769855,52.002483,-175.00002,0,0
-26.769855,52.002483,-175.00002,0,0
-27.769855,52.002483,-175.00002,0,0
-28.769855,52.002483,-175.00002,0,0
-29.769855,52.002483,-175.00002,0,0
-30.769855,52.002483,-175.00002,0,0
-31.769855,52.002483,-175.00002,0,0
-32.769855,52.002483,-175.00002,0,0
-33.769855,52.002483,-175.00002,0,0
-34.769855,52.002483,-175.00002,0,0
-35.769855,52.002483,-175.00002,0,0
-36.769855,52.002483,-175.00002,0,0
-37.769855,52.002483,-175.00002,0,0
-38.769855,52.002483,-175.00002,0,0
-39.769855,52.002483,-175.00002,0,0
-40.769855,52.002483,-175.00002,0,0
-41.769855,52.002483,-175.00002,0,0
-42.769855,52.002483,-175.00002,0,0
-43.769855,52.002483,-175.00002,0,0
-44.769855,52.002483,-175.00002,0,0
-45.769855,52.002483,-175.00002,0,0
-46.769855,52.002483,-175.00002,0,0
-47.769855,52.002483,-175.00002,0,0
-48.769855,52.002483,-175.00002,0,0
-49.769855,52.002483,-175.00002,0,0
49.230145,51.002483,-175.00002,0,0
48.230145,51.002483,-175.00002,0,0
47.230145,51.002483,-175.00002,0,0
46.230145,51.002483,-175.00002,0,0
45.230145,51.002483,-175.00002,0,0
44.230145,51.002483,-175.00002,0,0
43.230145,51.002483,-175.00002,0,0
42.230145,51.002483,-175.00002,0,0
41.230145,51.002483,-175.00002,0,0
40.230145,51.002483,-175.00002,0,0
39.230145,51.002483,-175.00002,0,0
38.230145,51.002483,-175.00002,0,0
37.230145,51.002483,-175.00002,0,0
36.230145,51.002483,-175.00002,0,0
35.230145,51.002483,-175.00002,0,0
34.230145,51.002483,-175.00002,0,0
33.230145,51.002483,-175.00002,0,0
32.230145,51.002483,-175.00002,0,0
31.230145,51.002483,-175.00002,0,0
30.230145,51.002483,-175.00002,0,0
29.230145,51.002483,-175.00002,0,0
28.230145,51.002483,-175.00002,0,0
27.230145,51.002483,-175.00002,0,0
26.230145,51.002483,-175.00002,0,0
25.230145,51.002483,-175.00002,0,0
24.230145,51.002483,-175.00002,0,0
23.230145,51.002483,-175.00002,0,0
22.230145,51.002483,-175.00002,0,0
21.230145,51.002483,-175.00002,0,0
20.230145,51.002483,-175.00002,0,0
19.230145,51.002483,-175.00002,0,0
18.230145,51.002483,-175.00002,0,0
17.230145,51.002483,-175.00002,0,0
16.230145,51.002483,-175.00002,0,0
15.2301445,51.002483,-175.00002,0,0
14.2301445,51.002483,-175.00002,0,0
13.2301445,51.002483,-175.00002,0,0
12.2301445,51.002483,-175.00002,0,0
11.2301445,51.002483,-175.00002,0,0
10.2301445,51.002483,-175.00002,0,0
9.2301445,51.002483,-175.00002,0,0
8.2301445,51.002483,-175.00002,0,0
7.2301445,51.002483,-175.00002,0,0
6.2301445,51.002483,-175.00002,0,0
5.2301445,51.002483,-175.00002,0,0
4.2301445,51.002483,-175.00002,0,0
3.2301445,51.002483,-175.00002,0,0
2.2301445,51.002483,-175.00002,0,0
1.2301445,51.002483,-175.00002,0,0
0.2301445,51.002483,-175.00002,0,0
-0.7698555,51.002483,-175.00002,0,0
-1.7698555,51.002483,-175.00002,0,0
-2.7698555,51.002483,-175.00002,0,0
-3.7698555,51.002483,-175.00002,0,0
-4.7698555,51.002483,-175.00002,0,0
-5.7698555,51.002483,-175.00002,0,0
-6.7698555,51.002483,-175.00002,0,0
-7.7698555,51.002483,-175.00002,0,0
-8.7698555,51.002483,-175.00002,0,0
-9.7698555,51.002483,-175.00002,0,0
-10.7698555,51.002483,-175.00002,0,0
-11.7698555,51.002483,-175.00002,0,0
-12.7698555,51.002483,-175.00002,0,0
-13.7698555,51.002483,-175.00002,0,0
-14.7698555,51.002483,-175.00002,0,0
-15.7698555,51.002483,-175.00002,0,0
-16.769855,51.002483,-175.00002,0,0
-17.769855,51.002483,-175.00002,0,0
-18.769855,51.002483,-175.00002,0,0
-19.769855,51.002483,-175.00002,0,0
-20.769855,51.002483,-175.00002,0,0
-21.769855,51.002483,-175.00002,0,0
-22.769855,51.002483,-175.00002,0,0
-23.769855,51.002483,-175.00002,0,0
-24.769855,51.002483,-175.00002,0,0
-25.769855,51.002483,-175.00002,0,0
-26.769855,51.002483,-175.00002,0,0
-27.769855,51.002483,-175.00002,0,0
-28.769855,51.002483,-175.00002,0,0
-29.769855,51.002483,-175.00002,0,0
-30.769855,51.002483,-175.00002,0,0
-31.769855,51.002483,-175.00002,0,0
-32.769855,51.002483,-175.00002,0,0
-33.769855,51.002483,-175.00002,0,0
-34.769855,51.002483,-175.00002,0,0
-35.769855,51.002483,-175.00002,0,0
-36.769855,51.002483,-175.00002,0,0
-37.769855,51.002483,-175.00002,0,0
-38.769855,51.002483,-175.00002,0,0
-39.769855,51.002483,-175.00002,0,0
-40.769855,51.002483,-175.00002,0,0
-41.769855,51.002483,-175.00002,0,0
-42.769855,51.002483,-175.00002,0,0
-43.769855,51.002483,-175.00002,0,0
-44.769855,51.002483,-175.00002,0,0
-45.769855,51.002483,-175.00002,0,0
-46.769855,51.002483,-175.00002,0,0
-47.769855,51.002483,-175.00002,0,0
-48.769855,51.002483,-175.00002,0,0
-49.769855,51.002483,-175.00002,0,0
49.230145,50.002483,-175.00002,0,0
48.230145,50.002483,-175.00002,0,0
47.230145,50.002483,-175.00002,0,0
46.230145,50.002483,-175.00002,0,0
45.230145,50.002483,-175.00002,0,0
44.230145,50.002483,-175.00002,0,0
43.230145,50.002483,-175.00002,0,0
42.230145,50.002483,-175.00002,0,0
41.230145,50.002483,-175.00002,0,0
40.230145,50.002483,-175.00002,0,0
39.230145,50.002483,-175.00002,0,0
38.230145,50.002483,-175.00002,0,0
37.230145,50.002483,-175.00002,0,0
36.230145,50.002483,-175.00002,0,0
35.230145,50.002483,-175.00002,0,0
34.230145,50.002483,-175.00002,0,0
33.230145,50.002483,-175.00002,0,0
32.230145,50.002483,-175.00002,0,0
31.230145,50.002483,-175.00002,0,0
30.230145,50.002483,-175.00002,0,0
29.230145,50.002483,-175.00002,0,0
28.230145,50.002483,-175.00002,0,0
27.230145,50.002483,-175.00002,0,0
26.230145,50.002483,-175.00002,0,0
25.230145,50.002483,-175.00002,0,0
24.230145,50.002483,-175.00002,0,0
23.230145,50.002483,-175.00002,0,0
22.230145,50.002483,-175.00002,0,0
21.230145,50.002483,-175.00002,0,0
20.230145,50.002483,-175.00002,0,0
19.230145,50.002483,-175.00002,0,0
18.230145,50.002483,-175.00002,0,0
17.230145,50.002483,-175.00002,0,0
16.230145,50.002483,-175.00002,0,0
15.2301445,50.002483,-175.00002,0,0
14.2301445,50.002483,-175.00002,0,0
13.2301445,50.002483,-175.00002,0,0
12.2301445,50.002483,-175.00002,0,0
11.2301445,50.002483,-175.00002,0,0
10.2301445,50.002483,-175.00002,0,0
9.2301445,50.002483,-175.00002,0,0
8.2301445,50.002483,-175.00002,0,0
7.2301445,50.002483,-175.00002,0,0
6.2301445,50.002483,-175.00002,0,0
5.2301445,50.002483,-175.00002,0,0
4.2301445,50.002483,-175.00002,0,0
3.2301445,50.002483,-175.00002,0,0
2.2301445,50.002483,-175.00002,0,0
1.2301445,50.002483,-175.00002,0,0
0.2301445,50.002483,-175.00002,0,0
-0.7698555,50.002483,-175.00002,0,0
-1.7698555,50.002483,-175.00002,0,0
-2.7698555,50.002483,-175.00002,0,0
-3.7698555,50.002483,-175.00002,0,0
-4.7698555,50.002483,-175.00002,0,0
-5.7698555,50.002483,-175.00002,0,0
-6.7698555,50.002483,-175.00002,0,0
-7.7698555,50.002483,-175.00002,0,0
-8.7698555,50.002483,-175.00002,0,0
-9.7698555,50.002483,-175.00002,0,0
-10.7698555,50.002483,-175.00002,0,0
-11.7698555,50.002483,-175.00002,0,0
-12.7698555,50.002483,-175.00002,0,0
-13.7698555,50.002483,-175.00002,0,0
-14.7698555,50.002483,-175.00002,0,0
-15.7698555,50.002483,-175.00002,0,0
-16.769855,50.002483,-175.00002,0,0
-17.769855,50.002483,-175.00002,0,0
-18.769855,50.002483,-175.00002,0,0
-19.769855,50.002483,-175.00002,0,0
-20.769855,50.002483,-175.00002,0,0
-21.769855,50.002483,-175.00002,0,0
-22.769855,50.002483,-175.00002,0,0
-23.769855,50.002483,-175.00002,0,0
-24.769855,50.002483,-175.00002,0,0
-25.769855,50.002483,-175.00002,0,0
-26.769855,50.002483,-175.00002,0,0
-27.769855,50.002483,-175.00002,0,0
-28.769855,50.002483,-175.00002,0,0
-29.769855,50.002483,-175.00002,0,0
-30.769855,50.002483,-175.00002,0,0
-31.769855,50.002483,-175.00002,0,0
-32.769855,50.002483,-175.00002,0,0
-33.769855,50.002483,-175.00002,0,0
-34.769855,50.002483,-175.00002,0,0
-35.769855,50.002483,-175.00002,0,0
-36.769855,50.002483,-175.00002,0,0
-37.769855,50.002483,-175.00002,0,0
-38.769855,50.002483,-175.00002,0,0
-39.769855,50.002483,-175.00002,0,0
-40.769855,50.002483,-175.00002,0,0
-41.769855,50.002483,-175.00002,0,0
-42.769855,50.002483,-175.00002,0,0
-43.769855,50.002483,-175.00002,0,0
-44.769855,50.002483,-175.00002,0,0
-45.769855,50.002483,-175.00002,0,0
-46.769855,50.002483,-175.00002,0,0
-47.769855,50.002483,-175.00002,0,0
-48.769855,50.002483,-175.00002,0,0
-49.769855,50.002483,-175.00002,0,0
49.230145,49.002483,-175.00002,0,0
48.230145,49.002483,-175.00002,0,0
47.230145,49.002483,-175.00002,0,0
46.230145,49.002483,-175.00002,0,0
45.230145,49.002483,-175.00002,0,0
44.230145,49.002483,-175.00002,0,0
43.230145,49.002483,-175.00002,0,0
42.230145,49.002483,-175.00002,0,0
41.230145,49.002483,-175.00002,0,0
40.230145,49.002483,-175.00002,0,0
39.230145,49.002483,-175.00002,0,0
38.230145,49.002483,-175.00002,0,0
37.230145,49.002483,-175.00002,0,0
36.230145,49.002483,-175.00002,0,0
35.230145,49.002483,-175.00002,0,0
34.230145,49.002483,-175.00002,0,0
33.230145,49.002483,-175.00002,0,0
32.230145,49.002483,-175.00002,0,0
31.230145,49.002483,-175.00002,0,0
30.230145,49.002483,-175.00002,0,0
29.230145,49.002483,-175.00002,0,0
28.230145,49.002483,-175.00002,0,0
27.230145,49.002483,-175.00002,0,0
26.230145,49.002483,-175.00002,0,0
25.230145,49.002483,-175.00002,0,0
24.230145,49.002483,-175.00002,0,0
23.230145,49.002483,-175.00002,0,0
22.230145,49.002483,-175.00002,0,0
21.230145,49.002483,-175.00002,0,0
20.230145,49.002483,-175.00002,0,0
19.230145,49.002483,-175.00002,0,0
18.230145,49.002483,-175.00002,0,0
17.230145,49.002483,-175.00002,0,0
16.230145,49.002483,-175.00002,0,0
15.2301445,49.002483,-175.00002,0,0
14.2301445,49.002483,-175.00002,0,0
13.2301445,49.002483,-175.00002,0,0
12.2301445,49.002483,-175.00002,0,0
11.2301445,49.002483,-175.00002,0,0
10.2301445,49.002483,-175.00002,0,0
9.2301445,49.002483,-175.00002,0,0
8.2301445,49.002483,-175.00002,0,0
7.2301445,49.002483,-175.00002,0,0
6.2301445,49.002483,-175.00002,0,0
5.2301445,49.002483,-175.00002,0,0
4.2301445,49.002483,-175.00002,0,0
3.2301445,49.002483,-175.00002,0,0
2.2301445,49.002483,-175.00002,0,0
1.2301445,49.002483,-175.00002,0,0
0.2301445,49.002483,-175.00002,0,0
-0.7698555,49.002483,-175.00002,0,0
-1.7698555,49.002483,-175.00002,0,0
-2.7698555,49.002483,-175.00002,0,0
-3.7698555,49.002483,-175.00002,0,0
-4.7698555,49.002483,-175.00002,0,0
-5.7698555,49.002483,-175.00002,0,0
-6.7698555,49.002483,-175.00002,0,0
-7.7698555,49.002483,-175.00002,0,0
-8.7698555,49.002483,-175.00002,0,0
-9.7698555,49.002483,-175.00002,0,0
-10.7698555,49.002483,-175.00002,0,0
-11.7698555,49.002483,-175.00002,0,0
-12.7698555,49.002483,-175.00002,0,0
-13.7698555,49.002483,-175.00002,0,0
-14.7698555,49.002483,-175.00002,0,0
-15.7698555,49.002483,-175.00002,0,0
-16.769855,49.002483,-175.00002,0,0
-17.769855,49.002483,-175.00002,0,0
-18.769855,49.002483,-175.00002,0,0
-19.769855,49.002483,-175.00002,0,0
-20.769855,49.002483,-175.00002,0,0
-21.769855,49.002483,-175.00002,0,0
-22.769855,49.002483,-175.00002,0,0
-23.769855,49.002483,-175.00002,0,0
-24.769855,49.002483,-175.00002,0,0
-25.769855,49.002483,-175.00002,0,0
-26.769855,49.002483,-175.00002,0,0
-27.769855,49.002483,-175.00002,0,0
-28.769855,49.002483,-175.00002,0,0
-29.769855,49.002483,-175.00002,0,0
-30.769855,49.002483,-175.00002,0,0
-31.769855,49.002483,-175.00002,0,0
-32.769855,49.002483,-175.00002,0,0
-33.769855,49.002483,-175.00002,0,0
-34.769855,49.002483,-175.00002,0,0
-35.769855,49.002483,-175.00002,0,0
-36.769855,49.002483,-175.00002,0,0
-37.769855,49.002483,-175.00002,0,0
-38.769855,49.002483,-175.00002,0,0
-39.769855,49.002483,-175.00002,0,0
-40.769855,49.002483,-175.00002,0,0
-41.769855,49.002483,-175.00002,0,0
-42.769855,49.002483,-175.00002,0,0
-43.769855,49.002483,-175.00002,0,0
-44.769855,49.002483,-175.00002,0,0
-45.769855,49.002483,-175.00002,0,0
-46.769855,49.002483,-175.00002,0,0
-47.769855,49.002483,-175.00002,0,0
-48.769855,49.002483,-175.00002,0,0
-49.769855,49.002483,-175.00002,0,0
49.230145,48.002483,-175.00002,0,0
48.230145,48.002483,-175.00002,0,0
47.230145,48.002483,-175.00002,0,0
46.230145,48.002483,-175.00002,0,0
45.230145,48.002483,-175.00002,0,0
44.230145,48.002483,-175.00002,0,0
43.230145,48.002483,-175.00002,0,0
42.230145,48.002483,-175.00002,0,0
41.230145,48.002483,-175.00002,0,0
40.230145,48.002483,-175.00002,0,0
39.230145,48.002483,-175.00002,0,0
38.230145,48.002483,-175.00002,0,0
37.230145,48.002483,-175.00002,0,0
36.230145,48.002483,-175.00002,0,0
35.230145,48.002483,-175.00002,0,0
34.230145,48.002483,-175.00002,0,0
33.230145,48.002483,-175.00002,0,0
32.230145,48.002483,-175.00002,0,0
31.230145,48.002483,-175.00002,0,0
30.230145,48.002483,-175.00002,0,0
29.230145,48.002483,-175.00002,0,0
28.230145,48.002483,-175.00002,0,0
27.230145,48.002483,-175.00002,0,0
26.230145,48.002483,-175.00002,0,0
25.230145,48.002483,-175.00002,0,0
24.230145,48.002483,-175.00002,0,0
23.230145,48.002483,-175.00002,0,0
22.230145,48.002483,-175.00002,0,0
21.230145,48.002483,-175.00002,0,0
20.230145,48.002483,-175.00002,0,0
19.230145,48.002483,-175.00002,0,0
18.230145,48.002483,-175.00002,0,0
17.230145,48.002483,-175.00002,0,0
16.230145,48.002483,-175.00002,0,0
15.2301445,48.002483,-175.00002,0,0
14.2301445,48.002483,-175.00002,0,0
13.2301445,48.002483,-175.00002,0,0
12.2301445,48.002483,-175.00002,0,0
11.2301445,48.002483,-175.00002,0,0
10.2301445,48.002483,-175.00002,0,0
9.2301445,48.002483,-175.00002,0,0
8.2301445,48.002483,-175.00002,0,0
7.2301445,48.002483,-175.00002,0,0
6.2301445,48.002483,-175.00002,0,0
5.2301445,48.002483,-175.00002,0,0
4.2301445,48.002483,-175.00002,0,0
3.2301445,48.002483,-175.00002,0,0
2.2301445,48.002483,-175.00002,0,0
1.2301445,48.002483,-175.00002,0,0
0.2301445,48.002483,-175.00002,0,0
-0.7698555,48.002483,-175.00002,0,0
-1.7698555,48.002483,-175.00002,0,0
-2.7698555,48.002483,-175.00002,0,0
-3.7698555,48.002483,-175.00002,0,0
-4.7698555,48.002483,-175.00002,0,0
-5.7698555,48.002483,-175.00002,0,0
-6.7698555,48.002483,-175.00002,0,0
-7.7698555,48.002483,-175.00002,0,0
-8.7698555,48.002483,-175.00002,0,0
-9.7698555,48.002483,-175.00002,0,0
-10.7698555,48.002483,-175.00002,0,0
-11.7698555,48.002483,-175.00002,0,0
-12.7698555,48.002483,-175.00002,0,0
-13.7698555,48.002483,-175.00002,0,0
-14.7698555,48.002483,-175.00002,0,0
-15.7698555,48.002483,-175.00002,0,0
-16.769855,48.002483,-175.00002,0,0
-17.769855,48.002483,-175.00002,0,0
-18.769855,48.002483,-175.00002,0,0
-19.769855,48.002483,-175.00002,0,0
-20.769855,48.002483,-175.00002,0,0
-21.769855,48.002483,-175.00002,0,0
-22.769855,48.002483,-175.00002,0,0
-23.769855,48.002483,-175.00002,0,0
-24.769855,48.002483,-175.00002,0,0
-25.769855,48.002483,-175.00002,0,0
-26.769855,48.002483,-175.00002,0,0
-27.769855,48.002483,-175.00002,0,0
-28.769855,48.002483,-175.00002,0,0
-29.769855,48.002483,-175.00002,0,0
-30.769855,48.002483,-175.00002,0,0
-31.769855,48.002483,-175.00002,0,0
-32.769855,48.002483,-175.00002,0,0
-33.769855,48.002483,-175.00002,0,0
-34.769855,48.002483,-175.00002,0,0
-35.769855,48.002483,-175.00002,0,0
-36.769855,48.002483,-175.00002,0,0
-37.769855,48.002483,-175.00002,0,0
-38.769855,48.002483,-175.00002,0,0
-39.769855,48.002483,-175.00002,0,0
-40.769855,48.002483,-175.00002,0,0
-41.769855,48.002483,-175.00002,0,0
-42.769855,48.002483,-175.00002,0,0
-43.769855,48.002483,-175.00002,0,0
-44.769855,48.002483,-175.00002,0,0
-45.769855,48.002483,-175.00002,0,0
-46.769855,48.002483,-175.00002,0,0
-47.769855,48.002483,-175.00002,0,0
-48.769855,48.002483,-175.00002,0,0
-49.769855,48.002483,-175.00002,0,0
49.230145,47.002483,-175.00002,0,0
48.230145,47.002483,-175.00002,0,0
47.230145,47.002483,-175.00002,0,0
46.230145,47.002483,-175.00002,0,0
45.230145,47.002483,-175.00002,0,0
44.230145,47.002483,-175.00002,0,0
43.230145,47.002483,-175.00002,0,0
42.230145,47.002483,-175.00002,0,0
41.230145,47.002483,-175.00002,0,0
40.230145,47.002483,-175.00002,0,0
39.230145,47.002483,-175.00002,0,0
38.230145,47.002483,-175.00002,0,0
37.230145,47.002483,-175.00002,0,0
36.230145,47.002483,-175.00002,0,0
35.230145,47.002483,-175.00002,0,0
34.230145,47.002483,-175.00002,0,0
33.230145,47.002483,-175.00002,0,0
32.230145,47.002483,-175.00002,0,0
31.230145,47.002483,-175.00002,0,0
30.230145,47.002483,-175.00002,0,0
29.230145,47.002483,-175.00002,0,0
28.230145,47.002483,-175.00002,0,0
27.230145,47.002483,-175.00002,0,0
26.230145,47.002483,-175.00002,0,0
25.230145,47.002483,-175.00002,0,0
24.230145,47.002483,-175.00002,0,0
23.230145,47.002483,-175.00002,0,0
22.230145,47.002483,-175.00002,0,0
21.230145,47.002483,-175.00002,0,0
20.230145,47.002483,-175.00002,0,0
19.230145,47.002483,-175.00002,0,0
18.230145,47.002483,-175.00002,0,0
17.230145,47.002483,-175.00002,0,0
16.230145,47.002483,-175.00002,0,0
15.2301445,47.002483,-175.00002,0,0
14.2301445,47.002483,-175.00002,0,0
13.2301445,47.002483,-175.00002,0,0
12.2301445,47.002483,-175.00002,0,0
11.2301445,47.002483,-175.00002,0,0
10.2301445,47.002483,-175.00002,0,0
9.2301445,47.002483,-175.00002,0,0
8.2301445,47.002483,-175.00002,0,0
7.2301445,47.002483,-175.00002,0,0
6.2301445,47.002483,-175.00002,0,0
5.2301445,47.002483,-175.00002,0,0
4.2301445,47.002483,-175.00002,0,0
3.2301445,47.002483,-175.00002,0,0
2.2301445,47.002483,-175.00002,0,0
1.2301445,47.002483,-175.00002,0,0
0.2301445,47.002483,-175.00002,0,0
-0.7698555,47.002483,-175.00002,0,0
-1.7698555,47.002483,-175.00002,0,0
-2.7698555,47.002483,-175.00002,0,0
-3.7698555,47.002483,-175.00002,0,0
-4.7698555,47.002483,-175.00002,0,0
-5.7698555,47.002483,-175.00002,0,0
-6.7698555,47.002483,-175.00002,0,0
-7.7698555,47.002483,-175.00002,0,0
-8.7698555,47.002483,-175.00002,0,0
-9.7698555,47.002483,-175.00002,0,0
-10.7698555,47.002483,-175.00002,0,0
-11.7698555,47.002483,-175.00002,0,0
-12.7698555,47.002483,-175.00002,0,0
-13.7698555,47.002483,-175.00002,0,0
-14.7698555,47.002483,-175.00002,0,0
-15.7698555,47.002483,-175.00002,0,0
-16.769855,47.002483,-175.00002,0,0
-17.769855,47.002483,-175.00002,0,0
-18.769855,47.002483,-175.00002,0,0
-19.769855,47.002483,-175.00002,0,0
-20.769855,47.002483,-175.00002,0,0
-21.769855,47.002483,-175.00002,0,0
-22.769855,47.002483,-175.00002,0,0
-23.769855,47.002483,-175.00002,0,0
-24.769855,47.002483,-175.00002,0,0
-25.769855,47.002483,-175.00002,0,0
-26.769855,47.002483,-175.00002,0,0
-27.769855,47.002483,-175.00002,0,0
-28.769855,47.002483,-175.00002,0,0
-29.769855,47.002483,-175.00002,0,0
-30.769855,47.002483,-175.00002,0,0
-31.769855,47.002483,-175.00002,0,0
-32.769855,47.002483,-175.00002,0,0
-33.769855,47.002483,-175.00002,0,0
-34.769855,47.002483,-175.00002,0,0
-35.769855,47.002483,-175.00002,0,0
-36.769855,47.002483,-175.00002,0,0
-37.769855,47.002483,-175.00002,0,0
-38.769855,47.002483,-175.00002,0,0
-39.769855,47.002483,-175.00002,0,0
-40.769855,47.002483,-175.00002,0,0
-41.769855,47.002483,-175.00002,0,0
-42.769855,47.002483,-175.00002,0,0
-43.769855,47.002483,-175.00002,0,0
-44.769855,47.002483,-175.00002,0,0
-45.769855,47.002483,-175.00002,0,0
-46.769855,47.002483,-175.00002,0,0
-47.769855,47.002483,-175.00002,0,0
-48.769855,47.002483,-175.00002,0,0
-49.769855,47.002483,-175.00002,0,0
49.230145,46.002483,-175.00002,0,0
48.230145,46.002483,-175.00002,0,0
47.230145,46.002483,-175.00002,0,0
46.230145,46.002483,-175.00002,0,0
45.230145,46.002483,-175.00002,0,0
44.230145,46.002483,-175.00002,0,0
43.230145,46.002483,-175.00002,0,0
42.230145,46.002483,-175.00002,0,0
41.230145,46.002483,-175.00002,0,0
40.230145,46.002483,-175.00002,0,0
39.230145,46.002483,-175.00002,0,0
38.230145,46.002483,-175.00002,0,0
37.230145,46.002483,-175.00002,0,0
36.230145,46.002483,-175.00002,0,0
35.230145,46.002483,-175.00002,0,0
34.230145,46.002483,-175.00002,0,0
33.230145,46.002483,-175.00002,0,0
32.230145,46.002483,-175.00002,0,0
31.230145,46.002483,-175.00002,0,0
30.230145,46.002483,-175.00002,0,0
29.230145,46.002483,-175.00002,0,0
28.230145,46.002483,-175.00002,0,0
27.230145,46.002483,-175.00002,0,0
26.230145,46.002483,-175.00002,0,0
25.230145,46.002483,-175.00002,0,0
24.230145,46.002483,-175.00002,0,0
23.230145,46.002483,-175.00002,0,0
22.230145,46.002483,-175.00002,0,0
21.230145,46.002483,-175.00002,0,0
20.230145,46.002483,-175.00002,0,0
19.230145,46.002483,-175.00002,0,0
18.230145,46.002483,-175.00002,0,0
17.230145,46.002483,-175.00002,0,0
16.230145,46.002483,-175.00002,0,0
15.2301445,46.002483,-175.00002,0,0
14.2301445,46.002483,-175.00002,0,0
13.2301445,46.002483,-175.00002,0,0
12.2301445,46.002483,-175.00002,0,0
11.2301445,46.002483,-175.00002,0,0
10.2301445,46.002483,-175.00002,0,0
9.2301445,46.002483,-175.00002,0,0
8.2301445,46.002483,-175.00002,0,0
7.2301445,46.002483,-175.00002,0,0
6.2301445,46.002483,-175.00002,0,0
5.2301445,46.002483,-175.00002,0,0
4.2301445,46.002483,-175.00002,0,0
3.2301445,46.002483,-175.00002,0,0
2.2301445,46.002483,-175.00002,0,0
1.2301445,46.002483,-175.00002,0,0
0.2301445,46.002483,-175.00002,0,0
-0.7698555,46.002483,-175.00002,0,0
-1.7698555,46.002483,-175.00002,0,0
-2.7698555,46.002483,-175.00002,0,0
-3.7698555,46.002483,-175.00002,0,0
-4.7698555,46.002483,-175.00002,0,0
-5.7698555,46.002483,-175.00002,0,0
-6.7698555,46.002483,-175.00002,0,0
-7.7698555,46.002483,-175.00002,0,0
-8.7698555,46.002483,-175.00002,0,0
-9.7698555,46.002483,-175.00002,0,0
-10.7698555,46.002483,-175.00002,0,0
-11.7698555,46.002483,-175.00002,0,0
-12.7698555,46.002483,-175.00002,0,0
-13.7698555,46.002483,-175.00002,0,0
-14.7698555,46.002483,-175.00002,0,0
-15.7698555,46.002483,-175.00002,0,0
-16.769855,46.002483,-175.00002,0,0
-17.769855,46.002483,-175.00002,0,0
-18.769855,46.002483,-175.00002,0,0
-19.769855,46.002483,-175.00002,0,0
-20.769855,46.002483,-175.00002,0,0
-21.769855,46.002483,-175.00002,0,0
-22.769855,46.002483,-175.00002,0,0
-23.769855,46.002483,-175.00002,0,0
-24.769855,46.002483,-175.00002,0,0
-25.769855,46.002483,-175.00002,0,0
-26.769855,46.002483,-175.00002,0,0
-27.769855,46.002483,-175.00002,0,0
-28.769855,46.002483,-175.00002,0,0
-29.769855,46.002483,-175.00002,0,0
-30.769855,46.002483,-175.00002,0,0
-31.769855,46.002483,-175.00002,0,0
-32.769855,46.002483,-175.00002,0,0
-33.769855,46.002483,-175.00002,0,0
-34.769855,46.002483,-175.00002,0,0
-35.769855,46.002483,-175.00002,0,0
-36.769855,46.002483,-175.00002,0,0
-37.769855,46.002483,-175.00002,0,0
-38.769855,46.002483,-175.00002,0,0
-39.769855,46.002483,-175.00002,0,0
-40.769855,46.002483,-175.00002,0,0
-41.769855,46.002483,-175.00002,0,0
-42.769855,46.002483,-175.00002,0,0
-43.769855,46.002483,-175.00002,0,0
-44.769855,46.002483,-175.00002,0,0
-45.769855,46.002483,-175.00002,0,0
-46.769855,46.002483,-175.00002,0,0
-47.769855,46.002483,-175.00002,0,0
-48.769855,46.002483,-175.00002,0,0
-49.769855,46.002483,-175.00002,0,0
49.230145,45.002483,-175.00002,0,0
48.230145,45.002483,-175.00002,0,0
47.230145,45.002483,-175.00002,0,0
46.230145,45.002483,-175.00002,0,0
45.230145,45.002483,-175.00002,0,0
44.230145,45.002483,-175.00002,0,0
43.230145,45.002483,-175.00002,0,0
42.230145,45.002483,-175.00002,0,0
41.230145,45.002483,-175.00002,0,0
40.230145,45.002483,-175.00002,0,0
39.230145,45.002483,-175.00002,0,0
38.230145,45.002483,-175.00002,0,0
37.230145,45.002483,-175.00002,0,0
36.230145,45.002483,-175.00002,0,0
35.230145,45.002483,-175.00002,0,0
34.230145,45.002483,-175.00002,0,0
33.230145,45.002483,-175.00002,0,0
32.230145,45.002483,-175.00002,0,0
31.230145,45.002483,-175.00002,0,0
30.230145,45.002483,-175.00002,0,0
29.230145,45.002483,-175.00002,0,0
28.230145,45.002483,-175.00002,0,0
27.230145,45.002483,-175.00002,0,0
26.230145,45.002483,-175.00002,0,0
25.230145,45.002483,-175.00002,0,0
24.230145,45.002483,-175.00002,0,0
23.230145,45.002483,-175.00002,0,0
22.230145,45.002483,-175.00002,0,0
21.230145,45.002483,-175.00002,0,0
20.230145,45.002483,-175.00002,0,0
19.230145,45.002483,-175.00002,0,0
18.230145,45.002483,-175.00002,0,0
17.230145,45.002483,-175.00002,0,0
16.230145,45.002483,-175.00002,0,0
15.2301445,45.002483,-175.00002,0,0
14.2301445,45.002483,-175.00002,0,0
13.2301445,45.002483,-175.00002,0,0
12.2301445,45.002483,-175.00002,0,0
11.2301445,45.002483,-175.00002,0,0
10.2301445,45.002483,-175.00002,0,0
9.2301445,45.002483,-175.00002,0,0
8.2301445,45.002483,-175.00002,0,0
7.2301445,45.002483,-175.00002,0,0
6.2301445,45.002483,-175.00002,0,0
5.2301445,45.002483,-175.00002,0,0
4.2301445,45.002483,-175.00002,0,0
3.2301445,45.002483,-175.00002,0,0
2.2301445,45.002483,-175.00002,0,0
1.2301445,45.002483,-175.00002,0,0
0.2301445,45.002483,-175.00002,0,0
-0.7698555,45.002483,-175.00002,0,0
-1.7698555,45.002483,-175.00002,0,0
-2.7698555,45.002483,-175.00002,0,0
-3.7698555,45.002483,-175.00002,0,0
-4.7698555,45.002483,-175.00002,0,0
-5.7698555,45.002483,-175.00002,0,0
-6.7698555,45.002483,-175.00002,0,0
-7.7698555,45.002483,-175.00002,0,0
-8.7698555,45.002483,-175.00002,0,0
-9.7698555,45.002483,-175.00002,0,0
-10.7698555,45.002483,-175.00002,0,0
-11.7698555,45.002483,-175.00002,0,0
-12.7698555,45.002483,-175.00002,0,0
-13.7698555,45.002483,-175.00002,0,0
-14.7698555,45.002483,-175.00002,0,0
-15.7698555,45.002483,-175.00002,0,0
-16.769855,45.002483,-175.00002,0,0
-17.769855,45.002483,-175.00002,0,0
-18.769855,45.002483,-175.00002,0,0
-19.769855,45.002483,-175.00002,0,0
-20.769855,45.002483,-175.00002,0,0
-21.769855,45.002483,-175.00002,0,0
-22.769855,45.002483,-175.00002,0,0
-23.769855,45.002483,-175.00002,0,0
-24.769855,45.002483,-175.00002,0,0
-25.769855,45.002483,-175.00002,0,0
-26.769855,45.002483,-175.00002,0,0
-27.769855,45.002483,-175.00002,0,0
-28.769855,45.002483,-175.00002,0,0
-29.769855,45.002483,-175.00002,0,0
-30.769855,45.002483,-175.00002,0,0
-31.769855,45.002483,-175.00002,0,0
-32.769855,45.002483,-175.00002,0,0
-33.769855,45.002483,-175.00002,0,0
-34.769855,45.002483,-175.00002,0,0
-35.769855,45.002483,-175.00002,0,0
-36.769855,45.002483,-175.00002,0,0
-37.769855,45.002483,-175.00002,0,0
-38.769855,45.002483,-175.00002,0,0
-39.769855,45.002483,-175.00002,0,0
-40.769855,45.002483,-175.00002,0,0
-41.769855,45.002483,-175.00002,0,0
-42.769855,45.002483,-175.00002,0,0
-43.769855,45.002483,-175.00002,0,0
-44.769855,45.002483,-175.00002,0,0
-45.769855,45.002483,-175.00002,0,0
-46.769855,45.002483,-175.00002,0,0
-47.769855,45.002483,-175.00002,0,0
-48.769855,45.002483,-175.00002,0,0
-49.769855,45.002483,-175.00002,0,0
49.230145,44.002483,-175.00002,0,0
48.230145,44.002483,-175.00002,0,0
47.230145,44.002483,-175.00002,0,0
46.230145,44.002483,-175.00002,0,0
45.230145,44.002483,-175.00002,0,0
44.230145,44.002483,-175.00002,0,0
43.230145,44.002483,-175.00002,0,0
42.230145,44.002483,-175.00002,0,0
41.230145,44.002483,-175.00002,0,0
40.230145,44.002483,-175.00002,0,0
39.230145,44.002483,-175.00002,0,0
38.230145,44.002483,-175.00002,0,0
37.230145,44.002483,-175.00002,0,0
36.230145,44.002483,-175.00002,0,0
35.230145,44.002483,-175.00002,0,0
34.230145,44.002483,-175.00002,0,0
33.230145,44.002483,-175.00002,0,0
32.230145,44.002483,-175.00002,0,0
31.230145,44.002483,-175.00002,0,0
30.230145,44.002483,-175.00002,0,0
29.230145,44.002483,-175.00002,0,0
28.230145,44.002483,-175.00002,0,0
27.230145,44.002483,-175.00002,0,0
26.230145,44.002483,-175.00002,0,0
25.230145,44.002483,-175.00002,0,0
24.230145,44.002483,-175.00002,0,0
23.230145,44.002483,-175.00002,0,0
22.230145,44.002483,-175.00002,0,0
21.230145,44.002483,-175.00002,0,0
20.230145,44.002483,-175.00002,0,0
19.230145,44.002483,-175.00002,0,0
18.230145,44.002483,-175.00002,0,0
17.230145,44.002483,-175.00002,0,0
16.230145,44.002483,-175.00002,0,0
15.2301445,44.002483,-175.00002,0,0
14.2301445,44.002483,-175.00002,0,0
13.2301445,44.002483,-175.00002,0,0
12.2301445,44.002483,-175.00002,0,0
11.2301445,44.002483,-175.00002,0,0
10.2301445,44.002483,-175.00002,0,0
9.2301445,44.002483,-175.00002,0,0
8.2301445,44.002483,-175.00002,0,0
7.2301445,44.002483,-175.00002,0,0
6.2301445,44.002483,-175.00002,0,0
5.2301445,44.002483,-175.00002,0,0
4.2301445,44.002483,-175.00002,0,0
3.2301445,44.002483,-175.00002,0,0
2.2301445,44.002483,-175.00002,0,0
1.2301445,44.002483,-175.00002,0,0
0.2301445,44.002483,-175.00002,0,0
-0.7698555,44.002483,-175.00002,0,0
-1.7698555,44.002483,-175.00002,0,0
-2.7698555,44.002483,-175.00002,0,0
-3.7698555,44.002483,-175.00002,0,0
-4.7698555,44.002483,-175.00002,0,0
-5.7698555,44.002483,-175.00002,0,0
-6.7698555,44.002483,-175.00002,0,0
-7.7698555,44.002483,-175.00002,0,0
-8.7698555,44.002483,-175.00002,0,0
-9.7698555,44.002483,-175.00002,0,0
-10.7698555,44.002483,-175.00002,0,0
-11.7698555,44.002483,-175.00002,0,0
-12.7698555,44.002483,-175.00002,0,0
-13.7698555,44.002483,-175.00002,0,0
-14.7698555,44.002483,-175.00002,0,0
-15.7698555,44.002483,-175.00002,0,0
-16.769855,44.002483,-175.00002,0,0
-17.769855,44.002483,-175.00002,0,0
-18.769855,44.002483,-175.00002,0,0
-19.769855,44.002483,-175.00002,0,0
-20.769855,44.002483,-175.00002,0,0
-21.769855,44.002483,-175.00002,0,0
-22.769855,44.002483,-175.00002,0,0
-23.769855,44.002483,-175.00002,0,0
-24.769855,44.002483,-175.00002,0,0
-25.769855,44.002483,-175.00002,0,0
-26.769855,44.002483,-175.00002,0,0
-27.769855,44.002483,-175.00002,0,0
-28.769855,44.002483,-175.00002,0,0
-29.769855,44.002483,-175.00002,0,0
-30.769855,44.002483,-175.00002,0,0
-31.769855,44.002483,-175.00002,0,0
-32.769855,44.002483,-175.00002,0,0
-33.769855,44.002483,-175.00002,0,0
-34.769855,44.002483,-175.00002,0,0
-35.769855,44.002483,-175.00002,0,0
-36.769855,44.002483,-175.00002,0,0
-37.769855,44.002483,-175.00002,0,0
-38.769855,44.002483,-175.00002,0,0
-39.769855,44.002483,-175.00002,0,0
-40.769855,44.002483,-175.00002,0,0
-41.769855,44.002483,-175.00002,0,0
-42.769855,44.002483,-175.00002,0,0
-43.769855,44.002483,-175.00002,0,0
-44.769855,44.002483,-175.00002,0,0
-45.769855,44.002483,-175.00002,0,0
-46.769855,44.002483,-175.00002,0,0
-47.769855,44.002483,-175.00002,0,0
-48.769855,44.002483,-175.00002,0,0
-49.769855,44.002483,-175.00002,0,0
49.230145,43.002483,-175.00002,0,0
48.230145,43.002483,-175.00002,0,0
47.230145,43.002483,-175.00002,0,0
46.230145,43.002483,-175.00002,0,0
45.230145,43.002483,-175.00002,0,0
44.230145,43.002483,-175.00002,0,0
43.230145,43.002483,-175.00002,0,0
42.230145,43.002483,-175.00002,0,0
41.230145,43.002483,-175.00002,0,0
40.230145,43.002483,-175.00002,0,0
39.230145,43.002483,-175.00002,0,0
38.230145,43.002483,-175.00002,0,0
37.230145,43.002483,-175.00002,0,0
36.230145,43.002483,-175.00002,0,0
35.230145,43.002483,-175.00002,0,0
34.230145,43.002483,-175.00002,0,0
33.230145,43.002483,-175.00002,0,0
32.230145,43.002483,-175.00002,0,0
31.230145,43.002483,-175.00002,0,0
30.230145,43.002483,-175.00002,0,0
29.230145,43.002483,-175.00002,0,0
28.230145,43.002483,-175.00002,0,0
27.230145,43.002483,-175.00002,0,0
26.230145,43.002483,-175.00002,0,0
25.230145,43.002483,-175.00002,0,0
24.230145,43.002483,-175.00002,0,0
23.230145,43.002483,-175.00002,0,0
22.230145,43.002483,-175.00002,0,0
21.230145,43.002483,-175.00002,0,0
20.230145,43.002483,-175.00002,0,0
19.230145,43.002483,-175.00002,0,0
18.230145,43.002483,-175.00002,0,0
17.230145,43.002483,-175.00002,0,0
16.230145,43.002483,-175.00002,0,0
15.2301445,43.002483,-175.00002,0,0
14.2301445,43.002483,-175.00002,0,0
13.2301445,43.002483,-175.00002,0,0
12.2301445,43.002483,-175.00002,0,0
11.2301445,43.002483,-175.00002,0,0
10.2301445,43.002483,-175.00002,0,0
9.2301445,43.002483,-175.00002,0,0
8.2301445,43.002483,-175.00002,0,0
7.2301445,43.002483,-175.00002,0,0
6.2301445,43.002483,-175.00002,0,0
5.2301445,43.002483,-175.00002,0,0
4.2301445,43.002483,-175.00002,0,0
3.2301445,43.002483,-175.00002,0,0
2.2301445,43.002483,-175.00002,0,0
1.2301445,43.002483,-175.00002,0,0
0.2301445,43.002483,-175.00002,0,0
-0.7698555,43.002483,-175.00002,0,0
-1.7698555,43.002483,-175.00002,0,0
-2.7698555,43.002483,-175.00002,0,0
-3.7698555,43.002483,-175.00002,0,0
-4.7698555,43.002483,-175.00002,0,0
-5.7698555,43.002483,-175.00002,0,0
-6.7698555,43.002483,-175.00002,0,0
-7.7698555,43.002483,-175.00002,0,0
-8.7698555,43.002483,-175.00002,0,0
-9.7698555,43.002483,-175.00002,0,0
-10.7698555,43.002483,-175.00002,0,0
-11.7698555,43.002483,-175.00002,0,0
-12.7698555,43.002483,-175.00002,0,0
-13.7698555,43.002483,-175.00002,0,0
-14.7698555,43.002483,-175.00002,0,0
-15.7698555,43.002483,-175.00002,0,0
-16.769855,43.002483,-175.00002,0,0
-17.769855,43.002483,-175.00002,0,0
-18.769855,43.002483,-175.00002,0,0
-19.769855,43.002483,-175.00002,0,0
-20.769855,43.002483,-175.00002,0,0
-21.769855,43.002483,-175.00002,0,0
-22.769855,43.002483,-175.00002,0,0
-23.769855,43.002483,-175.00002,0,0
-24.769855,43.002483,-175.00002,0,0
-25.769855,43.002483,-175.00002,0,0
-26.769855,43.002483,-175.00002,0,0
-27.769855,43.002483,-175.00002,0,0
-28.769855,43.002483,-175.00002,0,0
-29.769855,43.002483,-175.00002,0,0
-30.769855,43.002483,-175.00002,0,0
-31.769855,43.002483,-175.00002,0,0
-32.769855,43.002483,-175.00002,0,0
-33.769855,43.002483,-175.00002,0,0
-34.769855,43.002483,-175.00002,0,0
-35.769855,43.002483,-175.00002,0,0
-36.769855,43.002483,-175.00002,0,0
-37.769855,43.002483,-175.00002,0,0
-38.769855,43.002483,-175.00002,0,0
-39.769855,43.002483,-175.00002,0,0
-40.769855,43.002483,-175.00002,0,0
-41.769855,43.002483,-175.00002,0,0
-42.769855,43.002483,-175.00002,0,0
-43.769855,43.002483,-175.00002,0,0
-44.769855,43.002483,-175.00002,0,0
-45.769855,43.002483,-175.00002,0,0
-46.769855,43.002483,-175.00002,0,0
-47.769855,43.002483,-175.00002,0,0
-48.769855,43.002483,-175.00002,0,0
-49.769855,43.002483,-175.00002,0,0
49.230145,42.002483,-175.00002,0,0
48.230145,42.002483,-175.00002,0,0
47.230145,42.002483,-175.00002,0,0
46.230145,42.002483,-175.00002,0,0
45.230145,42.002483,-175.00002,0,0
44.230145,42.002483,-175.00002,0,0
43.230145,42.002483,-175.00002,0,0
42.230145,42.002483,-175.00002,0,0
41.230145,42.002483,-175.00002,0,0
40.230145,42.002483,-175.00002,0,0
39.230145,42.002483,-175.00002,0,0
38.230145,42.002483,-175.00002,0,0
37.230145,42.002483,-175.00002,0,0
36.230145,42.002483,-175.00002,0,0
35.230145,42.002483,-175.00002,0,0
34.230145,42.002483,-175.00002,0,0
33.230145,42.002483,-175.00002,0,0
32.230145,42.002483,-175.00002,0,0
31.230145,42.002483,-175.00002,0,0
30.230145,42.002483,-175.00002,0,0
29.230145,42.002483,-175.00002,0,0
28.230145,42.002483,-175.00002,0,0
27.230145,42.002483,-175.00002,0,0
26.230145,42.002483,-175.00002,0,0
25.230145,42.002483,-175.00002,0,0
24.230145,42.002483,-175.00002,0,0
23.230145,42.002483,-175.00002,0,0
22.230145,42.002483,-175.00002,0,0
21.230145,42.002483,-175.00002,0,0
20.230145,42.002483,-175.00002,0,0
19.230145,42.002483,-175.00002,0,0
18.230145,42.002483,-175.00002,0,0
17.230145,42.002483,-175.00002,0,0
16.230145,42.002483,-175.00002,0,0
15.2301445,42.002483,-175.00002,0,0
14.2301445,42.002483,-175.00002,0,0
13.2301445,42.002483,-175.00002,0,0
12.2301445,42.002483,-175.00002,0,0
11.2301445,42.002483,-175.00002,0,0
10.2301445,42.002483,-175.00002,0,0
9.2301445,42.002483,-175.00002,0,0
8.2301445,42.002483,-175.00002,0,0
7.2301445,42.002483,-175.00002,0,0
6.2301445,42.002483,-175.00002,0,0
5.2301445,42.002483,-175.00002,0,0
4.2301445,42.002483,-175.00002,0,0
3.2301445,42.002483,-175.00002,0,0
2.2301445,42.002483,-175.00002,0,0
1.2301445,42.002483,-175.00002,0,0
0.2301445,42.002483,-175.00002,0,0
-0.7698555,42.002483,-175.00002,0,0
-1.7698555,42.002483,-175.00002,0,0
-2.7698555,42.002483,-175.00002,0,0
-3.7698555,42.002483,-175.00002,0,0
-4.7698555,42.002483,-175.00002,0,0
-5.7698555,42.002483,-175.00002,0,0
-6.7698555,42.002483,-175.00002,0,0
-7.7698555,42.002483,-175.00002,0,0
-8.7698555,42.002483,-175.00002,0,0
-9.7698555,42.002483,-175.00002,0,0
-10.7698555,42.002483,-175.00002,0,0
-11.7698555,42.002483,-175.00002,0,0
-12.7698555,42.002483,-175.00002,0,0
-13.7698555,42.002483,-175.00002,0,0
-14.7698555,42.002483,-175.00002,0,0
-15.7698555,42.002483,-175.00002,0,0
-16.769855,42.002483,-175.00002,0,0
-17.769855,42.002483,-175.00002,0,0
-18.769855,42.002483,-175.00002,0,0
-19.769855,42.002483,-175.00002,0,0
-20.769855,42.002483,-175.00002,0,0
-21.769855,42.002483,-175.00002,0,0
-22.769855,42.002483,-175.00002,0,0
-23.769855,42.002483,-175.00002,0,0
-24.769855,42.002483,-175.00002,0,0
-25.769855,42.002483,-175.00002,0,0
-26.769855,42.002483,-175.00002,0,0
-27.769855,42.002483,-175.00002,0,0
-28.769855,42.002483,-175.00002,0,0
-29.769855,42.002483,-175.00002,0,0
-30.769855,42.002483,-175.00002,0,0
-31.769855,42.002483,-175.00002,0,0
-32.769855,42.002483,-175.00002,0,0
-33.769855,42.002483,-175.00002,0,0
-34.769855,42.002483,-175.00002,0,0
-35.769855,42.002483,-175.00002,0,0
-36.769855,42.002483,-175.00002,0,0
-37.769855,42.002483,-175.00002,0,0
-38.769855,42.002483,-175.00002,0,0
-39.769855,42.002483,-175.00002,0,0
-40.769855,42.002483,-175.00002,0,0
-41.769855,42.002483,-175.00002,0,0
-42.769855,42.002483,-175.00002,0,0
-43.769855,42.002483,-175.00002,0,0
-44.769855,42.002483,-175.00002,0,0
-45.769855,42.002483,-175.00002,0,0
-46.769855,42.002483,-175.00002,0,0
-47.769855,42.002483,-175.00002,0,0
-48.769855,42.002483,-175.00002,0,0
-49.769855,42.002483,-175.00002,0,0
49.230145,41.002483,-175.00002,0,0
48.230145,41.002483,-175.00002,0,0
47.230145,41.002483,-175.00002,0,0
46.230145,41.002483,-175.00002,0,0
45.230145,41.002483,-175.00002,0,0
44.230145,41.002483,-175.00002,0,0
43.230145,41.002483,-175.00002,0,0
42.230145,41.002483,-175.00002,0,0
41.230145,41.002483,-175.00002,0,0
40.230145,41.002483,-175.00002,0,0
39.230145,41.002483,-175.00002,0,0
38.230145,41.002483,-175.00002,0,0
37.230145,41.002483,-175.00002,0,0
36.230145,41.002483,-175.00002,0,0
35.230145,41.002483,-175.00002,0,0
34.230145,41.002483,-175.00002,0,0
33.230145,41.002483,-175.00002,0,0
32.230145,41.002483,-175.00002,0,0
31.230145,41.002483,-175.00002,0,0
30.230145,41.002483,-175.00002,0,0
29.230145,41.002483,-175.00002,0,0
28.230145,41.002483,-175.00002,0,0
27.230145,41.002483,-175.00002,0,0
26.230145,41.002483,-175.00002,0,0
25.230145,41.002483,-175.00002,0,0
24.230145,41.002483,-175.00002,0,0
23.230145,41.002483,-175.00002,0,0
22.230145,41.002483,-175.00002,0,0
21.230145,41.002483,-175.00002,0,0
20.230145,41.002483,-175.00002,0,0
19.230145,41.002483,-175.00002,0,0
18.230145,41.002483,-175.00002,0,0
17.230145,41.002483,-175.00002,0,0
16.230145,41.002483,-175.00002,0,0
15.2301445,41.002483,-175.00002,0,0
14.2301445,41.002483,-175.00002,0,0
13.2301445,41.002483,-175.00002,0,0
12.2301445,41.002483,-175.00002,0,0
11.2301445,41.002483,-175.00002,0,0
10.2301445,41.002483,-175.00002,0,0
9.2301445,41.002483,-175.00002,0,0
8.2301445,41.002483,-175.00002,0,0
7.2301445,41.002483,-175.00002,0,0
6.2301445,41.002483,-175.00002,0,0
5.2301445,41.002483,-175.00002,0,0
4.2301445,41.002483,-175.00002,0,0
3.2301445,41.002483,-175.00002,0,0
2.2301445,41.002483,-175.00002,0,0
1.2301445,41.002483,-175.00002,0,0
0.2301445,41.002483,-175.00002,0,0
-0.7698555,41.002483,-175.00002,0,0
-1.7698555,41.002483,-175.00002,0,0
-2.7698555,41.002483,-175.00002,0,0
-3.7698555,41.002483,-175.00002,0,0
-4.7698555,41.002483,-175.00002,0,0
-5.7698555,41.002483,-175.00002,0,0
-6.7698555,41.002483,-175.00002,0,0
-7.7698555,41.002483,-175.00002,0,0
-8.7698555,41.002483,-175.00002,0,0
-9.7698555,41.002483,-175.00002,0,0
-10.7698555,41.002483,-175.00002,0,0
-11.7698555,41.002483,-175.00002,0,0
-12.7698555,41.002483,-175.00002,0,0
-13.7698555,41.002483,-175.00002,0,0
-14.7698555,41.002483,-175.00002,0,0
-15.7698555,41.002483,-175.00002,0,0
-16.769855,41.002483,-175.00002,0,0
-17.769855,41.002483,-175.00002,0,0
-18.769855,41.002483,-175.00002,0,0
-19.769855,41.002483,-175.00002,0,0
-20.769855,41.002483,-175.00002,0,0
-21.769855,41.002483,-175.00002,0,0
-22.769855,41.002483,-175.00002,0,0
-23.769855,41.002483,-175.00002,0,0
-24.769855,41.002483,-175.00002,0,0
-25.769855,41.002483,-175.00002,0,0
-26.769855,41.002483,-175.00002,0,0
-27.769855,41.002483,-175.00002,0,0
-28.769855,41.002483,-175.00002,0,0
-29.769855,41.002483,-175.00002,0,0
-30.769855,41.002483,-175.00002,0,0
-31.769855,41.002483,-175.00002,0,0
-32.769855,41.002483,-175.00002,0,0
-33.769855,41.002483,-175.00002,0,0
-34.769855,41.002483,-175.00002,0,0
-35.769855,41.002483,-175.00002,0,0
-36.769855,41.002483,-175.00002,0,0
-37.769855,41.002483,-175.00002,0,0
-38.769855,41.002483,-175.00002,0,0
-39.769855,41.002483,-175.00002,0,0
-40.769855,41.002483,-175.00002,0,0
-41.769855,41.002483,-175.00002,0,0
-42.769855,41.002483,-175.00002,0,0
-43.769855,41.002483,-175.00002,0,0
-44.769855,41.002483,-175.00002,0,0
-45.769855,41.002483,-175.00002,0,0
-46.769855,41.002483,-175.00002,0,0
-47.769855,41.002483,-175.00002,0,0
-48.769855,41.002483,-175.00002,0,0
-49.769855,41.002483,-175.00002,0,0
49.230145,40.002483,-175.00002,0,0
48.230145,40.002483,-175.00002,0,0
47.230145,40.002483,-175.00002,0,0
46.230145,40.002483,-175.00002,0,0
45.230145,40.002483,-175.00002,0,0
44.230145,40.002483,-175.00002,0,0
43.230145,40.002483,-175.00002,0,0
42.230145,40.002483,-175.00002,0,0
41.230145,40.002483,-175.00002,0,0
40.230145,40.002483,-175.00002,0,0
39.230145,40.002483,-175.00002,0,0
38.230145,40.002483,-175.00002,0,0
37.230145,40.002483,-175.00002,0,0
36.230145,40.002483,-175.00002,0,0
35.230145,40.002483,-175.00002,0,0
34.230145,40.002483,-175.00002,0,0
33.230145,40.002483,-175.00002,0,0
32.230145,40.002483,-175.00002,0,0
31.230145,40.002483,-175.00002,0,0
30.230145,40.002483,-175.00002,0,0
29.230145,40.002483,-175.00002,0,0
28.230145,40.002483,-175.00002,0,0
27.230145,40.002483,-175.00002,0,0
26.230145,40.002483,-175.00002,0,0
25.230145,40.002483,-175.00002,0,0
24.230145,40.002483,-175.00002,0,0
23.230145,40.002483,-175.00002,0,0
22.230145,40.002483,-175.00002,0,0
21.230145,40.002483,-175.00002,0,0
20.230145,40.002483,-175.00002,0,0
19.230145,40.002483,-175.00002,0,0
18.230145,40.002483,-175.00002,0,0
17.230145,40.002483,-175.00002,0,0
16.230145,40.002483,-175.00002,0,0
15.2301445,40.002483,-175.00002,0,0
14.2301445,40.002483,-175.00002,0,0
13.2301445,40.002483,-175.00002,0,0
12.2301445,40.002483,-175.00002,0,0
11.2301445,40.002483,-175.00002,0,0
10.2301445,40.002483,-175.00002,0,0
9.2301445,40.002483,-175.00002,0,0
8.2301445,40.002483,-175.00002,0,0
7.2301445,40.002483,-175.00002,0,0
6.2301445,40.002483,-175.00002,0,0
5.2301445,40.002483,-175.00002,0,0
4.2301445,40.002483,-175.00002,0,0
3.2301445,40.002483,-175.00002,0,0
2.2301445,40.002483,-175.00002,0,0
1.2301445,40.002483,-175.00002,0,0
0.2301445,40.002483,-175.00002,0,0
-0.7698555,40.002483,-175.00002,0,0
-1.7698555,40.002483,-175.00002,0,0
-2.7698555,40.002483,-175.00002,0,0
-3.7698555,40.002483,-175.00002,0,0
-4.7698555,40.002483,-175.00002,0,0
-5.7698555,40.002483,-175.00002,0,0
-6.7698555,40.002483,-175.00002,0,0
-7.7698555,40.002483,-175.00002,0,0
-8.7698555,40.002483,-175.00002,0,0
-9.7698555,40.002483,-175.00002,0,0
-10.7698555,40.002483,-175.00002,0,0
-11.7698555,40.002483,-175.00002,0,0
-12.7698555,40.002483,-175.00002,0,0
-13.7698555,40.002483,-175.00002,0,0
-14.7698555,40.002483,-175.00002,0,0
-15.7698555,40.002483,-175.00002,0,0
-16.769855,40.002483,-175.00002,0,0
-17.769855,40.002483,-175.00002,0,0
-18.769855,40.002483,-175.00002,0,0
-19.769855,40.002483,-175.00002,0,0
-20.769855,40.002483,-175.00002,0,0
-21.769855,40.002483,-175.00002,0,0
-22.769855,40.002483,-175.00002,0,0
-23.769855,40.002483,-175.00002,0,0
-24.769855,40.002483,-175.00002,0,0
-25.769855,40.002483,-175.00002,0,0
-26.769855,40.002483,-175.00002,0,0
-27.769855,40.002483,-175.00002,0,0
-28.769855,40.002483,-175.00002,0,0
-29.769855,40.002483,-175.00002,0,0
-30.769855,40.002483,-175.00002,0,0
-31.769855,40.002483,-175.00002,0,0
-32.769855,40.002483,-175.00002,0,0
-33.769855,40.002483,-175.00002,0,0
-34.769855,40.002483,-175.00002,0,0
-35.769855,40.002483,-175.00002,0,0
-36.769855,40.002483,-175.00002,0,0
-37.769855,40.002483,-175.00002,0,0
-38.769855,40.002483,-175.00002,0,0
-39.769855,40.002483,-175.00002,0,0
-40.769855,40.002483,-175.00002,0,0
-41.769855,40.002483,-175.00002,0,0
-42.769855,40.002483,-175.00002,0,0
-43.769855,40.002483,-175.00002,0,0
-44.769855,40.002483,-175.00002,0,0
-45.769855,40.002483,-175.00002,0,0
-46.769855,40.002483,-175.00002,0,0
-47.769855,40.002483,-175.00002,0,0
-48.769855,40.002483,-175.00002,0,0
-49.769855,40.002483,-175.00002,0,0
49.230145,39.002483,-175.00002,0,0
48.230145,39.002483,-175.00002,0,0
47.230145,39.002483,-175.00002,0,0
46.230145,39.002483,-175.00002,0,0
45.230145,39.002483,-175.00002,0,0
44.230145,39.002483,-175.00002,0,0
43.230145,39.002483,-175.00002,0,0
42.230145,39.002483,-175.00002,0,0
41.230145,39.002483,-175.00002,0,0
40.230145,39.002483,-175.00002,0,0
39.230145,39.002483,-175.00002,0,0
38.230145,39.002483,-175.00002,0,0
37.230145,39.002483,-175.00002,0,0
36.230145,39.002483,-175.00002,0,0
35.230145,39.002483,-175.00002,0,0
34.230145,39.002483,-175.00002,0,0
33.230145,39.002483,-175.00002,0,0
32.230145,39.002483,-175.00002,0,0
31.230145,39.002483,-175.00002,0,0
30.230145,39.002483,-175.00002,0,0
29.230145,39.002483,-175.00002,0,0
28.230145,39.002483,-175.00002,0,0
27.230145,39.002483,-175.00002,0,0
26.230145,39.002483,-175.00002,0,0
25.230145,39.002483,-175.00002,0,0
24.230145,39.002483,-175.00002,0,0
23.230145,39.002483,-175.00002,0,0
22.230145,39.002483,-175.00002,0,0
21.230145,39.002483,-175.00002,0,0
20.230145,39.002483,-175.00002,0,0
19.230145,39.002483,-175.00002,0,0
18.230145,39.002483,-175.00002,0,0
17.230145,39.002483,-175.00002,0,0
16.230145,39.002483,-175.00002,0,0
15.2301445,39.002483,-175.00002,0,0
14.2301445,39.002483,-175.00002,0,0
13.2301445,39.002483,-175.00002,0,0
12.2301445,39.002483,-175.00002,0,0
11.2301445,39.002483,-175.00002,0,0
10.2301445,39.002483,-175.00002,0,0
9.2301445,39.002483,-175.00002,0,0
8.2301445,39.002483,-175.00002,0,0
7.2301445,39.002483,-175.00002,0,0
6.2301445,39.002483,-175.00002,0,0
5.2301445,39.002483,-175.00002,0,0
4.2301445,39.002483,-175.00002,0,0
3.2301445,39.002483,-175.00002,0,0
2.2301445,39.002483,-175.00002,0,0
1.2301445,39.002483,-175.00002,0,0
0.2301445,39.002483,-175.00002,0,0
-0.7698555,39.002483,-175.00002,0,0
-1.7698555,39.002483,-175.00002,0,0
-2.7698555,39.002483,-175.00002,0,0
-3.7698555,39.002483,-175.00002,0,0
-4.7698555,39.002483,-175.00002,0,0
-5.7698555,39.002483,-175.00002,0,0
-6.7698555,39.002483,-175.00002,0,0
-7.7698555,39.002483,-175.00002,0,0
-8.7698555,39.002483,-175.00002,0,0
-9.7698555,39.002483,-175.00002,0,0
-10.7698555,39.002483,-175.00002,0,0
-11.7698555,39.002483,-175.00002,0,0
-12.7698555,39.002483,-175.00002,0,0
-13.7698555,39.002483,-175.00002,0,0
-14.7698555,39.002483,-175.00002,0,0
-15.7698555,39.002483,-175.00002,0,0
-16.769855,39.002483,-175.00002,0,0
-17.769855,39.002483,-175.00002,0,0
-18.769855,39.002483,-175.00002,0,0
-19.769855,39.002483,-175.00002,0,0
-20.769855,39.002483,-175.00002,0,0
-21.769855,39.002483,-175.00002,0,0
-22.769855,39.002483,-175.00002,0,0
-23.769855,39.002483,-175.00002,0,0
-24.769855,39.002483,-175.00002,0,0
-25.769855,39.002483,-175.00002,0,0
-26.769855,39.002483,-175.00002,0,0
-27.769855,39.002483,-175.00002,0,0
-28.769855,39.002483,-175.00002,0,0
-29.769855,39.002483,-175.00002,0,0
-30.769855,39.002483,-175.00002,0,0
-31.769855,39.002483,-175.00002,0,0
-32.769855,39.002483,-175.00002,0,0
-33.769855,39.002483,-175.00002,0,0
-34.769855,39.002483,-175.00002,0,0
-35.769855,39.002483,-175.00002,0,0
-36.769855,39.002483,-175.00002,0,0
-37.769855,39.002483,-175.00002,0,0
-38.769855,39.002483,-175.00002,0,0
-39.769855,39.002483,-175.00002,0,0
-40.769855,39.002483,-175.00002,0,0
-41.769855,39.002483,-175.00002,0,0
-42.769855,39.002483,-175.00002,0,0
-43.769855,39.002483,-175.00002,0,0
-44.769855,39.002483,-175.00002,0,0
-45.769855,39.002483,-175.00002,0,0
-46.769855,39.002483,-175.00002,0,0
-47.769855,39.002483,-175.00002,0,0
-48.769855,39.002483,-175.00002,0,0
-49.769855,39.002483,-175.00002,0,0
49.230145,38.002483,-175.00002,0,0
48.230145,38.002483,-175.00002,0,0
47.230145,38.002483,-175.00002,0,0
46.230145,38.002483,-175.00002,0,0
45.230145,38.002483,-175.00002,0,0
44.230145,38.002483,-175.00002,0,0
43.230145,38.002483,-175.00002,0,0
42.230145,38.002483,-175.00002,0,0
41.230145,38.002483,-175.00002,0,0
40.230145,38.002483,-175.00002,0,0
39.230145,38.002483,-175.00002,0,0
38.230145,38.002483,-175.00002,0,0
37.230145,38.002483,-175.00002,0,0
36.230145,38.002483,-175.00002,0,0
35.230145,38.002483,-175.00002,0,0
34.230145,38.002483,-175.00002,0,0
33.230145,38.002483,-175.00002,0,0
32.230145,38.002483,-175.00002,0,0
31.230145,38.002483,-175.00002,0,0
30.230145,38.002483,-175.00002,0,0
29.230145,38.002483,-175.00002,0,0
28.230145,38.002483,-175.00002,0,0
27.230145,38.002483,-175.00002,0,0
26.230145,38.002483,-175.00002,0,0
25.230145,38.002483,-175.00002,0,0
24.230145,38.002483,-175.00002,0,0
23.230145,38.002483,-175.00002,0,0
22.230145,38.002483,-175.00002,0,0
21.230145,38.002483,-175.00002,0,0
20.230145,38.002483,-175.00002,0,0
19.230145,38.002483,-175.00002,0,0
18.230145,38.002483,-175.00002,0,0
17.230145,38.002483,-175.00002,0,0
16.230145,38.002483,-175.00002,0,0
15.2301445,38.002483,-175.00002,0,0
14.2301445,38.002483,-175.00002,0,0
13.2301445,38.002483,-175.00002,0,0
12.2301445,38.002483,-175.00002,0,0
11.2301445,38.002483,-175.00002,0,0
10.2301445,38.002483,-175.00002,0,0
9.2301445,38.002483,-175.00002,0,0
8.2301445,38.002483,-175.00002,0,0
7.2301445,38.002483,-175.00002,0,0
6.2301445,38.002483,-175.00002,0,0
5.2301445,38.002483,-175.00002,0,0
4.2301445,38.002483,-175.00002,0,0
3.2301445,38.002483,-175.00002,0,0
2.2301445,38.002483,-175.00002,0,0
1.2301445,38.002483,-175.00002,0,0
0.2301445,38.002483,-175.00002,0,0
-0.7698555,38.002483,-175.00002,0,0
-1.7698555,38.002483,-175.00002,0,0
-2.7698555,38.002483,-175.00002,0,0
-3.7698555,38.002483,-175.00002,0,0
-4.7698555,38.002483,-175.00002,0,0
-5.7698555,38.002483,-175.00002,0,0
-6.7698555,38.002483,-175.00002,0,0
-7.7698555,38.002483,-175.00002,0,0
-8.7698555,38.002483,-175.00002,0,0
-9.7698555,38.002483,-175.00002,0,0
-10.7698555,38.002483,-175.00002,0,0
-11.7698555,38.002483,-175.00002,0,0
-12.7698555,38.002483,-175.00002,0,0
-13.7698555,38.002483,-175.00002,0,0
-14.7698555,38.002483,-175.00002,0,0
-15.7698555,38.002483,-175.00002,0,0
-16.769855,38.002483,-175.00002,0,0
-17.769855,38.002483,-175.00002,0,0
-18.769855,38.002483,-175.00002,0,0
-19.769855,38.002483,-175.00002,0,0
-20.769855,38.002483,-175.00002,0,0
-21.769855,38.002483,-175.00002,0,0
-22.769855,38.002483,-175.00002,0,0
-23.769855,38.002483,-175.00002,0,0
-24.769855,38.002483,-175.00002,0,0
-25.769855,38.002483,-175.00002,0,0
-26.769855,38.002483,-175.00002,0,0
-27.769855,38.002483,-175.00002,0,0
-28.769855,38.002483,-175.00002,0,0
-29.769855,38.002483,-175.00002,0,0
-30.769855,38.002483,-175.00002,0,0
-31.769855,38.002483,-175.00002,0,0
-32.769855,38.002483,-175.00002,0,0
-33.769855,38.002483,-175.00002,0,0
-34.769855,38.002483,-175.00002,0,0
-35.769855,38.002483,-175.00002,0,0
-36.769855,38.002483,-175.00002,0,0
-37.769855,38.002483,-175.00002,0,0
-38.769855,38.002483,-175.00002,0,0
-39.769855,38.002483,-175.00002,0,0
-40.769855,38.002483,-175.00002,0,0
-41.769855,38.002483,-175.00002,0,0
-42.769855,38.002483,-175.00002,0,0
-43.769855,38.002483,-175.00002,0,0
-44.769855,38.002483,-175.00002,0,0
-45.769855,38.002483,-175.00002,0,0
-46.769855,38.002483,-175.00002,0,0
-47.769855,38.002483,-175.00002,0,0
-48.769855,38.002483,-175.00002,0,0
-49.769855,38.002483,-175.00002,0,0
49.230145,37.002483,-175.00002,0,0
48.230145,37.002483,-175.00002,0,0
47.230145,37.002483,-175.00002,0,0
46.230145,37.002483,-175.00002,0,0
45.230145,37.002483,-175.00002,0,0
44.230145,37.002483,-175.00002,0,0
43.230145,37.002483,-175.00002,0,0
42.230145,37.002483,-175.00002,0,0
41.230145,37.002483,-175.00002,0,0
40.230145,37.002483,-175.00002,0,0
39.230145,37.002483,-175.00002,0,0
38.230145,37.002483,-175.00002,0,0
37.230145,37.002483,-175.00002,0,0
36.230145,37.002483,-175.00002,0,0
35.230145,37.002483,-175.00002,0,0
34.230145,37.002483,-175.00002,0,0
33.230145,37.002483,-175.00002,0,0
32.230145,37.002483,-175.00002,0,0
31.230145,37.002483,-175.00002,0,0
30.230145,37.002483,-175.00002,0,0
29.230145,37.002483,-175.00002,0,0
28.230145,37.002483,-175.00002,0,0
27.230145,37.002483,-175.00002,0,0
26.230145,37.002483,-175.00002,0,0
25.230145,37.002483,-175.00002,0,0
24.230145,37.002483,-175.00002,0,0
23.230145,37.002483,-175.00002,0,0
22.230145,37.002483,-175.00002,0,0
21.230145,37.002483,-175.00002,0,0
20.230145,37.002483,-175.00002,0,0
19.230145,37.002483,-175.00002,0,0
18.230145,37.002483,-175.00002,0,0
17.230145,37.002483,-175.00002,0,0
16.230145,37.002483,-175.00002,0,0
15.2301445,37.002483,-175.00002,0,0
14.2301445,37.002483,-175.00002,0,0
13.2301445,37.002483,-175.00002,0,0
12.2301445,37.002483,-175.00002,0,0
11.2301445,37.002483,-175.00002,0,0
10.2301445,37.002483,-175.00002,0,0
9.2301445,37.002483,-175.00002,0,0
8.2301445,37.002483,-175.00002,0,0
7.2301445,37.002483,-175.00002,0,0
6.2301445,37.002483,-175.00002,0,0
5.2301445,37.002483,-175.00002,0,0
4.2301445,37.002483,-175.00002,0,0
3.2301445,37.002483,-175.00002,0,0
2.2301445,37.002483,-175.00002,0,0
1.2301445,37.002483,-175.00002,0,0
0.2301445,37.002483,-175.00002,0,0
-0.7698555,37.002483,-175.00002,0,0
-1.7698555,37.002483,-175.00002,0,0
-2.7698555,37.002483,-175.00002,0,0
-3.7698555,37.002483,-175.00002,0,0
-4.7698555,37.002483,-175.00002,0,0
-5.7698555,37.002483,-175.00002,0,0
-6.7698555,37.002483,-175.00002,0,0
-7.7698555,37.002483,-175.00002,0,0
-8.7698555,37.002483,-175.00002,0,0
-9.7698555,37.002483,-175.00002,0,0
-10.7698555,37.002483,-175.00002,0,0
-11.7698555,37.002483,-175.00002,0,0
-12.7698555,37.002483,-175.00002,0,0
-13.7698555,37.002483,-175.00002,0,0
-14.7698555,37.002483,-175.00002,0,0
-15.7698555,37.002483,-175.00002,0,0
-16.769855,37.002483,-175.00002,0,0
-17.769855,37.002483,-175.00002,0,0
-18.769855,37.002483,-175.00002,0,0
-19.769855,37.002483,-175.00002,0,0
-20.769855,37.002483,-175.00002,0,0
-21.769855,37.002483,-175.00002,0,0
-22.769855,37.002483,-175.00002,0,0
-23.769855,37.002483,-175.00002,0,0
-24.769855,37.002483,-175.00002,0,0
-25.769855,37.002483,-175.00002,0,0
-26.769855,37.002483,-175.00002,0,0
-27.769855,37.002483,-175.00002,0,0
-28.769855,37.002483,-175.00002,0,0
-29.769855,37.002483,-175.00002,0,0
-30.769855,37.002483,-175.00002,0,0
-31.769855,37.002483,-175.00002,0,0
-32.769855,37.002483,-175.00002,0,0
-33.769855,37.002483,-175.00002,0,0
-34.769855,37.002483,-175.00002,0,0
-35.769855,37.002483,-175.00002,0,0
-36.769855,37.002483,-175.00002,0,0
-37.769855,37.002483,-175.00002,0,0
-38.769855,37.002483,-175.00002,0,0
-39.769855,37.002483,-175.00002,0,0
-40.769855,37.002483,-175.00002,0,0
-41.769855,37.002483,-175.00002,0,0
-42.769855,37.002483,-175.00002,0,0
-43.769855,37.002483,-175.00002,0,0
-44.769855,37.002483,-175.00002,0,0
-45.769855,37.002483,-175.00002,0,0
-46.769855,37.002483,-175.00002,0,0
-47.769855,37.002483,-175.00002,0,0
-48.769855,37.002483,-175.00002,0,0
-49.769855,37.002483,-175.00002,0,0
49.230145,36.002483,-175.00002,0,0
48.230145,36.002483,-175.00002,0,0
47.230145,36.002483,-175.00002,0,0
46.230145,36.002483,-175.00002,0,0
45.230145,36.002483,-175.00002,0,0
44.230145,36.002483,-175.00002,0,0
43.230145,36.002483,-175.00002,0,0
42.230145,36.002483,-175.00002,0,0
41.230145,36.002483,-175.00002,0,0
40.230145,36.002483,-175.00002,0,0
39.230145,36.002483,-175.00002,0,0
38.230145,36.002483,-175.00002,0,0
37.230145,36.002483,-175.00002,0,0
36.230145,36.002483,-175.00002,0,0
35.230145,36.002483,-175.00002,0,0
34.230145,36.002483,-175.00002,0,0
33.230145,36.002483,-175.00002,0,0
32.230145,36.002483,-175.00002,0,0
31.230145,36.002483,-175.00002,0,0
30.230145,36.002483,-175.00002,0,0
29.230145,36.002483,-175.00002,0,0
28.230145,36.002483,-175.00002,0,0
27.230145,36.002483,-175.00002,0,0
26.230145,36.002483,-175.00002,0,0
25.230145,36.002483,-175.00002,0,0
24.230145,36.002483,-175.00002,0,0
23.230145,36.002483,-175.00002,0,0
22.230145,36.002483,-175.00002,0,0
21.230145,36.002483,-175.00002,0,0
20.230145,36.002483,-175.00002,0,0
19.230145,36.002483,-175.00002,0,0
18.230145,36.002483,-175.00002,0,0
17.230145,36.002483,-175.00002,0,0
16.230145,36.002483,-175.00002,0,0
15.2301445,36.002483,-175.00002,0,0
14.2301445,36.002483,-175.00002,0,0
13.2301445,36.002483,-175.00002,0,0
12.2301445,36.002483,-175.00002,0,0
11.2301445,36.002483,-175.00002,0,0
10.2301445,36.002483,-175.00002,0,0
9.2301445,36.002483,-175.00002,0,0
8.2301445,36.002483,-175.00002,0,0
7.2301445,36.002483,-175.00002,0,0
6.2301445,36.002483,-175.00002,0,0
5.2301445,36.002483,-175.00002,0,0
4.2301445,36.002483,-175.00002,0,0
3.2301445,36.002483,-175.00002,0,0
2.2301445,36.002483,-175.00002,0,0
1.2301445,36.002483,-175.00002,0,0
0.2301445,36.002483,-175.00002,0,0
-0.7698555,36.002483,-175.00002,0,0
-1.7698555,36.002483,-175.00002,0,0
-2.7698555,36.002483,-175.00002,0,0
-3.7698555,36.002483,-175.00002,0,0
-4.7698555,36.002483,-175.00002,0,0
-5.7698555,36.002483,-175.00002,0,0
-6.7698555,36.002483,-175.00002,0,0
-7.7698555,36.002483,-175.00002,0,0
-8.7698555,36.002483,-175.00002,0,0
-9.7698555,36.002483,-175.00002,0,0
-10.7698555,36.002483,-175.00002,0,0
-11.7698555,36.002483,-175.00002,0,0
-12.7698555,36.002483,-175.00002,0,0
-13.7698555,36.002483,-175.00002,0,0
-14.7698555,36.002483,-175.00002,0,0
-15.7698555,36.002483,-175.00002,0,0
-16.769855,36.002483,-175.00002,0,0
-17.769855,36.002483,-175.00002,0,0
-18.769855,36.002483,-175.00002,0,0
-19.769855,36.002483,-175.00002,0,0
-20.769855,36.002483,-175.00002,0,0
-21.769855,36.002483,-175.00002,0,0
-22.769855,36.002483,-175.00002,0,0
-23.769855,36.002483,-175.00002,0,0
-24.769855,36.002483,-175.00002,0,0
-25.769855,36.002483,-175.00002,0,0
-26.769855,36.002483,-175.00002,0,0
-27.769855,36.002483,-175.00002,0,0
-28.769855,36.002483,-175.00002,0,0
-29.769855,36.002483,-175.00002,0,0
-30.769855,36.002483,-175.00002,0,0
-31.769855,36.002483,-175.00002,0,0
-32.769855,36.002483,-175.00002,0,0
-33.769855,36.002483,-175.00002,0,0
-34.769855,36.002483,-175.00002,0,0
-35.769855,36.002483,-175.00002,0,0
-36.769855,36.002483,-175.00002,0,0
-37.769855,36.002483,-175.00002,0,0
-38.769855,36.002483,-175.00002,0,0
-39.769855,36.002483,-175.00002,0,0
-40.769855,36.002483,-175.00002,0,0
-41.769855,36.002483,-175.00002,0,0
-42.769855,36.002483,-175.00002,0,0
-43.769855,36.002483,-175.00002,0,0
-44.769855,36.002483,-175.00002,0,0
-45.769855,36.002483,-175.00002,0,0
-46.769855,36.002483,-175.00002,0,0
-47.769855,36.002483,-175.00002,0,0
-48.769855,36.002483,-175.00002,0,0
-49.769855,36.002483,-175.00002,0,0
49.230145,35.002483,-175.00002,0,0
48.230145,35.002483,-175.00002,0,0
47.230145,35.002483,-175.00002,0,0
46.230145,35.002483,-175.00002,0,0
45.230145,35.002483,-175.00002,0,0
44.230145,35.002483,-175.00002,0,0
43.230145,35.002483,-175.00002,0,0
42.230145,35.002483,-175.00002,0,0
41.230145,35.002483,-175.00002,0,0
40.230145,35.002483,-175.00002,0,0
39.230145,35.002483,-175.00002,0,0
38.230145,35.002483,-175.00002,0,0
37.230145,35.002483,-175.00002,0,0
36.230145,35.002483,-175.00002,0,0
35.230145,35.002483,-175.00002,0,0
34.230145,35.002483,-175.00002,0,0
33.230145,35.002483,-175.00002,0,0
32.230145,35.002483,-175.00002,0,0
31.230145,35.002483,-175.00002,0,0
30.230145,35.002483,-175.00002,0,0
29.230145,35.002483,-175.00002,0,0
28.230145,35.002483,-175.00002,0,0
27.230145,35.002483,-175.00002,0,0
26.230145,35.002483,-175.00002,0,0
25.230145,35.002483,-175.00002,0,0
24.230145,35.002483,-175.00002,0,0
23.230145,35.002483,-175.00002,0,0
22.230145,35.002483,-175.00002,0,0
21.230145,35.002483,-175.00002,0,0
20.230145,35.002483,-175.00002,0,0
19.230145,35.002483,-175.00002,0,0
18.230145,35.002483,-175.00002,0,0
17.230145,35.002483,-175.00002,0,0
16.230145,35.002483,-175.00002,0,0
15.2301445,35.002483,-175.00002,0,0
14.2301445,35.002483,-175.00002,0,0
13.2301445,35.002483,-175.00002,0,0
12.2301445,35.002483,-175.00002,0,0
11.2301445,35.002483,-175.00002,0,0
10.2301445,35.002483,-175.00002,0,0
9.2301445,35.002483,-175.00002,0,0
8.2301445,35.002483,-175.00002,0,0
7.2301445,35.002483,-175.00002,0,0
6.2301445,35.002483,-175.00002,0,0
5.2301445,35.002483,-175.00002,0,0
4.2301445,35.002483,-175.00002,0,0
3.2301445,35.002483,-175.00002,0,0
2.2301445,35.002483,-175.00002,0,0
1.2301445,35.002483,-175.00002,0,0
0.2301445,35.002483,-175.00002,0,0
-0.7698555,35.002483,-175.00002,0,0
-1.7698555,35.002483,-175.00002,0,0
-2.7698555,35.002483,-175.00002,0,0
-3.7698555,35.002483,-175.00002,0,0
-4.7698555,35.002483,-175.00002,0,0
-5.7698555,35.002483,-175.00002,0,0
-6.7698555,35.002483,-175.00002,0,0
-7.7698555,35.002483,-175.00002,0,0
-8.7698555,35.002483,-175.00002,0,0
-9.7698555,35.002483,-175.00002,0,0
-10.7698555,35.002483,-175.00002,0,0
-11.7698555,35.002483,-175.00002,0,0
-12.7698555,35.002483,-175.00002,0,0
-13.7698555,35.002483,-175.00002,0,0
-14.7698555,35.002483,-175.00002,0,0
-15.7698555,35.002483,-175.00002,0,0
-16.769855,35.002483,-175.00002,0,0
-17.769855,35.002483,-175.00002,0,0
-18.769855,35.002483,-175.00002,0,0
-19.769855,35.002483,-175.00002,0,0
-20.769855,35.002483,-175.00002,0,0
-21.769855,35.002483,-175.00002,0,0
-22.769855,35.002483,-175.00002,0,0
-23.769855,35.002483,-175.00002,0,0
-24.769855,35.002483,-175.00002,0,0
-25.769855,35.002483,-175.00002,0,0
-26.769855,35.002483,-175.00002,0,0
-27.769855,35.002483,-175.00002,0,0
-28.769855,35.002483,-175.00002,0,0
-29.769855,35.002483,-175.00002,0,0
-30.769855,35.002483,-175.00002,0,0
-31.769855,35.002483,-175.00002,0,0
-32.769855,35.002483,-175.00002,0,0
-33.769855,35.002483,-175.00002,0,0
-34.769855,35.002483,-175.00002,0,0
-35.769855,35.002483,-175.00002,0,0
-36.769855,35.002483,-175.00002,0,0
-37.769855,35.002483,-175.00002,0,0
-38.769855,35.002483,-175.00002,0,0
-39.769855,35.002483,-175.00002,0,0
-40.769855,35.002483,-175.00002,0,0
-41.769855,35.002483,-175.00002,0,0
-42.769855,35.002483,-175.00002,0,0
-43.769855,35.002483,-175.00002,0,0
-44.769855,35.002483,-175.00002,0,0
-45.769855,35.002483,-175.00002,0,0
-46.769855,35.002483,-175.00002,0,0
-47.769855,35.002483,-175.00002,0,0
-48.769855,35.002483,-175.00002,0,0
-49.769855,35.002483,-175.00002,0,0
49.230145,34.002483,-175.00002,0,0
48.230145,34.002483,-175.00002,0,0
47.230145,34.002483,-175.00002,0,0
46.230145,34.002483,-175.00002,0,0
45.230145,34.002483,-175.00002,0,0
44.230145,34.002483,-175.00002,0,0
43.230145,34.002483,-175.00002,0,0
42.230145,34.002483,-175.00002,0,0
41.230145,34.002483,-175.00002,0,0
40.230145,34.002483,-175.00002,0,0
39.230145,34.002483,-175.00002,0,0
38.230145,34.002483,-175.00002,0,0
37.230145,34.002483,-175.00002,0,0
36.230145,34.002483,-175.00002,0,0
35.230145,34.002483,-175.00002,0,0
34.230145,34.002483,-175.00002,0,0
33.230145,34.002483,-175.00002,0,0
32.230145,34.002483,-175.00002,0,0
31.230145,34.002483,-175.00002,0,0
30.230145,34.002483,-175.00002,0,0
29.230145,34.002483,-175.00002,0,0
28.230145,34.002483,-175.00002,0,0
27.230145,34.002483,-175.00002,0,0
26.230145,34.002483,-175.00002,0,0
25.230145,34.002483,-175.00002,0,0
24.230145,34.002483,-175.00002,0,0
23.230145,34.002483,-175.00002,0,0
22.230145,34.002483,-175.00002,0,0
21.230145,34.002483,-175.00002,0,0
20.230145,34.002483,-175.00002,0,0
19.230145,34.002483,-175.00002,0,0
18.230145,34.002483,-175.00002,0,0
17.230145,34.002483,-175.00002,0,0
16.230145,34.002483,-175.00002,0,0
15.2301445,34.002483,-175.00002,0,0
14.2301445,34.002483,-175.00002,0,0
13.2301445,34.002483,-175.00002,0,0
12.2301445,34.002483,-175.00002,0,0
11.2301445,34.002483,-175.00002,0,0
10.2301445,34.002483,-175.00002,0,0
9.2301445,34.002483,-175.00002,0,0
8.2301445,34.002483,-175.00002,0,0
7.2301445,34.002483,-175.00002,0,0
6.2301445,34.002483,-175.00002,0,0
5.2301445,34.002483,-175.00002,0,0
4.2301445,34.002483,-175.00002,0,0
3.2301445,34.002483,-175.00002,0,0
2.2301445,34.002483,-175.00002,0,0
1.2301445,34.002483,-175.00002,0,0
0.2301445,34.002483,-175.00002,0,0
-0.7698555,34.002483,-175.00002,0,0
-1.7698555,34.002483,-175.00002,0,0
-2.7698555,34.002483,-175.00002,0,0
-3.7698555,34.002483,-175.00002,0,0
-4.7698555,34.002483,-175.00002,0,0
-5.7698555,34.002483,-175.00002,0,0
-6.7698555,34.002483,-175.00002,0,0
-7.7698555,34.002483,-175.00002,0,0
-8.7698555,34.002483,-175.00002,0,0
-9.7698555,34.002483,-175.00002,0,0
-10.7698555,34.002483,-175.00002,0,0
-11.7698555,34.002483,-175.00002,0,0
-12.7698555,34.002483,-175.00002,0,0
-13.7698555,34.002483,-175.00002,0,0
-14.7698555,34.002483,-175.00002,0,0
-15.7698555,34.002483,-175.00002,0,0
-16.769855,34.002483,-175.00002,0,0
-17.769855,34.002483,-175.00002,0,0
-18.769855,34.002483,-175.00002,0,0
-19.769855,34.002483,-175.00002,0,0
-20.769855,34.002483,-175.00002,0,0
-21.769855,34.002483,-175.00002,0,0
-22.769855,34.002483,-175.00002,0,0
-23.769855,34.002483,-175.00002,0,0
-24.769855,34.002483,-175.00002,0,0
-25.769855,34.002483,-175.00002,0,0
-26.769855,34.002483,-175.00002,0,0
-27.769855,34.002483,-175.00002,0,0
-28.769855,34.002483,-175.00002,0,0
-29.769855,34.002483,-175.00002,0,0
-30.769855,34.002483,-175.00002,0,0
-31.769855,34.002483,-175.00002,0,0
-32.769855,34.002483,-175.00002,0,0
-33.769855,34.002483,-175.00002,0,0
-34.769855,34.002483,-175.00002,0,0
-35.769855,34.002483,-175.00002,0,0
-36.769855,34.002483,-175.00002,0,0
-37.769855,34.002483,-175.00002,0,0
-38.769855,34.002483,-175.00002,0,0
-39.769855,34.002483,-175.00002,0,0
-40.769855,34.002483,-175.00002,0,0
-41.769855,34.002483,-175.00002,0,0
-42.769855,34.002483,-175.00002,0,0
-43.769855,34.002483,-175.00002,0,0
-44.769855,34.002483,-175.00002,0,0
-45.769855,34.002483,-175.00002,0,0
-46.769855,34.002483,-175.00002,0,0
-47.769855,34.002483,-175.00002,0,0
-48.769855,34.002483,-175.00002,0,0
-49.769855,34.002483,-175.00002,0,0
49.230145,33.002483,-175.00002,0,0
48.230145,33.002483,-175.00002,0,0
47.230145,33.002483,-175.00002,0,0
46.230145,33.002483,-175.00002,0,0
45.230145,33.002483,-175.00002,0,0
44.230145,33.002483,-175.00002,0,0
43.230145,33.002483,-175.00002,0,0
42.230145,33.002483,-175.00002,0,0
41.230145,33.002483,-175.00002,0,0
40.230145,33.002483,-175.00002,0,0
39.230145,33.002483,-175.00002,0,0
38.230145,33.002483,-175.00002,0,0
37.230145,33.002483,-175.00002,0,0
36.230145,33.002483,-175.00002,0,0
35.230145,33.002483,-175.00002,0,0
34.230145,33.002483,-175.00002,0,0
33.230145,33.002483,-175.00002,0,0
32.230145,33.002483,-175.00002,0,0
31.230145,33.002483,-175.00002,0,0
30.230145,33.002483,-175.00002,0,0
29.230145,33.002483,-175.00002,0,0
28.230145,33.002483,-175.00002,0,0
27.230145,33.002483,-175.00002,0,0
26.230145,33.002483,-175.00002,0,0
25.230145,33.002483,-175.00002,0,0
24.230145,33.002483,-175.00002,0,0
23.230145,33.002483,-175.00002,0,0
22.230145,33.002483,-175.00002,0,0
21.230145,33.002483,-175.00002,0,0
20.230145,33.002483,-175.00002,0,0
19.230145,33.002483,-175.00002,0,0
18.230145,33.002483,-175.00002,0,0
17.230145,33.002483,-175.00002,0,0
16.230145,33.002483,-175.00002,0,0
15.2301445,33.002483,-175.00002,0,0
14.2301445,33.002483,-175.00002,0,0
13.2301445,33.002483,-175.00002,0,0
12.2301445,33.002483,-175.00002,0,0
11.2301445,33.002483,-175.00002,0,0
10.2301445,33.002483,-175.00002,0,0
9.2301445,33.002483,-175.00002,0,0
8.2301445,33.002483,-175.00002,0,0
7.2301445,33.002483,-175.00002,0,0
6.2301445,33.002483,-175.00002,0,0
5.2301445,33.002483,-175.00002,0,0
4.2301445,33.002483,-175.00002,0,0
3.2301445,33.002483,-175.00002,0,0
2.2301445,33.002483,-175.00002,0,0
1.2301445,33.002483,-175.00002,0,0
0.2301445,33.002483,-175.00002,0,0
-0.7698555,33.002483,-175.00002,0,0
-1.7698555,33.002483,-175.00002,0,0
-2.7698555,33.002483,-175.00002,0,0
-3.7698555,33.002483,-175.00002,0,0
-4.7698555,33.002483,-175.00002,0,0
-5.7698555,33.002483,-175.00002,0,0
-6.7698555,33.002483,-175.00002,0,0
-7.7698555,33.002483,-175.00002,0,0
-8.7698555,33.002483,-175.00002,0,0
-9.7698555,33.002483,-175.00002,0,0
-10.7698555,33.002483,-175.00002,0,0
-11.7698555,33.002483,-175.00002,0,0
-12.7698555,33.002483,-175.00002,0,0
-13.7698555,33.002483,-175.00002,0,0
-14.7698555,33.002483,-175.00002,0,0
-15.7698555,33.002483,-175.00002,0,0
-16.769855,33.002483,-175.00002,0,0
-17.769855,33.002483,-175.00002,0,0
-18.769855,33.002483,-175.00002,0,0
-19.769855,33.002483,-175.00002,0,0
-20.769855,33.002483,-175.00002,0,0
-21.769855,33.002483,-175.00002,0,0
-22.769855,33.002483,-175.00002,0,0
-23.769855,33.002483,-175.00002,0,0
-24.769855,33.002483,-175.00002,0,0
-25.769855,33.002483,-175.00002,0,0
-26.769855,33.002483,-175.00002,0,0
-27.769855,33.002483,-175.00002,0,0
-28.769855,33.002483,-175.00002,0,0
-29.769855,33.002483,-175.00002,0,0
-30.769855,33.002483,-175.00002,0,0
-31.769855,33.002483,-175.00002,0,0
-32.769855,33.002483,-175.00002,0,0
-33.769855,33.002483,-175.00002,0,0
-34.769855,33.002483,-175.00002,0,0
-35.769855,33.002483,-175.00002,0,0
-36.769855,33.002483,-175.00002,0,0
-37.769855,33.002483,-175.00002,0,0
-38.769855,33.002483,-175.00002,0,0
-39.769855,33.002483,-175.00002,0,0
-40.769855,33.002483,-175.00002,0,0
-41.769855,33.002483,-175.00002,0,0
-42.769855,33.002483,-175.00002,0,0
-43.769855,33.002483,-175.00002,0,0
-44.769855,33.002483,-175.00002,0,0
-45.769855,33.002483,-175.00002,0,0
-46.769855,33.002483,-175.00002,0,0
-47.769855,33.002483,-175.00002,0,0
-48.769855,33.002483,-175.00002,0,0
-49.769855,33.002483,-175.00002,0,0
49.230145,32.002483,-175.00002,0,0
48.230145,32.002483,-175.00002,0,0
47.230145,32.002483,-175.00002,0,0
46.230145,32.002483,-175.00002,0,0
45.230145,32.002483,-175.00002,0,0
44.230145,32.002483,-175.00002,0,0
43.230145,32.002483,-175.00002,0,0
42.230145,32.002483,-175.00002,0,0
41.230145,32.002483,-175.00002,0,0
40.230145,32.002483,-175.00002,0,0
39.230145,32.002483,-175.00002,0,0
38.230145,32.002483,-175.00002,0,0
37.230145,32.002483,-175.00002,0,0
36.230145,32.002483,-175.00002,0,0
35.230145,32.002483,-175.00002,0,0
34.230145,32.002483,-175.00002,0,0
33.230145,32.002483,-175.00002,0,0
32.230145,32.002483,-175.00002,0,0
31.230145,32.002483,-175.00002,0,0
30.230145,32.002483,-175.00002,0,0
29.230145,32.002483,-175.00002,0,0
28.230145,32.002483,-175.00002,0,0
27.230145,32.002483,-175.00002,0,0
26.230145,32.002483,-175.00002,0,0
25.230145,32.002483,-175.00002,0,0
24.230145,32.002483,-175.00002,0,0
23.230145,32.002483,-175.00002,0,0
22.230145,32.002483,-175.00002,0,0
21.230145,32.002483,-175.00002,0,0
20.230145,32.002483,-175.00002,0,0
19.230145,32.002483,-175.00002,0,0
18.230145,32.002483,-175.00002,0,0
17.230145,32.002483,-175.00002,0,0
16.230145,32.002483,-175.00002,0,0
15.2301445,32.002483,-175.00002,0,0
14.2301445,32.002483,-175.00002,0,0
13.2301445,32.002483,-175.00002,0,0
12.2301445,32.002483,-175.00002,0,0
11.2301445,32.002483,-175.00002,0,0
10.2301445,32.002483,-175.00002,0,0
9.2301445,32.002483,-175.00002,0,0
8.2301445,32.002483,-175.00002,0,0
7.2301445,32.002483,-175.00002,0,0
6.2301445,32.002483,-175.00002,0,0
5.2301445,32.002483,-175.00002,0,0
4.2301445,32.002483,-175.00002,0,0
3.2301445,32.002483,-175.00002,0,0
2.2301445,32.002483,-175.00002,0,0
1.2301445,32.002483,-175.00002,0,0
0.2301445,32.002483,-175.00002,0,0
-0.7698555,32.002483,-175.00002,0,0
-1.7698555,32.002483,-175.00002,0,0
-2.7698555,32.002483,-175.00002,0,0
-3.7698555,32.002483,-175.00002,0,0
-4.7698555,32.002483,-175.00002,0,0
-5.7698555,32.002483,-175.00002,0,0
-6.7698555,32.002483,-175.00002,0,0
-7.7698555,32.002483,-175.00002,0,0
-8.7698555,32.002483,-175.00002,0,0
-9.7698555,32.002483,-175.00002,0,0
-10.7698555,32.002483,-175.00002,0,0
-11.7698555,32.002483,-175.00002,0,0
-12.7698555,32.002483,-175.00002,0,0
-13.7698555,32.002483,-175.00002,0,0
-14.7698555,32.002483,-175.00002,0,0
-15.7698555,32.002483,-175.00002,0,0
-16.769855,32.002483,-175.00002,0,0
-17.769855,32.002483,-175.00002,0,0
-18.769855,32.002483,-175.00002,0,0
-19.769855,32.002483,-175.00002,0,0
-20.769855,32.002483,-175.00002,0,0
-21.769855,32.002483,-175.00002,0,0
-22.769855,32.002483,-175.00002,0,0
-23.769855,32.002483,-175.00002,0,0
-24.769855,32.002483,-175.00002,0,0
-25.769855,32.002483,-175.00002,0,0
-26.769855,32.002483,-175.00002,0,0
-27.769855,32.002483,-175.00002,0,0
-28.769855,32.002483,-175.00002,0,0
-29.769855,32.002483,-175.00002,0,0
-30.769855,32.002483,-175.00002,0,0
-31.769855,32.002483,-175.00002,0,0
-32.769855,32.002483,-175.00002,0,0
-33.769855,32.002483,-175.00002,0,0
-34.769855,32.002483,-175.00002,0,0
-35.769855,32.002483,-175.00002,0,0
-36.769855,32.002483,-175.00002,0,0
-37.769855,32.002483,-175.00002,0,0
-38.769855,32.002483,-175.00002,0,0
-39.769855,32.002483,-175.00002,0,0
-40.769855,32.002483,-175.00002,0,0
-41.769855,32.002483,-175.00002,0,0
-42.769855,32.002483,-175.00002,0,0
-43.769855,32.002483,-175.00002,0,0
-44.769855,32.002483,-175.00002,0,0
-45.769855,32.002483,-175.00002,0,0
-46.769855,32.002483,-175.00002,0,0
-47.769855,32.002483,-175.00002,0,0
-48.769855,32.002483,-175.00002,0,0
-49.769855,32.002483,-175.00002,0,0
49.230145,31.002483,-175.00002,0,0
48.230145,31.002483,-175.00002,0,0
47.230145,31.002483,-175.00002,0,0
46.230145,31.002483,-175.00002,0,0
45.230145,31.002483,-175.00002,0,0
44.230145,31.002483,-175.00002,0,0
43.230145,31.002483,-175.00002,0,0
42.230145,31.002483,-175.00002,0,0
41.230145,31.002483,-175.00002,0,0
40.230145,31.002483,-175.00002,0,0
39.230145,31.002483,-175.00002,0,0
38.230145,31.002483,-175.00002,0,0
37.230145,31.002483,-175.00002,0,0
36.230145,31.002483,-175.00002,0,0
35.230145,31.002483,-175.00002,0,0
34.230145,31.002483,-175.00002,0,0
33.230145,31.002483,-175.00002,0,0
32.230145,31.002483,-175.00002,0,0
31.230145,31.002483,-175.00002,0,0
30.230145,31.002483,-175.00002,0,0
29.230145,31.002483,-175.00002,0,0
28.230145,31.002483,-175.00002,0,0
27.230145,31.002483,-175.00002,0,0
26.230145,31.002483,-175.00002,0,0
25.230145,31.002483,-175.00002,0,0
24.230145,31.002483,-175.00002,0,0
23.230145,31.002483,-175.00002,0,0
22.230145,31.002483,-175.00002,0,0
21.230145,31.002483,-175.00002,0,0
20.230145,31.002483,-175.00002,0,0
19.230145,31.002483,-175.00002,0,0
18.230145,31.002483,-175.00002,0,0
17.230145,31.002483,-175.00002,0,0
16.230145,31.002483,-175.00002,0,0
15.2301445,31.002483,-175.00002,0,0
14.2301445,31.002483,-175.00002,0,0
13.2301445,31.002483,-175.00002,0,0
12.2301445,31.002483,-175.00002,0,0
11.2301445,31.002483,-175.00002,0,0
10.2301445,31.002483,-175.00002,0,0
9.2301445,31.002483,-175.00002,0,0
8.2301445,31.002483,-175.00002,0,0
7.2301445,31.002483,-175.00002,0,0
6.2301445,31.002483,-175.00002,0,0
5.2301445,31.002483,-175.00002,0,0
4.2301445,31.002483,-175.00002,0,0
3.2301445,31.002483,-175.00002,0,0
2.2301445,31.002483,-175.00002,0,0
1.2301445,31.002483,-175.00002,0,0
0.2301445,31.002483,-175.00002,0,0
-0.7698555,31.002483,-175.00002,0,0
-1.7698555,31.002483,-175.00002,0,0
-2.7698555,31.002483,-175.00002,0,0
-3.7698555,31.002483,-175.00002,0,0
-4.7698555,31.002483,-175.00002,0,0
-5.7698555,31.002483,-175.00002,0,0
-6.7698555,31.002483,-175.00002,0,0
-7.7698555,31.002483,-175.00002,0,0
-8.7698555,31.002483,-175.00002,0,0
-9.7698555,31.002483,-175.00002,0,0
-10.7698555,31.002483,-175.00002,0,0
-11.7698555,31.002483,-175.00002,0,0
-12.7698555,31.002483,-175.00002,0,0
-13.7698555,31.002483,-175.00002,0,0
-14.7698555,31.002483,-175.00002,0,0
-15.7698555,31.002483,-175.00002,0,0
-16.769855,31.002483,-175.00002,0,0
-17.769855,31.002483,-175.00002,0,0
-18.769855,31.002483,-175.00002,0,0
-19.769855,31.002483,-175.00002,0,0
-20.769855,31.002483,-175.00002,0,0
-21.769855,31.002483,-175.00002,0,0
-22.769855,31.002483,-175.00002,0,0
-23.769855,31.002483,-175.00002,0,0
-24.769855,31.002483,-175.00002,0,0
-25.769855,31.002483,-175.00002,0,0
-26.769855,31.002483,-175.00002,0,0
-27.769855,31.002483,-175.00002,0,0
-28.769855,31.002483,-175.00002,0,0
-29.769855,31.002483,-175.00002,0,0
-30.769855,31.002483,-175.00002,0,0
-31.769855,31.002483,-175.00002,0,0
-32.769855,31.002483,-175.00002,0,0
-33.769855,31.002483,-175.00002,0,0
-34.769855,31.002483,-175.00002,0,0
-35.769855,31.002483,-175.00002,0,0
-36.769855,31.002483,-175.00002,0,0
-37.769855,31.002483,-175.00002,0,0
-38.769855,31.002483,-175.00002,0,0
-39.769855,31.002483,-175.00002,0,0
-40.769855,31.002483,-175.00002,0,0
-41.769855,31.002483,-175.00002,0,0
-42.769855,31.002483,-175.00002,0,0
-43.769855,31.002483,-175.00002,0,0
-44.769855,31.002483,-175.00002,0,0
-45.769855,31.002483,-175.00002,0,0
-46.769855,31.002483,-175.00002,0,0
-47.769855,31.002483,-175.00002,0,0
-48.769855,31.002483,-175.00002,0,0
-49.769855,31.002483,-175.00002,0,0
49.230145,30.002483,-175.00002,0,0
48.230145,30.002483,-175.00002,0,0
47.230145,30.002483,-175.00002,0,0
46.230145,30.002483,-175.00002,0,0
45.230145,30.002483,-175.00002,0,0
44.230145,30.002483,-175.00002,0,0
43.230145,30.002483,-175.00002,0,0
42.230145,30.002483,-175.00002,0,0
41.230145,30.002483,-175.00002,0,0
40.230145,30.002483,-175.00002,0,0
39.230145,30.002483,-175.00002,0,0
38.230145,30.002483,-175.00002,0,0
37.230145,30.002483,-175.00002,0,0
36.230145,30.002483,-175.00002,0,0
35.230145,30.002483,-175.00002,0,0
34.230145,30.002483,-175.00002,0,0
33.230145,30.002483,-175.00002,0,0
32.230145,30.002483,-175.00002,0,0
31.230145,30.002483,-175.00002,0,0
30.230145,30.002483,-175.00002,0,0
29.230145,30.002483,-175.00002,0,0
28.230145,30.002483,-175.00002,0,0
27.230145,30.002483,-175.00002,0,0
26.230145,30.002483,-175.00002,0,0
25.230145,30.002483,-175.00002,0,0
24.230145,30.002483,-175.00002,0,0
23.230145,30.002483,-175.00002,0,0
22.230145,30.002483,-175.00002,0,0
21.230145,30.002483,-175.00002,0,0
20.230145,30.002483,-175.00002,0,0
19.230145,30.002483,-175.00002,0,0
18.230145,30.002483,-175.00002,0,0
17.230145,30.002483,-175.00002,0,0
16.230145,30.002483,-175.00002,0,0
15.2301445,30.002483,-175.00002,0,0
14.2301445,30.002483,-175.00002,0,0
13.2301445,30.002483,-175.00002,0,0
12.2301445,30.002483,-175.00002,0,0
11.2301445,30.002483,-175.00002,0,0
10.2301445,30.002483,-175.00002,0,0
9.2301445,30.002483,-175.00002,0,0
8.2301445,30.002483,-175.00002,0,0
7.2301445,30.002483,-175.00002,0,0
6.2301445,30.002483,-175.00002,0,0
5.2301445,30.002483,-175.00002,0,0
4.2301445,30.002483,-175.00002,0,0
3.2301445,30.002483,-175.00002,0,0
2.2301445,30.002483,-175.00002,0,0
1.2301445,30.002483,-175.00002,0,0
0.2301445,30.002483,-175.00002,0,0
-0.7698555,30.002483,-175.00002,0,0
-1.7698555,30.002483,-175.00002,0,0
-2.7698555,30.002483,-175.00002,0,0
-3.7698555,30.002483,-175.00002,0,0
-4.7698555,30.002483,-175.00002,0,0
-5.7698555,30.002483,-175.00002,0,0
-6.7698555,30.002483,-175.00002,0,0
-7.7698555,30.002483,-175.00002,0,0
-8.7698555,30.002483,-175.00002,0,0
-9.7698555,30.002483,-175.00002,0,0
-10.7698555,30.002483,-175.00002,0,0
-11.7698555,30.002483,-175.00002,0,0
-12.7698555,30.002483,-175.00002,0,0
-13.7698555,30.002483,-175.00002,0,0
-14.7698555,30.002483,-175.00002,0,0
-15.7698555,30.002483,-175.00002,0,0
-16.769855,30.002483,-175.00002,0,0
-17.769855,30.002483,-175.00002,0,0
-18.769855,30.002483,-175.00002,0,0
-19.769855,30.002483,-175.00002,0,0
-20.769855,30.002483,-175.00002,0,0
-21.769855,30.002483,-175.00002,0,0
-22.769855,30.002483,-175.00002,0,0
-23.769855,30.002483,-175.00002,0,0
-24.769855,30.002483,-175.00002,0,0
-25.769855,30.002483,-175.00002,0,0
-26.769855,30.002483,-175.00002,0,0
-27.769855,30.002483,-175.00002,0,0
-28.769855,30.002483,-175.00002,0,0
-29.769855,30.002483,-175.00002,0,0
-30.769855,30.002483,-175.00002,0,0
-31.769855,30.002483,-175.00002,0,0
-32.769855,30.002483,-175.00002,0,0
-33.769855,30.002483,-175.00002,0,0
-34.769855,30.002483,-175.00002,0,0
-35.769855,30.002483,-175.00002,0,0
-36.769855,30.002483,-175.00002,0,0
-37.769855,30.002483,-175.00002,0,0
-38.769855,30.002483,-175.00002,0,0
-39.769855,30.002483,-175.00002,0,0
-40.769855,30.002483,-175.00002,0,0
-41.769855,30.002483,-175.00002,0,0
-42.769855,30.002483,-175.00002,0,0
-43.769855,30.002483,-175.00002,0,0
-44.769855,30.002483,-175.00002,0,0
-45.769855,30.002483,-175.00002,0,0
-46.769855,30.002483,-175.00002,0,0
-47.769855,30.002483,-175.00002,0,0
-48.769855,30.002483,-175.00002,0,0
-49.769855,30.002483,-175.00002,0,0
49.230145,29.002483,-175.00002,0,0
48.230145,29.002483,-175.00002,0,0
47.230145,29.002483,-175.00002,0,0
46.230145,29.002483,-175.00002,0,0
45.230145,29.002483,-175.00002,0,0
44.230145,29.002483,-175.00002,0,0
43.230145,29.002483,-175.00002,0,0
42.230145,29.002483,-175.00002,0,0
41.230145,29.002483,-175.00002,0,0
40.230145,29.002483,-175.00002,0,0
39.230145,29.002483,-175.00002,0,0
38.230145,29.002483,-175.00002,0,0
37.230145,29.002483,-175.00002,0,0
36.230145,29.002483,-175.00002,0,0
35.230145,29.002483,-175.00002,0,0
34.230145,29.002483,-175.00002,0,0
33.230145,29.002483,-175.00002,0,0
32.230145,29.002483,-175.00002,0,0
31.230145,29.002483,-175.00002,0,0
30.230145,29.002483,-175.00002,0,0
29.230145,29.002483,-175.00002,0,0
28.230145,29.002483,-175.00002,0,0
27.230145,29.002483,-175.00002,0,0
26.230145,29.002483,-175.00002,0,0
25.230145,29.002483,-175.00002,0,0
24.230145,29.002483,-175.00002,0,0
23.230145,29.002483,-175.00002,0,0
22.230145,29.002483,-175.00002,0,0
21.230145,29.002483,-175.00002,0,0
20.230145,29.002483,-175.00002,0,0
19.230145,29.002483,-175.00002,0,0
18.230145,29.002483,-175.00002,0,0
17.230145,29.002483,-175.00002,0,0
16.230145,29.002483,-175.00002,0,0
15.2301445,29.002483,-175.00002,0,0
14.2301445,29.002483,-175.00002,0,0
13.2301445,29.002483,-175.00002,0,0
12.2301445,29.002483,-175.00002,0,0
11.2301445,29.002483,-175.00002,0,0
10.2301445,29.002483,-175.00002,0,0
9.2301445,29.002483,-175.00002,0,0
8.2301445,29.002483,-175.00002,0,0
7.2301445,29.002483,-175.00002,0,0
6.2301445,29.002483,-175.00002,0,0
5.2301445,29.002483,-175.00002,0,0
4.2301445,29.002483,-175.00002,0,0
3.2301445,29.002483,-175.00002,0,0
2.2301445,29.002483,-175.00002,0,0
1.2301445,29.002483,-175.00002,0,0
0.2301445,29.002483,-175.00002,0,0
-0.7698555,29.002483,-175.00002,0,0
-1.7698555,29.002483,-175.00002,0,0
-2.7698555,29.002483,-175.00002,0,0
-3.7698555,29.002483,-175.00002,0,0
-4.7698555,29.002483,-175.00002,0,0
-5.7698555,29.002483,-175.00002,0,0
-6.7698555,29.002483,-175.00002,0,0
-7.7698555,29.002483,-175.00002,0,0
-8.7698555,29.002483,-175.00002,0,0
-9.7698555,29.002483,-175.00002,0,0
-10.7698555,29.002483,-175.00002,0,0
-11.7698555,29.002483,-175.00002,0,0
-12.7698555,29.002483,-175.00002,0,0
-13.7698555,29.002483,-175.00002,0,0
-14.7698555,29.002483,-175.00002,0,0
-15.7698555,29.002483,-175.00002,0,0
-16.769855,29.002483,-175.00002,0,0
-17.769855,29.002483,-175.00002,0,0
-18.769855,29.002483,-175.00002,0,0
-19.769855,29.002483,-175.00002,0,0
-20.769855,29.002483,-175.00002,0,0
-21.769855,29.002483,-175.00002,0,0
-22.769855,29.002483,-175.00002,0,0
-23.769855,29.002483,-175.00002,0,0
-24.769855,29.002483,-175.00002,0,0
-25.769855,29.002483,-175.00002,0,0
-26.769855,29.002483,-175.00002,0,0
-27.769855,29.002483,-175.00002,0,0
-28.769855,29.002483,-175.00002,0,0
-29.769855,29.002483,-175.00002,0,0
-30.769855,29.002483,-175.00002,0,0
-31.769855,29.002483,-175.00002,0,0
-32.769855,29.002483,-175.00002,0,0
-33.769855,29.002483,-175.00002,0,0
-34.769855,29.002483,-175.00002,0,0
-35.769855,29.002483,-175.00002,0,0
-36.769855,29.002483,-175.00002,0,0
-37.769855,29.002483,-175.00002,0,0
-38.769855,29.002483,-175.00002,0,0
-39.769855,29.002483,-175.00002,0,0
-40.769855,29.002483,-175.00002,0,0
-41.769855,29.002483,-175.00002,0,0
-42.769855,29.002483,-175.00002,0,0
-43.769855,29.002483,-175.00002,0,0
-44.769855,29.002483,-175.00002,0,0
-45.769855,29.002483,-175.00002,0,0
-46.769855,29.002483,-175.00002,0,0
-47.769855,29.002483,-175.00002,0,0
-48.769855,29.002483,-175.00002,0,0
-49.769855,29.002483,-175.00002,0,0
49.230145,28.002483,-175.00002,0,0
48.230145,28.002483,-175.00002,0,0
47.230145,28.002483,-175.00002,0,0
46.230145,28.002483,-175.00002,0,0
45.230145,28.002483,-175.00002,0,0
44.230145,28.002483,-175.00002,0,0
43.230145,28.002483,-175.00002,0,0
42.230145,28.002483,-175.00002,0,0
41.230145,28.002483,-175.00002,0,0
40.230145,28.002483,-175.00002,0,0
39.230145,28.002483,-175.00002,0,0
38.230145,28.002483,-175.00002,0,0
37.230145,28.002483,-175.00002,0,0
36.230145,28.002483,-175.00002,0,0
35.230145,28.002483,-175.00002,0,0
34.230145,28.002483,-175.00002,0,0
33.230145,28.002483,-175.00002,0,0
32.230145,28.002483,-175.00002,0,0
31.230145,28.002483,-175.00002,0,0
30.230145,28.002483,-175.00002,0,0
29.230145,28.002483,-175.00002,0,0
28.230145,28.002483,-175.00002,0,0
27.230145,28.002483,-175.00002,0,0
26.230145,28.002483,-175.00002,0,0
25.230145,28.002483,-175.00002,0,0
24.230145,28.002483,-175.00002,0,0
23.230145,28.002483,-175.00002,0,0
22.230145,28.002483,-175.00002,0,0
21.230145,28.002483,-175.00002,0,0
20.230145,28.002483,-175.00002,0,0
19.230145,28.002483,-175.00002,0,0
18.230145,28.002483,-175.00002,0,0
17.230145,28.002483,-175.00002,0,0
16.230145,28.002483,-175.00002,0,0
15.2301445,28.002483,-175.00002,0,0
14.2301445,28.002483,-175.00002,0,0
13.2301445,28.002483,-175.00002,0,0
12.2301445,28.002483,-175.00002,0,0
11.2301445,28.002483,-175.00002,0,0
10.2301445,28.002483,-175.00002,0,0
9.2301445,28.002483,-175.00002,0,0
8.2301445,28.002483,-175.00002,0,0
7.2301445,28.002483,-175.00002,0,0
6.2301445,28.002483,-175.00002,0,0
5.2301445,28.002483,-175.00002,0,0
4.2301445,28.002483,-175.00002,0,0
3.2301445,28.002483,-175.00002,0,0
2.2301445,28.002483,-175.00002,0,0
1.2301445,28.002483,-175.00002,0,0
0.2301445,28.002483,-175.00002,0,0
-0.7698555,28.002483,-175.00002,0,0
-1.7698555,28.002483,-175.00002,0,0
-2.7698555,28.002483,-175.00002,0,0
-3.7698555,28.002483,-175.00002,0,0
-4.7698555,28.002483,-175.00002,0,0
-5.7698555,28.002483,-175.00002,0,0
-6.7698555,28.002483,-175.00002,0,0
-7.7698555,28.002483,-175.00002,0,0
-8.7698555,28.002483,-175.00002,0,0
-9.7698555,28.002483,-175.00002,0,0
-10.7698555,28.002483,-175.00002,0,0
-11.7698555,28.002483,-175.00002,0,0
-12.7698555,28.002483,-175.00002,0,0
-13.7698555,28.002483,-175.00002,0,0
-14.7698555,28.002483,-175.00002,0,0
-15.7698555,28.002483,-175.00002,0,0
-16.769855,28.002483,-175.00002,0,0
-17.769855,28.002483,-175.00002,0,0
-18.769855,28.002483,-175.00002,0,0
-19.769855,28.002483,-175.00002,0,0
-20.769855,28.002483,-175.00002,0,0
-21.769855,28.002483,-175.00002,0,0
-22.769855,28.002483,-175.00002,0,0
-23.769855,28.002483,-175.00002,0,0
-24.769855,28.002483,-175.00002,0,0
-25.769855,28.002483,-175.00002,0,0
-26.769855,28.002483,-175.00002,0,0
-27.769855,28.002483,-175.00002,0,0
-28.769855,28.002483,-175.00002,0,0
-29.769855,28.002483,-175.00002,0,0
-30.769855,28.002483,-175.00002,0,0
-31.769855,28.002483,-175.00002,0,0
-32.769855,28.002483,-175.00002,0,0
-33.769855,28.002483,-175.00002,0,0
-34.769855,28.002483,-175.00002,0,0
-35.769855,28.002483,-175.00002,0,0
-36.769855,28.002483,-175.00002,0,0
-37.769855,28.002483,-175.00002,0,0
-38.769855,28.002483,-175.00002,0,0
-39.769855,28.002483,-175.00002,0,0
-40.769855,28.002483,-175.00002,0,0
-41.769855,28.002483,-175.00002,0,0
-42.769855,28.002483,-175.00002,0,0
-43.769855,28.002483,-175.00002,0,0
-44.769855,28.002483,-175.00002,0,0
-45.769855,28.002483,-175.00002,0,0
-46.769855,28.002483,-175.00002,0,0
-47.769855,28.002483,-175.00002,0,0
-48.769855,28.002483,-175.00002,0,0
-49.769855,28.002483,-175.00002,0,0
49.230145,27.002483,-175.00002,0,0
48.230145,27.002483,-175.00002,0,0
47.230145,27.002483,-175.00002,0,0
46.230145,27.002483,-175.00002,0,0
45.230145,27.002483,-175.00002,0,0
44.230145,27.002483,-175.00002,0,0
43.230145,27.002483,-175.00002,0,0
42.230145,27.002483,-175.00002,0,0
41.230145,27.002483,-175.00002,0,0
40.230145,27.002483,-175.00002,0,0
39.230145,27.002483,-175.00002,0,0
38.230145,27.002483,-175.00002,0,0
37.230145,27.002483,-175.00002,0,0
36.230145,27.002483,-175.00002,0,0
35.230145,27.002483,-175.00002,0,0
34.230145,27.002483,-175.00002,0,0
33.230145,27.002483,-175.00002,0,0
32.230145,27.002483,-175.00002,0,0
31.230145,27.002483,-175.00002,0,0
30.230145,27.002483,-175.00002,0,0
29.230145,27.002483,-175.00002,0,0
28.230145,27.002483,-175.00002,0,0
27.230145,27.002483,-175.00002,0,0
26.230145,27.002483,-175.00002,0,0
25.230145,27.002483,-175.00002,0,0
24.230145,27.002483,-175.00002,0,0
23.230145,27.002483,-175.00002,0,0
22.230145,27.002483,-175.00002,0,0
21.230145,27.002483,-175.00002,0,0
20.230145,27.002483,-175.00002,0,0
19.230145,27.002483,-175.00002,0,0
18.230145,27.002483,-175.00002,0,0
17.230145,27.002483,-175.00002,0,0
16.230145,27.002483,-175.00002,0,0
15.2301445,27.002483,-175.00002,0,0
14.2301445,27.002483,-175.00002,0,0
13.2301445,27.002483,-175.00002,0,0
12.2301445,27.002483,-175.00002,0,0
11.2301445,27.002483,-175.00002,0,0
10.2301445,27.002483,-175.00002,0,0
9.2301445,27.002483,-175.00002,0,0
8.2301445,27.002483,-175.00002,0,0
7.2301445,27.002483,-175.00002,0,0
6.2301445,27.002483,-175.00002,0,0
5.2301445,27.002483,-175.00002,0,0
4.2301445,27.002483,-175.00002,0,0
3.2301445,27.002483,-175.00002,0,0
2.2301445,27.002483,-175.00002,0,0
1.2301445,27.002483,-175.00002,0,0
0.2301445,27.002483,-175.00002,0,0
-0.7698555,27.002483,-175.00002,0,0
-1.7698555,27.002483,-175.00002,0,0
-2.7698555,27.002483,-175.00002,0,0
-3.7698555,27.002483,-175.00002,0,0
-4.7698555,27.002483,-175.00002,0,0
-5.7698555,27.002483,-175.00002,0,0
-6.7698555,27.002483,-175.00002,0,0
-7.7698555,27.002483,-175.00002,0,0
-8.7698555,27.002483,-175.00002,0,0
-9.7698555,27.002483,-175.00002,0,0
-10.7698555,27.002483,-175.00002,0,0
-11.7698555,27.002483,-175.00002,0,0
-12.7698555,27.002483,-175.00002,0,0
-13.7698555,27.002483,-175.00002,0,0
-14.7698555,27.002483,-175.00002,0,0
-15.7698555,27.002483,-175.00002,0,0
-16.769855,27.002483,-175.00002,0,0
-17.769855,27.002483,-175.00002,0,0
-18.769855,27.002483,-175.00002,0,0
-19.769855,27.002483,-175.00002,0,0
-20.769855,27.002483,-175.00002,0,0
-21.769855,27.002483,-175.00002,0,0
-22.769855,27.002483,-175.00002,0,0
-23.769855,27.002483,-175.00002,0,0
-24.769855,27.002483,-175.00002,0,0
-25.769855,27.002483,-175.00002,0,0
-26.769855,27.002483,-175.00002,0,0
-27.769855,27.002483,-175.00002,0,0
-28.769855,27.002483,-175.00002,0,0
-29.769855,27.002483,-175.00002,0,0
-30.769855,27.002483,-175.00002,0,0
-31.769855,27.002483,-175.00002,0,0
-32.769855,27.002483,-175.00002,0,0
-33.769855,27.002483,-175.00002,0,0
-34.769855,27.002483,-175.00002,0,0
-35.769855,27.002483,-175.00002,0,0
-36.769855,27.002483,-175.00002,0,0
-37.769855,27.002483,-175.00002,0,0
-38.769855,27.002483,-175.00002,0,0
-39.769855,27.002483,-175.00002,0,0
-40.769855,27.002483,-175.00002,0,0
-41.769855,27.002483,-175.00002,0,0
-42.769855,27.002483,-175.00002,0,0
-43.769855,27.002483,-175.00002,0,0
-44.769855,27.002483,-175.00002,0,0
-45.769855,27.002483,-175.00002,0,0
-46.769855,27.002483,-175.00002,0,0
-47.769855,27.002483,-175.00002,0,0
-48.769855,27.002483,-175.00002,0,0
-49.769855,27.002483,-175.00002,0,0
49.230145,26.002483,-175.00002,0,0
48.230145,26.002483,-175.00002,0,0
47.230145,26.002483,-175.00002,0,0
46.230145,26.002483,-175.00002,0,0
45.230145,26.002483,-175.00002,0,0
44.230145,26.002483,-175.00002,0,0
43.230145,26.002483,-175.00002,0,0
42.230145,26.002483,-175.00002,0,0
41.230145,26.002483,-175.00002,0,0
40.230145,26.002483,-175.00002,0,0
39.230145,26.002483,-175.00002,0,0
38.230145,26.002483,-175.00002,0,0
37.230145,26.002483,-175.00002,0,0
36.230145,26.002483,-175.00002,0,0
35.230145,26.002483,-175.00002,0,0
34.230145,26.002483,-175.00002,0,0
33.230145,26.002483,-175.00002,0,0
32.230145,26.002483,-175.00002,0,0
31.230145,26.002483,-175.00002,0,0
30.230145,26.002483,-175.00002,0,0
29.230145,26.002483,-175.00002,0,0
28.230145,26.002483,-175.00002,0,0
27.230145,26.002483,-175.00002,0,0
26.230145,26.002483,-175.00002,0,0
25.230145,26.002483,-175.00002,0,0
24.230145,26.002483,-175.00002,0,0
23.230145,26.002483,-175.00002,0,0
22.230145,26.002483,-175.00002,0,0
21.230145,26.002483,-175.00002,0,0
20.230145,26.002483,-175.00002,0,0
19.230145,26.002483,-175.00002,0,0
18.230145,26.002483,-175.00002,0,0
17.230145,26.002483,-175.00002,0,0
16.230145,26.002483,-175.00002,0,0
15.2301445,26.002483,-175.00002,0,0
14.2301445,26.002483,-175.00002,0,0
13.2301445,26.002483,-175.00002,0,0
12.2301445,26.002483,-175.00002,0,0
11.2301445,26.002483,-175.00002,0,0
10.2301445,26.002483,-175.00002,0,0
9.2301445,26.002483,-175.00002,0,0
8.2301445,26.002483,-175.00002,0,0
7.2301445,26.002483,-175.00002,0,0
6.2301445,26.002483,-175.00002,0,0
5.2301445,26.002483,-175.00002,0,0
4.2301445,26.002483,-175.00002,0,0
3.2301445,26.002483,-175.00002,0,0
2.2301445,26.002483,-175.00002,0,0
1.2301445,26.002483,-175.00002,0,0
0.2301445,26.002483,-175.00002,0,0
-0.7698555,26.002483,-175.00002,0,0
-1.7698555,26.002483,-175.00002,0,0
-2.7698555,26.002483,-175.00002,0,0
-3.7698555,26.002483,-175.00002,0,0
-4.7698555,26.002483,-175.00002,0,0
-5.7698555,26.002483,-175.00002,0,0
-6.7698555,26.002483,-175.00002,0,0
-7.7698555,26.002483,-175.00002,0,0
-8.7698555,26.002483,-175.00002,0,0
-9.7698555,26.002483,-175.00002,0,0
-10.7698555,26.002483,-175.00002,0,0
-11.7698555,26.002483,-175.00002,0,0
-12.7698555,26.002483,-175.00002,0,0
-13.7698555,26.002483,-175.00002,0,0
-14.7698555,26.002483,-175.00002,0,0
-15.7698555,26.002483,-175.00002,0,0
-16.769855,26.002483,-175.00002,0,0
-17.769855,26.002483,-175.00002,0,0
-18.769855,26.002483,-175.00002,0,0
-19.769855,26.002483,-175.00002,0,0
-20.769855,26.002483,-175.00002,0,0
-21.769855,26.002483,-175.00002,0,0
-22.769855,26.002483,-175.00002,0,0
-23.769855,26.002483,-175.00002,0,0
-24.769855,26.002483,-175.00002,0,0
-25.769855,26.002483,-175.00002,0,0
-26.769855,26.002483,-175.00002,0,0
-27.769855,26.002483,-175.00002,0,0
-28.769855,26.002483,-175.00002,0,0
-29.769855,26.002483,-175.00002,0,0
-30.769855,26.002483,-175.00002,0,0
-31.769855,26.002483,-175.00002,0,0
-32.769855,26.002483,-175.00002,0,0
-33.769855,26.002483,-175.00002,0,0
-34.769855,26.002483,-175.00002,0,0
-35.769855,26.002483,-175.00002,0,0
-36.769855,26.002483,-175.00002,0,0
-37.769855,26.002483,-175.00002,0,0
-38.769855,26.002483,-175.00002,0,0
-39.769855,26.002483,-175.00002,0,0
-40.769855,26.002483,-175.00002,0,0
-41.769855,26.002483,-175.00002,0,0
-42.769855,26.002483,-175.00002,0,0
-43.769855,26.002483,-175.00002,0,0
-44.769855,26.002483,-175.00002,0,0
-45.769855,26.002483,-175.00002,0,0
-46.769855,26.002483,-175.00002,0,0
-47.769855,26.002483,-175.00002,0,0
-48.769855,26.002483,-175.00002,0,0
-49.769855,26.002483,-175.00002,0,0
49.230145,25.002483,-175.00002,0,0
48.230145,25.002483,-175.00002,0,0
47.230145,25.002483,-175.00002,0,0
46.230145,25.002483,-175.00002,0,0
45.230145,25.002483,-175.00002,0,0
44.230145,25.002483,-175.00002,0,0
43.230145,25.002483,-175.00002,0,0
42.230145,25.002483,-175.00002,0,0
41.230145,25.002483,-175.00002,0,0
40.230145,25.002483,-175.00002,0,0
39.230145,25.002483,-175.00002,0,0
38.230145,25.002483,-175.00002,0,0
37.230145,25.002483,-175.00002,0,0
36.230145,25.002483,-175.00002,0,0
35.230145,25.002483,-175.00002,0,0
34.230145,25.002483,-175.00002,0,0
33.230145,25.002483,-175.00002,0,0
32.230145,25.002483,-175.00002,0,0
31.230145,25.002483,-175.00002,0,0
30.230145,25.002483,-175.00002,0,0
29.230145,25.002483,-175.00002,0,0
28.230145,25.002483,-175.00002,0,0
27.230145,25.002483,-175.00002,0,0
26.230145,25.002483,-175.00002,0,0
25.230145,25.002483,-175.00002,0,0
24.230145,25.002483,-175.00002,0,0
23.230145,25.002483,-175.00002,0,0
22.230145,25.002483,-175.00002,0,0
21.230145,25.002483,-175.00002,0,0
20.230145,25.002483,-175.00002,0,0
19.230145,25.002483,-175.00002,0,0
18.230145,25.002483,-175.00002,0,0
17.230145,25.002483,-175.00002,0,0
16.230145,25.002483,-175.00002,0,0
15.2301445,25.002483,-175.00002,0,0
14.2301445,25.002483,-175.00002,0,0
13.2301445,25.002483,-175.00002,0,0
12.2301445,25.002483,-175.00002,0,0
11.2301445,25.002483,-175.00002,0,0
10.2301445,25.002483,-175.00002,0,0
9.2301445,25.002483,-175.00002,0,0
8.2301445,25.002483,-175.00002,0,0
7.2301445,25.002483,-175.00002,0,0
6.2301445,25.002483,-175.00002,0,0
5.2301445,25.002483,-175.00002,0,0
4.2301445,25.002483,-175.00002,0,0
3.2301445,25.002483,-175.00002,0,0
2.2301445,25.002483,-175.00002,0,0
1.2301445,25.002483,-175.00002,0,0
0.2301445,25.002483,-175.00002,0,0
-0.7698555,25.002483,-175.00002,0,0
-1.7698555,25.002483,-175.00002,0,0
-2.7698555,25.002483,-175.00002,0,0
-3.7698555,25.002483,-175.00002,0,0
-4.7698555,25.002483,-175.00002,0,0
-5.7698555,25.002483,-175.00002,0,0
-6.7698555,25.002483,-175.00002,0,0
-7.7698555,25.002483,-175.00002,0,0
-8.7698555,25.002483,-175.00002,0,0
-9.7698555,25.002483,-175.00002,0,0
-10.7698555,25.002483,-175.00002,0,0
-11.7698555,25.002483,-175.00002,0,0
-12.7698555,25.002483,-175.00002,0,0
-13.7698555,25.002483,-175.00002,0,0
-14.7698555,25.002483,-175.00002,0,0
-15.7698555,25.002483,-175.00002,0,0
-16.769855,25.002483,-175.00002,0,0
-17.769855,25.002483,-175.00002,0,0
-18.769855,25.002483,-175.00002,0,0
-19.769855,25.002483,-175.00002,0,0
-20.769855,25.002483,-175.00002,0,0
-21.769855,25.002483,-175.00002,0,0
-22.769855,25.002483,-175.00002,0,0
-23.769855,25.002483,-175.00002,0,0
-24.769855,25.002483,-175.00002,0,0
-25.769855,25.002483,-175.00002,0,0
-26.769855,25.002483,-175.00002,0,0
-27.769855,25.002483,-175.00002,0,0
-28.769855,25.002483,-175.00002,0,0
-29.769855,25.002483,-175.00002,0,0
-30.769855,25.002483,-175.00002,0,0
-31.769855,25.002483,-175.00002,0,0
-32.769855,25.002483,-175.00002,0,0
-33.769855,25.002483,-175.00002,0,0
-34.769855,25.002483,-175.00002,0,0
-35.769855,25.002483,-175.00002,0,0
-36.769855,25.002483,-175.00002,0,0
-37.769855,25.002483,-175.00002,0,0
-38.769855,25.002483,-175.00002,0,0
-39.769855,25.002483,-175.00002,0,0
-40.769855,25.002483,-175.00002,0,0
-41.769855,25.002483,-175.00002,0,0
-42.769855,25.002483,-175.00002,0,0
-43.769855,25.002483,-175.00002,0,0
-44.769855,25.002483,-175.00002,0,0
-45.769855,25.002483,-175.00002,0,0
-46.769855,25.002483,-175.00002,0,0
-47.769855,25.002483,-175.00002,0,0
-48.769855,25.002483,-175.00002,0,0
-49.769855,25.002483,-175.00002,0,0
49.230145,24.002483,-175.00002,0,0
48.230145,24.002483,-175.00002,0,0
47.230145,24.002483,-175.00002,0,0
46.230145,24.002483,-175.00002,0,0
45.230145,24.002483,-175.00002,0,0
44.230145,24.002483,-175.00002,0,0
43.230145,24.002483,-175.00002,0,0
42.230145,24.002483,-175.00002,0,0
41.230145,24.002483,-175.00002,0,0
40.230145,24.002483,-175.00002,0,0
39.230145,24.002483,-175.00002,0,0
38.230145,24.002483,-175.00002,0,0
37.230145,24.002483,-175.00002,0,0
36.230145,24.002483,-175.00002,0,0
35.230145,24.002483,-175.00002,0,0
34.230145,24.002483,-175.00002,0,0
33.230145,24.002483,-175.00002,0,0
32.230145,24.002483,-175.00002,0,0
31.230145,24.002483,-175.00002,0,0
30.230145,24.002483,-175.00002,0,0
29.230145,24.002483,-175.00002,0,0
28.230145,24.002483,-175.00002,0,0
27.230145,24.002483,-175.00002,0,0
26.230145,24.002483,-175.00002,0,0
25.230145,24.002483,-175.00002,0,0
24.230145,24.002483,-175.00002,0,0
23.230145,24.002483,-175.00002,0,0
22.230145,24.002483,-175.00002,0,0
21.230145,24.002483,-175.00002,0,0
20.230145,24.002483,-175.00002,0,0
19.230145,24.002483,-175.00002,0,0
18.230145,24.002483,-175.00002,0,0
17.230145,24.002483,-175.00002,0,0
16.230145,24.002483,-175.00002,0,0
15.2301445,24.002483,-175.00002,0,0
14.2301445,24.002483,-175.00002,0,0
13.2301445,24.002483,-175.00002,0,0
12.2301445,24.002483,-175.00002,0,0
11.2301445,24.002483,-175.00002,0,0
10.2301445,24.002483,-175.00002,0,0
9.2301445,24.002483,-175.00002,0,0
8.2301445,24.002483,-175.00002,0,0
7.2301445,24.002483,-175.00002,0,0
6.2301445,24.002483,-175.00002,0,0
5.2301445,24.002483,-175.00002,0,0
4.2301445,24.002483,-175.00002,0,0
3.2301445,24.002483,-175.00002,0,0
2.2301445,24.002483,-175.00002,0,0
1.2301445,24.002483,-175.00002,0,0
0.2301445,24.002483,-175.00002,0,0
-0.7698555,24.002483,-175.00002,0,0
-1.7698555,24.002483,-175.00002,0,0
-2.7698555,24.002483,-175.00002,0,0
-3.7698555,24.002483,-175.00002,0,0
-4.7698555,24.002483,-175.00002,0,0
-5.7698555,24.002483,-175.00002,0,0
-6.7698555,24.002483,-175.00002,0,0
-7.7698555,24.002483,-175.00002,0,0
-8.7698555,24.002483,-175.00002,0,0
-9.7698555,24.002483,-175.00002,0,0
-10.7698555,24.002483,-175.00002,0,0
-11.7698555,24.002483,-175.00002,0,0
-12.7698555,24.002483,-175.00002,0,0
-13.7698555,24.002483,-175.00002,0,0
-14.7698555,24.002483,-175.00002,0,0
-15.7698555,24.002483,-175.00002,0,0
-16.769855,24.002483,-175.00002,0,0
-17.769855,24.002483,-175.00002,0,0
-18.769855,24.002483,-175.00002,0,0
-19.769855,24.002483,-175.00002,0,0
-20.769855,24.002483,-175.00002,0,0
-21.769855,24.002483,-175.00002,0,0
-22.769855,24.002483,-175.00002,0,0
-23.769855,24.002483,-175.00002,0,0
-24.769855,24.002483,-175.00002,0,0
-25.769855,24.002483,-175.00002,0,0
-26.769855,24.002483,-175.00002,0,0
-27.769855,24.002483,-175.00002,0,0
-28.769855,24.002483,-175.00002,0,0
-29.769855,24.002483,-175.00002,0,0
-30.769855,24.002483,-175.00002,0,0
-31.769855,24.002483,-175.00002,0,0
-32.769855,24.002483,-175.00002,0,0
-33.769855,24.002483,-175.00002,0,0
-34.769855,24.002483,-175.00002,0,0
-35.769855,24.002483,-175.00002,0,0
-36.769855,24.002483,-175.00002,0,0
-37.769855,24.002483,-175.00002,0,0
-38.769855,24.002483,-175.00002,0,0
-39.769855,24.002483,-175.00002,0,0
-40.769855,24.002483,-175.00002,0,0
-41.769855,24.002483,-175.00002,0,0
-42.769855,24.002483,-175.00002,0,0
-43.769855,24.002483,-175.00002,0,0
-44.769855,24.002483,-175.00002,0,0
-45.769855,24.002483,-175.00002,0,0
-46.769855,24.002483,-175.00002,0,0
-47.769855,24.002483,-175.00002,0,0
-48.769855,24.002483,-175.00002,0,0
-49.769855,24.002483,-175.00002,0,0
49.230145,23.002483,-175.00002,0,0
48.230145,23.002483,-175.00002,0,0
47.230145,23.002483,-175.00002,0,0
46.230145,23.002483,-175.00002,0,0
45.230145,23.002483,-175.00002,0,0
44.230145,23.002483,-175.00002,0,0
43.230145,23.002483,-175.00002,0,0
42.230145,23.002483,-175.00002,0,0
41.230145,23.002483,-175.00002,0,0
40.230145,23.002483,-175.00002,0,0
39.230145,23.002483,-175.00002,0,0
38.230145,23.002483,-175.00002,0,0
37.230145,23.002483,-175.00002,0,0
36.230145,23.002483,-175.00002,0,0
35.230145,23.002483,-175.00002,0,0
34.230145,23.002483,-175.00002,0,0
33.230145,23.002483,-175.00002,0,0
32.230145,23.002483,-175.00002,0,0
31.230145,23.002483,-175.00002,0,0
30.230145,23.002483,-175.00002,0,0
29.230145,23.002483,-175.00002,0,0
28.230145,23.002483,-175.00002,0,0
27.230145,23.002483,-175.00002,0,0
26.230145,23.002483,-175.00002,0,0
25.230145,23.002483,-175.00002,0,0
24.230145,23.002483,-175.00002,0,0
23.230145,23.002483,-175.00002,0,0
22.230145,23.002483,-175.00002,0,0
21.230145,23.002483,-175.00002,0,0
20.230145,23.002483,-175.00002,0,0
19.230145,23.002483,-175.00002,0,0
18.230145,23.002483,-175.00002,0,0
17.230145,23.002483,-175.00002,0,0
16.230145,23.002483,-175.00002,0,0
15.2301445,23.002483,-175.00002,0,0
14.2301445,23.002483,-175.00002,0,0
13.2301445,23.002483,-175.00002,0,0
12.2301445,23.002483,-175.00002,0,0
11.2301445,23.002483,-175.00002,0,0
10.2301445,23.002483,-175.00002,0,0
9.2301445,23.002483,-175.00002,0,0
8.2301445,23.002483,-175.00002,0,0
7.2301445,23.002483,-175.00002,0,0
6.2301445,23.002483,-175.00002,0,0
5.2301445,23.002483,-175.00002,0,0
4.2301445,23.002483,-175.00002,0,0
3.2301445,23.002483,-175.00002,0,0
2.2301445,23.002483,-175.00002,0,11.999997
1.2301445,23.002483,-175.00002,0,15.999996
0.2301445,23.002483,-175.00002,0,27.999996
-0.7698555,23.002483,-175.00002,0,31.999996
-1.7698555,23.002483,-175.00002,0,39.999996
-2.7698555,23.002483,-175.00002,0,39.999996
-3.7698555,23.002483,-175.00002,0,27.999996
-4.7698555,23.002483,-175.00002,0,15.999996
-5.7698555,23.002483,-175.00002,0,15.999996
-6.7698555,23.002483,-175.00002,0,0
-7.7698555,23.002483,-175.00002,0,0
-8.7698555,23.002483,-175.00002,0,0
-9.7698555,23.002483,-175.00002,0,3.999999
-10.7698555,23.002483,-175.00002,0,0
-11.7698555,23.002483,-175.00002,0,0
-12.7698555,23.002483,-175.00002,0,0
-13.7698555,23.002483,-175.00002,0,0
-14.7698555,23.002483,-175.00002,0,0
-15.7698555,23.002483,-175.00002,0,0
-16.769855,23.002483,-175.00002,0,0
-17.769855,23.002483,-175.00002,0,0
-18.769855,23.002483,-175.00002,0,0
-19.769855,23.002483,-175.00002,0,0
-20.769855,23.002483,-175.00002,0,0
-21.769855,23.002483,-175.00002,0,0
-22.769855,23.002483,-175.00002,0,0
-23.769855,23.002483,-175.00002,0,0
-24.769855,23.002483,-175.00002,0,0
-25.769855,23.002483,-175.00002,0,0
-26.769855,23.002483,-175.00002,0,0
-27.769855,23.002483,-175.00002,0,0
-28.769855,23.002483,-175.00002,0,0
-29.769855,23.002483,-175.00002,0,0
-30.769855,23.002483,-175.00002,0,0
-31.769855,23.002483,-175.00002,0,0
-32.769855,23.002483,-175.00002,0,0
-33.769855,23.002483,-175.00002,0,0
-34.769855,23.002483,-175.00002,0,0
-35.769855,23.002483,-175.00002,0,0
-36.769855,23.002483,-175.00002,0,0
-37.769855,23.002483,-175.00002,0,0
-38.769855,23.002483,-175.00002,0,0
-39.769855,23.002483,-175.00002,0,0
-40.769855,23.002483,-175.00002,0,0
-41.769855,23.002483,-175.00002,0,0
-42.769855,23.002483,-175.00002,0,0
-43.769855,23.002483,-175.00002,0,0
-44.769855,23.002483,-175.00002,0,0
-45.769855,23.002483,-175.00002,0,0
-46.769855,23.002483,-175.00002,0,0
-47.769855,23.002483,-175.00002,0,0
-48.769855,23.002483,-175.00002,0,0
-49.769855,23.002483,-175.00002,0,0
49.230145,22.002483,-175.00002,0,0
48.230145,22.002483,-175.00002,0,0
47.230145,22.002483,-175.00002,0,0
46.230145,22.002483,-175.00002,0,0
45.230145,22.002483,-175.00002,0,0
44.230145,22.002483,-175.00002,0,0
43.230145,22.002483,-175.00002,0,0
42.230145,22.002483,-175.00002,0,0
41.230145,22.002483,-175.00002,0,0
40.230145,22.002483,-175.00002,0,0
39.230145,22.002483,-175.00002,0,0
38.230145,22.002483,-175.00002,0,0
37.230145,22.002483,-175.00002,0,0
36.230145,22.002483,-175.00002,0,0
35.230145,22.002483,-175.00002,0,0
34.230145,22.002483,-175.00002,0,0
33.230145,22.002483,-175.00002,0,0
32.230145,22.002483,-175.00002,0,0
31.230145,22.002483,-175.00002,0,0
30.230145,22.002483,-175.00002,0,0
29.230145,22.002483,-175.00002,0,0
28.230145,22.002483,-175.00002,0,0
27.230145,22.002483,-175.00002,0,0
26.230145,22.002483,-175.00002,0,0
25.230145,22.002483,-175.00002,0,0
24.230145,22.002483,-175.00002,0,0
23.230145,22.002483,-175.00002,0,0
22.230145,22.002483,-175.00002,0,0
21.230145,22.002483,-175.00002,0,0
20.230145,22.002483,-175.00002,0,0
19.230145,22.002483,-175.00002,0,0
18.230145,22.002483,-175.00002,0,0
17.230145,22.002483,-175.00002,0,0
16.230145,22.002483,-175.00002,0,0
15.2301445,22.002483,-175.00002,0,0
14.2301445,22.002483,-175.00002,0,0
13.2301445,22.002483,-175.00002,0,0
12.2301445,22.002483,-175.00002,0,0
11.2301445,22.002483,-175.00002,0,0
10.2301445,22.002483,-175.00002,0,0
9.2301445,22.002483,-175.00002,0,0
8.2301445,22.002483,-175.00002,0,0
7.2301445,22.002483,-175.00002,0,0
6.2301445,22.002483,-175.00002,0,0
5.2301445,22.002483,-175.00002,0,23.999996
4.2301445,22.002483,-175.00002,0,47.999996
3.2301445,22.002483,-175.00002,0,59.999996
2.2301445,22.002483,-175.00002,0,55.999996
1.2301445,22.002483,-175.00002,0.3000977,47.999996
0.2301445,22.002483,-175.00002,0.45711732,55.999996
-0.7698555,22.002483,-175.00002,0.6166632,75.99999
-1.7698555,22.002483,-175.00002,0.5768034,71.99999
-2.7698555,22.002483,-175.00002,0.51339585,95.99999
-3.7698555,22.002483,-175.00002,0.5217428,99.99999
-4.7698555,22.002483,-175.00002,Infinity,67.99999
-5.7698555,22.002483,-175.00002,0,91.99999
-6.7698555,22.002483,-175.00002,0,91.99999
-7.7698555,22.002483,-175.00002,0,75.99999
-8.7698555,22.002483,-175.00002,0,11.999997
-9.7698555,22.002483,-175.00002,0,0
-10.7698555,22.002483,-175.00002,0,0
-11.7698555,22.002483,-175.00002,0,0
-12.7698555,22.002483,-175.00002,0,0
-13.7698555,22.002483,-175.00002,0,0
-14.7698555,22.002483,-175.00002,0,0
-15.7698555,22.002483,-175.00002,0,0
-16.769855,22.002483,-175.00002,0,0
-17.769855,22.002483,-175.00002,0,0
-18.769855,22.002483,-175.00002,0,0
-19.769855,22.002483,-175.00002,0,0
-20.769855,22.002483,-175.00002,0,0
-21.769855,22.002483,-175.00002,0,0
-22.769855,22.002483,-175.00002,0,0
-23.769855,22.002483,-175.00002,0,0
-24.769855,22.002483,-175.00002,0,0
-25.769855,22.002483,-175.00002,0,0
-26.769855,22.002483,-175.00002,0,0
-27.769855,22.002483,-175.00002,0,0
-28.769855,22.002483,-175.00002,0,0
-29.769855,22.002483,-175.00002,0,0
-30.769855,22.002483,-175.00002,0,0
-31.769855,22.002483,-175.00002,0,0
-32.769855,22.002483,-175.00002,0,0
-33.769855,22.002483,-175.00002,0,0
-34.769855,22.002483,-175.00002,0,0
-35.769855,22.002483,-175.00002,0,0
-36.769855,22.002483,-175.00002,0,0
-37.769855,22.002483,-175.00002,0,0
-38.769855,22.002483,-175.00002,0,0
-39.769855,22.002483,-175.00002,0,0
-40.769855,22.002483,-175.00002,0,0
-41.769855,22.002483,-175.00002,0,0
-42.769855,22.002483,-175.00002,0,0
-43.769855,22.002483,-175.00002,0,0
-44.769855,22.002483,-175.00002,0,0
-45.769855,22.002483,-175.00002,0,0
-46.769855,22.002483,-175.00002,0,0
-47.769855,22.002483,-175.00002,0,0
-48.769855,22.002483,-175.00002,0,0
-49.769855,22.002483,-175.00002,0,0
49.230145,21.002483,-175.00002,0,0
48.230145,21.002483,-175.00002,0,0
47.230145,21.002483,-175.00002,0,0
46.230145,21.002483,-175.00002,0,0
45.230145,21.002483,-175.00002,0,0
44.230145,21.002483,-175.00002,0,0
43.230145,21.002483,-175.00002,0,0
42.230145,21.002483,-175.00002,0,0
41.230145,21.002483,-175.00002,0,0
40.230145,21.002483,-175.00002,0,0
39.230145,21.002483,-175.00002,0,0
38.230145,21.002483,-175.00002,0,0
37.230145,21.002483,-175.00002,0,0
36.230145,21.002483,-175.00002,0,0
35.230145,21.002483,-175.00002,0,0
34.230145,21.002483,-175.00002,0,0
33.230145,21.002483,-175.00002,0,0
32.230145,21.002483,-175.00002,0,0
31.230145,21.002483,-175.00002,0,0
30.230145,21.002483,-175.00002,0,0
29.230145,21.002483,-175.00002,0,0
28.230145,21.002483,-175.00002,0,0
27.230145,21.002483,-175.00002,0,0
26.230145,21.002483,-175.00002,0,0
25.230145,21.002483,-175.00002,0,0
24.230145,21.002483,-175.00002,0,0
23.230145,21.002483,-175.00002,0,0
22.230145,21.002483,-175.00002,0,0
21.230145,21.002483,-175.00002,0,0
20.230145,21.002483,-175.00002,0,0
19.230145,21.002483,-175.00002,0,0
18.230145,21.002483,-175.00002,0,0
17.230145,21.002483,-175.00002,0,0
16.230145,21.002483,-175.00002,0,0
15.2301445,21.002483,-175.00002,0,0
14.2301445,21.002483,-175.00002,0,0
13.2301445,21.002483,-175.00002,0,0
12.2301445,21.002483,-175.00002,0,0
11.2301445,21.002483,-175.00002,0,0
10.2301445,21.002483,-175.00002,0,0
9.2301445,21.002483,-175.00002,0,0
8.2301445,21.002483,-175.00002,0,0
7.2301445,21.002483,-175.00002,0,19.999996
6.2301445,21.002483,-175.00002,0,15.999996
5.2301445,21.002483,-175.00002,0,55.999996
4.2301445,21.002483,-175.00002,0.55310416,43.999996
3.2301445,21.002483,-175.00002,0.5900056,71.99999
2.2301445,21.002483,-175.00002,0.49752036,71.99999
1.2301445,21.002483,-175.00002,0.3916007,75.99999
0.2301445,21.002483,-175.00002,0.4416585,95.99999
-0.7698555,21.002483,-175.00002,0.5560126,83.99999
-1.7698555,21.002483,-175.00002,0.574269,91.99999
-2.7698555,21.002483,-175.00002,0.57033056,83.99999
-3.7698555,21.002483,-175.00002,0.57476103,87.99999
-4.7698555,21.002483,-175.00002,0.52579886,95.99999
-5.7698555,21.002483,-175.00002,0.4889515,107.99999
-6.7698555,21.002483,-175.00002,0.5038087,107.99999
-7.7698555,21.002483,-175.00002,Infinity,31.999996
-8.7698555,21.002483,-175.00002,0,91.99999
-9.7698555,21.002483,-175.00002,0,27.999996
-10.7698555,21.002483,-175.00002,0,0
-11.7698555,21.002483,-175.00002,0,0
-12.7698555,21.002483,-175.00002,0,0
-13.7698555,21.002483,-175.00002,0,0
-14.7698555,21.002483,-175.00002,0,0
-15.7698555,21.002483,-175.00002,0,0
-16.769855,21.002483,-175.00002,0,0
-17.769855,21.002483,-175.00002,0,0
-18.769855,21.002483,-175.00002,0,0
-19.769855,21.002483,-175.00002,0,0
-20.769855,21.002483,-175.00002,0,0
-21.769855,21.002483,-175.00002,0,0
-22.769855,21.002483,-175.00002,0,0
-23.769855,21.002483,-175.00002,0,0
-24.769855,21.002483,-175.00002,0,0
-25.769855,21.002483,-175.00002,0,0
-26.769855,21.002483,-175.00002,0,0
-27.769855,21.002483,-175.00002,0,0
-28.769855,21.002483,-175.00002,0,0
-29.769855,21.002483,-175.00002,0,0
-30.769855,21.002483,-175.00002,0,0
-31.769855,21.002483,-175.00002,0,0
-32.769855,21.002483,-175.00002,0,0
-33.769855,21.002483,-175.00002,0,0
-34.769855,21.002483,-175.00002,0,0
-35.769855,21.002483,-175.00002,0,0
-36.769855,21.002483,-175.00002,0,0
-37.769855,21.002483,-175.00002,0,0
-38.769855,21.002483,-175.00002,0,0
-39.769855,21.002483,-175.00002,0,0
-40.769855,21.002483,-175.00002,0,0
-41.769855,21.002483,-175.00002,0,0
-42.769855,21.002483,-175.00002,0,0
-43.769855,21.002483,-175.00002,0,0
-44.769855,21.002483,-175.00002,0,0
-45.769855,21.002483,-175.00002,0,0
-46.769855,21.002483,-175.00002,0,0
-47.769855,21.002483,-175.00002,0,0
-48.769855,21.002483,-175.00002,0,0
-49.769855,21.002483,-175.00002,0,0
49.230145,20.002483,-175.00002,0,0
48.230145,20.002483,-175.00002,0,0
47.230145,20.002483,-175.00002,0,0
46.230145,20.002483,-175.00002,0,0
45.230145,20.002483,-175.00002,0,0
44.230145,20.002483,-175.00002,0,0
43.230145,20.002483,-175.00002,0,0
42.230145,20.002483,-175.00002,0,0
41.230145,20.002483,-175.00002,0,0
40.230145,20.002483,-175.00002,0,0
39.230145,20.002483,-175.00002,0,0
38.230145,20.002483,-175.00002,0,0
37.230145,20.002483,-175.00002,0,0
36.230145,20.002483,-175.00002,0,0
35.230145,20.002483,-175.00002,0,0
34.230145,20.002483,-175.00002,0,0
33.230145,20.002483,-175.00002,0,0
32.230145,20.002483,-175.00002,0,0
31.230145,20.002483,-175.00002,0,0
30.230145,20.002483,-175.00002,0,0
29.230145,20.002483,-175.00002,0,0
28.230145,20.002483,-175.00002,0,0
27.230145,20.002483,-175.00002,0,0
26.230145,20.002483,-175.00002,0,0
25.230145,20.002483,-175.00002,0,0
24.230145,20.002483,-175.00002,0,0
23.230145,20.002483,-175.00002,0,0
22.230145,20.002483,-175.00002,0,0
21.230145,20.002483,-175.00002,0,0
20.230145,20.002483,-175.00002,0,0
19.230145,20.002483,-175.00002,0,0
18.230145,20.002483,-175.00002,0,0
17.230145,20.002483,-175.00002,0,0
16.230145,20.002483,-175.00002,0,0
15.2301445,20.002483,-175.00002,0,0
14.2301445,20.002483,-175.00002,0,0
13.2301445,20.002483,-175.00002,0,0
12.2301445,20.002483,-175.00002,0,0
11.2301445,20.002483,-175.00002,0,0
10.2301445,20.002483,-175.00002,0,0
9.2301445,20.002483,-175.00002,0,19.999996
8.2301445,20.002483,-175.00002,0,47.999996
7.2301445,20.002483,-175.00002,0,59.999996
6.2301445,20.002483,-175.00002,0.43232286,43.999996
5.2301445,20.002483,-175.00002,0.44256714,63.999996
4.2301445,20.002483,-175.00002,0.5235553,83.99999
3.2301445,20.002483,-175.00002,0.60674226,47.999996
2.2301445,20.002483,-175.00002,0.5681869,59.999996
1.2301445,20.002483,-175.00002,0.4644655,55.999996
0.2301445,20.002483,-175.00002,0.4197804,87.99999
-0.7698555,20.002483,-175.00002,0.4985545,51.999996
-1.7698555,20.002483,-175.00002,0.584319,91.99999
-2.7698555,20.002483,-175.00002,0.6054567,71.99999
-3.7698555,20.002483,-175.00002,0.600293,83.99999
-4.7698555,20.002483,-175.00002,0.5312128,95.99999
-5.7698555,20.002483,-175.00002,0.5115013,63.999996
-6.7698555,20.002483,-175.00002,0.55150855,87.99999
-7.7698555,20.002483,-175.00002,0.54626805,79.99999
-8.7698555,20.002483,-175.00002,0.57447666,75.99999
-9.7698555,20.002483,-175.00002,-Infinity,87.99999
-10.7698555,20.002483,-175.00002,0,51.999996
-11.7698555,20.002483,-175.00002,0,27.999996
-12.7698555,20.002483,-175.00002,0,3.999999
-13.7698555,20.002483,-175.00002,0,0
-14.7698555,20.002483,-175.00002,0,3.999999
-15.7698555,20.002483,-175.00002,0,0
-16.769855,20.002483,-175.00002,0,0
-17.769855,20.002483,-175.00002,0,0
-18.769855,20.002483,-175.00002,0,0
-19.769855,20.002483,-175.00002,0,0
-20.769855,20.002483,-175.00002,0,0
-21.769855,20.002483,-175.00002,0,0
-22.769855,20.002483,-175.00002,0,0
-23.769855,20.002483,-175.00002,0,0
-24.769855,20.002483,-175.00002,0,0
-25.769855,20.002483,-175.00002,0,0
-26.769855,20.002483,-175.00002,0,0
-27.769855,20.002483,-175.00002,0,0
-28.769855,20.002483,-175.00002,0,0
-29.769855,20.002483,-175.00002,0,0
-30.769855,20.002483,-175.00002,0,0
-31.769855,20.002483,-175.00002,0,0
-32.769855,20.002483,-175.00002,0,0
-33.769855,20.002483,-175.00002,0,0
-34.769855,20.002483,-175.00002,0,0
-35.769855,20.002483,-175.00002,0,0
-36.769855,20.002483,-175.00002,0,0
-37.769855,20.002483,-175.00002,0,0
-38.769855,20.002483,-175.00002,0,0
-39.769855,20.002483,-175.00002,0,0
-40.769855,20.002483,-175.00002,0,0
-41.769855,20.002483,-175.00002,0,0
-42.769855,20.002483,-175.00002,0,0
-43.769855,20.002483,-175.00002,0,0
-44.769855,20.002483,-175.00002,0,0
-45.769855,20.002483,-175.00002,0,0
-46.769855,20.002483,-175.00002,0,0
-47.769855,20.002483,-175.00002,0,0
-48.769855,20.002483,-175.00002,0,0
-49.769855,20.002483,-175.00002,0,0
49.230145,19.002483,-175.00002,0,0
48.230145,19.002483,-175.00002,0,0
47.230145,19.002483,-175.00002,0,0
46.230145,19.002483,-175.00002,0,0
45.230145,19.002483,-175.00002,0,0
44.230145,19.002483,-175.00002,0,0
43.230145,19.002483,-175.00002,0,0
42.230145,19.002483,-175.00002,0,0
41.230145,19.002483,-175.00002,0,0
40.230145,19.002483,-175.00002,0,0
39.230145,19.002483,-175.00002,0,0
38.230145,19.002483,-175.00002,0,0
37.230145,19.002483,-175.00002,0,0
36.230145,19.002483,-175.00002,0,0
35.230145,19.002483,-175.00002,0,0
34.230145,19.002483,-175.00002,0,0
33.230145,19.002483,-175.00002,0,0
32.230145,19.002483,-175.00002,0,0
31.230145,19.002483,-175.00002,0,0
30.230145,19.002483,-175.00002,0,0
29.230145,19.002483,-175.00002,0,0
28.230145,19.002483,-175.00002,0,0
27.230145,19.002483,-175.00002,0,0
26.230145,19.002483,-175.00002,0,0
25.230145,19.002483,-175.00002,0,0
24.230145,19.002483,-175.00002,0,0
23.230145,19.002483,-175.00002,0,0
22.230145,19.002483,-175.00002,0,0
21.230145,19.002483,-175.00002,0,0
20.230145,19.002483,-175.00002,0,0
19.230145,19.002483,-175.00002,0,0
18.230145,19.002483,-175.00002,0,0
17.230145,19.002483,-175.00002,0,0
16.230145,19.002483,-175.00002,0,0
15.2301445,19.002483,-175.00002,0,0
14.2301445,19.002483,-175.00002,0,0
13.2301445,19.002483,-175.00002,0,0
12.2301445,19.002483,-175.00002,0,0
11.2301445,19.002483,-175.00002,0,11.999997
10.2301445,19.002483,-175.00002,0,39.999996
9.2301445,19.002483,-175.00002,-Infinity,47.999996
8.2301445,19.002483,-175.00002,0.55033624,43.999996
7.2301445,19.002483,-175.00002,0.57158065,63.999996
6.2301445,19.002483,-175.00002,0.55042595,43.999996
5.2301445,19.002483,-175.00002,0.50791186,31.999996
4.2301445,19.002483,-175.00002,0.5451956,31.999996
3.2301445,19.002483,-175.00002,0.6698973,67.99999
2.2301445,19.002483,-175.00002,0.58372146,79.99999
1.2301445,19.002483,-175.00002,0.4019725,47.999996
0.2301445,19.002483,-175.00002,0.31024578,63.999996
-0.7698555,19.002483,-175.00002,0.37506807,59.999996
-1.7698555,19.002483,-175.00002,0.48214102,75.99999
-2.7698555,19.002483,-175.00002,0.55948377,79.99999
-3.7698555,19.002483,-175.00002,0.5649016,95.99999
-4.7698555,19.002483,-175.00002,0.5066192,87.99999
-5.7698555,19.002483,-175.00002,0.5519862,91.99999
-6.7698555,19.002483,-175.00002,0.6429302,87.99999
-7.7698555,19.002483,-175.00002,0.63056123,75.99999
-8.7698555,19.002483,-175.00002,0.5776222,67.99999
-9.7698555,19.002483,-175.00002,0.48124215,71.99999
-10.7698555,19.002483,-175.00002,0.35922244,75.99999
-11.7698555,19.002483,-175.00002,0.36106396,47.999996
-12.7698555,19.002483,-175.00002,0,59.999996
-13.7698555,19.002483,-175.00002,0,7.999998
-14.7698555,19.002483,-175.00002,0,0
-15.7698555,19.002483,-175.00002,0,0
-16.769855,19.002483,-175.00002,0,0
-17.769855,19.002483,-175.00002,0,0
-18.769855,19.002483,-175.00002,0,0
-19.769855,19.002483,-175.00002,0,0
-20.769855,19.002483,-175.00002,0,0
-21.769855,19.002483,-175.00002,0,0
-22.769855,19.002483,-175.00002,0,0
-23.769855,19.002483,-175.00002,0,0
-24.769855,19.002483,-175.00002,0,0
-25.769855,19.002483,-175.00002,0,0
-26.769855,19.002483,-175.00002,0,0
-27.769855,19.002483,-175.00002,0,0
-28.769855,19.002483,-175.00002,0,0
-29.769855,19.002483,-175.00002,0,0
-30.769855,19.002483,-175.00002,0,0
-31.769855,19.002483,-175.00002,0,0
-32.769855,19.002483,-175.00002,0,0
-33.769855,19.002483,-175.00002,0,0
-34.769855,19.002483,-175.00002,0,0
-35.769855,19.002483,-175.00002,0,0
-36.769855,19.002483,-175.00002,0,0
-37.769855,19.002483,-175.00002,0,0
-38.769855,19.002483,-175.00002,0,0
-39.769855,19.002483,-175.00002,0,0
-40.769855,19.002483,-175.00002,0,0
-41.769855,19.002483,-175.00002,0,0
-42.769855,19.002483,-175.00002,0,0
-43.769855,19.002483,-175.00002,0,0
-44.769855,19.002483,-175.00002,0,0
-45.769855,19.002483,-175.00002,0,0
-46.769855,19.002483,-175.00002,0,0
-47.769855,19.002483,-175.00002,0,0
-48.769855,19.002483,-175.00002,0,0
-49.769855,19.002483,-175.00002,0,0
49.230145,18.002483,-175.00002,0,0
48.230145,18.002483,-175.00002,0,0
47.230145,18.002483,-175.00002,0,0
46.230145,18.002483,-175.00002,0,0
45.230145,18.002483,-175.00002,0,0
44.230145,18.002483,-175.00002,0,0
43.230145,18.002483,-175.00002,0,0
42.230145,18.002483,-175.00002,0,0
41.230145,18.002483,-175.00002,0,0
40.230145,18.002483,-175.00002,0,0
39.230145,18.002483,-175.00002,0,0
38.230145,18.002483,-175.00002,0,0
37.230145,18.002483,-175.00002,0,0
36.230145,18.002483,-175.00002,0,0
35.230145,18.002483,-175.00002,0,0
34.230145,18.002483,-175.00002,0,0
33.230145,18.002483,-175.00002,0,0
32.230145,18.002483,-175.00002,0,0
31.230145,18.002483,-175.00002,0,0
30.230145,18.002483,-175.00002,0,0
29.230145,18.002483,-175.00002,0,0
28.230145,18.002483,-175.00002,0,0
27.230145,18.002483,-175.00002,0,0
26.230145,18.002483,-175.00002,0,0
25.230145,18.002483,-175.00002,0,0
24.230145,18.002483,-175.00002,0,0
23.230145,18.002483,-175.00002,0,0
22.230145,18.002483,-175.00002,0,0
21.230145,18.002483,-175.00002,0,0
20.230145,18.002483,-175.00002,0,0
19.230145,18.002483,-175.00002,0,0
18.230145,18.002483,-175.00002,0,0
17.230145,18.002483,-175.00002,0,0
16.230145,18.002483,-175.00002,0,0
15.2301445,18.002483,-175.00002,0,0
14.2301445,18.002483,-175.00002,0,0
13.2301445,18.002483,-175.00002,0,0
12.2301445,18.002483,-175.00002,0,19.999996
11.2301445,18.002483,-175.00002,0,39.999996
10.2301445,18.002483,-175.00002,0.2970359,47.999996
9.2301445,18.002483,-175.00002,0.4461499,47.999996
8.2301445,18.002483,-175.00002,0.5690998,59.999996
7.2301445,18.002483,-175.00002,0.60315573,23.999996
6.2301445,18.002483,-175.00002,0.56584615,43.999996
5.2301445,18.002483,-175.00002,0.4616816,27.999996
4.2301445,18.002483,-175.00002,0.5118534,59.999996
3.2301445,18.002483,-175.00002,0.6636895,59.999996
2.2301445,18.002483,-175.00002,0.5777929,55.999996
1.2301445,18.002483,-175.00002,0.31051716,43.999996
0.2301445,18.002483,-175.00002,0.16316038,67.99999
-0.7698555,18.002483,-175.00002,0.18397611,55.999996
-1.7698555,18.002483,-175.00002,0.30143788,75.99999
-2.7698555,18.002483,-175.00002,0.3802505,107.99999
-3.7698555,18.002483,-175.00002,0.40257943,63.999996
-4.7698555,18.002483,-175.00002,0.45141822,79.99999
-5.7698555,18.002483,-175.00002,0.57469356,99.99999
-6.7698555,18.002483,-175.00002,0.6523435,71.99999
-7.7698555,18.002483,-175.00002,0.61483854,39.999996
-8.7698555,18.002483,-175.00002,0.58268076,75.99999
-9.7698555,18.002483,-175.00002,0.47878736,63.999996
-10.7698555,18.002483,-175.00002,0.33502916,47.999996
-11.7698555,18.002483,-175.00002,0.3805365,35.999996
-12.7698555,18.002483,-175.00002,0.55697787,87.99999
-13.7698555,18.002483,-175.00002,0,47.999996
-14.7698555,18.002483,-175.00002,0,23.999996
-15.7698555,18.002483,-175.00002,0,3.999999
-16.769855,18.002483,-175.00002,0,0
-17.769855,18.002483,-175.00002,0,0
-18.769855,18.002483,-175.00002,0,0
-19.769855,18.002483,-175.00002,0,0
-20.769855,18.002483,-175.00002,0,0
-21.769855,18.002483,-175.00002,0,0
-22.769855,18.002483,-175.00002,0,0
-23.769855,18.002483,-175.00002,0,0
-24.769855,18.002483,-175.00002,0,0
-25.769855,18.002483,-175.00002,0,0
-26.769855,18.002483,-175.00002,0,0
-27.769855,18.002483,-175.00002,0,0
-28.769855,18.002483,-175.00002,0,0
-29.769855,18.002483,-175.00002,0,0
-30.769855,18.002483,-175.00002,0,0
-31.769855,18.002483,-175.00002,0,0
-32.769855,18.002483,-175.00002,0,0
-33.769855,18.002483,-175.00002,0,0
-34.769855,18.002483,-175.00002,0,0
-35.769855,18.002483,-175.00002,0,0
-36.769855,18.002483,-175.00002,0,0
-37.769855,18.002483,-175.00002,0,0
-38.769855,18.002483,-175.00002,0,0
-39.769855,18.002483,-175.00002,0,0
-40.769855,18.002483,-175.00002,0,0
-41.769855,18.002483,-175.00002,0,0
-42.769855,18.002483,-175.00002,0,0
-43.769855,18.002483,-175.00002,0,0
-44.769855,18.002483,-175.00002,0,0
-45.769855,18.002483,-175.00002,0,0
-46.769855,18.002483,-175.00002,0,0
-47.769855,18.002483,-175.00002,0,0
-48.769855,18.002483,-175.00002,0,0
-49.769855,18.002483,-175.00002,0,0
49.230145,17.002483,-175.00002,0,0
48.230145,17.002483,-175.00002,0,0
47.230145,17.002483,-175.00002,0,0
46.230145,17.002483,-175.00002,0,0
45.230145,17.002483,-175.00002,0,0
44.230145,17.002483,-175.00002,0,0
43.230145,17.002483,-175.00002,0,0
42.230145,17.002483,-175.00002,0,0
41.230145,17.002483,-175.00002,0,0
40.230145,17.002483,-175.00002,0,0
39.230145,17.002483,-175.00002,0,0
38.230145,17.002483,-175.00002,0,0
37.230145,17.002483,-175.00002,0,0
36.230145,17.002483,-175.00002,0,0
35.230145,17.002483,-175.00002,0,0
34.230145,17.002483,-175.00002,0,0
33.230145,17.002483,-175.00002,0,0
32.230145,17.002483,-175.00002,0,0
31.230145,17.002483,-175.00002,0,0
30.230145,17.002483,-175.00002,0,0
29.230145,17.002483,-175.00002,0,0
28.230145,17.002483,-175.00002,0,0
27.230145,17.002483,-175.00002,0,0
26.230145,17.002483,-175.00002,0,0
25.230145,17.002483,-175.00002,0,0
24.230145,17.002483,-175.00002,0,0
23.230145,17.002483,-175.00002,0,0
22.230145,17.002483,-175.00002,0,0
21.230145,17.002483,-175.00002,0,0
20.230145,17.002483,-175.00002,0,0
19.230145,17.002483,-175.00002,0,0
18.230145,17.002483,-175.00002,0,0
17.230145,17.002483,-175.00002,0,0
16.230145,17.002483,-175.00002,0,0
15.2301445,17.002483,-175.00002,0,0
14.2301445,17.002483,-175.00002,0,0
13.2301445,17.002483,-175.00002,0,27.999996
12.2301445,17.002483,-175.00002,0,95.99999
11.2301445,17.002483,-175.00002,0.36334792,107.99999
10.2301445,17.002483,-175.00002,0.37482554,71.99999
9.2301445,17.002483,-175.00002,0.49894285,87.99999
8.2301445,17.002483,-175.00002,0.5514797,67.99999
7.2301445,17.002483,-175.00002,0.5588567,63.999996
6.2301445,17.002483,-175.00002,0.49958467,27.999996
5.2301445,17.002483,-175.00002,0.42634004,47.999996
4.2301445,17.002483,-175.00002,0.46973598,47.999996
3.2301445,17.002483,-175.00002,0.6175065,67.99999
2.2301445,17.002483,-175.00002,0.611356,51.999996
1.2301445,17.002483,-175.00002,0.36705828,67.99999
0.2301445,17.002483,-175.00002,0.07919353,23.999996
-0.7698555,17.002483,-175.00002,0.055915914,71.99999
-1.7698555,17.002483,-175.00002,0.14369564,83.99999
-2.7698555,17.002483,-175.00002,0.18370897,55.999996
-3.7698555,17.002483,-175.00002,0.25803697,67.99999
-4.7698555,17.002483,-175.00002,0.42733765,59.999996
-5.7698555,17.002483,-175.00002,0.59786355,111.99999
-6.7698555,17.002483,-175.00002,0.62339795,39.999996
-7.7698555,17.002483,-175.00002,0.60833955,59.999996
-8.7698555,17.002483,-175.00002,0.5609293,95.99999
-9.7698555,17.002483,-175.00002,0.46802452,75.99999
-10.7698555,17.002483,-175.00002,0.3287503,55.999996
-11.7698555,17.002483,-175.00002,0.37855917,43.999996
-12.7698555,17.002483,-175.00002,0.5476578,55.999996
-13.7698555,17.002483,-175.00002,Infinity,55.999996
-14.7698555,17.002483,-175.00002,Infinity,55.999996
-15.7698555,17.002483,-175.00002,0,23.999996
-16.769855,17.002483,-175.00002,0,3.999999
-17.769855,17.002483,-175.00002,0,0
-18.769855,17.002483,-175.00002,0,0
-19.769855,17.002483,-175.00002,0,0
-20.769855,17.002483,-175.00002,0,0
-21.769855,17.002483,-175.00002,0,0
-22.769855,17.002483,-175.00002,0,0
-23.769855,17.002483,-175.00002,0,0
-24.769855,17.002483,-175.00002,0,0
-25.769855,17.002483,-175.00002,0,0
-26.769855,17.002483,-175.00002,0,0
-27.769855,17.002483,-175.00002,0,0
-28.769855,17.002483,-175.00002,0,0
-29.769855,17.002483,-175.00002,0,0
-30.769855,17.002483,-175.00002,0,0
-31.769855,17.002483,-175.00002,0,0
-32.769855,17.002483,-175.00002,0,0
-33.769855,17.002483,-175.00002,0,0
-34.769855,17.002483,-175.00002,0,0
-35.769855,17.002483,-175.00002,0,0
-36.769855,17.002483,-175.00002,0,0
-37.769855,17.002483,-175.00002,0,0
-38.769855,17.002483,-175.00002,0,0
-39.769855,17.002483,-175.00002,0,0
-40.769855,17.002483,-175.00002,0,0
-41.769855,17.002483,-175.00002,0,0
-42.769855,17.002483,-175.00002,0,0
-43.769855,17.002483,-175.00002,0,0
-44.769855,17.002483,-175.00002,0,0
-45.769855,17.002483,-175.00002,0,0
-46.769855,17.002483,-175.00002,0,0
-47.769855,17.002483,-175.00002,0,0
-48.769855,17.002483,-175.00002,0,0
-49.769855,17.002483,-175.00002,0,0
49.230145,16.002483,-175.00002,0,0
48.230145,16.002483,-175.00002,0,0
47.230145,16.002483,-175.00002,0,0
46.230145,16.002483,-175.00002,0,0
45.230145,16.002483,-175.00002,0,0
44.230145,16.002483,-175.00002,0,0
43.230145,16.002483,-175.00002,0,0
42.230145,16.002483,-175.00002,0,0
41.230145,16.002483,-175.00002,0,0
40.230145,16.002483,-175.00002,0,0
39.230145,16.002483,-175.00002,0,0
38.230145,16.002483,-175.00002,0,0
37.230145,16.002483,-175.00002,0,0
36.230145,16.002483,-175.00002,0,0
35.230145,16.002483,-175.00002,0,0
34.230145,16.002483,-175.00002,0,0
33.230145,16.002483,-175.00002,0,0
32.230145,16.002483,-175.00002,0,0
31.230145,16.002483,-175.00002,0,0
30.230145,16.002483,-175.00002,0,0
29.230145,16.002483,-175.00002,0,0
28.230145,16.002483,-175.00002,0,0
27.230145,16.002483,-175.00002,0,0
26.230145,16.002483,-175.00002,0,0
25.230145,16.002483,-175.00002,0,0
24.230145,16.002483,-175.00002,0,0
23.230145,16.002483,-175.00002,0,0
22.230145,16.002483,-175.00002,0,0
21.230145,16.002483,-175.00002,0,0
20.230145,16.002483,-175.00002,0,0
19.230145,16.002483,-175.00002,0,0
18.230145,16.002483,-175.00002,0,0
17.230145,16.002483,-175.00002,0,0
16.230145,16.002483,-175.00002,0,0
15.2301445,16.002483,-175.00002,0,0
14.2301445,16.002483,-175.00002,0,19.999996
13.2301445,16.002483,-175.00002,0,79.99999
12.2301445,16.002483,-175.00002,0.4128915,79.99999
11.2301445,16.002483,-175.00002,0.3284735,83.99999
10.2301445,16.002483,-175.00002,0.34176904,55.999996
9.2301445,16.002483,-175.00002,0.4374221,79.99999
8.2301445,16.002483,-175.00002,0.4924749,63.999996
7.2301445,16.002483,-175.00002,0.4902605,63.999996
6.2301445,16.002483,-175.00002,0.42220145,79.99999
5.2301445,16.002483,-175.00002,0.36612508,55.999996
4.2301445,16.002483,-175.00002,0.4475208,47.999996
3.2301445,16.002483,-175.00002,0.5884671,67.99999
2.2301445,16.002483,-175.00002,0.6508753,55.999996
1.2301445,16.002483,-175.00002,0.46223938,67.99999
0.2301445,16.002483,-175.00002,0.1691233,71.99999
-0.7698555,16.002483,-175.00002,0.05394843,59.999996
-1.7698555,16.002483,-175.00002,0.10131529,91.99999
-2.7698555,16.002483,-175.00002,0.1605297,87.99999
-3.7698555,16.002483,-175.00002,0.29938072,71.99999
-4.7698555,16.002483,-175.00002,0.51826227,79.99999
-5.7698555,16.002483,-175.00002,0.65773994,111.99999
-6.7698555,16.002483,-175.00002,0.61792094,99.99999
-7.7698555,16.002483,-175.00002,0.50203305,47.999996
-8.7698555,16.002483,-175.00002,0.48718724,95.99999
-9.7698555,16.002483,-175.00002,0.41751236,71.99999
-10.7698555,16.002483,-175.00002,0.2998026,39.999996
-11.7698555,16.002483,-175.00002,0.34553877,87.99999
-12.7698555,16.002483,-175.00002,0.42681363,55.999996
-13.7698555,16.002483,-175.00002,0.4152055,31.999996
-14.7698555,16.002483,-175.00002,0.34619644,55.999996
-15.7698555,16.002483,-175.00002,Infinity,55.999996
-16.769855,16.002483,-175.00002,0,11.999997
-17.769855,16.002483,-175.00002,0,0
-18.769855,16.002483,-175.00002,0,0
-19.769855,16.002483,-175.00002,0,0
-20.769855,16.002483,-175.00002,0,0
-21.769855,16.002483,-175.00002,0,0
-22.769855,16.002483,-175.00002,0,0
-23.769855,16.002483,-175.00002,0,0
-24.769855,16.002483,-175.00002,0,0
-25.769855,16.002483,-175.00002,0,0
-26.769855,16.002483,-175.00002,0,0
-27.769855,16.002483,-175.00002,0,0
-28.769855,16.002483,-175.00002,0,0
-29.769855,16.002483,-175.00002,0,0
-30.769855,16.002483,-175.00002,0,0
-31.769855,16.002483,-175.00002,0,0
-32.769855,16.002483,-175.00002,0,0
-33.769855,16.002483,-175.00002,0,0
-34.769855,16.002483,-175.00002,0,0
-35.769855,16.002483,-175.00002,0,0
-36.769855,16.002483,-175.00002,0,0
-37.769855,16.002483,-175.00002,0,0
-38.769855,16.002483,-175.00002,0,0
-39.769855,16.002483,-175.00002,0,0
-40.769855,16.002483,-175.00002,0,0
-41.769855,16.002483,-175.00002,0,0
-42.769855,16.002483,-175.00002,0,0
-43.769855,16.002483,-175.00002,0,0
-44.769855,16.002483,-175.00002,0,0
-45.769855,16.002483,-175.00002,0,0
-46.769855,16.002483,-175.00002,0,0
-47.769855,16.002483,-175.00002,0,0
-48.769855,16.002483,-175.00002,0,0
-49.769855,16.002483,-175.00002,0,0
49.230145,15.002483,-175.00002,0,0
48.230145,15.002483,-175.00002,0,0
47.230145,15.002483,-175.00002,0,0
46.230145,15.002483,-175.00002,0,0
45.230145,15.002483,-175.00002,0,0
44.230145,15.002483,-175.00002,0,0
43.230145,15.002483,-175.00002,0,0
42.230145,15.002483,-175.00002,0,0
41.230145,15.002483,-175.00002,0,0
40.230145,15.002483,-175.00002,0,0
39.230145,15.002483,-175.00002,0,0
38.230145,15.002483,-175.00002,0,0
37.230145,15.002483,-175.00002,0,0
36.230145,15.002483,-175.00002,0,0
35.230145,15.002483,-175.00002,0,0
34.230145,15.002483,-175.00002,0,0
33.230145,15.002483,-175.00002,0,0
32.230145,15.002483,-175.00002,0,0
31.230145,15.002483,-175.00002,0,0
30.230145,15.002483,-175.00002,0,0
29.230145,15.002483,-175.00002,0,0
28.230145,15.002483,-175.00002,0,0
27.230145,15.002483,-175.00002,0,0
26.230145,15.002483,-175.00002,0,0
25.230145,15.002483,-175.00002,0,0
24.230145,15.002483,-175.00002,0,0
23.230145,15.002483,-175.00002,0,0
22.230145,15.002483,-175.00002,0,0
21.230145,15.002483,-175.00002,0,0
20.230145,15.002483,-175.00002,0,0
19.230145,15.002483,-175.00002,0,0
18.230145,15.002483,-175.00002,0,0
17.230145,15.002483,-175.00002,0,0
16.230145,15.002483,-175.00002,0,0
15.2301445,15.002483,-175.00002,0,23.999996
14.2301445,15.002483,-175.00002,0,91.99999
13.2301445,15.002483,-175.00002,0.5095737,95.99999
12.2301445,15.002483,-175.00002,0.38783586,107.99999
11.2301445,15.002483,-175.00002,0.25289565,59.999996
10.2301445,15.002483,-175.00002,0.23362124,79.99999
9.2301445,15.002483,-175.00002,0.28214684,71.99999
8.2301445,15.002483,-175.00002,0.38381803,71.99999
7.2301445,15.002483,-175.00002,0.440632,91.99999
6.2301445,15.002483,-175.00002,0.34131545,35.999996
5.2301445,15.002483,-175.00002,0.28258538,27.999996
4.2301445,15.002483,-175.00002,0.39436668,55.999996
3.2301445,15.002483,-175.00002,0.5175212,39.999996
2.2301445,15.002483,-175.00002,0.53250766,55.999996
1.2301445,15.002483,-175.00002,0.4382374,63.999996
0.2301445,15.002483,-175.00002,0.24572918,63.999996
-0.7698555,15.002483,-175.00002,0.12620567,79.99999
-1.7698555,15.002483,-175.00002,0.15803567,63.999996
-2.7698555,15.002483,-175.00002,0.25011727,71.99999
-3.7698555,15.002483,-175.00002,0.39859968,83.99999
-4.7698555,15.002483,-175.00002,0.60536385,87.99999
-5.7698555,15.002483,-175.00002,0.6642313,95.99999
-6.7698555,15.002483,-175.00002,0.46866527,55.999996
-7.7698555,15.002483,-175.00002,0.2848433,55.999996
-8.7698555,15.002483,-175.00002,0.27427357,51.999996
-9.7698555,15.002483,-175.00002,0.3154089,39.999996
-10.7698555,15.002483,-175.00002,0.30269784,67.99999
-11.7698555,15.002483,-175.00002,0.2894721,75.99999
-12.7698555,15.002483,-175.00002,0.32813787,63.999996
-13.7698555,15.002483,-175.00002,0.3639638,43.999996
-14.7698555,15.002483,-175.00002,0.3660854,47.999996
-15.7698555,15.002483,-175.00002,0.31970173,63.999996
-16.769855,15.002483,-175.00002,0,79.99999
-17.769855,15.002483,-175.00002,0,63.999996
-18.769855,15.002483,-175.00002,0,3.999999
-19.769855,15.002483,-175.00002,0,0
-20.769855,15.002483,-175.00002,0,0
-21.769855,15.002483,-175.00002,0,0
-22.769855,15.002483,-175.00002,0,0
-23.769855,15.002483,-175.00002,0,0
-24.769855,15.002483,-175.00002,0,0
-25.769855,15.002483,-175.00002,0,0
-26.769855,15.002483,-175.00002,0,0
-27.769855,15.002483,-175.00002,0,0
-28.769855,15.002483,-175.00002,0,0
-29.769855,15.002483,-175.00002,0,0
-30.769855,15.002483,-175.00002,0,0
-31.769855,15.002483,-175.00002,0,0
-32.769855,15.002483,-175.00002,0,0
-33.769855,15.002483,-175.00002,0,0
-34.769855,15.002483,-175.00002,0,0
-35.769855,15.002483,-175.00002,0,0
-36.769855,15.002483,-175.00002,0,0
-37.769855,15.002483,-175.00002,0,0
-38.769855,15.002483,-175.00002,0,0
-39.769855,15.002483,-175.00002,0,0
-40.769855,15.002483,-175.00002,0,0
-41.769855,15.002483,-175.00002,0,0
-42.769855,15.002483,-175.00002,0,0
-43.769855,15.002483,-175.00002,0,0
-44.769855,15.002483,-175.00002,0,0
-45.769855,15.002483,-175.00002,0,0
-46.769855,15.002483,-175.00002,0,0
-47.769855,15.002483,-175.00002,0,0
-48.769855,15.002483,-175.00002,0,0
-49.769855,15.002483,-175.00002,0,0
49.230145,14.002483,-175.00002,0,0
48.230145,14.002483,-175.00002,0,0
47.230145,14.002483,-175.00002,0,0
46.230145,14.002483,-175.00002,0,0
45.230145,14.002483,-175.00002,0,0
44.230145,14.002483,-175.00002,0,0
43.230145,14.002483,-175.00002,0,0
42.230145,14.002483,-175.00002,0,0
41.230145,14.002483,-175.00002,0,0
40.230145,14.002483,-175.00002,0,0
39.230145,14.002483,-175.00002,0,0
38.230145,14.002483,-175.00002,0,0
37.230145,14.002483,-175.00002,0,0
36.230145,14.002483,-175.00002,0,0
35.230145,14.002483,-175.00002,0,0
34.230145,14.002483,-175.00002,0,0
33.230145,14.002483,-175.00002,0,0
32.230145,14.002483,-175.00002,0,0
31.230145,14.002483,-175.00002,0,0
30.230145,14.002483,-175.00002,0,0
29.230145,14.002483,-175.00002,0,0
28.230145,14.002483,-175.00002,0,0
27.230145,14.002483,-175.00002,0,0
26.230145,14.002483,-175.00002,0,0
25.230145,14.002483,-175.00002,0,0
24.230145,14.002483,-175.00002,0,0
23.230145,14.002483,-175.00002,0,0
22.230145,14.002483,-175.00002,0,0
21.230145,14.002483,-175.00002,0,0
20.230145,14.002483,-175.00002,0,0
19.230145,14.002483,-175.00002,0,0
18.230145,14.002483,-175.00002,0,0
17.230145,14.002483,-175.00002,0,0
16.230145,14.002483,-175.00002,0,15.999996
15.2301445,14.002483,-175.00002,0,79.99999
14.2301445,14.002483,-175.00002,0.61854815,51.999996
13.2301445,14.002483,-175.00002,0.50013167,95.99999
12.2301445,14.002483,-175.00002,0.3887056,67.99999
11.2301445,14.002483,-175.00002,0.30515102,55.999996
10.2301445,14.002483,-175.00002,0.2451765,63.999996
9.2301445,14.002483,-175.00002,0.23610236,79.99999
8.2301445,14.002483,-175.00002,0.32039744,47.999996
7.2301445,14.002483,-175.00002,0.42783058,75.99999
6.2301445,14.002483,-175.00002,0.35102794,55.999996
5.2301445,14.002483,-175.00002,0.2695743,15.999996
4.2301445,14.002483,-175.00002,0.34576213,39.999996
3.2301445,14.002483,-175.00002,0.41468656,35.999996
2.2301445,14.002483,-175.00002,0.40715328,27.999996
1.2301445,14.002483,-175.00002,0.37355858,47.999996
0.2301445,14.002483,-175.00002,0.2834324,47.999996
-0.7698555,14.002483,-175.00002,0.20591596,39.999996
-1.7698555,14.002483,-175.00002,0.24468562,31.999996
-2.7698555,14.002483,-175.00002,0.31816402,75.99999
-3.7698555,14.002483,-175.00002,0.36525226,71.99999
-4.7698555,14.002483,-175.00002,0.5221706,83.99999
-5.7698555,14.002483,-175.00002,0.5758734,63.999996
-6.7698555,14.002483,-175.00002,0.36865237,59.999996
-7.7698555,14.002483,-175.00002,0.14370605,39.999996
-8.7698555,14.002483,-175.00002,0.15394172,43.999996
-9.7698555,14.002483,-175.00002,0.29746664,99.99999
-10.7698555,14.002483,-175.00002,0.3041786,83.99999
-11.7698555,14.002483,-175.00002,0.2438952,87.99999
-12.7698555,14.002483,-175.00002,0.2860009,79.99999
-13.7698555,14.002483,-175.00002,0.36216822,51.999996
-14.7698555,14.002483,-175.00002,0.38342726,75.99999
-15.7698555,14.002483,-175.00002,0.37979117,67.99999
-16.769855,14.002483,-175.00002,0.41456935,63.999996
-17.769855,14.002483,-175.00002,0.4212256,63.999996
-18.769855,14.002483,-175.00002,0,15.999996
-19.769855,14.002483,-175.00002,0,0
-20.769855,14.002483,-175.00002,0,0
-21.769855,14.002483,-175.00002,0,0
-22.769855,14.002483,-175.00002,0,0
-23.769855,14.002483,-175.00002,0,0
-24.769855,14.002483,-175.00002,0,0
-25.769855,14.002483,-175.00002,0,0
-26.769855,14.002483,-175.00002,0,0
-27.769855,14.002483,-175.00002,0,0
-28.769855,14.002483,-175.00002,0,0
-29.769855,14.002483,-175.00002,0,0
-30.769855,14.002483,-175.00002,0,0
-31.769855,14.002483,-175.00002,0,0
-32.769855,14.002483,-175.00002,0,0
-33.769855,14.002483,-175.00002,0,0
-34.769855,14.002483,-175.00002,0,0
-35.769855,14.002483,-175.00002,0,0
-36.769855,14.002483,-175.00002,0,0
-37.769855,14.002483,-175.00002,0,0
-38.769855,14.002483,-175.00002,0,0
-39.769855,14.002483,-175.00002,0,0
-40.769855,14.002483,-175.00002,0,0
-41.769855,14.002483,-175.00002,0,0
-42.769855,14.002483,-175.00002,0,0
-43.769855,14.002483,-175.00002,0,0
-44.769855,14.002483,-175.00002,0,0
-45.769855,14.002483,-175.00002,0,0
-46.769855,14.002483,-175.00002,0,0
-47.769855,14.002483,-175.00002,0,0
-48.769855,14.002483,-175.00002,0,0
-49.769855,14.002483,-175.00002,0,0
49.230145,13.002483,-175.00002,0,0
48.230145,13.002483,-175.00002,0,0
47.230145,13.002483,-175.00002,0,0
46.230145,13.002483,-175.00002,0,0
45.230145,13.002483,-175.00002,0,0
44.230145,13.002483,-175.00002,0,0
43.230145,13.002483,-175.00002,0,0
42.230145,13.002483,-175.00002,0,0
41.230145,13.002483,-175.00002,0,0
40.230145,13.002483,-175.00002,0,0
39.230145,13.002483,-175.00002,0,0
38.230145,13.002483,-175.00002,0,0
37.230145,13.002483,-175.00002,0,0
36.230145,13.002483,-175.00002,0,0
35.230145,13.002483,-175.00002,0,0
34.230145,13.002483,-175.00002,0,0
33.230145,13.002483,-175.00002,0,0
32.230145,13.002483,-175.00002,0,0
31.230145,13.002483,-175.00002,0,0
30.230145,13.002483,-175.00002,0,0
29.230145,13.002483,-175.00002,0,0
28.230145,13.002483,-175.00002,0,0
27.230145,13.002483,-175.00002,0,0
26.230145,13.002483,-175.00002,0,0
25.230145,13.002483,-175.00002,0,0
24.230145,13.002483,-175.00002,0,0
23.230145,13.002483,-175.00002,0,0
22.230145,13.002483,-175.00002,0,0
21.230145,13.002483,-175.00002,0,0
20.230145,13.002483,-175.00002,0,0
19.230145,13.002483,-175.00002,0,0
18.230145,13.002483,-175.00002,0,0
17.230145,13.002483,-175.00002,0,7.999998
16.230145,13.002483,-175.00002,0,31.999996
15.2301445,13.002483,-175.00002,0.49271327,55.999996
14.2301445,13.002483,-175.00002,0.5429677,67.99999
13.2301445,13.002483,-175.00002,0.5108616,59.999996
12.2301445,13.002483,-175.00002,0.49952966,55.999996
11.2301445,13.002483,-175.00002,0.4503023,75.99999
10.2301445,13.002483,-175.00002,0.32867226,83.99999
9.2301445,13.002483,-175.00002,0.24969314,51.999996
8.2301445,13.002483,-175.00002,0.33015862,59.999996
7.2301445,13.002483,-175.00002,0.41628456,71.99999
6.2301445,13.002483,-175.00002,0.39256814,43.999996
5.2301445,13.002483,-175.00002,0.3387436,47.999996
4.2301445,13.002483,-175.00002,0.38027596,47.999996
3.2301445,13.002483,-175.00002,0.447567,67.99999
2.2301445,13.002483,-175.00002,0.4365322,27.999996
1.2301445,13.002483,-175.00002,0.39815155,47.999996
0.2301445,13.002483,-175.00002,0.3433345,51.999996
-0.7698555,13.002483,-175.00002,0.25408304,47.999996
-1.7698555,13.002483,-175.00002,0.3167855,95.99999
-2.7698555,13.002483,-175.00002,0.37016827,63.999996
-3.7698555,13.002483,-175.00002,0.329648,59.999996
-4.7698555,13.002483,-175.00002,0.4021574,55.999996
-5.7698555,13.002483,-175.00002,0.52786964,79.99999
-6.7698555,13.002483,-175.00002,0.3965576,83.99999
-7.7698555,13.002483,-175.00002,0.16956496,51.999996
-8.7698555,13.002483,-175.00002,0.18238924,71.99999
-9.7698555,13.002483,-175.00002,0.3541173,131.99998
-10.7698555,13.002483,-175.00002,0.36987144,79.99999
-11.7698555,13.002483,-175.00002,0.26198387,59.999996
-12.7698555,13.002483,-175.00002,0.2622803,59.999996
-13.7698555,13.002483,-175.00002,0.3237887,63.999996
-14.7698555,13.002483,-175.00002,0.3565904,43.999996
-15.7698555,13.002483,-175.00002,0.40493575,71.99999
-16.769855,13.002483,-175.00002,0.4736055,63.999996
-17.769855,13.002483,-175.00002,0.52650106,95.99999
-18.769855,13.002483,-175.00002,0,95.99999
-19.769855,13.002483,-175.00002,0,31.999996
-20.769855,13.002483,-175.00002,0,0
-21.769855,13.002483,-175.00002,0,0
-22.769855,13.002483,-175.00002,0,0
-23.769855,13.002483,-175.00002,0,0
-24.769855,13.002483,-175.00002,0,0
-25.769855,13.002483,-175.00002,0,0
-26.769855,13.002483,-175.00002,0,0
-27.769855,13.002483,-175.00002,0,0
-28.769855,13.002483,-175.00002,0,0
-29.769855,13.002483,-175.00002,0,0
-30.769855,13.002483,-175.00002,0,0
-31.769855,13.002483,-175.00002,0,0
-32.769855,13.002483,-175.00002,0,0
-33.769855,13.002483,-175.00002,0,0
-34.769855,13.002483,-175.00002,0,0
-35.769855,13.002483,-175.00002,0,0
-36.769855,13.002483,-175.00002,0,0
-37.769855,13.002483,-175.00002,0,0
-38.769855,13.002483,-175.00002,0,0
-39.769855,13.002483,-175.00002,0,0
-40.769855,13.002483,-175.00002,0,0
-41.769855,13.002483,-175.00002,0,0
-42.769855,13.002483,-175.00002,0,0
-43.769855,13.002483,-175.00002,0,0
-44.769855,13.002483,-175.00002,0,0
-45.769855,13.002483,-175.00002,0,0
-46.769855,13.002483,-175.00002,0,0
-47.769855,13.002483,-175.00002,0,0
-48.769855,13.002483,-175.00002,0,0
-49.769855,13.002483,-175.00002,0,0
49.230145,12.002483,-175.00002,0,0
48.230145,12.002483,-175.00002,0,0
47.230145,12.002483,-175.00002,0,0
46.230145,12.002483,-175.00002,0,0
45.230145,12.002483,-175.00002,0,0
44.230145,12.002483,-175.00002,0,0
43.230145,12.002483,-175.00002,0,0
42.230145,12.002483,-175.00002,0,0
41.230145,12.002483,-175.00002,0,0
40.230145,12.002483,-175.00002,0,0
39.230145,12.002483,-175.00002,0,0
38.230145,12.002483,-175.00002,0,0
37.230145,12.002483,-175.00002,0,0
36.230145,12.002483,-175.00002,0,0
35.230145,12.002483,-175.00002,0,0
34.230145,12.002483,-175.00002,0,0
33.230145,12.002483,-175.00002,0,0
32.230145,12.002483,-175.00002,0,0
31.230145,12.002483,-175.00002,0,0
30.230145,12.002483,-175.00002,0,0
29.230145,12.002483,-175.00002,0,0
28.230145,12.002483,-175.00002,0,0
27.230145,12.002483,-175.00002,0,0
26.230145,12.002483,-175.00002,0,0
25.230145,12.002483,-175.00002,0,0
24.230145,12.002483,-175.00002,0,0
23.230145,12.002483,-175.00002,0,0
22.230145,12.002483,-175.00002,0,0
21.230145,12.002483,-175.00002,0,0
20.230145,12.002483,-175.00002,0,0
19.230145,12.002483,-175.00002,0,0
18.230145,12.002483,-175.00002,0,0
17.230145,12.002483,-175.00002,0,55.999996
16.230145,12.002483,-175.00002,Infinity,31.999996
15.2301445,12.002483,-175.00002,0.45072645,39.999996
14.2301445,12.002483,-175.00002,0.64880157,67.99999
13.2301445,12.002483,-175.00002,0.6988154,67.99999
12.2301445,12.002483,-175.00002,0.70076203,83.99999
11.2301445,12.002483,-175.00002,0.595449,59.999996
10.2301445,12.002483,-175.00002,0.37954625,47.999996
9.2301445,12.002483,-175.00002,0.30637836,55.999996
8.2301445,12.002483,-175.00002,0.34959495,35.999996
7.2301445,12.002483,-175.00002,0.36044237,43.999996
6.2301445,12.002483,-175.00002,0.33623078,55.999996
5.2301445,12.002483,-175.00002,0.31926104,59.999996
4.2301445,12.002483,-175.00002,0.36273673,35.999996
3.2301445,12.002483,-175.00002,0.46288085,99.99999
2.2301445,12.002483,-175.00002,0.50207895,63.999996
1.2301445,12.002483,-175.00002,0.4711981,55.999996
0.2301445,12.002483,-175.00002,0.3898314,55.999996
-0.7698555,12.002483,-175.00002,0.29729927,79.99999
-1.7698555,12.002483,-175.00002,0.33108094,39.999996
-2.7698555,12.002483,-175.00002,0.41592026,83.99999
-3.7698555,12.002483,-175.00002,0.3718369,63.999996
-4.7698555,12.002483,-175.00002,0.4188813,87.99999
-5.7698555,12.002483,-175.00002,0.54922885,67.99999
-6.7698555,12.002483,-175.00002,0.4832718,63.999996
-7.7698555,12.002483,-175.00002,0.28857988,83.99999
-8.7698555,12.002483,-175.00002,0.27130494,71.99999
-9.7698555,12.002483,-175.00002,0.43121296,83.99999
-10.7698555,12.002483,-175.00002,0.49557355,115.99999
-11.7698555,12.002483,-175.00002,0.3636011,63.999996
-12.7698555,12.002483,-175.00002,0.24450183,47.999996
-13.7698555,12.002483,-175.00002,0.24435697,67.99999
-14.7698555,12.002483,-175.00002,0.33774647,67.99999
-15.7698555,12.002483,-175.00002,0.4419871,95.99999
-16.769855,12.002483,-175.00002,0.55906856,71.99999
-17.769855,12.002483,-175.00002,0.6574595,119.99999
-18.769855,12.002483,-175.00002,0.6475638,87.99999
-19.769855,12.002483,-175.00002,0,91.99999
-20.769855,12.002483,-175.00002,0,15.999996
-21.769855,12.002483,-175.00002,0,0
-22.769855,12.002483,-175.00002,0,0
-23.769855,12.002483,-175.00002,0,0
-24.769855,12.002483,-175.00002,0,0
-25.769855,12.002483,-175.00002,0,0
-26.769855,12.002483,-175.00002,0,0
-27.769855,12.002483,-175.00002,0,0
-28.769855,12.002483,-175.00002,0,0
-29.769855,12.002483,-175.00002,0,0
-30.769855,12.002483,-175.00002,0,0
-31.769855,12.002483,-175.00002,0,0
-32.769855,12.002483,-175.00002,0,0
-33.769855,12.002483,-175.00002,0,0
-34.769855,12.002483,-175.00002,0,0
-35.769855,12.002483,-175.00002,0,0
-36.769855,12.002483,-175.00002,0,0
-37.769855,12.002483,-175.00002,0,0
-38.769855,12.002483,-175.00002,0,0
-39.769855,12.002483,-175.00002,0,0
-40.769855,12.002483,-175.00002,0,0
-41.769855,12.002483,-175.00002,0,0
-42.769855,12.002483,-175.00002,0,0
-43.769855,12.002483,-175.00002,0,0
-44.769855,12.002483,-175.00002,0,0
-45.769855,12.002483,-175.00002,0,0
-46.769855,12.002483,-175.00002,0,0
-47.769855,12.002483,-175.00002,0,0
-48.769855,12.002483,-175.00002,0,0
-49.769855,12.002483,-175.00002,0,0
49.230145,11.002483,-175.00002,0,0
48.230145,11.002483,-175.00002,0,0
47.230145,11.002483,-175.00002,0,0
46.230145,11.002483,-175.00002,0,0
45.230145,11.002483,-175.00002,0,0
44.230145,11.002483,-175.00002,0,0
43.230145,11.002483,-175.00002,0,0
42.230145,11.002483,-175.00002,0,0
41.230145,11.002483,-175.00002,0,0
40.230145,11.002483,-175.00002,0,0
39.230145,11.002483,-175.00002,0,0
38.230145,11.002483,-175.00002,0,0
37.230145,11.002483,-175.00002,0,0
36.230145,11.002483,-175.00002,0,0
35.230145,11.002483,-175.00002,0,0
34.230145,11.002483,-175.00002,0,0
33.230145,11.002483,-175.00002,0,0
32.230145,11.002483,-175.00002,0,0
31.230145,11.002483,-175.00002,0,0
30.230145,11.002483,-175.00002,0,0
29.230145,11.002483,-175.00002,0,0
28.230145,11.002483,-175.00002,0,0
27.230145,11.002483,-175.00002,0,0
26.230145,11.002483,-175.00002,0,0
25.230145,11.002483,-175.00002,0,0
24.230145,11.002483,-175.00002,0,0
23.230145,11.002483,-175.00002,0,0
22.230145,11.002483,-175.00002,0,0
21.230145,11.002483,-175.00002,0,0
20.230145,11.002483,-175.00002,0,0
19.230145,11.002483,-175.00002,0,0
18.230145,11.002483,-175.00002,0,7.999998
17.230145,11.002483,-175.00002,0,51.999996
16.230145,11.002483,-175.00002,0.31081557,63.999996
15.2301445,11.002483,-175.00002,0.44732198,87.99999
14.2301445,11.002483,-175.00002,0.68328947,47.999996
13.2301445,11.002483,-175.00002,0.7719283,55.999996
12.2301445,11.002483,-175.00002,0.75630593,71.99999
11.2301445,11.002483,-175.00002,0.590573,31.999996
10.2301445,11.002483,-175.00002,0.38064307,39.999996
9.2301445,11.002483,-175.00002,0.36036742,31.999996
8.2301445,11.002483,-175.00002,0.40281847,43.999996
7.2301445,11.002483,-175.00002,0.3153747,59.999996
6.2301445,11.002483,-175.00002,0.22080263,75.99999
5.2301445,11.002483,-175.00002,0.16766734,71.99999
4.2301445,11.002483,-175.00002,0.19058253,75.99999
3.2301445,11.002483,-175.00002,0.29786777,51.999996
2.2301445,11.002483,-175.00002,0.4534749,43.999996
1.2301445,11.002483,-175.00002,0.50682783,83.99999
0.2301445,11.002483,-175.00002,0.40144777,67.99999
-0.7698555,11.002483,-175.00002,0.31533745,79.99999
-1.7698555,11.002483,-175.00002,0.35175884,79.99999
-2.7698555,11.002483,-175.00002,0.36094934,87.99999
-3.7698555,11.002483,-175.00002,0.3349927,75.99999
-4.7698555,11.002483,-175.00002,0.39874804,99.99999
-5.7698555,11.002483,-175.00002,0.5330296,95.99999
-6.7698555,11.002483,-175.00002,0.526053,111.99999
-7.7698555,11.002483,-175.00002,0.38318503,99.99999
-8.7698555,11.002483,-175.00002,0.35462597,107.99999
-9.7698555,11.002483,-175.00002,0.47897494,99.99999
-10.7698555,11.002483,-175.00002,0.51912904,95.99999
-11.7698555,11.002483,-175.00002,0.39122576,55.999996
-12.7698555,11.002483,-175.00002,0.2110604,47.999996
-13.7698555,11.002483,-175.00002,0.1532067,47.999996
-14.7698555,11.002483,-175.00002,0.2739292,39.999996
-15.7698555,11.002483,-175.00002,0.4608413,79.99999
-16.769855,11.002483,-175.00002,0.5915677,71.99999
-17.769855,11.002483,-175.00002,0.6619634,151.99998
-18.769855,11.002483,-175.00002,0.65107375,99.99999
-19.769855,11.002483,-175.00002,0.59452784,43.999996
-20.769855,11.002483,-175.00002,0,55.999996
-21.769855,11.002483,-175.00002,0,7.999998
-22.769855,11.002483,-175.00002,0,0
-23.769855,11.002483,-175.00002,0,0
-24.769855,11.002483,-175.00002,0,0
-25.769855,11.002483,-175.00002,0,0
-26.769855,11.002483,-175.00002,0,0
-27.769855,11.002483,-175.00002,0,0
-28.769855,11.002483,-175.00002,0,0
-29.769855,11.002483,-175.00002,0,0
-30.769855,11.002483,-175.00002,0,0
-31.769855,11.002483,-175.00002,0,0
-32.769855,11.002483,-175.00002,0,0
-33.769855,11.002483,-175.00002,0,0
-34.769855,11.002483,-175.00002,0,0
-35.769855,11.002483,-175.00002,0,0
-36.769855,11.002483,-175.00002,0,0
-37.769855,11.002483,-175.00002,0,0
-38.769855,11.002483,-175.00002,0,0
-39.769855,11.002483,-175.00002,0,0
-40.769855,11.002483,-175.00002,0,0
-41.769855,11.002483,-175.00002,0,0
-42.769855,11.002483,-175.00002,0,0
-43.769855,11.002483,-175.00002,0,0
-44.769855,11.002483,-175.00002,0,0
-45.769855,11.002483,-175.00002,0,0
-46.769855,11.002483,-175.00002,0,0
-47.769855,11.002483,-175.00002,0,0
-48.769855,11.002483,-175.00002,0,0
-49.769855,11.002483,-175.00002,0,0
49.230145,10.002483,-175.00002,0,0
48.230145,10.002483,-175.00002,0,0
47.230145,10.002483,-175.00002,0,0
46.230145,10.002483,-175.00002,0,0
45.230145,10.002483,-175.00002,0,0
44.230145,10.002483,-175.00002,0,0
43.230145,10.002483,-175.00002,0,0
42.230145,10.002483,-175.00002,0,0
41.230145,10.002483,-175.00002,0,0
40.230145,10.002483,-175.00002,0,0
39.230145,10.002483,-175.00002,0,0
38.230145,10.002483,-175.00002,0,0
37.230145,10.002483,-175.00002,0,0
36.230145,10.002483,-175.00002,0,0
35.230145,10.002483,-175.00002,0,0
34.230145,10.002483,-175.00002,0,0
33.230145,10.002483,-175.00002,0,0
32.230145,10.002483,-175.00002,0,0
31.230145,10.002483,-175.00002,0,0
30.230145,10.002483,-175.00002,0,0
29.230145,10.002483,-175.00002,0,0
28.230145,10.002483,-175.00002,0,0
27.230145,10.002483,-175.00002,0,0
26.230145,10.002483,-175.00002,0,0
25.230145,10.002483,-175.00002,0,0
24.230145,10.002483,-175.00002,0,0
23.230145,10.002483,-175.00002,0,0
22.230145,10.002483,-175.00002,0,0
21.230145,10.002483,-175.00002,0,0
20.230145,10.002483,-175.00002,0,0
19.230145,10.002483,-175.00002,0,0
18.230145,10.002483,-175.00002,0,27.999996
17.230145,10.002483,-175.00002,0.23367938,47.999996
16.230145,10.002483,-175.00002,0.31118447,39.999996
15.2301445,10.002483,-175.00002,0.3382992,39.999996
14.2301445,10.002483,-175.00002,0.44370568,27.999996
13.2301445,10.002483,-175.00002,0.61312735,39.999996
12.2301445,10.002483,-175.00002,0.66685057,51.999996
11.2301445,10.002483,-175.00002,0.51913154,59.999996
10.2301445,10.002483,-175.00002,0.3709794,19.999996
9.2301445,10.002483,-175.00002,0.4073283,51.999996
8.2301445,10.002483,-175.00002,0.42144388,63.999996
7.2301445,10.002483,-175.00002,0.304058,63.999996
6.2301445,10.002483,-175.00002,0.15336071,35.999996
5.2301445,10.002483,-175.00002,0.068115,51.999996
4.2301445,10.002483,-175.00002,0.03992173,43.999996
3.2301445,10.002483,-175.00002,0.13637261,51.999996
2.2301445,10.002483,-175.00002,0.30629855,59.999996
1.2301445,10.002483,-175.00002,0.38424453,55.999996
0.2301445,10.002483,-175.00002,0.34148595,87.99999
-0.7698555,10.002483,-175.00002,0.33060735,59.999996
-1.7698555,10.002483,-175.00002,0.3684635,67.99999
-2.7698555,10.002483,-175.00002,0.32506907,43.999996
-3.7698555,10.002483,-175.00002,0.26637146,47.999996
-4.7698555,10.002483,-175.00002,0.3037882,51.999996
-5.7698555,10.002483,-175.00002,0.472512,75.99999
-6.7698555,10.002483,-175.00002,0.54661477,75.99999
-7.7698555,10.002483,-175.00002,0.471264,99.99999
-8.7698555,10.002483,-175.00002,0.44988066,95.99999
-9.7698555,10.002483,-175.00002,0.4913777,87.99999
-10.7698555,10.002483,-175.00002,0.45180458,59.999996
-11.7698555,10.002483,-175.00002,0.34640136,59.999996
-12.7698555,10.002483,-175.00002,0.19617936,47.999996
-13.7698555,10.002483,-175.00002,0.11732211,39.999996
-14.7698555,10.002483,-175.00002,0.22292593,91.99999
-15.7698555,10.002483,-175.00002,0.40456975,75.99999
-16.769855,10.002483,-175.00002,0.5278958,91.99999
-17.769855,10.002483,-175.00002,0.5422333,83.99999
-18.769855,10.002483,-175.00002,0.54819226,95.99999
-19.769855,10.002483,-175.00002,0.54667354,119.99999
-20.769855,10.002483,-175.00002,0.51141995,83.99999
-21.769855,10.002483,-175.00002,0,39.999996
-22.769855,10.002483,-175.00002,0,0
-23.769855,10.002483,-175.00002,0,0
-24.769855,10.002483,-175.00002,0,0
-25.769855,10.002483,-175.00002,0,0
-26.769855,10.002483,-175.00002,0,0
-27.769855,10.002483,-175.00002,0,0
-28.769855,10.002483,-175.00002,0,0
-29.769855,10.002483,-175.00002,0,0
-30.769855,10.002483,-175.00002,0,0
-31.769855,10.002483,-175.00002,0,0
-32.769855,10.002483,-175.00002,0,0
-33.769855,10.002483,-175.00002,0,0
-34.769855,10.002483,-175.00002,0,0
-35.769855,10.002483,-175.00002,0,0
-36.769855,10.002483,-175.00002,0,0
-37.769855,10.002483,-175.00002,0,0
-38.769855,10.002483,-175.00002,0,0
-39.769855,10.002483,-175.00002,0,0
-40.769855,10.002483,-175.00002,0,0
-41.769855,10.002483,-175.00002,0,0
-42.769855,10.002483,-175.00002,0,0
-43.769855,10.002483,-175.00002,0,0
-44.769855,10.002483,-175.00002,0,0
-45.769855,10.002483,-175.00002,0,0
-46.769855,10.002483,-175.00002,0,0
-47.769855,10.002483,-175.00002,0,0
-48.769855,10.002483,-175.00002,0,0
-49.769855,10.002483,-175.00002,0,0
49.230145,9.002483,-175.00002,0,0
48.230145,9.002483,-175.00002,0,0
47.230145,9.002483,-175.00002,0,0
46.230145,9.002483,-175.00002,0,0
45.230145,9.002483,-175.00002,0,0
44.230145,9.002483,-175.00002,0,0
43.230145,9.002483,-175.00002,0,0
42.230145,9.002483,-175.00002,0,0
41.230145,9.002483,-175.00002,0,0
40.230145,9.002483,-175.00002,0,0
39.230145,9.002483,-175.00002,0,0
38.230145,9.002483,-175.00002,0,0
37.230145,9.002483,-175.00002,0,0
36.230145,9.002483,-175.00002,0,0
35.230145,9.002483,-175.00002,0,0
34.230145,9.002483,-175.00002,0,0
33.230145,9.002483,-175.00002,0,0
32.230145,9.002483,-175.00002,0,0
31.230145,9.002483,-175.00002,0,0
30.230145,9.002483,-175.00002,0,0
29.230145,9.002483,-175.00002,0,0
28.230145,9.002483,-175.00002,0,0
27.230145,9.002483,-175.00002,0,0
26.230145,9.002483,-175.00002,0,0
25.230145,9.002483,-175.00002,0,0
24.230145,9.002483,-175.00002,0,0
23.230145,9.002483,-175.00002,0,0
22.230145,9.002483,-175.00002,0,0
21.230145,9.002483,-175.00002,0,0
20.230145,9.002483,-175.00002,0,0
19.230145,9.002483,-175.00002,0,19.999996
18.230145,9.002483,-175.00002,0,43.999996
17.230145,9.002483,-175.00002,0.29263672,31.999996
16.230145,9.002483,-175.00002,0.37236425,31.999996
15.2301445,9.002483,-175.00002,0.29504526,47.999996
14.2301445,9.002483,-175.00002,0.278073,27.999996
13.2301445,9.002483,-175.00002,0.44649562,63.999996
12.2301445,9.002483,-175.00002,0.54682374,63.999996
11.2301445,9.002483,-175.00002,0.46986476,67.99999
10.2301445,9.002483,-175.00002,0.36561,39.999996
9.2301445,9.002483,-175.00002,0.39500794,31.999996
8.2301445,9.002483,-175.00002,0.42283136,47.999996
7.2301445,9.002483,-175.00002,0.32982585,35.999996
6.2301445,9.002483,-175.00002,0.23007685,59.999996
5.2301445,9.002483,-175.00002,0.15671575,67.99999
4.2301445,9.002483,-175.00002,0.10912813,63.999996
3.2301445,9.002483,-175.00002,0.12167841,35.999996
2.2301445,9.002483,-175.00002,0.21603505,51.999996
1.2301445,9.002483,-175.00002,0.26581907,35.999996
0.2301445,9.002483,-175.00002,0.2929057,55.999996
-0.7698555,9.002483,-175.00002,0.3344314,67.99999
-1.7698555,9.002483,-175.00002,0.35951427,71.99999
-2.7698555,9.002483,-175.00002,0.35910317,127.99999
-3.7698555,9.002483,-175.00002,0.30371183,87.99999
-4.7698555,9.002483,-175.00002,0.27430424,67.99999
-5.7698555,9.002483,-175.00002,0.4419042,75.99999
-6.7698555,9.002483,-175.00002,0.6029595,83.99999
-7.7698555,9.002483,-175.00002,0.54986274,71.99999
-8.7698555,9.002483,-175.00002,0.52163106,99.99999
-9.7698555,9.002483,-175.00002,0.51424605,103.99999
-10.7698555,9.002483,-175.00002,0.42517912,67.99999
-11.7698555,9.002483,-175.00002,0.35865653,71.99999
-12.7698555,9.002483,-175.00002,0.28479266,55.999996
-13.7698555,9.002483,-175.00002,0.24287984,71.99999
-14.7698555,9.002483,-175.00002,0.30038488,71.99999
-15.7698555,9.002483,-175.00002,0.3486334,75.99999
-16.769855,9.002483,-175.00002,0.3774768,47.999996
-17.769855,9.002483,-175.00002,0.4539988,59.999996
-18.769855,9.002483,-175.00002,0.45929718,71.99999
-19.769855,9.002483,-175.00002,0.44231677,71.99999
-20.769855,9.002483,-175.00002,0.46453303,87.99999
-21.769855,9.002483,-175.00002,0,79.99999
-22.769855,9.002483,-175.00002,0,11.999997
-23.769855,9.002483,-175.00002,0,0
-24.769855,9.002483,-175.00002,0,0
-25.769855,9.002483,-175.00002,0,0
-26.769855,9.002483,-175.00002,0,0
-27.769855,9.002483,-175.00002,0,0
-28.769855,9.002483,-175.00002,0,0
-29.769855,9.002483,-175.00002,0,0
-30.769855,9.002483,-175.00002,0,0
-31.769855,9.002483,-175.00002,0,0
-32.769855,9.002483,-175.00002,0,0
-33.769855,9.002483,-175.00002,0,0
-34.769855,9.002483,-175.00002,0,0
-35.769855,9.002483,-175.00002,0,0
-36.769855,9.002483,-175.00002,0,0
-37.769855,9.002483,-175.00002,0,0
-38.769855,9.002483,-175.00002,0,0
-39.769855,9.002483,-175.00002,0,0
-40.769855,9.002483,-175.00002,0,0
-41.769855,9.002483,-175.00002,0,0
-42.769855,9.002483,-175.00002,0,0
-43.769855,9.002483,-175.00002,0,0
-44.769855,9.002483,-175.00002,0,0
-45.769855,9.002483,-175.00002,0,0
-46.769855,9.002483,-175.00002,0,0
-47.769855,9.002483,-175.00002,0,0
-48.769855,9.002483,-175.00002,0,0
-49.769855,9.002483,-175.00002,0,0
49.230145,8.002483,-175.00002,0,0
48.230145,8.002483,-175.00002,0,0
47.230145,8.002483,-175.00002,0,0
46.230145,8.002483,-175.00002,0,0
45.230145,8.002483,-175.00002,0,0
44.230145,8.002483,-175.00002,0,0
43.230145,8.002483,-175.00002,0,0
42.230145,8.002483,-175.00002,0,0
41.230145,8.002483,-175.00002,0,0
40.230145,8.002483,-175.00002,0,0
39.230145,8.002483,-175.00002,0,0
38.230145,8.002483,-175.00002,0,0
37.230145,8.002483,-175.00002,0,0
36.230145,8.002483,-175.00002,0,0
35.230145,8.002483,-175.00002,0,0
34.230145,8.002483,-175.00002,0,0
33.230145,8.002483,-175.00002,0,0
32.230145,8.002483,-175.00002,0,0
31.230145,8.002483,-175.00002,0,0
30.230145,8.002483,-175.00002,0,0
29.230145,8.002483,-175.00002,0,0
28.230145,8.002483,-175.00002,0,0
27.230145,8.002483,-175.00002,0,0
26.230145,8.002483,-175.00002,0,0
25.230145,8.002483,-175.00002,0,0
24.230145,8.002483,-175.00002,0,0
23.230145,8.002483,-175.00002,0,0
22.230145,8.002483,-175.00002,0,0
21.230145,8.002483,-175.00002,0,3.999999
20.230145,8.002483,-175.00002,0,3.999999
19.230145,8.002483,-175.00002,0,59.999996
18.230145,8.002483,-175.00002,0.4262594,63.999996
17.230145,8.002483,-175.00002,0.41439402,59.999996
16.230145,8.002483,-175.00002,0.43116406,43.999996
15.2301445,8.002483,-175.00002,0.3518769,47.999996
14.2301445,8.002483,-175.00002,0.2672299,39.999996
13.2301445,8.002483,-175.00002,0.347345,47.999996
12.2301445,8.002483,-175.00002,0.46390095,47.999996
11.2301445,8.002483,-175.00002,0.4342866,47.999996
10.2301445,8.002483,-175.00002,0.3730595,23.999996
9.2301445,8.002483,-175.00002,0.43145493,27.999996
8.2301445,8.002483,-175.00002,0.49591005,55.999996
7.2301445,8.002483,-175.00002,0.47771978,51.999996
6.2301445,8.002483,-175.00002,0.40608576,55.999996
5.2301445,8.002483,-175.00002,0.33131105,31.999996
4.2301445,8.002483,-175.00002,0.2928866,47.999996
3.2301445,8.002483,-175.00002,0.2332491,67.99999
2.2301445,8.002483,-175.00002,0.20108065,43.999996
1.2301445,8.002483,-175.00002,0.30000466,79.99999
0.2301445,8.002483,-175.00002,0.37926614,59.999996
-0.7698555,8.002483,-175.00002,0.3714959,47.999996
-1.7698555,8.002483,-175.00002,0.3121039,63.999996
-2.7698555,8.002483,-175.00002,0.27809373,83.99999
-3.7698555,8.002483,-175.00002,0.2797085,79.99999
-4.7698555,8.002483,-175.00002,0.3019285,63.999996
-5.7698555,8.002483,-175.00002,0.42838526,59.999996
-6.7698555,8.002483,-175.00002,0.55570257,107.99999
-7.7698555,8.002483,-175.00002,0.56020623,83.99999
-8.7698555,8.002483,-175.00002,0.5624202,71.99999
-9.7698555,8.002483,-175.00002,0.5554458,103.99999
-10.7698555,8.002483,-175.00002,0.4921015,51.999996
-11.7698555,8.002483,-175.00002,0.44389924,103.99999
-12.7698555,8.002483,-175.00002,0.3880129,35.999996
-13.7698555,8.002483,-175.00002,0.3317519,91.99999
-14.7698555,8.002483,-175.00002,0.3176667,83.99999
-15.7698555,8.002483,-175.00002,0.26358795,59.999996
-16.769855,8.002483,-175.00002,0.3040083,31.999996
-17.769855,8.002483,-175.00002,0.43299192,67.99999
-18.769855,8.002483,-175.00002,0.4346658,111.99999
-19.769855,8.002483,-175.00002,0.34287935,55.999996
-20.769855,8.002483,-175.00002,0.38379526,111.99999
-21.769855,8.002483,-175.00002,Infinity,115.99999
-22.769855,8.002483,-175.00002,0,19.999996
-23.769855,8.002483,-175.00002,0,0
-24.769855,8.002483,-175.00002,0,0
-25.769855,8.002483,-175.00002,0,0
-26.769855,8.002483,-175.00002,0,0
-27.769855,8.002483,-175.00002,0,0
-28.769855,8.002483,-175.00002,0,0
-29.769855,8.002483,-175.00002,0,0
-30.769855,8.002483,-175.00002,0,0
-31.769855,8.002483,-175.00002,0,0
-32.769855,8.002483,-175.00002,0,0
-33.769855,8.002483,-175.00002,0,0
-34.769855,8.002483,-175.00002,0,0
-35.769855,8.002483,-175.00002,0,0
-36.769855,8.002483,-175.00002,0,0
-37.769855,8.002483,-175.00002,0,0
-38.769855,8.002483,-175.00002,0,0
-39.769855,8.002483,-175.00002,0,0
-40.769855,8.002483,-175.00002,0,0
-41.769855,8.002483,-175.00002,0,0
-42.769855,8.002483,-175.00002,0,0
-43.769855,8.002483,-175.00002,0,0
-44.769855,8.002483,-175.00002,0,0
-45.769855,8.002483,-175.00002,0,0
-46.769855,8.002483,-175.00002,0,0
-47.769855,8.002483,-175.00002,0,0
-48.769855,8.002483,-175.00002,0,0
-49.769855,8.002483,-175.00002,0,0
49.230145,7.0024834,-175.00002,0,0
48.230145,7.0024834,-175.00002,0,0
47.230145,7.0024834,-175.00002,0,0
46.230145,7.0024834,-175.00002,0,0
45.230145,7.0024834,-175.00002,0,0
44.230145,7.0024834,-175.00002,0,0
43.230145,7.0024834,-175.00002,0,0
42.230145,7.0024834,-175.00002,0,0
41.230145,7.0024834,-175.00002,0,0
40.230145,7.0024834,-175.00002,0,0
39.230145,7.0024834,-175.00002,0,0
38.230145,7.0024834,-175.00002,0,0
37.230145,7.0024834,-175.00002,0,0
36.230145,7.0024834,-175.00002,0,0
35.230145,7.0024834,-175.00002,0,0
34.230145,7.0024834,-175.00002,0,0
33.230145,7.0024834,-175.00002,0,0
32.230145,7.0024834,-175.00002,0,0
31.230145,7.0024834,-175.00002,0,0
30.230145,7.0024834,-175.00002,0,0
29.230145,7.0024834,-175.00002,0,0
28.230145,7.0024834,-175.00002,0,0
27.230145,7.0024834,-175.00002,0,0
26.230145,7.0024834,-175.00002,0,0
25.230145,7.0024834,-175.00002,0,0
24.230145,7.0024834,-175.00002,0,0
23.230145,7.0024834,-175.00002,0,0
22.230145,7.0024834,-175.00002,0,3.999999
21.230145,7.0024834,-175.00002,0,0
20.230145,7.0024834,-175.00002,0,31.999996
19.230145,7.0024834,-175.00002,0.42179257,75.99999
18.230145,7.0024834,-175.00002,0.38953465,63.999996
17.230145,7.0024834,-175.00002,0.37616754,59.999996
16.230145,7.0024834,-175.00002,0.3893939,71.99999
15.2301445,7.0024834,-175.00002,0.33406603,71.99999
14.2301445,7.0024834,-175.00002,0.25424328,11.999997
13.2301445,7.0024834,-175.00002,0.31105012,31.999996
12.2301445,7.0024834,-175.00002,0.41789734,75.99999
11.2301445,7.0024834,-175.00002,0.36523017,55.999996
10.2301445,7.0024834,-175.00002,0.31786445,71.99999
9.2301445,7.0024834,-175.00002,0.43239385,63.999996
8.2301445,7.0024834,-175.00002,0.58365476,39.999996
7.2301445,7.0024834,-175.00002,0.65373766,71.99999
6.2301445,7.0024834,-175.00002,0.547181,55.999996
5.2301445,7.0024834,-175.00002,0.4597475,55.999996
4.2301445,7.0024834,-175.00002,0.40903896,99.99999
3.2301445,7.0024834,-175.00002,0.27418578,55.999996
2.2301445,7.0024834,-175.00002,0.20874682,51.999996
1.2301445,7.0024834,-175.00002,0.32644042,43.999996
0.2301445,7.0024834,-175.00002,0.42810223,83.99999
-0.7698555,7.0024834,-175.00002,0.3957013,67.99999
-1.7698555,7.0024834,-175.00002,0.23348412,71.99999
-2.7698555,7.0024834,-175.00002,0.12658012,39.999996
-3.7698555,7.0024834,-175.00002,0.19112226,63.999996
-4.7698555,7.0024834,-175.00002,0.31200963,75.99999
-5.7698555,7.0024834,-175.00002,0.3644699,103.99999
-6.7698555,7.0024834,-175.00002,0.39707077,79.99999
-7.7698555,7.0024834,-175.00002,0.44607526,71.99999
-8.7698555,7.0024834,-175.00002,0.5285604,99.99999
-9.7698555,7.0024834,-175.00002,0.57052773,111.99999
-10.7698555,7.0024834,-175.00002,0.57448524,95.99999
-11.7698555,7.0024834,-175.00002,0.5225672,87.99999
-12.7698555,7.0024834,-175.00002,0.40365028,23.999996
-13.7698555,7.0024834,-175.00002,0.2553768,55.999996
-14.7698555,7.0024834,-175.00002,0.15636495,7.999998
-15.7698555,7.0024834,-175.00002,0.22740117,35.999996
-16.769855,7.0024834,-175.00002,0.37989318,71.99999
-17.769855,7.0024834,-175.00002,0.41054067,55.999996
-18.769855,7.0024834,-175.00002,0.36834472,51.999996
-19.769855,7.0024834,-175.00002,0.30770537,71.99999
-20.769855,7.0024834,-175.00002,0.35158142,75.99999
-21.769855,7.0024834,-175.00002,0.5091809,111.99999
-22.769855,7.0024834,-175.00002,0,55.999996
-23.769855,7.0024834,-175.00002,0,0
-24.769855,7.0024834,-175.00002,0,0
-25.769855,7.0024834,-175.00002,0,0
-26.769855,7.0024834,-175.00002,0,0
-27.769855,7.0024834,-175.00002,0,0
-28.769855,7.0024834,-175.00002,0,0
-29.769855,7.0024834,-175.00002,0,0
-30.769855,7.0024834,-175.00002,0,0
-31.769855,7.0024834,-175.00002,0,0
-32.769855,7.0024834,-175.00002,0,0
-33.769855,7.0024834,-175.00002,0,0
-34.769855,7.0024834,-175.00002,0,0
-35.769855,7.0024834,-175.00002,0,0
-36.769855,7.0024834,-175.00002,0,0
-37.769855,7.0024834,-175.00002,0,0
-38.769855,7.0024834,-175.00002,0,0
-39.769855,7.0024834,-175.00002,0,0
-40.769855,7.0024834,-175.00002,0,0
-41.769855,7.0024834,-175.00002,0,0
-42.769855,7.0024834,-175.00002,0,0
-43.769855,7.0024834,-175.00002,0,0
-44.769855,7.0024834,-175.00002,0,0
-45.769855,7.0024834,-175.00002,0,0
-46.769855,7.0024834,-175.00002,0,0
-47.769855,7.0024834,-175.00002,0,0
-48.769855,7.0024834,-175.00002,0,0
-49.769855,7.0024834,-175.00002,0,0
49.230145,6.0024834,-175.00002,0,0
48.230145,6.0024834,-175.00002,0,0
47.230145,6.0024834,-175.00002,0,0
46.230145,6.0024834,-175.00002,0,0
45.230145,6.0024834,-175.00002,0,0
44.230145,6.0024834,-175.00002,0,0
43.230145,6.0024834,-175.00002,0,0
42.230145,6.0024834,-175.00002,0,0
41.230145,6.0024834,-175.00002,0,0
40.230145,6.0024834,-175.00002,0,0
39.230145,6.0024834,-175.00002,0,0
38.230145,6.0024834,-175.00002,0,0
37.230145,6.0024834,-175.00002,0,0
36.230145,6.0024834,-175.00002,0,0
35.230145,6.0024834,-175.00002,0,0
34.230145,6.0024834,-175.00002,0,0
33.230145,6.0024834,-175.00002,0,0
32.230145,6.0024834,-175.00002,0,0
31.230145,6.0024834,-175.00002,0,0
30.230145,6.0024834,-175.00002,0,0
29.230145,6.0024834,-175.00002,0,0
28.230145,6.0024834,-175.00002,0,0
27.230145,6.0024834,-175.00002,0,0
26.230145,6.0024834,-175.00002,0,0
25.230145,6.0024834,-175.00002,0,0
24.230145,6.0024834,-175.00002,0,0
23.230145,6.0024834,-175.00002,0,0
22.230145,6.0024834,-175.00002,0,0
21.230145,6.0024834,-175.00002,0,0
20.230145,6.0024834,-175.00002,0,51.999996
19.230145,6.0024834,-175.00002,0.26076537,51.999996
18.230145,6.0024834,-175.00002,0.16616867,27.999996
17.230145,6.0024834,-175.00002,0.18365669,71.99999
16.230145,6.0024834,-175.00002,0.2593755,63.999996
15.2301445,6.0024834,-175.00002,0.29778296,55.999996
14.2301445,6.0024834,-175.00002,0.37816715,55.999996
13.2301445,6.0024834,-175.00002,0.46937296,83.99999
12.2301445,6.0024834,-175.00002,0.38983425,67.99999
11.2301445,6.0024834,-175.00002,0.20490035,67.99999
10.2301445,6.0024834,-175.00002,0.14739162,55.999996
9.2301445,6.0024834,-175.00002,0.30207902,35.999996
8.2301445,6.0024834,-175.00002,0.5558902,79.99999
7.2301445,6.0024834,-175.00002,0.6259223,51.999996
6.2301445,6.0024834,-175.00002,0.5831453,75.99999
5.2301445,6.0024834,-175.00002,0.5193118,63.999996
4.2301445,6.0024834,-175.00002,0.35359907,67.99999
3.2301445,6.0024834,-175.00002,0.14556575,55.999996
2.2301445,6.0024834,-175.00002,0.10157284,87.99999
1.2301445,6.0024834,-175.00002,0.23951617,79.99999
0.2301445,6.0024834,-175.00002,0.32884854,59.999996
-0.7698555,6.0024834,-175.00002,0.3070174,51.999996
-1.7698555,6.0024834,-175.00002,0.2118604,67.99999
-2.7698555,6.0024834,-175.00002,0.11801517,43.999996
-3.7698555,6.0024834,-175.00002,0.18881638,83.99999
-4.7698555,6.0024834,-175.00002,0.290676,95.99999
-5.7698555,6.0024834,-175.00002,0.27252653,63.999996
-6.7698555,6.0024834,-175.00002,0.26501238,83.99999
-7.7698555,6.0024834,-175.00002,0.3441965,71.99999
-8.7698555,6.0024834,-175.00002,0.45734572,79.99999
-9.7698555,6.0024834,-175.00002,0.52868193,79.99999
-10.7698555,6.0024834,-175.00002,0.57623875,119.99999
-11.7698555,6.0024834,-175.00002,0.52007324,75.99999
-12.7698555,6.0024834,-175.00002,0.37174022,39.999996
-13.7698555,6.0024834,-175.00002,0.20927198,43.999996
-14.7698555,6.0024834,-175.00002,0.16866267,31.999996
-15.7698555,6.0024834,-175.00002,0.3031244,47.999996
-16.769855,6.0024834,-175.00002,0.43890905,59.999996
-17.769855,6.0024834,-175.00002,0.37063667,59.999996
-18.769855,6.0024834,-175.00002,0.3021777,71.99999
-19.769855,6.0024834,-175.00002,0.30298015,71.99999
-20.769855,6.0024834,-175.00002,0.38453996,71.99999
-21.769855,6.0024834,-175.00002,0.5368477,111.99999
-22.769855,6.0024834,-175.00002,0,63.999996
-23.769855,6.0024834,-175.00002,0,7.999998
-24.769855,6.0024834,-175.00002,0,0
-25.769855,6.0024834,-175.00002,0,0
-26.769855,6.0024834,-175.00002,0,0
-27.769855,6.0024834,-175.00002,0,0
-28.769855,6.0024834,-175.00002,0,0
-29.769855,6.0024834,-175.00002,0,0
-30.769855,6.0024834,-175.00002,0,0
-31.769855,6.0024834,-175.00002,0,0
-32.769855,6.0024834,-175.00002,0,0
-33.769855,6.0024834,-175.00002,0,0
-34.769855,6.0024834,-175.00002,0,0
-35.769855,6.0024834,-175.00002,0,0
-36.769855,6.0024834,-175.00002,0,0
-37.769855,6.0024834,-175.00002,0,0
-38.769855,6.0024834,-175.00002,0,0
-39.769855,6.0024834,-175.00002,0,0
-40.769855,6.0024834,-175.00002,0,0
-41.769855,6.0024834,-175.00002,0,0
-42.769855,6.0024834,-175.00002,0,0
-43.769855,6.0024834,-175.00002,0,0
-44.769855,6.0024834,-175.00002,0,0
-45.769855,6.0024834,-175.00002,0,0
-46.769855,6.0024834,-175.00002,0,0
-47.769855,6.0024834,-175.00002,0,0
-48.769855,6.0024834,-175.00002,0,0
-49.769855,6.0024834,-175.00002,0,0
49.230145,5.0024834,-175.00002,0,0
48.230145,5.0024834,-175.00002,0,0
47.230145,5.0024834,-175.00002,0,0
46.230145,5.0024834,-175.00002,0,0
45.230145,5.0024834,-175.00002,0,0
44.230145,5.0024834,-175.00002,0,0
43.230145,5.0024834,-175.00002,0,0
42.230145,5.0024834,-175.00002,0,0
41.230145,5.0024834,-175.00002,0,0
40.230145,5.0024834,-175.00002,0,0
39.230145,5.0024834,-175.00002,0,0
38.230145,5.0024834,-175.00002,0,0
37.230145,5.0024834,-175.00002,0,0
36.230145,5.0024834,-175.00002,0,0
35.230145,5.0024834,-175.00002,0,0
34.230145,5.0024834,-175.00002,0,0
33.230145,5.0024834,-175.00002,0,0
32.230145,5.0024834,-175.00002,0,0
31.230145,5.0024834,-175.00002,0,0
30.230145,5.0024834,-175.00002,0,0
29.230145,5.0024834,-175.00002,0,0
28.230145,5.0024834,-175.00002,0,0
27.230145,5.0024834,-175.00002,0,0
26.230145,5.0024834,-175.00002,0,0
25.230145,5.0024834,-175.00002,0,0
24.230145,5.0024834,-175.00002,0,0
23.230145,5.0024834,-175.00002,0,0
22.230145,5.0024834,-175.00002,0,0
21.230145,5.0024834,-175.00002,0,0
20.230145,5.0024834,-175.00002,0,47.999996
19.230145,5.0024834,-175.00002,0.27304202,59.999996
18.230145,5.0024834,-175.00002,0.13722607,59.999996
17.230145,5.0024834,-175.00002,0.07612632,27.999996
16.230145,5.0024834,-175.00002,0.19074556,43.999996
15.2301445,5.0024834,-175.00002,0.34879577,59.999996
14.2301445,5.0024834,-175.00002,0.5435854,67.99999
13.2301445,5.0024834,-175.00002,0.61265695,35.999996
12.2301445,5.0024834,-175.00002,0.3373472,35.999996
11.2301445,5.0024834,-175.00002,0.05445487,39.999996
10.2301445,5.0024834,-175.00002,0.015806038,59.999996
9.2301445,5.0024834,-175.00002,0.16145623,79.99999
8.2301445,5.0024834,-175.00002,0.34303847,39.999996
7.2301445,5.0024834,-175.00002,0.46587485,51.999996
6.2301445,5.0024834,-175.00002,0.52771974,59.999996
5.2301445,5.0024834,-175.00002,0.46125862,75.99999
4.2301445,5.0024834,-175.00002,0.24312872,63.999996
3.2301445,5.0024834,-175.00002,0.028778609,59.999996
2.2301445,5.0024834,-175.00002,-0.029478028,23.999996
1.2301445,5.0024834,-175.00002,0.1237548,71.99999
0.2301445,5.0024834,-175.00002,0.24035802,59.999996
-0.7698555,5.0024834,-175.00002,0.27618414,63.999996
-1.7698555,5.0024834,-175.00002,0.28353074,71.99999
-2.7698555,5.0024834,-175.00002,0.26857406,75.99999
-3.7698555,5.0024834,-175.00002,0.26864815,51.999996
-4.7698555,5.0024834,-175.00002,0.3047449,83.99999
-5.7698555,5.0024834,-175.00002,0.26539087,71.99999
-6.7698555,5.0024834,-175.00002,0.24826242,91.99999
-7.7698555,5.0024834,-175.00002,0.3253541,91.99999
-8.7698555,5.0024834,-175.00002,0.40768784,103.99999
-9.7698555,5.0024834,-175.00002,0.487584,87.99999
-10.7698555,5.0024834,-175.00002,0.5659551,75.99999
-11.7698555,5.0024834,-175.00002,0.51190567,55.999996
-12.7698555,5.0024834,-175.00002,0.37786654,39.999996
-13.7698555,5.0024834,-175.00002,0.27780885,71.99999
-14.7698555,5.0024834,-175.00002,0.27412853,47.999996
-15.7698555,5.0024834,-175.00002,0.3906959,63.999996
-16.769855,5.0024834,-175.00002,0.447848,79.99999
-17.769855,5.0024834,-175.00002,0.3858798,67.99999
-18.769855,5.0024834,-175.00002,0.35934633,67.99999
-19.769855,5.0024834,-175.00002,0.3892191,67.99999
-20.769855,5.0024834,-175.00002,0.44627255,67.99999
-21.769855,5.0024834,-175.00002,0.5049498,99.99999
-22.769855,5.0024834,-175.00002,Infinity,87.99999
-23.769855,5.0024834,-175.00002,0,11.999997
-24.769855,5.0024834,-175.00002,0,0
-25.769855,5.0024834,-175.00002,0,0
-26.769855,5.0024834,-175.00002,0,0
-27.769855,5.0024834,-175.00002,0,0
-28.769855,5.0024834,-175.00002,0,0
-29.769855,5.0024834,-175.00002,0,0
-30.769855,5.0024834,-175.00002,0,0
-31.769855,5.0024834,-175.00002,0,0
-32.769855,5.0024834,-175.00002,0,0
-33.769855,5.0024834,-175.00002,0,0
-34.769855,5.0024834,-175.00002,0,0
-35.769855,5.0024834,-175.00002,0,0
-36.769855,5.0024834,-175.00002,0,0
-37.769855,5.0024834,-175.00002,0,0
-38.769855,5.0024834,-175.00002,0,0
-39.769855,5.0024834,-175.00002,0,0
-40.769855,5.0024834,-175.00002,0,0
-41.769855,5.0024834,-175.00002,0,0
-42.769855,5.0024834,-175.00002,0,0
-43.769855,5.0024834,-175.00002,0,0
-44.769855,5.0024834,-175.00002,0,0
-45.769855,5.0024834,-175.00002,0,0
-46.769855,5.0024834,-175.00002,0,0
-47.769855,5.0024834,-175.00002,0,0
-48.769855,5.0024834,-175.00002,0,0
-49.769855,5.0024834,-175.00002,0,0
49.230145,4.0024834,-175.00002,0,0
48.230145,4.0024834,-175.00002,0,0
47.230145,4.0024834,-175.00002,0,0
46.230145,4.0024834,-175.00002,0,0
45.230145,4.0024834,-175.00002,0,0
44.230145,4.0024834,-175.00002,0,0
43.230145,4.0024834,-175.00002,0,0
42.230145,4.0024834,-175.00002,0,0
41.230145,4.0024834,-175.00002,0,0
40.230145,4.0024834,-175.00002,0,0
39.230145,4.0024834,-175.00002,0,0
38.230145,4.0024834,-175.00002,0,0
37.230145,4.0024834,-175.00002,0,0
36.230145,4.0024834,-175.00002,0,0
35.230145,4.0024834,-175.00002,0,0
34.230145,4.0024834,-175.00002,0,0
33.230145,4.0024834,-175.00002,0,0
32.230145,4.0024834,-175.00002,0,0
31.230145,4.0024834,-175.00002,0,0
30.230145,4.0024834,-175.00002,0,0
29.230145,4.0024834,-175.00002,0,0
28.230145,4.0024834,-175.00002,0,0
27.230145,4.0024834,-175.00002,0,0
26.230145,4.0024834,-175.00002,0,0
25.230145,4.0024834,-175.00002,0,0
24.230145,4.0024834,-175.00002,0,0
23.230145,4.0024834,-175.00002,0,0
22.230145,4.0024834,-175.00002,0,0
21.230145,4.0024834,-175.00002,0,11.999997
20.230145,4.0024834,-175.00002,0,63.999996
19.230145,4.0024834,-175.00002,0.4105165,55.999996
18.230145,4.0024834,-175.00002,0.24529928,67.99999
17.230145,4.0024834,-175.00002,0.14297602,35.999996
16.230145,4.0024834,-175.00002,0.27774546,51.999996
15.2301445,4.0024834,-175.00002,0.48760974,63.999996
14.2301445,4.0024834,-175.00002,0.6173785,71.99999
13.2301445,4.0024834,-175.00002,0.55456364,75.99999
12.2301445,4.0024834,-175.00002,0.29647428,43.999996
11.2301445,4.0024834,-175.00002,0.04724846,63.999996
10.2301445,4.0024834,-175.00002,-0.0071886703,51.999996
9.2301445,4.0024834,-175.00002,0.06309804,43.999996
8.2301445,4.0024834,-175.00002,0.18192643,59.999996
7.2301445,4.0024834,-175.00002,0.29248986,51.999996
6.2301445,4.0024834,-175.00002,0.38719812,67.99999
5.2301445,4.0024834,-175.00002,0.39801618,103.99999
4.2301445,4.0024834,-175.00002,0.2960993,51.999996
3.2301445,4.0024834,-175.00002,0.15898387,91.99999
2.2301445,4.0024834,-175.00002,0.06160518,83.99999
1.2301445,4.0024834,-175.00002,0.10663395,75.99999
0.2301445,4.0024834,-175.00002,0.24028075,79.99999
-0.7698555,4.0024834,-175.00002,0.35156423,83.99999
-1.7698555,4.0024834,-175.00002,0.4234779,79.99999
-2.7698555,4.0024834,-175.00002,0.42349505,87.99999
-3.7698555,4.0024834,-175.00002,0.39413974,83.99999
-4.7698555,4.0024834,-175.00002,0.36675578,67.99999
-5.7698555,4.0024834,-175.00002,0.33937111,63.999996
-6.7698555,4.0024834,-175.00002,0.29075593,103.99999
-7.7698555,4.0024834,-175.00002,0.26146862,51.999996
-8.7698555,4.0024834,-175.00002,0.31929344,75.99999
-9.7698555,4.0024834,-175.00002,0.47087532,107.99999
-10.7698555,4.0024834,-175.00002,0.5989366,51.999996
-11.7698555,4.0024834,-175.00002,0.58963466,107.99999
-12.7698555,4.0024834,-175.00002,0.44722912,75.99999
-13.7698555,4.0024834,-175.00002,0.26790357,75.99999
-14.7698555,4.0024834,-175.00002,0.2108891,51.999996
-15.7698555,4.0024834,-175.00002,0.3098894,107.99999
-16.769855,4.0024834,-175.00002,0.3950241,55.999996
-17.769855,4.0024834,-175.00002,0.43151426,91.99999
-18.769855,4.0024834,-175.00002,0.47847888,99.99999
-19.769855,4.0024834,-175.00002,0.5068191,71.99999
-20.769855,4.0024834,-175.00002,0.53456664,83.99999
-21.769855,4.0024834,-175.00002,0.51201284,95.99999
-22.769855,4.0024834,-175.00002,Infinity,63.999996
-23.769855,4.0024834,-175.00002,0,19.999996
-24.769855,4.0024834,-175.00002,0,0
-25.769855,4.0024834,-175.00002,0,0
-26.769855,4.0024834,-175.00002,0,0
-27.769855,4.0024834,-175.00002,0,0
-28.769855,4.0024834,-175.00002,0,0
-29.769855,4.0024834,-175.00002,0,0
-30.769855,4.0024834,-175.00002,0,0
-31.769855,4.0024834,-175.00002,0,0
-32.769855,4.0024834,-175.00002,0,0
-33.769855,4.0024834,-175.00002,0,0
-34.769855,4.0024834,-175.00002,0,0
-35.769855,4.0024834,-175.00002,0,0
-36.769855,4.0024834,-175.00002,0,0
-37.769855,4.0024834,-175.00002,0,0
-38.769855,4.0024834,-175.00002,0,0
-39.769855,4.0024834,-175.00002,0,0
-40.769855,4.0024834,-175.00002,0,0
-41.769855,4.0024834,-175.00002,0,0
-42.769855,4.0024834,-175.00002,0,0
-43.769855,4.0024834,-175.00002,0,0
-44.769855,4.0024834,-175.00002,0,0
-45.769855,4.0024834,-175.00002,0,0
-46.769855,4.0024834,-175.00002,0,0
-47.769855,4.0024834,-175.00002,0,0
-48.769855,4.0024834,-175.00002,0,0
-49.769855,4.0024834,-175.00002,0,0
49.230145,3.0024834,-175.00002,0,0
48.230145,3.0024834,-175.00002,0,0
47.230145,3.0024834,-175.00002,0,0
46.230145,3.0024834,-175.00002,0,0
45.230145,3.0024834,-175.00002,0,0
44.230145,3.0024834,-175.00002,0,0
43.230145,3.0024834,-175.00002,0,0
42.230145,3.0024834,-175.00002,0,0
41.230145,3.0024834,-175.00002,0,0
40.230145,3.0024834,-175.00002,0,0
39.230145,3.0024834,-175.00002,0,0
38.230145,3.0024834,-175.00002,0,0
37.230145,3.0024834,-175.00002,0,0
36.230145,3.0024834,-175.00002,0,0
35.230145,3.0024834,-175.00002,0,0
34.230145,3.0024834,-175.00002,0,0
33.230145,3.0024834,-175.00002,0,0
32.230145,3.0024834,-175.00002,0,0
31.230145,3.0024834,-175.00002,0,0
30.230145,3.0024834,-175.00002,0,0
29.230145,3.0024834,-175.00002,0,0
28.230145,3.0024834,-175.00002,0,0
27.230145,3.0024834,-175.00002,0,0
26.230145,3.0024834,-175.00002,0,0
25.230145,3.0024834,-175.00002,0,0
24.230145,3.0024834,-175.00002,0,0
23.230145,3.0024834,-175.00002,0,0
22.230145,3.0024834,-175.00002,0,0
21.230145,3.0024834,-175.00002,0,19.999996
20.230145,3.0024834,-175.00002,0.5310445,55.999996
19.230145,3.0024834,-175.00002,0.48907405,67.99999
18.230145,3.0024834,-175.00002,0.35531896,55.999996
17.230145,3.0024834,-175.00002,0.27622753,35.999996
16.230145,3.0024834,-175.00002,0.39744407,75.99999
15.2301445,3.0024834,-175.00002,0.54755557,71.99999
14.2301445,3.0024834,-175.00002,0.58307606,55.999996
13.2301445,3.0024834,-175.00002,0.47684795,47.999996
12.2301445,3.0024834,-175.00002,0.2661793,71.99999
11.2301445,3.0024834,-175.00002,0.12887727,43.999996
10.2301445,3.0024834,-175.00002,0.14610597,35.999996
9.2301445,3.0024834,-175.00002,0.21742378,43.999996
8.2301445,3.0024834,-175.00002,0.2092547,43.999996
7.2301445,3.0024834,-175.00002,0.16530603,43.999996
6.2301445,3.0024834,-175.00002,0.20934385,51.999996
5.2301445,3.0024834,-175.00002,0.35491765,83.99999
4.2301445,3.0024834,-175.00002,0.44963244,71.99999
3.2301445,3.0024834,-175.00002,0.4098698,63.999996
2.2301445,3.0024834,-175.00002,0.31984696,59.999996
1.2301445,3.0024834,-175.00002,0.2420344,39.999996
0.2301445,3.0024834,-175.00002,0.27603793,55.999996
-0.7698555,3.0024834,-175.00002,0.3420429,79.99999
-1.7698555,3.0024834,-175.00002,0.40072006,59.999996
-2.7698555,3.0024834,-175.00002,0.47680348,63.999996
-3.7698555,3.0024834,-175.00002,0.5230424,79.99999
-4.7698555,3.0024834,-175.00002,0.4968934,71.99999
-5.7698555,3.0024834,-175.00002,0.48729324,71.99999
-6.7698555,3.0024834,-175.00002,0.40644023,63.999996
-7.7698555,3.0024834,-175.00002,0.26125255,47.999996
-8.7698555,3.0024834,-175.00002,0.23855208,75.99999
-9.7698555,3.0024834,-175.00002,0.387561,55.999996
-10.7698555,3.0024834,-175.00002,0.5118884,83.99999
-11.7698555,3.0024834,-175.00002,0.53534997,59.999996
-12.7698555,3.0024834,-175.00002,0.42341134,67.99999
-13.7698555,3.0024834,-175.00002,0.24662718,63.999996
-14.7698555,3.0024834,-175.00002,0.16823949,47.999996
-15.7698555,3.0024834,-175.00002,0.2323753,47.999996
-16.769855,3.0024834,-175.00002,0.3281054,55.999996
-17.769855,3.0024834,-175.00002,0.4071681,47.999996
-18.769855,3.0024834,-175.00002,0.458844,75.99999
-19.769855,3.0024834,-175.00002,0.4998914,75.99999
-20.769855,3.0024834,-175.00002,0.5204881,51.999996
-21.769855,3.0024834,-175.00002,0.5574111,75.99999
-22.769855,3.0024834,-175.00002,0.52495867,135.99998
-23.769855,3.0024834,-175.00002,0,15.999996
-24.769855,3.0024834,-175.00002,0,0
-25.769855,3.0024834,-175.00002,0,0
-26.769855,3.0024834,-175.00002,0,0
-27.769855,3.0024834,-175.00002,0,0
-28.769855,3.0024834,-175.00002,0,0
-29.769855,3.0024834,-175.00002,0,0
-30.769855,3.0024834,-175.00002,0,0
-31.769855,3.0024834,-175.00002,0,0
-32.769855,3.0024834,-175.00002,0,0
-33.769855,3.0024834,-175.00002,0,0
-34.769855,3.0024834,-175.00002,0,0
-35.769855,3.0024834,-175.00002,0,0
-36.769855,3.0024834,-175.00002,0,0
-37.769855,3.0024834,-175.00002,0,0
-38.769855,3.0024834,-175.00002,0,0
-39.769855,3.0024834,-175.00002,0,0
-40.769855,3.0024834,-175.00002,0,0
-41.769855,3.0024834,-175.00002,0,0
-42.769855,3.0024834,-175.00002,0,0
-43.769855,3.0024834,-175.00002,0,0
-44.769855,3.0024834,-175.00002,0,0
-45.769855,3.0024834,-175.00002,0,0
-46.769855,3.0024834,-175.00002,0,0
-47.769855,3.0024834,-175.00002,0,0
-48.769855,3.0024834,-175.00002,0,0
-49.769855,3.0024834,-175.00002,0,0
49.230145,2.0024834,-175.00002,0,0
48.230145,2.0024834,-175.00002,0,0
47.230145,2.0024834,-175.00002,0,0
46.230145,2.0024834,-175.00002,0,0
45.230145,2.0024834,-175.00002,0,0
44.230145,2.0024834,-175.00002,0,0
43.230145,2.0024834,-175.00002,0,0
42.230145,2.0024834,-175.00002,0,0
41.230145,2.0024834,-175.00002,0,0
40.230145,2.0024834,-175.00002,0,0
39.230145,2.0024834,-175.00002,0,0
38.230145,2.0024834,-175.00002,0,0
37.230145,2.0024834,-175.00002,0,0
36.230145,2.0024834,-175.00002,0,0
35.230145,2.0024834,-175.00002,0,0
34.230145,2.0024834,-175.00002,0,0
33.230145,2.0024834,-175.00002,0,0
32.230145,2.0024834,-175.00002,0,0
31.230145,2.0024834,-175.00002,0,0
30.230145,2.0024834,-175.00002,0,0
29.230145,2.0024834,-175.00002,0,0
28.230145,2.0024834,-175.00002,0,0
27.230145,2.0024834,-175.00002,0,0
26.230145,2.0024834,-175.00002,0,0
25.230145,2.0024834,-175.00002,0,0
24.230145,2.0024834,-175.00002,0,0
23.230145,2.0024834,-175.00002,0,0
22.230145,2.0024834,-175.00002,0,0
21.230145,2.0024834,-175.00002,0,23.999996
20.230145,2.0024834,-175.00002,0.54119664,115.99999
19.230145,2.0024834,-175.00002,0.5223523,59.999996
18.230145,2.0024834,-175.00002,0.42080942,47.999996
17.230145,2.0024834,-175.00002,0.39314705,71.99999
16.230145,2.0024834,-175.00002,0.42952514,63.999996
15.2301445,2.0024834,-175.00002,0.48734403,67.99999
14.2301445,2.0024834,-175.00002,0.49714136,107.99999
13.2301445,2.0024834,-175.00002,0.40122417,71.99999
12.2301445,2.0024834,-175.00002,0.3040852,59.999996
11.2301445,2.0024834,-175.00002,0.30890262,31.999996
10.2301445,2.0024834,-175.00002,0.4303155,91.99999
9.2301445,2.0024834,-175.00002,0.45147628,91.99999
8.2301445,2.0024834,-175.00002,0.27692315,67.99999
7.2301445,2.0024834,-175.00002,0.11073254,79.99999
6.2301445,2.0024834,-175.00002,0.16112357,55.999996
5.2301445,2.0024834,-175.00002,0.36294407,83.99999
4.2301445,2.0024834,-175.00002,0.5228438,87.99999
3.2301445,2.0024834,-175.00002,0.5818899,71.99999
2.2301445,2.0024834,-175.00002,0.5499084,79.99999
1.2301445,2.0024834,-175.00002,0.43099037,87.99999
0.2301445,2.0024834,-175.00002,0.31922525,71.99999
-0.7698555,2.0024834,-175.00002,0.2473914,75.99999
-1.7698555,2.0024834,-175.00002,0.26283517,35.999996
-2.7698555,2.0024834,-175.00002,0.4401313,79.99999
-3.7698555,2.0024834,-175.00002,0.577736,87.99999
-4.7698555,2.0024834,-175.00002,0.56577855,87.99999
-5.7698555,2.0024834,-175.00002,0.60990006,75.99999
-6.7698555,2.0024834,-175.00002,0.6043977,79.99999
-7.7698555,2.0024834,-175.00002,0.44100195,55.999996
-8.7698555,2.0024834,-175.00002,0.3322125,59.999996
-9.7698555,2.0024834,-175.00002,0.33434862,107.99999
-10.7698555,2.0024834,-175.00002,0.32817033,31.999996
-11.7698555,2.0024834,-175.00002,0.39706188,47.999996
-12.7698555,2.0024834,-175.00002,0.34513167,43.999996
-13.7698555,2.0024834,-175.00002,0.24468891,15.999996
-14.7698555,2.0024834,-175.00002,0.25489715,71.99999
-15.7698555,2.0024834,-175.00002,0.25904897,43.999996
-16.769855,2.0024834,-175.00002,0.29007247,27.999996
-17.769855,2.0024834,-175.00002,0.34121034,35.999996
-18.769855,2.0024834,-175.00002,0.335491,35.999996
-19.769855,2.0024834,-175.00002,0.36015126,55.999996
-20.769855,2.0024834,-175.00002,0.42173666,71.99999
-21.769855,2.0024834,-175.00002,0.5105757,91.99999
-22.769855,2.0024834,-175.00002,0.5852598,87.99999
-23.769855,2.0024834,-175.00002,0,23.999996
-24.769855,2.0024834,-175.00002,0,0
-25.769855,2.0024834,-175.00002,0,0
-26.769855,2.0024834,-175.00002,0,0
-27.769855,2.0024834,-175.00002,0,0
-28.769855,2.0024834,-175.00002,0,0
-29.769855,2.0024834,-175.00002,0,0
-30.769855,2.0024834,-175.00002,0,0
-31.769855,2.0024834,-175.00002,0,0
-32.769855,2.0024834,-175.00002,0,0
-33.769855,2.0024834,-175.00002,0,0
-34.769855,2.0024834,-175.00002,0,0
-35.769855,2.0024834,-175.00002,0,0
-36.769855,2.0024834,-175.00002,0,0
-37.769855,2.0024834,-175.00002,0,0
-38.769855,2.0024834,-175.00002,0,0
-39.769855,2.0024834,-175.00002,0,0
-40.769855,2.0024834,-175.00002,0,0
-41.769855,2.0024834,-175.00002,0,0
-42.769855,2.0024834,-175.00002,0,0
-43.769855,2.0024834,-175.00002,0,0
-44.769855,2.0024834,-175.00002,0,0
-45.769855,2.0024834,-175.00002,0,0
-46.769855,2.0024834,-175.00002,0,0
-47.769855,2.0024834,-175.00002,0,0
-48.769855,2.0024834,-175.00002,0,0
-49.769855,2.0024834,-175.00002,0,0
49.230145,1.0024834,-175.00002,0,0
48.230145,1.0024834,-175.00002,0,0
47.230145,1.0024834,-175.00002,0,0
46.230145,1.0024834,-175.00002,0,0
45.230145,1.0024834,-175.00002,0,0
44.230145,1.0024834,-175.00002,0,0
43.230145,1.0024834,-175.00002,0,0
42.230145,1.0024834,-175.00002,0,0
41.230145,1.0024834,-175.00002,0,0
40.230145,1.0024834,-175.00002,0,0
39.230145,1.0024834,-175.00002,0,0
38.230145,1.0024834,-175.00002,0,0
37.230145,1.0024834,-175.00002,0,0
36.230145,1.0024834,-175.00002,0,0
35.230145,1.0024834,-175.00002,0,0
34.230145,1.0024834,-175.00002,0,0
33.230145,1.0024834,-175.00002,0,0
32.230145,1.0024834,-175.00002,0,0
31.230145,1.0024834,-175.00002,0,0
30.230145,1.0024834,-175.00002,0,0
29.230145,1.0024834,-175.00002,0,0
28.230145,1.0024834,-175.00002,0,0
27.230145,1.0024834,-175.00002,0,0
26.230145,1.0024834,-175.00002,0,0
25.230145,1.0024834,-175.00002,0,0
24.230145,1.0024834,-175.00002,0,0
23.230145,1.0024834,-175.00002,0,0
22.230145,1.0024834,-175.00002,0,0
21.230145,1.0024834,-175.00002,0,39.999996
20.230145,1.0024834,-175.00002,0.5699504,99.99999
19.230145,1.0024834,-175.00002,0.46270466,67.99999
18.230145,1.0024834,-175.00002,0.37354955,75.99999
17.230145,1.0024834,-175.00002,0.34596157,67.99999
16.230145,1.0024834,-175.00002,0.35400325,47.999996
15.2301445,1.0024834,-175.00002,0.3520823,87.99999
14.2301445,1.0024834,-175.00002,0.29248688,67.99999
13.2301445,1.0024834,-175.00002,0.2946577,87.99999
12.2301445,1.0024834,-175.00002,0.390926,55.999996
11.2301445,1.0024834,-175.00002,0.48770887,87.99999
10.2301445,1.0024834,-175.00002,0.52386403,47.999996
9.2301445,1.0024834,-175.00002,0.46848786,55.999996
8.2301445,1.0024834,-175.00002,0.3238972,87.99999
7.2301445,1.0024834,-175.00002,0.22239822,27.999996
6.2301445,1.0024834,-175.00002,0.29793683,95.99999
5.2301445,1.0024834,-175.00002,0.4103276,71.99999
4.2301445,1.0024834,-175.00002,0.5308177,43.999996
3.2301445,1.0024834,-175.00002,0.66847664,67.99999
2.2301445,1.0024834,-175.00002,0.67392486,111.99999
1.2301445,1.0024834,-175.00002,0.516681,79.99999
0.2301445,1.0024834,-175.00002,0.32881618,55.999996
-0.7698555,1.0024834,-175.00002,0.17062882,63.999996
-1.7698555,1.0024834,-175.00002,0.18363674,87.99999
-2.7698555,1.0024834,-175.00002,0.36365643,75.99999
-3.7698555,1.0024834,-175.00002,0.48137888,83.99999
-4.7698555,1.0024834,-175.00002,0.47918588,67.99999
-5.7698555,1.0024834,-175.00002,0.5542932,67.99999
-6.7698555,1.0024834,-175.00002,0.6188894,91.99999
-7.7698555,1.0024834,-175.00002,0.52051926,47.999996
-8.7698555,1.0024834,-175.00002,0.40801215,91.99999
-9.7698555,1.0024834,-175.00002,0.29557174,51.999996
-10.7698555,1.0024834,-175.00002,0.2719338,31.999996
-11.7698555,1.0024834,-175.00002,0.41428542,19.999996
-12.7698555,1.0024834,-175.00002,0.40710157,47.999996
-13.7698555,1.0024834,-175.00002,0.32243574,35.999996
-14.7698555,1.0024834,-175.00002,0.31584397,47.999996
-15.7698555,1.0024834,-175.00002,0.2903385,27.999996
-16.769855,1.0024834,-175.00002,0.2464894,31.999996
-17.769855,1.0024834,-175.00002,0.25992844,55.999996
-18.769855,1.0024834,-175.00002,0.24098296,51.999996
-19.769855,1.0024834,-175.00002,0.24662513,63.999996
-20.769855,1.0024834,-175.00002,0.27051273,51.999996
-21.769855,1.0024834,-175.00002,0.37384778,71.99999
-22.769855,1.0024834,-175.00002,0,83.99999
-23.769855,1.0024834,-175.00002,0,23.999996
-24.769855,1.0024834,-175.00002,0,0
-25.769855,1.0024834,-175.00002,0,0
-26.769855,1.0024834,-175.00002,0,0
-27.769855,1.0024834,-175.00002,0,0
-28.769855,1.0024834,-175.00002,0,0
-29.769855,1.0024834,-175.00002,0,0
-30.769855,1.0024834,-175.00002,0,0
-31.769855,1.0024834,-175.00002,0,0
-32.769855,1.0024834,-175.00002,0,0
-33.769855,1.0024834,-175.00002,0,0
-34.769855,1.0024834,-175.00002,0,0
-35.769855,1.0024834,-175.00002,0,0
-36.769855,1.0024834,-175.00002,0,0
-37.769855,1.0024834,-175.00002,0,0
-38.769855,1.0024834,-175.00002,0,0
-39.769855,1.0024834,-175.00002,0,0
-40.769855,1.0024834,-175.00002,0,0
-41.769855,1.0024834,-175.00002,0,0
-42.769855,1.0024834,-175.00002,0,0
-43.769855,1.0024834,-175.00002,0,0
-44.769855,1.0024834,-175.00002,0,0
-45.769855,1.0024834,-175.00002,0,0
-46.769855,1.0024834,-175.00002,0,0
-47.769855,1.0024834,-175.00002,0,0
-48.769855,1.0024834,-175.00002,0,0
-49.769855,1.0024834,-175.00002,0,0
49.230145,0.002483368,-175.00002,0,0
48.230145,0.002483368,-175.00002,0,0
47.230145,0.002483368,-175.00002,0,0
46.230145,0.002483368,-175.00002,0,0
45.230145,0.002483368,-175.00002,0,0
44.230145,0.002483368,-175.00002,0,0
43.230145,0.002483368,-175.00002,0,0
42.230145,0.002483368,-175.00002,0,0
41.230145,0.002483368,-175.00002,0,0
40.230145,0.002483368,-175.00002,0,0
39.230145,0.002483368,-175.00002,0,0
38.230145,0.002483368,-175.00002,0,0
37.230145,0.002483368,-175.00002,0,0
36.230145,0.002483368,-175.00002,0,0
35.230145,0.002483368,-175.00002,0,0
34.230145,0.002483368,-175.00002,0,0
33.230145,0.002483368,-175.00002,0,0
32.230145,0.002483368,-175.00002,0,0
31.230145,0.002483368,-175.00002,0,0
30.230145,0.002483368,-175.00002,0,0
29.230145,0.002483368,-175.00002,0,0
28.230145,0.002483368,-175.00002,0,0
27.230145,0.002483368,-175.00002,0,0
26.230145,0.002483368,-175.00002,0,0
25.230145,0.002483368,-175.00002,0,0
24.230145,0.002483368,-175.00002,0,0
23.230145,0.002483368,-175.00002,0,0
22.230145,0.002483368,-175.00002,0,0
21.230145,0.002483368,-175.00002,0,39.999996
20.230145,0.002483368,-175.00002,0.51171523,103.99999
19.230145,0.002483368,-175.00002,0.33332244,91.99999
18.230145,0.002483368,-175.00002,0.25600967,83.99999
17.230145,0.002483368,-175.00002,0.21738067,67.99999
16.230145,0.002483368,-175.00002,0.2419492,71.99999
15.2301445,0.002483368,-175.00002,0.2238191,51.999996
14.2301445,0.002483368,-175.00002,0.15764567,35.999996
13.2301445,0.002483368,-175.00002,0.25332004,51.999996
12.2301445,0.002483368,-175.00002,0.4782446,83.99999
11.2301445,0.002483368,-175.00002,0.57293016,59.999996
10.2301445,0.002483368,-175.00002,0.523237,63.999996
9.2301445,0.002483368,-175.00002,0.45618397,83.99999
8.2301445,0.002483368,-175.00002,0.4339721,67.99999
7.2301445,0.002483368,-175.00002,0.46742958,95.99999
6.2301445,0.002483368,-175.00002,0.4870372,75.99999
5.2301445,0.002483368,-175.00002,0.4714409,79.99999
4.2301445,0.002483368,-175.00002,0.50624615,71.99999
3.2301445,0.002483368,-175.00002,0.63878286,91.99999
2.2301445,0.002483368,-175.00002,0.6503034,63.999996
1.2301445,0.002483368,-175.00002,0.46548766,71.99999
0.2301445,0.002483368,-175.00002,0.26919276,75.99999
-0.7698555,0.002483368,-175.00002,0.18139118,71.99999
-1.7698555,0.002483368,-175.00002,0.21622434,107.99999
-2.7698555,0.002483368,-175.00002,0.3013434,79.99999
-3.7698555,0.002483368,-175.00002,0.34352145,103.99999
-4.7698555,0.002483368,-175.00002,0.34732243,67.99999
-5.7698555,0.002483368,-175.00002,0.41052544,71.99999
-6.7698555,0.002483368,-175.00002,0.46438223,83.99999
-7.7698555,0.002483368,-175.00002,0.40725675,67.99999
-8.7698555,0.002483368,-175.00002,0.27230176,27.999996
-9.7698555,0.002483368,-175.00002,0.1942966,51.999996
-10.7698555,0.002483368,-175.00002,0.23768178,35.999996
-11.7698555,0.002483368,-175.00002,0.4154331,47.999996
-12.7698555,0.002483368,-175.00002,0.4153744,31.999996
-13.7698555,0.002483368,-175.00002,0.2490659,23.999996
-14.7698555,0.002483368,-175.00002,0.25270832,47.999996
-15.7698555,0.002483368,-175.00002,0.2640295,43.999996
-16.769855,0.002483368,-175.00002,0.15782319,23.999996
-17.769855,0.002483368,-175.00002,0.11921515,23.999996
-18.769855,0.002483368,-175.00002,0.1411534,31.999996
-19.769855,0.002483368,-175.00002,0.1748315,55.999996
-20.769855,0.002483368,-175.00002,0.17376107,23.999996
-21.769855,0.002483368,-175.00002,0.27161002,39.999996
-22.769855,0.002483368,-175.00002,0,59.999996
-23.769855,0.002483368,-175.00002,0,0
-24.769855,0.002483368,-175.00002,0,0
-25.769855,0.002483368,-175.00002,0,0
-26.769855,0.002483368,-175.00002,0,0
-27.769855,0.002483368,-175.00002,0,0
-28.769855,0.002483368,-175.00002,0,0
-29.769855,0.002483368,-175.00002,0,0
-30.769855,0.002483368,-175.00002,0,0
-31.769855,0.002483368,-175.00002,0,0
-32.769855,0.002483368,-175.00002,0,0
-33.769855,0.002483368,-175.00002,0,0
-34.769855,0.002483368,-175.00002,0,0
-35.769855,0.002483368,-175.00002,0,0
-36.769855,0.002483368,-175.00002,0,0
-37.769855,0.002483368,-175.00002,0,0
-38.769855,0.002483368,-175.00002,0,0
-39.769855,0.002483368,-175.00002,0,0
-40.769855,0.002483368,-175.00002,0,0
-41.769855,0.002483368,-175.00002,0,0
-42.769855,0.002483368,-175.00002,0,0
-43.769855,0.002483368,-175.00002,0,0
-44.769855,0.002483368,-175.00002,0,0
-45.769855,0.002483368,-175.00002,0,0
-46.769855,0.002483368,-175.00002,0,0
-47.769855,0.002483368,-175.00002,0,0
-48.769855,0.002483368,-175.00002,0,0
-49.769855,0.002483368,-175.00002,0,0
49.230145,-0.99751663,-175.00002,0,0
48.230145,-0.99751663,-175.00002,0,0
47.230145,-0.99751663,-175.00002,0,0
46.230145,-0.99751663,-175.00002,0,0
45.230145,-0.99751663,-175.00002,0,0
44.230145,-0.99751663,-175.00002,0,0
43.230145,-0.99751663,-175.00002,0,0
42.230145,-0.99751663,-175.00002,0,0
41.230145,-0.99751663,-175.00002,0,0
40.230145,-0.99751663,-175.00002,0,0
39.230145,-0.99751663,-175.00002,0,0
38.230145,-0.99751663,-175.00002,0,0
37.230145,-0.99751663,-175.00002,0,0
36.230145,-0.99751663,-175.00002,0,0
35.230145,-0.99751663,-175.00002,0,0
34.230145,-0.99751663,-175.00002,0,0
33.230145,-0.99751663,-175.00002,0,0
32.230145,-0.99751663,-175.00002,0,0
31.230145,-0.99751663,-175.00002,0,0
30.230145,-0.99751663,-175.00002,0,0
29.230145,-0.99751663,-175.00002,0,0
28.230145,-0.99751663,-175.00002,0,0
27.230145,-0.99751663,-175.00002,0,0
26.230145,-0.99751663,-175.00002,0,0
25.230145,-0.99751663,-175.00002,0,0
24.230145,-0.99751663,-175.00002,0,0
23.230145,-0.99751663,-175.00002,0,0
22.230145,-0.99751663,-175.00002,0,0
21.230145,-0.99751663,-175.00002,0,27.999996
20.230145,-0.99751663,-175.00002,0.41032994,67.99999
19.230145,-0.99751663,-175.00002,0.29786932,43.999996
18.230145,-0.99751663,-175.00002,0.2653271,83.99999
17.230145,-0.99751663,-175.00002,0.24305871,95.99999
16.230145,-0.99751663,-175.00002,0.23458189,79.99999
15.2301445,-0.99751663,-175.00002,0.2739684,79.99999
14.2301445,-0.99751663,-175.00002,0.27932036,71.99999
13.2301445,-0.99751663,-175.00002,0.3590928,55.999996
12.2301445,-0.99751663,-175.00002,0.5608305,67.99999
11.2301445,-0.99751663,-175.00002,0.68730164,99.99999
10.2301445,-0.99751663,-175.00002,0.63918734,47.999996
9.2301445,-0.99751663,-175.00002,0.5720378,83.99999
8.2301445,-0.99751663,-175.00002,0.5682825,59.999996
7.2301445,-0.99751663,-175.00002,0.56175715,43.999996
6.2301445,-0.99751663,-175.00002,0.53285515,107.99999
5.2301445,-0.99751663,-175.00002,0.43245363,75.99999
4.2301445,-0.99751663,-175.00002,0.39085665,51.999996
3.2301445,-0.99751663,-175.00002,0.5115558,87.99999
2.2301445,-0.99751663,-175.00002,0.5633847,75.99999
1.2301445,-0.99751663,-175.00002,0.41292566,91.99999
0.2301445,-0.99751663,-175.00002,0.2712021,59.999996
-0.7698555,-0.99751663,-175.00002,0.31512237,95.99999
-1.7698555,-0.99751663,-175.00002,0.3610168,147.99998
-2.7698555,-0.99751663,-175.00002,0.35436225,99.99999
-3.7698555,-0.99751663,-175.00002,0.34612262,79.99999
-4.7698555,-0.99751663,-175.00002,0.38209096,71.99999
-5.7698555,-0.99751663,-175.00002,0.40868828,75.99999
-6.7698555,-0.99751663,-175.00002,0.41232383,47.999996
-7.7698555,-0.99751663,-175.00002,0.3393001,67.99999
-8.7698555,-0.99751663,-175.00002,0.18384844,31.999996
-9.7698555,-0.99751663,-175.00002,0.09476583,39.999996
-10.7698555,-0.99751663,-175.00002,0.11755479,15.999996
-11.7698555,-0.99751663,-175.00002,0.25247702,23.999996
-12.7698555,-0.99751663,-175.00002,0.2502597,35.999996
-13.7698555,-0.99751663,-175.00002,0.07211745,3.999999
-14.7698555,-0.99751663,-175.00002,0.07567509,11.999997
-15.7698555,-0.99751663,-175.00002,0.20112842,23.999996
-16.769855,-0.99751663,-175.00002,0.12624066,43.999996
-17.769855,-0.99751663,-175.00002,0.041471925,19.999996
-18.769855,-0.99751663,-175.00002,0.090423085,63.999996
-19.769855,-0.99751663,-175.00002,0.14963967,67.99999
-20.769855,-0.99751663,-175.00002,0.23145473,63.999996
-21.769855,-0.99751663,-175.00002,0.35265592,55.999996
-22.769855,-0.99751663,-175.00002,0,19.999996
-23.769855,-0.99751663,-175.00002,0,0
-24.769855,-0.99751663,-175.00002,0,0
-25.769855,-0.99751663,-175.00002,0,0
-26.769855,-0.99751663,-175.00002,0,0
-27.769855,-0.99751663,-175.00002,0,0
-28.769855,-0.99751663,-175.00002,0,0
-29.769855,-0.99751663,-175.00002,0,0
-30.769855,-0.99751663,-175.00002,0,0
-31.769855,-0.99751663,-175.00002,0,0
-32.769855,-0.99751663,-175.00002,0,0
-33.769855,-0.99751663,-175.00002,0,0
-34.769855,-0.99751663,-175.00002,0,0
-35.769855,-0.99751663,-175.00002,0,0
-36.769855,-0.99751663,-175.00002,0,0
-37.769855,-0.99751663,-175.00002,0,0
-38.769855,-0.99751663,-175.00002,0,0
-39.769855,-0.99751663,-175.00002,0,0
-40.769855,-0.99751663,-175.00002,0,0
-41.769855,-0.99751663,-175.00002,0,0
-42.769855,-0.99751663,-175.00002,0,0
-43.769855,-0.99751663,-175.00002,0,0
-44.769855,-0.99751663,-175.00002,0,0
-45.769855,-0.99751663,-175.00002,0,0
-46.769855,-0.99751663,-175.00002,0,0
-47.769855,-0.99751663,-175.00002,0,0
-48.769855,-0.99751663,-175.00002,0,0
-49.769855,-0.99751663,-175.00002,0,0
49.230145,-1.9975166,-175.00002,0,0
48.230145,-1.9975166,-175.00002,0,0
47.230145,-1.9975166,-175.00002,0,0
46.230145,-1.9975166,-175.00002,0,0
45.230145,-1.9975166,-175.00002,0,0
44.230145,-1.9975166,-175.00002,0,0
43.230145,-1.9975166,-175.00002,0,0
42.230145,-1.9975166,-175.00002,0,0
41.230145,-1.9975166,-175.00002,0,0
40.230145,-1.9975166,-175.00002,0,0
39.230145,-1.9975166,-175.00002,0,0
38.230145,-1.9975166,-175.00002,0,0
37.230145,-1.9975166,-175.00002,0,0
36.230145,-1.9975166,-175.00002,0,0
35.230145,-1.9975166,-175.00002,0,0
34.230145,-1.9975166,-175.00002,0,0
33.230145,-1.9975166,-175.00002,0,0
32.230145,-1.9975166,-175.00002,0,0
31.230145,-1.9975166,-175.00002,0,0
30.230145,-1.9975166,-175.00002,0,0
29.230145,-1.9975166,-175.00002,0,0
28.230145,-1.9975166,-175.00002,0,0
27.230145,-1.9975166,-175.00002,0,0
26.230145,-1.9975166,-175.00002,0,0
25.230145,-1.9975166,-175.00002,0,0
24.230145,-1.9975166,-175.00002,0,0
23.230145,-1.9975166,-175.00002,0,0
22.230145,-1.9975166,-175.00002,0,3.999999
21.230145,-1.9975166,-175.00002,0,11.999997
20.230145,-1.9975166,-175.00002,Infinity,71.99999
19.230145,-1.9975166,-175.00002,0.43319005,87.99999
18.230145,-1.9975166,-175.00002,0.44168067,103.99999
17.230145,-1.9975166,-175.00002,0.37028053,67.99999
16.230145,-1.9975166,-175.00002,0.31835163,95.99999
15.2301445,-1.9975166,-175.00002,0.34945932,75.99999
14.2301445,-1.9975166,-175.00002,0.4147105,115.99999
13.2301445,-1.9975166,-175.00002,0.5003491,67.99999
12.2301445,-1.9975166,-175.00002,0.6398786,55.999996
11.2301445,-1.9975166,-175.00002,0.754654,91.99999
10.2301445,-1.9975166,-175.00002,0.7341561,71.99999
9.2301445,-1.9975166,-175.00002,0.6476117,91.99999
8.2301445,-1.9975166,-175.00002,0.54461426,51.999996
7.2301445,-1.9975166,-175.00002,0.47668004,75.99999
6.2301445,-1.9975166,-175.00002,0.36966428,67.99999
5.2301445,-1.9975166,-175.00002,0.2720772,55.999996
4.2301445,-1.9975166,-175.00002,0.2566384,87.99999
3.2301445,-1.9975166,-175.00002,0.3732211,63.999996
2.2301445,-1.9975166,-175.00002,0.5081934,99.99999
1.2301445,-1.9975166,-175.00002,0.47326475,47.999996
0.2301445,-1.9975166,-175.00002,0.44272786,83.99999
-0.7698555,-1.9975166,-175.00002,0.49032083,71.99999
-1.7698555,-1.9975166,-175.00002,0.50182843,83.99999
-2.7698555,-1.9975166,-175.00002,0.46283817,79.99999
-3.7698555,-1.9975166,-175.00002,0.4827807,55.999996
-4.7698555,-1.9975166,-175.00002,0.51764345,107.99999
-5.7698555,-1.9975166,-175.00002,0.48146266,99.99999
-6.7698555,-1.9975166,-175.00002,0.4078708,47.999996
-7.7698555,-1.9975166,-175.00002,0.31231907,47.999996
-8.7698555,-1.9975166,-175.00002,0.19642061,43.999996
-9.7698555,-1.9975166,-175.00002,0.114124164,39.999996
-10.7698555,-1.9975166,-175.00002,0.07683728,23.999996
-11.7698555,-1.9975166,-175.00002,0.08834469,23.999996
-12.7698555,-1.9975166,-175.00002,0.12807299,19.999996
-13.7698555,-1.9975166,-175.00002,0.0479517,19.999996
-14.7698555,-1.9975166,-175.00002,-0.0029651525,7.999998
-15.7698555,-1.9975166,-175.00002,0.11027078,27.999996
-16.769855,-1.9975166,-175.00002,0.1284409,27.999996
-17.769855,-1.9975166,-175.00002,0.078533426,43.999996
-18.769855,-1.9975166,-175.00002,0.10699777,31.999996
-19.769855,-1.9975166,-175.00002,0.19132827,23.999996
-20.769855,-1.9975166,-175.00002,0.34755638,39.999996
-21.769855,-1.9975166,-175.00002,0.48927507,91.99999
-22.769855,-1.9975166,-175.00002,0,59.999996
-23.769855,-1.9975166,-175.00002,0,3.999999
-24.769855,-1.9975166,-175.00002,0,0
-25.769855,-1.9975166,-175.00002,0,0
-26.769855,-1.9975166,-175.00002,0,0
-27.769855,-1.9975166,-175.00002,0,0
-28.769855,-1.9975166,-175.00002,0,0
-29.769855,-1.9975166,-175.00002,0,0
-30.769855,-1.9975166,-175.00002,0,0
-31.769855,-1.9975166,-175.00002,0,0
-32.769855,-1.9975166,-175.00002,0,0
-33.769855,-1.9975166,-175.00002,0,0
-34.769855,-1.9975166,-175.00002,0,0
-35.769855,-1.9975166,-175.00002,0,0
-36.769855,-1.9975166,-175.00002,0,0
-37.769855,-1.9975166,-175.00002,0,0
-38.769855,-1.9975166,-175.00002,0,0
-39.769855,-1.9975166,-175.00002,0,0
-40.769855,-1.9975166,-175.00002,0,0
-41.769855,-1.9975166,-175.00002,0,0
-42.769855,-1.9975166,-175.00002,0,0
-43.769855,-1.9975166,-175.00002,0,0
-44.769855,-1.9975166,-175.00002,0,0
-45.769855,-1.9975166,-175.00002,0,0
-46.769855,-1.9975166,-175.00002,0,0
-47.769855,-1.9975166,-175.00002,0,0
-48.769855,-1.9975166,-175.00002,0,0
-49.769855,-1.9975166,-175.00002,0,0
49.230145,-2.9975166,-175.00002,0,0
48.230145,-2.9975166,-175.00002,0,0
47.230145,-2.9975166,-175.00002,0,0
46.230145,-2.9975166,-175.00002,0,0
45.230145,-2.9975166,-175.00002,0,0
44.230145,-2.9975166,-175.00002,0,0
43.230145,-2.9975166,-175.00002,0,0
42.230145,-2.9975166,-175.00002,0,0
41.230145,-2.9975166,-175.00002,0,0
40.230145,-2.9975166,-175.00002,0,0
39.230145,-2.9975166,-175.00002,0,0
38.230145,-2.9975166,-175.00002,0,0
37.230145,-2.9975166,-175.00002,0,0
36.230145,-2.9975166,-175.00002,0,0
35.230145,-2.9975166,-175.00002,0,0
34.230145,-2.9975166,-175.00002,0,0
33.230145,-2.9975166,-175.00002,0,0
32.230145,-2.9975166,-175.00002,0,0
31.230145,-2.9975166,-175.00002,0,0
30.230145,-2.9975166,-175.00002,0,0
29.230145,-2.9975166,-175.00002,0,0
28.230145,-2.9975166,-175.00002,0,0
27.230145,-2.9975166,-175.00002,0,0
26.230145,-2.9975166,-175.00002,0,0
25.230145,-2.9975166,-175.00002,0,0
24.230145,-2.9975166,-175.00002,0,0
23.230145,-2.9975166,-175.00002,0,0
22.230145,-2.9975166,-175.00002,0,0
21.230145,-2.9975166,-175.00002,0,3.999999
20.230145,-2.9975166,-175.00002,0,99.99999
19.230145,-2.9975166,-175.00002,0.53700346,75.99999
18.230145,-2.9975166,-175.00002,0.5639379,107.99999
17.230145,-2.9975166,-175.00002,0.4766133,87.99999
16.230145,-2.9975166,-175.00002,0.36807036,91.99999
15.2301445,-2.9975166,-175.00002,0.30467302,99.99999
14.2301445,-2.9975166,-175.00002,0.32196477,63.999996
13.2301445,-2.9975166,-175.00002,0.4980637,91.99999
12.2301445,-2.9975166,-175.00002,0.65258664,87.99999
11.2301445,-2.9975166,-175.00002,0.730283,51.999996
10.2301445,-2.9975166,-175.00002,0.74487257,87.99999
9.2301445,-2.9975166,-175.00002,0.6656345,55.999996
8.2301445,-2.9975166,-175.00002,0.552971,43.999996
7.2301445,-2.9975166,-175.00002,0.46453542,47.999996
6.2301445,-2.9975166,-175.00002,0.35148144,39.999996
5.2301445,-2.9975166,-175.00002,0.24377379,47.999996
4.2301445,-2.9975166,-175.00002,0.22516145,87.99999
3.2301445,-2.9975166,-175.00002,0.34496748,67.99999
2.2301445,-2.9975166,-175.00002,0.5589282,95.99999
1.2301445,-2.9975166,-175.00002,0.6798074,111.99999
0.2301445,-2.9975166,-175.00002,0.6790397,67.99999
-0.7698555,-2.9975166,-175.00002,0.68738323,75.99999
-1.7698555,-2.9975166,-175.00002,0.6775794,63.999996
-2.7698555,-2.9975166,-175.00002,0.64471173,63.999996
-3.7698555,-2.9975166,-175.00002,0.6486233,59.999996
-4.7698555,-2.9975166,-175.00002,0.626884,55.999996
-5.7698555,-2.9975166,-175.00002,0.53411937,59.999996
-6.7698555,-2.9975166,-175.00002,0.4066427,59.999996
-7.7698555,-2.9975166,-175.00002,0.29308772,43.999996
-8.7698555,-2.9975166,-175.00002,0.21072552,23.999996
-9.7698555,-2.9975166,-175.00002,0.1987568,87.99999
-10.7698555,-2.9975166,-175.00002,0.14106305,43.999996
-11.7698555,-2.9975166,-175.00002,0.019321773,23.999996
-12.7698555,-2.9975166,-175.00002,-0.022327434,15.999996
-13.7698555,-2.9975166,-175.00002,0.038077112,15.999996
-14.7698555,-2.9975166,-175.00002,0.06689751,7.999998
-15.7698555,-2.9975166,-175.00002,0.09851019,7.999998
-16.769855,-2.9975166,-175.00002,0.14197658,39.999996
-17.769855,-2.9975166,-175.00002,0.113421716,23.999996
-18.769855,-2.9975166,-175.00002,0.16021216,19.999996
-19.769855,-2.9975166,-175.00002,0.29115507,67.99999
-20.769855,-2.9975166,-175.00002,0.39408553,47.999996
-21.769855,-2.9975166,-175.00002,0.5097862,79.99999
-22.769855,-2.9975166,-175.00002,0,87.99999
-23.769855,-2.9975166,-175.00002,0,0
-24.769855,-2.9975166,-175.00002,0,0
-25.769855,-2.9975166,-175.00002,0,0
-26.769855,-2.9975166,-175.00002,0,0
-27.769855,-2.9975166,-175.00002,0,0
-28.769855,-2.9975166,-175.00002,0,0
-29.769855,-2.9975166,-175.00002,0,0
-30.769855,-2.9975166,-175.00002,0,0
-31.769855,-2.9975166,-175.00002,0,0
-32.769855,-2.9975166,-175.00002,0,0
-33.769855,-2.9975166,-175.00002,0,0
-34.769855,-2.9975166,-175.00002,0,0
-35.769855,-2.9975166,-175.00002,0,0
-36.769855,-2.9975166,-175.00002,0,0
-37.769855,-2.9975166,-175.00002,0,0
-38.769855,-2.9975166,-175.00002,0,0
-39.769855,-2.9975166,-175.00002,0,0
-40.769855,-2.9975166,-175.00002,0,0
-41.769855,-2.9975166,-175.00002,0,0
-42.769855,-2.9975166,-175.00002,0,0
-43.769855,-2.9975166,-175.00002,0,0
-44.769855,-2.9975166,-175.00002,0,0
-45.769855,-2.9975166,-175.00002,0,0
-46.769855,-2.9975166,-175.00002,0,0
-47.769855,-2.9975166,-175.00002,0,0
-48.769855,-2.9975166,-175.00002,0,0
-49.769855,-2.9975166,-175.00002,0,0
49.230145,-3.9975166,-175.00002,0,0
48.230145,-3.9975166,-175.00002,0,0
47.230145,-3.9975166,-175.00002,0,0
46.230145,-3.9975166,-175.00002,0,0
45.230145,-3.9975166,-175.00002,0,0
44.230145,-3.9975166,-175.00002,0,0
43.230145,-3.9975166,-175.00002,0,0
42.230145,-3.9975166,-175.00002,0,0
41.230145,-3.9975166,-175.00002,0,0
40.230145,-3.9975166,-175.00002,0,0
39.230145,-3.9975166,-175.00002,0,0
38.230145,-3.9975166,-175.00002,0,0
37.230145,-3.9975166,-175.00002,0,0
36.230145,-3.9975166,-175.00002,0,0
35.230145,-3.9975166,-175.00002,0,0
34.230145,-3.9975166,-175.00002,0,0
33.230145,-3.9975166,-175.00002,0,0
32.230145,-3.9975166,-175.00002,0,0
31.230145,-3.9975166,-175.00002,0,0
30.230145,-3.9975166,-175.00002,0,0
29.230145,-3.9975166,-175.00002,0,0
28.230145,-3.9975166,-175.00002,0,0
27.230145,-3.9975166,-175.00002,0,0
26.230145,-3.9975166,-175.00002,0,0
25.230145,-3.9975166,-175.00002,0,0
24.230145,-3.9975166,-175.00002,0,0
23.230145,-3.9975166,-175.00002,0,0
22.230145,-3.9975166,-175.00002,0,0
21.230145,-3.9975166,-175.00002,0,0
20.230145,-3.9975166,-175.00002,0,59.999996
19.230145,-3.9975166,-175.00002,0.47145402,103.99999
18.230145,-3.9975166,-175.00002,0.5691674,99.99999
17.230145,-3.9975166,-175.00002,0.5590092,127.99999
16.230145,-3.9975166,-175.00002,0.42999923,127.99999
15.2301445,-3.9975166,-175.00002,0.24246362,79.99999
14.2301445,-3.9975166,-175.00002,0.2142729,63.999996
13.2301445,-3.9975166,-175.00002,0.4136362,55.999996
12.2301445,-3.9975166,-175.00002,0.5952747,87.99999
11.2301445,-3.9975166,-175.00002,0.63473964,71.99999
10.2301445,-3.9975166,-175.00002,0.6109803,67.99999
9.2301445,-3.9975166,-175.00002,0.5853332,87.99999
8.2301445,-3.9975166,-175.00002,0.5718061,63.999996
7.2301445,-3.9975166,-175.00002,0.57526237,91.99999
6.2301445,-3.9975166,-175.00002,0.5027742,71.99999
5.2301445,-3.9975166,-175.00002,0.3605351,87.99999
4.2301445,-3.9975166,-175.00002,0.29735762,71.99999
3.2301445,-3.9975166,-175.00002,0.40868545,79.99999
2.2301445,-3.9975166,-175.00002,0.6251849,67.99999
1.2301445,-3.9975166,-175.00002,0.7271913,99.99999
0.2301445,-3.9975166,-175.00002,0.7079232,79.99999
-0.7698555,-3.9975166,-175.00002,0.7183705,111.99999
-1.7698555,-3.9975166,-175.00002,0.75630444,79.99999
-2.7698555,-3.9975166,-175.00002,0.75242865,87.99999
-3.7698555,-3.9975166,-175.00002,0.65100634,59.999996
-4.7698555,-3.9975166,-175.00002,0.5127512,95.99999
-5.7698555,-3.9975166,-175.00002,0.4532483,91.99999
-6.7698555,-3.9975166,-175.00002,0.39894962,67.99999
-7.7698555,-3.9975166,-175.00002,0.32958376,39.999996
-8.7698555,-3.9975166,-175.00002,0.2839454,47.999996
-9.7698555,-3.9975166,-175.00002,0.24348694,31.999996
-10.7698555,-3.9975166,-175.00002,0.21507093,19.999996
-11.7698555,-3.9975166,-175.00002,0.06578264,31.999996
-12.7698555,-3.9975166,-175.00002,-0.090608254,3.999999
-13.7698555,-3.9975166,-175.00002,0.04964142,23.999996
-14.7698555,-3.9975166,-175.00002,0.12182377,23.999996
-15.7698555,-3.9975166,-175.00002,0.058923226,23.999996
-16.769855,-3.9975166,-175.00002,0.13043387,43.999996
-17.769855,-3.9975166,-175.00002,0.21126857,39.999996
-18.769855,-3.9975166,-175.00002,0.2771209,51.999996
-19.769855,-3.9975166,-175.00002,0.34311077,55.999996
-20.769855,-3.9975166,-175.00002,0.39538532,43.999996
-21.769855,-3.9975166,-175.00002,Infinity,107.99999
-22.769855,-3.9975166,-175.00002,0,15.999996
-23.769855,-3.9975166,-175.00002,0,0
-24.769855,-3.9975166,-175.00002,0,0
-25.769855,-3.9975166,-175.00002,0,0
-26.769855,-3.9975166,-175.00002,0,0
-27.769855,-3.9975166,-175.00002,0,0
-28.769855,-3.9975166,-175.00002,0,0
-29.769855,-3.9975166,-175.00002,0,0
-30.769855,-3.9975166,-175.00002,0,0
-31.769855,-3.9975166,-175.00002,0,0
-32.769855,-3.9975166,-175.00002,0,0
-33.769855,-3.9975166,-175.00002,0,0
-34.769855,-3.9975166,-175.00002,0,0
-35.769855,-3.9975166,-175.00002,0,0
-36.769855,-3.9975166,-175.00002,0,0
-37.769855,-3.9975166,-175.00002,0,0
-38.769855,-3.9975166,-175.00002,0,0
-39.769855,-3.9975166,-175.00002,0,0
-40.769855,-3.9975166,-175.00002,0,0
-41.769855,-3.9975166,-175.00002,0,0
-42.769855,-3.9975166,-175.00002,0,0
-43.769855,-3.9975166,-175.00002,0,0
-44.769855,-3.9975166,-175.00002,0,0
-45.769855,-3.9975166,-175.00002,0,0
-46.769855,-3.9975166,-175.00002,0,0
-47.769855,-3.9975166,-175.00002,0,0
-48.769855,-3.9975166,-175.00002,0,0
-49.769855,-3.9975166,-175.00002,0,0
49.230145,-4.9975166,-175.00002,0,0
48.230145,-4.9975166,-175.00002,0,0
47.230145,-4.9975166,-175.00002,0,0
46.230145,-4.9975166,-175.00002,0,0
45.230145,-4.9975166,-175.00002,0,0
44.230145,-4.9975166,-175.00002,0,0
43.230145,-4.9975166,-175.00002,0,0
42.230145,-4.9975166,-175.00002,0,0
41.230145,-4.9975166,-175.00002,0,0
40.230145,-4.9975166,-175.00002,0,0
39.230145,-4.9975166,-175.00002,0,0
38.230145,-4.9975166,-175.00002,0,0
37.230145,-4.9975166,-175.00002,0,0
36.230145,-4.9975166,-175.00002,0,0
35.230145,-4.9975166,-175.00002,0,0
34.230145,-4.9975166,-175.00002,0,0
33.230145,-4.9975166,-175.00002,0,0
32.230145,-4.9975166,-175.00002,0,0
31.230145,-4.9975166,-175.00002,0,0
30.230145,-4.9975166,-175.00002,0,0
29.230145,-4.9975166,-175.00002,0,0
28.230145,-4.9975166,-175.00002,0,0
27.230145,-4.9975166,-175.00002,0,0
26.230145,-4.9975166,-175.00002,0,0
25.230145,-4.9975166,-175.00002,0,0
24.230145,-4.9975166,-175.00002,0,0
23.230145,-4.9975166,-175.00002,0,0
22.230145,-4.9975166,-175.00002,0,0
21.230145,-4.9975166,-175.00002,0,0
20.230145,-4.9975166,-175.00002,0,19.999996
19.230145,-4.9975166,-175.00002,0.44772238,75.99999
18.230145,-4.9975166,-175.00002,0.55235505,107.99999
17.230145,-4.9975166,-175.00002,0.5915888,83.99999
16.230145,-4.9975166,-175.00002,0.4338013,95.99999
15.2301445,-4.9975166,-175.00002,0.21863008,51.999996
14.2301445,-4.9975166,-175.00002,0.21730195,63.999996
13.2301445,-4.9975166,-175.00002,0.39290228,59.999996
12.2301445,-4.9975166,-175.00002,0.4653814,63.999996
11.2301445,-4.9975166,-175.00002,0.38849825,43.999996
10.2301445,-4.9975166,-175.00002,0.29643604,55.999996
9.2301445,-4.9975166,-175.00002,0.35299754,51.999996
8.2301445,-4.9975166,-175.00002,0.5011665,63.999996
7.2301445,-4.9975166,-175.00002,0.6126274,67.99999
6.2301445,-4.9975166,-175.00002,0.61420125,83.99999
5.2301445,-4.9975166,-175.00002,0.5141664,59.999996
4.2301445,-4.9975166,-175.00002,0.41629034,51.999996
3.2301445,-4.9975166,-175.00002,0.45090228,63.999996
2.2301445,-4.9975166,-175.00002,0.525206,83.99999
1.2301445,-4.9975166,-175.00002,0.5306587,67.99999
0.2301445,-4.9975166,-175.00002,0.5243259,75.99999
-0.7698555,-4.9975166,-175.00002,0.5240273,43.999996
-1.7698555,-4.9975166,-175.00002,0.5822985,47.999996
-2.7698555,-4.9975166,-175.00002,0.6051607,43.999996
-3.7698555,-4.9975166,-175.00002,0.47796014,43.999996
-4.7698555,-4.9975166,-175.00002,0.30482423,19.999996
-5.7698555,-4.9975166,-175.00002,0.3086095,39.999996
-6.7698555,-4.9975166,-175.00002,0.3839511,55.999996
-7.7698555,-4.9975166,-175.00002,0.384925,55.999996
-8.7698555,-4.9975166,-175.00002,0.32084262,43.999996
-9.7698555,-4.9975166,-175.00002,0.2877294,15.999996
-10.7698555,-4.9975166,-175.00002,0.293115,51.999996
-11.7698555,-4.9975166,-175.00002,0.1670881,31.999996
-12.7698555,-4.9975166,-175.00002,0.12717202,23.999996
-13.7698555,-4.9975166,-175.00002,0.2364465,43.999996
-14.7698555,-4.9975166,-175.00002,0.12988268,19.999996
-15.7698555,-4.9975166,-175.00002,-0.013908401,7.999998
-16.769855,-4.9975166,-175.00002,0.13444945,51.999996
-17.769855,-4.9975166,-175.00002,0.29221812,55.999996
-18.769855,-4.9975166,-175.00002,0.30606243,63.999996
-19.769855,-4.9975166,-175.00002,0.31148827,75.99999
-20.769855,-4.9975166,-175.00002,Infinity,119.99999
-21.769855,-4.9975166,-175.00002,0,79.99999
-22.769855,-4.9975166,-175.00002,0,3.999999
-23.769855,-4.9975166,-175.00002,0,0
-24.769855,-4.9975166,-175.00002,0,0
-25.769855,-4.9975166,-175.00002,0,0
-26.769855,-4.9975166,-175.00002,0,0
-27.769855,-4.9975166,-175.00002,0,0
-28.769855,-4.9975166,-175.00002,0,0
-29.769855,-4.9975166,-175.00002,0,0
-30.769855,-4.9975166,-175.00002,0,0
-31.769855,-4.9975166,-175.00002,0,0
-32.769855,-4.9975166,-175.00002,0,0
-33.769855,-4.9975166,-175.00002,0,0
-34.769855,-4.9975166,-175.00002,0,0
-35.769855,-4.9975166,-175.00002,0,0
-36.769855,-4.9975166,-175.00002,0,0
-37.769855,-4.9975166,-175.00002,0,0
-38.769855,-4.9975166,-175.00002,0,0
-39.769855,-4.9975166,-175.00002,0,0
-40.769855,-4.9975166,-175.00002,0,0
-41.769855,-4.9975166,-175.00002,0,0
-42.769855,-4.9975166,-175.00002,0,0
-43.769855,-4.9975166,-175.00002,0,0
-44.769855,-4.9975166,-175.00002,0,0
-45.769855,-4.9975166,-175.00002,0,0
-46.769855,-4.9975166,-175.00002,0,0
-47.769855,-4.9975166,-175.00002,0,0
-48.769855,-4.9975166,-175.00002,0,0
-49.769855,-4.9975166,-175.00002,0,0
49.230145,-5.9975166,-175.00002,0,0
48.230145,-5.9975166,-175.00002,0,0
47.230145,-5.9975166,-175.00002,0,0
46.230145,-5.9975166,-175.00002,0,0
45.230145,-5.9975166,-175.00002,0,0
44.230145,-5.9975166,-175.00002,0,0
43.230145,-5.9975166,-175.00002,0,0
42.230145,-5.9975166,-175.00002,0,0
41.230145,-5.9975166,-175.00002,0,0
40.230145,-5.9975166,-175.00002,0,0
39.230145,-5.9975166,-175.00002,0,0
38.230145,-5.9975166,-175.00002,0,0
37.230145,-5.9975166,-175.00002,0,0
36.230145,-5.9975166,-175.00002,0,0
35.230145,-5.9975166,-175.00002,0,0
34.230145,-5.9975166,-175.00002,0,0
33.230145,-5.9975166,-175.00002,0,0
32.230145,-5.9975166,-175.00002,0,0
31.230145,-5.9975166,-175.00002,0,0
30.230145,-5.9975166,-175.00002,0,0
29.230145,-5.9975166,-175.00002,0,0
28.230145,-5.9975166,-175.00002,0,0
27.230145,-5.9975166,-175.00002,0,0
26.230145,-5.9975166,-175.00002,0,0
25.230145,-5.9975166,-175.00002,0,0
24.230145,-5.9975166,-175.00002,0,0
23.230145,-5.9975166,-175.00002,0,0
22.230145,-5.9975166,-175.00002,0,0
21.230145,-5.9975166,-175.00002,0,0
20.230145,-5.9975166,-175.00002,0,15.999996
19.230145,-5.9975166,-175.00002,Infinity,83.99999
18.230145,-5.9975166,-175.00002,0.53731644,63.999996
17.230145,-5.9975166,-175.00002,0.52358806,87.99999
16.230145,-5.9975166,-175.00002,0.35428324,83.99999
15.2301445,-5.9975166,-175.00002,0.18684033,39.999996
14.2301445,-5.9975166,-175.00002,0.26357827,79.99999
13.2301445,-5.9975166,-175.00002,0.39526296,43.999996
12.2301445,-5.9975166,-175.00002,0.35447258,95.99999
11.2301445,-5.9975166,-175.00002,0.21532187,43.999996
10.2301445,-5.9975166,-175.00002,0.14249243,43.999996
9.2301445,-5.9975166,-175.00002,0.28881603,43.999996
8.2301445,-5.9975166,-175.00002,0.5064331,67.99999
7.2301445,-5.9975166,-175.00002,0.5873171,43.999996
6.2301445,-5.9975166,-175.00002,0.6292076,51.999996
5.2301445,-5.9975166,-175.00002,0.62336665,71.99999
4.2301445,-5.9975166,-175.00002,0.5087638,55.999996
3.2301445,-5.9975166,-175.00002,0.425221,47.999996
2.2301445,-5.9975166,-175.00002,0.41147026,59.999996
1.2301445,-5.9975166,-175.00002,0.39837307,43.999996
0.2301445,-5.9975166,-175.00002,0.3559884,51.999996
-0.7698555,-5.9975166,-175.00002,0.34603947,63.999996
-1.7698555,-5.9975166,-175.00002,0.38762358,43.999996
-2.7698555,-5.9975166,-175.00002,0.4192695,51.999996
-3.7698555,-5.9975166,-175.00002,0.35938036,43.999996
-4.7698555,-5.9975166,-175.00002,0.28160065,31.999996
-5.7698555,-5.9975166,-175.00002,0.27753335,51.999996
-6.7698555,-5.9975166,-175.00002,0.32253423,67.99999
-7.7698555,-5.9975166,-175.00002,0.3261165,59.999996
-8.7698555,-5.9975166,-175.00002,0.32208666,39.999996
-9.7698555,-5.9975166,-175.00002,0.37264925,67.99999
-10.7698555,-5.9975166,-175.00002,0.33751667,31.999996
-11.7698555,-5.9975166,-175.00002,0.28377175,31.999996
-12.7698555,-5.9975166,-175.00002,0.33548486,55.999996
-13.7698555,-5.9975166,-175.00002,0.3323488,31.999996
-14.7698555,-5.9975166,-175.00002,0.1927856,27.999996
-15.7698555,-5.9975166,-175.00002,0.11003008,23.999996
-16.769855,-5.9975166,-175.00002,0.18461674,35.999996
-17.769855,-5.9975166,-175.00002,0.2510768,39.999996
-18.769855,-5.9975166,-175.00002,0.26445907,59.999996
-19.769855,-5.9975166,-175.00002,0.2747737,103.99999
-20.769855,-5.9975166,-175.00002,0,47.999996
-21.769855,-5.9975166,-175.00002,0,15.999996
-22.769855,-5.9975166,-175.00002,0,0
-23.769855,-5.9975166,-175.00002,0,0
-24.769855,-5.9975166,-175.00002,0,0
-25.769855,-5.9975166,-175.00002,0,0
-26.769855,-5.9975166,-175.00002,0,0
-27.769855,-5.9975166,-175.00002,0,0
-28.769855,-5.9975166,-175.00002,0,0
-29.769855,-5.9975166,-175.00002,0,0
-30.769855,-5.9975166,-175.00002,0,0
-31.769855,-5.9975166,-175.00002,0,0
-32.769855,-5.9975166,-175.00002,0,0
-33.769855,-5.9975166,-175.00002,0,0
-34.769855,-5.9975166,-175.00002,0,0
-35.769855,-5.9975166,-175.00002,0,0
-36.769855,-5.9975166,-175.00002,0,0
-37.769855,-5.9975166,-175.00002,0,0
-38.769855,-5.9975166,-175.00002,0,0
-39.769855,-5.9975166,-175.00002,0,0
-40.769855,-5.9975166,-175.00002,0,0
-41.769855,-5.9975166,-175.00002,0,0
-42.769855,-5.9975166,-175.00002,0,0
-43.769855,-5.9975166,-175.00002,0,0
-44.769855,-5.9975166,-175.00002,0,0
-45.769855,-5.9975166,-175.00002,0,0
-46.769855,-5.9975166,-175.00002,0,0
-47.769855,-5.9975166,-175.00002,0,0
-48.769855,-5.9975166,-175.00002,0,0
-49.769855,-5.9975166,-175.00002,0,0
49.230145,-6.9975166,-175.00002,0,0
48.230145,-6.9975166,-175.00002,0,0
47.230145,-6.9975166,-175.00002,0,0
46.230145,-6.9975166,-175.00002,0,0
45.230145,-6.9975166,-175.00002,0,0
44.230145,-6.9975166,-175.00002,0,0
43.230145,-6.9975166,-175.00002,0,0
42.230145,-6.9975166,-175.00002,0,0
41.230145,-6.9975166,-175.00002,0,0
40.230145,-6.9975166,-175.00002,0,0
39.230145,-6.9975166,-175.00002,0,0
38.230145,-6.9975166,-175.00002,0,0
37.230145,-6.9975166,-175.00002,0,0
36.230145,-6.9975166,-175.00002,0,0
35.230145,-6.9975166,-175.00002,0,0
34.230145,-6.9975166,-175.00002,0,0
33.230145,-6.9975166,-175.00002,0,0
32.230145,-6.9975166,-175.00002,0,0
31.230145,-6.9975166,-175.00002,0,0
30.230145,-6.9975166,-175.00002,0,0
29.230145,-6.9975166,-175.00002,0,0
28.230145,-6.9975166,-175.00002,0,0
27.230145,-6.9975166,-175.00002,0,0
26.230145,-6.9975166,-175.00002,0,0
25.230145,-6.9975166,-175.00002,0,0
24.230145,-6.9975166,-175.00002,0,0
23.230145,-6.9975166,-175.00002,0,0
22.230145,-6.9975166,-175.00002,0,0
21.230145,-6.9975166,-175.00002,0,0
20.230145,-6.9975166,-175.00002,0,3.999999
19.230145,-6.9975166,-175.00002,0,83.99999
18.230145,-6.9975166,-175.00002,Infinity,83.99999
17.230145,-6.9975166,-175.00002,0.43435806,47.999996
16.230145,-6.9975166,-175.00002,0.270282,71.99999
15.2301445,-6.9975166,-175.00002,0.19620514,39.999996
14.2301445,-6.9975166,-175.00002,0.3054965,71.99999
13.2301445,-6.9975166,-175.00002,0.41379794,75.99999
12.2301445,-6.9975166,-175.00002,0.3820511,55.999996
11.2301445,-6.9975166,-175.00002,0.31749493,63.999996
10.2301445,-6.9975166,-175.00002,0.29191673,39.999996
9.2301445,-6.9975166,-175.00002,0.4293763,67.99999
8.2301445,-6.9975166,-175.00002,0.6177549,75.99999
7.2301445,-6.9975166,-175.00002,0.62921685,55.999996
6.2301445,-6.9975166,-175.00002,0.5940886,55.999996
5.2301445,-6.9975166,-175.00002,0.56650627,111.99999
4.2301445,-6.9975166,-175.00002,0.49651057,23.999996
3.2301445,-6.9975166,-175.00002,0.47792417,47.999996
2.2301445,-6.9975166,-175.00002,0.4671811,59.999996
1.2301445,-6.9975166,-175.00002,0.43836445,35.999996
0.2301445,-6.9975166,-175.00002,0.36319435,47.999996
-0.7698555,-6.9975166,-175.00002,0.28093696,27.999996
-1.7698555,-6.9975166,-175.00002,0.35404179,75.99999
-2.7698555,-6.9975166,-175.00002,0.43655035,31.999996
-3.7698555,-6.9975166,-175.00002,0.4276735,47.999996
-4.7698555,-6.9975166,-175.00002,0.38011155,39.999996
-5.7698555,-6.9975166,-175.00002,0.2887648,51.999996
-6.7698555,-6.9975166,-175.00002,0.23331124,39.999996
-7.7698555,-6.9975166,-175.00002,0.24996653,51.999996
-8.7698555,-6.9975166,-175.00002,0.3421961,23.999996
-9.7698555,-6.9975166,-175.00002,0.4134267,51.999996
-10.7698555,-6.9975166,-175.00002,0.41466108,67.99999
-11.7698555,-6.9975166,-175.00002,0.38848865,31.999996
-12.7698555,-6.9975166,-175.00002,0.35956246,23.999996
-13.7698555,-6.9975166,-175.00002,0.3032332,27.999996
-14.7698555,-6.9975166,-175.00002,0.28921783,39.999996
-15.7698555,-6.9975166,-175.00002,0.37660348,87.99999
-16.769855,-6.9975166,-175.00002,0.40006062,23.999996
-17.769855,-6.9975166,-175.00002,0.32657936,43.999996
-18.769855,-6.9975166,-175.00002,0.22877237,63.999996
-19.769855,-6.9975166,-175.00002,0,95.99999
-20.769855,-6.9975166,-175.00002,0,43.999996
-21.769855,-6.9975166,-175.00002,0,0
-22.769855,-6.9975166,-175.00002,0,0
-23.769855,-6.9975166,-175.00002,0,0
-24.769855,-6.9975166,-175.00002,0,0
-25.769855,-6.9975166,-175.00002,0,0
-26.769855,-6.9975166,-175.00002,0,0
-27.769855,-6.9975166,-175.00002,0,0
-28.769855,-6.9975166,-175.00002,0,0
-29.769855,-6.9975166,-175.00002,0,0
-30.769855,-6.9975166,-175.00002,0,0
-31.769855,-6.9975166,-175.00002,0,0
-32.769855,-6.9975166,-175.00002,0,0
-33.769855,-6.9975166,-175.00002,0,0
-34.769855,-6.9975166,-175.00002,0,0
-35.769855,-6.9975166,-175.00002,0,0
-36.769855,-6.9975166,-175.00002,0,0
-37.769855,-6.9975166,-175.00002,0,0
-38.769855,-6.9975166,-175.00002,0,0
-39.769855,-6.9975166,-175.00002,0,0
-40.769855,-6.9975166,-175.00002,0,0
-41.769855,-6.9975166,-175.00002,0,0
-42.769855,-6.9975166,-175.00002,0,0
-43.769855,-6.9975166,-175.00002,0,0
-44.769855,-6.9975166,-175.00002,0,0
-45.769855,-6.9975166,-175.00002,0,0
-46.769855,-6.9975166,-175.00002,0,0
-47.769855,-6.9975166,-175.00002,0,0
-48.769855,-6.9975166,-175.00002,0,0
-49.769855,-6.9975166,-175.00002,0,0
49.230145,-7.9975166,-175.00002,0,0
48.230145,-7.9975166,-175.00002,0,0
47.230145,-7.9975166,-175.00002,0,0
46.230145,-7.9975166,-175.00002,0,0
45.230145,-7.9975166,-175.00002,0,0
44.230145,-7.9975166,-175.00002,0,0
43.230145,-7.9975166,-175.00002,0,0
42.230145,-7.9975166,-175.00002,0,0
41.230145,-7.9975166,-175.00002,0,0
40.230145,-7.9975166,-175.00002,0,0
39.230145,-7.9975166,-175.00002,0,0
38.230145,-7.9975166,-175.00002,0,0
37.230145,-7.9975166,-175.00002,0,0
36.230145,-7.9975166,-175.00002,0,0
35.230145,-7.9975166,-175.00002,0,0
34.230145,-7.9975166,-175.00002,0,0
33.230145,-7.9975166,-175.00002,0,0
32.230145,-7.9975166,-175.00002,0,0
31.230145,-7.9975166,-175.00002,0,0
30.230145,-7.9975166,-175.00002,0,0
29.230145,-7.9975166,-175.00002,0,0
28.230145,-7.9975166,-175.00002,0,0
27.230145,-7.9975166,-175.00002,0,0
26.230145,-7.9975166,-175.00002,0,0
25.230145,-7.9975166,-175.00002,0,0
24.230145,-7.9975166,-175.00002,0,0
23.230145,-7.9975166,-175.00002,0,0
22.230145,-7.9975166,-175.00002,0,0
21.230145,-7.9975166,-175.00002,0,0
20.230145,-7.9975166,-175.00002,0,0
19.230145,-7.9975166,-175.00002,0,11.999997
18.230145,-7.9975166,-175.00002,Infinity,47.999996
17.230145,-7.9975166,-175.00002,0.36106282,47.999996
16.230145,-7.9975166,-175.00002,0.2650227,59.999996
15.2301445,-7.9975166,-175.00002,0.28831062,47.999996
14.2301445,-7.9975166,-175.00002,0.3637715,79.99999
13.2301445,-7.9975166,-175.00002,0.4276518,43.999996
12.2301445,-7.9975166,-175.00002,0.48550102,59.999996
11.2301445,-7.9975166,-175.00002,0.4558781,75.99999
10.2301445,-7.9975166,-175.00002,0.40776533,39.999996
9.2301445,-7.9975166,-175.00002,0.47271183,35.999996
8.2301445,-7.9975166,-175.00002,0.574316,79.99999
7.2301445,-7.9975166,-175.00002,0.598565,71.99999
6.2301445,-7.9975166,-175.00002,0.608965,39.999996
5.2301445,-7.9975166,-175.00002,0.6040586,63.999996
4.2301445,-7.9975166,-175.00002,0.598284,31.999996
3.2301445,-7.9975166,-175.00002,0.58941376,47.999996
2.2301445,-7.9975166,-175.00002,0.5161775,67.99999
1.2301445,-7.9975166,-175.00002,0.47373196,39.999996
0.2301445,-7.9975166,-175.00002,0.4270603,63.999996
-0.7698555,-7.9975166,-175.00002,0.31253552,51.999996
-1.7698555,-7.9975166,-175.00002,0.34823212,35.999996
-2.7698555,-7.9975166,-175.00002,0.4867026,47.999996
-3.7698555,-7.9975166,-175.00002,0.4632576,67.99999
-4.7698555,-7.9975166,-175.00002,0.34358737,51.999996
-5.7698555,-7.9975166,-175.00002,0.22702603,59.999996
-6.7698555,-7.9975166,-175.00002,0.1798445,47.999996
-7.7698555,-7.9975166,-175.00002,0.2786853,99.99999
-8.7698555,-7.9975166,-175.00002,0.40601793,47.999996
-9.7698555,-7.9975166,-175.00002,0.48233598,47.999996
-10.7698555,-7.9975166,-175.00002,0.50063086,55.999996
-11.7698555,-7.9975166,-175.00002,0.41875967,39.999996
-12.7698555,-7.9975166,-175.00002,0.32238597,35.999996
-13.7698555,-7.9975166,-175.00002,0.2835269,31.999996
-14.7698555,-7.9975166,-175.00002,0.33203787,43.999996
-15.7698555,-7.9975166,-175.00002,0.49866867,67.99999
-16.769855,-7.9975166,-175.00002,0.6215905,87.99999
-17.769855,-7.9975166,-175.00002,0.43167055,91.99999
-18.769855,-7.9975166,-175.00002,0.18352197,75.99999
-19.769855,-7.9975166,-175.00002,0,51.999996
-20.769855,-7.9975166,-175.00002,0,0
-21.769855,-7.9975166,-175.00002,0,0
-22.769855,-7.9975166,-175.00002,0,0
-23.769855,-7.9975166,-175.00002,0,0
-24.769855,-7.9975166,-175.00002,0,0
-25.769855,-7.9975166,-175.00002,0,0
-26.769855,-7.9975166,-175.00002,0,0
-27.769855,-7.9975166,-175.00002,0,0
-28.769855,-7.9975166,-175.00002,0,0
-29.769855,-7.9975166,-175.00002,0,0
-30.769855,-7.9975166,-175.00002,0,0
-31.769855,-7.9975166,-175.00002,0,0
-32.769855,-7.9975166,-175.00002,0,0
-33.769855,-7.9975166,-175.00002,0,0
-34.769855,-7.9975166,-175.00002,0,0
-35.769855,-7.9975166,-175.00002,0,0
-36.769855,-7.9975166,-175.00002,0,0
-37.769855,-7.9975166,-175.00002,0,0
-38.769855,-7.9975166,-175.00002,0,0
-39.769855,-7.9975166,-175.00002,0,0
-40.769855,-7.9975166,-175.00002,0,0
-41.769855,-7.9975166,-175.00002,0,0
-42.769855,-7.9975166,-175.00002,0,0
-43.769855,-7.9975166,-175.00002,0,0
-44.769855,-7.9975166,-175.00002,0,0
-45.769855,-7.9975166,-175.00002,0,0
-46.769855,-7.9975166,-175.00002,0,0
-47.769855,-7.9975166,-175.00002,0,0
-48.769855,-7.9975166,-175.00002,0,0
-49.769855,-7.9975166,-175.00002,0,0
49.230145,-8.997517,-175.00002,0,0
48.230145,-8.997517,-175.00002,0,0
47.230145,-8.997517,-175.00002,0,0
46.230145,-8.997517,-175.00002,0,0
45.230145,-8.997517,-175.00002,0,0
44.230145,-8.997517,-175.00002,0,0
43.230145,-8.997517,-175.00002,0,0
42.230145,-8.997517,-175.00002,0,0
41.230145,-8.997517,-175.00002,0,0
40.230145,-8.997517,-175.00002,0,0
39.230145,-8.997517,-175.00002,0,0
38.230145,-8.997517,-175.00002,0,0
37.230145,-8.997517,-175.00002,0,0
36.230145,-8.997517,-175.00002,0,0
35.230145,-8.997517,-175.00002,0,0
34.230145,-8.997517,-175.00002,0,0
33.230145,-8.997517,-175.00002,0,0
32.230145,-8.997517,-175.00002,0,0
31.230145,-8.997517,-175.00002,0,0
30.230145,-8.997517,-175.00002,0,0
29.230145,-8.997517,-175.00002,0,0
28.230145,-8.997517,-175.00002,0,0
27.230145,-8.997517,-175.00002,0,0
26.230145,-8.997517,-175.00002,0,0
25.230145,-8.997517,-175.00002,0,0
24.230145,-8.997517,-175.00002,0,0
23.230145,-8.997517,-175.00002,0,0
22.230145,-8.997517,-175.00002,0,0
21.230145,-8.997517,-175.00002,0,0
20.230145,-8.997517,-175.00002,0,0
19.230145,-8.997517,-175.00002,0,3.999999
18.230145,-8.997517,-175.00002,0,35.999996
17.230145,-8.997517,-175.00002,Infinity,31.999996
16.230145,-8.997517,-175.00002,0.3312296,23.999996
15.2301445,-8.997517,-175.00002,0.34275565,71.99999
14.2301445,-8.997517,-175.00002,0.3151623,31.999996
13.2301445,-8.997517,-175.00002,0.38833547,35.999996
12.2301445,-8.997517,-175.00002,0.4821366,31.999996
11.2301445,-8.997517,-175.00002,0.43144864,51.999996
10.2301445,-8.997517,-175.00002,0.3886411,19.999996
9.2301445,-8.997517,-175.00002,0.45317525,51.999996
8.2301445,-8.997517,-175.00002,0.49074316,39.999996
7.2301445,-8.997517,-175.00002,0.48553896,59.999996
6.2301445,-8.997517,-175.00002,0.5952243,55.999996
5.2301445,-8.997517,-175.00002,0.7631409,43.999996
4.2301445,-8.997517,-175.00002,0.7806407,39.999996
3.2301445,-8.997517,-175.00002,0.6359056,27.999996
2.2301445,-8.997517,-175.00002,0.52089655,27.999996
1.2301445,-8.997517,-175.00002,0.46817896,31.999996
0.2301445,-8.997517,-175.00002,0.4535144,35.999996
-0.7698555,-8.997517,-175.00002,0.3857445,43.999996
-1.7698555,-8.997517,-175.00002,0.4084109,51.999996
-2.7698555,-8.997517,-175.00002,0.47183126,47.999996
-3.7698555,-8.997517,-175.00002,0.43323785,67.99999
-4.7698555,-8.997517,-175.00002,0.27609354,55.999996
-5.7698555,-8.997517,-175.00002,0.18704118,31.999996
-6.7698555,-8.997517,-175.00002,0.23444456,95.99999
-7.7698555,-8.997517,-175.00002,0.35252592,67.99999
-8.7698555,-8.997517,-175.00002,0.4969483,83.99999
-9.7698555,-8.997517,-175.00002,0.5663664,71.99999
-10.7698555,-8.997517,-175.00002,0.48987073,47.999996
-11.7698555,-8.997517,-175.00002,0.34052283,47.999996
-12.7698555,-8.997517,-175.00002,0.28591967,35.999996
-13.7698555,-8.997517,-175.00002,0.32919794,39.999996
-14.7698555,-8.997517,-175.00002,0.39581284,39.999996
-15.7698555,-8.997517,-175.00002,0.5280651,67.99999
-16.769855,-8.997517,-175.00002,0.58245397,95.99999
-17.769855,-8.997517,-175.00002,0.4096884,83.99999
-18.769855,-8.997517,-175.00002,0,91.99999
-19.769855,-8.997517,-175.00002,0,15.999996
-20.769855,-8.997517,-175.00002,0,0
-21.769855,-8.997517,-175.00002,0,0
-22.769855,-8.997517,-175.00002,0,0
-23.769855,-8.997517,-175.00002,0,0
-24.769855,-8.997517,-175.00002,0,0
-25.769855,-8.997517,-175.00002,0,0
-26.769855,-8.997517,-175.00002,0,0
-27.769855,-8.997517,-175.00002,0,0
-28.769855,-8.997517,-175.00002,0,0
-29.769855,-8.997517,-175.00002,0,0
-30.769855,-8.997517,-175.00002,0,0
-31.769855,-8.997517,-175.00002,0,0
-32.769855,-8.997517,-175.00002,0,0
-33.769855,-8.997517,-175.00002,0,0
-34.769855,-8.997517,-175.00002,0,0
-35.769855,-8.997517,-175.00002,0,0
-36.769855,-8.997517,-175.00002,0,0
-37.769855,-8.997517,-175.00002,0,0
-38.769855,-8.997517,-175.00002,0,0
-39.769855,-8.997517,-175.00002,0,0
-40.769855,-8.997517,-175.00002,0,0
-41.769855,-8.997517,-175.00002,0,0
-42.769855,-8.997517,-175.00002,0,0
-43.769855,-8.997517,-175.00002,0,0
-44.769855,-8.997517,-175.00002,0,0
-45.769855,-8.997517,-175.00002,0,0
-46.769855,-8.997517,-175.00002,0,0
-47.769855,-8.997517,-175.00002,0,0
-48.769855,-8.997517,-175.00002,0,0
-49.769855,-8.997517,-175.00002,0,0
49.230145,-9.997517,-175.00002,0,0
48.230145,-9.997517,-175.00002,0,0
47.230145,-9.997517,-175.00002,0,0
46.230145,-9.997517,-175.00002,0,0
45.230145,-9.997517,-175.00002,0,0
44.230145,-9.997517,-175.00002,0,0
43.230145,-9.997517,-175.00002,0,0
42.230145,-9.997517,-175.00002,0,0
41.230145,-9.997517,-175.00002,0,0
40.230145,-9.997517,-175.00002,0,0
39.230145,-9.997517,-175.00002,0,0
38.230145,-9.997517,-175.00002,0,0
37.230145,-9.997517,-175.00002,0,0
36.230145,-9.997517,-175.00002,0,0
35.230145,-9.997517,-175.00002,0,0
34.230145,-9.997517,-175.00002,0,0
33.230145,-9.997517,-175.00002,0,0
32.230145,-9.997517,-175.00002,0,0
31.230145,-9.997517,-175.00002,0,0
30.230145,-9.997517,-175.00002,0,0
29.230145,-9.997517,-175.00002,0,0
28.230145,-9.997517,-175.00002,0,0
27.230145,-9.997517,-175.00002,0,0
26.230145,-9.997517,-175.00002,0,0
25.230145,-9.997517,-175.00002,0,0
24.230145,-9.997517,-175.00002,0,0
23.230145,-9.997517,-175.00002,0,0
22.230145,-9.997517,-175.00002,0,0
21.230145,-9.997517,-175.00002,0,0
20.230145,-9.997517,-175.00002,0,0
19.230145,-9.997517,-175.00002,0,0
18.230145,-9.997517,-175.00002,0,19.999996
17.230145,-9.997517,-175.00002,0,35.999996
16.230145,-9.997517,-175.00002,0.45729953,59.999996
15.2301445,-9.997517,-175.00002,0.34396076,63.999996
14.2301445,-9.997517,-175.00002,0.3175454,27.999996
13.2301445,-9.997517,-175.00002,0.40564233,51.999996
12.2301445,-9.997517,-175.00002,0.47123504,51.999996
11.2301445,-9.997517,-175.00002,0.4097944,43.999996
10.2301445,-9.997517,-175.00002,0.3530326,51.999996
9.2301445,-9.997517,-175.00002,0.37392455,67.99999
8.2301445,-9.997517,-175.00002,0.42745677,59.999996
7.2301445,-9.997517,-175.00002,0.41120625,63.999996
6.2301445,-9.997517,-175.00002,0.48099893,43.999996
5.2301445,-9.997517,-175.00002,0.6269219,55.999996
4.2301445,-9.997517,-175.00002,0.6960665,47.999996
3.2301445,-9.997517,-175.00002,0.61422974,55.999996
2.2301445,-9.997517,-175.00002,0.4930003,39.999996
1.2301445,-9.997517,-175.00002,0.45154172,35.999996
0.2301445,-9.997517,-175.00002,0.44247,51.999996
-0.7698555,-9.997517,-175.00002,0.44338328,55.999996
-1.7698555,-9.997517,-175.00002,0.48430243,59.999996
-2.7698555,-9.997517,-175.00002,0.54807985,79.99999
-3.7698555,-9.997517,-175.00002,0.44179574,83.99999
-4.7698555,-9.997517,-175.00002,0.307038,63.999996
-5.7698555,-9.997517,-175.00002,0.26230484,55.999996
-6.7698555,-9.997517,-175.00002,0.3162965,59.999996
-7.7698555,-9.997517,-175.00002,0.4208196,95.99999
-8.7698555,-9.997517,-175.00002,0.5409513,75.99999
-9.7698555,-9.997517,-175.00002,0.568761,91.99999
-10.7698555,-9.997517,-175.00002,0.42102468,39.999996
-11.7698555,-9.997517,-175.00002,0.26056302,67.99999
-12.7698555,-9.997517,-175.00002,0.2219367,63.999996
-13.7698555,-9.997517,-175.00002,0.32683977,63.999996
-14.7698555,-9.997517,-175.00002,0.45096618,91.99999
-15.7698555,-9.997517,-175.00002,0.4900483,71.99999
-16.769855,-9.997517,-175.00002,0.50794995,63.999996
-17.769855,-9.997517,-175.00002,0,79.99999
-18.769855,-9.997517,-175.00002,0,11.999997
-19.769855,-9.997517,-175.00002,0,0
-20.769855,-9.997517,-175.00002,0,0
-21.769855,-9.997517,-175.00002,0,0
-22.769855,-9.997517,-175.00002,0,0
-23.769855,-9.997517,-175.00002,0,0
-24.769855,-9.997517,-175.00002,0,0
-25.769855,-9.997517,-175.00002,0,0
-26.769855,-9.997517,-175.00002,0,0
-27.769855,-9.997517,-175.00002,0,0
-28.769855,-9.997517,-175.00002,0,0
-29.769855,-9.997517,-175.00002,0,0
-30.769855,-9.997517,-175.00002,0,0
-31.769855,-9.997517,-175.00002,0,0
-32.769855,-9.997517,-175.00002,0,0
-33.769855,-9.997517,-175.00002,0,0
-34.769855,-9.997517,-175.00002,0,0
-35.769855,-9.997517,-175.00002,0,0
-36.769855,-9.997517,-175.00002,0,0
-37.769855,-9.997517,-175.00002,0,0
-38.769855,-9.997517,-175.00002,0,0
-39.769855,-9.997517,-175.00002,0,0
-40.769855,-9.997517,-175.00002,0,0
-41.769855,-9.997517,-175.00002,0,0
-42.769855,-9.997517,-175.00002,0,0
-43.769855,-9.997517,-175.00002,0,0
-44.769855,-9.997517,-175.00002,0,0
-45.769855,-9.997517,-175.00002,0,0
-46.769855,-9.997517,-175.00002,0,0
-47.769855,-9.997517,-175.00002,0,0
-48.769855,-9.997517,-175.00002,0,0
-49.769855,-9.997517,-175.00002,0,0
49.230145,-10.997517,-175.00002,0,0
48.230145,-10.997517,-175.00002,0,0
47.230145,-10.997517,-175.00002,0,0
46.230145,-10.997517,-175.00002,0,0
45.230145,-10.997517,-175.00002,0,0
44.230145,-10.997517,-175.00002,0,0
43.230145,-10.997517,-175.00002,0,0
42.230145,-10.997517,-175.00002,0,0
41.230145,-10.997517,-175.00002,0,0
40.230145,-10.997517,-175.00002,0,0
39.230145,-10.997517,-175.00002,0,0
38.230145,-10.997517,-175.00002,0,0
37.230145,-10.997517,-175.00002,0,0
36.230145,-10.997517,-175.00002,0,0
35.230145,-10.997517,-175.00002,0,0
34.230145,-10.997517,-175.00002,0,0
33.230145,-10.997517,-175.00002,0,0
32.230145,-10.997517,-175.00002,0,0
31.230145,-10.997517,-175.00002,0,0
30.230145,-10.997517,-175.00002,0,0
29.230145,-10.997517,-175.00002,0,0
28.230145,-10.997517,-175.00002,0,0
27.230145,-10.997517,-175.00002,0,0
26.230145,-10.997517,-175.00002,0,0
25.230145,-10.997517,-175.00002,0,0
24.230145,-10.997517,-175.00002,0,0
23.230145,-10.997517,-175.00002,0,0
22.230145,-10.997517,-175.00002,0,0
21.230145,-10.997517,-175.00002,0,0
20.230145,-10.997517,-175.00002,0,0
19.230145,-10.997517,-175.00002,0,0
18.230145,-10.997517,-175.00002,0,0
17.230145,-10.997517,-175.00002,0,39.999996
16.230145,-10.997517,-175.00002,0,75.99999
15.2301445,-10.997517,-175.00002,0.43618768,83.99999
14.2301445,-10.997517,-175.00002,0.4506243,31.999996
13.2301445,-10.997517,-175.00002,0.483756,91.99999
12.2301445,-10.997517,-175.00002,0.50088686,35.999996
11.2301445,-10.997517,-175.00002,0.49674934,87.99999
10.2301445,-10.997517,-175.00002,0.36131084,51.999996
9.2301445,-10.997517,-175.00002,0.27571383,35.999996
8.2301445,-10.997517,-175.00002,0.35274506,51.999996
7.2301445,-10.997517,-175.00002,0.4194933,39.999996
6.2301445,-10.997517,-175.00002,0.44524866,55.999996
5.2301445,-10.997517,-175.00002,0.46661845,35.999996
4.2301445,-10.997517,-175.00002,0.5224012,35.999996
3.2301445,-10.997517,-175.00002,0.52517587,55.999996
2.2301445,-10.997517,-175.00002,0.42940962,31.999996
1.2301445,-10.997517,-175.00002,0.38165864,39.999996
0.2301445,-10.997517,-175.00002,0.41458875,87.99999
-0.7698555,-10.997517,-175.00002,0.4488469,79.99999
-1.7698555,-10.997517,-175.00002,0.5386632,71.99999
-2.7698555,-10.997517,-175.00002,0.5534752,63.999996
-3.7698555,-10.997517,-175.00002,0.43497568,95.99999
-4.7698555,-10.997517,-175.00002,0.2954707,59.999996
-5.7698555,-10.997517,-175.00002,0.30042458,75.99999
-6.7698555,-10.997517,-175.00002,0.39755112,91.99999
-7.7698555,-10.997517,-175.00002,0.5115921,71.99999
-8.7698555,-10.997517,-175.00002,0.60705626,75.99999
-9.7698555,-10.997517,-175.00002,0.5445229,79.99999
-10.7698555,-10.997517,-175.00002,0.3700981,47.999996
-11.7698555,-10.997517,-175.00002,0.21106139,43.999996
-12.7698555,-10.997517,-175.00002,0.16534574,59.999996
-13.7698555,-10.997517,-175.00002,0.24618062,39.999996
-14.7698555,-10.997517,-175.00002,0.39903247,115.99999
-15.7698555,-10.997517,-175.00002,0.46820438,79.99999
-16.769855,-10.997517,-175.00002,0,79.99999
-17.769855,-10.997517,-175.00002,0,27.999996
-18.769855,-10.997517,-175.00002,0,0
-19.769855,-10.997517,-175.00002,0,0
-20.769855,-10.997517,-175.00002,0,0
-21.769855,-10.997517,-175.00002,0,0
-22.769855,-10.997517,-175.00002,0,0
-23.769855,-10.997517,-175.00002,0,0
-24.769855,-10.997517,-175.00002,0,0
-25.769855,-10.997517,-175.00002,0,0
-26.769855,-10.997517,-175.00002,0,0
-27.769855,-10.997517,-175.00002,0,0
-28.769855,-10.997517,-175.00002,0,0
-29.769855,-10.997517,-175.00002,0,0
-30.769855,-10.997517,-175.00002,0,0
-31.769855,-10.997517,-175.00002,0,0
-32.769855,-10.997517,-175.00002,0,0
-33.769855,-10.997517,-175.00002,0,0
-34.769855,-10.997517,-175.00002,0,0
-35.769855,-10.997517,-175.00002,0,0
-36.769855,-10.997517,-175.00002,0,0
-37.769855,-10.997517,-175.00002,0,0
-38.769855,-10.997517,-175.00002,0,0
-39.769855,-10.997517,-175.00002,0,0
-40.769855,-10.997517,-175.00002,0,0
-41.769855,-10.997517,-175.00002,0,0
-42.769855,-10.997517,-175.00002,0,0
-43.769855,-10.997517,-175.00002,0,0
-44.769855,-10.997517,-175.00002,0,0
-45.769855,-10.997517,-175.00002,0,0
-46.769855,-10.997517,-175.00002,0,0
-47.769855,-10.997517,-175.00002,0,0
-48.769855,-10.997517,-175.00002,0,0
-49.769855,-10.997517,-175.00002,0,0
49.230145,-11.997517,-175.00002,0,0
48.230145,-11.997517,-175.00002,0,0
47.230145,-11.997517,-175.00002,0,0
46.230145,-11.997517,-175.00002,0,0
45.230145,-11.997517,-175.00002,0,0
44.230145,-11.997517,-175.00002,0,0
43.230145,-11.997517,-175.00002,0,0
42.230145,-11.997517,-175.00002,0,0
41.230145,-11.997517,-175.00002,0,0
40.230145,-11.997517,-175.00002,0,0
39.230145,-11.997517,-175.00002,0,0
38.230145,-11.997517,-175.00002,0,0
37.230145,-11.997517,-175.00002,0,0
36.230145,-11.997517,-175.00002,0,0
35.230145,-11.997517,-175.00002,0,0
34.230145,-11.997517,-175.00002,0,0
33.230145,-11.997517,-175.00002,0,0
32.230145,-11.997517,-175.00002,0,0
31.230145,-11.997517,-175.00002,0,0
30.230145,-11.997517,-175.00002,0,0
29.230145,-11.997517,-175.00002,0,0
28.230145,-11.997517,-175.00002,0,0
27.230145,-11.997517,-175.00002,0,0
26.230145,-11.997517,-175.00002,0,0
25.230145,-11.997517,-175.00002,0,0
24.230145,-11.997517,-175.00002,0,0
23.230145,-11.997517,-175.00002,0,0
22.230145,-11.997517,-175.00002,0,0
21.230145,-11.997517,-175.00002,0,0
20.230145,-11.997517,-175.00002,0,0
19.230145,-11.997517,-175.00002,0,0
18.230145,-11.997517,-175.00002,0,0
17.230145,-11.997517,-175.00002,0,0
16.230145,-11.997517,-175.00002,0,23.999996
15.2301445,-11.997517,-175.00002,0.50655997,95.99999
14.2301445,-11.997517,-175.00002,0.5117825,59.999996
13.2301445,-11.997517,-175.00002,0.4869683,55.999996
12.2301445,-11.997517,-175.00002,0.5409472,83.99999
11.2301445,-11.997517,-175.00002,0.56442094,75.99999
10.2301445,-11.997517,-175.00002,0.42872468,67.99999
9.2301445,-11.997517,-175.00002,0.31034034,55.999996
8.2301445,-11.997517,-175.00002,0.3871841,51.999996
7.2301445,-11.997517,-175.00002,0.47942686,31.999996
6.2301445,-11.997517,-175.00002,0.5090449,43.999996
5.2301445,-11.997517,-175.00002,0.5122203,83.99999
4.2301445,-11.997517,-175.00002,0.4998575,51.999996
3.2301445,-11.997517,-175.00002,0.4296313,59.999996
2.2301445,-11.997517,-175.00002,0.29660156,27.999996
1.2301445,-11.997517,-175.00002,0.273257,55.999996
0.2301445,-11.997517,-175.00002,0.3291901,31.999996
-0.7698555,-11.997517,-175.00002,0.39580953,67.99999
-1.7698555,-11.997517,-175.00002,0.45031926,83.99999
-2.7698555,-11.997517,-175.00002,0.45649838,71.99999
-3.7698555,-11.997517,-175.00002,0.32357502,63.999996
-4.7698555,-11.997517,-175.00002,0.19997913,31.999996
-5.7698555,-11.997517,-175.00002,0.23875615,55.999996
-6.7698555,-11.997517,-175.00002,0.42907304,55.999996
-7.7698555,-11.997517,-175.00002,0.6219655,95.99999
-8.7698555,-11.997517,-175.00002,0.6481503,59.999996
-9.7698555,-11.997517,-175.00002,0.5094368,107.99999
-10.7698555,-11.997517,-175.00002,0.30945432,59.999996
-11.7698555,-11.997517,-175.00002,0.15488465,51.999996
-12.7698555,-11.997517,-175.00002,0.13367297,63.999996
-13.7698555,-11.997517,-175.00002,0.22698516,71.99999
-14.7698555,-11.997517,-175.00002,0.39813578,67.99999
-15.7698555,-11.997517,-175.00002,0,83.99999
-16.769855,-11.997517,-175.00002,0,27.999996
-17.769855,-11.997517,-175.00002,0,0
-18.769855,-11.997517,-175.00002,0,0
-19.769855,-11.997517,-175.00002,0,0
-20.769855,-11.997517,-175.00002,0,0
-21.769855,-11.997517,-175.00002,0,0
-22.769855,-11.997517,-175.00002,0,0
-23.769855,-11.997517,-175.00002,0,0
-24.769855,-11.997517,-175.00002,0,0
-25.769855,-11.997517,-175.00002,0,0
-26.769855,-11.997517,-175.00002,0,0
-27.769855,-11.997517,-175.00002,0,0
-28.769855,-11.997517,-175.00002,0,0
-29.769855,-11.997517,-175.00002,0,0
-30.769855,-11.997517,-175.00002,0,0
-31.769855,-11.997517,-175.00002,0,0
-32.769855,-11.997517,-175.00002,0,0
-33.769855,-11.997517,-175.00002,0,0
-34.769855,-11.997517,-175.00002,0,0
-35.769855,-11.997517,-175.00002,0,0
-36.769855,-11.997517,-175.00002,0,0
-37.769855,-11.997517,-175.00002,0,0
-38.769855,-11.997517,-175.00002,0,0
-39.769855,-11.997517,-175.00002,0,0
-40.769855,-11.997517,-175.00002,0,0
-41.769855,-11.997517,-175.00002,0,0
-42.769855,-11.997517,-175.00002,0,0
-43.769855,-11.997517,-175.00002,0,0
-44.769855,-11.997517,-175.00002,0,0
-45.769855,-11.997517,-175.00002,0,0
-46.769855,-11.997517,-175.00002,0,0
-47.769855,-11.997517,-175.00002,0,0
-48.769855,-11.997517,-175.00002,0,0
-49.769855,-11.997517,-175.00002,0,0
49.230145,-12.997517,-175.00002,0,0
48.230145,-12.997517,-175.00002,0,0
47.230145,-12.997517,-175.00002,0,0
46.230145,-12.997517,-175.00002,0,0
45.230145,-12.997517,-175.00002,0,0
44.230145,-12.997517,-175.00002,0,0
43.230145,-12.997517,-175.00002,0,0
42.230145,-12.997517,-175.00002,0,0
41.230145,-12.997517,-175.00002,0,0
40.230145,-12.997517,-175.00002,0,0
39.230145,-12.997517,-175.00002,0,0
38.230145,-12.997517,-175.00002,0,0
37.230145,-12.997517,-175.00002,0,0
36.230145,-12.997517,-175.00002,0,0
35.230145,-12.997517,-175.00002,0,0
34.230145,-12.997517,-175.00002,0,0
33.230145,-12.997517,-175.00002,0,0
32.230145,-12.997517,-175.00002,0,0
31.230145,-12.997517,-175.00002,0,0
30.230145,-12.997517,-175.00002,0,0
29.230145,-12.997517,-175.00002,0,0
28.230145,-12.997517,-175.00002,0,0
27.230145,-12.997517,-175.00002,0,0
26.230145,-12.997517,-175.00002,0,0
25.230145,-12.997517,-175.00002,0,0
24.230145,-12.997517,-175.00002,0,0
23.230145,-12.997517,-175.00002,0,0
22.230145,-12.997517,-175.00002,0,0
21.230145,-12.997517,-175.00002,0,0
20.230145,-12.997517,-175.00002,0,0
19.230145,-12.997517,-175.00002,0,0
18.230145,-12.997517,-175.00002,0,0
17.230145,-12.997517,-175.00002,0,0
16.230145,-12.997517,-175.00002,0,11.999997
15.2301445,-12.997517,-175.00002,0,39.999996
14.2301445,-12.997517,-175.00002,-Infinity,51.999996
13.2301445,-12.997517,-175.00002,0.48614466,103.99999
12.2301445,-12.997517,-175.00002,0.5368135,63.999996
11.2301445,-12.997517,-175.00002,0.5575334,91.99999
10.2301445,-12.997517,-175.00002,0.45732692,103.99999
9.2301445,-12.997517,-175.00002,0.40434396,35.999996
8.2301445,-12.997517,-175.00002,0.47379223,55.999996
7.2301445,-12.997517,-175.00002,0.53316325,55.999996
6.2301445,-12.997517,-175.00002,0.54598963,59.999996
5.2301445,-12.997517,-175.00002,0.55651665,59.999996
4.2301445,-12.997517,-175.00002,0.4961453,39.999996
3.2301445,-12.997517,-175.00002,0.40457308,55.999996
2.2301445,-12.997517,-175.00002,0.29279274,23.999996
1.2301445,-12.997517,-175.00002,0.2947685,35.999996
0.2301445,-12.997517,-175.00002,0.3528636,55.999996
-0.7698555,-12.997517,-175.00002,0.35225305,59.999996
-1.7698555,-12.997517,-175.00002,0.3692065,55.999996
-2.7698555,-12.997517,-175.00002,0.402712,71.99999
-3.7698555,-12.997517,-175.00002,0.31884676,67.99999
-4.7698555,-12.997517,-175.00002,0.21493469,43.999996
-5.7698555,-12.997517,-175.00002,0.28605723,35.999996
-6.7698555,-12.997517,-175.00002,0.50135016,51.999996
-7.7698555,-12.997517,-175.00002,0.64846385,71.99999
-8.7698555,-12.997517,-175.00002,0.62782526,99.99999
-9.7698555,-12.997517,-175.00002,0.4499709,67.99999
-10.7698555,-12.997517,-175.00002,0.22436932,67.99999
-11.7698555,-12.997517,-175.00002,0.09458521,43.999996
-12.7698555,-12.997517,-175.00002,0.1351149,35.999996
-13.7698555,-12.997517,-175.00002,0.26819307,39.999996
-14.7698555,-12.997517,-175.00002,0,67.99999
-15.7698555,-12.997517,-175.00002,0,15.999996
-16.769855,-12.997517,-175.00002,0,0
-17.769855,-12.997517,-175.00002,0,0
-18.769855,-12.997517,-175.00002,0,0
-19.769855,-12.997517,-175.00002,0,0
-20.769855,-12.997517,-175.00002,0,0
-21.769855,-12.997517,-175.00002,0,0
-22.769855,-12.997517,-175.00002,0,0
-23.769855,-12.997517,-175.00002,0,0
-24.769855,-12.997517,-175.00002,0,0
-25.769855,-12.997517,-175.00002,0,0
-26.769855,-12.997517,-175.00002,0,0
-27.769855,-12.997517,-175.00002,0,0
-28.769855,-12.997517,-175.00002,0,0
-29.769855,-12.997517,-175.00002,0,0
-30.769855,-12.997517,-175.00002,0,0
-31.769855,-12.997517,-175.00002,0,0
-32.769855,-12.997517,-175.00002,0,0
-33.769855,-12.997517,-175.00002,0,0
-34.769855,-12.997517,-175.00002,0,0
-35.769855,-12.997517,-175.00002,0,0
-36.769855,-12.997517,-175.00002,0,0
-37.769855,-12.997517,-175.00002,0,0
-38.769855,-12.997517,-175.00002,0,0
-39.769855,-12.997517,-175.00002,0,0
-40.769855,-12.997517,-175.00002,0,0
-41.769855,-12.997517,-175.00002,0,0
-42.769855,-12.997517,-175.00002,0,0
-43.769855,-12.997517,-175.00002,0,0
-44.769855,-12.997517,-175.00002,0,0
-45.769855,-12.997517,-175.00002,0,0
-46.769855,-12.997517,-175.00002,0,0
-47.769855,-12.997517,-175.00002,0,0
-48.769855,-12.997517,-175.00002,0,0
-49.769855,-12.997517,-175.00002,0,0
49.230145,-13.997517,-175.00002,0,0
48.230145,-13.997517,-175.00002,0,0
47.230145,-13.997517,-175.00002,0,0
46.230145,-13.997517,-175.00002,0,0
45.230145,-13.997517,-175.00002,0,0
44.230145,-13.997517,-175.00002,0,0
43.230145,-13.997517,-175.00002,0,0
42.230145,-13.997517,-175.00002,0,0
41.230145,-13.997517,-175.00002,0,0
40.230145,-13.997517,-175.00002,0,0
39.230145,-13.997517,-175.00002,0,0
38.230145,-13.997517,-175.00002,0,0
37.230145,-13.997517,-175.00002,0,0
36.230145,-13.997517,-175.00002,0,0
35.230145,-13.997517,-175.00002,0,0
34.230145,-13.997517,-175.00002,0,0
33.230145,-13.997517,-175.00002,0,0
32.230145,-13.997517,-175.00002,0,0
31.230145,-13.997517,-175.00002,0,0
30.230145,-13.997517,-175.00002,0,0
29.230145,-13.997517,-175.00002,0,0
28.230145,-13.997517,-175.00002,0,0
27.230145,-13.997517,-175.00002,0,0
26.230145,-13.997517,-175.00002,0,0
25.230145,-13.997517,-175.00002,0,0
24.230145,-13.997517,-175.00002,0,0
23.230145,-13.997517,-175.00002,0,0
22.230145,-13.997517,-175.00002,0,0
21.230145,-13.997517,-175.00002,0,0
20.230145,-13.997517,-175.00002,0,0
19.230145,-13.997517,-175.00002,0,0
18.230145,-13.997517,-175.00002,0,0
17.230145,-13.997517,-175.00002,0,0
16.230145,-13.997517,-175.00002,0,0
15.2301445,-13.997517,-175.00002,0,0
14.2301445,-13.997517,-175.00002,0,39.999996
13.2301445,-13.997517,-175.00002,0,51.999996
12.2301445,-13.997517,-175.00002,0.6161809,51.999996
11.2301445,-13.997517,-175.00002,0.59733915,91.99999
10.2301445,-13.997517,-175.00002,0.4794737,47.999996
9.2301445,-13.997517,-175.00002,0.48830155,71.99999
8.2301445,-13.997517,-175.00002,0.5177853,59.999996
7.2301445,-13.997517,-175.00002,0.44170302,35.999996
6.2301445,-13.997517,-175.00002,0.45201486,75.99999
5.2301445,-13.997517,-175.00002,0.47911635,59.999996
4.2301445,-13.997517,-175.00002,0.45889297,59.999996
3.2301445,-13.997517,-175.00002,0.46070886,31.999996
2.2301445,-13.997517,-175.00002,0.4681072,67.99999
1.2301445,-13.997517,-175.00002,0.46052963,59.999996
0.2301445,-13.997517,-175.00002,0.43969303,51.999996
-0.7698555,-13.997517,-175.00002,0.38858086,43.999996
-1.7698555,-13.997517,-175.00002,0.38303697,27.999996
-2.7698555,-13.997517,-175.00002,0.44951224,75.99999
-3.7698555,-13.997517,-175.00002,0.41167995,59.999996
-4.7698555,-13.997517,-175.00002,0.3652522,47.999996
-5.7698555,-13.997517,-175.00002,0.43369678,59.999996
-6.7698555,-13.997517,-175.00002,0.54210573,95.99999
-7.7698555,-13.997517,-175.00002,0.54475516,87.99999
-8.7698555,-13.997517,-175.00002,0.45671678,119.99999
-9.7698555,-13.997517,-175.00002,0.32838407,95.99999
-10.7698555,-13.997517,-175.00002,0.16183497,67.99999
-11.7698555,-13.997517,-175.00002,0.08915632,39.999996
-12.7698555,-13.997517,-175.00002,Infinity,91.99999
-13.7698555,-13.997517,-175.00002,0,39.999996
-14.7698555,-13.997517,-175.00002,0,7.999998
-15.7698555,-13.997517,-175.00002,0,0
-16.769855,-13.997517,-175.00002,0,0
-17.769855,-13.997517,-175.00002,0,0
-18.769855,-13.997517,-175.00002,0,0
-19.769855,-13.997517,-175.00002,0,0
-20.769855,-13.997517,-175.00002,0,0
-21.769855,-13.997517,-175.00002,0,0
-22.769855,-13.997517,-175.00002,0,0
-23.769855,-13.997517,-175.00002,0,0
-24.769855,-13.997517,-175.00002,0,0
-25.769855,-13.997517,-175.00002,0,0
-26.769855,-13.997517,-175.00002,0,0
-27.769855,-13.997517,-175.00002,0,0
-28.769855,-13.997517,-175.00002,0,0
-29.769855,-13.997517,-175.00002,0,0
-30.769855,-13.997517,-175.00002,0,0
-31.769855,-13.997517,-175.00002,0,0
-32.769855,-13.997517,-175.00002,0,0
-33.769855,-13.997517,-175.00002,0,0
-34.769855,-13.997517,-175.00002,0,0
-35.769855,-13.997517,-175.00002,0,0
-36.769855,-13.997517,-175.00002,0,0
-37.769855,-13.997517,-175.00002,0,0
-38.769855,-13.997517,-175.00002,0,0
-39.769855,-13.997517,-175.00002,0,0
-40.769855,-13.997517,-175.00002,0,0
-41.769855,-13.997517,-175.00002,0,0
-42.769855,-13.997517,-175.00002,0,0
-43.769855,-13.997517,-175.00002,0,0
-44.769855,-13.997517,-175.00002,0,0
-45.769855,-13.997517,-175.00002,0,0
-46.769855,-13.997517,-175.00002,0,0
-47.769855,-13.997517,-175.00002,0,0
-48.769855,-13.997517,-175.00002,0,0
-49.769855,-13.997517,-175.00002,0,0
49.230145,-14.997517,-175.00002,0,0
48.230145,-14.997517,-175.00002,0,0
47.230145,-14.997517,-175.00002,0,0
46.230145,-14.997517,-175.00002,0,0
45.230145,-14.997517,-175.00002,0,0
44.230145,-14.997517,-175.00002,0,0
43.230145,-14.997517,-175.00002,0,0
42.230145,-14.997517,-175.00002,0,0
41.230145,-14.997517,-175.00002,0,0
40.230145,-14.997517,-175.00002,0,0
39.230145,-14.997517,-175.00002,0,0
38.230145,-14.997517,-175.00002,0,0
37.230145,-14.997517,-175.00002,0,0
36.230145,-14.997517,-175.00002,0,0
35.230145,-14.997517,-175.00002,0,0
34.230145,-14.997517,-175.00002,0,0
33.230145,-14.997517,-175.00002,0,0
32.230145,-14.997517,-175.00002,0,0
31.230145,-14.997517,-175.00002,0,0
30.230145,-14.997517,-175.00002,0,0
29.230145,-14.997517,-175.00002,0,0
28.230145,-14.997517,-175.00002,0,0
27.230145,-14.997517,-175.00002,0,0
26.230145,-14.997517,-175.00002,0,0
25.230145,-14.997517,-175.00002,0,0
24.230145,-14.997517,-175.00002,0,0
23.230145,-14.997517,-175.00002,0,0
22.230145,-14.997517,-175.00002,0,0
21.230145,-14.997517,-175.00002,0,0
20.230145,-14.997517,-175.00002,0,0
19.230145,-14.997517,-175.00002,0,0
18.230145,-14.997517,-175.00002,0,0
17.230145,-14.997517,-175.00002,0,0
16.230145,-14.997517,-175.00002,0,0
15.2301445,-14.997517,-175.00002,0,0
14.2301445,-14.997517,-175.00002,0,0
13.2301445,-14.997517,-175.00002,0,31.999996
12.2301445,-14.997517,-175.00002,0,59.999996
11.2301445,-14.997517,-175.00002,Infinity,59.999996
10.2301445,-14.997517,-175.00002,0.4962908,79.99999
9.2301445,-14.997517,-175.00002,0.5112166,63.999996
8.2301445,-14.997517,-175.00002,0.51552165,75.99999
7.2301445,-14.997517,-175.00002,0.39896682,43.999996
6.2301445,-14.997517,-175.00002,0.30273467,43.999996
5.2301445,-14.997517,-175.00002,0.334077,79.99999
4.2301445,-14.997517,-175.00002,0.41744503,55.999996
3.2301445,-14.997517,-175.00002,0.6183475,59.999996
2.2301445,-14.997517,-175.00002,0.67447203,75.99999
1.2301445,-14.997517,-175.00002,0.58210945,47.999996
0.2301445,-14.997517,-175.00002,0.51011384,67.99999
-0.7698555,-14.997517,-175.00002,0.43341398,39.999996
-1.7698555,-14.997517,-175.00002,0.43784082,47.999996
-2.7698555,-14.997517,-175.00002,0.5110354,87.99999
-3.7698555,-14.997517,-175.00002,0.5202602,67.99999
-4.7698555,-14.997517,-175.00002,0.47331703,51.999996
-5.7698555,-14.997517,-175.00002,0.4551165,75.99999
-6.7698555,-14.997517,-175.00002,0.4397432,95.99999
-7.7698555,-14.997517,-175.00002,0.35578007,83.99999
-8.7698555,-14.997517,-175.00002,0.23859015,47.999996
-9.7698555,-14.997517,-175.00002,0.19883284,43.999996
-10.7698555,-14.997517,-175.00002,Infinity,43.999996
-11.7698555,-14.997517,-175.00002,0,63.999996
-12.7698555,-14.997517,-175.00002,0,27.999996
-13.7698555,-14.997517,-175.00002,0,3.999999
-14.7698555,-14.997517,-175.00002,0,0
-15.7698555,-14.997517,-175.00002,0,0
-16.769855,-14.997517,-175.00002,0,0
-17.769855,-14.997517,-175.00002,0,0
-18.769855,-14.997517,-175.00002,0,0
-19.769855,-14.997517,-175.00002,0,0
-20.769855,-14.997517,-175.00002,0,0
-21.769855,-14.997517,-175.00002,0,0
-22.769855,-14.997517,-175.00002,0,0
-23.769855,-14.997517,-175.00002,0,0
-24.769855,-14.997517,-175.00002,0,0
-25.769855,-14.997517,-175.00002,0,0
-26.769855,-14.997517,-175.00002,0,0
-27.769855,-14.997517,-175.00002,0,0
-28.769855,-14.997517,-175.00002,0,0
-29.769855,-14.997517,-175.00002,0,0
-30.769855,-14.997517,-175.00002,0,0
-31.769855,-14.997517,-175.00002,0,0
-32.769855,-14.997517,-175.00002,0,0
-33.769855,-14.997517,-175.00002,0,0
-34.769855,-14.997517,-175.00002,0,0
-35.769855,-14.997517,-175.00002,0,0
-36.769855,-14.997517,-175.00002,0,0
-37.769855,-14.997517,-175.00002,0,0
-38.769855,-14.997517,-175.00002,0,0
-39.769855,-14.997517,-175.00002,0,0
-40.769855,-14.997517,-175.00002,0,0
-41.769855,-14.997517,-175.00002,0,0
-42.769855,-14.997517,-175.00002,0,0
-43.769855,-14.997517,-175.00002,0,0
-44.769855,-14.997517,-175.00002,0,0
-45.769855,-14.997517,-175.00002,0,0
-46.769855,-14.997517,-175.00002,0,0
-47.769855,-14.997517,-175.00002,0,0
-48.769855,-14.997517,-175.00002,0,0
-49.769855,-14.997517,-175.00002,0,0
49.230145,-15.997517,-175.00002,0,0
48.230145,-15.997517,-175.00002,0,0
47.230145,-15.997517,-175.00002,0,0
46.230145,-15.997517,-175.00002,0,0
45.230145,-15.997517,-175.00002,0,0
44.230145,-15.997517,-175.00002,0,0
43.230145,-15.997517,-175.00002,0,0
42.230145,-15.997517,-175.00002,0,0
41.230145,-15.997517,-175.00002,0,0
40.230145,-15.997517,-175.00002,0,0
39.230145,-15.997517,-175.00002,0,0
38.230145,-15.997517,-175.00002,0,0
37.230145,-15.997517,-175.00002,0,0
36.230145,-15.997517,-175.00002,0,0
35.230145,-15.997517,-175.00002,0,0
34.230145,-15.997517,-175.00002,0,0
33.230145,-15.997517,-175.00002,0,0
32.230145,-15.997517,-175.00002,0,0
31.230145,-15.997517,-175.00002,0,0
30.230145,-15.997517,-175.00002,0,0
29.230145,-15.997517,-175.00002,0,0
28.230145,-15.997517,-175.00002,0,0
27.230145,-15.997517,-175.00002,0,0
26.230145,-15.997517,-175.00002,0,0
25.230145,-15.997517,-175.00002,0,0
24.230145,-15.997517,-175.00002,0,0
23.230145,-15.997517,-175.00002,0,0
22.230145,-15.997517,-175.00002,0,0
21.230145,-15.997517,-175.00002,0,0
20.230145,-15.997517,-175.00002,0,0
19.230145,-15.997517,-175.00002,0,0
18.230145,-15.997517,-175.00002,0,0
17.230145,-15.997517,-175.00002,0,0
16.230145,-15.997517,-175.00002,0,0
15.2301445,-15.997517,-175.00002,0,0
14.2301445,-15.997517,-175.00002,0,0
13.2301445,-15.997517,-175.00002,0,0
12.2301445,-15.997517,-175.00002,0,11.999997
11.2301445,-15.997517,-175.00002,0,51.999996
10.2301445,-15.997517,-175.00002,0,35.999996
9.2301445,-15.997517,-175.00002,0.47615093,31.999996
8.2301445,-15.997517,-175.00002,0.50462306,83.99999
7.2301445,-15.997517,-175.00002,0.47211522,71.99999
6.2301445,-15.997517,-175.00002,0.33788753,55.999996
5.2301445,-15.997517,-175.00002,0.2853635,35.999996
4.2301445,-15.997517,-175.00002,0.4297443,55.999996
3.2301445,-15.997517,-175.00002,0.67880255,51.999996
2.2301445,-15.997517,-175.00002,0.7262195,63.999996
1.2301445,-15.997517,-175.00002,0.6029046,47.999996
0.2301445,-15.997517,-175.00002,0.4919601,79.99999
-0.7698555,-15.997517,-175.00002,0.4175741,55.999996
-1.7698555,-15.997517,-175.00002,0.38748193,51.999996
-2.7698555,-15.997517,-175.00002,0.48890132,87.99999
-3.7698555,-15.997517,-175.00002,0.56739724,83.99999
-4.7698555,-15.997517,-175.00002,0.547338,131.99998
-5.7698555,-15.997517,-175.00002,0.4508322,63.999996
-6.7698555,-15.997517,-175.00002,0.32832983,71.99999
-7.7698555,-15.997517,-175.00002,0.19847542,67.99999
-8.7698555,-15.997517,-175.00002,0.12039447,91.99999
-9.7698555,-15.997517,-175.00002,0,71.99999
-10.7698555,-15.997517,-175.00002,0,47.999996
-11.7698555,-15.997517,-175.00002,0,11.999997
-12.7698555,-15.997517,-175.00002,0,0
-13.7698555,-15.997517,-175.00002,0,0
-14.7698555,-15.997517,-175.00002,0,0
-15.7698555,-15.997517,-175.00002,0,0
-16.769855,-15.997517,-175.00002,0,0
-17.769855,-15.997517,-175.00002,0,0
-18.769855,-15.997517,-175.00002,0,0
-19.769855,-15.997517,-175.00002,0,0
-20.769855,-15.997517,-175.00002,0,0
-21.769855,-15.997517,-175.00002,0,0
-22.769855,-15.997517,-175.00002,0,0
-23.769855,-15.997517,-175.00002,0,0
-24.769855,-15.997517,-175.00002,0,0
-25.769855,-15.997517,-175.00002,0,0
-26.769855,-15.997517,-175.00002,0,0
-27.769855,-15.997517,-175.00002,0,0
-28.769855,-15.997517,-175.00002,0,0
-29.769855,-15.997517,-175.00002,0,0
-30.769855,-15.997517,-175.00002,0,0
-31.769855,-15.997517,-175.00002,0,0
-32.769855,-15.997517,-175.00002,0,0
-33.769855,-15.997517,-175.00002,0,0
-34.769855,-15.997517,-175.00002,0,0
-35.769855,-15.997517,-175.00002,0,0
-36.769855,-15.997517,-175.00002,0,0
-37.769855,-15.997517,-175.00002,0,0
-38.769855,-15.997517,-175.00002,0,0
-39.769855,-15.997517,-175.00002,0,0
-40.769855,-15.997517,-175.00002,0,0
-41.769855,-15.997517,-175.00002,0,0
-42.769855,-15.997517,-175.00002,0,0
-43.769855,-15.997517,-175.00002,0,0
-44.769855,-15.997517,-175.00002,0,0
-45.769855,-15.997517,-175.00002,0,0
-46.769855,-15.997517,-175.00002,0,0
-47.769855,-15.997517,-175.00002,0,0
-48.769855,-15.997517,-175.00002,0,0
-49.769855,-15.997517,-175.00002,0,0
49.230145,-16.997517,-175.00002,0,0
48.230145,-16.997517,-175.00002,0,0
47.230145,-16.997517,-175.00002,0,0
46.230145,-16.997517,-175.00002,0,0
45.230145,-16.997517,-175.00002,0,0
44.230145,-16.997517,-175.00002,0,0
43.230145,-16.997517,-175.00002,0,0
42.230145,-16.997517,-175.00002,0,0
41.230145,-16.997517,-175.00002,0,0
40.230145,-16.997517,-175.00002,0,0
39.230145,-16.997517,-175.00002,0,0
38.230145,-16.997517,-175.00002,0,0
37.230145,-16.997517,-175.00002,0,0
36.230145,-16.997517,-175.00002,0,0
35.230145,-16.997517,-175.00002,0,0
34.230145,-16.997517,-175.00002,0,0
33.230145,-16.997517,-175.00002,0,0
32.230145,-16.997517,-175.00002,0,0
31.230145,-16.997517,-175.00002,0,0
30.230145,-16.997517,-175.00002,0,0
29.230145,-16.997517,-175.00002,0,0
28.230145,-16.997517,-175.00002,0,0
27.230145,-16.997517,-175.00002,0,0
26.230145,-16.997517,-175.00002,0,0
25.230145,-16.997517,-175.00002,0,0
24.230145,-16.997517,-175.00002,0,0
23.230145,-16.997517,-175.00002,0,0
22.230145,-16.997517,-175.00002,0,0
21.230145,-16.997517,-175.00002,0,0
20.230145,-16.997517,-175.00002,0,0
19.230145,-16.997517,-175.00002,0,0
18.230145,-16.997517,-175.00002,0,0
17.230145,-16.997517,-175.00002,0,0
16.230145,-16.997517,-175.00002,0,0
15.2301445,-16.997517,-175.00002,0,0
14.2301445,-16.997517,-175.00002,0,0
13.2301445,-16.997517,-175.00002,0,0
12.2301445,-16.997517,-175.00002,0,0
11.2301445,-16.997517,-175.00002,0,0
10.2301445,-16.997517,-175.00002,0,31.999996
9.2301445,-16.997517,-175.00002,0,43.999996
8.2301445,-16.997517,-175.00002,0,79.99999
7.2301445,-16.997517,-175.00002,0.5677677,63.999996
6.2301445,-16.997517,-175.00002,0.48328286,103.99999
5.2301445,-16.997517,-175.00002,0.38875905,59.999996
4.2301445,-16.997517,-175.00002,0.48326087,95.99999
3.2301445,-16.997517,-175.00002,0.60083485,55.999996
2.2301445,-16.997517,-175.00002,0.6191176,95.99999
1.2301445,-16.997517,-175.00002,0.54367995,67.99999
0.2301445,-16.997517,-175.00002,0.4308731,87.99999
-0.7698555,-16.997517,-175.00002,0.28158247,55.999996
-1.7698555,-16.997517,-175.00002,0.21433324,51.999996
-2.7698555,-16.997517,-175.00002,0.35226133,83.99999
-3.7698555,-16.997517,-175.00002,0.5464283,103.99999
-4.7698555,-16.997517,-175.00002,0.616101,123.99999
-5.7698555,-16.997517,-175.00002,0.5883969,95.99999
-6.7698555,-16.997517,-175.00002,-Infinity,71.99999
-7.7698555,-16.997517,-175.00002,0,27.999996
-8.7698555,-16.997517,-175.00002,0,47.999996
-9.7698555,-16.997517,-175.00002,0,7.999998
-10.7698555,-16.997517,-175.00002,0,0
-11.7698555,-16.997517,-175.00002,0,0
-12.7698555,-16.997517,-175.00002,0,0
-13.7698555,-16.997517,-175.00002,0,0
-14.7698555,-16.997517,-175.00002,0,0
-15.7698555,-16.997517,-175.00002,0,0
-16.769855,-16.997517,-175.00002,0,0
-17.769855,-16.997517,-175.00002,0,0
-18.769855,-16.997517,-175.00002,0,0
-19.769855,-16.997517,-175.00002,0,0
-20.769855,-16.997517,-175.00002,0,0
-21.769855,-16.997517,-175.00002,0,0
-22.769855,-16.997517,-175.00002,0,0
-23.769855,-16.997517,-175.00002,0,0
-24.769855,-16.997517,-175.00002,0,0
-25.769855,-16.997517,-175.00002,0,0
-26.769855,-16.997517,-175.00002,0,0
-27.769855,-16.997517,-175.00002,0,0
-28.769855,-16.997517,-175.00002,0,0
-29.769855,-16.997517,-175.00002,0,0
-30.769855,-16.997517,-175.00002,0,0
-31.769855,-16.997517,-175.00002,0,0
-32.769855,-16.997517,-175.00002,0,0
-33.769855,-16.997517,-175.00002,0,0
-34.769855,-16.997517,-175.00002,0,0
-35.769855,-16.997517,-175.00002,0,0
-36.769855,-16.997517,-175.00002,0,0
-37.769855,-16.997517,-175.00002,0,0
-38.769855,-16.997517,-175.00002,0,0
-39.769855,-16.997517,-175.00002,0,0
-40.769855,-16.997517,-175.00002,0,0
-41.769855,-16.997517,-175.00002,0,0
-42.769855,-16.997517,-175.00002,0,0
-43.769855,-16.997517,-175.00002,0,0
-44.769855,-16.997517,-175.00002,0,0
-45.769855,-16.997517,-175.00002,0,0
-46.769855,-16.997517,-175.00002,0,0
-47.769855,-16.997517,-175.00002,0,0
-48.769855,-16.997517,-175.00002,0,0
-49.769855,-16.997517,-175.00002,0,0
49.230145,-17.997517,-175.00002,0,0
48.230145,-17.997517,-175.00002,0,0
47.230145,-17.997517,-175.00002,0,0
46.230145,-17.997517,-175.00002,0,0
45.230145,-17.997517,-175.00002,0,0
44.230145,-17.997517,-175.00002,0,0
43.230145,-17.997517,-175.00002,0,0
42.230145,-17.997517,-175.00002,0,0
41.230145,-17.997517,-175.00002,0,0
40.230145,-17.997517,-175.00002,0,0
39.230145,-17.997517,-175.00002,0,0
38.230145,-17.997517,-175.00002,0,0
37.230145,-17.997517,-175.00002,0,0
36.230145,-17.997517,-175.00002,0,0
35.230145,-17.997517,-175.00002,0,0
34.230145,-17.997517,-175.00002,0,0
33.230145,-17.997517,-175.00002,0,0
32.230145,-17.997517,-175.00002,0,0
31.230145,-17.997517,-175.00002,0,0
30.230145,-17.997517,-175.00002,0,0
29.230145,-17.997517,-175.00002,0,0
28.230145,-17.997517,-175.00002,0,0
27.230145,-17.997517,-175.00002,0,0
26.230145,-17.997517,-175.00002,0,0
25.230145,-17.997517,-175.00002,0,0
24.230145,-17.997517,-175.00002,0,0
23.230145,-17.997517,-175.00002,0,0
22.230145,-17.997517,-175.00002,0,0
21.230145,-17.997517,-175.00002,0,0
20.230145,-17.997517,-175.00002,0,0
19.230145,-17.997517,-175.00002,0,0
18.230145,-17.997517,-175.00002,0,0
17.230145,-17.997517,-175.00002,0,0
16.230145,-17.997517,-175.00002,0,0
15.2301445,-17.997517,-175.00002,0,0
14.2301445,-17.997517,-175.00002,0,0
13.2301445,-17.997517,-175.00002,0,0
12.2301445,-17.997517,-175.00002,0,0
11.2301445,-17.997517,-175.00002,0,0
10.2301445,-17.997517,-175.00002,0,0
9.2301445,-17.997517,-175.00002,0,0
8.2301445,-17.997517,-175.00002,0,7.999998
7.2301445,-17.997517,-175.00002,0,43.999996
6.2301445,-17.997517,-175.00002,0,35.999996
5.2301445,-17.997517,-175.00002,0,59.999996
4.2301445,-17.997517,-175.00002,-Infinity,51.999996
3.2301445,-17.997517,-175.00002,0.560483,59.999996
2.2301445,-17.997517,-175.00002,0.57638097,43.999996
1.2301445,-17.997517,-175.00002,0.48532468,51.999996
0.2301445,-17.997517,-175.00002,0.29898176,71.99999
-0.7698555,-17.997517,-175.00002,0.09710534,39.999996
-1.7698555,-17.997517,-175.00002,0.07617839,43.999996
-2.7698555,-17.997517,-175.00002,0.25115114,43.999996
-3.7698555,-17.997517,-175.00002,0,63.999996
-4.7698555,-17.997517,-175.00002,0,71.99999
-5.7698555,-17.997517,-175.00002,0,39.999996
-6.7698555,-17.997517,-175.00002,0,31.999996
-7.7698555,-17.997517,-175.00002,0,0
-8.7698555,-17.997517,-175.00002,0,0
-9.7698555,-17.997517,-175.00002,0,0
-10.7698555,-17.997517,-175.00002,0,0
-11.7698555,-17.997517,-175.00002,0,0
-12.7698555,-17.997517,-175.00002,0,0
-13.7698555,-17.997517,-175.00002,0,0
-14.7698555,-17.997517,-175.00002,0,0
-15.7698555,-17.997517,-175.00002,0,0
-16.769855,-17.997517,-175.00002,0,0
-17.769855,-17.997517,-175.00002,0,0
-18.769855,-17.997517,-175.00002,0,0
-19.769855,-17.997517,-175.00002,0,0
-20.769855,-17.997517,-175.00002,0,0
-21.769855,-17.997517,-175.00002,0,0
-22.769855,-17.997517,-175.00002,0,0
-23.769855,-17.997517,-175.00002,0,0
-24.769855,-17.997517,-175.00002,0,0
-25.769855,-17.997517,-175.00002,0,0
-26.769855,-17.997517,-175.00002,0,0
-27.769855,-17.997517,-175.00002,0,0
-28.769855,-17.997517,-175.00002,0,0
-29.769855,-17.997517,-175.00002,0,0
-30.769855,-17.997517,-175.00002,0,0
-31.769855,-17.997517,-175.00002,0,0
-32.769855,-17.997517,-175.00002,0,0
-33.769855,-17.997517,-175.00002,0,0
-34.769855,-17.997517,-175.00002,0,0
-35.769855,-17.997517,-175.00002,0,0
-36.769855,-17.997517,-175.00002,0,0
-37.769855,-17.997517,-175.00002,0,0
-38.769855,-17.997517,-175.00002,0,0
-39.769855,-17.997517,-175.00002,0,0
-40.769855,-17.997517,-175.00002,0,0
-41.769855,-17.997517,-175.00002,0,0
-42.769855,-17.997517,-175.00002,0,0
-43.769855,-17.997517,-175.00002,0,0
-44.769855,-17.997517,-175.00002,0,0
-45.769855,-17.997517,-175.00002,0,0
-46.769855,-17.997517,-175.00002,0,0
-47.769855,-17.997517,-175.00002,0,0
-48.769855,-17.997517,-175.00002,0,0
-49.769855,-17.997517,-175.00002,0,0
49.230145,-18.997517,-175.00002,0,0
48.230145,-18.997517,-175.00002,0,0
47.230145,-18.997517,-175.00002,0,0
46.230145,-18.997517,-175.00002,0,0
45.230145,-18.997517,-175.00002,0,0
44.230145,-18.997517,-175.00002,0,0
43.230145,-18.997517,-175.00002,0,0
42.230145,-18.997517,-175.00002,0,0
41.230145,-18.997517,-175.00002,0,0
40.230145,-18.997517,-175.00002,0,0
39.230145,-18.997517,-175.00002,0,0
38.230145,-18.997517,-175.00002,0,0
37.230145,-18.997517,-175.00002,0,0
36.230145,-18.997517,-175.00002,0,0
35.230145,-18.997517,-175.00002,0,0
34.230145,-18.997517,-175.00002,0,0
33.230145,-18.997517,-175.00002,0,0
32.230145,-18.997517,-175.00002,0,0
31.230145,-18.997517,-175.00002,0,0
30.230145,-18.997517,-175.00002,0,0
29.230145,-18.997517,-175.00002,0,0
28.230145,-18.997517,-175.00002,0,0
27.230145,-18.997517,-175.00002,0,0
26.230145,-18.997517,-175.00002,0,0
25.230145,-18.997517,-175.00002,0,0
24.230145,-18.997517,-175.00002,0,0
23.230145,-18.997517,-175.00002,0,0
22.230145,-18.997517,-175.00002,0,0
21.230145,-18.997517,-175.00002,0,0
20.230145,-18.997517,-175.00002,0,0
19.230145,-18.997517,-175.00002,0,0
18.230145,-18.997517,-175.00002,0,0
17.230145,-18.997517,-175.00002,0,0
16.230145,-18.997517,-175.00002,0,0
15.2301445,-18.997517,-175.00002,0,0
14.2301445,-18.997517,-175.00002,0,0
13.2301445,-18.997517,-175.00002,0,0
12.2301445,-18.997517,-175.00002,0,0
11.2301445,-18.997517,-175.00002,0,0
10.2301445,-18.997517,-175.00002,0,0
9.2301445,-18.997517,-175.00002,0,0
8.2301445,-18.997517,-175.00002,0,0
7.2301445,-18.997517,-175.00002,0,0
6.2301445,-18.997517,-175.00002,0,0
5.2301445,-18.997517,-175.00002,0,0
4.2301445,-18.997517,-175.00002,0,3.999999
3.2301445,-18.997517,-175.00002,0,19.999996
2.2301445,-18.997517,-175.00002,0,35.999996
1.2301445,-18.997517,-175.00002,0,47.999996
0.2301445,-18.997517,-175.00002,0,27.999996
-0.7698555,-18.997517,-175.00002,0,11.999997
-1.7698555,-18.997517,-175.00002,0,27.999996
-2.7698555,-18.997517,-175.00002,0,15.999996
-3.7698555,-18.997517,-175.00002,0,7.999998
-4.7698555,-18.997517,-175.00002,0,0
-5.7698555,-18.997517,-175.00002,0,0
-6.7698555,-18.997517,-175.00002,0,0
-7.7698555,-18.997517,-175.00002,0,0
-8.7698555,-18.997517,-175.00002,0,0
-9.7698555,-18.997517,-175.00002,0,0
-10.7698555,-18.997517,-175.00002,0,0
-11.7698555,-18.997517,-175.00002,0,0
-12.7698555,-18.997517,-175.00002,0,0
-13.7698555,-18.997517,-175.00002,0,0
-14.7698555,-18.997517,-175.00002,0,0
-15.7698555,-18.997517,-175.00002,0,0
-16.769855,-18.997517,-175.00002,0,0
-17.769855,-18.997517,-175.00002,0,0
-18.769855,-18.997517,-175.00002,0,0
-19.769855,-18.997517,-175.00002,0,0
-20.769855,-18.997517,-175.00002,0,0
-21.769855,-18.997517,-175.00002,0,0
-22.769855,-18.997517,-175.00002,0,0
-23.769855,-18.997517,-175.00002,0,0
-24.769855,-18.997517,-175.00002,0,0
-25.769855,-18.997517,-175.00002,0,0
-26.769855,-18.997517,-175.00002,0,0
-27.769855,-18.997517,-175.00002,0,0
-28.769855,-18.997517,-175.00002,0,0
-29.769855,-18.997517,-175.00002,0,0
-30.769855,-18.997517,-175.00002,0,0
-31.769855,-18.997517,-175.00002,0,0
-32.769855,-18.997517,-175.00002,0,0
-33.769855,-18.997517,-175.00002,0,0
-34.769855,-18.997517,-175.00002,0,0
-35.769855,-18.997517,-175.00002,0,0
-36.769855,-18.997517,-175.00002,0,0
-37.769855,-18.997517,-175.00002,0,0
-38.769855,-18.997517,-175.00002,0,0
-39.769855,-18.997517,-175.00002,0,0
-40.769855,-18.997517,-175.00002,0,0
-41.769855,-18.997517,-175.00002,0,0
-42.769855,-18.997517,-175.00002,0,0
-43.769855,-18.997517,-175.00002,0,0
-44.769855,-18.997517,-175.00002,0,0
-45.769855,-18.997517,-175.00002,0,0
-46.769855,-18.997517,-175.00002,0,0
-47.769855,-18.997517,-175.00002,0,0
-48.769855,-18.997517,-175.00002,0,0
-49.769855,-18.997517,-175.00002,0,0
49.230145,-19.997517,-175.00002,0,0
48.230145,-19.997517,-175.00002,0,0
47.230145,-19.997517,-175.00002,0,0
46.230145,-19.997517,-175.00002,0,0
45.230145,-19.997517,-175.00002,0,0
44.230145,-19.997517,-175.00002,0,0
43.230145,-19.997517,-175.00002,0,0
42.230145,-19.997517,-175.00002,0,0
41.230145,-19.997517,-175.00002,0,0
40.230145,-19.997517,-175.00002,0,0
39.230145,-19.997517,-175.00002,0,0
38.230145,-19.997517,-175.00002,0,0
37.230145,-19.997517,-175.00002,0,0
36.230145,-19.997517,-175.00002,0,0
35.230145,-19.997517,-175.00002,0,0
34.230145,-19.997517,-175.00002,0,0
33.230145,-19.997517,-175.00002,0,0
32.230145,-19.997517,-175.00002,0,0
31.230145,-19.997517,-175.00002,0,0
30.230145,-19.997517,-175.00002,0,0
29.230145,-19.997517,-175.00002,0,0
28.230145,-19.997517,-175.00002,0,0
27.230145,-19.997517,-175.00002,0,0
26.230145,-19.997517,-175.00002,0,0
25.230145,-19.997517,-175.00002,0,0
24.230145,-19.997517,-175.00002,0,0
23.230145,-19.997517,-175.00002,0,0
22.230145,-19.997517,-175.00002,0,0
21.230145,-19.997517,-175.00002,0,0
20.230145,-19.997517,-175.00002,0,0
19.230145,-19.997517,-175.00002,0,0
18.230145,-19.997517,-175.00002,0,0
17.230145,-19.997517,-175.00002,0,0
16.230145,-19.997517,-175.00002,0,0
15.2301445,-19.997517,-175.00002,0,0
14.2301445,-19.997517,-175.00002,0,0
13.2301445,-19.997517,-175.00002,0,0
12.2301445,-19.997517,-175.00002,0,0
11.2301445,-19.997517,-175.00002,0,0
10.2301445,-19.997517,-175.00002,0,0
9.2301445,-19.997517,-175.00002,0,0
8.2301445,-19.997517,-175.00002,0,0
7.2301445,-19.997517,-175.00002,0,0
6.2301445,-19.997517,-175.00002,0,0
5.2301445,-19.997517,-175.00002,0,0
4.2301445,-19.997517,-175.00002,0,0
3.2301445,-19.997517,-175.00002,0,0
2.2301445,-19.997517,-175.00002,0,0
1.2301445,-19.997517,-175.00002,0,0
0.2301445,-19.997517,-175.00002,0,0
-0.7698555,-19.997517,-175.00002,0,0
-1.7698555,-19.997517,-175.00002,0,0
-2.7698555,-19.997517,-175.00002,0,0
-3.7698555,-19.997517,-175.00002,0,0
-4.7698555,-19.997517,-175.00002,0,0
-5.7698555,-19.997517,-175.00002,0,0
-6.7698555,-19.997517,-175.00002,0,0
-7.7698555,-19.997517,-175.00002,0,0
-8.7698555,-19.997517,-175.00002,0,0
-9.7698555,-19.997517,-175.00002,0,0
-10.7698555,-19.997517,-175.00002,0,0
-11.7698555,-19.997517,-175.00002,0,0
-12.7698555,-19.997517,-175.00002,0,0
-13.7698555,-19.997517,-175.00002,0,0
-14.7698555,-19.997517,-175.00002,0,0
-15.7698555,-19.997517,-175.00002,0,0
-16.769855,-19.997517,-175.00002,0,0
-17.769855,-19.997517,-175.00002,0,0
-18.769855,-19.997517,-175.00002,0,0
-19.769855,-19.997517,-175.00002,0,0
-20.769855,-19.997517,-175.00002,0,0
-21.769855,-19.997517,-175.00002,0,0
-22.769855,-19.997517,-175.00002,0,0
-23.769855,-19.997517,-175.00002,0,0
-24.769855,-19.997517,-175.00002,0,0
-25.769855,-19.997517,-175.00002,0,0
-26.769855,-19.997517,-175.00002,0,0
-27.769855,-19.997517,-175.00002,0,0
-28.769855,-19.997517,-175.00002,0,0
-29.769855,-19.997517,-175.00002,0,0
-30.769855,-19.997517,-175.00002,0,0
-31.769855,-19.997517,-175.00002,0,0
-32.769855,-19.997517,-175.00002,0,0
-33.769855,-19.997517,-175.00002,0,0
-34.769855,-19.997517,-175.00002,0,0
-35.769855,-19.997517,-175.00002,0,0
-36.769855,-19.997517,-175.00002,0,0
-37.769855,-19.997517,-175.00002,0,0
-38.769855,-19.997517,-175.00002,0,0
-39.769855,-19.997517,-175.00002,0,0
-40.769855,-19.997517,-175.00002,0,0
-41.769855,-19.997517,-175.00002,0,0
-42.769855,-19.997517,-175.00002,0,0
-43.769855,-19.997517,-175.00002,0,0
-44.769855,-19.997517,-175.00002,0,0
-45.769855,-19.997517,-175.00002,0,0
-46.769855,-19.997517,-175.00002,0,0
-47.769855,-19.997517,-175.00002,0,0
-48.769855,-19.997517,-175.00002,0,0
-49.769855,-19.997517,-175.00002,0,0
49.230145,-20.997517,-175.00002,0,0
48.230145,-20.997517,-175.00002,0,0
47.230145,-20.997517,-175.00002,0,0
46.230145,-20.997517,-175.00002,0,0
45.230145,-20.997517,-175.00002,0,0
44.230145,-20.997517,-175.00002,0,0
43.230145,-20.997517,-175.00002,0,0
42.230145,-20.997517,-175.00002,0,0
41.230145,-20.997517,-175.00002,0,0
40.230145,-20.997517,-175.00002,0,0
39.230145,-20.997517,-175.00002,0,0
38.230145,-20.997517,-175.00002,0,0
37.230145,-20.997517,-175.00002,0,0
36.230145,-20.997517,-175.00002,0,0
35.230145,-20.997517,-175.00002,0,0
34.230145,-20.997517,-175.00002,0,0
33.230145,-20.997517,-175.00002,0,0
32.230145,-20.997517,-175.00002,0,0
31.230145,-20.997517,-175.00002,0,0
30.230145,-20.997517,-175.00002,0,0
29.230145,-20.997517,-175.00002,0,0
28.230145,-20.997517,-175.00002,0,0
27.230145,-20.997517,-175.00002,0,0
26.230145,-20.997517,-175.00002,0,0
25.230145,-20.997517,-175.00002,0,0
24.230145,-20.997517,-175.00002,0,0
23.230145,-20.997517,-175.00002,0,0
22.230145,-20.997517,-175.00002,0,0
21.230145,-20.997517,-175.00002,0,0
20.230145,-20.997517,-175.00002,0,0
19.230145,-20.997517,-175.00002,0,0
18.230145,-20.997517,-175.00002,0,0
17.230145,-20.997517,-175.00002,0,0
16.230145,-20.997517,-175.00002,0,0
15.2301445,-20.997517,-175.00002,0,0
14.2301445,-20.997517,-175.00002,0,0
13.2301445,-20.997517,-175.00002,0,0
12.2301445,-20.997517,-175.00002,0,0
11.2301445,-20.997517,-175.00002,0,0
10.2301445,-20.997517,-175.00002,0,0
9.2301445,-20.997517,-175.00002,0,0
8.2301445,-20.997517,-175.00002,0,0
7.2301445,-20.997517,-175.00002,0,0
6.2301445,-20.997517,-175.00002,0,0
5.2301445,-20.997517,-175.00002,0,0
4.2301445,-20.997517,-175.00002,0,0
3.2301445,-20.997517,-175.00002,0,0
2.2301445,-20.997517,-175.00002,0,0
1.2301445,-20.997517,-175.00002,0,0
0.2301445,-20.997517,-175.00002,0,0
-0.7698555,-20.997517,-175.00002,0,0
-1.7698555,-20.997517,-175.00002,0,0
-2.7698555,-20.997517,-175.00002,0,0
-3.7698555,-20.997517,-175.00002,0,0
-4.7698555,-20.997517,-175.00002,0,0
-5.7698555,-20.997517,-175.00002,0,0
-6.7698555,-20.997517,-175.00002,0,0
-7.7698555,-20.997517,-175.00002,0,0
-8.7698555,-20.997517,-175.00002,0,0
-9.7698555,-20.997517,-175.00002,0,0
-10.7698555,-20.997517,-175.00002,0,0
-11.7698555,-20.997517,-175.00002,0,0
-12.7698555,-20.997517,-175.00002,0,0
-13.7698555,-20.997517,-175.00002,0,0
-14.7698555,-20.997517,-175.00002,0,0
-15.7698555,-20.997517,-175.00002,0,0
-16.769855,-20.997517,-175.00002,0,0
-17.769855,-20.997517,-175.00002,0,0
-18.769855,-20.997517,-175.00002,0,0
-19.769855,-20.997517,-175.00002,0,0
-20.769855,-20.997517,-175.00002,0,0
-21.769855,-20.997517,-175.00002,0,0
-22.769855,-20.997517,-175.00002,0,0
-23.769855,-20.997517,-175.00002,0,0
-24.769855,-20.997517,-175.00002,0,0
-25.769855,-20.997517,-175.00002,0,0
-26.769855,-20.997517,-175.00002,0,0
-27.769855,-20.997517,-175.00002,0,0
-28.769855,-20.997517,-175.00002,0,0
-29.769855,-20.997517,-175.00002,0,0
-30.769855,-20.997517,-175.00002,0,0
-31.769855,-20.997517,-175.00002,0,0
-32.769855,-20.997517,-175.00002,0,0
-33.769855,-20.997517,-175.00002,0,0
-34.769855,-20.997517,-175.00002,0,0
-35.769855,-20.997517,-175.00002,0,0
-36.769855,-20.997517,-175.00002,0,0
-37.769855,-20.997517,-175.00002,0,0
-38.769855,-20.997517,-175.00002,0,0
-39.769855,-20.997517,-175.00002,0,0
-40.769855,-20.997517,-175.00002,0,0
-41.769855,-20.997517,-175.00002,0,0
-42.769855,-20.997517,-175.00002,0,0
-43.769855,-20.997517,-175.00002,0,0
-44.769855,-20.997517,-175.00002,0,0
-45.769855,-20.997517,-175.00002,0,0
-46.769855,-20.997517,-175.00002,0,0
-47.769855,-20.997517,-175.00002,0,0
-48.769855,-20.997517,-175.00002,0,0
-49.769855,-20.997517,-175.00002,0,0
49.230145,-21.997517,-175.00002,0,0
48.230145,-21.997517,-175.00002,0,0
47.230145,-21.997517,-175.00002,0,0
46.230145,-21.997517,-175.00002,0,0
45.230145,-21.997517,-175.00002,0,0
44.230145,-21.997517,-175.00002,0,0
43.230145,-21.997517,-175.00002,0,0
42.230145,-21.997517,-175.00002,0,0
41.230145,-21.997517,-175.00002,0,0
40.230145,-21.997517,-175.00002,0,0
39.230145,-21.997517,-175.00002,0,0
38.230145,-21.997517,-175.00002,0,0
37.230145,-21.997517,-175.00002,0,0
36.230145,-21.997517,-175.00002,0,0
35.230145,-21.997517,-175.00002,0,0
34.230145,-21.997517,-175.00002,0,0
33.230145,-21.997517,-175.00002,0,0
32.230145,-21.997517,-175.00002,0,0
31.230145,-21.997517,-175.00002,0,0
30.230145,-21.997517,-175.00002,0,0
29.230145,-21.997517,-175.00002,0,0
28.230145,-21.997517,-175.00002,0,0
27.230145,-21.997517,-175.00002,0,0
26.230145,-21.997517,-175.00002,0,0
25.230145,-21.997517,-175.00002,0,0
24.230145,-21.997517,-175.00002,0,0
23.230145,-21.997517,-175.00002,0,0
22.230145,-21.997517,-175.00002,0,0
21.230145,-21.997517,-175.00002,0,0
20.230145,-21.997517,-175.00002,0,0
19.230145,-21.997517,-175.00002,0,0
18.230145,-21.997517,-175.00002,0,0
17.230145,-21.997517,-175.00002,0,0
16.230145,-21.997517,-175.00002,0,0
15.2301445,-21.997517,-175.00002,0,0
14.2301445,-21.997517,-175.00002,0,0
13.2301445,-21.997517,-175.00002,0,0
12.2301445,-21.997517,-175.00002,0,0
11.2301445,-21.997517,-175.00002,0,0
10.2301445,-21.997517,-175.00002,0,0
9.2301445,-21.997517,-175.00002,0,0
8.2301445,-21.997517,-175.00002,0,0
7.2301445,-21.997517,-175.00002,0,0
6.2301445,-21.997517,-175.00002,0,0
5.2301445,-21.997517,-175.00002,0,0
4.2301445,-21.997517,-175.00002,0,0
3.2301445,-21.997517,-175.00002,0,0
2.2301445,-21.997517,-175.00002,0,0
1.2301445,-21.997517,-175.00002,0,0
0.2301445,-21.997517,-175.00002,0,0
-0.7698555,-21.997517,-175.00002,0,0
-1.7698555,-21.997517,-175.00002,0,0
-2.7698555,-21.997517,-175.00002,0,0
-3.7698555,-21.997517,-175.00002,0,0
-4.7698555,-21.997517,-175.00002,0,0
-5.7698555,-21.997517,-175.00002,0,0
-6.7698555,-21.997517,-175.00002,0,0
-7.7698555,-21.997517,-175.00002,0,0
-8.7698555,-21.997517,-175.00002,0,0
-9.7698555,-21.997517,-175.00002,0,0
-10.7698555,-21.997517,-175.00002,0,0
-11.7698555,-21.997517,-175.00002,0,0
-12.7698555,-21.997517,-175.00002,0,0
-13.7698555,-21.997517,-175.00002,0,0
-14.7698555,-21.997517,-175.00002,0,0
-15.7698555,-21.997517,-175.00002,0,0
-16.769855,-21.997517,-175.00002,0,0
-17.769855,-21.997517,-175.00002,0,0
-18.769855,-21.997517,-175.00002,0,0
-19.769855,-21.997517,-175.00002,0,0
-20.769855,-21.997517,-175.00002,0,0
-21.769855,-21.997517,-175.00002,0,0
-22.769855,-21.997517,-175.00002,0,0
-23.769855,-21.997517,-175.00002,0,0
-24.769855,-21.997517,-175.00002,0,0
-25.769855,-21.997517,-175.00002,0,0
-26.769855,-21.997517,-175.00002,0,0
-27.769855,-21.997517,-175.00002,0,0
-28.769855,-21.997517,-175.00002,0,0
-29.769855,-21.997517,-175.00002,0,0
-30.769855,-21.997517,-175.00002,0,0
-31.769855,-21.997517,-175.00002,0,0
-32.769855,-21.997517,-175.00002,0,0
-33.769855,-21.997517,-175.00002,0,0
-34.769855,-21.997517,-175.00002,0,0
-35.769855,-21.997517,-175.00002,0,0
-36.769855,-21.997517,-175.00002,0,0
-37.769855,-21.997517,-175.00002,0,0
-38.769855,-21.997517,-175.00002,0,0
-39.769855,-21.997517,-175.00002,0,0
-40.769855,-21.997517,-175.00002,0,0
-41.769855,-21.997517,-175.00002,0,0
-42.769855,-21.997517,-175.00002,0,0
-43.769855,-21.997517,-175.00002,0,0
-44.769855,-21.997517,-175.00002,0,0
-45.769855,-21.997517,-175.00002,0,0
-46.769855,-21.997517,-175.00002,0,0
-47.769855,-21.997517,-175.00002,0,0
-48.769855,-21.997517,-175.00002,0,0
-49.769855,-21.997517,-175.00002,0,0
49.230145,-22.997517,-175.00002,0,0
48.230145,-22.997517,-175.00002,0,0
47.230145,-22.997517,-175.00002,0,0
46.230145,-22.997517,-175.00002,0,0
45.230145,-22.997517,-175.00002,0,0
44.230145,-22.997517,-175.00002,0,0
43.230145,-22.997517,-175.00002,0,0
42.230145,-22.997517,-175.00002,0,0
41.230145,-22.997517,-175.00002,0,0
40.230145,-22.997517,-175.00002,0,0
39.230145,-22.997517,-175.00002,0,0
38.230145,-22.997517,-175.00002,0,0
37.230145,-22.997517,-175.00002,0,0
36.230145,-22.997517,-175.00002,0,0
35.230145,-22.997517,-175.00002,0,0
34.230145,-22.997517,-175.00002,0,0
33.230145,-22.997517,-175.00002,0,0
32.230145,-22.997517,-175.00002,0,0
31.230145,-22.997517,-175.00002,0,0
30.230145,-22.997517,-175.00002,0,0
29.230145,-22.997517,-175.00002,0,0
28.230145,-22.997517,-175.00002,0,0
27.230145,-22.997517,-175.00002,0,0
26.230145,-22.997517,-175.00002,0,0
25.230145,-22.997517,-175.00002,0,0
24.230145,-22.997517,-175.00002,0,0
23.230145,-22.997517,-175.00002,0,0
22.230145,-22.997517,-175.00002,0,0
21.230145,-22.997517,-175.00002,0,0
20.230145,-22.997517,-175.00002,0,0
19.230145,-22.997517,-175.00002,0,0
18.230145,-22.997517,-175.00002,0,0
17.230145,-22.997517,-175.00002,0,0
16.230145,-22.997517,-175.00002,0,0
15.2301445,-22.997517,-175.00002,0,0
14.2301445,-22.997517,-175.00002,0,0
13.2301445,-22.997517,-175.00002,0,0
12.2301445,-22.997517,-175.00002,0,0
11.2301445,-22.997517,-175.00002,0,0
10.2301445,-22.997517,-175.00002,0,0
9.2301445,-22.997517,-175.00002,0,0
8.2301445,-22.997517,-175.00002,0,0
7.2301445,-22.997517,-175.00002,0,0
6.2301445,-22.997517,-175.00002,0,0
5.2301445,-22.997517,-175.00002,0,0
4.2301445,-22.997517,-175.00002,0,0
3.2301445,-22.997517,-175.00002,0,0
2.2301445,-22.997517,-175.00002,0,0
1.2301445,-22.997517,-175.00002,0,0
0.2301445,-22.997517,-175.00002,0,0
-0.7698555,-22.997517,-175.00002,0,0
-1.7698555,-22.997517,-175.00002,0,0
-2.7698555,-22.997517,-175.00002,0,0
-3.7698555,-22.997517,-175.00002,0,0
-4.7698555,-22.997517,-175.00002,0,0
-5.7698555,-22.997517,-175.00002,0,0
-6.7698555,-22.997517,-175.00002,0,0
-7.7698555,-22.997517,-175.00002,0,0
-8.7698555,-22.997517,-175.00002,0,0
-9.7698555,-22.997517,-175.00002,0,0
-10.7698555,-22.997517,-175.00002,0,0
-11.7698555,-22.997517,-175.00002,0,0
-12.7698555,-22.997517,-175.00002,0,0
-13.7698555,-22.997517,-175.00002,0,0
-14.7698555,-22.997517,-175.00002,0,0
-15.7698555,-22.997517,-175.00002,0,0
-16.769855,-22.997517,-175.00002,0,0
-17.769855,-22.997517,-175.00002,0,0
-18.769855,-22.997517,-175.00002,0,0
-19.769855,-22.997517,-175.00002,0,0
-20.769855,-22.997517,-175.00002,0,0
-21.769855,-22.997517,-175.00002,0,0
-22.769855,-22.997517,-175.00002,0,0
-23.769855,-22.997517,-175.00002,0,0
-24.769855,-22.997517,-175.00002,0,0
-25.769855,-22.997517,-175.00002,0,0
-26.769855,-22.997517,-175.00002,0,0
-27.769855,-22.997517,-175.00002,0,0
-28.769855,-22.997517,-175.00002,0,0
-29.769855,-22.997517,-175.00002,0,0
-30.769855,-22.997517,-175.00002,0,0
-31.769855,-22.997517,-175.00002,0,0
-32.769855,-22.997517,-175.00002,0,0
-33.769855,-22.997517,-175.00002,0,0
-34.769855,-22.997517,-175.00002,0,0
-35.769855,-22.997517,-175.00002,0,0
-36.769855,-22.997517,-175.00002,0,0
-37.769855,-22.997517,-175.00002,0,0
-38.769855,-22.997517,-175.00002,0,0
-39.769855,-22.997517,-175.00002,0,0
-40.769855,-22.997517,-175.00002,0,0
-41.769855,-22.997517,-175.00002,0,0
-42.769855,-22.997517,-175.00002,0,0
-43.769855,-22.997517,-175.00002,0,0
-44.769855,-22.997517,-175.00002,0,0
-45.769855,-22.997517,-175.00002,0,0
-46.769855,-22.997517,-175.00002,0,0
-47.769855,-22.997517,-175.00002,0,0
-48.769855,-22.997517,-175.00002,0,0
-49.769855,-22.997517,-175.00002,0,0
49.230145,-23.997517,-175.00002,0,0
48.230145,-23.997517,-175.00002,0,0
47.230145,-23.997517,-175.00002,0,0
46.230145,-23.997517,-175.00002,0,0
45.230145,-23.997517,-175.00002,0,0
44.230145,-23.997517,-175.00002,0,0
43.230145,-23.997517,-175.00002,0,0
42.230145,-23.997517,-175.00002,0,0
41.230145,-23.997517,-175.00002,0,0
40.230145,-23.997517,-175.00002,0,0
39.230145,-23.997517,-175.00002,0,0
38.230145,-23.997517,-175.00002,0,0
37.230145,-23.997517,-175.00002,0,0
36.230145,-23.997517,-175.00002,0,0
35.230145,-23.997517,-175.00002,0,0
34.230145,-23.997517,-175.00002,0,0
33.230145,-23.997517,-175.00002,0,0
32.230145,-23.997517,-175.00002,0,0
31.230145,-23.997517,-175.00002,0,0
30.230145,-23.997517,-175.00002,0,0
29.230145,-23.997517,-175.00002,0,0
28.230145,-23.997517,-175.00002,0,0
27.230145,-23.997517,-175.00002,0,0
26.230145,-23.997517,-175.00002,0,0
25.230145,-23.997517,-175.00002,0,0
24.230145,-23.997517,-175.00002,0,0
23.230145,-23.997517,-175.00002,0,0
22.230145,-23.997517,-175.00002,0,0
21.230145,-23.997517,-175.00002,0,0
20.230145,-23.997517,-175.00002,0,0
19.230145,-23.997517,-175.00002,0,0
18.230145,-23.997517,-175.00002,0,0
17.230145,-23.997517,-175.00002,0,0
16.230145,-23.997517,-175.00002,0,0
15.2301445,-23.997517,-175.00002,0,0
14.2301445,-23.997517,-175.00002,0,0
13.2301445,-23.997517,-175.00002,0,0
12.2301445,-23.997517,-175.00002,0,0
11.2301445,-23.997517,-175.00002,0,0
10.2301445,-23.997517,-175.00002,0,0
9.2301445,-23.997517,-175.00002,0,0
8.2301445,-23.997517,-175.00002,0,0
7.2301445,-23.997517,-175.00002,0,0
6.2301445,-23.997517,-175.00002,0,0
5.2301445,-23.997517,-175.00002,0,0
4.2301445,-23.997517,-175.00002,0,0
3.2301445,-23.997517,-175.00002,0,0
2.2301445,-23.997517,-175.00002,0,0
1.2301445,-23.997517,-175.00002,0,0
0.2301445,-23.997517,-175.00002,0,0
-0.7698555,-23.997517,-175.00002,0,0
-1.7698555,-23.997517,-175.00002,0,0
-2.7698555,-23.997517,-175.00002,0,0
-3.7698555,-23.997517,-175.00002,0,0
-4.7698555,-23.997517,-175.00002,0,0
-5.7698555,-23.997517,-175.00002,0,0
-6.7698555,-23.997517,-175.00002,0,0
-7.7698555,-23.997517,-175.00002,0,0
-8.7698555,-23.997517,-175.00002,0,0
-9.7698555,-23.997517,-175.00002,0,0
-10.7698555,-23.997517,-175.00002,0,0
-11.7698555,-23.997517,-175.00002,0,0
-12.7698555,-23.997517,-175.00002,0,0
-13.7698555,-23.997517,-175.00002,0,0
-14.7698555,-23.997517,-175.00002,0,0
-15.7698555,-23.997517,-175.00002,0,0
-16.769855,-23.997517,-175.00002,0,0
-17.769855,-23.997517,-175.00002,0,0
-18.769855,-23.997517,-175.00002,0,0
-19.769855,-23.997517,-175.00002,0,0
-20.769855,-23.997517,-175.00002,0,0
-21.769855,-23.997517,-175.00002,0,0
-22.769855,-23.997517,-175.00002,0,0
-23.769855,-23.997517,-175.00002,0,0
-24.769855,-23.997517,-175.00002,0,0
-25.769855,-23.997517,-175.00002,0,0
-26.769855,-23.997517,-175.00002,0,0
-27.769855,-23.997517,-175.00002,0,0
-28.769855,-23.997517,-175.00002,0,0
-29.769855,-23.997517,-175.00002,0,0
-30.769855,-23.997517,-175.00002,0,0
-31.769855,-23.997517,-175.00002,0,0
-32.769855,-23.997517,-175.00002,0,0
-33.769855,-23.997517,-175.00002,0,0
-34.769855,-23.997517,-175.00002,0,0
-35.769855,-23.997517,-175.00002,0,0
-36.769855,-23.997517,-175.00002,0,0
-37.769855,-23.997517,-175.00002,0,0
-38.769855,-23.997517,-175.00002,0,0
-39.769855,-23.997517,-175.00002,0,0
-40.769855,-23.997517,-175.00002,0,0
-41.769855,-23.997517,-175.00002,0,0
-42.769855,-23.997517,-175.00002,0,0
-43.769855,-23.997517,-175.00002,0,0
-44.769855,-23.997517,-175.00002,0,0
-45.769855,-23.997517,-175.00002,0,0
-46.769855,-23.997517,-175.00002,0,0
-47.769855,-23.997517,-175.00002,0,0
-48.769855,-23.997517,-175.00002,0,0
-49.769855,-23.997517,-175.00002,0,0
49.230145,-24.997517,-175.00002,0,0
48.230145,-24.997517,-175.00002,0,0
47.230145,-24.997517,-175.00002,0,0
46.230145,-24.997517,-175.00002,0,0
45.230145,-24.997517,-175.00002,0,0
44.230145,-24.997517,-175.00002,0,0
43.230145,-24.997517,-175.00002,0,0
42.230145,-24.997517,-175.00002,0,0
41.230145,-24.997517,-175.00002,0,0
40.230145,-24.997517,-175.00002,0,0
39.230145,-24.997517,-175.00002,0,0
38.230145,-24.997517,-175.00002,0,0
37.230145,-24.997517,-175.00002,0,0
36.230145,-24.997517,-175.00002,0,0
35.230145,-24.997517,-175.00002,0,0
34.230145,-24.997517,-175.00002,0,0
33.230145,-24.997517,-175.00002,0,0
32.230145,-24.997517,-175.00002,0,0
31.230145,-24.997517,-175.00002,0,0
30.230145,-24.997517,-175.00002,0,0
29.230145,-24.997517,-175.00002,0,0
28.230145,-24.997517,-175.00002,0,0
27.230145,-24.997517,-175.00002,0,0
26.230145,-24.997517,-175.00002,0,0
25.230145,-24.997517,-175.00002,0,0
24.230145,-24.997517,-175.00002,0,0
23.230145,-24.997517,-175.00002,0,0
22.230145,-24.997517,-175.00002,0,0
21.230145,-24.997517,-175.00002,0,0
20.230145,-24.997517,-175.00002,0,0
19.230145,-24.997517,-175.00002,0,0
18.230145,-24.997517,-175.00002,0,0
17.230145,-24.997517,-175.00002,0,0
16.230145,-24.997517,-175.00002,0,0
15.2301445,-24.997517,-175.00002,0,0
14.2301445,-24.997517,-175.00002,0,0
13.2301445,-24.997517,-175.00002,0,0
12.2301445,-24.997517,-175.00002,0,0
11.2301445,-24.997517,-175.00002,0,0
10.2301445,-24.997517,-175.00002,0,0
9.2301445,-24.997517,-175.00002,0,0
8.2301445,-24.997517,-175.00002,0,0
7.2301445,-24.997517,-175.00002,0,0
6.2301445,-24.997517,-175.00002,0,0
5.2301445,-24.997517,-175.00002,0,0
4.2301445,-24.997517,-175.00002,0,0
3.2301445,-24.997517,-175.00002,0,0
2.2301445,-24.997517,-175.00002,0,0
1.2301445,-24.997517,-175.00002,0,0
0.2301445,-24.997517,-175.00002,0,0
-0.7698555,-24.997517,-175.00002,0,0
-1.7698555,-24.997517,-175.00002,0,0
-2.7698555,-24.997517,-175.00002,0,0
-3.7698555,-24.997517,-175.00002,0,0
-4.7698555,-24.997517,-175.00002,0,0
-5.7698555,-24.997517,-175.00002,0,0
-6.7698555,-24.997517,-175.00002,0,0
-7.7698555,-24.997517,-175.00002,0,0
-8.7698555,-24.997517,-175.00002,0,0
-9.7698555,-24.997517,-175.00002,0,0
-10.7698555,-24.997517,-175.00002,0,0
-11.7698555,-24.997517,-175.00002,0,0
-12.7698555,-24.997517,-175.00002,0,0
-13.7698555,-24.997517,-175.00002,0,0
-14.7698555,-24.997517,-175.00002,0,0
-15.7698555,-24.997517,-175.00002,0,0
-16.769855,-24.997517,-175.00002,0,0
-17.769855,-24.997517,-175.00002,0,0
-18.769855,-24.997517,-175.00002,0,0
-19.769855,-24.997517,-175.00002,0,0
-20.769855,-24.997517,-175.00002,0,0
-21.769855,-24.997517,-175.00002,0,0
-22.769855,-24.997517,-175.00002,0,0
-23.769855,-24.997517,-175.00002,0,0
-24.769855,-24.997517,-175.00002,0,0
-25.769855,-24.997517,-175.00002,0,0
-26.769855,-24.997517,-175.00002,0,0
-27.769855,-24.997517,-175.00002,0,0
-28.769855,-24.997517,-175.00002,0,0
-29.769855,-24.997517,-175.00002,0,0
-30.769855,-24.997517,-175.00002,0,0
-31.769855,-24.997517,-175.00002,0,0
-32.769855,-24.997517,-175.00002,0,0
-33.769855,-24.997517,-175.00002,0,0
-34.769855,-24.997517,-175.00002,0,0
-35.769855,-24.997517,-175.00002,0,0
-36.769855,-24.997517,-175.00002,0,0
-37.769855,-24.997517,-175.00002,0,0
-38.769855,-24.997517,-175.00002,0,0
-39.769855,-24.997517,-175.00002,0,0
-40.769855,-24.997517,-175.00002,0,0
-41.769855,-24.997517,-175.00002,0,0
-42.769855,-24.997517,-175.00002,0,0
-43.769855,-24.997517,-175.00002,0,0
-44.769855,-24.997517,-175.00002,0,0
-45.769855,-24.997517,-175.00002,0,0
-46.769855,-24.997517,-175.00002,0,0
-47.769855,-24.997517,-175.00002,0,0
-48.769855,-24.997517,-175.00002,0,0
-49.769855,-24.997517,-175.00002,0,0
49.230145,-25.997517,-175.00002,0,0
48.230145,-25.997517,-175.00002,0,0
47.230145,-25.997517,-175.00002,0,0
46.230145,-25.997517,-175.00002,0,0
45.230145,-25.997517,-175.00002,0,0
44.230145,-25.997517,-175.00002,0,0
43.230145,-25.997517,-175.00002,0,0
42.230145,-25.997517,-175.00002,0,0
41.230145,-25.997517,-175.00002,0,0
40.230145,-25.997517,-175.00002,0,0
39.230145,-25.997517,-175.00002,0,0
38.230145,-25.997517,-175.00002,0,0
37.230145,-25.997517,-175.00002,0,0
36.230145,-25.997517,-175.00002,0,0
35.230145,-25.997517,-175.00002,0,0
34.230145,-25.997517,-175.00002,0,0
33.230145,-25.997517,-175.00002,0,0
32.230145,-25.997517,-175.00002,0,0
31.230145,-25.997517,-175.00002,0,0
30.230145,-25.997517,-175.00002,0,0
29.230145,-25.997517,-175.00002,0,0
28.230145,-25.997517,-175.00002,0,0
27.230145,-25.997517,-175.00002,0,0
26.230145,-25.997517,-175.00002,0,0
25.230145,-25.997517,-175.00002,0,0
24.230145,-25.997517,-175.00002,0,0
23.230145,-25.997517,-175.00002,0,0
22.230145,-25.997517,-175.00002,0,0
21.230145,-25.997517,-175.00002,0,0
20.230145,-25.997517,-175.00002,0,0
19.230145,-25.997517,-175.00002,0,0
18.230145,-25.997517,-175.00002,0,0
17.230145,-25.997517,-175.00002,0,0
16.230145,-25.997517,-175.00002,0,0
15.2301445,-25.997517,-175.00002,0,0
14.2301445,-25.997517,-175.00002,0,0
13.2301445,-25.997517,-175.00002,0,0
12.2301445,-25.997517,-175.00002,0,0
11.2301445,-25.997517,-175.00002,0,0
10.2301445,-25.997517,-175.00002,0,0
9.2301445,-25.997517,-175.00002,0,0
8.2301445,-25.997517,-175.00002,0,0
7.2301445,-25.997517,-175.00002,0,0
6.2301445,-25.997517,-175.00002,0,0
5.2301445,-25.997517,-175.00002,0,0
4.2301445,-25.997517,-175.00002,0,0
3.2301445,-25.997517,-175.00002,0,0
2.2301445,-25.997517,-175.00002,0,0
1.2301445,-25.997517,-175.00002,0,0
0.2301445,-25.997517,-175.00002,0,0
-0.7698555,-25.997517,-175.00002,0,0
-1.7698555,-25.997517,-175.00002,0,0
-2.7698555,-25.997517,-175.00002,0,0
-3.7698555,-25.997517,-175.00002,0,0
-4.7698555,-25.997517,-175.00002,0,0
-5.7698555,-25.997517,-175.00002,0,0
-6.7698555,-25.997517,-175.00002,0,0
-7.7698555,-25.997517,-175.00002,0,0
-8.7698555,-25.997517,-175.00002,0,0
-9.7698555,-25.997517,-175.00002,0,0
-10.7698555,-25.997517,-175.00002,0,0
-11.7698555,-25.997517,-175.00002,0,0
-12.7698555,-25.997517,-175.00002,0,0
-13.7698555,-25.997517,-175.00002,0,0
-14.7698555,-25.997517,-175.00002,0,0
-15.7698555,-25.997517,-175.00002,0,0
-16.769855,-25.997517,-175.00002,0,0
-17.769855,-25.997517,-175.00002,0,0
-18.769855,-25.997517,-175.00002,0,0
-19.769855,-25.997517,-175.00002,0,0
-20.769855,-25.997517,-175.00002,0,0
-21.769855,-25.997517,-175.00002,0,0
-22.769855,-25.997517,-175.00002,0,0
-23.769855,-25.997517,-175.00002,0,0
-24.769855,-25.997517,-175.00002,0,0
-25.769855,-25.997517,-175.00002,0,0
-26.769855,-25.997517,-175.00002,0,0
-27.769855,-25.997517,-175.00002,0,0
-28.769855,-25.997517,-175.00002,0,0
-29.769855,-25.997517,-175.00002,0,0
-30.769855,-25.997517,-175.00002,0,0
-31.769855,-25.997517,-175.00002,0,0
-32.769855,-25.997517,-175.00002,0,0
-33.769855,-25.997517,-175.00002,0,0
-34.769855,-25.997517,-175.00002,0,0
-35.769855,-25.997517,-175.00002,0,0
-36.769855,-25.997517,-175.00002,0,0
-37.769855,-25.997517,-175.00002,0,0
-38.769855,-25.997517,-175.00002,0,0
-39.769855,-25.997517,-175.00002,0,0
-40.769855,-25.997517,-175.00002,0,0
-41.769855,-25.997517,-175.00002,0,0
-42.769855,-25.997517,-175.00002,0,0
-43.769855,-25.997517,-175.00002,0,0
-44.769855,-25.997517,-175.00002,0,0
-45.769855,-25.997517,-175.00002,0,0
-46.769855,-25.997517,-175.00002,0,0
-47.769855,-25.997517,-175.00002,0,0
-48.769855,-25.997517,-175.00002,0,0
-49.769855,-25.997517,-175.00002,0,0
49.230145,-26.997517,-175.00002,0,0
48.230145,-26.997517,-175.00002,0,0
47.230145,-26.997517,-175.00002,0,0
46.230145,-26.997517,-175.00002,0,0
45.230145,-26.997517,-175.00002,0,0
44.230145,-26.997517,-175.00002,0,0
43.230145,-26.997517,-175.00002,0,0
42.230145,-26.997517,-175.00002,0,0
41.230145,-26.997517,-175.00002,0,0
40.230145,-26.997517,-175.00002,0,0
39.230145,-26.997517,-175.00002,0,0
38.230145,-26.997517,-175.00002,0,0
37.230145,-26.997517,-175.00002,0,0
36.230145,-26.997517,-175.00002,0,0
35.230145,-26.997517,-175.00002,0,0
34.230145,-26.997517,-175.00002,0,0
33.230145,-26.997517,-175.00002,0,0
32.230145,-26.997517,-175.00002,0,0
31.230145,-26.997517,-175.00002,0,0
30.230145,-26.997517,-175.00002,0,0
29.230145,-26.997517,-175.00002,0,0
28.230145,-26.997517,-175.00002,0,0
27.230145,-26.997517,-175.00002,0,0
26.230145,-26.997517,-175.00002,0,0
25.230145,-26.997517,-175.00002,0,0
24.230145,-26.997517,-175.00002,0,0
23.230145,-26.997517,-175.00002,0,0
22.230145,-26.997517,-175.00002,0,0
21.230145,-26.997517,-175.00002,0,0
20.230145,-26.997517,-175.00002,0,0
19.230145,-26.997517,-175.00002,0,0
18.230145,-26.997517,-175.00002,0,0
17.230145,-26.997517,-175.00002,0,0
16.230145,-26.997517,-175.00002,0,0
15.2301445,-26.997517,-175.00002,0,0
14.2301445,-26.997517,-175.00002,0,0
13.2301445,-26.997517,-175.00002,0,0
12.2301445,-26.997517,-175.00002,0,0
11.2301445,-26.997517,-175.00002,0,0
10.2301445,-26.997517,-175.00002,0,0
9.2301445,-26.997517,-175.00002,0,0
8.2301445,-26.997517,-175.00002,0,0
7.2301445,-26.997517,-175.00002,0,0
6.2301445,-26.997517,-175.00002,0,0
5.2301445,-26.997517,-175.00002,0,0
4.2301445,-26.997517,-175.00002,0,0
3.2301445,-26.997517,-175.00002,0,0
2.2301445,-26.997517,-175.00002,0,0
1.2301445,-26.997517,-175.00002,0,0
0.2301445,-26.997517,-175.00002,0,0
-0.7698555,-26.997517,-175.00002,0,0
-1.7698555,-26.997517,-175.00002,0,0
-2.7698555,-26.997517,-175.00002,0,0
-3.7698555,-26.997517,-175.00002,0,0
-4.7698555,-26.997517,-175.00002,0,0
-5.7698555,-26.997517,-175.00002,0,0
-6.7698555,-26.997517,-175.00002,0,0
-7.7698555,-26.997517,-175.00002,0,0
-8.7698555,-26.997517,-175.00002,0,0
-9.7698555,-26.997517,-175.00002,0,0
-10.7698555,-26.997517,-175.00002,0,0
-11.7698555,-26.997517,-175.00002,0,0
-12.7698555,-26.997517,-175.00002,0,0
-13.7698555,-26.997517,-175.00002,0,0
-14.7698555,-26.997517,-175.00002,0,0
-15.7698555,-26.997517,-175.00002,0,0
-16.769855,-26.997517,-175.00002,0,0
-17.769855,-26.997517,-175.00002,0,0
-18.769855,-26.997517,-175.00002,0,0
-19.769855,-26.997517,-175.00002,0,0
-20.769855,-26.997517,-175.00002,0,0
-21.769855,-26.997517,-175.00002,0,0
-22.769855,-26.997517,-175.00002,0,0
-23.769855,-26.997517,-175.00002,0,0
-24.769855,-26.997517,-175.00002,0,0
-25.769855,-26.997517,-175.00002,0,0
-26.769855,-26.997517,-175.00002,0,0
-27.769855,-26.997517,-175.00002,0,0
-28.769855,-26.997517,-175.00002,0,0
-29.769855,-26.997517,-175.00002,0,0
-30.769855,-26.997517,-175.00002,0,0
-31.769855,-26.997517,-175.00002,0,0
-32.769855,-26.997517,-175.00002,0,0
-33.769855,-26.997517,-175.00002,0,0
-34.769855,-26.997517,-175.00002,0,0
-35.769855,-26.997517,-175.00002,0,0
-36.769855,-26.997517,-175.00002,0,0
-37.769855,-26.997517,-175.00002,0,0
-38.769855,-26.997517,-175.00002,0,0
-39.769855,-26.997517,-175.00002,0,0
-40.769855,-26.997517,-175.00002,0,0
-41.769855,-26.997517,-175.00002,0,0
-42.769855,-26.997517,-175.00002,0,0
-43.769855,-26.997517,-175.00002,0,0
-44.769855,-26.997517,-175.00002,0,0
-45.769855,-26.997517,-175.00002,0,0
-46.769855,-26.997517,-175.00002,0,0
-47.769855,-26.997517,-175.00002,0,0
-48.769855,-26.997517,-175.00002,0,0
-49.769855,-26.997517,-175.00002,0,0
49.230145,-27.997517,-175.00002,0,0
48.230145,-27.997517,-175.00002,0,0
47.230145,-27.997517,-175.00002,0,0
46.230145,-27.997517,-175.00002,0,0
45.230145,-27.997517,-175.00002,0,0
44.230145,-27.997517,-175.00002,0,0
43.230145,-27.997517,-175.00002,0,0
42.230145,-27.997517,-175.00002,0,0
41.230145,-27.997517,-175.00002,0,0
40.230145,-27.997517,-175.00002,0,0
39.230145,-27.997517,-175.00002,0,0
38.230145,-27.997517,-175.00002,0,0
37.230145,-27.997517,-175.00002,0,0
36.230145,-27.997517,-175.00002,0,0
35.230145,-27.997517,-175.00002,0,0
34.230145,-27.997517,-175.00002,0,0
33.230145,-27.997517,-175.00002,0,0
32.230145,-27.997517,-175.00002,0,0
31.230145,-27.997517,-175.00002,0,0
30.230145,-27.997517,-175.00002,0,0
29.230145,-27.997517,-175.00002,0,0
28.230145,-27.997517,-175.00002,0,0
27.230145,-27.997517,-175.00002,0,0
26.230145,-27.997517,-175.00002,0,0
25.230145,-27.997517,-175.00002,0,0
24.230145,-27.997517,-175.00002,0,0
23.230145,-27.997517,-175.00002,0,0
22.230145,-27.997517,-175.00002,0,0
21.230145,-27.997517,-175.00002,0,0
20.230145,-27.997517,-175.00002,0,0
19.230145,-27.997517,-175.00002,0,0
18.230145,-27.997517,-175.00002,0,0
17.230145,-27.997517,-175.00002,0,0
16.230145,-27.997517,-175.00002,0,0
15.2301445,-27.997517,-175.00002,0,0
14.2301445,-27.997517,-175.00002,0,0
13.2301445,-27.997517,-175.00002,0,0
12.2301445,-27.997517,-175.00002,0,0
11.2301445,-27.997517,-175.00002,0,0
10.2301445,-27.997517,-175.00002,0,0
9.2301445,-27.997517,-175.00002,0,0
8.2301445,-27.997517,-175.00002,0,0
7.2301445,-27.997517,-175.00002,0,0
6.2301445,-27.997517,-175.00002,0,0
5.2301445,-27.997517,-175.00002,0,0
4.2301445,-27.997517,-175.00002,0,0
3.2301445,-27.997517,-175.00002,0,0
2.2301445,-27.997517,-175.00002,0,0
1.2301445,-27.997517,-175.00002,0,0
0.2301445,-27.997517,-175.00002,0,0
-0.7698555,-27.997517,-175.00002,0,0
-1.7698555,-27.997517,-175.00002,0,0
-2.7698555,-27.997517,-175.00002,0,0
-3.7698555,-27.997517,-175.00002,0,0
-4.7698555,-27.997517,-175.00002,0,0
-5.7698555,-27.997517,-175.00002,0,0
-6.7698555,-27.997517,-175.00002,0,0
-7.7698555,-27.997517,-175.00002,0,0
-8.7698555,-27.997517,-175.00002,0,0
-9.7698555,-27.997517,-175.00002,0,0
-10.7698555,-27.997517,-175.00002,0,0
-11.7698555,-27.997517,-175.00002,0,0
-12.7698555,-27.997517,-175.00002,0,0
-13.7698555,-27.997517,-175.00002,0,0
-14.7698555,-27.997517,-175.00002,0,0
-15.7698555,-27.997517,-175.00002,0,0
-16.769855,-27.997517,-175.00002,0,0
-17.769855,-27.997517,-175.00002,0,0
-18.769855,-27.997517,-175.00002,0,0
-19.769855,-27.997517,-175.00002,0,0
-20.769855,-27.997517,-175.00002,0,0
-21.769855,-27.997517,-175.00002,0,0
-22.769855,-27.997517,-175.00002,0,0
-23.769855,-27.997517,-175.00002,0,0
-24.769855,-27.997517,-175.00002,0,0
-25.769855,-27.997517,-175.00002,0,0
-26.769855,-27.997517,-175.00002,0,0
-27.769855,-27.997517,-175.00002,0,0
-28.769855,-27.997517,-175.00002,0,0
-29.769855,-27.997517,-175.00002,0,0
-30.769855,-27.997517,-175.00002,0,0
-31.769855,-27.997517,-175.00002,0,0
-32.769855,-27.997517,-175.00002,0,0
-33.769855,-27.997517,-175.00002,0,0
-34.769855,-27.997517,-175.00002,0,0
-35.769855,-27.997517,-175.00002,0,0
-36.769855,-27.997517,-175.00002,0,0
-37.769855,-27.997517,-175.00002,0,0
-38.769855,-27.997517,-175.00002,0,0
-39.769855,-27.997517,-175.00002,0,0
-40.769855,-27.997517,-175.00002,0,0
-41.769855,-27.997517,-175.00002,0,0
-42.769855,-27.997517,-175.00002,0,0
-43.769855,-27.997517,-175.00002,0,0
-44.769855,-27.997517,-175.00002,0,0
-45.769855,-27.997517,-175.00002,0,0
-46.769855,-27.997517,-175.00002,0,0
-47.769855,-27.997517,-175.00002,0,0
-48.769855,-27.997517,-175.00002,0,0
-49.769855,-27.997517,-175.00002,0,0
49.230145,-28.997517,-175.00002,0,0
48.230145,-28.997517,-175.00002,0,0
47.230145,-28.997517,-175.00002,0,0
46.230145,-28.997517,-175.00002,0,0
45.230145,-28.997517,-175.00002,0,0
44.230145,-28.997517,-175.00002,0,0
43.230145,-28.997517,-175.00002,0,0
42.230145,-28.997517,-175.00002,0,0
41.230145,-28.997517,-175.00002,0,0
40.230145,-28.997517,-175.00002,0,0
39.230145,-28.997517,-175.00002,0,0
38.230145,-28.997517,-175.00002,0,0
37.230145,-28.997517,-175.00002,0,0
36.230145,-28.997517,-175.00002,0,0
35.230145,-28.997517,-175.00002,0,0
34.230145,-28.997517,-175.00002,0,0
33.230145,-28.997517,-175.00002,0,0
32.230145,-28.997517,-175.00002,0,0
31.230145,-28.997517,-175.00002,0,0
30.230145,-28.997517,-175.00002,0,0
29.230145,-28.997517,-175.00002,0,0
28.230145,-28.997517,-175.00002,0,0
27.230145,-28.997517,-175.00002,0,0
26.230145,-28.997517,-175.00002,0,0
25.230145,-28.997517,-175.00002,0,0
24.230145,-28.997517,-175.00002,0,0
23.230145,-28.997517,-175.00002,0,0
22.230145,-28.997517,-175.00002,0,0
21.230145,-28.997517,-175.00002,0,0
20.230145,-28.997517,-175.00002,0,0
19.230145,-28.997517,-175.00002,0,0
18.230145,-28.997517,-175.00002,0,0
17.230145,-28.997517,-175.00002,0,0
16.230145,-28.997517,-175.00002,0,0
15.2301445,-28.997517,-175.00002,0,0
14.2301445,-28.997517,-175.00002,0,0
13.2301445,-28.997517,-175.00002,0,0
12.2301445,-28.997517,-175.00002,0,0
11.2301445,-28.997517,-175.00002,0,0
10.2301445,-28.997517,-175.00002,0,0
9.2301445,-28.997517,-175.00002,0,0
8.2301445,-28.997517,-175.00002,0,0
7.2301445,-28.997517,-175.00002,0,0
6.2301445,-28.997517,-175.00002,0,0
5.2301445,-28.997517,-175.00002,0,0
4.2301445,-28.997517,-175.00002,0,0
3.2301445,-28.997517,-175.00002,0,0
2.2301445,-28.997517,-175.00002,0,0
1.2301445,-28.997517,-175.00002,0,0
0.2301445,-28.997517,-175.00002,0,0
-0.7698555,-28.997517,-175.00002,0,0
-1.7698555,-28.997517,-175.00002,0,0
-2.7698555,-28.997517,-175.00002,0,0
-3.7698555,-28.997517,-175.00002,0,0
-4.7698555,-28.997517,-175.00002,0,0
-5.7698555,-28.997517,-175.00002,0,0
-6.7698555,-28.997517,-175.00002,0,0
-7.7698555,-28.997517,-175.00002,0,0
-8.7698555,-28.997517,-175.00002,0,0
-9.7698555,-28.997517,-175.00002,0,0
-10.7698555,-28.997517,-175.00002,0,0
-11.7698555,-28.997517,-175.00002,0,0
-12.7698555,-28.997517,-175.00002,0,0
-13.7698555,-28.997517,-175.00002,0,0
-14.7698555,-28.997517,-175.00002,0,0
-15.7698555,-28.997517,-175.00002,0,0
-16.769855,-28.997517,-175.00002,0,0
-17.769855,-28.997517,-175.00002,0,0
-18.769855,-28.997517,-175.00002,0,0
-19.769855,-28.997517,-175.00002,0,0
-20.769855,-28.997517,-175.00002,0,0
-21.769855,-28.997517,-175.00002,0,0
-22.769855,-28.997517,-175.00002,0,0
-23.769855,-28.997517,-175.00002,0,0
-24.769855,-28.997517,-175.00002,0,0
-25.769855,-28.997517,-175.00002,0,0
-26.769855,-28.997517,-175.00002,0,0
-27.769855,-28.997517,-175.00002,0,0
-28.769855,-28.997517,-175.00002,0,0
-29.769855,-28.997517,-175.00002,0,0
-30.769855,-28.997517,-175.00002,0,0
-31.769855,-28.997517,-175.00002,0,0
-32.769855,-28.997517,-175.00002,0,0
-33.769855,-28.997517,-175.00002,0,0
-34.769855,-28.997517,-175.00002,0,0
-35.769855,-28.997517,-175.00002,0,0
-36.769855,-28.997517,-175.00002,0,0
-37.769855,-28.997517,-175.00002,0,0
-38.769855,-28.997517,-175.00002,0,0
-39.769855,-28.997517,-175.00002,0,0
-40.769855,-28.997517,-175.00002,0,0
-41.769855,-28.997517,-175.00002,0,0
-42.769855,-28.997517,-175.00002,0,0
-43.769855,-28.997517,-175.00002,0,0
-44.769855,-28.997517,-175.00002,0,0
-45.769855,-28.997517,-175.00002,0,0
-46.769855,-28.997517,-175.00002,0,0
-47.769855,-28.997517,-175.00002,0,0
-48.769855,-28.997517,-175.00002,0,0
-49.769855,-28.997517,-175.00002,0,0
49.230145,-29.997517,-175.00002,0,0
48.230145,-29.997517,-175.00002,0,0
47.230145,-29.997517,-175.00002,0,0
46.230145,-29.997517,-175.00002,0,0
45.230145,-29.997517,-175.00002,0,0
44.230145,-29.997517,-175.00002,0,0
43.230145,-29.997517,-175.00002,0,0
42.230145,-29.997517,-175.00002,0,0
41.230145,-29.997517,-175.00002,0,0
40.230145,-29.997517,-175.00002,0,0
39.230145,-29.997517,-175.00002,0,0
38.230145,-29.997517,-175.00002,0,0
37.230145,-29.997517,-175.00002,0,0
36.230145,-29.997517,-175.00002,0,0
35.230145,-29.997517,-175.00002,0,0
34.230145,-29.997517,-175.00002,0,0
33.230145,-29.997517,-175.00002,0,0
32.230145,-29.997517,-175.00002,0,0
31.230145,-29.997517,-175.00002,0,0
30.230145,-29.997517,-175.00002,0,0
29.230145,-29.997517,-175.00002,0,0
28.230145,-29.997517,-175.00002,0,0
27.230145,-29.997517,-175.00002,0,0
26.230145,-29.997517,-175.00002,0,0
25.230145,-29.997517,-175.00002,0,0
24.230145,-29.997517,-175.00002,0,0
23.230145,-29.997517,-175.00002,0,0
22.230145,-29.997517,-175.00002,0,0
21.230145,-29.997517,-175.00002,0,0
20.230145,-29.997517,-175.00002,0,0
19.230145,-29.997517,-175.00002,0,0
18.230145,-29.997517,-175.00002,0,0
17.230145,-29.997517,-175.00002,0,0
16.230145,-29.997517,-175.00002,0,0
15.2301445,-29.997517,-175.00002,0,0
14.2301445,-29.997517,-175.00002,0,0
13.2301445,-29.997517,-175.00002,0,0
12.2301445,-29.997517,-175.00002,0,0
11.2301445,-29.997517,-175.00002,0,0
10.2301445,-29.997517,-175.00002,0,0
9.2301445,-29.997517,-175.00002,0,0
8.2301445,-29.997517,-175.00002,0,0
7.2301445,-29.997517,-175.00002,0,0
6.2301445,-29.997517,-175.00002,0,0
5.2301445,-29.997517,-175.00002,0,0
4.2301445,-29.997517,-175.00002,0,0
3.2301445,-29.997517,-175.00002,0,0
2.2301445,-29.997517,-175.00002,0,0
1.2301445,-29.997517,-175.00002,0,0
0.2301445,-29.997517,-175.00002,0,0
-0.7698555,-29.997517,-175.00002,0,0
-1.7698555,-29.997517,-175.00002,0,0
-2.7698555,-29.997517,-175.00002,0,0
-3.7698555,-29.997517,-175.00002,0,0
-4.7698555,-29.997517,-175.00002,0,0
-5.7698555,-29.997517,-175.00002,0,0
-6.7698555,-29.997517,-175.00002,0,0
-7.7698555,-29.997517,-175.00002,0,0
-8.7698555,-29.997517,-175.00002,0,0
-9.7698555,-29.997517,-175.00002,0,0
-10.7698555,-29.997517,-175.00002,0,0
-11.7698555,-29.997517,-175.00002,0,0
-12.7698555,-29.997517,-175.00002,0,0
-13.7698555,-29.997517,-175.00002,0,0
-14.7698555,-29.997517,-175.00002,0,0
-15.7698555,-29.997517,-175.00002,0,0
-16.769855,-29.997517,-175.00002,0,0
-17.769855,-29.997517,-175.00002,0,0
-18.769855,-29.997517,-175.00002,0,0
-19.769855,-29.997517,-175.00002,0,0
-20.769855,-29.997517,-175.00002,0,0
-21.769855,-29.997517,-175.00002,0,0
-22.769855,-29.997517,-175.00002,0,0
-23.769855,-29.997517,-175.00002,0,0
-24.769855,-29.997517,-175.00002,0,0
-25.769855,-29.997517,-175.00002,0,0
-26.769855,-29.997517,-175.00002,0,0
-27.769855,-29.997517,-175.00002,0,0
-28.769855,-29.997517,-175.00002,0,0
-29.769855,-29.997517,-175.00002,0,0
-30.769855,-29.997517,-175.00002,0,0
-31.769855,-29.997517,-175.00002,0,0
-32.769855,-29.997517,-175.00002,0,0
-33.769855,-29.997517,-175.00002,0,0
-34.769855,-29.997517,-175.00002,0,0
-35.769855,-29.997517,-175.00002,0,0
-36.769855,-29.997517,-175.00002,0,0
-37.769855,-29.997517,-175.00002,0,0
-38.769855,-29.997517,-175.00002,0,0
-39.769855,-29.997517,-175.00002,0,0
-40.769855,-29.997517,-175.00002,0,0
-41.769855,-29.997517,-175.00002,0,0
-42.769855,-29.997517,-175.00002,0,0
-43.769855,-29.997517,-175.00002,0,0
-44.769855,-29.997517,-175.00002,0,0
-45.769855,-29.997517,-175.00002,0,0
-46.769855,-29.997517,-175.00002,0,0
-47.769855,-29.997517,-175.00002,0,0
-48.769855,-29.997517,-175.00002,0,0
-49.769855,-29.997517,-175.00002,0,0
49.230145,-30.997517,-175.00002,0,0
48.230145,-30.997517,-175.00002,0,0
47.230145,-30.997517,-175.00002,0,0
46.230145,-30.997517,-175.00002,0,0
45.230145,-30.997517,-175.00002,0,0
44.230145,-30.997517,-175.00002,0,0
43.230145,-30.997517,-175.00002,0,0
42.230145,-30.997517,-175.00002,0,0
41.230145,-30.997517,-175.00002,0,0
40.230145,-30.997517,-175.00002,0,0
39.230145,-30.997517,-175.00002,0,0
38.230145,-30.997517,-175.00002,0,0
37.230145,-30.997517,-175.00002,0,0
36.230145,-30.997517,-175.00002,0,0
35.230145,-30.997517,-175.00002,0,0
34.230145,-30.997517,-175.00002,0,0
33.230145,-30.997517,-175.00002,0,0
32.230145,-30.997517,-175.00002,0,0
31.230145,-30.997517,-175.00002,0,0
30.230145,-30.997517,-175.00002,0,0
29.230145,-30.997517,-175.00002,0,0
28.230145,-30.997517,-175.00002,0,0
27.230145,-30.997517,-175.00002,0,0
26.230145,-30.997517,-175.00002,0,0
25.230145,-30.997517,-175.00002,0,0
24.230145,-30.997517,-175.00002,0,0
23.230145,-30.997517,-175.00002,0,0
22.230145,-30.997517,-175.00002,0,0
21.230145,-30.997517,-175.00002,0,0
20.230145,-30.997517,-175.00002,0,0
19.230145,-30.997517,-175.00002,0,0
18.230145,-30.997517,-175.00002,0,0
17.230145,-30.997517,-175.00002,0,0
16.230145,-30.997517,-175.00002,0,0
15.2301445,-30.997517,-175.00002,0,0
14.2301445,-30.997517,-175.00002,0,0
13.2301445,-30.997517,-175.00002,0,0
12.2301445,-30.997517,-175.00002,0,0
11.2301445,-30.997517,-175.00002,0,0
10.2301445,-30.997517,-175.00002,0,0
9.2301445,-30.997517,-175.00002,0,0
8.2301445,-30.997517,-175.00002,0,0
7.2301445,-30.997517,-175.00002,0,0
6.2301445,-30.997517,-175.00002,0,0
5.2301445,-30.997517,-175.00002,0,0
4.2301445,-30.997517,-175.00002,0,0
3.2301445,-30.997517,-175.00002,0,0
2.2301445,-30.997517,-175.00002,0,0
1.2301445,-30.997517,-175.00002,0,0
0.2301445,-30.997517,-175.00002,0,0
-0.7698555,-30.997517,-175.00002,0,0
-1.7698555,-30.997517,-175.00002,0,0
-2.7698555,-30.997517,-175.00002,0,0
-3.7698555,-30.997517,-175.00002,0,0
-4.7698555,-30.997517,-175.00002,0,0
-5.7698555,-30.997517,-175.00002,0,0
-6.7698555,-30.997517,-175.00002,0,0
-7.7698555,-30.997517,-175.00002,0,0
-8.7698555,-30.997517,-175.00002,0,0
-9.7698555,-30.997517,-175.00002,0,0
-10.7698555,-30.997517,-175.00002,0,0
-11.7698555,-30.997517,-175.00002,0,0
-12.7698555,-30.997517,-175.00002,0,0
-13.7698555,-30.997517,-175.00002,0,0
-14.7698555,-30.997517,-175.00002,0,0
-15.7698555,-30.997517,-175.00002,0,0
-16.769855,-30.997517,-175.00002,0,0
-17.769855,-30.997517,-175.00002,0,0
-18.769855,-30.997517,-175.00002,0,0
-19.769855,-30.997517,-175.00002,0,0
-20.769855,-30.997517,-175.00002,0,0
-21.769855,-30.997517,-175.00002,0,0
-22.769855,-30.997517,-175.00002,0,0
-23.769855,-30.997517,-175.00002,0,0
-24.769855,-30.997517,-175.00002,0,0
-25.769855,-30.997517,-175.00002,0,0
-26.769855,-30.997517,-175.00002,0,0
-27.769855,-30.997517,-175.00002,0,0
-28.769855,-30.997517,-175.00002,0,0
-29.769855,-30.997517,-175.00002,0,0
-30.769855,-30.997517,-175.00002,0,0
-31.769855,-30.997517,-175.00002,0,0
-32.769855,-30.997517,-175.00002,0,0
-33.769855,-30.997517,-175.00002,0,0
-34.769855,-30.997517,-175.00002,0,0
-35.769855,-30.997517,-175.00002,0,0
-36.769855,-30.997517,-175.00002,0,0
-37.769855,-30.997517,-175.00002,0,0
-38.769855,-30.997517,-175.00002,0,0
-39.769855,-30.997517,-175.00002,0,0
-40.769855,-30.997517,-175.00002,0,0
-41.769855,-30.997517,-175.00002,0,0
-42.769855,-30.997517,-175.00002,0,0
-43.769855,-30.997517,-175.00002,0,0
-44.769855,-30.997517,-175.00002,0,0
-45.769855,-30.997517,-175.00002,0,0
-46.769855,-30.997517,-175.00002,0,0
-47.769855,-30.997517,-175.00002,0,0
-48.769855,-30.997517,-175.00002,0,0
-49.769855,-30.997517,-175.00002,0,0
49.230145,-31.997517,-175.00002,0,0
48.230145,-31.997517,-175.00002,0,0
47.230145,-31.997517,-175.00002,0,0
46.230145,-31.997517,-175.00002,0,0
45.230145,-31.997517,-175.00002,0,0
44.230145,-31.997517,-175.00002,0,0
43.230145,-31.997517,-175.00002,0,0
42.230145,-31.997517,-175.00002,0,0
41.230145,-31.997517,-175.00002,0,0
40.230145,-31.997517,-175.00002,0,0
39.230145,-31.997517,-175.00002,0,0
38.230145,-31.997517,-175.00002,0,0
37.230145,-31.997517,-175.00002,0,0
36.230145,-31.997517,-175.00002,0,0
35.230145,-31.997517,-175.00002,0,0
34.230145,-31.997517,-175.00002,0,0
33.230145,-31.997517,-175.00002,0,0
32.230145,-31.997517,-175.00002,0,0
31.230145,-31.997517,-175.00002,0,0
30.230145,-31.997517,-175.00002,0,0
29.230145,-31.997517,-175.00002,0,0
28.230145,-31.997517,-175.00002,0,0
27.230145,-31.997517,-175.00002,0,0
26.230145,-31.997517,-175.00002,0,0
25.230145,-31.997517,-175.00002,0,0
24.230145,-31.997517,-175.00002,0,0
23.230145,-31.997517,-175.00002,0,0
22.230145,-31.997517,-175.00002,0,0
21.230145,-31.997517,-175.00002,0,0
20.230145,-31.997517,-175.00002,0,0
19.230145,-31.997517,-175.00002,0,0
18.230145,-31.997517,-175.00002,0,0
17.230145,-31.997517,-175.00002,0,0
16.230145,-31.997517,-175.00002,0,0
15.2301445,-31.997517,-175.00002,0,0
14.2301445,-31.997517,-175.00002,0,0
13.2301445,-31.997517,-175.00002,0,0
12.2301445,-31.997517,-175.00002,0,0
11.2301445,-31.997517,-175.00002,0,0
10.2301445,-31.997517,-175.00002,0,0
9.2301445,-31.997517,-175.00002,0,0
8.2301445,-31.997517,-175.00002,0,0
7.2301445,-31.997517,-175.00002,0,0
6.2301445,-31.997517,-175.00002,0,0
5.2301445,-31.997517,-175.00002,0,0
4.2301445,-31.997517,-175.00002,0,0
3.2301445,-31.997517,-175.00002,0,0
2.2301445,-31.997517,-175.00002,0,0
1.2301445,-31.997517,-175.00002,0,0
0.2301445,-31.997517,-175.00002,0,0
-0.7698555,-31.997517,-175.00002,0,0
-1.7698555,-31.997517,-175.00002,0,0
-2.7698555,-31.997517,-175.00002,0,0
-3.7698555,-31.997517,-175.00002,0,0
-4.7698555,-31.997517,-175.00002,0,0
-5.7698555,-31.997517,-175.00002,0,0
-6.7698555,-31.997517,-175.00002,0,0
-7.7698555,-31.997517,-175.00002,0,0
-8.7698555,-31.997517,-175.00002,0,0
-9.7698555,-31.997517,-175.00002,0,0
-10.7698555,-31.997517,-175.00002,0,0
-11.7698555,-31.997517,-175.00002,0,0
-12.7698555,-31.997517,-175.00002,0,0
-13.7698555,-31.997517,-175.00002,0,0
-14.7698555,-31.997517,-175.00002,0,0
-15.7698555,-31.997517,-175.00002,0,0
-16.769855,-31.997517,-175.00002,0,0
-17.769855,-31.997517,-175.00002,0,0
-18.769855,-31.997517,-175.00002,0,0
-19.769855,-31.997517,-175.00002,0,0
-20.769855,-31.997517,-175.00002,0,0
-21.769855,-31.997517,-175.00002,0,0
-22.769855,-31.997517,-175.00002,0,0
-23.769855,-31.997517,-175.00002,0,0
-24.769855,-31.997517,-175.00002,0,0
-25.769855,-31.997517,-175.00002,0,0
-26.769855,-31.997517,-175.00002,0,0
-27.769855,-31.997517,-175.00002,0,0
-28.769855,-31.997517,-175.00002,0,0
-29.769855,-31.997517,-175.00002,0,0
-30.769855,-31.997517,-175.00002,0,0
-31.769855,-31.997517,-175.00002,0,0
-32.769855,-31.997517,-175.00002,0,0
-33.769855,-31.997517,-175.00002,0,0
-34.769855,-31.997517,-175.00002,0,0
-35.769855,-31.997517,-175.00002,0,0
-36.769855,-31.997517,-175.00002,0,0
-37.769855,-31.997517,-175.00002,0,0
-38.769855,-31.997517,-175.00002,0,0
-39.769855,-31.997517,-175.00002,0,0
-40.769855,-31.997517,-175.00002,0,0
-41.769855,-31.997517,-175.00002,0,0
-42.769855,-31.997517,-175.00002,0,0
-43.769855,-31.997517,-175.00002,0,0
-44.769855,-31.997517,-175.00002,0,0
-45.769855,-31.997517,-175.00002,0,0
-46.769855,-31.997517,-175.00002,0,0
-47.769855,-31.997517,-175.00002,0,0
-48.769855,-31.997517,-175.00002,0,0
-49.769855,-31.997517,-175.00002,0,0
49.230145,-32.997517,-175.00002,0,0
48.230145,-32.997517,-175.00002,0,0
47.230145,-32.997517,-175.00002,0,0
46.230145,-32.997517,-175.00002,0,0
45.230145,-32.997517,-175.00002,0,0
44.230145,-32.997517,-175.00002,0,0
43.230145,-32.997517,-175.00002,0,0
42.230145,-32.997517,-175.00002,0,0
41.230145,-32.997517,-175.00002,0,0
40.230145,-32.997517,-175.00002,0,0
39.230145,-32.997517,-175.00002,0,0
38.230145,-32.997517,-175.00002,0,0
37.230145,-32.997517,-175.00002,0,0
36.230145,-32.997517,-175.00002,0,0
35.230145,-32.997517,-175.00002,0,0
34.230145,-32.997517,-175.00002,0,0
33.230145,-32.997517,-175.00002,0,0
32.230145,-32.997517,-175.00002,0,0
31.230145,-32.997517,-175.00002,0,0
30.230145,-32.997517,-175.00002,0,0
29.230145,-32.997517,-175.00002,0,0
28.230145,-32.997517,-175.00002,0,0
27.230145,-32.997517,-175.00002,0,0
26.230145,-32.997517,-175.00002,0,0
25.230145,-32.997517,-175.00002,0,0
24.230145,-32.997517,-175.00002,0,0
23.230145,-32.997517,-175.00002,0,0
22.230145,-32.997517,-175.00002,0,0
21.230145,-32.997517,-175.00002,0,0
20.230145,-32.997517,-175.00002,0,0
19.230145,-32.997517,-175.00002,0,0
18.230145,-32.997517,-175.00002,0,0
17.230145,-32.997517,-175.00002,0,0
16.230145,-32.997517,-175.00002,0,0
15.2301445,-32.997517,-175.00002,0,0
14.2301445,-32.997517,-175.00002,0,0
13.2301445,-32.997517,-175.00002,0,0
12.2301445,-32.997517,-175.00002,0,0
11.2301445,-32.997517,-175.00002,0,0
10.2301445,-32.997517,-175.00002,0,0
9.2301445,-32.997517,-175.00002,0,0
8.2301445,-32.997517,-175.00002,0,0
7.2301445,-32.997517,-175.00002,0,0
6.2301445,-32.997517,-175.00002,0,0
5.2301445,-32.997517,-175.00002,0,0
4.2301445,-32.997517,-175.00002,0,0
3.2301445,-32.997517,-175.00002,0,0
2.2301445,-32.997517,-175.00002,0,0
1.2301445,-32.997517,-175.00002,0,0
0.2301445,-32.997517,-175.00002,0,0
-0.7698555,-32.997517,-175.00002,0,0
-1.7698555,-32.997517,-175.00002,0,0
-2.7698555,-32.997517,-175.00002,0,0
-3.7698555,-32.997517,-175.00002,0,0
-4.7698555,-32.997517,-175.00002,0,0
-5.7698555,-32.997517,-175.00002,0,0
-6.7698555,-32.997517,-175.00002,0,0
-7.7698555,-32.997517,-175.00002,0,0
-8.7698555,-32.997517,-175.00002,0,0
-9.7698555,-32.997517,-175.00002,0,0
-10.7698555,-32.997517,-175.00002,0,0
-11.7698555,-32.997517,-175.00002,0,0
-12.7698555,-32.997517,-175.00002,0,0
-13.7698555,-32.997517,-175.00002,0,0
-14.7698555,-32.997517,-175.00002,0,0
-15.7698555,-32.997517,-175.00002,0,0
-16.769855,-32.997517,-175.00002,0,0
-17.769855,-32.997517,-175.00002,0,0
-18.769855,-32.997517,-175.00002,0,0
-19.769855,-32.997517,-175.00002,0,0
-20.769855,-32.997517,-175.00002,0,0
-21.769855,-32.997517,-175.00002,0,0
-22.769855,-32.997517,-175.00002,0,0
-23.769855,-32.997517,-175.00002,0,0
-24.769855,-32.997517,-175.00002,0,0
-25.769855,-32.997517,-175.00002,0,0
-26.769855,-32.997517,-175.00002,0,0
-27.769855,-32.997517,-175.00002,0,0
-28.769855,-32.997517,-175.00002,0,0
-29.769855,-32.997517,-175.00002,0,0
-30.769855,-32.997517,-175.00002,0,0
-31.769855,-32.997517,-175.00002,0,0
-32.769855,-32.997517,-175.00002,0,0
-33.769855,-32.997517,-175.00002,0,0
-34.769855,-32.997517,-175.00002,0,0
-35.769855,-32.997517,-175.00002,0,0
-36.769855,-32.997517,-175.00002,0,0
-37.769855,-32.997517,-175.00002,0,0
-38.769855,-32.997517,-175.00002,0,0
-39.769855,-32.997517,-175.00002,0,0
-40.769855,-32.997517,-175.00002,0,0
-41.769855,-32.997517,-175.00002,0,0
-42.769855,-32.997517,-175.00002,0,0
-43.769855,-32.997517,-175.00002,0,0
-44.769855,-32.997517,-175.00002,0,0
-45.769855,-32.997517,-175.00002,0,0
-46.769855,-32.997517,-175.00002,0,0
-47.769855,-32.997517,-175.00002,0,0
-48.769855,-32.997517,-175.00002,0,0
-49.769855,-32.997517,-175.00002,0,0
49.230145,-33.997517,-175.00002,0,0
48.230145,-33.997517,-175.00002,0,0
47.230145,-33.997517,-175.00002,0,0
46.230145,-33.997517,-175.00002,0,0
45.230145,-33.997517,-175.00002,0,0
44.230145,-33.997517,-175.00002,0,0
43.230145,-33.997517,-175.00002,0,0
42.230145,-33.997517,-175.00002,0,0
41.230145,-33.997517,-175.00002,0,0
40.230145,-33.997517,-175.00002,0,0
39.230145,-33.997517,-175.00002,0,0
38.230145,-33.997517,-175.00002,0,0
37.230145,-33.997517,-175.00002,0,0
36.230145,-33.997517,-175.00002,0,0
35.230145,-33.997517,-175.00002,0,0
34.230145,-33.997517,-175.00002,0,0
33.230145,-33.997517,-175.00002,0,0
32.230145,-33.997517,-175.00002,0,0
31.230145,-33.997517,-175.00002,0,0
30.230145,-33.997517,-175.00002,0,0
29.230145,-33.997517,-175.00002,0,0
28.230145,-33.997517,-175.00002,0,0
27.230145,-33.997517,-175.00002,0,0
26.230145,-33.997517,-175.00002,0,0
25.230145,-33.997517,-175.00002,0,0
24.230145,-33.997517,-175.00002,0,0
23.230145,-33.997517,-175.00002,0,0
22.230145,-33.997517,-175.00002,0,0
21.230145,-33.997517,-175.00002,0,0
20.230145,-33.997517,-175.00002,0,0
19.230145,-33.997517,-175.00002,0,0
18.230145,-33.997517,-175.00002,0,0
17.230145,-33.997517,-175.00002,0,0
16.230145,-33.997517,-175.00002,0,0
15.2301445,-33.997517,-175.00002,0,0
14.2301445,-33.997517,-175.00002,0,0
13.2301445,-33.997517,-175.00002,0,0
12.2301445,-33.997517,-175.00002,0,0
11.2301445,-33.997517,-175.00002,0,0
10.2301445,-33.997517,-175.00002,0,0
9.2301445,-33.997517,-175.00002,0,0
8.2301445,-33.997517,-175.00002,0,0
7.2301445,-33.997517,-175.00002,0,0
6.2301445,-33.997517,-175.00002,0,0
5.2301445,-33.997517,-175.00002,0,0
4.2301445,-33.997517,-175.00002,0,0
3.2301445,-33.997517,-175.00002,0,0
2.2301445,-33.997517,-175.00002,0,0
1.2301445,-33.997517,-175.00002,0,0
0.2301445,-33.997517,-175.00002,0,0
-0.7698555,-33.997517,-175.00002,0,0
-1.7698555,-33.997517,-175.00002,0,0
-2.7698555,-33.997517,-175.00002,0,0
-3.7698555,-33.997517,-175.00002,0,0
-4.7698555,-33.997517,-175.00002,0,0
-5.7698555,-33.997517,-175.00002,0,0
-6.7698555,-33.997517,-175.00002,0,0
-7.7698555,-33.997517,-175.00002,0,0
-8.7698555,-33.997517,-175.00002,0,0
-9.7698555,-33.997517,-175.00002,0,0
-10.7698555,-33.997517,-175.00002,0,0
-11.7698555,-33.997517,-175.00002,0,0
-12.7698555,-33.997517,-175.00002,0,0
-13.7698555,-33.997517,-175.00002,0,0
-14.7698555,-33.997517,-175.00002,0,0
-15.7698555,-33.997517,-175.00002,0,0
-16.769855,-33.997517,-175.00002,0,0
-17.769855,-33.997517,-175.00002,0,0
-18.769855,-33.997517,-175.00002,0,0
-19.769855,-33.997517,-175.00002,0,0
-20.769855,-33.997517,-175.00002,0,0
-21.769855,-33.997517,-175.00002,0,0
-22.769855,-33.997517,-175.00002,0,0
-23.769855,-33.997517,-175.00002,0,0
-24.769855,-33.997517,-175.00002,0,0
-25.769855,-33.997517,-175.00002,0,0
-26.769855,-33.997517,-175.00002,0,0
-27.769855,-33.997517,-175.00002,0,0
-28.769855,-33.997517,-175.00002,0,0
-29.769855,-33.997517,-175.00002,0,0
-30.769855,-33.997517,-175.00002,0,0
-31.769855,-33.997517,-175.00002,0,0
-32.769855,-33.997517,-175.00002,0,0
-33.769855,-33.997517,-175.00002,0,0
-34.769855,-33.997517,-175.00002,0,0
-35.769855,-33.997517,-175.00002,0,0
-36.769855,-33.997517,-175.00002,0,0
-37.769855,-33.997517,-175.00002,0,0
-38.769855,-33.997517,-175.00002,0,0
-39.769855,-33.997517,-175.00002,0,0
-40.769855,-33.997517,-175.00002,0,0
-41.769855,-33.997517,-175.00002,0,0
-42.769855,-33.997517,-175.00002,0,0
-43.769855,-33.997517,-175.00002,0,0
-44.769855,-33.997517,-175.00002,0,0
-45.769855,-33.997517,-175.00002,0,0
-46.769855,-33.997517,-175.00002,0,0
-47.769855,-33.997517,-175.00002,0,0
-48.769855,-33.997517,-175.00002,0,0
-49.769855,-33.997517,-175.00002,0,0
49.230145,-34.997517,-175.00002,0,0
48.230145,-34.997517,-175.00002,0,0
47.230145,-34.997517,-175.00002,0,0
46.230145,-34.997517,-175.00002,0,0
45.230145,-34.997517,-175.00002,0,0
44.230145,-34.997517,-175.00002,0,0
43.230145,-34.997517,-175.00002,0,0
42.230145,-34.997517,-175.00002,0,0
41.230145,-34.997517,-175.00002,0,0
40.230145,-34.997517,-175.00002,0,0
39.230145,-34.997517,-175.00002,0,0
38.230145,-34.997517,-175.00002,0,0
37.230145,-34.997517,-175.00002,0,0
36.230145,-34.997517,-175.00002,0,0
35.230145,-34.997517,-175.00002,0,0
34.230145,-34.997517,-175.00002,0,0
33.230145,-34.997517,-175.00002,0,0
32.230145,-34.997517,-175.00002,0,0
31.230145,-34.997517,-175.00002,0,0
30.230145,-34.997517,-175.00002,0,0
29.230145,-34.997517,-175.00002,0,0
28.230145,-34.997517,-175.00002,0,0
27.230145,-34.997517,-175.00002,0,0
26.230145,-34.997517,-175.00002,0,0
25.230145,-34.997517,-175.00002,0,0
24.230145,-34.997517,-175.00002,0,0
23.230145,-34.997517,-175.00002,0,0
22.230145,-34.997517,-175.00002,0,0
21.230145,-34.997517,-175.00002,0,0
20.230145,-34.997517,-175.00002,0,0
19.230145,-34.997517,-175.00002,0,0
18.230145,-34.997517,-175.00002,0,0
17.230145,-34.997517,-175.00002,0,0
16.230145,-34.997517,-175.00002,0,0
15.2301445,-34.997517,-175.00002,0,0
14.2301445,-34.997517,-175.00002,0,0
13.2301445,-34.997517,-175.00002,0,0
12.2301445,-34.997517,-175.00002,0,0
11.2301445,-34.997517,-175.00002,0,0
10.2301445,-34.997517,-175.00002,0,0
9.2301445,-34.997517,-175.00002,0,0
8.2301445,-34.997517,-175.00002,0,0
7.2301445,-34.997517,-175.00002,0,0
6.2301445,-34.997517,-175.00002,0,0
5.2301445,-34.997517,-175.00002,0,0
4.2301445,-34.997517,-175.00002,0,0
3.2301445,-34.997517,-175.00002,0,0
2.2301445,-34.997517,-175.00002,0,0
1.2301445,-34.997517,-175.00002,0,0
0.2301445,-34.997517,-175.00002,0,0
-0.7698555,-34.997517,-175.00002,0,0
-1.7698555,-34.997517,-175.00002,0,0
-2.7698555,-34.997517,-175.00002,0,0
-3.7698555,-34.997517,-175.00002,0,0
-4.7698555,-34.997517,-175.00002,0,0
-5.7698555,-34.997517,-175.00002,0,0
-6.7698555,-34.997517,-175.00002,0,0
-7.7698555,-34.997517,-175.00002,0,0
-8.7698555,-34.997517,-175.00002,0,0
-9.7698555,-34.997517,-175.00002,0,0
-10.7698555,-34.997517,-175.00002,0,0
-11.7698555,-34.997517,-175.00002,0,0
-12.7698555,-34.997517,-175.00002,0,0
-13.7698555,-34.997517,-175.00002,0,0
-14.7698555,-34.997517,-175.00002,0,0
-15.7698555,-34.997517,-175.00002,0,0
-16.769855,-34.997517,-175.00002,0,0
-17.769855,-34.997517,-175.00002,0,0
-18.769855,-34.997517,-175.00002,0,0
-19.769855,-34.997517,-175.00002,0,0
-20.769855,-34.997517,-175.00002,0,0
-21.769855,-34.997517,-175.00002,0,0
-22.769855,-34.997517,-175.00002,0,0
-23.769855,-34.997517,-175.00002,0,0
-24.769855,-34.997517,-175.00002,0,0
-25.769855,-34.997517,-175.00002,0,0
-26.769855,-34.997517,-175.00002,0,0
-27.769855,-34.997517,-175.00002,0,0
-28.769855,-34.997517,-175.00002,0,0
-29.769855,-34.997517,-175.00002,0,0
-30.769855,-34.997517,-175.00002,0,0
-31.769855,-34.997517,-175.00002,0,0
-32.769855,-34.997517,-175.00002,0,0
-33.769855,-34.997517,-175.00002,0,0
-34.769855,-34.997517,-175.00002,0,0
-35.769855,-34.997517,-175.00002,0,0
-36.769855,-34.997517,-175.00002,0,0
-37.769855,-34.997517,-175.00002,0,0
-38.769855,-34.997517,-175.00002,0,0
-39.769855,-34.997517,-175.00002,0,0
-40.769855,-34.997517,-175.00002,0,0
-41.769855,-34.997517,-175.00002,0,0
-42.769855,-34.997517,-175.00002,0,0
-43.769855,-34.997517,-175.00002,0,0
-44.769855,-34.997517,-175.00002,0,0
-45.769855,-34.997517,-175.00002,0,0
-46.769855,-34.997517,-175.00002,0,0
-47.769855,-34.997517,-175.00002,0,0
-48.769855,-34.997517,-175.00002,0,0
-49.769855,-34.997517,-175.00002,0,0
49.230145,-35.997517,-175.00002,0,0
48.230145,-35.997517,-175.00002,0,0
47.230145,-35.997517,-175.00002,0,0
46.230145,-35.997517,-175.00002,0,0
45.230145,-35.997517,-175.00002,0,0
44.230145,-35.997517,-175.00002,0,0
43.230145,-35.997517,-175.00002,0,0
42.230145,-35.997517,-175.00002,0,0
41.230145,-35.997517,-175.00002,0,0
40.230145,-35.997517,-175.00002,0,0
39.230145,-35.997517,-175.00002,0,0
38.230145,-35.997517,-175.00002,0,0
37.230145,-35.997517,-175.00002,0,0
36.230145,-35.997517,-175.00002,0,0
35.230145,-35.997517,-175.00002,0,0
34.230145,-35.997517,-175.00002,0,0
33.230145,-35.997517,-175.00002,0,0
32.230145,-35.997517,-175.00002,0,0
31.230145,-35.997517,-175.00002,0,0
30.230145,-35.997517,-175.00002,0,0
29.230145,-35.997517,-175.00002,0,0
28.230145,-35.997517,-175.00002,0,0
27.230145,-35.997517,-175.00002,0,0
26.230145,-35.997517,-175.00002,0,0
25.230145,-35.997517,-175.00002,0,0
24.230145,-35.997517,-175.00002,0,0
23.230145,-35.997517,-175.00002,0,0
22.230145,-35.997517,-175.00002,0,0
21.230145,-35.997517,-175.00002,0,0
20.230145,-35.997517,-175.00002,0,0
19.230145,-35.997517,-175.00002,0,0
18.230145,-35.997517,-175.00002,0,0
17.230145,-35.997517,-175.00002,0,0
16.230145,-35.997517,-175.00002,0,0
15.2301445,-35.997517,-175.00002,0,0
14.2301445,-35.997517,-175.00002,0,0
13.2301445,-35.997517,-175.00002,0,0
12.2301445,-35.997517,-175.00002,0,0
11.2301445,-35.997517,-175.00002,0,0
10.2301445,-35.997517,-175.00002,0,0
9.2301445,-35.997517,-175.00002,0,0
8.2301445,-35.997517,-175.00002,0,0
7.2301445,-35.997517,-175.00002,0,0
6.2301445,-35.997517,-175.00002,0,0
5.2301445,-35.997517,-175.00002,0,0
4.2301445,-35.997517,-175.00002,0,0
3.2301445,-35.997517,-175.00002,0,0
2.2301445,-35.997517,-175.00002,0,0
1.2301445,-35.997517,-175.00002,0,0
0.2301445,-35.997517,-175.00002,0,0
-0.7698555,-35.997517,-175.00002,0,0
-1.7698555,-35.997517,-175.00002,0,0
-2.7698555,-35.997517,-175.00002,0,0
-3.7698555,-35.997517,-175.00002,0,0
-4.7698555,-35.997517,-175.00002,0,0
-5.7698555,-35.997517,-175.00002,0,0
-6.7698555,-35.997517,-175.00002,0,0
-7.7698555,-35.997517,-175.00002,0,0
-8.7698555,-35.997517,-175.00002,0,0
-9.7698555,-35.997517,-175.00002,0,0
-10.7698555,-35.997517,-175.00002,0,0
-11.7698555,-35.997517,-175.00002,0,0
-12.7698555,-35.997517,-175.00002,0,0
-13.7698555,-35.997517,-175.00002,0,0
-14.7698555,-35.997517,-175.00002,0,0
-15.7698555,-35.997517,-175.00002,0,0
-16.769855,-35.997517,-175.00002,0,0
-17.769855,-35.997517,-175.00002,0,0
-18.769855,-35.997517,-175.00002,0,0
-19.769855,-35.997517,-175.00002,0,0
-20.769855,-35.997517,-175.00002,0,0
-21.769855,-35.997517,-175.00002,0,0
-22.769855,-35.997517,-175.00002,0,0
-23.769855,-35.997517,-175.00002,0,0
-24.769855,-35.997517,-175.00002,0,0
-25.769855,-35.997517,-175.00002,0,0
-26.769855,-35.997517,-175.00002,0,0
-27.769855,-35.997517,-175.00002,0,0
-28.769855,-35.997517,-175.00002,0,0
-29.769855,-35.997517,-175.00002,0,0
-30.769855,-35.997517,-175.00002,0,0
-31.769855,-35.997517,-175.00002,0,0
-32.769855,-35.997517,-175.00002,0,0
-33.769855,-35.997517,-175.00002,0,0
-34.769855,-35.997517,-175.00002,0,0
-35.769855,-35.997517,-175.00002,0,0
-36.769855,-35.997517,-175.00002,0,0
-37.769855,-35.997517,-175.00002,0,0
-38.769855,-35.997517,-175.00002,0,0
-39.769855,-35.997517,-175.00002,0,0
-40.769855,-35.997517,-175.00002,0,0
-41.769855,-35.997517,-175.00002,0,0
-42.769855,-35.997517,-175.00002,0,0
-43.769855,-35.997517,-175.00002,0,0
-44.769855,-35.997517,-175.00002,0,0
-45.769855,-35.997517,-175.00002,0,0
-46.769855,-35.997517,-175.00002,0,0
-47.769855,-35.997517,-175.00002,0,0
-48.769855,-35.997517,-175.00002,0,0
-49.769855,-35.997517,-175.00002,0,0
49.230145,-36.997517,-175.00002,0,0
48.230145,-36.997517,-175.00002,0,0
47.230145,-36.997517,-175.00002,0,0
46.230145,-36.997517,-175.00002,0,0
45.230145,-36.997517,-175.00002,0,0
44.230145,-36.997517,-175.00002,0,0
43.230145,-36.997517,-175.00002,0,0
42.230145,-36.997517,-175.00002,0,0
41.230145,-36.997517,-175.00002,0,0
40.230145,-36.997517,-175.00002,0,0
39.230145,-36.997517,-175.00002,0,0
38.230145,-36.997517,-175.00002,0,0
37.230145,-36.997517,-175.00002,0,0
36.230145,-36.997517,-175.00002,0,0
35.230145,-36.997517,-175.00002,0,0
34.230145,-36.997517,-175.00002,0,0
33.230145,-36.997517,-175.00002,0,0
32.230145,-36.997517,-175.00002,0,0
31.230145,-36.997517,-175.00002,0,0
30.230145,-36.997517,-175.00002,0,0
29.230145,-36.997517,-175.00002,0,0
28.230145,-36.997517,-175.00002,0,0
27.230145,-36.997517,-175.00002,0,0
26.230145,-36.997517,-175.00002,0,0
25.230145,-36.997517,-175.00002,0,0
24.230145,-36.997517,-175.00002,0,0
23.230145,-36.997517,-175.00002,0,0
22.230145,-36.997517,-175.00002,0,0
21.230145,-36.997517,-175.00002,0,0
20.230145,-36.997517,-175.00002,0,0
19.230145,-36.997517,-175.00002,0,0
18.230145,-36.997517,-175.00002,0,0
17.230145,-36.997517,-175.00002,0,0
16.230145,-36.997517,-175.00002,0,0
15.2301445,-36.997517,-175.00002,0,0
14.2301445,-36.997517,-175.00002,0,0
13.2301445,-36.997517,-175.00002,0,0
12.2301445,-36.997517,-175.00002,0,0
11.2301445,-36.997517,-175.00002,0,0
10.2301445,-36.997517,-175.00002,0,0
9.2301445,-36.997517,-175.00002,0,0
8.2301445,-36.997517,-175.00002,0,0
7.2301445,-36.997517,-175.00002,0,0
6.2301445,-36.997517,-175.00002,0,0
5.2301445,-36.997517,-175.00002,0,0
4.2301445,-36.997517,-175.00002,0,0
3.2301445,-36.997517,-175.00002,0,0
2.2301445,-36.997517,-175.00002,0,0
1.2301445,-36.997517,-175.00002,0,0
0.2301445,-36.997517,-175.00002,0,0
-0.7698555,-36.997517,-175.00002,0,0
-1.7698555,-36.997517,-175.00002,0,0
-2.7698555,-36.997517,-175.00002,0,0
-3.7698555,-36.997517,-175.00002,0,0
-4.7698555,-36.997517,-175.00002,0,0
-5.7698555,-36.997517,-175.00002,0,0
-6.7698555,-36.997517,-175.00002,0,0
-7.7698555,-36.997517,-175.00002,0,0
-8.7698555,-36.997517,-175.00002,0,0
-9.7698555,-36.997517,-175.00002,0,0
-10.7698555,-36.997517,-175.00002,0,0
-11.7698555,-36.997517,-175.00002,0,0
-12.7698555,-36.997517,-175.00002,0,0
-13.7698555,-36.997517,-175.00002,0,0
-14.7698555,-36.997517,-175.00002,0,0
-15.7698555,-36.997517,-175.00002,0,0
-16.769855,-36.997517,-175.00002,0,0
-17.769855,-36.997517,-175.00002,0,0
-18.769855,-36.997517,-175.00002,0,0
-19.769855,-36.997517,-175.00002,0,0
-20.769855,-36.997517,-175.00002,0,0
-21.769855,-36.997517,-175.00002,0,0
-22.769855,-36.997517,-175.00002,0,0
-23.769855,-36.997517,-175.00002,0,0
-24.769855,-36.997517,-175.00002,0,0
-25.769855,-36.997517,-175.00002,0,0
-26.769855,-36.997517,-175.00002,0,0
-27.769855,-36.997517,-175.00002,0,0
-28.769855,-36.997517,-175.00002,0,0
-29.769855,-36.997517,-175.00002,0,0
-30.769855,-36.997517,-175.00002,0,0
-31.769855,-36.997517,-175.00002,0,0
-32.769855,-36.997517,-175.00002,0,0
-33.769855,-36.997517,-175.00002,0,0
-34.769855,-36.997517,-175.00002,0,0
-35.769855,-36.997517,-175.00002,0,0
-36.769855,-36.997517,-175.00002,0,0
-37.769855,-36.997517,-175.00002,0,0
-38.769855,-36.997517,-175.00002,0,0
-39.769855,-36.997517,-175.00002,0,0
-40.769855,-36.997517,-175.00002,0,0
-41.769855,-36.997517,-175.00002,0,0
-42.769855,-36.997517,-175.00002,0,0
-43.769855,-36.997517,-175.00002,0,0
-44.769855,-36.997517,-175.00002,0,0
-45.769855,-36.997517,-175.00002,0,0
-46.769855,-36.997517,-175.00002,0,0
-47.769855,-36.997517,-175.00002,0,0
-48.769855,-36.997517,-175.00002,0,0
-49.769855,-36.997517,-175.00002,0,0
49.230145,-37.997517,-175.00002,0,0
48.230145,-37.997517,-175.00002,0,0
47.230145,-37.997517,-175.00002,0,0
46.230145,-37.997517,-175.00002,0,0
45.230145,-37.997517,-175.00002,0,0
44.230145,-37.997517,-175.00002,0,0
43.230145,-37.997517,-175.00002,0,0
42.230145,-37.997517,-175.00002,0,0
41.230145,-37.997517,-175.00002,0,0
40.230145,-37.997517,-175.00002,0,0
39.230145,-37.997517,-175.00002,0,0
38.230145,-37.997517,-175.00002,0,0
37.230145,-37.997517,-175.00002,0,0
36.230145,-37.997517,-175.00002,0,0
35.230145,-37.997517,-175.00002,0,0
34.230145,-37.997517,-175.00002,0,0
33.230145,-37.997517,-175.00002,0,0
32.230145,-37.997517,-175.00002,0,0
31.230145,-37.997517,-175.00002,0,0
30.230145,-37.997517,-175.00002,0,0
29.230145,-37.997517,-175.00002,0,0
28.230145,-37.997517,-175.00002,0,0
27.230145,-37.997517,-175.00002,0,0
26.230145,-37.997517,-175.00002,0,0
25.230145,-37.997517,-175.00002,0,0
24.230145,-37.997517,-175.00002,0,0
23.230145,-37.997517,-175.00002,0,0
22.230145,-37.997517,-175.00002,0,0
21.230145,-37.997517,-175.00002,0,0
20.230145,-37.997517,-175.00002,0,0
19.230145,-37.997517,-175.00002,0,0
18.230145,-37.997517,-175.00002,0,0
17.230145,-37.997517,-175.00002,0,0
16.230145,-37.997517,-175.00002,0,0
15.2301445,-37.997517,-175.00002,0,0
14.2301445,-37.997517,-175.00002,0,0
13.2301445,-37.997517,-175.00002,0,0
12.2301445,-37.997517,-175.00002,0,0
11.2301445,-37.997517,-175.00002,0,0
10.2301445,-37.997517,-175.00002,0,0
9.2301445,-37.997517,-175.00002,0,0
8.2301445,-37.997517,-175.00002,0,0
7.2301445,-37.997517,-175.00002,0,0
6.2301445,-37.997517,-175.00002,0,0
5.2301445,-37.997517,-175.00002,0,0
4.2301445,-37.997517,-175.00002,0,0
3.2301445,-37.997517,-175.00002,0,0
2.2301445,-37.997517,-175.00002,0,0
1.2301445,-37.997517,-175.00002,0,0
0.2301445,-37.997517,-175.00002,0,0
-0.7698555,-37.997517,-175.00002,0,0
-1.7698555,-37.997517,-175.00002,0,0
-2.7698555,-37.997517,-175.00002,0,0
-3.7698555,-37.997517,-175.00002,0,0
-4.7698555,-37.997517,-175.00002,0,0
-5.7698555,-37.997517,-175.00002,0,0
-6.7698555,-37.997517,-175.00002,0,0
-7.7698555,-37.997517,-175.00002,0,0
-8.7698555,-37.997517,-175.00002,0,0
-9.7698555,-37.997517,-175.00002,0,0
-10.7698555,-37.997517,-175.00002,0,0
-11.7698555,-37.997517,-175.00002,0,0
-12.7698555,-37.997517,-175.00002,0,0
-13.7698555,-37.997517,-175.00002,0,0
-14.7698555,-37.997517,-175.00002,0,0
-15.7698555,-37.997517,-175.00002,0,0
-16.769855,-37.997517,-175.00002,0,0
-17.769855,-37.997517,-175.00002,0,0
-18.769855,-37.997517,-175.00002,0,0
-19.769855,-37.997517,-175.00002,0,0
-20.769855,-37.997517,-175.00002,0,0
-21.769855,-37.997517,-175.00002,0,0
-22.769855,-37.997517,-175.00002,0,0
-23.769855,-37.997517,-175.00002,0,0
-24.769855,-37.997517,-175.00002,0,0
-25.769855,-37.997517,-175.00002,0,0
-26.769855,-37.997517,-175.00002,0,0
-27.769855,-37.997517,-175.00002,0,0
-28.769855,-37.997517,-175.00002,0,0
-29.769855,-37.997517,-175.00002,0,0
-30.769855,-37.997517,-175.00002,0,0
-31.769855,-37.997517,-175.00002,0,0
-32.769855,-37.997517,-175.00002,0,0
-33.769855,-37.997517,-175.00002,0,0
-34.769855,-37.997517,-175.00002,0,0
-35.769855,-37.997517,-175.00002,0,0
-36.769855,-37.997517,-175.00002,0,0
-37.769855,-37.997517,-175.00002,0,0
-38.769855,-37.997517,-175.00002,0,0
-39.769855,-37.997517,-175.00002,0,0
-40.769855,-37.997517,-175.00002,0,0
-41.769855,-37.997517,-175.00002,0,0
-42.769855,-37.997517,-175.00002,0,0
-43.769855,-37.997517,-175.00002,0,0
-44.769855,-37.997517,-175.00002,0,0
-45.769855,-37.997517,-175.00002,0,0
-46.769855,-37.997517,-175.00002,0,0
-47.769855,-37.997517,-175.00002,0,0
-48.769855,-37.997517,-175.00002,0,0
-49.769855,-37.997517,-175.00002,0,0
49.230145,-38.997517,-175.00002,0,0
48.230145,-38.997517,-175.00002,0,0
47.230145,-38.997517,-175.00002,0,0
46.230145,-38.997517,-175.00002,0,0
45.230145,-38.997517,-175.00002,0,0
44.230145,-38.997517,-175.00002,0,0
43.230145,-38.997517,-175.00002,0,0
42.230145,-38.997517,-175.00002,0,0
41.230145,-38.997517,-175.00002,0,0
40.230145,-38.997517,-175.00002,0,0
39.230145,-38.997517,-175.00002,0,0
38.230145,-38.997517,-175.00002,0,0
37.230145,-38.997517,-175.00002,0,0
36.230145,-38.997517,-175.00002,0,0
35.230145,-38.997517,-175.00002,0,0
34.230145,-38.997517,-175.00002,0,0
33.230145,-38.997517,-175.00002,0,0
32.230145,-38.997517,-175.00002,0,0
31.230145,-38.997517,-175.00002,0,0
30.230145,-38.997517,-175.00002,0,0
29.230145,-38.997517,-175.00002,0,0
28.230145,-38.997517,-175.00002,0,0
27.230145,-38.997517,-175.00002,0,0
26.230145,-38.997517,-175.00002,0,0
25.230145,-38.997517,-175.00002,0,0
24.230145,-38.997517,-175.00002,0,0
23.230145,-38.997517,-175.00002,0,0
22.230145,-38.997517,-175.00002,0,0
21.230145,-38.997517,-175.00002,0,0
20.230145,-38.997517,-175.00002,0,0
19.230145,-38.997517,-175.00002,0,0
18.230145,-38.997517,-175.00002,0,0
17.230145,-38.997517,-175.00002,0,0
16.230145,-38.997517,-175.00002,0,0
15.2301445,-38.997517,-175.00002,0,0
14.2301445,-38.997517,-175.00002,0,0
13.2301445,-38.997517,-175.00002,0,0
12.2301445,-38.997517,-175.00002,0,0
11.2301445,-38.997517,-175.00002,0,0
10.2301445,-38.997517,-175.00002,0,0
9.2301445,-38.997517,-175.00002,0,0
8.2301445,-38.997517,-175.00002,0,0
7.2301445,-38.997517,-175.00002,0,0
6.2301445,-38.997517,-175.00002,0,0
5.2301445,-38.997517,-175.00002,0,0
4.2301445,-38.997517,-175.00002,0,0
3.2301445,-38.997517,-175.00002,0,0
2.2301445,-38.997517,-175.00002,0,0
1.2301445,-38.997517,-175.00002,0,0
0.2301445,-38.997517,-175.00002,0,0
-0.7698555,-38.997517,-175.00002,0,0
-1.7698555,-38.997517,-175.00002,0,0
-2.7698555,-38.997517,-175.00002,0,0
-3.7698555,-38.997517,-175.00002,0,0
-4.7698555,-38.997517,-175.00002,0,0
-5.7698555,-38.997517,-175.00002,0,0
-6.7698555,-38.997517,-175.00002,0,0
-7.7698555,-38.997517,-175.00002,0,0
-8.7698555,-38.997517,-175.00002,0,0
-9.7698555,-38.997517,-175.00002,0,0
-10.7698555,-38.997517,-175.00002,0,0
-11.7698555,-38.997517,-175.00002,0,0
-12.7698555,-38.997517,-175.00002,0,0
-13.7698555,-38.997517,-175.00002,0,0
-14.7698555,-38.997517,-175.00002,0,0
-15.7698555,-38.997517,-175.00002,0,0
-16.769855,-38.997517,-175.00002,0,0
-17.769855,-38.997517,-175.00002,0,0
-18.769855,-38.997517,-175.00002,0,0
-19.769855,-38.997517,-175.00002,0,0
-20.769855,-38.997517,-175.00002,0,0
-21.769855,-38.997517,-175.00002,0,0
-22.769855,-38.997517,-175.00002,0,0
-23.769855,-38.997517,-175.00002,0,0
-24.769855,-38.997517,-175.00002,0,0
-25.769855,-38.997517,-175.00002,0,0
-26.769855,-38.997517,-175.00002,0,0
-27.769855,-38.997517,-175.00002,0,0
-28.769855,-38.997517,-175.00002,0,0
-29.769855,-38.997517,-175.00002,0,0
-30.769855,-38.997517,-175.00002,0,0
-31.769855,-38.997517,-175.00002,0,0
-32.769855,-38.997517,-175.00002,0,0
-33.769855,-38.997517,-175.00002,0,0
-34.769855,-38.997517,-175.00002,0,0
-35.769855,-38.997517,-175.00002,0,0
-36.769855,-38.997517,-175.00002,0,0
-37.769855,-38.997517,-175.00002,0,0
-38.769855,-38.997517,-175.00002,0,0
-39.769855,-38.997517,-175.00002,0,0
-40.769855,-38.997517,-175.00002,0,0
-41.769855,-38.997517,-175.00002,0,0
-42.769855,-38.997517,-175.00002,0,0
-43.769855,-38.997517,-175.00002,0,0
-44.769855,-38.997517,-175.00002,0,0
-45.769855,-38.997517,-175.00002,0,0
-46.769855,-38.997517,-175.00002,0,0
-47.769855,-38.997517,-175.00002,0,0
-48.769855,-38.997517,-175.00002,0,0
-49.769855,-38.997517,-175.00002,0,0
49.230145,-39.997517,-175.00002,0,0
48.230145,-39.997517,-175.00002,0,0
47.230145,-39.997517,-175.00002,0,0
46.230145,-39.997517,-175.00002,0,0
45.230145,-39.997517,-175.00002,0,0
44.230145,-39.997517,-175.00002,0,0
43.230145,-39.997517,-175.00002,0,0
42.230145,-39.997517,-175.00002,0,0
41.230145,-39.997517,-175.00002,0,0
40.230145,-39.997517,-175.00002,0,0
39.230145,-39.997517,-175.00002,0,0
38.230145,-39.997517,-175.00002,0,0
37.230145,-39.997517,-175.00002,0,0
36.230145,-39.997517,-175.00002,0,0
35.230145,-39.997517,-175.00002,0,0
34.230145,-39.997517,-175.00002,0,0
33.230145,-39.997517,-175.00002,0,0
32.230145,-39.997517,-175.00002,0,0
31.230145,-39.997517,-175.00002,0,0
30.230145,-39.997517,-175.00002,0,0
29.230145,-39.997517,-175.00002,0,0
28.230145,-39.997517,-175.00002,0,0
27.230145,-39.997517,-175.00002,0,0
26.230145,-39.997517,-175.00002,0,0
25.230145,-39.997517,-175.00002,0,0
24.230145,-39.997517,-175.00002,0,0
23.230145,-39.997517,-175.00002,0,0
22.230145,-39.997517,-175.00002,0,0
21.230145,-39.997517,-175.00002,0,0
20.230145,-39.997517,-175.00002,0,0
19.230145,-39.997517,-175.00002,0,0
18.230145,-39.997517,-175.00002,0,0
17.230145,-39.997517,-175.00002,0,0
16.230145,-39.997517,-175.00002,0,0
15.2301445,-39.997517,-175.00002,0,0
14.2301445,-39.997517,-175.00002,0,0
13.2301445,-39.997517,-175.00002,0,0
12.2301445,-39.997517,-175.00002,0,0
11.2301445,-39.997517,-175.00002,0,0
10.2301445,-39.997517,-175.00002,0,0
9.2301445,-39.997517,-175.00002,0,0
8.2301445,-39.997517,-175.00002,0,0
7.2301445,-39.997517,-175.00002,0,0
6.2301445,-39.997517,-175.00002,0,0
5.2301445,-39.997517,-175.00002,0,0
4.2301445,-39.997517,-175.00002,0,0
3.2301445,-39.997517,-175.00002,0,0
2.2301445,-39.997517,-175.00002,0,0
1.2301445,-39.997517,-175.00002,0,0
0.2301445,-39.997517,-175.00002,0,0
-0.7698555,-39.997517,-175.00002,0,0
-1.7698555,-39.997517,-175.00002,0,0
-2.7698555,-39.997517,-175.00002,0,0
-3.7698555,-39.997517,-175.00002,0,0
-4.7698555,-39.997517,-175.00002,0,0
-5.7698555,-39.997517,-175.00002,0,0
-6.7698555,-39.997517,-175.00002,0,0
-7.7698555,-39.997517,-175.00002,0,0
-8.7698555,-39.997517,-175.00002,0,0
-9.7698555,-39.997517,-175.00002,0,0
-10.7698555,-39.997517,-175.00002,0,0
-11.7698555,-39.997517,-175.00002,0,0
-12.7698555,-39.997517,-175.00002,0,0
-13.7698555,-39.997517,-175.00002,0,0
-14.7698555,-39.997517,-175.00002,0,0
-15.7698555,-39.997517,-175.00002,0,0
-16.769855,-39.997517,-175.00002,0,0
-17.769855,-39.997517,-175.00002,0,0
-18.769855,-39.997517,-175.00002,0,0
-19.769855,-39.997517,-175.00002,0,0
-20.769855,-39.997517,-175.00002,0,0
-21.769855,-39.997517,-175.00002,0,0
-22.769855,-39.997517,-175.00002,0,0
-23.769855,-39.997517,-175.00002,0,0
-24.769855,-39.997517,-175.00002,0,0
-25.769855,-39.997517,-175.00002,0,0
-26.769855,-39.997517,-175.00002,0,0
-27.769855,-39.997517,-175.00002,0,0
-28.769855,-39.997517,-175.00002,0,0
-29.769855,-39.997517,-175.00002,0,0
-30.769855,-39.997517,-175.00002,0,0
-31.769855,-39.997517,-175.00002,0,0
-32.769855,-39.997517,-175.00002,0,0
-33.769855,-39.997517,-175.00002,0,0
-34.769855,-39.997517,-175.00002,0,0
-35.769855,-39.997517,-175.00002,0,0
-36.769855,-39.997517,-175.00002,0,0
-37.769855,-39.997517,-175.00002,0,0
-38.769855,-39.997517,-175.00002,0,0
-39.769855,-39.997517,-175.00002,0,0
-40.769855,-39.997517,-175.00002,0,0
-41.769855,-39.997517,-175.00002,0,0
-42.769855,-39.997517,-175.00002,0,0
-43.769855,-39.997517,-175.00002,0,0
-44.769855,-39.997517,-175.00002,0,0
-45.769855,-39.997517,-175.00002,0,0
-46.769855,-39.997517,-175.00002,0,0
-47.769855,-39.997517,-175.00002,0,0
-48.769855,-39.997517,-175.00002,0,0
-49.769855,-39.997517,-175.00002,0,0
49.230145,-40.997517,-175.00002,0,0
48.230145,-40.997517,-175.00002,0,0
47.230145,-40.997517,-175.00002,0,0
46.230145,-40.997517,-175.00002,0,0
45.230145,-40.997517,-175.00002,0,0
44.230145,-40.997517,-175.00002,0,0
43.230145,-40.997517,-175.00002,0,0
42.230145,-40.997517,-175.00002,0,0
41.230145,-40.997517,-175.00002,0,0
40.230145,-40.997517,-175.00002,0,0
39.230145,-40.997517,-175.00002,0,0
38.230145,-40.997517,-175.00002,0,0
37.230145,-40.997517,-175.00002,0,0
36.230145,-40.997517,-175.00002,0,0
35.230145,-40.997517,-175.00002,0,0
34.230145,-40.997517,-175.00002,0,0
33.230145,-40.997517,-175.00002,0,0
32.230145,-40.997517,-175.00002,0,0
31.230145,-40.997517,-175.00002,0,0
30.230145,-40.997517,-175.00002,0,0
29.230145,-40.997517,-175.00002,0,0
28.230145,-40.997517,-175.00002,0,0
27.230145,-40.997517,-175.00002,0,0
26.230145,-40.997517,-175.00002,0,0
25.230145,-40.997517,-175.00002,0,0
24.230145,-40.997517,-175.00002,0,0
23.230145,-40.997517,-175.00002,0,0
22.230145,-40.997517,-175.00002,0,0
21.230145,-40.997517,-175.00002,0,0
20.230145,-40.997517,-175.00002,0,0
19.230145,-40.997517,-175.00002,0,0
18.230145,-40.997517,-175.00002,0,0
17.230145,-40.997517,-175.00002,0,0
16.230145,-40.997517,-175.00002,0,0
15.2301445,-40.997517,-175.00002,0,0
14.2301445,-40.997517,-175.00002,0,0
13.2301445,-40.997517,-175.00002,0,0
12.2301445,-40.997517,-175.00002,0,0
11.2301445,-40.997517,-175.00002,0,0
10.2301445,-40.997517,-175.00002,0,0
9.2301445,-40.997517,-175.00002,0,0
8.2301445,-40.997517,-175.00002,0,0
7.2301445,-40.997517,-175.00002,0,0
6.2301445,-40.997517,-175.00002,0,0
5.2301445,-40.997517,-175.00002,0,0
4.2301445,-40.997517,-175.00002,0,0
3.2301445,-40.997517,-175.00002,0,0
2.2301445,-40.997517,-175.00002,0,0
1.2301445,-40.997517,-175.00002,0,0
0.2301445,-40.997517,-175.00002,0,0
-0.7698555,-40.997517,-175.00002,0,0
-1.7698555,-40.997517,-175.00002,0,0
-2.7698555,-40.997517,-175.00002,0,0
-3.7698555,-40.997517,-175.00002,0,0
-4.7698555,-40.997517,-175.00002,0,0
-5.7698555,-40.997517,-175.00002,0,0
-6.7698555,-40.997517,-175.00002,0,0
-7.7698555,-40.997517,-175.00002,0,0
-8.7698555,-40.997517,-175.00002,0,0
-9.7698555,-40.997517,-175.00002,0,0
-10.7698555,-40.997517,-175.00002,0,0
-11.7698555,-40.997517,-175.00002,0,0
-12.7698555,-40.997517,-175.00002,0,0
-13.7698555,-40.997517,-175.00002,0,0
-14.7698555,-40.997517,-175.00002,0,0
-15.7698555,-40.997517,-175.00002,0,0
-16.769855,-40.997517,-175.00002,0,0
-17.769855,-40.997517,-175.00002,0,0
-18.769855,-40.997517,-175.00002,0,0
-19.769855,-40.997517,-175.00002,0,0
-20.769855,-40.997517,-175.00002,0,0
-21.769855,-40.997517,-175.00002,0,0
-22.769855,-40.997517,-175.00002,0,0
-23.769855,-40.997517,-175.00002,0,0
-24.769855,-40.997517,-175.00002,0,0
-25.769855,-40.997517,-175.00002,0,0
-26.769855,-40.997517,-175.00002,0,0
-27.769855,-40.997517,-175.00002,0,0
-28.769855,-40.997517,-175.00002,0,0
-29.769855,-40.997517,-175.00002,0,0
-30.769855,-40.997517,-175.00002,0,0
-31.769855,-40.997517,-175.00002,0,0
-32.769855,-40.997517,-175.00002,0,0
-33.769855,-40.997517,-175.00002,0,0
-34.769855,-40.997517,-175.00002,0,0
-35.769855,-40.997517,-175.00002,0,0
-36.769855,-40.997517,-175.00002,0,0
-37.769855,-40.997517,-175.00002,0,0
-38.769855,-40.997517,-175.00002,0,0
-39.769855,-40.997517,-175.00002,0,0
-40.769855,-40.997517,-175.00002,0,0
-41.769855,-40.997517,-175.00002,0,0
-42.769855,-40.997517,-175.00002,0,0
-43.769855,-40.997517,-175.00002,0,0
-44.769855,-40.997517,-175.00002,0,0
-45.769855,-40.997517,-175.00002,0,0
-46.769855,-40.997517,-175.00002,0,0
-47.769855,-40.997517,-175.00002,0,0
-48.769855,-40.997517,-175.00002,0,0
-49.769855,-40.997517,-175.00002,0,0
49.230145,-41.997517,-175.00002,0,0
48.230145,-41.997517,-175.00002,0,0
47.230145,-41.997517,-175.00002,0,0
46.230145,-41.997517,-175.00002,0,0
45.230145,-41.997517,-175.00002,0,0
44.230145,-41.997517,-175.00002,0,0
43.230145,-41.997517,-175.00002,0,0
42.230145,-41.997517,-175.00002,0,0
41.230145,-41.997517,-175.00002,0,0
40.230145,-41.997517,-175.00002,0,0
39.230145,-41.997517,-175.00002,0,0
38.230145,-41.997517,-175.00002,0,0
37.230145,-41.997517,-175.00002,0,0
36.230145,-41.997517,-175.00002,0,0
35.230145,-41.997517,-175.00002,0,0
34.230145,-41.997517,-175.00002,0,0
33.230145,-41.997517,-175.00002,0,0
32.230145,-41.997517,-175.00002,0,0
31.230145,-41.997517,-175.00002,0,0
30.230145,-41.997517,-175.00002,0,0
29.230145,-41.997517,-175.00002,0,0
28.230145,-41.997517,-175.00002,0,0
27.230145,-41.997517,-175.00002,0,0
26.230145,-41.997517,-175.00002,0,0
25.230145,-41.997517,-175.00002,0,0
24.230145,-41.997517,-175.00002,0,0
23.230145,-41.997517,-175.00002,0,0
22.230145,-41.997517,-175.00002,0,0
21.230145,-41.997517,-175.00002,0,0
20.230145,-41.997517,-175.00002,0,0
19.230145,-41.997517,-175.00002,0,0
18.230145,-41.997517,-175.00002,0,0
17.230145,-41.997517,-175.00002,0,0
16.230145,-41.997517,-175.00002,0,0
15.2301445,-41.997517,-175.00002,0,0
14.2301445,-41.997517,-175.00002,0,0
13.2301445,-41.997517,-175.00002,0,0
12.2301445,-41.997517,-175.00002,0,0
11.2301445,-41.997517,-175.00002,0,0
10.2301445,-41.997517,-175.00002,0,0
9.2301445,-41.997517,-175.00002,0,0
8.2301445,-41.997517,-175.00002,0,0
7.2301445,-41.997517,-175.00002,0,0
6.2301445,-41.997517,-175.00002,0,0
5.2301445,-41.997517,-175.00002,0,0
4.2301445,-41.997517,-175.00002,0,0
3.2301445,-41.997517,-175.00002,0,0
2.2301445,-41.997517,-175.00002,0,0
1.2301445,-41.997517,-175.00002,0,0
0.2301445,-41.997517,-175.00002,0,0
-0.7698555,-41.997517,-175.00002,0,0
-1.7698555,-41.997517,-175.00002,0,0
-2.7698555,-41.997517,-175.00002,0,0
-3.7698555,-41.997517,-175.00002,0,0
-4.7698555,-41.997517,-175.00002,0,0
-5.7698555,-41.997517,-175.00002,0,0
-6.7698555,-41.997517,-175.00002,0,0
-7.7698555,-41.997517,-175.00002,0,0
-8.7698555,-41.997517,-175.00002,0,0
-9.7698555,-41.997517,-175.00002,0,0
-10.7698555,-41.997517,-175.00002,0,0
-11.7698555,-41.997517,-175.00002,0,0
-12.7698555,-41.997517,-175.00002,0,0
-13.7698555,-41.997517,-175.00002,0,0
-14.7698555,-41.997517,-175.00002,0,0
-15.7698555,-41.997517,-175.00002,0,0
-16.769855,-41.997517,-175.00002,0,0
-17.769855,-41.997517,-175.00002,0,0
-18.769855,-41.997517,-175.00002,0,0
-19.769855,-41.997517,-175.00002,0,0
-20.769855,-41.997517,-175.00002,0,0
-21.769855,-41.997517,-175.00002,0,0
-22.769855,-41.997517,-175.00002,0,0
-23.769855,-41.997517,-175.00002,0,0
-24.769855,-41.997517,-175.00002,0,0
-25.769855,-41.997517,-175.00002,0,0
-26.769855,-41.997517,-175.00002,0,0
-27.769855,-41.997517,-175.00002,0,0
-28.769855,-41.997517,-175.00002,0,0
-29.769855,-41.997517,-175.00002,0,0
-30.769855,-41.997517,-175.00002,0,0
-31.769855,-41.997517,-175.00002,0,0
-32.769855,-41.997517,-175.00002,0,0
-33.769855,-41.997517,-175.00002,0,0
-34.769855,-41.997517,-175.00002,0,0
-35.769855,-41.997517,-175.00002,0,0
-36.769855,-41.997517,-175.00002,0,0
-37.769855,-41.997517,-175.00002,0,0
-38.769855,-41.997517,-175.00002,0,0
-39.769855,-41.997517,-175.00002,0,0
-40.769855,-41.997517,-175.00002,0,0
-41.769855,-41.997517,-175.00002,0,0
-42.769855,-41.997517,-175.00002,0,0
-43.769855,-41.997517,-175.00002,0,0
-44.769855,-41.997517,-175.00002,0,0
-45.769855,-41.997517,-175.00002,0,0
-46.769855,-41.997517,-175.00002,0,0
-47.769855,-41.997517,-175.00002,0,0
-48.769855,-41.997517,-175.00002,0,0
-49.769855,-41.997517,-175.00002,0,0
49.230145,-42.997517,-175.00002,0,0
48.230145,-42.997517,-175.00002,0,0
47.230145,-42.997517,-175.00002,0,0
46.230145,-42.997517,-175.00002,0,0
45.230145,-42.997517,-175.00002,0,0
44.230145,-42.997517,-175.00002,0,0
43.230145,-42.997517,-175.00002,0,0
42.230145,-42.997517,-175.00002,0,0
41.230145,-42.997517,-175.00002,0,0
40.230145,-42.997517,-175.00002,0,0
39.230145,-42.997517,-175.00002,0,0
38.230145,-42.997517,-175.00002,0,0
37.230145,-42.997517,-175.00002,0,0
36.230145,-42.997517,-175.00002,0,0
35.230145,-42.997517,-175.00002,0,0
34.230145,-42.997517,-175.00002,0,0
33.230145,-42.997517,-175.00002,0,0
32.230145,-42.997517,-175.00002,0,0
31.230145,-42.997517,-175.00002,0,0
30.230145,-42.997517,-175.00002,0,0
29.230145,-42.997517,-175.00002,0,0
28.230145,-42.997517,-175.00002,0,0
27.230145,-42.997517,-175.00002,0,0
26.230145,-42.997517,-175.00002,0,0
25.230145,-42.997517,-175.00002,0,0
24.230145,-42.997517,-175.00002,0,0
23.230145,-42.997517,-175.00002,0,0
22.230145,-42.997517,-175.00002,0,0
21.230145,-42.997517,-175.00002,0,0
20.230145,-42.997517,-175.00002,0,0
19.230145,-42.997517,-175.00002,0,0
18.230145,-42.997517,-175.00002,0,0
17.230145,-42.997517,-175.00002,0,0
16.230145,-42.997517,-175.00002,0,0
15.2301445,-42.997517,-175.00002,0,0
14.2301445,-42.997517,-175.00002,0,0
13.2301445,-42.997517,-175.00002,0,0
12.2301445,-42.997517,-175.00002,0,0
11.2301445,-42.997517,-175.00002,0,0
10.2301445,-42.997517,-175.00002,0,0
9.2301445,-42.997517,-175.00002,0,0
8.2301445,-42.997517,-175.00002,0,0
7.2301445,-42.997517,-175.00002,0,0
6.2301445,-42.997517,-175.00002,0,0
5.2301445,-42.997517,-175.00002,0,0
4.2301445,-42.997517,-175.00002,0,0
3.2301445,-42.997517,-175.00002,0,0
2.2301445,-42.997517,-175.00002,0,0
1.2301445,-42.997517,-175.00002,0,0
0.2301445,-42.997517,-175.00002,0,0
-0.7698555,-42.997517,-175.00002,0,0
-1.7698555,-42.997517,-175.00002,0,0
-2.7698555,-42.997517,-175.00002,0,0
-3.7698555,-42.997517,-175.00002,0,0
-4.7698555,-42.997517,-175.00002,0,0
-5.7698555,-42.997517,-175.00002,0,0
-6.7698555,-42.997517,-175.00002,0,0
-7.7698555,-42.997517,-175.00002,0,0
-8.7698555,-42.997517,-175.00002,0,0
-9.7698555,-42.997517,-175.00002,0,0
-10.7698555,-42.997517,-175.00002,0,0
-11.7698555,-42.997517,-175.00002,0,0
-12.7698555,-42.997517,-175.00002,0,0
-13.7698555,-42.997517,-175.00002,0,0
-14.7698555,-42.997517,-175.00002,0,0
-15.7698555,-42.997517,-175.00002,0,0
-16.769855,-42.997517,-175.00002,0,0
-17.769855,-42.997517,-175.00002,0,0
-18.769855,-42.997517,-175.00002,0,0
-19.769855,-42.997517,-175.00002,0,0
-20.769855,-42.997517,-175.00002,0,0
-21.769855,-42.997517,-175.00002,0,0
-22.769855,-42.997517,-175.00002,0,0
-23.769855,-42.997517,-175.00002,0,0
-24.769855,-42.997517,-175.00002,0,0
-25.769855,-42.997517,-175.00002,0,0
-26.769855,-42.997517,-175.00002,0,0
-27.769855,-42.997517,-175.00002,0,0
-28.769855,-42.997517,-175.00002,0,0
-29.769855,-42.997517,-175.00002,0,0
-30.769855,-42.997517,-175.00002,0,0
-31.769855,-42.997517,-175.00002,0,0
-32.769855,-42.997517,-175.00002,0,0
-33.769855,-42.997517,-175.00002,0,0
-34.769855,-42.997517,-175.00002,0,0
-35.769855,-42.997517,-175.00002,0,0
-36.769855,-42.997517,-175.00002,0,0
-37.769855,-42.997517,-175.00002,0,0
-38.769855,-42.997517,-175.00002,0,0
-39.769855,-42.997517,-175.00002,0,0
-40.769855,-42.997517,-175.00002,0,0
-41.769855,-42.997517,-175.00002,0,0
-42.769855,-42.997517,-175.00002,0,0
-43.769855,-42.997517,-175.00002,0,0
-44.769855,-42.997517,-175.00002,0,0
-45.769855,-42.997517,-175.00002,0,0
-46.769855,-42.997517,-175.00002,0,0
-47.769855,-42.997517,-175.00002,0,0
-48.769855,-42.997517,-175.00002,0,0
-49.769855,-42.997517,-175.00002,0,0
49.230145,-43.997517,-175.00002,0,0
48.230145,-43.997517,-175.00002,0,0
47.230145,-43.997517,-175.00002,0,0
46.230145,-43.997517,-175.00002,0,0
45.230145,-43.997517,-175.00002,0,0
44.230145,-43.997517,-175.00002,0,0
43.230145,-43.997517,-175.00002,0,0
42.230145,-43.997517,-175.00002,0,0
41.230145,-43.997517,-175.00002,0,0
40.230145,-43.997517,-175.00002,0,0
39.230145,-43.997517,-175.00002,0,0
38.230145,-43.997517,-175.00002,0,0
37.230145,-43.997517,-175.00002,0,0
36.230145,-43.997517,-175.00002,0,0
35.230145,-43.997517,-175.00002,0,0
34.230145,-43.997517,-175.00002,0,0
33.230145,-43.997517,-175.00002,0,0
32.230145,-43.997517,-175.00002,0,0
31.230145,-43.997517,-175.00002,0,0
30.230145,-43.997517,-175.00002,0,0
29.230145,-43.997517,-175.00002,0,0
28.230145,-43.997517,-175.00002,0,0
27.230145,-43.997517,-175.00002,0,0
26.230145,-43.997517,-175.00002,0,0
25.230145,-43.997517,-175.00002,0,0
24.230145,-43.997517,-175.00002,0,0
23.230145,-43.997517,-175.00002,0,0
22.230145,-43.997517,-175.00002,0,0
21.230145,-43.997517,-175.00002,0,0
20.230145,-43.997517,-175.00002,0,0
19.230145,-43.997517,-175.00002,0,0
18.230145,-43.997517,-175.00002,0,0
17.230145,-43.997517,-175.00002,0,0
16.230145,-43.997517,-175.00002,0,0
15.2301445,-43.997517,-175.00002,0,0
14.2301445,-43.997517,-175.00002,0,0
13.2301445,-43.997517,-175.00002,0,0
12.2301445,-43.997517,-175.00002,0,0
11.2301445,-43.997517,-175.00002,0,0
10.2301445,-43.997517,-175.00002,0,0
9.2301445,-43.997517,-175.00002,0,0
8.2301445,-43.997517,-175.00002,0,0
7.2301445,-43.997517,-175.00002,0,0
6.2301445,-43.997517,-175.00002,0,0
5.2301445,-43.997517,-175.00002,0,0
4.2301445,-43.997517,-175.00002,0,0
3.2301445,-43.997517,-175.00002,0,0
2.2301445,-43.997517,-175.00002,0,0
1.2301445,-43.997517,-175.00002,0,0
0.2301445,-43.997517,-175.00002,0,0
-0.7698555,-43.997517,-175.00002,0,0
-1.7698555,-43.997517,-175.00002,0,0
-2.7698555,-43.997517,-175.00002,0,0
-3.7698555,-43.997517,-175.00002,0,0
-4.7698555,-43.997517,-175.00002,0,0
-5.7698555,-43.997517,-175.00002,0,0
-6.7698555,-43.997517,-175.00002,0,0
-7.7698555,-43.997517,-175.00002,0,0
-8.7698555,-43.997517,-175.00002,0,0
-9.7698555,-43.997517,-175.00002,0,0
-10.7698555,-43.997517,-175.00002,0,0
-11.7698555,-43.997517,-175.00002,0,0
-12.7698555,-43.997517,-175.00002,0,0
-13.7698555,-43.997517,-175.00002,0,0
-14.7698555,-43.997517,-175.00002,0,0
-15.7698555,-43.997517,-175.00002,0,0
-16.769855,-43.997517,-175.00002,0,0
-17.769855,-43.997517,-175.00002,0,0
-18.769855,-43.997517,-175.00002,0,0
-19.769855,-43.997517,-175.00002,0,0
-20.769855,-43.997517,-175.00002,0,0
-21.769855,-43.997517,-175.00002,0,0
-22.769855,-43.997517,-175.00002,0,0
-23.769855,-43.997517,-175.00002,0,0
-24.769855,-43.997517,-175.00002,0,0
-25.769855,-43.997517,-175.00002,0,0
-26.769855,-43.997517,-175.00002,0,0
-27.769855,-43.997517,-175.00002,0,0
-28.769855,-43.997517,-175.00002,0,0
-29.769855,-43.997517,-175.00002,0,0
-30.769855,-43.997517,-175.00002,0,0
-31.769855,-43.997517,-175.00002,0,0
-32.769855,-43.997517,-175.00002,0,0
-33.769855,-43.997517,-175.00002,0,0
-34.769855,-43.997517,-175.00002,0,0
-35.769855,-43.997517,-175.00002,0,0
-36.769855,-43.997517,-175.00002,0,0
-37.769855,-43.997517,-175.00002,0,0
-38.769855,-43.997517,-175.00002,0,0
-39.769855,-43.997517,-175.00002,0,0
-40.769855,-43.997517,-175.00002,0,0
-41.769855,-43.997517,-175.00002,0,0
-42.769855,-43.997517,-175.00002,0,0
-43.769855,-43.997517,-175.00002,0,0
-44.769855,-43.997517,-175.00002,0,0
-45.769855,-43.997517,-175.00002,0,0
-46.769855,-43.997517,-175.00002,0,0
-47.769855,-43.997517,-175.00002,0,0
-48.769855,-43.997517,-175.00002,0,0
-49.769855,-43.997517,-175.00002,0,0
49.230145,-44.997517,-175.00002,0,0
48.230145,-44.997517,-175.00002,0,0
47.230145,-44.997517,-175.00002,0,0
46.230145,-44.997517,-175.00002,0,0
45.230145,-44.997517,-175.00002,0,0
44.230145,-44.997517,-175.00002,0,0
43.230145,-44.997517,-175.00002,0,0
42.230145,-44.997517,-175.00002,0,0
41.230145,-44.997517,-175.00002,0,0
40.230145,-44.997517,-175.00002,0,0
39.230145,-44.997517,-175.00002,0,0
38.230145,-44.997517,-175.00002,0,0
37.230145,-44.997517,-175.00002,0,0
36.230145,-44.997517,-175.00002,0,0
35.230145,-44.997517,-175.00002,0,0
34.230145,-44.997517,-175.00002,0,0
33.230145,-44.997517,-175.00002,0,0
32.230145,-44.997517,-175.00002,0,0
31.230145,-44.997517,-175.00002,0,0
30.230145,-44.997517,-175.00002,0,0
29.230145,-44.997517,-175.00002,0,0
28.230145,-44.997517,-175.00002,0,0
27.230145,-44.997517,-175.00002,0,0
26.230145,-44.997517,-175.00002,0,0
25.230145,-44.997517,-175.00002,0,0
24.230145,-44.997517,-175.00002,0,0
23.230145,-44.997517,-175.00002,0,0
22.230145,-44.997517,-175.00002,0,0
21.230145,-44.997517,-175.00002,0,0
20.230145,-44.997517,-175.00002,0,0
19.230145,-44.997517,-175.00002,0,0
18.230145,-44.997517,-175.00002,0,0
17.230145,-44.997517,-175.00002,0,0
16.230145,-44.997517,-175.00002,0,0
15.2301445,-44.997517,-175.00002,0,0
14.2301445,-44.997517,-175.00002,0,0
13.2301445,-44.997517,-175.00002,0,0
12.2301445,-44.997517,-175.00002,0,0
11.2301445,-44.997517,-175.00002,0,0
10.2301445,-44.997517,-175.00002,0,0
9.2301445,-44.997517,-175.00002,0,0
8.2301445,-44.997517,-175.00002,0,0
7.2301445,-44.997517,-175.00002,0,0
6.2301445,-44.997517,-175.00002,0,0
5.2301445,-44.997517,-175.00002,0,0
4.2301445,-44.997517,-175.00002,0,0
3.2301445,-44.997517,-175.00002,0,0
2.2301445,-44.997517,-175.00002,0,0
1.2301445,-44.997517,-175.00002,0,0
0.2301445,-44.997517,-175.00002,0,0
-0.7698555,-44.997517,-175.00002,0,0
-1.7698555,-44.997517,-175.00002,0,0
-2.7698555,-44.997517,-175.00002,0,0
-3.7698555,-44.997517,-175.00002,0,0
-4.7698555,-44.997517,-175.00002,0,0
-5.7698555,-44.997517,-175.00002,0,0
-6.7698555,-44.997517,-175.00002,0,0
-7.7698555,-44.997517,-175.00002,0,0
-8.7698555,-44.997517,-175.00002,0,0
-9.7698555,-44.997517,-175.00002,0,0
-10.7698555,-44.997517,-175.00002,0,0
-11.7698555,-44.997517,-175.00002,0,0
-12.7698555,-44.997517,-175.00002,0,0
-13.7698555,-44.997517,-175.00002,0,0
-14.7698555,-44.997517,-175.00002,0,0
-15.7698555,-44.997517,-175.00002,0,0
-16.769855,-44.997517,-175.00002,0,0
-17.769855,-44.997517,-175.00002,0,0
-18.769855,-44.997517,-175.00002,0,0
-19.769855,-44.997517,-175.00002,0,0
-20.769855,-44.997517,-175.00002,0,0
-21.769855,-44.997517,-175.00002,0,0
-22.769855,-44.997517,-175.00002,0,0
-23.769855,-44.997517,-175.00002,0,0
-24.769855,-44.997517,-175.00002,0,0
-25.769855,-44.997517,-175.00002,0,0
-26.769855,-44.997517,-175.00002,0,0
-27.769855,-44.997517,-175.00002,0,0
-28.769855,-44.997517,-175.00002,0,0
-29.769855,-44.997517,-175.00002,0,0
-30.769855,-44.997517,-175.00002,0,0
-31.769855,-44.997517,-175.00002,0,0
-32.769855,-44.997517,-175.00002,0,0
-33.769855,-44.997517,-175.00002,0,0
-34.769855,-44.997517,-175.00002,0,0
-35.769855,-44.997517,-175.00002,0,0
-36.769855,-44.997517,-175.00002,0,0
-37.769855,-44.997517,-175.00002,0,0
-38.769855,-44.997517,-175.00002,0,0
-39.769855,-44.997517,-175.00002,0,0
-40.769855,-44.997517,-175.00002,0,0
-41.769855,-44.997517,-175.00002,0,0
-42.769855,-44.997517,-175.00002,0,0
-43.769855,-44.997517,-175.00002,0,0
-44.769855,-44.997517,-175.00002,0,0
-45.769855,-44.997517,-175.00002,0,0
-46.769855,-44.997517,-175.00002,0,0
-47.769855,-44.997517,-175.00002,0,0
-48.769855,-44.997517,-175.00002,0,0
-49.769855,-44.997517,-175.00002,0,0
49.230145,-45.997517,-175.00002,0,0
48.230145,-45.997517,-175.00002,0,0
47.230145,-45.997517,-175.00002,0,0
46.230145,-45.997517,-175.00002,0,0
45.230145,-45.997517,-175.00002,0,0
44.230145,-45.997517,-175.00002,0,0
43.230145,-45.997517,-175.00002,0,0
42.230145,-45.997517,-175.00002,0,0
41.230145,-45.997517,-175.00002,0,0
40.230145,-45.997517,-175.00002,0,0
39.230145,-45.997517,-175.00002,0,0
38.230145,-45.997517,-175.00002,0,0
37.230145,-45.997517,-175.00002,0,0
36.230145,-45.997517,-175.00002,0,0
35.230145,-45.997517,-175.00002,0,0
34.230145,-45.997517,-175.00002,0,0
33.230145,-45.997517,-175.00002,0,0
32.230145,-45.997517,-175.00002,0,0
31.230145,-45.997517,-175.00002,0,0
30.230145,-45.997517,-175.00002,0,0
29.230145,-45.997517,-175.00002,0,0
28.230145,-45.997517,-175.00002,0,0
27.230145,-45.997517,-175.00002,0,0
26.230145,-45.997517,-175.00002,0,0
25.230145,-45.997517,-175.00002,0,0
24.230145,-45.997517,-175.00002,0,0
23.230145,-45.997517,-175.00002,0,0
22.230145,-45.997517,-175.00002,0,0
21.230145,-45.997517,-175.00002,0,0
20.230145,-45.997517,-175.00002,0,0
19.230145,-45.997517,-175.00002,0,0
18.230145,-45.997517,-175.00002,0,0
17.230145,-45.997517,-175.00002,0,0
16.230145,-45.997517,-175.00002,0,0
15.2301445,-45.997517,-175.00002,0,0
14.2301445,-45.997517,-175.00002,0,0
13.2301445,-45.997517,-175.00002,0,0
12.2301445,-45.997517,-175.00002,0,0
11.2301445,-45.997517,-175.00002,0,0
10.2301445,-45.997517,-175.00002,0,0
9.2301445,-45.997517,-175.00002,0,0
8.2301445,-45.997517,-175.00002,0,0
7.2301445,-45.997517,-175.00002,0,0
6.2301445,-45.997517,-175.00002,0,0
5.2301445,-45.997517,-175.00002,0,0
4.2301445,-45.997517,-175.00002,0,0
3.2301445,-45.997517,-175.00002,0,0
2.2301445,-45.997517,-175.00002,0,0
1.2301445,-45.997517,-175.00002,0,0
0.2301445,-45.997517,-175.00002,0,0
-0.7698555,-45.997517,-175.00002,0,0
-1.7698555,-45.997517,-175.00002,0,0
-2.7698555,-45.997517,-175.00002,0,0
-3.7698555,-45.997517,-175.00002,0,0
-4.7698555,-45.997517,-175.00002,0,0
-5.7698555,-45.997517,-175.00002,0,0
-6.7698555,-45.997517,-175.00002,0,0
-7.7698555,-45.997517,-175.00002,0,0
-8.7698555,-45.997517,-175.00002,0,0
-9.7698555,-45.997517,-175.00002,0,0
-10.7698555,-45.997517,-175.00002,0,0
-11.7698555,-45.997517,-175.00002,0,0
-12.7698555,-45.997517,-175.00002,0,0
-13.7698555,-45.997517,-175.00002,0,0
-14.7698555,-45.997517,-175.00002,0,0
-15.7698555,-45.997517,-175.00002,0,0
-16.769855,-45.997517,-175.00002,0,0
-17.769855,-45.997517,-175.00002,0,0
-18.769855,-45.997517,-175.00002,0,0
-19.769855,-45.997517,-175.00002,0,0
-20.769855,-45.997517,-175.00002,0,0
-21.769855,-45.997517,-175.00002,0,0
-22.769855,-45.997517,-175.00002,0,0
-23.769855,-45.997517,-175.00002,0,0
-24.769855,-45.997517,-175.00002,0,0
-25.769855,-45.997517,-175.00002,0,0
-26.769855,-45.997517,-175.00002,0,0
-27.769855,-45.997517,-175.00002,0,0
-28.769855,-45.997517,-175.00002,0,0
-29.769855,-45.997517,-175.00002,0,0
-30.769855,-45.997517,-175.00002,0,0
-31.769855,-45.997517,-175.00002,0,0
-32.769855,-45.997517,-175.00002,0,0
-33.769855,-45.997517,-175.00002,0,0
-34.769855,-45.997517,-175.00002,0,0
-35.769855,-45.997517,-175.00002,0,0
-36.769855,-45.997517,-175.00002,0,0
-37.769855,-45.997517,-175.00002,0,0
-38.769855,-45.997517,-175.00002,0,0
-39.769855,-45.997517,-175.00002,0,0
-40.769855,-45.997517,-175.00002,0,0
-41.769855,-45.997517,-175.00002,0,0
-42.769855,-45.997517,-175.00002,0,0
-43.769855,-45.997517,-175.00002,0,0
-44.769855,-45.997517,-175.00002,0,0
-45.769855,-45.997517,-175.00002,0,0
-46.769855,-45.997517,-175.00002,0,0
-47.769855,-45.997517,-175.00002,0,0
-48.769855,-45.997517,-175.00002,0,0
-49.769855,-45.997517,-175.00002,0,0
49.230145,-46.997517,-175.00002,0,0
48.230145,-46.997517,-175.00002,0,0
47.230145,-46.997517,-175.00002,0,0
46.230145,-46.997517,-175.00002,0,0
45.230145,-46.997517,-175.00002,0,0
44.230145,-46.997517,-175.00002,0,0
43.230145,-46.997517,-175.00002,0,0
42.230145,-46.997517,-175.00002,0,0
41.230145,-46.997517,-175.00002,0,0
40.230145,-46.997517,-175.00002,0,0
39.230145,-46.997517,-175.00002,0,0
38.230145,-46.997517,-175.00002,0,0
37.230145,-46.997517,-175.00002,0,0
36.230145,-46.997517,-175.00002,0,0
35.230145,-46.997517,-175.00002,0,0
34.230145,-46.997517,-175.00002,0,0
33.230145,-46.997517,-175.00002,0,0
32.230145,-46.997517,-175.00002,0,0
31.230145,-46.997517,-175.00002,0,0
30.230145,-46.997517,-175.00002,0,0
29.230145,-46.997517,-175.00002,0,0
28.230145,-46.997517,-175.00002,0,0
27.230145,-46.997517,-175.00002,0,0
26.230145,-46.997517,-175.00002,0,0
25.230145,-46.997517,-175.00002,0,0
24.230145,-46.997517,-175.00002,0,0
23.230145,-46.997517,-175.00002,0,0
22.230145,-46.997517,-175.00002,0,0
21.230145,-46.997517,-175.00002,0,0
20.230145,-46.997517,-175.00002,0,0
19.230145,-46.997517,-175.00002,0,0
18.230145,-46.997517,-175.00002,0,0
17.230145,-46.997517,-175.00002,0,0
16.230145,-46.997517,-175.00002,0,0
15.2301445,-46.997517,-175.00002,0,0
14.2301445,-46.997517,-175.00002,0,0
13.2301445,-46.997517,-175.00002,0,0
12.2301445,-46.997517,-175.00002,0,0
11.2301445,-46.997517,-175.00002,0,0
10.2301445,-46.997517,-175.00002,0,0
9.2301445,-46.997517,-175.00002,0,0
8.2301445,-46.997517,-175.00002,0,0
7.2301445,-46.997517,-175.00002,0,0
6.2301445,-46.997517,-175.00002,0,0
5.2301445,-46.997517,-175.00002,0,0
4.2301445,-46.997517,-175.00002,0,0
3.2301445,-46.997517,-175.00002,0,0
2.2301445,-46.997517,-175.00002,0,0
1.2301445,-46.997517,-175.00002,0,0
0.2301445,-46.997517,-175.00002,0,0
-0.7698555,-46.997517,-175.00002,0,0
-1.7698555,-46.997517,-175.00002,0,0
-2.7698555,-46.997517,-175.00002,0,0
-3.7698555,-46.997517,-175.00002,0,0
-4.7698555,-46.997517,-175.00002,0,0
-5.7698555,-46.997517,-175.00002,0,0
-6.7698555,-46.997517,-175.00002,0,0
-7.7698555,-46.997517,-175.00002,0,0
-8.7698555,-46.997517,-175.00002,0,0
-9.7698555,-46.997517,-175.00002,0,0
-10.7698555,-46.997517,-175.00002,0,0
-11.7698555,-46.997517,-175.00002,0,0
-12.7698555,-46.997517,-175.00002,0,0
-13.7698555,-46.997517,-175.00002,0,0
-14.7698555,-46.997517,-175.00002,0,0
-15.7698555,-46.997517,-175.00002,0,0
-16.769855,-46.997517,-175.00002,0,0
-17.769855,-46.997517,-175.00002,0,0
-18.769855,-46.997517,-175.00002,0,0
-19.769855,-46.997517,-175.00002,0,0
-20.769855,-46.997517,-175.00002,0,0
-21.769855,-46.997517,-175.00002,0,0
-22.769855,-46.997517,-175.00002,0,0
-23.769855,-46.997517,-175.00002,0,0
-24.769855,-46.997517,-175.00002,0,0
-25.769855,-46.997517,-175.00002,0,0
-26.769855,-46.997517,-175.00002,0,0
-27.769855,-46.997517,-175.00002,0,0
-28.769855,-46.997517,-175.00002,0,0
-29.769855,-46.997517,-175.00002,0,0
-30.769855,-46.997517,-175.00002,0,0
-31.769855,-46.997517,-175.00002,0,0
-32.769855,-46.997517,-175.00002,0,0
-33.769855,-46.997517,-175.00002,0,0
-34.769855,-46.997517,-175.00002,0,0
-35.769855,-46.997517,-175.00002,0,0
-36.769855,-46.997517,-175.00002,0,0
-37.769855,-46.997517,-175.00002,0,0
-38.769855,-46.997517,-175.00002,0,0
-39.769855,-46.997517,-175.00002,0,0
-40.769855,-46.997517,-175.00002,0,0
-41.769855,-46.997517,-175.00002,0,0
-42.769855,-46.997517,-175.00002,0,0
-43.769855,-46.997517,-175.00002,0,0
-44.769855,-46.997517,-175.00002,0,0
-45.769855,-46.997517,-175.00002,0,0
-46.769855,-46.997517,-175.00002,0,0
-47.769855,-46.997517,-175.00002,0,0
-48.769855,-46.997517,-175.00002,0,0
-49.769855,-46.997517,-175.00002,0,0
