X-coordinate,Y-coordinate,Z-coordinate,Advanced,Counts
49.23015,52.002483,-150,0,0
48.23015,52.002483,-150,0,0
47.23015,52.002483,-150,0,0
46.23015,52.002483,-150,0,0
45.23015,52.002483,-150,0,0
44.23015,52.002483,-150,0,0
43.23015,52.002483,-150,0,0
42.23015,52.002483,-150,0,0
41.23015,52.002483,-150,0,0
40.23015,52.002483,-150,0,0
39.23015,52.002483,-150,0,0
38.23015,52.002483,-150,0,0
37.23015,52.002483,-150,0,0
36.23015,52.002483,-150,0,0
35.23015,52.002483,-150,0,0
34.23015,52.002483,-150,0,0
33.23015,52.002483,-150,0,0
32.23015,52.002483,-150,0,0
31.230148,52.002483,-150,0,0
30.230148,52.002483,-150,0,0
29.230148,52.002483,-150,0,0
28.230148,52.002483,-150,0,0
27.230148,52.002483,-150,0,0
26.230148,52.002483,-150,0,0
25.230148,52.002483,-150,0,0
24.230148,52.002483,-150,0,0
23.230148,52.002483,-150,0,0
22.230148,52.002483,-150,0,0
21.230148,52.002483,-150,0,0
20.230148,52.002483,-150,0,0
19.230148,52.002483,-150,0,0
18.230148,52.002483,-150,0,0
17.230148,52.002483,-150,0,0
16.230148,52.002483,-150,0,0
15.230148,52.002483,-150,0,0
14.230148,52.002483,-150,0,0
13.230148,52.002483,-150,0,0
12.230148,52.002483,-150,0,0
11.230148,52.002483,-150,0,0
10.230148,52.002483,-150,0,0
9.230148,52.002483,-150,0,0
8.230148,52.002483,-150,0,0
7.2301483,52.002483,-150,0,0
6.2301483,52.002483,-150,0,0
5.2301483,52.002483,-150,0,0
4.2301483,52.002483,-150,0,0
3.2301483,52.002483,-150,0,0
2.2301483,52.002483,-150,0,0
1.2301483,52.002483,-150,0,0
0.23014832,52.002483,-150,0,0
-0.7698517,52.002483,-150,0,0
-1.7698517,52.002483,-150,0,0
-2.7698517,52.002483,-150,0,0
-3.7698517,52.002483,-150,0,0
-4.7698517,52.002483,-150,0,0
-5.7698517,52.002483,-150,0,0
-6.7698517,52.002483,-150,0,0
-7.7698517,52.002483,-150,0,0
-8.769852,52.002483,-150,0,0
-9.769852,52.002483,-150,0,0
-10.769852,52.002483,-150,0,0
-11.769852,52.002483,-150,0,0
-12.769852,52.002483,-150,0,0
-13.769852,52.002483,-150,0,0
-14.769852,52.002483,-150,0,0
-15.769852,52.002483,-150,0,0
-16.769852,52.002483,-150,0,0
-17.769852,52.002483,-150,0,0
-18.769852,52.002483,-150,0,0
-19.769852,52.002483,-150,0,0
-20.769852,52.002483,-150,0,0
-21.769852,52.002483,-150,0,0
-22.769852,52.002483,-150,0,0
-23.769852,52.002483,-150,0,0
-24.769852,52.002483,-150,0,0
-25.769852,52.002483,-150,0,0
-26.769852,52.002483,-150,0,0
-27.769852,52.002483,-150,0,0
-28.769852,52.002483,-150,0,0
-29.769852,52.002483,-150,0,0
-30.769852,52.002483,-150,0,0
-31.769852,52.002483,-150,0,0
-32.76985,52.002483,-150,0,0
-33.76985,52.002483,-150,0,0
-34.76985,52.002483,-150,0,0
-35.76985,52.002483,-150,0,0
-36.76985,52.002483,-150,0,0
-37.76985,52.002483,-150,0,0
-38.76985,52.002483,-150,0,0
-39.76985,52.002483,-150,0,0
-40.76985,52.002483,-150,0,0
-41.76985,52.002483,-150,0,0
-42.76985,52.002483,-150,0,0
-43.76985,52.002483,-150,0,0
-44.76985,52.002483,-150,0,0
-45.76985,52.002483,-150,0,0
-46.76985,52.002483,-150,0,0
-47.76985,52.002483,-150,0,0
-48.76985,52.002483,-150,0,0
-49.76985,52.002483,-150,0,0
49.23015,51.002483,-150,0,0
48.23015,51.002483,-150,0,0
47.23015,51.002483,-150,0,0
46.23015,51.002483,-150,0,0
45.23015,51.002483,-150,0,0
44.23015,51.002483,-150,0,0
43.23015,51.002483,-150,0,0
42.23015,51.002483,-150,0,0
41.23015,51.002483,-150,0,0
40.23015,51.002483,-150,0,0
39.23015,51.002483,-150,0,0
38.23015,51.002483,-150,0,0
37.23015,51.002483,-150,0,0
36.23015,51.002483,-150,0,0
35.23015,51.002483,-150,0,0
34.23015,51.002483,-150,0,0
33.23015,51.002483,-150,0,0
32.23015,51.002483,-150,0,0
31.230148,51.002483,-150,0,0
30.230148,51.002483,-150,0,0
29.230148,51.002483,-150,0,0
28.230148,51.002483,-150,0,0
27.230148,51.002483,-150,0,0
26.230148,51.002483,-150,0,0
25.230148,51.002483,-150,0,0
24.230148,51.002483,-150,0,0
23.230148,51.002483,-150,0,0
22.230148,51.002483,-150,0,0
21.230148,51.002483,-150,0,0
20.230148,51.002483,-150,0,0
19.230148,51.002483,-150,0,0
18.230148,51.002483,-150,0,0
17.230148,51.002483,-150,0,0
16.230148,51.002483,-150,0,0
15.230148,51.002483,-150,0,0
14.230148,51.002483,-150,0,0
13.230148,51.002483,-150,0,0
12.230148,51.002483,-150,0,0
11.230148,51.002483,-150,0,0
10.230148,51.002483,-150,0,0
9.230148,51.002483,-150,0,0
8.230148,51.002483,-150,0,0
7.2301483,51.002483,-150,0,0
6.2301483,51.002483,-150,0,0
5.2301483,51.002483,-150,0,0
4.2301483,51.002483,-150,0,0
3.2301483,51.002483,-150,0,0
2.2301483,51.002483,-150,0,0
1.2301483,51.002483,-150,0,0
0.23014832,51.002483,-150,0,0
-0.7698517,51.002483,-150,0,0
-1.7698517,51.002483,-150,0,0
-2.7698517,51.002483,-150,0,0
-3.7698517,51.002483,-150,0,0
-4.7698517,51.002483,-150,0,0
-5.7698517,51.002483,-150,0,0
-6.7698517,51.002483,-150,0,0
-7.7698517,51.002483,-150,0,0
-8.769852,51.002483,-150,0,0
-9.769852,51.002483,-150,0,0
-10.769852,51.002483,-150,0,0
-11.769852,51.002483,-150,0,0
-12.769852,51.002483,-150,0,0
-13.769852,51.002483,-150,0,0
-14.769852,51.002483,-150,0,0
-15.769852,51.002483,-150,0,0
-16.769852,51.002483,-150,0,0
-17.769852,51.002483,-150,0,0
-18.769852,51.002483,-150,0,0
-19.769852,51.002483,-150,0,0
-20.769852,51.002483,-150,0,0
-21.769852,51.002483,-150,0,0
-22.769852,51.002483,-150,0,0
-23.769852,51.002483,-150,0,0
-24.769852,51.002483,-150,0,0
-25.769852,51.002483,-150,0,0
-26.769852,51.002483,-150,0,0
-27.769852,51.002483,-150,0,0
-28.769852,51.002483,-150,0,0
-29.769852,51.002483,-150,0,0
-30.769852,51.002483,-150,0,0
-31.769852,51.002483,-150,0,0
-32.76985,51.002483,-150,0,0
-33.76985,51.002483,-150,0,0
-34.76985,51.002483,-150,0,0
-35.76985,51.002483,-150,0,0
-36.76985,51.002483,-150,0,0
-37.76985,51.002483,-150,0,0
-38.76985,51.002483,-150,0,0
-39.76985,51.002483,-150,0,0
-40.76985,51.002483,-150,0,0
-41.76985,51.002483,-150,0,0
-42.76985,51.002483,-150,0,0
-43.76985,51.002483,-150,0,0
-44.76985,51.002483,-150,0,0
-45.76985,51.002483,-150,0,0
-46.76985,51.002483,-150,0,0
-47.76985,51.002483,-150,0,0
-48.76985,51.002483,-150,0,0
-49.76985,51.002483,-150,0,0
49.23015,50.002483,-150,0,0
48.23015,50.002483,-150,0,0
47.23015,50.002483,-150,0,0
46.23015,50.002483,-150,0,0
45.23015,50.002483,-150,0,0
44.23015,50.002483,-150,0,0
43.23015,50.002483,-150,0,0
42.23015,50.002483,-150,0,0
41.23015,50.002483,-150,0,0
40.23015,50.002483,-150,0,0
39.23015,50.002483,-150,0,0
38.23015,50.002483,-150,0,0
37.23015,50.002483,-150,0,0
36.23015,50.002483,-150,0,0
35.23015,50.002483,-150,0,0
34.23015,50.002483,-150,0,0
33.23015,50.002483,-150,0,0
32.23015,50.002483,-150,0,0
31.230148,50.002483,-150,0,0
30.230148,50.002483,-150,0,0
29.230148,50.002483,-150,0,0
28.230148,50.002483,-150,0,0
27.230148,50.002483,-150,0,0
26.230148,50.002483,-150,0,0
25.230148,50.002483,-150,0,0
24.230148,50.002483,-150,0,0
23.230148,50.002483,-150,0,0
22.230148,50.002483,-150,0,0
21.230148,50.002483,-150,0,0
20.230148,50.002483,-150,0,0
19.230148,50.002483,-150,0,0
18.230148,50.002483,-150,0,0
17.230148,50.002483,-150,0,0
16.230148,50.002483,-150,0,0
15.230148,50.002483,-150,0,0
14.230148,50.002483,-150,0,0
13.230148,50.002483,-150,0,0
12.230148,50.002483,-150,0,0
11.230148,50.002483,-150,0,0
10.230148,50.002483,-150,0,0
9.230148,50.002483,-150,0,0
8.230148,50.002483,-150,0,0
7.2301483,50.002483,-150,0,0
6.2301483,50.002483,-150,0,0
5.2301483,50.002483,-150,0,0
4.2301483,50.002483,-150,0,0
3.2301483,50.002483,-150,0,0
2.2301483,50.002483,-150,0,0
1.2301483,50.002483,-150,0,0
0.23014832,50.002483,-150,0,0
-0.7698517,50.002483,-150,0,0
-1.7698517,50.002483,-150,0,0
-2.7698517,50.002483,-150,0,0
-3.7698517,50.002483,-150,0,0
-4.7698517,50.002483,-150,0,0
-5.7698517,50.002483,-150,0,0
-6.7698517,50.002483,-150,0,0
-7.7698517,50.002483,-150,0,0
-8.769852,50.002483,-150,0,0
-9.769852,50.002483,-150,0,0
-10.769852,50.002483,-150,0,0
-11.769852,50.002483,-150,0,0
-12.769852,50.002483,-150,0,0
-13.769852,50.002483,-150,0,0
-14.769852,50.002483,-150,0,0
-15.769852,50.002483,-150,0,0
-16.769852,50.002483,-150,0,0
-17.769852,50.002483,-150,0,0
-18.769852,50.002483,-150,0,0
-19.769852,50.002483,-150,0,0
-20.769852,50.002483,-150,0,0
-21.769852,50.002483,-150,0,0
-22.769852,50.002483,-150,0,0
-23.769852,50.002483,-150,0,0
-24.769852,50.002483,-150,0,0
-25.769852,50.002483,-150,0,0
-26.769852,50.002483,-150,0,0
-27.769852,50.002483,-150,0,0
-28.769852,50.002483,-150,0,0
-29.769852,50.002483,-150,0,0
-30.769852,50.002483,-150,0,0
-31.769852,50.002483,-150,0,0
-32.76985,50.002483,-150,0,0
-33.76985,50.002483,-150,0,0
-34.76985,50.002483,-150,0,0
-35.76985,50.002483,-150,0,0
-36.76985,50.002483,-150,0,0
-37.76985,50.002483,-150,0,0
-38.76985,50.002483,-150,0,0
-39.76985,50.002483,-150,0,0
-40.76985,50.002483,-150,0,0
-41.76985,50.002483,-150,0,0
-42.76985,50.002483,-150,0,0
-43.76985,50.002483,-150,0,0
-44.76985,50.002483,-150,0,0
-45.76985,50.002483,-150,0,0
-46.76985,50.002483,-150,0,0
-47.76985,50.002483,-150,0,0
-48.76985,50.002483,-150,0,0
-49.76985,50.002483,-150,0,0
49.23015,49.002483,-150,0,0
48.23015,49.002483,-150,0,0
47.23015,49.002483,-150,0,0
46.23015,49.002483,-150,0,0
45.23015,49.002483,-150,0,0
44.23015,49.002483,-150,0,0
43.23015,49.002483,-150,0,0
42.23015,49.002483,-150,0,0
41.23015,49.002483,-150,0,0
40.23015,49.002483,-150,0,0
39.23015,49.002483,-150,0,0
38.23015,49.002483,-150,0,0
37.23015,49.002483,-150,0,0
36.23015,49.002483,-150,0,0
35.23015,49.002483,-150,0,0
34.23015,49.002483,-150,0,0
33.23015,49.002483,-150,0,0
32.23015,49.002483,-150,0,0
31.230148,49.002483,-150,0,0
30.230148,49.002483,-150,0,0
29.230148,49.002483,-150,0,0
28.230148,49.002483,-150,0,0
27.230148,49.002483,-150,0,0
26.230148,49.002483,-150,0,0
25.230148,49.002483,-150,0,0
24.230148,49.002483,-150,0,0
23.230148,49.002483,-150,0,0
22.230148,49.002483,-150,0,0
21.230148,49.002483,-150,0,0
20.230148,49.002483,-150,0,0
19.230148,49.002483,-150,0,0
18.230148,49.002483,-150,0,0
17.230148,49.002483,-150,0,0
16.230148,49.002483,-150,0,0
15.230148,49.002483,-150,0,0
14.230148,49.002483,-150,0,0
13.230148,49.002483,-150,0,0
12.230148,49.002483,-150,0,0
11.230148,49.002483,-150,0,0
10.230148,49.002483,-150,0,0
9.230148,49.002483,-150,0,0
8.230148,49.002483,-150,0,0
7.2301483,49.002483,-150,0,0
6.2301483,49.002483,-150,0,0
5.2301483,49.002483,-150,0,0
4.2301483,49.002483,-150,0,0
3.2301483,49.002483,-150,0,0
2.2301483,49.002483,-150,0,0
1.2301483,49.002483,-150,0,0
0.23014832,49.002483,-150,0,0
-0.7698517,49.002483,-150,0,0
-1.7698517,49.002483,-150,0,0
-2.7698517,49.002483,-150,0,0
-3.7698517,49.002483,-150,0,0
-4.7698517,49.002483,-150,0,0
-5.7698517,49.002483,-150,0,0
-6.7698517,49.002483,-150,0,0
-7.7698517,49.002483,-150,0,0
-8.769852,49.002483,-150,0,0
-9.769852,49.002483,-150,0,0
-10.769852,49.002483,-150,0,0
-11.769852,49.002483,-150,0,0
-12.769852,49.002483,-150,0,0
-13.769852,49.002483,-150,0,0
-14.769852,49.002483,-150,0,0
-15.769852,49.002483,-150,0,0
-16.769852,49.002483,-150,0,0
-17.769852,49.002483,-150,0,0
-18.769852,49.002483,-150,0,0
-19.769852,49.002483,-150,0,0
-20.769852,49.002483,-150,0,0
-21.769852,49.002483,-150,0,0
-22.769852,49.002483,-150,0,0
-23.769852,49.002483,-150,0,0
-24.769852,49.002483,-150,0,0
-25.769852,49.002483,-150,0,0
-26.769852,49.002483,-150,0,0
-27.769852,49.002483,-150,0,0
-28.769852,49.002483,-150,0,0
-29.769852,49.002483,-150,0,0
-30.769852,49.002483,-150,0,0
-31.769852,49.002483,-150,0,0
-32.76985,49.002483,-150,0,0
-33.76985,49.002483,-150,0,0
-34.76985,49.002483,-150,0,0
-35.76985,49.002483,-150,0,0
-36.76985,49.002483,-150,0,0
-37.76985,49.002483,-150,0,0
-38.76985,49.002483,-150,0,0
-39.76985,49.002483,-150,0,0
-40.76985,49.002483,-150,0,0
-41.76985,49.002483,-150,0,0
-42.76985,49.002483,-150,0,0
-43.76985,49.002483,-150,0,0
-44.76985,49.002483,-150,0,0
-45.76985,49.002483,-150,0,0
-46.76985,49.002483,-150,0,0
-47.76985,49.002483,-150,0,0
-48.76985,49.002483,-150,0,0
-49.76985,49.002483,-150,0,0
49.23015,48.002483,-150,0,0
48.23015,48.002483,-150,0,0
47.23015,48.002483,-150,0,0
46.23015,48.002483,-150,0,0
45.23015,48.002483,-150,0,0
44.23015,48.002483,-150,0,0
43.23015,48.002483,-150,0,0
42.23015,48.002483,-150,0,0
41.23015,48.002483,-150,0,0
40.23015,48.002483,-150,0,0
39.23015,48.002483,-150,0,0
38.23015,48.002483,-150,0,0
37.23015,48.002483,-150,0,0
36.23015,48.002483,-150,0,0
35.23015,48.002483,-150,0,0
34.23015,48.002483,-150,0,0
33.23015,48.002483,-150,0,0
32.23015,48.002483,-150,0,0
31.230148,48.002483,-150,0,0
30.230148,48.002483,-150,0,0
29.230148,48.002483,-150,0,0
28.230148,48.002483,-150,0,0
27.230148,48.002483,-150,0,0
26.230148,48.002483,-150,0,0
25.230148,48.002483,-150,0,0
24.230148,48.002483,-150,0,0
23.230148,48.002483,-150,0,0
22.230148,48.002483,-150,0,0
21.230148,48.002483,-150,0,0
20.230148,48.002483,-150,0,0
19.230148,48.002483,-150,0,0
18.230148,48.002483,-150,0,0
17.230148,48.002483,-150,0,0
16.230148,48.002483,-150,0,0
15.230148,48.002483,-150,0,0
14.230148,48.002483,-150,0,0
13.230148,48.002483,-150,0,0
12.230148,48.002483,-150,0,0
11.230148,48.002483,-150,0,0
10.230148,48.002483,-150,0,0
9.230148,48.002483,-150,0,0
8.230148,48.002483,-150,0,0
7.2301483,48.002483,-150,0,0
6.2301483,48.002483,-150,0,0
5.2301483,48.002483,-150,0,0
4.2301483,48.002483,-150,0,0
3.2301483,48.002483,-150,0,0
2.2301483,48.002483,-150,0,0
1.2301483,48.002483,-150,0,0
0.23014832,48.002483,-150,0,0
-0.7698517,48.002483,-150,0,0
-1.7698517,48.002483,-150,0,0
-2.7698517,48.002483,-150,0,0
-3.7698517,48.002483,-150,0,0
-4.7698517,48.002483,-150,0,0
-5.7698517,48.002483,-150,0,0
-6.7698517,48.002483,-150,0,0
-7.7698517,48.002483,-150,0,0
-8.769852,48.002483,-150,0,0
-9.769852,48.002483,-150,0,0
-10.769852,48.002483,-150,0,0
-11.769852,48.002483,-150,0,0
-12.769852,48.002483,-150,0,0
-13.769852,48.002483,-150,0,0
-14.769852,48.002483,-150,0,0
-15.769852,48.002483,-150,0,0
-16.769852,48.002483,-150,0,0
-17.769852,48.002483,-150,0,0
-18.769852,48.002483,-150,0,0
-19.769852,48.002483,-150,0,0
-20.769852,48.002483,-150,0,0
-21.769852,48.002483,-150,0,0
-22.769852,48.002483,-150,0,0
-23.769852,48.002483,-150,0,0
-24.769852,48.002483,-150,0,0
-25.769852,48.002483,-150,0,0
-26.769852,48.002483,-150,0,0
-27.769852,48.002483,-150,0,0
-28.769852,48.002483,-150,0,0
-29.769852,48.002483,-150,0,0
-30.769852,48.002483,-150,0,0
-31.769852,48.002483,-150,0,0
-32.76985,48.002483,-150,0,0
-33.76985,48.002483,-150,0,0
-34.76985,48.002483,-150,0,0
-35.76985,48.002483,-150,0,0
-36.76985,48.002483,-150,0,0
-37.76985,48.002483,-150,0,0
-38.76985,48.002483,-150,0,0
-39.76985,48.002483,-150,0,0
-40.76985,48.002483,-150,0,0
-41.76985,48.002483,-150,0,0
-42.76985,48.002483,-150,0,0
-43.76985,48.002483,-150,0,0
-44.76985,48.002483,-150,0,0
-45.76985,48.002483,-150,0,0
-46.76985,48.002483,-150,0,0
-47.76985,48.002483,-150,0,0
-48.76985,48.002483,-150,0,0
-49.76985,48.002483,-150,0,0
49.23015,47.002483,-150,0,0
48.23015,47.002483,-150,0,0
47.23015,47.002483,-150,0,0
46.23015,47.002483,-150,0,0
45.23015,47.002483,-150,0,0
44.23015,47.002483,-150,0,0
43.23015,47.002483,-150,0,0
42.23015,47.002483,-150,0,0
41.23015,47.002483,-150,0,0
40.23015,47.002483,-150,0,0
39.23015,47.002483,-150,0,0
38.23015,47.002483,-150,0,0
37.23015,47.002483,-150,0,0
36.23015,47.002483,-150,0,0
35.23015,47.002483,-150,0,0
34.23015,47.002483,-150,0,0
33.23015,47.002483,-150,0,0
32.23015,47.002483,-150,0,0
31.230148,47.002483,-150,0,0
30.230148,47.002483,-150,0,0
29.230148,47.002483,-150,0,0
28.230148,47.002483,-150,0,0
27.230148,47.002483,-150,0,0
26.230148,47.002483,-150,0,0
25.230148,47.002483,-150,0,0
24.230148,47.002483,-150,0,0
23.230148,47.002483,-150,0,0
22.230148,47.002483,-150,0,0
21.230148,47.002483,-150,0,0
20.230148,47.002483,-150,0,0
19.230148,47.002483,-150,0,0
18.230148,47.002483,-150,0,0
17.230148,47.002483,-150,0,0
16.230148,47.002483,-150,0,0
15.230148,47.002483,-150,0,0
14.230148,47.002483,-150,0,0
13.230148,47.002483,-150,0,0
12.230148,47.002483,-150,0,0
11.230148,47.002483,-150,0,0
10.230148,47.002483,-150,0,0
9.230148,47.002483,-150,0,0
8.230148,47.002483,-150,0,0
7.2301483,47.002483,-150,0,0
6.2301483,47.002483,-150,0,0
5.2301483,47.002483,-150,0,0
4.2301483,47.002483,-150,0,0
3.2301483,47.002483,-150,0,0
2.2301483,47.002483,-150,0,0
1.2301483,47.002483,-150,0,0
0.23014832,47.002483,-150,0,0
-0.7698517,47.002483,-150,0,0
-1.7698517,47.002483,-150,0,0
-2.7698517,47.002483,-150,0,0
-3.7698517,47.002483,-150,0,0
-4.7698517,47.002483,-150,0,0
-5.7698517,47.002483,-150,0,0
-6.7698517,47.002483,-150,0,0
-7.7698517,47.002483,-150,0,0
-8.769852,47.002483,-150,0,0
-9.769852,47.002483,-150,0,0
-10.769852,47.002483,-150,0,0
-11.769852,47.002483,-150,0,0
-12.769852,47.002483,-150,0,0
-13.769852,47.002483,-150,0,0
-14.769852,47.002483,-150,0,0
-15.769852,47.002483,-150,0,0
-16.769852,47.002483,-150,0,0
-17.769852,47.002483,-150,0,0
-18.769852,47.002483,-150,0,0
-19.769852,47.002483,-150,0,0
-20.769852,47.002483,-150,0,0
-21.769852,47.002483,-150,0,0
-22.769852,47.002483,-150,0,0
-23.769852,47.002483,-150,0,0
-24.769852,47.002483,-150,0,0
-25.769852,47.002483,-150,0,0
-26.769852,47.002483,-150,0,0
-27.769852,47.002483,-150,0,0
-28.769852,47.002483,-150,0,0
-29.769852,47.002483,-150,0,0
-30.769852,47.002483,-150,0,0
-31.769852,47.002483,-150,0,0
-32.76985,47.002483,-150,0,0
-33.76985,47.002483,-150,0,0
-34.76985,47.002483,-150,0,0
-35.76985,47.002483,-150,0,0
-36.76985,47.002483,-150,0,0
-37.76985,47.002483,-150,0,0
-38.76985,47.002483,-150,0,0
-39.76985,47.002483,-150,0,0
-40.76985,47.002483,-150,0,0
-41.76985,47.002483,-150,0,0
-42.76985,47.002483,-150,0,0
-43.76985,47.002483,-150,0,0
-44.76985,47.002483,-150,0,0
-45.76985,47.002483,-150,0,0
-46.76985,47.002483,-150,0,0
-47.76985,47.002483,-150,0,0
-48.76985,47.002483,-150,0,0
-49.76985,47.002483,-150,0,0
49.23015,46.002483,-150,0,0
48.23015,46.002483,-150,0,0
47.23015,46.002483,-150,0,0
46.23015,46.002483,-150,0,0
45.23015,46.002483,-150,0,0
44.23015,46.002483,-150,0,0
43.23015,46.002483,-150,0,0
42.23015,46.002483,-150,0,0
41.23015,46.002483,-150,0,0
40.23015,46.002483,-150,0,0
39.23015,46.002483,-150,0,0
38.23015,46.002483,-150,0,0
37.23015,46.002483,-150,0,0
36.23015,46.002483,-150,0,0
35.23015,46.002483,-150,0,0
34.23015,46.002483,-150,0,0
33.23015,46.002483,-150,0,0
32.23015,46.002483,-150,0,0
31.230148,46.002483,-150,0,0
30.230148,46.002483,-150,0,0
29.230148,46.002483,-150,0,0
28.230148,46.002483,-150,0,0
27.230148,46.002483,-150,0,0
26.230148,46.002483,-150,0,0
25.230148,46.002483,-150,0,0
24.230148,46.002483,-150,0,0
23.230148,46.002483,-150,0,0
22.230148,46.002483,-150,0,0
21.230148,46.002483,-150,0,0
20.230148,46.002483,-150,0,0
19.230148,46.002483,-150,0,0
18.230148,46.002483,-150,0,0
17.230148,46.002483,-150,0,0
16.230148,46.002483,-150,0,0
15.230148,46.002483,-150,0,0
14.230148,46.002483,-150,0,0
13.230148,46.002483,-150,0,0
12.230148,46.002483,-150,0,0
11.230148,46.002483,-150,0,0
10.230148,46.002483,-150,0,0
9.230148,46.002483,-150,0,0
8.230148,46.002483,-150,0,0
7.2301483,46.002483,-150,0,0
6.2301483,46.002483,-150,0,0
5.2301483,46.002483,-150,0,0
4.2301483,46.002483,-150,0,0
3.2301483,46.002483,-150,0,0
2.2301483,46.002483,-150,0,0
1.2301483,46.002483,-150,0,0
0.23014832,46.002483,-150,0,0
-0.7698517,46.002483,-150,0,0
-1.7698517,46.002483,-150,0,0
-2.7698517,46.002483,-150,0,0
-3.7698517,46.002483,-150,0,0
-4.7698517,46.002483,-150,0,0
-5.7698517,46.002483,-150,0,0
-6.7698517,46.002483,-150,0,0
-7.7698517,46.002483,-150,0,0
-8.769852,46.002483,-150,0,0
-9.769852,46.002483,-150,0,0
-10.769852,46.002483,-150,0,0
-11.769852,46.002483,-150,0,0
-12.769852,46.002483,-150,0,0
-13.769852,46.002483,-150,0,0
-14.769852,46.002483,-150,0,0
-15.769852,46.002483,-150,0,0
-16.769852,46.002483,-150,0,0
-17.769852,46.002483,-150,0,0
-18.769852,46.002483,-150,0,0
-19.769852,46.002483,-150,0,0
-20.769852,46.002483,-150,0,0
-21.769852,46.002483,-150,0,0
-22.769852,46.002483,-150,0,0
-23.769852,46.002483,-150,0,0
-24.769852,46.002483,-150,0,0
-25.769852,46.002483,-150,0,0
-26.769852,46.002483,-150,0,0
-27.769852,46.002483,-150,0,0
-28.769852,46.002483,-150,0,0
-29.769852,46.002483,-150,0,0
-30.769852,46.002483,-150,0,0
-31.769852,46.002483,-150,0,0
-32.76985,46.002483,-150,0,0
-33.76985,46.002483,-150,0,0
-34.76985,46.002483,-150,0,0
-35.76985,46.002483,-150,0,0
-36.76985,46.002483,-150,0,0
-37.76985,46.002483,-150,0,0
-38.76985,46.002483,-150,0,0
-39.76985,46.002483,-150,0,0
-40.76985,46.002483,-150,0,0
-41.76985,46.002483,-150,0,0
-42.76985,46.002483,-150,0,0
-43.76985,46.002483,-150,0,0
-44.76985,46.002483,-150,0,0
-45.76985,46.002483,-150,0,0
-46.76985,46.002483,-150,0,0
-47.76985,46.002483,-150,0,0
-48.76985,46.002483,-150,0,0
-49.76985,46.002483,-150,0,0
49.23015,45.002483,-150,0,0
48.23015,45.002483,-150,0,0
47.23015,45.002483,-150,0,0
46.23015,45.002483,-150,0,0
45.23015,45.002483,-150,0,0
44.23015,45.002483,-150,0,0
43.23015,45.002483,-150,0,0
42.23015,45.002483,-150,0,0
41.23015,45.002483,-150,0,0
40.23015,45.002483,-150,0,0
39.23015,45.002483,-150,0,0
38.23015,45.002483,-150,0,0
37.23015,45.002483,-150,0,0
36.23015,45.002483,-150,0,0
35.23015,45.002483,-150,0,0
34.23015,45.002483,-150,0,0
33.23015,45.002483,-150,0,0
32.23015,45.002483,-150,0,0
31.230148,45.002483,-150,0,0
30.230148,45.002483,-150,0,0
29.230148,45.002483,-150,0,0
28.230148,45.002483,-150,0,0
27.230148,45.002483,-150,0,0
26.230148,45.002483,-150,0,0
25.230148,45.002483,-150,0,0
24.230148,45.002483,-150,0,0
23.230148,45.002483,-150,0,0
22.230148,45.002483,-150,0,0
21.230148,45.002483,-150,0,0
20.230148,45.002483,-150,0,0
19.230148,45.002483,-150,0,0
18.230148,45.002483,-150,0,0
17.230148,45.002483,-150,0,0
16.230148,45.002483,-150,0,0
15.230148,45.002483,-150,0,0
14.230148,45.002483,-150,0,0
13.230148,45.002483,-150,0,0
12.230148,45.002483,-150,0,0
11.230148,45.002483,-150,0,0
10.230148,45.002483,-150,0,0
9.230148,45.002483,-150,0,0
8.230148,45.002483,-150,0,0
7.2301483,45.002483,-150,0,0
6.2301483,45.002483,-150,0,0
5.2301483,45.002483,-150,0,0
4.2301483,45.002483,-150,0,0
3.2301483,45.002483,-150,0,0
2.2301483,45.002483,-150,0,0
1.2301483,45.002483,-150,0,0
0.23014832,45.002483,-150,0,0
-0.7698517,45.002483,-150,0,0
-1.7698517,45.002483,-150,0,0
-2.7698517,45.002483,-150,0,0
-3.7698517,45.002483,-150,0,0
-4.7698517,45.002483,-150,0,0
-5.7698517,45.002483,-150,0,0
-6.7698517,45.002483,-150,0,0
-7.7698517,45.002483,-150,0,0
-8.769852,45.002483,-150,0,0
-9.769852,45.002483,-150,0,0
-10.769852,45.002483,-150,0,0
-11.769852,45.002483,-150,0,0
-12.769852,45.002483,-150,0,0
-13.769852,45.002483,-150,0,0
-14.769852,45.002483,-150,0,0
-15.769852,45.002483,-150,0,0
-16.769852,45.002483,-150,0,0
-17.769852,45.002483,-150,0,0
-18.769852,45.002483,-150,0,0
-19.769852,45.002483,-150,0,0
-20.769852,45.002483,-150,0,0
-21.769852,45.002483,-150,0,0
-22.769852,45.002483,-150,0,0
-23.769852,45.002483,-150,0,0
-24.769852,45.002483,-150,0,0
-25.769852,45.002483,-150,0,0
-26.769852,45.002483,-150,0,0
-27.769852,45.002483,-150,0,0
-28.769852,45.002483,-150,0,0
-29.769852,45.002483,-150,0,0
-30.769852,45.002483,-150,0,0
-31.769852,45.002483,-150,0,0
-32.76985,45.002483,-150,0,0
-33.76985,45.002483,-150,0,0
-34.76985,45.002483,-150,0,0
-35.76985,45.002483,-150,0,0
-36.76985,45.002483,-150,0,0
-37.76985,45.002483,-150,0,0
-38.76985,45.002483,-150,0,0
-39.76985,45.002483,-150,0,0
-40.76985,45.002483,-150,0,0
-41.76985,45.002483,-150,0,0
-42.76985,45.002483,-150,0,0
-43.76985,45.002483,-150,0,0
-44.76985,45.002483,-150,0,0
-45.76985,45.002483,-150,0,0
-46.76985,45.002483,-150,0,0
-47.76985,45.002483,-150,0,0
-48.76985,45.002483,-150,0,0
-49.76985,45.002483,-150,0,0
49.23015,44.002483,-150,0,0
48.23015,44.002483,-150,0,0
47.23015,44.002483,-150,0,0
46.23015,44.002483,-150,0,0
45.23015,44.002483,-150,0,0
44.23015,44.002483,-150,0,0
43.23015,44.002483,-150,0,0
42.23015,44.002483,-150,0,0
41.23015,44.002483,-150,0,0
40.23015,44.002483,-150,0,0
39.23015,44.002483,-150,0,0
38.23015,44.002483,-150,0,0
37.23015,44.002483,-150,0,0
36.23015,44.002483,-150,0,0
35.23015,44.002483,-150,0,0
34.23015,44.002483,-150,0,0
33.23015,44.002483,-150,0,0
32.23015,44.002483,-150,0,0
31.230148,44.002483,-150,0,0
30.230148,44.002483,-150,0,0
29.230148,44.002483,-150,0,0
28.230148,44.002483,-150,0,0
27.230148,44.002483,-150,0,0
26.230148,44.002483,-150,0,0
25.230148,44.002483,-150,0,0
24.230148,44.002483,-150,0,0
23.230148,44.002483,-150,0,0
22.230148,44.002483,-150,0,0
21.230148,44.002483,-150,0,0
20.230148,44.002483,-150,0,0
19.230148,44.002483,-150,0,0
18.230148,44.002483,-150,0,0
17.230148,44.002483,-150,0,0
16.230148,44.002483,-150,0,0
15.230148,44.002483,-150,0,0
14.230148,44.002483,-150,0,0
13.230148,44.002483,-150,0,0
12.230148,44.002483,-150,0,0
11.230148,44.002483,-150,0,0
10.230148,44.002483,-150,0,0
9.230148,44.002483,-150,0,0
8.230148,44.002483,-150,0,0
7.2301483,44.002483,-150,0,0
6.2301483,44.002483,-150,0,0
5.2301483,44.002483,-150,0,0
4.2301483,44.002483,-150,0,0
3.2301483,44.002483,-150,0,0
2.2301483,44.002483,-150,0,0
1.2301483,44.002483,-150,0,0
0.23014832,44.002483,-150,0,0
-0.7698517,44.002483,-150,0,0
-1.7698517,44.002483,-150,0,0
-2.7698517,44.002483,-150,0,0
-3.7698517,44.002483,-150,0,0
-4.7698517,44.002483,-150,0,0
-5.7698517,44.002483,-150,0,0
-6.7698517,44.002483,-150,0,0
-7.7698517,44.002483,-150,0,0
-8.769852,44.002483,-150,0,0
-9.769852,44.002483,-150,0,0
-10.769852,44.002483,-150,0,0
-11.769852,44.002483,-150,0,0
-12.769852,44.002483,-150,0,0
-13.769852,44.002483,-150,0,0
-14.769852,44.002483,-150,0,0
-15.769852,44.002483,-150,0,0
-16.769852,44.002483,-150,0,0
-17.769852,44.002483,-150,0,0
-18.769852,44.002483,-150,0,0
-19.769852,44.002483,-150,0,0
-20.769852,44.002483,-150,0,0
-21.769852,44.002483,-150,0,0
-22.769852,44.002483,-150,0,0
-23.769852,44.002483,-150,0,0
-24.769852,44.002483,-150,0,0
-25.769852,44.002483,-150,0,0
-26.769852,44.002483,-150,0,0
-27.769852,44.002483,-150,0,0
-28.769852,44.002483,-150,0,0
-29.769852,44.002483,-150,0,0
-30.769852,44.002483,-150,0,0
-31.769852,44.002483,-150,0,0
-32.76985,44.002483,-150,0,0
-33.76985,44.002483,-150,0,0
-34.76985,44.002483,-150,0,0
-35.76985,44.002483,-150,0,0
-36.76985,44.002483,-150,0,0
-37.76985,44.002483,-150,0,0
-38.76985,44.002483,-150,0,0
-39.76985,44.002483,-150,0,0
-40.76985,44.002483,-150,0,0
-41.76985,44.002483,-150,0,0
-42.76985,44.002483,-150,0,0
-43.76985,44.002483,-150,0,0
-44.76985,44.002483,-150,0,0
-45.76985,44.002483,-150,0,0
-46.76985,44.002483,-150,0,0
-47.76985,44.002483,-150,0,0
-48.76985,44.002483,-150,0,0
-49.76985,44.002483,-150,0,0
49.23015,43.002483,-150,0,0
48.23015,43.002483,-150,0,0
47.23015,43.002483,-150,0,0
46.23015,43.002483,-150,0,0
45.23015,43.002483,-150,0,0
44.23015,43.002483,-150,0,0
43.23015,43.002483,-150,0,0
42.23015,43.002483,-150,0,0
41.23015,43.002483,-150,0,0
40.23015,43.002483,-150,0,0
39.23015,43.002483,-150,0,0
38.23015,43.002483,-150,0,0
37.23015,43.002483,-150,0,0
36.23015,43.002483,-150,0,0
35.23015,43.002483,-150,0,0
34.23015,43.002483,-150,0,0
33.23015,43.002483,-150,0,0
32.23015,43.002483,-150,0,0
31.230148,43.002483,-150,0,0
30.230148,43.002483,-150,0,0
29.230148,43.002483,-150,0,0
28.230148,43.002483,-150,0,0
27.230148,43.002483,-150,0,0
26.230148,43.002483,-150,0,0
25.230148,43.002483,-150,0,0
24.230148,43.002483,-150,0,0
23.230148,43.002483,-150,0,0
22.230148,43.002483,-150,0,0
21.230148,43.002483,-150,0,0
20.230148,43.002483,-150,0,0
19.230148,43.002483,-150,0,0
18.230148,43.002483,-150,0,0
17.230148,43.002483,-150,0,0
16.230148,43.002483,-150,0,0
15.230148,43.002483,-150,0,0
14.230148,43.002483,-150,0,0
13.230148,43.002483,-150,0,0
12.230148,43.002483,-150,0,0
11.230148,43.002483,-150,0,0
10.230148,43.002483,-150,0,0
9.230148,43.002483,-150,0,0
8.230148,43.002483,-150,0,0
7.2301483,43.002483,-150,0,0
6.2301483,43.002483,-150,0,0
5.2301483,43.002483,-150,0,0
4.2301483,43.002483,-150,0,0
3.2301483,43.002483,-150,0,0
2.2301483,43.002483,-150,0,0
1.2301483,43.002483,-150,0,0
0.23014832,43.002483,-150,0,0
-0.7698517,43.002483,-150,0,0
-1.7698517,43.002483,-150,0,0
-2.7698517,43.002483,-150,0,0
-3.7698517,43.002483,-150,0,0
-4.7698517,43.002483,-150,0,0
-5.7698517,43.002483,-150,0,0
-6.7698517,43.002483,-150,0,0
-7.7698517,43.002483,-150,0,0
-8.769852,43.002483,-150,0,0
-9.769852,43.002483,-150,0,0
-10.769852,43.002483,-150,0,0
-11.769852,43.002483,-150,0,0
-12.769852,43.002483,-150,0,0
-13.769852,43.002483,-150,0,0
-14.769852,43.002483,-150,0,0
-15.769852,43.002483,-150,0,0
-16.769852,43.002483,-150,0,0
-17.769852,43.002483,-150,0,0
-18.769852,43.002483,-150,0,0
-19.769852,43.002483,-150,0,0
-20.769852,43.002483,-150,0,0
-21.769852,43.002483,-150,0,0
-22.769852,43.002483,-150,0,0
-23.769852,43.002483,-150,0,0
-24.769852,43.002483,-150,0,0
-25.769852,43.002483,-150,0,0
-26.769852,43.002483,-150,0,0
-27.769852,43.002483,-150,0,0
-28.769852,43.002483,-150,0,0
-29.769852,43.002483,-150,0,0
-30.769852,43.002483,-150,0,0
-31.769852,43.002483,-150,0,0
-32.76985,43.002483,-150,0,0
-33.76985,43.002483,-150,0,0
-34.76985,43.002483,-150,0,0
-35.76985,43.002483,-150,0,0
-36.76985,43.002483,-150,0,0
-37.76985,43.002483,-150,0,0
-38.76985,43.002483,-150,0,0
-39.76985,43.002483,-150,0,0
-40.76985,43.002483,-150,0,0
-41.76985,43.002483,-150,0,0
-42.76985,43.002483,-150,0,0
-43.76985,43.002483,-150,0,0
-44.76985,43.002483,-150,0,0
-45.76985,43.002483,-150,0,0
-46.76985,43.002483,-150,0,0
-47.76985,43.002483,-150,0,0
-48.76985,43.002483,-150,0,0
-49.76985,43.002483,-150,0,0
49.23015,42.002483,-150,0,0
48.23015,42.002483,-150,0,0
47.23015,42.002483,-150,0,0
46.23015,42.002483,-150,0,0
45.23015,42.002483,-150,0,0
44.23015,42.002483,-150,0,0
43.23015,42.002483,-150,0,0
42.23015,42.002483,-150,0,0
41.23015,42.002483,-150,0,0
40.23015,42.002483,-150,0,0
39.23015,42.002483,-150,0,0
38.23015,42.002483,-150,0,0
37.23015,42.002483,-150,0,0
36.23015,42.002483,-150,0,0
35.23015,42.002483,-150,0,0
34.23015,42.002483,-150,0,0
33.23015,42.002483,-150,0,0
32.23015,42.002483,-150,0,0
31.230148,42.002483,-150,0,0
30.230148,42.002483,-150,0,0
29.230148,42.002483,-150,0,0
28.230148,42.002483,-150,0,0
27.230148,42.002483,-150,0,0
26.230148,42.002483,-150,0,0
25.230148,42.002483,-150,0,0
24.230148,42.002483,-150,0,0
23.230148,42.002483,-150,0,0
22.230148,42.002483,-150,0,0
21.230148,42.002483,-150,0,0
20.230148,42.002483,-150,0,0
19.230148,42.002483,-150,0,0
18.230148,42.002483,-150,0,0
17.230148,42.002483,-150,0,0
16.230148,42.002483,-150,0,0
15.230148,42.002483,-150,0,0
14.230148,42.002483,-150,0,0
13.230148,42.002483,-150,0,0
12.230148,42.002483,-150,0,0
11.230148,42.002483,-150,0,0
10.230148,42.002483,-150,0,0
9.230148,42.002483,-150,0,0
8.230148,42.002483,-150,0,0
7.2301483,42.002483,-150,0,0
6.2301483,42.002483,-150,0,0
5.2301483,42.002483,-150,0,0
4.2301483,42.002483,-150,0,0
3.2301483,42.002483,-150,0,0
2.2301483,42.002483,-150,0,0
1.2301483,42.002483,-150,0,0
0.23014832,42.002483,-150,0,0
-0.7698517,42.002483,-150,0,0
-1.7698517,42.002483,-150,0,0
-2.7698517,42.002483,-150,0,0
-3.7698517,42.002483,-150,0,0
-4.7698517,42.002483,-150,0,0
-5.7698517,42.002483,-150,0,0
-6.7698517,42.002483,-150,0,0
-7.7698517,42.002483,-150,0,0
-8.769852,42.002483,-150,0,0
-9.769852,42.002483,-150,0,0
-10.769852,42.002483,-150,0,0
-11.769852,42.002483,-150,0,0
-12.769852,42.002483,-150,0,0
-13.769852,42.002483,-150,0,0
-14.769852,42.002483,-150,0,0
-15.769852,42.002483,-150,0,0
-16.769852,42.002483,-150,0,0
-17.769852,42.002483,-150,0,0
-18.769852,42.002483,-150,0,0
-19.769852,42.002483,-150,0,0
-20.769852,42.002483,-150,0,0
-21.769852,42.002483,-150,0,0
-22.769852,42.002483,-150,0,0
-23.769852,42.002483,-150,0,0
-24.769852,42.002483,-150,0,0
-25.769852,42.002483,-150,0,0
-26.769852,42.002483,-150,0,0
-27.769852,42.002483,-150,0,0
-28.769852,42.002483,-150,0,0
-29.769852,42.002483,-150,0,0
-30.769852,42.002483,-150,0,0
-31.769852,42.002483,-150,0,0
-32.76985,42.002483,-150,0,0
-33.76985,42.002483,-150,0,0
-34.76985,42.002483,-150,0,0
-35.76985,42.002483,-150,0,0
-36.76985,42.002483,-150,0,0
-37.76985,42.002483,-150,0,0
-38.76985,42.002483,-150,0,0
-39.76985,42.002483,-150,0,0
-40.76985,42.002483,-150,0,0
-41.76985,42.002483,-150,0,0
-42.76985,42.002483,-150,0,0
-43.76985,42.002483,-150,0,0
-44.76985,42.002483,-150,0,0
-45.76985,42.002483,-150,0,0
-46.76985,42.002483,-150,0,0
-47.76985,42.002483,-150,0,0
-48.76985,42.002483,-150,0,0
-49.76985,42.002483,-150,0,0
49.23015,41.002483,-150,0,0
48.23015,41.002483,-150,0,0
47.23015,41.002483,-150,0,0
46.23015,41.002483,-150,0,0
45.23015,41.002483,-150,0,0
44.23015,41.002483,-150,0,0
43.23015,41.002483,-150,0,0
42.23015,41.002483,-150,0,0
41.23015,41.002483,-150,0,0
40.23015,41.002483,-150,0,0
39.23015,41.002483,-150,0,0
38.23015,41.002483,-150,0,0
37.23015,41.002483,-150,0,0
36.23015,41.002483,-150,0,0
35.23015,41.002483,-150,0,0
34.23015,41.002483,-150,0,0
33.23015,41.002483,-150,0,0
32.23015,41.002483,-150,0,0
31.230148,41.002483,-150,0,0
30.230148,41.002483,-150,0,0
29.230148,41.002483,-150,0,0
28.230148,41.002483,-150,0,0
27.230148,41.002483,-150,0,0
26.230148,41.002483,-150,0,0
25.230148,41.002483,-150,0,0
24.230148,41.002483,-150,0,0
23.230148,41.002483,-150,0,0
22.230148,41.002483,-150,0,0
21.230148,41.002483,-150,0,0
20.230148,41.002483,-150,0,0
19.230148,41.002483,-150,0,0
18.230148,41.002483,-150,0,0
17.230148,41.002483,-150,0,0
16.230148,41.002483,-150,0,0
15.230148,41.002483,-150,0,0
14.230148,41.002483,-150,0,0
13.230148,41.002483,-150,0,0
12.230148,41.002483,-150,0,0
11.230148,41.002483,-150,0,0
10.230148,41.002483,-150,0,0
9.230148,41.002483,-150,0,0
8.230148,41.002483,-150,0,0
7.2301483,41.002483,-150,0,0
6.2301483,41.002483,-150,0,0
5.2301483,41.002483,-150,0,0
4.2301483,41.002483,-150,0,0
3.2301483,41.002483,-150,0,0
2.2301483,41.002483,-150,0,0
1.2301483,41.002483,-150,0,0
0.23014832,41.002483,-150,0,0
-0.7698517,41.002483,-150,0,0
-1.7698517,41.002483,-150,0,0
-2.7698517,41.002483,-150,0,0
-3.7698517,41.002483,-150,0,0
-4.7698517,41.002483,-150,0,0
-5.7698517,41.002483,-150,0,0
-6.7698517,41.002483,-150,0,0
-7.7698517,41.002483,-150,0,0
-8.769852,41.002483,-150,0,0
-9.769852,41.002483,-150,0,0
-10.769852,41.002483,-150,0,0
-11.769852,41.002483,-150,0,0
-12.769852,41.002483,-150,0,0
-13.769852,41.002483,-150,0,0
-14.769852,41.002483,-150,0,0
-15.769852,41.002483,-150,0,0
-16.769852,41.002483,-150,0,0
-17.769852,41.002483,-150,0,0
-18.769852,41.002483,-150,0,0
-19.769852,41.002483,-150,0,0
-20.769852,41.002483,-150,0,0
-21.769852,41.002483,-150,0,0
-22.769852,41.002483,-150,0,0
-23.769852,41.002483,-150,0,0
-24.769852,41.002483,-150,0,0
-25.769852,41.002483,-150,0,0
-26.769852,41.002483,-150,0,0
-27.769852,41.002483,-150,0,0
-28.769852,41.002483,-150,0,0
-29.769852,41.002483,-150,0,0
-30.769852,41.002483,-150,0,0
-31.769852,41.002483,-150,0,0
-32.76985,41.002483,-150,0,0
-33.76985,41.002483,-150,0,0
-34.76985,41.002483,-150,0,0
-35.76985,41.002483,-150,0,0
-36.76985,41.002483,-150,0,0
-37.76985,41.002483,-150,0,0
-38.76985,41.002483,-150,0,0
-39.76985,41.002483,-150,0,0
-40.76985,41.002483,-150,0,0
-41.76985,41.002483,-150,0,0
-42.76985,41.002483,-150,0,0
-43.76985,41.002483,-150,0,0
-44.76985,41.002483,-150,0,0
-45.76985,41.002483,-150,0,0
-46.76985,41.002483,-150,0,0
-47.76985,41.002483,-150,0,0
-48.76985,41.002483,-150,0,0
-49.76985,41.002483,-150,0,0
49.23015,40.002483,-150,0,0
48.23015,40.002483,-150,0,0
47.23015,40.002483,-150,0,0
46.23015,40.002483,-150,0,0
45.23015,40.002483,-150,0,0
44.23015,40.002483,-150,0,0
43.23015,40.002483,-150,0,0
42.23015,40.002483,-150,0,0
41.23015,40.002483,-150,0,0
40.23015,40.002483,-150,0,0
39.23015,40.002483,-150,0,0
38.23015,40.002483,-150,0,0
37.23015,40.002483,-150,0,0
36.23015,40.002483,-150,0,0
35.23015,40.002483,-150,0,0
34.23015,40.002483,-150,0,0
33.23015,40.002483,-150,0,0
32.23015,40.002483,-150,0,0
31.230148,40.002483,-150,0,0
30.230148,40.002483,-150,0,0
29.230148,40.002483,-150,0,0
28.230148,40.002483,-150,0,0
27.230148,40.002483,-150,0,0
26.230148,40.002483,-150,0,0
25.230148,40.002483,-150,0,0
24.230148,40.002483,-150,0,0
23.230148,40.002483,-150,0,0
22.230148,40.002483,-150,0,0
21.230148,40.002483,-150,0,0
20.230148,40.002483,-150,0,0
19.230148,40.002483,-150,0,0
18.230148,40.002483,-150,0,0
17.230148,40.002483,-150,0,0
16.230148,40.002483,-150,0,0
15.230148,40.002483,-150,0,0
14.230148,40.002483,-150,0,0
13.230148,40.002483,-150,0,0
12.230148,40.002483,-150,0,0
11.230148,40.002483,-150,0,0
10.230148,40.002483,-150,0,0
9.230148,40.002483,-150,0,0
8.230148,40.002483,-150,0,0
7.2301483,40.002483,-150,0,0
6.2301483,40.002483,-150,0,0
5.2301483,40.002483,-150,0,0
4.2301483,40.002483,-150,0,0
3.2301483,40.002483,-150,0,0
2.2301483,40.002483,-150,0,0
1.2301483,40.002483,-150,0,0
0.23014832,40.002483,-150,0,0
-0.7698517,40.002483,-150,0,0
-1.7698517,40.002483,-150,0,0
-2.7698517,40.002483,-150,0,0
-3.7698517,40.002483,-150,0,0
-4.7698517,40.002483,-150,0,0
-5.7698517,40.002483,-150,0,0
-6.7698517,40.002483,-150,0,0
-7.7698517,40.002483,-150,0,0
-8.769852,40.002483,-150,0,0
-9.769852,40.002483,-150,0,0
-10.769852,40.002483,-150,0,0
-11.769852,40.002483,-150,0,0
-12.769852,40.002483,-150,0,0
-13.769852,40.002483,-150,0,0
-14.769852,40.002483,-150,0,0
-15.769852,40.002483,-150,0,0
-16.769852,40.002483,-150,0,0
-17.769852,40.002483,-150,0,0
-18.769852,40.002483,-150,0,0
-19.769852,40.002483,-150,0,0
-20.769852,40.002483,-150,0,0
-21.769852,40.002483,-150,0,0
-22.769852,40.002483,-150,0,0
-23.769852,40.002483,-150,0,0
-24.769852,40.002483,-150,0,0
-25.769852,40.002483,-150,0,0
-26.769852,40.002483,-150,0,0
-27.769852,40.002483,-150,0,0
-28.769852,40.002483,-150,0,0
-29.769852,40.002483,-150,0,0
-30.769852,40.002483,-150,0,0
-31.769852,40.002483,-150,0,0
-32.76985,40.002483,-150,0,0
-33.76985,40.002483,-150,0,0
-34.76985,40.002483,-150,0,0
-35.76985,40.002483,-150,0,0
-36.76985,40.002483,-150,0,0
-37.76985,40.002483,-150,0,0
-38.76985,40.002483,-150,0,0
-39.76985,40.002483,-150,0,0
-40.76985,40.002483,-150,0,0
-41.76985,40.002483,-150,0,0
-42.76985,40.002483,-150,0,0
-43.76985,40.002483,-150,0,0
-44.76985,40.002483,-150,0,0
-45.76985,40.002483,-150,0,0
-46.76985,40.002483,-150,0,0
-47.76985,40.002483,-150,0,0
-48.76985,40.002483,-150,0,0
-49.76985,40.002483,-150,0,0
49.23015,39.002483,-150,0,0
48.23015,39.002483,-150,0,0
47.23015,39.002483,-150,0,0
46.23015,39.002483,-150,0,0
45.23015,39.002483,-150,0,0
44.23015,39.002483,-150,0,0
43.23015,39.002483,-150,0,0
42.23015,39.002483,-150,0,0
41.23015,39.002483,-150,0,0
40.23015,39.002483,-150,0,0
39.23015,39.002483,-150,0,0
38.23015,39.002483,-150,0,0
37.23015,39.002483,-150,0,0
36.23015,39.002483,-150,0,0
35.23015,39.002483,-150,0,0
34.23015,39.002483,-150,0,0
33.23015,39.002483,-150,0,0
32.23015,39.002483,-150,0,0
31.230148,39.002483,-150,0,0
30.230148,39.002483,-150,0,0
29.230148,39.002483,-150,0,0
28.230148,39.002483,-150,0,0
27.230148,39.002483,-150,0,0
26.230148,39.002483,-150,0,0
25.230148,39.002483,-150,0,0
24.230148,39.002483,-150,0,0
23.230148,39.002483,-150,0,0
22.230148,39.002483,-150,0,0
21.230148,39.002483,-150,0,0
20.230148,39.002483,-150,0,0
19.230148,39.002483,-150,0,0
18.230148,39.002483,-150,0,0
17.230148,39.002483,-150,0,0
16.230148,39.002483,-150,0,0
15.230148,39.002483,-150,0,0
14.230148,39.002483,-150,0,0
13.230148,39.002483,-150,0,0
12.230148,39.002483,-150,0,0
11.230148,39.002483,-150,0,0
10.230148,39.002483,-150,0,0
9.230148,39.002483,-150,0,0
8.230148,39.002483,-150,0,0
7.2301483,39.002483,-150,0,0
6.2301483,39.002483,-150,0,0
5.2301483,39.002483,-150,0,0
4.2301483,39.002483,-150,0,0
3.2301483,39.002483,-150,0,0
2.2301483,39.002483,-150,0,0
1.2301483,39.002483,-150,0,0
0.23014832,39.002483,-150,0,0
-0.7698517,39.002483,-150,0,0
-1.7698517,39.002483,-150,0,0
-2.7698517,39.002483,-150,0,0
-3.7698517,39.002483,-150,0,0
-4.7698517,39.002483,-150,0,0
-5.7698517,39.002483,-150,0,0
-6.7698517,39.002483,-150,0,0
-7.7698517,39.002483,-150,0,0
-8.769852,39.002483,-150,0,0
-9.769852,39.002483,-150,0,0
-10.769852,39.002483,-150,0,0
-11.769852,39.002483,-150,0,0
-12.769852,39.002483,-150,0,0
-13.769852,39.002483,-150,0,0
-14.769852,39.002483,-150,0,0
-15.769852,39.002483,-150,0,0
-16.769852,39.002483,-150,0,0
-17.769852,39.002483,-150,0,0
-18.769852,39.002483,-150,0,0
-19.769852,39.002483,-150,0,0
-20.769852,39.002483,-150,0,0
-21.769852,39.002483,-150,0,0
-22.769852,39.002483,-150,0,0
-23.769852,39.002483,-150,0,0
-24.769852,39.002483,-150,0,0
-25.769852,39.002483,-150,0,0
-26.769852,39.002483,-150,0,0
-27.769852,39.002483,-150,0,0
-28.769852,39.002483,-150,0,0
-29.769852,39.002483,-150,0,0
-30.769852,39.002483,-150,0,0
-31.769852,39.002483,-150,0,0
-32.76985,39.002483,-150,0,0
-33.76985,39.002483,-150,0,0
-34.76985,39.002483,-150,0,0
-35.76985,39.002483,-150,0,0
-36.76985,39.002483,-150,0,0
-37.76985,39.002483,-150,0,0
-38.76985,39.002483,-150,0,0
-39.76985,39.002483,-150,0,0
-40.76985,39.002483,-150,0,0
-41.76985,39.002483,-150,0,0
-42.76985,39.002483,-150,0,0
-43.76985,39.002483,-150,0,0
-44.76985,39.002483,-150,0,0
-45.76985,39.002483,-150,0,0
-46.76985,39.002483,-150,0,0
-47.76985,39.002483,-150,0,0
-48.76985,39.002483,-150,0,0
-49.76985,39.002483,-150,0,0
49.23015,38.002483,-150,0,0
48.23015,38.002483,-150,0,0
47.23015,38.002483,-150,0,0
46.23015,38.002483,-150,0,0
45.23015,38.002483,-150,0,0
44.23015,38.002483,-150,0,0
43.23015,38.002483,-150,0,0
42.23015,38.002483,-150,0,0
41.23015,38.002483,-150,0,0
40.23015,38.002483,-150,0,0
39.23015,38.002483,-150,0,0
38.23015,38.002483,-150,0,0
37.23015,38.002483,-150,0,0
36.23015,38.002483,-150,0,0
35.23015,38.002483,-150,0,0
34.23015,38.002483,-150,0,0
33.23015,38.002483,-150,0,0
32.23015,38.002483,-150,0,0
31.230148,38.002483,-150,0,0
30.230148,38.002483,-150,0,0
29.230148,38.002483,-150,0,0
28.230148,38.002483,-150,0,0
27.230148,38.002483,-150,0,0
26.230148,38.002483,-150,0,0
25.230148,38.002483,-150,0,0
24.230148,38.002483,-150,0,0
23.230148,38.002483,-150,0,0
22.230148,38.002483,-150,0,0
21.230148,38.002483,-150,0,0
20.230148,38.002483,-150,0,0
19.230148,38.002483,-150,0,0
18.230148,38.002483,-150,0,0
17.230148,38.002483,-150,0,0
16.230148,38.002483,-150,0,0
15.230148,38.002483,-150,0,0
14.230148,38.002483,-150,0,0
13.230148,38.002483,-150,0,0
12.230148,38.002483,-150,0,0
11.230148,38.002483,-150,0,0
10.230148,38.002483,-150,0,0
9.230148,38.002483,-150,0,0
8.230148,38.002483,-150,0,0
7.2301483,38.002483,-150,0,0
6.2301483,38.002483,-150,0,0
5.2301483,38.002483,-150,0,0
4.2301483,38.002483,-150,0,0
3.2301483,38.002483,-150,0,0
2.2301483,38.002483,-150,0,0
1.2301483,38.002483,-150,0,0
0.23014832,38.002483,-150,0,0
-0.7698517,38.002483,-150,0,0
-1.7698517,38.002483,-150,0,0
-2.7698517,38.002483,-150,0,0
-3.7698517,38.002483,-150,0,0
-4.7698517,38.002483,-150,0,0
-5.7698517,38.002483,-150,0,0
-6.7698517,38.002483,-150,0,0
-7.7698517,38.002483,-150,0,0
-8.769852,38.002483,-150,0,0
-9.769852,38.002483,-150,0,0
-10.769852,38.002483,-150,0,0
-11.769852,38.002483,-150,0,0
-12.769852,38.002483,-150,0,0
-13.769852,38.002483,-150,0,0
-14.769852,38.002483,-150,0,0
-15.769852,38.002483,-150,0,0
-16.769852,38.002483,-150,0,0
-17.769852,38.002483,-150,0,0
-18.769852,38.002483,-150,0,0
-19.769852,38.002483,-150,0,0
-20.769852,38.002483,-150,0,0
-21.769852,38.002483,-150,0,0
-22.769852,38.002483,-150,0,0
-23.769852,38.002483,-150,0,0
-24.769852,38.002483,-150,0,0
-25.769852,38.002483,-150,0,0
-26.769852,38.002483,-150,0,0
-27.769852,38.002483,-150,0,0
-28.769852,38.002483,-150,0,0
-29.769852,38.002483,-150,0,0
-30.769852,38.002483,-150,0,0
-31.769852,38.002483,-150,0,0
-32.76985,38.002483,-150,0,0
-33.76985,38.002483,-150,0,0
-34.76985,38.002483,-150,0,0
-35.76985,38.002483,-150,0,0
-36.76985,38.002483,-150,0,0
-37.76985,38.002483,-150,0,0
-38.76985,38.002483,-150,0,0
-39.76985,38.002483,-150,0,0
-40.76985,38.002483,-150,0,0
-41.76985,38.002483,-150,0,0
-42.76985,38.002483,-150,0,0
-43.76985,38.002483,-150,0,0
-44.76985,38.002483,-150,0,0
-45.76985,38.002483,-150,0,0
-46.76985,38.002483,-150,0,0
-47.76985,38.002483,-150,0,0
-48.76985,38.002483,-150,0,0
-49.76985,38.002483,-150,0,0
49.23015,37.002483,-150,0,0
48.23015,37.002483,-150,0,0
47.23015,37.002483,-150,0,0
46.23015,37.002483,-150,0,0
45.23015,37.002483,-150,0,0
44.23015,37.002483,-150,0,0
43.23015,37.002483,-150,0,0
42.23015,37.002483,-150,0,0
41.23015,37.002483,-150,0,0
40.23015,37.002483,-150,0,0
39.23015,37.002483,-150,0,0
38.23015,37.002483,-150,0,0
37.23015,37.002483,-150,0,0
36.23015,37.002483,-150,0,0
35.23015,37.002483,-150,0,0
34.23015,37.002483,-150,0,0
33.23015,37.002483,-150,0,0
32.23015,37.002483,-150,0,0
31.230148,37.002483,-150,0,0
30.230148,37.002483,-150,0,0
29.230148,37.002483,-150,0,0
28.230148,37.002483,-150,0,0
27.230148,37.002483,-150,0,0
26.230148,37.002483,-150,0,0
25.230148,37.002483,-150,0,0
24.230148,37.002483,-150,0,0
23.230148,37.002483,-150,0,0
22.230148,37.002483,-150,0,0
21.230148,37.002483,-150,0,0
20.230148,37.002483,-150,0,0
19.230148,37.002483,-150,0,0
18.230148,37.002483,-150,0,0
17.230148,37.002483,-150,0,0
16.230148,37.002483,-150,0,0
15.230148,37.002483,-150,0,0
14.230148,37.002483,-150,0,0
13.230148,37.002483,-150,0,0
12.230148,37.002483,-150,0,0
11.230148,37.002483,-150,0,0
10.230148,37.002483,-150,0,0
9.230148,37.002483,-150,0,0
8.230148,37.002483,-150,0,0
7.2301483,37.002483,-150,0,0
6.2301483,37.002483,-150,0,0
5.2301483,37.002483,-150,0,0
4.2301483,37.002483,-150,0,0
3.2301483,37.002483,-150,0,0
2.2301483,37.002483,-150,0,0
1.2301483,37.002483,-150,0,0
0.23014832,37.002483,-150,0,0
-0.7698517,37.002483,-150,0,0
-1.7698517,37.002483,-150,0,0
-2.7698517,37.002483,-150,0,0
-3.7698517,37.002483,-150,0,0
-4.7698517,37.002483,-150,0,0
-5.7698517,37.002483,-150,0,0
-6.7698517,37.002483,-150,0,0
-7.7698517,37.002483,-150,0,0
-8.769852,37.002483,-150,0,0
-9.769852,37.002483,-150,0,0
-10.769852,37.002483,-150,0,0
-11.769852,37.002483,-150,0,0
-12.769852,37.002483,-150,0,0
-13.769852,37.002483,-150,0,0
-14.769852,37.002483,-150,0,0
-15.769852,37.002483,-150,0,0
-16.769852,37.002483,-150,0,0
-17.769852,37.002483,-150,0,0
-18.769852,37.002483,-150,0,0
-19.769852,37.002483,-150,0,0
-20.769852,37.002483,-150,0,0
-21.769852,37.002483,-150,0,0
-22.769852,37.002483,-150,0,0
-23.769852,37.002483,-150,0,0
-24.769852,37.002483,-150,0,0
-25.769852,37.002483,-150,0,0
-26.769852,37.002483,-150,0,0
-27.769852,37.002483,-150,0,0
-28.769852,37.002483,-150,0,0
-29.769852,37.002483,-150,0,0
-30.769852,37.002483,-150,0,0
-31.769852,37.002483,-150,0,0
-32.76985,37.002483,-150,0,0
-33.76985,37.002483,-150,0,0
-34.76985,37.002483,-150,0,0
-35.76985,37.002483,-150,0,0
-36.76985,37.002483,-150,0,0
-37.76985,37.002483,-150,0,0
-38.76985,37.002483,-150,0,0
-39.76985,37.002483,-150,0,0
-40.76985,37.002483,-150,0,0
-41.76985,37.002483,-150,0,0
-42.76985,37.002483,-150,0,0
-43.76985,37.002483,-150,0,0
-44.76985,37.002483,-150,0,0
-45.76985,37.002483,-150,0,0
-46.76985,37.002483,-150,0,0
-47.76985,37.002483,-150,0,0
-48.76985,37.002483,-150,0,0
-49.76985,37.002483,-150,0,0
49.23015,36.002483,-150,0,0
48.23015,36.002483,-150,0,0
47.23015,36.002483,-150,0,0
46.23015,36.002483,-150,0,0
45.23015,36.002483,-150,0,0
44.23015,36.002483,-150,0,0
43.23015,36.002483,-150,0,0
42.23015,36.002483,-150,0,0
41.23015,36.002483,-150,0,0
40.23015,36.002483,-150,0,0
39.23015,36.002483,-150,0,0
38.23015,36.002483,-150,0,0
37.23015,36.002483,-150,0,0
36.23015,36.002483,-150,0,0
35.23015,36.002483,-150,0,0
34.23015,36.002483,-150,0,0
33.23015,36.002483,-150,0,0
32.23015,36.002483,-150,0,0
31.230148,36.002483,-150,0,0
30.230148,36.002483,-150,0,0
29.230148,36.002483,-150,0,0
28.230148,36.002483,-150,0,0
27.230148,36.002483,-150,0,0
26.230148,36.002483,-150,0,0
25.230148,36.002483,-150,0,0
24.230148,36.002483,-150,0,0
23.230148,36.002483,-150,0,0
22.230148,36.002483,-150,0,0
21.230148,36.002483,-150,0,0
20.230148,36.002483,-150,0,0
19.230148,36.002483,-150,0,0
18.230148,36.002483,-150,0,0
17.230148,36.002483,-150,0,0
16.230148,36.002483,-150,0,0
15.230148,36.002483,-150,0,0
14.230148,36.002483,-150,0,0
13.230148,36.002483,-150,0,0
12.230148,36.002483,-150,0,0
11.230148,36.002483,-150,0,0
10.230148,36.002483,-150,0,0
9.230148,36.002483,-150,0,0
8.230148,36.002483,-150,0,0
7.2301483,36.002483,-150,0,0
6.2301483,36.002483,-150,0,0
5.2301483,36.002483,-150,0,0
4.2301483,36.002483,-150,0,0
3.2301483,36.002483,-150,0,0
2.2301483,36.002483,-150,0,0
1.2301483,36.002483,-150,0,0
0.23014832,36.002483,-150,0,0
-0.7698517,36.002483,-150,0,0
-1.7698517,36.002483,-150,0,0
-2.7698517,36.002483,-150,0,0
-3.7698517,36.002483,-150,0,0
-4.7698517,36.002483,-150,0,0
-5.7698517,36.002483,-150,0,0
-6.7698517,36.002483,-150,0,0
-7.7698517,36.002483,-150,0,0
-8.769852,36.002483,-150,0,0
-9.769852,36.002483,-150,0,0
-10.769852,36.002483,-150,0,0
-11.769852,36.002483,-150,0,0
-12.769852,36.002483,-150,0,0
-13.769852,36.002483,-150,0,0
-14.769852,36.002483,-150,0,0
-15.769852,36.002483,-150,0,0
-16.769852,36.002483,-150,0,0
-17.769852,36.002483,-150,0,0
-18.769852,36.002483,-150,0,0
-19.769852,36.002483,-150,0,0
-20.769852,36.002483,-150,0,0
-21.769852,36.002483,-150,0,0
-22.769852,36.002483,-150,0,0
-23.769852,36.002483,-150,0,0
-24.769852,36.002483,-150,0,0
-25.769852,36.002483,-150,0,0
-26.769852,36.002483,-150,0,0
-27.769852,36.002483,-150,0,0
-28.769852,36.002483,-150,0,0
-29.769852,36.002483,-150,0,0
-30.769852,36.002483,-150,0,0
-31.769852,36.002483,-150,0,0
-32.76985,36.002483,-150,0,0
-33.76985,36.002483,-150,0,0
-34.76985,36.002483,-150,0,0
-35.76985,36.002483,-150,0,0
-36.76985,36.002483,-150,0,0
-37.76985,36.002483,-150,0,0
-38.76985,36.002483,-150,0,0
-39.76985,36.002483,-150,0,0
-40.76985,36.002483,-150,0,0
-41.76985,36.002483,-150,0,0
-42.76985,36.002483,-150,0,0
-43.76985,36.002483,-150,0,0
-44.76985,36.002483,-150,0,0
-45.76985,36.002483,-150,0,0
-46.76985,36.002483,-150,0,0
-47.76985,36.002483,-150,0,0
-48.76985,36.002483,-150,0,0
-49.76985,36.002483,-150,0,0
49.23015,35.002483,-150,0,0
48.23015,35.002483,-150,0,0
47.23015,35.002483,-150,0,0
46.23015,35.002483,-150,0,0
45.23015,35.002483,-150,0,0
44.23015,35.002483,-150,0,0
43.23015,35.002483,-150,0,0
42.23015,35.002483,-150,0,0
41.23015,35.002483,-150,0,0
40.23015,35.002483,-150,0,0
39.23015,35.002483,-150,0,0
38.23015,35.002483,-150,0,0
37.23015,35.002483,-150,0,0
36.23015,35.002483,-150,0,0
35.23015,35.002483,-150,0,0
34.23015,35.002483,-150,0,0
33.23015,35.002483,-150,0,0
32.23015,35.002483,-150,0,0
31.230148,35.002483,-150,0,0
30.230148,35.002483,-150,0,0
29.230148,35.002483,-150,0,0
28.230148,35.002483,-150,0,0
27.230148,35.002483,-150,0,0
26.230148,35.002483,-150,0,0
25.230148,35.002483,-150,0,0
24.230148,35.002483,-150,0,0
23.230148,35.002483,-150,0,0
22.230148,35.002483,-150,0,0
21.230148,35.002483,-150,0,0
20.230148,35.002483,-150,0,0
19.230148,35.002483,-150,0,0
18.230148,35.002483,-150,0,0
17.230148,35.002483,-150,0,0
16.230148,35.002483,-150,0,0
15.230148,35.002483,-150,0,0
14.230148,35.002483,-150,0,0
13.230148,35.002483,-150,0,0
12.230148,35.002483,-150,0,0
11.230148,35.002483,-150,0,0
10.230148,35.002483,-150,0,0
9.230148,35.002483,-150,0,0
8.230148,35.002483,-150,0,0
7.2301483,35.002483,-150,0,0
6.2301483,35.002483,-150,0,0
5.2301483,35.002483,-150,0,0
4.2301483,35.002483,-150,0,0
3.2301483,35.002483,-150,0,0
2.2301483,35.002483,-150,0,0
1.2301483,35.002483,-150,0,0
0.23014832,35.002483,-150,0,0
-0.7698517,35.002483,-150,0,0
-1.7698517,35.002483,-150,0,0
-2.7698517,35.002483,-150,0,0
-3.7698517,35.002483,-150,0,0
-4.7698517,35.002483,-150,0,0
-5.7698517,35.002483,-150,0,0
-6.7698517,35.002483,-150,0,0
-7.7698517,35.002483,-150,0,0
-8.769852,35.002483,-150,0,0
-9.769852,35.002483,-150,0,0
-10.769852,35.002483,-150,0,0
-11.769852,35.002483,-150,0,0
-12.769852,35.002483,-150,0,0
-13.769852,35.002483,-150,0,0
-14.769852,35.002483,-150,0,0
-15.769852,35.002483,-150,0,0
-16.769852,35.002483,-150,0,0
-17.769852,35.002483,-150,0,0
-18.769852,35.002483,-150,0,0
-19.769852,35.002483,-150,0,0
-20.769852,35.002483,-150,0,0
-21.769852,35.002483,-150,0,0
-22.769852,35.002483,-150,0,0
-23.769852,35.002483,-150,0,0
-24.769852,35.002483,-150,0,0
-25.769852,35.002483,-150,0,0
-26.769852,35.002483,-150,0,0
-27.769852,35.002483,-150,0,0
-28.769852,35.002483,-150,0,0
-29.769852,35.002483,-150,0,0
-30.769852,35.002483,-150,0,0
-31.769852,35.002483,-150,0,0
-32.76985,35.002483,-150,0,0
-33.76985,35.002483,-150,0,0
-34.76985,35.002483,-150,0,0
-35.76985,35.002483,-150,0,0
-36.76985,35.002483,-150,0,0
-37.76985,35.002483,-150,0,0
-38.76985,35.002483,-150,0,0
-39.76985,35.002483,-150,0,0
-40.76985,35.002483,-150,0,0
-41.76985,35.002483,-150,0,0
-42.76985,35.002483,-150,0,0
-43.76985,35.002483,-150,0,0
-44.76985,35.002483,-150,0,0
-45.76985,35.002483,-150,0,0
-46.76985,35.002483,-150,0,0
-47.76985,35.002483,-150,0,0
-48.76985,35.002483,-150,0,0
-49.76985,35.002483,-150,0,0
49.23015,34.002483,-150,0,0
48.23015,34.002483,-150,0,0
47.23015,34.002483,-150,0,0
46.23015,34.002483,-150,0,0
45.23015,34.002483,-150,0,0
44.23015,34.002483,-150,0,0
43.23015,34.002483,-150,0,0
42.23015,34.002483,-150,0,0
41.23015,34.002483,-150,0,0
40.23015,34.002483,-150,0,0
39.23015,34.002483,-150,0,0
38.23015,34.002483,-150,0,0
37.23015,34.002483,-150,0,0
36.23015,34.002483,-150,0,0
35.23015,34.002483,-150,0,0
34.23015,34.002483,-150,0,0
33.23015,34.002483,-150,0,0
32.23015,34.002483,-150,0,0
31.230148,34.002483,-150,0,0
30.230148,34.002483,-150,0,0
29.230148,34.002483,-150,0,0
28.230148,34.002483,-150,0,0
27.230148,34.002483,-150,0,0
26.230148,34.002483,-150,0,0
25.230148,34.002483,-150,0,0
24.230148,34.002483,-150,0,0
23.230148,34.002483,-150,0,0
22.230148,34.002483,-150,0,0
21.230148,34.002483,-150,0,0
20.230148,34.002483,-150,0,0
19.230148,34.002483,-150,0,0
18.230148,34.002483,-150,0,0
17.230148,34.002483,-150,0,0
16.230148,34.002483,-150,0,0
15.230148,34.002483,-150,0,0
14.230148,34.002483,-150,0,0
13.230148,34.002483,-150,0,0
12.230148,34.002483,-150,0,0
11.230148,34.002483,-150,0,0
10.230148,34.002483,-150,0,0
9.230148,34.002483,-150,0,0
8.230148,34.002483,-150,0,0
7.2301483,34.002483,-150,0,0
6.2301483,34.002483,-150,0,0
5.2301483,34.002483,-150,0,0
4.2301483,34.002483,-150,0,0
3.2301483,34.002483,-150,0,0
2.2301483,34.002483,-150,0,0
1.2301483,34.002483,-150,0,0
0.23014832,34.002483,-150,0,0
-0.7698517,34.002483,-150,0,0
-1.7698517,34.002483,-150,0,0
-2.7698517,34.002483,-150,0,0
-3.7698517,34.002483,-150,0,0
-4.7698517,34.002483,-150,0,0
-5.7698517,34.002483,-150,0,0
-6.7698517,34.002483,-150,0,0
-7.7698517,34.002483,-150,0,0
-8.769852,34.002483,-150,0,0
-9.769852,34.002483,-150,0,0
-10.769852,34.002483,-150,0,0
-11.769852,34.002483,-150,0,0
-12.769852,34.002483,-150,0,0
-13.769852,34.002483,-150,0,0
-14.769852,34.002483,-150,0,0
-15.769852,34.002483,-150,0,0
-16.769852,34.002483,-150,0,0
-17.769852,34.002483,-150,0,0
-18.769852,34.002483,-150,0,0
-19.769852,34.002483,-150,0,0
-20.769852,34.002483,-150,0,0
-21.769852,34.002483,-150,0,0
-22.769852,34.002483,-150,0,0
-23.769852,34.002483,-150,0,0
-24.769852,34.002483,-150,0,0
-25.769852,34.002483,-150,0,0
-26.769852,34.002483,-150,0,0
-27.769852,34.002483,-150,0,0
-28.769852,34.002483,-150,0,0
-29.769852,34.002483,-150,0,0
-30.769852,34.002483,-150,0,0
-31.769852,34.002483,-150,0,0
-32.76985,34.002483,-150,0,0
-33.76985,34.002483,-150,0,0
-34.76985,34.002483,-150,0,0
-35.76985,34.002483,-150,0,0
-36.76985,34.002483,-150,0,0
-37.76985,34.002483,-150,0,0
-38.76985,34.002483,-150,0,0
-39.76985,34.002483,-150,0,0
-40.76985,34.002483,-150,0,0
-41.76985,34.002483,-150,0,0
-42.76985,34.002483,-150,0,0
-43.76985,34.002483,-150,0,0
-44.76985,34.002483,-150,0,0
-45.76985,34.002483,-150,0,0
-46.76985,34.002483,-150,0,0
-47.76985,34.002483,-150,0,0
-48.76985,34.002483,-150,0,0
-49.76985,34.002483,-150,0,0
49.23015,33.002483,-150,0,0
48.23015,33.002483,-150,0,0
47.23015,33.002483,-150,0,0
46.23015,33.002483,-150,0,0
45.23015,33.002483,-150,0,0
44.23015,33.002483,-150,0,0
43.23015,33.002483,-150,0,0
42.23015,33.002483,-150,0,0
41.23015,33.002483,-150,0,0
40.23015,33.002483,-150,0,0
39.23015,33.002483,-150,0,0
38.23015,33.002483,-150,0,0
37.23015,33.002483,-150,0,0
36.23015,33.002483,-150,0,0
35.23015,33.002483,-150,0,0
34.23015,33.002483,-150,0,0
33.23015,33.002483,-150,0,0
32.23015,33.002483,-150,0,0
31.230148,33.002483,-150,0,0
30.230148,33.002483,-150,0,0
29.230148,33.002483,-150,0,0
28.230148,33.002483,-150,0,0
27.230148,33.002483,-150,0,0
26.230148,33.002483,-150,0,0
25.230148,33.002483,-150,0,0
24.230148,33.002483,-150,0,0
23.230148,33.002483,-150,0,0
22.230148,33.002483,-150,0,0
21.230148,33.002483,-150,0,0
20.230148,33.002483,-150,0,0
19.230148,33.002483,-150,0,0
18.230148,33.002483,-150,0,0
17.230148,33.002483,-150,0,0
16.230148,33.002483,-150,0,0
15.230148,33.002483,-150,0,0
14.230148,33.002483,-150,0,0
13.230148,33.002483,-150,0,0
12.230148,33.002483,-150,0,0
11.230148,33.002483,-150,0,0
10.230148,33.002483,-150,0,0
9.230148,33.002483,-150,0,0
8.230148,33.002483,-150,0,0
7.2301483,33.002483,-150,0,0
6.2301483,33.002483,-150,0,0
5.2301483,33.002483,-150,0,0
4.2301483,33.002483,-150,0,0
3.2301483,33.002483,-150,0,0
2.2301483,33.002483,-150,0,0
1.2301483,33.002483,-150,0,0
0.23014832,33.002483,-150,0,0
-0.7698517,33.002483,-150,0,0
-1.7698517,33.002483,-150,0,0
-2.7698517,33.002483,-150,0,0
-3.7698517,33.002483,-150,0,0
-4.7698517,33.002483,-150,0,0
-5.7698517,33.002483,-150,0,0
-6.7698517,33.002483,-150,0,0
-7.7698517,33.002483,-150,0,0
-8.769852,33.002483,-150,0,0
-9.769852,33.002483,-150,0,0
-10.769852,33.002483,-150,0,0
-11.769852,33.002483,-150,0,0
-12.769852,33.002483,-150,0,0
-13.769852,33.002483,-150,0,0
-14.769852,33.002483,-150,0,0
-15.769852,33.002483,-150,0,0
-16.769852,33.002483,-150,0,0
-17.769852,33.002483,-150,0,0
-18.769852,33.002483,-150,0,0
-19.769852,33.002483,-150,0,0
-20.769852,33.002483,-150,0,0
-21.769852,33.002483,-150,0,0
-22.769852,33.002483,-150,0,0
-23.769852,33.002483,-150,0,0
-24.769852,33.002483,-150,0,0
-25.769852,33.002483,-150,0,0
-26.769852,33.002483,-150,0,0
-27.769852,33.002483,-150,0,0
-28.769852,33.002483,-150,0,0
-29.769852,33.002483,-150,0,0
-30.769852,33.002483,-150,0,0
-31.769852,33.002483,-150,0,0
-32.76985,33.002483,-150,0,0
-33.76985,33.002483,-150,0,0
-34.76985,33.002483,-150,0,0
-35.76985,33.002483,-150,0,0
-36.76985,33.002483,-150,0,0
-37.76985,33.002483,-150,0,0
-38.76985,33.002483,-150,0,0
-39.76985,33.002483,-150,0,0
-40.76985,33.002483,-150,0,0
-41.76985,33.002483,-150,0,0
-42.76985,33.002483,-150,0,0
-43.76985,33.002483,-150,0,0
-44.76985,33.002483,-150,0,0
-45.76985,33.002483,-150,0,0
-46.76985,33.002483,-150,0,0
-47.76985,33.002483,-150,0,0
-48.76985,33.002483,-150,0,0
-49.76985,33.002483,-150,0,0
49.23015,32.002483,-150,0,0
48.23015,32.002483,-150,0,0
47.23015,32.002483,-150,0,0
46.23015,32.002483,-150,0,0
45.23015,32.002483,-150,0,0
44.23015,32.002483,-150,0,0
43.23015,32.002483,-150,0,0
42.23015,32.002483,-150,0,0
41.23015,32.002483,-150,0,0
40.23015,32.002483,-150,0,0
39.23015,32.002483,-150,0,0
38.23015,32.002483,-150,0,0
37.23015,32.002483,-150,0,0
36.23015,32.002483,-150,0,0
35.23015,32.002483,-150,0,0
34.23015,32.002483,-150,0,0
33.23015,32.002483,-150,0,0
32.23015,32.002483,-150,0,0
31.230148,32.002483,-150,0,0
30.230148,32.002483,-150,0,0
29.230148,32.002483,-150,0,0
28.230148,32.002483,-150,0,0
27.230148,32.002483,-150,0,0
26.230148,32.002483,-150,0,0
25.230148,32.002483,-150,0,0
24.230148,32.002483,-150,0,0
23.230148,32.002483,-150,0,0
22.230148,32.002483,-150,0,0
21.230148,32.002483,-150,0,0
20.230148,32.002483,-150,0,0
19.230148,32.002483,-150,0,0
18.230148,32.002483,-150,0,0
17.230148,32.002483,-150,0,0
16.230148,32.002483,-150,0,0
15.230148,32.002483,-150,0,0
14.230148,32.002483,-150,0,0
13.230148,32.002483,-150,0,0
12.230148,32.002483,-150,0,0
11.230148,32.002483,-150,0,0
10.230148,32.002483,-150,0,0
9.230148,32.002483,-150,0,0
8.230148,32.002483,-150,0,0
7.2301483,32.002483,-150,0,0
6.2301483,32.002483,-150,0,0
5.2301483,32.002483,-150,0,0
4.2301483,32.002483,-150,0,0
3.2301483,32.002483,-150,0,0
2.2301483,32.002483,-150,0,0
1.2301483,32.002483,-150,0,0
0.23014832,32.002483,-150,0,0
-0.7698517,32.002483,-150,0,0
-1.7698517,32.002483,-150,0,0
-2.7698517,32.002483,-150,0,0
-3.7698517,32.002483,-150,0,0
-4.7698517,32.002483,-150,0,0
-5.7698517,32.002483,-150,0,0
-6.7698517,32.002483,-150,0,0
-7.7698517,32.002483,-150,0,0
-8.769852,32.002483,-150,0,0
-9.769852,32.002483,-150,0,0
-10.769852,32.002483,-150,0,0
-11.769852,32.002483,-150,0,0
-12.769852,32.002483,-150,0,0
-13.769852,32.002483,-150,0,0
-14.769852,32.002483,-150,0,0
-15.769852,32.002483,-150,0,0
-16.769852,32.002483,-150,0,0
-17.769852,32.002483,-150,0,0
-18.769852,32.002483,-150,0,0
-19.769852,32.002483,-150,0,0
-20.769852,32.002483,-150,0,0
-21.769852,32.002483,-150,0,0
-22.769852,32.002483,-150,0,0
-23.769852,32.002483,-150,0,0
-24.769852,32.002483,-150,0,0
-25.769852,32.002483,-150,0,0
-26.769852,32.002483,-150,0,0
-27.769852,32.002483,-150,0,0
-28.769852,32.002483,-150,0,0
-29.769852,32.002483,-150,0,0
-30.769852,32.002483,-150,0,0
-31.769852,32.002483,-150,0,0
-32.76985,32.002483,-150,0,0
-33.76985,32.002483,-150,0,0
-34.76985,32.002483,-150,0,0
-35.76985,32.002483,-150,0,0
-36.76985,32.002483,-150,0,0
-37.76985,32.002483,-150,0,0
-38.76985,32.002483,-150,0,0
-39.76985,32.002483,-150,0,0
-40.76985,32.002483,-150,0,0
-41.76985,32.002483,-150,0,0
-42.76985,32.002483,-150,0,0
-43.76985,32.002483,-150,0,0
-44.76985,32.002483,-150,0,0
-45.76985,32.002483,-150,0,0
-46.76985,32.002483,-150,0,0
-47.76985,32.002483,-150,0,0
-48.76985,32.002483,-150,0,0
-49.76985,32.002483,-150,0,0
49.23015,31.002483,-150,0,0
48.23015,31.002483,-150,0,0
47.23015,31.002483,-150,0,0
46.23015,31.002483,-150,0,0
45.23015,31.002483,-150,0,0
44.23015,31.002483,-150,0,0
43.23015,31.002483,-150,0,0
42.23015,31.002483,-150,0,0
41.23015,31.002483,-150,0,0
40.23015,31.002483,-150,0,0
39.23015,31.002483,-150,0,0
38.23015,31.002483,-150,0,0
37.23015,31.002483,-150,0,0
36.23015,31.002483,-150,0,0
35.23015,31.002483,-150,0,0
34.23015,31.002483,-150,0,0
33.23015,31.002483,-150,0,0
32.23015,31.002483,-150,0,0
31.230148,31.002483,-150,0,0
30.230148,31.002483,-150,0,0
29.230148,31.002483,-150,0,0
28.230148,31.002483,-150,0,0
27.230148,31.002483,-150,0,0
26.230148,31.002483,-150,0,0
25.230148,31.002483,-150,0,0
24.230148,31.002483,-150,0,0
23.230148,31.002483,-150,0,0
22.230148,31.002483,-150,0,0
21.230148,31.002483,-150,0,0
20.230148,31.002483,-150,0,0
19.230148,31.002483,-150,0,0
18.230148,31.002483,-150,0,0
17.230148,31.002483,-150,0,0
16.230148,31.002483,-150,0,0
15.230148,31.002483,-150,0,0
14.230148,31.002483,-150,0,0
13.230148,31.002483,-150,0,0
12.230148,31.002483,-150,0,0
11.230148,31.002483,-150,0,0
10.230148,31.002483,-150,0,0
9.230148,31.002483,-150,0,0
8.230148,31.002483,-150,0,0
7.2301483,31.002483,-150,0,0
6.2301483,31.002483,-150,0,0
5.2301483,31.002483,-150,0,0
4.2301483,31.002483,-150,0,0
3.2301483,31.002483,-150,0,0
2.2301483,31.002483,-150,0,0
1.2301483,31.002483,-150,0,0
0.23014832,31.002483,-150,0,0
-0.7698517,31.002483,-150,0,0
-1.7698517,31.002483,-150,0,0
-2.7698517,31.002483,-150,0,0
-3.7698517,31.002483,-150,0,0
-4.7698517,31.002483,-150,0,0
-5.7698517,31.002483,-150,0,0
-6.7698517,31.002483,-150,0,0
-7.7698517,31.002483,-150,0,0
-8.769852,31.002483,-150,0,0
-9.769852,31.002483,-150,0,0
-10.769852,31.002483,-150,0,0
-11.769852,31.002483,-150,0,0
-12.769852,31.002483,-150,0,0
-13.769852,31.002483,-150,0,0
-14.769852,31.002483,-150,0,0
-15.769852,31.002483,-150,0,0
-16.769852,31.002483,-150,0,0
-17.769852,31.002483,-150,0,0
-18.769852,31.002483,-150,0,0
-19.769852,31.002483,-150,0,0
-20.769852,31.002483,-150,0,0
-21.769852,31.002483,-150,0,0
-22.769852,31.002483,-150,0,0
-23.769852,31.002483,-150,0,0
-24.769852,31.002483,-150,0,0
-25.769852,31.002483,-150,0,0
-26.769852,31.002483,-150,0,0
-27.769852,31.002483,-150,0,0
-28.769852,31.002483,-150,0,0
-29.769852,31.002483,-150,0,0
-30.769852,31.002483,-150,0,0
-31.769852,31.002483,-150,0,0
-32.76985,31.002483,-150,0,0
-33.76985,31.002483,-150,0,0
-34.76985,31.002483,-150,0,0
-35.76985,31.002483,-150,0,0
-36.76985,31.002483,-150,0,0
-37.76985,31.002483,-150,0,0
-38.76985,31.002483,-150,0,0
-39.76985,31.002483,-150,0,0
-40.76985,31.002483,-150,0,0
-41.76985,31.002483,-150,0,0
-42.76985,31.002483,-150,0,0
-43.76985,31.002483,-150,0,0
-44.76985,31.002483,-150,0,0
-45.76985,31.002483,-150,0,0
-46.76985,31.002483,-150,0,0
-47.76985,31.002483,-150,0,0
-48.76985,31.002483,-150,0,0
-49.76985,31.002483,-150,0,0
49.23015,30.002483,-150,0,0
48.23015,30.002483,-150,0,0
47.23015,30.002483,-150,0,0
46.23015,30.002483,-150,0,0
45.23015,30.002483,-150,0,0
44.23015,30.002483,-150,0,0
43.23015,30.002483,-150,0,0
42.23015,30.002483,-150,0,0
41.23015,30.002483,-150,0,0
40.23015,30.002483,-150,0,0
39.23015,30.002483,-150,0,0
38.23015,30.002483,-150,0,0
37.23015,30.002483,-150,0,0
36.23015,30.002483,-150,0,0
35.23015,30.002483,-150,0,0
34.23015,30.002483,-150,0,0
33.23015,30.002483,-150,0,0
32.23015,30.002483,-150,0,0
31.230148,30.002483,-150,0,0
30.230148,30.002483,-150,0,0
29.230148,30.002483,-150,0,0
28.230148,30.002483,-150,0,0
27.230148,30.002483,-150,0,0
26.230148,30.002483,-150,0,0
25.230148,30.002483,-150,0,0
24.230148,30.002483,-150,0,0
23.230148,30.002483,-150,0,0
22.230148,30.002483,-150,0,0
21.230148,30.002483,-150,0,0
20.230148,30.002483,-150,0,0
19.230148,30.002483,-150,0,0
18.230148,30.002483,-150,0,0
17.230148,30.002483,-150,0,0
16.230148,30.002483,-150,0,0
15.230148,30.002483,-150,0,0
14.230148,30.002483,-150,0,0
13.230148,30.002483,-150,0,0
12.230148,30.002483,-150,0,0
11.230148,30.002483,-150,0,0
10.230148,30.002483,-150,0,0
9.230148,30.002483,-150,0,0
8.230148,30.002483,-150,0,0
7.2301483,30.002483,-150,0,0
6.2301483,30.002483,-150,0,0
5.2301483,30.002483,-150,0,0
4.2301483,30.002483,-150,0,0
3.2301483,30.002483,-150,0,0
2.2301483,30.002483,-150,0,0
1.2301483,30.002483,-150,0,0
0.23014832,30.002483,-150,0,0
-0.7698517,30.002483,-150,0,0
-1.7698517,30.002483,-150,0,0
-2.7698517,30.002483,-150,0,0
-3.7698517,30.002483,-150,0,0
-4.7698517,30.002483,-150,0,0
-5.7698517,30.002483,-150,0,0
-6.7698517,30.002483,-150,0,0
-7.7698517,30.002483,-150,0,0
-8.769852,30.002483,-150,0,0
-9.769852,30.002483,-150,0,0
-10.769852,30.002483,-150,0,0
-11.769852,30.002483,-150,0,0
-12.769852,30.002483,-150,0,0
-13.769852,30.002483,-150,0,0
-14.769852,30.002483,-150,0,0
-15.769852,30.002483,-150,0,0
-16.769852,30.002483,-150,0,0
-17.769852,30.002483,-150,0,0
-18.769852,30.002483,-150,0,0
-19.769852,30.002483,-150,0,0
-20.769852,30.002483,-150,0,0
-21.769852,30.002483,-150,0,0
-22.769852,30.002483,-150,0,0
-23.769852,30.002483,-150,0,0
-24.769852,30.002483,-150,0,0
-25.769852,30.002483,-150,0,0
-26.769852,30.002483,-150,0,0
-27.769852,30.002483,-150,0,0
-28.769852,30.002483,-150,0,0
-29.769852,30.002483,-150,0,0
-30.769852,30.002483,-150,0,0
-31.769852,30.002483,-150,0,0
-32.76985,30.002483,-150,0,0
-33.76985,30.002483,-150,0,0
-34.76985,30.002483,-150,0,0
-35.76985,30.002483,-150,0,0
-36.76985,30.002483,-150,0,0
-37.76985,30.002483,-150,0,0
-38.76985,30.002483,-150,0,0
-39.76985,30.002483,-150,0,0
-40.76985,30.002483,-150,0,0
-41.76985,30.002483,-150,0,0
-42.76985,30.002483,-150,0,0
-43.76985,30.002483,-150,0,0
-44.76985,30.002483,-150,0,0
-45.76985,30.002483,-150,0,0
-46.76985,30.002483,-150,0,0
-47.76985,30.002483,-150,0,0
-48.76985,30.002483,-150,0,0
-49.76985,30.002483,-150,0,0
49.23015,29.002483,-150,0,0
48.23015,29.002483,-150,0,0
47.23015,29.002483,-150,0,0
46.23015,29.002483,-150,0,0
45.23015,29.002483,-150,0,0
44.23015,29.002483,-150,0,0
43.23015,29.002483,-150,0,0
42.23015,29.002483,-150,0,0
41.23015,29.002483,-150,0,0
40.23015,29.002483,-150,0,0
39.23015,29.002483,-150,0,0
38.23015,29.002483,-150,0,0
37.23015,29.002483,-150,0,0
36.23015,29.002483,-150,0,0
35.23015,29.002483,-150,0,0
34.23015,29.002483,-150,0,0
33.23015,29.002483,-150,0,0
32.23015,29.002483,-150,0,0
31.230148,29.002483,-150,0,0
30.230148,29.002483,-150,0,0
29.230148,29.002483,-150,0,0
28.230148,29.002483,-150,0,0
27.230148,29.002483,-150,0,0
26.230148,29.002483,-150,0,0
25.230148,29.002483,-150,0,0
24.230148,29.002483,-150,0,0
23.230148,29.002483,-150,0,0
22.230148,29.002483,-150,0,0
21.230148,29.002483,-150,0,0
20.230148,29.002483,-150,0,0
19.230148,29.002483,-150,0,0
18.230148,29.002483,-150,0,0
17.230148,29.002483,-150,0,0
16.230148,29.002483,-150,0,0
15.230148,29.002483,-150,0,0
14.230148,29.002483,-150,0,0
13.230148,29.002483,-150,0,0
12.230148,29.002483,-150,0,0
11.230148,29.002483,-150,0,0
10.230148,29.002483,-150,0,0
9.230148,29.002483,-150,0,0
8.230148,29.002483,-150,0,0
7.2301483,29.002483,-150,0,0
6.2301483,29.002483,-150,0,0
5.2301483,29.002483,-150,0,0
4.2301483,29.002483,-150,0,0
3.2301483,29.002483,-150,0,0
2.2301483,29.002483,-150,0,0
1.2301483,29.002483,-150,0,0
0.23014832,29.002483,-150,0,0
-0.7698517,29.002483,-150,0,0
-1.7698517,29.002483,-150,0,0
-2.7698517,29.002483,-150,0,0
-3.7698517,29.002483,-150,0,0
-4.7698517,29.002483,-150,0,0
-5.7698517,29.002483,-150,0,0
-6.7698517,29.002483,-150,0,0
-7.7698517,29.002483,-150,0,0
-8.769852,29.002483,-150,0,0
-9.769852,29.002483,-150,0,0
-10.769852,29.002483,-150,0,0
-11.769852,29.002483,-150,0,0
-12.769852,29.002483,-150,0,0
-13.769852,29.002483,-150,0,0
-14.769852,29.002483,-150,0,0
-15.769852,29.002483,-150,0,0
-16.769852,29.002483,-150,0,0
-17.769852,29.002483,-150,0,0
-18.769852,29.002483,-150,0,0
-19.769852,29.002483,-150,0,0
-20.769852,29.002483,-150,0,0
-21.769852,29.002483,-150,0,0
-22.769852,29.002483,-150,0,0
-23.769852,29.002483,-150,0,0
-24.769852,29.002483,-150,0,0
-25.769852,29.002483,-150,0,0
-26.769852,29.002483,-150,0,0
-27.769852,29.002483,-150,0,0
-28.769852,29.002483,-150,0,0
-29.769852,29.002483,-150,0,0
-30.769852,29.002483,-150,0,0
-31.769852,29.002483,-150,0,0
-32.76985,29.002483,-150,0,0
-33.76985,29.002483,-150,0,0
-34.76985,29.002483,-150,0,0
-35.76985,29.002483,-150,0,0
-36.76985,29.002483,-150,0,0
-37.76985,29.002483,-150,0,0
-38.76985,29.002483,-150,0,0
-39.76985,29.002483,-150,0,0
-40.76985,29.002483,-150,0,0
-41.76985,29.002483,-150,0,0
-42.76985,29.002483,-150,0,0
-43.76985,29.002483,-150,0,0
-44.76985,29.002483,-150,0,0
-45.76985,29.002483,-150,0,0
-46.76985,29.002483,-150,0,0
-47.76985,29.002483,-150,0,0
-48.76985,29.002483,-150,0,0
-49.76985,29.002483,-150,0,0
49.23015,28.002483,-150,0,0
48.23015,28.002483,-150,0,0
47.23015,28.002483,-150,0,0
46.23015,28.002483,-150,0,0
45.23015,28.002483,-150,0,0
44.23015,28.002483,-150,0,0
43.23015,28.002483,-150,0,0
42.23015,28.002483,-150,0,0
41.23015,28.002483,-150,0,0
40.23015,28.002483,-150,0,0
39.23015,28.002483,-150,0,0
38.23015,28.002483,-150,0,0
37.23015,28.002483,-150,0,0
36.23015,28.002483,-150,0,0
35.23015,28.002483,-150,0,0
34.23015,28.002483,-150,0,0
33.23015,28.002483,-150,0,0
32.23015,28.002483,-150,0,0
31.230148,28.002483,-150,0,0
30.230148,28.002483,-150,0,0
29.230148,28.002483,-150,0,0
28.230148,28.002483,-150,0,0
27.230148,28.002483,-150,0,0
26.230148,28.002483,-150,0,0
25.230148,28.002483,-150,0,0
24.230148,28.002483,-150,0,0
23.230148,28.002483,-150,0,0
22.230148,28.002483,-150,0,0
21.230148,28.002483,-150,0,0
20.230148,28.002483,-150,0,0
19.230148,28.002483,-150,0,0
18.230148,28.002483,-150,0,0
17.230148,28.002483,-150,0,0
16.230148,28.002483,-150,0,0
15.230148,28.002483,-150,0,0
14.230148,28.002483,-150,0,0
13.230148,28.002483,-150,0,0
12.230148,28.002483,-150,0,0
11.230148,28.002483,-150,0,0
10.230148,28.002483,-150,0,0
9.230148,28.002483,-150,0,0
8.230148,28.002483,-150,0,0
7.2301483,28.002483,-150,0,0
6.2301483,28.002483,-150,0,0
5.2301483,28.002483,-150,0,0
4.2301483,28.002483,-150,0,0
3.2301483,28.002483,-150,0,0
2.2301483,28.002483,-150,0,0
1.2301483,28.002483,-150,0,0
0.23014832,28.002483,-150,0,0
-0.7698517,28.002483,-150,0,0
-1.7698517,28.002483,-150,0,0
-2.7698517,28.002483,-150,0,0
-3.7698517,28.002483,-150,0,0
-4.7698517,28.002483,-150,0,0
-5.7698517,28.002483,-150,0,0
-6.7698517,28.002483,-150,0,0
-7.7698517,28.002483,-150,0,0
-8.769852,28.002483,-150,0,0
-9.769852,28.002483,-150,0,0
-10.769852,28.002483,-150,0,0
-11.769852,28.002483,-150,0,0
-12.769852,28.002483,-150,0,0
-13.769852,28.002483,-150,0,0
-14.769852,28.002483,-150,0,0
-15.769852,28.002483,-150,0,0
-16.769852,28.002483,-150,0,0
-17.769852,28.002483,-150,0,0
-18.769852,28.002483,-150,0,0
-19.769852,28.002483,-150,0,0
-20.769852,28.002483,-150,0,0
-21.769852,28.002483,-150,0,0
-22.769852,28.002483,-150,0,0
-23.769852,28.002483,-150,0,0
-24.769852,28.002483,-150,0,0
-25.769852,28.002483,-150,0,0
-26.769852,28.002483,-150,0,0
-27.769852,28.002483,-150,0,0
-28.769852,28.002483,-150,0,0
-29.769852,28.002483,-150,0,0
-30.769852,28.002483,-150,0,0
-31.769852,28.002483,-150,0,0
-32.76985,28.002483,-150,0,0
-33.76985,28.002483,-150,0,0
-34.76985,28.002483,-150,0,0
-35.76985,28.002483,-150,0,0
-36.76985,28.002483,-150,0,0
-37.76985,28.002483,-150,0,0
-38.76985,28.002483,-150,0,0
-39.76985,28.002483,-150,0,0
-40.76985,28.002483,-150,0,0
-41.76985,28.002483,-150,0,0
-42.76985,28.002483,-150,0,0
-43.76985,28.002483,-150,0,0
-44.76985,28.002483,-150,0,0
-45.76985,28.002483,-150,0,0
-46.76985,28.002483,-150,0,0
-47.76985,28.002483,-150,0,0
-48.76985,28.002483,-150,0,0
-49.76985,28.002483,-150,0,0
49.23015,27.002483,-150,0,0
48.23015,27.002483,-150,0,0
47.23015,27.002483,-150,0,0
46.23015,27.002483,-150,0,0
45.23015,27.002483,-150,0,0
44.23015,27.002483,-150,0,0
43.23015,27.002483,-150,0,0
42.23015,27.002483,-150,0,0
41.23015,27.002483,-150,0,0
40.23015,27.002483,-150,0,0
39.23015,27.002483,-150,0,0
38.23015,27.002483,-150,0,0
37.23015,27.002483,-150,0,0
36.23015,27.002483,-150,0,0
35.23015,27.002483,-150,0,0
34.23015,27.002483,-150,0,0
33.23015,27.002483,-150,0,0
32.23015,27.002483,-150,0,0
31.230148,27.002483,-150,0,0
30.230148,27.002483,-150,0,0
29.230148,27.002483,-150,0,0
28.230148,27.002483,-150,0,0
27.230148,27.002483,-150,0,0
26.230148,27.002483,-150,0,0
25.230148,27.002483,-150,0,0
24.230148,27.002483,-150,0,0
23.230148,27.002483,-150,0,0
22.230148,27.002483,-150,0,0
21.230148,27.002483,-150,0,0
20.230148,27.002483,-150,0,0
19.230148,27.002483,-150,0,0
18.230148,27.002483,-150,0,0
17.230148,27.002483,-150,0,0
16.230148,27.002483,-150,0,0
15.230148,27.002483,-150,0,0
14.230148,27.002483,-150,0,0
13.230148,27.002483,-150,0,0
12.230148,27.002483,-150,0,0
11.230148,27.002483,-150,0,0
10.230148,27.002483,-150,0,0
9.230148,27.002483,-150,0,0
8.230148,27.002483,-150,0,0
7.2301483,27.002483,-150,0,0
6.2301483,27.002483,-150,0,0
5.2301483,27.002483,-150,0,0
4.2301483,27.002483,-150,0,0
3.2301483,27.002483,-150,0,0
2.2301483,27.002483,-150,0,0
1.2301483,27.002483,-150,0,0
0.23014832,27.002483,-150,0,0
-0.7698517,27.002483,-150,0,0
-1.7698517,27.002483,-150,0,0
-2.7698517,27.002483,-150,0,0
-3.7698517,27.002483,-150,0,0
-4.7698517,27.002483,-150,0,0
-5.7698517,27.002483,-150,0,0
-6.7698517,27.002483,-150,0,0
-7.7698517,27.002483,-150,0,0
-8.769852,27.002483,-150,0,0
-9.769852,27.002483,-150,0,0
-10.769852,27.002483,-150,0,0
-11.769852,27.002483,-150,0,0
-12.769852,27.002483,-150,0,0
-13.769852,27.002483,-150,0,0
-14.769852,27.002483,-150,0,0
-15.769852,27.002483,-150,0,0
-16.769852,27.002483,-150,0,0
-17.769852,27.002483,-150,0,0
-18.769852,27.002483,-150,0,0
-19.769852,27.002483,-150,0,0
-20.769852,27.002483,-150,0,0
-21.769852,27.002483,-150,0,0
-22.769852,27.002483,-150,0,0
-23.769852,27.002483,-150,0,0
-24.769852,27.002483,-150,0,0
-25.769852,27.002483,-150,0,0
-26.769852,27.002483,-150,0,0
-27.769852,27.002483,-150,0,0
-28.769852,27.002483,-150,0,0
-29.769852,27.002483,-150,0,0
-30.769852,27.002483,-150,0,0
-31.769852,27.002483,-150,0,0
-32.76985,27.002483,-150,0,0
-33.76985,27.002483,-150,0,0
-34.76985,27.002483,-150,0,0
-35.76985,27.002483,-150,0,0
-36.76985,27.002483,-150,0,0
-37.76985,27.002483,-150,0,0
-38.76985,27.002483,-150,0,0
-39.76985,27.002483,-150,0,0
-40.76985,27.002483,-150,0,0
-41.76985,27.002483,-150,0,0
-42.76985,27.002483,-150,0,0
-43.76985,27.002483,-150,0,0
-44.76985,27.002483,-150,0,0
-45.76985,27.002483,-150,0,0
-46.76985,27.002483,-150,0,0
-47.76985,27.002483,-150,0,0
-48.76985,27.002483,-150,0,0
-49.76985,27.002483,-150,0,0
49.23015,26.002483,-150,0,0
48.23015,26.002483,-150,0,0
47.23015,26.002483,-150,0,0
46.23015,26.002483,-150,0,0
45.23015,26.002483,-150,0,0
44.23015,26.002483,-150,0,0
43.23015,26.002483,-150,0,0
42.23015,26.002483,-150,0,0
41.23015,26.002483,-150,0,0
40.23015,26.002483,-150,0,0
39.23015,26.002483,-150,0,0
38.23015,26.002483,-150,0,0
37.23015,26.002483,-150,0,0
36.23015,26.002483,-150,0,0
35.23015,26.002483,-150,0,0
34.23015,26.002483,-150,0,0
33.23015,26.002483,-150,0,0
32.23015,26.002483,-150,0,0
31.230148,26.002483,-150,0,0
30.230148,26.002483,-150,0,0
29.230148,26.002483,-150,0,0
28.230148,26.002483,-150,0,0
27.230148,26.002483,-150,0,0
26.230148,26.002483,-150,0,0
25.230148,26.002483,-150,0,0
24.230148,26.002483,-150,0,0
23.230148,26.002483,-150,0,0
22.230148,26.002483,-150,0,0
21.230148,26.002483,-150,0,0
20.230148,26.002483,-150,0,0
19.230148,26.002483,-150,0,0
18.230148,26.002483,-150,0,0
17.230148,26.002483,-150,0,0
16.230148,26.002483,-150,0,0
15.230148,26.002483,-150,0,0
14.230148,26.002483,-150,0,0
13.230148,26.002483,-150,0,0
12.230148,26.002483,-150,0,0
11.230148,26.002483,-150,0,0
10.230148,26.002483,-150,0,0
9.230148,26.002483,-150,0,0
8.230148,26.002483,-150,0,0
7.2301483,26.002483,-150,0,0
6.2301483,26.002483,-150,0,0
5.2301483,26.002483,-150,0,0
4.2301483,26.002483,-150,0,0
3.2301483,26.002483,-150,0,0
2.2301483,26.002483,-150,0,0
1.2301483,26.002483,-150,0,0
0.23014832,26.002483,-150,0,0
-0.7698517,26.002483,-150,0,0
-1.7698517,26.002483,-150,0,0
-2.7698517,26.002483,-150,0,0
-3.7698517,26.002483,-150,0,0
-4.7698517,26.002483,-150,0,0
-5.7698517,26.002483,-150,0,0
-6.7698517,26.002483,-150,0,0
-7.7698517,26.002483,-150,0,0
-8.769852,26.002483,-150,0,0
-9.769852,26.002483,-150,0,0
-10.769852,26.002483,-150,0,0
-11.769852,26.002483,-150,0,0
-12.769852,26.002483,-150,0,0
-13.769852,26.002483,-150,0,0
-14.769852,26.002483,-150,0,0
-15.769852,26.002483,-150,0,0
-16.769852,26.002483,-150,0,0
-17.769852,26.002483,-150,0,0
-18.769852,26.002483,-150,0,0
-19.769852,26.002483,-150,0,0
-20.769852,26.002483,-150,0,0
-21.769852,26.002483,-150,0,0
-22.769852,26.002483,-150,0,0
-23.769852,26.002483,-150,0,0
-24.769852,26.002483,-150,0,0
-25.769852,26.002483,-150,0,0
-26.769852,26.002483,-150,0,0
-27.769852,26.002483,-150,0,0
-28.769852,26.002483,-150,0,0
-29.769852,26.002483,-150,0,0
-30.769852,26.002483,-150,0,0
-31.769852,26.002483,-150,0,0
-32.76985,26.002483,-150,0,0
-33.76985,26.002483,-150,0,0
-34.76985,26.002483,-150,0,0
-35.76985,26.002483,-150,0,0
-36.76985,26.002483,-150,0,0
-37.76985,26.002483,-150,0,0
-38.76985,26.002483,-150,0,0
-39.76985,26.002483,-150,0,0
-40.76985,26.002483,-150,0,0
-41.76985,26.002483,-150,0,0
-42.76985,26.002483,-150,0,0
-43.76985,26.002483,-150,0,0
-44.76985,26.002483,-150,0,0
-45.76985,26.002483,-150,0,0
-46.76985,26.002483,-150,0,0
-47.76985,26.002483,-150,0,0
-48.76985,26.002483,-150,0,0
-49.76985,26.002483,-150,0,0
49.23015,25.002483,-150,0,0
48.23015,25.002483,-150,0,0
47.23015,25.002483,-150,0,0
46.23015,25.002483,-150,0,0
45.23015,25.002483,-150,0,0
44.23015,25.002483,-150,0,0
43.23015,25.002483,-150,0,0
42.23015,25.002483,-150,0,0
41.23015,25.002483,-150,0,0
40.23015,25.002483,-150,0,0
39.23015,25.002483,-150,0,0
38.23015,25.002483,-150,0,0
37.23015,25.002483,-150,0,0
36.23015,25.002483,-150,0,0
35.23015,25.002483,-150,0,0
34.23015,25.002483,-150,0,0
33.23015,25.002483,-150,0,0
32.23015,25.002483,-150,0,0
31.230148,25.002483,-150,0,0
30.230148,25.002483,-150,0,0
29.230148,25.002483,-150,0,0
28.230148,25.002483,-150,0,0
27.230148,25.002483,-150,0,0
26.230148,25.002483,-150,0,0
25.230148,25.002483,-150,0,0
24.230148,25.002483,-150,0,0
23.230148,25.002483,-150,0,0
22.230148,25.002483,-150,0,0
21.230148,25.002483,-150,0,0
20.230148,25.002483,-150,0,0
19.230148,25.002483,-150,0,0
18.230148,25.002483,-150,0,0
17.230148,25.002483,-150,0,0
16.230148,25.002483,-150,0,0
15.230148,25.002483,-150,0,0
14.230148,25.002483,-150,0,0
13.230148,25.002483,-150,0,0
12.230148,25.002483,-150,0,0
11.230148,25.002483,-150,0,0
10.230148,25.002483,-150,0,0
9.230148,25.002483,-150,0,0
8.230148,25.002483,-150,0,0
7.2301483,25.002483,-150,0,0
6.2301483,25.002483,-150,0,0
5.2301483,25.002483,-150,0,0
4.2301483,25.002483,-150,0,0
3.2301483,25.002483,-150,0,0
2.2301483,25.002483,-150,0,0
1.2301483,25.002483,-150,0,0
0.23014832,25.002483,-150,0,0
-0.7698517,25.002483,-150,0,0
-1.7698517,25.002483,-150,0,0
-2.7698517,25.002483,-150,0,0
-3.7698517,25.002483,-150,0,0
-4.7698517,25.002483,-150,0,0
-5.7698517,25.002483,-150,0,0
-6.7698517,25.002483,-150,0,0
-7.7698517,25.002483,-150,0,0
-8.769852,25.002483,-150,0,0
-9.769852,25.002483,-150,0,0
-10.769852,25.002483,-150,0,0
-11.769852,25.002483,-150,0,0
-12.769852,25.002483,-150,0,0
-13.769852,25.002483,-150,0,0
-14.769852,25.002483,-150,0,0
-15.769852,25.002483,-150,0,0
-16.769852,25.002483,-150,0,0
-17.769852,25.002483,-150,0,0
-18.769852,25.002483,-150,0,0
-19.769852,25.002483,-150,0,0
-20.769852,25.002483,-150,0,0
-21.769852,25.002483,-150,0,0
-22.769852,25.002483,-150,0,0
-23.769852,25.002483,-150,0,0
-24.769852,25.002483,-150,0,0
-25.769852,25.002483,-150,0,0
-26.769852,25.002483,-150,0,0
-27.769852,25.002483,-150,0,0
-28.769852,25.002483,-150,0,0
-29.769852,25.002483,-150,0,0
-30.769852,25.002483,-150,0,0
-31.769852,25.002483,-150,0,0
-32.76985,25.002483,-150,0,0
-33.76985,25.002483,-150,0,0
-34.76985,25.002483,-150,0,0
-35.76985,25.002483,-150,0,0
-36.76985,25.002483,-150,0,0
-37.76985,25.002483,-150,0,0
-38.76985,25.002483,-150,0,0
-39.76985,25.002483,-150,0,0
-40.76985,25.002483,-150,0,0
-41.76985,25.002483,-150,0,0
-42.76985,25.002483,-150,0,0
-43.76985,25.002483,-150,0,0
-44.76985,25.002483,-150,0,0
-45.76985,25.002483,-150,0,0
-46.76985,25.002483,-150,0,0
-47.76985,25.002483,-150,0,0
-48.76985,25.002483,-150,0,0
-49.76985,25.002483,-150,0,0
49.23015,24.002483,-150,0,0
48.23015,24.002483,-150,0,0
47.23015,24.002483,-150,0,0
46.23015,24.002483,-150,0,0
45.23015,24.002483,-150,0,0
44.23015,24.002483,-150,0,0
43.23015,24.002483,-150,0,0
42.23015,24.002483,-150,0,0
41.23015,24.002483,-150,0,0
40.23015,24.002483,-150,0,0
39.23015,24.002483,-150,0,0
38.23015,24.002483,-150,0,0
37.23015,24.002483,-150,0,0
36.23015,24.002483,-150,0,0
35.23015,24.002483,-150,0,0
34.23015,24.002483,-150,0,0
33.23015,24.002483,-150,0,0
32.23015,24.002483,-150,0,0
31.230148,24.002483,-150,0,0
30.230148,24.002483,-150,0,0
29.230148,24.002483,-150,0,0
28.230148,24.002483,-150,0,0
27.230148,24.002483,-150,0,0
26.230148,24.002483,-150,0,0
25.230148,24.002483,-150,0,0
24.230148,24.002483,-150,0,0
23.230148,24.002483,-150,0,0
22.230148,24.002483,-150,0,0
21.230148,24.002483,-150,0,0
20.230148,24.002483,-150,0,0
19.230148,24.002483,-150,0,0
18.230148,24.002483,-150,0,0
17.230148,24.002483,-150,0,0
16.230148,24.002483,-150,0,0
15.230148,24.002483,-150,0,0
14.230148,24.002483,-150,0,0
13.230148,24.002483,-150,0,0
12.230148,24.002483,-150,0,0
11.230148,24.002483,-150,0,0
10.230148,24.002483,-150,0,0
9.230148,24.002483,-150,0,0
8.230148,24.002483,-150,0,0
7.2301483,24.002483,-150,0,0
6.2301483,24.002483,-150,0,0
5.2301483,24.002483,-150,0,0
4.2301483,24.002483,-150,0,0
3.2301483,24.002483,-150,0,0
2.2301483,24.002483,-150,0,0
1.2301483,24.002483,-150,0,0
0.23014832,24.002483,-150,0,0
-0.7698517,24.002483,-150,0,0
-1.7698517,24.002483,-150,0,0
-2.7698517,24.002483,-150,0,0
-3.7698517,24.002483,-150,0,0
-4.7698517,24.002483,-150,0,0
-5.7698517,24.002483,-150,0,0
-6.7698517,24.002483,-150,0,0
-7.7698517,24.002483,-150,0,0
-8.769852,24.002483,-150,0,0
-9.769852,24.002483,-150,0,0
-10.769852,24.002483,-150,0,0
-11.769852,24.002483,-150,0,0
-12.769852,24.002483,-150,0,0
-13.769852,24.002483,-150,0,0
-14.769852,24.002483,-150,0,0
-15.769852,24.002483,-150,0,0
-16.769852,24.002483,-150,0,0
-17.769852,24.002483,-150,0,0
-18.769852,24.002483,-150,0,0
-19.769852,24.002483,-150,0,0
-20.769852,24.002483,-150,0,0
-21.769852,24.002483,-150,0,0
-22.769852,24.002483,-150,0,0
-23.769852,24.002483,-150,0,0
-24.769852,24.002483,-150,0,0
-25.769852,24.002483,-150,0,0
-26.769852,24.002483,-150,0,0
-27.769852,24.002483,-150,0,0
-28.769852,24.002483,-150,0,0
-29.769852,24.002483,-150,0,0
-30.769852,24.002483,-150,0,0
-31.769852,24.002483,-150,0,0
-32.76985,24.002483,-150,0,0
-33.76985,24.002483,-150,0,0
-34.76985,24.002483,-150,0,0
-35.76985,24.002483,-150,0,0
-36.76985,24.002483,-150,0,0
-37.76985,24.002483,-150,0,0
-38.76985,24.002483,-150,0,0
-39.76985,24.002483,-150,0,0
-40.76985,24.002483,-150,0,0
-41.76985,24.002483,-150,0,0
-42.76985,24.002483,-150,0,0
-43.76985,24.002483,-150,0,0
-44.76985,24.002483,-150,0,0
-45.76985,24.002483,-150,0,0
-46.76985,24.002483,-150,0,0
-47.76985,24.002483,-150,0,0
-48.76985,24.002483,-150,0,0
-49.76985,24.002483,-150,0,0
49.23015,23.002483,-150,0,0
48.23015,23.002483,-150,0,0
47.23015,23.002483,-150,0,0
46.23015,23.002483,-150,0,0
45.23015,23.002483,-150,0,0
44.23015,23.002483,-150,0,0
43.23015,23.002483,-150,0,0
42.23015,23.002483,-150,0,0
41.23015,23.002483,-150,0,0
40.23015,23.002483,-150,0,0
39.23015,23.002483,-150,0,0
38.23015,23.002483,-150,0,0
37.23015,23.002483,-150,0,0
36.23015,23.002483,-150,0,0
35.23015,23.002483,-150,0,0
34.23015,23.002483,-150,0,0
33.23015,23.002483,-150,0,0
32.23015,23.002483,-150,0,0
31.230148,23.002483,-150,0,0
30.230148,23.002483,-150,0,0
29.230148,23.002483,-150,0,0
28.230148,23.002483,-150,0,0
27.230148,23.002483,-150,0,0
26.230148,23.002483,-150,0,0
25.230148,23.002483,-150,0,0
24.230148,23.002483,-150,0,0
23.230148,23.002483,-150,0,0
22.230148,23.002483,-150,0,0
21.230148,23.002483,-150,0,0
20.230148,23.002483,-150,0,0
19.230148,23.002483,-150,0,0
18.230148,23.002483,-150,0,0
17.230148,23.002483,-150,0,0
16.230148,23.002483,-150,0,0
15.230148,23.002483,-150,0,0
14.230148,23.002483,-150,0,0
13.230148,23.002483,-150,0,0
12.230148,23.002483,-150,0,0
11.230148,23.002483,-150,0,0
10.230148,23.002483,-150,0,0
9.230148,23.002483,-150,0,0
8.230148,23.002483,-150,0,0
7.2301483,23.002483,-150,0,0
6.2301483,23.002483,-150,0,0
5.2301483,23.002483,-150,0,0
4.2301483,23.002483,-150,0,0
3.2301483,23.002483,-150,0,0
2.2301483,23.002483,-150,0,0
1.2301483,23.002483,-150,0,0
0.23014832,23.002483,-150,0,0
-0.7698517,23.002483,-150,0,0
-1.7698517,23.002483,-150,0,0
-2.7698517,23.002483,-150,0,0
-3.7698517,23.002483,-150,0,0
-4.7698517,23.002483,-150,0,0
-5.7698517,23.002483,-150,0,0
-6.7698517,23.002483,-150,0,0
-7.7698517,23.002483,-150,0,0
-8.769852,23.002483,-150,0,0
-9.769852,23.002483,-150,0,0
-10.769852,23.002483,-150,0,0
-11.769852,23.002483,-150,0,0
-12.769852,23.002483,-150,0,0
-13.769852,23.002483,-150,0,0
-14.769852,23.002483,-150,0,0
-15.769852,23.002483,-150,0,0
-16.769852,23.002483,-150,0,0
-17.769852,23.002483,-150,0,0
-18.769852,23.002483,-150,0,0
-19.769852,23.002483,-150,0,0
-20.769852,23.002483,-150,0,0
-21.769852,23.002483,-150,0,0
-22.769852,23.002483,-150,0,0
-23.769852,23.002483,-150,0,0
-24.769852,23.002483,-150,0,0
-25.769852,23.002483,-150,0,0
-26.769852,23.002483,-150,0,0
-27.769852,23.002483,-150,0,0
-28.769852,23.002483,-150,0,0
-29.769852,23.002483,-150,0,0
-30.769852,23.002483,-150,0,0
-31.769852,23.002483,-150,0,0
-32.76985,23.002483,-150,0,0
-33.76985,23.002483,-150,0,0
-34.76985,23.002483,-150,0,0
-35.76985,23.002483,-150,0,0
-36.76985,23.002483,-150,0,0
-37.76985,23.002483,-150,0,0
-38.76985,23.002483,-150,0,0
-39.76985,23.002483,-150,0,0
-40.76985,23.002483,-150,0,0
-41.76985,23.002483,-150,0,0
-42.76985,23.002483,-150,0,0
-43.76985,23.002483,-150,0,0
-44.76985,23.002483,-150,0,0
-45.76985,23.002483,-150,0,0
-46.76985,23.002483,-150,0,0
-47.76985,23.002483,-150,0,0
-48.76985,23.002483,-150,0,0
-49.76985,23.002483,-150,0,0
49.23015,22.002483,-150,0,0
48.23015,22.002483,-150,0,0
47.23015,22.002483,-150,0,0
46.23015,22.002483,-150,0,0
45.23015,22.002483,-150,0,0
44.23015,22.002483,-150,0,0
43.23015,22.002483,-150,0,0
42.23015,22.002483,-150,0,0
41.23015,22.002483,-150,0,0
40.23015,22.002483,-150,0,0
39.23015,22.002483,-150,0,0
38.23015,22.002483,-150,0,0
37.23015,22.002483,-150,0,0
36.23015,22.002483,-150,0,0
35.23015,22.002483,-150,0,0
34.23015,22.002483,-150,0,0
33.23015,22.002483,-150,0,0
32.23015,22.002483,-150,0,0
31.230148,22.002483,-150,0,0
30.230148,22.002483,-150,0,0
29.230148,22.002483,-150,0,0
28.230148,22.002483,-150,0,0
27.230148,22.002483,-150,0,0
26.230148,22.002483,-150,0,0
25.230148,22.002483,-150,0,0
24.230148,22.002483,-150,0,0
23.230148,22.002483,-150,0,0
22.230148,22.002483,-150,0,0
21.230148,22.002483,-150,0,0
20.230148,22.002483,-150,0,0
19.230148,22.002483,-150,0,0
18.230148,22.002483,-150,0,0
17.230148,22.002483,-150,0,0
16.230148,22.002483,-150,0,0
15.230148,22.002483,-150,0,0
14.230148,22.002483,-150,0,0
13.230148,22.002483,-150,0,0
12.230148,22.002483,-150,0,0
11.230148,22.002483,-150,0,0
10.230148,22.002483,-150,0,0
9.230148,22.002483,-150,0,0
8.230148,22.002483,-150,0,0
7.2301483,22.002483,-150,0,0
6.2301483,22.002483,-150,0,0
5.2301483,22.002483,-150,0,0
4.2301483,22.002483,-150,0,0
3.2301483,22.002483,-150,0,7.999998
2.2301483,22.002483,-150,0,3.999999
1.2301483,22.002483,-150,0,11.999997
0.23014832,22.002483,-150,0,27.999996
-0.7698517,22.002483,-150,0,43.999996
-1.7698517,22.002483,-150,0,43.999996
-2.7698517,22.002483,-150,0,23.999996
-3.7698517,22.002483,-150,0,47.999996
-4.7698517,22.002483,-150,0,19.999996
-5.7698517,22.002483,-150,0,11.999997
-6.7698517,22.002483,-150,0,0
-7.7698517,22.002483,-150,0,0
-8.769852,22.002483,-150,0,0
-9.769852,22.002483,-150,0,0
-10.769852,22.002483,-150,0,0
-11.769852,22.002483,-150,0,0
-12.769852,22.002483,-150,0,0
-13.769852,22.002483,-150,0,0
-14.769852,22.002483,-150,0,0
-15.769852,22.002483,-150,0,0
-16.769852,22.002483,-150,0,0
-17.769852,22.002483,-150,0,0
-18.769852,22.002483,-150,0,0
-19.769852,22.002483,-150,0,0
-20.769852,22.002483,-150,0,0
-21.769852,22.002483,-150,0,0
-22.769852,22.002483,-150,0,0
-23.769852,22.002483,-150,0,0
-24.769852,22.002483,-150,0,0
-25.769852,22.002483,-150,0,0
-26.769852,22.002483,-150,0,0
-27.769852,22.002483,-150,0,0
-28.769852,22.002483,-150,0,0
-29.769852,22.002483,-150,0,0
-30.769852,22.002483,-150,0,0
-31.769852,22.002483,-150,0,0
-32.76985,22.002483,-150,0,0
-33.76985,22.002483,-150,0,0
-34.76985,22.002483,-150,0,0
-35.76985,22.002483,-150,0,0
-36.76985,22.002483,-150,0,0
-37.76985,22.002483,-150,0,0
-38.76985,22.002483,-150,0,0
-39.76985,22.002483,-150,0,0
-40.76985,22.002483,-150,0,0
-41.76985,22.002483,-150,0,0
-42.76985,22.002483,-150,0,0
-43.76985,22.002483,-150,0,0
-44.76985,22.002483,-150,0,0
-45.76985,22.002483,-150,0,0
-46.76985,22.002483,-150,0,0
-47.76985,22.002483,-150,0,0
-48.76985,22.002483,-150,0,0
-49.76985,22.002483,-150,0,0
49.23015,21.002483,-150,0,0
48.23015,21.002483,-150,0,0
47.23015,21.002483,-150,0,0
46.23015,21.002483,-150,0,0
45.23015,21.002483,-150,0,0
44.23015,21.002483,-150,0,0
43.23015,21.002483,-150,0,0
42.23015,21.002483,-150,0,0
41.23015,21.002483,-150,0,0
40.23015,21.002483,-150,0,0
39.23015,21.002483,-150,0,0
38.23015,21.002483,-150,0,0
37.23015,21.002483,-150,0,0
36.23015,21.002483,-150,0,0
35.23015,21.002483,-150,0,0
34.23015,21.002483,-150,0,0
33.23015,21.002483,-150,0,0
32.23015,21.002483,-150,0,0
31.230148,21.002483,-150,0,0
30.230148,21.002483,-150,0,0
29.230148,21.002483,-150,0,0
28.230148,21.002483,-150,0,0
27.230148,21.002483,-150,0,0
26.230148,21.002483,-150,0,0
25.230148,21.002483,-150,0,0
24.230148,21.002483,-150,0,0
23.230148,21.002483,-150,0,0
22.230148,21.002483,-150,0,0
21.230148,21.002483,-150,0,0
20.230148,21.002483,-150,0,0
19.230148,21.002483,-150,0,0
18.230148,21.002483,-150,0,0
17.230148,21.002483,-150,0,0
16.230148,21.002483,-150,0,0
15.230148,21.002483,-150,0,0
14.230148,21.002483,-150,0,0
13.230148,21.002483,-150,0,0
12.230148,21.002483,-150,0,0
11.230148,21.002483,-150,0,0
10.230148,21.002483,-150,0,0
9.230148,21.002483,-150,0,0
8.230148,21.002483,-150,0,0
7.2301483,21.002483,-150,0,0
6.2301483,21.002483,-150,0,0
5.2301483,21.002483,-150,0,11.999997
4.2301483,21.002483,-150,0,19.999996
3.2301483,21.002483,-150,0,59.999996
2.2301483,21.002483,-150,Infinity,43.999996
1.2301483,21.002483,-150,0.5446027,59.999996
0.23014832,21.002483,-150,0.38986742,55.999996
-0.7698517,21.002483,-150,0.3573618,63.999996
-1.7698517,21.002483,-150,0.40034574,55.999996
-2.7698517,21.002483,-150,0.40685827,43.999996
-3.7698517,21.002483,-150,0.3540707,83.99999
-4.7698517,21.002483,-150,0.3475386,75.99999
-5.7698517,21.002483,-150,0,83.99999
-6.7698517,21.002483,-150,0,47.999996
-7.7698517,21.002483,-150,0,35.999996
-8.769852,21.002483,-150,0,0
-9.769852,21.002483,-150,0,0
-10.769852,21.002483,-150,0,0
-11.769852,21.002483,-150,0,0
-12.769852,21.002483,-150,0,0
-13.769852,21.002483,-150,0,0
-14.769852,21.002483,-150,0,0
-15.769852,21.002483,-150,0,0
-16.769852,21.002483,-150,0,0
-17.769852,21.002483,-150,0,0
-18.769852,21.002483,-150,0,0
-19.769852,21.002483,-150,0,0
-20.769852,21.002483,-150,0,0
-21.769852,21.002483,-150,0,0
-22.769852,21.002483,-150,0,0
-23.769852,21.002483,-150,0,0
-24.769852,21.002483,-150,0,0
-25.769852,21.002483,-150,0,0
-26.769852,21.002483,-150,0,0
-27.769852,21.002483,-150,0,0
-28.769852,21.002483,-150,0,0
-29.769852,21.002483,-150,0,0
-30.769852,21.002483,-150,0,0
-31.769852,21.002483,-150,0,0
-32.76985,21.002483,-150,0,0
-33.76985,21.002483,-150,0,0
-34.76985,21.002483,-150,0,0
-35.76985,21.002483,-150,0,0
-36.76985,21.002483,-150,0,0
-37.76985,21.002483,-150,0,0
-38.76985,21.002483,-150,0,0
-39.76985,21.002483,-150,0,0
-40.76985,21.002483,-150,0,0
-41.76985,21.002483,-150,0,0
-42.76985,21.002483,-150,0,0
-43.76985,21.002483,-150,0,0
-44.76985,21.002483,-150,0,0
-45.76985,21.002483,-150,0,0
-46.76985,21.002483,-150,0,0
-47.76985,21.002483,-150,0,0
-48.76985,21.002483,-150,0,0
-49.76985,21.002483,-150,0,0
49.23015,20.002483,-150,0,0
48.23015,20.002483,-150,0,0
47.23015,20.002483,-150,0,0
46.23015,20.002483,-150,0,0
45.23015,20.002483,-150,0,0
44.23015,20.002483,-150,0,0
43.23015,20.002483,-150,0,0
42.23015,20.002483,-150,0,0
41.23015,20.002483,-150,0,0
40.23015,20.002483,-150,0,0
39.23015,20.002483,-150,0,0
38.23015,20.002483,-150,0,0
37.23015,20.002483,-150,0,0
36.23015,20.002483,-150,0,0
35.23015,20.002483,-150,0,0
34.23015,20.002483,-150,0,0
33.23015,20.002483,-150,0,0
32.23015,20.002483,-150,0,0
31.230148,20.002483,-150,0,0
30.230148,20.002483,-150,0,0
29.230148,20.002483,-150,0,0
28.230148,20.002483,-150,0,0
27.230148,20.002483,-150,0,0
26.230148,20.002483,-150,0,0
25.230148,20.002483,-150,0,0
24.230148,20.002483,-150,0,0
23.230148,20.002483,-150,0,0
22.230148,20.002483,-150,0,0
21.230148,20.002483,-150,0,0
20.230148,20.002483,-150,0,0
19.230148,20.002483,-150,0,0
18.230148,20.002483,-150,0,0
17.230148,20.002483,-150,0,0
16.230148,20.002483,-150,0,0
15.230148,20.002483,-150,0,0
14.230148,20.002483,-150,0,0
13.230148,20.002483,-150,0,0
12.230148,20.002483,-150,0,0
11.230148,20.002483,-150,0,0
10.230148,20.002483,-150,0,0
9.230148,20.002483,-150,0,0
8.230148,20.002483,-150,0,0
7.2301483,20.002483,-150,0,15.999996
6.2301483,20.002483,-150,0,27.999996
5.2301483,20.002483,-150,0,59.999996
4.2301483,20.002483,-150,0.4654435,55.999996
3.2301483,20.002483,-150,0.5580518,31.999996
2.2301483,20.002483,-150,0.6544803,27.999996
1.2301483,20.002483,-150,0.6282924,63.999996
0.23014832,20.002483,-150,0.44910055,39.999996
-0.7698517,20.002483,-150,0.32211965,31.999996
-1.7698517,20.002483,-150,0.3308951,79.99999
-2.7698517,20.002483,-150,0.28266189,51.999996
-3.7698517,20.002483,-150,0.1540994,83.99999
-4.7698517,20.002483,-150,0.11281496,39.999996
-5.7698517,20.002483,-150,0.233111,59.999996
-6.7698517,20.002483,-150,0.4228988,59.999996
-7.7698517,20.002483,-150,0,63.999996
-8.769852,20.002483,-150,0,51.999996
-9.769852,20.002483,-150,0,19.999996
-10.769852,20.002483,-150,0,3.999999
-11.769852,20.002483,-150,0,0
-12.769852,20.002483,-150,0,0
-13.769852,20.002483,-150,0,0
-14.769852,20.002483,-150,0,0
-15.769852,20.002483,-150,0,0
-16.769852,20.002483,-150,0,0
-17.769852,20.002483,-150,0,0
-18.769852,20.002483,-150,0,0
-19.769852,20.002483,-150,0,0
-20.769852,20.002483,-150,0,0
-21.769852,20.002483,-150,0,0
-22.769852,20.002483,-150,0,0
-23.769852,20.002483,-150,0,0
-24.769852,20.002483,-150,0,0
-25.769852,20.002483,-150,0,0
-26.769852,20.002483,-150,0,0
-27.769852,20.002483,-150,0,0
-28.769852,20.002483,-150,0,0
-29.769852,20.002483,-150,0,0
-30.769852,20.002483,-150,0,0
-31.769852,20.002483,-150,0,0
-32.76985,20.002483,-150,0,0
-33.76985,20.002483,-150,0,0
-34.76985,20.002483,-150,0,0
-35.76985,20.002483,-150,0,0
-36.76985,20.002483,-150,0,0
-37.76985,20.002483,-150,0,0
-38.76985,20.002483,-150,0,0
-39.76985,20.002483,-150,0,0
-40.76985,20.002483,-150,0,0
-41.76985,20.002483,-150,0,0
-42.76985,20.002483,-150,0,0
-43.76985,20.002483,-150,0,0
-44.76985,20.002483,-150,0,0
-45.76985,20.002483,-150,0,0
-46.76985,20.002483,-150,0,0
-47.76985,20.002483,-150,0,0
-48.76985,20.002483,-150,0,0
-49.76985,20.002483,-150,0,0
49.23015,19.002483,-150,0,0
48.23015,19.002483,-150,0,0
47.23015,19.002483,-150,0,0
46.23015,19.002483,-150,0,0
45.23015,19.002483,-150,0,0
44.23015,19.002483,-150,0,0
43.23015,19.002483,-150,0,0
42.23015,19.002483,-150,0,0
41.23015,19.002483,-150,0,0
40.23015,19.002483,-150,0,0
39.23015,19.002483,-150,0,0
38.23015,19.002483,-150,0,0
37.23015,19.002483,-150,0,0
36.23015,19.002483,-150,0,0
35.23015,19.002483,-150,0,0
34.23015,19.002483,-150,0,0
33.23015,19.002483,-150,0,0
32.23015,19.002483,-150,0,0
31.230148,19.002483,-150,0,0
30.230148,19.002483,-150,0,0
29.230148,19.002483,-150,0,0
28.230148,19.002483,-150,0,0
27.230148,19.002483,-150,0,0
26.230148,19.002483,-150,0,0
25.230148,19.002483,-150,0,0
24.230148,19.002483,-150,0,0
23.230148,19.002483,-150,0,0
22.230148,19.002483,-150,0,0
21.230148,19.002483,-150,0,0
20.230148,19.002483,-150,0,0
19.230148,19.002483,-150,0,0
18.230148,19.002483,-150,0,0
17.230148,19.002483,-150,0,0
16.230148,19.002483,-150,0,0
15.230148,19.002483,-150,0,0
14.230148,19.002483,-150,0,0
13.230148,19.002483,-150,0,0
12.230148,19.002483,-150,0,0
11.230148,19.002483,-150,0,0
10.230148,19.002483,-150,0,0
9.230148,19.002483,-150,0,3.999999
8.230148,19.002483,-150,0,27.999996
7.2301483,19.002483,-150,0,63.999996
6.2301483,19.002483,-150,0.48060125,43.999996
5.2301483,19.002483,-150,0.42760286,31.999996
4.2301483,19.002483,-150,0.42417228,43.999996
3.2301483,19.002483,-150,0.52372456,35.999996
2.2301483,19.002483,-150,0.66523534,47.999996
1.2301483,19.002483,-150,0.66057336,59.999996
0.23014832,19.002483,-150,0.469057,27.999996
-0.7698517,19.002483,-150,0.32336146,31.999996
-1.7698517,19.002483,-150,0.30031362,59.999996
-2.7698517,19.002483,-150,0.25683457,71.99999
-3.7698517,19.002483,-150,0.11381889,55.999996
-4.7698517,19.002483,-150,0.0472287,35.999996
-5.7698517,19.002483,-150,0.13788152,75.99999
-6.7698517,19.002483,-150,0.30098516,47.999996
-7.7698517,19.002483,-150,0.45443046,67.99999
-8.769852,19.002483,-150,Infinity,55.999996
-9.769852,19.002483,-150,Infinity,63.999996
-10.769852,19.002483,-150,0,23.999996
-11.769852,19.002483,-150,0,3.999999
-12.769852,19.002483,-150,0,0
-13.769852,19.002483,-150,0,0
-14.769852,19.002483,-150,0,0
-15.769852,19.002483,-150,0,0
-16.769852,19.002483,-150,0,0
-17.769852,19.002483,-150,0,0
-18.769852,19.002483,-150,0,0
-19.769852,19.002483,-150,0,0
-20.769852,19.002483,-150,0,0
-21.769852,19.002483,-150,0,0
-22.769852,19.002483,-150,0,0
-23.769852,19.002483,-150,0,0
-24.769852,19.002483,-150,0,0
-25.769852,19.002483,-150,0,0
-26.769852,19.002483,-150,0,0
-27.769852,19.002483,-150,0,0
-28.769852,19.002483,-150,0,0
-29.769852,19.002483,-150,0,0
-30.769852,19.002483,-150,0,0
-31.769852,19.002483,-150,0,0
-32.76985,19.002483,-150,0,0
-33.76985,19.002483,-150,0,0
-34.76985,19.002483,-150,0,0
-35.76985,19.002483,-150,0,0
-36.76985,19.002483,-150,0,0
-37.76985,19.002483,-150,0,0
-38.76985,19.002483,-150,0,0
-39.76985,19.002483,-150,0,0
-40.76985,19.002483,-150,0,0
-41.76985,19.002483,-150,0,0
-42.76985,19.002483,-150,0,0
-43.76985,19.002483,-150,0,0
-44.76985,19.002483,-150,0,0
-45.76985,19.002483,-150,0,0
-46.76985,19.002483,-150,0,0
-47.76985,19.002483,-150,0,0
-48.76985,19.002483,-150,0,0
-49.76985,19.002483,-150,0,0
49.23015,18.002483,-150,0,0
48.23015,18.002483,-150,0,0
47.23015,18.002483,-150,0,0
46.23015,18.002483,-150,0,0
45.23015,18.002483,-150,0,0
44.23015,18.002483,-150,0,0
43.23015,18.002483,-150,0,0
42.23015,18.002483,-150,0,0
41.23015,18.002483,-150,0,0
40.23015,18.002483,-150,0,0
39.23015,18.002483,-150,0,0
38.23015,18.002483,-150,0,0
37.23015,18.002483,-150,0,0
36.23015,18.002483,-150,0,0
35.23015,18.002483,-150,0,0
34.23015,18.002483,-150,0,0
33.23015,18.002483,-150,0,0
32.23015,18.002483,-150,0,0
31.230148,18.002483,-150,0,0
30.230148,18.002483,-150,0,0
29.230148,18.002483,-150,0,0
28.230148,18.002483,-150,0,0
27.230148,18.002483,-150,0,0
26.230148,18.002483,-150,0,0
25.230148,18.002483,-150,0,0
24.230148,18.002483,-150,0,0
23.230148,18.002483,-150,0,0
22.230148,18.002483,-150,0,0
21.230148,18.002483,-150,0,0
20.230148,18.002483,-150,0,0
19.230148,18.002483,-150,0,0
18.230148,18.002483,-150,0,0
17.230148,18.002483,-150,0,0
16.230148,18.002483,-150,0,0
15.230148,18.002483,-150,0,0
14.230148,18.002483,-150,0,0
13.230148,18.002483,-150,0,0
12.230148,18.002483,-150,0,0
11.230148,18.002483,-150,0,7.999998
10.230148,18.002483,-150,0,7.999998
9.230148,18.002483,-150,0,19.999996
8.230148,18.002483,-150,0.42935902,47.999996
7.2301483,18.002483,-150,0.5699176,59.999996
6.2301483,18.002483,-150,0.4681546,43.999996
5.2301483,18.002483,-150,0.2537822,31.999996
4.2301483,18.002483,-150,0.22520086,39.999996
3.2301483,18.002483,-150,0.44691628,51.999996
2.2301483,18.002483,-150,0.6807442,39.999996
1.2301483,18.002483,-150,0.66888493,51.999996
0.23014832,18.002483,-150,0.5082382,59.999996
-0.7698517,18.002483,-150,0.35744014,47.999996
-1.7698517,18.002483,-150,0.30931,55.999996
-2.7698517,18.002483,-150,0.3138535,47.999996
-3.7698517,18.002483,-150,0.26254314,55.999996
-4.7698517,18.002483,-150,0.19311392,67.99999
-5.7698517,18.002483,-150,0.14176439,35.999996
-6.7698517,18.002483,-150,0.18898207,51.999996
-7.7698517,18.002483,-150,0.2766304,43.999996
-8.769852,18.002483,-150,0.3674225,71.99999
-9.769852,18.002483,-150,0.42852104,31.999996
-10.769852,18.002483,-150,0.444605,51.999996
-11.769852,18.002483,-150,0,47.999996
-12.769852,18.002483,-150,0,3.999999
-13.769852,18.002483,-150,0,0
-14.769852,18.002483,-150,0,0
-15.769852,18.002483,-150,0,0
-16.769852,18.002483,-150,0,0
-17.769852,18.002483,-150,0,0
-18.769852,18.002483,-150,0,0
-19.769852,18.002483,-150,0,0
-20.769852,18.002483,-150,0,0
-21.769852,18.002483,-150,0,0
-22.769852,18.002483,-150,0,0
-23.769852,18.002483,-150,0,0
-24.769852,18.002483,-150,0,0
-25.769852,18.002483,-150,0,0
-26.769852,18.002483,-150,0,0
-27.769852,18.002483,-150,0,0
-28.769852,18.002483,-150,0,0
-29.769852,18.002483,-150,0,0
-30.769852,18.002483,-150,0,0
-31.769852,18.002483,-150,0,0
-32.76985,18.002483,-150,0,0
-33.76985,18.002483,-150,0,0
-34.76985,18.002483,-150,0,0
-35.76985,18.002483,-150,0,0
-36.76985,18.002483,-150,0,0
-37.76985,18.002483,-150,0,0
-38.76985,18.002483,-150,0,0
-39.76985,18.002483,-150,0,0
-40.76985,18.002483,-150,0,0
-41.76985,18.002483,-150,0,0
-42.76985,18.002483,-150,0,0
-43.76985,18.002483,-150,0,0
-44.76985,18.002483,-150,0,0
-45.76985,18.002483,-150,0,0
-46.76985,18.002483,-150,0,0
-47.76985,18.002483,-150,0,0
-48.76985,18.002483,-150,0,0
-49.76985,18.002483,-150,0,0
49.23015,17.002483,-150,0,0
48.23015,17.002483,-150,0,0
47.23015,17.002483,-150,0,0
46.23015,17.002483,-150,0,0
45.23015,17.002483,-150,0,0
44.23015,17.002483,-150,0,0
43.23015,17.002483,-150,0,0
42.23015,17.002483,-150,0,0
41.23015,17.002483,-150,0,0
40.23015,17.002483,-150,0,0
39.23015,17.002483,-150,0,0
38.23015,17.002483,-150,0,0
37.23015,17.002483,-150,0,0
36.23015,17.002483,-150,0,0
35.23015,17.002483,-150,0,0
34.23015,17.002483,-150,0,0
33.23015,17.002483,-150,0,0
32.23015,17.002483,-150,0,0
31.230148,17.002483,-150,0,0
30.230148,17.002483,-150,0,0
29.230148,17.002483,-150,0,0
28.230148,17.002483,-150,0,0
27.230148,17.002483,-150,0,0
26.230148,17.002483,-150,0,0
25.230148,17.002483,-150,0,0
24.230148,17.002483,-150,0,0
23.230148,17.002483,-150,0,0
22.230148,17.002483,-150,0,0
21.230148,17.002483,-150,0,0
20.230148,17.002483,-150,0,0
19.230148,17.002483,-150,0,0
18.230148,17.002483,-150,0,0
17.230148,17.002483,-150,0,0
16.230148,17.002483,-150,0,0
15.230148,17.002483,-150,0,0
14.230148,17.002483,-150,0,0
13.230148,17.002483,-150,0,0
12.230148,17.002483,-150,0,0
11.230148,17.002483,-150,0,27.999996
10.230148,17.002483,-150,Infinity,43.999996
9.230148,17.002483,-150,0.24610619,43.999996
8.230148,17.002483,-150,0.3663175,35.999996
7.2301483,17.002483,-150,0.38026136,31.999996
6.2301483,17.002483,-150,0.24169225,31.999996
5.2301483,17.002483,-150,0.07150302,43.999996
4.2301483,17.002483,-150,0.059617147,23.999996
3.2301483,17.002483,-150,0.3163026,71.99999
2.2301483,17.002483,-150,0.53978246,79.99999
1.2301483,17.002483,-150,0.5597819,47.999996
0.23014832,17.002483,-150,0.46640825,31.999996
-0.7698517,17.002483,-150,0.38391563,39.999996
-1.7698517,17.002483,-150,0.37865645,51.999996
-2.7698517,17.002483,-150,0.4326091,67.99999
-3.7698517,17.002483,-150,0.4170974,83.99999
-4.7698517,17.002483,-150,0.33352152,39.999996
-5.7698517,17.002483,-150,0.2298261,35.999996
-6.7698517,17.002483,-150,0.14983618,31.999996
-7.7698517,17.002483,-150,0.16047457,47.999996
-8.769852,17.002483,-150,0.2872676,47.999996
-9.769852,17.002483,-150,0.39639768,43.999996
-10.769852,17.002483,-150,0.37340188,47.999996
-11.769852,17.002483,-150,0.27195305,43.999996
-12.769852,17.002483,-150,0,59.999996
-13.769852,17.002483,-150,0,27.999996
-14.769852,17.002483,-150,0,3.999999
-15.769852,17.002483,-150,0,0
-16.769852,17.002483,-150,0,0
-17.769852,17.002483,-150,0,0
-18.769852,17.002483,-150,0,0
-19.769852,17.002483,-150,0,0
-20.769852,17.002483,-150,0,0
-21.769852,17.002483,-150,0,0
-22.769852,17.002483,-150,0,0
-23.769852,17.002483,-150,0,0
-24.769852,17.002483,-150,0,0
-25.769852,17.002483,-150,0,0
-26.769852,17.002483,-150,0,0
-27.769852,17.002483,-150,0,0
-28.769852,17.002483,-150,0,0
-29.769852,17.002483,-150,0,0
-30.769852,17.002483,-150,0,0
-31.769852,17.002483,-150,0,0
-32.76985,17.002483,-150,0,0
-33.76985,17.002483,-150,0,0
-34.76985,17.002483,-150,0,0
-35.76985,17.002483,-150,0,0
-36.76985,17.002483,-150,0,0
-37.76985,17.002483,-150,0,0
-38.76985,17.002483,-150,0,0
-39.76985,17.002483,-150,0,0
-40.76985,17.002483,-150,0,0
-41.76985,17.002483,-150,0,0
-42.76985,17.002483,-150,0,0
-43.76985,17.002483,-150,0,0
-44.76985,17.002483,-150,0,0
-45.76985,17.002483,-150,0,0
-46.76985,17.002483,-150,0,0
-47.76985,17.002483,-150,0,0
-48.76985,17.002483,-150,0,0
-49.76985,17.002483,-150,0,0
49.23015,16.002483,-150,0,0
48.23015,16.002483,-150,0,0
47.23015,16.002483,-150,0,0
46.23015,16.002483,-150,0,0
45.23015,16.002483,-150,0,0
44.23015,16.002483,-150,0,0
43.23015,16.002483,-150,0,0
42.23015,16.002483,-150,0,0
41.23015,16.002483,-150,0,0
40.23015,16.002483,-150,0,0
39.23015,16.002483,-150,0,0
38.23015,16.002483,-150,0,0
37.23015,16.002483,-150,0,0
36.23015,16.002483,-150,0,0
35.23015,16.002483,-150,0,0
34.23015,16.002483,-150,0,0
33.23015,16.002483,-150,0,0
32.23015,16.002483,-150,0,0
31.230148,16.002483,-150,0,0
30.230148,16.002483,-150,0,0
29.230148,16.002483,-150,0,0
28.230148,16.002483,-150,0,0
27.230148,16.002483,-150,0,0
26.230148,16.002483,-150,0,0
25.230148,16.002483,-150,0,0
24.230148,16.002483,-150,0,0
23.230148,16.002483,-150,0,0
22.230148,16.002483,-150,0,0
21.230148,16.002483,-150,0,0
20.230148,16.002483,-150,0,0
19.230148,16.002483,-150,0,0
18.230148,16.002483,-150,0,0
17.230148,16.002483,-150,0,0
16.230148,16.002483,-150,0,0
15.230148,16.002483,-150,0,0
14.230148,16.002483,-150,0,0
13.230148,16.002483,-150,0,0
12.230148,16.002483,-150,0,27.999996
11.230148,16.002483,-150,0,75.99999
10.230148,16.002483,-150,0.34243292,59.999996
9.230148,16.002483,-150,0.39876688,39.999996
8.230148,16.002483,-150,0.41342905,35.999996
7.2301483,16.002483,-150,0.32637197,31.999996
6.2301483,16.002483,-150,0.17681587,55.999996
5.2301483,16.002483,-150,0.0770022,35.999996
4.2301483,16.002483,-150,0.11525233,51.999996
3.2301483,16.002483,-150,0.27395755,23.999996
2.2301483,16.002483,-150,0.42440894,51.999996
1.2301483,16.002483,-150,0.4082986,35.999996
0.23014832,16.002483,-150,0.31886846,51.999996
-0.7698517,16.002483,-150,0.38125047,71.99999
-1.7698517,16.002483,-150,0.5258102,71.99999
-2.7698517,16.002483,-150,0.58683944,43.999996
-3.7698517,16.002483,-150,0.50091887,39.999996
-4.7698517,16.002483,-150,0.37007046,31.999996
-5.7698517,16.002483,-150,0.26688817,47.999996
-6.7698517,16.002483,-150,0.18665725,51.999996
-7.7698517,16.002483,-150,0.14258194,67.99999
-8.769852,16.002483,-150,0.26576728,27.999996
-9.769852,16.002483,-150,0.3477775,51.999996
-10.769852,16.002483,-150,0.20075908,11.999997
-11.769852,16.002483,-150,0.14228077,31.999996
-12.769852,16.002483,-150,0.19702609,59.999996
-13.769852,16.002483,-150,Infinity,27.999996
-14.769852,16.002483,-150,0,47.999996
-15.769852,16.002483,-150,0,3.999999
-16.769852,16.002483,-150,0,0
-17.769852,16.002483,-150,0,0
-18.769852,16.002483,-150,0,0
-19.769852,16.002483,-150,0,0
-20.769852,16.002483,-150,0,0
-21.769852,16.002483,-150,0,0
-22.769852,16.002483,-150,0,0
-23.769852,16.002483,-150,0,0
-24.769852,16.002483,-150,0,0
-25.769852,16.002483,-150,0,0
-26.769852,16.002483,-150,0,0
-27.769852,16.002483,-150,0,0
-28.769852,16.002483,-150,0,0
-29.769852,16.002483,-150,0,0
-30.769852,16.002483,-150,0,0
-31.769852,16.002483,-150,0,0
-32.76985,16.002483,-150,0,0
-33.76985,16.002483,-150,0,0
-34.76985,16.002483,-150,0,0
-35.76985,16.002483,-150,0,0
-36.76985,16.002483,-150,0,0
-37.76985,16.002483,-150,0,0
-38.76985,16.002483,-150,0,0
-39.76985,16.002483,-150,0,0
-40.76985,16.002483,-150,0,0
-41.76985,16.002483,-150,0,0
-42.76985,16.002483,-150,0,0
-43.76985,16.002483,-150,0,0
-44.76985,16.002483,-150,0,0
-45.76985,16.002483,-150,0,0
-46.76985,16.002483,-150,0,0
-47.76985,16.002483,-150,0,0
-48.76985,16.002483,-150,0,0
-49.76985,16.002483,-150,0,0
49.23015,15.002483,-150,0,0
48.23015,15.002483,-150,0,0
47.23015,15.002483,-150,0,0
46.23015,15.002483,-150,0,0
45.23015,15.002483,-150,0,0
44.23015,15.002483,-150,0,0
43.23015,15.002483,-150,0,0
42.23015,15.002483,-150,0,0
41.23015,15.002483,-150,0,0
40.23015,15.002483,-150,0,0
39.23015,15.002483,-150,0,0
38.23015,15.002483,-150,0,0
37.23015,15.002483,-150,0,0
36.23015,15.002483,-150,0,0
35.23015,15.002483,-150,0,0
34.23015,15.002483,-150,0,0
33.23015,15.002483,-150,0,0
32.23015,15.002483,-150,0,0
31.230148,15.002483,-150,0,0
30.230148,15.002483,-150,0,0
29.230148,15.002483,-150,0,0
28.230148,15.002483,-150,0,0
27.230148,15.002483,-150,0,0
26.230148,15.002483,-150,0,0
25.230148,15.002483,-150,0,0
24.230148,15.002483,-150,0,0
23.230148,15.002483,-150,0,0
22.230148,15.002483,-150,0,0
21.230148,15.002483,-150,0,0
20.230148,15.002483,-150,0,0
19.230148,15.002483,-150,0,0
18.230148,15.002483,-150,0,0
17.230148,15.002483,-150,0,0
16.230148,15.002483,-150,0,0
15.230148,15.002483,-150,0,0
14.230148,15.002483,-150,0,0
13.230148,15.002483,-150,0,27.999996
12.230148,15.002483,-150,0,27.999996
11.230148,15.002483,-150,0.34859675,59.999996
10.230148,15.002483,-150,0.49543974,71.99999
9.230148,15.002483,-150,0.5768148,83.99999
8.230148,15.002483,-150,0.5797895,71.99999
7.2301483,15.002483,-150,0.48652798,39.999996
6.2301483,15.002483,-150,0.34049636,63.999996
5.2301483,15.002483,-150,0.252519,35.999996
4.2301483,15.002483,-150,0.263656,47.999996
3.2301483,15.002483,-150,0.3268366,51.999996
2.2301483,15.002483,-150,0.36736688,35.999996
1.2301483,15.002483,-150,0.28694803,71.99999
0.23014832,15.002483,-150,0.1823339,27.999996
-0.7698517,15.002483,-150,0.35288596,55.999996
-1.7698517,15.002483,-150,0.5878891,91.99999
-2.7698517,15.002483,-150,0.7208764,87.99999
-3.7698517,15.002483,-150,0.673061,67.99999
-4.7698517,15.002483,-150,0.4578174,27.999996
-5.7698517,15.002483,-150,0.29180297,27.999996
-6.7698517,15.002483,-150,0.2567987,63.999996
-7.7698517,15.002483,-150,0.25547642,35.999996
-8.769852,15.002483,-150,0.3477561,35.999996
-9.769852,15.002483,-150,0.38971922,47.999996
-10.769852,15.002483,-150,0.25045753,43.999996
-11.769852,15.002483,-150,0.10603529,23.999996
-12.769852,15.002483,-150,0.1115658,35.999996
-13.769852,15.002483,-150,0.15664272,35.999996
-14.769852,15.002483,-150,0.22682235,55.999996
-15.769852,15.002483,-150,0,47.999996
-16.769852,15.002483,-150,0,3.999999
-17.769852,15.002483,-150,0,0
-18.769852,15.002483,-150,0,0
-19.769852,15.002483,-150,0,0
-20.769852,15.002483,-150,0,0
-21.769852,15.002483,-150,0,0
-22.769852,15.002483,-150,0,0
-23.769852,15.002483,-150,0,0
-24.769852,15.002483,-150,0,0
-25.769852,15.002483,-150,0,0
-26.769852,15.002483,-150,0,0
-27.769852,15.002483,-150,0,0
-28.769852,15.002483,-150,0,0
-29.769852,15.002483,-150,0,0
-30.769852,15.002483,-150,0,0
-31.769852,15.002483,-150,0,0
-32.76985,15.002483,-150,0,0
-33.76985,15.002483,-150,0,0
-34.76985,15.002483,-150,0,0
-35.76985,15.002483,-150,0,0
-36.76985,15.002483,-150,0,0
-37.76985,15.002483,-150,0,0
-38.76985,15.002483,-150,0,0
-39.76985,15.002483,-150,0,0
-40.76985,15.002483,-150,0,0
-41.76985,15.002483,-150,0,0
-42.76985,15.002483,-150,0,0
-43.76985,15.002483,-150,0,0
-44.76985,15.002483,-150,0,0
-45.76985,15.002483,-150,0,0
-46.76985,15.002483,-150,0,0
-47.76985,15.002483,-150,0,0
-48.76985,15.002483,-150,0,0
-49.76985,15.002483,-150,0,0
49.23015,14.002483,-150,0,0
48.23015,14.002483,-150,0,0
47.23015,14.002483,-150,0,0
46.23015,14.002483,-150,0,0
45.23015,14.002483,-150,0,0
44.23015,14.002483,-150,0,0
43.23015,14.002483,-150,0,0
42.23015,14.002483,-150,0,0
41.23015,14.002483,-150,0,0
40.23015,14.002483,-150,0,0
39.23015,14.002483,-150,0,0
38.23015,14.002483,-150,0,0
37.23015,14.002483,-150,0,0
36.23015,14.002483,-150,0,0
35.23015,14.002483,-150,0,0
34.23015,14.002483,-150,0,0
33.23015,14.002483,-150,0,0
32.23015,14.002483,-150,0,0
31.230148,14.002483,-150,0,0
30.230148,14.002483,-150,0,0
29.230148,14.002483,-150,0,0
28.230148,14.002483,-150,0,0
27.230148,14.002483,-150,0,0
26.230148,14.002483,-150,0,0
25.230148,14.002483,-150,0,0
24.230148,14.002483,-150,0,0
23.230148,14.002483,-150,0,0
22.230148,14.002483,-150,0,0
21.230148,14.002483,-150,0,0
20.230148,14.002483,-150,0,0
19.230148,14.002483,-150,0,0
18.230148,14.002483,-150,0,0
17.230148,14.002483,-150,0,0
16.230148,14.002483,-150,0,0
15.230148,14.002483,-150,0,0
14.230148,14.002483,-150,0,15.999996
13.230148,14.002483,-150,0,55.999996
12.230148,14.002483,-150,0.26459295,51.999996
11.230148,14.002483,-150,0.37169367,59.999996
10.230148,14.002483,-150,0.512414,75.99999
9.230148,14.002483,-150,0.63228387,39.999996
8.230148,14.002483,-150,0.69919676,19.999996
7.2301483,14.002483,-150,0.56744105,51.999996
6.2301483,14.002483,-150,0.34732914,47.999996
5.2301483,14.002483,-150,0.30028665,75.99999
4.2301483,14.002483,-150,0.35580665,35.999996
3.2301483,14.002483,-150,0.42843896,23.999996
2.2301483,14.002483,-150,0.4000284,47.999996
1.2301483,14.002483,-150,0.20120904,31.999996
0.23014832,14.002483,-150,0.16580363,39.999996
-0.7698517,14.002483,-150,0.35583568,51.999996
-1.7698517,14.002483,-150,0.5418826,51.999996
-2.7698517,14.002483,-150,0.70614773,51.999996
-3.7698517,14.002483,-150,0.80084336,71.99999
-4.7698517,14.002483,-150,0.62801087,31.999996
-5.7698517,14.002483,-150,0.4427326,27.999996
-6.7698517,14.002483,-150,0.43104187,43.999996
-7.7698517,14.002483,-150,0.47311383,51.999996
-8.769852,14.002483,-150,0.46081764,39.999996
-9.769852,14.002483,-150,0.4176924,27.999996
-10.769852,14.002483,-150,0.375388,47.999996
-11.769852,14.002483,-150,0.27392617,35.999996
-12.769852,14.002483,-150,0.16888091,23.999996
-13.769852,14.002483,-150,0.15005212,31.999996
-14.769852,14.002483,-150,0.16699861,39.999996
-15.769852,14.002483,-150,0.21131259,43.999996
-16.769852,14.002483,-150,0,27.999996
-17.769852,14.002483,-150,0,0
-18.769852,14.002483,-150,0,0
-19.769852,14.002483,-150,0,0
-20.769852,14.002483,-150,0,0
-21.769852,14.002483,-150,0,0
-22.769852,14.002483,-150,0,0
-23.769852,14.002483,-150,0,0
-24.769852,14.002483,-150,0,0
-25.769852,14.002483,-150,0,0
-26.769852,14.002483,-150,0,0
-27.769852,14.002483,-150,0,0
-28.769852,14.002483,-150,0,0
-29.769852,14.002483,-150,0,0
-30.769852,14.002483,-150,0,0
-31.769852,14.002483,-150,0,0
-32.76985,14.002483,-150,0,0
-33.76985,14.002483,-150,0,0
-34.76985,14.002483,-150,0,0
-35.76985,14.002483,-150,0,0
-36.76985,14.002483,-150,0,0
-37.76985,14.002483,-150,0,0
-38.76985,14.002483,-150,0,0
-39.76985,14.002483,-150,0,0
-40.76985,14.002483,-150,0,0
-41.76985,14.002483,-150,0,0
-42.76985,14.002483,-150,0,0
-43.76985,14.002483,-150,0,0
-44.76985,14.002483,-150,0,0
-45.76985,14.002483,-150,0,0
-46.76985,14.002483,-150,0,0
-47.76985,14.002483,-150,0,0
-48.76985,14.002483,-150,0,0
-49.76985,14.002483,-150,0,0
49.23015,13.002483,-150,0,0
48.23015,13.002483,-150,0,0
47.23015,13.002483,-150,0,0
46.23015,13.002483,-150,0,0
45.23015,13.002483,-150,0,0
44.23015,13.002483,-150,0,0
43.23015,13.002483,-150,0,0
42.23015,13.002483,-150,0,0
41.23015,13.002483,-150,0,0
40.23015,13.002483,-150,0,0
39.23015,13.002483,-150,0,0
38.23015,13.002483,-150,0,0
37.23015,13.002483,-150,0,0
36.23015,13.002483,-150,0,0
35.23015,13.002483,-150,0,0
34.23015,13.002483,-150,0,0
33.23015,13.002483,-150,0,0
32.23015,13.002483,-150,0,0
31.230148,13.002483,-150,0,0
30.230148,13.002483,-150,0,0
29.230148,13.002483,-150,0,0
28.230148,13.002483,-150,0,0
27.230148,13.002483,-150,0,0
26.230148,13.002483,-150,0,0
25.230148,13.002483,-150,0,0
24.230148,13.002483,-150,0,0
23.230148,13.002483,-150,0,0
22.230148,13.002483,-150,0,0
21.230148,13.002483,-150,0,0
20.230148,13.002483,-150,0,0
19.230148,13.002483,-150,0,0
18.230148,13.002483,-150,0,0
17.230148,13.002483,-150,0,0
16.230148,13.002483,-150,0,0
15.230148,13.002483,-150,0,11.999997
14.230148,13.002483,-150,0,47.999996
13.230148,13.002483,-150,0.39583415,47.999996
12.230148,13.002483,-150,0.36515093,59.999996
11.230148,13.002483,-150,0.39050555,63.999996
10.230148,13.002483,-150,0.47160268,63.999996
9.230148,13.002483,-150,0.6048721,59.999996
8.230148,13.002483,-150,0.69356614,63.999996
7.2301483,13.002483,-150,0.5673161,55.999996
6.2301483,13.002483,-150,0.35480675,23.999996
5.2301483,13.002483,-150,0.31239253,19.999996
4.2301483,13.002483,-150,0.49400404,19.999996
3.2301483,13.002483,-150,0.62275636,39.999996
2.2301483,13.002483,-150,0.44313073,55.999996
1.2301483,13.002483,-150,0.12665206,39.999996
0.23014832,13.002483,-150,0.111156,31.999996
-0.7698517,13.002483,-150,0.32133275,63.999996
-1.7698517,13.002483,-150,0.46796173,43.999996
-2.7698517,13.002483,-150,0.628148,39.999996
-3.7698517,13.002483,-150,0.7307445,55.999996
-4.7698517,13.002483,-150,0.64053833,71.99999
-5.7698517,13.002483,-150,0.5498474,67.99999
-6.7698517,13.002483,-150,0.5921575,39.999996
-7.7698517,13.002483,-150,0.6342816,51.999996
-8.769852,13.002483,-150,0.5935622,67.99999
-9.769852,13.002483,-150,0.49802256,35.999996
-10.769852,13.002483,-150,0.4236527,31.999996
-11.769852,13.002483,-150,0.34904417,39.999996
-12.769852,13.002483,-150,0.24446113,31.999996
-13.769852,13.002483,-150,0.15432496,27.999996
-14.769852,13.002483,-150,0.12803766,27.999996
-15.769852,13.002483,-150,0.19901848,43.999996
-16.769852,13.002483,-150,0,35.999996
-17.769852,13.002483,-150,0,39.999996
-18.769852,13.002483,-150,0,0
-19.769852,13.002483,-150,0,0
-20.769852,13.002483,-150,0,0
-21.769852,13.002483,-150,0,0
-22.769852,13.002483,-150,0,0
-23.769852,13.002483,-150,0,0
-24.769852,13.002483,-150,0,0
-25.769852,13.002483,-150,0,0
-26.769852,13.002483,-150,0,0
-27.769852,13.002483,-150,0,0
-28.769852,13.002483,-150,0,0
-29.769852,13.002483,-150,0,0
-30.769852,13.002483,-150,0,0
-31.769852,13.002483,-150,0,0
-32.76985,13.002483,-150,0,0
-33.76985,13.002483,-150,0,0
-34.76985,13.002483,-150,0,0
-35.76985,13.002483,-150,0,0
-36.76985,13.002483,-150,0,0
-37.76985,13.002483,-150,0,0
-38.76985,13.002483,-150,0,0
-39.76985,13.002483,-150,0,0
-40.76985,13.002483,-150,0,0
-41.76985,13.002483,-150,0,0
-42.76985,13.002483,-150,0,0
-43.76985,13.002483,-150,0,0
-44.76985,13.002483,-150,0,0
-45.76985,13.002483,-150,0,0
-46.76985,13.002483,-150,0,0
-47.76985,13.002483,-150,0,0
-48.76985,13.002483,-150,0,0
-49.76985,13.002483,-150,0,0
49.23015,12.002483,-150,0,0
48.23015,12.002483,-150,0,0
47.23015,12.002483,-150,0,0
46.23015,12.002483,-150,0,0
45.23015,12.002483,-150,0,0
44.23015,12.002483,-150,0,0
43.23015,12.002483,-150,0,0
42.23015,12.002483,-150,0,0
41.23015,12.002483,-150,0,0
40.23015,12.002483,-150,0,0
39.23015,12.002483,-150,0,0
38.23015,12.002483,-150,0,0
37.23015,12.002483,-150,0,0
36.23015,12.002483,-150,0,0
35.23015,12.002483,-150,0,0
34.23015,12.002483,-150,0,0
33.23015,12.002483,-150,0,0
32.23015,12.002483,-150,0,0
31.230148,12.002483,-150,0,0
30.230148,12.002483,-150,0,0
29.230148,12.002483,-150,0,0
28.230148,12.002483,-150,0,0
27.230148,12.002483,-150,0,0
26.230148,12.002483,-150,0,0
25.230148,12.002483,-150,0,0
24.230148,12.002483,-150,0,0
23.230148,12.002483,-150,0,0
22.230148,12.002483,-150,0,0
21.230148,12.002483,-150,0,0
20.230148,12.002483,-150,0,0
19.230148,12.002483,-150,0,0
18.230148,12.002483,-150,0,0
17.230148,12.002483,-150,0,0
16.230148,12.002483,-150,0,3.999999
15.230148,12.002483,-150,0,15.999996
14.230148,12.002483,-150,Infinity,51.999996
13.230148,12.002483,-150,0.59351414,43.999996
12.230148,12.002483,-150,0.48644102,59.999996
11.230148,12.002483,-150,0.37064278,79.99999
10.230148,12.002483,-150,0.36845097,59.999996
9.230148,12.002483,-150,0.43307385,59.999996
8.230148,12.002483,-150,0.45145506,75.99999
7.2301483,12.002483,-150,0.449111,47.999996
6.2301483,12.002483,-150,0.4655669,55.999996
5.2301483,12.002483,-150,0.48827103,59.999996
4.2301483,12.002483,-150,0.60892415,35.999996
3.2301483,12.002483,-150,0.7268442,35.999996
2.2301483,12.002483,-150,0.5055692,35.999996
1.2301483,12.002483,-150,0.16289614,47.999996
0.23014832,12.002483,-150,0.0649211,43.999996
-0.7698517,12.002483,-150,0.21934476,51.999996
-1.7698517,12.002483,-150,0.43901289,35.999996
-2.7698517,12.002483,-150,0.63415563,67.99999
-3.7698517,12.002483,-150,0.66809523,83.99999
-4.7698517,12.002483,-150,0.5377953,31.999996
-5.7698517,12.002483,-150,0.5123174,51.999996
-6.7698517,12.002483,-150,0.56093353,71.99999
-7.7698517,12.002483,-150,0.5607443,47.999996
-8.769852,12.002483,-150,0.6298022,63.999996
-9.769852,12.002483,-150,0.62005717,91.99999
-10.769852,12.002483,-150,0.3948746,83.99999
-11.769852,12.002483,-150,0.175754,27.999996
-12.769852,12.002483,-150,0.12604804,23.999996
-13.769852,12.002483,-150,0.09494543,39.999996
-14.769852,12.002483,-150,0.09817822,43.999996
-15.769852,12.002483,-150,0.21984787,39.999996
-16.769852,12.002483,-150,0.3185985,43.999996
-17.769852,12.002483,-150,0,43.999996
-18.769852,12.002483,-150,0,11.999997
-19.769852,12.002483,-150,0,0
-20.769852,12.002483,-150,0,0
-21.769852,12.002483,-150,0,0
-22.769852,12.002483,-150,0,0
-23.769852,12.002483,-150,0,0
-24.769852,12.002483,-150,0,0
-25.769852,12.002483,-150,0,0
-26.769852,12.002483,-150,0,0
-27.769852,12.002483,-150,0,0
-28.769852,12.002483,-150,0,0
-29.769852,12.002483,-150,0,0
-30.769852,12.002483,-150,0,0
-31.769852,12.002483,-150,0,0
-32.76985,12.002483,-150,0,0
-33.76985,12.002483,-150,0,0
-34.76985,12.002483,-150,0,0
-35.76985,12.002483,-150,0,0
-36.76985,12.002483,-150,0,0
-37.76985,12.002483,-150,0,0
-38.76985,12.002483,-150,0,0
-39.76985,12.002483,-150,0,0
-40.76985,12.002483,-150,0,0
-41.76985,12.002483,-150,0,0
-42.76985,12.002483,-150,0,0
-43.76985,12.002483,-150,0,0
-44.76985,12.002483,-150,0,0
-45.76985,12.002483,-150,0,0
-46.76985,12.002483,-150,0,0
-47.76985,12.002483,-150,0,0
-48.76985,12.002483,-150,0,0
-49.76985,12.002483,-150,0,0
49.23015,11.002483,-150,0,0
48.23015,11.002483,-150,0,0
47.23015,11.002483,-150,0,0
46.23015,11.002483,-150,0,0
45.23015,11.002483,-150,0,0
44.23015,11.002483,-150,0,0
43.23015,11.002483,-150,0,0
42.23015,11.002483,-150,0,0
41.23015,11.002483,-150,0,0
40.23015,11.002483,-150,0,0
39.23015,11.002483,-150,0,0
38.23015,11.002483,-150,0,0
37.23015,11.002483,-150,0,0
36.23015,11.002483,-150,0,0
35.23015,11.002483,-150,0,0
34.23015,11.002483,-150,0,0
33.23015,11.002483,-150,0,0
32.23015,11.002483,-150,0,0
31.230148,11.002483,-150,0,0
30.230148,11.002483,-150,0,0
29.230148,11.002483,-150,0,0
28.230148,11.002483,-150,0,0
27.230148,11.002483,-150,0,0
26.230148,11.002483,-150,0,0
25.230148,11.002483,-150,0,0
24.230148,11.002483,-150,0,0
23.230148,11.002483,-150,0,0
22.230148,11.002483,-150,0,0
21.230148,11.002483,-150,0,0
20.230148,11.002483,-150,0,0
19.230148,11.002483,-150,0,0
18.230148,11.002483,-150,0,0
17.230148,11.002483,-150,0,0
16.230148,11.002483,-150,0,15.999996
15.230148,11.002483,-150,0.5285621,51.999996
14.230148,11.002483,-150,0.59384966,47.999996
13.230148,11.002483,-150,0.6069525,47.999996
12.230148,11.002483,-150,0.47735417,39.999996
11.230148,11.002483,-150,0.32442307,35.999996
10.230148,11.002483,-150,0.22818479,63.999996
9.230148,11.002483,-150,0.17508271,15.999996
8.230148,11.002483,-150,0.1887734,43.999996
7.2301483,11.002483,-150,0.31230587,39.999996
6.2301483,11.002483,-150,0.49519858,51.999996
5.2301483,11.002483,-150,0.59950775,51.999996
4.2301483,11.002483,-150,0.6453718,67.99999
3.2301483,11.002483,-150,0.6461474,43.999996
2.2301483,11.002483,-150,0.4987678,83.99999
1.2301483,11.002483,-150,0.22000454,63.999996
0.23014832,11.002483,-150,0.07444008,51.999996
-0.7698517,11.002483,-150,0.23352373,51.999996
-1.7698517,11.002483,-150,0.5059229,83.99999
-2.7698517,11.002483,-150,0.68770957,59.999996
-3.7698517,11.002483,-150,0.7524597,87.99999
-4.7698517,11.002483,-150,0.6376296,59.999996
-5.7698517,11.002483,-150,0.5258787,87.99999
-6.7698517,11.002483,-150,0.4408454,79.99999
-7.7698517,11.002483,-150,0.3510983,23.999996
-8.769852,11.002483,-150,0.479012,67.99999
-9.769852,11.002483,-150,0.5063606,63.999996
-10.769852,11.002483,-150,0.23909946,7.999998
-11.769852,11.002483,-150,0.040075578,39.999996
-12.769852,11.002483,-150,-0.008413881,11.999997
-13.769852,11.002483,-150,0.003094241,23.999996
-14.769852,11.002483,-150,0.095337994,27.999996
-15.769852,11.002483,-150,0.2148203,35.999996
-16.769852,11.002483,-150,0.2848392,39.999996
-17.769852,11.002483,-150,0.23389381,43.999996
-18.769852,11.002483,-150,0,47.999996
-19.769852,11.002483,-150,0,3.999999
-20.769852,11.002483,-150,0,0
-21.769852,11.002483,-150,0,0
-22.769852,11.002483,-150,0,0
-23.769852,11.002483,-150,0,0
-24.769852,11.002483,-150,0,0
-25.769852,11.002483,-150,0,0
-26.769852,11.002483,-150,0,0
-27.769852,11.002483,-150,0,0
-28.769852,11.002483,-150,0,0
-29.769852,11.002483,-150,0,0
-30.769852,11.002483,-150,0,0
-31.769852,11.002483,-150,0,0
-32.76985,11.002483,-150,0,0
-33.76985,11.002483,-150,0,0
-34.76985,11.002483,-150,0,0
-35.76985,11.002483,-150,0,0
-36.76985,11.002483,-150,0,0
-37.76985,11.002483,-150,0,0
-38.76985,11.002483,-150,0,0
-39.76985,11.002483,-150,0,0
-40.76985,11.002483,-150,0,0
-41.76985,11.002483,-150,0,0
-42.76985,11.002483,-150,0,0
-43.76985,11.002483,-150,0,0
-44.76985,11.002483,-150,0,0
-45.76985,11.002483,-150,0,0
-46.76985,11.002483,-150,0,0
-47.76985,11.002483,-150,0,0
-48.76985,11.002483,-150,0,0
-49.76985,11.002483,-150,0,0
49.23015,10.002483,-150,0,0
48.23015,10.002483,-150,0,0
47.23015,10.002483,-150,0,0
46.23015,10.002483,-150,0,0
45.23015,10.002483,-150,0,0
44.23015,10.002483,-150,0,0
43.23015,10.002483,-150,0,0
42.23015,10.002483,-150,0,0
41.23015,10.002483,-150,0,0
40.23015,10.002483,-150,0,0
39.23015,10.002483,-150,0,0
38.23015,10.002483,-150,0,0
37.23015,10.002483,-150,0,0
36.23015,10.002483,-150,0,0
35.23015,10.002483,-150,0,0
34.23015,10.002483,-150,0,0
33.23015,10.002483,-150,0,0
32.23015,10.002483,-150,0,0
31.230148,10.002483,-150,0,0
30.230148,10.002483,-150,0,0
29.230148,10.002483,-150,0,0
28.230148,10.002483,-150,0,0
27.230148,10.002483,-150,0,0
26.230148,10.002483,-150,0,0
25.230148,10.002483,-150,0,0
24.230148,10.002483,-150,0,0
23.230148,10.002483,-150,0,0
22.230148,10.002483,-150,0,0
21.230148,10.002483,-150,0,0
20.230148,10.002483,-150,0,0
19.230148,10.002483,-150,0,0
18.230148,10.002483,-150,0,0
17.230148,10.002483,-150,0,11.999997
16.230148,10.002483,-150,0,47.999996
15.230148,10.002483,-150,0.55748415,23.999996
14.230148,10.002483,-150,0.575047,39.999996
13.230148,10.002483,-150,0.4736799,19.999996
12.230148,10.002483,-150,0.3894596,31.999996
11.230148,10.002483,-150,0.35559672,39.999996
10.230148,10.002483,-150,0.27867344,39.999996
9.230148,10.002483,-150,0.21210457,43.999996
8.230148,10.002483,-150,0.22764535,63.999996
7.2301483,10.002483,-150,0.34308827,35.999996
6.2301483,10.002483,-150,0.47488597,55.999996
5.2301483,10.002483,-150,0.5790955,55.999996
4.2301483,10.002483,-150,0.68608445,39.999996
3.2301483,10.002483,-150,0.69110537,67.99999
2.2301483,10.002483,-150,0.473473,51.999996
1.2301483,10.002483,-150,0.215812,27.999996
0.23014832,10.002483,-150,0.1785554,51.999996
-0.7698517,10.002483,-150,0.35491246,63.999996
-1.7698517,10.002483,-150,0.53248405,43.999996
-2.7698517,10.002483,-150,0.6882483,83.99999
-3.7698517,10.002483,-150,0.8123111,119.99999
-4.7698517,10.002483,-150,0.7529454,63.999996
-5.7698517,10.002483,-150,0.5730794,59.999996
-6.7698517,10.002483,-150,0.38155317,75.99999
-7.7698517,10.002483,-150,0.25212187,35.999996
-8.769852,10.002483,-150,0.32139152,43.999996
-9.769852,10.002483,-150,0.32246208,27.999996
-10.769852,10.002483,-150,0.20007068,35.999996
-11.769852,10.002483,-150,0.11695237,35.999996
-12.769852,10.002483,-150,0.08109722,59.999996
-13.769852,10.002483,-150,0.090543516,39.999996
-14.769852,10.002483,-150,0.18611234,71.99999
-15.769852,10.002483,-150,0.26975936,59.999996
-16.769852,10.002483,-150,0.37138942,15.999996
-17.769852,10.002483,-150,0.40312895,47.999996
-18.769852,10.002483,-150,Infinity,27.999996
-19.769852,10.002483,-150,0,27.999996
-20.769852,10.002483,-150,0,0
-21.769852,10.002483,-150,0,0
-22.769852,10.002483,-150,0,0
-23.769852,10.002483,-150,0,0
-24.769852,10.002483,-150,0,0
-25.769852,10.002483,-150,0,0
-26.769852,10.002483,-150,0,0
-27.769852,10.002483,-150,0,0
-28.769852,10.002483,-150,0,0
-29.769852,10.002483,-150,0,0
-30.769852,10.002483,-150,0,0
-31.769852,10.002483,-150,0,0
-32.76985,10.002483,-150,0,0
-33.76985,10.002483,-150,0,0
-34.76985,10.002483,-150,0,0
-35.76985,10.002483,-150,0,0
-36.76985,10.002483,-150,0,0
-37.76985,10.002483,-150,0,0
-38.76985,10.002483,-150,0,0
-39.76985,10.002483,-150,0,0
-40.76985,10.002483,-150,0,0
-41.76985,10.002483,-150,0,0
-42.76985,10.002483,-150,0,0
-43.76985,10.002483,-150,0,0
-44.76985,10.002483,-150,0,0
-45.76985,10.002483,-150,0,0
-46.76985,10.002483,-150,0,0
-47.76985,10.002483,-150,0,0
-48.76985,10.002483,-150,0,0
-49.76985,10.002483,-150,0,0
49.23015,9.002483,-150,0,0
48.23015,9.002483,-150,0,0
47.23015,9.002483,-150,0,0
46.23015,9.002483,-150,0,0
45.23015,9.002483,-150,0,0
44.23015,9.002483,-150,0,0
43.23015,9.002483,-150,0,0
42.23015,9.002483,-150,0,0
41.23015,9.002483,-150,0,0
40.23015,9.002483,-150,0,0
39.23015,9.002483,-150,0,0
38.23015,9.002483,-150,0,0
37.23015,9.002483,-150,0,0
36.23015,9.002483,-150,0,0
35.23015,9.002483,-150,0,0
34.23015,9.002483,-150,0,0
33.23015,9.002483,-150,0,0
32.23015,9.002483,-150,0,0
31.230148,9.002483,-150,0,0
30.230148,9.002483,-150,0,0
29.230148,9.002483,-150,0,0
28.230148,9.002483,-150,0,0
27.230148,9.002483,-150,0,0
26.230148,9.002483,-150,0,0
25.230148,9.002483,-150,0,0
24.230148,9.002483,-150,0,0
23.230148,9.002483,-150,0,0
22.230148,9.002483,-150,0,0
21.230148,9.002483,-150,0,0
20.230148,9.002483,-150,0,0
19.230148,9.002483,-150,0,0
18.230148,9.002483,-150,0,3.999999
17.230148,9.002483,-150,0,11.999997
16.230148,9.002483,-150,0.45701393,51.999996
15.230148,9.002483,-150,0.6228513,43.999996
14.230148,9.002483,-150,0.5952786,39.999996
13.230148,9.002483,-150,0.4209968,23.999996
12.230148,9.002483,-150,0.35624295,23.999996
11.230148,9.002483,-150,0.4420549,51.999996
10.230148,9.002483,-150,0.42754406,27.999996
9.230148,9.002483,-150,0.35056627,31.999996
8.230148,9.002483,-150,0.33629578,51.999996
7.2301483,9.002483,-150,0.38785106,35.999996
6.2301483,9.002483,-150,0.43765438,47.999996
5.2301483,9.002483,-150,0.4823137,47.999996
4.2301483,9.002483,-150,0.62559164,43.999996
3.2301483,9.002483,-150,0.68497634,75.99999
2.2301483,9.002483,-150,0.46209627,39.999996
1.2301483,9.002483,-150,0.3023463,51.999996
0.23014832,9.002483,-150,0.3480719,39.999996
-0.7698517,9.002483,-150,0.44375587,59.999996
-1.7698517,9.002483,-150,0.5198569,79.99999
-2.7698517,9.002483,-150,0.60385054,79.99999
-3.7698517,9.002483,-150,0.68794364,59.999996
-4.7698517,9.002483,-150,0.66805357,59.999996
-5.7698517,9.002483,-150,0.56498796,47.999996
-6.7698517,9.002483,-150,0.43198502,79.99999
-7.7698517,9.002483,-150,0.3375427,63.999996
-8.769852,9.002483,-150,0.3020093,71.99999
-9.769852,9.002483,-150,0.28280637,39.999996
-10.769852,9.002483,-150,0.25405148,51.999996
-11.769852,9.002483,-150,0.23151502,27.999996
-12.769852,9.002483,-150,0.22186044,51.999996
-13.769852,9.002483,-150,0.24550354,59.999996
-14.769852,9.002483,-150,0.32441053,67.99999
-15.769852,9.002483,-150,0.40555483,51.999996
-16.769852,9.002483,-150,0.551852,47.999996
-17.769852,9.002483,-150,0.5999108,55.999996
-18.769852,9.002483,-150,0.5104263,55.999996
-19.769852,9.002483,-150,-Infinity,47.999996
-20.769852,9.002483,-150,0,19.999996
-21.769852,9.002483,-150,0,0
-22.769852,9.002483,-150,0,0
-23.769852,9.002483,-150,0,0
-24.769852,9.002483,-150,0,0
-25.769852,9.002483,-150,0,0
-26.769852,9.002483,-150,0,0
-27.769852,9.002483,-150,0,0
-28.769852,9.002483,-150,0,0
-29.769852,9.002483,-150,0,0
-30.769852,9.002483,-150,0,0
-31.769852,9.002483,-150,0,0
-32.76985,9.002483,-150,0,0
-33.76985,9.002483,-150,0,0
-34.76985,9.002483,-150,0,0
-35.76985,9.002483,-150,0,0
-36.76985,9.002483,-150,0,0
-37.76985,9.002483,-150,0,0
-38.76985,9.002483,-150,0,0
-39.76985,9.002483,-150,0,0
-40.76985,9.002483,-150,0,0
-41.76985,9.002483,-150,0,0
-42.76985,9.002483,-150,0,0
-43.76985,9.002483,-150,0,0
-44.76985,9.002483,-150,0,0
-45.76985,9.002483,-150,0,0
-46.76985,9.002483,-150,0,0
-47.76985,9.002483,-150,0,0
-48.76985,9.002483,-150,0,0
-49.76985,9.002483,-150,0,0
49.23015,8.002483,-150,0,0
48.23015,8.002483,-150,0,0
47.23015,8.002483,-150,0,0
46.23015,8.002483,-150,0,0
45.23015,8.002483,-150,0,0
44.23015,8.002483,-150,0,0
43.23015,8.002483,-150,0,0
42.23015,8.002483,-150,0,0
41.23015,8.002483,-150,0,0
40.23015,8.002483,-150,0,0
39.23015,8.002483,-150,0,0
38.23015,8.002483,-150,0,0
37.23015,8.002483,-150,0,0
36.23015,8.002483,-150,0,0
35.23015,8.002483,-150,0,0
34.23015,8.002483,-150,0,0
33.23015,8.002483,-150,0,0
32.23015,8.002483,-150,0,0
31.230148,8.002483,-150,0,0
30.230148,8.002483,-150,0,0
29.230148,8.002483,-150,0,0
28.230148,8.002483,-150,0,0
27.230148,8.002483,-150,0,0
26.230148,8.002483,-150,0,0
25.230148,8.002483,-150,0,0
24.230148,8.002483,-150,0,0
23.230148,8.002483,-150,0,0
22.230148,8.002483,-150,0,0
21.230148,8.002483,-150,0,0
20.230148,8.002483,-150,0,0
19.230148,8.002483,-150,0,0
18.230148,8.002483,-150,0,15.999996
17.230148,8.002483,-150,Infinity,55.999996
16.230148,8.002483,-150,0.5344657,51.999996
15.230148,8.002483,-150,0.63122976,47.999996
14.230148,8.002483,-150,0.6119875,39.999996
13.230148,8.002483,-150,0.4892347,35.999996
12.230148,8.002483,-150,0.43943757,19.999996
11.230148,8.002483,-150,0.48171258,27.999996
10.230148,8.002483,-150,0.4276896,39.999996
9.230148,8.002483,-150,0.32945988,47.999996
8.230148,8.002483,-150,0.27453423,39.999996
7.2301483,8.002483,-150,0.2916199,31.999996
6.2301483,8.002483,-150,0.31130344,43.999996
5.2301483,8.002483,-150,0.2837772,23.999996
4.2301483,8.002483,-150,0.36940673,51.999996
3.2301483,8.002483,-150,0.42775416,51.999996
2.2301483,8.002483,-150,0.39924085,63.999996
1.2301483,8.002483,-150,0.40331927,75.99999
0.23014832,8.002483,-150,0.47701237,67.99999
-0.7698517,8.002483,-150,0.49242365,63.999996
-1.7698517,8.002483,-150,0.4596101,51.999996
-2.7698517,8.002483,-150,0.4812417,55.999996
-3.7698517,8.002483,-150,0.5179728,71.99999
-4.7698517,8.002483,-150,0.5305905,59.999996
-5.7698517,8.002483,-150,0.5309172,71.99999
-6.7698517,8.002483,-150,0.5327985,71.99999
-7.7698517,8.002483,-150,0.49420363,75.99999
-8.769852,8.002483,-150,0.41238785,55.999996
-9.769852,8.002483,-150,0.3517025,35.999996
-10.769852,8.002483,-150,0.29640076,51.999996
-11.769852,8.002483,-150,0.22513816,47.999996
-12.769852,8.002483,-150,0.21406311,39.999996
-13.769852,8.002483,-150,0.28458673,59.999996
-14.769852,8.002483,-150,0.43671894,83.99999
-15.769852,8.002483,-150,0.60623676,115.99999
-16.769852,8.002483,-150,0.63003373,59.999996
-17.769852,8.002483,-150,0.603189,47.999996
-18.769852,8.002483,-150,0.6074554,71.99999
-19.769852,8.002483,-150,0.59762514,95.99999
-20.769852,8.002483,-150,0,31.999996
-21.769852,8.002483,-150,0,0
-22.769852,8.002483,-150,0,0
-23.769852,8.002483,-150,0,0
-24.769852,8.002483,-150,0,0
-25.769852,8.002483,-150,0,0
-26.769852,8.002483,-150,0,0
-27.769852,8.002483,-150,0,0
-28.769852,8.002483,-150,0,0
-29.769852,8.002483,-150,0,0
-30.769852,8.002483,-150,0,0
-31.769852,8.002483,-150,0,0
-32.76985,8.002483,-150,0,0
-33.76985,8.002483,-150,0,0
-34.76985,8.002483,-150,0,0
-35.76985,8.002483,-150,0,0
-36.76985,8.002483,-150,0,0
-37.76985,8.002483,-150,0,0
-38.76985,8.002483,-150,0,0
-39.76985,8.002483,-150,0,0
-40.76985,8.002483,-150,0,0
-41.76985,8.002483,-150,0,0
-42.76985,8.002483,-150,0,0
-43.76985,8.002483,-150,0,0
-44.76985,8.002483,-150,0,0
-45.76985,8.002483,-150,0,0
-46.76985,8.002483,-150,0,0
-47.76985,8.002483,-150,0,0
-48.76985,8.002483,-150,0,0
-49.76985,8.002483,-150,0,0
49.23015,7.0024834,-150,0,0
48.23015,7.0024834,-150,0,0
47.23015,7.0024834,-150,0,0
46.23015,7.0024834,-150,0,0
45.23015,7.0024834,-150,0,0
44.23015,7.0024834,-150,0,0
43.23015,7.0024834,-150,0,0
42.23015,7.0024834,-150,0,0
41.23015,7.0024834,-150,0,0
40.23015,7.0024834,-150,0,0
39.23015,7.0024834,-150,0,0
38.23015,7.0024834,-150,0,0
37.23015,7.0024834,-150,0,0
36.23015,7.0024834,-150,0,0
35.23015,7.0024834,-150,0,0
34.23015,7.0024834,-150,0,0
33.23015,7.0024834,-150,0,0
32.23015,7.0024834,-150,0,0
31.230148,7.0024834,-150,0,0
30.230148,7.0024834,-150,0,0
29.230148,7.0024834,-150,0,0
28.230148,7.0024834,-150,0,0
27.230148,7.0024834,-150,0,0
26.230148,7.0024834,-150,0,0
25.230148,7.0024834,-150,0,0
24.230148,7.0024834,-150,0,0
23.230148,7.0024834,-150,0,0
22.230148,7.0024834,-150,0,0
21.230148,7.0024834,-150,0,0
20.230148,7.0024834,-150,0,0
19.230148,7.0024834,-150,0,0
18.230148,7.0024834,-150,0,15.999996
17.230148,7.0024834,-150,0.5214302,51.999996
16.230148,7.0024834,-150,0.5780652,55.999996
15.230148,7.0024834,-150,0.5494733,35.999996
14.230148,7.0024834,-150,0.55877143,43.999996
13.230148,7.0024834,-150,0.55214196,47.999996
12.230148,7.0024834,-150,0.5813279,55.999996
11.230148,7.0024834,-150,0.51496404,35.999996
10.230148,7.0024834,-150,0.3475535,39.999996
9.230148,7.0024834,-150,0.26148826,55.999996
8.230148,7.0024834,-150,0.2112679,47.999996
7.2301483,7.0024834,-150,0.16162607,47.999996
6.2301483,7.0024834,-150,0.15332098,55.999996
5.2301483,7.0024834,-150,0.16441387,43.999996
4.2301483,7.0024834,-150,0.2000691,39.999996
3.2301483,7.0024834,-150,0.2762702,35.999996
2.2301483,7.0024834,-150,0.34690565,39.999996
1.2301483,7.0024834,-150,0.43411046,43.999996
0.23014832,7.0024834,-150,0.4880509,63.999996
-0.7698517,7.0024834,-150,0.4262346,67.99999
-1.7698517,7.0024834,-150,0.36291653,83.99999
-2.7698517,7.0024834,-150,0.39675045,59.999996
-3.7698517,7.0024834,-150,0.42878997,87.99999
-4.7698517,7.0024834,-150,0.41270816,47.999996
-5.7698517,7.0024834,-150,0.46163777,103.99999
-6.7698517,7.0024834,-150,0.503109,67.99999
-7.7698517,7.0024834,-150,0.5509108,71.99999
-8.769852,7.0024834,-150,0.5945322,71.99999
-9.769852,7.0024834,-150,0.5633743,55.999996
-10.769852,7.0024834,-150,0.38840398,59.999996
-11.769852,7.0024834,-150,0.18159696,27.999996
-12.769852,7.0024834,-150,0.11835304,39.999996
-13.769852,7.0024834,-150,0.25051427,31.999996
-14.769852,7.0024834,-150,0.4611947,99.99999
-15.769852,7.0024834,-150,0.6196367,87.99999
-16.769852,7.0024834,-150,0.6281597,107.99999
-17.769852,7.0024834,-150,0.56450737,55.999996
-18.769852,7.0024834,-150,0.53078043,95.99999
-19.769852,7.0024834,-150,0.50645435,51.999996
-20.769852,7.0024834,-150,0,55.999996
-21.769852,7.0024834,-150,0,0
-22.769852,7.0024834,-150,0,0
-23.769852,7.0024834,-150,0,0
-24.769852,7.0024834,-150,0,0
-25.769852,7.0024834,-150,0,0
-26.769852,7.0024834,-150,0,0
-27.769852,7.0024834,-150,0,0
-28.769852,7.0024834,-150,0,0
-29.769852,7.0024834,-150,0,0
-30.769852,7.0024834,-150,0,0
-31.769852,7.0024834,-150,0,0
-32.76985,7.0024834,-150,0,0
-33.76985,7.0024834,-150,0,0
-34.76985,7.0024834,-150,0,0
-35.76985,7.0024834,-150,0,0
-36.76985,7.0024834,-150,0,0
-37.76985,7.0024834,-150,0,0
-38.76985,7.0024834,-150,0,0
-39.76985,7.0024834,-150,0,0
-40.76985,7.0024834,-150,0,0
-41.76985,7.0024834,-150,0,0
-42.76985,7.0024834,-150,0,0
-43.76985,7.0024834,-150,0,0
-44.76985,7.0024834,-150,0,0
-45.76985,7.0024834,-150,0,0
-46.76985,7.0024834,-150,0,0
-47.76985,7.0024834,-150,0,0
-48.76985,7.0024834,-150,0,0
-49.76985,7.0024834,-150,0,0
49.23015,6.0024834,-150,0,0
48.23015,6.0024834,-150,0,0
47.23015,6.0024834,-150,0,0
46.23015,6.0024834,-150,0,0
45.23015,6.0024834,-150,0,0
44.23015,6.0024834,-150,0,0
43.23015,6.0024834,-150,0,0
42.23015,6.0024834,-150,0,0
41.23015,6.0024834,-150,0,0
40.23015,6.0024834,-150,0,0
39.23015,6.0024834,-150,0,0
38.23015,6.0024834,-150,0,0
37.23015,6.0024834,-150,0,0
36.23015,6.0024834,-150,0,0
35.23015,6.0024834,-150,0,0
34.23015,6.0024834,-150,0,0
33.23015,6.0024834,-150,0,0
32.23015,6.0024834,-150,0,0
31.230148,6.0024834,-150,0,0
30.230148,6.0024834,-150,0,0
29.230148,6.0024834,-150,0,0
28.230148,6.0024834,-150,0,0
27.230148,6.0024834,-150,0,0
26.230148,6.0024834,-150,0,0
25.230148,6.0024834,-150,0,0
24.230148,6.0024834,-150,0,0
23.230148,6.0024834,-150,0,0
22.230148,6.0024834,-150,0,0
21.230148,6.0024834,-150,0,0
20.230148,6.0024834,-150,0,0
19.230148,6.0024834,-150,0,0
18.230148,6.0024834,-150,0,55.999996
17.230148,6.0024834,-150,0.4775003,63.999996
16.230148,6.0024834,-150,0.4666625,23.999996
15.230148,6.0024834,-150,0.48047978,67.99999
14.230148,6.0024834,-150,0.5025856,71.99999
13.230148,6.0024834,-150,0.5537214,23.999996
12.230148,6.0024834,-150,0.57303274,63.999996
11.230148,6.0024834,-150,0.46206188,55.999996
10.230148,6.0024834,-150,0.29629815,43.999996
9.230148,6.0024834,-150,0.21211472,39.999996
8.230148,6.0024834,-150,0.20891294,39.999996
7.2301483,6.0024834,-150,0.18543047,59.999996
6.2301483,6.0024834,-150,0.15902391,27.999996
5.2301483,6.0024834,-150,0.20385328,43.999996
4.2301483,6.0024834,-150,0.30345395,47.999996
3.2301483,6.0024834,-150,0.44421,75.99999
2.2301483,6.0024834,-150,0.499256,43.999996
1.2301483,6.0024834,-150,0.50127673,47.999996
0.23014832,6.0024834,-150,0.4422484,71.99999
-0.7698517,6.0024834,-150,0.31244075,23.999996
-1.7698517,6.0024834,-150,0.28275245,55.999996
-2.7698517,6.0024834,-150,0.34040326,79.99999
-3.7698517,6.0024834,-150,0.33330724,55.999996
-4.7698517,6.0024834,-150,0.32868388,51.999996
-5.7698517,6.0024834,-150,0.33225927,67.99999
-6.7698517,6.0024834,-150,0.35194445,51.999996
-7.7698517,6.0024834,-150,0.4659294,63.999996
-8.769852,6.0024834,-150,0.6286609,71.99999
-9.769852,6.0024834,-150,0.61623275,99.99999
-10.769852,6.0024834,-150,0.410037,63.999996
-11.769852,6.0024834,-150,0.19120985,27.999996
-12.769852,6.0024834,-150,0.15175292,23.999996
-13.769852,6.0024834,-150,0.2721346,39.999996
-14.769852,6.0024834,-150,0.37729514,59.999996
-15.769852,6.0024834,-150,0.48147067,39.999996
-16.769852,6.0024834,-150,0.5596954,63.999996
-17.769852,6.0024834,-150,0.58137596,59.999996
-18.769852,6.0024834,-150,0.50461125,79.99999
-19.769852,6.0024834,-150,0.4305405,43.999996
-20.769852,6.0024834,-150,0,71.99999
-21.769852,6.0024834,-150,0,3.999999
-22.769852,6.0024834,-150,0,0
-23.769852,6.0024834,-150,0,0
-24.769852,6.0024834,-150,0,0
-25.769852,6.0024834,-150,0,0
-26.769852,6.0024834,-150,0,0
-27.769852,6.0024834,-150,0,0
-28.769852,6.0024834,-150,0,0
-29.769852,6.0024834,-150,0,0
-30.769852,6.0024834,-150,0,0
-31.769852,6.0024834,-150,0,0
-32.76985,6.0024834,-150,0,0
-33.76985,6.0024834,-150,0,0
-34.76985,6.0024834,-150,0,0
-35.76985,6.0024834,-150,0,0
-36.76985,6.0024834,-150,0,0
-37.76985,6.0024834,-150,0,0
-38.76985,6.0024834,-150,0,0
-39.76985,6.0024834,-150,0,0
-40.76985,6.0024834,-150,0,0
-41.76985,6.0024834,-150,0,0
-42.76985,6.0024834,-150,0,0
-43.76985,6.0024834,-150,0,0
-44.76985,6.0024834,-150,0,0
-45.76985,6.0024834,-150,0,0
-46.76985,6.0024834,-150,0,0
-47.76985,6.0024834,-150,0,0
-48.76985,6.0024834,-150,0,0
-49.76985,6.0024834,-150,0,0
49.23015,5.0024834,-150,0,0
48.23015,5.0024834,-150,0,0
47.23015,5.0024834,-150,0,0
46.23015,5.0024834,-150,0,0
45.23015,5.0024834,-150,0,0
44.23015,5.0024834,-150,0,0
43.23015,5.0024834,-150,0,0
42.23015,5.0024834,-150,0,0
41.23015,5.0024834,-150,0,0
40.23015,5.0024834,-150,0,0
39.23015,5.0024834,-150,0,0
38.23015,5.0024834,-150,0,0
37.23015,5.0024834,-150,0,0
36.23015,5.0024834,-150,0,0
35.23015,5.0024834,-150,0,0
34.23015,5.0024834,-150,0,0
33.23015,5.0024834,-150,0,0
32.23015,5.0024834,-150,0,0
31.230148,5.0024834,-150,0,0
30.230148,5.0024834,-150,0,0
29.230148,5.0024834,-150,0,0
28.230148,5.0024834,-150,0,0
27.230148,5.0024834,-150,0,0
26.230148,5.0024834,-150,0,0
25.230148,5.0024834,-150,0,0
24.230148,5.0024834,-150,0,0
23.230148,5.0024834,-150,0,0
22.230148,5.0024834,-150,0,0
21.230148,5.0024834,-150,0,0
20.230148,5.0024834,-150,0,0
19.230148,5.0024834,-150,0,3.999999
18.230148,5.0024834,-150,0,47.999996
17.230148,5.0024834,-150,0.3744224,39.999996
16.230148,5.0024834,-150,0.34368342,63.999996
15.230148,5.0024834,-150,0.37059635,35.999996
14.230148,5.0024834,-150,0.45360953,35.999996
13.230148,5.0024834,-150,0.49423394,19.999996
12.230148,5.0024834,-150,0.44515392,31.999996
11.230148,5.0024834,-150,0.34100527,47.999996
10.230148,5.0024834,-150,0.26724806,31.999996
9.230148,5.0024834,-150,0.26321316,43.999996
8.230148,5.0024834,-150,0.3001597,27.999996
7.2301483,5.0024834,-150,0.37203285,39.999996
6.2301483,5.0024834,-150,0.39328212,51.999996
5.2301483,5.0024834,-150,0.3752463,47.999996
4.2301483,5.0024834,-150,0.45188168,43.999996
3.2301483,5.0024834,-150,0.5692214,51.999996
2.2301483,5.0024834,-150,0.63307047,59.999996
1.2301483,5.0024834,-150,0.5750582,43.999996
0.23014832,5.0024834,-150,0.45058766,59.999996
-0.7698517,5.0024834,-150,0.32146886,55.999996
-1.7698517,5.0024834,-150,0.27089417,71.99999
-2.7698517,5.0024834,-150,0.2604739,67.99999
-3.7698517,5.0024834,-150,0.22926903,47.999996
-4.7698517,5.0024834,-150,0.22263803,95.99999
-5.7698517,5.0024834,-150,0.23101465,51.999996
-6.7698517,5.0024834,-150,0.25885767,71.99999
-7.7698517,5.0024834,-150,0.35290253,63.999996
-8.769852,5.0024834,-150,0.47453415,51.999996
-9.769852,5.0024834,-150,0.49704507,43.999996
-10.769852,5.0024834,-150,0.3665495,19.999996
-11.769852,5.0024834,-150,0.29605383,55.999996
-12.769852,5.0024834,-150,0.3261388,51.999996
-13.769852,5.0024834,-150,0.3319258,51.999996
-14.769852,5.0024834,-150,0.30670184,71.99999
-15.769852,5.0024834,-150,0.38788766,27.999996
-16.769852,5.0024834,-150,0.53823537,51.999996
-17.769852,5.0024834,-150,0.56139433,51.999996
-18.769852,5.0024834,-150,0.45270282,83.99999
-19.769852,5.0024834,-150,0.38356137,71.99999
-20.769852,5.0024834,-150,0.312848,95.99999
-21.769852,5.0024834,-150,0,3.999999
-22.769852,5.0024834,-150,0,0
-23.769852,5.0024834,-150,0,0
-24.769852,5.0024834,-150,0,0
-25.769852,5.0024834,-150,0,0
-26.769852,5.0024834,-150,0,0
-27.769852,5.0024834,-150,0,0
-28.769852,5.0024834,-150,0,0
-29.769852,5.0024834,-150,0,0
-30.769852,5.0024834,-150,0,0
-31.769852,5.0024834,-150,0,0
-32.76985,5.0024834,-150,0,0
-33.76985,5.0024834,-150,0,0
-34.76985,5.0024834,-150,0,0
-35.76985,5.0024834,-150,0,0
-36.76985,5.0024834,-150,0,0
-37.76985,5.0024834,-150,0,0
-38.76985,5.0024834,-150,0,0
-39.76985,5.0024834,-150,0,0
-40.76985,5.0024834,-150,0,0
-41.76985,5.0024834,-150,0,0
-42.76985,5.0024834,-150,0,0
-43.76985,5.0024834,-150,0,0
-44.76985,5.0024834,-150,0,0
-45.76985,5.0024834,-150,0,0
-46.76985,5.0024834,-150,0,0
-47.76985,5.0024834,-150,0,0
-48.76985,5.0024834,-150,0,0
-49.76985,5.0024834,-150,0,0
49.23015,4.0024834,-150,0,0
48.23015,4.0024834,-150,0,0
47.23015,4.0024834,-150,0,0
46.23015,4.0024834,-150,0,0
45.23015,4.0024834,-150,0,0
44.23015,4.0024834,-150,0,0
43.23015,4.0024834,-150,0,0
42.23015,4.0024834,-150,0,0
41.23015,4.0024834,-150,0,0
40.23015,4.0024834,-150,0,0
39.23015,4.0024834,-150,0,0
38.23015,4.0024834,-150,0,0
37.23015,4.0024834,-150,0,0
36.23015,4.0024834,-150,0,0
35.23015,4.0024834,-150,0,0
34.23015,4.0024834,-150,0,0
33.23015,4.0024834,-150,0,0
32.23015,4.0024834,-150,0,0
31.230148,4.0024834,-150,0,0
30.230148,4.0024834,-150,0,0
29.230148,4.0024834,-150,0,0
28.230148,4.0024834,-150,0,0
27.230148,4.0024834,-150,0,0
26.230148,4.0024834,-150,0,0
25.230148,4.0024834,-150,0,0
24.230148,4.0024834,-150,0,0
23.230148,4.0024834,-150,0,0
22.230148,4.0024834,-150,0,0
21.230148,4.0024834,-150,0,3.999999
20.230148,4.0024834,-150,0,0
19.230148,4.0024834,-150,0,15.999996
18.230148,4.0024834,-150,0.24539709,59.999996
17.230148,4.0024834,-150,0.30317196,55.999996
16.230148,4.0024834,-150,0.3330872,35.999996
15.230148,4.0024834,-150,0.36719215,31.999996
14.230148,4.0024834,-150,0.41285652,31.999996
13.230148,4.0024834,-150,0.43822882,47.999996
12.230148,4.0024834,-150,0.39502755,39.999996
11.230148,4.0024834,-150,0.3370906,27.999996
10.230148,4.0024834,-150,0.3991338,39.999996
9.230148,4.0024834,-150,0.444132,55.999996
8.230148,4.0024834,-150,0.41907698,43.999996
7.2301483,4.0024834,-150,0.4693793,39.999996
6.2301483,4.0024834,-150,0.5272348,59.999996
5.2301483,4.0024834,-150,0.5290106,51.999996
4.2301483,4.0024834,-150,0.5584337,47.999996
3.2301483,4.0024834,-150,0.62287074,63.999996
2.2301483,4.0024834,-150,0.61066765,51.999996
1.2301483,4.0024834,-150,0.59586257,67.99999
0.23014832,4.0024834,-150,0.522922,55.999996
-0.7698517,4.0024834,-150,0.45179817,67.99999
-1.7698517,4.0024834,-150,0.37935287,47.999996
-2.7698517,4.0024834,-150,0.28314942,51.999996
-3.7698517,4.0024834,-150,0.19156748,55.999996
-4.7698517,4.0024834,-150,0.20323396,47.999996
-5.7698517,4.0024834,-150,0.2522998,55.999996
-6.7698517,4.0024834,-150,0.28852233,75.99999
-7.7698517,4.0024834,-150,0.3230848,59.999996
-8.769852,4.0024834,-150,0.40479022,51.999996
-9.769852,4.0024834,-150,0.49629194,63.999996
-10.769852,4.0024834,-150,0.5041431,63.999996
-11.769852,4.0024834,-150,0.4695549,51.999996
-12.769852,4.0024834,-150,0.4435413,51.999996
-13.769852,4.0024834,-150,0.33099154,75.99999
-14.769852,4.0024834,-150,0.26984593,19.999996
-15.769852,4.0024834,-150,0.4152586,47.999996
-16.769852,4.0024834,-150,0.5550834,35.999996
-17.769852,4.0024834,-150,0.5082049,79.99999
-18.769852,4.0024834,-150,0.35600227,43.999996
-19.769852,4.0024834,-150,0.26040393,47.999996
-20.769852,4.0024834,-150,0.17662168,59.999996
-21.769852,4.0024834,-150,0,23.999996
-22.769852,4.0024834,-150,0,0
-23.769852,4.0024834,-150,0,0
-24.769852,4.0024834,-150,0,0
-25.769852,4.0024834,-150,0,0
-26.769852,4.0024834,-150,0,0
-27.769852,4.0024834,-150,0,0
-28.769852,4.0024834,-150,0,0
-29.769852,4.0024834,-150,0,0
-30.769852,4.0024834,-150,0,0
-31.769852,4.0024834,-150,0,0
-32.76985,4.0024834,-150,0,0
-33.76985,4.0024834,-150,0,0
-34.76985,4.0024834,-150,0,0
-35.76985,4.0024834,-150,0,0
-36.76985,4.0024834,-150,0,0
-37.76985,4.0024834,-150,0,0
-38.76985,4.0024834,-150,0,0
-39.76985,4.0024834,-150,0,0
-40.76985,4.0024834,-150,0,0
-41.76985,4.0024834,-150,0,0
-42.76985,4.0024834,-150,0,0
-43.76985,4.0024834,-150,0,0
-44.76985,4.0024834,-150,0,0
-45.76985,4.0024834,-150,0,0
-46.76985,4.0024834,-150,0,0
-47.76985,4.0024834,-150,0,0
-48.76985,4.0024834,-150,0,0
-49.76985,4.0024834,-150,0,0
49.23015,3.0024834,-150,0,0
48.23015,3.0024834,-150,0,0
47.23015,3.0024834,-150,0,0
46.23015,3.0024834,-150,0,0
45.23015,3.0024834,-150,0,0
44.23015,3.0024834,-150,0,0
43.23015,3.0024834,-150,0,0
42.23015,3.0024834,-150,0,0
41.23015,3.0024834,-150,0,0
40.23015,3.0024834,-150,0,0
39.23015,3.0024834,-150,0,0
38.23015,3.0024834,-150,0,0
37.23015,3.0024834,-150,0,0
36.23015,3.0024834,-150,0,0
35.23015,3.0024834,-150,0,0
34.23015,3.0024834,-150,0,0
33.23015,3.0024834,-150,0,0
32.23015,3.0024834,-150,0,0
31.230148,3.0024834,-150,0,0
30.230148,3.0024834,-150,0,0
29.230148,3.0024834,-150,0,0
28.230148,3.0024834,-150,0,0
27.230148,3.0024834,-150,0,0
26.230148,3.0024834,-150,0,0
25.230148,3.0024834,-150,0,0
24.230148,3.0024834,-150,0,0
23.230148,3.0024834,-150,0,0
22.230148,3.0024834,-150,0,0
21.230148,3.0024834,-150,0,0
20.230148,3.0024834,-150,0,0
19.230148,3.0024834,-150,0,19.999996
18.230148,3.0024834,-150,0.25942713,63.999996
17.230148,3.0024834,-150,0.25296366,55.999996
16.230148,3.0024834,-150,0.38207453,67.99999
15.230148,3.0024834,-150,0.474752,63.999996
14.230148,3.0024834,-150,0.4042985,43.999996
13.230148,3.0024834,-150,0.36071426,63.999996
12.230148,3.0024834,-150,0.36595613,43.999996
11.230148,3.0024834,-150,0.4494369,59.999996
10.230148,3.0024834,-150,0.5868894,47.999996
9.230148,3.0024834,-150,0.5728034,79.99999
8.230148,3.0024834,-150,0.39804566,31.999996
7.2301483,3.0024834,-150,0.3513458,35.999996
6.2301483,3.0024834,-150,0.4078996,67.99999
5.2301483,3.0024834,-150,0.48663074,31.999996
4.2301483,3.0024834,-150,0.6409955,59.999996
3.2301483,3.0024834,-150,0.6725955,67.99999
2.2301483,3.0024834,-150,0.573145,83.99999
1.2301483,3.0024834,-150,0.52188873,35.999996
0.23014832,3.0024834,-150,0.53428507,59.999996
-0.7698517,3.0024834,-150,0.55298805,75.99999
-1.7698517,3.0024834,-150,0.5405006,47.999996
-2.7698517,3.0024834,-150,0.4289979,67.99999
-3.7698517,3.0024834,-150,0.30994084,59.999996
-4.7698517,3.0024834,-150,0.33658856,47.999996
-5.7698517,3.0024834,-150,0.40720382,71.99999
-6.7698517,3.0024834,-150,0.38584316,63.999996
-7.7698517,3.0024834,-150,0.37483478,67.99999
-8.769852,3.0024834,-150,0.44973922,47.999996
-9.769852,3.0024834,-150,0.50351506,67.99999
-10.769852,3.0024834,-150,0.5554083,87.99999
-11.769852,3.0024834,-150,0.5524099,19.999996
-12.769852,3.0024834,-150,0.42747372,19.999996
-13.769852,3.0024834,-150,0.2569839,59.999996
-14.769852,3.0024834,-150,0.2095687,35.999996
-15.769852,3.0024834,-150,0.33025578,39.999996
-16.769852,3.0024834,-150,0.41705728,43.999996
-17.769852,3.0024834,-150,0.38360792,75.99999
-18.769852,3.0024834,-150,0.3162479,71.99999
-19.769852,3.0024834,-150,0.19749293,55.999996
-20.769852,3.0024834,-150,0.13469936,31.999996
-21.769852,3.0024834,-150,0,7.999998
-22.769852,3.0024834,-150,0,0
-23.769852,3.0024834,-150,0,0
-24.769852,3.0024834,-150,0,0
-25.769852,3.0024834,-150,0,0
-26.769852,3.0024834,-150,0,0
-27.769852,3.0024834,-150,0,0
-28.769852,3.0024834,-150,0,0
-29.769852,3.0024834,-150,0,0
-30.769852,3.0024834,-150,0,0
-31.769852,3.0024834,-150,0,0
-32.76985,3.0024834,-150,0,0
-33.76985,3.0024834,-150,0,0
-34.76985,3.0024834,-150,0,0
-35.76985,3.0024834,-150,0,0
-36.76985,3.0024834,-150,0,0
-37.76985,3.0024834,-150,0,0
-38.76985,3.0024834,-150,0,0
-39.76985,3.0024834,-150,0,0
-40.76985,3.0024834,-150,0,0
-41.76985,3.0024834,-150,0,0
-42.76985,3.0024834,-150,0,0
-43.76985,3.0024834,-150,0,0
-44.76985,3.0024834,-150,0,0
-45.76985,3.0024834,-150,0,0
-46.76985,3.0024834,-150,0,0
-47.76985,3.0024834,-150,0,0
-48.76985,3.0024834,-150,0,0
-49.76985,3.0024834,-150,0,0
49.23015,2.0024834,-150,0,0
48.23015,2.0024834,-150,0,0
47.23015,2.0024834,-150,0,0
46.23015,2.0024834,-150,0,0
45.23015,2.0024834,-150,0,0
44.23015,2.0024834,-150,0,0
43.23015,2.0024834,-150,0,0
42.23015,2.0024834,-150,0,0
41.23015,2.0024834,-150,0,0
40.23015,2.0024834,-150,0,0
39.23015,2.0024834,-150,0,0
38.23015,2.0024834,-150,0,0
37.23015,2.0024834,-150,0,0
36.23015,2.0024834,-150,0,0
35.23015,2.0024834,-150,0,0
34.23015,2.0024834,-150,0,0
33.23015,2.0024834,-150,0,0
32.23015,2.0024834,-150,0,0
31.230148,2.0024834,-150,0,0
30.230148,2.0024834,-150,0,0
29.230148,2.0024834,-150,0,0
28.230148,2.0024834,-150,0,0
27.230148,2.0024834,-150,0,0
26.230148,2.0024834,-150,0,0
25.230148,2.0024834,-150,0,0
24.230148,2.0024834,-150,0,0
23.230148,2.0024834,-150,0,0
22.230148,2.0024834,-150,0,0
21.230148,2.0024834,-150,0,0
20.230148,2.0024834,-150,0,0
19.230148,2.0024834,-150,0,19.999996
18.230148,2.0024834,-150,0.29298094,83.99999
17.230148,2.0024834,-150,0.13375412,11.999997
16.230148,2.0024834,-150,0.26771927,63.999996
15.230148,2.0024834,-150,0.41873336,63.999996
14.230148,2.0024834,-150,0.32102972,35.999996
13.230148,2.0024834,-150,0.23183912,47.999996
12.230148,2.0024834,-150,0.2900053,47.999996
11.230148,2.0024834,-150,0.48973906,35.999996
10.230148,2.0024834,-150,0.6942657,35.999996
9.230148,2.0024834,-150,0.6005857,27.999996
8.230148,2.0024834,-150,0.39498538,47.999996
7.2301483,2.0024834,-150,0.31695053,39.999996
6.2301483,2.0024834,-150,0.3315279,27.999996
5.2301483,2.0024834,-150,0.43624708,67.99999
4.2301483,2.0024834,-150,0.53558695,67.99999
3.2301483,2.0024834,-150,0.56073856,71.99999
2.2301483,2.0024834,-150,0.50004953,39.999996
1.2301483,2.0024834,-150,0.45408088,35.999996
0.23014832,2.0024834,-150,0.4580596,63.999996
-0.7698517,2.0024834,-150,0.5389178,63.999996
-1.7698517,2.0024834,-150,0.6168792,75.99999
-2.7698517,2.0024834,-150,0.61266464,87.99999
-3.7698517,2.0024834,-150,0.5027347,55.999996
-4.7698517,2.0024834,-150,0.4678025,31.999996
-5.7698517,2.0024834,-150,0.50925016,51.999996
-6.7698517,2.0024834,-150,0.47381812,39.999996
-7.7698517,2.0024834,-150,0.3926254,27.999996
-8.769852,2.0024834,-150,0.41163468,63.999996
-9.769852,2.0024834,-150,0.36831757,19.999996
-10.769852,2.0024834,-150,0.3583756,15.999996
-11.769852,2.0024834,-150,0.4079887,27.999996
-12.769852,2.0024834,-150,0.35968837,47.999996
-13.769852,2.0024834,-150,0.19563031,43.999996
-14.769852,2.0024834,-150,0.091121726,27.999996
-15.769852,2.0024834,-150,0.13438006,19.999996
-16.769852,2.0024834,-150,0.25078145,51.999996
-17.769852,2.0024834,-150,0.33893842,35.999996
-18.769852,2.0024834,-150,0.33969724,51.999996
-19.769852,2.0024834,-150,0.22935393,87.99999
-20.769852,2.0024834,-150,-Infinity,27.999996
-21.769852,2.0024834,-150,0,15.999996
-22.769852,2.0024834,-150,0,0
-23.769852,2.0024834,-150,0,0
-24.769852,2.0024834,-150,0,0
-25.769852,2.0024834,-150,0,0
-26.769852,2.0024834,-150,0,0
-27.769852,2.0024834,-150,0,0
-28.769852,2.0024834,-150,0,0
-29.769852,2.0024834,-150,0,0
-30.769852,2.0024834,-150,0,0
-31.769852,2.0024834,-150,0,0
-32.76985,2.0024834,-150,0,0
-33.76985,2.0024834,-150,0,0
-34.76985,2.0024834,-150,0,0
-35.76985,2.0024834,-150,0,0
-36.76985,2.0024834,-150,0,0
-37.76985,2.0024834,-150,0,0
-38.76985,2.0024834,-150,0,0
-39.76985,2.0024834,-150,0,0
-40.76985,2.0024834,-150,0,0
-41.76985,2.0024834,-150,0,0
-42.76985,2.0024834,-150,0,0
-43.76985,2.0024834,-150,0,0
-44.76985,2.0024834,-150,0,0
-45.76985,2.0024834,-150,0,0
-46.76985,2.0024834,-150,0,0
-47.76985,2.0024834,-150,0,0
-48.76985,2.0024834,-150,0,0
-49.76985,2.0024834,-150,0,0
49.23015,1.0024834,-150,0,0
48.23015,1.0024834,-150,0,0
47.23015,1.0024834,-150,0,0
46.23015,1.0024834,-150,0,0
45.23015,1.0024834,-150,0,0
44.23015,1.0024834,-150,0,0
43.23015,1.0024834,-150,0,0
42.23015,1.0024834,-150,0,0
41.23015,1.0024834,-150,0,0
40.23015,1.0024834,-150,0,0
39.23015,1.0024834,-150,0,0
38.23015,1.0024834,-150,0,0
37.23015,1.0024834,-150,0,0
36.23015,1.0024834,-150,0,0
35.23015,1.0024834,-150,0,0
34.23015,1.0024834,-150,0,0
33.23015,1.0024834,-150,0,0
32.23015,1.0024834,-150,0,0
31.230148,1.0024834,-150,0,0
30.230148,1.0024834,-150,0,0
29.230148,1.0024834,-150,0,0
28.230148,1.0024834,-150,0,0
27.230148,1.0024834,-150,0,0
26.230148,1.0024834,-150,0,0
25.230148,1.0024834,-150,0,0
24.230148,1.0024834,-150,0,0
23.230148,1.0024834,-150,0,0
22.230148,1.0024834,-150,0,0
21.230148,1.0024834,-150,0,0
20.230148,1.0024834,-150,0,0
19.230148,1.0024834,-150,0,11.999997
18.230148,1.0024834,-150,0.33354494,67.99999
17.230148,1.0024834,-150,0.13149434,39.999996
16.230148,1.0024834,-150,0.09561889,31.999996
15.230148,1.0024834,-150,0.17227453,47.999996
14.230148,1.0024834,-150,0.11251722,43.999996
13.230148,1.0024834,-150,0.07287079,51.999996
12.230148,1.0024834,-150,0.16159396,39.999996
11.230148,1.0024834,-150,0.43249187,47.999996
10.230148,1.0024834,-150,0.6656731,67.99999
9.230148,1.0024834,-150,0.6423736,55.999996
8.230148,1.0024834,-150,0.5035982,51.999996
7.2301483,1.0024834,-150,0.49038547,59.999996
6.2301483,1.0024834,-150,0.5285697,87.99999
5.2301483,1.0024834,-150,0.48690522,95.99999
4.2301483,1.0024834,-150,0.37251163,47.999996
3.2301483,1.0024834,-150,0.35631344,71.99999
2.2301483,1.0024834,-150,0.38479117,67.99999
1.2301483,1.0024834,-150,0.37960744,55.999996
0.23014832,1.0024834,-150,0.3930281,67.99999
-0.7698517,1.0024834,-150,0.53137445,87.99999
-1.7698517,1.0024834,-150,0.6488291,75.99999
-2.7698517,1.0024834,-150,0.6918808,59.999996
-3.7698517,1.0024834,-150,0.62668437,91.99999
-4.7698517,1.0024834,-150,0.50360173,43.999996
-5.7698517,1.0024834,-150,0.4246637,47.999996
-6.7698517,1.0024834,-150,0.3813395,47.999996
-7.7698517,1.0024834,-150,0.2823264,43.999996
-8.769852,1.0024834,-150,0.24544035,11.999997
-9.769852,1.0024834,-150,0.21031158,27.999996
-10.769852,1.0024834,-150,0.13218012,19.999996
-11.769852,1.0024834,-150,0.20190361,35.999996
-12.769852,1.0024834,-150,0.3008197,35.999996
-13.769852,1.0024834,-150,0.18615673,31.999996
-14.769852,1.0024834,-150,0.02133628,51.999996
-15.769852,1.0024834,-150,-0.032270394,31.999996
-16.769852,1.0024834,-150,0.1329411,23.999996
-17.769852,1.0024834,-150,0.3941859,43.999996
-18.769852,1.0024834,-150,0.4493645,55.999996
-19.769852,1.0024834,-150,0.25852776,35.999996
-20.769852,1.0024834,-150,0,19.999996
-21.769852,1.0024834,-150,0,0
-22.769852,1.0024834,-150,0,0
-23.769852,1.0024834,-150,0,0
-24.769852,1.0024834,-150,0,0
-25.769852,1.0024834,-150,0,0
-26.769852,1.0024834,-150,0,0
-27.769852,1.0024834,-150,0,0
-28.769852,1.0024834,-150,0,0
-29.769852,1.0024834,-150,0,0
-30.769852,1.0024834,-150,0,0
-31.769852,1.0024834,-150,0,0
-32.76985,1.0024834,-150,0,0
-33.76985,1.0024834,-150,0,0
-34.76985,1.0024834,-150,0,0
-35.76985,1.0024834,-150,0,0
-36.76985,1.0024834,-150,0,0
-37.76985,1.0024834,-150,0,0
-38.76985,1.0024834,-150,0,0
-39.76985,1.0024834,-150,0,0
-40.76985,1.0024834,-150,0,0
-41.76985,1.0024834,-150,0,0
-42.76985,1.0024834,-150,0,0
-43.76985,1.0024834,-150,0,0
-44.76985,1.0024834,-150,0,0
-45.76985,1.0024834,-150,0,0
-46.76985,1.0024834,-150,0,0
-47.76985,1.0024834,-150,0,0
-48.76985,1.0024834,-150,0,0
-49.76985,1.0024834,-150,0,0
49.23015,0.002483368,-150,0,0
48.23015,0.002483368,-150,0,0
47.23015,0.002483368,-150,0,0
46.23015,0.002483368,-150,0,0
45.23015,0.002483368,-150,0,0
44.23015,0.002483368,-150,0,0
43.23015,0.002483368,-150,0,0
42.23015,0.002483368,-150,0,0
41.23015,0.002483368,-150,0,0
40.23015,0.002483368,-150,0,0
39.23015,0.002483368,-150,0,0
38.23015,0.002483368,-150,0,0
37.23015,0.002483368,-150,0,0
36.23015,0.002483368,-150,0,0
35.23015,0.002483368,-150,0,0
34.23015,0.002483368,-150,0,0
33.23015,0.002483368,-150,0,0
32.23015,0.002483368,-150,0,0
31.230148,0.002483368,-150,0,0
30.230148,0.002483368,-150,0,0
29.230148,0.002483368,-150,0,0
28.230148,0.002483368,-150,0,0
27.230148,0.002483368,-150,0,0
26.230148,0.002483368,-150,0,0
25.230148,0.002483368,-150,0,0
24.230148,0.002483368,-150,0,0
23.230148,0.002483368,-150,0,0
22.230148,0.002483368,-150,0,0
21.230148,0.002483368,-150,0,0
20.230148,0.002483368,-150,0,0
19.230148,0.002483368,-150,0,15.999996
18.230148,0.002483368,-150,0.39976323,91.99999
17.230148,0.002483368,-150,0.18883127,83.99999
16.230148,0.002483368,-150,0.05906759,67.99999
15.230148,0.002483368,-150,0.057735644,39.999996
14.230148,0.002483368,-150,0.07593538,47.999996
13.230148,0.002483368,-150,0.060631122,39.999996
12.230148,0.002483368,-150,0.1440376,27.999996
11.230148,0.002483368,-150,0.37745762,59.999996
10.230148,0.002483368,-150,Infinity,55.999996
9.230148,0.002483368,-150,Infinity,51.999996
8.230148,0.002483368,-150,Infinity,67.99999
7.2301483,0.002483368,-150,0.6756979,67.99999
6.2301483,0.002483368,-150,0.6828483,51.999996
5.2301483,0.002483368,-150,0.5384088,59.999996
4.2301483,0.002483368,-150,0.38244694,55.999996
3.2301483,0.002483368,-150,0.3297391,51.999996
2.2301483,0.002483368,-150,0.32232654,51.999996
1.2301483,0.002483368,-150,0.35459226,39.999996
0.23014832,0.002483368,-150,0.42673677,51.999996
-0.7698517,0.002483368,-150,0.5462816,87.99999
-1.7698517,0.002483368,-150,0.6024678,95.99999
-2.7698517,0.002483368,-150,0.6867372,67.99999
-3.7698517,0.002483368,-150,0.6827154,71.99999
-4.7698517,0.002483368,-150,0.5320609,43.999996
-5.7698517,0.002483368,-150,0.27826524,35.999996
-6.7698517,0.002483368,-150,0.12740013,11.999997
-7.7698517,0.002483368,-150,0.01991565,23.999996
-8.769852,0.002483368,-150,0.045880396,23.999996
-9.769852,0.002483368,-150,0.069186494,43.999996
-10.769852,0.002483368,-150,-0.016222222,7.999998
-11.769852,0.002483368,-150,0.03389594,19.999996
-12.769852,0.002483368,-150,0.14368007,31.999996
-13.769852,0.002483368,-150,0.09910686,31.999996
-14.769852,0.002483368,-150,0.016625158,47.999996
-15.769852,0.002483368,-150,-0.079184875,15.999996
-16.769852,0.002483368,-150,0.04369946,7.999998
-17.769852,0.002483368,-150,0.44091654,35.999996
-18.769852,0.002483368,-150,0.5589388,27.999996
-19.769852,0.002483368,-150,0.4115101,51.999996
-20.769852,0.002483368,-150,0,35.999996
-21.769852,0.002483368,-150,0,7.999998
-22.769852,0.002483368,-150,0,0
-23.769852,0.002483368,-150,0,0
-24.769852,0.002483368,-150,0,0
-25.769852,0.002483368,-150,0,0
-26.769852,0.002483368,-150,0,0
-27.769852,0.002483368,-150,0,0
-28.769852,0.002483368,-150,0,0
-29.769852,0.002483368,-150,0,0
-30.769852,0.002483368,-150,0,0
-31.769852,0.002483368,-150,0,0
-32.76985,0.002483368,-150,0,0
-33.76985,0.002483368,-150,0,0
-34.76985,0.002483368,-150,0,0
-35.76985,0.002483368,-150,0,0
-36.76985,0.002483368,-150,0,0
-37.76985,0.002483368,-150,0,0
-38.76985,0.002483368,-150,0,0
-39.76985,0.002483368,-150,0,0
-40.76985,0.002483368,-150,0,0
-41.76985,0.002483368,-150,0,0
-42.76985,0.002483368,-150,0,0
-43.76985,0.002483368,-150,0,0
-44.76985,0.002483368,-150,0,0
-45.76985,0.002483368,-150,0,0
-46.76985,0.002483368,-150,0,0
-47.76985,0.002483368,-150,0,0
-48.76985,0.002483368,-150,0,0
-49.76985,0.002483368,-150,0,0
49.23015,-0.99751663,-150,0,0
48.23015,-0.99751663,-150,0,0
47.23015,-0.99751663,-150,0,0
46.23015,-0.99751663,-150,0,0
45.23015,-0.99751663,-150,0,0
44.23015,-0.99751663,-150,0,0
43.23015,-0.99751663,-150,0,0
42.23015,-0.99751663,-150,0,0
41.23015,-0.99751663,-150,0,0
40.23015,-0.99751663,-150,0,0
39.23015,-0.99751663,-150,0,0
38.23015,-0.99751663,-150,0,0
37.23015,-0.99751663,-150,0,0
36.23015,-0.99751663,-150,0,0
35.23015,-0.99751663,-150,0,0
34.23015,-0.99751663,-150,0,0
33.23015,-0.99751663,-150,0,0
32.23015,-0.99751663,-150,0,0
31.230148,-0.99751663,-150,0,0
30.230148,-0.99751663,-150,0,0
29.230148,-0.99751663,-150,0,0
28.230148,-0.99751663,-150,0,0
27.230148,-0.99751663,-150,0,0
26.230148,-0.99751663,-150,0,0
25.230148,-0.99751663,-150,0,0
24.230148,-0.99751663,-150,0,0
23.230148,-0.99751663,-150,0,0
22.230148,-0.99751663,-150,0,0
21.230148,-0.99751663,-150,0,0
20.230148,-0.99751663,-150,0,0
19.230148,-0.99751663,-150,0,27.999996
18.230148,-0.99751663,-150,0,55.999996
17.230148,-0.99751663,-150,0.29782206,35.999996
16.230148,-0.99751663,-150,0.22684571,43.999996
15.230148,-0.99751663,-150,0.30848232,83.99999
14.230148,-0.99751663,-150,0.39783752,71.99999
13.230148,-0.99751663,-150,0.4216042,87.99999
12.230148,-0.99751663,-150,0.3969534,51.999996
11.230148,-0.99751663,-150,0.43345454,31.999996
10.230148,-0.99751663,-150,Infinity,59.999996
9.230148,-0.99751663,-150,Infinity,55.999996
8.230148,-0.99751663,-150,Infinity,35.999996
7.2301483,-0.99751663,-150,0.7046834,75.99999
6.2301483,-0.99751663,-150,0.6497194,63.999996
5.2301483,-0.99751663,-150,0.59344506,43.999996
4.2301483,-0.99751663,-150,0.5481169,79.99999
3.2301483,-0.99751663,-150,0.51283574,87.99999
2.2301483,-0.99751663,-150,0.43831214,91.99999
1.2301483,-0.99751663,-150,0.43270904,59.999996
0.23014832,-0.99751663,-150,0.47809196,91.99999
-0.7698517,-0.99751663,-150,0.4567837,35.999996
-1.7698517,-0.99751663,-150,0.41773486,55.999996
-2.7698517,-0.99751663,-150,0.5525009,39.999996
-3.7698517,-0.99751663,-150,0.69630885,67.99999
-4.7698517,-0.99751663,-150,0.5621565,47.999996
-5.7698517,-0.99751663,-150,0.23437451,43.999996
-6.7698517,-0.99751663,-150,-0.022794932,7.999998
-7.7698517,-0.99751663,-150,-0.13412957,27.999996
-8.769852,-0.99751663,-150,-0.17555736,23.999996
-9.769852,-0.99751663,-150,-0.2349136,15.999996
-10.769852,-0.99751663,-150,-0.19207998,15.999996
-11.769852,-0.99751663,-150,-0.06397874,7.999998
-12.769852,-0.99751663,-150,0.035755925,3.999999
-13.769852,-0.99751663,-150,0.01249788,7.999998
-14.769852,-0.99751663,-150,0.033159893,15.999996
-15.769852,-0.99751663,-150,0.044244826,35.999996
-16.769852,-0.99751663,-150,0.10222934,7.999998
-17.769852,-0.99751663,-150,0.39302486,43.999996
-18.769852,-0.99751663,-150,0.546979,71.99999
-19.769852,-0.99751663,-150,0.52160466,51.999996
-20.769852,-0.99751663,-150,0,67.99999
-21.769852,-0.99751663,-150,0,3.999999
-22.769852,-0.99751663,-150,0,0
-23.769852,-0.99751663,-150,0,0
-24.769852,-0.99751663,-150,0,0
-25.769852,-0.99751663,-150,0,0
-26.769852,-0.99751663,-150,0,0
-27.769852,-0.99751663,-150,0,0
-28.769852,-0.99751663,-150,0,0
-29.769852,-0.99751663,-150,0,0
-30.769852,-0.99751663,-150,0,0
-31.769852,-0.99751663,-150,0,0
-32.76985,-0.99751663,-150,0,0
-33.76985,-0.99751663,-150,0,0
-34.76985,-0.99751663,-150,0,0
-35.76985,-0.99751663,-150,0,0
-36.76985,-0.99751663,-150,0,0
-37.76985,-0.99751663,-150,0,0
-38.76985,-0.99751663,-150,0,0
-39.76985,-0.99751663,-150,0,0
-40.76985,-0.99751663,-150,0,0
-41.76985,-0.99751663,-150,0,0
-42.76985,-0.99751663,-150,0,0
-43.76985,-0.99751663,-150,0,0
-44.76985,-0.99751663,-150,0,0
-45.76985,-0.99751663,-150,0,0
-46.76985,-0.99751663,-150,0,0
-47.76985,-0.99751663,-150,0,0
-48.76985,-0.99751663,-150,0,0
-49.76985,-0.99751663,-150,0,0
49.23015,-1.9975166,-150,0,0
48.23015,-1.9975166,-150,0,0
47.23015,-1.9975166,-150,0,0
46.23015,-1.9975166,-150,0,0
45.23015,-1.9975166,-150,0,0
44.23015,-1.9975166,-150,0,0
43.23015,-1.9975166,-150,0,0
42.23015,-1.9975166,-150,0,0
41.23015,-1.9975166,-150,0,0
40.23015,-1.9975166,-150,0,0
39.23015,-1.9975166,-150,0,0
38.23015,-1.9975166,-150,0,0
37.23015,-1.9975166,-150,0,0
36.23015,-1.9975166,-150,0,0
35.23015,-1.9975166,-150,0,0
34.23015,-1.9975166,-150,0,0
33.23015,-1.9975166,-150,0,0
32.23015,-1.9975166,-150,0,0
31.230148,-1.9975166,-150,0,0
30.230148,-1.9975166,-150,0,0
29.230148,-1.9975166,-150,0,0
28.230148,-1.9975166,-150,0,0
27.230148,-1.9975166,-150,0,0
26.230148,-1.9975166,-150,0,0
25.230148,-1.9975166,-150,0,0
24.230148,-1.9975166,-150,0,0
23.230148,-1.9975166,-150,0,0
22.230148,-1.9975166,-150,0,0
21.230148,-1.9975166,-150,0,0
20.230148,-1.9975166,-150,0,0
19.230148,-1.9975166,-150,0,0
18.230148,-1.9975166,-150,0,67.99999
17.230148,-1.9975166,-150,0.5285789,71.99999
16.230148,-1.9975166,-150,0.56134856,63.999996
15.230148,-1.9975166,-150,0.6596768,55.999996
14.230148,-1.9975166,-150,0.7480653,87.99999
13.230148,-1.9975166,-150,0.74637455,103.99999
12.230148,-1.9975166,-150,0.60873675,51.999996
11.230148,-1.9975166,-150,0.44943523,63.999996
10.230148,-1.9975166,-150,Infinity,35.999996
9.230148,-1.9975166,-150,Infinity,47.999996
8.230148,-1.9975166,-150,Infinity,47.999996
7.2301483,-1.9975166,-150,0.6182728,47.999996
6.2301483,-1.9975166,-150,0.5965182,59.999996
5.2301483,-1.9975166,-150,0.6159037,83.99999
4.2301483,-1.9975166,-150,0.6381335,87.99999
3.2301483,-1.9975166,-150,0.6644904,75.99999
2.2301483,-1.9975166,-150,0.55006033,55.999996
1.2301483,-1.9975166,-150,0.44212013,31.999996
0.23014832,-1.9975166,-150,0.39441404,51.999996
-0.7698517,-1.9975166,-150,0.25550488,47.999996
-1.7698517,-1.9975166,-150,0.20263371,35.999996
-2.7698517,-1.9975166,-150,0.41281676,55.999996
-3.7698517,-1.9975166,-150,0.5749566,39.999996
-4.7698517,-1.9975166,-150,0.47421807,55.999996
-5.7698517,-1.9975166,-150,0.17957172,43.999996
-6.7698517,-1.9975166,-150,-0.03835832,15.999996
-7.7698517,-1.9975166,-150,-0.11714883,27.999996
-8.769852,-1.9975166,-150,-0.31537163,23.999996
-9.769852,-1.9975166,-150,-0.5086627,3.999999
-10.769852,-1.9975166,-150,-0.41959506,3.999999
-11.769852,-1.9975166,-150,-0.12515676,11.999997
-12.769852,-1.9975166,-150,0.09624107,11.999997
-13.769852,-1.9975166,-150,0.075209565,23.999996
-14.769852,-1.9975166,-150,0.09315826,19.999996
-15.769852,-1.9975166,-150,0.23887351,23.999996
-16.769852,-1.9975166,-150,0.3427242,35.999996
-17.769852,-1.9975166,-150,0.42942977,39.999996
-18.769852,-1.9975166,-150,0.48657626,71.99999
-19.769852,-1.9975166,-150,0.45110902,63.999996
-20.769852,-1.9975166,-150,0,39.999996
-21.769852,-1.9975166,-150,0,0
-22.769852,-1.9975166,-150,0,0
-23.769852,-1.9975166,-150,0,0
-24.769852,-1.9975166,-150,0,0
-25.769852,-1.9975166,-150,0,0
-26.769852,-1.9975166,-150,0,0
-27.769852,-1.9975166,-150,0,0
-28.769852,-1.9975166,-150,0,0
-29.769852,-1.9975166,-150,0,0
-30.769852,-1.9975166,-150,0,0
-31.769852,-1.9975166,-150,0,0
-32.76985,-1.9975166,-150,0,0
-33.76985,-1.9975166,-150,0,0
-34.76985,-1.9975166,-150,0,0
-35.76985,-1.9975166,-150,0,0
-36.76985,-1.9975166,-150,0,0
-37.76985,-1.9975166,-150,0,0
-38.76985,-1.9975166,-150,0,0
-39.76985,-1.9975166,-150,0,0
-40.76985,-1.9975166,-150,0,0
-41.76985,-1.9975166,-150,0,0
-42.76985,-1.9975166,-150,0,0
-43.76985,-1.9975166,-150,0,0
-44.76985,-1.9975166,-150,0,0
-45.76985,-1.9975166,-150,0,0
-46.76985,-1.9975166,-150,0,0
-47.76985,-1.9975166,-150,0,0
-48.76985,-1.9975166,-150,0,0
-49.76985,-1.9975166,-150,0,0
49.23015,-2.9975166,-150,0,0
48.23015,-2.9975166,-150,0,0
47.23015,-2.9975166,-150,0,0
46.23015,-2.9975166,-150,0,0
45.23015,-2.9975166,-150,0,0
44.23015,-2.9975166,-150,0,0
43.23015,-2.9975166,-150,0,0
42.23015,-2.9975166,-150,0,0
41.23015,-2.9975166,-150,0,0
40.23015,-2.9975166,-150,0,0
39.23015,-2.9975166,-150,0,0
38.23015,-2.9975166,-150,0,0
37.23015,-2.9975166,-150,0,0
36.23015,-2.9975166,-150,0,0
35.23015,-2.9975166,-150,0,0
34.23015,-2.9975166,-150,0,0
33.23015,-2.9975166,-150,0,0
32.23015,-2.9975166,-150,0,0
31.230148,-2.9975166,-150,0,0
30.230148,-2.9975166,-150,0,0
29.230148,-2.9975166,-150,0,0
28.230148,-2.9975166,-150,0,0
27.230148,-2.9975166,-150,0,0
26.230148,-2.9975166,-150,0,0
25.230148,-2.9975166,-150,0,0
24.230148,-2.9975166,-150,0,0
23.230148,-2.9975166,-150,0,0
22.230148,-2.9975166,-150,0,0
21.230148,-2.9975166,-150,0,0
20.230148,-2.9975166,-150,0,0
19.230148,-2.9975166,-150,0,0
18.230148,-2.9975166,-150,0,55.999996
17.230148,-2.9975166,-150,0.7093483,83.99999
16.230148,-2.9975166,-150,0.7482941,83.99999
15.230148,-2.9975166,-150,0.80425805,111.99999
14.230148,-2.9975166,-150,0.75886714,79.99999
13.230148,-2.9975166,-150,0.65155727,71.99999
12.230148,-2.9975166,-150,0.48998022,51.999996
11.230148,-2.9975166,-150,0.30919933,43.999996
10.230148,-2.9975166,-150,0.2830333,35.999996
9.230148,-2.9975166,-150,0.4117491,39.999996
8.230148,-2.9975166,-150,0.50486755,31.999996
7.2301483,-2.9975166,-150,0.5257226,39.999996
6.2301483,-2.9975166,-150,0.5359583,47.999996
5.2301483,-2.9975166,-150,0.53565955,23.999996
4.2301483,-2.9975166,-150,0.5334716,59.999996
3.2301483,-2.9975166,-150,0.50765145,71.99999
2.2301483,-2.9975166,-150,0.45758212,39.999996
1.2301483,-2.9975166,-150,0.39036232,39.999996
0.23014832,-2.9975166,-150,0.28872138,39.999996
-0.7698517,-2.9975166,-150,0.13557963,35.999996
-1.7698517,-2.9975166,-150,0.13769037,35.999996
-2.7698517,-2.9975166,-150,0.3206246,87.99999
-3.7698517,-2.9975166,-150,0.44678527,43.999996
-4.7698517,-2.9975166,-150,0.34829468,47.999996
-5.7698517,-2.9975166,-150,0.119983114,3.999999
-6.7698517,-2.9975166,-150,0.015882228,19.999996
-7.7698517,-2.9975166,-150,-0.0788292,19.999996
-8.769852,-2.9975166,-150,-0.30964625,31.999996
-9.769852,-2.9975166,-150,-0.45745605,7.999998
-10.769852,-2.9975166,-150,-0.3638289,15.999996
-11.769852,-2.9975166,-150,-0.16074075,3.999999
-12.769852,-2.9975166,-150,0.037619818,3.999999
-13.769852,-2.9975166,-150,0.10154915,19.999996
-14.769852,-2.9975166,-150,0.16219515,3.999999
-15.769852,-2.9975166,-150,0.38695008,19.999996
-16.769852,-2.9975166,-150,0.55751956,27.999996
-17.769852,-2.9975166,-150,0.59276396,83.99999
-18.769852,-2.9975166,-150,0.53917646,71.99999
-19.769852,-2.9975166,-150,0,79.99999
-20.769852,-2.9975166,-150,0,3.999999
-21.769852,-2.9975166,-150,0,0
-22.769852,-2.9975166,-150,0,0
-23.769852,-2.9975166,-150,0,0
-24.769852,-2.9975166,-150,0,0
-25.769852,-2.9975166,-150,0,0
-26.769852,-2.9975166,-150,0,0
-27.769852,-2.9975166,-150,0,0
-28.769852,-2.9975166,-150,0,0
-29.769852,-2.9975166,-150,0,0
-30.769852,-2.9975166,-150,0,0
-31.769852,-2.9975166,-150,0,0
-32.76985,-2.9975166,-150,0,0
-33.76985,-2.9975166,-150,0,0
-34.76985,-2.9975166,-150,0,0
-35.76985,-2.9975166,-150,0,0
-36.76985,-2.9975166,-150,0,0
-37.76985,-2.9975166,-150,0,0
-38.76985,-2.9975166,-150,0,0
-39.76985,-2.9975166,-150,0,0
-40.76985,-2.9975166,-150,0,0
-41.76985,-2.9975166,-150,0,0
-42.76985,-2.9975166,-150,0,0
-43.76985,-2.9975166,-150,0,0
-44.76985,-2.9975166,-150,0,0
-45.76985,-2.9975166,-150,0,0
-46.76985,-2.9975166,-150,0,0
-47.76985,-2.9975166,-150,0,0
-48.76985,-2.9975166,-150,0,0
-49.76985,-2.9975166,-150,0,0
49.23015,-3.9975166,-150,0,0
48.23015,-3.9975166,-150,0,0
47.23015,-3.9975166,-150,0,0
46.23015,-3.9975166,-150,0,0
45.23015,-3.9975166,-150,0,0
44.23015,-3.9975166,-150,0,0
43.23015,-3.9975166,-150,0,0
42.23015,-3.9975166,-150,0,0
41.23015,-3.9975166,-150,0,0
40.23015,-3.9975166,-150,0,0
39.23015,-3.9975166,-150,0,0
38.23015,-3.9975166,-150,0,0
37.23015,-3.9975166,-150,0,0
36.23015,-3.9975166,-150,0,0
35.23015,-3.9975166,-150,0,0
34.23015,-3.9975166,-150,0,0
33.23015,-3.9975166,-150,0,0
32.23015,-3.9975166,-150,0,0
31.230148,-3.9975166,-150,0,0
30.230148,-3.9975166,-150,0,0
29.230148,-3.9975166,-150,0,0
28.230148,-3.9975166,-150,0,0
27.230148,-3.9975166,-150,0,0
26.230148,-3.9975166,-150,0,0
25.230148,-3.9975166,-150,0,0
24.230148,-3.9975166,-150,0,0
23.230148,-3.9975166,-150,0,0
22.230148,-3.9975166,-150,0,0
21.230148,-3.9975166,-150,0,0
20.230148,-3.9975166,-150,0,0
19.230148,-3.9975166,-150,0,0
18.230148,-3.9975166,-150,0,19.999996
17.230148,-3.9975166,-150,Infinity,63.999996
16.230148,-3.9975166,-150,0.73094106,115.99999
15.230148,-3.9975166,-150,0.71525925,51.999996
14.230148,-3.9975166,-150,0.6071395,95.99999
13.230148,-3.9975166,-150,0.443031,39.999996
12.230148,-3.9975166,-150,0.2684804,31.999996
11.230148,-3.9975166,-150,0.17080216,55.999996
10.230148,-3.9975166,-150,0.2268279,47.999996
9.230148,-3.9975166,-150,0.383022,67.99999
8.230148,-3.9975166,-150,0.44283497,55.999996
7.2301483,-3.9975166,-150,0.43490833,43.999996
6.2301483,-3.9975166,-150,0.44888374,63.999996
5.2301483,-3.9975166,-150,0.48530796,75.99999
4.2301483,-3.9975166,-150,0.48790383,63.999996
3.2301483,-3.9975166,-150,0.4211163,31.999996
2.2301483,-3.9975166,-150,0.42887568,39.999996
1.2301483,-3.9975166,-150,0.4231279,51.999996
0.23014832,-3.9975166,-150,0.3228802,59.999996
-0.7698517,-3.9975166,-150,0.28447255,59.999996
-1.7698517,-3.9975166,-150,0.30953962,35.999996
-2.7698517,-3.9975166,-150,0.3311113,35.999996
-3.7698517,-3.9975166,-150,0.452967,63.999996
-4.7698517,-3.9975166,-150,0.4248467,55.999996
-5.7698517,-3.9975166,-150,0.23777586,23.999996
-6.7698517,-3.9975166,-150,0.06547028,23.999996
-7.7698517,-3.9975166,-150,-0.07214305,27.999996
-8.769852,-3.9975166,-150,-0.20139192,11.999997
-9.769852,-3.9975166,-150,-0.1454228,15.999996
-10.769852,-3.9975166,-150,-0.01849274,27.999996
-11.769852,-3.9975166,-150,0.028094634,35.999996
-12.769852,-3.9975166,-150,0.013040203,15.999996
-13.769852,-3.9975166,-150,0.081558995,19.999996
-14.769852,-3.9975166,-150,0.23433217,27.999996
-15.769852,-3.9975166,-150,0.45569205,51.999996
-16.769852,-3.9975166,-150,0.6701307,55.999996
-17.769852,-3.9975166,-150,0.7120233,59.999996
-18.769852,-3.9975166,-150,Infinity,91.99999
-19.769852,-3.9975166,-150,0,31.999996
-20.769852,-3.9975166,-150,0,0
-21.769852,-3.9975166,-150,0,0
-22.769852,-3.9975166,-150,0,0
-23.769852,-3.9975166,-150,0,0
-24.769852,-3.9975166,-150,0,0
-25.769852,-3.9975166,-150,0,0
-26.769852,-3.9975166,-150,0,0
-27.769852,-3.9975166,-150,0,0
-28.769852,-3.9975166,-150,0,0
-29.769852,-3.9975166,-150,0,0
-30.769852,-3.9975166,-150,0,0
-31.769852,-3.9975166,-150,0,0
-32.76985,-3.9975166,-150,0,0
-33.76985,-3.9975166,-150,0,0
-34.76985,-3.9975166,-150,0,0
-35.76985,-3.9975166,-150,0,0
-36.76985,-3.9975166,-150,0,0
-37.76985,-3.9975166,-150,0,0
-38.76985,-3.9975166,-150,0,0
-39.76985,-3.9975166,-150,0,0
-40.76985,-3.9975166,-150,0,0
-41.76985,-3.9975166,-150,0,0
-42.76985,-3.9975166,-150,0,0
-43.76985,-3.9975166,-150,0,0
-44.76985,-3.9975166,-150,0,0
-45.76985,-3.9975166,-150,0,0
-46.76985,-3.9975166,-150,0,0
-47.76985,-3.9975166,-150,0,0
-48.76985,-3.9975166,-150,0,0
-49.76985,-3.9975166,-150,0,0
49.23015,-4.9975166,-150,0,0
48.23015,-4.9975166,-150,0,0
47.23015,-4.9975166,-150,0,0
46.23015,-4.9975166,-150,0,0
45.23015,-4.9975166,-150,0,0
44.23015,-4.9975166,-150,0,0
43.23015,-4.9975166,-150,0,0
42.23015,-4.9975166,-150,0,0
41.23015,-4.9975166,-150,0,0
40.23015,-4.9975166,-150,0,0
39.23015,-4.9975166,-150,0,0
38.23015,-4.9975166,-150,0,0
37.23015,-4.9975166,-150,0,0
36.23015,-4.9975166,-150,0,0
35.23015,-4.9975166,-150,0,0
34.23015,-4.9975166,-150,0,0
33.23015,-4.9975166,-150,0,0
32.23015,-4.9975166,-150,0,0
31.230148,-4.9975166,-150,0,0
30.230148,-4.9975166,-150,0,0
29.230148,-4.9975166,-150,0,0
28.230148,-4.9975166,-150,0,0
27.230148,-4.9975166,-150,0,0
26.230148,-4.9975166,-150,0,0
25.230148,-4.9975166,-150,0,0
24.230148,-4.9975166,-150,0,0
23.230148,-4.9975166,-150,0,0
22.230148,-4.9975166,-150,0,0
21.230148,-4.9975166,-150,0,0
20.230148,-4.9975166,-150,0,0
19.230148,-4.9975166,-150,0,0
18.230148,-4.9975166,-150,0,7.999998
17.230148,-4.9975166,-150,0,79.99999
16.230148,-4.9975166,-150,0.62893987,59.999996
15.230148,-4.9975166,-150,0.5986989,59.999996
14.230148,-4.9975166,-150,0.46393067,43.999996
13.230148,-4.9975166,-150,0.31471524,63.999996
12.230148,-4.9975166,-150,0.13512297,55.999996
11.230148,-4.9975166,-150,0.08244789,19.999996
10.230148,-4.9975166,-150,0.25546783,67.99999
9.230148,-4.9975166,-150,0.448448,55.999996
8.230148,-4.9975166,-150,0.49817225,43.999996
7.2301483,-4.9975166,-150,0.48265088,43.999996
6.2301483,-4.9975166,-150,0.45530808,51.999996
5.2301483,-4.9975166,-150,0.51802474,35.999996
4.2301483,-4.9975166,-150,0.6106875,35.999996
3.2301483,-4.9975166,-150,0.6295043,51.999996
2.2301483,-4.9975166,-150,0.60126823,63.999996
1.2301483,-4.9975166,-150,0.49132437,51.999996
0.23014832,-4.9975166,-150,0.4379276,15.999996
-0.7698517,-4.9975166,-150,0.5633166,55.999996
-1.7698517,-4.9975166,-150,0.52103066,39.999996
-2.7698517,-4.9975166,-150,0.39187363,39.999996
-3.7698517,-4.9975166,-150,0.45131853,79.99999
-4.7698517,-4.9975166,-150,0.44401896,55.999996
-5.7698517,-4.9975166,-150,0.28337395,27.999996
-6.7698517,-4.9975166,-150,0.087404,31.999996
-7.7698517,-4.9975166,-150,-0.061399367,19.999996
-8.769852,-4.9975166,-150,-0.03938892,35.999996
-9.769852,-4.9975166,-150,0.09806514,19.999996
-10.769852,-4.9975166,-150,0.20495108,27.999996
-11.769852,-4.9975166,-150,0.1501535,23.999996
-12.769852,-4.9975166,-150,0.06669523,47.999996
-13.769852,-4.9975166,-150,0.109070644,31.999996
-14.769852,-4.9975166,-150,0.25471944,23.999996
-15.769852,-4.9975166,-150,0.4418949,15.999996
-16.769852,-4.9975166,-150,0.5986848,95.99999
-17.769852,-4.9975166,-150,0.6695221,71.99999
-18.769852,-4.9975166,-150,0,67.99999
-19.769852,-4.9975166,-150,0,3.999999
-20.769852,-4.9975166,-150,0,0
-21.769852,-4.9975166,-150,0,0
-22.769852,-4.9975166,-150,0,0
-23.769852,-4.9975166,-150,0,0
-24.769852,-4.9975166,-150,0,0
-25.769852,-4.9975166,-150,0,0
-26.769852,-4.9975166,-150,0,0
-27.769852,-4.9975166,-150,0,0
-28.769852,-4.9975166,-150,0,0
-29.769852,-4.9975166,-150,0,0
-30.769852,-4.9975166,-150,0,0
-31.769852,-4.9975166,-150,0,0
-32.76985,-4.9975166,-150,0,0
-33.76985,-4.9975166,-150,0,0
-34.76985,-4.9975166,-150,0,0
-35.76985,-4.9975166,-150,0,0
-36.76985,-4.9975166,-150,0,0
-37.76985,-4.9975166,-150,0,0
-38.76985,-4.9975166,-150,0,0
-39.76985,-4.9975166,-150,0,0
-40.76985,-4.9975166,-150,0,0
-41.76985,-4.9975166,-150,0,0
-42.76985,-4.9975166,-150,0,0
-43.76985,-4.9975166,-150,0,0
-44.76985,-4.9975166,-150,0,0
-45.76985,-4.9975166,-150,0,0
-46.76985,-4.9975166,-150,0,0
-47.76985,-4.9975166,-150,0,0
-48.76985,-4.9975166,-150,0,0
-49.76985,-4.9975166,-150,0,0
49.23015,-5.9975166,-150,0,0
48.23015,-5.9975166,-150,0,0
47.23015,-5.9975166,-150,0,0
46.23015,-5.9975166,-150,0,0
45.23015,-5.9975166,-150,0,0
44.23015,-5.9975166,-150,0,0
43.23015,-5.9975166,-150,0,0
42.23015,-5.9975166,-150,0,0
41.23015,-5.9975166,-150,0,0
40.23015,-5.9975166,-150,0,0
39.23015,-5.9975166,-150,0,0
38.23015,-5.9975166,-150,0,0
37.23015,-5.9975166,-150,0,0
36.23015,-5.9975166,-150,0,0
35.23015,-5.9975166,-150,0,0
34.23015,-5.9975166,-150,0,0
33.23015,-5.9975166,-150,0,0
32.23015,-5.9975166,-150,0,0
31.230148,-5.9975166,-150,0,0
30.230148,-5.9975166,-150,0,0
29.230148,-5.9975166,-150,0,0
28.230148,-5.9975166,-150,0,0
27.230148,-5.9975166,-150,0,0
26.230148,-5.9975166,-150,0,0
25.230148,-5.9975166,-150,0,0
24.230148,-5.9975166,-150,0,0
23.230148,-5.9975166,-150,0,0
22.230148,-5.9975166,-150,0,0
21.230148,-5.9975166,-150,0,0
20.230148,-5.9975166,-150,0,0
19.230148,-5.9975166,-150,0,0
18.230148,-5.9975166,-150,0,0
17.230148,-5.9975166,-150,0,31.999996
16.230148,-5.9975166,-150,0.4587,71.99999
15.230148,-5.9975166,-150,0.4945678,35.999996
14.230148,-5.9975166,-150,0.37882617,67.99999
13.230148,-5.9975166,-150,0.26031289,27.999996
12.230148,-5.9975166,-150,0.14628462,35.999996
11.230148,-5.9975166,-150,0.08572854,15.999996
10.230148,-5.9975166,-150,0.24758284,67.99999
9.230148,-5.9975166,-150,0.4783936,27.999996
8.230148,-5.9975166,-150,0.5890611,27.999996
7.2301483,-5.9975166,-150,0.6093877,47.999996
6.2301483,-5.9975166,-150,0.52735364,67.99999
5.2301483,-5.9975166,-150,0.5007918,27.999996
4.2301483,-5.9975166,-150,0.5775427,39.999996
3.2301483,-5.9975166,-150,0.67969364,47.999996
2.2301483,-5.9975166,-150,0.660339,47.999996
1.2301483,-5.9975166,-150,0.49880782,23.999996
0.23014832,-5.9975166,-150,0.5091659,15.999996
-0.7698517,-5.9975166,-150,0.6563406,39.999996
-1.7698517,-5.9975166,-150,0.61676145,35.999996
-2.7698517,-5.9975166,-150,0.4835137,39.999996
-3.7698517,-5.9975166,-150,0.4342067,35.999996
-4.7698517,-5.9975166,-150,0.31555977,11.999997
-5.7698517,-5.9975166,-150,0.19201523,31.999996
-6.7698517,-5.9975166,-150,0.10091624,23.999996
-7.7698517,-5.9975166,-150,0.065451205,27.999996
-8.769852,-5.9975166,-150,0.10037072,31.999996
-9.769852,-5.9975166,-150,0.18527353,35.999996
-10.769852,-5.9975166,-150,0.14064889,23.999996
-11.769852,-5.9975166,-150,0.016132142,23.999996
-12.769852,-5.9975166,-150,-0.02679779,23.999996
-13.769852,-5.9975166,-150,0.103970796,31.999996
-14.769852,-5.9975166,-150,0.30364317,23.999996
-15.769852,-5.9975166,-150,0.43230173,43.999996
-16.769852,-5.9975166,-150,0.45255464,55.999996
-17.769852,-5.9975166,-150,0,59.999996
-18.769852,-5.9975166,-150,0,27.999996
-19.769852,-5.9975166,-150,0,0
-20.769852,-5.9975166,-150,0,0
-21.769852,-5.9975166,-150,0,0
-22.769852,-5.9975166,-150,0,0
-23.769852,-5.9975166,-150,0,0
-24.769852,-5.9975166,-150,0,0
-25.769852,-5.9975166,-150,0,0
-26.769852,-5.9975166,-150,0,0
-27.769852,-5.9975166,-150,0,0
-28.769852,-5.9975166,-150,0,0
-29.769852,-5.9975166,-150,0,0
-30.769852,-5.9975166,-150,0,0
-31.769852,-5.9975166,-150,0,0
-32.76985,-5.9975166,-150,0,0
-33.76985,-5.9975166,-150,0,0
-34.76985,-5.9975166,-150,0,0
-35.76985,-5.9975166,-150,0,0
-36.76985,-5.9975166,-150,0,0
-37.76985,-5.9975166,-150,0,0
-38.76985,-5.9975166,-150,0,0
-39.76985,-5.9975166,-150,0,0
-40.76985,-5.9975166,-150,0,0
-41.76985,-5.9975166,-150,0,0
-42.76985,-5.9975166,-150,0,0
-43.76985,-5.9975166,-150,0,0
-44.76985,-5.9975166,-150,0,0
-45.76985,-5.9975166,-150,0,0
-46.76985,-5.9975166,-150,0,0
-47.76985,-5.9975166,-150,0,0
-48.76985,-5.9975166,-150,0,0
-49.76985,-5.9975166,-150,0,0
49.23015,-6.9975166,-150,0,0
48.23015,-6.9975166,-150,0,0
47.23015,-6.9975166,-150,0,0
46.23015,-6.9975166,-150,0,0
45.23015,-6.9975166,-150,0,0
44.23015,-6.9975166,-150,0,0
43.23015,-6.9975166,-150,0,0
42.23015,-6.9975166,-150,0,0
41.23015,-6.9975166,-150,0,0
40.23015,-6.9975166,-150,0,0
39.23015,-6.9975166,-150,0,0
38.23015,-6.9975166,-150,0,0
37.23015,-6.9975166,-150,0,0
36.23015,-6.9975166,-150,0,0
35.23015,-6.9975166,-150,0,0
34.23015,-6.9975166,-150,0,0
33.23015,-6.9975166,-150,0,0
32.23015,-6.9975166,-150,0,0
31.230148,-6.9975166,-150,0,0
30.230148,-6.9975166,-150,0,0
29.230148,-6.9975166,-150,0,0
28.230148,-6.9975166,-150,0,0
27.230148,-6.9975166,-150,0,0
26.230148,-6.9975166,-150,0,0
25.230148,-6.9975166,-150,0,0
24.230148,-6.9975166,-150,0,0
23.230148,-6.9975166,-150,0,0
22.230148,-6.9975166,-150,0,0
21.230148,-6.9975166,-150,0,0
20.230148,-6.9975166,-150,0,0
19.230148,-6.9975166,-150,0,0
18.230148,-6.9975166,-150,0,0
17.230148,-6.9975166,-150,0,3.999999
16.230148,-6.9975166,-150,0,23.999996
15.230148,-6.9975166,-150,0.37971288,39.999996
14.230148,-6.9975166,-150,0.38388985,47.999996
13.230148,-6.9975166,-150,0.32655746,63.999996
12.230148,-6.9975166,-150,0.28755707,47.999996
11.230148,-6.9975166,-150,0.21454446,19.999996
10.230148,-6.9975166,-150,0.23192579,15.999996
9.230148,-6.9975166,-150,0.3887778,35.999996
8.230148,-6.9975166,-150,0.5410805,47.999996
7.2301483,-6.9975166,-150,0.5929423,55.999996
6.2301483,-6.9975166,-150,0.49167597,43.999996
5.2301483,-6.9975166,-150,0.3888439,27.999996
4.2301483,-6.9975166,-150,0.43608594,23.999996
3.2301483,-6.9975166,-150,0.6252206,43.999996
2.2301483,-6.9975166,-150,0.65184116,23.999996
1.2301483,-6.9975166,-150,0.5173215,39.999996
0.23014832,-6.9975166,-150,0.4971102,27.999996
-0.7698517,-6.9975166,-150,0.60856146,19.999996
-1.7698517,-6.9975166,-150,0.6257648,31.999996
-2.7698517,-6.9975166,-150,0.575063,83.99999
-3.7698517,-6.9975166,-150,0.47703895,91.99999
-4.7698517,-6.9975166,-150,0.34528548,47.999996
-5.7698517,-6.9975166,-150,0.20924082,19.999996
-6.7698517,-6.9975166,-150,0.18188713,27.999996
-7.7698517,-6.9975166,-150,0.26324892,51.999996
-8.769852,-6.9975166,-150,0.26452398,11.999997
-9.769852,-6.9975166,-150,0.20476106,19.999996
-10.769852,-6.9975166,-150,0.0878358,31.999996
-11.769852,-6.9975166,-150,-0.05994113,15.999996
-12.769852,-6.9975166,-150,-0.0030263274,43.999996
-13.769852,-6.9975166,-150,0.20726807,35.999996
-14.769852,-6.9975166,-150,0.4307698,67.99999
-15.769852,-6.9975166,-150,0.48351604,83.99999
-16.769852,-6.9975166,-150,0.3770421,47.999996
-17.769852,-6.9975166,-150,0,75.99999
-18.769852,-6.9975166,-150,0,0
-19.769852,-6.9975166,-150,0,0
-20.769852,-6.9975166,-150,0,0
-21.769852,-6.9975166,-150,0,0
-22.769852,-6.9975166,-150,0,0
-23.769852,-6.9975166,-150,0,0
-24.769852,-6.9975166,-150,0,0
-25.769852,-6.9975166,-150,0,0
-26.769852,-6.9975166,-150,0,0
-27.769852,-6.9975166,-150,0,0
-28.769852,-6.9975166,-150,0,0
-29.769852,-6.9975166,-150,0,0
-30.769852,-6.9975166,-150,0,0
-31.769852,-6.9975166,-150,0,0
-32.76985,-6.9975166,-150,0,0
-33.76985,-6.9975166,-150,0,0
-34.76985,-6.9975166,-150,0,0
-35.76985,-6.9975166,-150,0,0
-36.76985,-6.9975166,-150,0,0
-37.76985,-6.9975166,-150,0,0
-38.76985,-6.9975166,-150,0,0
-39.76985,-6.9975166,-150,0,0
-40.76985,-6.9975166,-150,0,0
-41.76985,-6.9975166,-150,0,0
-42.76985,-6.9975166,-150,0,0
-43.76985,-6.9975166,-150,0,0
-44.76985,-6.9975166,-150,0,0
-45.76985,-6.9975166,-150,0,0
-46.76985,-6.9975166,-150,0,0
-47.76985,-6.9975166,-150,0,0
-48.76985,-6.9975166,-150,0,0
-49.76985,-6.9975166,-150,0,0
49.23015,-7.9975166,-150,0,0
48.23015,-7.9975166,-150,0,0
47.23015,-7.9975166,-150,0,0
46.23015,-7.9975166,-150,0,0
45.23015,-7.9975166,-150,0,0
44.23015,-7.9975166,-150,0,0
43.23015,-7.9975166,-150,0,0
42.23015,-7.9975166,-150,0,0
41.23015,-7.9975166,-150,0,0
40.23015,-7.9975166,-150,0,0
39.23015,-7.9975166,-150,0,0
38.23015,-7.9975166,-150,0,0
37.23015,-7.9975166,-150,0,0
36.23015,-7.9975166,-150,0,0
35.23015,-7.9975166,-150,0,0
34.23015,-7.9975166,-150,0,0
33.23015,-7.9975166,-150,0,0
32.23015,-7.9975166,-150,0,0
31.230148,-7.9975166,-150,0,0
30.230148,-7.9975166,-150,0,0
29.230148,-7.9975166,-150,0,0
28.230148,-7.9975166,-150,0,0
27.230148,-7.9975166,-150,0,0
26.230148,-7.9975166,-150,0,0
25.230148,-7.9975166,-150,0,0
24.230148,-7.9975166,-150,0,0
23.230148,-7.9975166,-150,0,0
22.230148,-7.9975166,-150,0,0
21.230148,-7.9975166,-150,0,0
20.230148,-7.9975166,-150,0,0
19.230148,-7.9975166,-150,0,0
18.230148,-7.9975166,-150,0,0
17.230148,-7.9975166,-150,0,0
16.230148,-7.9975166,-150,0,3.999999
15.230148,-7.9975166,-150,0,31.999996
14.230148,-7.9975166,-150,0.4414025,35.999996
13.230148,-7.9975166,-150,0.34399003,47.999996
12.230148,-7.9975166,-150,0.3166104,23.999996
11.230148,-7.9975166,-150,0.36484247,39.999996
10.230148,-7.9975166,-150,0.31803077,23.999996
9.230148,-7.9975166,-150,0.32417336,7.999998
8.230148,-7.9975166,-150,0.48316035,47.999996
7.2301483,-7.9975166,-150,0.5049066,43.999996
6.2301483,-7.9975166,-150,0.3758916,47.999996
5.2301483,-7.9975166,-150,0.29422075,15.999996
4.2301483,-7.9975166,-150,0.36566132,47.999996
3.2301483,-7.9975166,-150,0.61723316,55.999996
2.2301483,-7.9975166,-150,0.7148145,51.999996
1.2301483,-7.9975166,-150,0.53285617,19.999996
0.23014832,-7.9975166,-150,0.4599523,35.999996
-0.7698517,-7.9975166,-150,0.5462637,71.99999
-1.7698517,-7.9975166,-150,0.5568131,47.999996
-2.7698517,-7.9975166,-150,0.5401231,91.99999
-3.7698517,-7.9975166,-150,0.48739582,55.999996
-4.7698517,-7.9975166,-150,0.416873,43.999996
-5.7698517,-7.9975166,-150,0.32501894,47.999996
-6.7698517,-7.9975166,-150,0.263265,39.999996
-7.7698517,-7.9975166,-150,0.33637673,39.999996
-8.769852,-7.9975166,-150,0.3843046,31.999996
-9.769852,-7.9975166,-150,0.33609346,47.999996
-10.769852,-7.9975166,-150,0.19723994,19.999996
-11.769852,-7.9975166,-150,0.071628265,35.999996
-12.769852,-7.9975166,-150,0.13939703,47.999996
-13.769852,-7.9975166,-150,0.31552076,51.999996
-14.769852,-7.9975166,-150,0.4692933,71.99999
-15.769852,-7.9975166,-150,0.51025856,79.99999
-16.769852,-7.9975166,-150,0,67.99999
-17.769852,-7.9975166,-150,0,7.999998
-18.769852,-7.9975166,-150,0,0
-19.769852,-7.9975166,-150,0,0
-20.769852,-7.9975166,-150,0,0
-21.769852,-7.9975166,-150,0,0
-22.769852,-7.9975166,-150,0,0
-23.769852,-7.9975166,-150,0,0
-24.769852,-7.9975166,-150,0,0
-25.769852,-7.9975166,-150,0,0
-26.769852,-7.9975166,-150,0,0
-27.769852,-7.9975166,-150,0,0
-28.769852,-7.9975166,-150,0,0
-29.769852,-7.9975166,-150,0,0
-30.769852,-7.9975166,-150,0,0
-31.769852,-7.9975166,-150,0,0
-32.76985,-7.9975166,-150,0,0
-33.76985,-7.9975166,-150,0,0
-34.76985,-7.9975166,-150,0,0
-35.76985,-7.9975166,-150,0,0
-36.76985,-7.9975166,-150,0,0
-37.76985,-7.9975166,-150,0,0
-38.76985,-7.9975166,-150,0,0
-39.76985,-7.9975166,-150,0,0
-40.76985,-7.9975166,-150,0,0
-41.76985,-7.9975166,-150,0,0
-42.76985,-7.9975166,-150,0,0
-43.76985,-7.9975166,-150,0,0
-44.76985,-7.9975166,-150,0,0
-45.76985,-7.9975166,-150,0,0
-46.76985,-7.9975166,-150,0,0
-47.76985,-7.9975166,-150,0,0
-48.76985,-7.9975166,-150,0,0
-49.76985,-7.9975166,-150,0,0
49.23015,-8.997517,-150,0,0
48.23015,-8.997517,-150,0,0
47.23015,-8.997517,-150,0,0
46.23015,-8.997517,-150,0,0
45.23015,-8.997517,-150,0,0
44.23015,-8.997517,-150,0,0
43.23015,-8.997517,-150,0,0
42.23015,-8.997517,-150,0,0
41.23015,-8.997517,-150,0,0
40.23015,-8.997517,-150,0,0
39.23015,-8.997517,-150,0,0
38.23015,-8.997517,-150,0,0
37.23015,-8.997517,-150,0,0
36.23015,-8.997517,-150,0,0
35.23015,-8.997517,-150,0,0
34.23015,-8.997517,-150,0,0
33.23015,-8.997517,-150,0,0
32.23015,-8.997517,-150,0,0
31.230148,-8.997517,-150,0,0
30.230148,-8.997517,-150,0,0
29.230148,-8.997517,-150,0,0
28.230148,-8.997517,-150,0,0
27.230148,-8.997517,-150,0,0
26.230148,-8.997517,-150,0,0
25.230148,-8.997517,-150,0,0
24.230148,-8.997517,-150,0,0
23.230148,-8.997517,-150,0,0
22.230148,-8.997517,-150,0,0
21.230148,-8.997517,-150,0,0
20.230148,-8.997517,-150,0,0
19.230148,-8.997517,-150,0,0
18.230148,-8.997517,-150,0,0
17.230148,-8.997517,-150,0,0
16.230148,-8.997517,-150,0,0
15.230148,-8.997517,-150,0,47.999996
14.230148,-8.997517,-150,0.49432993,55.999996
13.230148,-8.997517,-150,0.32745683,43.999996
12.230148,-8.997517,-150,0.3150712,15.999996
11.230148,-8.997517,-150,0.45604503,35.999996
10.230148,-8.997517,-150,0.45862204,31.999996
9.230148,-8.997517,-150,0.40373206,43.999996
8.230148,-8.997517,-150,0.4681685,31.999996
7.2301483,-8.997517,-150,0.42473605,51.999996
6.2301483,-8.997517,-150,0.3264597,39.999996
5.2301483,-8.997517,-150,0.35085112,31.999996
4.2301483,-8.997517,-150,0.41741338,35.999996
3.2301483,-8.997517,-150,0.59928656,27.999996
2.2301483,-8.997517,-150,0.68327,47.999996
1.2301483,-8.997517,-150,0.51803666,15.999996
0.23014832,-8.997517,-150,0.46724027,35.999996
-0.7698517,-8.997517,-150,0.5127872,39.999996
-1.7698517,-8.997517,-150,0.45912492,71.99999
-2.7698517,-8.997517,-150,0.36313403,23.999996
-3.7698517,-8.997517,-150,0.35118055,35.999996
-4.7698517,-8.997517,-150,0.437419,91.99999
-5.7698517,-8.997517,-150,0.45900673,67.99999
-6.7698517,-8.997517,-150,0.39270484,35.999996
-7.7698517,-8.997517,-150,0.39498717,59.999996
-8.769852,-8.997517,-150,0.46807832,55.999996
-9.769852,-8.997517,-150,0.49101967,35.999996
-10.769852,-8.997517,-150,0.3631026,71.99999
-11.769852,-8.997517,-150,0.16862613,31.999996
-12.769852,-8.997517,-150,0.19777113,39.999996
-13.769852,-8.997517,-150,0.37184387,83.99999
-14.769852,-8.997517,-150,0.48925686,39.999996
-15.769852,-8.997517,-150,0,67.99999
-16.769852,-8.997517,-150,0,11.999997
-17.769852,-8.997517,-150,0,0
-18.769852,-8.997517,-150,0,0
-19.769852,-8.997517,-150,0,0
-20.769852,-8.997517,-150,0,0
-21.769852,-8.997517,-150,0,0
-22.769852,-8.997517,-150,0,0
-23.769852,-8.997517,-150,0,0
-24.769852,-8.997517,-150,0,0
-25.769852,-8.997517,-150,0,0
-26.769852,-8.997517,-150,0,0
-27.769852,-8.997517,-150,0,0
-28.769852,-8.997517,-150,0,0
-29.769852,-8.997517,-150,0,0
-30.769852,-8.997517,-150,0,0
-31.769852,-8.997517,-150,0,0
-32.76985,-8.997517,-150,0,0
-33.76985,-8.997517,-150,0,0
-34.76985,-8.997517,-150,0,0
-35.76985,-8.997517,-150,0,0
-36.76985,-8.997517,-150,0,0
-37.76985,-8.997517,-150,0,0
-38.76985,-8.997517,-150,0,0
-39.76985,-8.997517,-150,0,0
-40.76985,-8.997517,-150,0,0
-41.76985,-8.997517,-150,0,0
-42.76985,-8.997517,-150,0,0
-43.76985,-8.997517,-150,0,0
-44.76985,-8.997517,-150,0,0
-45.76985,-8.997517,-150,0,0
-46.76985,-8.997517,-150,0,0
-47.76985,-8.997517,-150,0,0
-48.76985,-8.997517,-150,0,0
-49.76985,-8.997517,-150,0,0
49.23015,-9.997517,-150,0,0
48.23015,-9.997517,-150,0,0
47.23015,-9.997517,-150,0,0
46.23015,-9.997517,-150,0,0
45.23015,-9.997517,-150,0,0
44.23015,-9.997517,-150,0,0
43.23015,-9.997517,-150,0,0
42.23015,-9.997517,-150,0,0
41.23015,-9.997517,-150,0,0
40.23015,-9.997517,-150,0,0
39.23015,-9.997517,-150,0,0
38.23015,-9.997517,-150,0,0
37.23015,-9.997517,-150,0,0
36.23015,-9.997517,-150,0,0
35.23015,-9.997517,-150,0,0
34.23015,-9.997517,-150,0,0
33.23015,-9.997517,-150,0,0
32.23015,-9.997517,-150,0,0
31.230148,-9.997517,-150,0,0
30.230148,-9.997517,-150,0,0
29.230148,-9.997517,-150,0,0
28.230148,-9.997517,-150,0,0
27.230148,-9.997517,-150,0,0
26.230148,-9.997517,-150,0,0
25.230148,-9.997517,-150,0,0
24.230148,-9.997517,-150,0,0
23.230148,-9.997517,-150,0,0
22.230148,-9.997517,-150,0,0
21.230148,-9.997517,-150,0,0
20.230148,-9.997517,-150,0,0
19.230148,-9.997517,-150,0,0
18.230148,-9.997517,-150,0,0
17.230148,-9.997517,-150,0,0
16.230148,-9.997517,-150,0,0
15.230148,-9.997517,-150,0,11.999997
14.230148,-9.997517,-150,0,67.99999
13.230148,-9.997517,-150,0.3819931,31.999996
12.230148,-9.997517,-150,0.45521307,31.999996
11.230148,-9.997517,-150,0.5631104,55.999996
10.230148,-9.997517,-150,0.5652718,63.999996
9.230148,-9.997517,-150,0.4928394,43.999996
8.230148,-9.997517,-150,0.4573945,39.999996
7.2301483,-9.997517,-150,0.37000793,51.999996
6.2301483,-9.997517,-150,0.36687356,23.999996
5.2301483,-9.997517,-150,0.5272908,31.999996
4.2301483,-9.997517,-150,0.5871259,51.999996
3.2301483,-9.997517,-150,0.58939856,43.999996
2.2301483,-9.997517,-150,0.5799573,55.999996
1.2301483,-9.997517,-150,0.50287294,47.999996
0.23014832,-9.997517,-150,0.48725563,31.999996
-0.7698517,-9.997517,-150,0.5414798,83.99999
-1.7698517,-9.997517,-150,0.44289896,43.999996
-2.7698517,-9.997517,-150,0.3374167,27.999996
-3.7698517,-9.997517,-150,0.33981133,31.999996
-4.7698517,-9.997517,-150,0.46904743,71.99999
-5.7698517,-9.997517,-150,0.5625812,83.99999
-6.7698517,-9.997517,-150,0.5608492,67.99999
-7.7698517,-9.997517,-150,0.5247451,63.999996
-8.769852,-9.997517,-150,0.5689331,63.999996
-9.769852,-9.997517,-150,0.58241105,63.999996
-10.769852,-9.997517,-150,0.37252378,47.999996
-11.769852,-9.997517,-150,0.13979095,51.999996
-12.769852,-9.997517,-150,0.16845381,43.999996
-13.769852,-9.997517,-150,0.41830087,75.99999
-14.769852,-9.997517,-150,0,67.99999
-15.769852,-9.997517,-150,0,15.999996
-16.769852,-9.997517,-150,0,0
-17.769852,-9.997517,-150,0,0
-18.769852,-9.997517,-150,0,0
-19.769852,-9.997517,-150,0,0
-20.769852,-9.997517,-150,0,0
-21.769852,-9.997517,-150,0,0
-22.769852,-9.997517,-150,0,0
-23.769852,-9.997517,-150,0,0
-24.769852,-9.997517,-150,0,0
-25.769852,-9.997517,-150,0,0
-26.769852,-9.997517,-150,0,0
-27.769852,-9.997517,-150,0,0
-28.769852,-9.997517,-150,0,0
-29.769852,-9.997517,-150,0,0
-30.769852,-9.997517,-150,0,0
-31.769852,-9.997517,-150,0,0
-32.76985,-9.997517,-150,0,0
-33.76985,-9.997517,-150,0,0
-34.76985,-9.997517,-150,0,0
-35.76985,-9.997517,-150,0,0
-36.76985,-9.997517,-150,0,0
-37.76985,-9.997517,-150,0,0
-38.76985,-9.997517,-150,0,0
-39.76985,-9.997517,-150,0,0
-40.76985,-9.997517,-150,0,0
-41.76985,-9.997517,-150,0,0
-42.76985,-9.997517,-150,0,0
-43.76985,-9.997517,-150,0,0
-44.76985,-9.997517,-150,0,0
-45.76985,-9.997517,-150,0,0
-46.76985,-9.997517,-150,0,0
-47.76985,-9.997517,-150,0,0
-48.76985,-9.997517,-150,0,0
-49.76985,-9.997517,-150,0,0
49.23015,-10.997517,-150,0,0
48.23015,-10.997517,-150,0,0
47.23015,-10.997517,-150,0,0
46.23015,-10.997517,-150,0,0
45.23015,-10.997517,-150,0,0
44.23015,-10.997517,-150,0,0
43.23015,-10.997517,-150,0,0
42.23015,-10.997517,-150,0,0
41.23015,-10.997517,-150,0,0
40.23015,-10.997517,-150,0,0
39.23015,-10.997517,-150,0,0
38.23015,-10.997517,-150,0,0
37.23015,-10.997517,-150,0,0
36.23015,-10.997517,-150,0,0
35.23015,-10.997517,-150,0,0
34.23015,-10.997517,-150,0,0
33.23015,-10.997517,-150,0,0
32.23015,-10.997517,-150,0,0
31.230148,-10.997517,-150,0,0
30.230148,-10.997517,-150,0,0
29.230148,-10.997517,-150,0,0
28.230148,-10.997517,-150,0,0
27.230148,-10.997517,-150,0,0
26.230148,-10.997517,-150,0,0
25.230148,-10.997517,-150,0,0
24.230148,-10.997517,-150,0,0
23.230148,-10.997517,-150,0,0
22.230148,-10.997517,-150,0,0
21.230148,-10.997517,-150,0,0
20.230148,-10.997517,-150,0,0
19.230148,-10.997517,-150,0,0
18.230148,-10.997517,-150,0,0
17.230148,-10.997517,-150,0,0
16.230148,-10.997517,-150,0,0
15.230148,-10.997517,-150,0,0
14.230148,-10.997517,-150,0,7.999998
13.230148,-10.997517,-150,0,43.999996
12.230148,-10.997517,-150,0.6779969,79.99999
11.230148,-10.997517,-150,0.70742226,75.99999
10.230148,-10.997517,-150,0.6583911,75.99999
9.230148,-10.997517,-150,0.61490357,95.99999
8.230148,-10.997517,-150,0.5667887,71.99999
7.2301483,-10.997517,-150,0.45560527,43.999996
6.2301483,-10.997517,-150,0.45677066,39.999996
5.2301483,-10.997517,-150,0.61138535,51.999996
4.2301483,-10.997517,-150,0.63695985,43.999996
3.2301483,-10.997517,-150,0.52855223,35.999996
2.2301483,-10.997517,-150,0.47565317,47.999996
1.2301483,-10.997517,-150,0.46927142,63.999996
0.23014832,-10.997517,-150,0.4795959,27.999996
-0.7698517,-10.997517,-150,0.46799788,51.999996
-1.7698517,-10.997517,-150,0.43987617,43.999996
-2.7698517,-10.997517,-150,0.45581934,47.999996
-3.7698517,-10.997517,-150,0.49073812,87.99999
-4.7698517,-10.997517,-150,0.50672287,55.999996
-5.7698517,-10.997517,-150,0.6002426,63.999996
-6.7698517,-10.997517,-150,0.6798543,83.99999
-7.7698517,-10.997517,-150,0.63262355,75.99999
-8.769852,-10.997517,-150,0.54651624,75.99999
-9.769852,-10.997517,-150,0.42065018,51.999996
-10.769852,-10.997517,-150,0.22514787,47.999996
-11.769852,-10.997517,-150,0.06795266,47.999996
-12.769852,-10.997517,-150,-Infinity,59.999996
-13.769852,-10.997517,-150,0,59.999996
-14.769852,-10.997517,-150,0,15.999996
-15.769852,-10.997517,-150,0,0
-16.769852,-10.997517,-150,0,0
-17.769852,-10.997517,-150,0,0
-18.769852,-10.997517,-150,0,0
-19.769852,-10.997517,-150,0,0
-20.769852,-10.997517,-150,0,0
-21.769852,-10.997517,-150,0,0
-22.769852,-10.997517,-150,0,0
-23.769852,-10.997517,-150,0,0
-24.769852,-10.997517,-150,0,0
-25.769852,-10.997517,-150,0,0
-26.769852,-10.997517,-150,0,0
-27.769852,-10.997517,-150,0,0
-28.769852,-10.997517,-150,0,0
-29.769852,-10.997517,-150,0,0
-30.769852,-10.997517,-150,0,0
-31.769852,-10.997517,-150,0,0
-32.76985,-10.997517,-150,0,0
-33.76985,-10.997517,-150,0,0
-34.76985,-10.997517,-150,0,0
-35.76985,-10.997517,-150,0,0
-36.76985,-10.997517,-150,0,0
-37.76985,-10.997517,-150,0,0
-38.76985,-10.997517,-150,0,0
-39.76985,-10.997517,-150,0,0
-40.76985,-10.997517,-150,0,0
-41.76985,-10.997517,-150,0,0
-42.76985,-10.997517,-150,0,0
-43.76985,-10.997517,-150,0,0
-44.76985,-10.997517,-150,0,0
-45.76985,-10.997517,-150,0,0
-46.76985,-10.997517,-150,0,0
-47.76985,-10.997517,-150,0,0
-48.76985,-10.997517,-150,0,0
-49.76985,-10.997517,-150,0,0
49.23015,-11.997517,-150,0,0
48.23015,-11.997517,-150,0,0
47.23015,-11.997517,-150,0,0
46.23015,-11.997517,-150,0,0
45.23015,-11.997517,-150,0,0
44.23015,-11.997517,-150,0,0
43.23015,-11.997517,-150,0,0
42.23015,-11.997517,-150,0,0
41.23015,-11.997517,-150,0,0
40.23015,-11.997517,-150,0,0
39.23015,-11.997517,-150,0,0
38.23015,-11.997517,-150,0,0
37.23015,-11.997517,-150,0,0
36.23015,-11.997517,-150,0,0
35.23015,-11.997517,-150,0,0
34.23015,-11.997517,-150,0,0
33.23015,-11.997517,-150,0,0
32.23015,-11.997517,-150,0,0
31.230148,-11.997517,-150,0,0
30.230148,-11.997517,-150,0,0
29.230148,-11.997517,-150,0,0
28.230148,-11.997517,-150,0,0
27.230148,-11.997517,-150,0,0
26.230148,-11.997517,-150,0,0
25.230148,-11.997517,-150,0,0
24.230148,-11.997517,-150,0,0
23.230148,-11.997517,-150,0,0
22.230148,-11.997517,-150,0,0
21.230148,-11.997517,-150,0,0
20.230148,-11.997517,-150,0,0
19.230148,-11.997517,-150,0,0
18.230148,-11.997517,-150,0,0
17.230148,-11.997517,-150,0,0
16.230148,-11.997517,-150,0,0
15.230148,-11.997517,-150,0,0
14.230148,-11.997517,-150,0,0
13.230148,-11.997517,-150,0,19.999996
12.230148,-11.997517,-150,0,91.99999
11.230148,-11.997517,-150,0.68792844,87.99999
10.230148,-11.997517,-150,0.6363142,79.99999
9.230148,-11.997517,-150,0.6571644,43.999996
8.230148,-11.997517,-150,0.68491745,71.99999
7.2301483,-11.997517,-150,0.608899,39.999996
6.2301483,-11.997517,-150,0.55063957,63.999996
5.2301483,-11.997517,-150,0.5503451,47.999996
4.2301483,-11.997517,-150,0.4947038,31.999996
3.2301483,-11.997517,-150,0.4178118,27.999996
2.2301483,-11.997517,-150,0.37297016,43.999996
1.2301483,-11.997517,-150,0.3752368,55.999996
0.23014832,-11.997517,-150,0.36107937,43.999996
-0.7698517,-11.997517,-150,0.3425309,23.999996
-1.7698517,-11.997517,-150,0.39192718,27.999996
-2.7698517,-11.997517,-150,0.5234222,59.999996
-3.7698517,-11.997517,-150,0.5560781,79.99999
-4.7698517,-11.997517,-150,0.48275068,63.999996
-5.7698517,-11.997517,-150,0.51607704,79.99999
-6.7698517,-11.997517,-150,0.662475,111.99999
-7.7698517,-11.997517,-150,0.6557874,95.99999
-8.769852,-11.997517,-150,0.4647877,55.999996
-9.769852,-11.997517,-150,0.27648056,39.999996
-10.769852,-11.997517,-150,0.15463725,35.999996
-11.769852,-11.997517,-150,0,63.999996
-12.769852,-11.997517,-150,0,35.999996
-13.769852,-11.997517,-150,0,0
-14.769852,-11.997517,-150,0,0
-15.769852,-11.997517,-150,0,0
-16.769852,-11.997517,-150,0,0
-17.769852,-11.997517,-150,0,0
-18.769852,-11.997517,-150,0,0
-19.769852,-11.997517,-150,0,0
-20.769852,-11.997517,-150,0,0
-21.769852,-11.997517,-150,0,0
-22.769852,-11.997517,-150,0,0
-23.769852,-11.997517,-150,0,0
-24.769852,-11.997517,-150,0,0
-25.769852,-11.997517,-150,0,0
-26.769852,-11.997517,-150,0,0
-27.769852,-11.997517,-150,0,0
-28.769852,-11.997517,-150,0,0
-29.769852,-11.997517,-150,0,0
-30.769852,-11.997517,-150,0,0
-31.769852,-11.997517,-150,0,0
-32.76985,-11.997517,-150,0,0
-33.76985,-11.997517,-150,0,0
-34.76985,-11.997517,-150,0,0
-35.76985,-11.997517,-150,0,0
-36.76985,-11.997517,-150,0,0
-37.76985,-11.997517,-150,0,0
-38.76985,-11.997517,-150,0,0
-39.76985,-11.997517,-150,0,0
-40.76985,-11.997517,-150,0,0
-41.76985,-11.997517,-150,0,0
-42.76985,-11.997517,-150,0,0
-43.76985,-11.997517,-150,0,0
-44.76985,-11.997517,-150,0,0
-45.76985,-11.997517,-150,0,0
-46.76985,-11.997517,-150,0,0
-47.76985,-11.997517,-150,0,0
-48.76985,-11.997517,-150,0,0
-49.76985,-11.997517,-150,0,0
49.23015,-12.997517,-150,0,0
48.23015,-12.997517,-150,0,0
47.23015,-12.997517,-150,0,0
46.23015,-12.997517,-150,0,0
45.23015,-12.997517,-150,0,0
44.23015,-12.997517,-150,0,0
43.23015,-12.997517,-150,0,0
42.23015,-12.997517,-150,0,0
41.23015,-12.997517,-150,0,0
40.23015,-12.997517,-150,0,0
39.23015,-12.997517,-150,0,0
38.23015,-12.997517,-150,0,0
37.23015,-12.997517,-150,0,0
36.23015,-12.997517,-150,0,0
35.23015,-12.997517,-150,0,0
34.23015,-12.997517,-150,0,0
33.23015,-12.997517,-150,0,0
32.23015,-12.997517,-150,0,0
31.230148,-12.997517,-150,0,0
30.230148,-12.997517,-150,0,0
29.230148,-12.997517,-150,0,0
28.230148,-12.997517,-150,0,0
27.230148,-12.997517,-150,0,0
26.230148,-12.997517,-150,0,0
25.230148,-12.997517,-150,0,0
24.230148,-12.997517,-150,0,0
23.230148,-12.997517,-150,0,0
22.230148,-12.997517,-150,0,0
21.230148,-12.997517,-150,0,0
20.230148,-12.997517,-150,0,0
19.230148,-12.997517,-150,0,0
18.230148,-12.997517,-150,0,0
17.230148,-12.997517,-150,0,0
16.230148,-12.997517,-150,0,0
15.230148,-12.997517,-150,0,0
14.230148,-12.997517,-150,0,0
13.230148,-12.997517,-150,0,0
12.230148,-12.997517,-150,0,15.999996
11.230148,-12.997517,-150,0,39.999996
10.230148,-12.997517,-150,Infinity,59.999996
9.230148,-12.997517,-150,0.43579224,35.999996
8.230148,-12.997517,-150,0.5666632,71.99999
7.2301483,-12.997517,-150,0.6048051,91.99999
6.2301483,-12.997517,-150,0.5535446,51.999996
5.2301483,-12.997517,-150,0.5237479,63.999996
4.2301483,-12.997517,-150,0.45775408,35.999996
3.2301483,-12.997517,-150,0.41380644,35.999996
2.2301483,-12.997517,-150,0.38957003,47.999996
1.2301483,-12.997517,-150,0.3185183,47.999996
0.23014832,-12.997517,-150,0.29160202,55.999996
-0.7698517,-12.997517,-150,0.3621654,51.999996
-1.7698517,-12.997517,-150,0.48138604,63.999996
-2.7698517,-12.997517,-150,0.5406587,51.999996
-3.7698517,-12.997517,-150,0.48773563,63.999996
-4.7698517,-12.997517,-150,0.35246435,71.99999
-5.7698517,-12.997517,-150,0.33806372,31.999996
-6.7698517,-12.997517,-150,0.517467,59.999996
-7.7698517,-12.997517,-150,0.5900471,71.99999
-8.769852,-12.997517,-150,0.5145917,59.999996
-9.769852,-12.997517,-150,0,67.99999
-10.769852,-12.997517,-150,0,43.999996
-11.769852,-12.997517,-150,0,19.999996
-12.769852,-12.997517,-150,0,0
-13.769852,-12.997517,-150,0,0
-14.769852,-12.997517,-150,0,0
-15.769852,-12.997517,-150,0,0
-16.769852,-12.997517,-150,0,0
-17.769852,-12.997517,-150,0,0
-18.769852,-12.997517,-150,0,0
-19.769852,-12.997517,-150,0,0
-20.769852,-12.997517,-150,0,0
-21.769852,-12.997517,-150,0,0
-22.769852,-12.997517,-150,0,0
-23.769852,-12.997517,-150,0,0
-24.769852,-12.997517,-150,0,0
-25.769852,-12.997517,-150,0,0
-26.769852,-12.997517,-150,0,0
-27.769852,-12.997517,-150,0,0
-28.769852,-12.997517,-150,0,0
-29.769852,-12.997517,-150,0,0
-30.769852,-12.997517,-150,0,0
-31.769852,-12.997517,-150,0,0
-32.76985,-12.997517,-150,0,0
-33.76985,-12.997517,-150,0,0
-34.76985,-12.997517,-150,0,0
-35.76985,-12.997517,-150,0,0
-36.76985,-12.997517,-150,0,0
-37.76985,-12.997517,-150,0,0
-38.76985,-12.997517,-150,0,0
-39.76985,-12.997517,-150,0,0
-40.76985,-12.997517,-150,0,0
-41.76985,-12.997517,-150,0,0
-42.76985,-12.997517,-150,0,0
-43.76985,-12.997517,-150,0,0
-44.76985,-12.997517,-150,0,0
-45.76985,-12.997517,-150,0,0
-46.76985,-12.997517,-150,0,0
-47.76985,-12.997517,-150,0,0
-48.76985,-12.997517,-150,0,0
-49.76985,-12.997517,-150,0,0
49.23015,-13.997517,-150,0,0
48.23015,-13.997517,-150,0,0
47.23015,-13.997517,-150,0,0
46.23015,-13.997517,-150,0,0
45.23015,-13.997517,-150,0,0
44.23015,-13.997517,-150,0,0
43.23015,-13.997517,-150,0,0
42.23015,-13.997517,-150,0,0
41.23015,-13.997517,-150,0,0
40.23015,-13.997517,-150,0,0
39.23015,-13.997517,-150,0,0
38.23015,-13.997517,-150,0,0
37.23015,-13.997517,-150,0,0
36.23015,-13.997517,-150,0,0
35.23015,-13.997517,-150,0,0
34.23015,-13.997517,-150,0,0
33.23015,-13.997517,-150,0,0
32.23015,-13.997517,-150,0,0
31.230148,-13.997517,-150,0,0
30.230148,-13.997517,-150,0,0
29.230148,-13.997517,-150,0,0
28.230148,-13.997517,-150,0,0
27.230148,-13.997517,-150,0,0
26.230148,-13.997517,-150,0,0
25.230148,-13.997517,-150,0,0
24.230148,-13.997517,-150,0,0
23.230148,-13.997517,-150,0,0
22.230148,-13.997517,-150,0,0
21.230148,-13.997517,-150,0,0
20.230148,-13.997517,-150,0,0
19.230148,-13.997517,-150,0,0
18.230148,-13.997517,-150,0,0
17.230148,-13.997517,-150,0,0
16.230148,-13.997517,-150,0,0
15.230148,-13.997517,-150,0,0
14.230148,-13.997517,-150,0,0
13.230148,-13.997517,-150,0,0
12.230148,-13.997517,-150,0,0
11.230148,-13.997517,-150,0,3.999999
10.230148,-13.997517,-150,0,19.999996
9.230148,-13.997517,-150,0,31.999996
8.230148,-13.997517,-150,0.43280482,51.999996
7.2301483,-13.997517,-150,0.52802503,47.999996
6.2301483,-13.997517,-150,0.5455867,39.999996
5.2301483,-13.997517,-150,0.5874993,35.999996
4.2301483,-13.997517,-150,0.58194256,39.999996
3.2301483,-13.997517,-150,0.5008514,35.999996
2.2301483,-13.997517,-150,0.4270529,51.999996
1.2301483,-13.997517,-150,0.34471458,39.999996
0.23014832,-13.997517,-150,0.31388128,27.999996
-0.7698517,-13.997517,-150,0.4572905,55.999996
-1.7698517,-13.997517,-150,0.5951492,83.99999
-2.7698517,-13.997517,-150,0.5220988,87.99999
-3.7698517,-13.997517,-150,0.37945163,63.999996
-4.7698517,-13.997517,-150,0.26121753,71.99999
-5.7698517,-13.997517,-150,0.255466,43.999996
-6.7698517,-13.997517,-150,0.39183885,67.99999
-7.7698517,-13.997517,-150,0.5031724,39.999996
-8.769852,-13.997517,-150,0,71.99999
-9.769852,-13.997517,-150,0,55.999996
-10.769852,-13.997517,-150,0,0
-11.769852,-13.997517,-150,0,0
-12.769852,-13.997517,-150,0,0
-13.769852,-13.997517,-150,0,0
-14.769852,-13.997517,-150,0,0
-15.769852,-13.997517,-150,0,0
-16.769852,-13.997517,-150,0,0
-17.769852,-13.997517,-150,0,0
-18.769852,-13.997517,-150,0,0
-19.769852,-13.997517,-150,0,0
-20.769852,-13.997517,-150,0,0
-21.769852,-13.997517,-150,0,0
-22.769852,-13.997517,-150,0,0
-23.769852,-13.997517,-150,0,0
-24.769852,-13.997517,-150,0,0
-25.769852,-13.997517,-150,0,0
-26.769852,-13.997517,-150,0,0
-27.769852,-13.997517,-150,0,0
-28.769852,-13.997517,-150,0,0
-29.769852,-13.997517,-150,0,0
-30.769852,-13.997517,-150,0,0
-31.769852,-13.997517,-150,0,0
-32.76985,-13.997517,-150,0,0
-33.76985,-13.997517,-150,0,0
-34.76985,-13.997517,-150,0,0
-35.76985,-13.997517,-150,0,0
-36.76985,-13.997517,-150,0,0
-37.76985,-13.997517,-150,0,0
-38.76985,-13.997517,-150,0,0
-39.76985,-13.997517,-150,0,0
-40.76985,-13.997517,-150,0,0
-41.76985,-13.997517,-150,0,0
-42.76985,-13.997517,-150,0,0
-43.76985,-13.997517,-150,0,0
-44.76985,-13.997517,-150,0,0
-45.76985,-13.997517,-150,0,0
-46.76985,-13.997517,-150,0,0
-47.76985,-13.997517,-150,0,0
-48.76985,-13.997517,-150,0,0
-49.76985,-13.997517,-150,0,0
49.23015,-14.997517,-150,0,0
48.23015,-14.997517,-150,0,0
47.23015,-14.997517,-150,0,0
46.23015,-14.997517,-150,0,0
45.23015,-14.997517,-150,0,0
44.23015,-14.997517,-150,0,0
43.23015,-14.997517,-150,0,0
42.23015,-14.997517,-150,0,0
41.23015,-14.997517,-150,0,0
40.23015,-14.997517,-150,0,0
39.23015,-14.997517,-150,0,0
38.23015,-14.997517,-150,0,0
37.23015,-14.997517,-150,0,0
36.23015,-14.997517,-150,0,0
35.23015,-14.997517,-150,0,0
34.23015,-14.997517,-150,0,0
33.23015,-14.997517,-150,0,0
32.23015,-14.997517,-150,0,0
31.230148,-14.997517,-150,0,0
30.230148,-14.997517,-150,0,0
29.230148,-14.997517,-150,0,0
28.230148,-14.997517,-150,0,0
27.230148,-14.997517,-150,0,0
26.230148,-14.997517,-150,0,0
25.230148,-14.997517,-150,0,0
24.230148,-14.997517,-150,0,0
23.230148,-14.997517,-150,0,0
22.230148,-14.997517,-150,0,0
21.230148,-14.997517,-150,0,0
20.230148,-14.997517,-150,0,0
19.230148,-14.997517,-150,0,0
18.230148,-14.997517,-150,0,0
17.230148,-14.997517,-150,0,0
16.230148,-14.997517,-150,0,0
15.230148,-14.997517,-150,0,0
14.230148,-14.997517,-150,0,0
13.230148,-14.997517,-150,0,0
12.230148,-14.997517,-150,0,0
11.230148,-14.997517,-150,0,0
10.230148,-14.997517,-150,0,0
9.230148,-14.997517,-150,0,15.999996
8.230148,-14.997517,-150,0,15.999996
7.2301483,-14.997517,-150,0,39.999996
6.2301483,-14.997517,-150,0,51.999996
5.2301483,-14.997517,-150,0.6972486,47.999996
4.2301483,-14.997517,-150,0.73033196,63.999996
3.2301483,-14.997517,-150,0.5728117,35.999996
2.2301483,-14.997517,-150,0.5007719,43.999996
1.2301483,-14.997517,-150,0.45174873,71.99999
0.23014832,-14.997517,-150,0.4542454,35.999996
-0.7698517,-14.997517,-150,0.5839641,43.999996
-1.7698517,-14.997517,-150,0.60077727,59.999996
-2.7698517,-14.997517,-150,0.43690026,39.999996
-3.7698517,-14.997517,-150,0.3292827,59.999996
-4.7698517,-14.997517,-150,0.30126557,47.999996
-5.7698517,-14.997517,-150,0,67.99999
-6.7698517,-14.997517,-150,0,59.999996
-7.7698517,-14.997517,-150,0,35.999996
-8.769852,-14.997517,-150,0,19.999996
-9.769852,-14.997517,-150,0,0
-10.769852,-14.997517,-150,0,0
-11.769852,-14.997517,-150,0,0
-12.769852,-14.997517,-150,0,0
-13.769852,-14.997517,-150,0,0
-14.769852,-14.997517,-150,0,0
-15.769852,-14.997517,-150,0,0
-16.769852,-14.997517,-150,0,0
-17.769852,-14.997517,-150,0,0
-18.769852,-14.997517,-150,0,0
-19.769852,-14.997517,-150,0,0
-20.769852,-14.997517,-150,0,0
-21.769852,-14.997517,-150,0,0
-22.769852,-14.997517,-150,0,0
-23.769852,-14.997517,-150,0,0
-24.769852,-14.997517,-150,0,0
-25.769852,-14.997517,-150,0,0
-26.769852,-14.997517,-150,0,0
-27.769852,-14.997517,-150,0,0
-28.769852,-14.997517,-150,0,0
-29.769852,-14.997517,-150,0,0
-30.769852,-14.997517,-150,0,0
-31.769852,-14.997517,-150,0,0
-32.76985,-14.997517,-150,0,0
-33.76985,-14.997517,-150,0,0
-34.76985,-14.997517,-150,0,0
-35.76985,-14.997517,-150,0,0
-36.76985,-14.997517,-150,0,0
-37.76985,-14.997517,-150,0,0
-38.76985,-14.997517,-150,0,0
-39.76985,-14.997517,-150,0,0
-40.76985,-14.997517,-150,0,0
-41.76985,-14.997517,-150,0,0
-42.76985,-14.997517,-150,0,0
-43.76985,-14.997517,-150,0,0
-44.76985,-14.997517,-150,0,0
-45.76985,-14.997517,-150,0,0
-46.76985,-14.997517,-150,0,0
-47.76985,-14.997517,-150,0,0
-48.76985,-14.997517,-150,0,0
-49.76985,-14.997517,-150,0,0
49.23015,-15.997517,-150,0,0
48.23015,-15.997517,-150,0,0
47.23015,-15.997517,-150,0,0
46.23015,-15.997517,-150,0,0
45.23015,-15.997517,-150,0,0
44.23015,-15.997517,-150,0,0
43.23015,-15.997517,-150,0,0
42.23015,-15.997517,-150,0,0
41.23015,-15.997517,-150,0,0
40.23015,-15.997517,-150,0,0
39.23015,-15.997517,-150,0,0
38.23015,-15.997517,-150,0,0
37.23015,-15.997517,-150,0,0
36.23015,-15.997517,-150,0,0
35.23015,-15.997517,-150,0,0
34.23015,-15.997517,-150,0,0
33.23015,-15.997517,-150,0,0
32.23015,-15.997517,-150,0,0
31.230148,-15.997517,-150,0,0
30.230148,-15.997517,-150,0,0
29.230148,-15.997517,-150,0,0
28.230148,-15.997517,-150,0,0
27.230148,-15.997517,-150,0,0
26.230148,-15.997517,-150,0,0
25.230148,-15.997517,-150,0,0
24.230148,-15.997517,-150,0,0
23.230148,-15.997517,-150,0,0
22.230148,-15.997517,-150,0,0
21.230148,-15.997517,-150,0,0
20.230148,-15.997517,-150,0,0
19.230148,-15.997517,-150,0,0
18.230148,-15.997517,-150,0,0
17.230148,-15.997517,-150,0,0
16.230148,-15.997517,-150,0,0
15.230148,-15.997517,-150,0,0
14.230148,-15.997517,-150,0,0
13.230148,-15.997517,-150,0,0
12.230148,-15.997517,-150,0,0
11.230148,-15.997517,-150,0,0
10.230148,-15.997517,-150,0,0
9.230148,-15.997517,-150,0,0
8.230148,-15.997517,-150,0,0
7.2301483,-15.997517,-150,0,0
6.2301483,-15.997517,-150,0,11.999997
5.2301483,-15.997517,-150,0,39.999996
4.2301483,-15.997517,-150,0,43.999996
3.2301483,-15.997517,-150,0,51.999996
2.2301483,-15.997517,-150,Infinity,63.999996
1.2301483,-15.997517,-150,0,43.999996
0.23014832,-15.997517,-150,-Infinity,71.99999
-0.7698517,-15.997517,-150,-Infinity,119.99999
-1.7698517,-15.997517,-150,-Infinity,63.999996
-2.7698517,-15.997517,-150,0,27.999996
-3.7698517,-15.997517,-150,0,55.999996
-4.7698517,-15.997517,-150,0,39.999996
-5.7698517,-15.997517,-150,0,19.999996
-6.7698517,-15.997517,-150,0,0
-7.7698517,-15.997517,-150,0,0
-8.769852,-15.997517,-150,0,0
-9.769852,-15.997517,-150,0,0
-10.769852,-15.997517,-150,0,0
-11.769852,-15.997517,-150,0,0
-12.769852,-15.997517,-150,0,0
-13.769852,-15.997517,-150,0,0
-14.769852,-15.997517,-150,0,0
-15.769852,-15.997517,-150,0,0
-16.769852,-15.997517,-150,0,0
-17.769852,-15.997517,-150,0,0
-18.769852,-15.997517,-150,0,0
-19.769852,-15.997517,-150,0,0
-20.769852,-15.997517,-150,0,0
-21.769852,-15.997517,-150,0,0
-22.769852,-15.997517,-150,0,0
-23.769852,-15.997517,-150,0,0
-24.769852,-15.997517,-150,0,0
-25.769852,-15.997517,-150,0,0
-26.769852,-15.997517,-150,0,0
-27.769852,-15.997517,-150,0,0
-28.769852,-15.997517,-150,0,0
-29.769852,-15.997517,-150,0,0
-30.769852,-15.997517,-150,0,0
-31.769852,-15.997517,-150,0,0
-32.76985,-15.997517,-150,0,0
-33.76985,-15.997517,-150,0,0
-34.76985,-15.997517,-150,0,0
-35.76985,-15.997517,-150,0,0
-36.76985,-15.997517,-150,0,0
-37.76985,-15.997517,-150,0,0
-38.76985,-15.997517,-150,0,0
-39.76985,-15.997517,-150,0,0
-40.76985,-15.997517,-150,0,0
-41.76985,-15.997517,-150,0,0
-42.76985,-15.997517,-150,0,0
-43.76985,-15.997517,-150,0,0
-44.76985,-15.997517,-150,0,0
-45.76985,-15.997517,-150,0,0
-46.76985,-15.997517,-150,0,0
-47.76985,-15.997517,-150,0,0
-48.76985,-15.997517,-150,0,0
-49.76985,-15.997517,-150,0,0
49.23015,-16.997517,-150,0,0
48.23015,-16.997517,-150,0,0
47.23015,-16.997517,-150,0,0
46.23015,-16.997517,-150,0,0
45.23015,-16.997517,-150,0,0
44.23015,-16.997517,-150,0,0
43.23015,-16.997517,-150,0,0
42.23015,-16.997517,-150,0,0
41.23015,-16.997517,-150,0,0
40.23015,-16.997517,-150,0,0
39.23015,-16.997517,-150,0,0
38.23015,-16.997517,-150,0,0
37.23015,-16.997517,-150,0,0
36.23015,-16.997517,-150,0,0
35.23015,-16.997517,-150,0,0
34.23015,-16.997517,-150,0,0
33.23015,-16.997517,-150,0,0
32.23015,-16.997517,-150,0,0
31.230148,-16.997517,-150,0,0
30.230148,-16.997517,-150,0,0
29.230148,-16.997517,-150,0,0
28.230148,-16.997517,-150,0,0
27.230148,-16.997517,-150,0,0
26.230148,-16.997517,-150,0,0
25.230148,-16.997517,-150,0,0
24.230148,-16.997517,-150,0,0
23.230148,-16.997517,-150,0,0
22.230148,-16.997517,-150,0,0
21.230148,-16.997517,-150,0,0
20.230148,-16.997517,-150,0,0
19.230148,-16.997517,-150,0,0
18.230148,-16.997517,-150,0,0
17.230148,-16.997517,-150,0,0
16.230148,-16.997517,-150,0,0
15.230148,-16.997517,-150,0,0
14.230148,-16.997517,-150,0,0
13.230148,-16.997517,-150,0,0
12.230148,-16.997517,-150,0,0
11.230148,-16.997517,-150,0,0
10.230148,-16.997517,-150,0,0
9.230148,-16.997517,-150,0,0
8.230148,-16.997517,-150,0,0
7.2301483,-16.997517,-150,0,0
6.2301483,-16.997517,-150,0,0
5.2301483,-16.997517,-150,0,0
4.2301483,-16.997517,-150,0,0
3.2301483,-16.997517,-150,0,3.999999
2.2301483,-16.997517,-150,0,7.999998
1.2301483,-16.997517,-150,0,11.999997
0.23014832,-16.997517,-150,0,0
-0.7698517,-16.997517,-150,0,7.999998
-1.7698517,-16.997517,-150,0,3.999999
-2.7698517,-16.997517,-150,0,0
-3.7698517,-16.997517,-150,0,0
-4.7698517,-16.997517,-150,0,0
-5.7698517,-16.997517,-150,0,0
-6.7698517,-16.997517,-150,0,0
-7.7698517,-16.997517,-150,0,0
-8.769852,-16.997517,-150,0,0
-9.769852,-16.997517,-150,0,0
-10.769852,-16.997517,-150,0,0
-11.769852,-16.997517,-150,0,0
-12.769852,-16.997517,-150,0,0
-13.769852,-16.997517,-150,0,0
-14.769852,-16.997517,-150,0,0
-15.769852,-16.997517,-150,0,0
-16.769852,-16.997517,-150,0,0
-17.769852,-16.997517,-150,0,0
-18.769852,-16.997517,-150,0,0
-19.769852,-16.997517,-150,0,0
-20.769852,-16.997517,-150,0,0
-21.769852,-16.997517,-150,0,0
-22.769852,-16.997517,-150,0,0
-23.769852,-16.997517,-150,0,0
-24.769852,-16.997517,-150,0,0
-25.769852,-16.997517,-150,0,0
-26.769852,-16.997517,-150,0,0
-27.769852,-16.997517,-150,0,0
-28.769852,-16.997517,-150,0,0
-29.769852,-16.997517,-150,0,0
-30.769852,-16.997517,-150,0,0
-31.769852,-16.997517,-150,0,0
-32.76985,-16.997517,-150,0,0
-33.76985,-16.997517,-150,0,0
-34.76985,-16.997517,-150,0,0
-35.76985,-16.997517,-150,0,0
-36.76985,-16.997517,-150,0,0
-37.76985,-16.997517,-150,0,0
-38.76985,-16.997517,-150,0,0
-39.76985,-16.997517,-150,0,0
-40.76985,-16.997517,-150,0,0
-41.76985,-16.997517,-150,0,0
-42.76985,-16.997517,-150,0,0
-43.76985,-16.997517,-150,0,0
-44.76985,-16.997517,-150,0,0
-45.76985,-16.997517,-150,0,0
-46.76985,-16.997517,-150,0,0
-47.76985,-16.997517,-150,0,0
-48.76985,-16.997517,-150,0,0
-49.76985,-16.997517,-150,0,0
49.23015,-17.997517,-150,0,0
48.23015,-17.997517,-150,0,0
47.23015,-17.997517,-150,0,0
46.23015,-17.997517,-150,0,0
45.23015,-17.997517,-150,0,0
44.23015,-17.997517,-150,0,0
43.23015,-17.997517,-150,0,0
42.23015,-17.997517,-150,0,0
41.23015,-17.997517,-150,0,0
40.23015,-17.997517,-150,0,0
39.23015,-17.997517,-150,0,0
38.23015,-17.997517,-150,0,0
37.23015,-17.997517,-150,0,0
36.23015,-17.997517,-150,0,0
35.23015,-17.997517,-150,0,0
34.23015,-17.997517,-150,0,0
33.23015,-17.997517,-150,0,0
32.23015,-17.997517,-150,0,0
31.230148,-17.997517,-150,0,0
30.230148,-17.997517,-150,0,0
29.230148,-17.997517,-150,0,0
28.230148,-17.997517,-150,0,0
27.230148,-17.997517,-150,0,0
26.230148,-17.997517,-150,0,0
25.230148,-17.997517,-150,0,0
24.230148,-17.997517,-150,0,0
23.230148,-17.997517,-150,0,0
22.230148,-17.997517,-150,0,0
21.230148,-17.997517,-150,0,0
20.230148,-17.997517,-150,0,0
19.230148,-17.997517,-150,0,0
18.230148,-17.997517,-150,0,0
17.230148,-17.997517,-150,0,0
16.230148,-17.997517,-150,0,0
15.230148,-17.997517,-150,0,0
14.230148,-17.997517,-150,0,0
13.230148,-17.997517,-150,0,0
12.230148,-17.997517,-150,0,0
11.230148,-17.997517,-150,0,0
10.230148,-17.997517,-150,0,0
9.230148,-17.997517,-150,0,0
8.230148,-17.997517,-150,0,0
7.2301483,-17.997517,-150,0,0
6.2301483,-17.997517,-150,0,0
5.2301483,-17.997517,-150,0,0
4.2301483,-17.997517,-150,0,0
3.2301483,-17.997517,-150,0,0
2.2301483,-17.997517,-150,0,0
1.2301483,-17.997517,-150,0,0
0.23014832,-17.997517,-150,0,0
-0.7698517,-17.997517,-150,0,0
-1.7698517,-17.997517,-150,0,0
-2.7698517,-17.997517,-150,0,0
-3.7698517,-17.997517,-150,0,0
-4.7698517,-17.997517,-150,0,0
-5.7698517,-17.997517,-150,0,0
-6.7698517,-17.997517,-150,0,0
-7.7698517,-17.997517,-150,0,0
-8.769852,-17.997517,-150,0,0
-9.769852,-17.997517,-150,0,0
-10.769852,-17.997517,-150,0,0
-11.769852,-17.997517,-150,0,0
-12.769852,-17.997517,-150,0,0
-13.769852,-17.997517,-150,0,0
-14.769852,-17.997517,-150,0,0
-15.769852,-17.997517,-150,0,0
-16.769852,-17.997517,-150,0,0
-17.769852,-17.997517,-150,0,0
-18.769852,-17.997517,-150,0,0
-19.769852,-17.997517,-150,0,0
-20.769852,-17.997517,-150,0,0
-21.769852,-17.997517,-150,0,0
-22.769852,-17.997517,-150,0,0
-23.769852,-17.997517,-150,0,0
-24.769852,-17.997517,-150,0,0
-25.769852,-17.997517,-150,0,0
-26.769852,-17.997517,-150,0,0
-27.769852,-17.997517,-150,0,0
-28.769852,-17.997517,-150,0,0
-29.769852,-17.997517,-150,0,0
-30.769852,-17.997517,-150,0,0
-31.769852,-17.997517,-150,0,0
-32.76985,-17.997517,-150,0,0
-33.76985,-17.997517,-150,0,0
-34.76985,-17.997517,-150,0,0
-35.76985,-17.997517,-150,0,0
-36.76985,-17.997517,-150,0,0
-37.76985,-17.997517,-150,0,0
-38.76985,-17.997517,-150,0,0
-39.76985,-17.997517,-150,0,0
-40.76985,-17.997517,-150,0,0
-41.76985,-17.997517,-150,0,0
-42.76985,-17.997517,-150,0,0
-43.76985,-17.997517,-150,0,0
-44.76985,-17.997517,-150,0,0
-45.76985,-17.997517,-150,0,0
-46.76985,-17.997517,-150,0,0
-47.76985,-17.997517,-150,0,0
-48.76985,-17.997517,-150,0,0
-49.76985,-17.997517,-150,0,0
49.23015,-18.997517,-150,0,0
48.23015,-18.997517,-150,0,0
47.23015,-18.997517,-150,0,0
46.23015,-18.997517,-150,0,0
45.23015,-18.997517,-150,0,0
44.23015,-18.997517,-150,0,0
43.23015,-18.997517,-150,0,0
42.23015,-18.997517,-150,0,0
41.23015,-18.997517,-150,0,0
40.23015,-18.997517,-150,0,0
39.23015,-18.997517,-150,0,0
38.23015,-18.997517,-150,0,0
37.23015,-18.997517,-150,0,0
36.23015,-18.997517,-150,0,0
35.23015,-18.997517,-150,0,0
34.23015,-18.997517,-150,0,0
33.23015,-18.997517,-150,0,0
32.23015,-18.997517,-150,0,0
31.230148,-18.997517,-150,0,0
30.230148,-18.997517,-150,0,0
29.230148,-18.997517,-150,0,0
28.230148,-18.997517,-150,0,0
27.230148,-18.997517,-150,0,0
26.230148,-18.997517,-150,0,0
25.230148,-18.997517,-150,0,0
24.230148,-18.997517,-150,0,0
23.230148,-18.997517,-150,0,0
22.230148,-18.997517,-150,0,0
21.230148,-18.997517,-150,0,0
20.230148,-18.997517,-150,0,0
19.230148,-18.997517,-150,0,0
18.230148,-18.997517,-150,0,0
17.230148,-18.997517,-150,0,0
16.230148,-18.997517,-150,0,0
15.230148,-18.997517,-150,0,0
14.230148,-18.997517,-150,0,0
13.230148,-18.997517,-150,0,0
12.230148,-18.997517,-150,0,0
11.230148,-18.997517,-150,0,0
10.230148,-18.997517,-150,0,0
9.230148,-18.997517,-150,0,0
8.230148,-18.997517,-150,0,0
7.2301483,-18.997517,-150,0,0
6.2301483,-18.997517,-150,0,0
5.2301483,-18.997517,-150,0,0
4.2301483,-18.997517,-150,0,0
3.2301483,-18.997517,-150,0,0
2.2301483,-18.997517,-150,0,0
1.2301483,-18.997517,-150,0,0
0.23014832,-18.997517,-150,0,0
-0.7698517,-18.997517,-150,0,0
-1.7698517,-18.997517,-150,0,0
-2.7698517,-18.997517,-150,0,0
-3.7698517,-18.997517,-150,0,0
-4.7698517,-18.997517,-150,0,0
-5.7698517,-18.997517,-150,0,0
-6.7698517,-18.997517,-150,0,0
-7.7698517,-18.997517,-150,0,0
-8.769852,-18.997517,-150,0,0
-9.769852,-18.997517,-150,0,0
-10.769852,-18.997517,-150,0,0
-11.769852,-18.997517,-150,0,0
-12.769852,-18.997517,-150,0,0
-13.769852,-18.997517,-150,0,0
-14.769852,-18.997517,-150,0,0
-15.769852,-18.997517,-150,0,0
-16.769852,-18.997517,-150,0,0
-17.769852,-18.997517,-150,0,0
-18.769852,-18.997517,-150,0,0
-19.769852,-18.997517,-150,0,0
-20.769852,-18.997517,-150,0,0
-21.769852,-18.997517,-150,0,0
-22.769852,-18.997517,-150,0,0
-23.769852,-18.997517,-150,0,0
-24.769852,-18.997517,-150,0,0
-25.769852,-18.997517,-150,0,0
-26.769852,-18.997517,-150,0,0
-27.769852,-18.997517,-150,0,0
-28.769852,-18.997517,-150,0,0
-29.769852,-18.997517,-150,0,0
-30.769852,-18.997517,-150,0,0
-31.769852,-18.997517,-150,0,0
-32.76985,-18.997517,-150,0,0
-33.76985,-18.997517,-150,0,0
-34.76985,-18.997517,-150,0,0
-35.76985,-18.997517,-150,0,0
-36.76985,-18.997517,-150,0,0
-37.76985,-18.997517,-150,0,0
-38.76985,-18.997517,-150,0,0
-39.76985,-18.997517,-150,0,0
-40.76985,-18.997517,-150,0,0
-41.76985,-18.997517,-150,0,0
-42.76985,-18.997517,-150,0,0
-43.76985,-18.997517,-150,0,0
-44.76985,-18.997517,-150,0,0
-45.76985,-18.997517,-150,0,0
-46.76985,-18.997517,-150,0,0
-47.76985,-18.997517,-150,0,0
-48.76985,-18.997517,-150,0,0
-49.76985,-18.997517,-150,0,0
49.23015,-19.997517,-150,0,0
48.23015,-19.997517,-150,0,0
47.23015,-19.997517,-150,0,0
46.23015,-19.997517,-150,0,0
45.23015,-19.997517,-150,0,0
44.23015,-19.997517,-150,0,0
43.23015,-19.997517,-150,0,0
42.23015,-19.997517,-150,0,0
41.23015,-19.997517,-150,0,0
40.23015,-19.997517,-150,0,0
39.23015,-19.997517,-150,0,0
38.23015,-19.997517,-150,0,0
37.23015,-19.997517,-150,0,0
36.23015,-19.997517,-150,0,0
35.23015,-19.997517,-150,0,0
34.23015,-19.997517,-150,0,0
33.23015,-19.997517,-150,0,0
32.23015,-19.997517,-150,0,0
31.230148,-19.997517,-150,0,0
30.230148,-19.997517,-150,0,0
29.230148,-19.997517,-150,0,0
28.230148,-19.997517,-150,0,0
27.230148,-19.997517,-150,0,0
26.230148,-19.997517,-150,0,0
25.230148,-19.997517,-150,0,0
24.230148,-19.997517,-150,0,0
23.230148,-19.997517,-150,0,0
22.230148,-19.997517,-150,0,0
21.230148,-19.997517,-150,0,0
20.230148,-19.997517,-150,0,0
19.230148,-19.997517,-150,0,0
18.230148,-19.997517,-150,0,0
17.230148,-19.997517,-150,0,0
16.230148,-19.997517,-150,0,0
15.230148,-19.997517,-150,0,0
14.230148,-19.997517,-150,0,0
13.230148,-19.997517,-150,0,0
12.230148,-19.997517,-150,0,0
11.230148,-19.997517,-150,0,0
10.230148,-19.997517,-150,0,0
9.230148,-19.997517,-150,0,0
8.230148,-19.997517,-150,0,0
7.2301483,-19.997517,-150,0,0
6.2301483,-19.997517,-150,0,0
5.2301483,-19.997517,-150,0,0
4.2301483,-19.997517,-150,0,0
3.2301483,-19.997517,-150,0,0
2.2301483,-19.997517,-150,0,0
1.2301483,-19.997517,-150,0,0
0.23014832,-19.997517,-150,0,0
-0.7698517,-19.997517,-150,0,0
-1.7698517,-19.997517,-150,0,0
-2.7698517,-19.997517,-150,0,0
-3.7698517,-19.997517,-150,0,0
-4.7698517,-19.997517,-150,0,0
-5.7698517,-19.997517,-150,0,0
-6.7698517,-19.997517,-150,0,0
-7.7698517,-19.997517,-150,0,0
-8.769852,-19.997517,-150,0,0
-9.769852,-19.997517,-150,0,0
-10.769852,-19.997517,-150,0,0
-11.769852,-19.997517,-150,0,0
-12.769852,-19.997517,-150,0,0
-13.769852,-19.997517,-150,0,0
-14.769852,-19.997517,-150,0,0
-15.769852,-19.997517,-150,0,0
-16.769852,-19.997517,-150,0,0
-17.769852,-19.997517,-150,0,0
-18.769852,-19.997517,-150,0,0
-19.769852,-19.997517,-150,0,0
-20.769852,-19.997517,-150,0,0
-21.769852,-19.997517,-150,0,0
-22.769852,-19.997517,-150,0,0
-23.769852,-19.997517,-150,0,0
-24.769852,-19.997517,-150,0,0
-25.769852,-19.997517,-150,0,0
-26.769852,-19.997517,-150,0,0
-27.769852,-19.997517,-150,0,0
-28.769852,-19.997517,-150,0,0
-29.769852,-19.997517,-150,0,0
-30.769852,-19.997517,-150,0,0
-31.769852,-19.997517,-150,0,0
-32.76985,-19.997517,-150,0,0
-33.76985,-19.997517,-150,0,0
-34.76985,-19.997517,-150,0,0
-35.76985,-19.997517,-150,0,0
-36.76985,-19.997517,-150,0,0
-37.76985,-19.997517,-150,0,0
-38.76985,-19.997517,-150,0,0
-39.76985,-19.997517,-150,0,0
-40.76985,-19.997517,-150,0,0
-41.76985,-19.997517,-150,0,0
-42.76985,-19.997517,-150,0,0
-43.76985,-19.997517,-150,0,0
-44.76985,-19.997517,-150,0,0
-45.76985,-19.997517,-150,0,0
-46.76985,-19.997517,-150,0,0
-47.76985,-19.997517,-150,0,0
-48.76985,-19.997517,-150,0,0
-49.76985,-19.997517,-150,0,0
49.23015,-20.997517,-150,0,0
48.23015,-20.997517,-150,0,0
47.23015,-20.997517,-150,0,0
46.23015,-20.997517,-150,0,0
45.23015,-20.997517,-150,0,0
44.23015,-20.997517,-150,0,0
43.23015,-20.997517,-150,0,0
42.23015,-20.997517,-150,0,0
41.23015,-20.997517,-150,0,0
40.23015,-20.997517,-150,0,0
39.23015,-20.997517,-150,0,0
38.23015,-20.997517,-150,0,0
37.23015,-20.997517,-150,0,0
36.23015,-20.997517,-150,0,0
35.23015,-20.997517,-150,0,0
34.23015,-20.997517,-150,0,0
33.23015,-20.997517,-150,0,0
32.23015,-20.997517,-150,0,0
31.230148,-20.997517,-150,0,0
30.230148,-20.997517,-150,0,0
29.230148,-20.997517,-150,0,0
28.230148,-20.997517,-150,0,0
27.230148,-20.997517,-150,0,0
26.230148,-20.997517,-150,0,0
25.230148,-20.997517,-150,0,0
24.230148,-20.997517,-150,0,0
23.230148,-20.997517,-150,0,0
22.230148,-20.997517,-150,0,0
21.230148,-20.997517,-150,0,0
20.230148,-20.997517,-150,0,0
19.230148,-20.997517,-150,0,0
18.230148,-20.997517,-150,0,0
17.230148,-20.997517,-150,0,0
16.230148,-20.997517,-150,0,0
15.230148,-20.997517,-150,0,0
14.230148,-20.997517,-150,0,0
13.230148,-20.997517,-150,0,0
12.230148,-20.997517,-150,0,0
11.230148,-20.997517,-150,0,0
10.230148,-20.997517,-150,0,0
9.230148,-20.997517,-150,0,0
8.230148,-20.997517,-150,0,0
7.2301483,-20.997517,-150,0,0
6.2301483,-20.997517,-150,0,0
5.2301483,-20.997517,-150,0,0
4.2301483,-20.997517,-150,0,0
3.2301483,-20.997517,-150,0,0
2.2301483,-20.997517,-150,0,0
1.2301483,-20.997517,-150,0,0
0.23014832,-20.997517,-150,0,0
-0.7698517,-20.997517,-150,0,0
-1.7698517,-20.997517,-150,0,0
-2.7698517,-20.997517,-150,0,0
-3.7698517,-20.997517,-150,0,0
-4.7698517,-20.997517,-150,0,0
-5.7698517,-20.997517,-150,0,0
-6.7698517,-20.997517,-150,0,0
-7.7698517,-20.997517,-150,0,0
-8.769852,-20.997517,-150,0,0
-9.769852,-20.997517,-150,0,0
-10.769852,-20.997517,-150,0,0
-11.769852,-20.997517,-150,0,0
-12.769852,-20.997517,-150,0,0
-13.769852,-20.997517,-150,0,0
-14.769852,-20.997517,-150,0,0
-15.769852,-20.997517,-150,0,0
-16.769852,-20.997517,-150,0,0
-17.769852,-20.997517,-150,0,0
-18.769852,-20.997517,-150,0,0
-19.769852,-20.997517,-150,0,0
-20.769852,-20.997517,-150,0,0
-21.769852,-20.997517,-150,0,0
-22.769852,-20.997517,-150,0,0
-23.769852,-20.997517,-150,0,0
-24.769852,-20.997517,-150,0,0
-25.769852,-20.997517,-150,0,0
-26.769852,-20.997517,-150,0,0
-27.769852,-20.997517,-150,0,0
-28.769852,-20.997517,-150,0,0
-29.769852,-20.997517,-150,0,0
-30.769852,-20.997517,-150,0,0
-31.769852,-20.997517,-150,0,0
-32.76985,-20.997517,-150,0,0
-33.76985,-20.997517,-150,0,0
-34.76985,-20.997517,-150,0,0
-35.76985,-20.997517,-150,0,0
-36.76985,-20.997517,-150,0,0
-37.76985,-20.997517,-150,0,0
-38.76985,-20.997517,-150,0,0
-39.76985,-20.997517,-150,0,0
-40.76985,-20.997517,-150,0,0
-41.76985,-20.997517,-150,0,0
-42.76985,-20.997517,-150,0,0
-43.76985,-20.997517,-150,0,0
-44.76985,-20.997517,-150,0,0
-45.76985,-20.997517,-150,0,0
-46.76985,-20.997517,-150,0,0
-47.76985,-20.997517,-150,0,0
-48.76985,-20.997517,-150,0,0
-49.76985,-20.997517,-150,0,0
49.23015,-21.997517,-150,0,0
48.23015,-21.997517,-150,0,0
47.23015,-21.997517,-150,0,0
46.23015,-21.997517,-150,0,0
45.23015,-21.997517,-150,0,0
44.23015,-21.997517,-150,0,0
43.23015,-21.997517,-150,0,0
42.23015,-21.997517,-150,0,0
41.23015,-21.997517,-150,0,0
40.23015,-21.997517,-150,0,0
39.23015,-21.997517,-150,0,0
38.23015,-21.997517,-150,0,0
37.23015,-21.997517,-150,0,0
36.23015,-21.997517,-150,0,0
35.23015,-21.997517,-150,0,0
34.23015,-21.997517,-150,0,0
33.23015,-21.997517,-150,0,0
32.23015,-21.997517,-150,0,0
31.230148,-21.997517,-150,0,0
30.230148,-21.997517,-150,0,0
29.230148,-21.997517,-150,0,0
28.230148,-21.997517,-150,0,0
27.230148,-21.997517,-150,0,0
26.230148,-21.997517,-150,0,0
25.230148,-21.997517,-150,0,0
24.230148,-21.997517,-150,0,0
23.230148,-21.997517,-150,0,0
22.230148,-21.997517,-150,0,0
21.230148,-21.997517,-150,0,0
20.230148,-21.997517,-150,0,0
19.230148,-21.997517,-150,0,0
18.230148,-21.997517,-150,0,0
17.230148,-21.997517,-150,0,0
16.230148,-21.997517,-150,0,0
15.230148,-21.997517,-150,0,0
14.230148,-21.997517,-150,0,0
13.230148,-21.997517,-150,0,0
12.230148,-21.997517,-150,0,0
11.230148,-21.997517,-150,0,0
10.230148,-21.997517,-150,0,0
9.230148,-21.997517,-150,0,0
8.230148,-21.997517,-150,0,0
7.2301483,-21.997517,-150,0,0
6.2301483,-21.997517,-150,0,0
5.2301483,-21.997517,-150,0,0
4.2301483,-21.997517,-150,0,0
3.2301483,-21.997517,-150,0,0
2.2301483,-21.997517,-150,0,0
1.2301483,-21.997517,-150,0,0
0.23014832,-21.997517,-150,0,0
-0.7698517,-21.997517,-150,0,0
-1.7698517,-21.997517,-150,0,0
-2.7698517,-21.997517,-150,0,0
-3.7698517,-21.997517,-150,0,0
-4.7698517,-21.997517,-150,0,0
-5.7698517,-21.997517,-150,0,0
-6.7698517,-21.997517,-150,0,0
-7.7698517,-21.997517,-150,0,0
-8.769852,-21.997517,-150,0,0
-9.769852,-21.997517,-150,0,0
-10.769852,-21.997517,-150,0,0
-11.769852,-21.997517,-150,0,0
-12.769852,-21.997517,-150,0,0
-13.769852,-21.997517,-150,0,0
-14.769852,-21.997517,-150,0,0
-15.769852,-21.997517,-150,0,0
-16.769852,-21.997517,-150,0,0
-17.769852,-21.997517,-150,0,0
-18.769852,-21.997517,-150,0,0
-19.769852,-21.997517,-150,0,0
-20.769852,-21.997517,-150,0,0
-21.769852,-21.997517,-150,0,0
-22.769852,-21.997517,-150,0,0
-23.769852,-21.997517,-150,0,0
-24.769852,-21.997517,-150,0,0
-25.769852,-21.997517,-150,0,0
-26.769852,-21.997517,-150,0,0
-27.769852,-21.997517,-150,0,0
-28.769852,-21.997517,-150,0,0
-29.769852,-21.997517,-150,0,0
-30.769852,-21.997517,-150,0,0
-31.769852,-21.997517,-150,0,0
-32.76985,-21.997517,-150,0,0
-33.76985,-21.997517,-150,0,0
-34.76985,-21.997517,-150,0,0
-35.76985,-21.997517,-150,0,0
-36.76985,-21.997517,-150,0,0
-37.76985,-21.997517,-150,0,0
-38.76985,-21.997517,-150,0,0
-39.76985,-21.997517,-150,0,0
-40.76985,-21.997517,-150,0,0
-41.76985,-21.997517,-150,0,0
-42.76985,-21.997517,-150,0,0
-43.76985,-21.997517,-150,0,0
-44.76985,-21.997517,-150,0,0
-45.76985,-21.997517,-150,0,0
-46.76985,-21.997517,-150,0,0
-47.76985,-21.997517,-150,0,0
-48.76985,-21.997517,-150,0,0
-49.76985,-21.997517,-150,0,0
49.23015,-22.997517,-150,0,0
48.23015,-22.997517,-150,0,0
47.23015,-22.997517,-150,0,0
46.23015,-22.997517,-150,0,0
45.23015,-22.997517,-150,0,0
44.23015,-22.997517,-150,0,0
43.23015,-22.997517,-150,0,0
42.23015,-22.997517,-150,0,0
41.23015,-22.997517,-150,0,0
40.23015,-22.997517,-150,0,0
39.23015,-22.997517,-150,0,0
38.23015,-22.997517,-150,0,0
37.23015,-22.997517,-150,0,0
36.23015,-22.997517,-150,0,0
35.23015,-22.997517,-150,0,0
34.23015,-22.997517,-150,0,0
33.23015,-22.997517,-150,0,0
32.23015,-22.997517,-150,0,0
31.230148,-22.997517,-150,0,0
30.230148,-22.997517,-150,0,0
29.230148,-22.997517,-150,0,0
28.230148,-22.997517,-150,0,0
27.230148,-22.997517,-150,0,0
26.230148,-22.997517,-150,0,0
25.230148,-22.997517,-150,0,0
24.230148,-22.997517,-150,0,0
23.230148,-22.997517,-150,0,0
22.230148,-22.997517,-150,0,0
21.230148,-22.997517,-150,0,0
20.230148,-22.997517,-150,0,0
19.230148,-22.997517,-150,0,0
18.230148,-22.997517,-150,0,0
17.230148,-22.997517,-150,0,0
16.230148,-22.997517,-150,0,0
15.230148,-22.997517,-150,0,0
14.230148,-22.997517,-150,0,0
13.230148,-22.997517,-150,0,0
12.230148,-22.997517,-150,0,0
11.230148,-22.997517,-150,0,0
10.230148,-22.997517,-150,0,0
9.230148,-22.997517,-150,0,0
8.230148,-22.997517,-150,0,0
7.2301483,-22.997517,-150,0,0
6.2301483,-22.997517,-150,0,0
5.2301483,-22.997517,-150,0,0
4.2301483,-22.997517,-150,0,0
3.2301483,-22.997517,-150,0,0
2.2301483,-22.997517,-150,0,0
1.2301483,-22.997517,-150,0,0
0.23014832,-22.997517,-150,0,0
-0.7698517,-22.997517,-150,0,0
-1.7698517,-22.997517,-150,0,0
-2.7698517,-22.997517,-150,0,0
-3.7698517,-22.997517,-150,0,0
-4.7698517,-22.997517,-150,0,0
-5.7698517,-22.997517,-150,0,0
-6.7698517,-22.997517,-150,0,0
-7.7698517,-22.997517,-150,0,0
-8.769852,-22.997517,-150,0,0
-9.769852,-22.997517,-150,0,0
-10.769852,-22.997517,-150,0,0
-11.769852,-22.997517,-150,0,0
-12.769852,-22.997517,-150,0,0
-13.769852,-22.997517,-150,0,0
-14.769852,-22.997517,-150,0,0
-15.769852,-22.997517,-150,0,0
-16.769852,-22.997517,-150,0,0
-17.769852,-22.997517,-150,0,0
-18.769852,-22.997517,-150,0,0
-19.769852,-22.997517,-150,0,0
-20.769852,-22.997517,-150,0,0
-21.769852,-22.997517,-150,0,0
-22.769852,-22.997517,-150,0,0
-23.769852,-22.997517,-150,0,0
-24.769852,-22.997517,-150,0,0
-25.769852,-22.997517,-150,0,0
-26.769852,-22.997517,-150,0,0
-27.769852,-22.997517,-150,0,0
-28.769852,-22.997517,-150,0,0
-29.769852,-22.997517,-150,0,0
-30.769852,-22.997517,-150,0,0
-31.769852,-22.997517,-150,0,0
-32.76985,-22.997517,-150,0,0
-33.76985,-22.997517,-150,0,0
-34.76985,-22.997517,-150,0,0
-35.76985,-22.997517,-150,0,0
-36.76985,-22.997517,-150,0,0
-37.76985,-22.997517,-150,0,0
-38.76985,-22.997517,-150,0,0
-39.76985,-22.997517,-150,0,0
-40.76985,-22.997517,-150,0,0
-41.76985,-22.997517,-150,0,0
-42.76985,-22.997517,-150,0,0
-43.76985,-22.997517,-150,0,0
-44.76985,-22.997517,-150,0,0
-45.76985,-22.997517,-150,0,0
-46.76985,-22.997517,-150,0,0
-47.76985,-22.997517,-150,0,0
-48.76985,-22.997517,-150,0,0
-49.76985,-22.997517,-150,0,0
49.23015,-23.997517,-150,0,0
48.23015,-23.997517,-150,0,0
47.23015,-23.997517,-150,0,0
46.23015,-23.997517,-150,0,0
45.23015,-23.997517,-150,0,0
44.23015,-23.997517,-150,0,0
43.23015,-23.997517,-150,0,0
42.23015,-23.997517,-150,0,0
41.23015,-23.997517,-150,0,0
40.23015,-23.997517,-150,0,0
39.23015,-23.997517,-150,0,0
38.23015,-23.997517,-150,0,0
37.23015,-23.997517,-150,0,0
36.23015,-23.997517,-150,0,0
35.23015,-23.997517,-150,0,0
34.23015,-23.997517,-150,0,0
33.23015,-23.997517,-150,0,0
32.23015,-23.997517,-150,0,0
31.230148,-23.997517,-150,0,0
30.230148,-23.997517,-150,0,0
29.230148,-23.997517,-150,0,0
28.230148,-23.997517,-150,0,0
27.230148,-23.997517,-150,0,0
26.230148,-23.997517,-150,0,0
25.230148,-23.997517,-150,0,0
24.230148,-23.997517,-150,0,0
23.230148,-23.997517,-150,0,0
22.230148,-23.997517,-150,0,0
21.230148,-23.997517,-150,0,0
20.230148,-23.997517,-150,0,0
19.230148,-23.997517,-150,0,0
18.230148,-23.997517,-150,0,0
17.230148,-23.997517,-150,0,0
16.230148,-23.997517,-150,0,0
15.230148,-23.997517,-150,0,0
14.230148,-23.997517,-150,0,0
13.230148,-23.997517,-150,0,0
12.230148,-23.997517,-150,0,0
11.230148,-23.997517,-150,0,0
10.230148,-23.997517,-150,0,0
9.230148,-23.997517,-150,0,0
8.230148,-23.997517,-150,0,0
7.2301483,-23.997517,-150,0,0
6.2301483,-23.997517,-150,0,0
5.2301483,-23.997517,-150,0,0
4.2301483,-23.997517,-150,0,0
3.2301483,-23.997517,-150,0,0
2.2301483,-23.997517,-150,0,0
1.2301483,-23.997517,-150,0,0
0.23014832,-23.997517,-150,0,0
-0.7698517,-23.997517,-150,0,0
-1.7698517,-23.997517,-150,0,0
-2.7698517,-23.997517,-150,0,0
-3.7698517,-23.997517,-150,0,0
-4.7698517,-23.997517,-150,0,0
-5.7698517,-23.997517,-150,0,0
-6.7698517,-23.997517,-150,0,0
-7.7698517,-23.997517,-150,0,0
-8.769852,-23.997517,-150,0,0
-9.769852,-23.997517,-150,0,0
-10.769852,-23.997517,-150,0,0
-11.769852,-23.997517,-150,0,0
-12.769852,-23.997517,-150,0,0
-13.769852,-23.997517,-150,0,0
-14.769852,-23.997517,-150,0,0
-15.769852,-23.997517,-150,0,0
-16.769852,-23.997517,-150,0,0
-17.769852,-23.997517,-150,0,0
-18.769852,-23.997517,-150,0,0
-19.769852,-23.997517,-150,0,0
-20.769852,-23.997517,-150,0,0
-21.769852,-23.997517,-150,0,0
-22.769852,-23.997517,-150,0,0
-23.769852,-23.997517,-150,0,0
-24.769852,-23.997517,-150,0,0
-25.769852,-23.997517,-150,0,0
-26.769852,-23.997517,-150,0,0
-27.769852,-23.997517,-150,0,0
-28.769852,-23.997517,-150,0,0
-29.769852,-23.997517,-150,0,0
-30.769852,-23.997517,-150,0,0
-31.769852,-23.997517,-150,0,0
-32.76985,-23.997517,-150,0,0
-33.76985,-23.997517,-150,0,0
-34.76985,-23.997517,-150,0,0
-35.76985,-23.997517,-150,0,0
-36.76985,-23.997517,-150,0,0
-37.76985,-23.997517,-150,0,0
-38.76985,-23.997517,-150,0,0
-39.76985,-23.997517,-150,0,0
-40.76985,-23.997517,-150,0,0
-41.76985,-23.997517,-150,0,0
-42.76985,-23.997517,-150,0,0
-43.76985,-23.997517,-150,0,0
-44.76985,-23.997517,-150,0,0
-45.76985,-23.997517,-150,0,0
-46.76985,-23.997517,-150,0,0
-47.76985,-23.997517,-150,0,0
-48.76985,-23.997517,-150,0,0
-49.76985,-23.997517,-150,0,0
49.23015,-24.997517,-150,0,0
48.23015,-24.997517,-150,0,0
47.23015,-24.997517,-150,0,0
46.23015,-24.997517,-150,0,0
45.23015,-24.997517,-150,0,0
44.23015,-24.997517,-150,0,0
43.23015,-24.997517,-150,0,0
42.23015,-24.997517,-150,0,0
41.23015,-24.997517,-150,0,0
40.23015,-24.997517,-150,0,0
39.23015,-24.997517,-150,0,0
38.23015,-24.997517,-150,0,0
37.23015,-24.997517,-150,0,0
36.23015,-24.997517,-150,0,0
35.23015,-24.997517,-150,0,0
34.23015,-24.997517,-150,0,0
33.23015,-24.997517,-150,0,0
32.23015,-24.997517,-150,0,0
31.230148,-24.997517,-150,0,0
30.230148,-24.997517,-150,0,0
29.230148,-24.997517,-150,0,0
28.230148,-24.997517,-150,0,0
27.230148,-24.997517,-150,0,0
26.230148,-24.997517,-150,0,0
25.230148,-24.997517,-150,0,0
24.230148,-24.997517,-150,0,0
23.230148,-24.997517,-150,0,0
22.230148,-24.997517,-150,0,0
21.230148,-24.997517,-150,0,0
20.230148,-24.997517,-150,0,0
19.230148,-24.997517,-150,0,0
18.230148,-24.997517,-150,0,0
17.230148,-24.997517,-150,0,0
16.230148,-24.997517,-150,0,0
15.230148,-24.997517,-150,0,0
14.230148,-24.997517,-150,0,0
13.230148,-24.997517,-150,0,0
12.230148,-24.997517,-150,0,0
11.230148,-24.997517,-150,0,0
10.230148,-24.997517,-150,0,0
9.230148,-24.997517,-150,0,0
8.230148,-24.997517,-150,0,0
7.2301483,-24.997517,-150,0,0
6.2301483,-24.997517,-150,0,0
5.2301483,-24.997517,-150,0,0
4.2301483,-24.997517,-150,0,0
3.2301483,-24.997517,-150,0,0
2.2301483,-24.997517,-150,0,0
1.2301483,-24.997517,-150,0,0
0.23014832,-24.997517,-150,0,0
-0.7698517,-24.997517,-150,0,0
-1.7698517,-24.997517,-150,0,0
-2.7698517,-24.997517,-150,0,0
-3.7698517,-24.997517,-150,0,0
-4.7698517,-24.997517,-150,0,0
-5.7698517,-24.997517,-150,0,0
-6.7698517,-24.997517,-150,0,0
-7.7698517,-24.997517,-150,0,0
-8.769852,-24.997517,-150,0,0
-9.769852,-24.997517,-150,0,0
-10.769852,-24.997517,-150,0,0
-11.769852,-24.997517,-150,0,0
-12.769852,-24.997517,-150,0,0
-13.769852,-24.997517,-150,0,0
-14.769852,-24.997517,-150,0,0
-15.769852,-24.997517,-150,0,0
-16.769852,-24.997517,-150,0,0
-17.769852,-24.997517,-150,0,0
-18.769852,-24.997517,-150,0,0
-19.769852,-24.997517,-150,0,0
-20.769852,-24.997517,-150,0,0
-21.769852,-24.997517,-150,0,0
-22.769852,-24.997517,-150,0,0
-23.769852,-24.997517,-150,0,0
-24.769852,-24.997517,-150,0,0
-25.769852,-24.997517,-150,0,0
-26.769852,-24.997517,-150,0,0
-27.769852,-24.997517,-150,0,0
-28.769852,-24.997517,-150,0,0
-29.769852,-24.997517,-150,0,0
-30.769852,-24.997517,-150,0,0
-31.769852,-24.997517,-150,0,0
-32.76985,-24.997517,-150,0,0
-33.76985,-24.997517,-150,0,0
-34.76985,-24.997517,-150,0,0
-35.76985,-24.997517,-150,0,0
-36.76985,-24.997517,-150,0,0
-37.76985,-24.997517,-150,0,0
-38.76985,-24.997517,-150,0,0
-39.76985,-24.997517,-150,0,0
-40.76985,-24.997517,-150,0,0
-41.76985,-24.997517,-150,0,0
-42.76985,-24.997517,-150,0,0
-43.76985,-24.997517,-150,0,0
-44.76985,-24.997517,-150,0,0
-45.76985,-24.997517,-150,0,0
-46.76985,-24.997517,-150,0,0
-47.76985,-24.997517,-150,0,0
-48.76985,-24.997517,-150,0,0
-49.76985,-24.997517,-150,0,0
49.23015,-25.997517,-150,0,0
48.23015,-25.997517,-150,0,0
47.23015,-25.997517,-150,0,0
46.23015,-25.997517,-150,0,0
45.23015,-25.997517,-150,0,0
44.23015,-25.997517,-150,0,0
43.23015,-25.997517,-150,0,0
42.23015,-25.997517,-150,0,0
41.23015,-25.997517,-150,0,0
40.23015,-25.997517,-150,0,0
39.23015,-25.997517,-150,0,0
38.23015,-25.997517,-150,0,0
37.23015,-25.997517,-150,0,0
36.23015,-25.997517,-150,0,0
35.23015,-25.997517,-150,0,0
34.23015,-25.997517,-150,0,0
33.23015,-25.997517,-150,0,0
32.23015,-25.997517,-150,0,0
31.230148,-25.997517,-150,0,0
30.230148,-25.997517,-150,0,0
29.230148,-25.997517,-150,0,0
28.230148,-25.997517,-150,0,0
27.230148,-25.997517,-150,0,0
26.230148,-25.997517,-150,0,0
25.230148,-25.997517,-150,0,0
24.230148,-25.997517,-150,0,0
23.230148,-25.997517,-150,0,0
22.230148,-25.997517,-150,0,0
21.230148,-25.997517,-150,0,0
20.230148,-25.997517,-150,0,0
19.230148,-25.997517,-150,0,0
18.230148,-25.997517,-150,0,0
17.230148,-25.997517,-150,0,0
16.230148,-25.997517,-150,0,0
15.230148,-25.997517,-150,0,0
14.230148,-25.997517,-150,0,0
13.230148,-25.997517,-150,0,0
12.230148,-25.997517,-150,0,0
11.230148,-25.997517,-150,0,0
10.230148,-25.997517,-150,0,0
9.230148,-25.997517,-150,0,0
8.230148,-25.997517,-150,0,0
7.2301483,-25.997517,-150,0,0
6.2301483,-25.997517,-150,0,0
5.2301483,-25.997517,-150,0,0
4.2301483,-25.997517,-150,0,0
3.2301483,-25.997517,-150,0,0
2.2301483,-25.997517,-150,0,0
1.2301483,-25.997517,-150,0,0
0.23014832,-25.997517,-150,0,0
-0.7698517,-25.997517,-150,0,0
-1.7698517,-25.997517,-150,0,0
-2.7698517,-25.997517,-150,0,0
-3.7698517,-25.997517,-150,0,0
-4.7698517,-25.997517,-150,0,0
-5.7698517,-25.997517,-150,0,0
-6.7698517,-25.997517,-150,0,0
-7.7698517,-25.997517,-150,0,0
-8.769852,-25.997517,-150,0,0
-9.769852,-25.997517,-150,0,0
-10.769852,-25.997517,-150,0,0
-11.769852,-25.997517,-150,0,0
-12.769852,-25.997517,-150,0,0
-13.769852,-25.997517,-150,0,0
-14.769852,-25.997517,-150,0,0
-15.769852,-25.997517,-150,0,0
-16.769852,-25.997517,-150,0,0
-17.769852,-25.997517,-150,0,0
-18.769852,-25.997517,-150,0,0
-19.769852,-25.997517,-150,0,0
-20.769852,-25.997517,-150,0,0
-21.769852,-25.997517,-150,0,0
-22.769852,-25.997517,-150,0,0
-23.769852,-25.997517,-150,0,0
-24.769852,-25.997517,-150,0,0
-25.769852,-25.997517,-150,0,0
-26.769852,-25.997517,-150,0,0
-27.769852,-25.997517,-150,0,0
-28.769852,-25.997517,-150,0,0
-29.769852,-25.997517,-150,0,0
-30.769852,-25.997517,-150,0,0
-31.769852,-25.997517,-150,0,0
-32.76985,-25.997517,-150,0,0
-33.76985,-25.997517,-150,0,0
-34.76985,-25.997517,-150,0,0
-35.76985,-25.997517,-150,0,0
-36.76985,-25.997517,-150,0,0
-37.76985,-25.997517,-150,0,0
-38.76985,-25.997517,-150,0,0
-39.76985,-25.997517,-150,0,0
-40.76985,-25.997517,-150,0,0
-41.76985,-25.997517,-150,0,0
-42.76985,-25.997517,-150,0,0
-43.76985,-25.997517,-150,0,0
-44.76985,-25.997517,-150,0,0
-45.76985,-25.997517,-150,0,0
-46.76985,-25.997517,-150,0,0
-47.76985,-25.997517,-150,0,0
-48.76985,-25.997517,-150,0,0
-49.76985,-25.997517,-150,0,0
49.23015,-26.997517,-150,0,0
48.23015,-26.997517,-150,0,0
47.23015,-26.997517,-150,0,0
46.23015,-26.997517,-150,0,0
45.23015,-26.997517,-150,0,0
44.23015,-26.997517,-150,0,0
43.23015,-26.997517,-150,0,0
42.23015,-26.997517,-150,0,0
41.23015,-26.997517,-150,0,0
40.23015,-26.997517,-150,0,0
39.23015,-26.997517,-150,0,0
38.23015,-26.997517,-150,0,0
37.23015,-26.997517,-150,0,0
36.23015,-26.997517,-150,0,0
35.23015,-26.997517,-150,0,0
34.23015,-26.997517,-150,0,0
33.23015,-26.997517,-150,0,0
32.23015,-26.997517,-150,0,0
31.230148,-26.997517,-150,0,0
30.230148,-26.997517,-150,0,0
29.230148,-26.997517,-150,0,0
28.230148,-26.997517,-150,0,0
27.230148,-26.997517,-150,0,0
26.230148,-26.997517,-150,0,0
25.230148,-26.997517,-150,0,0
24.230148,-26.997517,-150,0,0
23.230148,-26.997517,-150,0,0
22.230148,-26.997517,-150,0,0
21.230148,-26.997517,-150,0,0
20.230148,-26.997517,-150,0,0
19.230148,-26.997517,-150,0,0
18.230148,-26.997517,-150,0,0
17.230148,-26.997517,-150,0,0
16.230148,-26.997517,-150,0,0
15.230148,-26.997517,-150,0,0
14.230148,-26.997517,-150,0,0
13.230148,-26.997517,-150,0,0
12.230148,-26.997517,-150,0,0
11.230148,-26.997517,-150,0,0
10.230148,-26.997517,-150,0,0
9.230148,-26.997517,-150,0,0
8.230148,-26.997517,-150,0,0
7.2301483,-26.997517,-150,0,0
6.2301483,-26.997517,-150,0,0
5.2301483,-26.997517,-150,0,0
4.2301483,-26.997517,-150,0,0
3.2301483,-26.997517,-150,0,0
2.2301483,-26.997517,-150,0,0
1.2301483,-26.997517,-150,0,0
0.23014832,-26.997517,-150,0,0
-0.7698517,-26.997517,-150,0,0
-1.7698517,-26.997517,-150,0,0
-2.7698517,-26.997517,-150,0,0
-3.7698517,-26.997517,-150,0,0
-4.7698517,-26.997517,-150,0,0
-5.7698517,-26.997517,-150,0,0
-6.7698517,-26.997517,-150,0,0
-7.7698517,-26.997517,-150,0,0
-8.769852,-26.997517,-150,0,0
-9.769852,-26.997517,-150,0,0
-10.769852,-26.997517,-150,0,0
-11.769852,-26.997517,-150,0,0
-12.769852,-26.997517,-150,0,0
-13.769852,-26.997517,-150,0,0
-14.769852,-26.997517,-150,0,0
-15.769852,-26.997517,-150,0,0
-16.769852,-26.997517,-150,0,0
-17.769852,-26.997517,-150,0,0
-18.769852,-26.997517,-150,0,0
-19.769852,-26.997517,-150,0,0
-20.769852,-26.997517,-150,0,0
-21.769852,-26.997517,-150,0,0
-22.769852,-26.997517,-150,0,0
-23.769852,-26.997517,-150,0,0
-24.769852,-26.997517,-150,0,0
-25.769852,-26.997517,-150,0,0
-26.769852,-26.997517,-150,0,0
-27.769852,-26.997517,-150,0,0
-28.769852,-26.997517,-150,0,0
-29.769852,-26.997517,-150,0,0
-30.769852,-26.997517,-150,0,0
-31.769852,-26.997517,-150,0,0
-32.76985,-26.997517,-150,0,0
-33.76985,-26.997517,-150,0,0
-34.76985,-26.997517,-150,0,0
-35.76985,-26.997517,-150,0,0
-36.76985,-26.997517,-150,0,0
-37.76985,-26.997517,-150,0,0
-38.76985,-26.997517,-150,0,0
-39.76985,-26.997517,-150,0,0
-40.76985,-26.997517,-150,0,0
-41.76985,-26.997517,-150,0,0
-42.76985,-26.997517,-150,0,0
-43.76985,-26.997517,-150,0,0
-44.76985,-26.997517,-150,0,0
-45.76985,-26.997517,-150,0,0
-46.76985,-26.997517,-150,0,0
-47.76985,-26.997517,-150,0,0
-48.76985,-26.997517,-150,0,0
-49.76985,-26.997517,-150,0,0
49.23015,-27.997517,-150,0,0
48.23015,-27.997517,-150,0,0
47.23015,-27.997517,-150,0,0
46.23015,-27.997517,-150,0,0
45.23015,-27.997517,-150,0,0
44.23015,-27.997517,-150,0,0
43.23015,-27.997517,-150,0,0
42.23015,-27.997517,-150,0,0
41.23015,-27.997517,-150,0,0
40.23015,-27.997517,-150,0,0
39.23015,-27.997517,-150,0,0
38.23015,-27.997517,-150,0,0
37.23015,-27.997517,-150,0,0
36.23015,-27.997517,-150,0,0
35.23015,-27.997517,-150,0,0
34.23015,-27.997517,-150,0,0
33.23015,-27.997517,-150,0,0
32.23015,-27.997517,-150,0,0
31.230148,-27.997517,-150,0,0
30.230148,-27.997517,-150,0,0
29.230148,-27.997517,-150,0,0
28.230148,-27.997517,-150,0,0
27.230148,-27.997517,-150,0,0
26.230148,-27.997517,-150,0,0
25.230148,-27.997517,-150,0,0
24.230148,-27.997517,-150,0,0
23.230148,-27.997517,-150,0,0
22.230148,-27.997517,-150,0,0
21.230148,-27.997517,-150,0,0
20.230148,-27.997517,-150,0,0
19.230148,-27.997517,-150,0,0
18.230148,-27.997517,-150,0,0
17.230148,-27.997517,-150,0,0
16.230148,-27.997517,-150,0,0
15.230148,-27.997517,-150,0,0
14.230148,-27.997517,-150,0,0
13.230148,-27.997517,-150,0,0
12.230148,-27.997517,-150,0,0
11.230148,-27.997517,-150,0,0
10.230148,-27.997517,-150,0,0
9.230148,-27.997517,-150,0,0
8.230148,-27.997517,-150,0,0
7.2301483,-27.997517,-150,0,0
6.2301483,-27.997517,-150,0,0
5.2301483,-27.997517,-150,0,0
4.2301483,-27.997517,-150,0,0
3.2301483,-27.997517,-150,0,0
2.2301483,-27.997517,-150,0,0
1.2301483,-27.997517,-150,0,0
0.23014832,-27.997517,-150,0,0
-0.7698517,-27.997517,-150,0,0
-1.7698517,-27.997517,-150,0,0
-2.7698517,-27.997517,-150,0,0
-3.7698517,-27.997517,-150,0,0
-4.7698517,-27.997517,-150,0,0
-5.7698517,-27.997517,-150,0,0
-6.7698517,-27.997517,-150,0,0
-7.7698517,-27.997517,-150,0,0
-8.769852,-27.997517,-150,0,0
-9.769852,-27.997517,-150,0,0
-10.769852,-27.997517,-150,0,0
-11.769852,-27.997517,-150,0,0
-12.769852,-27.997517,-150,0,0
-13.769852,-27.997517,-150,0,0
-14.769852,-27.997517,-150,0,0
-15.769852,-27.997517,-150,0,0
-16.769852,-27.997517,-150,0,0
-17.769852,-27.997517,-150,0,0
-18.769852,-27.997517,-150,0,0
-19.769852,-27.997517,-150,0,0
-20.769852,-27.997517,-150,0,0
-21.769852,-27.997517,-150,0,0
-22.769852,-27.997517,-150,0,0
-23.769852,-27.997517,-150,0,0
-24.769852,-27.997517,-150,0,0
-25.769852,-27.997517,-150,0,0
-26.769852,-27.997517,-150,0,0
-27.769852,-27.997517,-150,0,0
-28.769852,-27.997517,-150,0,0
-29.769852,-27.997517,-150,0,0
-30.769852,-27.997517,-150,0,0
-31.769852,-27.997517,-150,0,0
-32.76985,-27.997517,-150,0,0
-33.76985,-27.997517,-150,0,0
-34.76985,-27.997517,-150,0,0
-35.76985,-27.997517,-150,0,0
-36.76985,-27.997517,-150,0,0
-37.76985,-27.997517,-150,0,0
-38.76985,-27.997517,-150,0,0
-39.76985,-27.997517,-150,0,0
-40.76985,-27.997517,-150,0,0
-41.76985,-27.997517,-150,0,0
-42.76985,-27.997517,-150,0,0
-43.76985,-27.997517,-150,0,0
-44.76985,-27.997517,-150,0,0
-45.76985,-27.997517,-150,0,0
-46.76985,-27.997517,-150,0,0
-47.76985,-27.997517,-150,0,0
-48.76985,-27.997517,-150,0,0
-49.76985,-27.997517,-150,0,0
49.23015,-28.997517,-150,0,0
48.23015,-28.997517,-150,0,0
47.23015,-28.997517,-150,0,0
46.23015,-28.997517,-150,0,0
45.23015,-28.997517,-150,0,0
44.23015,-28.997517,-150,0,0
43.23015,-28.997517,-150,0,0
42.23015,-28.997517,-150,0,0
41.23015,-28.997517,-150,0,0
40.23015,-28.997517,-150,0,0
39.23015,-28.997517,-150,0,0
38.23015,-28.997517,-150,0,0
37.23015,-28.997517,-150,0,0
36.23015,-28.997517,-150,0,0
35.23015,-28.997517,-150,0,0
34.23015,-28.997517,-150,0,0
33.23015,-28.997517,-150,0,0
32.23015,-28.997517,-150,0,0
31.230148,-28.997517,-150,0,0
30.230148,-28.997517,-150,0,0
29.230148,-28.997517,-150,0,0
28.230148,-28.997517,-150,0,0
27.230148,-28.997517,-150,0,0
26.230148,-28.997517,-150,0,0
25.230148,-28.997517,-150,0,0
24.230148,-28.997517,-150,0,0
23.230148,-28.997517,-150,0,0
22.230148,-28.997517,-150,0,0
21.230148,-28.997517,-150,0,0
20.230148,-28.997517,-150,0,0
19.230148,-28.997517,-150,0,0
18.230148,-28.997517,-150,0,0
17.230148,-28.997517,-150,0,0
16.230148,-28.997517,-150,0,0
15.230148,-28.997517,-150,0,0
14.230148,-28.997517,-150,0,0
13.230148,-28.997517,-150,0,0
12.230148,-28.997517,-150,0,0
11.230148,-28.997517,-150,0,0
10.230148,-28.997517,-150,0,0
9.230148,-28.997517,-150,0,0
8.230148,-28.997517,-150,0,0
7.2301483,-28.997517,-150,0,0
6.2301483,-28.997517,-150,0,0
5.2301483,-28.997517,-150,0,0
4.2301483,-28.997517,-150,0,0
3.2301483,-28.997517,-150,0,0
2.2301483,-28.997517,-150,0,0
1.2301483,-28.997517,-150,0,0
0.23014832,-28.997517,-150,0,0
-0.7698517,-28.997517,-150,0,0
-1.7698517,-28.997517,-150,0,0
-2.7698517,-28.997517,-150,0,0
-3.7698517,-28.997517,-150,0,0
-4.7698517,-28.997517,-150,0,0
-5.7698517,-28.997517,-150,0,0
-6.7698517,-28.997517,-150,0,0
-7.7698517,-28.997517,-150,0,0
-8.769852,-28.997517,-150,0,0
-9.769852,-28.997517,-150,0,0
-10.769852,-28.997517,-150,0,0
-11.769852,-28.997517,-150,0,0
-12.769852,-28.997517,-150,0,0
-13.769852,-28.997517,-150,0,0
-14.769852,-28.997517,-150,0,0
-15.769852,-28.997517,-150,0,0
-16.769852,-28.997517,-150,0,0
-17.769852,-28.997517,-150,0,0
-18.769852,-28.997517,-150,0,0
-19.769852,-28.997517,-150,0,0
-20.769852,-28.997517,-150,0,0
-21.769852,-28.997517,-150,0,0
-22.769852,-28.997517,-150,0,0
-23.769852,-28.997517,-150,0,0
-24.769852,-28.997517,-150,0,0
-25.769852,-28.997517,-150,0,0
-26.769852,-28.997517,-150,0,0
-27.769852,-28.997517,-150,0,0
-28.769852,-28.997517,-150,0,0
-29.769852,-28.997517,-150,0,0
-30.769852,-28.997517,-150,0,0
-31.769852,-28.997517,-150,0,0
-32.76985,-28.997517,-150,0,0
-33.76985,-28.997517,-150,0,0
-34.76985,-28.997517,-150,0,0
-35.76985,-28.997517,-150,0,0
-36.76985,-28.997517,-150,0,0
-37.76985,-28.997517,-150,0,0
-38.76985,-28.997517,-150,0,0
-39.76985,-28.997517,-150,0,0
-40.76985,-28.997517,-150,0,0
-41.76985,-28.997517,-150,0,0
-42.76985,-28.997517,-150,0,0
-43.76985,-28.997517,-150,0,0
-44.76985,-28.997517,-150,0,0
-45.76985,-28.997517,-150,0,0
-46.76985,-28.997517,-150,0,0
-47.76985,-28.997517,-150,0,0
-48.76985,-28.997517,-150,0,0
-49.76985,-28.997517,-150,0,0
49.23015,-29.997517,-150,0,0
48.23015,-29.997517,-150,0,0
47.23015,-29.997517,-150,0,0
46.23015,-29.997517,-150,0,0
45.23015,-29.997517,-150,0,0
44.23015,-29.997517,-150,0,0
43.23015,-29.997517,-150,0,0
42.23015,-29.997517,-150,0,0
41.23015,-29.997517,-150,0,0
40.23015,-29.997517,-150,0,0
39.23015,-29.997517,-150,0,0
38.23015,-29.997517,-150,0,0
37.23015,-29.997517,-150,0,0
36.23015,-29.997517,-150,0,0
35.23015,-29.997517,-150,0,0
34.23015,-29.997517,-150,0,0
33.23015,-29.997517,-150,0,0
32.23015,-29.997517,-150,0,0
31.230148,-29.997517,-150,0,0
30.230148,-29.997517,-150,0,0
29.230148,-29.997517,-150,0,0
28.230148,-29.997517,-150,0,0
27.230148,-29.997517,-150,0,0
26.230148,-29.997517,-150,0,0
25.230148,-29.997517,-150,0,0
24.230148,-29.997517,-150,0,0
23.230148,-29.997517,-150,0,0
22.230148,-29.997517,-150,0,0
21.230148,-29.997517,-150,0,0
20.230148,-29.997517,-150,0,0
19.230148,-29.997517,-150,0,0
18.230148,-29.997517,-150,0,0
17.230148,-29.997517,-150,0,0
16.230148,-29.997517,-150,0,0
15.230148,-29.997517,-150,0,0
14.230148,-29.997517,-150,0,0
13.230148,-29.997517,-150,0,0
12.230148,-29.997517,-150,0,0
11.230148,-29.997517,-150,0,0
10.230148,-29.997517,-150,0,0
9.230148,-29.997517,-150,0,0
8.230148,-29.997517,-150,0,0
7.2301483,-29.997517,-150,0,0
6.2301483,-29.997517,-150,0,0
5.2301483,-29.997517,-150,0,0
4.2301483,-29.997517,-150,0,0
3.2301483,-29.997517,-150,0,0
2.2301483,-29.997517,-150,0,0
1.2301483,-29.997517,-150,0,0
0.23014832,-29.997517,-150,0,0
-0.7698517,-29.997517,-150,0,0
-1.7698517,-29.997517,-150,0,0
-2.7698517,-29.997517,-150,0,0
-3.7698517,-29.997517,-150,0,0
-4.7698517,-29.997517,-150,0,0
-5.7698517,-29.997517,-150,0,0
-6.7698517,-29.997517,-150,0,0
-7.7698517,-29.997517,-150,0,0
-8.769852,-29.997517,-150,0,0
-9.769852,-29.997517,-150,0,0
-10.769852,-29.997517,-150,0,0
-11.769852,-29.997517,-150,0,0
-12.769852,-29.997517,-150,0,0
-13.769852,-29.997517,-150,0,0
-14.769852,-29.997517,-150,0,0
-15.769852,-29.997517,-150,0,0
-16.769852,-29.997517,-150,0,0
-17.769852,-29.997517,-150,0,0
-18.769852,-29.997517,-150,0,0
-19.769852,-29.997517,-150,0,0
-20.769852,-29.997517,-150,0,0
-21.769852,-29.997517,-150,0,0
-22.769852,-29.997517,-150,0,0
-23.769852,-29.997517,-150,0,0
-24.769852,-29.997517,-150,0,0
-25.769852,-29.997517,-150,0,0
-26.769852,-29.997517,-150,0,0
-27.769852,-29.997517,-150,0,0
-28.769852,-29.997517,-150,0,0
-29.769852,-29.997517,-150,0,0
-30.769852,-29.997517,-150,0,0
-31.769852,-29.997517,-150,0,0
-32.76985,-29.997517,-150,0,0
-33.76985,-29.997517,-150,0,0
-34.76985,-29.997517,-150,0,0
-35.76985,-29.997517,-150,0,0
-36.76985,-29.997517,-150,0,0
-37.76985,-29.997517,-150,0,0
-38.76985,-29.997517,-150,0,0
-39.76985,-29.997517,-150,0,0
-40.76985,-29.997517,-150,0,0
-41.76985,-29.997517,-150,0,0
-42.76985,-29.997517,-150,0,0
-43.76985,-29.997517,-150,0,0
-44.76985,-29.997517,-150,0,0
-45.76985,-29.997517,-150,0,0
-46.76985,-29.997517,-150,0,0
-47.76985,-29.997517,-150,0,0
-48.76985,-29.997517,-150,0,0
-49.76985,-29.997517,-150,0,0
49.23015,-30.997517,-150,0,0
48.23015,-30.997517,-150,0,0
47.23015,-30.997517,-150,0,0
46.23015,-30.997517,-150,0,0
45.23015,-30.997517,-150,0,0
44.23015,-30.997517,-150,0,0
43.23015,-30.997517,-150,0,0
42.23015,-30.997517,-150,0,0
41.23015,-30.997517,-150,0,0
40.23015,-30.997517,-150,0,0
39.23015,-30.997517,-150,0,0
38.23015,-30.997517,-150,0,0
37.23015,-30.997517,-150,0,0
36.23015,-30.997517,-150,0,0
35.23015,-30.997517,-150,0,0
34.23015,-30.997517,-150,0,0
33.23015,-30.997517,-150,0,0
32.23015,-30.997517,-150,0,0
31.230148,-30.997517,-150,0,0
30.230148,-30.997517,-150,0,0
29.230148,-30.997517,-150,0,0
28.230148,-30.997517,-150,0,0
27.230148,-30.997517,-150,0,0
26.230148,-30.997517,-150,0,0
25.230148,-30.997517,-150,0,0
24.230148,-30.997517,-150,0,0
23.230148,-30.997517,-150,0,0
22.230148,-30.997517,-150,0,0
21.230148,-30.997517,-150,0,0
20.230148,-30.997517,-150,0,0
19.230148,-30.997517,-150,0,0
18.230148,-30.997517,-150,0,0
17.230148,-30.997517,-150,0,0
16.230148,-30.997517,-150,0,0
15.230148,-30.997517,-150,0,0
14.230148,-30.997517,-150,0,0
13.230148,-30.997517,-150,0,0
12.230148,-30.997517,-150,0,0
11.230148,-30.997517,-150,0,0
10.230148,-30.997517,-150,0,0
9.230148,-30.997517,-150,0,0
8.230148,-30.997517,-150,0,0
7.2301483,-30.997517,-150,0,0
6.2301483,-30.997517,-150,0,0
5.2301483,-30.997517,-150,0,0
4.2301483,-30.997517,-150,0,0
3.2301483,-30.997517,-150,0,0
2.2301483,-30.997517,-150,0,0
1.2301483,-30.997517,-150,0,0
0.23014832,-30.997517,-150,0,0
-0.7698517,-30.997517,-150,0,0
-1.7698517,-30.997517,-150,0,0
-2.7698517,-30.997517,-150,0,0
-3.7698517,-30.997517,-150,0,0
-4.7698517,-30.997517,-150,0,0
-5.7698517,-30.997517,-150,0,0
-6.7698517,-30.997517,-150,0,0
-7.7698517,-30.997517,-150,0,0
-8.769852,-30.997517,-150,0,0
-9.769852,-30.997517,-150,0,0
-10.769852,-30.997517,-150,0,0
-11.769852,-30.997517,-150,0,0
-12.769852,-30.997517,-150,0,0
-13.769852,-30.997517,-150,0,0
-14.769852,-30.997517,-150,0,0
-15.769852,-30.997517,-150,0,0
-16.769852,-30.997517,-150,0,0
-17.769852,-30.997517,-150,0,0
-18.769852,-30.997517,-150,0,0
-19.769852,-30.997517,-150,0,0
-20.769852,-30.997517,-150,0,0
-21.769852,-30.997517,-150,0,0
-22.769852,-30.997517,-150,0,0
-23.769852,-30.997517,-150,0,0
-24.769852,-30.997517,-150,0,0
-25.769852,-30.997517,-150,0,0
-26.769852,-30.997517,-150,0,0
-27.769852,-30.997517,-150,0,0
-28.769852,-30.997517,-150,0,0
-29.769852,-30.997517,-150,0,0
-30.769852,-30.997517,-150,0,0
-31.769852,-30.997517,-150,0,0
-32.76985,-30.997517,-150,0,0
-33.76985,-30.997517,-150,0,0
-34.76985,-30.997517,-150,0,0
-35.76985,-30.997517,-150,0,0
-36.76985,-30.997517,-150,0,0
-37.76985,-30.997517,-150,0,0
-38.76985,-30.997517,-150,0,0
-39.76985,-30.997517,-150,0,0
-40.76985,-30.997517,-150,0,0
-41.76985,-30.997517,-150,0,0
-42.76985,-30.997517,-150,0,0
-43.76985,-30.997517,-150,0,0
-44.76985,-30.997517,-150,0,0
-45.76985,-30.997517,-150,0,0
-46.76985,-30.997517,-150,0,0
-47.76985,-30.997517,-150,0,0
-48.76985,-30.997517,-150,0,0
-49.76985,-30.997517,-150,0,0
49.23015,-31.997517,-150,0,0
48.23015,-31.997517,-150,0,0
47.23015,-31.997517,-150,0,0
46.23015,-31.997517,-150,0,0
45.23015,-31.997517,-150,0,0
44.23015,-31.997517,-150,0,0
43.23015,-31.997517,-150,0,0
42.23015,-31.997517,-150,0,0
41.23015,-31.997517,-150,0,0
40.23015,-31.997517,-150,0,0
39.23015,-31.997517,-150,0,0
38.23015,-31.997517,-150,0,0
37.23015,-31.997517,-150,0,0
36.23015,-31.997517,-150,0,0
35.23015,-31.997517,-150,0,0
34.23015,-31.997517,-150,0,0
33.23015,-31.997517,-150,0,0
32.23015,-31.997517,-150,0,0
31.230148,-31.997517,-150,0,0
30.230148,-31.997517,-150,0,0
29.230148,-31.997517,-150,0,0
28.230148,-31.997517,-150,0,0
27.230148,-31.997517,-150,0,0
26.230148,-31.997517,-150,0,0
25.230148,-31.997517,-150,0,0
24.230148,-31.997517,-150,0,0
23.230148,-31.997517,-150,0,0
22.230148,-31.997517,-150,0,0
21.230148,-31.997517,-150,0,0
20.230148,-31.997517,-150,0,0
19.230148,-31.997517,-150,0,0
18.230148,-31.997517,-150,0,0
17.230148,-31.997517,-150,0,0
16.230148,-31.997517,-150,0,0
15.230148,-31.997517,-150,0,0
14.230148,-31.997517,-150,0,0
13.230148,-31.997517,-150,0,0
12.230148,-31.997517,-150,0,0
11.230148,-31.997517,-150,0,0
10.230148,-31.997517,-150,0,0
9.230148,-31.997517,-150,0,0
8.230148,-31.997517,-150,0,0
7.2301483,-31.997517,-150,0,0
6.2301483,-31.997517,-150,0,0
5.2301483,-31.997517,-150,0,0
4.2301483,-31.997517,-150,0,0
3.2301483,-31.997517,-150,0,0
2.2301483,-31.997517,-150,0,0
1.2301483,-31.997517,-150,0,0
0.23014832,-31.997517,-150,0,0
-0.7698517,-31.997517,-150,0,0
-1.7698517,-31.997517,-150,0,0
-2.7698517,-31.997517,-150,0,0
-3.7698517,-31.997517,-150,0,0
-4.7698517,-31.997517,-150,0,0
-5.7698517,-31.997517,-150,0,0
-6.7698517,-31.997517,-150,0,0
-7.7698517,-31.997517,-150,0,0
-8.769852,-31.997517,-150,0,0
-9.769852,-31.997517,-150,0,0
-10.769852,-31.997517,-150,0,0
-11.769852,-31.997517,-150,0,0
-12.769852,-31.997517,-150,0,0
-13.769852,-31.997517,-150,0,0
-14.769852,-31.997517,-150,0,0
-15.769852,-31.997517,-150,0,0
-16.769852,-31.997517,-150,0,0
-17.769852,-31.997517,-150,0,0
-18.769852,-31.997517,-150,0,0
-19.769852,-31.997517,-150,0,0
-20.769852,-31.997517,-150,0,0
-21.769852,-31.997517,-150,0,0
-22.769852,-31.997517,-150,0,0
-23.769852,-31.997517,-150,0,0
-24.769852,-31.997517,-150,0,0
-25.769852,-31.997517,-150,0,0
-26.769852,-31.997517,-150,0,0
-27.769852,-31.997517,-150,0,0
-28.769852,-31.997517,-150,0,0
-29.769852,-31.997517,-150,0,0
-30.769852,-31.997517,-150,0,0
-31.769852,-31.997517,-150,0,0
-32.76985,-31.997517,-150,0,0
-33.76985,-31.997517,-150,0,0
-34.76985,-31.997517,-150,0,0
-35.76985,-31.997517,-150,0,0
-36.76985,-31.997517,-150,0,0
-37.76985,-31.997517,-150,0,0
-38.76985,-31.997517,-150,0,0
-39.76985,-31.997517,-150,0,0
-40.76985,-31.997517,-150,0,0
-41.76985,-31.997517,-150,0,0
-42.76985,-31.997517,-150,0,0
-43.76985,-31.997517,-150,0,0
-44.76985,-31.997517,-150,0,0
-45.76985,-31.997517,-150,0,0
-46.76985,-31.997517,-150,0,0
-47.76985,-31.997517,-150,0,0
-48.76985,-31.997517,-150,0,0
-49.76985,-31.997517,-150,0,0
49.23015,-32.997517,-150,0,0
48.23015,-32.997517,-150,0,0
47.23015,-32.997517,-150,0,0
46.23015,-32.997517,-150,0,0
45.23015,-32.997517,-150,0,0
44.23015,-32.997517,-150,0,0
43.23015,-32.997517,-150,0,0
42.23015,-32.997517,-150,0,0
41.23015,-32.997517,-150,0,0
40.23015,-32.997517,-150,0,0
39.23015,-32.997517,-150,0,0
38.23015,-32.997517,-150,0,0
37.23015,-32.997517,-150,0,0
36.23015,-32.997517,-150,0,0
35.23015,-32.997517,-150,0,0
34.23015,-32.997517,-150,0,0
33.23015,-32.997517,-150,0,0
32.23015,-32.997517,-150,0,0
31.230148,-32.997517,-150,0,0
30.230148,-32.997517,-150,0,0
29.230148,-32.997517,-150,0,0
28.230148,-32.997517,-150,0,0
27.230148,-32.997517,-150,0,0
26.230148,-32.997517,-150,0,0
25.230148,-32.997517,-150,0,0
24.230148,-32.997517,-150,0,0
23.230148,-32.997517,-150,0,0
22.230148,-32.997517,-150,0,0
21.230148,-32.997517,-150,0,0
20.230148,-32.997517,-150,0,0
19.230148,-32.997517,-150,0,0
18.230148,-32.997517,-150,0,0
17.230148,-32.997517,-150,0,0
16.230148,-32.997517,-150,0,0
15.230148,-32.997517,-150,0,0
14.230148,-32.997517,-150,0,0
13.230148,-32.997517,-150,0,0
12.230148,-32.997517,-150,0,0
11.230148,-32.997517,-150,0,0
10.230148,-32.997517,-150,0,0
9.230148,-32.997517,-150,0,0
8.230148,-32.997517,-150,0,0
7.2301483,-32.997517,-150,0,0
6.2301483,-32.997517,-150,0,0
5.2301483,-32.997517,-150,0,0
4.2301483,-32.997517,-150,0,0
3.2301483,-32.997517,-150,0,0
2.2301483,-32.997517,-150,0,0
1.2301483,-32.997517,-150,0,0
0.23014832,-32.997517,-150,0,0
-0.7698517,-32.997517,-150,0,0
-1.7698517,-32.997517,-150,0,0
-2.7698517,-32.997517,-150,0,0
-3.7698517,-32.997517,-150,0,0
-4.7698517,-32.997517,-150,0,0
-5.7698517,-32.997517,-150,0,0
-6.7698517,-32.997517,-150,0,0
-7.7698517,-32.997517,-150,0,0
-8.769852,-32.997517,-150,0,0
-9.769852,-32.997517,-150,0,0
-10.769852,-32.997517,-150,0,0
-11.769852,-32.997517,-150,0,0
-12.769852,-32.997517,-150,0,0
-13.769852,-32.997517,-150,0,0
-14.769852,-32.997517,-150,0,0
-15.769852,-32.997517,-150,0,0
-16.769852,-32.997517,-150,0,0
-17.769852,-32.997517,-150,0,0
-18.769852,-32.997517,-150,0,0
-19.769852,-32.997517,-150,0,0
-20.769852,-32.997517,-150,0,0
-21.769852,-32.997517,-150,0,0
-22.769852,-32.997517,-150,0,0
-23.769852,-32.997517,-150,0,0
-24.769852,-32.997517,-150,0,0
-25.769852,-32.997517,-150,0,0
-26.769852,-32.997517,-150,0,0
-27.769852,-32.997517,-150,0,0
-28.769852,-32.997517,-150,0,0
-29.769852,-32.997517,-150,0,0
-30.769852,-32.997517,-150,0,0
-31.769852,-32.997517,-150,0,0
-32.76985,-32.997517,-150,0,0
-33.76985,-32.997517,-150,0,0
-34.76985,-32.997517,-150,0,0
-35.76985,-32.997517,-150,0,0
-36.76985,-32.997517,-150,0,0
-37.76985,-32.997517,-150,0,0
-38.76985,-32.997517,-150,0,0
-39.76985,-32.997517,-150,0,0
-40.76985,-32.997517,-150,0,0
-41.76985,-32.997517,-150,0,0
-42.76985,-32.997517,-150,0,0
-43.76985,-32.997517,-150,0,0
-44.76985,-32.997517,-150,0,0
-45.76985,-32.997517,-150,0,0
-46.76985,-32.997517,-150,0,0
-47.76985,-32.997517,-150,0,0
-48.76985,-32.997517,-150,0,0
-49.76985,-32.997517,-150,0,0
49.23015,-33.997517,-150,0,0
48.23015,-33.997517,-150,0,0
47.23015,-33.997517,-150,0,0
46.23015,-33.997517,-150,0,0
45.23015,-33.997517,-150,0,0
44.23015,-33.997517,-150,0,0
43.23015,-33.997517,-150,0,0
42.23015,-33.997517,-150,0,0
41.23015,-33.997517,-150,0,0
40.23015,-33.997517,-150,0,0
39.23015,-33.997517,-150,0,0
38.23015,-33.997517,-150,0,0
37.23015,-33.997517,-150,0,0
36.23015,-33.997517,-150,0,0
35.23015,-33.997517,-150,0,0
34.23015,-33.997517,-150,0,0
33.23015,-33.997517,-150,0,0
32.23015,-33.997517,-150,0,0
31.230148,-33.997517,-150,0,0
30.230148,-33.997517,-150,0,0
29.230148,-33.997517,-150,0,0
28.230148,-33.997517,-150,0,0
27.230148,-33.997517,-150,0,0
26.230148,-33.997517,-150,0,0
25.230148,-33.997517,-150,0,0
24.230148,-33.997517,-150,0,0
23.230148,-33.997517,-150,0,0
22.230148,-33.997517,-150,0,0
21.230148,-33.997517,-150,0,0
20.230148,-33.997517,-150,0,0
19.230148,-33.997517,-150,0,0
18.230148,-33.997517,-150,0,0
17.230148,-33.997517,-150,0,0
16.230148,-33.997517,-150,0,0
15.230148,-33.997517,-150,0,0
14.230148,-33.997517,-150,0,0
13.230148,-33.997517,-150,0,0
12.230148,-33.997517,-150,0,0
11.230148,-33.997517,-150,0,0
10.230148,-33.997517,-150,0,0
9.230148,-33.997517,-150,0,0
8.230148,-33.997517,-150,0,0
7.2301483,-33.997517,-150,0,0
6.2301483,-33.997517,-150,0,0
5.2301483,-33.997517,-150,0,0
4.2301483,-33.997517,-150,0,0
3.2301483,-33.997517,-150,0,0
2.2301483,-33.997517,-150,0,0
1.2301483,-33.997517,-150,0,0
0.23014832,-33.997517,-150,0,0
-0.7698517,-33.997517,-150,0,0
-1.7698517,-33.997517,-150,0,0
-2.7698517,-33.997517,-150,0,0
-3.7698517,-33.997517,-150,0,0
-4.7698517,-33.997517,-150,0,0
-5.7698517,-33.997517,-150,0,0
-6.7698517,-33.997517,-150,0,0
-7.7698517,-33.997517,-150,0,0
-8.769852,-33.997517,-150,0,0
-9.769852,-33.997517,-150,0,0
-10.769852,-33.997517,-150,0,0
-11.769852,-33.997517,-150,0,0
-12.769852,-33.997517,-150,0,0
-13.769852,-33.997517,-150,0,0
-14.769852,-33.997517,-150,0,0
-15.769852,-33.997517,-150,0,0
-16.769852,-33.997517,-150,0,0
-17.769852,-33.997517,-150,0,0
-18.769852,-33.997517,-150,0,0
-19.769852,-33.997517,-150,0,0
-20.769852,-33.997517,-150,0,0
-21.769852,-33.997517,-150,0,0
-22.769852,-33.997517,-150,0,0
-23.769852,-33.997517,-150,0,0
-24.769852,-33.997517,-150,0,0
-25.769852,-33.997517,-150,0,0
-26.769852,-33.997517,-150,0,0
-27.769852,-33.997517,-150,0,0
-28.769852,-33.997517,-150,0,0
-29.769852,-33.997517,-150,0,0
-30.769852,-33.997517,-150,0,0
-31.769852,-33.997517,-150,0,0
-32.76985,-33.997517,-150,0,0
-33.76985,-33.997517,-150,0,0
-34.76985,-33.997517,-150,0,0
-35.76985,-33.997517,-150,0,0
-36.76985,-33.997517,-150,0,0
-37.76985,-33.997517,-150,0,0
-38.76985,-33.997517,-150,0,0
-39.76985,-33.997517,-150,0,0
-40.76985,-33.997517,-150,0,0
-41.76985,-33.997517,-150,0,0
-42.76985,-33.997517,-150,0,0
-43.76985,-33.997517,-150,0,0
-44.76985,-33.997517,-150,0,0
-45.76985,-33.997517,-150,0,0
-46.76985,-33.997517,-150,0,0
-47.76985,-33.997517,-150,0,0
-48.76985,-33.997517,-150,0,0
-49.76985,-33.997517,-150,0,0
49.23015,-34.997517,-150,0,0
48.23015,-34.997517,-150,0,0
47.23015,-34.997517,-150,0,0
46.23015,-34.997517,-150,0,0
45.23015,-34.997517,-150,0,0
44.23015,-34.997517,-150,0,0
43.23015,-34.997517,-150,0,0
42.23015,-34.997517,-150,0,0
41.23015,-34.997517,-150,0,0
40.23015,-34.997517,-150,0,0
39.23015,-34.997517,-150,0,0
38.23015,-34.997517,-150,0,0
37.23015,-34.997517,-150,0,0
36.23015,-34.997517,-150,0,0
35.23015,-34.997517,-150,0,0
34.23015,-34.997517,-150,0,0
33.23015,-34.997517,-150,0,0
32.23015,-34.997517,-150,0,0
31.230148,-34.997517,-150,0,0
30.230148,-34.997517,-150,0,0
29.230148,-34.997517,-150,0,0
28.230148,-34.997517,-150,0,0
27.230148,-34.997517,-150,0,0
26.230148,-34.997517,-150,0,0
25.230148,-34.997517,-150,0,0
24.230148,-34.997517,-150,0,0
23.230148,-34.997517,-150,0,0
22.230148,-34.997517,-150,0,0
21.230148,-34.997517,-150,0,0
20.230148,-34.997517,-150,0,0
19.230148,-34.997517,-150,0,0
18.230148,-34.997517,-150,0,0
17.230148,-34.997517,-150,0,0
16.230148,-34.997517,-150,0,0
15.230148,-34.997517,-150,0,0
14.230148,-34.997517,-150,0,0
13.230148,-34.997517,-150,0,0
12.230148,-34.997517,-150,0,0
11.230148,-34.997517,-150,0,0
10.230148,-34.997517,-150,0,0
9.230148,-34.997517,-150,0,0
8.230148,-34.997517,-150,0,0
7.2301483,-34.997517,-150,0,0
6.2301483,-34.997517,-150,0,0
5.2301483,-34.997517,-150,0,0
4.2301483,-34.997517,-150,0,0
3.2301483,-34.997517,-150,0,0
2.2301483,-34.997517,-150,0,0
1.2301483,-34.997517,-150,0,0
0.23014832,-34.997517,-150,0,0
-0.7698517,-34.997517,-150,0,0
-1.7698517,-34.997517,-150,0,0
-2.7698517,-34.997517,-150,0,0
-3.7698517,-34.997517,-150,0,0
-4.7698517,-34.997517,-150,0,0
-5.7698517,-34.997517,-150,0,0
-6.7698517,-34.997517,-150,0,0
-7.7698517,-34.997517,-150,0,0
-8.769852,-34.997517,-150,0,0
-9.769852,-34.997517,-150,0,0
-10.769852,-34.997517,-150,0,0
-11.769852,-34.997517,-150,0,0
-12.769852,-34.997517,-150,0,0
-13.769852,-34.997517,-150,0,0
-14.769852,-34.997517,-150,0,0
-15.769852,-34.997517,-150,0,0
-16.769852,-34.997517,-150,0,0
-17.769852,-34.997517,-150,0,0
-18.769852,-34.997517,-150,0,0
-19.769852,-34.997517,-150,0,0
-20.769852,-34.997517,-150,0,0
-21.769852,-34.997517,-150,0,0
-22.769852,-34.997517,-150,0,0
-23.769852,-34.997517,-150,0,0
-24.769852,-34.997517,-150,0,0
-25.769852,-34.997517,-150,0,0
-26.769852,-34.997517,-150,0,0
-27.769852,-34.997517,-150,0,0
-28.769852,-34.997517,-150,0,0
-29.769852,-34.997517,-150,0,0
-30.769852,-34.997517,-150,0,0
-31.769852,-34.997517,-150,0,0
-32.76985,-34.997517,-150,0,0
-33.76985,-34.997517,-150,0,0
-34.76985,-34.997517,-150,0,0
-35.76985,-34.997517,-150,0,0
-36.76985,-34.997517,-150,0,0
-37.76985,-34.997517,-150,0,0
-38.76985,-34.997517,-150,0,0
-39.76985,-34.997517,-150,0,0
-40.76985,-34.997517,-150,0,0
-41.76985,-34.997517,-150,0,0
-42.76985,-34.997517,-150,0,0
-43.76985,-34.997517,-150,0,0
-44.76985,-34.997517,-150,0,0
-45.76985,-34.997517,-150,0,0
-46.76985,-34.997517,-150,0,0
-47.76985,-34.997517,-150,0,0
-48.76985,-34.997517,-150,0,0
-49.76985,-34.997517,-150,0,0
49.23015,-35.997517,-150,0,0
48.23015,-35.997517,-150,0,0
47.23015,-35.997517,-150,0,0
46.23015,-35.997517,-150,0,0
45.23015,-35.997517,-150,0,0
44.23015,-35.997517,-150,0,0
43.23015,-35.997517,-150,0,0
42.23015,-35.997517,-150,0,0
41.23015,-35.997517,-150,0,0
40.23015,-35.997517,-150,0,0
39.23015,-35.997517,-150,0,0
38.23015,-35.997517,-150,0,0
37.23015,-35.997517,-150,0,0
36.23015,-35.997517,-150,0,0
35.23015,-35.997517,-150,0,0
34.23015,-35.997517,-150,0,0
33.23015,-35.997517,-150,0,0
32.23015,-35.997517,-150,0,0
31.230148,-35.997517,-150,0,0
30.230148,-35.997517,-150,0,0
29.230148,-35.997517,-150,0,0
28.230148,-35.997517,-150,0,0
27.230148,-35.997517,-150,0,0
26.230148,-35.997517,-150,0,0
25.230148,-35.997517,-150,0,0
24.230148,-35.997517,-150,0,0
23.230148,-35.997517,-150,0,0
22.230148,-35.997517,-150,0,0
21.230148,-35.997517,-150,0,0
20.230148,-35.997517,-150,0,0
19.230148,-35.997517,-150,0,0
18.230148,-35.997517,-150,0,0
17.230148,-35.997517,-150,0,0
16.230148,-35.997517,-150,0,0
15.230148,-35.997517,-150,0,0
14.230148,-35.997517,-150,0,0
13.230148,-35.997517,-150,0,0
12.230148,-35.997517,-150,0,0
11.230148,-35.997517,-150,0,0
10.230148,-35.997517,-150,0,0
9.230148,-35.997517,-150,0,0
8.230148,-35.997517,-150,0,0
7.2301483,-35.997517,-150,0,0
6.2301483,-35.997517,-150,0,0
5.2301483,-35.997517,-150,0,0
4.2301483,-35.997517,-150,0,0
3.2301483,-35.997517,-150,0,0
2.2301483,-35.997517,-150,0,0
1.2301483,-35.997517,-150,0,0
0.23014832,-35.997517,-150,0,0
-0.7698517,-35.997517,-150,0,0
-1.7698517,-35.997517,-150,0,0
-2.7698517,-35.997517,-150,0,0
-3.7698517,-35.997517,-150,0,0
-4.7698517,-35.997517,-150,0,0
-5.7698517,-35.997517,-150,0,0
-6.7698517,-35.997517,-150,0,0
-7.7698517,-35.997517,-150,0,0
-8.769852,-35.997517,-150,0,0
-9.769852,-35.997517,-150,0,0
-10.769852,-35.997517,-150,0,0
-11.769852,-35.997517,-150,0,0
-12.769852,-35.997517,-150,0,0
-13.769852,-35.997517,-150,0,0
-14.769852,-35.997517,-150,0,0
-15.769852,-35.997517,-150,0,0
-16.769852,-35.997517,-150,0,0
-17.769852,-35.997517,-150,0,0
-18.769852,-35.997517,-150,0,0
-19.769852,-35.997517,-150,0,0
-20.769852,-35.997517,-150,0,0
-21.769852,-35.997517,-150,0,0
-22.769852,-35.997517,-150,0,0
-23.769852,-35.997517,-150,0,0
-24.769852,-35.997517,-150,0,0
-25.769852,-35.997517,-150,0,0
-26.769852,-35.997517,-150,0,0
-27.769852,-35.997517,-150,0,0
-28.769852,-35.997517,-150,0,0
-29.769852,-35.997517,-150,0,0
-30.769852,-35.997517,-150,0,0
-31.769852,-35.997517,-150,0,0
-32.76985,-35.997517,-150,0,0
-33.76985,-35.997517,-150,0,0
-34.76985,-35.997517,-150,0,0
-35.76985,-35.997517,-150,0,0
-36.76985,-35.997517,-150,0,0
-37.76985,-35.997517,-150,0,0
-38.76985,-35.997517,-150,0,0
-39.76985,-35.997517,-150,0,0
-40.76985,-35.997517,-150,0,0
-41.76985,-35.997517,-150,0,0
-42.76985,-35.997517,-150,0,0
-43.76985,-35.997517,-150,0,0
-44.76985,-35.997517,-150,0,0
-45.76985,-35.997517,-150,0,0
-46.76985,-35.997517,-150,0,0
-47.76985,-35.997517,-150,0,0
-48.76985,-35.997517,-150,0,0
-49.76985,-35.997517,-150,0,0
49.23015,-36.997517,-150,0,0
48.23015,-36.997517,-150,0,0
47.23015,-36.997517,-150,0,0
46.23015,-36.997517,-150,0,0
45.23015,-36.997517,-150,0,0
44.23015,-36.997517,-150,0,0
43.23015,-36.997517,-150,0,0
42.23015,-36.997517,-150,0,0
41.23015,-36.997517,-150,0,0
40.23015,-36.997517,-150,0,0
39.23015,-36.997517,-150,0,0
38.23015,-36.997517,-150,0,0
37.23015,-36.997517,-150,0,0
36.23015,-36.997517,-150,0,0
35.23015,-36.997517,-150,0,0
34.23015,-36.997517,-150,0,0
33.23015,-36.997517,-150,0,0
32.23015,-36.997517,-150,0,0
31.230148,-36.997517,-150,0,0
30.230148,-36.997517,-150,0,0
29.230148,-36.997517,-150,0,0
28.230148,-36.997517,-150,0,0
27.230148,-36.997517,-150,0,0
26.230148,-36.997517,-150,0,0
25.230148,-36.997517,-150,0,0
24.230148,-36.997517,-150,0,0
23.230148,-36.997517,-150,0,0
22.230148,-36.997517,-150,0,0
21.230148,-36.997517,-150,0,0
20.230148,-36.997517,-150,0,0
19.230148,-36.997517,-150,0,0
18.230148,-36.997517,-150,0,0
17.230148,-36.997517,-150,0,0
16.230148,-36.997517,-150,0,0
15.230148,-36.997517,-150,0,0
14.230148,-36.997517,-150,0,0
13.230148,-36.997517,-150,0,0
12.230148,-36.997517,-150,0,0
11.230148,-36.997517,-150,0,0
10.230148,-36.997517,-150,0,0
9.230148,-36.997517,-150,0,0
8.230148,-36.997517,-150,0,0
7.2301483,-36.997517,-150,0,0
6.2301483,-36.997517,-150,0,0
5.2301483,-36.997517,-150,0,0
4.2301483,-36.997517,-150,0,0
3.2301483,-36.997517,-150,0,0
2.2301483,-36.997517,-150,0,0
1.2301483,-36.997517,-150,0,0
0.23014832,-36.997517,-150,0,0
-0.7698517,-36.997517,-150,0,0
-1.7698517,-36.997517,-150,0,0
-2.7698517,-36.997517,-150,0,0
-3.7698517,-36.997517,-150,0,0
-4.7698517,-36.997517,-150,0,0
-5.7698517,-36.997517,-150,0,0
-6.7698517,-36.997517,-150,0,0
-7.7698517,-36.997517,-150,0,0
-8.769852,-36.997517,-150,0,0
-9.769852,-36.997517,-150,0,0
-10.769852,-36.997517,-150,0,0
-11.769852,-36.997517,-150,0,0
-12.769852,-36.997517,-150,0,0
-13.769852,-36.997517,-150,0,0
-14.769852,-36.997517,-150,0,0
-15.769852,-36.997517,-150,0,0
-16.769852,-36.997517,-150,0,0
-17.769852,-36.997517,-150,0,0
-18.769852,-36.997517,-150,0,0
-19.769852,-36.997517,-150,0,0
-20.769852,-36.997517,-150,0,0
-21.769852,-36.997517,-150,0,0
-22.769852,-36.997517,-150,0,0
-23.769852,-36.997517,-150,0,0
-24.769852,-36.997517,-150,0,0
-25.769852,-36.997517,-150,0,0
-26.769852,-36.997517,-150,0,0
-27.769852,-36.997517,-150,0,0
-28.769852,-36.997517,-150,0,0
-29.769852,-36.997517,-150,0,0
-30.769852,-36.997517,-150,0,0
-31.769852,-36.997517,-150,0,0
-32.76985,-36.997517,-150,0,0
-33.76985,-36.997517,-150,0,0
-34.76985,-36.997517,-150,0,0
-35.76985,-36.997517,-150,0,0
-36.76985,-36.997517,-150,0,0
-37.76985,-36.997517,-150,0,0
-38.76985,-36.997517,-150,0,0
-39.76985,-36.997517,-150,0,0
-40.76985,-36.997517,-150,0,0
-41.76985,-36.997517,-150,0,0
-42.76985,-36.997517,-150,0,0
-43.76985,-36.997517,-150,0,0
-44.76985,-36.997517,-150,0,0
-45.76985,-36.997517,-150,0,0
-46.76985,-36.997517,-150,0,0
-47.76985,-36.997517,-150,0,0
-48.76985,-36.997517,-150,0,0
-49.76985,-36.997517,-150,0,0
49.23015,-37.997517,-150,0,0
48.23015,-37.997517,-150,0,0
47.23015,-37.997517,-150,0,0
46.23015,-37.997517,-150,0,0
45.23015,-37.997517,-150,0,0
44.23015,-37.997517,-150,0,0
43.23015,-37.997517,-150,0,0
42.23015,-37.997517,-150,0,0
41.23015,-37.997517,-150,0,0
40.23015,-37.997517,-150,0,0
39.23015,-37.997517,-150,0,0
38.23015,-37.997517,-150,0,0
37.23015,-37.997517,-150,0,0
36.23015,-37.997517,-150,0,0
35.23015,-37.997517,-150,0,0
34.23015,-37.997517,-150,0,0
33.23015,-37.997517,-150,0,0
32.23015,-37.997517,-150,0,0
31.230148,-37.997517,-150,0,0
30.230148,-37.997517,-150,0,0
29.230148,-37.997517,-150,0,0
28.230148,-37.997517,-150,0,0
27.230148,-37.997517,-150,0,0
26.230148,-37.997517,-150,0,0
25.230148,-37.997517,-150,0,0
24.230148,-37.997517,-150,0,0
23.230148,-37.997517,-150,0,0
22.230148,-37.997517,-150,0,0
21.230148,-37.997517,-150,0,0
20.230148,-37.997517,-150,0,0
19.230148,-37.997517,-150,0,0
18.230148,-37.997517,-150,0,0
17.230148,-37.997517,-150,0,0
16.230148,-37.997517,-150,0,0
15.230148,-37.997517,-150,0,0
14.230148,-37.997517,-150,0,0
13.230148,-37.997517,-150,0,0
12.230148,-37.997517,-150,0,0
11.230148,-37.997517,-150,0,0
10.230148,-37.997517,-150,0,0
9.230148,-37.997517,-150,0,0
8.230148,-37.997517,-150,0,0
7.2301483,-37.997517,-150,0,0
6.2301483,-37.997517,-150,0,0
5.2301483,-37.997517,-150,0,0
4.2301483,-37.997517,-150,0,0
3.2301483,-37.997517,-150,0,0
2.2301483,-37.997517,-150,0,0
1.2301483,-37.997517,-150,0,0
0.23014832,-37.997517,-150,0,0
-0.7698517,-37.997517,-150,0,0
-1.7698517,-37.997517,-150,0,0
-2.7698517,-37.997517,-150,0,0
-3.7698517,-37.997517,-150,0,0
-4.7698517,-37.997517,-150,0,0
-5.7698517,-37.997517,-150,0,0
-6.7698517,-37.997517,-150,0,0
-7.7698517,-37.997517,-150,0,0
-8.769852,-37.997517,-150,0,0
-9.769852,-37.997517,-150,0,0
-10.769852,-37.997517,-150,0,0
-11.769852,-37.997517,-150,0,0
-12.769852,-37.997517,-150,0,0
-13.769852,-37.997517,-150,0,0
-14.769852,-37.997517,-150,0,0
-15.769852,-37.997517,-150,0,0
-16.769852,-37.997517,-150,0,0
-17.769852,-37.997517,-150,0,0
-18.769852,-37.997517,-150,0,0
-19.769852,-37.997517,-150,0,0
-20.769852,-37.997517,-150,0,0
-21.769852,-37.997517,-150,0,0
-22.769852,-37.997517,-150,0,0
-23.769852,-37.997517,-150,0,0
-24.769852,-37.997517,-150,0,0
-25.769852,-37.997517,-150,0,0
-26.769852,-37.997517,-150,0,0
-27.769852,-37.997517,-150,0,0
-28.769852,-37.997517,-150,0,0
-29.769852,-37.997517,-150,0,0
-30.769852,-37.997517,-150,0,0
-31.769852,-37.997517,-150,0,0
-32.76985,-37.997517,-150,0,0
-33.76985,-37.997517,-150,0,0
-34.76985,-37.997517,-150,0,0
-35.76985,-37.997517,-150,0,0
-36.76985,-37.997517,-150,0,0
-37.76985,-37.997517,-150,0,0
-38.76985,-37.997517,-150,0,0
-39.76985,-37.997517,-150,0,0
-40.76985,-37.997517,-150,0,0
-41.76985,-37.997517,-150,0,0
-42.76985,-37.997517,-150,0,0
-43.76985,-37.997517,-150,0,0
-44.76985,-37.997517,-150,0,0
-45.76985,-37.997517,-150,0,0
-46.76985,-37.997517,-150,0,0
-47.76985,-37.997517,-150,0,0
-48.76985,-37.997517,-150,0,0
-49.76985,-37.997517,-150,0,0
49.23015,-38.997517,-150,0,0
48.23015,-38.997517,-150,0,0
47.23015,-38.997517,-150,0,0
46.23015,-38.997517,-150,0,0
45.23015,-38.997517,-150,0,0
44.23015,-38.997517,-150,0,0
43.23015,-38.997517,-150,0,0
42.23015,-38.997517,-150,0,0
41.23015,-38.997517,-150,0,0
40.23015,-38.997517,-150,0,0
39.23015,-38.997517,-150,0,0
38.23015,-38.997517,-150,0,0
37.23015,-38.997517,-150,0,0
36.23015,-38.997517,-150,0,0
35.23015,-38.997517,-150,0,0
34.23015,-38.997517,-150,0,0
33.23015,-38.997517,-150,0,0
32.23015,-38.997517,-150,0,0
31.230148,-38.997517,-150,0,0
30.230148,-38.997517,-150,0,0
29.230148,-38.997517,-150,0,0
28.230148,-38.997517,-150,0,0
27.230148,-38.997517,-150,0,0
26.230148,-38.997517,-150,0,0
25.230148,-38.997517,-150,0,0
24.230148,-38.997517,-150,0,0
23.230148,-38.997517,-150,0,0
22.230148,-38.997517,-150,0,0
21.230148,-38.997517,-150,0,0
20.230148,-38.997517,-150,0,0
19.230148,-38.997517,-150,0,0
18.230148,-38.997517,-150,0,0
17.230148,-38.997517,-150,0,0
16.230148,-38.997517,-150,0,0
15.230148,-38.997517,-150,0,0
14.230148,-38.997517,-150,0,0
13.230148,-38.997517,-150,0,0
12.230148,-38.997517,-150,0,0
11.230148,-38.997517,-150,0,0
10.230148,-38.997517,-150,0,0
9.230148,-38.997517,-150,0,0
8.230148,-38.997517,-150,0,0
7.2301483,-38.997517,-150,0,0
6.2301483,-38.997517,-150,0,0
5.2301483,-38.997517,-150,0,0
4.2301483,-38.997517,-150,0,0
3.2301483,-38.997517,-150,0,0
2.2301483,-38.997517,-150,0,0
1.2301483,-38.997517,-150,0,0
0.23014832,-38.997517,-150,0,0
-0.7698517,-38.997517,-150,0,0
-1.7698517,-38.997517,-150,0,0
-2.7698517,-38.997517,-150,0,0
-3.7698517,-38.997517,-150,0,0
-4.7698517,-38.997517,-150,0,0
-5.7698517,-38.997517,-150,0,0
-6.7698517,-38.997517,-150,0,0
-7.7698517,-38.997517,-150,0,0
-8.769852,-38.997517,-150,0,0
-9.769852,-38.997517,-150,0,0
-10.769852,-38.997517,-150,0,0
-11.769852,-38.997517,-150,0,0
-12.769852,-38.997517,-150,0,0
-13.769852,-38.997517,-150,0,0
-14.769852,-38.997517,-150,0,0
-15.769852,-38.997517,-150,0,0
-16.769852,-38.997517,-150,0,0
-17.769852,-38.997517,-150,0,0
-18.769852,-38.997517,-150,0,0
-19.769852,-38.997517,-150,0,0
-20.769852,-38.997517,-150,0,0
-21.769852,-38.997517,-150,0,0
-22.769852,-38.997517,-150,0,0
-23.769852,-38.997517,-150,0,0
-24.769852,-38.997517,-150,0,0
-25.769852,-38.997517,-150,0,0
-26.769852,-38.997517,-150,0,0
-27.769852,-38.997517,-150,0,0
-28.769852,-38.997517,-150,0,0
-29.769852,-38.997517,-150,0,0
-30.769852,-38.997517,-150,0,0
-31.769852,-38.997517,-150,0,0
-32.76985,-38.997517,-150,0,0
-33.76985,-38.997517,-150,0,0
-34.76985,-38.997517,-150,0,0
-35.76985,-38.997517,-150,0,0
-36.76985,-38.997517,-150,0,0
-37.76985,-38.997517,-150,0,0
-38.76985,-38.997517,-150,0,0
-39.76985,-38.997517,-150,0,0
-40.76985,-38.997517,-150,0,0
-41.76985,-38.997517,-150,0,0
-42.76985,-38.997517,-150,0,0
-43.76985,-38.997517,-150,0,0
-44.76985,-38.997517,-150,0,0
-45.76985,-38.997517,-150,0,0
-46.76985,-38.997517,-150,0,0
-47.76985,-38.997517,-150,0,0
-48.76985,-38.997517,-150,0,0
-49.76985,-38.997517,-150,0,0
49.23015,-39.997517,-150,0,0
48.23015,-39.997517,-150,0,0
47.23015,-39.997517,-150,0,0
46.23015,-39.997517,-150,0,0
45.23015,-39.997517,-150,0,0
44.23015,-39.997517,-150,0,0
43.23015,-39.997517,-150,0,0
42.23015,-39.997517,-150,0,0
41.23015,-39.997517,-150,0,0
40.23015,-39.997517,-150,0,0
39.23015,-39.997517,-150,0,0
38.23015,-39.997517,-150,0,0
37.23015,-39.997517,-150,0,0
36.23015,-39.997517,-150,0,0
35.23015,-39.997517,-150,0,0
34.23015,-39.997517,-150,0,0
33.23015,-39.997517,-150,0,0
32.23015,-39.997517,-150,0,0
31.230148,-39.997517,-150,0,0
30.230148,-39.997517,-150,0,0
29.230148,-39.997517,-150,0,0
28.230148,-39.997517,-150,0,0
27.230148,-39.997517,-150,0,0
26.230148,-39.997517,-150,0,0
25.230148,-39.997517,-150,0,0
24.230148,-39.997517,-150,0,0
23.230148,-39.997517,-150,0,0
22.230148,-39.997517,-150,0,0
21.230148,-39.997517,-150,0,0
20.230148,-39.997517,-150,0,0
19.230148,-39.997517,-150,0,0
18.230148,-39.997517,-150,0,0
17.230148,-39.997517,-150,0,0
16.230148,-39.997517,-150,0,0
15.230148,-39.997517,-150,0,0
14.230148,-39.997517,-150,0,0
13.230148,-39.997517,-150,0,0
12.230148,-39.997517,-150,0,0
11.230148,-39.997517,-150,0,0
10.230148,-39.997517,-150,0,0
9.230148,-39.997517,-150,0,0
8.230148,-39.997517,-150,0,0
7.2301483,-39.997517,-150,0,0
6.2301483,-39.997517,-150,0,0
5.2301483,-39.997517,-150,0,0
4.2301483,-39.997517,-150,0,0
3.2301483,-39.997517,-150,0,0
2.2301483,-39.997517,-150,0,0
1.2301483,-39.997517,-150,0,0
0.23014832,-39.997517,-150,0,0
-0.7698517,-39.997517,-150,0,0
-1.7698517,-39.997517,-150,0,0
-2.7698517,-39.997517,-150,0,0
-3.7698517,-39.997517,-150,0,0
-4.7698517,-39.997517,-150,0,0
-5.7698517,-39.997517,-150,0,0
-6.7698517,-39.997517,-150,0,0
-7.7698517,-39.997517,-150,0,0
-8.769852,-39.997517,-150,0,0
-9.769852,-39.997517,-150,0,0
-10.769852,-39.997517,-150,0,0
-11.769852,-39.997517,-150,0,0
-12.769852,-39.997517,-150,0,0
-13.769852,-39.997517,-150,0,0
-14.769852,-39.997517,-150,0,0
-15.769852,-39.997517,-150,0,0
-16.769852,-39.997517,-150,0,0
-17.769852,-39.997517,-150,0,0
-18.769852,-39.997517,-150,0,0
-19.769852,-39.997517,-150,0,0
-20.769852,-39.997517,-150,0,0
-21.769852,-39.997517,-150,0,0
-22.769852,-39.997517,-150,0,0
-23.769852,-39.997517,-150,0,0
-24.769852,-39.997517,-150,0,0
-25.769852,-39.997517,-150,0,0
-26.769852,-39.997517,-150,0,0
-27.769852,-39.997517,-150,0,0
-28.769852,-39.997517,-150,0,0
-29.769852,-39.997517,-150,0,0
-30.769852,-39.997517,-150,0,0
-31.769852,-39.997517,-150,0,0
-32.76985,-39.997517,-150,0,0
-33.76985,-39.997517,-150,0,0
-34.76985,-39.997517,-150,0,0
-35.76985,-39.997517,-150,0,0
-36.76985,-39.997517,-150,0,0
-37.76985,-39.997517,-150,0,0
-38.76985,-39.997517,-150,0,0
-39.76985,-39.997517,-150,0,0
-40.76985,-39.997517,-150,0,0
-41.76985,-39.997517,-150,0,0
-42.76985,-39.997517,-150,0,0
-43.76985,-39.997517,-150,0,0
-44.76985,-39.997517,-150,0,0
-45.76985,-39.997517,-150,0,0
-46.76985,-39.997517,-150,0,0
-47.76985,-39.997517,-150,0,0
-48.76985,-39.997517,-150,0,0
-49.76985,-39.997517,-150,0,0
49.23015,-40.997517,-150,0,0
48.23015,-40.997517,-150,0,0
47.23015,-40.997517,-150,0,0
46.23015,-40.997517,-150,0,0
45.23015,-40.997517,-150,0,0
44.23015,-40.997517,-150,0,0
43.23015,-40.997517,-150,0,0
42.23015,-40.997517,-150,0,0
41.23015,-40.997517,-150,0,0
40.23015,-40.997517,-150,0,0
39.23015,-40.997517,-150,0,0
38.23015,-40.997517,-150,0,0
37.23015,-40.997517,-150,0,0
36.23015,-40.997517,-150,0,0
35.23015,-40.997517,-150,0,0
34.23015,-40.997517,-150,0,0
33.23015,-40.997517,-150,0,0
32.23015,-40.997517,-150,0,0
31.230148,-40.997517,-150,0,0
30.230148,-40.997517,-150,0,0
29.230148,-40.997517,-150,0,0
28.230148,-40.997517,-150,0,0
27.230148,-40.997517,-150,0,0
26.230148,-40.997517,-150,0,0
25.230148,-40.997517,-150,0,0
24.230148,-40.997517,-150,0,0
23.230148,-40.997517,-150,0,0
22.230148,-40.997517,-150,0,0
21.230148,-40.997517,-150,0,0
20.230148,-40.997517,-150,0,0
19.230148,-40.997517,-150,0,0
18.230148,-40.997517,-150,0,0
17.230148,-40.997517,-150,0,0
16.230148,-40.997517,-150,0,0
15.230148,-40.997517,-150,0,0
14.230148,-40.997517,-150,0,0
13.230148,-40.997517,-150,0,0
12.230148,-40.997517,-150,0,0
11.230148,-40.997517,-150,0,0
10.230148,-40.997517,-150,0,0
9.230148,-40.997517,-150,0,0
8.230148,-40.997517,-150,0,0
7.2301483,-40.997517,-150,0,0
6.2301483,-40.997517,-150,0,0
5.2301483,-40.997517,-150,0,0
4.2301483,-40.997517,-150,0,0
3.2301483,-40.997517,-150,0,0
2.2301483,-40.997517,-150,0,0
1.2301483,-40.997517,-150,0,0
0.23014832,-40.997517,-150,0,0
-0.7698517,-40.997517,-150,0,0
-1.7698517,-40.997517,-150,0,0
-2.7698517,-40.997517,-150,0,0
-3.7698517,-40.997517,-150,0,0
-4.7698517,-40.997517,-150,0,0
-5.7698517,-40.997517,-150,0,0
-6.7698517,-40.997517,-150,0,0
-7.7698517,-40.997517,-150,0,0
-8.769852,-40.997517,-150,0,0
-9.769852,-40.997517,-150,0,0
-10.769852,-40.997517,-150,0,0
-11.769852,-40.997517,-150,0,0
-12.769852,-40.997517,-150,0,0
-13.769852,-40.997517,-150,0,0
-14.769852,-40.997517,-150,0,0
-15.769852,-40.997517,-150,0,0
-16.769852,-40.997517,-150,0,0
-17.769852,-40.997517,-150,0,0
-18.769852,-40.997517,-150,0,0
-19.769852,-40.997517,-150,0,0
-20.769852,-40.997517,-150,0,0
-21.769852,-40.997517,-150,0,0
-22.769852,-40.997517,-150,0,0
-23.769852,-40.997517,-150,0,0
-24.769852,-40.997517,-150,0,0
-25.769852,-40.997517,-150,0,0
-26.769852,-40.997517,-150,0,0
-27.769852,-40.997517,-150,0,0
-28.769852,-40.997517,-150,0,0
-29.769852,-40.997517,-150,0,0
-30.769852,-40.997517,-150,0,0
-31.769852,-40.997517,-150,0,0
-32.76985,-40.997517,-150,0,0
-33.76985,-40.997517,-150,0,0
-34.76985,-40.997517,-150,0,0
-35.76985,-40.997517,-150,0,0
-36.76985,-40.997517,-150,0,0
-37.76985,-40.997517,-150,0,0
-38.76985,-40.997517,-150,0,0
-39.76985,-40.997517,-150,0,0
-40.76985,-40.997517,-150,0,0
-41.76985,-40.997517,-150,0,0
-42.76985,-40.997517,-150,0,0
-43.76985,-40.997517,-150,0,0
-44.76985,-40.997517,-150,0,0
-45.76985,-40.997517,-150,0,0
-46.76985,-40.997517,-150,0,0
-47.76985,-40.997517,-150,0,0
-48.76985,-40.997517,-150,0,0
-49.76985,-40.997517,-150,0,0
49.23015,-41.997517,-150,0,0
48.23015,-41.997517,-150,0,0
47.23015,-41.997517,-150,0,0
46.23015,-41.997517,-150,0,0
45.23015,-41.997517,-150,0,0
44.23015,-41.997517,-150,0,0
43.23015,-41.997517,-150,0,0
42.23015,-41.997517,-150,0,0
41.23015,-41.997517,-150,0,0
40.23015,-41.997517,-150,0,0
39.23015,-41.997517,-150,0,0
38.23015,-41.997517,-150,0,0
37.23015,-41.997517,-150,0,0
36.23015,-41.997517,-150,0,0
35.23015,-41.997517,-150,0,0
34.23015,-41.997517,-150,0,0
33.23015,-41.997517,-150,0,0
32.23015,-41.997517,-150,0,0
31.230148,-41.997517,-150,0,0
30.230148,-41.997517,-150,0,0
29.230148,-41.997517,-150,0,0
28.230148,-41.997517,-150,0,0
27.230148,-41.997517,-150,0,0
26.230148,-41.997517,-150,0,0
25.230148,-41.997517,-150,0,0
24.230148,-41.997517,-150,0,0
23.230148,-41.997517,-150,0,0
22.230148,-41.997517,-150,0,0
21.230148,-41.997517,-150,0,0
20.230148,-41.997517,-150,0,0
19.230148,-41.997517,-150,0,0
18.230148,-41.997517,-150,0,0
17.230148,-41.997517,-150,0,0
16.230148,-41.997517,-150,0,0
15.230148,-41.997517,-150,0,0
14.230148,-41.997517,-150,0,0
13.230148,-41.997517,-150,0,0
12.230148,-41.997517,-150,0,0
11.230148,-41.997517,-150,0,0
10.230148,-41.997517,-150,0,0
9.230148,-41.997517,-150,0,0
8.230148,-41.997517,-150,0,0
7.2301483,-41.997517,-150,0,0
6.2301483,-41.997517,-150,0,0
5.2301483,-41.997517,-150,0,0
4.2301483,-41.997517,-150,0,0
3.2301483,-41.997517,-150,0,0
2.2301483,-41.997517,-150,0,0
1.2301483,-41.997517,-150,0,0
0.23014832,-41.997517,-150,0,0
-0.7698517,-41.997517,-150,0,0
-1.7698517,-41.997517,-150,0,0
-2.7698517,-41.997517,-150,0,0
-3.7698517,-41.997517,-150,0,0
-4.7698517,-41.997517,-150,0,0
-5.7698517,-41.997517,-150,0,0
-6.7698517,-41.997517,-150,0,0
-7.7698517,-41.997517,-150,0,0
-8.769852,-41.997517,-150,0,0
-9.769852,-41.997517,-150,0,0
-10.769852,-41.997517,-150,0,0
-11.769852,-41.997517,-150,0,0
-12.769852,-41.997517,-150,0,0
-13.769852,-41.997517,-150,0,0
-14.769852,-41.997517,-150,0,0
-15.769852,-41.997517,-150,0,0
-16.769852,-41.997517,-150,0,0
-17.769852,-41.997517,-150,0,0
-18.769852,-41.997517,-150,0,0
-19.769852,-41.997517,-150,0,0
-20.769852,-41.997517,-150,0,0
-21.769852,-41.997517,-150,0,0
-22.769852,-41.997517,-150,0,0
-23.769852,-41.997517,-150,0,0
-24.769852,-41.997517,-150,0,0
-25.769852,-41.997517,-150,0,0
-26.769852,-41.997517,-150,0,0
-27.769852,-41.997517,-150,0,0
-28.769852,-41.997517,-150,0,0
-29.769852,-41.997517,-150,0,0
-30.769852,-41.997517,-150,0,0
-31.769852,-41.997517,-150,0,0
-32.76985,-41.997517,-150,0,0
-33.76985,-41.997517,-150,0,0
-34.76985,-41.997517,-150,0,0
-35.76985,-41.997517,-150,0,0
-36.76985,-41.997517,-150,0,0
-37.76985,-41.997517,-150,0,0
-38.76985,-41.997517,-150,0,0
-39.76985,-41.997517,-150,0,0
-40.76985,-41.997517,-150,0,0
-41.76985,-41.997517,-150,0,0
-42.76985,-41.997517,-150,0,0
-43.76985,-41.997517,-150,0,0
-44.76985,-41.997517,-150,0,0
-45.76985,-41.997517,-150,0,0
-46.76985,-41.997517,-150,0,0
-47.76985,-41.997517,-150,0,0
-48.76985,-41.997517,-150,0,0
-49.76985,-41.997517,-150,0,0
49.23015,-42.997517,-150,0,0
48.23015,-42.997517,-150,0,0
47.23015,-42.997517,-150,0,0
46.23015,-42.997517,-150,0,0
45.23015,-42.997517,-150,0,0
44.23015,-42.997517,-150,0,0
43.23015,-42.997517,-150,0,0
42.23015,-42.997517,-150,0,0
41.23015,-42.997517,-150,0,0
40.23015,-42.997517,-150,0,0
39.23015,-42.997517,-150,0,0
38.23015,-42.997517,-150,0,0
37.23015,-42.997517,-150,0,0
36.23015,-42.997517,-150,0,0
35.23015,-42.997517,-150,0,0
34.23015,-42.997517,-150,0,0
33.23015,-42.997517,-150,0,0
32.23015,-42.997517,-150,0,0
31.230148,-42.997517,-150,0,0
30.230148,-42.997517,-150,0,0
29.230148,-42.997517,-150,0,0
28.230148,-42.997517,-150,0,0
27.230148,-42.997517,-150,0,0
26.230148,-42.997517,-150,0,0
25.230148,-42.997517,-150,0,0
24.230148,-42.997517,-150,0,0
23.230148,-42.997517,-150,0,0
22.230148,-42.997517,-150,0,0
21.230148,-42.997517,-150,0,0
20.230148,-42.997517,-150,0,0
19.230148,-42.997517,-150,0,0
18.230148,-42.997517,-150,0,0
17.230148,-42.997517,-150,0,0
16.230148,-42.997517,-150,0,0
15.230148,-42.997517,-150,0,0
14.230148,-42.997517,-150,0,0
13.230148,-42.997517,-150,0,0
12.230148,-42.997517,-150,0,0
11.230148,-42.997517,-150,0,0
10.230148,-42.997517,-150,0,0
9.230148,-42.997517,-150,0,0
8.230148,-42.997517,-150,0,0
7.2301483,-42.997517,-150,0,0
6.2301483,-42.997517,-150,0,0
5.2301483,-42.997517,-150,0,0
4.2301483,-42.997517,-150,0,0
3.2301483,-42.997517,-150,0,0
2.2301483,-42.997517,-150,0,0
1.2301483,-42.997517,-150,0,0
0.23014832,-42.997517,-150,0,0
-0.7698517,-42.997517,-150,0,0
-1.7698517,-42.997517,-150,0,0
-2.7698517,-42.997517,-150,0,0
-3.7698517,-42.997517,-150,0,0
-4.7698517,-42.997517,-150,0,0
-5.7698517,-42.997517,-150,0,0
-6.7698517,-42.997517,-150,0,0
-7.7698517,-42.997517,-150,0,0
-8.769852,-42.997517,-150,0,0
-9.769852,-42.997517,-150,0,0
-10.769852,-42.997517,-150,0,0
-11.769852,-42.997517,-150,0,0
-12.769852,-42.997517,-150,0,0
-13.769852,-42.997517,-150,0,0
-14.769852,-42.997517,-150,0,0
-15.769852,-42.997517,-150,0,0
-16.769852,-42.997517,-150,0,0
-17.769852,-42.997517,-150,0,0
-18.769852,-42.997517,-150,0,0
-19.769852,-42.997517,-150,0,0
-20.769852,-42.997517,-150,0,0
-21.769852,-42.997517,-150,0,0
-22.769852,-42.997517,-150,0,0
-23.769852,-42.997517,-150,0,0
-24.769852,-42.997517,-150,0,0
-25.769852,-42.997517,-150,0,0
-26.769852,-42.997517,-150,0,0
-27.769852,-42.997517,-150,0,0
-28.769852,-42.997517,-150,0,0
-29.769852,-42.997517,-150,0,0
-30.769852,-42.997517,-150,0,0
-31.769852,-42.997517,-150,0,0
-32.76985,-42.997517,-150,0,0
-33.76985,-42.997517,-150,0,0
-34.76985,-42.997517,-150,0,0
-35.76985,-42.997517,-150,0,0
-36.76985,-42.997517,-150,0,0
-37.76985,-42.997517,-150,0,0
-38.76985,-42.997517,-150,0,0
-39.76985,-42.997517,-150,0,0
-40.76985,-42.997517,-150,0,0
-41.76985,-42.997517,-150,0,0
-42.76985,-42.997517,-150,0,0
-43.76985,-42.997517,-150,0,0
-44.76985,-42.997517,-150,0,0
-45.76985,-42.997517,-150,0,0
-46.76985,-42.997517,-150,0,0
-47.76985,-42.997517,-150,0,0
-48.76985,-42.997517,-150,0,0
-49.76985,-42.997517,-150,0,0
49.23015,-43.997517,-150,0,0
48.23015,-43.997517,-150,0,0
47.23015,-43.997517,-150,0,0
46.23015,-43.997517,-150,0,0
45.23015,-43.997517,-150,0,0
44.23015,-43.997517,-150,0,0
43.23015,-43.997517,-150,0,0
42.23015,-43.997517,-150,0,0
41.23015,-43.997517,-150,0,0
40.23015,-43.997517,-150,0,0
39.23015,-43.997517,-150,0,0
38.23015,-43.997517,-150,0,0
37.23015,-43.997517,-150,0,0
36.23015,-43.997517,-150,0,0
35.23015,-43.997517,-150,0,0
34.23015,-43.997517,-150,0,0
33.23015,-43.997517,-150,0,0
32.23015,-43.997517,-150,0,0
31.230148,-43.997517,-150,0,0
30.230148,-43.997517,-150,0,0
29.230148,-43.997517,-150,0,0
28.230148,-43.997517,-150,0,0
27.230148,-43.997517,-150,0,0
26.230148,-43.997517,-150,0,0
25.230148,-43.997517,-150,0,0
24.230148,-43.997517,-150,0,0
23.230148,-43.997517,-150,0,0
22.230148,-43.997517,-150,0,0
21.230148,-43.997517,-150,0,0
20.230148,-43.997517,-150,0,0
19.230148,-43.997517,-150,0,0
18.230148,-43.997517,-150,0,0
17.230148,-43.997517,-150,0,0
16.230148,-43.997517,-150,0,0
15.230148,-43.997517,-150,0,0
14.230148,-43.997517,-150,0,0
13.230148,-43.997517,-150,0,0
12.230148,-43.997517,-150,0,0
11.230148,-43.997517,-150,0,0
10.230148,-43.997517,-150,0,0
9.230148,-43.997517,-150,0,0
8.230148,-43.997517,-150,0,0
7.2301483,-43.997517,-150,0,0
6.2301483,-43.997517,-150,0,0
5.2301483,-43.997517,-150,0,0
4.2301483,-43.997517,-150,0,0
3.2301483,-43.997517,-150,0,0
2.2301483,-43.997517,-150,0,0
1.2301483,-43.997517,-150,0,0
0.23014832,-43.997517,-150,0,0
-0.7698517,-43.997517,-150,0,0
-1.7698517,-43.997517,-150,0,0
-2.7698517,-43.997517,-150,0,0
-3.7698517,-43.997517,-150,0,0
-4.7698517,-43.997517,-150,0,0
-5.7698517,-43.997517,-150,0,0
-6.7698517,-43.997517,-150,0,0
-7.7698517,-43.997517,-150,0,0
-8.769852,-43.997517,-150,0,0
-9.769852,-43.997517,-150,0,0
-10.769852,-43.997517,-150,0,0
-11.769852,-43.997517,-150,0,0
-12.769852,-43.997517,-150,0,0
-13.769852,-43.997517,-150,0,0
-14.769852,-43.997517,-150,0,0
-15.769852,-43.997517,-150,0,0
-16.769852,-43.997517,-150,0,0
-17.769852,-43.997517,-150,0,0
-18.769852,-43.997517,-150,0,0
-19.769852,-43.997517,-150,0,0
-20.769852,-43.997517,-150,0,0
-21.769852,-43.997517,-150,0,0
-22.769852,-43.997517,-150,0,0
-23.769852,-43.997517,-150,0,0
-24.769852,-43.997517,-150,0,0
-25.769852,-43.997517,-150,0,0
-26.769852,-43.997517,-150,0,0
-27.769852,-43.997517,-150,0,0
-28.769852,-43.997517,-150,0,0
-29.769852,-43.997517,-150,0,0
-30.769852,-43.997517,-150,0,0
-31.769852,-43.997517,-150,0,0
-32.76985,-43.997517,-150,0,0
-33.76985,-43.997517,-150,0,0
-34.76985,-43.997517,-150,0,0
-35.76985,-43.997517,-150,0,0
-36.76985,-43.997517,-150,0,0
-37.76985,-43.997517,-150,0,0
-38.76985,-43.997517,-150,0,0
-39.76985,-43.997517,-150,0,0
-40.76985,-43.997517,-150,0,0
-41.76985,-43.997517,-150,0,0
-42.76985,-43.997517,-150,0,0
-43.76985,-43.997517,-150,0,0
-44.76985,-43.997517,-150,0,0
-45.76985,-43.997517,-150,0,0
-46.76985,-43.997517,-150,0,0
-47.76985,-43.997517,-150,0,0
-48.76985,-43.997517,-150,0,0
-49.76985,-43.997517,-150,0,0
49.23015,-44.997517,-150,0,0
48.23015,-44.997517,-150,0,0
47.23015,-44.997517,-150,0,0
46.23015,-44.997517,-150,0,0
45.23015,-44.997517,-150,0,0
44.23015,-44.997517,-150,0,0
43.23015,-44.997517,-150,0,0
42.23015,-44.997517,-150,0,0
41.23015,-44.997517,-150,0,0
40.23015,-44.997517,-150,0,0
39.23015,-44.997517,-150,0,0
38.23015,-44.997517,-150,0,0
37.23015,-44.997517,-150,0,0
36.23015,-44.997517,-150,0,0
35.23015,-44.997517,-150,0,0
34.23015,-44.997517,-150,0,0
33.23015,-44.997517,-150,0,0
32.23015,-44.997517,-150,0,0
31.230148,-44.997517,-150,0,0
30.230148,-44.997517,-150,0,0
29.230148,-44.997517,-150,0,0
28.230148,-44.997517,-150,0,0
27.230148,-44.997517,-150,0,0
26.230148,-44.997517,-150,0,0
25.230148,-44.997517,-150,0,0
24.230148,-44.997517,-150,0,0
23.230148,-44.997517,-150,0,0
22.230148,-44.997517,-150,0,0
21.230148,-44.997517,-150,0,0
20.230148,-44.997517,-150,0,0
19.230148,-44.997517,-150,0,0
18.230148,-44.997517,-150,0,0
17.230148,-44.997517,-150,0,0
16.230148,-44.997517,-150,0,0
15.230148,-44.997517,-150,0,0
14.230148,-44.997517,-150,0,0
13.230148,-44.997517,-150,0,0
12.230148,-44.997517,-150,0,0
11.230148,-44.997517,-150,0,0
10.230148,-44.997517,-150,0,0
9.230148,-44.997517,-150,0,0
8.230148,-44.997517,-150,0,0
7.2301483,-44.997517,-150,0,0
6.2301483,-44.997517,-150,0,0
5.2301483,-44.997517,-150,0,0
4.2301483,-44.997517,-150,0,0
3.2301483,-44.997517,-150,0,0
2.2301483,-44.997517,-150,0,0
1.2301483,-44.997517,-150,0,0
0.23014832,-44.997517,-150,0,0
-0.7698517,-44.997517,-150,0,0
-1.7698517,-44.997517,-150,0,0
-2.7698517,-44.997517,-150,0,0
-3.7698517,-44.997517,-150,0,0
-4.7698517,-44.997517,-150,0,0
-5.7698517,-44.997517,-150,0,0
-6.7698517,-44.997517,-150,0,0
-7.7698517,-44.997517,-150,0,0
-8.769852,-44.997517,-150,0,0
-9.769852,-44.997517,-150,0,0
-10.769852,-44.997517,-150,0,0
-11.769852,-44.997517,-150,0,0
-12.769852,-44.997517,-150,0,0
-13.769852,-44.997517,-150,0,0
-14.769852,-44.997517,-150,0,0
-15.769852,-44.997517,-150,0,0
-16.769852,-44.997517,-150,0,0
-17.769852,-44.997517,-150,0,0
-18.769852,-44.997517,-150,0,0
-19.769852,-44.997517,-150,0,0
-20.769852,-44.997517,-150,0,0
-21.769852,-44.997517,-150,0,0
-22.769852,-44.997517,-150,0,0
-23.769852,-44.997517,-150,0,0
-24.769852,-44.997517,-150,0,0
-25.769852,-44.997517,-150,0,0
-26.769852,-44.997517,-150,0,0
-27.769852,-44.997517,-150,0,0
-28.769852,-44.997517,-150,0,0
-29.769852,-44.997517,-150,0,0
-30.769852,-44.997517,-150,0,0
-31.769852,-44.997517,-150,0,0
-32.76985,-44.997517,-150,0,0
-33.76985,-44.997517,-150,0,0
-34.76985,-44.997517,-150,0,0
-35.76985,-44.997517,-150,0,0
-36.76985,-44.997517,-150,0,0
-37.76985,-44.997517,-150,0,0
-38.76985,-44.997517,-150,0,0
-39.76985,-44.997517,-150,0,0
-40.76985,-44.997517,-150,0,0
-41.76985,-44.997517,-150,0,0
-42.76985,-44.997517,-150,0,0
-43.76985,-44.997517,-150,0,0
-44.76985,-44.997517,-150,0,0
-45.76985,-44.997517,-150,0,0
-46.76985,-44.997517,-150,0,0
-47.76985,-44.997517,-150,0,0
-48.76985,-44.997517,-150,0,0
-49.76985,-44.997517,-150,0,0
49.23015,-45.997517,-150,0,0
48.23015,-45.997517,-150,0,0
47.23015,-45.997517,-150,0,0
46.23015,-45.997517,-150,0,0
45.23015,-45.997517,-150,0,0
44.23015,-45.997517,-150,0,0
43.23015,-45.997517,-150,0,0
42.23015,-45.997517,-150,0,0
41.23015,-45.997517,-150,0,0
40.23015,-45.997517,-150,0,0
39.23015,-45.997517,-150,0,0
38.23015,-45.997517,-150,0,0
37.23015,-45.997517,-150,0,0
36.23015,-45.997517,-150,0,0
35.23015,-45.997517,-150,0,0
34.23015,-45.997517,-150,0,0
33.23015,-45.997517,-150,0,0
32.23015,-45.997517,-150,0,0
31.230148,-45.997517,-150,0,0
30.230148,-45.997517,-150,0,0
29.230148,-45.997517,-150,0,0
28.230148,-45.997517,-150,0,0
27.230148,-45.997517,-150,0,0
26.230148,-45.997517,-150,0,0
25.230148,-45.997517,-150,0,0
24.230148,-45.997517,-150,0,0
23.230148,-45.997517,-150,0,0
22.230148,-45.997517,-150,0,0
21.230148,-45.997517,-150,0,0
20.230148,-45.997517,-150,0,0
19.230148,-45.997517,-150,0,0
18.230148,-45.997517,-150,0,0
17.230148,-45.997517,-150,0,0
16.230148,-45.997517,-150,0,0
15.230148,-45.997517,-150,0,0
14.230148,-45.997517,-150,0,0
13.230148,-45.997517,-150,0,0
12.230148,-45.997517,-150,0,0
11.230148,-45.997517,-150,0,0
10.230148,-45.997517,-150,0,0
9.230148,-45.997517,-150,0,0
8.230148,-45.997517,-150,0,0
7.2301483,-45.997517,-150,0,0
6.2301483,-45.997517,-150,0,0
5.2301483,-45.997517,-150,0,0
4.2301483,-45.997517,-150,0,0
3.2301483,-45.997517,-150,0,0
2.2301483,-45.997517,-150,0,0
1.2301483,-45.997517,-150,0,0
0.23014832,-45.997517,-150,0,0
-0.7698517,-45.997517,-150,0,0
-1.7698517,-45.997517,-150,0,0
-2.7698517,-45.997517,-150,0,0
-3.7698517,-45.997517,-150,0,0
-4.7698517,-45.997517,-150,0,0
-5.7698517,-45.997517,-150,0,0
-6.7698517,-45.997517,-150,0,0
-7.7698517,-45.997517,-150,0,0
-8.769852,-45.997517,-150,0,0
-9.769852,-45.997517,-150,0,0
-10.769852,-45.997517,-150,0,0
-11.769852,-45.997517,-150,0,0
-12.769852,-45.997517,-150,0,0
-13.769852,-45.997517,-150,0,0
-14.769852,-45.997517,-150,0,0
-15.769852,-45.997517,-150,0,0
-16.769852,-45.997517,-150,0,0
-17.769852,-45.997517,-150,0,0
-18.769852,-45.997517,-150,0,0
-19.769852,-45.997517,-150,0,0
-20.769852,-45.997517,-150,0,0
-21.769852,-45.997517,-150,0,0
-22.769852,-45.997517,-150,0,0
-23.769852,-45.997517,-150,0,0
-24.769852,-45.997517,-150,0,0
-25.769852,-45.997517,-150,0,0
-26.769852,-45.997517,-150,0,0
-27.769852,-45.997517,-150,0,0
-28.769852,-45.997517,-150,0,0
-29.769852,-45.997517,-150,0,0
-30.769852,-45.997517,-150,0,0
-31.769852,-45.997517,-150,0,0
-32.76985,-45.997517,-150,0,0
-33.76985,-45.997517,-150,0,0
-34.76985,-45.997517,-150,0,0
-35.76985,-45.997517,-150,0,0
-36.76985,-45.997517,-150,0,0
-37.76985,-45.997517,-150,0,0
-38.76985,-45.997517,-150,0,0
-39.76985,-45.997517,-150,0,0
-40.76985,-45.997517,-150,0,0
-41.76985,-45.997517,-150,0,0
-42.76985,-45.997517,-150,0,0
-43.76985,-45.997517,-150,0,0
-44.76985,-45.997517,-150,0,0
-45.76985,-45.997517,-150,0,0
-46.76985,-45.997517,-150,0,0
-47.76985,-45.997517,-150,0,0
-48.76985,-45.997517,-150,0,0
-49.76985,-45.997517,-150,0,0
49.23015,-46.997517,-150,0,0
48.23015,-46.997517,-150,0,0
47.23015,-46.997517,-150,0,0
46.23015,-46.997517,-150,0,0
45.23015,-46.997517,-150,0,0
44.23015,-46.997517,-150,0,0
43.23015,-46.997517,-150,0,0
42.23015,-46.997517,-150,0,0
41.23015,-46.997517,-150,0,0
40.23015,-46.997517,-150,0,0
39.23015,-46.997517,-150,0,0
38.23015,-46.997517,-150,0,0
37.23015,-46.997517,-150,0,0
36.23015,-46.997517,-150,0,0
35.23015,-46.997517,-150,0,0
34.23015,-46.997517,-150,0,0
33.23015,-46.997517,-150,0,0
32.23015,-46.997517,-150,0,0
31.230148,-46.997517,-150,0,0
30.230148,-46.997517,-150,0,0
29.230148,-46.997517,-150,0,0
28.230148,-46.997517,-150,0,0
27.230148,-46.997517,-150,0,0
26.230148,-46.997517,-150,0,0
25.230148,-46.997517,-150,0,0
24.230148,-46.997517,-150,0,0
23.230148,-46.997517,-150,0,0
22.230148,-46.997517,-150,0,0
21.230148,-46.997517,-150,0,0
20.230148,-46.997517,-150,0,0
19.230148,-46.997517,-150,0,0
18.230148,-46.997517,-150,0,0
17.230148,-46.997517,-150,0,0
16.230148,-46.997517,-150,0,0
15.230148,-46.997517,-150,0,0
14.230148,-46.997517,-150,0,0
13.230148,-46.997517,-150,0,0
12.230148,-46.997517,-150,0,0
11.230148,-46.997517,-150,0,0
10.230148,-46.997517,-150,0,0
9.230148,-46.997517,-150,0,0
8.230148,-46.997517,-150,0,0
7.2301483,-46.997517,-150,0,0
6.2301483,-46.997517,-150,0,0
5.2301483,-46.997517,-150,0,0
4.2301483,-46.997517,-150,0,0
3.2301483,-46.997517,-150,0,0
2.2301483,-46.997517,-150,0,0
1.2301483,-46.997517,-150,0,0
0.23014832,-46.997517,-150,0,0
-0.7698517,-46.997517,-150,0,0
-1.7698517,-46.997517,-150,0,0
-2.7698517,-46.997517,-150,0,0
-3.7698517,-46.997517,-150,0,0
-4.7698517,-46.997517,-150,0,0
-5.7698517,-46.997517,-150,0,0
-6.7698517,-46.997517,-150,0,0
-7.7698517,-46.997517,-150,0,0
-8.769852,-46.997517,-150,0,0
-9.769852,-46.997517,-150,0,0
-10.769852,-46.997517,-150,0,0
-11.769852,-46.997517,-150,0,0
-12.769852,-46.997517,-150,0,0
-13.769852,-46.997517,-150,0,0
-14.769852,-46.997517,-150,0,0
-15.769852,-46.997517,-150,0,0
-16.769852,-46.997517,-150,0,0
-17.769852,-46.997517,-150,0,0
-18.769852,-46.997517,-150,0,0
-19.769852,-46.997517,-150,0,0
-20.769852,-46.997517,-150,0,0
-21.769852,-46.997517,-150,0,0
-22.769852,-46.997517,-150,0,0
-23.769852,-46.997517,-150,0,0
-24.769852,-46.997517,-150,0,0
-25.769852,-46.997517,-150,0,0
-26.769852,-46.997517,-150,0,0
-27.769852,-46.997517,-150,0,0
-28.769852,-46.997517,-150,0,0
-29.769852,-46.997517,-150,0,0
-30.769852,-46.997517,-150,0,0
-31.769852,-46.997517,-150,0,0
-32.76985,-46.997517,-150,0,0
-33.76985,-46.997517,-150,0,0
-34.76985,-46.997517,-150,0,0
-35.76985,-46.997517,-150,0,0
-36.76985,-46.997517,-150,0,0
-37.76985,-46.997517,-150,0,0
-38.76985,-46.997517,-150,0,0
-39.76985,-46.997517,-150,0,0
-40.76985,-46.997517,-150,0,0
-41.76985,-46.997517,-150,0,0
-42.76985,-46.997517,-150,0,0
-43.76985,-46.997517,-150,0,0
-44.76985,-46.997517,-150,0,0
-45.76985,-46.997517,-150,0,0
-46.76985,-46.997517,-150,0,0
-47.76985,-46.997517,-150,0,0
-48.76985,-46.997517,-150,0,0
-49.76985,-46.997517,-150,0,0
