X-coordinate,Y-coordinate,Z-coordinate,Advanced,Counts
49.230145,52.002483,-125.00001,0,0
48.230145,52.002483,-125.00001,0,0
47.230145,52.002483,-125.00001,0,0
46.230145,52.002483,-125.00001,0,0
45.230145,52.002483,-125.00001,0,0
44.230145,52.002483,-125.00001,0,0
43.230145,52.002483,-125.00001,0,0
42.230145,52.002483,-125.00001,0,0
41.230145,52.002483,-125.00001,0,0
40.230145,52.002483,-125.00001,0,0
39.230145,52.002483,-125.00001,0,0
38.230145,52.002483,-125.00001,0,0
37.230145,52.002483,-125.00001,0,0
36.230145,52.002483,-125.00001,0,0
35.230145,52.002483,-125.00001,0,0
34.230145,52.002483,-125.00001,0,0
33.230145,52.002483,-125.00001,0,0
32.230145,52.002483,-125.00001,0,0
31.230145,52.002483,-125.00001,0,0
30.230145,52.002483,-125.00001,0,0
29.230145,52.002483,-125.00001,0,0
28.230145,52.002483,-125.00001,0,0
27.230145,52.002483,-125.00001,0,0
26.230145,52.002483,-125.00001,0,0
25.230145,52.002483,-125.00001,0,0
24.230145,52.002483,-125.00001,0,0
23.230145,52.002483,-125.00001,0,0
22.230145,52.002483,-125.00001,0,0
21.230145,52.002483,-125.00001,0,0
20.230145,52.002483,-125.00001,0,0
19.230145,52.002483,-125.00001,0,0
18.230145,52.002483,-125.00001,0,0
17.230145,52.002483,-125.00001,0,0
16.230145,52.002483,-125.00001,0,0
15.2301445,52.002483,-125.00001,0,0
14.2301445,52.002483,-125.00001,0,0
13.2301445,52.002483,-125.00001,0,0
12.2301445,52.002483,-125.00001,0,0
11.2301445,52.002483,-125.00001,0,0
10.2301445,52.002483,-125.00001,0,0
9.2301445,52.002483,-125.00001,0,0
8.2301445,52.002483,-125.00001,0,0
7.2301445,52.002483,-125.00001,0,0
6.2301445,52.002483,-125.00001,0,0
5.2301445,52.002483,-125.00001,0,0
4.2301445,52.002483,-125.00001,0,0
3.2301445,52.002483,-125.00001,0,0
2.2301445,52.002483,-125.00001,0,0
1.2301445,52.002483,-125.00001,0,0
0.2301445,52.002483,-125.00001,0,0
-0.7698555,52.002483,-125.00001,0,0
-1.7698555,52.002483,-125.00001,0,0
-2.7698555,52.002483,-125.00001,0,0
-3.7698555,52.002483,-125.00001,0,0
-4.7698555,52.002483,-125.00001,0,0
-5.7698555,52.002483,-125.00001,0,0
-6.7698555,52.002483,-125.00001,0,0
-7.7698555,52.002483,-125.00001,0,0
-8.7698555,52.002483,-125.00001,0,0
-9.7698555,52.002483,-125.00001,0,0
-10.7698555,52.002483,-125.00001,0,0
-11.7698555,52.002483,-125.00001,0,0
-12.7698555,52.002483,-125.00001,0,0
-13.7698555,52.002483,-125.00001,0,0
-14.7698555,52.002483,-125.00001,0,0
-15.7698555,52.002483,-125.00001,0,0
-16.769855,52.002483,-125.00001,0,0
-17.769855,52.002483,-125.00001,0,0
-18.769855,52.002483,-125.00001,0,0
-19.769855,52.002483,-125.00001,0,0
-20.769855,52.002483,-125.00001,0,0
-21.769855,52.002483,-125.00001,0,0
-22.769855,52.002483,-125.00001,0,0
-23.769855,52.002483,-125.00001,0,0
-24.769855,52.002483,-125.00001,0,0
-25.769855,52.002483,-125.00001,0,0
-26.769855,52.002483,-125.00001,0,0
-27.769855,52.002483,-125.00001,0,0
-28.769855,52.002483,-125.00001,0,0
-29.769855,52.002483,-125.00001,0,0
-30.769855,52.002483,-125.00001,0,0
-31.769855,52.002483,-125.00001,0,0
-32.769855,52.002483,-125.00001,0,0
-33.769855,52.002483,-125.00001,0,0
-34.769855,52.002483,-125.00001,0,0
-35.769855,52.002483,-125.00001,0,0
-36.769855,52.002483,-125.00001,0,0
-37.769855,52.002483,-125.00001,0,0
-38.769855,52.002483,-125.00001,0,0
-39.769855,52.002483,-125.00001,0,0
-40.769855,52.002483,-125.00001,0,0
-41.769855,52.002483,-125.00001,0,0
-42.769855,52.002483,-125.00001,0,0
-43.769855,52.002483,-125.00001,0,0
-44.769855,52.002483,-125.00001,0,0
-45.769855,52.002483,-125.00001,0,0
-46.769855,52.002483,-125.00001,0,0
-47.769855,52.002483,-125.00001,0,0
-48.769855,52.002483,-125.00001,0,0
-49.769855,52.002483,-125.00001,0,0
49.230145,51.002483,-125.00001,0,0
48.230145,51.002483,-125.00001,0,0
47.230145,51.002483,-125.00001,0,0
46.230145,51.002483,-125.00001,0,0
45.230145,51.002483,-125.00001,0,0
44.230145,51.002483,-125.00001,0,0
43.230145,51.002483,-125.00001,0,0
42.230145,51.002483,-125.00001,0,0
41.230145,51.002483,-125.00001,0,0
40.230145,51.002483,-125.00001,0,0
39.230145,51.002483,-125.00001,0,0
38.230145,51.002483,-125.00001,0,0
37.230145,51.002483,-125.00001,0,0
36.230145,51.002483,-125.00001,0,0
35.230145,51.002483,-125.00001,0,0
34.230145,51.002483,-125.00001,0,0
33.230145,51.002483,-125.00001,0,0
32.230145,51.002483,-125.00001,0,0
31.230145,51.002483,-125.00001,0,0
30.230145,51.002483,-125.00001,0,0
29.230145,51.002483,-125.00001,0,0
28.230145,51.002483,-125.00001,0,0
27.230145,51.002483,-125.00001,0,0
26.230145,51.002483,-125.00001,0,0
25.230145,51.002483,-125.00001,0,0
24.230145,51.002483,-125.00001,0,0
23.230145,51.002483,-125.00001,0,0
22.230145,51.002483,-125.00001,0,0
21.230145,51.002483,-125.00001,0,0
20.230145,51.002483,-125.00001,0,0
19.230145,51.002483,-125.00001,0,0
18.230145,51.002483,-125.00001,0,0
17.230145,51.002483,-125.00001,0,0
16.230145,51.002483,-125.00001,0,0
15.2301445,51.002483,-125.00001,0,0
14.2301445,51.002483,-125.00001,0,0
13.2301445,51.002483,-125.00001,0,0
12.2301445,51.002483,-125.00001,0,0
11.2301445,51.002483,-125.00001,0,0
10.2301445,51.002483,-125.00001,0,0
9.2301445,51.002483,-125.00001,0,0
8.2301445,51.002483,-125.00001,0,0
7.2301445,51.002483,-125.00001,0,0
6.2301445,51.002483,-125.00001,0,0
5.2301445,51.002483,-125.00001,0,0
4.2301445,51.002483,-125.00001,0,0
3.2301445,51.002483,-125.00001,0,0
2.2301445,51.002483,-125.00001,0,0
1.2301445,51.002483,-125.00001,0,0
0.2301445,51.002483,-125.00001,0,0
-0.7698555,51.002483,-125.00001,0,0
-1.7698555,51.002483,-125.00001,0,0
-2.7698555,51.002483,-125.00001,0,0
-3.7698555,51.002483,-125.00001,0,0
-4.7698555,51.002483,-125.00001,0,0
-5.7698555,51.002483,-125.00001,0,0
-6.7698555,51.002483,-125.00001,0,0
-7.7698555,51.002483,-125.00001,0,0
-8.7698555,51.002483,-125.00001,0,0
-9.7698555,51.002483,-125.00001,0,0
-10.7698555,51.002483,-125.00001,0,0
-11.7698555,51.002483,-125.00001,0,0
-12.7698555,51.002483,-125.00001,0,0
-13.7698555,51.002483,-125.00001,0,0
-14.7698555,51.002483,-125.00001,0,0
-15.7698555,51.002483,-125.00001,0,0
-16.769855,51.002483,-125.00001,0,0
-17.769855,51.002483,-125.00001,0,0
-18.769855,51.002483,-125.00001,0,0
-19.769855,51.002483,-125.00001,0,0
-20.769855,51.002483,-125.00001,0,0
-21.769855,51.002483,-125.00001,0,0
-22.769855,51.002483,-125.00001,0,0
-23.769855,51.002483,-125.00001,0,0
-24.769855,51.002483,-125.00001,0,0
-25.769855,51.002483,-125.00001,0,0
-26.769855,51.002483,-125.00001,0,0
-27.769855,51.002483,-125.00001,0,0
-28.769855,51.002483,-125.00001,0,0
-29.769855,51.002483,-125.00001,0,0
-30.769855,51.002483,-125.00001,0,0
-31.769855,51.002483,-125.00001,0,0
-32.769855,51.002483,-125.00001,0,0
-33.769855,51.002483,-125.00001,0,0
-34.769855,51.002483,-125.00001,0,0
-35.769855,51.002483,-125.00001,0,0
-36.769855,51.002483,-125.00001,0,0
-37.769855,51.002483,-125.00001,0,0
-38.769855,51.002483,-125.00001,0,0
-39.769855,51.002483,-125.00001,0,0
-40.769855,51.002483,-125.00001,0,0
-41.769855,51.002483,-125.00001,0,0
-42.769855,51.002483,-125.00001,0,0
-43.769855,51.002483,-125.00001,0,0
-44.769855,51.002483,-125.00001,0,0
-45.769855,51.002483,-125.00001,0,0
-46.769855,51.002483,-125.00001,0,0
-47.769855,51.002483,-125.00001,0,0
-48.769855,51.002483,-125.00001,0,0
-49.769855,51.002483,-125.00001,0,0
49.230145,50.002483,-125.00001,0,0
48.230145,50.002483,-125.00001,0,0
47.230145,50.002483,-125.00001,0,0
46.230145,50.002483,-125.00001,0,0
45.230145,50.002483,-125.00001,0,0
44.230145,50.002483,-125.00001,0,0
43.230145,50.002483,-125.00001,0,0
42.230145,50.002483,-125.00001,0,0
41.230145,50.002483,-125.00001,0,0
40.230145,50.002483,-125.00001,0,0
39.230145,50.002483,-125.00001,0,0
38.230145,50.002483,-125.00001,0,0
37.230145,50.002483,-125.00001,0,0
36.230145,50.002483,-125.00001,0,0
35.230145,50.002483,-125.00001,0,0
34.230145,50.002483,-125.00001,0,0
33.230145,50.002483,-125.00001,0,0
32.230145,50.002483,-125.00001,0,0
31.230145,50.002483,-125.00001,0,0
30.230145,50.002483,-125.00001,0,0
29.230145,50.002483,-125.00001,0,0
28.230145,50.002483,-125.00001,0,0
27.230145,50.002483,-125.00001,0,0
26.230145,50.002483,-125.00001,0,0
25.230145,50.002483,-125.00001,0,0
24.230145,50.002483,-125.00001,0,0
23.230145,50.002483,-125.00001,0,0
22.230145,50.002483,-125.00001,0,0
21.230145,50.002483,-125.00001,0,0
20.230145,50.002483,-125.00001,0,0
19.230145,50.002483,-125.00001,0,0
18.230145,50.002483,-125.00001,0,0
17.230145,50.002483,-125.00001,0,0
16.230145,50.002483,-125.00001,0,0
15.2301445,50.002483,-125.00001,0,0
14.2301445,50.002483,-125.00001,0,0
13.2301445,50.002483,-125.00001,0,0
12.2301445,50.002483,-125.00001,0,0
11.2301445,50.002483,-125.00001,0,0
10.2301445,50.002483,-125.00001,0,0
9.2301445,50.002483,-125.00001,0,0
8.2301445,50.002483,-125.00001,0,0
7.2301445,50.002483,-125.00001,0,0
6.2301445,50.002483,-125.00001,0,0
5.2301445,50.002483,-125.00001,0,0
4.2301445,50.002483,-125.00001,0,0
3.2301445,50.002483,-125.00001,0,0
2.2301445,50.002483,-125.00001,0,0
1.2301445,50.002483,-125.00001,0,0
0.2301445,50.002483,-125.00001,0,0
-0.7698555,50.002483,-125.00001,0,0
-1.7698555,50.002483,-125.00001,0,0
-2.7698555,50.002483,-125.00001,0,0
-3.7698555,50.002483,-125.00001,0,0
-4.7698555,50.002483,-125.00001,0,0
-5.7698555,50.002483,-125.00001,0,0
-6.7698555,50.002483,-125.00001,0,0
-7.7698555,50.002483,-125.00001,0,0
-8.7698555,50.002483,-125.00001,0,0
-9.7698555,50.002483,-125.00001,0,0
-10.7698555,50.002483,-125.00001,0,0
-11.7698555,50.002483,-125.00001,0,0
-12.7698555,50.002483,-125.00001,0,0
-13.7698555,50.002483,-125.00001,0,0
-14.7698555,50.002483,-125.00001,0,0
-15.7698555,50.002483,-125.00001,0,0
-16.769855,50.002483,-125.00001,0,0
-17.769855,50.002483,-125.00001,0,0
-18.769855,50.002483,-125.00001,0,0
-19.769855,50.002483,-125.00001,0,0
-20.769855,50.002483,-125.00001,0,0
-21.769855,50.002483,-125.00001,0,0
-22.769855,50.002483,-125.00001,0,0
-23.769855,50.002483,-125.00001,0,0
-24.769855,50.002483,-125.00001,0,0
-25.769855,50.002483,-125.00001,0,0
-26.769855,50.002483,-125.00001,0,0
-27.769855,50.002483,-125.00001,0,0
-28.769855,50.002483,-125.00001,0,0
-29.769855,50.002483,-125.00001,0,0
-30.769855,50.002483,-125.00001,0,0
-31.769855,50.002483,-125.00001,0,0
-32.769855,50.002483,-125.00001,0,0
-33.769855,50.002483,-125.00001,0,0
-34.769855,50.002483,-125.00001,0,0
-35.769855,50.002483,-125.00001,0,0
-36.769855,50.002483,-125.00001,0,0
-37.769855,50.002483,-125.00001,0,0
-38.769855,50.002483,-125.00001,0,0
-39.769855,50.002483,-125.00001,0,0
-40.769855,50.002483,-125.00001,0,0
-41.769855,50.002483,-125.00001,0,0
-42.769855,50.002483,-125.00001,0,0
-43.769855,50.002483,-125.00001,0,0
-44.769855,50.002483,-125.00001,0,0
-45.769855,50.002483,-125.00001,0,0
-46.769855,50.002483,-125.00001,0,0
-47.769855,50.002483,-125.00001,0,0
-48.769855,50.002483,-125.00001,0,0
-49.769855,50.002483,-125.00001,0,0
49.230145,49.002483,-125.00001,0,0
48.230145,49.002483,-125.00001,0,0
47.230145,49.002483,-125.00001,0,0
46.230145,49.002483,-125.00001,0,0
45.230145,49.002483,-125.00001,0,0
44.230145,49.002483,-125.00001,0,0
43.230145,49.002483,-125.00001,0,0
42.230145,49.002483,-125.00001,0,0
41.230145,49.002483,-125.00001,0,0
40.230145,49.002483,-125.00001,0,0
39.230145,49.002483,-125.00001,0,0
38.230145,49.002483,-125.00001,0,0
37.230145,49.002483,-125.00001,0,0
36.230145,49.002483,-125.00001,0,0
35.230145,49.002483,-125.00001,0,0
34.230145,49.002483,-125.00001,0,0
33.230145,49.002483,-125.00001,0,0
32.230145,49.002483,-125.00001,0,0
31.230145,49.002483,-125.00001,0,0
30.230145,49.002483,-125.00001,0,0
29.230145,49.002483,-125.00001,0,0
28.230145,49.002483,-125.00001,0,0
27.230145,49.002483,-125.00001,0,0
26.230145,49.002483,-125.00001,0,0
25.230145,49.002483,-125.00001,0,0
24.230145,49.002483,-125.00001,0,0
23.230145,49.002483,-125.00001,0,0
22.230145,49.002483,-125.00001,0,0
21.230145,49.002483,-125.00001,0,0
20.230145,49.002483,-125.00001,0,0
19.230145,49.002483,-125.00001,0,0
18.230145,49.002483,-125.00001,0,0
17.230145,49.002483,-125.00001,0,0
16.230145,49.002483,-125.00001,0,0
15.2301445,49.002483,-125.00001,0,0
14.2301445,49.002483,-125.00001,0,0
13.2301445,49.002483,-125.00001,0,0
12.2301445,49.002483,-125.00001,0,0
11.2301445,49.002483,-125.00001,0,0
10.2301445,49.002483,-125.00001,0,0
9.2301445,49.002483,-125.00001,0,0
8.2301445,49.002483,-125.00001,0,0
7.2301445,49.002483,-125.00001,0,0
6.2301445,49.002483,-125.00001,0,0
5.2301445,49.002483,-125.00001,0,0
4.2301445,49.002483,-125.00001,0,0
3.2301445,49.002483,-125.00001,0,0
2.2301445,49.002483,-125.00001,0,0
1.2301445,49.002483,-125.00001,0,0
0.2301445,49.002483,-125.00001,0,0
-0.7698555,49.002483,-125.00001,0,0
-1.7698555,49.002483,-125.00001,0,0
-2.7698555,49.002483,-125.00001,0,0
-3.7698555,49.002483,-125.00001,0,0
-4.7698555,49.002483,-125.00001,0,0
-5.7698555,49.002483,-125.00001,0,0
-6.7698555,49.002483,-125.00001,0,0
-7.7698555,49.002483,-125.00001,0,0
-8.7698555,49.002483,-125.00001,0,0
-9.7698555,49.002483,-125.00001,0,0
-10.7698555,49.002483,-125.00001,0,0
-11.7698555,49.002483,-125.00001,0,0
-12.7698555,49.002483,-125.00001,0,0
-13.7698555,49.002483,-125.00001,0,0
-14.7698555,49.002483,-125.00001,0,0
-15.7698555,49.002483,-125.00001,0,0
-16.769855,49.002483,-125.00001,0,0
-17.769855,49.002483,-125.00001,0,0
-18.769855,49.002483,-125.00001,0,0
-19.769855,49.002483,-125.00001,0,0
-20.769855,49.002483,-125.00001,0,0
-21.769855,49.002483,-125.00001,0,0
-22.769855,49.002483,-125.00001,0,0
-23.769855,49.002483,-125.00001,0,0
-24.769855,49.002483,-125.00001,0,0
-25.769855,49.002483,-125.00001,0,0
-26.769855,49.002483,-125.00001,0,0
-27.769855,49.002483,-125.00001,0,0
-28.769855,49.002483,-125.00001,0,0
-29.769855,49.002483,-125.00001,0,0
-30.769855,49.002483,-125.00001,0,0
-31.769855,49.002483,-125.00001,0,0
-32.769855,49.002483,-125.00001,0,0
-33.769855,49.002483,-125.00001,0,0
-34.769855,49.002483,-125.00001,0,0
-35.769855,49.002483,-125.00001,0,0
-36.769855,49.002483,-125.00001,0,0
-37.769855,49.002483,-125.00001,0,0
-38.769855,49.002483,-125.00001,0,0
-39.769855,49.002483,-125.00001,0,0
-40.769855,49.002483,-125.00001,0,0
-41.769855,49.002483,-125.00001,0,0
-42.769855,49.002483,-125.00001,0,0
-43.769855,49.002483,-125.00001,0,0
-44.769855,49.002483,-125.00001,0,0
-45.769855,49.002483,-125.00001,0,0
-46.769855,49.002483,-125.00001,0,0
-47.769855,49.002483,-125.00001,0,0
-48.769855,49.002483,-125.00001,0,0
-49.769855,49.002483,-125.00001,0,0
49.230145,48.002483,-125.00001,0,0
48.230145,48.002483,-125.00001,0,0
47.230145,48.002483,-125.00001,0,0
46.230145,48.002483,-125.00001,0,0
45.230145,48.002483,-125.00001,0,0
44.230145,48.002483,-125.00001,0,0
43.230145,48.002483,-125.00001,0,0
42.230145,48.002483,-125.00001,0,0
41.230145,48.002483,-125.00001,0,0
40.230145,48.002483,-125.00001,0,0
39.230145,48.002483,-125.00001,0,0
38.230145,48.002483,-125.00001,0,0
37.230145,48.002483,-125.00001,0,0
36.230145,48.002483,-125.00001,0,0
35.230145,48.002483,-125.00001,0,0
34.230145,48.002483,-125.00001,0,0
33.230145,48.002483,-125.00001,0,0
32.230145,48.002483,-125.00001,0,0
31.230145,48.002483,-125.00001,0,0
30.230145,48.002483,-125.00001,0,0
29.230145,48.002483,-125.00001,0,0
28.230145,48.002483,-125.00001,0,0
27.230145,48.002483,-125.00001,0,0
26.230145,48.002483,-125.00001,0,0
25.230145,48.002483,-125.00001,0,0
24.230145,48.002483,-125.00001,0,0
23.230145,48.002483,-125.00001,0,0
22.230145,48.002483,-125.00001,0,0
21.230145,48.002483,-125.00001,0,0
20.230145,48.002483,-125.00001,0,0
19.230145,48.002483,-125.00001,0,0
18.230145,48.002483,-125.00001,0,0
17.230145,48.002483,-125.00001,0,0
16.230145,48.002483,-125.00001,0,0
15.2301445,48.002483,-125.00001,0,0
14.2301445,48.002483,-125.00001,0,0
13.2301445,48.002483,-125.00001,0,0
12.2301445,48.002483,-125.00001,0,0
11.2301445,48.002483,-125.00001,0,0
10.2301445,48.002483,-125.00001,0,0
9.2301445,48.002483,-125.00001,0,0
8.2301445,48.002483,-125.00001,0,0
7.2301445,48.002483,-125.00001,0,0
6.2301445,48.002483,-125.00001,0,0
5.2301445,48.002483,-125.00001,0,0
4.2301445,48.002483,-125.00001,0,0
3.2301445,48.002483,-125.00001,0,0
2.2301445,48.002483,-125.00001,0,0
1.2301445,48.002483,-125.00001,0,0
0.2301445,48.002483,-125.00001,0,0
-0.7698555,48.002483,-125.00001,0,0
-1.7698555,48.002483,-125.00001,0,0
-2.7698555,48.002483,-125.00001,0,0
-3.7698555,48.002483,-125.00001,0,0
-4.7698555,48.002483,-125.00001,0,0
-5.7698555,48.002483,-125.00001,0,0
-6.7698555,48.002483,-125.00001,0,0
-7.7698555,48.002483,-125.00001,0,0
-8.7698555,48.002483,-125.00001,0,0
-9.7698555,48.002483,-125.00001,0,0
-10.7698555,48.002483,-125.00001,0,0
-11.7698555,48.002483,-125.00001,0,0
-12.7698555,48.002483,-125.00001,0,0
-13.7698555,48.002483,-125.00001,0,0
-14.7698555,48.002483,-125.00001,0,0
-15.7698555,48.002483,-125.00001,0,0
-16.769855,48.002483,-125.00001,0,0
-17.769855,48.002483,-125.00001,0,0
-18.769855,48.002483,-125.00001,0,0
-19.769855,48.002483,-125.00001,0,0
-20.769855,48.002483,-125.00001,0,0
-21.769855,48.002483,-125.00001,0,0
-22.769855,48.002483,-125.00001,0,0
-23.769855,48.002483,-125.00001,0,0
-24.769855,48.002483,-125.00001,0,0
-25.769855,48.002483,-125.00001,0,0
-26.769855,48.002483,-125.00001,0,0
-27.769855,48.002483,-125.00001,0,0
-28.769855,48.002483,-125.00001,0,0
-29.769855,48.002483,-125.00001,0,0
-30.769855,48.002483,-125.00001,0,0
-31.769855,48.002483,-125.00001,0,0
-32.769855,48.002483,-125.00001,0,0
-33.769855,48.002483,-125.00001,0,0
-34.769855,48.002483,-125.00001,0,0
-35.769855,48.002483,-125.00001,0,0
-36.769855,48.002483,-125.00001,0,0
-37.769855,48.002483,-125.00001,0,0
-38.769855,48.002483,-125.00001,0,0
-39.769855,48.002483,-125.00001,0,0
-40.769855,48.002483,-125.00001,0,0
-41.769855,48.002483,-125.00001,0,0
-42.769855,48.002483,-125.00001,0,0
-43.769855,48.002483,-125.00001,0,0
-44.769855,48.002483,-125.00001,0,0
-45.769855,48.002483,-125.00001,0,0
-46.769855,48.002483,-125.00001,0,0
-47.769855,48.002483,-125.00001,0,0
-48.769855,48.002483,-125.00001,0,0
-49.769855,48.002483,-125.00001,0,0
49.230145,47.002483,-125.00001,0,0
48.230145,47.002483,-125.00001,0,0
47.230145,47.002483,-125.00001,0,0
46.230145,47.002483,-125.00001,0,0
45.230145,47.002483,-125.00001,0,0
44.230145,47.002483,-125.00001,0,0
43.230145,47.002483,-125.00001,0,0
42.230145,47.002483,-125.00001,0,0
41.230145,47.002483,-125.00001,0,0
40.230145,47.002483,-125.00001,0,0
39.230145,47.002483,-125.00001,0,0
38.230145,47.002483,-125.00001,0,0
37.230145,47.002483,-125.00001,0,0
36.230145,47.002483,-125.00001,0,0
35.230145,47.002483,-125.00001,0,0
34.230145,47.002483,-125.00001,0,0
33.230145,47.002483,-125.00001,0,0
32.230145,47.002483,-125.00001,0,0
31.230145,47.002483,-125.00001,0,0
30.230145,47.002483,-125.00001,0,0
29.230145,47.002483,-125.00001,0,0
28.230145,47.002483,-125.00001,0,0
27.230145,47.002483,-125.00001,0,0
26.230145,47.002483,-125.00001,0,0
25.230145,47.002483,-125.00001,0,0
24.230145,47.002483,-125.00001,0,0
23.230145,47.002483,-125.00001,0,0
22.230145,47.002483,-125.00001,0,0
21.230145,47.002483,-125.00001,0,0
20.230145,47.002483,-125.00001,0,0
19.230145,47.002483,-125.00001,0,0
18.230145,47.002483,-125.00001,0,0
17.230145,47.002483,-125.00001,0,0
16.230145,47.002483,-125.00001,0,0
15.2301445,47.002483,-125.00001,0,0
14.2301445,47.002483,-125.00001,0,0
13.2301445,47.002483,-125.00001,0,0
12.2301445,47.002483,-125.00001,0,0
11.2301445,47.002483,-125.00001,0,0
10.2301445,47.002483,-125.00001,0,0
9.2301445,47.002483,-125.00001,0,0
8.2301445,47.002483,-125.00001,0,0
7.2301445,47.002483,-125.00001,0,0
6.2301445,47.002483,-125.00001,0,0
5.2301445,47.002483,-125.00001,0,0
4.2301445,47.002483,-125.00001,0,0
3.2301445,47.002483,-125.00001,0,0
2.2301445,47.002483,-125.00001,0,0
1.2301445,47.002483,-125.00001,0,0
0.2301445,47.002483,-125.00001,0,0
-0.7698555,47.002483,-125.00001,0,0
-1.7698555,47.002483,-125.00001,0,0
-2.7698555,47.002483,-125.00001,0,0
-3.7698555,47.002483,-125.00001,0,0
-4.7698555,47.002483,-125.00001,0,0
-5.7698555,47.002483,-125.00001,0,0
-6.7698555,47.002483,-125.00001,0,0
-7.7698555,47.002483,-125.00001,0,0
-8.7698555,47.002483,-125.00001,0,0
-9.7698555,47.002483,-125.00001,0,0
-10.7698555,47.002483,-125.00001,0,0
-11.7698555,47.002483,-125.00001,0,0
-12.7698555,47.002483,-125.00001,0,0
-13.7698555,47.002483,-125.00001,0,0
-14.7698555,47.002483,-125.00001,0,0
-15.7698555,47.002483,-125.00001,0,0
-16.769855,47.002483,-125.00001,0,0
-17.769855,47.002483,-125.00001,0,0
-18.769855,47.002483,-125.00001,0,0
-19.769855,47.002483,-125.00001,0,0
-20.769855,47.002483,-125.00001,0,0
-21.769855,47.002483,-125.00001,0,0
-22.769855,47.002483,-125.00001,0,0
-23.769855,47.002483,-125.00001,0,0
-24.769855,47.002483,-125.00001,0,0
-25.769855,47.002483,-125.00001,0,0
-26.769855,47.002483,-125.00001,0,0
-27.769855,47.002483,-125.00001,0,0
-28.769855,47.002483,-125.00001,0,0
-29.769855,47.002483,-125.00001,0,0
-30.769855,47.002483,-125.00001,0,0
-31.769855,47.002483,-125.00001,0,0
-32.769855,47.002483,-125.00001,0,0
-33.769855,47.002483,-125.00001,0,0
-34.769855,47.002483,-125.00001,0,0
-35.769855,47.002483,-125.00001,0,0
-36.769855,47.002483,-125.00001,0,0
-37.769855,47.002483,-125.00001,0,0
-38.769855,47.002483,-125.00001,0,0
-39.769855,47.002483,-125.00001,0,0
-40.769855,47.002483,-125.00001,0,0
-41.769855,47.002483,-125.00001,0,0
-42.769855,47.002483,-125.00001,0,0
-43.769855,47.002483,-125.00001,0,0
-44.769855,47.002483,-125.00001,0,0
-45.769855,47.002483,-125.00001,0,0
-46.769855,47.002483,-125.00001,0,0
-47.769855,47.002483,-125.00001,0,0
-48.769855,47.002483,-125.00001,0,0
-49.769855,47.002483,-125.00001,0,0
49.230145,46.002483,-125.00001,0,0
48.230145,46.002483,-125.00001,0,0
47.230145,46.002483,-125.00001,0,0
46.230145,46.002483,-125.00001,0,0
45.230145,46.002483,-125.00001,0,0
44.230145,46.002483,-125.00001,0,0
43.230145,46.002483,-125.00001,0,0
42.230145,46.002483,-125.00001,0,0
41.230145,46.002483,-125.00001,0,0
40.230145,46.002483,-125.00001,0,0
39.230145,46.002483,-125.00001,0,0
38.230145,46.002483,-125.00001,0,0
37.230145,46.002483,-125.00001,0,0
36.230145,46.002483,-125.00001,0,0
35.230145,46.002483,-125.00001,0,0
34.230145,46.002483,-125.00001,0,0
33.230145,46.002483,-125.00001,0,0
32.230145,46.002483,-125.00001,0,0
31.230145,46.002483,-125.00001,0,0
30.230145,46.002483,-125.00001,0,0
29.230145,46.002483,-125.00001,0,0
28.230145,46.002483,-125.00001,0,0
27.230145,46.002483,-125.00001,0,0
26.230145,46.002483,-125.00001,0,0
25.230145,46.002483,-125.00001,0,0
24.230145,46.002483,-125.00001,0,0
23.230145,46.002483,-125.00001,0,0
22.230145,46.002483,-125.00001,0,0
21.230145,46.002483,-125.00001,0,0
20.230145,46.002483,-125.00001,0,0
19.230145,46.002483,-125.00001,0,0
18.230145,46.002483,-125.00001,0,0
17.230145,46.002483,-125.00001,0,0
16.230145,46.002483,-125.00001,0,0
15.2301445,46.002483,-125.00001,0,0
14.2301445,46.002483,-125.00001,0,0
13.2301445,46.002483,-125.00001,0,0
12.2301445,46.002483,-125.00001,0,0
11.2301445,46.002483,-125.00001,0,0
10.2301445,46.002483,-125.00001,0,0
9.2301445,46.002483,-125.00001,0,0
8.2301445,46.002483,-125.00001,0,0
7.2301445,46.002483,-125.00001,0,0
6.2301445,46.002483,-125.00001,0,0
5.2301445,46.002483,-125.00001,0,0
4.2301445,46.002483,-125.00001,0,0
3.2301445,46.002483,-125.00001,0,0
2.2301445,46.002483,-125.00001,0,0
1.2301445,46.002483,-125.00001,0,0
0.2301445,46.002483,-125.00001,0,0
-0.7698555,46.002483,-125.00001,0,0
-1.7698555,46.002483,-125.00001,0,0
-2.7698555,46.002483,-125.00001,0,0
-3.7698555,46.002483,-125.00001,0,0
-4.7698555,46.002483,-125.00001,0,0
-5.7698555,46.002483,-125.00001,0,0
-6.7698555,46.002483,-125.00001,0,0
-7.7698555,46.002483,-125.00001,0,0
-8.7698555,46.002483,-125.00001,0,0
-9.7698555,46.002483,-125.00001,0,0
-10.7698555,46.002483,-125.00001,0,0
-11.7698555,46.002483,-125.00001,0,0
-12.7698555,46.002483,-125.00001,0,0
-13.7698555,46.002483,-125.00001,0,0
-14.7698555,46.002483,-125.00001,0,0
-15.7698555,46.002483,-125.00001,0,0
-16.769855,46.002483,-125.00001,0,0
-17.769855,46.002483,-125.00001,0,0
-18.769855,46.002483,-125.00001,0,0
-19.769855,46.002483,-125.00001,0,0
-20.769855,46.002483,-125.00001,0,0
-21.769855,46.002483,-125.00001,0,0
-22.769855,46.002483,-125.00001,0,0
-23.769855,46.002483,-125.00001,0,0
-24.769855,46.002483,-125.00001,0,0
-25.769855,46.002483,-125.00001,0,0
-26.769855,46.002483,-125.00001,0,0
-27.769855,46.002483,-125.00001,0,0
-28.769855,46.002483,-125.00001,0,0
-29.769855,46.002483,-125.00001,0,0
-30.769855,46.002483,-125.00001,0,0
-31.769855,46.002483,-125.00001,0,0
-32.769855,46.002483,-125.00001,0,0
-33.769855,46.002483,-125.00001,0,0
-34.769855,46.002483,-125.00001,0,0
-35.769855,46.002483,-125.00001,0,0
-36.769855,46.002483,-125.00001,0,0
-37.769855,46.002483,-125.00001,0,0
-38.769855,46.002483,-125.00001,0,0
-39.769855,46.002483,-125.00001,0,0
-40.769855,46.002483,-125.00001,0,0
-41.769855,46.002483,-125.00001,0,0
-42.769855,46.002483,-125.00001,0,0
-43.769855,46.002483,-125.00001,0,0
-44.769855,46.002483,-125.00001,0,0
-45.769855,46.002483,-125.00001,0,0
-46.769855,46.002483,-125.00001,0,0
-47.769855,46.002483,-125.00001,0,0
-48.769855,46.002483,-125.00001,0,0
-49.769855,46.002483,-125.00001,0,0
49.230145,45.002483,-125.00001,0,0
48.230145,45.002483,-125.00001,0,0
47.230145,45.002483,-125.00001,0,0
46.230145,45.002483,-125.00001,0,0
45.230145,45.002483,-125.00001,0,0
44.230145,45.002483,-125.00001,0,0
43.230145,45.002483,-125.00001,0,0
42.230145,45.002483,-125.00001,0,0
41.230145,45.002483,-125.00001,0,0
40.230145,45.002483,-125.00001,0,0
39.230145,45.002483,-125.00001,0,0
38.230145,45.002483,-125.00001,0,0
37.230145,45.002483,-125.00001,0,0
36.230145,45.002483,-125.00001,0,0
35.230145,45.002483,-125.00001,0,0
34.230145,45.002483,-125.00001,0,0
33.230145,45.002483,-125.00001,0,0
32.230145,45.002483,-125.00001,0,0
31.230145,45.002483,-125.00001,0,0
30.230145,45.002483,-125.00001,0,0
29.230145,45.002483,-125.00001,0,0
28.230145,45.002483,-125.00001,0,0
27.230145,45.002483,-125.00001,0,0
26.230145,45.002483,-125.00001,0,0
25.230145,45.002483,-125.00001,0,0
24.230145,45.002483,-125.00001,0,0
23.230145,45.002483,-125.00001,0,0
22.230145,45.002483,-125.00001,0,0
21.230145,45.002483,-125.00001,0,0
20.230145,45.002483,-125.00001,0,0
19.230145,45.002483,-125.00001,0,0
18.230145,45.002483,-125.00001,0,0
17.230145,45.002483,-125.00001,0,0
16.230145,45.002483,-125.00001,0,0
15.2301445,45.002483,-125.00001,0,0
14.2301445,45.002483,-125.00001,0,0
13.2301445,45.002483,-125.00001,0,0
12.2301445,45.002483,-125.00001,0,0
11.2301445,45.002483,-125.00001,0,0
10.2301445,45.002483,-125.00001,0,0
9.2301445,45.002483,-125.00001,0,0
8.2301445,45.002483,-125.00001,0,0
7.2301445,45.002483,-125.00001,0,0
6.2301445,45.002483,-125.00001,0,0
5.2301445,45.002483,-125.00001,0,0
4.2301445,45.002483,-125.00001,0,0
3.2301445,45.002483,-125.00001,0,0
2.2301445,45.002483,-125.00001,0,0
1.2301445,45.002483,-125.00001,0,0
0.2301445,45.002483,-125.00001,0,0
-0.7698555,45.002483,-125.00001,0,0
-1.7698555,45.002483,-125.00001,0,0
-2.7698555,45.002483,-125.00001,0,0
-3.7698555,45.002483,-125.00001,0,0
-4.7698555,45.002483,-125.00001,0,0
-5.7698555,45.002483,-125.00001,0,0
-6.7698555,45.002483,-125.00001,0,0
-7.7698555,45.002483,-125.00001,0,0
-8.7698555,45.002483,-125.00001,0,0
-9.7698555,45.002483,-125.00001,0,0
-10.7698555,45.002483,-125.00001,0,0
-11.7698555,45.002483,-125.00001,0,0
-12.7698555,45.002483,-125.00001,0,0
-13.7698555,45.002483,-125.00001,0,0
-14.7698555,45.002483,-125.00001,0,0
-15.7698555,45.002483,-125.00001,0,0
-16.769855,45.002483,-125.00001,0,0
-17.769855,45.002483,-125.00001,0,0
-18.769855,45.002483,-125.00001,0,0
-19.769855,45.002483,-125.00001,0,0
-20.769855,45.002483,-125.00001,0,0
-21.769855,45.002483,-125.00001,0,0
-22.769855,45.002483,-125.00001,0,0
-23.769855,45.002483,-125.00001,0,0
-24.769855,45.002483,-125.00001,0,0
-25.769855,45.002483,-125.00001,0,0
-26.769855,45.002483,-125.00001,0,0
-27.769855,45.002483,-125.00001,0,0
-28.769855,45.002483,-125.00001,0,0
-29.769855,45.002483,-125.00001,0,0
-30.769855,45.002483,-125.00001,0,0
-31.769855,45.002483,-125.00001,0,0
-32.769855,45.002483,-125.00001,0,0
-33.769855,45.002483,-125.00001,0,0
-34.769855,45.002483,-125.00001,0,0
-35.769855,45.002483,-125.00001,0,0
-36.769855,45.002483,-125.00001,0,0
-37.769855,45.002483,-125.00001,0,0
-38.769855,45.002483,-125.00001,0,0
-39.769855,45.002483,-125.00001,0,0
-40.769855,45.002483,-125.00001,0,0
-41.769855,45.002483,-125.00001,0,0
-42.769855,45.002483,-125.00001,0,0
-43.769855,45.002483,-125.00001,0,0
-44.769855,45.002483,-125.00001,0,0
-45.769855,45.002483,-125.00001,0,0
-46.769855,45.002483,-125.00001,0,0
-47.769855,45.002483,-125.00001,0,0
-48.769855,45.002483,-125.00001,0,0
-49.769855,45.002483,-125.00001,0,0
49.230145,44.002483,-125.00001,0,0
48.230145,44.002483,-125.00001,0,0
47.230145,44.002483,-125.00001,0,0
46.230145,44.002483,-125.00001,0,0
45.230145,44.002483,-125.00001,0,0
44.230145,44.002483,-125.00001,0,0
43.230145,44.002483,-125.00001,0,0
42.230145,44.002483,-125.00001,0,0
41.230145,44.002483,-125.00001,0,0
40.230145,44.002483,-125.00001,0,0
39.230145,44.002483,-125.00001,0,0
38.230145,44.002483,-125.00001,0,0
37.230145,44.002483,-125.00001,0,0
36.230145,44.002483,-125.00001,0,0
35.230145,44.002483,-125.00001,0,0
34.230145,44.002483,-125.00001,0,0
33.230145,44.002483,-125.00001,0,0
32.230145,44.002483,-125.00001,0,0
31.230145,44.002483,-125.00001,0,0
30.230145,44.002483,-125.00001,0,0
29.230145,44.002483,-125.00001,0,0
28.230145,44.002483,-125.00001,0,0
27.230145,44.002483,-125.00001,0,0
26.230145,44.002483,-125.00001,0,0
25.230145,44.002483,-125.00001,0,0
24.230145,44.002483,-125.00001,0,0
23.230145,44.002483,-125.00001,0,0
22.230145,44.002483,-125.00001,0,0
21.230145,44.002483,-125.00001,0,0
20.230145,44.002483,-125.00001,0,0
19.230145,44.002483,-125.00001,0,0
18.230145,44.002483,-125.00001,0,0
17.230145,44.002483,-125.00001,0,0
16.230145,44.002483,-125.00001,0,0
15.2301445,44.002483,-125.00001,0,0
14.2301445,44.002483,-125.00001,0,0
13.2301445,44.002483,-125.00001,0,0
12.2301445,44.002483,-125.00001,0,0
11.2301445,44.002483,-125.00001,0,0
10.2301445,44.002483,-125.00001,0,0
9.2301445,44.002483,-125.00001,0,0
8.2301445,44.002483,-125.00001,0,0
7.2301445,44.002483,-125.00001,0,0
6.2301445,44.002483,-125.00001,0,0
5.2301445,44.002483,-125.00001,0,0
4.2301445,44.002483,-125.00001,0,0
3.2301445,44.002483,-125.00001,0,0
2.2301445,44.002483,-125.00001,0,0
1.2301445,44.002483,-125.00001,0,0
0.2301445,44.002483,-125.00001,0,0
-0.7698555,44.002483,-125.00001,0,0
-1.7698555,44.002483,-125.00001,0,0
-2.7698555,44.002483,-125.00001,0,0
-3.7698555,44.002483,-125.00001,0,0
-4.7698555,44.002483,-125.00001,0,0
-5.7698555,44.002483,-125.00001,0,0
-6.7698555,44.002483,-125.00001,0,0
-7.7698555,44.002483,-125.00001,0,0
-8.7698555,44.002483,-125.00001,0,0
-9.7698555,44.002483,-125.00001,0,0
-10.7698555,44.002483,-125.00001,0,0
-11.7698555,44.002483,-125.00001,0,0
-12.7698555,44.002483,-125.00001,0,0
-13.7698555,44.002483,-125.00001,0,0
-14.7698555,44.002483,-125.00001,0,0
-15.7698555,44.002483,-125.00001,0,0
-16.769855,44.002483,-125.00001,0,0
-17.769855,44.002483,-125.00001,0,0
-18.769855,44.002483,-125.00001,0,0
-19.769855,44.002483,-125.00001,0,0
-20.769855,44.002483,-125.00001,0,0
-21.769855,44.002483,-125.00001,0,0
-22.769855,44.002483,-125.00001,0,0
-23.769855,44.002483,-125.00001,0,0
-24.769855,44.002483,-125.00001,0,0
-25.769855,44.002483,-125.00001,0,0
-26.769855,44.002483,-125.00001,0,0
-27.769855,44.002483,-125.00001,0,0
-28.769855,44.002483,-125.00001,0,0
-29.769855,44.002483,-125.00001,0,0
-30.769855,44.002483,-125.00001,0,0
-31.769855,44.002483,-125.00001,0,0
-32.769855,44.002483,-125.00001,0,0
-33.769855,44.002483,-125.00001,0,0
-34.769855,44.002483,-125.00001,0,0
-35.769855,44.002483,-125.00001,0,0
-36.769855,44.002483,-125.00001,0,0
-37.769855,44.002483,-125.00001,0,0
-38.769855,44.002483,-125.00001,0,0
-39.769855,44.002483,-125.00001,0,0
-40.769855,44.002483,-125.00001,0,0
-41.769855,44.002483,-125.00001,0,0
-42.769855,44.002483,-125.00001,0,0
-43.769855,44.002483,-125.00001,0,0
-44.769855,44.002483,-125.00001,0,0
-45.769855,44.002483,-125.00001,0,0
-46.769855,44.002483,-125.00001,0,0
-47.769855,44.002483,-125.00001,0,0
-48.769855,44.002483,-125.00001,0,0
-49.769855,44.002483,-125.00001,0,0
49.230145,43.002483,-125.00001,0,0
48.230145,43.002483,-125.00001,0,0
47.230145,43.002483,-125.00001,0,0
46.230145,43.002483,-125.00001,0,0
45.230145,43.002483,-125.00001,0,0
44.230145,43.002483,-125.00001,0,0
43.230145,43.002483,-125.00001,0,0
42.230145,43.002483,-125.00001,0,0
41.230145,43.002483,-125.00001,0,0
40.230145,43.002483,-125.00001,0,0
39.230145,43.002483,-125.00001,0,0
38.230145,43.002483,-125.00001,0,0
37.230145,43.002483,-125.00001,0,0
36.230145,43.002483,-125.00001,0,0
35.230145,43.002483,-125.00001,0,0
34.230145,43.002483,-125.00001,0,0
33.230145,43.002483,-125.00001,0,0
32.230145,43.002483,-125.00001,0,0
31.230145,43.002483,-125.00001,0,0
30.230145,43.002483,-125.00001,0,0
29.230145,43.002483,-125.00001,0,0
28.230145,43.002483,-125.00001,0,0
27.230145,43.002483,-125.00001,0,0
26.230145,43.002483,-125.00001,0,0
25.230145,43.002483,-125.00001,0,0
24.230145,43.002483,-125.00001,0,0
23.230145,43.002483,-125.00001,0,0
22.230145,43.002483,-125.00001,0,0
21.230145,43.002483,-125.00001,0,0
20.230145,43.002483,-125.00001,0,0
19.230145,43.002483,-125.00001,0,0
18.230145,43.002483,-125.00001,0,0
17.230145,43.002483,-125.00001,0,0
16.230145,43.002483,-125.00001,0,0
15.2301445,43.002483,-125.00001,0,0
14.2301445,43.002483,-125.00001,0,0
13.2301445,43.002483,-125.00001,0,0
12.2301445,43.002483,-125.00001,0,0
11.2301445,43.002483,-125.00001,0,0
10.2301445,43.002483,-125.00001,0,0
9.2301445,43.002483,-125.00001,0,0
8.2301445,43.002483,-125.00001,0,0
7.2301445,43.002483,-125.00001,0,0
6.2301445,43.002483,-125.00001,0,0
5.2301445,43.002483,-125.00001,0,0
4.2301445,43.002483,-125.00001,0,0
3.2301445,43.002483,-125.00001,0,0
2.2301445,43.002483,-125.00001,0,0
1.2301445,43.002483,-125.00001,0,0
0.2301445,43.002483,-125.00001,0,0
-0.7698555,43.002483,-125.00001,0,0
-1.7698555,43.002483,-125.00001,0,0
-2.7698555,43.002483,-125.00001,0,0
-3.7698555,43.002483,-125.00001,0,0
-4.7698555,43.002483,-125.00001,0,0
-5.7698555,43.002483,-125.00001,0,0
-6.7698555,43.002483,-125.00001,0,0
-7.7698555,43.002483,-125.00001,0,0
-8.7698555,43.002483,-125.00001,0,0
-9.7698555,43.002483,-125.00001,0,0
-10.7698555,43.002483,-125.00001,0,0
-11.7698555,43.002483,-125.00001,0,0
-12.7698555,43.002483,-125.00001,0,0
-13.7698555,43.002483,-125.00001,0,0
-14.7698555,43.002483,-125.00001,0,0
-15.7698555,43.002483,-125.00001,0,0
-16.769855,43.002483,-125.00001,0,0
-17.769855,43.002483,-125.00001,0,0
-18.769855,43.002483,-125.00001,0,0
-19.769855,43.002483,-125.00001,0,0
-20.769855,43.002483,-125.00001,0,0
-21.769855,43.002483,-125.00001,0,0
-22.769855,43.002483,-125.00001,0,0
-23.769855,43.002483,-125.00001,0,0
-24.769855,43.002483,-125.00001,0,0
-25.769855,43.002483,-125.00001,0,0
-26.769855,43.002483,-125.00001,0,0
-27.769855,43.002483,-125.00001,0,0
-28.769855,43.002483,-125.00001,0,0
-29.769855,43.002483,-125.00001,0,0
-30.769855,43.002483,-125.00001,0,0
-31.769855,43.002483,-125.00001,0,0
-32.769855,43.002483,-125.00001,0,0
-33.769855,43.002483,-125.00001,0,0
-34.769855,43.002483,-125.00001,0,0
-35.769855,43.002483,-125.00001,0,0
-36.769855,43.002483,-125.00001,0,0
-37.769855,43.002483,-125.00001,0,0
-38.769855,43.002483,-125.00001,0,0
-39.769855,43.002483,-125.00001,0,0
-40.769855,43.002483,-125.00001,0,0
-41.769855,43.002483,-125.00001,0,0
-42.769855,43.002483,-125.00001,0,0
-43.769855,43.002483,-125.00001,0,0
-44.769855,43.002483,-125.00001,0,0
-45.769855,43.002483,-125.00001,0,0
-46.769855,43.002483,-125.00001,0,0
-47.769855,43.002483,-125.00001,0,0
-48.769855,43.002483,-125.00001,0,0
-49.769855,43.002483,-125.00001,0,0
49.230145,42.002483,-125.00001,0,0
48.230145,42.002483,-125.00001,0,0
47.230145,42.002483,-125.00001,0,0
46.230145,42.002483,-125.00001,0,0
45.230145,42.002483,-125.00001,0,0
44.230145,42.002483,-125.00001,0,0
43.230145,42.002483,-125.00001,0,0
42.230145,42.002483,-125.00001,0,0
41.230145,42.002483,-125.00001,0,0
40.230145,42.002483,-125.00001,0,0
39.230145,42.002483,-125.00001,0,0
38.230145,42.002483,-125.00001,0,0
37.230145,42.002483,-125.00001,0,0
36.230145,42.002483,-125.00001,0,0
35.230145,42.002483,-125.00001,0,0
34.230145,42.002483,-125.00001,0,0
33.230145,42.002483,-125.00001,0,0
32.230145,42.002483,-125.00001,0,0
31.230145,42.002483,-125.00001,0,0
30.230145,42.002483,-125.00001,0,0
29.230145,42.002483,-125.00001,0,0
28.230145,42.002483,-125.00001,0,0
27.230145,42.002483,-125.00001,0,0
26.230145,42.002483,-125.00001,0,0
25.230145,42.002483,-125.00001,0,0
24.230145,42.002483,-125.00001,0,0
23.230145,42.002483,-125.00001,0,0
22.230145,42.002483,-125.00001,0,0
21.230145,42.002483,-125.00001,0,0
20.230145,42.002483,-125.00001,0,0
19.230145,42.002483,-125.00001,0,0
18.230145,42.002483,-125.00001,0,0
17.230145,42.002483,-125.00001,0,0
16.230145,42.002483,-125.00001,0,0
15.2301445,42.002483,-125.00001,0,0
14.2301445,42.002483,-125.00001,0,0
13.2301445,42.002483,-125.00001,0,0
12.2301445,42.002483,-125.00001,0,0
11.2301445,42.002483,-125.00001,0,0
10.2301445,42.002483,-125.00001,0,0
9.2301445,42.002483,-125.00001,0,0
8.2301445,42.002483,-125.00001,0,0
7.2301445,42.002483,-125.00001,0,0
6.2301445,42.002483,-125.00001,0,0
5.2301445,42.002483,-125.00001,0,0
4.2301445,42.002483,-125.00001,0,0
3.2301445,42.002483,-125.00001,0,0
2.2301445,42.002483,-125.00001,0,0
1.2301445,42.002483,-125.00001,0,0
0.2301445,42.002483,-125.00001,0,0
-0.7698555,42.002483,-125.00001,0,0
-1.7698555,42.002483,-125.00001,0,0
-2.7698555,42.002483,-125.00001,0,0
-3.7698555,42.002483,-125.00001,0,0
-4.7698555,42.002483,-125.00001,0,0
-5.7698555,42.002483,-125.00001,0,0
-6.7698555,42.002483,-125.00001,0,0
-7.7698555,42.002483,-125.00001,0,0
-8.7698555,42.002483,-125.00001,0,0
-9.7698555,42.002483,-125.00001,0,0
-10.7698555,42.002483,-125.00001,0,0
-11.7698555,42.002483,-125.00001,0,0
-12.7698555,42.002483,-125.00001,0,0
-13.7698555,42.002483,-125.00001,0,0
-14.7698555,42.002483,-125.00001,0,0
-15.7698555,42.002483,-125.00001,0,0
-16.769855,42.002483,-125.00001,0,0
-17.769855,42.002483,-125.00001,0,0
-18.769855,42.002483,-125.00001,0,0
-19.769855,42.002483,-125.00001,0,0
-20.769855,42.002483,-125.00001,0,0
-21.769855,42.002483,-125.00001,0,0
-22.769855,42.002483,-125.00001,0,0
-23.769855,42.002483,-125.00001,0,0
-24.769855,42.002483,-125.00001,0,0
-25.769855,42.002483,-125.00001,0,0
-26.769855,42.002483,-125.00001,0,0
-27.769855,42.002483,-125.00001,0,0
-28.769855,42.002483,-125.00001,0,0
-29.769855,42.002483,-125.00001,0,0
-30.769855,42.002483,-125.00001,0,0
-31.769855,42.002483,-125.00001,0,0
-32.769855,42.002483,-125.00001,0,0
-33.769855,42.002483,-125.00001,0,0
-34.769855,42.002483,-125.00001,0,0
-35.769855,42.002483,-125.00001,0,0
-36.769855,42.002483,-125.00001,0,0
-37.769855,42.002483,-125.00001,0,0
-38.769855,42.002483,-125.00001,0,0
-39.769855,42.002483,-125.00001,0,0
-40.769855,42.002483,-125.00001,0,0
-41.769855,42.002483,-125.00001,0,0
-42.769855,42.002483,-125.00001,0,0
-43.769855,42.002483,-125.00001,0,0
-44.769855,42.002483,-125.00001,0,0
-45.769855,42.002483,-125.00001,0,0
-46.769855,42.002483,-125.00001,0,0
-47.769855,42.002483,-125.00001,0,0
-48.769855,42.002483,-125.00001,0,0
-49.769855,42.002483,-125.00001,0,0
49.230145,41.002483,-125.00001,0,0
48.230145,41.002483,-125.00001,0,0
47.230145,41.002483,-125.00001,0,0
46.230145,41.002483,-125.00001,0,0
45.230145,41.002483,-125.00001,0,0
44.230145,41.002483,-125.00001,0,0
43.230145,41.002483,-125.00001,0,0
42.230145,41.002483,-125.00001,0,0
41.230145,41.002483,-125.00001,0,0
40.230145,41.002483,-125.00001,0,0
39.230145,41.002483,-125.00001,0,0
38.230145,41.002483,-125.00001,0,0
37.230145,41.002483,-125.00001,0,0
36.230145,41.002483,-125.00001,0,0
35.230145,41.002483,-125.00001,0,0
34.230145,41.002483,-125.00001,0,0
33.230145,41.002483,-125.00001,0,0
32.230145,41.002483,-125.00001,0,0
31.230145,41.002483,-125.00001,0,0
30.230145,41.002483,-125.00001,0,0
29.230145,41.002483,-125.00001,0,0
28.230145,41.002483,-125.00001,0,0
27.230145,41.002483,-125.00001,0,0
26.230145,41.002483,-125.00001,0,0
25.230145,41.002483,-125.00001,0,0
24.230145,41.002483,-125.00001,0,0
23.230145,41.002483,-125.00001,0,0
22.230145,41.002483,-125.00001,0,0
21.230145,41.002483,-125.00001,0,0
20.230145,41.002483,-125.00001,0,0
19.230145,41.002483,-125.00001,0,0
18.230145,41.002483,-125.00001,0,0
17.230145,41.002483,-125.00001,0,0
16.230145,41.002483,-125.00001,0,0
15.2301445,41.002483,-125.00001,0,0
14.2301445,41.002483,-125.00001,0,0
13.2301445,41.002483,-125.00001,0,0
12.2301445,41.002483,-125.00001,0,0
11.2301445,41.002483,-125.00001,0,0
10.2301445,41.002483,-125.00001,0,0
9.2301445,41.002483,-125.00001,0,0
8.2301445,41.002483,-125.00001,0,0
7.2301445,41.002483,-125.00001,0,0
6.2301445,41.002483,-125.00001,0,0
5.2301445,41.002483,-125.00001,0,0
4.2301445,41.002483,-125.00001,0,0
3.2301445,41.002483,-125.00001,0,0
2.2301445,41.002483,-125.00001,0,0
1.2301445,41.002483,-125.00001,0,0
0.2301445,41.002483,-125.00001,0,0
-0.7698555,41.002483,-125.00001,0,0
-1.7698555,41.002483,-125.00001,0,0
-2.7698555,41.002483,-125.00001,0,0
-3.7698555,41.002483,-125.00001,0,0
-4.7698555,41.002483,-125.00001,0,0
-5.7698555,41.002483,-125.00001,0,0
-6.7698555,41.002483,-125.00001,0,0
-7.7698555,41.002483,-125.00001,0,0
-8.7698555,41.002483,-125.00001,0,0
-9.7698555,41.002483,-125.00001,0,0
-10.7698555,41.002483,-125.00001,0,0
-11.7698555,41.002483,-125.00001,0,0
-12.7698555,41.002483,-125.00001,0,0
-13.7698555,41.002483,-125.00001,0,0
-14.7698555,41.002483,-125.00001,0,0
-15.7698555,41.002483,-125.00001,0,0
-16.769855,41.002483,-125.00001,0,0
-17.769855,41.002483,-125.00001,0,0
-18.769855,41.002483,-125.00001,0,0
-19.769855,41.002483,-125.00001,0,0
-20.769855,41.002483,-125.00001,0,0
-21.769855,41.002483,-125.00001,0,0
-22.769855,41.002483,-125.00001,0,0
-23.769855,41.002483,-125.00001,0,0
-24.769855,41.002483,-125.00001,0,0
-25.769855,41.002483,-125.00001,0,0
-26.769855,41.002483,-125.00001,0,0
-27.769855,41.002483,-125.00001,0,0
-28.769855,41.002483,-125.00001,0,0
-29.769855,41.002483,-125.00001,0,0
-30.769855,41.002483,-125.00001,0,0
-31.769855,41.002483,-125.00001,0,0
-32.769855,41.002483,-125.00001,0,0
-33.769855,41.002483,-125.00001,0,0
-34.769855,41.002483,-125.00001,0,0
-35.769855,41.002483,-125.00001,0,0
-36.769855,41.002483,-125.00001,0,0
-37.769855,41.002483,-125.00001,0,0
-38.769855,41.002483,-125.00001,0,0
-39.769855,41.002483,-125.00001,0,0
-40.769855,41.002483,-125.00001,0,0
-41.769855,41.002483,-125.00001,0,0
-42.769855,41.002483,-125.00001,0,0
-43.769855,41.002483,-125.00001,0,0
-44.769855,41.002483,-125.00001,0,0
-45.769855,41.002483,-125.00001,0,0
-46.769855,41.002483,-125.00001,0,0
-47.769855,41.002483,-125.00001,0,0
-48.769855,41.002483,-125.00001,0,0
-49.769855,41.002483,-125.00001,0,0
49.230145,40.002483,-125.00001,0,0
48.230145,40.002483,-125.00001,0,0
47.230145,40.002483,-125.00001,0,0
46.230145,40.002483,-125.00001,0,0
45.230145,40.002483,-125.00001,0,0
44.230145,40.002483,-125.00001,0,0
43.230145,40.002483,-125.00001,0,0
42.230145,40.002483,-125.00001,0,0
41.230145,40.002483,-125.00001,0,0
40.230145,40.002483,-125.00001,0,0
39.230145,40.002483,-125.00001,0,0
38.230145,40.002483,-125.00001,0,0
37.230145,40.002483,-125.00001,0,0
36.230145,40.002483,-125.00001,0,0
35.230145,40.002483,-125.00001,0,0
34.230145,40.002483,-125.00001,0,0
33.230145,40.002483,-125.00001,0,0
32.230145,40.002483,-125.00001,0,0
31.230145,40.002483,-125.00001,0,0
30.230145,40.002483,-125.00001,0,0
29.230145,40.002483,-125.00001,0,0
28.230145,40.002483,-125.00001,0,0
27.230145,40.002483,-125.00001,0,0
26.230145,40.002483,-125.00001,0,0
25.230145,40.002483,-125.00001,0,0
24.230145,40.002483,-125.00001,0,0
23.230145,40.002483,-125.00001,0,0
22.230145,40.002483,-125.00001,0,0
21.230145,40.002483,-125.00001,0,0
20.230145,40.002483,-125.00001,0,0
19.230145,40.002483,-125.00001,0,0
18.230145,40.002483,-125.00001,0,0
17.230145,40.002483,-125.00001,0,0
16.230145,40.002483,-125.00001,0,0
15.2301445,40.002483,-125.00001,0,0
14.2301445,40.002483,-125.00001,0,0
13.2301445,40.002483,-125.00001,0,0
12.2301445,40.002483,-125.00001,0,0
11.2301445,40.002483,-125.00001,0,0
10.2301445,40.002483,-125.00001,0,0
9.2301445,40.002483,-125.00001,0,0
8.2301445,40.002483,-125.00001,0,0
7.2301445,40.002483,-125.00001,0,0
6.2301445,40.002483,-125.00001,0,0
5.2301445,40.002483,-125.00001,0,0
4.2301445,40.002483,-125.00001,0,0
3.2301445,40.002483,-125.00001,0,0
2.2301445,40.002483,-125.00001,0,0
1.2301445,40.002483,-125.00001,0,0
0.2301445,40.002483,-125.00001,0,0
-0.7698555,40.002483,-125.00001,0,0
-1.7698555,40.002483,-125.00001,0,0
-2.7698555,40.002483,-125.00001,0,0
-3.7698555,40.002483,-125.00001,0,0
-4.7698555,40.002483,-125.00001,0,0
-5.7698555,40.002483,-125.00001,0,0
-6.7698555,40.002483,-125.00001,0,0
-7.7698555,40.002483,-125.00001,0,0
-8.7698555,40.002483,-125.00001,0,0
-9.7698555,40.002483,-125.00001,0,0
-10.7698555,40.002483,-125.00001,0,0
-11.7698555,40.002483,-125.00001,0,0
-12.7698555,40.002483,-125.00001,0,0
-13.7698555,40.002483,-125.00001,0,0
-14.7698555,40.002483,-125.00001,0,0
-15.7698555,40.002483,-125.00001,0,0
-16.769855,40.002483,-125.00001,0,0
-17.769855,40.002483,-125.00001,0,0
-18.769855,40.002483,-125.00001,0,0
-19.769855,40.002483,-125.00001,0,0
-20.769855,40.002483,-125.00001,0,0
-21.769855,40.002483,-125.00001,0,0
-22.769855,40.002483,-125.00001,0,0
-23.769855,40.002483,-125.00001,0,0
-24.769855,40.002483,-125.00001,0,0
-25.769855,40.002483,-125.00001,0,0
-26.769855,40.002483,-125.00001,0,0
-27.769855,40.002483,-125.00001,0,0
-28.769855,40.002483,-125.00001,0,0
-29.769855,40.002483,-125.00001,0,0
-30.769855,40.002483,-125.00001,0,0
-31.769855,40.002483,-125.00001,0,0
-32.769855,40.002483,-125.00001,0,0
-33.769855,40.002483,-125.00001,0,0
-34.769855,40.002483,-125.00001,0,0
-35.769855,40.002483,-125.00001,0,0
-36.769855,40.002483,-125.00001,0,0
-37.769855,40.002483,-125.00001,0,0
-38.769855,40.002483,-125.00001,0,0
-39.769855,40.002483,-125.00001,0,0
-40.769855,40.002483,-125.00001,0,0
-41.769855,40.002483,-125.00001,0,0
-42.769855,40.002483,-125.00001,0,0
-43.769855,40.002483,-125.00001,0,0
-44.769855,40.002483,-125.00001,0,0
-45.769855,40.002483,-125.00001,0,0
-46.769855,40.002483,-125.00001,0,0
-47.769855,40.002483,-125.00001,0,0
-48.769855,40.002483,-125.00001,0,0
-49.769855,40.002483,-125.00001,0,0
49.230145,39.002483,-125.00001,0,0
48.230145,39.002483,-125.00001,0,0
47.230145,39.002483,-125.00001,0,0
46.230145,39.002483,-125.00001,0,0
45.230145,39.002483,-125.00001,0,0
44.230145,39.002483,-125.00001,0,0
43.230145,39.002483,-125.00001,0,0
42.230145,39.002483,-125.00001,0,0
41.230145,39.002483,-125.00001,0,0
40.230145,39.002483,-125.00001,0,0
39.230145,39.002483,-125.00001,0,0
38.230145,39.002483,-125.00001,0,0
37.230145,39.002483,-125.00001,0,0
36.230145,39.002483,-125.00001,0,0
35.230145,39.002483,-125.00001,0,0
34.230145,39.002483,-125.00001,0,0
33.230145,39.002483,-125.00001,0,0
32.230145,39.002483,-125.00001,0,0
31.230145,39.002483,-125.00001,0,0
30.230145,39.002483,-125.00001,0,0
29.230145,39.002483,-125.00001,0,0
28.230145,39.002483,-125.00001,0,0
27.230145,39.002483,-125.00001,0,0
26.230145,39.002483,-125.00001,0,0
25.230145,39.002483,-125.00001,0,0
24.230145,39.002483,-125.00001,0,0
23.230145,39.002483,-125.00001,0,0
22.230145,39.002483,-125.00001,0,0
21.230145,39.002483,-125.00001,0,0
20.230145,39.002483,-125.00001,0,0
19.230145,39.002483,-125.00001,0,0
18.230145,39.002483,-125.00001,0,0
17.230145,39.002483,-125.00001,0,0
16.230145,39.002483,-125.00001,0,0
15.2301445,39.002483,-125.00001,0,0
14.2301445,39.002483,-125.00001,0,0
13.2301445,39.002483,-125.00001,0,0
12.2301445,39.002483,-125.00001,0,0
11.2301445,39.002483,-125.00001,0,0
10.2301445,39.002483,-125.00001,0,0
9.2301445,39.002483,-125.00001,0,0
8.2301445,39.002483,-125.00001,0,0
7.2301445,39.002483,-125.00001,0,0
6.2301445,39.002483,-125.00001,0,0
5.2301445,39.002483,-125.00001,0,0
4.2301445,39.002483,-125.00001,0,0
3.2301445,39.002483,-125.00001,0,0
2.2301445,39.002483,-125.00001,0,0
1.2301445,39.002483,-125.00001,0,0
0.2301445,39.002483,-125.00001,0,0
-0.7698555,39.002483,-125.00001,0,0
-1.7698555,39.002483,-125.00001,0,0
-2.7698555,39.002483,-125.00001,0,0
-3.7698555,39.002483,-125.00001,0,0
-4.7698555,39.002483,-125.00001,0,0
-5.7698555,39.002483,-125.00001,0,0
-6.7698555,39.002483,-125.00001,0,0
-7.7698555,39.002483,-125.00001,0,0
-8.7698555,39.002483,-125.00001,0,0
-9.7698555,39.002483,-125.00001,0,0
-10.7698555,39.002483,-125.00001,0,0
-11.7698555,39.002483,-125.00001,0,0
-12.7698555,39.002483,-125.00001,0,0
-13.7698555,39.002483,-125.00001,0,0
-14.7698555,39.002483,-125.00001,0,0
-15.7698555,39.002483,-125.00001,0,0
-16.769855,39.002483,-125.00001,0,0
-17.769855,39.002483,-125.00001,0,0
-18.769855,39.002483,-125.00001,0,0
-19.769855,39.002483,-125.00001,0,0
-20.769855,39.002483,-125.00001,0,0
-21.769855,39.002483,-125.00001,0,0
-22.769855,39.002483,-125.00001,0,0
-23.769855,39.002483,-125.00001,0,0
-24.769855,39.002483,-125.00001,0,0
-25.769855,39.002483,-125.00001,0,0
-26.769855,39.002483,-125.00001,0,0
-27.769855,39.002483,-125.00001,0,0
-28.769855,39.002483,-125.00001,0,0
-29.769855,39.002483,-125.00001,0,0
-30.769855,39.002483,-125.00001,0,0
-31.769855,39.002483,-125.00001,0,0
-32.769855,39.002483,-125.00001,0,0
-33.769855,39.002483,-125.00001,0,0
-34.769855,39.002483,-125.00001,0,0
-35.769855,39.002483,-125.00001,0,0
-36.769855,39.002483,-125.00001,0,0
-37.769855,39.002483,-125.00001,0,0
-38.769855,39.002483,-125.00001,0,0
-39.769855,39.002483,-125.00001,0,0
-40.769855,39.002483,-125.00001,0,0
-41.769855,39.002483,-125.00001,0,0
-42.769855,39.002483,-125.00001,0,0
-43.769855,39.002483,-125.00001,0,0
-44.769855,39.002483,-125.00001,0,0
-45.769855,39.002483,-125.00001,0,0
-46.769855,39.002483,-125.00001,0,0
-47.769855,39.002483,-125.00001,0,0
-48.769855,39.002483,-125.00001,0,0
-49.769855,39.002483,-125.00001,0,0
49.230145,38.002483,-125.00001,0,0
48.230145,38.002483,-125.00001,0,0
47.230145,38.002483,-125.00001,0,0
46.230145,38.002483,-125.00001,0,0
45.230145,38.002483,-125.00001,0,0
44.230145,38.002483,-125.00001,0,0
43.230145,38.002483,-125.00001,0,0
42.230145,38.002483,-125.00001,0,0
41.230145,38.002483,-125.00001,0,0
40.230145,38.002483,-125.00001,0,0
39.230145,38.002483,-125.00001,0,0
38.230145,38.002483,-125.00001,0,0
37.230145,38.002483,-125.00001,0,0
36.230145,38.002483,-125.00001,0,0
35.230145,38.002483,-125.00001,0,0
34.230145,38.002483,-125.00001,0,0
33.230145,38.002483,-125.00001,0,0
32.230145,38.002483,-125.00001,0,0
31.230145,38.002483,-125.00001,0,0
30.230145,38.002483,-125.00001,0,0
29.230145,38.002483,-125.00001,0,0
28.230145,38.002483,-125.00001,0,0
27.230145,38.002483,-125.00001,0,0
26.230145,38.002483,-125.00001,0,0
25.230145,38.002483,-125.00001,0,0
24.230145,38.002483,-125.00001,0,0
23.230145,38.002483,-125.00001,0,0
22.230145,38.002483,-125.00001,0,0
21.230145,38.002483,-125.00001,0,0
20.230145,38.002483,-125.00001,0,0
19.230145,38.002483,-125.00001,0,0
18.230145,38.002483,-125.00001,0,0
17.230145,38.002483,-125.00001,0,0
16.230145,38.002483,-125.00001,0,0
15.2301445,38.002483,-125.00001,0,0
14.2301445,38.002483,-125.00001,0,0
13.2301445,38.002483,-125.00001,0,0
12.2301445,38.002483,-125.00001,0,0
11.2301445,38.002483,-125.00001,0,0
10.2301445,38.002483,-125.00001,0,0
9.2301445,38.002483,-125.00001,0,0
8.2301445,38.002483,-125.00001,0,0
7.2301445,38.002483,-125.00001,0,0
6.2301445,38.002483,-125.00001,0,0
5.2301445,38.002483,-125.00001,0,0
4.2301445,38.002483,-125.00001,0,0
3.2301445,38.002483,-125.00001,0,0
2.2301445,38.002483,-125.00001,0,0
1.2301445,38.002483,-125.00001,0,0
0.2301445,38.002483,-125.00001,0,0
-0.7698555,38.002483,-125.00001,0,0
-1.7698555,38.002483,-125.00001,0,0
-2.7698555,38.002483,-125.00001,0,0
-3.7698555,38.002483,-125.00001,0,0
-4.7698555,38.002483,-125.00001,0,0
-5.7698555,38.002483,-125.00001,0,0
-6.7698555,38.002483,-125.00001,0,0
-7.7698555,38.002483,-125.00001,0,0
-8.7698555,38.002483,-125.00001,0,0
-9.7698555,38.002483,-125.00001,0,0
-10.7698555,38.002483,-125.00001,0,0
-11.7698555,38.002483,-125.00001,0,0
-12.7698555,38.002483,-125.00001,0,0
-13.7698555,38.002483,-125.00001,0,0
-14.7698555,38.002483,-125.00001,0,0
-15.7698555,38.002483,-125.00001,0,0
-16.769855,38.002483,-125.00001,0,0
-17.769855,38.002483,-125.00001,0,0
-18.769855,38.002483,-125.00001,0,0
-19.769855,38.002483,-125.00001,0,0
-20.769855,38.002483,-125.00001,0,0
-21.769855,38.002483,-125.00001,0,0
-22.769855,38.002483,-125.00001,0,0
-23.769855,38.002483,-125.00001,0,0
-24.769855,38.002483,-125.00001,0,0
-25.769855,38.002483,-125.00001,0,0
-26.769855,38.002483,-125.00001,0,0
-27.769855,38.002483,-125.00001,0,0
-28.769855,38.002483,-125.00001,0,0
-29.769855,38.002483,-125.00001,0,0
-30.769855,38.002483,-125.00001,0,0
-31.769855,38.002483,-125.00001,0,0
-32.769855,38.002483,-125.00001,0,0
-33.769855,38.002483,-125.00001,0,0
-34.769855,38.002483,-125.00001,0,0
-35.769855,38.002483,-125.00001,0,0
-36.769855,38.002483,-125.00001,0,0
-37.769855,38.002483,-125.00001,0,0
-38.769855,38.002483,-125.00001,0,0
-39.769855,38.002483,-125.00001,0,0
-40.769855,38.002483,-125.00001,0,0
-41.769855,38.002483,-125.00001,0,0
-42.769855,38.002483,-125.00001,0,0
-43.769855,38.002483,-125.00001,0,0
-44.769855,38.002483,-125.00001,0,0
-45.769855,38.002483,-125.00001,0,0
-46.769855,38.002483,-125.00001,0,0
-47.769855,38.002483,-125.00001,0,0
-48.769855,38.002483,-125.00001,0,0
-49.769855,38.002483,-125.00001,0,0
49.230145,37.002483,-125.00001,0,0
48.230145,37.002483,-125.00001,0,0
47.230145,37.002483,-125.00001,0,0
46.230145,37.002483,-125.00001,0,0
45.230145,37.002483,-125.00001,0,0
44.230145,37.002483,-125.00001,0,0
43.230145,37.002483,-125.00001,0,0
42.230145,37.002483,-125.00001,0,0
41.230145,37.002483,-125.00001,0,0
40.230145,37.002483,-125.00001,0,0
39.230145,37.002483,-125.00001,0,0
38.230145,37.002483,-125.00001,0,0
37.230145,37.002483,-125.00001,0,0
36.230145,37.002483,-125.00001,0,0
35.230145,37.002483,-125.00001,0,0
34.230145,37.002483,-125.00001,0,0
33.230145,37.002483,-125.00001,0,0
32.230145,37.002483,-125.00001,0,0
31.230145,37.002483,-125.00001,0,0
30.230145,37.002483,-125.00001,0,0
29.230145,37.002483,-125.00001,0,0
28.230145,37.002483,-125.00001,0,0
27.230145,37.002483,-125.00001,0,0
26.230145,37.002483,-125.00001,0,0
25.230145,37.002483,-125.00001,0,0
24.230145,37.002483,-125.00001,0,0
23.230145,37.002483,-125.00001,0,0
22.230145,37.002483,-125.00001,0,0
21.230145,37.002483,-125.00001,0,0
20.230145,37.002483,-125.00001,0,0
19.230145,37.002483,-125.00001,0,0
18.230145,37.002483,-125.00001,0,0
17.230145,37.002483,-125.00001,0,0
16.230145,37.002483,-125.00001,0,0
15.2301445,37.002483,-125.00001,0,0
14.2301445,37.002483,-125.00001,0,0
13.2301445,37.002483,-125.00001,0,0
12.2301445,37.002483,-125.00001,0,0
11.2301445,37.002483,-125.00001,0,0
10.2301445,37.002483,-125.00001,0,0
9.2301445,37.002483,-125.00001,0,0
8.2301445,37.002483,-125.00001,0,0
7.2301445,37.002483,-125.00001,0,0
6.2301445,37.002483,-125.00001,0,0
5.2301445,37.002483,-125.00001,0,0
4.2301445,37.002483,-125.00001,0,0
3.2301445,37.002483,-125.00001,0,0
2.2301445,37.002483,-125.00001,0,0
1.2301445,37.002483,-125.00001,0,0
0.2301445,37.002483,-125.00001,0,0
-0.7698555,37.002483,-125.00001,0,0
-1.7698555,37.002483,-125.00001,0,0
-2.7698555,37.002483,-125.00001,0,0
-3.7698555,37.002483,-125.00001,0,0
-4.7698555,37.002483,-125.00001,0,0
-5.7698555,37.002483,-125.00001,0,0
-6.7698555,37.002483,-125.00001,0,0
-7.7698555,37.002483,-125.00001,0,0
-8.7698555,37.002483,-125.00001,0,0
-9.7698555,37.002483,-125.00001,0,0
-10.7698555,37.002483,-125.00001,0,0
-11.7698555,37.002483,-125.00001,0,0
-12.7698555,37.002483,-125.00001,0,0
-13.7698555,37.002483,-125.00001,0,0
-14.7698555,37.002483,-125.00001,0,0
-15.7698555,37.002483,-125.00001,0,0
-16.769855,37.002483,-125.00001,0,0
-17.769855,37.002483,-125.00001,0,0
-18.769855,37.002483,-125.00001,0,0
-19.769855,37.002483,-125.00001,0,0
-20.769855,37.002483,-125.00001,0,0
-21.769855,37.002483,-125.00001,0,0
-22.769855,37.002483,-125.00001,0,0
-23.769855,37.002483,-125.00001,0,0
-24.769855,37.002483,-125.00001,0,0
-25.769855,37.002483,-125.00001,0,0
-26.769855,37.002483,-125.00001,0,0
-27.769855,37.002483,-125.00001,0,0
-28.769855,37.002483,-125.00001,0,0
-29.769855,37.002483,-125.00001,0,0
-30.769855,37.002483,-125.00001,0,0
-31.769855,37.002483,-125.00001,0,0
-32.769855,37.002483,-125.00001,0,0
-33.769855,37.002483,-125.00001,0,0
-34.769855,37.002483,-125.00001,0,0
-35.769855,37.002483,-125.00001,0,0
-36.769855,37.002483,-125.00001,0,0
-37.769855,37.002483,-125.00001,0,0
-38.769855,37.002483,-125.00001,0,0
-39.769855,37.002483,-125.00001,0,0
-40.769855,37.002483,-125.00001,0,0
-41.769855,37.002483,-125.00001,0,0
-42.769855,37.002483,-125.00001,0,0
-43.769855,37.002483,-125.00001,0,0
-44.769855,37.002483,-125.00001,0,0
-45.769855,37.002483,-125.00001,0,0
-46.769855,37.002483,-125.00001,0,0
-47.769855,37.002483,-125.00001,0,0
-48.769855,37.002483,-125.00001,0,0
-49.769855,37.002483,-125.00001,0,0
49.230145,36.002483,-125.00001,0,0
48.230145,36.002483,-125.00001,0,0
47.230145,36.002483,-125.00001,0,0
46.230145,36.002483,-125.00001,0,0
45.230145,36.002483,-125.00001,0,0
44.230145,36.002483,-125.00001,0,0
43.230145,36.002483,-125.00001,0,0
42.230145,36.002483,-125.00001,0,0
41.230145,36.002483,-125.00001,0,0
40.230145,36.002483,-125.00001,0,0
39.230145,36.002483,-125.00001,0,0
38.230145,36.002483,-125.00001,0,0
37.230145,36.002483,-125.00001,0,0
36.230145,36.002483,-125.00001,0,0
35.230145,36.002483,-125.00001,0,0
34.230145,36.002483,-125.00001,0,0
33.230145,36.002483,-125.00001,0,0
32.230145,36.002483,-125.00001,0,0
31.230145,36.002483,-125.00001,0,0
30.230145,36.002483,-125.00001,0,0
29.230145,36.002483,-125.00001,0,0
28.230145,36.002483,-125.00001,0,0
27.230145,36.002483,-125.00001,0,0
26.230145,36.002483,-125.00001,0,0
25.230145,36.002483,-125.00001,0,0
24.230145,36.002483,-125.00001,0,0
23.230145,36.002483,-125.00001,0,0
22.230145,36.002483,-125.00001,0,0
21.230145,36.002483,-125.00001,0,0
20.230145,36.002483,-125.00001,0,0
19.230145,36.002483,-125.00001,0,0
18.230145,36.002483,-125.00001,0,0
17.230145,36.002483,-125.00001,0,0
16.230145,36.002483,-125.00001,0,0
15.2301445,36.002483,-125.00001,0,0
14.2301445,36.002483,-125.00001,0,0
13.2301445,36.002483,-125.00001,0,0
12.2301445,36.002483,-125.00001,0,0
11.2301445,36.002483,-125.00001,0,0
10.2301445,36.002483,-125.00001,0,0
9.2301445,36.002483,-125.00001,0,0
8.2301445,36.002483,-125.00001,0,0
7.2301445,36.002483,-125.00001,0,0
6.2301445,36.002483,-125.00001,0,0
5.2301445,36.002483,-125.00001,0,0
4.2301445,36.002483,-125.00001,0,0
3.2301445,36.002483,-125.00001,0,0
2.2301445,36.002483,-125.00001,0,0
1.2301445,36.002483,-125.00001,0,0
0.2301445,36.002483,-125.00001,0,0
-0.7698555,36.002483,-125.00001,0,0
-1.7698555,36.002483,-125.00001,0,0
-2.7698555,36.002483,-125.00001,0,0
-3.7698555,36.002483,-125.00001,0,0
-4.7698555,36.002483,-125.00001,0,0
-5.7698555,36.002483,-125.00001,0,0
-6.7698555,36.002483,-125.00001,0,0
-7.7698555,36.002483,-125.00001,0,0
-8.7698555,36.002483,-125.00001,0,0
-9.7698555,36.002483,-125.00001,0,0
-10.7698555,36.002483,-125.00001,0,0
-11.7698555,36.002483,-125.00001,0,0
-12.7698555,36.002483,-125.00001,0,0
-13.7698555,36.002483,-125.00001,0,0
-14.7698555,36.002483,-125.00001,0,0
-15.7698555,36.002483,-125.00001,0,0
-16.769855,36.002483,-125.00001,0,0
-17.769855,36.002483,-125.00001,0,0
-18.769855,36.002483,-125.00001,0,0
-19.769855,36.002483,-125.00001,0,0
-20.769855,36.002483,-125.00001,0,0
-21.769855,36.002483,-125.00001,0,0
-22.769855,36.002483,-125.00001,0,0
-23.769855,36.002483,-125.00001,0,0
-24.769855,36.002483,-125.00001,0,0
-25.769855,36.002483,-125.00001,0,0
-26.769855,36.002483,-125.00001,0,0
-27.769855,36.002483,-125.00001,0,0
-28.769855,36.002483,-125.00001,0,0
-29.769855,36.002483,-125.00001,0,0
-30.769855,36.002483,-125.00001,0,0
-31.769855,36.002483,-125.00001,0,0
-32.769855,36.002483,-125.00001,0,0
-33.769855,36.002483,-125.00001,0,0
-34.769855,36.002483,-125.00001,0,0
-35.769855,36.002483,-125.00001,0,0
-36.769855,36.002483,-125.00001,0,0
-37.769855,36.002483,-125.00001,0,0
-38.769855,36.002483,-125.00001,0,0
-39.769855,36.002483,-125.00001,0,0
-40.769855,36.002483,-125.00001,0,0
-41.769855,36.002483,-125.00001,0,0
-42.769855,36.002483,-125.00001,0,0
-43.769855,36.002483,-125.00001,0,0
-44.769855,36.002483,-125.00001,0,0
-45.769855,36.002483,-125.00001,0,0
-46.769855,36.002483,-125.00001,0,0
-47.769855,36.002483,-125.00001,0,0
-48.769855,36.002483,-125.00001,0,0
-49.769855,36.002483,-125.00001,0,0
49.230145,35.002483,-125.00001,0,0
48.230145,35.002483,-125.00001,0,0
47.230145,35.002483,-125.00001,0,0
46.230145,35.002483,-125.00001,0,0
45.230145,35.002483,-125.00001,0,0
44.230145,35.002483,-125.00001,0,0
43.230145,35.002483,-125.00001,0,0
42.230145,35.002483,-125.00001,0,0
41.230145,35.002483,-125.00001,0,0
40.230145,35.002483,-125.00001,0,0
39.230145,35.002483,-125.00001,0,0
38.230145,35.002483,-125.00001,0,0
37.230145,35.002483,-125.00001,0,0
36.230145,35.002483,-125.00001,0,0
35.230145,35.002483,-125.00001,0,0
34.230145,35.002483,-125.00001,0,0
33.230145,35.002483,-125.00001,0,0
32.230145,35.002483,-125.00001,0,0
31.230145,35.002483,-125.00001,0,0
30.230145,35.002483,-125.00001,0,0
29.230145,35.002483,-125.00001,0,0
28.230145,35.002483,-125.00001,0,0
27.230145,35.002483,-125.00001,0,0
26.230145,35.002483,-125.00001,0,0
25.230145,35.002483,-125.00001,0,0
24.230145,35.002483,-125.00001,0,0
23.230145,35.002483,-125.00001,0,0
22.230145,35.002483,-125.00001,0,0
21.230145,35.002483,-125.00001,0,0
20.230145,35.002483,-125.00001,0,0
19.230145,35.002483,-125.00001,0,0
18.230145,35.002483,-125.00001,0,0
17.230145,35.002483,-125.00001,0,0
16.230145,35.002483,-125.00001,0,0
15.2301445,35.002483,-125.00001,0,0
14.2301445,35.002483,-125.00001,0,0
13.2301445,35.002483,-125.00001,0,0
12.2301445,35.002483,-125.00001,0,0
11.2301445,35.002483,-125.00001,0,0
10.2301445,35.002483,-125.00001,0,0
9.2301445,35.002483,-125.00001,0,0
8.2301445,35.002483,-125.00001,0,0
7.2301445,35.002483,-125.00001,0,0
6.2301445,35.002483,-125.00001,0,0
5.2301445,35.002483,-125.00001,0,0
4.2301445,35.002483,-125.00001,0,0
3.2301445,35.002483,-125.00001,0,0
2.2301445,35.002483,-125.00001,0,0
1.2301445,35.002483,-125.00001,0,0
0.2301445,35.002483,-125.00001,0,0
-0.7698555,35.002483,-125.00001,0,0
-1.7698555,35.002483,-125.00001,0,0
-2.7698555,35.002483,-125.00001,0,0
-3.7698555,35.002483,-125.00001,0,0
-4.7698555,35.002483,-125.00001,0,0
-5.7698555,35.002483,-125.00001,0,0
-6.7698555,35.002483,-125.00001,0,0
-7.7698555,35.002483,-125.00001,0,0
-8.7698555,35.002483,-125.00001,0,0
-9.7698555,35.002483,-125.00001,0,0
-10.7698555,35.002483,-125.00001,0,0
-11.7698555,35.002483,-125.00001,0,0
-12.7698555,35.002483,-125.00001,0,0
-13.7698555,35.002483,-125.00001,0,0
-14.7698555,35.002483,-125.00001,0,0
-15.7698555,35.002483,-125.00001,0,0
-16.769855,35.002483,-125.00001,0,0
-17.769855,35.002483,-125.00001,0,0
-18.769855,35.002483,-125.00001,0,0
-19.769855,35.002483,-125.00001,0,0
-20.769855,35.002483,-125.00001,0,0
-21.769855,35.002483,-125.00001,0,0
-22.769855,35.002483,-125.00001,0,0
-23.769855,35.002483,-125.00001,0,0
-24.769855,35.002483,-125.00001,0,0
-25.769855,35.002483,-125.00001,0,0
-26.769855,35.002483,-125.00001,0,0
-27.769855,35.002483,-125.00001,0,0
-28.769855,35.002483,-125.00001,0,0
-29.769855,35.002483,-125.00001,0,0
-30.769855,35.002483,-125.00001,0,0
-31.769855,35.002483,-125.00001,0,0
-32.769855,35.002483,-125.00001,0,0
-33.769855,35.002483,-125.00001,0,0
-34.769855,35.002483,-125.00001,0,0
-35.769855,35.002483,-125.00001,0,0
-36.769855,35.002483,-125.00001,0,0
-37.769855,35.002483,-125.00001,0,0
-38.769855,35.002483,-125.00001,0,0
-39.769855,35.002483,-125.00001,0,0
-40.769855,35.002483,-125.00001,0,0
-41.769855,35.002483,-125.00001,0,0
-42.769855,35.002483,-125.00001,0,0
-43.769855,35.002483,-125.00001,0,0
-44.769855,35.002483,-125.00001,0,0
-45.769855,35.002483,-125.00001,0,0
-46.769855,35.002483,-125.00001,0,0
-47.769855,35.002483,-125.00001,0,0
-48.769855,35.002483,-125.00001,0,0
-49.769855,35.002483,-125.00001,0,0
49.230145,34.002483,-125.00001,0,0
48.230145,34.002483,-125.00001,0,0
47.230145,34.002483,-125.00001,0,0
46.230145,34.002483,-125.00001,0,0
45.230145,34.002483,-125.00001,0,0
44.230145,34.002483,-125.00001,0,0
43.230145,34.002483,-125.00001,0,0
42.230145,34.002483,-125.00001,0,0
41.230145,34.002483,-125.00001,0,0
40.230145,34.002483,-125.00001,0,0
39.230145,34.002483,-125.00001,0,0
38.230145,34.002483,-125.00001,0,0
37.230145,34.002483,-125.00001,0,0
36.230145,34.002483,-125.00001,0,0
35.230145,34.002483,-125.00001,0,0
34.230145,34.002483,-125.00001,0,0
33.230145,34.002483,-125.00001,0,0
32.230145,34.002483,-125.00001,0,0
31.230145,34.002483,-125.00001,0,0
30.230145,34.002483,-125.00001,0,0
29.230145,34.002483,-125.00001,0,0
28.230145,34.002483,-125.00001,0,0
27.230145,34.002483,-125.00001,0,0
26.230145,34.002483,-125.00001,0,0
25.230145,34.002483,-125.00001,0,0
24.230145,34.002483,-125.00001,0,0
23.230145,34.002483,-125.00001,0,0
22.230145,34.002483,-125.00001,0,0
21.230145,34.002483,-125.00001,0,0
20.230145,34.002483,-125.00001,0,0
19.230145,34.002483,-125.00001,0,0
18.230145,34.002483,-125.00001,0,0
17.230145,34.002483,-125.00001,0,0
16.230145,34.002483,-125.00001,0,0
15.2301445,34.002483,-125.00001,0,0
14.2301445,34.002483,-125.00001,0,0
13.2301445,34.002483,-125.00001,0,0
12.2301445,34.002483,-125.00001,0,0
11.2301445,34.002483,-125.00001,0,0
10.2301445,34.002483,-125.00001,0,0
9.2301445,34.002483,-125.00001,0,0
8.2301445,34.002483,-125.00001,0,0
7.2301445,34.002483,-125.00001,0,0
6.2301445,34.002483,-125.00001,0,0
5.2301445,34.002483,-125.00001,0,0
4.2301445,34.002483,-125.00001,0,0
3.2301445,34.002483,-125.00001,0,0
2.2301445,34.002483,-125.00001,0,0
1.2301445,34.002483,-125.00001,0,0
0.2301445,34.002483,-125.00001,0,0
-0.7698555,34.002483,-125.00001,0,0
-1.7698555,34.002483,-125.00001,0,0
-2.7698555,34.002483,-125.00001,0,0
-3.7698555,34.002483,-125.00001,0,0
-4.7698555,34.002483,-125.00001,0,0
-5.7698555,34.002483,-125.00001,0,0
-6.7698555,34.002483,-125.00001,0,0
-7.7698555,34.002483,-125.00001,0,0
-8.7698555,34.002483,-125.00001,0,0
-9.7698555,34.002483,-125.00001,0,0
-10.7698555,34.002483,-125.00001,0,0
-11.7698555,34.002483,-125.00001,0,0
-12.7698555,34.002483,-125.00001,0,0
-13.7698555,34.002483,-125.00001,0,0
-14.7698555,34.002483,-125.00001,0,0
-15.7698555,34.002483,-125.00001,0,0
-16.769855,34.002483,-125.00001,0,0
-17.769855,34.002483,-125.00001,0,0
-18.769855,34.002483,-125.00001,0,0
-19.769855,34.002483,-125.00001,0,0
-20.769855,34.002483,-125.00001,0,0
-21.769855,34.002483,-125.00001,0,0
-22.769855,34.002483,-125.00001,0,0
-23.769855,34.002483,-125.00001,0,0
-24.769855,34.002483,-125.00001,0,0
-25.769855,34.002483,-125.00001,0,0
-26.769855,34.002483,-125.00001,0,0
-27.769855,34.002483,-125.00001,0,0
-28.769855,34.002483,-125.00001,0,0
-29.769855,34.002483,-125.00001,0,0
-30.769855,34.002483,-125.00001,0,0
-31.769855,34.002483,-125.00001,0,0
-32.769855,34.002483,-125.00001,0,0
-33.769855,34.002483,-125.00001,0,0
-34.769855,34.002483,-125.00001,0,0
-35.769855,34.002483,-125.00001,0,0
-36.769855,34.002483,-125.00001,0,0
-37.769855,34.002483,-125.00001,0,0
-38.769855,34.002483,-125.00001,0,0
-39.769855,34.002483,-125.00001,0,0
-40.769855,34.002483,-125.00001,0,0
-41.769855,34.002483,-125.00001,0,0
-42.769855,34.002483,-125.00001,0,0
-43.769855,34.002483,-125.00001,0,0
-44.769855,34.002483,-125.00001,0,0
-45.769855,34.002483,-125.00001,0,0
-46.769855,34.002483,-125.00001,0,0
-47.769855,34.002483,-125.00001,0,0
-48.769855,34.002483,-125.00001,0,0
-49.769855,34.002483,-125.00001,0,0
49.230145,33.002483,-125.00001,0,0
48.230145,33.002483,-125.00001,0,0
47.230145,33.002483,-125.00001,0,0
46.230145,33.002483,-125.00001,0,0
45.230145,33.002483,-125.00001,0,0
44.230145,33.002483,-125.00001,0,0
43.230145,33.002483,-125.00001,0,0
42.230145,33.002483,-125.00001,0,0
41.230145,33.002483,-125.00001,0,0
40.230145,33.002483,-125.00001,0,0
39.230145,33.002483,-125.00001,0,0
38.230145,33.002483,-125.00001,0,0
37.230145,33.002483,-125.00001,0,0
36.230145,33.002483,-125.00001,0,0
35.230145,33.002483,-125.00001,0,0
34.230145,33.002483,-125.00001,0,0
33.230145,33.002483,-125.00001,0,0
32.230145,33.002483,-125.00001,0,0
31.230145,33.002483,-125.00001,0,0
30.230145,33.002483,-125.00001,0,0
29.230145,33.002483,-125.00001,0,0
28.230145,33.002483,-125.00001,0,0
27.230145,33.002483,-125.00001,0,0
26.230145,33.002483,-125.00001,0,0
25.230145,33.002483,-125.00001,0,0
24.230145,33.002483,-125.00001,0,0
23.230145,33.002483,-125.00001,0,0
22.230145,33.002483,-125.00001,0,0
21.230145,33.002483,-125.00001,0,0
20.230145,33.002483,-125.00001,0,0
19.230145,33.002483,-125.00001,0,0
18.230145,33.002483,-125.00001,0,0
17.230145,33.002483,-125.00001,0,0
16.230145,33.002483,-125.00001,0,0
15.2301445,33.002483,-125.00001,0,0
14.2301445,33.002483,-125.00001,0,0
13.2301445,33.002483,-125.00001,0,0
12.2301445,33.002483,-125.00001,0,0
11.2301445,33.002483,-125.00001,0,0
10.2301445,33.002483,-125.00001,0,0
9.2301445,33.002483,-125.00001,0,0
8.2301445,33.002483,-125.00001,0,0
7.2301445,33.002483,-125.00001,0,0
6.2301445,33.002483,-125.00001,0,0
5.2301445,33.002483,-125.00001,0,0
4.2301445,33.002483,-125.00001,0,0
3.2301445,33.002483,-125.00001,0,0
2.2301445,33.002483,-125.00001,0,0
1.2301445,33.002483,-125.00001,0,0
0.2301445,33.002483,-125.00001,0,0
-0.7698555,33.002483,-125.00001,0,0
-1.7698555,33.002483,-125.00001,0,0
-2.7698555,33.002483,-125.00001,0,0
-3.7698555,33.002483,-125.00001,0,0
-4.7698555,33.002483,-125.00001,0,0
-5.7698555,33.002483,-125.00001,0,0
-6.7698555,33.002483,-125.00001,0,0
-7.7698555,33.002483,-125.00001,0,0
-8.7698555,33.002483,-125.00001,0,0
-9.7698555,33.002483,-125.00001,0,0
-10.7698555,33.002483,-125.00001,0,0
-11.7698555,33.002483,-125.00001,0,0
-12.7698555,33.002483,-125.00001,0,0
-13.7698555,33.002483,-125.00001,0,0
-14.7698555,33.002483,-125.00001,0,0
-15.7698555,33.002483,-125.00001,0,0
-16.769855,33.002483,-125.00001,0,0
-17.769855,33.002483,-125.00001,0,0
-18.769855,33.002483,-125.00001,0,0
-19.769855,33.002483,-125.00001,0,0
-20.769855,33.002483,-125.00001,0,0
-21.769855,33.002483,-125.00001,0,0
-22.769855,33.002483,-125.00001,0,0
-23.769855,33.002483,-125.00001,0,0
-24.769855,33.002483,-125.00001,0,0
-25.769855,33.002483,-125.00001,0,0
-26.769855,33.002483,-125.00001,0,0
-27.769855,33.002483,-125.00001,0,0
-28.769855,33.002483,-125.00001,0,0
-29.769855,33.002483,-125.00001,0,0
-30.769855,33.002483,-125.00001,0,0
-31.769855,33.002483,-125.00001,0,0
-32.769855,33.002483,-125.00001,0,0
-33.769855,33.002483,-125.00001,0,0
-34.769855,33.002483,-125.00001,0,0
-35.769855,33.002483,-125.00001,0,0
-36.769855,33.002483,-125.00001,0,0
-37.769855,33.002483,-125.00001,0,0
-38.769855,33.002483,-125.00001,0,0
-39.769855,33.002483,-125.00001,0,0
-40.769855,33.002483,-125.00001,0,0
-41.769855,33.002483,-125.00001,0,0
-42.769855,33.002483,-125.00001,0,0
-43.769855,33.002483,-125.00001,0,0
-44.769855,33.002483,-125.00001,0,0
-45.769855,33.002483,-125.00001,0,0
-46.769855,33.002483,-125.00001,0,0
-47.769855,33.002483,-125.00001,0,0
-48.769855,33.002483,-125.00001,0,0
-49.769855,33.002483,-125.00001,0,0
49.230145,32.002483,-125.00001,0,0
48.230145,32.002483,-125.00001,0,0
47.230145,32.002483,-125.00001,0,0
46.230145,32.002483,-125.00001,0,0
45.230145,32.002483,-125.00001,0,0
44.230145,32.002483,-125.00001,0,0
43.230145,32.002483,-125.00001,0,0
42.230145,32.002483,-125.00001,0,0
41.230145,32.002483,-125.00001,0,0
40.230145,32.002483,-125.00001,0,0
39.230145,32.002483,-125.00001,0,0
38.230145,32.002483,-125.00001,0,0
37.230145,32.002483,-125.00001,0,0
36.230145,32.002483,-125.00001,0,0
35.230145,32.002483,-125.00001,0,0
34.230145,32.002483,-125.00001,0,0
33.230145,32.002483,-125.00001,0,0
32.230145,32.002483,-125.00001,0,0
31.230145,32.002483,-125.00001,0,0
30.230145,32.002483,-125.00001,0,0
29.230145,32.002483,-125.00001,0,0
28.230145,32.002483,-125.00001,0,0
27.230145,32.002483,-125.00001,0,0
26.230145,32.002483,-125.00001,0,0
25.230145,32.002483,-125.00001,0,0
24.230145,32.002483,-125.00001,0,0
23.230145,32.002483,-125.00001,0,0
22.230145,32.002483,-125.00001,0,0
21.230145,32.002483,-125.00001,0,0
20.230145,32.002483,-125.00001,0,0
19.230145,32.002483,-125.00001,0,0
18.230145,32.002483,-125.00001,0,0
17.230145,32.002483,-125.00001,0,0
16.230145,32.002483,-125.00001,0,0
15.2301445,32.002483,-125.00001,0,0
14.2301445,32.002483,-125.00001,0,0
13.2301445,32.002483,-125.00001,0,0
12.2301445,32.002483,-125.00001,0,0
11.2301445,32.002483,-125.00001,0,0
10.2301445,32.002483,-125.00001,0,0
9.2301445,32.002483,-125.00001,0,0
8.2301445,32.002483,-125.00001,0,0
7.2301445,32.002483,-125.00001,0,0
6.2301445,32.002483,-125.00001,0,0
5.2301445,32.002483,-125.00001,0,0
4.2301445,32.002483,-125.00001,0,0
3.2301445,32.002483,-125.00001,0,0
2.2301445,32.002483,-125.00001,0,0
1.2301445,32.002483,-125.00001,0,0
0.2301445,32.002483,-125.00001,0,0
-0.7698555,32.002483,-125.00001,0,0
-1.7698555,32.002483,-125.00001,0,0
-2.7698555,32.002483,-125.00001,0,0
-3.7698555,32.002483,-125.00001,0,0
-4.7698555,32.002483,-125.00001,0,0
-5.7698555,32.002483,-125.00001,0,0
-6.7698555,32.002483,-125.00001,0,0
-7.7698555,32.002483,-125.00001,0,0
-8.7698555,32.002483,-125.00001,0,0
-9.7698555,32.002483,-125.00001,0,0
-10.7698555,32.002483,-125.00001,0,0
-11.7698555,32.002483,-125.00001,0,0
-12.7698555,32.002483,-125.00001,0,0
-13.7698555,32.002483,-125.00001,0,0
-14.7698555,32.002483,-125.00001,0,0
-15.7698555,32.002483,-125.00001,0,0
-16.769855,32.002483,-125.00001,0,0
-17.769855,32.002483,-125.00001,0,0
-18.769855,32.002483,-125.00001,0,0
-19.769855,32.002483,-125.00001,0,0
-20.769855,32.002483,-125.00001,0,0
-21.769855,32.002483,-125.00001,0,0
-22.769855,32.002483,-125.00001,0,0
-23.769855,32.002483,-125.00001,0,0
-24.769855,32.002483,-125.00001,0,0
-25.769855,32.002483,-125.00001,0,0
-26.769855,32.002483,-125.00001,0,0
-27.769855,32.002483,-125.00001,0,0
-28.769855,32.002483,-125.00001,0,0
-29.769855,32.002483,-125.00001,0,0
-30.769855,32.002483,-125.00001,0,0
-31.769855,32.002483,-125.00001,0,0
-32.769855,32.002483,-125.00001,0,0
-33.769855,32.002483,-125.00001,0,0
-34.769855,32.002483,-125.00001,0,0
-35.769855,32.002483,-125.00001,0,0
-36.769855,32.002483,-125.00001,0,0
-37.769855,32.002483,-125.00001,0,0
-38.769855,32.002483,-125.00001,0,0
-39.769855,32.002483,-125.00001,0,0
-40.769855,32.002483,-125.00001,0,0
-41.769855,32.002483,-125.00001,0,0
-42.769855,32.002483,-125.00001,0,0
-43.769855,32.002483,-125.00001,0,0
-44.769855,32.002483,-125.00001,0,0
-45.769855,32.002483,-125.00001,0,0
-46.769855,32.002483,-125.00001,0,0
-47.769855,32.002483,-125.00001,0,0
-48.769855,32.002483,-125.00001,0,0
-49.769855,32.002483,-125.00001,0,0
49.230145,31.002483,-125.00001,0,0
48.230145,31.002483,-125.00001,0,0
47.230145,31.002483,-125.00001,0,0
46.230145,31.002483,-125.00001,0,0
45.230145,31.002483,-125.00001,0,0
44.230145,31.002483,-125.00001,0,0
43.230145,31.002483,-125.00001,0,0
42.230145,31.002483,-125.00001,0,0
41.230145,31.002483,-125.00001,0,0
40.230145,31.002483,-125.00001,0,0
39.230145,31.002483,-125.00001,0,0
38.230145,31.002483,-125.00001,0,0
37.230145,31.002483,-125.00001,0,0
36.230145,31.002483,-125.00001,0,0
35.230145,31.002483,-125.00001,0,0
34.230145,31.002483,-125.00001,0,0
33.230145,31.002483,-125.00001,0,0
32.230145,31.002483,-125.00001,0,0
31.230145,31.002483,-125.00001,0,0
30.230145,31.002483,-125.00001,0,0
29.230145,31.002483,-125.00001,0,0
28.230145,31.002483,-125.00001,0,0
27.230145,31.002483,-125.00001,0,0
26.230145,31.002483,-125.00001,0,0
25.230145,31.002483,-125.00001,0,0
24.230145,31.002483,-125.00001,0,0
23.230145,31.002483,-125.00001,0,0
22.230145,31.002483,-125.00001,0,0
21.230145,31.002483,-125.00001,0,0
20.230145,31.002483,-125.00001,0,0
19.230145,31.002483,-125.00001,0,0
18.230145,31.002483,-125.00001,0,0
17.230145,31.002483,-125.00001,0,0
16.230145,31.002483,-125.00001,0,0
15.2301445,31.002483,-125.00001,0,0
14.2301445,31.002483,-125.00001,0,0
13.2301445,31.002483,-125.00001,0,0
12.2301445,31.002483,-125.00001,0,0
11.2301445,31.002483,-125.00001,0,0
10.2301445,31.002483,-125.00001,0,0
9.2301445,31.002483,-125.00001,0,0
8.2301445,31.002483,-125.00001,0,0
7.2301445,31.002483,-125.00001,0,0
6.2301445,31.002483,-125.00001,0,0
5.2301445,31.002483,-125.00001,0,0
4.2301445,31.002483,-125.00001,0,0
3.2301445,31.002483,-125.00001,0,0
2.2301445,31.002483,-125.00001,0,0
1.2301445,31.002483,-125.00001,0,0
0.2301445,31.002483,-125.00001,0,0
-0.7698555,31.002483,-125.00001,0,0
-1.7698555,31.002483,-125.00001,0,0
-2.7698555,31.002483,-125.00001,0,0
-3.7698555,31.002483,-125.00001,0,0
-4.7698555,31.002483,-125.00001,0,0
-5.7698555,31.002483,-125.00001,0,0
-6.7698555,31.002483,-125.00001,0,0
-7.7698555,31.002483,-125.00001,0,0
-8.7698555,31.002483,-125.00001,0,0
-9.7698555,31.002483,-125.00001,0,0
-10.7698555,31.002483,-125.00001,0,0
-11.7698555,31.002483,-125.00001,0,0
-12.7698555,31.002483,-125.00001,0,0
-13.7698555,31.002483,-125.00001,0,0
-14.7698555,31.002483,-125.00001,0,0
-15.7698555,31.002483,-125.00001,0,0
-16.769855,31.002483,-125.00001,0,0
-17.769855,31.002483,-125.00001,0,0
-18.769855,31.002483,-125.00001,0,0
-19.769855,31.002483,-125.00001,0,0
-20.769855,31.002483,-125.00001,0,0
-21.769855,31.002483,-125.00001,0,0
-22.769855,31.002483,-125.00001,0,0
-23.769855,31.002483,-125.00001,0,0
-24.769855,31.002483,-125.00001,0,0
-25.769855,31.002483,-125.00001,0,0
-26.769855,31.002483,-125.00001,0,0
-27.769855,31.002483,-125.00001,0,0
-28.769855,31.002483,-125.00001,0,0
-29.769855,31.002483,-125.00001,0,0
-30.769855,31.002483,-125.00001,0,0
-31.769855,31.002483,-125.00001,0,0
-32.769855,31.002483,-125.00001,0,0
-33.769855,31.002483,-125.00001,0,0
-34.769855,31.002483,-125.00001,0,0
-35.769855,31.002483,-125.00001,0,0
-36.769855,31.002483,-125.00001,0,0
-37.769855,31.002483,-125.00001,0,0
-38.769855,31.002483,-125.00001,0,0
-39.769855,31.002483,-125.00001,0,0
-40.769855,31.002483,-125.00001,0,0
-41.769855,31.002483,-125.00001,0,0
-42.769855,31.002483,-125.00001,0,0
-43.769855,31.002483,-125.00001,0,0
-44.769855,31.002483,-125.00001,0,0
-45.769855,31.002483,-125.00001,0,0
-46.769855,31.002483,-125.00001,0,0
-47.769855,31.002483,-125.00001,0,0
-48.769855,31.002483,-125.00001,0,0
-49.769855,31.002483,-125.00001,0,0
49.230145,30.002483,-125.00001,0,0
48.230145,30.002483,-125.00001,0,0
47.230145,30.002483,-125.00001,0,0
46.230145,30.002483,-125.00001,0,0
45.230145,30.002483,-125.00001,0,0
44.230145,30.002483,-125.00001,0,0
43.230145,30.002483,-125.00001,0,0
42.230145,30.002483,-125.00001,0,0
41.230145,30.002483,-125.00001,0,0
40.230145,30.002483,-125.00001,0,0
39.230145,30.002483,-125.00001,0,0
38.230145,30.002483,-125.00001,0,0
37.230145,30.002483,-125.00001,0,0
36.230145,30.002483,-125.00001,0,0
35.230145,30.002483,-125.00001,0,0
34.230145,30.002483,-125.00001,0,0
33.230145,30.002483,-125.00001,0,0
32.230145,30.002483,-125.00001,0,0
31.230145,30.002483,-125.00001,0,0
30.230145,30.002483,-125.00001,0,0
29.230145,30.002483,-125.00001,0,0
28.230145,30.002483,-125.00001,0,0
27.230145,30.002483,-125.00001,0,0
26.230145,30.002483,-125.00001,0,0
25.230145,30.002483,-125.00001,0,0
24.230145,30.002483,-125.00001,0,0
23.230145,30.002483,-125.00001,0,0
22.230145,30.002483,-125.00001,0,0
21.230145,30.002483,-125.00001,0,0
20.230145,30.002483,-125.00001,0,0
19.230145,30.002483,-125.00001,0,0
18.230145,30.002483,-125.00001,0,0
17.230145,30.002483,-125.00001,0,0
16.230145,30.002483,-125.00001,0,0
15.2301445,30.002483,-125.00001,0,0
14.2301445,30.002483,-125.00001,0,0
13.2301445,30.002483,-125.00001,0,0
12.2301445,30.002483,-125.00001,0,0
11.2301445,30.002483,-125.00001,0,0
10.2301445,30.002483,-125.00001,0,0
9.2301445,30.002483,-125.00001,0,0
8.2301445,30.002483,-125.00001,0,0
7.2301445,30.002483,-125.00001,0,0
6.2301445,30.002483,-125.00001,0,0
5.2301445,30.002483,-125.00001,0,0
4.2301445,30.002483,-125.00001,0,0
3.2301445,30.002483,-125.00001,0,0
2.2301445,30.002483,-125.00001,0,0
1.2301445,30.002483,-125.00001,0,0
0.2301445,30.002483,-125.00001,0,0
-0.7698555,30.002483,-125.00001,0,0
-1.7698555,30.002483,-125.00001,0,0
-2.7698555,30.002483,-125.00001,0,0
-3.7698555,30.002483,-125.00001,0,0
-4.7698555,30.002483,-125.00001,0,0
-5.7698555,30.002483,-125.00001,0,0
-6.7698555,30.002483,-125.00001,0,0
-7.7698555,30.002483,-125.00001,0,0
-8.7698555,30.002483,-125.00001,0,0
-9.7698555,30.002483,-125.00001,0,0
-10.7698555,30.002483,-125.00001,0,0
-11.7698555,30.002483,-125.00001,0,0
-12.7698555,30.002483,-125.00001,0,0
-13.7698555,30.002483,-125.00001,0,0
-14.7698555,30.002483,-125.00001,0,0
-15.7698555,30.002483,-125.00001,0,0
-16.769855,30.002483,-125.00001,0,0
-17.769855,30.002483,-125.00001,0,0
-18.769855,30.002483,-125.00001,0,0
-19.769855,30.002483,-125.00001,0,0
-20.769855,30.002483,-125.00001,0,0
-21.769855,30.002483,-125.00001,0,0
-22.769855,30.002483,-125.00001,0,0
-23.769855,30.002483,-125.00001,0,0
-24.769855,30.002483,-125.00001,0,0
-25.769855,30.002483,-125.00001,0,0
-26.769855,30.002483,-125.00001,0,0
-27.769855,30.002483,-125.00001,0,0
-28.769855,30.002483,-125.00001,0,0
-29.769855,30.002483,-125.00001,0,0
-30.769855,30.002483,-125.00001,0,0
-31.769855,30.002483,-125.00001,0,0
-32.769855,30.002483,-125.00001,0,0
-33.769855,30.002483,-125.00001,0,0
-34.769855,30.002483,-125.00001,0,0
-35.769855,30.002483,-125.00001,0,0
-36.769855,30.002483,-125.00001,0,0
-37.769855,30.002483,-125.00001,0,0
-38.769855,30.002483,-125.00001,0,0
-39.769855,30.002483,-125.00001,0,0
-40.769855,30.002483,-125.00001,0,0
-41.769855,30.002483,-125.00001,0,0
-42.769855,30.002483,-125.00001,0,0
-43.769855,30.002483,-125.00001,0,0
-44.769855,30.002483,-125.00001,0,0
-45.769855,30.002483,-125.00001,0,0
-46.769855,30.002483,-125.00001,0,0
-47.769855,30.002483,-125.00001,0,0
-48.769855,30.002483,-125.00001,0,0
-49.769855,30.002483,-125.00001,0,0
49.230145,29.002483,-125.00001,0,0
48.230145,29.002483,-125.00001,0,0
47.230145,29.002483,-125.00001,0,0
46.230145,29.002483,-125.00001,0,0
45.230145,29.002483,-125.00001,0,0
44.230145,29.002483,-125.00001,0,0
43.230145,29.002483,-125.00001,0,0
42.230145,29.002483,-125.00001,0,0
41.230145,29.002483,-125.00001,0,0
40.230145,29.002483,-125.00001,0,0
39.230145,29.002483,-125.00001,0,0
38.230145,29.002483,-125.00001,0,0
37.230145,29.002483,-125.00001,0,0
36.230145,29.002483,-125.00001,0,0
35.230145,29.002483,-125.00001,0,0
34.230145,29.002483,-125.00001,0,0
33.230145,29.002483,-125.00001,0,0
32.230145,29.002483,-125.00001,0,0
31.230145,29.002483,-125.00001,0,0
30.230145,29.002483,-125.00001,0,0
29.230145,29.002483,-125.00001,0,0
28.230145,29.002483,-125.00001,0,0
27.230145,29.002483,-125.00001,0,0
26.230145,29.002483,-125.00001,0,0
25.230145,29.002483,-125.00001,0,0
24.230145,29.002483,-125.00001,0,0
23.230145,29.002483,-125.00001,0,0
22.230145,29.002483,-125.00001,0,0
21.230145,29.002483,-125.00001,0,0
20.230145,29.002483,-125.00001,0,0
19.230145,29.002483,-125.00001,0,0
18.230145,29.002483,-125.00001,0,0
17.230145,29.002483,-125.00001,0,0
16.230145,29.002483,-125.00001,0,0
15.2301445,29.002483,-125.00001,0,0
14.2301445,29.002483,-125.00001,0,0
13.2301445,29.002483,-125.00001,0,0
12.2301445,29.002483,-125.00001,0,0
11.2301445,29.002483,-125.00001,0,0
10.2301445,29.002483,-125.00001,0,0
9.2301445,29.002483,-125.00001,0,0
8.2301445,29.002483,-125.00001,0,0
7.2301445,29.002483,-125.00001,0,0
6.2301445,29.002483,-125.00001,0,0
5.2301445,29.002483,-125.00001,0,0
4.2301445,29.002483,-125.00001,0,0
3.2301445,29.002483,-125.00001,0,0
2.2301445,29.002483,-125.00001,0,0
1.2301445,29.002483,-125.00001,0,0
0.2301445,29.002483,-125.00001,0,0
-0.7698555,29.002483,-125.00001,0,0
-1.7698555,29.002483,-125.00001,0,0
-2.7698555,29.002483,-125.00001,0,0
-3.7698555,29.002483,-125.00001,0,0
-4.7698555,29.002483,-125.00001,0,0
-5.7698555,29.002483,-125.00001,0,0
-6.7698555,29.002483,-125.00001,0,0
-7.7698555,29.002483,-125.00001,0,0
-8.7698555,29.002483,-125.00001,0,0
-9.7698555,29.002483,-125.00001,0,0
-10.7698555,29.002483,-125.00001,0,0
-11.7698555,29.002483,-125.00001,0,0
-12.7698555,29.002483,-125.00001,0,0
-13.7698555,29.002483,-125.00001,0,0
-14.7698555,29.002483,-125.00001,0,0
-15.7698555,29.002483,-125.00001,0,0
-16.769855,29.002483,-125.00001,0,0
-17.769855,29.002483,-125.00001,0,0
-18.769855,29.002483,-125.00001,0,0
-19.769855,29.002483,-125.00001,0,0
-20.769855,29.002483,-125.00001,0,0
-21.769855,29.002483,-125.00001,0,0
-22.769855,29.002483,-125.00001,0,0
-23.769855,29.002483,-125.00001,0,0
-24.769855,29.002483,-125.00001,0,0
-25.769855,29.002483,-125.00001,0,0
-26.769855,29.002483,-125.00001,0,0
-27.769855,29.002483,-125.00001,0,0
-28.769855,29.002483,-125.00001,0,0
-29.769855,29.002483,-125.00001,0,0
-30.769855,29.002483,-125.00001,0,0
-31.769855,29.002483,-125.00001,0,0
-32.769855,29.002483,-125.00001,0,0
-33.769855,29.002483,-125.00001,0,0
-34.769855,29.002483,-125.00001,0,0
-35.769855,29.002483,-125.00001,0,0
-36.769855,29.002483,-125.00001,0,0
-37.769855,29.002483,-125.00001,0,0
-38.769855,29.002483,-125.00001,0,0
-39.769855,29.002483,-125.00001,0,0
-40.769855,29.002483,-125.00001,0,0
-41.769855,29.002483,-125.00001,0,0
-42.769855,29.002483,-125.00001,0,0
-43.769855,29.002483,-125.00001,0,0
-44.769855,29.002483,-125.00001,0,0
-45.769855,29.002483,-125.00001,0,0
-46.769855,29.002483,-125.00001,0,0
-47.769855,29.002483,-125.00001,0,0
-48.769855,29.002483,-125.00001,0,0
-49.769855,29.002483,-125.00001,0,0
49.230145,28.002483,-125.00001,0,0
48.230145,28.002483,-125.00001,0,0
47.230145,28.002483,-125.00001,0,0
46.230145,28.002483,-125.00001,0,0
45.230145,28.002483,-125.00001,0,0
44.230145,28.002483,-125.00001,0,0
43.230145,28.002483,-125.00001,0,0
42.230145,28.002483,-125.00001,0,0
41.230145,28.002483,-125.00001,0,0
40.230145,28.002483,-125.00001,0,0
39.230145,28.002483,-125.00001,0,0
38.230145,28.002483,-125.00001,0,0
37.230145,28.002483,-125.00001,0,0
36.230145,28.002483,-125.00001,0,0
35.230145,28.002483,-125.00001,0,0
34.230145,28.002483,-125.00001,0,0
33.230145,28.002483,-125.00001,0,0
32.230145,28.002483,-125.00001,0,0
31.230145,28.002483,-125.00001,0,0
30.230145,28.002483,-125.00001,0,0
29.230145,28.002483,-125.00001,0,0
28.230145,28.002483,-125.00001,0,0
27.230145,28.002483,-125.00001,0,0
26.230145,28.002483,-125.00001,0,0
25.230145,28.002483,-125.00001,0,0
24.230145,28.002483,-125.00001,0,0
23.230145,28.002483,-125.00001,0,0
22.230145,28.002483,-125.00001,0,0
21.230145,28.002483,-125.00001,0,0
20.230145,28.002483,-125.00001,0,0
19.230145,28.002483,-125.00001,0,0
18.230145,28.002483,-125.00001,0,0
17.230145,28.002483,-125.00001,0,0
16.230145,28.002483,-125.00001,0,0
15.2301445,28.002483,-125.00001,0,0
14.2301445,28.002483,-125.00001,0,0
13.2301445,28.002483,-125.00001,0,0
12.2301445,28.002483,-125.00001,0,0
11.2301445,28.002483,-125.00001,0,0
10.2301445,28.002483,-125.00001,0,0
9.2301445,28.002483,-125.00001,0,0
8.2301445,28.002483,-125.00001,0,0
7.2301445,28.002483,-125.00001,0,0
6.2301445,28.002483,-125.00001,0,0
5.2301445,28.002483,-125.00001,0,0
4.2301445,28.002483,-125.00001,0,0
3.2301445,28.002483,-125.00001,0,0
2.2301445,28.002483,-125.00001,0,0
1.2301445,28.002483,-125.00001,0,0
0.2301445,28.002483,-125.00001,0,0
-0.7698555,28.002483,-125.00001,0,0
-1.7698555,28.002483,-125.00001,0,0
-2.7698555,28.002483,-125.00001,0,0
-3.7698555,28.002483,-125.00001,0,0
-4.7698555,28.002483,-125.00001,0,0
-5.7698555,28.002483,-125.00001,0,0
-6.7698555,28.002483,-125.00001,0,0
-7.7698555,28.002483,-125.00001,0,0
-8.7698555,28.002483,-125.00001,0,0
-9.7698555,28.002483,-125.00001,0,0
-10.7698555,28.002483,-125.00001,0,0
-11.7698555,28.002483,-125.00001,0,0
-12.7698555,28.002483,-125.00001,0,0
-13.7698555,28.002483,-125.00001,0,0
-14.7698555,28.002483,-125.00001,0,0
-15.7698555,28.002483,-125.00001,0,0
-16.769855,28.002483,-125.00001,0,0
-17.769855,28.002483,-125.00001,0,0
-18.769855,28.002483,-125.00001,0,0
-19.769855,28.002483,-125.00001,0,0
-20.769855,28.002483,-125.00001,0,0
-21.769855,28.002483,-125.00001,0,0
-22.769855,28.002483,-125.00001,0,0
-23.769855,28.002483,-125.00001,0,0
-24.769855,28.002483,-125.00001,0,0
-25.769855,28.002483,-125.00001,0,0
-26.769855,28.002483,-125.00001,0,0
-27.769855,28.002483,-125.00001,0,0
-28.769855,28.002483,-125.00001,0,0
-29.769855,28.002483,-125.00001,0,0
-30.769855,28.002483,-125.00001,0,0
-31.769855,28.002483,-125.00001,0,0
-32.769855,28.002483,-125.00001,0,0
-33.769855,28.002483,-125.00001,0,0
-34.769855,28.002483,-125.00001,0,0
-35.769855,28.002483,-125.00001,0,0
-36.769855,28.002483,-125.00001,0,0
-37.769855,28.002483,-125.00001,0,0
-38.769855,28.002483,-125.00001,0,0
-39.769855,28.002483,-125.00001,0,0
-40.769855,28.002483,-125.00001,0,0
-41.769855,28.002483,-125.00001,0,0
-42.769855,28.002483,-125.00001,0,0
-43.769855,28.002483,-125.00001,0,0
-44.769855,28.002483,-125.00001,0,0
-45.769855,28.002483,-125.00001,0,0
-46.769855,28.002483,-125.00001,0,0
-47.769855,28.002483,-125.00001,0,0
-48.769855,28.002483,-125.00001,0,0
-49.769855,28.002483,-125.00001,0,0
49.230145,27.002483,-125.00001,0,0
48.230145,27.002483,-125.00001,0,0
47.230145,27.002483,-125.00001,0,0
46.230145,27.002483,-125.00001,0,0
45.230145,27.002483,-125.00001,0,0
44.230145,27.002483,-125.00001,0,0
43.230145,27.002483,-125.00001,0,0
42.230145,27.002483,-125.00001,0,0
41.230145,27.002483,-125.00001,0,0
40.230145,27.002483,-125.00001,0,0
39.230145,27.002483,-125.00001,0,0
38.230145,27.002483,-125.00001,0,0
37.230145,27.002483,-125.00001,0,0
36.230145,27.002483,-125.00001,0,0
35.230145,27.002483,-125.00001,0,0
34.230145,27.002483,-125.00001,0,0
33.230145,27.002483,-125.00001,0,0
32.230145,27.002483,-125.00001,0,0
31.230145,27.002483,-125.00001,0,0
30.230145,27.002483,-125.00001,0,0
29.230145,27.002483,-125.00001,0,0
28.230145,27.002483,-125.00001,0,0
27.230145,27.002483,-125.00001,0,0
26.230145,27.002483,-125.00001,0,0
25.230145,27.002483,-125.00001,0,0
24.230145,27.002483,-125.00001,0,0
23.230145,27.002483,-125.00001,0,0
22.230145,27.002483,-125.00001,0,0
21.230145,27.002483,-125.00001,0,0
20.230145,27.002483,-125.00001,0,0
19.230145,27.002483,-125.00001,0,0
18.230145,27.002483,-125.00001,0,0
17.230145,27.002483,-125.00001,0,0
16.230145,27.002483,-125.00001,0,0
15.2301445,27.002483,-125.00001,0,0
14.2301445,27.002483,-125.00001,0,0
13.2301445,27.002483,-125.00001,0,0
12.2301445,27.002483,-125.00001,0,0
11.2301445,27.002483,-125.00001,0,0
10.2301445,27.002483,-125.00001,0,0
9.2301445,27.002483,-125.00001,0,0
8.2301445,27.002483,-125.00001,0,0
7.2301445,27.002483,-125.00001,0,0
6.2301445,27.002483,-125.00001,0,0
5.2301445,27.002483,-125.00001,0,0
4.2301445,27.002483,-125.00001,0,0
3.2301445,27.002483,-125.00001,0,0
2.2301445,27.002483,-125.00001,0,0
1.2301445,27.002483,-125.00001,0,0
0.2301445,27.002483,-125.00001,0,0
-0.7698555,27.002483,-125.00001,0,0
-1.7698555,27.002483,-125.00001,0,0
-2.7698555,27.002483,-125.00001,0,0
-3.7698555,27.002483,-125.00001,0,0
-4.7698555,27.002483,-125.00001,0,0
-5.7698555,27.002483,-125.00001,0,0
-6.7698555,27.002483,-125.00001,0,0
-7.7698555,27.002483,-125.00001,0,0
-8.7698555,27.002483,-125.00001,0,0
-9.7698555,27.002483,-125.00001,0,0
-10.7698555,27.002483,-125.00001,0,0
-11.7698555,27.002483,-125.00001,0,0
-12.7698555,27.002483,-125.00001,0,0
-13.7698555,27.002483,-125.00001,0,0
-14.7698555,27.002483,-125.00001,0,0
-15.7698555,27.002483,-125.00001,0,0
-16.769855,27.002483,-125.00001,0,0
-17.769855,27.002483,-125.00001,0,0
-18.769855,27.002483,-125.00001,0,0
-19.769855,27.002483,-125.00001,0,0
-20.769855,27.002483,-125.00001,0,0
-21.769855,27.002483,-125.00001,0,0
-22.769855,27.002483,-125.00001,0,0
-23.769855,27.002483,-125.00001,0,0
-24.769855,27.002483,-125.00001,0,0
-25.769855,27.002483,-125.00001,0,0
-26.769855,27.002483,-125.00001,0,0
-27.769855,27.002483,-125.00001,0,0
-28.769855,27.002483,-125.00001,0,0
-29.769855,27.002483,-125.00001,0,0
-30.769855,27.002483,-125.00001,0,0
-31.769855,27.002483,-125.00001,0,0
-32.769855,27.002483,-125.00001,0,0
-33.769855,27.002483,-125.00001,0,0
-34.769855,27.002483,-125.00001,0,0
-35.769855,27.002483,-125.00001,0,0
-36.769855,27.002483,-125.00001,0,0
-37.769855,27.002483,-125.00001,0,0
-38.769855,27.002483,-125.00001,0,0
-39.769855,27.002483,-125.00001,0,0
-40.769855,27.002483,-125.00001,0,0
-41.769855,27.002483,-125.00001,0,0
-42.769855,27.002483,-125.00001,0,0
-43.769855,27.002483,-125.00001,0,0
-44.769855,27.002483,-125.00001,0,0
-45.769855,27.002483,-125.00001,0,0
-46.769855,27.002483,-125.00001,0,0
-47.769855,27.002483,-125.00001,0,0
-48.769855,27.002483,-125.00001,0,0
-49.769855,27.002483,-125.00001,0,0
49.230145,26.002483,-125.00001,0,0
48.230145,26.002483,-125.00001,0,0
47.230145,26.002483,-125.00001,0,0
46.230145,26.002483,-125.00001,0,0
45.230145,26.002483,-125.00001,0,0
44.230145,26.002483,-125.00001,0,0
43.230145,26.002483,-125.00001,0,0
42.230145,26.002483,-125.00001,0,0
41.230145,26.002483,-125.00001,0,0
40.230145,26.002483,-125.00001,0,0
39.230145,26.002483,-125.00001,0,0
38.230145,26.002483,-125.00001,0,0
37.230145,26.002483,-125.00001,0,0
36.230145,26.002483,-125.00001,0,0
35.230145,26.002483,-125.00001,0,0
34.230145,26.002483,-125.00001,0,0
33.230145,26.002483,-125.00001,0,0
32.230145,26.002483,-125.00001,0,0
31.230145,26.002483,-125.00001,0,0
30.230145,26.002483,-125.00001,0,0
29.230145,26.002483,-125.00001,0,0
28.230145,26.002483,-125.00001,0,0
27.230145,26.002483,-125.00001,0,0
26.230145,26.002483,-125.00001,0,0
25.230145,26.002483,-125.00001,0,0
24.230145,26.002483,-125.00001,0,0
23.230145,26.002483,-125.00001,0,0
22.230145,26.002483,-125.00001,0,0
21.230145,26.002483,-125.00001,0,0
20.230145,26.002483,-125.00001,0,0
19.230145,26.002483,-125.00001,0,0
18.230145,26.002483,-125.00001,0,0
17.230145,26.002483,-125.00001,0,0
16.230145,26.002483,-125.00001,0,0
15.2301445,26.002483,-125.00001,0,0
14.2301445,26.002483,-125.00001,0,0
13.2301445,26.002483,-125.00001,0,0
12.2301445,26.002483,-125.00001,0,0
11.2301445,26.002483,-125.00001,0,0
10.2301445,26.002483,-125.00001,0,0
9.2301445,26.002483,-125.00001,0,0
8.2301445,26.002483,-125.00001,0,0
7.2301445,26.002483,-125.00001,0,0
6.2301445,26.002483,-125.00001,0,0
5.2301445,26.002483,-125.00001,0,0
4.2301445,26.002483,-125.00001,0,0
3.2301445,26.002483,-125.00001,0,0
2.2301445,26.002483,-125.00001,0,0
1.2301445,26.002483,-125.00001,0,0
0.2301445,26.002483,-125.00001,0,0
-0.7698555,26.002483,-125.00001,0,0
-1.7698555,26.002483,-125.00001,0,0
-2.7698555,26.002483,-125.00001,0,0
-3.7698555,26.002483,-125.00001,0,0
-4.7698555,26.002483,-125.00001,0,0
-5.7698555,26.002483,-125.00001,0,0
-6.7698555,26.002483,-125.00001,0,0
-7.7698555,26.002483,-125.00001,0,0
-8.7698555,26.002483,-125.00001,0,0
-9.7698555,26.002483,-125.00001,0,0
-10.7698555,26.002483,-125.00001,0,0
-11.7698555,26.002483,-125.00001,0,0
-12.7698555,26.002483,-125.00001,0,0
-13.7698555,26.002483,-125.00001,0,0
-14.7698555,26.002483,-125.00001,0,0
-15.7698555,26.002483,-125.00001,0,0
-16.769855,26.002483,-125.00001,0,0
-17.769855,26.002483,-125.00001,0,0
-18.769855,26.002483,-125.00001,0,0
-19.769855,26.002483,-125.00001,0,0
-20.769855,26.002483,-125.00001,0,0
-21.769855,26.002483,-125.00001,0,0
-22.769855,26.002483,-125.00001,0,0
-23.769855,26.002483,-125.00001,0,0
-24.769855,26.002483,-125.00001,0,0
-25.769855,26.002483,-125.00001,0,0
-26.769855,26.002483,-125.00001,0,0
-27.769855,26.002483,-125.00001,0,0
-28.769855,26.002483,-125.00001,0,0
-29.769855,26.002483,-125.00001,0,0
-30.769855,26.002483,-125.00001,0,0
-31.769855,26.002483,-125.00001,0,0
-32.769855,26.002483,-125.00001,0,0
-33.769855,26.002483,-125.00001,0,0
-34.769855,26.002483,-125.00001,0,0
-35.769855,26.002483,-125.00001,0,0
-36.769855,26.002483,-125.00001,0,0
-37.769855,26.002483,-125.00001,0,0
-38.769855,26.002483,-125.00001,0,0
-39.769855,26.002483,-125.00001,0,0
-40.769855,26.002483,-125.00001,0,0
-41.769855,26.002483,-125.00001,0,0
-42.769855,26.002483,-125.00001,0,0
-43.769855,26.002483,-125.00001,0,0
-44.769855,26.002483,-125.00001,0,0
-45.769855,26.002483,-125.00001,0,0
-46.769855,26.002483,-125.00001,0,0
-47.769855,26.002483,-125.00001,0,0
-48.769855,26.002483,-125.00001,0,0
-49.769855,26.002483,-125.00001,0,0
49.230145,25.002483,-125.00001,0,0
48.230145,25.002483,-125.00001,0,0
47.230145,25.002483,-125.00001,0,0
46.230145,25.002483,-125.00001,0,0
45.230145,25.002483,-125.00001,0,0
44.230145,25.002483,-125.00001,0,0
43.230145,25.002483,-125.00001,0,0
42.230145,25.002483,-125.00001,0,0
41.230145,25.002483,-125.00001,0,0
40.230145,25.002483,-125.00001,0,0
39.230145,25.002483,-125.00001,0,0
38.230145,25.002483,-125.00001,0,0
37.230145,25.002483,-125.00001,0,0
36.230145,25.002483,-125.00001,0,0
35.230145,25.002483,-125.00001,0,0
34.230145,25.002483,-125.00001,0,0
33.230145,25.002483,-125.00001,0,0
32.230145,25.002483,-125.00001,0,0
31.230145,25.002483,-125.00001,0,0
30.230145,25.002483,-125.00001,0,0
29.230145,25.002483,-125.00001,0,0
28.230145,25.002483,-125.00001,0,0
27.230145,25.002483,-125.00001,0,0
26.230145,25.002483,-125.00001,0,0
25.230145,25.002483,-125.00001,0,0
24.230145,25.002483,-125.00001,0,0
23.230145,25.002483,-125.00001,0,0
22.230145,25.002483,-125.00001,0,0
21.230145,25.002483,-125.00001,0,0
20.230145,25.002483,-125.00001,0,0
19.230145,25.002483,-125.00001,0,0
18.230145,25.002483,-125.00001,0,0
17.230145,25.002483,-125.00001,0,0
16.230145,25.002483,-125.00001,0,0
15.2301445,25.002483,-125.00001,0,0
14.2301445,25.002483,-125.00001,0,0
13.2301445,25.002483,-125.00001,0,0
12.2301445,25.002483,-125.00001,0,0
11.2301445,25.002483,-125.00001,0,0
10.2301445,25.002483,-125.00001,0,0
9.2301445,25.002483,-125.00001,0,0
8.2301445,25.002483,-125.00001,0,0
7.2301445,25.002483,-125.00001,0,0
6.2301445,25.002483,-125.00001,0,0
5.2301445,25.002483,-125.00001,0,0
4.2301445,25.002483,-125.00001,0,0
3.2301445,25.002483,-125.00001,0,0
2.2301445,25.002483,-125.00001,0,0
1.2301445,25.002483,-125.00001,0,0
0.2301445,25.002483,-125.00001,0,0
-0.7698555,25.002483,-125.00001,0,0
-1.7698555,25.002483,-125.00001,0,0
-2.7698555,25.002483,-125.00001,0,0
-3.7698555,25.002483,-125.00001,0,0
-4.7698555,25.002483,-125.00001,0,0
-5.7698555,25.002483,-125.00001,0,0
-6.7698555,25.002483,-125.00001,0,0
-7.7698555,25.002483,-125.00001,0,0
-8.7698555,25.002483,-125.00001,0,0
-9.7698555,25.002483,-125.00001,0,0
-10.7698555,25.002483,-125.00001,0,0
-11.7698555,25.002483,-125.00001,0,0
-12.7698555,25.002483,-125.00001,0,0
-13.7698555,25.002483,-125.00001,0,0
-14.7698555,25.002483,-125.00001,0,0
-15.7698555,25.002483,-125.00001,0,0
-16.769855,25.002483,-125.00001,0,0
-17.769855,25.002483,-125.00001,0,0
-18.769855,25.002483,-125.00001,0,0
-19.769855,25.002483,-125.00001,0,0
-20.769855,25.002483,-125.00001,0,0
-21.769855,25.002483,-125.00001,0,0
-22.769855,25.002483,-125.00001,0,0
-23.769855,25.002483,-125.00001,0,0
-24.769855,25.002483,-125.00001,0,0
-25.769855,25.002483,-125.00001,0,0
-26.769855,25.002483,-125.00001,0,0
-27.769855,25.002483,-125.00001,0,0
-28.769855,25.002483,-125.00001,0,0
-29.769855,25.002483,-125.00001,0,0
-30.769855,25.002483,-125.00001,0,0
-31.769855,25.002483,-125.00001,0,0
-32.769855,25.002483,-125.00001,0,0
-33.769855,25.002483,-125.00001,0,0
-34.769855,25.002483,-125.00001,0,0
-35.769855,25.002483,-125.00001,0,0
-36.769855,25.002483,-125.00001,0,0
-37.769855,25.002483,-125.00001,0,0
-38.769855,25.002483,-125.00001,0,0
-39.769855,25.002483,-125.00001,0,0
-40.769855,25.002483,-125.00001,0,0
-41.769855,25.002483,-125.00001,0,0
-42.769855,25.002483,-125.00001,0,0
-43.769855,25.002483,-125.00001,0,0
-44.769855,25.002483,-125.00001,0,0
-45.769855,25.002483,-125.00001,0,0
-46.769855,25.002483,-125.00001,0,0
-47.769855,25.002483,-125.00001,0,0
-48.769855,25.002483,-125.00001,0,0
-49.769855,25.002483,-125.00001,0,0
49.230145,24.002483,-125.00001,0,0
48.230145,24.002483,-125.00001,0,0
47.230145,24.002483,-125.00001,0,0
46.230145,24.002483,-125.00001,0,0
45.230145,24.002483,-125.00001,0,0
44.230145,24.002483,-125.00001,0,0
43.230145,24.002483,-125.00001,0,0
42.230145,24.002483,-125.00001,0,0
41.230145,24.002483,-125.00001,0,0
40.230145,24.002483,-125.00001,0,0
39.230145,24.002483,-125.00001,0,0
38.230145,24.002483,-125.00001,0,0
37.230145,24.002483,-125.00001,0,0
36.230145,24.002483,-125.00001,0,0
35.230145,24.002483,-125.00001,0,0
34.230145,24.002483,-125.00001,0,0
33.230145,24.002483,-125.00001,0,0
32.230145,24.002483,-125.00001,0,0
31.230145,24.002483,-125.00001,0,0
30.230145,24.002483,-125.00001,0,0
29.230145,24.002483,-125.00001,0,0
28.230145,24.002483,-125.00001,0,0
27.230145,24.002483,-125.00001,0,0
26.230145,24.002483,-125.00001,0,0
25.230145,24.002483,-125.00001,0,0
24.230145,24.002483,-125.00001,0,0
23.230145,24.002483,-125.00001,0,0
22.230145,24.002483,-125.00001,0,0
21.230145,24.002483,-125.00001,0,0
20.230145,24.002483,-125.00001,0,0
19.230145,24.002483,-125.00001,0,0
18.230145,24.002483,-125.00001,0,0
17.230145,24.002483,-125.00001,0,0
16.230145,24.002483,-125.00001,0,0
15.2301445,24.002483,-125.00001,0,0
14.2301445,24.002483,-125.00001,0,0
13.2301445,24.002483,-125.00001,0,0
12.2301445,24.002483,-125.00001,0,0
11.2301445,24.002483,-125.00001,0,0
10.2301445,24.002483,-125.00001,0,0
9.2301445,24.002483,-125.00001,0,0
8.2301445,24.002483,-125.00001,0,0
7.2301445,24.002483,-125.00001,0,0
6.2301445,24.002483,-125.00001,0,0
5.2301445,24.002483,-125.00001,0,0
4.2301445,24.002483,-125.00001,0,0
3.2301445,24.002483,-125.00001,0,0
2.2301445,24.002483,-125.00001,0,0
1.2301445,24.002483,-125.00001,0,0
0.2301445,24.002483,-125.00001,0,0
-0.7698555,24.002483,-125.00001,0,0
-1.7698555,24.002483,-125.00001,0,0
-2.7698555,24.002483,-125.00001,0,0
-3.7698555,24.002483,-125.00001,0,0
-4.7698555,24.002483,-125.00001,0,0
-5.7698555,24.002483,-125.00001,0,0
-6.7698555,24.002483,-125.00001,0,0
-7.7698555,24.002483,-125.00001,0,0
-8.7698555,24.002483,-125.00001,0,0
-9.7698555,24.002483,-125.00001,0,0
-10.7698555,24.002483,-125.00001,0,0
-11.7698555,24.002483,-125.00001,0,0
-12.7698555,24.002483,-125.00001,0,0
-13.7698555,24.002483,-125.00001,0,0
-14.7698555,24.002483,-125.00001,0,0
-15.7698555,24.002483,-125.00001,0,0
-16.769855,24.002483,-125.00001,0,0
-17.769855,24.002483,-125.00001,0,0
-18.769855,24.002483,-125.00001,0,0
-19.769855,24.002483,-125.00001,0,0
-20.769855,24.002483,-125.00001,0,0
-21.769855,24.002483,-125.00001,0,0
-22.769855,24.002483,-125.00001,0,0
-23.769855,24.002483,-125.00001,0,0
-24.769855,24.002483,-125.00001,0,0
-25.769855,24.002483,-125.00001,0,0
-26.769855,24.002483,-125.00001,0,0
-27.769855,24.002483,-125.00001,0,0
-28.769855,24.002483,-125.00001,0,0
-29.769855,24.002483,-125.00001,0,0
-30.769855,24.002483,-125.00001,0,0
-31.769855,24.002483,-125.00001,0,0
-32.769855,24.002483,-125.00001,0,0
-33.769855,24.002483,-125.00001,0,0
-34.769855,24.002483,-125.00001,0,0
-35.769855,24.002483,-125.00001,0,0
-36.769855,24.002483,-125.00001,0,0
-37.769855,24.002483,-125.00001,0,0
-38.769855,24.002483,-125.00001,0,0
-39.769855,24.002483,-125.00001,0,0
-40.769855,24.002483,-125.00001,0,0
-41.769855,24.002483,-125.00001,0,0
-42.769855,24.002483,-125.00001,0,0
-43.769855,24.002483,-125.00001,0,0
-44.769855,24.002483,-125.00001,0,0
-45.769855,24.002483,-125.00001,0,0
-46.769855,24.002483,-125.00001,0,0
-47.769855,24.002483,-125.00001,0,0
-48.769855,24.002483,-125.00001,0,0
-49.769855,24.002483,-125.00001,0,0
49.230145,23.002483,-125.00001,0,0
48.230145,23.002483,-125.00001,0,0
47.230145,23.002483,-125.00001,0,0
46.230145,23.002483,-125.00001,0,0
45.230145,23.002483,-125.00001,0,0
44.230145,23.002483,-125.00001,0,0
43.230145,23.002483,-125.00001,0,0
42.230145,23.002483,-125.00001,0,0
41.230145,23.002483,-125.00001,0,0
40.230145,23.002483,-125.00001,0,0
39.230145,23.002483,-125.00001,0,0
38.230145,23.002483,-125.00001,0,0
37.230145,23.002483,-125.00001,0,0
36.230145,23.002483,-125.00001,0,0
35.230145,23.002483,-125.00001,0,0
34.230145,23.002483,-125.00001,0,0
33.230145,23.002483,-125.00001,0,0
32.230145,23.002483,-125.00001,0,0
31.230145,23.002483,-125.00001,0,0
30.230145,23.002483,-125.00001,0,0
29.230145,23.002483,-125.00001,0,0
28.230145,23.002483,-125.00001,0,0
27.230145,23.002483,-125.00001,0,0
26.230145,23.002483,-125.00001,0,0
25.230145,23.002483,-125.00001,0,0
24.230145,23.002483,-125.00001,0,0
23.230145,23.002483,-125.00001,0,0
22.230145,23.002483,-125.00001,0,0
21.230145,23.002483,-125.00001,0,0
20.230145,23.002483,-125.00001,0,0
19.230145,23.002483,-125.00001,0,0
18.230145,23.002483,-125.00001,0,0
17.230145,23.002483,-125.00001,0,0
16.230145,23.002483,-125.00001,0,0
15.2301445,23.002483,-125.00001,0,0
14.2301445,23.002483,-125.00001,0,0
13.2301445,23.002483,-125.00001,0,0
12.2301445,23.002483,-125.00001,0,0
11.2301445,23.002483,-125.00001,0,0
10.2301445,23.002483,-125.00001,0,0
9.2301445,23.002483,-125.00001,0,0
8.2301445,23.002483,-125.00001,0,0
7.2301445,23.002483,-125.00001,0,0
6.2301445,23.002483,-125.00001,0,0
5.2301445,23.002483,-125.00001,0,0
4.2301445,23.002483,-125.00001,0,0
3.2301445,23.002483,-125.00001,0,0
2.2301445,23.002483,-125.00001,0,0
1.2301445,23.002483,-125.00001,0,0
0.2301445,23.002483,-125.00001,0,0
-0.7698555,23.002483,-125.00001,0,0
-1.7698555,23.002483,-125.00001,0,0
-2.7698555,23.002483,-125.00001,0,0
-3.7698555,23.002483,-125.00001,0,0
-4.7698555,23.002483,-125.00001,0,0
-5.7698555,23.002483,-125.00001,0,0
-6.7698555,23.002483,-125.00001,0,0
-7.7698555,23.002483,-125.00001,0,0
-8.7698555,23.002483,-125.00001,0,0
-9.7698555,23.002483,-125.00001,0,0
-10.7698555,23.002483,-125.00001,0,0
-11.7698555,23.002483,-125.00001,0,0
-12.7698555,23.002483,-125.00001,0,0
-13.7698555,23.002483,-125.00001,0,0
-14.7698555,23.002483,-125.00001,0,0
-15.7698555,23.002483,-125.00001,0,0
-16.769855,23.002483,-125.00001,0,0
-17.769855,23.002483,-125.00001,0,0
-18.769855,23.002483,-125.00001,0,0
-19.769855,23.002483,-125.00001,0,0
-20.769855,23.002483,-125.00001,0,0
-21.769855,23.002483,-125.00001,0,0
-22.769855,23.002483,-125.00001,0,0
-23.769855,23.002483,-125.00001,0,0
-24.769855,23.002483,-125.00001,0,0
-25.769855,23.002483,-125.00001,0,0
-26.769855,23.002483,-125.00001,0,0
-27.769855,23.002483,-125.00001,0,0
-28.769855,23.002483,-125.00001,0,0
-29.769855,23.002483,-125.00001,0,0
-30.769855,23.002483,-125.00001,0,0
-31.769855,23.002483,-125.00001,0,0
-32.769855,23.002483,-125.00001,0,0
-33.769855,23.002483,-125.00001,0,0
-34.769855,23.002483,-125.00001,0,0
-35.769855,23.002483,-125.00001,0,0
-36.769855,23.002483,-125.00001,0,0
-37.769855,23.002483,-125.00001,0,0
-38.769855,23.002483,-125.00001,0,0
-39.769855,23.002483,-125.00001,0,0
-40.769855,23.002483,-125.00001,0,0
-41.769855,23.002483,-125.00001,0,0
-42.769855,23.002483,-125.00001,0,0
-43.769855,23.002483,-125.00001,0,0
-44.769855,23.002483,-125.00001,0,0
-45.769855,23.002483,-125.00001,0,0
-46.769855,23.002483,-125.00001,0,0
-47.769855,23.002483,-125.00001,0,0
-48.769855,23.002483,-125.00001,0,0
-49.769855,23.002483,-125.00001,0,0
49.230145,22.002483,-125.00001,0,0
48.230145,22.002483,-125.00001,0,0
47.230145,22.002483,-125.00001,0,0
46.230145,22.002483,-125.00001,0,0
45.230145,22.002483,-125.00001,0,0
44.230145,22.002483,-125.00001,0,0
43.230145,22.002483,-125.00001,0,0
42.230145,22.002483,-125.00001,0,0
41.230145,22.002483,-125.00001,0,0
40.230145,22.002483,-125.00001,0,0
39.230145,22.002483,-125.00001,0,0
38.230145,22.002483,-125.00001,0,0
37.230145,22.002483,-125.00001,0,0
36.230145,22.002483,-125.00001,0,0
35.230145,22.002483,-125.00001,0,0
34.230145,22.002483,-125.00001,0,0
33.230145,22.002483,-125.00001,0,0
32.230145,22.002483,-125.00001,0,0
31.230145,22.002483,-125.00001,0,0
30.230145,22.002483,-125.00001,0,0
29.230145,22.002483,-125.00001,0,0
28.230145,22.002483,-125.00001,0,0
27.230145,22.002483,-125.00001,0,0
26.230145,22.002483,-125.00001,0,0
25.230145,22.002483,-125.00001,0,0
24.230145,22.002483,-125.00001,0,0
23.230145,22.002483,-125.00001,0,0
22.230145,22.002483,-125.00001,0,0
21.230145,22.002483,-125.00001,0,0
20.230145,22.002483,-125.00001,0,0
19.230145,22.002483,-125.00001,0,0
18.230145,22.002483,-125.00001,0,0
17.230145,22.002483,-125.00001,0,0
16.230145,22.002483,-125.00001,0,0
15.2301445,22.002483,-125.00001,0,0
14.2301445,22.002483,-125.00001,0,0
13.2301445,22.002483,-125.00001,0,0
12.2301445,22.002483,-125.00001,0,0
11.2301445,22.002483,-125.00001,0,0
10.2301445,22.002483,-125.00001,0,0
9.2301445,22.002483,-125.00001,0,0
8.2301445,22.002483,-125.00001,0,0
7.2301445,22.002483,-125.00001,0,0
6.2301445,22.002483,-125.00001,0,0
5.2301445,22.002483,-125.00001,0,0
4.2301445,22.002483,-125.00001,0,0
3.2301445,22.002483,-125.00001,0,0
2.2301445,22.002483,-125.00001,0,0
1.2301445,22.002483,-125.00001,0,0
0.2301445,22.002483,-125.00001,0,0
-0.7698555,22.002483,-125.00001,0,0
-1.7698555,22.002483,-125.00001,0,0
-2.7698555,22.002483,-125.00001,0,0
-3.7698555,22.002483,-125.00001,0,0
-4.7698555,22.002483,-125.00001,0,0
-5.7698555,22.002483,-125.00001,0,0
-6.7698555,22.002483,-125.00001,0,0
-7.7698555,22.002483,-125.00001,0,0
-8.7698555,22.002483,-125.00001,0,0
-9.7698555,22.002483,-125.00001,0,0
-10.7698555,22.002483,-125.00001,0,0
-11.7698555,22.002483,-125.00001,0,0
-12.7698555,22.002483,-125.00001,0,0
-13.7698555,22.002483,-125.00001,0,0
-14.7698555,22.002483,-125.00001,0,0
-15.7698555,22.002483,-125.00001,0,0
-16.769855,22.002483,-125.00001,0,0
-17.769855,22.002483,-125.00001,0,0
-18.769855,22.002483,-125.00001,0,0
-19.769855,22.002483,-125.00001,0,0
-20.769855,22.002483,-125.00001,0,0
-21.769855,22.002483,-125.00001,0,0
-22.769855,22.002483,-125.00001,0,0
-23.769855,22.002483,-125.00001,0,0
-24.769855,22.002483,-125.00001,0,0
-25.769855,22.002483,-125.00001,0,0
-26.769855,22.002483,-125.00001,0,0
-27.769855,22.002483,-125.00001,0,0
-28.769855,22.002483,-125.00001,0,0
-29.769855,22.002483,-125.00001,0,0
-30.769855,22.002483,-125.00001,0,0
-31.769855,22.002483,-125.00001,0,0
-32.769855,22.002483,-125.00001,0,0
-33.769855,22.002483,-125.00001,0,0
-34.769855,22.002483,-125.00001,0,0
-35.769855,22.002483,-125.00001,0,0
-36.769855,22.002483,-125.00001,0,0
-37.769855,22.002483,-125.00001,0,0
-38.769855,22.002483,-125.00001,0,0
-39.769855,22.002483,-125.00001,0,0
-40.769855,22.002483,-125.00001,0,0
-41.769855,22.002483,-125.00001,0,0
-42.769855,22.002483,-125.00001,0,0
-43.769855,22.002483,-125.00001,0,0
-44.769855,22.002483,-125.00001,0,0
-45.769855,22.002483,-125.00001,0,0
-46.769855,22.002483,-125.00001,0,0
-47.769855,22.002483,-125.00001,0,0
-48.769855,22.002483,-125.00001,0,0
-49.769855,22.002483,-125.00001,0,0
49.230145,21.002483,-125.00001,0,0
48.230145,21.002483,-125.00001,0,0
47.230145,21.002483,-125.00001,0,0
46.230145,21.002483,-125.00001,0,0
45.230145,21.002483,-125.00001,0,0
44.230145,21.002483,-125.00001,0,0
43.230145,21.002483,-125.00001,0,0
42.230145,21.002483,-125.00001,0,0
41.230145,21.002483,-125.00001,0,0
40.230145,21.002483,-125.00001,0,0
39.230145,21.002483,-125.00001,0,0
38.230145,21.002483,-125.00001,0,0
37.230145,21.002483,-125.00001,0,0
36.230145,21.002483,-125.00001,0,0
35.230145,21.002483,-125.00001,0,0
34.230145,21.002483,-125.00001,0,0
33.230145,21.002483,-125.00001,0,0
32.230145,21.002483,-125.00001,0,0
31.230145,21.002483,-125.00001,0,0
30.230145,21.002483,-125.00001,0,0
29.230145,21.002483,-125.00001,0,0
28.230145,21.002483,-125.00001,0,0
27.230145,21.002483,-125.00001,0,0
26.230145,21.002483,-125.00001,0,0
25.230145,21.002483,-125.00001,0,0
24.230145,21.002483,-125.00001,0,0
23.230145,21.002483,-125.00001,0,0
22.230145,21.002483,-125.00001,0,0
21.230145,21.002483,-125.00001,0,0
20.230145,21.002483,-125.00001,0,0
19.230145,21.002483,-125.00001,0,0
18.230145,21.002483,-125.00001,0,0
17.230145,21.002483,-125.00001,0,0
16.230145,21.002483,-125.00001,0,0
15.2301445,21.002483,-125.00001,0,0
14.2301445,21.002483,-125.00001,0,0
13.2301445,21.002483,-125.00001,0,0
12.2301445,21.002483,-125.00001,0,0
11.2301445,21.002483,-125.00001,0,0
10.2301445,21.002483,-125.00001,0,0
9.2301445,21.002483,-125.00001,0,0
8.2301445,21.002483,-125.00001,0,0
7.2301445,21.002483,-125.00001,0,0
6.2301445,21.002483,-125.00001,0,0
5.2301445,21.002483,-125.00001,0,0
4.2301445,21.002483,-125.00001,0,0
3.2301445,21.002483,-125.00001,0,0
2.2301445,21.002483,-125.00001,0,15.999996
1.2301445,21.002483,-125.00001,0,31.999996
0.2301445,21.002483,-125.00001,0,19.999996
-0.7698555,21.002483,-125.00001,0,27.999996
-1.7698555,21.002483,-125.00001,0,35.999996
-2.7698555,21.002483,-125.00001,0,39.999996
-3.7698555,21.002483,-125.00001,0,19.999996
-4.7698555,21.002483,-125.00001,0,7.999998
-5.7698555,21.002483,-125.00001,0,0
-6.7698555,21.002483,-125.00001,0,0
-7.7698555,21.002483,-125.00001,0,0
-8.7698555,21.002483,-125.00001,0,0
-9.7698555,21.002483,-125.00001,0,0
-10.7698555,21.002483,-125.00001,0,0
-11.7698555,21.002483,-125.00001,0,0
-12.7698555,21.002483,-125.00001,0,0
-13.7698555,21.002483,-125.00001,0,0
-14.7698555,21.002483,-125.00001,0,0
-15.7698555,21.002483,-125.00001,0,0
-16.769855,21.002483,-125.00001,0,0
-17.769855,21.002483,-125.00001,0,0
-18.769855,21.002483,-125.00001,0,0
-19.769855,21.002483,-125.00001,0,0
-20.769855,21.002483,-125.00001,0,0
-21.769855,21.002483,-125.00001,0,0
-22.769855,21.002483,-125.00001,0,0
-23.769855,21.002483,-125.00001,0,0
-24.769855,21.002483,-125.00001,0,0
-25.769855,21.002483,-125.00001,0,0
-26.769855,21.002483,-125.00001,0,0
-27.769855,21.002483,-125.00001,0,0
-28.769855,21.002483,-125.00001,0,0
-29.769855,21.002483,-125.00001,0,0
-30.769855,21.002483,-125.00001,0,0
-31.769855,21.002483,-125.00001,0,0
-32.769855,21.002483,-125.00001,0,0
-33.769855,21.002483,-125.00001,0,0
-34.769855,21.002483,-125.00001,0,0
-35.769855,21.002483,-125.00001,0,0
-36.769855,21.002483,-125.00001,0,0
-37.769855,21.002483,-125.00001,0,0
-38.769855,21.002483,-125.00001,0,0
-39.769855,21.002483,-125.00001,0,0
-40.769855,21.002483,-125.00001,0,0
-41.769855,21.002483,-125.00001,0,0
-42.769855,21.002483,-125.00001,0,0
-43.769855,21.002483,-125.00001,0,0
-44.769855,21.002483,-125.00001,0,0
-45.769855,21.002483,-125.00001,0,0
-46.769855,21.002483,-125.00001,0,0
-47.769855,21.002483,-125.00001,0,0
-48.769855,21.002483,-125.00001,0,0
-49.769855,21.002483,-125.00001,0,0
49.230145,20.002483,-125.00001,0,0
48.230145,20.002483,-125.00001,0,0
47.230145,20.002483,-125.00001,0,0
46.230145,20.002483,-125.00001,0,0
45.230145,20.002483,-125.00001,0,0
44.230145,20.002483,-125.00001,0,0
43.230145,20.002483,-125.00001,0,0
42.230145,20.002483,-125.00001,0,0
41.230145,20.002483,-125.00001,0,0
40.230145,20.002483,-125.00001,0,0
39.230145,20.002483,-125.00001,0,0
38.230145,20.002483,-125.00001,0,0
37.230145,20.002483,-125.00001,0,0
36.230145,20.002483,-125.00001,0,0
35.230145,20.002483,-125.00001,0,0
34.230145,20.002483,-125.00001,0,0
33.230145,20.002483,-125.00001,0,0
32.230145,20.002483,-125.00001,0,0
31.230145,20.002483,-125.00001,0,0
30.230145,20.002483,-125.00001,0,0
29.230145,20.002483,-125.00001,0,0
28.230145,20.002483,-125.00001,0,0
27.230145,20.002483,-125.00001,0,0
26.230145,20.002483,-125.00001,0,0
25.230145,20.002483,-125.00001,0,0
24.230145,20.002483,-125.00001,0,0
23.230145,20.002483,-125.00001,0,0
22.230145,20.002483,-125.00001,0,0
21.230145,20.002483,-125.00001,0,0
20.230145,20.002483,-125.00001,0,0
19.230145,20.002483,-125.00001,0,0
18.230145,20.002483,-125.00001,0,0
17.230145,20.002483,-125.00001,0,0
16.230145,20.002483,-125.00001,0,0
15.2301445,20.002483,-125.00001,0,0
14.2301445,20.002483,-125.00001,0,0
13.2301445,20.002483,-125.00001,0,0
12.2301445,20.002483,-125.00001,0,0
11.2301445,20.002483,-125.00001,0,0
10.2301445,20.002483,-125.00001,0,0
9.2301445,20.002483,-125.00001,0,0
8.2301445,20.002483,-125.00001,0,0
7.2301445,20.002483,-125.00001,0,0
6.2301445,20.002483,-125.00001,0,0
5.2301445,20.002483,-125.00001,0,3.999999
4.2301445,20.002483,-125.00001,0,15.999996
3.2301445,20.002483,-125.00001,0,59.999996
2.2301445,20.002483,-125.00001,0,83.99999
1.2301445,20.002483,-125.00001,Infinity,51.999996
0.2301445,20.002483,-125.00001,0.5491371,79.99999
-0.7698555,20.002483,-125.00001,0.49141756,67.99999
-1.7698555,20.002483,-125.00001,0.510983,51.999996
-2.7698555,20.002483,-125.00001,0.64108145,71.99999
-3.7698555,20.002483,-125.00001,Infinity,103.99999
-4.7698555,20.002483,-125.00001,0,55.999996
-5.7698555,20.002483,-125.00001,0,91.99999
-6.7698555,20.002483,-125.00001,0,35.999996
-7.7698555,20.002483,-125.00001,0,0
-8.7698555,20.002483,-125.00001,0,0
-9.7698555,20.002483,-125.00001,0,0
-10.7698555,20.002483,-125.00001,0,0
-11.7698555,20.002483,-125.00001,0,0
-12.7698555,20.002483,-125.00001,0,0
-13.7698555,20.002483,-125.00001,0,0
-14.7698555,20.002483,-125.00001,0,0
-15.7698555,20.002483,-125.00001,0,0
-16.769855,20.002483,-125.00001,0,0
-17.769855,20.002483,-125.00001,0,0
-18.769855,20.002483,-125.00001,0,0
-19.769855,20.002483,-125.00001,0,0
-20.769855,20.002483,-125.00001,0,0
-21.769855,20.002483,-125.00001,0,0
-22.769855,20.002483,-125.00001,0,0
-23.769855,20.002483,-125.00001,0,0
-24.769855,20.002483,-125.00001,0,0
-25.769855,20.002483,-125.00001,0,0
-26.769855,20.002483,-125.00001,0,0
-27.769855,20.002483,-125.00001,0,0
-28.769855,20.002483,-125.00001,0,0
-29.769855,20.002483,-125.00001,0,0
-30.769855,20.002483,-125.00001,0,0
-31.769855,20.002483,-125.00001,0,0
-32.769855,20.002483,-125.00001,0,0
-33.769855,20.002483,-125.00001,0,0
-34.769855,20.002483,-125.00001,0,0
-35.769855,20.002483,-125.00001,0,0
-36.769855,20.002483,-125.00001,0,0
-37.769855,20.002483,-125.00001,0,0
-38.769855,20.002483,-125.00001,0,0
-39.769855,20.002483,-125.00001,0,0
-40.769855,20.002483,-125.00001,0,0
-41.769855,20.002483,-125.00001,0,0
-42.769855,20.002483,-125.00001,0,0
-43.769855,20.002483,-125.00001,0,0
-44.769855,20.002483,-125.00001,0,0
-45.769855,20.002483,-125.00001,0,0
-46.769855,20.002483,-125.00001,0,0
-47.769855,20.002483,-125.00001,0,0
-48.769855,20.002483,-125.00001,0,0
-49.769855,20.002483,-125.00001,0,0
49.230145,19.002483,-125.00001,0,0
48.230145,19.002483,-125.00001,0,0
47.230145,19.002483,-125.00001,0,0
46.230145,19.002483,-125.00001,0,0
45.230145,19.002483,-125.00001,0,0
44.230145,19.002483,-125.00001,0,0
43.230145,19.002483,-125.00001,0,0
42.230145,19.002483,-125.00001,0,0
41.230145,19.002483,-125.00001,0,0
40.230145,19.002483,-125.00001,0,0
39.230145,19.002483,-125.00001,0,0
38.230145,19.002483,-125.00001,0,0
37.230145,19.002483,-125.00001,0,0
36.230145,19.002483,-125.00001,0,0
35.230145,19.002483,-125.00001,0,0
34.230145,19.002483,-125.00001,0,0
33.230145,19.002483,-125.00001,0,0
32.230145,19.002483,-125.00001,0,0
31.230145,19.002483,-125.00001,0,0
30.230145,19.002483,-125.00001,0,0
29.230145,19.002483,-125.00001,0,0
28.230145,19.002483,-125.00001,0,0
27.230145,19.002483,-125.00001,0,0
26.230145,19.002483,-125.00001,0,0
25.230145,19.002483,-125.00001,0,0
24.230145,19.002483,-125.00001,0,0
23.230145,19.002483,-125.00001,0,0
22.230145,19.002483,-125.00001,0,0
21.230145,19.002483,-125.00001,0,0
20.230145,19.002483,-125.00001,0,0
19.230145,19.002483,-125.00001,0,0
18.230145,19.002483,-125.00001,0,0
17.230145,19.002483,-125.00001,0,0
16.230145,19.002483,-125.00001,0,0
15.2301445,19.002483,-125.00001,0,0
14.2301445,19.002483,-125.00001,0,0
13.2301445,19.002483,-125.00001,0,0
12.2301445,19.002483,-125.00001,0,0
11.2301445,19.002483,-125.00001,0,0
10.2301445,19.002483,-125.00001,0,0
9.2301445,19.002483,-125.00001,0,0
8.2301445,19.002483,-125.00001,0,0
7.2301445,19.002483,-125.00001,0,0
6.2301445,19.002483,-125.00001,0,35.999996
5.2301445,19.002483,-125.00001,0,47.999996
4.2301445,19.002483,-125.00001,0.47978342,79.99999
3.2301445,19.002483,-125.00001,0.36189032,59.999996
2.2301445,19.002483,-125.00001,0.19859838,35.999996
1.2301445,19.002483,-125.00001,0.2770917,43.999996
0.2301445,19.002483,-125.00001,0.48998353,83.99999
-0.7698555,19.002483,-125.00001,0.4904217,83.99999
-1.7698555,19.002483,-125.00001,0.46207592,71.99999
-2.7698555,19.002483,-125.00001,0.5382092,67.99999
-3.7698555,19.002483,-125.00001,0.5730474,55.999996
-4.7698555,19.002483,-125.00001,0.59055066,87.99999
-5.7698555,19.002483,-125.00001,0.5842621,39.999996
-6.7698555,19.002483,-125.00001,0,47.999996
-7.7698555,19.002483,-125.00001,0,35.999996
-8.7698555,19.002483,-125.00001,0,19.999996
-9.7698555,19.002483,-125.00001,0,3.999999
-10.7698555,19.002483,-125.00001,0,0
-11.7698555,19.002483,-125.00001,0,0
-12.7698555,19.002483,-125.00001,0,0
-13.7698555,19.002483,-125.00001,0,0
-14.7698555,19.002483,-125.00001,0,0
-15.7698555,19.002483,-125.00001,0,0
-16.769855,19.002483,-125.00001,0,0
-17.769855,19.002483,-125.00001,0,0
-18.769855,19.002483,-125.00001,0,0
-19.769855,19.002483,-125.00001,0,0
-20.769855,19.002483,-125.00001,0,0
-21.769855,19.002483,-125.00001,0,0
-22.769855,19.002483,-125.00001,0,0
-23.769855,19.002483,-125.00001,0,0
-24.769855,19.002483,-125.00001,0,0
-25.769855,19.002483,-125.00001,0,0
-26.769855,19.002483,-125.00001,0,0
-27.769855,19.002483,-125.00001,0,0
-28.769855,19.002483,-125.00001,0,0
-29.769855,19.002483,-125.00001,0,0
-30.769855,19.002483,-125.00001,0,0
-31.769855,19.002483,-125.00001,0,0
-32.769855,19.002483,-125.00001,0,0
-33.769855,19.002483,-125.00001,0,0
-34.769855,19.002483,-125.00001,0,0
-35.769855,19.002483,-125.00001,0,0
-36.769855,19.002483,-125.00001,0,0
-37.769855,19.002483,-125.00001,0,0
-38.769855,19.002483,-125.00001,0,0
-39.769855,19.002483,-125.00001,0,0
-40.769855,19.002483,-125.00001,0,0
-41.769855,19.002483,-125.00001,0,0
-42.769855,19.002483,-125.00001,0,0
-43.769855,19.002483,-125.00001,0,0
-44.769855,19.002483,-125.00001,0,0
-45.769855,19.002483,-125.00001,0,0
-46.769855,19.002483,-125.00001,0,0
-47.769855,19.002483,-125.00001,0,0
-48.769855,19.002483,-125.00001,0,0
-49.769855,19.002483,-125.00001,0,0
49.230145,18.002483,-125.00001,0,0
48.230145,18.002483,-125.00001,0,0
47.230145,18.002483,-125.00001,0,0
46.230145,18.002483,-125.00001,0,0
45.230145,18.002483,-125.00001,0,0
44.230145,18.002483,-125.00001,0,0
43.230145,18.002483,-125.00001,0,0
42.230145,18.002483,-125.00001,0,0
41.230145,18.002483,-125.00001,0,0
40.230145,18.002483,-125.00001,0,0
39.230145,18.002483,-125.00001,0,0
38.230145,18.002483,-125.00001,0,0
37.230145,18.002483,-125.00001,0,0
36.230145,18.002483,-125.00001,0,0
35.230145,18.002483,-125.00001,0,0
34.230145,18.002483,-125.00001,0,0
33.230145,18.002483,-125.00001,0,0
32.230145,18.002483,-125.00001,0,0
31.230145,18.002483,-125.00001,0,0
30.230145,18.002483,-125.00001,0,0
29.230145,18.002483,-125.00001,0,0
28.230145,18.002483,-125.00001,0,0
27.230145,18.002483,-125.00001,0,0
26.230145,18.002483,-125.00001,0,0
25.230145,18.002483,-125.00001,0,0
24.230145,18.002483,-125.00001,0,0
23.230145,18.002483,-125.00001,0,0
22.230145,18.002483,-125.00001,0,0
21.230145,18.002483,-125.00001,0,0
20.230145,18.002483,-125.00001,0,0
19.230145,18.002483,-125.00001,0,0
18.230145,18.002483,-125.00001,0,0
17.230145,18.002483,-125.00001,0,0
16.230145,18.002483,-125.00001,0,0
15.2301445,18.002483,-125.00001,0,0
14.2301445,18.002483,-125.00001,0,0
13.2301445,18.002483,-125.00001,0,0
12.2301445,18.002483,-125.00001,0,0
11.2301445,18.002483,-125.00001,0,0
10.2301445,18.002483,-125.00001,0,0
9.2301445,18.002483,-125.00001,0,0
8.2301445,18.002483,-125.00001,0,11.999997
7.2301445,18.002483,-125.00001,0,75.99999
6.2301445,18.002483,-125.00001,0,43.999996
5.2301445,18.002483,-125.00001,0.54000306,67.99999
4.2301445,18.002483,-125.00001,0.5228585,39.999996
3.2301445,18.002483,-125.00001,0.37420222,67.99999
2.2301445,18.002483,-125.00001,0.18328348,39.999996
1.2301445,18.002483,-125.00001,0.25203693,83.99999
0.2301445,18.002483,-125.00001,0.44516495,55.999996
-0.7698555,18.002483,-125.00001,0.48245606,47.999996
-1.7698555,18.002483,-125.00001,0.44067603,95.99999
-2.7698555,18.002483,-125.00001,0.4593656,99.99999
-3.7698555,18.002483,-125.00001,0.52154446,67.99999
-4.7698555,18.002483,-125.00001,0.59345675,71.99999
-5.7698555,18.002483,-125.00001,0.6548611,103.99999
-6.7698555,18.002483,-125.00001,0.5856208,87.99999
-7.7698555,18.002483,-125.00001,0.49120206,47.999996
-8.7698555,18.002483,-125.00001,0.41152632,51.999996
-9.7698555,18.002483,-125.00001,0,31.999996
-10.7698555,18.002483,-125.00001,0,15.999996
-11.7698555,18.002483,-125.00001,0,0
-12.7698555,18.002483,-125.00001,0,0
-13.7698555,18.002483,-125.00001,0,0
-14.7698555,18.002483,-125.00001,0,0
-15.7698555,18.002483,-125.00001,0,0
-16.769855,18.002483,-125.00001,0,0
-17.769855,18.002483,-125.00001,0,0
-18.769855,18.002483,-125.00001,0,0
-19.769855,18.002483,-125.00001,0,0
-20.769855,18.002483,-125.00001,0,0
-21.769855,18.002483,-125.00001,0,0
-22.769855,18.002483,-125.00001,0,0
-23.769855,18.002483,-125.00001,0,0
-24.769855,18.002483,-125.00001,0,0
-25.769855,18.002483,-125.00001,0,0
-26.769855,18.002483,-125.00001,0,0
-27.769855,18.002483,-125.00001,0,0
-28.769855,18.002483,-125.00001,0,0
-29.769855,18.002483,-125.00001,0,0
-30.769855,18.002483,-125.00001,0,0
-31.769855,18.002483,-125.00001,0,0
-32.769855,18.002483,-125.00001,0,0
-33.769855,18.002483,-125.00001,0,0
-34.769855,18.002483,-125.00001,0,0
-35.769855,18.002483,-125.00001,0,0
-36.769855,18.002483,-125.00001,0,0
-37.769855,18.002483,-125.00001,0,0
-38.769855,18.002483,-125.00001,0,0
-39.769855,18.002483,-125.00001,0,0
-40.769855,18.002483,-125.00001,0,0
-41.769855,18.002483,-125.00001,0,0
-42.769855,18.002483,-125.00001,0,0
-43.769855,18.002483,-125.00001,0,0
-44.769855,18.002483,-125.00001,0,0
-45.769855,18.002483,-125.00001,0,0
-46.769855,18.002483,-125.00001,0,0
-47.769855,18.002483,-125.00001,0,0
-48.769855,18.002483,-125.00001,0,0
-49.769855,18.002483,-125.00001,0,0
49.230145,17.002483,-125.00001,0,0
48.230145,17.002483,-125.00001,0,0
47.230145,17.002483,-125.00001,0,0
46.230145,17.002483,-125.00001,0,0
45.230145,17.002483,-125.00001,0,0
44.230145,17.002483,-125.00001,0,0
43.230145,17.002483,-125.00001,0,0
42.230145,17.002483,-125.00001,0,0
41.230145,17.002483,-125.00001,0,0
40.230145,17.002483,-125.00001,0,0
39.230145,17.002483,-125.00001,0,0
38.230145,17.002483,-125.00001,0,0
37.230145,17.002483,-125.00001,0,0
36.230145,17.002483,-125.00001,0,0
35.230145,17.002483,-125.00001,0,0
34.230145,17.002483,-125.00001,0,0
33.230145,17.002483,-125.00001,0,0
32.230145,17.002483,-125.00001,0,0
31.230145,17.002483,-125.00001,0,0
30.230145,17.002483,-125.00001,0,0
29.230145,17.002483,-125.00001,0,0
28.230145,17.002483,-125.00001,0,0
27.230145,17.002483,-125.00001,0,0
26.230145,17.002483,-125.00001,0,0
25.230145,17.002483,-125.00001,0,0
24.230145,17.002483,-125.00001,0,0
23.230145,17.002483,-125.00001,0,0
22.230145,17.002483,-125.00001,0,0
21.230145,17.002483,-125.00001,0,0
20.230145,17.002483,-125.00001,0,0
19.230145,17.002483,-125.00001,0,0
18.230145,17.002483,-125.00001,0,0
17.230145,17.002483,-125.00001,0,0
16.230145,17.002483,-125.00001,0,0
15.2301445,17.002483,-125.00001,0,0
14.2301445,17.002483,-125.00001,0,0
13.2301445,17.002483,-125.00001,0,0
12.2301445,17.002483,-125.00001,0,0
11.2301445,17.002483,-125.00001,0,0
10.2301445,17.002483,-125.00001,0,0
9.2301445,17.002483,-125.00001,0,47.999996
8.2301445,17.002483,-125.00001,0,59.999996
7.2301445,17.002483,-125.00001,0.5312814,55.999996
6.2301445,17.002483,-125.00001,0.4409085,51.999996
5.2301445,17.002483,-125.00001,0.4339891,43.999996
4.2301445,17.002483,-125.00001,0.48051628,55.999996
3.2301445,17.002483,-125.00001,0.46779472,63.999996
2.2301445,17.002483,-125.00001,0.4077368,55.999996
1.2301445,17.002483,-125.00001,0.3641326,75.99999
0.2301445,17.002483,-125.00001,0.3919926,55.999996
-0.7698555,17.002483,-125.00001,0.36556834,91.99999
-1.7698555,17.002483,-125.00001,0.28766623,55.999996
-2.7698555,17.002483,-125.00001,0.34675366,39.999996
-3.7698555,17.002483,-125.00001,0.49370456,119.99999
-4.7698555,17.002483,-125.00001,0.61506844,75.99999
-5.7698555,17.002483,-125.00001,0.6961366,79.99999
-6.7698555,17.002483,-125.00001,0.66427076,79.99999
-7.7698555,17.002483,-125.00001,0.5037477,67.99999
-8.7698555,17.002483,-125.00001,0.39619517,43.999996
-9.7698555,17.002483,-125.00001,Infinity,39.999996
-10.7698555,17.002483,-125.00001,0,83.99999
-11.7698555,17.002483,-125.00001,0,7.999998
-12.7698555,17.002483,-125.00001,0,3.999999
-13.7698555,17.002483,-125.00001,0,0
-14.7698555,17.002483,-125.00001,0,0
-15.7698555,17.002483,-125.00001,0,0
-16.769855,17.002483,-125.00001,0,0
-17.769855,17.002483,-125.00001,0,0
-18.769855,17.002483,-125.00001,0,0
-19.769855,17.002483,-125.00001,0,0
-20.769855,17.002483,-125.00001,0,0
-21.769855,17.002483,-125.00001,0,0
-22.769855,17.002483,-125.00001,0,0
-23.769855,17.002483,-125.00001,0,0
-24.769855,17.002483,-125.00001,0,0
-25.769855,17.002483,-125.00001,0,0
-26.769855,17.002483,-125.00001,0,0
-27.769855,17.002483,-125.00001,0,0
-28.769855,17.002483,-125.00001,0,0
-29.769855,17.002483,-125.00001,0,0
-30.769855,17.002483,-125.00001,0,0
-31.769855,17.002483,-125.00001,0,0
-32.769855,17.002483,-125.00001,0,0
-33.769855,17.002483,-125.00001,0,0
-34.769855,17.002483,-125.00001,0,0
-35.769855,17.002483,-125.00001,0,0
-36.769855,17.002483,-125.00001,0,0
-37.769855,17.002483,-125.00001,0,0
-38.769855,17.002483,-125.00001,0,0
-39.769855,17.002483,-125.00001,0,0
-40.769855,17.002483,-125.00001,0,0
-41.769855,17.002483,-125.00001,0,0
-42.769855,17.002483,-125.00001,0,0
-43.769855,17.002483,-125.00001,0,0
-44.769855,17.002483,-125.00001,0,0
-45.769855,17.002483,-125.00001,0,0
-46.769855,17.002483,-125.00001,0,0
-47.769855,17.002483,-125.00001,0,0
-48.769855,17.002483,-125.00001,0,0
-49.769855,17.002483,-125.00001,0,0
49.230145,16.002483,-125.00001,0,0
48.230145,16.002483,-125.00001,0,0
47.230145,16.002483,-125.00001,0,0
46.230145,16.002483,-125.00001,0,0
45.230145,16.002483,-125.00001,0,0
44.230145,16.002483,-125.00001,0,0
43.230145,16.002483,-125.00001,0,0
42.230145,16.002483,-125.00001,0,0
41.230145,16.002483,-125.00001,0,0
40.230145,16.002483,-125.00001,0,0
39.230145,16.002483,-125.00001,0,0
38.230145,16.002483,-125.00001,0,0
37.230145,16.002483,-125.00001,0,0
36.230145,16.002483,-125.00001,0,0
35.230145,16.002483,-125.00001,0,0
34.230145,16.002483,-125.00001,0,0
33.230145,16.002483,-125.00001,0,0
32.230145,16.002483,-125.00001,0,0
31.230145,16.002483,-125.00001,0,0
30.230145,16.002483,-125.00001,0,0
29.230145,16.002483,-125.00001,0,0
28.230145,16.002483,-125.00001,0,0
27.230145,16.002483,-125.00001,0,0
26.230145,16.002483,-125.00001,0,0
25.230145,16.002483,-125.00001,0,0
24.230145,16.002483,-125.00001,0,0
23.230145,16.002483,-125.00001,0,0
22.230145,16.002483,-125.00001,0,0
21.230145,16.002483,-125.00001,0,0
20.230145,16.002483,-125.00001,0,0
19.230145,16.002483,-125.00001,0,0
18.230145,16.002483,-125.00001,0,0
17.230145,16.002483,-125.00001,0,0
16.230145,16.002483,-125.00001,0,0
15.2301445,16.002483,-125.00001,0,0
14.2301445,16.002483,-125.00001,0,0
13.2301445,16.002483,-125.00001,0,0
12.2301445,16.002483,-125.00001,0,0
11.2301445,16.002483,-125.00001,0,3.999999
10.2301445,16.002483,-125.00001,0,31.999996
9.2301445,16.002483,-125.00001,-Infinity,59.999996
8.2301445,16.002483,-125.00001,0.440167,67.99999
7.2301445,16.002483,-125.00001,0.44002742,39.999996
6.2301445,16.002483,-125.00001,0.3631038,63.999996
5.2301445,16.002483,-125.00001,0.32789254,51.999996
4.2301445,16.002483,-125.00001,0.39745682,51.999996
3.2301445,16.002483,-125.00001,0.56026673,51.999996
2.2301445,16.002483,-125.00001,0.6639464,63.999996
1.2301445,16.002483,-125.00001,0.51687795,43.999996
0.2301445,16.002483,-125.00001,0.34180164,31.999996
-0.7698555,16.002483,-125.00001,0.2544756,51.999996
-1.7698555,16.002483,-125.00001,0.20849581,51.999996
-2.7698555,16.002483,-125.00001,0.31185314,67.99999
-3.7698555,16.002483,-125.00001,0.47518402,79.99999
-4.7698555,16.002483,-125.00001,0.568033,87.99999
-5.7698555,16.002483,-125.00001,0.6270422,75.99999
-6.7698555,16.002483,-125.00001,0.60559475,55.999996
-7.7698555,16.002483,-125.00001,0.47991824,35.999996
-8.7698555,16.002483,-125.00001,0.3592263,35.999996
-9.7698555,16.002483,-125.00001,0.40202737,71.99999
-10.7698555,16.002483,-125.00001,0.45812026,55.999996
-11.7698555,16.002483,-125.00001,Infinity,87.99999
-12.7698555,16.002483,-125.00001,0,63.999996
-13.7698555,16.002483,-125.00001,0,0
-14.7698555,16.002483,-125.00001,0,0
-15.7698555,16.002483,-125.00001,0,0
-16.769855,16.002483,-125.00001,0,0
-17.769855,16.002483,-125.00001,0,0
-18.769855,16.002483,-125.00001,0,0
-19.769855,16.002483,-125.00001,0,0
-20.769855,16.002483,-125.00001,0,0
-21.769855,16.002483,-125.00001,0,0
-22.769855,16.002483,-125.00001,0,0
-23.769855,16.002483,-125.00001,0,0
-24.769855,16.002483,-125.00001,0,0
-25.769855,16.002483,-125.00001,0,0
-26.769855,16.002483,-125.00001,0,0
-27.769855,16.002483,-125.00001,0,0
-28.769855,16.002483,-125.00001,0,0
-29.769855,16.002483,-125.00001,0,0
-30.769855,16.002483,-125.00001,0,0
-31.769855,16.002483,-125.00001,0,0
-32.769855,16.002483,-125.00001,0,0
-33.769855,16.002483,-125.00001,0,0
-34.769855,16.002483,-125.00001,0,0
-35.769855,16.002483,-125.00001,0,0
-36.769855,16.002483,-125.00001,0,0
-37.769855,16.002483,-125.00001,0,0
-38.769855,16.002483,-125.00001,0,0
-39.769855,16.002483,-125.00001,0,0
-40.769855,16.002483,-125.00001,0,0
-41.769855,16.002483,-125.00001,0,0
-42.769855,16.002483,-125.00001,0,0
-43.769855,16.002483,-125.00001,0,0
-44.769855,16.002483,-125.00001,0,0
-45.769855,16.002483,-125.00001,0,0
-46.769855,16.002483,-125.00001,0,0
-47.769855,16.002483,-125.00001,0,0
-48.769855,16.002483,-125.00001,0,0
-49.769855,16.002483,-125.00001,0,0
49.230145,15.002483,-125.00001,0,0
48.230145,15.002483,-125.00001,0,0
47.230145,15.002483,-125.00001,0,0
46.230145,15.002483,-125.00001,0,0
45.230145,15.002483,-125.00001,0,0
44.230145,15.002483,-125.00001,0,0
43.230145,15.002483,-125.00001,0,0
42.230145,15.002483,-125.00001,0,0
41.230145,15.002483,-125.00001,0,0
40.230145,15.002483,-125.00001,0,0
39.230145,15.002483,-125.00001,0,0
38.230145,15.002483,-125.00001,0,0
37.230145,15.002483,-125.00001,0,0
36.230145,15.002483,-125.00001,0,0
35.230145,15.002483,-125.00001,0,0
34.230145,15.002483,-125.00001,0,0
33.230145,15.002483,-125.00001,0,0
32.230145,15.002483,-125.00001,0,0
31.230145,15.002483,-125.00001,0,0
30.230145,15.002483,-125.00001,0,0
29.230145,15.002483,-125.00001,0,0
28.230145,15.002483,-125.00001,0,0
27.230145,15.002483,-125.00001,0,0
26.230145,15.002483,-125.00001,0,0
25.230145,15.002483,-125.00001,0,0
24.230145,15.002483,-125.00001,0,0
23.230145,15.002483,-125.00001,0,0
22.230145,15.002483,-125.00001,0,0
21.230145,15.002483,-125.00001,0,0
20.230145,15.002483,-125.00001,0,0
19.230145,15.002483,-125.00001,0,0
18.230145,15.002483,-125.00001,0,0
17.230145,15.002483,-125.00001,0,0
16.230145,15.002483,-125.00001,0,0
15.2301445,15.002483,-125.00001,0,0
14.2301445,15.002483,-125.00001,0,3.999999
13.2301445,15.002483,-125.00001,0,0
12.2301445,15.002483,-125.00001,0,3.999999
11.2301445,15.002483,-125.00001,0,43.999996
10.2301445,15.002483,-125.00001,Infinity,55.999996
9.2301445,15.002483,-125.00001,0.2253928,39.999996
8.2301445,15.002483,-125.00001,0.29237777,55.999996
7.2301445,15.002483,-125.00001,0.35904992,59.999996
6.2301445,15.002483,-125.00001,0.30543512,59.999996
5.2301445,15.002483,-125.00001,0.28915676,43.999996
4.2301445,15.002483,-125.00001,0.34959787,31.999996
3.2301445,15.002483,-125.00001,0.5344058,59.999996
2.2301445,15.002483,-125.00001,0.7462588,35.999996
1.2301445,15.002483,-125.00001,0.7311167,51.999996
0.2301445,15.002483,-125.00001,0.53126764,47.999996
-0.7698555,15.002483,-125.00001,0.37102088,59.999996
-1.7698555,15.002483,-125.00001,0.32046464,51.999996
-2.7698555,15.002483,-125.00001,0.37313786,63.999996
-3.7698555,15.002483,-125.00001,0.44502178,71.99999
-4.7698555,15.002483,-125.00001,0.50348276,55.999996
-5.7698555,15.002483,-125.00001,0.5358775,43.999996
-6.7698555,15.002483,-125.00001,0.51633763,35.999996
-7.7698555,15.002483,-125.00001,0.47205204,71.99999
-8.7698555,15.002483,-125.00001,0.38708237,47.999996
-9.7698555,15.002483,-125.00001,0.30926037,39.999996
-10.7698555,15.002483,-125.00001,0.3154171,35.999996
-11.7698555,15.002483,-125.00001,0.3459313,59.999996
-12.7698555,15.002483,-125.00001,-Infinity,55.999996
-13.7698555,15.002483,-125.00001,0,43.999996
-14.7698555,15.002483,-125.00001,0,3.999999
-15.7698555,15.002483,-125.00001,0,0
-16.769855,15.002483,-125.00001,0,0
-17.769855,15.002483,-125.00001,0,0
-18.769855,15.002483,-125.00001,0,0
-19.769855,15.002483,-125.00001,0,0
-20.769855,15.002483,-125.00001,0,0
-21.769855,15.002483,-125.00001,0,0
-22.769855,15.002483,-125.00001,0,0
-23.769855,15.002483,-125.00001,0,0
-24.769855,15.002483,-125.00001,0,0
-25.769855,15.002483,-125.00001,0,0
-26.769855,15.002483,-125.00001,0,0
-27.769855,15.002483,-125.00001,0,0
-28.769855,15.002483,-125.00001,0,0
-29.769855,15.002483,-125.00001,0,0
-30.769855,15.002483,-125.00001,0,0
-31.769855,15.002483,-125.00001,0,0
-32.769855,15.002483,-125.00001,0,0
-33.769855,15.002483,-125.00001,0,0
-34.769855,15.002483,-125.00001,0,0
-35.769855,15.002483,-125.00001,0,0
-36.769855,15.002483,-125.00001,0,0
-37.769855,15.002483,-125.00001,0,0
-38.769855,15.002483,-125.00001,0,0
-39.769855,15.002483,-125.00001,0,0
-40.769855,15.002483,-125.00001,0,0
-41.769855,15.002483,-125.00001,0,0
-42.769855,15.002483,-125.00001,0,0
-43.769855,15.002483,-125.00001,0,0
-44.769855,15.002483,-125.00001,0,0
-45.769855,15.002483,-125.00001,0,0
-46.769855,15.002483,-125.00001,0,0
-47.769855,15.002483,-125.00001,0,0
-48.769855,15.002483,-125.00001,0,0
-49.769855,15.002483,-125.00001,0,0
49.230145,14.002483,-125.00001,0,0
48.230145,14.002483,-125.00001,0,0
47.230145,14.002483,-125.00001,0,0
46.230145,14.002483,-125.00001,0,0
45.230145,14.002483,-125.00001,0,0
44.230145,14.002483,-125.00001,0,0
43.230145,14.002483,-125.00001,0,0
42.230145,14.002483,-125.00001,0,0
41.230145,14.002483,-125.00001,0,0
40.230145,14.002483,-125.00001,0,0
39.230145,14.002483,-125.00001,0,0
38.230145,14.002483,-125.00001,0,0
37.230145,14.002483,-125.00001,0,0
36.230145,14.002483,-125.00001,0,0
35.230145,14.002483,-125.00001,0,0
34.230145,14.002483,-125.00001,0,0
33.230145,14.002483,-125.00001,0,0
32.230145,14.002483,-125.00001,0,0
31.230145,14.002483,-125.00001,0,0
30.230145,14.002483,-125.00001,0,0
29.230145,14.002483,-125.00001,0,0
28.230145,14.002483,-125.00001,0,0
27.230145,14.002483,-125.00001,0,0
26.230145,14.002483,-125.00001,0,0
25.230145,14.002483,-125.00001,0,0
24.230145,14.002483,-125.00001,0,0
23.230145,14.002483,-125.00001,0,0
22.230145,14.002483,-125.00001,0,0
21.230145,14.002483,-125.00001,0,0
20.230145,14.002483,-125.00001,0,0
19.230145,14.002483,-125.00001,0,0
18.230145,14.002483,-125.00001,0,0
17.230145,14.002483,-125.00001,0,0
16.230145,14.002483,-125.00001,0,0
15.2301445,14.002483,-125.00001,0,0
14.2301445,14.002483,-125.00001,0,0
13.2301445,14.002483,-125.00001,0,3.999999
12.2301445,14.002483,-125.00001,0,47.999996
11.2301445,14.002483,-125.00001,Infinity,87.99999
10.2301445,14.002483,-125.00001,0.30131152,79.99999
9.2301445,14.002483,-125.00001,0.24341694,67.99999
8.2301445,14.002483,-125.00001,0.28818724,47.999996
7.2301445,14.002483,-125.00001,0.32656002,67.99999
6.2301445,14.002483,-125.00001,0.27976933,51.999996
5.2301445,14.002483,-125.00001,0.2667839,27.999996
4.2301445,14.002483,-125.00001,0.31232548,31.999996
3.2301445,14.002483,-125.00001,0.4252022,47.999996
2.2301445,14.002483,-125.00001,0.6413639,39.999996
1.2301445,14.002483,-125.00001,0.8036082,55.999996
0.2301445,14.002483,-125.00001,0.68394434,55.999996
-0.7698555,14.002483,-125.00001,0.5144727,87.99999
-1.7698555,14.002483,-125.00001,0.44500422,99.99999
-2.7698555,14.002483,-125.00001,0.42171317,47.999996
-3.7698555,14.002483,-125.00001,0.42340636,51.999996
-4.7698555,14.002483,-125.00001,0.46571112,59.999996
-5.7698555,14.002483,-125.00001,0.48467478,95.99999
-6.7698555,14.002483,-125.00001,0.46576494,47.999996
-7.7698555,14.002483,-125.00001,0.4728014,59.999996
-8.7698555,14.002483,-125.00001,0.42882448,35.999996
-9.7698555,14.002483,-125.00001,0.2983932,47.999996
-10.7698555,14.002483,-125.00001,0.24835896,55.999996
-11.7698555,14.002483,-125.00001,0.3076531,67.99999
-12.7698555,14.002483,-125.00001,0.3048538,63.999996
-13.7698555,14.002483,-125.00001,Infinity,35.999996
-14.7698555,14.002483,-125.00001,0,19.999996
-15.7698555,14.002483,-125.00001,0,0
-16.769855,14.002483,-125.00001,0,0
-17.769855,14.002483,-125.00001,0,0
-18.769855,14.002483,-125.00001,0,0
-19.769855,14.002483,-125.00001,0,0
-20.769855,14.002483,-125.00001,0,0
-21.769855,14.002483,-125.00001,0,0
-22.769855,14.002483,-125.00001,0,0
-23.769855,14.002483,-125.00001,0,0
-24.769855,14.002483,-125.00001,0,0
-25.769855,14.002483,-125.00001,0,0
-26.769855,14.002483,-125.00001,0,0
-27.769855,14.002483,-125.00001,0,0
-28.769855,14.002483,-125.00001,0,0
-29.769855,14.002483,-125.00001,0,0
-30.769855,14.002483,-125.00001,0,0
-31.769855,14.002483,-125.00001,0,0
-32.769855,14.002483,-125.00001,0,0
-33.769855,14.002483,-125.00001,0,0
-34.769855,14.002483,-125.00001,0,0
-35.769855,14.002483,-125.00001,0,0
-36.769855,14.002483,-125.00001,0,0
-37.769855,14.002483,-125.00001,0,0
-38.769855,14.002483,-125.00001,0,0
-39.769855,14.002483,-125.00001,0,0
-40.769855,14.002483,-125.00001,0,0
-41.769855,14.002483,-125.00001,0,0
-42.769855,14.002483,-125.00001,0,0
-43.769855,14.002483,-125.00001,0,0
-44.769855,14.002483,-125.00001,0,0
-45.769855,14.002483,-125.00001,0,0
-46.769855,14.002483,-125.00001,0,0
-47.769855,14.002483,-125.00001,0,0
-48.769855,14.002483,-125.00001,0,0
-49.769855,14.002483,-125.00001,0,0
49.230145,13.002483,-125.00001,0,0
48.230145,13.002483,-125.00001,0,0
47.230145,13.002483,-125.00001,0,0
46.230145,13.002483,-125.00001,0,0
45.230145,13.002483,-125.00001,0,0
44.230145,13.002483,-125.00001,0,0
43.230145,13.002483,-125.00001,0,0
42.230145,13.002483,-125.00001,0,0
41.230145,13.002483,-125.00001,0,0
40.230145,13.002483,-125.00001,0,0
39.230145,13.002483,-125.00001,0,0
38.230145,13.002483,-125.00001,0,0
37.230145,13.002483,-125.00001,0,0
36.230145,13.002483,-125.00001,0,0
35.230145,13.002483,-125.00001,0,0
34.230145,13.002483,-125.00001,0,0
33.230145,13.002483,-125.00001,0,0
32.230145,13.002483,-125.00001,0,0
31.230145,13.002483,-125.00001,0,0
30.230145,13.002483,-125.00001,0,0
29.230145,13.002483,-125.00001,0,0
28.230145,13.002483,-125.00001,0,0
27.230145,13.002483,-125.00001,0,0
26.230145,13.002483,-125.00001,0,0
25.230145,13.002483,-125.00001,0,0
24.230145,13.002483,-125.00001,0,0
23.230145,13.002483,-125.00001,0,0
22.230145,13.002483,-125.00001,0,0
21.230145,13.002483,-125.00001,0,0
20.230145,13.002483,-125.00001,0,0
19.230145,13.002483,-125.00001,0,0
18.230145,13.002483,-125.00001,0,0
17.230145,13.002483,-125.00001,0,0
16.230145,13.002483,-125.00001,0,0
15.2301445,13.002483,-125.00001,0,0
14.2301445,13.002483,-125.00001,0,0
13.2301445,13.002483,-125.00001,0,31.999996
12.2301445,13.002483,-125.00001,Infinity,71.99999
11.2301445,13.002483,-125.00001,0.4734879,35.999996
10.2301445,13.002483,-125.00001,0.41476667,63.999996
9.2301445,13.002483,-125.00001,0.44120166,59.999996
8.2301445,13.002483,-125.00001,0.48528403,79.99999
7.2301445,13.002483,-125.00001,0.42764822,87.99999
6.2301445,13.002483,-125.00001,0.31192207,55.999996
5.2301445,13.002483,-125.00001,0.25652796,35.999996
4.2301445,13.002483,-125.00001,0.3027032,59.999996
3.2301445,13.002483,-125.00001,0.3664147,43.999996
2.2301445,13.002483,-125.00001,0.4973394,63.999996
1.2301445,13.002483,-125.00001,0.5656866,39.999996
0.2301445,13.002483,-125.00001,0.4984612,71.99999
-0.7698555,13.002483,-125.00001,0.4022767,67.99999
-1.7698555,13.002483,-125.00001,0.4267015,79.99999
-2.7698555,13.002483,-125.00001,0.48385417,75.99999
-3.7698555,13.002483,-125.00001,0.52582705,79.99999
-4.7698555,13.002483,-125.00001,0.55507165,51.999996
-5.7698555,13.002483,-125.00001,0.56278116,27.999996
-6.7698555,13.002483,-125.00001,0.5693176,63.999996
-7.7698555,13.002483,-125.00001,0.5784856,59.999996
-8.7698555,13.002483,-125.00001,0.49354786,63.999996
-9.7698555,13.002483,-125.00001,0.39467812,63.999996
-10.7698555,13.002483,-125.00001,0.4028616,83.99999
-11.7698555,13.002483,-125.00001,0.4390138,75.99999
-12.7698555,13.002483,-125.00001,0.40499514,59.999996
-13.7698555,13.002483,-125.00001,0.42049858,51.999996
-14.7698555,13.002483,-125.00001,-Infinity,71.99999
-15.7698555,13.002483,-125.00001,0,23.999996
-16.769855,13.002483,-125.00001,0,3.999999
-17.769855,13.002483,-125.00001,0,0
-18.769855,13.002483,-125.00001,0,0
-19.769855,13.002483,-125.00001,0,0
-20.769855,13.002483,-125.00001,0,0
-21.769855,13.002483,-125.00001,0,0
-22.769855,13.002483,-125.00001,0,0
-23.769855,13.002483,-125.00001,0,0
-24.769855,13.002483,-125.00001,0,0
-25.769855,13.002483,-125.00001,0,0
-26.769855,13.002483,-125.00001,0,0
-27.769855,13.002483,-125.00001,0,0
-28.769855,13.002483,-125.00001,0,0
-29.769855,13.002483,-125.00001,0,0
-30.769855,13.002483,-125.00001,0,0
-31.769855,13.002483,-125.00001,0,0
-32.769855,13.002483,-125.00001,0,0
-33.769855,13.002483,-125.00001,0,0
-34.769855,13.002483,-125.00001,0,0
-35.769855,13.002483,-125.00001,0,0
-36.769855,13.002483,-125.00001,0,0
-37.769855,13.002483,-125.00001,0,0
-38.769855,13.002483,-125.00001,0,0
-39.769855,13.002483,-125.00001,0,0
-40.769855,13.002483,-125.00001,0,0
-41.769855,13.002483,-125.00001,0,0
-42.769855,13.002483,-125.00001,0,0
-43.769855,13.002483,-125.00001,0,0
-44.769855,13.002483,-125.00001,0,0
-45.769855,13.002483,-125.00001,0,0
-46.769855,13.002483,-125.00001,0,0
-47.769855,13.002483,-125.00001,0,0
-48.769855,13.002483,-125.00001,0,0
-49.769855,13.002483,-125.00001,0,0
49.230145,12.002483,-125.00001,0,0
48.230145,12.002483,-125.00001,0,0
47.230145,12.002483,-125.00001,0,0
46.230145,12.002483,-125.00001,0,0
45.230145,12.002483,-125.00001,0,0
44.230145,12.002483,-125.00001,0,0
43.230145,12.002483,-125.00001,0,0
42.230145,12.002483,-125.00001,0,0
41.230145,12.002483,-125.00001,0,0
40.230145,12.002483,-125.00001,0,0
39.230145,12.002483,-125.00001,0,0
38.230145,12.002483,-125.00001,0,0
37.230145,12.002483,-125.00001,0,0
36.230145,12.002483,-125.00001,0,0
35.230145,12.002483,-125.00001,0,0
34.230145,12.002483,-125.00001,0,0
33.230145,12.002483,-125.00001,0,0
32.230145,12.002483,-125.00001,0,0
31.230145,12.002483,-125.00001,0,0
30.230145,12.002483,-125.00001,0,0
29.230145,12.002483,-125.00001,0,0
28.230145,12.002483,-125.00001,0,0
27.230145,12.002483,-125.00001,0,0
26.230145,12.002483,-125.00001,0,0
25.230145,12.002483,-125.00001,0,0
24.230145,12.002483,-125.00001,0,0
23.230145,12.002483,-125.00001,0,0
22.230145,12.002483,-125.00001,0,0
21.230145,12.002483,-125.00001,0,0
20.230145,12.002483,-125.00001,0,0
19.230145,12.002483,-125.00001,0,0
18.230145,12.002483,-125.00001,0,0
17.230145,12.002483,-125.00001,0,0
16.230145,12.002483,-125.00001,0,0
15.2301445,12.002483,-125.00001,0,3.999999
14.2301445,12.002483,-125.00001,0,7.999998
13.2301445,12.002483,-125.00001,0,63.999996
12.2301445,12.002483,-125.00001,0.5499873,27.999996
11.2301445,12.002483,-125.00001,0.5967959,87.99999
10.2301445,12.002483,-125.00001,0.6249256,99.99999
9.2301445,12.002483,-125.00001,0.6375073,79.99999
8.2301445,12.002483,-125.00001,0.654052,75.99999
7.2301445,12.002483,-125.00001,0.55453676,67.99999
6.2301445,12.002483,-125.00001,0.360441,47.999996
5.2301445,12.002483,-125.00001,0.23976982,31.999996
4.2301445,12.002483,-125.00001,0.24822214,43.999996
3.2301445,12.002483,-125.00001,0.33193237,35.999996
2.2301445,12.002483,-125.00001,0.35570157,23.999996
1.2301445,12.002483,-125.00001,0.33592442,95.99999
0.2301445,12.002483,-125.00001,0.23784357,59.999996
-0.7698555,12.002483,-125.00001,0.20678934,63.999996
-1.7698555,12.002483,-125.00001,0.34183446,59.999996
-2.7698555,12.002483,-125.00001,0.51030964,79.99999
-3.7698555,12.002483,-125.00001,0.63742197,91.99999
-4.7698555,12.002483,-125.00001,0.7009537,95.99999
-5.7698555,12.002483,-125.00001,0.67354953,87.99999
-6.7698555,12.002483,-125.00001,0.70028865,103.99999
-7.7698555,12.002483,-125.00001,0.73997116,63.999996
-8.7698555,12.002483,-125.00001,0.60441566,87.99999
-9.7698555,12.002483,-125.00001,0.47626156,47.999996
-10.7698555,12.002483,-125.00001,0.54359317,59.999996
-11.7698555,12.002483,-125.00001,0.55742097,75.99999
-12.7698555,12.002483,-125.00001,0.52235293,87.99999
-13.7698555,12.002483,-125.00001,0.5715636,59.999996
-14.7698555,12.002483,-125.00001,0.6171123,71.99999
-15.7698555,12.002483,-125.00001,Infinity,79.99999
-16.769855,12.002483,-125.00001,0,27.999996
-17.769855,12.002483,-125.00001,0,0
-18.769855,12.002483,-125.00001,0,0
-19.769855,12.002483,-125.00001,0,0
-20.769855,12.002483,-125.00001,0,0
-21.769855,12.002483,-125.00001,0,0
-22.769855,12.002483,-125.00001,0,0
-23.769855,12.002483,-125.00001,0,0
-24.769855,12.002483,-125.00001,0,0
-25.769855,12.002483,-125.00001,0,0
-26.769855,12.002483,-125.00001,0,0
-27.769855,12.002483,-125.00001,0,0
-28.769855,12.002483,-125.00001,0,0
-29.769855,12.002483,-125.00001,0,0
-30.769855,12.002483,-125.00001,0,0
-31.769855,12.002483,-125.00001,0,0
-32.769855,12.002483,-125.00001,0,0
-33.769855,12.002483,-125.00001,0,0
-34.769855,12.002483,-125.00001,0,0
-35.769855,12.002483,-125.00001,0,0
-36.769855,12.002483,-125.00001,0,0
-37.769855,12.002483,-125.00001,0,0
-38.769855,12.002483,-125.00001,0,0
-39.769855,12.002483,-125.00001,0,0
-40.769855,12.002483,-125.00001,0,0
-41.769855,12.002483,-125.00001,0,0
-42.769855,12.002483,-125.00001,0,0
-43.769855,12.002483,-125.00001,0,0
-44.769855,12.002483,-125.00001,0,0
-45.769855,12.002483,-125.00001,0,0
-46.769855,12.002483,-125.00001,0,0
-47.769855,12.002483,-125.00001,0,0
-48.769855,12.002483,-125.00001,0,0
-49.769855,12.002483,-125.00001,0,0
49.230145,11.002483,-125.00001,0,0
48.230145,11.002483,-125.00001,0,0
47.230145,11.002483,-125.00001,0,0
46.230145,11.002483,-125.00001,0,0
45.230145,11.002483,-125.00001,0,0
44.230145,11.002483,-125.00001,0,0
43.230145,11.002483,-125.00001,0,0
42.230145,11.002483,-125.00001,0,0
41.230145,11.002483,-125.00001,0,0
40.230145,11.002483,-125.00001,0,0
39.230145,11.002483,-125.00001,0,0
38.230145,11.002483,-125.00001,0,0
37.230145,11.002483,-125.00001,0,0
36.230145,11.002483,-125.00001,0,0
35.230145,11.002483,-125.00001,0,0
34.230145,11.002483,-125.00001,0,0
33.230145,11.002483,-125.00001,0,0
32.230145,11.002483,-125.00001,0,0
31.230145,11.002483,-125.00001,0,0
30.230145,11.002483,-125.00001,0,0
29.230145,11.002483,-125.00001,0,0
28.230145,11.002483,-125.00001,0,0
27.230145,11.002483,-125.00001,0,0
26.230145,11.002483,-125.00001,0,0
25.230145,11.002483,-125.00001,0,0
24.230145,11.002483,-125.00001,0,0
23.230145,11.002483,-125.00001,0,0
22.230145,11.002483,-125.00001,0,0
21.230145,11.002483,-125.00001,0,0
20.230145,11.002483,-125.00001,0,0
19.230145,11.002483,-125.00001,0,0
18.230145,11.002483,-125.00001,0,0
17.230145,11.002483,-125.00001,0,0
16.230145,11.002483,-125.00001,0,0
15.2301445,11.002483,-125.00001,0,3.999999
14.2301445,11.002483,-125.00001,Infinity,27.999996
13.2301445,11.002483,-125.00001,0.5456317,63.999996
12.2301445,11.002483,-125.00001,0.4974442,43.999996
11.2301445,11.002483,-125.00001,0.5658559,67.99999
10.2301445,11.002483,-125.00001,0.61900705,87.99999
9.2301445,11.002483,-125.00001,0.6035169,75.99999
8.2301445,11.002483,-125.00001,0.5943456,75.99999
7.2301445,11.002483,-125.00001,0.5058146,71.99999
6.2301445,11.002483,-125.00001,0.3911608,55.999996
5.2301445,11.002483,-125.00001,0.28528607,31.999996
4.2301445,11.002483,-125.00001,0.25836375,15.999996
3.2301445,11.002483,-125.00001,0.31372178,47.999996
2.2301445,11.002483,-125.00001,0.32455122,35.999996
1.2301445,11.002483,-125.00001,0.24809273,39.999996
0.2301445,11.002483,-125.00001,0.15822904,67.99999
-0.7698555,11.002483,-125.00001,0.120083645,71.99999
-1.7698555,11.002483,-125.00001,0.24600363,55.999996
-2.7698555,11.002483,-125.00001,0.42175356,59.999996
-3.7698555,11.002483,-125.00001,0.5300612,71.99999
-4.7698555,11.002483,-125.00001,0.59647167,103.99999
-5.7698555,11.002483,-125.00001,0.57399976,71.99999
-6.7698555,11.002483,-125.00001,0.62871444,59.999996
-7.7698555,11.002483,-125.00001,0.7643883,79.99999
-8.7698555,11.002483,-125.00001,0.652485,71.99999
-9.7698555,11.002483,-125.00001,0.48767638,31.999996
-10.7698555,11.002483,-125.00001,0.4931879,35.999996
-11.7698555,11.002483,-125.00001,0.5154513,67.99999
-12.7698555,11.002483,-125.00001,0.5811111,59.999996
-13.7698555,11.002483,-125.00001,0.68204606,67.99999
-14.7698555,11.002483,-125.00001,0.6657649,71.99999
-15.7698555,11.002483,-125.00001,0.59058297,59.999996
-16.769855,11.002483,-125.00001,0,67.99999
-17.769855,11.002483,-125.00001,0,27.999996
-18.769855,11.002483,-125.00001,0,0
-19.769855,11.002483,-125.00001,0,0
-20.769855,11.002483,-125.00001,0,0
-21.769855,11.002483,-125.00001,0,0
-22.769855,11.002483,-125.00001,0,0
-23.769855,11.002483,-125.00001,0,0
-24.769855,11.002483,-125.00001,0,0
-25.769855,11.002483,-125.00001,0,0
-26.769855,11.002483,-125.00001,0,0
-27.769855,11.002483,-125.00001,0,0
-28.769855,11.002483,-125.00001,0,0
-29.769855,11.002483,-125.00001,0,0
-30.769855,11.002483,-125.00001,0,0
-31.769855,11.002483,-125.00001,0,0
-32.769855,11.002483,-125.00001,0,0
-33.769855,11.002483,-125.00001,0,0
-34.769855,11.002483,-125.00001,0,0
-35.769855,11.002483,-125.00001,0,0
-36.769855,11.002483,-125.00001,0,0
-37.769855,11.002483,-125.00001,0,0
-38.769855,11.002483,-125.00001,0,0
-39.769855,11.002483,-125.00001,0,0
-40.769855,11.002483,-125.00001,0,0
-41.769855,11.002483,-125.00001,0,0
-42.769855,11.002483,-125.00001,0,0
-43.769855,11.002483,-125.00001,0,0
-44.769855,11.002483,-125.00001,0,0
-45.769855,11.002483,-125.00001,0,0
-46.769855,11.002483,-125.00001,0,0
-47.769855,11.002483,-125.00001,0,0
-48.769855,11.002483,-125.00001,0,0
-49.769855,11.002483,-125.00001,0,0
49.230145,10.002483,-125.00001,0,0
48.230145,10.002483,-125.00001,0,0
47.230145,10.002483,-125.00001,0,0
46.230145,10.002483,-125.00001,0,0
45.230145,10.002483,-125.00001,0,0
44.230145,10.002483,-125.00001,0,0
43.230145,10.002483,-125.00001,0,0
42.230145,10.002483,-125.00001,0,0
41.230145,10.002483,-125.00001,0,0
40.230145,10.002483,-125.00001,0,0
39.230145,10.002483,-125.00001,0,0
38.230145,10.002483,-125.00001,0,0
37.230145,10.002483,-125.00001,0,0
36.230145,10.002483,-125.00001,0,0
35.230145,10.002483,-125.00001,0,0
34.230145,10.002483,-125.00001,0,0
33.230145,10.002483,-125.00001,0,0
32.230145,10.002483,-125.00001,0,0
31.230145,10.002483,-125.00001,0,0
30.230145,10.002483,-125.00001,0,0
29.230145,10.002483,-125.00001,0,0
28.230145,10.002483,-125.00001,0,0
27.230145,10.002483,-125.00001,0,0
26.230145,10.002483,-125.00001,0,0
25.230145,10.002483,-125.00001,0,0
24.230145,10.002483,-125.00001,0,0
23.230145,10.002483,-125.00001,0,0
22.230145,10.002483,-125.00001,0,0
21.230145,10.002483,-125.00001,0,0
20.230145,10.002483,-125.00001,0,0
19.230145,10.002483,-125.00001,0,0
18.230145,10.002483,-125.00001,0,0
17.230145,10.002483,-125.00001,0,0
16.230145,10.002483,-125.00001,0,0
15.2301445,10.002483,-125.00001,0,35.999996
14.2301445,10.002483,-125.00001,0.5129549,39.999996
13.2301445,10.002483,-125.00001,0.4588476,55.999996
12.2301445,10.002483,-125.00001,0.4014399,59.999996
11.2301445,10.002483,-125.00001,0.32384816,39.999996
10.2301445,10.002483,-125.00001,0.2890923,59.999996
9.2301445,10.002483,-125.00001,0.3191502,51.999996
8.2301445,10.002483,-125.00001,0.42666224,75.99999
7.2301445,10.002483,-125.00001,0.5022297,31.999996
6.2301445,10.002483,-125.00001,0.51504457,35.999996
5.2301445,10.002483,-125.00001,0.46875098,67.99999
4.2301445,10.002483,-125.00001,0.39424166,47.999996
3.2301445,10.002483,-125.00001,0.37913722,59.999996
2.2301445,10.002483,-125.00001,0.3711529,63.999996
1.2301445,10.002483,-125.00001,0.30013666,47.999996
0.2301445,10.002483,-125.00001,0.206303,75.99999
-0.7698555,10.002483,-125.00001,0.1472778,55.999996
-1.7698555,10.002483,-125.00001,0.20510173,51.999996
-2.7698555,10.002483,-125.00001,0.28064293,67.99999
-3.7698555,10.002483,-125.00001,0.29719967,87.99999
-4.7698555,10.002483,-125.00001,0.3106533,83.99999
-5.7698555,10.002483,-125.00001,0.3603839,59.999996
-6.7698555,10.002483,-125.00001,0.5190875,71.99999
-7.7698555,10.002483,-125.00001,0.6524274,91.99999
-8.7698555,10.002483,-125.00001,0.6101925,91.99999
-9.7698555,10.002483,-125.00001,0.46567616,23.999996
-10.7698555,10.002483,-125.00001,0.3937298,31.999996
-11.7698555,10.002483,-125.00001,0.4102335,35.999996
-12.7698555,10.002483,-125.00001,0.5799265,55.999996
-13.7698555,10.002483,-125.00001,0.710641,63.999996
-14.7698555,10.002483,-125.00001,0.5956958,63.999996
-15.7698555,10.002483,-125.00001,0.45126554,39.999996
-16.769855,10.002483,-125.00001,0.4698717,79.99999
-17.769855,10.002483,-125.00001,0,47.999996
-18.769855,10.002483,-125.00001,0,3.999999
-19.769855,10.002483,-125.00001,0,0
-20.769855,10.002483,-125.00001,0,0
-21.769855,10.002483,-125.00001,0,0
-22.769855,10.002483,-125.00001,0,0
-23.769855,10.002483,-125.00001,0,0
-24.769855,10.002483,-125.00001,0,0
-25.769855,10.002483,-125.00001,0,0
-26.769855,10.002483,-125.00001,0,0
-27.769855,10.002483,-125.00001,0,0
-28.769855,10.002483,-125.00001,0,0
-29.769855,10.002483,-125.00001,0,0
-30.769855,10.002483,-125.00001,0,0
-31.769855,10.002483,-125.00001,0,0
-32.769855,10.002483,-125.00001,0,0
-33.769855,10.002483,-125.00001,0,0
-34.769855,10.002483,-125.00001,0,0
-35.769855,10.002483,-125.00001,0,0
-36.769855,10.002483,-125.00001,0,0
-37.769855,10.002483,-125.00001,0,0
-38.769855,10.002483,-125.00001,0,0
-39.769855,10.002483,-125.00001,0,0
-40.769855,10.002483,-125.00001,0,0
-41.769855,10.002483,-125.00001,0,0
-42.769855,10.002483,-125.00001,0,0
-43.769855,10.002483,-125.00001,0,0
-44.769855,10.002483,-125.00001,0,0
-45.769855,10.002483,-125.00001,0,0
-46.769855,10.002483,-125.00001,0,0
-47.769855,10.002483,-125.00001,0,0
-48.769855,10.002483,-125.00001,0,0
-49.769855,10.002483,-125.00001,0,0
49.230145,9.002483,-125.00001,0,0
48.230145,9.002483,-125.00001,0,0
47.230145,9.002483,-125.00001,0,0
46.230145,9.002483,-125.00001,0,0
45.230145,9.002483,-125.00001,0,0
44.230145,9.002483,-125.00001,0,0
43.230145,9.002483,-125.00001,0,0
42.230145,9.002483,-125.00001,0,0
41.230145,9.002483,-125.00001,0,0
40.230145,9.002483,-125.00001,0,0
39.230145,9.002483,-125.00001,0,0
38.230145,9.002483,-125.00001,0,0
37.230145,9.002483,-125.00001,0,0
36.230145,9.002483,-125.00001,0,0
35.230145,9.002483,-125.00001,0,0
34.230145,9.002483,-125.00001,0,0
33.230145,9.002483,-125.00001,0,0
32.230145,9.002483,-125.00001,0,0
31.230145,9.002483,-125.00001,0,0
30.230145,9.002483,-125.00001,0,0
29.230145,9.002483,-125.00001,0,0
28.230145,9.002483,-125.00001,0,0
27.230145,9.002483,-125.00001,0,0
26.230145,9.002483,-125.00001,0,0
25.230145,9.002483,-125.00001,0,0
24.230145,9.002483,-125.00001,0,0
23.230145,9.002483,-125.00001,0,0
22.230145,9.002483,-125.00001,0,0
21.230145,9.002483,-125.00001,0,0
20.230145,9.002483,-125.00001,0,0
19.230145,9.002483,-125.00001,0,0
18.230145,9.002483,-125.00001,0,0
17.230145,9.002483,-125.00001,0,0
16.230145,9.002483,-125.00001,0,0
15.2301445,9.002483,-125.00001,0,31.999996
14.2301445,9.002483,-125.00001,0.501977,43.999996
13.2301445,9.002483,-125.00001,0.39577657,43.999996
12.2301445,9.002483,-125.00001,0.3044809,47.999996
11.2301445,9.002483,-125.00001,0.15460432,35.999996
10.2301445,9.002483,-125.00001,0.0070052333,35.999996
9.2301445,9.002483,-125.00001,0.06755784,43.999996
8.2301445,9.002483,-125.00001,0.34585422,31.999996
7.2301445,9.002483,-125.00001,0.6455169,39.999996
6.2301445,9.002483,-125.00001,0.70151067,19.999996
5.2301445,9.002483,-125.00001,0.5791798,51.999996
4.2301445,9.002483,-125.00001,0.49897742,43.999996
3.2301445,9.002483,-125.00001,0.44666988,43.999996
2.2301445,9.002483,-125.00001,0.42019215,43.999996
1.2301445,9.002483,-125.00001,0.3997559,67.99999
0.2301445,9.002483,-125.00001,0.32963195,75.99999
-0.7698555,9.002483,-125.00001,0.24682039,55.999996
-1.7698555,9.002483,-125.00001,0.21876109,71.99999
-2.7698555,9.002483,-125.00001,0.22656289,67.99999
-3.7698555,9.002483,-125.00001,0.20889127,55.999996
-4.7698555,9.002483,-125.00001,0.21233794,63.999996
-5.7698555,9.002483,-125.00001,0.34520936,99.99999
-6.7698555,9.002483,-125.00001,0.53614414,75.99999
-7.7698555,9.002483,-125.00001,0.59704375,95.99999
-8.7698555,9.002483,-125.00001,0.5176201,47.999996
-9.7698555,9.002483,-125.00001,0.38948372,35.999996
-10.7698555,9.002483,-125.00001,0.3056662,31.999996
-11.7698555,9.002483,-125.00001,0.36615682,71.99999
-12.7698555,9.002483,-125.00001,0.57520837,83.99999
-13.7698555,9.002483,-125.00001,0.65048313,59.999996
-14.7698555,9.002483,-125.00001,0.52843356,83.99999
-15.7698555,9.002483,-125.00001,0.39607102,59.999996
-16.769855,9.002483,-125.00001,0.3949929,51.999996
-17.769855,9.002483,-125.00001,Infinity,43.999996
-18.769855,9.002483,-125.00001,0,15.999996
-19.769855,9.002483,-125.00001,0,0
-20.769855,9.002483,-125.00001,0,0
-21.769855,9.002483,-125.00001,0,0
-22.769855,9.002483,-125.00001,0,0
-23.769855,9.002483,-125.00001,0,0
-24.769855,9.002483,-125.00001,0,0
-25.769855,9.002483,-125.00001,0,0
-26.769855,9.002483,-125.00001,0,0
-27.769855,9.002483,-125.00001,0,0
-28.769855,9.002483,-125.00001,0,0
-29.769855,9.002483,-125.00001,0,0
-30.769855,9.002483,-125.00001,0,0
-31.769855,9.002483,-125.00001,0,0
-32.769855,9.002483,-125.00001,0,0
-33.769855,9.002483,-125.00001,0,0
-34.769855,9.002483,-125.00001,0,0
-35.769855,9.002483,-125.00001,0,0
-36.769855,9.002483,-125.00001,0,0
-37.769855,9.002483,-125.00001,0,0
-38.769855,9.002483,-125.00001,0,0
-39.769855,9.002483,-125.00001,0,0
-40.769855,9.002483,-125.00001,0,0
-41.769855,9.002483,-125.00001,0,0
-42.769855,9.002483,-125.00001,0,0
-43.769855,9.002483,-125.00001,0,0
-44.769855,9.002483,-125.00001,0,0
-45.769855,9.002483,-125.00001,0,0
-46.769855,9.002483,-125.00001,0,0
-47.769855,9.002483,-125.00001,0,0
-48.769855,9.002483,-125.00001,0,0
-49.769855,9.002483,-125.00001,0,0
49.230145,8.002483,-125.00001,0,0
48.230145,8.002483,-125.00001,0,0
47.230145,8.002483,-125.00001,0,0
46.230145,8.002483,-125.00001,0,0
45.230145,8.002483,-125.00001,0,0
44.230145,8.002483,-125.00001,0,0
43.230145,8.002483,-125.00001,0,0
42.230145,8.002483,-125.00001,0,0
41.230145,8.002483,-125.00001,0,0
40.230145,8.002483,-125.00001,0,0
39.230145,8.002483,-125.00001,0,0
38.230145,8.002483,-125.00001,0,0
37.230145,8.002483,-125.00001,0,0
36.230145,8.002483,-125.00001,0,0
35.230145,8.002483,-125.00001,0,0
34.230145,8.002483,-125.00001,0,0
33.230145,8.002483,-125.00001,0,0
32.230145,8.002483,-125.00001,0,0
31.230145,8.002483,-125.00001,0,0
30.230145,8.002483,-125.00001,0,0
29.230145,8.002483,-125.00001,0,0
28.230145,8.002483,-125.00001,0,0
27.230145,8.002483,-125.00001,0,0
26.230145,8.002483,-125.00001,0,0
25.230145,8.002483,-125.00001,0,0
24.230145,8.002483,-125.00001,0,0
23.230145,8.002483,-125.00001,0,0
22.230145,8.002483,-125.00001,0,0
21.230145,8.002483,-125.00001,0,0
20.230145,8.002483,-125.00001,0,0
19.230145,8.002483,-125.00001,0,0
18.230145,8.002483,-125.00001,0,0
17.230145,8.002483,-125.00001,0,0
16.230145,8.002483,-125.00001,0,7.999998
15.2301445,8.002483,-125.00001,0,55.999996
14.2301445,8.002483,-125.00001,0.41392905,31.999996
13.2301445,8.002483,-125.00001,0.3399606,43.999996
12.2301445,8.002483,-125.00001,0.29018095,39.999996
11.2301445,8.002483,-125.00001,0.12537417,47.999996
10.2301445,8.002483,-125.00001,-0.030142583,23.999996
9.2301445,8.002483,-125.00001,0.054736394,55.999996
8.2301445,8.002483,-125.00001,0.34835902,47.999996
7.2301445,8.002483,-125.00001,0.59275717,43.999996
6.2301445,8.002483,-125.00001,0.63858694,55.999996
5.2301445,8.002483,-125.00001,0.54433364,43.999996
4.2301445,8.002483,-125.00001,0.51467144,51.999996
3.2301445,8.002483,-125.00001,0.46127266,63.999996
2.2301445,8.002483,-125.00001,0.3684907,39.999996
1.2301445,8.002483,-125.00001,0.37891337,63.999996
0.2301445,8.002483,-125.00001,0.41990662,67.99999
-0.7698555,8.002483,-125.00001,0.33780986,67.99999
-1.7698555,8.002483,-125.00001,0.24390694,79.99999
-2.7698555,8.002483,-125.00001,0.2370671,103.99999
-3.7698555,8.002483,-125.00001,0.25145206,79.99999
-4.7698555,8.002483,-125.00001,0.21402572,95.99999
-5.7698555,8.002483,-125.00001,0.29672098,99.99999
-6.7698555,8.002483,-125.00001,0.5017453,63.999996
-7.7698555,8.002483,-125.00001,0.5621512,95.99999
-8.7698555,8.002483,-125.00001,0.49510017,67.99999
-9.7698555,8.002483,-125.00001,0.4085358,71.99999
-10.7698555,8.002483,-125.00001,0.3398952,7.999998
-11.7698555,8.002483,-125.00001,0.39050072,39.999996
-12.7698555,8.002483,-125.00001,0.5296787,75.99999
-13.7698555,8.002483,-125.00001,0.53628784,99.99999
-14.7698555,8.002483,-125.00001,0.462215,71.99999
-15.7698555,8.002483,-125.00001,0.43502674,83.99999
-16.769855,8.002483,-125.00001,0.47094837,59.999996
-17.769855,8.002483,-125.00001,0.5447681,79.99999
-18.769855,8.002483,-125.00001,0,23.999996
-19.769855,8.002483,-125.00001,0,0
-20.769855,8.002483,-125.00001,0,0
-21.769855,8.002483,-125.00001,0,0
-22.769855,8.002483,-125.00001,0,0
-23.769855,8.002483,-125.00001,0,0
-24.769855,8.002483,-125.00001,0,0
-25.769855,8.002483,-125.00001,0,0
-26.769855,8.002483,-125.00001,0,0
-27.769855,8.002483,-125.00001,0,0
-28.769855,8.002483,-125.00001,0,0
-29.769855,8.002483,-125.00001,0,0
-30.769855,8.002483,-125.00001,0,0
-31.769855,8.002483,-125.00001,0,0
-32.769855,8.002483,-125.00001,0,0
-33.769855,8.002483,-125.00001,0,0
-34.769855,8.002483,-125.00001,0,0
-35.769855,8.002483,-125.00001,0,0
-36.769855,8.002483,-125.00001,0,0
-37.769855,8.002483,-125.00001,0,0
-38.769855,8.002483,-125.00001,0,0
-39.769855,8.002483,-125.00001,0,0
-40.769855,8.002483,-125.00001,0,0
-41.769855,8.002483,-125.00001,0,0
-42.769855,8.002483,-125.00001,0,0
-43.769855,8.002483,-125.00001,0,0
-44.769855,8.002483,-125.00001,0,0
-45.769855,8.002483,-125.00001,0,0
-46.769855,8.002483,-125.00001,0,0
-47.769855,8.002483,-125.00001,0,0
-48.769855,8.002483,-125.00001,0,0
-49.769855,8.002483,-125.00001,0,0
49.230145,7.0024834,-125.00001,0,0
48.230145,7.0024834,-125.00001,0,0
47.230145,7.0024834,-125.00001,0,0
46.230145,7.0024834,-125.00001,0,0
45.230145,7.0024834,-125.00001,0,0
44.230145,7.0024834,-125.00001,0,0
43.230145,7.0024834,-125.00001,0,0
42.230145,7.0024834,-125.00001,0,0
41.230145,7.0024834,-125.00001,0,0
40.230145,7.0024834,-125.00001,0,0
39.230145,7.0024834,-125.00001,0,0
38.230145,7.0024834,-125.00001,0,0
37.230145,7.0024834,-125.00001,0,0
36.230145,7.0024834,-125.00001,0,0
35.230145,7.0024834,-125.00001,0,0
34.230145,7.0024834,-125.00001,0,0
33.230145,7.0024834,-125.00001,0,0
32.230145,7.0024834,-125.00001,0,0
31.230145,7.0024834,-125.00001,0,0
30.230145,7.0024834,-125.00001,0,0
29.230145,7.0024834,-125.00001,0,0
28.230145,7.0024834,-125.00001,0,0
27.230145,7.0024834,-125.00001,0,0
26.230145,7.0024834,-125.00001,0,0
25.230145,7.0024834,-125.00001,0,0
24.230145,7.0024834,-125.00001,0,0
23.230145,7.0024834,-125.00001,0,0
22.230145,7.0024834,-125.00001,0,0
21.230145,7.0024834,-125.00001,0,0
20.230145,7.0024834,-125.00001,0,0
19.230145,7.0024834,-125.00001,0,0
18.230145,7.0024834,-125.00001,0,0
17.230145,7.0024834,-125.00001,0,0
16.230145,7.0024834,-125.00001,0,39.999996
15.2301445,7.0024834,-125.00001,0.3886025,51.999996
14.2301445,7.0024834,-125.00001,0.39916003,31.999996
13.2301445,7.0024834,-125.00001,0.38673374,27.999996
12.2301445,7.0024834,-125.00001,0.31856716,39.999996
11.2301445,7.0024834,-125.00001,0.17993787,43.999996
10.2301445,7.0024834,-125.00001,0.106744535,31.999996
9.2301445,7.0024834,-125.00001,0.21137695,35.999996
8.2301445,7.0024834,-125.00001,0.35248032,27.999996
7.2301445,7.0024834,-125.00001,0.4395992,47.999996
6.2301445,7.0024834,-125.00001,0.50667524,43.999996
5.2301445,7.0024834,-125.00001,0.5224947,51.999996
4.2301445,7.0024834,-125.00001,0.5202465,47.999996
3.2301445,7.0024834,-125.00001,0.43790722,43.999996
2.2301445,7.0024834,-125.00001,0.32396013,59.999996
1.2301445,7.0024834,-125.00001,0.3551572,47.999996
0.2301445,7.0024834,-125.00001,0.48561522,67.99999
-0.7698555,7.0024834,-125.00001,0.4757259,83.99999
-1.7698555,7.0024834,-125.00001,0.37458968,59.999996
-2.7698555,7.0024834,-125.00001,0.35636282,63.999996
-3.7698555,7.0024834,-125.00001,0.3367234,71.99999
-4.7698555,7.0024834,-125.00001,0.21035556,71.99999
-5.7698555,7.0024834,-125.00001,0.18186632,23.999996
-6.7698555,7.0024834,-125.00001,0.37362757,83.99999
-7.7698555,7.0024834,-125.00001,0.49628875,71.99999
-8.7698555,7.0024834,-125.00001,0.4893908,55.999996
-9.7698555,7.0024834,-125.00001,0.4976452,59.999996
-10.7698555,7.0024834,-125.00001,0.48058483,67.99999
-11.7698555,7.0024834,-125.00001,0.4531256,43.999996
-12.7698555,7.0024834,-125.00001,0.46273148,39.999996
-13.7698555,7.0024834,-125.00001,0.41498694,59.999996
-14.7698555,7.0024834,-125.00001,0.38444346,75.99999
-15.7698555,7.0024834,-125.00001,0.42764202,95.99999
-16.769855,7.0024834,-125.00001,0.55018806,59.999996
-17.769855,7.0024834,-125.00001,0.5870494,67.99999
-18.769855,7.0024834,-125.00001,0,39.999996
-19.769855,7.0024834,-125.00001,0,3.999999
-20.769855,7.0024834,-125.00001,0,0
-21.769855,7.0024834,-125.00001,0,0
-22.769855,7.0024834,-125.00001,0,0
-23.769855,7.0024834,-125.00001,0,0
-24.769855,7.0024834,-125.00001,0,0
-25.769855,7.0024834,-125.00001,0,0
-26.769855,7.0024834,-125.00001,0,0
-27.769855,7.0024834,-125.00001,0,0
-28.769855,7.0024834,-125.00001,0,0
-29.769855,7.0024834,-125.00001,0,0
-30.769855,7.0024834,-125.00001,0,0
-31.769855,7.0024834,-125.00001,0,0
-32.769855,7.0024834,-125.00001,0,0
-33.769855,7.0024834,-125.00001,0,0
-34.769855,7.0024834,-125.00001,0,0
-35.769855,7.0024834,-125.00001,0,0
-36.769855,7.0024834,-125.00001,0,0
-37.769855,7.0024834,-125.00001,0,0
-38.769855,7.0024834,-125.00001,0,0
-39.769855,7.0024834,-125.00001,0,0
-40.769855,7.0024834,-125.00001,0,0
-41.769855,7.0024834,-125.00001,0,0
-42.769855,7.0024834,-125.00001,0,0
-43.769855,7.0024834,-125.00001,0,0
-44.769855,7.0024834,-125.00001,0,0
-45.769855,7.0024834,-125.00001,0,0
-46.769855,7.0024834,-125.00001,0,0
-47.769855,7.0024834,-125.00001,0,0
-48.769855,7.0024834,-125.00001,0,0
-49.769855,7.0024834,-125.00001,0,0
49.230145,6.0024834,-125.00001,0,0
48.230145,6.0024834,-125.00001,0,0
47.230145,6.0024834,-125.00001,0,0
46.230145,6.0024834,-125.00001,0,0
45.230145,6.0024834,-125.00001,0,0
44.230145,6.0024834,-125.00001,0,0
43.230145,6.0024834,-125.00001,0,0
42.230145,6.0024834,-125.00001,0,0
41.230145,6.0024834,-125.00001,0,0
40.230145,6.0024834,-125.00001,0,0
39.230145,6.0024834,-125.00001,0,0
38.230145,6.0024834,-125.00001,0,0
37.230145,6.0024834,-125.00001,0,0
36.230145,6.0024834,-125.00001,0,0
35.230145,6.0024834,-125.00001,0,0
34.230145,6.0024834,-125.00001,0,0
33.230145,6.0024834,-125.00001,0,0
32.230145,6.0024834,-125.00001,0,0
31.230145,6.0024834,-125.00001,0,0
30.230145,6.0024834,-125.00001,0,0
29.230145,6.0024834,-125.00001,0,0
28.230145,6.0024834,-125.00001,0,0
27.230145,6.0024834,-125.00001,0,0
26.230145,6.0024834,-125.00001,0,0
25.230145,6.0024834,-125.00001,0,0
24.230145,6.0024834,-125.00001,0,0
23.230145,6.0024834,-125.00001,0,0
22.230145,6.0024834,-125.00001,0,0
21.230145,6.0024834,-125.00001,0,0
20.230145,6.0024834,-125.00001,0,0
19.230145,6.0024834,-125.00001,0,0
18.230145,6.0024834,-125.00001,0,0
17.230145,6.0024834,-125.00001,0,0
16.230145,6.0024834,-125.00001,0,59.999996
15.2301445,6.0024834,-125.00001,0.45243776,35.999996
14.2301445,6.0024834,-125.00001,0.5611436,71.99999
13.2301445,6.0024834,-125.00001,0.54249346,59.999996
12.2301445,6.0024834,-125.00001,0.39489907,51.999996
11.2301445,6.0024834,-125.00001,0.26666802,31.999996
10.2301445,6.0024834,-125.00001,0.29350182,47.999996
9.2301445,6.0024834,-125.00001,0.36431187,27.999996
8.2301445,6.0024834,-125.00001,0.4385314,63.999996
7.2301445,6.0024834,-125.00001,0.49671063,43.999996
6.2301445,6.0024834,-125.00001,0.547141,43.999996
5.2301445,6.0024834,-125.00001,0.59158784,91.99999
4.2301445,6.0024834,-125.00001,0.5567176,35.999996
3.2301445,6.0024834,-125.00001,0.49777925,59.999996
2.2301445,6.0024834,-125.00001,0.40275037,55.999996
1.2301445,6.0024834,-125.00001,0.39597723,43.999996
0.2301445,6.0024834,-125.00001,0.5298308,131.99998
-0.7698555,6.0024834,-125.00001,0.58191377,51.999996
-1.7698555,6.0024834,-125.00001,0.5870036,75.99999
-2.7698555,6.0024834,-125.00001,0.52166796,79.99999
-3.7698555,6.0024834,-125.00001,0.37152725,79.99999
-4.7698555,6.0024834,-125.00001,0.258919,107.99999
-5.7698555,6.0024834,-125.00001,0.2460787,91.99999
-6.7698555,6.0024834,-125.00001,0.33198562,83.99999
-7.7698555,6.0024834,-125.00001,0.43670237,31.999996
-8.7698555,6.0024834,-125.00001,0.45821714,55.999996
-9.7698555,6.0024834,-125.00001,0.41362303,15.999996
-10.7698555,6.0024834,-125.00001,0.42226213,23.999996
-11.7698555,6.0024834,-125.00001,0.47889623,39.999996
-12.7698555,6.0024834,-125.00001,0.46767083,51.999996
-13.7698555,6.0024834,-125.00001,0.41133857,55.999996
-14.7698555,6.0024834,-125.00001,0.35996777,63.999996
-15.7698555,6.0024834,-125.00001,0.42463285,91.99999
-16.769855,6.0024834,-125.00001,0.55404794,123.99999
-17.769855,6.0024834,-125.00001,0.58199906,91.99999
-18.769855,6.0024834,-125.00001,-Infinity,55.999996
-19.769855,6.0024834,-125.00001,0,0
-20.769855,6.0024834,-125.00001,0,0
-21.769855,6.0024834,-125.00001,0,0
-22.769855,6.0024834,-125.00001,0,0
-23.769855,6.0024834,-125.00001,0,0
-24.769855,6.0024834,-125.00001,0,0
-25.769855,6.0024834,-125.00001,0,0
-26.769855,6.0024834,-125.00001,0,0
-27.769855,6.0024834,-125.00001,0,0
-28.769855,6.0024834,-125.00001,0,0
-29.769855,6.0024834,-125.00001,0,0
-30.769855,6.0024834,-125.00001,0,0
-31.769855,6.0024834,-125.00001,0,0
-32.769855,6.0024834,-125.00001,0,0
-33.769855,6.0024834,-125.00001,0,0
-34.769855,6.0024834,-125.00001,0,0
-35.769855,6.0024834,-125.00001,0,0
-36.769855,6.0024834,-125.00001,0,0
-37.769855,6.0024834,-125.00001,0,0
-38.769855,6.0024834,-125.00001,0,0
-39.769855,6.0024834,-125.00001,0,0
-40.769855,6.0024834,-125.00001,0,0
-41.769855,6.0024834,-125.00001,0,0
-42.769855,6.0024834,-125.00001,0,0
-43.769855,6.0024834,-125.00001,0,0
-44.769855,6.0024834,-125.00001,0,0
-45.769855,6.0024834,-125.00001,0,0
-46.769855,6.0024834,-125.00001,0,0
-47.769855,6.0024834,-125.00001,0,0
-48.769855,6.0024834,-125.00001,0,0
-49.769855,6.0024834,-125.00001,0,0
49.230145,5.0024834,-125.00001,0,0
48.230145,5.0024834,-125.00001,0,0
47.230145,5.0024834,-125.00001,0,0
46.230145,5.0024834,-125.00001,0,0
45.230145,5.0024834,-125.00001,0,0
44.230145,5.0024834,-125.00001,0,0
43.230145,5.0024834,-125.00001,0,0
42.230145,5.0024834,-125.00001,0,0
41.230145,5.0024834,-125.00001,0,0
40.230145,5.0024834,-125.00001,0,0
39.230145,5.0024834,-125.00001,0,0
38.230145,5.0024834,-125.00001,0,0
37.230145,5.0024834,-125.00001,0,0
36.230145,5.0024834,-125.00001,0,0
35.230145,5.0024834,-125.00001,0,0
34.230145,5.0024834,-125.00001,0,0
33.230145,5.0024834,-125.00001,0,0
32.230145,5.0024834,-125.00001,0,0
31.230145,5.0024834,-125.00001,0,0
30.230145,5.0024834,-125.00001,0,0
29.230145,5.0024834,-125.00001,0,0
28.230145,5.0024834,-125.00001,0,0
27.230145,5.0024834,-125.00001,0,0
26.230145,5.0024834,-125.00001,0,0
25.230145,5.0024834,-125.00001,0,0
24.230145,5.0024834,-125.00001,0,0
23.230145,5.0024834,-125.00001,0,0
22.230145,5.0024834,-125.00001,0,0
21.230145,5.0024834,-125.00001,0,0
20.230145,5.0024834,-125.00001,0,0
19.230145,5.0024834,-125.00001,0,0
18.230145,5.0024834,-125.00001,0,0
17.230145,5.0024834,-125.00001,0,3.999999
16.230145,5.0024834,-125.00001,0,51.999996
15.2301445,5.0024834,-125.00001,0.5614796,83.99999
14.2301445,5.0024834,-125.00001,0.64303386,59.999996
13.2301445,5.0024834,-125.00001,0.6044519,47.999996
12.2301445,5.0024834,-125.00001,0.46097693,39.999996
11.2301445,5.0024834,-125.00001,0.37652093,55.999996
10.2301445,5.0024834,-125.00001,0.38019484,27.999996
9.2301445,5.0024834,-125.00001,0.4297395,47.999996
8.2301445,5.0024834,-125.00001,0.52396685,63.999996
7.2301445,5.0024834,-125.00001,0.58083,55.999996
6.2301445,5.0024834,-125.00001,0.59275556,83.99999
5.2301445,5.0024834,-125.00001,0.592585,43.999996
4.2301445,5.0024834,-125.00001,0.6397574,63.999996
3.2301445,5.0024834,-125.00001,0.6130686,123.99999
2.2301445,5.0024834,-125.00001,0.4731076,51.999996
1.2301445,5.0024834,-125.00001,0.4570992,43.999996
0.2301445,5.0024834,-125.00001,0.55105925,67.99999
-0.7698555,5.0024834,-125.00001,0.60372555,51.999996
-1.7698555,5.0024834,-125.00001,0.5861769,63.999996
-2.7698555,5.0024834,-125.00001,0.48598677,95.99999
-3.7698555,5.0024834,-125.00001,0.34591323,47.999996
-4.7698555,5.0024834,-125.00001,0.33788955,79.99999
-5.7698555,5.0024834,-125.00001,0.3730055,135.99998
-6.7698555,5.0024834,-125.00001,0.37520963,51.999996
-7.7698555,5.0024834,-125.00001,0.466388,63.999996
-8.7698555,5.0024834,-125.00001,0.4921459,63.999996
-9.7698555,5.0024834,-125.00001,0.37791544,23.999996
-10.7698555,5.0024834,-125.00001,0.35281572,43.999996
-11.7698555,5.0024834,-125.00001,0.41079292,51.999996
-12.7698555,5.0024834,-125.00001,0.43551886,63.999996
-13.7698555,5.0024834,-125.00001,0.39859876,67.99999
-14.7698555,5.0024834,-125.00001,0.3637411,91.99999
-15.7698555,5.0024834,-125.00001,0.44970042,67.99999
-16.769855,5.0024834,-125.00001,0.5929544,99.99999
-17.769855,5.0024834,-125.00001,0.5760529,95.99999
-18.769855,5.0024834,-125.00001,-Infinity,95.99999
-19.769855,5.0024834,-125.00001,0,43.999996
-20.769855,5.0024834,-125.00001,0,0
-21.769855,5.0024834,-125.00001,0,0
-22.769855,5.0024834,-125.00001,0,0
-23.769855,5.0024834,-125.00001,0,0
-24.769855,5.0024834,-125.00001,0,0
-25.769855,5.0024834,-125.00001,0,0
-26.769855,5.0024834,-125.00001,0,0
-27.769855,5.0024834,-125.00001,0,0
-28.769855,5.0024834,-125.00001,0,0
-29.769855,5.0024834,-125.00001,0,0
-30.769855,5.0024834,-125.00001,0,0
-31.769855,5.0024834,-125.00001,0,0
-32.769855,5.0024834,-125.00001,0,0
-33.769855,5.0024834,-125.00001,0,0
-34.769855,5.0024834,-125.00001,0,0
-35.769855,5.0024834,-125.00001,0,0
-36.769855,5.0024834,-125.00001,0,0
-37.769855,5.0024834,-125.00001,0,0
-38.769855,5.0024834,-125.00001,0,0
-39.769855,5.0024834,-125.00001,0,0
-40.769855,5.0024834,-125.00001,0,0
-41.769855,5.0024834,-125.00001,0,0
-42.769855,5.0024834,-125.00001,0,0
-43.769855,5.0024834,-125.00001,0,0
-44.769855,5.0024834,-125.00001,0,0
-45.769855,5.0024834,-125.00001,0,0
-46.769855,5.0024834,-125.00001,0,0
-47.769855,5.0024834,-125.00001,0,0
-48.769855,5.0024834,-125.00001,0,0
-49.769855,5.0024834,-125.00001,0,0
49.230145,4.0024834,-125.00001,0,0
48.230145,4.0024834,-125.00001,0,0
47.230145,4.0024834,-125.00001,0,0
46.230145,4.0024834,-125.00001,0,0
45.230145,4.0024834,-125.00001,0,0
44.230145,4.0024834,-125.00001,0,0
43.230145,4.0024834,-125.00001,0,0
42.230145,4.0024834,-125.00001,0,0
41.230145,4.0024834,-125.00001,0,0
40.230145,4.0024834,-125.00001,0,0
39.230145,4.0024834,-125.00001,0,0
38.230145,4.0024834,-125.00001,0,0
37.230145,4.0024834,-125.00001,0,0
36.230145,4.0024834,-125.00001,0,0
35.230145,4.0024834,-125.00001,0,0
34.230145,4.0024834,-125.00001,0,0
33.230145,4.0024834,-125.00001,0,0
32.230145,4.0024834,-125.00001,0,0
31.230145,4.0024834,-125.00001,0,0
30.230145,4.0024834,-125.00001,0,0
29.230145,4.0024834,-125.00001,0,0
28.230145,4.0024834,-125.00001,0,0
27.230145,4.0024834,-125.00001,0,0
26.230145,4.0024834,-125.00001,0,0
25.230145,4.0024834,-125.00001,0,0
24.230145,4.0024834,-125.00001,0,0
23.230145,4.0024834,-125.00001,0,0
22.230145,4.0024834,-125.00001,0,0
21.230145,4.0024834,-125.00001,0,0
20.230145,4.0024834,-125.00001,0,0
19.230145,4.0024834,-125.00001,0,0
18.230145,4.0024834,-125.00001,0,0
17.230145,4.0024834,-125.00001,0,19.999996
16.230145,4.0024834,-125.00001,0.4357199,55.999996
15.2301445,4.0024834,-125.00001,0.6036169,71.99999
14.2301445,4.0024834,-125.00001,0.59816766,63.999996
13.2301445,4.0024834,-125.00001,0.5292254,35.999996
12.2301445,4.0024834,-125.00001,0.5247334,79.99999
11.2301445,4.0024834,-125.00001,0.5065368,83.99999
10.2301445,4.0024834,-125.00001,0.47456872,39.999996
9.2301445,4.0024834,-125.00001,0.48985463,75.99999
8.2301445,4.0024834,-125.00001,0.5225482,63.999996
7.2301445,4.0024834,-125.00001,0.5651578,63.999996
6.2301445,4.0024834,-125.00001,0.5492004,55.999996
5.2301445,4.0024834,-125.00001,0.5671345,39.999996
4.2301445,4.0024834,-125.00001,0.6346259,79.99999
3.2301445,4.0024834,-125.00001,0.5877353,67.99999
2.2301445,4.0024834,-125.00001,0.5015163,43.999996
1.2301445,4.0024834,-125.00001,0.54304606,87.99999
0.2301445,4.0024834,-125.00001,0.61288524,87.99999
-0.7698555,4.0024834,-125.00001,0.57658434,95.99999
-1.7698555,4.0024834,-125.00001,0.4490065,43.999996
-2.7698555,4.0024834,-125.00001,0.36643207,59.999996
-3.7698555,4.0024834,-125.00001,0.35634,67.99999
-4.7698555,4.0024834,-125.00001,0.38273755,103.99999
-5.7698555,4.0024834,-125.00001,0.4007369,79.99999
-6.7698555,4.0024834,-125.00001,0.4221714,83.99999
-7.7698555,4.0024834,-125.00001,0.52780735,55.999996
-8.7698555,4.0024834,-125.00001,0.6123172,59.999996
-9.7698555,4.0024834,-125.00001,0.5473676,55.999996
-10.7698555,4.0024834,-125.00001,0.3984174,43.999996
-11.7698555,4.0024834,-125.00001,0.30220625,43.999996
-12.7698555,4.0024834,-125.00001,0.2926134,67.99999
-13.7698555,4.0024834,-125.00001,0.28719577,55.999996
-14.7698555,4.0024834,-125.00001,0.30010203,51.999996
-15.7698555,4.0024834,-125.00001,0.43293086,63.999996
-16.769855,4.0024834,-125.00001,0.61638534,79.99999
-17.769855,4.0024834,-125.00001,0.58510756,87.99999
-18.769855,4.0024834,-125.00001,0.37478533,103.99999
-19.769855,4.0024834,-125.00001,0,23.999996
-20.769855,4.0024834,-125.00001,0,0
-21.769855,4.0024834,-125.00001,0,0
-22.769855,4.0024834,-125.00001,0,0
-23.769855,4.0024834,-125.00001,0,0
-24.769855,4.0024834,-125.00001,0,0
-25.769855,4.0024834,-125.00001,0,0
-26.769855,4.0024834,-125.00001,0,0
-27.769855,4.0024834,-125.00001,0,0
-28.769855,4.0024834,-125.00001,0,0
-29.769855,4.0024834,-125.00001,0,0
-30.769855,4.0024834,-125.00001,0,0
-31.769855,4.0024834,-125.00001,0,0
-32.769855,4.0024834,-125.00001,0,0
-33.769855,4.0024834,-125.00001,0,0
-34.769855,4.0024834,-125.00001,0,0
-35.769855,4.0024834,-125.00001,0,0
-36.769855,4.0024834,-125.00001,0,0
-37.769855,4.0024834,-125.00001,0,0
-38.769855,4.0024834,-125.00001,0,0
-39.769855,4.0024834,-125.00001,0,0
-40.769855,4.0024834,-125.00001,0,0
-41.769855,4.0024834,-125.00001,0,0
-42.769855,4.0024834,-125.00001,0,0
-43.769855,4.0024834,-125.00001,0,0
-44.769855,4.0024834,-125.00001,0,0
-45.769855,4.0024834,-125.00001,0,0
-46.769855,4.0024834,-125.00001,0,0
-47.769855,4.0024834,-125.00001,0,0
-48.769855,4.0024834,-125.00001,0,0
-49.769855,4.0024834,-125.00001,0,0
49.230145,3.0024834,-125.00001,0,0
48.230145,3.0024834,-125.00001,0,0
47.230145,3.0024834,-125.00001,0,0
46.230145,3.0024834,-125.00001,0,0
45.230145,3.0024834,-125.00001,0,0
44.230145,3.0024834,-125.00001,0,0
43.230145,3.0024834,-125.00001,0,0
42.230145,3.0024834,-125.00001,0,0
41.230145,3.0024834,-125.00001,0,0
40.230145,3.0024834,-125.00001,0,0
39.230145,3.0024834,-125.00001,0,0
38.230145,3.0024834,-125.00001,0,0
37.230145,3.0024834,-125.00001,0,0
36.230145,3.0024834,-125.00001,0,0
35.230145,3.0024834,-125.00001,0,0
34.230145,3.0024834,-125.00001,0,0
33.230145,3.0024834,-125.00001,0,0
32.230145,3.0024834,-125.00001,0,0
31.230145,3.0024834,-125.00001,0,0
30.230145,3.0024834,-125.00001,0,0
29.230145,3.0024834,-125.00001,0,0
28.230145,3.0024834,-125.00001,0,0
27.230145,3.0024834,-125.00001,0,0
26.230145,3.0024834,-125.00001,0,0
25.230145,3.0024834,-125.00001,0,0
24.230145,3.0024834,-125.00001,0,0
23.230145,3.0024834,-125.00001,0,0
22.230145,3.0024834,-125.00001,0,0
21.230145,3.0024834,-125.00001,0,0
20.230145,3.0024834,-125.00001,0,0
19.230145,3.0024834,-125.00001,0,0
18.230145,3.0024834,-125.00001,0,0
17.230145,3.0024834,-125.00001,0,15.999996
16.230145,3.0024834,-125.00001,0.508832,47.999996
15.2301445,3.0024834,-125.00001,0.56119,79.99999
14.2301445,3.0024834,-125.00001,0.5372226,63.999996
13.2301445,3.0024834,-125.00001,0.5355346,79.99999
12.2301445,3.0024834,-125.00001,0.61919636,59.999996
11.2301445,3.0024834,-125.00001,0.63831043,71.99999
10.2301445,3.0024834,-125.00001,0.5406058,51.999996
9.2301445,3.0024834,-125.00001,0.45331222,67.99999
8.2301445,3.0024834,-125.00001,0.4389349,67.99999
7.2301445,3.0024834,-125.00001,0.42631364,79.99999
6.2301445,3.0024834,-125.00001,0.4566924,55.999996
5.2301445,3.0024834,-125.00001,0.5522587,47.999996
4.2301445,3.0024834,-125.00001,0.55261844,111.99999
3.2301445,3.0024834,-125.00001,0.46317235,67.99999
2.2301445,3.0024834,-125.00001,0.47789836,59.999996
1.2301445,3.0024834,-125.00001,0.5929866,43.999996
0.2301445,3.0024834,-125.00001,0.63829076,87.99999
-0.7698555,3.0024834,-125.00001,0.551787,67.99999
-1.7698555,3.0024834,-125.00001,0.42812887,51.999996
-2.7698555,3.0024834,-125.00001,0.39148426,59.999996
-3.7698555,3.0024834,-125.00001,0.4383889,47.999996
-4.7698555,3.0024834,-125.00001,0.48651838,79.99999
-5.7698555,3.0024834,-125.00001,0.47656932,43.999996
-6.7698555,3.0024834,-125.00001,0.46323484,71.99999
-7.7698555,3.0024834,-125.00001,0.5234709,63.999996
-8.7698555,3.0024834,-125.00001,0.5964275,55.999996
-9.7698555,3.0024834,-125.00001,0.47292298,63.999996
-10.7698555,3.0024834,-125.00001,0.29204762,39.999996
-11.7698555,3.0024834,-125.00001,0.21022925,47.999996
-12.7698555,3.0024834,-125.00001,0.1480469,43.999996
-13.7698555,3.0024834,-125.00001,0.15711144,75.99999
-14.7698555,3.0024834,-125.00001,0.26100403,47.999996
-15.7698555,3.0024834,-125.00001,0.41636258,95.99999
-16.769855,3.0024834,-125.00001,0.5190157,59.999996
-17.769855,3.0024834,-125.00001,0.5196731,67.99999
-18.769855,3.0024834,-125.00001,Infinity,63.999996
-19.769855,3.0024834,-125.00001,0,15.999996
-20.769855,3.0024834,-125.00001,0,0
-21.769855,3.0024834,-125.00001,0,0
-22.769855,3.0024834,-125.00001,0,0
-23.769855,3.0024834,-125.00001,0,0
-24.769855,3.0024834,-125.00001,0,0
-25.769855,3.0024834,-125.00001,0,0
-26.769855,3.0024834,-125.00001,0,0
-27.769855,3.0024834,-125.00001,0,0
-28.769855,3.0024834,-125.00001,0,0
-29.769855,3.0024834,-125.00001,0,0
-30.769855,3.0024834,-125.00001,0,0
-31.769855,3.0024834,-125.00001,0,0
-32.769855,3.0024834,-125.00001,0,0
-33.769855,3.0024834,-125.00001,0,0
-34.769855,3.0024834,-125.00001,0,0
-35.769855,3.0024834,-125.00001,0,0
-36.769855,3.0024834,-125.00001,0,0
-37.769855,3.0024834,-125.00001,0,0
-38.769855,3.0024834,-125.00001,0,0
-39.769855,3.0024834,-125.00001,0,0
-40.769855,3.0024834,-125.00001,0,0
-41.769855,3.0024834,-125.00001,0,0
-42.769855,3.0024834,-125.00001,0,0
-43.769855,3.0024834,-125.00001,0,0
-44.769855,3.0024834,-125.00001,0,0
-45.769855,3.0024834,-125.00001,0,0
-46.769855,3.0024834,-125.00001,0,0
-47.769855,3.0024834,-125.00001,0,0
-48.769855,3.0024834,-125.00001,0,0
-49.769855,3.0024834,-125.00001,0,0
49.230145,2.0024834,-125.00001,0,0
48.230145,2.0024834,-125.00001,0,0
47.230145,2.0024834,-125.00001,0,0
46.230145,2.0024834,-125.00001,0,0
45.230145,2.0024834,-125.00001,0,0
44.230145,2.0024834,-125.00001,0,0
43.230145,2.0024834,-125.00001,0,0
42.230145,2.0024834,-125.00001,0,0
41.230145,2.0024834,-125.00001,0,0
40.230145,2.0024834,-125.00001,0,0
39.230145,2.0024834,-125.00001,0,0
38.230145,2.0024834,-125.00001,0,0
37.230145,2.0024834,-125.00001,0,0
36.230145,2.0024834,-125.00001,0,0
35.230145,2.0024834,-125.00001,0,0
34.230145,2.0024834,-125.00001,0,0
33.230145,2.0024834,-125.00001,0,0
32.230145,2.0024834,-125.00001,0,0
31.230145,2.0024834,-125.00001,0,0
30.230145,2.0024834,-125.00001,0,0
29.230145,2.0024834,-125.00001,0,0
28.230145,2.0024834,-125.00001,0,0
27.230145,2.0024834,-125.00001,0,0
26.230145,2.0024834,-125.00001,0,0
25.230145,2.0024834,-125.00001,0,0
24.230145,2.0024834,-125.00001,0,0
23.230145,2.0024834,-125.00001,0,0
22.230145,2.0024834,-125.00001,0,0
21.230145,2.0024834,-125.00001,0,0
20.230145,2.0024834,-125.00001,0,0
19.230145,2.0024834,-125.00001,0,0
18.230145,2.0024834,-125.00001,0,0
17.230145,2.0024834,-125.00001,0,35.999996
16.230145,2.0024834,-125.00001,0.5468473,35.999996
15.2301445,2.0024834,-125.00001,0.54157937,63.999996
14.2301445,2.0024834,-125.00001,0.5233041,83.99999
13.2301445,2.0024834,-125.00001,0.4998065,55.999996
12.2301445,2.0024834,-125.00001,0.53834337,95.99999
11.2301445,2.0024834,-125.00001,0.5240861,55.999996
10.2301445,2.0024834,-125.00001,0.36669374,43.999996
9.2301445,2.0024834,-125.00001,0.26697344,43.999996
8.2301445,2.0024834,-125.00001,0.24948043,67.99999
7.2301445,2.0024834,-125.00001,0.22335154,63.999996
6.2301445,2.0024834,-125.00001,0.29404435,51.999996
5.2301445,2.0024834,-125.00001,0.4759959,55.999996
4.2301445,2.0024834,-125.00001,0.5245995,71.99999
3.2301445,2.0024834,-125.00001,0.42718682,71.99999
2.2301445,2.0024834,-125.00001,0.40504465,51.999996
1.2301445,2.0024834,-125.00001,0.5034237,79.99999
0.2301445,2.0024834,-125.00001,0.5409549,83.99999
-0.7698555,2.0024834,-125.00001,0.54526365,67.99999
-1.7698555,2.0024834,-125.00001,0.50959915,71.99999
-2.7698555,2.0024834,-125.00001,0.49873734,27.999996
-3.7698555,2.0024834,-125.00001,0.5761337,83.99999
-4.7698555,2.0024834,-125.00001,0.606874,67.99999
-5.7698555,2.0024834,-125.00001,0.56075794,43.999996
-6.7698555,2.0024834,-125.00001,0.47911018,67.99999
-7.7698555,2.0024834,-125.00001,0.4750665,51.999996
-8.7698555,2.0024834,-125.00001,0.46615908,27.999996
-9.7698555,2.0024834,-125.00001,0.26295403,27.999996
-10.7698555,2.0024834,-125.00001,0.14917754,11.999997
-11.7698555,2.0024834,-125.00001,0.17359978,43.999996
-12.7698555,2.0024834,-125.00001,0.09706654,31.999996
-13.7698555,2.0024834,-125.00001,0.059670657,19.999996
-14.7698555,2.0024834,-125.00001,0.25282156,59.999996
-15.7698555,2.0024834,-125.00001,0.3851552,51.999996
-16.769855,2.0024834,-125.00001,0.41387627,63.999996
-17.769855,2.0024834,-125.00001,0.40959013,35.999996
-18.769855,2.0024834,-125.00001,Infinity,71.99999
-19.769855,2.0024834,-125.00001,0,3.999999
-20.769855,2.0024834,-125.00001,0,0
-21.769855,2.0024834,-125.00001,0,0
-22.769855,2.0024834,-125.00001,0,0
-23.769855,2.0024834,-125.00001,0,0
-24.769855,2.0024834,-125.00001,0,0
-25.769855,2.0024834,-125.00001,0,0
-26.769855,2.0024834,-125.00001,0,0
-27.769855,2.0024834,-125.00001,0,0
-28.769855,2.0024834,-125.00001,0,0
-29.769855,2.0024834,-125.00001,0,0
-30.769855,2.0024834,-125.00001,0,0
-31.769855,2.0024834,-125.00001,0,0
-32.769855,2.0024834,-125.00001,0,0
-33.769855,2.0024834,-125.00001,0,0
-34.769855,2.0024834,-125.00001,0,0
-35.769855,2.0024834,-125.00001,0,0
-36.769855,2.0024834,-125.00001,0,0
-37.769855,2.0024834,-125.00001,0,0
-38.769855,2.0024834,-125.00001,0,0
-39.769855,2.0024834,-125.00001,0,0
-40.769855,2.0024834,-125.00001,0,0
-41.769855,2.0024834,-125.00001,0,0
-42.769855,2.0024834,-125.00001,0,0
-43.769855,2.0024834,-125.00001,0,0
-44.769855,2.0024834,-125.00001,0,0
-45.769855,2.0024834,-125.00001,0,0
-46.769855,2.0024834,-125.00001,0,0
-47.769855,2.0024834,-125.00001,0,0
-48.769855,2.0024834,-125.00001,0,0
-49.769855,2.0024834,-125.00001,0,0
49.230145,1.0024834,-125.00001,0,0
48.230145,1.0024834,-125.00001,0,0
47.230145,1.0024834,-125.00001,0,0
46.230145,1.0024834,-125.00001,0,0
45.230145,1.0024834,-125.00001,0,0
44.230145,1.0024834,-125.00001,0,0
43.230145,1.0024834,-125.00001,0,0
42.230145,1.0024834,-125.00001,0,0
41.230145,1.0024834,-125.00001,0,0
40.230145,1.0024834,-125.00001,0,0
39.230145,1.0024834,-125.00001,0,0
38.230145,1.0024834,-125.00001,0,0
37.230145,1.0024834,-125.00001,0,0
36.230145,1.0024834,-125.00001,0,0
35.230145,1.0024834,-125.00001,0,0
34.230145,1.0024834,-125.00001,0,0
33.230145,1.0024834,-125.00001,0,0
32.230145,1.0024834,-125.00001,0,0
31.230145,1.0024834,-125.00001,0,0
30.230145,1.0024834,-125.00001,0,0
29.230145,1.0024834,-125.00001,0,0
28.230145,1.0024834,-125.00001,0,0
27.230145,1.0024834,-125.00001,0,0
26.230145,1.0024834,-125.00001,0,0
25.230145,1.0024834,-125.00001,0,0
24.230145,1.0024834,-125.00001,0,0
23.230145,1.0024834,-125.00001,0,0
22.230145,1.0024834,-125.00001,0,0
21.230145,1.0024834,-125.00001,0,0
20.230145,1.0024834,-125.00001,0,0
19.230145,1.0024834,-125.00001,0,0
18.230145,1.0024834,-125.00001,0,0
17.230145,1.0024834,-125.00001,0,35.999996
16.230145,1.0024834,-125.00001,0.57414114,87.99999
15.2301445,1.0024834,-125.00001,0.55885786,79.99999
14.2301445,1.0024834,-125.00001,0.50696486,75.99999
13.2301445,1.0024834,-125.00001,0.41105968,75.99999
12.2301445,1.0024834,-125.00001,0.30954826,47.999996
11.2301445,1.0024834,-125.00001,0.227581,63.999996
10.2301445,1.0024834,-125.00001,0.15319405,47.999996
9.2301445,1.0024834,-125.00001,0.12656532,55.999996
8.2301445,1.0024834,-125.00001,0.13891104,67.99999
7.2301445,1.0024834,-125.00001,0.11142018,39.999996
6.2301445,1.0024834,-125.00001,0.16996297,51.999996
5.2301445,1.0024834,-125.00001,0.35242435,87.99999
4.2301445,1.0024834,-125.00001,0.45811272,95.99999
3.2301445,1.0024834,-125.00001,0.39814684,87.99999
2.2301445,1.0024834,-125.00001,0.3367938,59.999996
1.2301445,1.0024834,-125.00001,0.3687215,67.99999
0.2301445,1.0024834,-125.00001,0.4605003,59.999996
-0.7698555,1.0024834,-125.00001,0.54780304,83.99999
-1.7698555,1.0024834,-125.00001,0.59434557,79.99999
-2.7698555,1.0024834,-125.00001,0.60067433,91.99999
-3.7698555,1.0024834,-125.00001,0.5943125,99.99999
-4.7698555,1.0024834,-125.00001,0.5881612,59.999996
-5.7698555,1.0024834,-125.00001,0.5391294,75.99999
-6.7698555,1.0024834,-125.00001,0.4542216,51.999996
-7.7698555,1.0024834,-125.00001,0.36063975,55.999996
-8.7698555,1.0024834,-125.00001,0.303104,47.999996
-9.7698555,1.0024834,-125.00001,0.16255043,47.999996
-10.7698555,1.0024834,-125.00001,0.06858209,11.999997
-11.7698555,1.0024834,-125.00001,0.11481121,27.999996
-12.7698555,1.0024834,-125.00001,0.09123582,23.999996
-13.7698555,1.0024834,-125.00001,0.04094766,47.999996
-14.7698555,1.0024834,-125.00001,0.12797306,51.999996
-15.7698555,1.0024834,-125.00001,0.25927493,75.99999
-16.769855,1.0024834,-125.00001,0.31163594,43.999996
-17.769855,1.0024834,-125.00001,0.42905736,35.999996
-18.769855,1.0024834,-125.00001,0,71.99999
-19.769855,1.0024834,-125.00001,0,3.999999
-20.769855,1.0024834,-125.00001,0,0
-21.769855,1.0024834,-125.00001,0,0
-22.769855,1.0024834,-125.00001,0,0
-23.769855,1.0024834,-125.00001,0,0
-24.769855,1.0024834,-125.00001,0,0
-25.769855,1.0024834,-125.00001,0,0
-26.769855,1.0024834,-125.00001,0,0
-27.769855,1.0024834,-125.00001,0,0
-28.769855,1.0024834,-125.00001,0,0
-29.769855,1.0024834,-125.00001,0,0
-30.769855,1.0024834,-125.00001,0,0
-31.769855,1.0024834,-125.00001,0,0
-32.769855,1.0024834,-125.00001,0,0
-33.769855,1.0024834,-125.00001,0,0
-34.769855,1.0024834,-125.00001,0,0
-35.769855,1.0024834,-125.00001,0,0
-36.769855,1.0024834,-125.00001,0,0
-37.769855,1.0024834,-125.00001,0,0
-38.769855,1.0024834,-125.00001,0,0
-39.769855,1.0024834,-125.00001,0,0
-40.769855,1.0024834,-125.00001,0,0
-41.769855,1.0024834,-125.00001,0,0
-42.769855,1.0024834,-125.00001,0,0
-43.769855,1.0024834,-125.00001,0,0
-44.769855,1.0024834,-125.00001,0,0
-45.769855,1.0024834,-125.00001,0,0
-46.769855,1.0024834,-125.00001,0,0
-47.769855,1.0024834,-125.00001,0,0
-48.769855,1.0024834,-125.00001,0,0
-49.769855,1.0024834,-125.00001,0,0
49.230145,0.002483368,-125.00001,0,0
48.230145,0.002483368,-125.00001,0,0
47.230145,0.002483368,-125.00001,0,0
46.230145,0.002483368,-125.00001,0,0
45.230145,0.002483368,-125.00001,0,0
44.230145,0.002483368,-125.00001,0,0
43.230145,0.002483368,-125.00001,0,0
42.230145,0.002483368,-125.00001,0,0
41.230145,0.002483368,-125.00001,0,0
40.230145,0.002483368,-125.00001,0,0
39.230145,0.002483368,-125.00001,0,0
38.230145,0.002483368,-125.00001,0,0
37.230145,0.002483368,-125.00001,0,0
36.230145,0.002483368,-125.00001,0,0
35.230145,0.002483368,-125.00001,0,0
34.230145,0.002483368,-125.00001,0,0
33.230145,0.002483368,-125.00001,0,0
32.230145,0.002483368,-125.00001,0,0
31.230145,0.002483368,-125.00001,0,0
30.230145,0.002483368,-125.00001,0,0
29.230145,0.002483368,-125.00001,0,0
28.230145,0.002483368,-125.00001,0,0
27.230145,0.002483368,-125.00001,0,0
26.230145,0.002483368,-125.00001,0,0
25.230145,0.002483368,-125.00001,0,0
24.230145,0.002483368,-125.00001,0,0
23.230145,0.002483368,-125.00001,0,0
22.230145,0.002483368,-125.00001,0,0
21.230145,0.002483368,-125.00001,0,0
20.230145,0.002483368,-125.00001,0,0
19.230145,0.002483368,-125.00001,0,0
18.230145,0.002483368,-125.00001,0,0
17.230145,0.002483368,-125.00001,0,11.999997
16.230145,0.002483368,-125.00001,0,71.99999
15.2301445,0.002483368,-125.00001,0.5639694,71.99999
14.2301445,0.002483368,-125.00001,0.4787294,79.99999
13.2301445,0.002483368,-125.00001,0.34244174,99.99999
12.2301445,0.002483368,-125.00001,0.2214413,67.99999
11.2301445,0.002483368,-125.00001,0.15362771,55.999996
10.2301445,0.002483368,-125.00001,0.14725606,63.999996
9.2301445,0.002483368,-125.00001,0.21841767,63.999996
8.2301445,0.002483368,-125.00001,0.2776596,103.99999
7.2301445,0.002483368,-125.00001,0.20669757,87.99999
6.2301445,0.002483368,-125.00001,0.14800137,79.99999
5.2301445,0.002483368,-125.00001,0.21478394,67.99999
4.2301445,0.002483368,-125.00001,0.32350284,71.99999
3.2301445,0.002483368,-125.00001,0.33168107,55.999996
2.2301445,0.002483368,-125.00001,0.29208514,43.999996
1.2301445,0.002483368,-125.00001,0.33477953,55.999996
0.2301445,0.002483368,-125.00001,0.40242296,55.999996
-0.7698555,0.002483368,-125.00001,0.46932715,95.99999
-1.7698555,0.002483368,-125.00001,0.5045022,79.99999
-2.7698555,0.002483368,-125.00001,0.4779064,87.99999
-3.7698555,0.002483368,-125.00001,0.42321867,63.999996
-4.7698555,0.002483368,-125.00001,0.42129225,71.99999
-5.7698555,0.002483368,-125.00001,0.43463522,55.999996
-6.7698555,0.002483368,-125.00001,0.3893262,39.999996
-7.7698555,0.002483368,-125.00001,0.21667382,43.999996
-8.7698555,0.002483368,-125.00001,0.04926115,15.999996
-9.7698555,0.002483368,-125.00001,0.010879401,27.999996
-10.7698555,0.002483368,-125.00001,0.045663662,3.999999
-11.7698555,0.002483368,-125.00001,0.10546925,11.999997
-12.7698555,0.002483368,-125.00001,0.08820309,19.999996
-13.7698555,0.002483368,-125.00001,-0.01622137,35.999996
-14.7698555,0.002483368,-125.00001,0.009074066,39.999996
-15.7698555,0.002483368,-125.00001,0.14368139,27.999996
-16.769855,0.002483368,-125.00001,0.2934659,51.999996
-17.769855,0.002483368,-125.00001,0.50164133,75.99999
-18.769855,0.002483368,-125.00001,0,71.99999
-19.769855,0.002483368,-125.00001,0,0
-20.769855,0.002483368,-125.00001,0,0
-21.769855,0.002483368,-125.00001,0,0
-22.769855,0.002483368,-125.00001,0,0
-23.769855,0.002483368,-125.00001,0,0
-24.769855,0.002483368,-125.00001,0,0
-25.769855,0.002483368,-125.00001,0,0
-26.769855,0.002483368,-125.00001,0,0
-27.769855,0.002483368,-125.00001,0,0
-28.769855,0.002483368,-125.00001,0,0
-29.769855,0.002483368,-125.00001,0,0
-30.769855,0.002483368,-125.00001,0,0
-31.769855,0.002483368,-125.00001,0,0
-32.769855,0.002483368,-125.00001,0,0
-33.769855,0.002483368,-125.00001,0,0
-34.769855,0.002483368,-125.00001,0,0
-35.769855,0.002483368,-125.00001,0,0
-36.769855,0.002483368,-125.00001,0,0
-37.769855,0.002483368,-125.00001,0,0
-38.769855,0.002483368,-125.00001,0,0
-39.769855,0.002483368,-125.00001,0,0
-40.769855,0.002483368,-125.00001,0,0
-41.769855,0.002483368,-125.00001,0,0
-42.769855,0.002483368,-125.00001,0,0
-43.769855,0.002483368,-125.00001,0,0
-44.769855,0.002483368,-125.00001,0,0
-45.769855,0.002483368,-125.00001,0,0
-46.769855,0.002483368,-125.00001,0,0
-47.769855,0.002483368,-125.00001,0,0
-48.769855,0.002483368,-125.00001,0,0
-49.769855,0.002483368,-125.00001,0,0
49.230145,-0.99751663,-125.00001,0,0
48.230145,-0.99751663,-125.00001,0,0
47.230145,-0.99751663,-125.00001,0,0
46.230145,-0.99751663,-125.00001,0,0
45.230145,-0.99751663,-125.00001,0,0
44.230145,-0.99751663,-125.00001,0,0
43.230145,-0.99751663,-125.00001,0,0
42.230145,-0.99751663,-125.00001,0,0
41.230145,-0.99751663,-125.00001,0,0
40.230145,-0.99751663,-125.00001,0,0
39.230145,-0.99751663,-125.00001,0,0
38.230145,-0.99751663,-125.00001,0,0
37.230145,-0.99751663,-125.00001,0,0
36.230145,-0.99751663,-125.00001,0,0
35.230145,-0.99751663,-125.00001,0,0
34.230145,-0.99751663,-125.00001,0,0
33.230145,-0.99751663,-125.00001,0,0
32.230145,-0.99751663,-125.00001,0,0
31.230145,-0.99751663,-125.00001,0,0
30.230145,-0.99751663,-125.00001,0,0
29.230145,-0.99751663,-125.00001,0,0
28.230145,-0.99751663,-125.00001,0,0
27.230145,-0.99751663,-125.00001,0,0
26.230145,-0.99751663,-125.00001,0,0
25.230145,-0.99751663,-125.00001,0,0
24.230145,-0.99751663,-125.00001,0,0
23.230145,-0.99751663,-125.00001,0,0
22.230145,-0.99751663,-125.00001,0,0
21.230145,-0.99751663,-125.00001,0,0
20.230145,-0.99751663,-125.00001,0,0
19.230145,-0.99751663,-125.00001,0,0
18.230145,-0.99751663,-125.00001,0,0
17.230145,-0.99751663,-125.00001,0,0
16.230145,-0.99751663,-125.00001,0,75.99999
15.2301445,-0.99751663,-125.00001,0.61260533,91.99999
14.2301445,-0.99751663,-125.00001,0.47076607,55.999996
13.2301445,-0.99751663,-125.00001,0.28638554,67.99999
12.2301445,-0.99751663,-125.00001,0.24077246,63.999996
11.2301445,-0.99751663,-125.00001,0.25686565,63.999996
10.2301445,-0.99751663,-125.00001,0.27512008,59.999996
9.2301445,-0.99751663,-125.00001,0.38431242,75.99999
8.2301445,-0.99751663,-125.00001,0.47559822,63.999996
7.2301445,-0.99751663,-125.00001,0.36650258,63.999996
6.2301445,-0.99751663,-125.00001,0.1757907,31.999996
5.2301445,-0.99751663,-125.00001,0.16899431,63.999996
4.2301445,-0.99751663,-125.00001,0.2466478,75.99999
3.2301445,-0.99751663,-125.00001,0.27110422,59.999996
2.2301445,-0.99751663,-125.00001,0.29816136,63.999996
1.2301445,-0.99751663,-125.00001,0.38016447,51.999996
0.2301445,-0.99751663,-125.00001,0.39838016,91.99999
-0.7698555,-0.99751663,-125.00001,0.3494314,39.999996
-1.7698555,-0.99751663,-125.00001,0.30898815,47.999996
-2.7698555,-0.99751663,-125.00001,0.25613916,47.999996
-3.7698555,-0.99751663,-125.00001,0.23139721,59.999996
-4.7698555,-0.99751663,-125.00001,0.26137358,63.999996
-5.7698555,-0.99751663,-125.00001,0.29450393,51.999996
-6.7698555,-0.99751663,-125.00001,0.2647406,27.999996
-7.7698555,-0.99751663,-125.00001,0.11669483,39.999996
-8.7698555,-0.99751663,-125.00001,-0.13110588,15.999996
-9.7698555,-0.99751663,-125.00001,-0.19050826,7.999998
-10.7698555,-0.99751663,-125.00001,0.04509151,15.999996
-11.7698555,-0.99751663,-125.00001,0.17850964,23.999996
-12.7698555,-0.99751663,-125.00001,0.095149264,23.999996
-13.7698555,-0.99751663,-125.00001,0.03311389,19.999996
-14.7698555,-0.99751663,-125.00001,0.07367098,39.999996
-15.7698555,-0.99751663,-125.00001,0.19283691,63.999996
-16.769855,-0.99751663,-125.00001,0.33463788,55.999996
-17.769855,-0.99751663,-125.00001,0,79.99999
-18.769855,-0.99751663,-125.00001,0,43.999996
-19.769855,-0.99751663,-125.00001,0,0
-20.769855,-0.99751663,-125.00001,0,0
-21.769855,-0.99751663,-125.00001,0,0
-22.769855,-0.99751663,-125.00001,0,0
-23.769855,-0.99751663,-125.00001,0,0
-24.769855,-0.99751663,-125.00001,0,0
-25.769855,-0.99751663,-125.00001,0,0
-26.769855,-0.99751663,-125.00001,0,0
-27.769855,-0.99751663,-125.00001,0,0
-28.769855,-0.99751663,-125.00001,0,0
-29.769855,-0.99751663,-125.00001,0,0
-30.769855,-0.99751663,-125.00001,0,0
-31.769855,-0.99751663,-125.00001,0,0
-32.769855,-0.99751663,-125.00001,0,0
-33.769855,-0.99751663,-125.00001,0,0
-34.769855,-0.99751663,-125.00001,0,0
-35.769855,-0.99751663,-125.00001,0,0
-36.769855,-0.99751663,-125.00001,0,0
-37.769855,-0.99751663,-125.00001,0,0
-38.769855,-0.99751663,-125.00001,0,0
-39.769855,-0.99751663,-125.00001,0,0
-40.769855,-0.99751663,-125.00001,0,0
-41.769855,-0.99751663,-125.00001,0,0
-42.769855,-0.99751663,-125.00001,0,0
-43.769855,-0.99751663,-125.00001,0,0
-44.769855,-0.99751663,-125.00001,0,0
-45.769855,-0.99751663,-125.00001,0,0
-46.769855,-0.99751663,-125.00001,0,0
-47.769855,-0.99751663,-125.00001,0,0
-48.769855,-0.99751663,-125.00001,0,0
-49.769855,-0.99751663,-125.00001,0,0
49.230145,-1.9975166,-125.00001,0,0
48.230145,-1.9975166,-125.00001,0,0
47.230145,-1.9975166,-125.00001,0,0
46.230145,-1.9975166,-125.00001,0,0
45.230145,-1.9975166,-125.00001,0,0
44.230145,-1.9975166,-125.00001,0,0
43.230145,-1.9975166,-125.00001,0,0
42.230145,-1.9975166,-125.00001,0,0
41.230145,-1.9975166,-125.00001,0,0
40.230145,-1.9975166,-125.00001,0,0
39.230145,-1.9975166,-125.00001,0,0
38.230145,-1.9975166,-125.00001,0,0
37.230145,-1.9975166,-125.00001,0,0
36.230145,-1.9975166,-125.00001,0,0
35.230145,-1.9975166,-125.00001,0,0
34.230145,-1.9975166,-125.00001,0,0
33.230145,-1.9975166,-125.00001,0,0
32.230145,-1.9975166,-125.00001,0,0
31.230145,-1.9975166,-125.00001,0,0
30.230145,-1.9975166,-125.00001,0,0
29.230145,-1.9975166,-125.00001,0,0
28.230145,-1.9975166,-125.00001,0,0
27.230145,-1.9975166,-125.00001,0,0
26.230145,-1.9975166,-125.00001,0,0
25.230145,-1.9975166,-125.00001,0,0
24.230145,-1.9975166,-125.00001,0,0
23.230145,-1.9975166,-125.00001,0,0
22.230145,-1.9975166,-125.00001,0,0
21.230145,-1.9975166,-125.00001,0,0
20.230145,-1.9975166,-125.00001,0,0
19.230145,-1.9975166,-125.00001,0,0
18.230145,-1.9975166,-125.00001,0,0
17.230145,-1.9975166,-125.00001,0,0
16.230145,-1.9975166,-125.00001,0,63.999996
15.2301445,-1.9975166,-125.00001,0.6416952,87.99999
14.2301445,-1.9975166,-125.00001,0.51510304,115.99999
13.2301445,-1.9975166,-125.00001,0.35914004,67.99999
12.2301445,-1.9975166,-125.00001,0.3313592,59.999996
11.2301445,-1.9975166,-125.00001,0.3570572,71.99999
10.2301445,-1.9975166,-125.00001,0.39565638,47.999996
9.2301445,-1.9975166,-125.00001,0.5228424,63.999996
8.2301445,-1.9975166,-125.00001,0.60217154,71.99999
7.2301445,-1.9975166,-125.00001,0.4915554,31.999996
6.2301445,-1.9975166,-125.00001,0.32332712,71.99999
5.2301445,-1.9975166,-125.00001,0.28660166,51.999996
4.2301445,-1.9975166,-125.00001,0.30021596,47.999996
3.2301445,-1.9975166,-125.00001,0.27725673,27.999996
2.2301445,-1.9975166,-125.00001,0.33267882,75.99999
1.2301445,-1.9975166,-125.00001,0.47018987,83.99999
0.2301445,-1.9975166,-125.00001,0.47647148,87.99999
-0.7698555,-1.9975166,-125.00001,0.38931495,59.999996
-1.7698555,-1.9975166,-125.00001,0.3141688,51.999996
-2.7698555,-1.9975166,-125.00001,0.23969784,51.999996
-3.7698555,-1.9975166,-125.00001,0.13661271,51.999996
-4.7698555,-1.9975166,-125.00001,0.14008883,51.999996
-5.7698555,-1.9975166,-125.00001,0.18209319,55.999996
-6.7698555,-1.9975166,-125.00001,0.17572123,31.999996
-7.7698555,-1.9975166,-125.00001,0.11459363,27.999996
-8.7698555,-1.9975166,-125.00001,-0.13433549,19.999996
-9.7698555,-1.9975166,-125.00001,-0.24187334,7.999998
-10.7698555,-1.9975166,-125.00001,-0.0089164935,15.999996
-11.7698555,-1.9975166,-125.00001,0.16479178,11.999997
-12.7698555,-1.9975166,-125.00001,0.17726219,23.999996
-13.7698555,-1.9975166,-125.00001,0.2555024,59.999996
-14.7698555,-1.9975166,-125.00001,0.28692403,131.99998
-15.7698555,-1.9975166,-125.00001,0.2761228,71.99999
-16.769855,-1.9975166,-125.00001,0.37077904,47.999996
-17.769855,-1.9975166,-125.00001,0,71.99999
-18.769855,-1.9975166,-125.00001,0,0
-19.769855,-1.9975166,-125.00001,0,0
-20.769855,-1.9975166,-125.00001,0,0
-21.769855,-1.9975166,-125.00001,0,0
-22.769855,-1.9975166,-125.00001,0,0
-23.769855,-1.9975166,-125.00001,0,0
-24.769855,-1.9975166,-125.00001,0,0
-25.769855,-1.9975166,-125.00001,0,0
-26.769855,-1.9975166,-125.00001,0,0
-27.769855,-1.9975166,-125.00001,0,0
-28.769855,-1.9975166,-125.00001,0,0
-29.769855,-1.9975166,-125.00001,0,0
-30.769855,-1.9975166,-125.00001,0,0
-31.769855,-1.9975166,-125.00001,0,0
-32.769855,-1.9975166,-125.00001,0,0
-33.769855,-1.9975166,-125.00001,0,0
-34.769855,-1.9975166,-125.00001,0,0
-35.769855,-1.9975166,-125.00001,0,0
-36.769855,-1.9975166,-125.00001,0,0
-37.769855,-1.9975166,-125.00001,0,0
-38.769855,-1.9975166,-125.00001,0,0
-39.769855,-1.9975166,-125.00001,0,0
-40.769855,-1.9975166,-125.00001,0,0
-41.769855,-1.9975166,-125.00001,0,0
-42.769855,-1.9975166,-125.00001,0,0
-43.769855,-1.9975166,-125.00001,0,0
-44.769855,-1.9975166,-125.00001,0,0
-45.769855,-1.9975166,-125.00001,0,0
-46.769855,-1.9975166,-125.00001,0,0
-47.769855,-1.9975166,-125.00001,0,0
-48.769855,-1.9975166,-125.00001,0,0
-49.769855,-1.9975166,-125.00001,0,0
49.230145,-2.9975166,-125.00001,0,0
48.230145,-2.9975166,-125.00001,0,0
47.230145,-2.9975166,-125.00001,0,0
46.230145,-2.9975166,-125.00001,0,0
45.230145,-2.9975166,-125.00001,0,0
44.230145,-2.9975166,-125.00001,0,0
43.230145,-2.9975166,-125.00001,0,0
42.230145,-2.9975166,-125.00001,0,0
41.230145,-2.9975166,-125.00001,0,0
40.230145,-2.9975166,-125.00001,0,0
39.230145,-2.9975166,-125.00001,0,0
38.230145,-2.9975166,-125.00001,0,0
37.230145,-2.9975166,-125.00001,0,0
36.230145,-2.9975166,-125.00001,0,0
35.230145,-2.9975166,-125.00001,0,0
34.230145,-2.9975166,-125.00001,0,0
33.230145,-2.9975166,-125.00001,0,0
32.230145,-2.9975166,-125.00001,0,0
31.230145,-2.9975166,-125.00001,0,0
30.230145,-2.9975166,-125.00001,0,0
29.230145,-2.9975166,-125.00001,0,0
28.230145,-2.9975166,-125.00001,0,0
27.230145,-2.9975166,-125.00001,0,0
26.230145,-2.9975166,-125.00001,0,0
25.230145,-2.9975166,-125.00001,0,0
24.230145,-2.9975166,-125.00001,0,0
23.230145,-2.9975166,-125.00001,0,0
22.230145,-2.9975166,-125.00001,0,0
21.230145,-2.9975166,-125.00001,0,0
20.230145,-2.9975166,-125.00001,0,0
19.230145,-2.9975166,-125.00001,0,0
18.230145,-2.9975166,-125.00001,0,0
17.230145,-2.9975166,-125.00001,0,0
16.230145,-2.9975166,-125.00001,0,23.999996
15.2301445,-2.9975166,-125.00001,0.59273803,107.99999
14.2301445,-2.9975166,-125.00001,0.533674,103.99999
13.2301445,-2.9975166,-125.00001,0.48401564,103.99999
12.2301445,-2.9975166,-125.00001,0.4656994,179.99998
11.2301445,-2.9975166,-125.00001,0.4241945,83.99999
10.2301445,-2.9975166,-125.00001,0.4443449,67.99999
9.2301445,-2.9975166,-125.00001,0.57759005,55.999996
8.2301445,-2.9975166,-125.00001,0.6623461,75.99999
7.2301445,-2.9975166,-125.00001,0.58703923,39.999996
6.2301445,-2.9975166,-125.00001,0.49560463,71.99999
5.2301445,-2.9975166,-125.00001,0.47876042,75.99999
4.2301445,-2.9975166,-125.00001,0.4498604,67.99999
3.2301445,-2.9975166,-125.00001,0.36922443,55.999996
2.2301445,-2.9975166,-125.00001,0.38070148,55.999996
1.2301445,-2.9975166,-125.00001,0.51336455,63.999996
0.2301445,-2.9975166,-125.00001,0.57413024,35.999996
-0.7698555,-2.9975166,-125.00001,0.5219904,55.999996
-1.7698555,-2.9975166,-125.00001,0.5076325,55.999996
-2.7698555,-2.9975166,-125.00001,0.40196055,35.999996
-3.7698555,-2.9975166,-125.00001,0.23264877,19.999996
-4.7698555,-2.9975166,-125.00001,0.20876798,23.999996
-5.7698555,-2.9975166,-125.00001,0.23824617,43.999996
-6.7698555,-2.9975166,-125.00001,0.18648465,35.999996
-7.7698555,-2.9975166,-125.00001,0.10582864,23.999996
-8.7698555,-2.9975166,-125.00001,-0.08926821,43.999996
-9.7698555,-2.9975166,-125.00001,-0.21192126,7.999998
-10.7698555,-2.9975166,-125.00001,-0.035626702,27.999996
-11.7698555,-2.9975166,-125.00001,0.13126637,27.999996
-12.7698555,-2.9975166,-125.00001,0.16854087,51.999996
-13.7698555,-2.9975166,-125.00001,0.26513916,83.99999
-14.7698555,-2.9975166,-125.00001,0.28606448,103.99999
-15.7698555,-2.9975166,-125.00001,0.28625607,59.999996
-16.769855,-2.9975166,-125.00001,0,87.99999
-17.769855,-2.9975166,-125.00001,0,39.999996
-18.769855,-2.9975166,-125.00001,0,0
-19.769855,-2.9975166,-125.00001,0,0
-20.769855,-2.9975166,-125.00001,0,0
-21.769855,-2.9975166,-125.00001,0,0
-22.769855,-2.9975166,-125.00001,0,0
-23.769855,-2.9975166,-125.00001,0,0
-24.769855,-2.9975166,-125.00001,0,0
-25.769855,-2.9975166,-125.00001,0,0
-26.769855,-2.9975166,-125.00001,0,0
-27.769855,-2.9975166,-125.00001,0,0
-28.769855,-2.9975166,-125.00001,0,0
-29.769855,-2.9975166,-125.00001,0,0
-30.769855,-2.9975166,-125.00001,0,0
-31.769855,-2.9975166,-125.00001,0,0
-32.769855,-2.9975166,-125.00001,0,0
-33.769855,-2.9975166,-125.00001,0,0
-34.769855,-2.9975166,-125.00001,0,0
-35.769855,-2.9975166,-125.00001,0,0
-36.769855,-2.9975166,-125.00001,0,0
-37.769855,-2.9975166,-125.00001,0,0
-38.769855,-2.9975166,-125.00001,0,0
-39.769855,-2.9975166,-125.00001,0,0
-40.769855,-2.9975166,-125.00001,0,0
-41.769855,-2.9975166,-125.00001,0,0
-42.769855,-2.9975166,-125.00001,0,0
-43.769855,-2.9975166,-125.00001,0,0
-44.769855,-2.9975166,-125.00001,0,0
-45.769855,-2.9975166,-125.00001,0,0
-46.769855,-2.9975166,-125.00001,0,0
-47.769855,-2.9975166,-125.00001,0,0
-48.769855,-2.9975166,-125.00001,0,0
-49.769855,-2.9975166,-125.00001,0,0
49.230145,-3.9975166,-125.00001,0,0
48.230145,-3.9975166,-125.00001,0,0
47.230145,-3.9975166,-125.00001,0,0
46.230145,-3.9975166,-125.00001,0,0
45.230145,-3.9975166,-125.00001,0,0
44.230145,-3.9975166,-125.00001,0,0
43.230145,-3.9975166,-125.00001,0,0
42.230145,-3.9975166,-125.00001,0,0
41.230145,-3.9975166,-125.00001,0,0
40.230145,-3.9975166,-125.00001,0,0
39.230145,-3.9975166,-125.00001,0,0
38.230145,-3.9975166,-125.00001,0,0
37.230145,-3.9975166,-125.00001,0,0
36.230145,-3.9975166,-125.00001,0,0
35.230145,-3.9975166,-125.00001,0,0
34.230145,-3.9975166,-125.00001,0,0
33.230145,-3.9975166,-125.00001,0,0
32.230145,-3.9975166,-125.00001,0,0
31.230145,-3.9975166,-125.00001,0,0
30.230145,-3.9975166,-125.00001,0,0
29.230145,-3.9975166,-125.00001,0,0
28.230145,-3.9975166,-125.00001,0,0
27.230145,-3.9975166,-125.00001,0,0
26.230145,-3.9975166,-125.00001,0,0
25.230145,-3.9975166,-125.00001,0,0
24.230145,-3.9975166,-125.00001,0,0
23.230145,-3.9975166,-125.00001,0,0
22.230145,-3.9975166,-125.00001,0,0
21.230145,-3.9975166,-125.00001,0,0
20.230145,-3.9975166,-125.00001,0,0
19.230145,-3.9975166,-125.00001,0,0
18.230145,-3.9975166,-125.00001,0,0
17.230145,-3.9975166,-125.00001,0,0
16.230145,-3.9975166,-125.00001,0,7.999998
15.2301445,-3.9975166,-125.00001,0,55.999996
14.2301445,-3.9975166,-125.00001,0.46879384,71.99999
13.2301445,-3.9975166,-125.00001,0.45871836,59.999996
12.2301445,-3.9975166,-125.00001,0.46683612,75.99999
11.2301445,-3.9975166,-125.00001,0.42351937,47.999996
10.2301445,-3.9975166,-125.00001,0.3943065,47.999996
9.2301445,-3.9975166,-125.00001,0.4823575,67.99999
8.2301445,-3.9975166,-125.00001,0.58264744,95.99999
7.2301445,-3.9975166,-125.00001,0.5667163,59.999996
6.2301445,-3.9975166,-125.00001,0.53683347,35.999996
5.2301445,-3.9975166,-125.00001,0.59273833,91.99999
4.2301445,-3.9975166,-125.00001,0.6159733,63.999996
3.2301445,-3.9975166,-125.00001,0.56813824,59.999996
2.2301445,-3.9975166,-125.00001,0.48219454,51.999996
1.2301445,-3.9975166,-125.00001,0.56518686,83.99999
0.2301445,-3.9975166,-125.00001,0.62865925,51.999996
-0.7698555,-3.9975166,-125.00001,0.5908634,39.999996
-1.7698555,-3.9975166,-125.00001,0.6097662,39.999996
-2.7698555,-3.9975166,-125.00001,0.5678587,47.999996
-3.7698555,-3.9975166,-125.00001,0.44401598,27.999996
-4.7698555,-3.9975166,-125.00001,0.43890145,39.999996
-5.7698555,-3.9975166,-125.00001,0.40478778,43.999996
-6.7698555,-3.9975166,-125.00001,0.24346955,19.999996
-7.7698555,-3.9975166,-125.00001,0.09715976,31.999996
-8.7698555,-3.9975166,-125.00001,-0.062494926,11.999997
-9.7698555,-3.9975166,-125.00001,-0.08208935,15.999996
-10.7698555,-3.9975166,-125.00001,0.08523517,43.999996
-11.7698555,-3.9975166,-125.00001,0.1676951,55.999996
-12.7698555,-3.9975166,-125.00001,0.096428365,63.999996
-13.7698555,-3.9975166,-125.00001,0.09667866,23.999996
-14.7698555,-3.9975166,-125.00001,0.20310482,47.999996
-15.7698555,-3.9975166,-125.00001,0.2985618,59.999996
-16.769855,-3.9975166,-125.00001,0,67.99999
-17.769855,-3.9975166,-125.00001,0,0
-18.769855,-3.9975166,-125.00001,0,0
-19.769855,-3.9975166,-125.00001,0,0
-20.769855,-3.9975166,-125.00001,0,0
-21.769855,-3.9975166,-125.00001,0,0
-22.769855,-3.9975166,-125.00001,0,0
-23.769855,-3.9975166,-125.00001,0,0
-24.769855,-3.9975166,-125.00001,0,0
-25.769855,-3.9975166,-125.00001,0,0
-26.769855,-3.9975166,-125.00001,0,0
-27.769855,-3.9975166,-125.00001,0,0
-28.769855,-3.9975166,-125.00001,0,0
-29.769855,-3.9975166,-125.00001,0,0
-30.769855,-3.9975166,-125.00001,0,0
-31.769855,-3.9975166,-125.00001,0,0
-32.769855,-3.9975166,-125.00001,0,0
-33.769855,-3.9975166,-125.00001,0,0
-34.769855,-3.9975166,-125.00001,0,0
-35.769855,-3.9975166,-125.00001,0,0
-36.769855,-3.9975166,-125.00001,0,0
-37.769855,-3.9975166,-125.00001,0,0
-38.769855,-3.9975166,-125.00001,0,0
-39.769855,-3.9975166,-125.00001,0,0
-40.769855,-3.9975166,-125.00001,0,0
-41.769855,-3.9975166,-125.00001,0,0
-42.769855,-3.9975166,-125.00001,0,0
-43.769855,-3.9975166,-125.00001,0,0
-44.769855,-3.9975166,-125.00001,0,0
-45.769855,-3.9975166,-125.00001,0,0
-46.769855,-3.9975166,-125.00001,0,0
-47.769855,-3.9975166,-125.00001,0,0
-48.769855,-3.9975166,-125.00001,0,0
-49.769855,-3.9975166,-125.00001,0,0
49.230145,-4.9975166,-125.00001,0,0
48.230145,-4.9975166,-125.00001,0,0
47.230145,-4.9975166,-125.00001,0,0
46.230145,-4.9975166,-125.00001,0,0
45.230145,-4.9975166,-125.00001,0,0
44.230145,-4.9975166,-125.00001,0,0
43.230145,-4.9975166,-125.00001,0,0
42.230145,-4.9975166,-125.00001,0,0
41.230145,-4.9975166,-125.00001,0,0
40.230145,-4.9975166,-125.00001,0,0
39.230145,-4.9975166,-125.00001,0,0
38.230145,-4.9975166,-125.00001,0,0
37.230145,-4.9975166,-125.00001,0,0
36.230145,-4.9975166,-125.00001,0,0
35.230145,-4.9975166,-125.00001,0,0
34.230145,-4.9975166,-125.00001,0,0
33.230145,-4.9975166,-125.00001,0,0
32.230145,-4.9975166,-125.00001,0,0
31.230145,-4.9975166,-125.00001,0,0
30.230145,-4.9975166,-125.00001,0,0
29.230145,-4.9975166,-125.00001,0,0
28.230145,-4.9975166,-125.00001,0,0
27.230145,-4.9975166,-125.00001,0,0
26.230145,-4.9975166,-125.00001,0,0
25.230145,-4.9975166,-125.00001,0,0
24.230145,-4.9975166,-125.00001,0,0
23.230145,-4.9975166,-125.00001,0,0
22.230145,-4.9975166,-125.00001,0,0
21.230145,-4.9975166,-125.00001,0,0
20.230145,-4.9975166,-125.00001,0,0
19.230145,-4.9975166,-125.00001,0,0
18.230145,-4.9975166,-125.00001,0,0
17.230145,-4.9975166,-125.00001,0,0
16.230145,-4.9975166,-125.00001,0,0
15.2301445,-4.9975166,-125.00001,0,55.999996
14.2301445,-4.9975166,-125.00001,Infinity,51.999996
13.2301445,-4.9975166,-125.00001,0.31585538,39.999996
12.2301445,-4.9975166,-125.00001,0.3485418,51.999996
11.2301445,-4.9975166,-125.00001,0.28350335,67.99999
10.2301445,-4.9975166,-125.00001,0.21923186,39.999996
9.2301445,-4.9975166,-125.00001,0.32933274,31.999996
8.2301445,-4.9975166,-125.00001,0.49533263,79.99999
7.2301445,-4.9975166,-125.00001,0.5277438,63.999996
6.2301445,-4.9975166,-125.00001,0.5635599,51.999996
5.2301445,-4.9975166,-125.00001,0.59039617,51.999996
4.2301445,-4.9975166,-125.00001,0.666524,63.999996
3.2301445,-4.9975166,-125.00001,0.6638368,59.999996
2.2301445,-4.9975166,-125.00001,0.5887104,35.999996
1.2301445,-4.9975166,-125.00001,0.6465929,47.999996
0.2301445,-4.9975166,-125.00001,0.68492115,23.999996
-0.7698555,-4.9975166,-125.00001,0.62856793,51.999996
-1.7698555,-4.9975166,-125.00001,0.64457077,59.999996
-2.7698555,-4.9975166,-125.00001,0.61473334,39.999996
-3.7698555,-4.9975166,-125.00001,0.5292293,55.999996
-4.7698555,-4.9975166,-125.00001,0.54940796,75.99999
-5.7698555,-4.9975166,-125.00001,0.5146135,67.99999
-6.7698555,-4.9975166,-125.00001,0.34664017,19.999996
-7.7698555,-4.9975166,-125.00001,0.16926423,39.999996
-8.7698555,-4.9975166,-125.00001,0.015354003,27.999996
-9.7698555,-4.9975166,-125.00001,0.022242133,35.999996
-10.7698555,-4.9975166,-125.00001,0.1904764,47.999996
-11.7698555,-4.9975166,-125.00001,0.21320178,75.99999
-12.7698555,-4.9975166,-125.00001,0.10037601,23.999996
-13.7698555,-4.9975166,-125.00001,0.12880959,51.999996
-14.7698555,-4.9975166,-125.00001,0.32139295,59.999996
-15.7698555,-4.9975166,-125.00001,0,79.99999
-16.769855,-4.9975166,-125.00001,0,11.999997
-17.769855,-4.9975166,-125.00001,0,0
-18.769855,-4.9975166,-125.00001,0,0
-19.769855,-4.9975166,-125.00001,0,0
-20.769855,-4.9975166,-125.00001,0,0
-21.769855,-4.9975166,-125.00001,0,0
-22.769855,-4.9975166,-125.00001,0,0
-23.769855,-4.9975166,-125.00001,0,0
-24.769855,-4.9975166,-125.00001,0,0
-25.769855,-4.9975166,-125.00001,0,0
-26.769855,-4.9975166,-125.00001,0,0
-27.769855,-4.9975166,-125.00001,0,0
-28.769855,-4.9975166,-125.00001,0,0
-29.769855,-4.9975166,-125.00001,0,0
-30.769855,-4.9975166,-125.00001,0,0
-31.769855,-4.9975166,-125.00001,0,0
-32.769855,-4.9975166,-125.00001,0,0
-33.769855,-4.9975166,-125.00001,0,0
-34.769855,-4.9975166,-125.00001,0,0
-35.769855,-4.9975166,-125.00001,0,0
-36.769855,-4.9975166,-125.00001,0,0
-37.769855,-4.9975166,-125.00001,0,0
-38.769855,-4.9975166,-125.00001,0,0
-39.769855,-4.9975166,-125.00001,0,0
-40.769855,-4.9975166,-125.00001,0,0
-41.769855,-4.9975166,-125.00001,0,0
-42.769855,-4.9975166,-125.00001,0,0
-43.769855,-4.9975166,-125.00001,0,0
-44.769855,-4.9975166,-125.00001,0,0
-45.769855,-4.9975166,-125.00001,0,0
-46.769855,-4.9975166,-125.00001,0,0
-47.769855,-4.9975166,-125.00001,0,0
-48.769855,-4.9975166,-125.00001,0,0
-49.769855,-4.9975166,-125.00001,0,0
49.230145,-5.9975166,-125.00001,0,0
48.230145,-5.9975166,-125.00001,0,0
47.230145,-5.9975166,-125.00001,0,0
46.230145,-5.9975166,-125.00001,0,0
45.230145,-5.9975166,-125.00001,0,0
44.230145,-5.9975166,-125.00001,0,0
43.230145,-5.9975166,-125.00001,0,0
42.230145,-5.9975166,-125.00001,0,0
41.230145,-5.9975166,-125.00001,0,0
40.230145,-5.9975166,-125.00001,0,0
39.230145,-5.9975166,-125.00001,0,0
38.230145,-5.9975166,-125.00001,0,0
37.230145,-5.9975166,-125.00001,0,0
36.230145,-5.9975166,-125.00001,0,0
35.230145,-5.9975166,-125.00001,0,0
34.230145,-5.9975166,-125.00001,0,0
33.230145,-5.9975166,-125.00001,0,0
32.230145,-5.9975166,-125.00001,0,0
31.230145,-5.9975166,-125.00001,0,0
30.230145,-5.9975166,-125.00001,0,0
29.230145,-5.9975166,-125.00001,0,0
28.230145,-5.9975166,-125.00001,0,0
27.230145,-5.9975166,-125.00001,0,0
26.230145,-5.9975166,-125.00001,0,0
25.230145,-5.9975166,-125.00001,0,0
24.230145,-5.9975166,-125.00001,0,0
23.230145,-5.9975166,-125.00001,0,0
22.230145,-5.9975166,-125.00001,0,0
21.230145,-5.9975166,-125.00001,0,0
20.230145,-5.9975166,-125.00001,0,0
19.230145,-5.9975166,-125.00001,0,0
18.230145,-5.9975166,-125.00001,0,0
17.230145,-5.9975166,-125.00001,0,0
16.230145,-5.9975166,-125.00001,0,0
15.2301445,-5.9975166,-125.00001,0,3.999999
14.2301445,-5.9975166,-125.00001,0,27.999996
13.2301445,-5.9975166,-125.00001,0.20595568,59.999996
12.2301445,-5.9975166,-125.00001,0.15629733,39.999996
11.2301445,-5.9975166,-125.00001,0.06682116,35.999996
10.2301445,-5.9975166,-125.00001,0.060628567,11.999997
9.2301445,-5.9975166,-125.00001,0.28318986,31.999996
8.2301445,-5.9975166,-125.00001,0.5278593,59.999996
7.2301445,-5.9975166,-125.00001,0.5926547,79.99999
6.2301445,-5.9975166,-125.00001,0.57651824,39.999996
5.2301445,-5.9975166,-125.00001,0.57650745,55.999996
4.2301445,-5.9975166,-125.00001,0.6168788,67.99999
3.2301445,-5.9975166,-125.00001,0.64520335,75.99999
2.2301445,-5.9975166,-125.00001,0.60277635,59.999996
1.2301445,-5.9975166,-125.00001,0.62547594,39.999996
0.2301445,-5.9975166,-125.00001,0.6740868,39.999996
-0.7698555,-5.9975166,-125.00001,0.6661547,51.999996
-1.7698555,-5.9975166,-125.00001,0.63132393,67.99999
-2.7698555,-5.9975166,-125.00001,0.5288812,47.999996
-3.7698555,-5.9975166,-125.00001,0.45766878,83.99999
-4.7698555,-5.9975166,-125.00001,0.48309302,79.99999
-5.7698555,-5.9975166,-125.00001,0.48562747,79.99999
-6.7698555,-5.9975166,-125.00001,0.4419646,51.999996
-7.7698555,-5.9975166,-125.00001,0.2996218,51.999996
-8.7698555,-5.9975166,-125.00001,0.12528172,19.999996
-9.7698555,-5.9975166,-125.00001,0.11708729,35.999996
-10.7698555,-5.9975166,-125.00001,0.24586657,23.999996
-11.7698555,-5.9975166,-125.00001,0.2747475,51.999996
-12.7698555,-5.9975166,-125.00001,0.19626838,35.999996
-13.7698555,-5.9975166,-125.00001,0.29889444,67.99999
-14.7698555,-5.9975166,-125.00001,0,71.99999
-15.7698555,-5.9975166,-125.00001,0,83.99999
-16.769855,-5.9975166,-125.00001,0,0
-17.769855,-5.9975166,-125.00001,0,0
-18.769855,-5.9975166,-125.00001,0,0
-19.769855,-5.9975166,-125.00001,0,0
-20.769855,-5.9975166,-125.00001,0,0
-21.769855,-5.9975166,-125.00001,0,0
-22.769855,-5.9975166,-125.00001,0,0
-23.769855,-5.9975166,-125.00001,0,0
-24.769855,-5.9975166,-125.00001,0,0
-25.769855,-5.9975166,-125.00001,0,0
-26.769855,-5.9975166,-125.00001,0,0
-27.769855,-5.9975166,-125.00001,0,0
-28.769855,-5.9975166,-125.00001,0,0
-29.769855,-5.9975166,-125.00001,0,0
-30.769855,-5.9975166,-125.00001,0,0
-31.769855,-5.9975166,-125.00001,0,0
-32.769855,-5.9975166,-125.00001,0,0
-33.769855,-5.9975166,-125.00001,0,0
-34.769855,-5.9975166,-125.00001,0,0
-35.769855,-5.9975166,-125.00001,0,0
-36.769855,-5.9975166,-125.00001,0,0
-37.769855,-5.9975166,-125.00001,0,0
-38.769855,-5.9975166,-125.00001,0,0
-39.769855,-5.9975166,-125.00001,0,0
-40.769855,-5.9975166,-125.00001,0,0
-41.769855,-5.9975166,-125.00001,0,0
-42.769855,-5.9975166,-125.00001,0,0
-43.769855,-5.9975166,-125.00001,0,0
-44.769855,-5.9975166,-125.00001,0,0
-45.769855,-5.9975166,-125.00001,0,0
-46.769855,-5.9975166,-125.00001,0,0
-47.769855,-5.9975166,-125.00001,0,0
-48.769855,-5.9975166,-125.00001,0,0
-49.769855,-5.9975166,-125.00001,0,0
49.230145,-6.9975166,-125.00001,0,0
48.230145,-6.9975166,-125.00001,0,0
47.230145,-6.9975166,-125.00001,0,0
46.230145,-6.9975166,-125.00001,0,0
45.230145,-6.9975166,-125.00001,0,0
44.230145,-6.9975166,-125.00001,0,0
43.230145,-6.9975166,-125.00001,0,0
42.230145,-6.9975166,-125.00001,0,0
41.230145,-6.9975166,-125.00001,0,0
40.230145,-6.9975166,-125.00001,0,0
39.230145,-6.9975166,-125.00001,0,0
38.230145,-6.9975166,-125.00001,0,0
37.230145,-6.9975166,-125.00001,0,0
36.230145,-6.9975166,-125.00001,0,0
35.230145,-6.9975166,-125.00001,0,0
34.230145,-6.9975166,-125.00001,0,0
33.230145,-6.9975166,-125.00001,0,0
32.230145,-6.9975166,-125.00001,0,0
31.230145,-6.9975166,-125.00001,0,0
30.230145,-6.9975166,-125.00001,0,0
29.230145,-6.9975166,-125.00001,0,0
28.230145,-6.9975166,-125.00001,0,0
27.230145,-6.9975166,-125.00001,0,0
26.230145,-6.9975166,-125.00001,0,0
25.230145,-6.9975166,-125.00001,0,0
24.230145,-6.9975166,-125.00001,0,0
23.230145,-6.9975166,-125.00001,0,0
22.230145,-6.9975166,-125.00001,0,0
21.230145,-6.9975166,-125.00001,0,0
20.230145,-6.9975166,-125.00001,0,0
19.230145,-6.9975166,-125.00001,0,0
18.230145,-6.9975166,-125.00001,0,0
17.230145,-6.9975166,-125.00001,0,0
16.230145,-6.9975166,-125.00001,0,0
15.2301445,-6.9975166,-125.00001,0,0
14.2301445,-6.9975166,-125.00001,0,23.999996
13.2301445,-6.9975166,-125.00001,0,87.99999
12.2301445,-6.9975166,-125.00001,0.011467896,19.999996
11.2301445,-6.9975166,-125.00001,-0.0011673328,19.999996
10.2301445,-6.9975166,-125.00001,0.09794259,39.999996
9.2301445,-6.9975166,-125.00001,0.23822251,39.999996
8.2301445,-6.9975166,-125.00001,0.44452018,59.999996
7.2301445,-6.9975166,-125.00001,0.5215966,71.99999
6.2301445,-6.9975166,-125.00001,0.4661651,63.999996
5.2301445,-6.9975166,-125.00001,0.41749683,55.999996
4.2301445,-6.9975166,-125.00001,0.46373114,31.999996
3.2301445,-6.9975166,-125.00001,0.52723616,59.999996
2.2301445,-6.9975166,-125.00001,0.5220709,47.999996
1.2301445,-6.9975166,-125.00001,0.50332147,51.999996
0.2301445,-6.9975166,-125.00001,0.5770094,75.99999
-0.7698555,-6.9975166,-125.00001,0.6051389,71.99999
-1.7698555,-6.9975166,-125.00001,0.506274,39.999996
-2.7698555,-6.9975166,-125.00001,0.37178177,55.999996
-3.7698555,-6.9975166,-125.00001,0.30604076,67.99999
-4.7698555,-6.9975166,-125.00001,0.3404054,59.999996
-5.7698555,-6.9975166,-125.00001,0.42041212,75.99999
-6.7698555,-6.9975166,-125.00001,0.44000795,63.999996
-7.7698555,-6.9975166,-125.00001,0.36435324,75.99999
-8.7698555,-6.9975166,-125.00001,0.25751492,63.999996
-9.7698555,-6.9975166,-125.00001,0.25608033,47.999996
-10.7698555,-6.9975166,-125.00001,0.37139538,75.99999
-11.7698555,-6.9975166,-125.00001,0.3980739,47.999996
-12.7698555,-6.9975166,-125.00001,0.36619675,39.999996
-13.7698555,-6.9975166,-125.00001,Infinity,71.99999
-14.7698555,-6.9975166,-125.00001,0,39.999996
-15.7698555,-6.9975166,-125.00001,0,0
-16.769855,-6.9975166,-125.00001,0,0
-17.769855,-6.9975166,-125.00001,0,0
-18.769855,-6.9975166,-125.00001,0,0
-19.769855,-6.9975166,-125.00001,0,0
-20.769855,-6.9975166,-125.00001,0,0
-21.769855,-6.9975166,-125.00001,0,0
-22.769855,-6.9975166,-125.00001,0,0
-23.769855,-6.9975166,-125.00001,0,0
-24.769855,-6.9975166,-125.00001,0,0
-25.769855,-6.9975166,-125.00001,0,0
-26.769855,-6.9975166,-125.00001,0,0
-27.769855,-6.9975166,-125.00001,0,0
-28.769855,-6.9975166,-125.00001,0,0
-29.769855,-6.9975166,-125.00001,0,0
-30.769855,-6.9975166,-125.00001,0,0
-31.769855,-6.9975166,-125.00001,0,0
-32.769855,-6.9975166,-125.00001,0,0
-33.769855,-6.9975166,-125.00001,0,0
-34.769855,-6.9975166,-125.00001,0,0
-35.769855,-6.9975166,-125.00001,0,0
-36.769855,-6.9975166,-125.00001,0,0
-37.769855,-6.9975166,-125.00001,0,0
-38.769855,-6.9975166,-125.00001,0,0
-39.769855,-6.9975166,-125.00001,0,0
-40.769855,-6.9975166,-125.00001,0,0
-41.769855,-6.9975166,-125.00001,0,0
-42.769855,-6.9975166,-125.00001,0,0
-43.769855,-6.9975166,-125.00001,0,0
-44.769855,-6.9975166,-125.00001,0,0
-45.769855,-6.9975166,-125.00001,0,0
-46.769855,-6.9975166,-125.00001,0,0
-47.769855,-6.9975166,-125.00001,0,0
-48.769855,-6.9975166,-125.00001,0,0
-49.769855,-6.9975166,-125.00001,0,0
49.230145,-7.9975166,-125.00001,0,0
48.230145,-7.9975166,-125.00001,0,0
47.230145,-7.9975166,-125.00001,0,0
46.230145,-7.9975166,-125.00001,0,0
45.230145,-7.9975166,-125.00001,0,0
44.230145,-7.9975166,-125.00001,0,0
43.230145,-7.9975166,-125.00001,0,0
42.230145,-7.9975166,-125.00001,0,0
41.230145,-7.9975166,-125.00001,0,0
40.230145,-7.9975166,-125.00001,0,0
39.230145,-7.9975166,-125.00001,0,0
38.230145,-7.9975166,-125.00001,0,0
37.230145,-7.9975166,-125.00001,0,0
36.230145,-7.9975166,-125.00001,0,0
35.230145,-7.9975166,-125.00001,0,0
34.230145,-7.9975166,-125.00001,0,0
33.230145,-7.9975166,-125.00001,0,0
32.230145,-7.9975166,-125.00001,0,0
31.230145,-7.9975166,-125.00001,0,0
30.230145,-7.9975166,-125.00001,0,0
29.230145,-7.9975166,-125.00001,0,0
28.230145,-7.9975166,-125.00001,0,0
27.230145,-7.9975166,-125.00001,0,0
26.230145,-7.9975166,-125.00001,0,0
25.230145,-7.9975166,-125.00001,0,0
24.230145,-7.9975166,-125.00001,0,0
23.230145,-7.9975166,-125.00001,0,0
22.230145,-7.9975166,-125.00001,0,0
21.230145,-7.9975166,-125.00001,0,0
20.230145,-7.9975166,-125.00001,0,0
19.230145,-7.9975166,-125.00001,0,0
18.230145,-7.9975166,-125.00001,0,0
17.230145,-7.9975166,-125.00001,0,0
16.230145,-7.9975166,-125.00001,0,0
15.2301445,-7.9975166,-125.00001,0,0
14.2301445,-7.9975166,-125.00001,0,0
13.2301445,-7.9975166,-125.00001,0,15.999996
12.2301445,-7.9975166,-125.00001,0,39.999996
11.2301445,-7.9975166,-125.00001,0.16301729,47.999996
10.2301445,-7.9975166,-125.00001,0.2745269,43.999996
9.2301445,-7.9975166,-125.00001,0.28311932,43.999996
8.2301445,-7.9975166,-125.00001,0.30655026,15.999996
7.2301445,-7.9975166,-125.00001,0.38003471,59.999996
6.2301445,-7.9975166,-125.00001,0.32399404,27.999996
5.2301445,-7.9975166,-125.00001,0.25496826,35.999996
4.2301445,-7.9975166,-125.00001,0.26814637,43.999996
3.2301445,-7.9975166,-125.00001,0.32311025,47.999996
2.2301445,-7.9975166,-125.00001,0.37921864,59.999996
1.2301445,-7.9975166,-125.00001,0.42152083,63.999996
0.2301445,-7.9975166,-125.00001,0.48090222,31.999996
-0.7698555,-7.9975166,-125.00001,0.52404606,75.99999
-1.7698555,-7.9975166,-125.00001,0.40087378,47.999996
-2.7698555,-7.9975166,-125.00001,0.251552,67.99999
-3.7698555,-7.9975166,-125.00001,0.18101361,47.999996
-4.7698555,-7.9975166,-125.00001,0.23184867,35.999996
-5.7698555,-7.9975166,-125.00001,0.3661639,83.99999
-6.7698555,-7.9975166,-125.00001,0.42176437,79.99999
-7.7698555,-7.9975166,-125.00001,0.37370357,63.999996
-8.7698555,-7.9975166,-125.00001,0.32894668,63.999996
-9.7698555,-7.9975166,-125.00001,0.3738155,51.999996
-10.7698555,-7.9975166,-125.00001,0.48380977,59.999996
-11.7698555,-7.9975166,-125.00001,0.5403763,75.99999
-12.7698555,-7.9975166,-125.00001,0,83.99999
-13.7698555,-7.9975166,-125.00001,0,47.999996
-14.7698555,-7.9975166,-125.00001,0,3.999999
-15.7698555,-7.9975166,-125.00001,0,0
-16.769855,-7.9975166,-125.00001,0,0
-17.769855,-7.9975166,-125.00001,0,0
-18.769855,-7.9975166,-125.00001,0,0
-19.769855,-7.9975166,-125.00001,0,0
-20.769855,-7.9975166,-125.00001,0,0
-21.769855,-7.9975166,-125.00001,0,0
-22.769855,-7.9975166,-125.00001,0,0
-23.769855,-7.9975166,-125.00001,0,0
-24.769855,-7.9975166,-125.00001,0,0
-25.769855,-7.9975166,-125.00001,0,0
-26.769855,-7.9975166,-125.00001,0,0
-27.769855,-7.9975166,-125.00001,0,0
-28.769855,-7.9975166,-125.00001,0,0
-29.769855,-7.9975166,-125.00001,0,0
-30.769855,-7.9975166,-125.00001,0,0
-31.769855,-7.9975166,-125.00001,0,0
-32.769855,-7.9975166,-125.00001,0,0
-33.769855,-7.9975166,-125.00001,0,0
-34.769855,-7.9975166,-125.00001,0,0
-35.769855,-7.9975166,-125.00001,0,0
-36.769855,-7.9975166,-125.00001,0,0
-37.769855,-7.9975166,-125.00001,0,0
-38.769855,-7.9975166,-125.00001,0,0
-39.769855,-7.9975166,-125.00001,0,0
-40.769855,-7.9975166,-125.00001,0,0
-41.769855,-7.9975166,-125.00001,0,0
-42.769855,-7.9975166,-125.00001,0,0
-43.769855,-7.9975166,-125.00001,0,0
-44.769855,-7.9975166,-125.00001,0,0
-45.769855,-7.9975166,-125.00001,0,0
-46.769855,-7.9975166,-125.00001,0,0
-47.769855,-7.9975166,-125.00001,0,0
-48.769855,-7.9975166,-125.00001,0,0
-49.769855,-7.9975166,-125.00001,0,0
49.230145,-8.997517,-125.00001,0,0
48.230145,-8.997517,-125.00001,0,0
47.230145,-8.997517,-125.00001,0,0
46.230145,-8.997517,-125.00001,0,0
45.230145,-8.997517,-125.00001,0,0
44.230145,-8.997517,-125.00001,0,0
43.230145,-8.997517,-125.00001,0,0
42.230145,-8.997517,-125.00001,0,0
41.230145,-8.997517,-125.00001,0,0
40.230145,-8.997517,-125.00001,0,0
39.230145,-8.997517,-125.00001,0,0
38.230145,-8.997517,-125.00001,0,0
37.230145,-8.997517,-125.00001,0,0
36.230145,-8.997517,-125.00001,0,0
35.230145,-8.997517,-125.00001,0,0
34.230145,-8.997517,-125.00001,0,0
33.230145,-8.997517,-125.00001,0,0
32.230145,-8.997517,-125.00001,0,0
31.230145,-8.997517,-125.00001,0,0
30.230145,-8.997517,-125.00001,0,0
29.230145,-8.997517,-125.00001,0,0
28.230145,-8.997517,-125.00001,0,0
27.230145,-8.997517,-125.00001,0,0
26.230145,-8.997517,-125.00001,0,0
25.230145,-8.997517,-125.00001,0,0
24.230145,-8.997517,-125.00001,0,0
23.230145,-8.997517,-125.00001,0,0
22.230145,-8.997517,-125.00001,0,0
21.230145,-8.997517,-125.00001,0,0
20.230145,-8.997517,-125.00001,0,0
19.230145,-8.997517,-125.00001,0,0
18.230145,-8.997517,-125.00001,0,0
17.230145,-8.997517,-125.00001,0,0
16.230145,-8.997517,-125.00001,0,0
15.2301445,-8.997517,-125.00001,0,0
14.2301445,-8.997517,-125.00001,0,0
13.2301445,-8.997517,-125.00001,0,0
12.2301445,-8.997517,-125.00001,0,43.999996
11.2301445,-8.997517,-125.00001,0,43.999996
10.2301445,-8.997517,-125.00001,0.35423583,55.999996
9.2301445,-8.997517,-125.00001,0.37502548,79.99999
8.2301445,-8.997517,-125.00001,0.36742005,31.999996
7.2301445,-8.997517,-125.00001,0.36246577,67.99999
6.2301445,-8.997517,-125.00001,0.38260207,51.999996
5.2301445,-8.997517,-125.00001,0.3637197,71.99999
4.2301445,-8.997517,-125.00001,0.2672941,47.999996
3.2301445,-8.997517,-125.00001,0.20766515,27.999996
2.2301445,-8.997517,-125.00001,0.2771694,63.999996
1.2301445,-8.997517,-125.00001,0.33398426,47.999996
0.2301445,-8.997517,-125.00001,0.4153904,63.999996
-0.7698555,-8.997517,-125.00001,0.47015294,31.999996
-1.7698555,-8.997517,-125.00001,0.42286402,67.99999
-2.7698555,-8.997517,-125.00001,0.29134545,47.999996
-3.7698555,-8.997517,-125.00001,0.22334471,47.999996
-4.7698555,-8.997517,-125.00001,0.28425893,63.999996
-5.7698555,-8.997517,-125.00001,0.39398178,59.999996
-6.7698555,-8.997517,-125.00001,0.46139115,71.99999
-7.7698555,-8.997517,-125.00001,0.37906465,67.99999
-8.7698555,-8.997517,-125.00001,0.30394873,39.999996
-9.7698555,-8.997517,-125.00001,0.395605,75.99999
-10.7698555,-8.997517,-125.00001,0.51389647,63.999996
-11.7698555,-8.997517,-125.00001,Infinity,91.99999
-12.7698555,-8.997517,-125.00001,0,63.999996
-13.7698555,-8.997517,-125.00001,0,0
-14.7698555,-8.997517,-125.00001,0,0
-15.7698555,-8.997517,-125.00001,0,0
-16.769855,-8.997517,-125.00001,0,0
-17.769855,-8.997517,-125.00001,0,0
-18.769855,-8.997517,-125.00001,0,0
-19.769855,-8.997517,-125.00001,0,0
-20.769855,-8.997517,-125.00001,0,0
-21.769855,-8.997517,-125.00001,0,0
-22.769855,-8.997517,-125.00001,0,0
-23.769855,-8.997517,-125.00001,0,0
-24.769855,-8.997517,-125.00001,0,0
-25.769855,-8.997517,-125.00001,0,0
-26.769855,-8.997517,-125.00001,0,0
-27.769855,-8.997517,-125.00001,0,0
-28.769855,-8.997517,-125.00001,0,0
-29.769855,-8.997517,-125.00001,0,0
-30.769855,-8.997517,-125.00001,0,0
-31.769855,-8.997517,-125.00001,0,0
-32.769855,-8.997517,-125.00001,0,0
-33.769855,-8.997517,-125.00001,0,0
-34.769855,-8.997517,-125.00001,0,0
-35.769855,-8.997517,-125.00001,0,0
-36.769855,-8.997517,-125.00001,0,0
-37.769855,-8.997517,-125.00001,0,0
-38.769855,-8.997517,-125.00001,0,0
-39.769855,-8.997517,-125.00001,0,0
-40.769855,-8.997517,-125.00001,0,0
-41.769855,-8.997517,-125.00001,0,0
-42.769855,-8.997517,-125.00001,0,0
-43.769855,-8.997517,-125.00001,0,0
-44.769855,-8.997517,-125.00001,0,0
-45.769855,-8.997517,-125.00001,0,0
-46.769855,-8.997517,-125.00001,0,0
-47.769855,-8.997517,-125.00001,0,0
-48.769855,-8.997517,-125.00001,0,0
-49.769855,-8.997517,-125.00001,0,0
49.230145,-9.997517,-125.00001,0,0
48.230145,-9.997517,-125.00001,0,0
47.230145,-9.997517,-125.00001,0,0
46.230145,-9.997517,-125.00001,0,0
45.230145,-9.997517,-125.00001,0,0
44.230145,-9.997517,-125.00001,0,0
43.230145,-9.997517,-125.00001,0,0
42.230145,-9.997517,-125.00001,0,0
41.230145,-9.997517,-125.00001,0,0
40.230145,-9.997517,-125.00001,0,0
39.230145,-9.997517,-125.00001,0,0
38.230145,-9.997517,-125.00001,0,0
37.230145,-9.997517,-125.00001,0,0
36.230145,-9.997517,-125.00001,0,0
35.230145,-9.997517,-125.00001,0,0
34.230145,-9.997517,-125.00001,0,0
33.230145,-9.997517,-125.00001,0,0
32.230145,-9.997517,-125.00001,0,0
31.230145,-9.997517,-125.00001,0,0
30.230145,-9.997517,-125.00001,0,0
29.230145,-9.997517,-125.00001,0,0
28.230145,-9.997517,-125.00001,0,0
27.230145,-9.997517,-125.00001,0,0
26.230145,-9.997517,-125.00001,0,0
25.230145,-9.997517,-125.00001,0,0
24.230145,-9.997517,-125.00001,0,0
23.230145,-9.997517,-125.00001,0,0
22.230145,-9.997517,-125.00001,0,0
21.230145,-9.997517,-125.00001,0,0
20.230145,-9.997517,-125.00001,0,0
19.230145,-9.997517,-125.00001,0,0
18.230145,-9.997517,-125.00001,0,0
17.230145,-9.997517,-125.00001,0,0
16.230145,-9.997517,-125.00001,0,0
15.2301445,-9.997517,-125.00001,0,0
14.2301445,-9.997517,-125.00001,0,0
13.2301445,-9.997517,-125.00001,0,0
12.2301445,-9.997517,-125.00001,0,0
11.2301445,-9.997517,-125.00001,0,43.999996
10.2301445,-9.997517,-125.00001,Infinity,47.999996
9.2301445,-9.997517,-125.00001,0.40379795,79.99999
8.2301445,-9.997517,-125.00001,0.41634816,99.99999
7.2301445,-9.997517,-125.00001,0.3804171,51.999996
6.2301445,-9.997517,-125.00001,0.48222017,79.99999
5.2301445,-9.997517,-125.00001,0.51596844,75.99999
4.2301445,-9.997517,-125.00001,0.35122812,35.999996
3.2301445,-9.997517,-125.00001,0.3215576,75.99999
2.2301445,-9.997517,-125.00001,0.37303823,55.999996
1.2301445,-9.997517,-125.00001,0.3608544,39.999996
0.2301445,-9.997517,-125.00001,0.35009074,67.99999
-0.7698555,-9.997517,-125.00001,0.42377108,35.999996
-1.7698555,-9.997517,-125.00001,0.48898247,63.999996
-2.7698555,-9.997517,-125.00001,0.43600985,95.99999
-3.7698555,-9.997517,-125.00001,0.36636198,75.99999
-4.7698555,-9.997517,-125.00001,0.4075237,67.99999
-5.7698555,-9.997517,-125.00001,0.48269606,67.99999
-6.7698555,-9.997517,-125.00001,0.49529135,71.99999
-7.7698555,-9.997517,-125.00001,0.3881565,83.99999
-8.7698555,-9.997517,-125.00001,0.32083154,59.999996
-9.7698555,-9.997517,-125.00001,0.39437032,51.999996
-10.7698555,-9.997517,-125.00001,0,75.99999
-11.7698555,-9.997517,-125.00001,0,91.99999
-12.7698555,-9.997517,-125.00001,0,3.999999
-13.7698555,-9.997517,-125.00001,0,0
-14.7698555,-9.997517,-125.00001,0,0
-15.7698555,-9.997517,-125.00001,0,0
-16.769855,-9.997517,-125.00001,0,0
-17.769855,-9.997517,-125.00001,0,0
-18.769855,-9.997517,-125.00001,0,0
-19.769855,-9.997517,-125.00001,0,0
-20.769855,-9.997517,-125.00001,0,0
-21.769855,-9.997517,-125.00001,0,0
-22.769855,-9.997517,-125.00001,0,0
-23.769855,-9.997517,-125.00001,0,0
-24.769855,-9.997517,-125.00001,0,0
-25.769855,-9.997517,-125.00001,0,0
-26.769855,-9.997517,-125.00001,0,0
-27.769855,-9.997517,-125.00001,0,0
-28.769855,-9.997517,-125.00001,0,0
-29.769855,-9.997517,-125.00001,0,0
-30.769855,-9.997517,-125.00001,0,0
-31.769855,-9.997517,-125.00001,0,0
-32.769855,-9.997517,-125.00001,0,0
-33.769855,-9.997517,-125.00001,0,0
-34.769855,-9.997517,-125.00001,0,0
-35.769855,-9.997517,-125.00001,0,0
-36.769855,-9.997517,-125.00001,0,0
-37.769855,-9.997517,-125.00001,0,0
-38.769855,-9.997517,-125.00001,0,0
-39.769855,-9.997517,-125.00001,0,0
-40.769855,-9.997517,-125.00001,0,0
-41.769855,-9.997517,-125.00001,0,0
-42.769855,-9.997517,-125.00001,0,0
-43.769855,-9.997517,-125.00001,0,0
-44.769855,-9.997517,-125.00001,0,0
-45.769855,-9.997517,-125.00001,0,0
-46.769855,-9.997517,-125.00001,0,0
-47.769855,-9.997517,-125.00001,0,0
-48.769855,-9.997517,-125.00001,0,0
-49.769855,-9.997517,-125.00001,0,0
49.230145,-10.997517,-125.00001,0,0
48.230145,-10.997517,-125.00001,0,0
47.230145,-10.997517,-125.00001,0,0
46.230145,-10.997517,-125.00001,0,0
45.230145,-10.997517,-125.00001,0,0
44.230145,-10.997517,-125.00001,0,0
43.230145,-10.997517,-125.00001,0,0
42.230145,-10.997517,-125.00001,0,0
41.230145,-10.997517,-125.00001,0,0
40.230145,-10.997517,-125.00001,0,0
39.230145,-10.997517,-125.00001,0,0
38.230145,-10.997517,-125.00001,0,0
37.230145,-10.997517,-125.00001,0,0
36.230145,-10.997517,-125.00001,0,0
35.230145,-10.997517,-125.00001,0,0
34.230145,-10.997517,-125.00001,0,0
33.230145,-10.997517,-125.00001,0,0
32.230145,-10.997517,-125.00001,0,0
31.230145,-10.997517,-125.00001,0,0
30.230145,-10.997517,-125.00001,0,0
29.230145,-10.997517,-125.00001,0,0
28.230145,-10.997517,-125.00001,0,0
27.230145,-10.997517,-125.00001,0,0
26.230145,-10.997517,-125.00001,0,0
25.230145,-10.997517,-125.00001,0,0
24.230145,-10.997517,-125.00001,0,0
23.230145,-10.997517,-125.00001,0,0
22.230145,-10.997517,-125.00001,0,0
21.230145,-10.997517,-125.00001,0,0
20.230145,-10.997517,-125.00001,0,0
19.230145,-10.997517,-125.00001,0,0
18.230145,-10.997517,-125.00001,0,0
17.230145,-10.997517,-125.00001,0,0
16.230145,-10.997517,-125.00001,0,0
15.2301445,-10.997517,-125.00001,0,0
14.2301445,-10.997517,-125.00001,0,0
13.2301445,-10.997517,-125.00001,0,0
12.2301445,-10.997517,-125.00001,0,0
11.2301445,-10.997517,-125.00001,0,7.999998
10.2301445,-10.997517,-125.00001,0,19.999996
9.2301445,-10.997517,-125.00001,0,87.99999
8.2301445,-10.997517,-125.00001,0.38139325,63.999996
7.2301445,-10.997517,-125.00001,0.33265585,63.999996
6.2301445,-10.997517,-125.00001,0.38721305,83.99999
5.2301445,-10.997517,-125.00001,0.40200746,67.99999
4.2301445,-10.997517,-125.00001,0.3651638,55.999996
3.2301445,-10.997517,-125.00001,0.44654918,55.999996
2.2301445,-10.997517,-125.00001,0.5452565,51.999996
1.2301445,-10.997517,-125.00001,0.46649382,59.999996
0.2301445,-10.997517,-125.00001,0.37329218,75.99999
-0.7698555,-10.997517,-125.00001,0.40860692,63.999996
-1.7698555,-10.997517,-125.00001,0.5228284,47.999996
-2.7698555,-10.997517,-125.00001,0.53651375,79.99999
-3.7698555,-10.997517,-125.00001,0.4906338,75.99999
-4.7698555,-10.997517,-125.00001,0.53860676,71.99999
-5.7698555,-10.997517,-125.00001,0.57297957,59.999996
-6.7698555,-10.997517,-125.00001,0.54235035,83.99999
-7.7698555,-10.997517,-125.00001,0.39122793,75.99999
-8.7698555,-10.997517,-125.00001,Infinity,31.999996
-9.7698555,-10.997517,-125.00001,0,71.99999
-10.7698555,-10.997517,-125.00001,0,23.999996
-11.7698555,-10.997517,-125.00001,0,0
-12.7698555,-10.997517,-125.00001,0,0
-13.7698555,-10.997517,-125.00001,0,0
-14.7698555,-10.997517,-125.00001,0,0
-15.7698555,-10.997517,-125.00001,0,0
-16.769855,-10.997517,-125.00001,0,0
-17.769855,-10.997517,-125.00001,0,0
-18.769855,-10.997517,-125.00001,0,0
-19.769855,-10.997517,-125.00001,0,0
-20.769855,-10.997517,-125.00001,0,0
-21.769855,-10.997517,-125.00001,0,0
-22.769855,-10.997517,-125.00001,0,0
-23.769855,-10.997517,-125.00001,0,0
-24.769855,-10.997517,-125.00001,0,0
-25.769855,-10.997517,-125.00001,0,0
-26.769855,-10.997517,-125.00001,0,0
-27.769855,-10.997517,-125.00001,0,0
-28.769855,-10.997517,-125.00001,0,0
-29.769855,-10.997517,-125.00001,0,0
-30.769855,-10.997517,-125.00001,0,0
-31.769855,-10.997517,-125.00001,0,0
-32.769855,-10.997517,-125.00001,0,0
-33.769855,-10.997517,-125.00001,0,0
-34.769855,-10.997517,-125.00001,0,0
-35.769855,-10.997517,-125.00001,0,0
-36.769855,-10.997517,-125.00001,0,0
-37.769855,-10.997517,-125.00001,0,0
-38.769855,-10.997517,-125.00001,0,0
-39.769855,-10.997517,-125.00001,0,0
-40.769855,-10.997517,-125.00001,0,0
-41.769855,-10.997517,-125.00001,0,0
-42.769855,-10.997517,-125.00001,0,0
-43.769855,-10.997517,-125.00001,0,0
-44.769855,-10.997517,-125.00001,0,0
-45.769855,-10.997517,-125.00001,0,0
-46.769855,-10.997517,-125.00001,0,0
-47.769855,-10.997517,-125.00001,0,0
-48.769855,-10.997517,-125.00001,0,0
-49.769855,-10.997517,-125.00001,0,0
49.230145,-11.997517,-125.00001,0,0
48.230145,-11.997517,-125.00001,0,0
47.230145,-11.997517,-125.00001,0,0
46.230145,-11.997517,-125.00001,0,0
45.230145,-11.997517,-125.00001,0,0
44.230145,-11.997517,-125.00001,0,0
43.230145,-11.997517,-125.00001,0,0
42.230145,-11.997517,-125.00001,0,0
41.230145,-11.997517,-125.00001,0,0
40.230145,-11.997517,-125.00001,0,0
39.230145,-11.997517,-125.00001,0,0
38.230145,-11.997517,-125.00001,0,0
37.230145,-11.997517,-125.00001,0,0
36.230145,-11.997517,-125.00001,0,0
35.230145,-11.997517,-125.00001,0,0
34.230145,-11.997517,-125.00001,0,0
33.230145,-11.997517,-125.00001,0,0
32.230145,-11.997517,-125.00001,0,0
31.230145,-11.997517,-125.00001,0,0
30.230145,-11.997517,-125.00001,0,0
29.230145,-11.997517,-125.00001,0,0
28.230145,-11.997517,-125.00001,0,0
27.230145,-11.997517,-125.00001,0,0
26.230145,-11.997517,-125.00001,0,0
25.230145,-11.997517,-125.00001,0,0
24.230145,-11.997517,-125.00001,0,0
23.230145,-11.997517,-125.00001,0,0
22.230145,-11.997517,-125.00001,0,0
21.230145,-11.997517,-125.00001,0,0
20.230145,-11.997517,-125.00001,0,0
19.230145,-11.997517,-125.00001,0,0
18.230145,-11.997517,-125.00001,0,0
17.230145,-11.997517,-125.00001,0,0
16.230145,-11.997517,-125.00001,0,0
15.2301445,-11.997517,-125.00001,0,0
14.2301445,-11.997517,-125.00001,0,0
13.2301445,-11.997517,-125.00001,0,0
12.2301445,-11.997517,-125.00001,0,0
11.2301445,-11.997517,-125.00001,0,0
10.2301445,-11.997517,-125.00001,0,0
9.2301445,-11.997517,-125.00001,0,23.999996
8.2301445,-11.997517,-125.00001,0,71.99999
7.2301445,-11.997517,-125.00001,0.3011192,55.999996
6.2301445,-11.997517,-125.00001,0.27063182,43.999996
5.2301445,-11.997517,-125.00001,0.28358218,31.999996
4.2301445,-11.997517,-125.00001,0.3429024,51.999996
3.2301445,-11.997517,-125.00001,0.4192816,67.99999
2.2301445,-11.997517,-125.00001,0.45516443,63.999996
1.2301445,-11.997517,-125.00001,0.397913,67.99999
0.2301445,-11.997517,-125.00001,0.34191975,31.999996
-0.7698555,-11.997517,-125.00001,0.36479738,63.999996
-1.7698555,-11.997517,-125.00001,0.44591963,39.999996
-2.7698555,-11.997517,-125.00001,0.5366034,55.999996
-3.7698555,-11.997517,-125.00001,0.5678489,95.99999
-4.7698555,-11.997517,-125.00001,0.56953824,87.99999
-5.7698555,-11.997517,-125.00001,0.6126337,83.99999
-6.7698555,-11.997517,-125.00001,Infinity,87.99999
-7.7698555,-11.997517,-125.00001,0,75.99999
-8.7698555,-11.997517,-125.00001,0,11.999997
-9.7698555,-11.997517,-125.00001,0,7.999998
-10.7698555,-11.997517,-125.00001,0,0
-11.7698555,-11.997517,-125.00001,0,0
-12.7698555,-11.997517,-125.00001,0,0
-13.7698555,-11.997517,-125.00001,0,0
-14.7698555,-11.997517,-125.00001,0,0
-15.7698555,-11.997517,-125.00001,0,0
-16.769855,-11.997517,-125.00001,0,0
-17.769855,-11.997517,-125.00001,0,0
-18.769855,-11.997517,-125.00001,0,0
-19.769855,-11.997517,-125.00001,0,0
-20.769855,-11.997517,-125.00001,0,0
-21.769855,-11.997517,-125.00001,0,0
-22.769855,-11.997517,-125.00001,0,0
-23.769855,-11.997517,-125.00001,0,0
-24.769855,-11.997517,-125.00001,0,0
-25.769855,-11.997517,-125.00001,0,0
-26.769855,-11.997517,-125.00001,0,0
-27.769855,-11.997517,-125.00001,0,0
-28.769855,-11.997517,-125.00001,0,0
-29.769855,-11.997517,-125.00001,0,0
-30.769855,-11.997517,-125.00001,0,0
-31.769855,-11.997517,-125.00001,0,0
-32.769855,-11.997517,-125.00001,0,0
-33.769855,-11.997517,-125.00001,0,0
-34.769855,-11.997517,-125.00001,0,0
-35.769855,-11.997517,-125.00001,0,0
-36.769855,-11.997517,-125.00001,0,0
-37.769855,-11.997517,-125.00001,0,0
-38.769855,-11.997517,-125.00001,0,0
-39.769855,-11.997517,-125.00001,0,0
-40.769855,-11.997517,-125.00001,0,0
-41.769855,-11.997517,-125.00001,0,0
-42.769855,-11.997517,-125.00001,0,0
-43.769855,-11.997517,-125.00001,0,0
-44.769855,-11.997517,-125.00001,0,0
-45.769855,-11.997517,-125.00001,0,0
-46.769855,-11.997517,-125.00001,0,0
-47.769855,-11.997517,-125.00001,0,0
-48.769855,-11.997517,-125.00001,0,0
-49.769855,-11.997517,-125.00001,0,0
49.230145,-12.997517,-125.00001,0,0
48.230145,-12.997517,-125.00001,0,0
47.230145,-12.997517,-125.00001,0,0
46.230145,-12.997517,-125.00001,0,0
45.230145,-12.997517,-125.00001,0,0
44.230145,-12.997517,-125.00001,0,0
43.230145,-12.997517,-125.00001,0,0
42.230145,-12.997517,-125.00001,0,0
41.230145,-12.997517,-125.00001,0,0
40.230145,-12.997517,-125.00001,0,0
39.230145,-12.997517,-125.00001,0,0
38.230145,-12.997517,-125.00001,0,0
37.230145,-12.997517,-125.00001,0,0
36.230145,-12.997517,-125.00001,0,0
35.230145,-12.997517,-125.00001,0,0
34.230145,-12.997517,-125.00001,0,0
33.230145,-12.997517,-125.00001,0,0
32.230145,-12.997517,-125.00001,0,0
31.230145,-12.997517,-125.00001,0,0
30.230145,-12.997517,-125.00001,0,0
29.230145,-12.997517,-125.00001,0,0
28.230145,-12.997517,-125.00001,0,0
27.230145,-12.997517,-125.00001,0,0
26.230145,-12.997517,-125.00001,0,0
25.230145,-12.997517,-125.00001,0,0
24.230145,-12.997517,-125.00001,0,0
23.230145,-12.997517,-125.00001,0,0
22.230145,-12.997517,-125.00001,0,0
21.230145,-12.997517,-125.00001,0,0
20.230145,-12.997517,-125.00001,0,0
19.230145,-12.997517,-125.00001,0,0
18.230145,-12.997517,-125.00001,0,0
17.230145,-12.997517,-125.00001,0,0
16.230145,-12.997517,-125.00001,0,0
15.2301445,-12.997517,-125.00001,0,0
14.2301445,-12.997517,-125.00001,0,0
13.2301445,-12.997517,-125.00001,0,0
12.2301445,-12.997517,-125.00001,0,0
11.2301445,-12.997517,-125.00001,0,0
10.2301445,-12.997517,-125.00001,0,0
9.2301445,-12.997517,-125.00001,0,0
8.2301445,-12.997517,-125.00001,0,3.999999
7.2301445,-12.997517,-125.00001,0,19.999996
6.2301445,-12.997517,-125.00001,0,47.999996
5.2301445,-12.997517,-125.00001,0,75.99999
4.2301445,-12.997517,-125.00001,Infinity,51.999996
3.2301445,-12.997517,-125.00001,0.30957654,47.999996
2.2301445,-12.997517,-125.00001,0.24477693,39.999996
1.2301445,-12.997517,-125.00001,0.15661743,59.999996
0.2301445,-12.997517,-125.00001,0.16365801,39.999996
-0.7698555,-12.997517,-125.00001,0.2327593,47.999996
-1.7698555,-12.997517,-125.00001,0.3644176,47.999996
-2.7698555,-12.997517,-125.00001,0.53516257,75.99999
-3.7698555,-12.997517,-125.00001,-Infinity,91.99999
-4.7698555,-12.997517,-125.00001,0,79.99999
-5.7698555,-12.997517,-125.00001,0,51.999996
-6.7698555,-12.997517,-125.00001,0,43.999996
-7.7698555,-12.997517,-125.00001,0,3.999999
-8.7698555,-12.997517,-125.00001,0,0
-9.7698555,-12.997517,-125.00001,0,0
-10.7698555,-12.997517,-125.00001,0,0
-11.7698555,-12.997517,-125.00001,0,0
-12.7698555,-12.997517,-125.00001,0,0
-13.7698555,-12.997517,-125.00001,0,0
-14.7698555,-12.997517,-125.00001,0,0
-15.7698555,-12.997517,-125.00001,0,0
-16.769855,-12.997517,-125.00001,0,0
-17.769855,-12.997517,-125.00001,0,0
-18.769855,-12.997517,-125.00001,0,0
-19.769855,-12.997517,-125.00001,0,0
-20.769855,-12.997517,-125.00001,0,0
-21.769855,-12.997517,-125.00001,0,0
-22.769855,-12.997517,-125.00001,0,0
-23.769855,-12.997517,-125.00001,0,0
-24.769855,-12.997517,-125.00001,0,0
-25.769855,-12.997517,-125.00001,0,0
-26.769855,-12.997517,-125.00001,0,0
-27.769855,-12.997517,-125.00001,0,0
-28.769855,-12.997517,-125.00001,0,0
-29.769855,-12.997517,-125.00001,0,0
-30.769855,-12.997517,-125.00001,0,0
-31.769855,-12.997517,-125.00001,0,0
-32.769855,-12.997517,-125.00001,0,0
-33.769855,-12.997517,-125.00001,0,0
-34.769855,-12.997517,-125.00001,0,0
-35.769855,-12.997517,-125.00001,0,0
-36.769855,-12.997517,-125.00001,0,0
-37.769855,-12.997517,-125.00001,0,0
-38.769855,-12.997517,-125.00001,0,0
-39.769855,-12.997517,-125.00001,0,0
-40.769855,-12.997517,-125.00001,0,0
-41.769855,-12.997517,-125.00001,0,0
-42.769855,-12.997517,-125.00001,0,0
-43.769855,-12.997517,-125.00001,0,0
-44.769855,-12.997517,-125.00001,0,0
-45.769855,-12.997517,-125.00001,0,0
-46.769855,-12.997517,-125.00001,0,0
-47.769855,-12.997517,-125.00001,0,0
-48.769855,-12.997517,-125.00001,0,0
-49.769855,-12.997517,-125.00001,0,0
49.230145,-13.997517,-125.00001,0,0
48.230145,-13.997517,-125.00001,0,0
47.230145,-13.997517,-125.00001,0,0
46.230145,-13.997517,-125.00001,0,0
45.230145,-13.997517,-125.00001,0,0
44.230145,-13.997517,-125.00001,0,0
43.230145,-13.997517,-125.00001,0,0
42.230145,-13.997517,-125.00001,0,0
41.230145,-13.997517,-125.00001,0,0
40.230145,-13.997517,-125.00001,0,0
39.230145,-13.997517,-125.00001,0,0
38.230145,-13.997517,-125.00001,0,0
37.230145,-13.997517,-125.00001,0,0
36.230145,-13.997517,-125.00001,0,0
35.230145,-13.997517,-125.00001,0,0
34.230145,-13.997517,-125.00001,0,0
33.230145,-13.997517,-125.00001,0,0
32.230145,-13.997517,-125.00001,0,0
31.230145,-13.997517,-125.00001,0,0
30.230145,-13.997517,-125.00001,0,0
29.230145,-13.997517,-125.00001,0,0
28.230145,-13.997517,-125.00001,0,0
27.230145,-13.997517,-125.00001,0,0
26.230145,-13.997517,-125.00001,0,0
25.230145,-13.997517,-125.00001,0,0
24.230145,-13.997517,-125.00001,0,0
23.230145,-13.997517,-125.00001,0,0
22.230145,-13.997517,-125.00001,0,0
21.230145,-13.997517,-125.00001,0,0
20.230145,-13.997517,-125.00001,0,0
19.230145,-13.997517,-125.00001,0,0
18.230145,-13.997517,-125.00001,0,0
17.230145,-13.997517,-125.00001,0,0
16.230145,-13.997517,-125.00001,0,0
15.2301445,-13.997517,-125.00001,0,0
14.2301445,-13.997517,-125.00001,0,0
13.2301445,-13.997517,-125.00001,0,0
12.2301445,-13.997517,-125.00001,0,0
11.2301445,-13.997517,-125.00001,0,0
10.2301445,-13.997517,-125.00001,0,0
9.2301445,-13.997517,-125.00001,0,0
8.2301445,-13.997517,-125.00001,0,0
7.2301445,-13.997517,-125.00001,0,0
6.2301445,-13.997517,-125.00001,0,0
5.2301445,-13.997517,-125.00001,0,7.999998
4.2301445,-13.997517,-125.00001,0,19.999996
3.2301445,-13.997517,-125.00001,0,43.999996
2.2301445,-13.997517,-125.00001,0,27.999996
1.2301445,-13.997517,-125.00001,0,43.999996
0.2301445,-13.997517,-125.00001,0,43.999996
-0.7698555,-13.997517,-125.00001,0,31.999996
-1.7698555,-13.997517,-125.00001,0,39.999996
-2.7698555,-13.997517,-125.00001,0,51.999996
-3.7698555,-13.997517,-125.00001,0,15.999996
-4.7698555,-13.997517,-125.00001,0,0
-5.7698555,-13.997517,-125.00001,0,3.999999
-6.7698555,-13.997517,-125.00001,0,0
-7.7698555,-13.997517,-125.00001,0,0
-8.7698555,-13.997517,-125.00001,0,0
-9.7698555,-13.997517,-125.00001,0,0
-10.7698555,-13.997517,-125.00001,0,0
-11.7698555,-13.997517,-125.00001,0,0
-12.7698555,-13.997517,-125.00001,0,0
-13.7698555,-13.997517,-125.00001,0,0
-14.7698555,-13.997517,-125.00001,0,0
-15.7698555,-13.997517,-125.00001,0,0
-16.769855,-13.997517,-125.00001,0,0
-17.769855,-13.997517,-125.00001,0,0
-18.769855,-13.997517,-125.00001,0,0
-19.769855,-13.997517,-125.00001,0,0
-20.769855,-13.997517,-125.00001,0,0
-21.769855,-13.997517,-125.00001,0,0
-22.769855,-13.997517,-125.00001,0,0
-23.769855,-13.997517,-125.00001,0,0
-24.769855,-13.997517,-125.00001,0,0
-25.769855,-13.997517,-125.00001,0,0
-26.769855,-13.997517,-125.00001,0,0
-27.769855,-13.997517,-125.00001,0,0
-28.769855,-13.997517,-125.00001,0,0
-29.769855,-13.997517,-125.00001,0,0
-30.769855,-13.997517,-125.00001,0,0
-31.769855,-13.997517,-125.00001,0,0
-32.769855,-13.997517,-125.00001,0,0
-33.769855,-13.997517,-125.00001,0,0
-34.769855,-13.997517,-125.00001,0,0
-35.769855,-13.997517,-125.00001,0,0
-36.769855,-13.997517,-125.00001,0,0
-37.769855,-13.997517,-125.00001,0,0
-38.769855,-13.997517,-125.00001,0,0
-39.769855,-13.997517,-125.00001,0,0
-40.769855,-13.997517,-125.00001,0,0
-41.769855,-13.997517,-125.00001,0,0
-42.769855,-13.997517,-125.00001,0,0
-43.769855,-13.997517,-125.00001,0,0
-44.769855,-13.997517,-125.00001,0,0
-45.769855,-13.997517,-125.00001,0,0
-46.769855,-13.997517,-125.00001,0,0
-47.769855,-13.997517,-125.00001,0,0
-48.769855,-13.997517,-125.00001,0,0
-49.769855,-13.997517,-125.00001,0,0
49.230145,-14.997517,-125.00001,0,0
48.230145,-14.997517,-125.00001,0,0
47.230145,-14.997517,-125.00001,0,0
46.230145,-14.997517,-125.00001,0,0
45.230145,-14.997517,-125.00001,0,0
44.230145,-14.997517,-125.00001,0,0
43.230145,-14.997517,-125.00001,0,0
42.230145,-14.997517,-125.00001,0,0
41.230145,-14.997517,-125.00001,0,0
40.230145,-14.997517,-125.00001,0,0
39.230145,-14.997517,-125.00001,0,0
38.230145,-14.997517,-125.00001,0,0
37.230145,-14.997517,-125.00001,0,0
36.230145,-14.997517,-125.00001,0,0
35.230145,-14.997517,-125.00001,0,0
34.230145,-14.997517,-125.00001,0,0
33.230145,-14.997517,-125.00001,0,0
32.230145,-14.997517,-125.00001,0,0
31.230145,-14.997517,-125.00001,0,0
30.230145,-14.997517,-125.00001,0,0
29.230145,-14.997517,-125.00001,0,0
28.230145,-14.997517,-125.00001,0,0
27.230145,-14.997517,-125.00001,0,0
26.230145,-14.997517,-125.00001,0,0
25.230145,-14.997517,-125.00001,0,0
24.230145,-14.997517,-125.00001,0,0
23.230145,-14.997517,-125.00001,0,0
22.230145,-14.997517,-125.00001,0,0
21.230145,-14.997517,-125.00001,0,0
20.230145,-14.997517,-125.00001,0,0
19.230145,-14.997517,-125.00001,0,0
18.230145,-14.997517,-125.00001,0,0
17.230145,-14.997517,-125.00001,0,0
16.230145,-14.997517,-125.00001,0,0
15.2301445,-14.997517,-125.00001,0,0
14.2301445,-14.997517,-125.00001,0,0
13.2301445,-14.997517,-125.00001,0,0
12.2301445,-14.997517,-125.00001,0,0
11.2301445,-14.997517,-125.00001,0,0
10.2301445,-14.997517,-125.00001,0,0
9.2301445,-14.997517,-125.00001,0,0
8.2301445,-14.997517,-125.00001,0,0
7.2301445,-14.997517,-125.00001,0,0
6.2301445,-14.997517,-125.00001,0,0
5.2301445,-14.997517,-125.00001,0,0
4.2301445,-14.997517,-125.00001,0,0
3.2301445,-14.997517,-125.00001,0,0
2.2301445,-14.997517,-125.00001,0,0
1.2301445,-14.997517,-125.00001,0,0
0.2301445,-14.997517,-125.00001,0,0
-0.7698555,-14.997517,-125.00001,0,0
-1.7698555,-14.997517,-125.00001,0,0
-2.7698555,-14.997517,-125.00001,0,0
-3.7698555,-14.997517,-125.00001,0,0
-4.7698555,-14.997517,-125.00001,0,0
-5.7698555,-14.997517,-125.00001,0,0
-6.7698555,-14.997517,-125.00001,0,0
-7.7698555,-14.997517,-125.00001,0,0
-8.7698555,-14.997517,-125.00001,0,0
-9.7698555,-14.997517,-125.00001,0,0
-10.7698555,-14.997517,-125.00001,0,0
-11.7698555,-14.997517,-125.00001,0,0
-12.7698555,-14.997517,-125.00001,0,0
-13.7698555,-14.997517,-125.00001,0,0
-14.7698555,-14.997517,-125.00001,0,0
-15.7698555,-14.997517,-125.00001,0,0
-16.769855,-14.997517,-125.00001,0,0
-17.769855,-14.997517,-125.00001,0,0
-18.769855,-14.997517,-125.00001,0,0
-19.769855,-14.997517,-125.00001,0,0
-20.769855,-14.997517,-125.00001,0,0
-21.769855,-14.997517,-125.00001,0,0
-22.769855,-14.997517,-125.00001,0,0
-23.769855,-14.997517,-125.00001,0,0
-24.769855,-14.997517,-125.00001,0,0
-25.769855,-14.997517,-125.00001,0,0
-26.769855,-14.997517,-125.00001,0,0
-27.769855,-14.997517,-125.00001,0,0
-28.769855,-14.997517,-125.00001,0,0
-29.769855,-14.997517,-125.00001,0,0
-30.769855,-14.997517,-125.00001,0,0
-31.769855,-14.997517,-125.00001,0,0
-32.769855,-14.997517,-125.00001,0,0
-33.769855,-14.997517,-125.00001,0,0
-34.769855,-14.997517,-125.00001,0,0
-35.769855,-14.997517,-125.00001,0,0
-36.769855,-14.997517,-125.00001,0,0
-37.769855,-14.997517,-125.00001,0,0
-38.769855,-14.997517,-125.00001,0,0
-39.769855,-14.997517,-125.00001,0,0
-40.769855,-14.997517,-125.00001,0,0
-41.769855,-14.997517,-125.00001,0,0
-42.769855,-14.997517,-125.00001,0,0
-43.769855,-14.997517,-125.00001,0,0
-44.769855,-14.997517,-125.00001,0,0
-45.769855,-14.997517,-125.00001,0,0
-46.769855,-14.997517,-125.00001,0,0
-47.769855,-14.997517,-125.00001,0,0
-48.769855,-14.997517,-125.00001,0,0
-49.769855,-14.997517,-125.00001,0,0
49.230145,-15.997517,-125.00001,0,0
48.230145,-15.997517,-125.00001,0,0
47.230145,-15.997517,-125.00001,0,0
46.230145,-15.997517,-125.00001,0,0
45.230145,-15.997517,-125.00001,0,0
44.230145,-15.997517,-125.00001,0,0
43.230145,-15.997517,-125.00001,0,0
42.230145,-15.997517,-125.00001,0,0
41.230145,-15.997517,-125.00001,0,0
40.230145,-15.997517,-125.00001,0,0
39.230145,-15.997517,-125.00001,0,0
38.230145,-15.997517,-125.00001,0,0
37.230145,-15.997517,-125.00001,0,0
36.230145,-15.997517,-125.00001,0,0
35.230145,-15.997517,-125.00001,0,0
34.230145,-15.997517,-125.00001,0,0
33.230145,-15.997517,-125.00001,0,0
32.230145,-15.997517,-125.00001,0,0
31.230145,-15.997517,-125.00001,0,0
30.230145,-15.997517,-125.00001,0,0
29.230145,-15.997517,-125.00001,0,0
28.230145,-15.997517,-125.00001,0,0
27.230145,-15.997517,-125.00001,0,0
26.230145,-15.997517,-125.00001,0,0
25.230145,-15.997517,-125.00001,0,0
24.230145,-15.997517,-125.00001,0,0
23.230145,-15.997517,-125.00001,0,0
22.230145,-15.997517,-125.00001,0,0
21.230145,-15.997517,-125.00001,0,0
20.230145,-15.997517,-125.00001,0,0
19.230145,-15.997517,-125.00001,0,0
18.230145,-15.997517,-125.00001,0,0
17.230145,-15.997517,-125.00001,0,0
16.230145,-15.997517,-125.00001,0,0
15.2301445,-15.997517,-125.00001,0,0
14.2301445,-15.997517,-125.00001,0,0
13.2301445,-15.997517,-125.00001,0,0
12.2301445,-15.997517,-125.00001,0,0
11.2301445,-15.997517,-125.00001,0,0
10.2301445,-15.997517,-125.00001,0,0
9.2301445,-15.997517,-125.00001,0,0
8.2301445,-15.997517,-125.00001,0,0
7.2301445,-15.997517,-125.00001,0,0
6.2301445,-15.997517,-125.00001,0,0
5.2301445,-15.997517,-125.00001,0,0
4.2301445,-15.997517,-125.00001,0,0
3.2301445,-15.997517,-125.00001,0,0
2.2301445,-15.997517,-125.00001,0,0
1.2301445,-15.997517,-125.00001,0,0
0.2301445,-15.997517,-125.00001,0,0
-0.7698555,-15.997517,-125.00001,0,0
-1.7698555,-15.997517,-125.00001,0,0
-2.7698555,-15.997517,-125.00001,0,0
-3.7698555,-15.997517,-125.00001,0,0
-4.7698555,-15.997517,-125.00001,0,0
-5.7698555,-15.997517,-125.00001,0,0
-6.7698555,-15.997517,-125.00001,0,0
-7.7698555,-15.997517,-125.00001,0,0
-8.7698555,-15.997517,-125.00001,0,0
-9.7698555,-15.997517,-125.00001,0,0
-10.7698555,-15.997517,-125.00001,0,0
-11.7698555,-15.997517,-125.00001,0,0
-12.7698555,-15.997517,-125.00001,0,0
-13.7698555,-15.997517,-125.00001,0,0
-14.7698555,-15.997517,-125.00001,0,0
-15.7698555,-15.997517,-125.00001,0,0
-16.769855,-15.997517,-125.00001,0,0
-17.769855,-15.997517,-125.00001,0,0
-18.769855,-15.997517,-125.00001,0,0
-19.769855,-15.997517,-125.00001,0,0
-20.769855,-15.997517,-125.00001,0,0
-21.769855,-15.997517,-125.00001,0,0
-22.769855,-15.997517,-125.00001,0,0
-23.769855,-15.997517,-125.00001,0,0
-24.769855,-15.997517,-125.00001,0,0
-25.769855,-15.997517,-125.00001,0,0
-26.769855,-15.997517,-125.00001,0,0
-27.769855,-15.997517,-125.00001,0,0
-28.769855,-15.997517,-125.00001,0,0
-29.769855,-15.997517,-125.00001,0,0
-30.769855,-15.997517,-125.00001,0,0
-31.769855,-15.997517,-125.00001,0,0
-32.769855,-15.997517,-125.00001,0,0
-33.769855,-15.997517,-125.00001,0,0
-34.769855,-15.997517,-125.00001,0,0
-35.769855,-15.997517,-125.00001,0,0
-36.769855,-15.997517,-125.00001,0,0
-37.769855,-15.997517,-125.00001,0,0
-38.769855,-15.997517,-125.00001,0,0
-39.769855,-15.997517,-125.00001,0,0
-40.769855,-15.997517,-125.00001,0,0
-41.769855,-15.997517,-125.00001,0,0
-42.769855,-15.997517,-125.00001,0,0
-43.769855,-15.997517,-125.00001,0,0
-44.769855,-15.997517,-125.00001,0,0
-45.769855,-15.997517,-125.00001,0,0
-46.769855,-15.997517,-125.00001,0,0
-47.769855,-15.997517,-125.00001,0,0
-48.769855,-15.997517,-125.00001,0,0
-49.769855,-15.997517,-125.00001,0,0
49.230145,-16.997517,-125.00001,0,0
48.230145,-16.997517,-125.00001,0,0
47.230145,-16.997517,-125.00001,0,0
46.230145,-16.997517,-125.00001,0,0
45.230145,-16.997517,-125.00001,0,0
44.230145,-16.997517,-125.00001,0,0
43.230145,-16.997517,-125.00001,0,0
42.230145,-16.997517,-125.00001,0,0
41.230145,-16.997517,-125.00001,0,0
40.230145,-16.997517,-125.00001,0,0
39.230145,-16.997517,-125.00001,0,0
38.230145,-16.997517,-125.00001,0,0
37.230145,-16.997517,-125.00001,0,0
36.230145,-16.997517,-125.00001,0,0
35.230145,-16.997517,-125.00001,0,0
34.230145,-16.997517,-125.00001,0,0
33.230145,-16.997517,-125.00001,0,0
32.230145,-16.997517,-125.00001,0,0
31.230145,-16.997517,-125.00001,0,0
30.230145,-16.997517,-125.00001,0,0
29.230145,-16.997517,-125.00001,0,0
28.230145,-16.997517,-125.00001,0,0
27.230145,-16.997517,-125.00001,0,0
26.230145,-16.997517,-125.00001,0,0
25.230145,-16.997517,-125.00001,0,0
24.230145,-16.997517,-125.00001,0,0
23.230145,-16.997517,-125.00001,0,0
22.230145,-16.997517,-125.00001,0,0
21.230145,-16.997517,-125.00001,0,0
20.230145,-16.997517,-125.00001,0,0
19.230145,-16.997517,-125.00001,0,0
18.230145,-16.997517,-125.00001,0,0
17.230145,-16.997517,-125.00001,0,0
16.230145,-16.997517,-125.00001,0,0
15.2301445,-16.997517,-125.00001,0,0
14.2301445,-16.997517,-125.00001,0,0
13.2301445,-16.997517,-125.00001,0,0
12.2301445,-16.997517,-125.00001,0,0
11.2301445,-16.997517,-125.00001,0,0
10.2301445,-16.997517,-125.00001,0,0
9.2301445,-16.997517,-125.00001,0,0
8.2301445,-16.997517,-125.00001,0,0
7.2301445,-16.997517,-125.00001,0,0
6.2301445,-16.997517,-125.00001,0,0
5.2301445,-16.997517,-125.00001,0,0
4.2301445,-16.997517,-125.00001,0,0
3.2301445,-16.997517,-125.00001,0,0
2.2301445,-16.997517,-125.00001,0,0
1.2301445,-16.997517,-125.00001,0,0
0.2301445,-16.997517,-125.00001,0,0
-0.7698555,-16.997517,-125.00001,0,0
-1.7698555,-16.997517,-125.00001,0,0
-2.7698555,-16.997517,-125.00001,0,0
-3.7698555,-16.997517,-125.00001,0,0
-4.7698555,-16.997517,-125.00001,0,0
-5.7698555,-16.997517,-125.00001,0,0
-6.7698555,-16.997517,-125.00001,0,0
-7.7698555,-16.997517,-125.00001,0,0
-8.7698555,-16.997517,-125.00001,0,0
-9.7698555,-16.997517,-125.00001,0,0
-10.7698555,-16.997517,-125.00001,0,0
-11.7698555,-16.997517,-125.00001,0,0
-12.7698555,-16.997517,-125.00001,0,0
-13.7698555,-16.997517,-125.00001,0,0
-14.7698555,-16.997517,-125.00001,0,0
-15.7698555,-16.997517,-125.00001,0,0
-16.769855,-16.997517,-125.00001,0,0
-17.769855,-16.997517,-125.00001,0,0
-18.769855,-16.997517,-125.00001,0,0
-19.769855,-16.997517,-125.00001,0,0
-20.769855,-16.997517,-125.00001,0,0
-21.769855,-16.997517,-125.00001,0,0
-22.769855,-16.997517,-125.00001,0,0
-23.769855,-16.997517,-125.00001,0,0
-24.769855,-16.997517,-125.00001,0,0
-25.769855,-16.997517,-125.00001,0,0
-26.769855,-16.997517,-125.00001,0,0
-27.769855,-16.997517,-125.00001,0,0
-28.769855,-16.997517,-125.00001,0,0
-29.769855,-16.997517,-125.00001,0,0
-30.769855,-16.997517,-125.00001,0,0
-31.769855,-16.997517,-125.00001,0,0
-32.769855,-16.997517,-125.00001,0,0
-33.769855,-16.997517,-125.00001,0,0
-34.769855,-16.997517,-125.00001,0,0
-35.769855,-16.997517,-125.00001,0,0
-36.769855,-16.997517,-125.00001,0,0
-37.769855,-16.997517,-125.00001,0,0
-38.769855,-16.997517,-125.00001,0,0
-39.769855,-16.997517,-125.00001,0,0
-40.769855,-16.997517,-125.00001,0,0
-41.769855,-16.997517,-125.00001,0,0
-42.769855,-16.997517,-125.00001,0,0
-43.769855,-16.997517,-125.00001,0,0
-44.769855,-16.997517,-125.00001,0,0
-45.769855,-16.997517,-125.00001,0,0
-46.769855,-16.997517,-125.00001,0,0
-47.769855,-16.997517,-125.00001,0,0
-48.769855,-16.997517,-125.00001,0,0
-49.769855,-16.997517,-125.00001,0,0
49.230145,-17.997517,-125.00001,0,0
48.230145,-17.997517,-125.00001,0,0
47.230145,-17.997517,-125.00001,0,0
46.230145,-17.997517,-125.00001,0,0
45.230145,-17.997517,-125.00001,0,0
44.230145,-17.997517,-125.00001,0,0
43.230145,-17.997517,-125.00001,0,0
42.230145,-17.997517,-125.00001,0,0
41.230145,-17.997517,-125.00001,0,0
40.230145,-17.997517,-125.00001,0,0
39.230145,-17.997517,-125.00001,0,0
38.230145,-17.997517,-125.00001,0,0
37.230145,-17.997517,-125.00001,0,0
36.230145,-17.997517,-125.00001,0,0
35.230145,-17.997517,-125.00001,0,0
34.230145,-17.997517,-125.00001,0,0
33.230145,-17.997517,-125.00001,0,0
32.230145,-17.997517,-125.00001,0,0
31.230145,-17.997517,-125.00001,0,0
30.230145,-17.997517,-125.00001,0,0
29.230145,-17.997517,-125.00001,0,0
28.230145,-17.997517,-125.00001,0,0
27.230145,-17.997517,-125.00001,0,0
26.230145,-17.997517,-125.00001,0,0
25.230145,-17.997517,-125.00001,0,0
24.230145,-17.997517,-125.00001,0,0
23.230145,-17.997517,-125.00001,0,0
22.230145,-17.997517,-125.00001,0,0
21.230145,-17.997517,-125.00001,0,0
20.230145,-17.997517,-125.00001,0,0
19.230145,-17.997517,-125.00001,0,0
18.230145,-17.997517,-125.00001,0,0
17.230145,-17.997517,-125.00001,0,0
16.230145,-17.997517,-125.00001,0,0
15.2301445,-17.997517,-125.00001,0,0
14.2301445,-17.997517,-125.00001,0,0
13.2301445,-17.997517,-125.00001,0,0
12.2301445,-17.997517,-125.00001,0,0
11.2301445,-17.997517,-125.00001,0,0
10.2301445,-17.997517,-125.00001,0,0
9.2301445,-17.997517,-125.00001,0,0
8.2301445,-17.997517,-125.00001,0,0
7.2301445,-17.997517,-125.00001,0,0
6.2301445,-17.997517,-125.00001,0,0
5.2301445,-17.997517,-125.00001,0,0
4.2301445,-17.997517,-125.00001,0,0
3.2301445,-17.997517,-125.00001,0,0
2.2301445,-17.997517,-125.00001,0,0
1.2301445,-17.997517,-125.00001,0,0
0.2301445,-17.997517,-125.00001,0,0
-0.7698555,-17.997517,-125.00001,0,0
-1.7698555,-17.997517,-125.00001,0,0
-2.7698555,-17.997517,-125.00001,0,0
-3.7698555,-17.997517,-125.00001,0,0
-4.7698555,-17.997517,-125.00001,0,0
-5.7698555,-17.997517,-125.00001,0,0
-6.7698555,-17.997517,-125.00001,0,0
-7.7698555,-17.997517,-125.00001,0,0
-8.7698555,-17.997517,-125.00001,0,0
-9.7698555,-17.997517,-125.00001,0,0
-10.7698555,-17.997517,-125.00001,0,0
-11.7698555,-17.997517,-125.00001,0,0
-12.7698555,-17.997517,-125.00001,0,0
-13.7698555,-17.997517,-125.00001,0,0
-14.7698555,-17.997517,-125.00001,0,0
-15.7698555,-17.997517,-125.00001,0,0
-16.769855,-17.997517,-125.00001,0,0
-17.769855,-17.997517,-125.00001,0,0
-18.769855,-17.997517,-125.00001,0,0
-19.769855,-17.997517,-125.00001,0,0
-20.769855,-17.997517,-125.00001,0,0
-21.769855,-17.997517,-125.00001,0,0
-22.769855,-17.997517,-125.00001,0,0
-23.769855,-17.997517,-125.00001,0,0
-24.769855,-17.997517,-125.00001,0,0
-25.769855,-17.997517,-125.00001,0,0
-26.769855,-17.997517,-125.00001,0,0
-27.769855,-17.997517,-125.00001,0,0
-28.769855,-17.997517,-125.00001,0,0
-29.769855,-17.997517,-125.00001,0,0
-30.769855,-17.997517,-125.00001,0,0
-31.769855,-17.997517,-125.00001,0,0
-32.769855,-17.997517,-125.00001,0,0
-33.769855,-17.997517,-125.00001,0,0
-34.769855,-17.997517,-125.00001,0,0
-35.769855,-17.997517,-125.00001,0,0
-36.769855,-17.997517,-125.00001,0,0
-37.769855,-17.997517,-125.00001,0,0
-38.769855,-17.997517,-125.00001,0,0
-39.769855,-17.997517,-125.00001,0,0
-40.769855,-17.997517,-125.00001,0,0
-41.769855,-17.997517,-125.00001,0,0
-42.769855,-17.997517,-125.00001,0,0
-43.769855,-17.997517,-125.00001,0,0
-44.769855,-17.997517,-125.00001,0,0
-45.769855,-17.997517,-125.00001,0,0
-46.769855,-17.997517,-125.00001,0,0
-47.769855,-17.997517,-125.00001,0,0
-48.769855,-17.997517,-125.00001,0,0
-49.769855,-17.997517,-125.00001,0,0
49.230145,-18.997517,-125.00001,0,0
48.230145,-18.997517,-125.00001,0,0
47.230145,-18.997517,-125.00001,0,0
46.230145,-18.997517,-125.00001,0,0
45.230145,-18.997517,-125.00001,0,0
44.230145,-18.997517,-125.00001,0,0
43.230145,-18.997517,-125.00001,0,0
42.230145,-18.997517,-125.00001,0,0
41.230145,-18.997517,-125.00001,0,0
40.230145,-18.997517,-125.00001,0,0
39.230145,-18.997517,-125.00001,0,0
38.230145,-18.997517,-125.00001,0,0
37.230145,-18.997517,-125.00001,0,0
36.230145,-18.997517,-125.00001,0,0
35.230145,-18.997517,-125.00001,0,0
34.230145,-18.997517,-125.00001,0,0
33.230145,-18.997517,-125.00001,0,0
32.230145,-18.997517,-125.00001,0,0
31.230145,-18.997517,-125.00001,0,0
30.230145,-18.997517,-125.00001,0,0
29.230145,-18.997517,-125.00001,0,0
28.230145,-18.997517,-125.00001,0,0
27.230145,-18.997517,-125.00001,0,0
26.230145,-18.997517,-125.00001,0,0
25.230145,-18.997517,-125.00001,0,0
24.230145,-18.997517,-125.00001,0,0
23.230145,-18.997517,-125.00001,0,0
22.230145,-18.997517,-125.00001,0,0
21.230145,-18.997517,-125.00001,0,0
20.230145,-18.997517,-125.00001,0,0
19.230145,-18.997517,-125.00001,0,0
18.230145,-18.997517,-125.00001,0,0
17.230145,-18.997517,-125.00001,0,0
16.230145,-18.997517,-125.00001,0,0
15.2301445,-18.997517,-125.00001,0,0
14.2301445,-18.997517,-125.00001,0,0
13.2301445,-18.997517,-125.00001,0,0
12.2301445,-18.997517,-125.00001,0,0
11.2301445,-18.997517,-125.00001,0,0
10.2301445,-18.997517,-125.00001,0,0
9.2301445,-18.997517,-125.00001,0,0
8.2301445,-18.997517,-125.00001,0,0
7.2301445,-18.997517,-125.00001,0,0
6.2301445,-18.997517,-125.00001,0,0
5.2301445,-18.997517,-125.00001,0,0
4.2301445,-18.997517,-125.00001,0,0
3.2301445,-18.997517,-125.00001,0,0
2.2301445,-18.997517,-125.00001,0,0
1.2301445,-18.997517,-125.00001,0,0
0.2301445,-18.997517,-125.00001,0,0
-0.7698555,-18.997517,-125.00001,0,0
-1.7698555,-18.997517,-125.00001,0,0
-2.7698555,-18.997517,-125.00001,0,0
-3.7698555,-18.997517,-125.00001,0,0
-4.7698555,-18.997517,-125.00001,0,0
-5.7698555,-18.997517,-125.00001,0,0
-6.7698555,-18.997517,-125.00001,0,0
-7.7698555,-18.997517,-125.00001,0,0
-8.7698555,-18.997517,-125.00001,0,0
-9.7698555,-18.997517,-125.00001,0,0
-10.7698555,-18.997517,-125.00001,0,0
-11.7698555,-18.997517,-125.00001,0,0
-12.7698555,-18.997517,-125.00001,0,0
-13.7698555,-18.997517,-125.00001,0,0
-14.7698555,-18.997517,-125.00001,0,0
-15.7698555,-18.997517,-125.00001,0,0
-16.769855,-18.997517,-125.00001,0,0
-17.769855,-18.997517,-125.00001,0,0
-18.769855,-18.997517,-125.00001,0,0
-19.769855,-18.997517,-125.00001,0,0
-20.769855,-18.997517,-125.00001,0,0
-21.769855,-18.997517,-125.00001,0,0
-22.769855,-18.997517,-125.00001,0,0
-23.769855,-18.997517,-125.00001,0,0
-24.769855,-18.997517,-125.00001,0,0
-25.769855,-18.997517,-125.00001,0,0
-26.769855,-18.997517,-125.00001,0,0
-27.769855,-18.997517,-125.00001,0,0
-28.769855,-18.997517,-125.00001,0,0
-29.769855,-18.997517,-125.00001,0,0
-30.769855,-18.997517,-125.00001,0,0
-31.769855,-18.997517,-125.00001,0,0
-32.769855,-18.997517,-125.00001,0,0
-33.769855,-18.997517,-125.00001,0,0
-34.769855,-18.997517,-125.00001,0,0
-35.769855,-18.997517,-125.00001,0,0
-36.769855,-18.997517,-125.00001,0,0
-37.769855,-18.997517,-125.00001,0,0
-38.769855,-18.997517,-125.00001,0,0
-39.769855,-18.997517,-125.00001,0,0
-40.769855,-18.997517,-125.00001,0,0
-41.769855,-18.997517,-125.00001,0,0
-42.769855,-18.997517,-125.00001,0,0
-43.769855,-18.997517,-125.00001,0,0
-44.769855,-18.997517,-125.00001,0,0
-45.769855,-18.997517,-125.00001,0,0
-46.769855,-18.997517,-125.00001,0,0
-47.769855,-18.997517,-125.00001,0,0
-48.769855,-18.997517,-125.00001,0,0
-49.769855,-18.997517,-125.00001,0,0
49.230145,-19.997517,-125.00001,0,0
48.230145,-19.997517,-125.00001,0,0
47.230145,-19.997517,-125.00001,0,0
46.230145,-19.997517,-125.00001,0,0
45.230145,-19.997517,-125.00001,0,0
44.230145,-19.997517,-125.00001,0,0
43.230145,-19.997517,-125.00001,0,0
42.230145,-19.997517,-125.00001,0,0
41.230145,-19.997517,-125.00001,0,0
40.230145,-19.997517,-125.00001,0,0
39.230145,-19.997517,-125.00001,0,0
38.230145,-19.997517,-125.00001,0,0
37.230145,-19.997517,-125.00001,0,0
36.230145,-19.997517,-125.00001,0,0
35.230145,-19.997517,-125.00001,0,0
34.230145,-19.997517,-125.00001,0,0
33.230145,-19.997517,-125.00001,0,0
32.230145,-19.997517,-125.00001,0,0
31.230145,-19.997517,-125.00001,0,0
30.230145,-19.997517,-125.00001,0,0
29.230145,-19.997517,-125.00001,0,0
28.230145,-19.997517,-125.00001,0,0
27.230145,-19.997517,-125.00001,0,0
26.230145,-19.997517,-125.00001,0,0
25.230145,-19.997517,-125.00001,0,0
24.230145,-19.997517,-125.00001,0,0
23.230145,-19.997517,-125.00001,0,0
22.230145,-19.997517,-125.00001,0,0
21.230145,-19.997517,-125.00001,0,0
20.230145,-19.997517,-125.00001,0,0
19.230145,-19.997517,-125.00001,0,0
18.230145,-19.997517,-125.00001,0,0
17.230145,-19.997517,-125.00001,0,0
16.230145,-19.997517,-125.00001,0,0
15.2301445,-19.997517,-125.00001,0,0
14.2301445,-19.997517,-125.00001,0,0
13.2301445,-19.997517,-125.00001,0,0
12.2301445,-19.997517,-125.00001,0,0
11.2301445,-19.997517,-125.00001,0,0
10.2301445,-19.997517,-125.00001,0,0
9.2301445,-19.997517,-125.00001,0,0
8.2301445,-19.997517,-125.00001,0,0
7.2301445,-19.997517,-125.00001,0,0
6.2301445,-19.997517,-125.00001,0,0
5.2301445,-19.997517,-125.00001,0,0
4.2301445,-19.997517,-125.00001,0,0
3.2301445,-19.997517,-125.00001,0,0
2.2301445,-19.997517,-125.00001,0,0
1.2301445,-19.997517,-125.00001,0,0
0.2301445,-19.997517,-125.00001,0,0
-0.7698555,-19.997517,-125.00001,0,0
-1.7698555,-19.997517,-125.00001,0,0
-2.7698555,-19.997517,-125.00001,0,0
-3.7698555,-19.997517,-125.00001,0,0
-4.7698555,-19.997517,-125.00001,0,0
-5.7698555,-19.997517,-125.00001,0,0
-6.7698555,-19.997517,-125.00001,0,0
-7.7698555,-19.997517,-125.00001,0,0
-8.7698555,-19.997517,-125.00001,0,0
-9.7698555,-19.997517,-125.00001,0,0
-10.7698555,-19.997517,-125.00001,0,0
-11.7698555,-19.997517,-125.00001,0,0
-12.7698555,-19.997517,-125.00001,0,0
-13.7698555,-19.997517,-125.00001,0,0
-14.7698555,-19.997517,-125.00001,0,0
-15.7698555,-19.997517,-125.00001,0,0
-16.769855,-19.997517,-125.00001,0,0
-17.769855,-19.997517,-125.00001,0,0
-18.769855,-19.997517,-125.00001,0,0
-19.769855,-19.997517,-125.00001,0,0
-20.769855,-19.997517,-125.00001,0,0
-21.769855,-19.997517,-125.00001,0,0
-22.769855,-19.997517,-125.00001,0,0
-23.769855,-19.997517,-125.00001,0,0
-24.769855,-19.997517,-125.00001,0,0
-25.769855,-19.997517,-125.00001,0,0
-26.769855,-19.997517,-125.00001,0,0
-27.769855,-19.997517,-125.00001,0,0
-28.769855,-19.997517,-125.00001,0,0
-29.769855,-19.997517,-125.00001,0,0
-30.769855,-19.997517,-125.00001,0,0
-31.769855,-19.997517,-125.00001,0,0
-32.769855,-19.997517,-125.00001,0,0
-33.769855,-19.997517,-125.00001,0,0
-34.769855,-19.997517,-125.00001,0,0
-35.769855,-19.997517,-125.00001,0,0
-36.769855,-19.997517,-125.00001,0,0
-37.769855,-19.997517,-125.00001,0,0
-38.769855,-19.997517,-125.00001,0,0
-39.769855,-19.997517,-125.00001,0,0
-40.769855,-19.997517,-125.00001,0,0
-41.769855,-19.997517,-125.00001,0,0
-42.769855,-19.997517,-125.00001,0,0
-43.769855,-19.997517,-125.00001,0,0
-44.769855,-19.997517,-125.00001,0,0
-45.769855,-19.997517,-125.00001,0,0
-46.769855,-19.997517,-125.00001,0,0
-47.769855,-19.997517,-125.00001,0,0
-48.769855,-19.997517,-125.00001,0,0
-49.769855,-19.997517,-125.00001,0,0
49.230145,-20.997517,-125.00001,0,0
48.230145,-20.997517,-125.00001,0,0
47.230145,-20.997517,-125.00001,0,0
46.230145,-20.997517,-125.00001,0,0
45.230145,-20.997517,-125.00001,0,0
44.230145,-20.997517,-125.00001,0,0
43.230145,-20.997517,-125.00001,0,0
42.230145,-20.997517,-125.00001,0,0
41.230145,-20.997517,-125.00001,0,0
40.230145,-20.997517,-125.00001,0,0
39.230145,-20.997517,-125.00001,0,0
38.230145,-20.997517,-125.00001,0,0
37.230145,-20.997517,-125.00001,0,0
36.230145,-20.997517,-125.00001,0,0
35.230145,-20.997517,-125.00001,0,0
34.230145,-20.997517,-125.00001,0,0
33.230145,-20.997517,-125.00001,0,0
32.230145,-20.997517,-125.00001,0,0
31.230145,-20.997517,-125.00001,0,0
30.230145,-20.997517,-125.00001,0,0
29.230145,-20.997517,-125.00001,0,0
28.230145,-20.997517,-125.00001,0,0
27.230145,-20.997517,-125.00001,0,0
26.230145,-20.997517,-125.00001,0,0
25.230145,-20.997517,-125.00001,0,0
24.230145,-20.997517,-125.00001,0,0
23.230145,-20.997517,-125.00001,0,0
22.230145,-20.997517,-125.00001,0,0
21.230145,-20.997517,-125.00001,0,0
20.230145,-20.997517,-125.00001,0,0
19.230145,-20.997517,-125.00001,0,0
18.230145,-20.997517,-125.00001,0,0
17.230145,-20.997517,-125.00001,0,0
16.230145,-20.997517,-125.00001,0,0
15.2301445,-20.997517,-125.00001,0,0
14.2301445,-20.997517,-125.00001,0,0
13.2301445,-20.997517,-125.00001,0,0
12.2301445,-20.997517,-125.00001,0,0
11.2301445,-20.997517,-125.00001,0,0
10.2301445,-20.997517,-125.00001,0,0
9.2301445,-20.997517,-125.00001,0,0
8.2301445,-20.997517,-125.00001,0,0
7.2301445,-20.997517,-125.00001,0,0
6.2301445,-20.997517,-125.00001,0,0
5.2301445,-20.997517,-125.00001,0,0
4.2301445,-20.997517,-125.00001,0,0
3.2301445,-20.997517,-125.00001,0,0
2.2301445,-20.997517,-125.00001,0,0
1.2301445,-20.997517,-125.00001,0,0
0.2301445,-20.997517,-125.00001,0,0
-0.7698555,-20.997517,-125.00001,0,0
-1.7698555,-20.997517,-125.00001,0,0
-2.7698555,-20.997517,-125.00001,0,0
-3.7698555,-20.997517,-125.00001,0,0
-4.7698555,-20.997517,-125.00001,0,0
-5.7698555,-20.997517,-125.00001,0,0
-6.7698555,-20.997517,-125.00001,0,0
-7.7698555,-20.997517,-125.00001,0,0
-8.7698555,-20.997517,-125.00001,0,0
-9.7698555,-20.997517,-125.00001,0,0
-10.7698555,-20.997517,-125.00001,0,0
-11.7698555,-20.997517,-125.00001,0,0
-12.7698555,-20.997517,-125.00001,0,0
-13.7698555,-20.997517,-125.00001,0,0
-14.7698555,-20.997517,-125.00001,0,0
-15.7698555,-20.997517,-125.00001,0,0
-16.769855,-20.997517,-125.00001,0,0
-17.769855,-20.997517,-125.00001,0,0
-18.769855,-20.997517,-125.00001,0,0
-19.769855,-20.997517,-125.00001,0,0
-20.769855,-20.997517,-125.00001,0,0
-21.769855,-20.997517,-125.00001,0,0
-22.769855,-20.997517,-125.00001,0,0
-23.769855,-20.997517,-125.00001,0,0
-24.769855,-20.997517,-125.00001,0,0
-25.769855,-20.997517,-125.00001,0,0
-26.769855,-20.997517,-125.00001,0,0
-27.769855,-20.997517,-125.00001,0,0
-28.769855,-20.997517,-125.00001,0,0
-29.769855,-20.997517,-125.00001,0,0
-30.769855,-20.997517,-125.00001,0,0
-31.769855,-20.997517,-125.00001,0,0
-32.769855,-20.997517,-125.00001,0,0
-33.769855,-20.997517,-125.00001,0,0
-34.769855,-20.997517,-125.00001,0,0
-35.769855,-20.997517,-125.00001,0,0
-36.769855,-20.997517,-125.00001,0,0
-37.769855,-20.997517,-125.00001,0,0
-38.769855,-20.997517,-125.00001,0,0
-39.769855,-20.997517,-125.00001,0,0
-40.769855,-20.997517,-125.00001,0,0
-41.769855,-20.997517,-125.00001,0,0
-42.769855,-20.997517,-125.00001,0,0
-43.769855,-20.997517,-125.00001,0,0
-44.769855,-20.997517,-125.00001,0,0
-45.769855,-20.997517,-125.00001,0,0
-46.769855,-20.997517,-125.00001,0,0
-47.769855,-20.997517,-125.00001,0,0
-48.769855,-20.997517,-125.00001,0,0
-49.769855,-20.997517,-125.00001,0,0
49.230145,-21.997517,-125.00001,0,0
48.230145,-21.997517,-125.00001,0,0
47.230145,-21.997517,-125.00001,0,0
46.230145,-21.997517,-125.00001,0,0
45.230145,-21.997517,-125.00001,0,0
44.230145,-21.997517,-125.00001,0,0
43.230145,-21.997517,-125.00001,0,0
42.230145,-21.997517,-125.00001,0,0
41.230145,-21.997517,-125.00001,0,0
40.230145,-21.997517,-125.00001,0,0
39.230145,-21.997517,-125.00001,0,0
38.230145,-21.997517,-125.00001,0,0
37.230145,-21.997517,-125.00001,0,0
36.230145,-21.997517,-125.00001,0,0
35.230145,-21.997517,-125.00001,0,0
34.230145,-21.997517,-125.00001,0,0
33.230145,-21.997517,-125.00001,0,0
32.230145,-21.997517,-125.00001,0,0
31.230145,-21.997517,-125.00001,0,0
30.230145,-21.997517,-125.00001,0,0
29.230145,-21.997517,-125.00001,0,0
28.230145,-21.997517,-125.00001,0,0
27.230145,-21.997517,-125.00001,0,0
26.230145,-21.997517,-125.00001,0,0
25.230145,-21.997517,-125.00001,0,0
24.230145,-21.997517,-125.00001,0,0
23.230145,-21.997517,-125.00001,0,0
22.230145,-21.997517,-125.00001,0,0
21.230145,-21.997517,-125.00001,0,0
20.230145,-21.997517,-125.00001,0,0
19.230145,-21.997517,-125.00001,0,0
18.230145,-21.997517,-125.00001,0,0
17.230145,-21.997517,-125.00001,0,0
16.230145,-21.997517,-125.00001,0,0
15.2301445,-21.997517,-125.00001,0,0
14.2301445,-21.997517,-125.00001,0,0
13.2301445,-21.997517,-125.00001,0,0
12.2301445,-21.997517,-125.00001,0,0
11.2301445,-21.997517,-125.00001,0,0
10.2301445,-21.997517,-125.00001,0,0
9.2301445,-21.997517,-125.00001,0,0
8.2301445,-21.997517,-125.00001,0,0
7.2301445,-21.997517,-125.00001,0,0
6.2301445,-21.997517,-125.00001,0,0
5.2301445,-21.997517,-125.00001,0,0
4.2301445,-21.997517,-125.00001,0,0
3.2301445,-21.997517,-125.00001,0,0
2.2301445,-21.997517,-125.00001,0,0
1.2301445,-21.997517,-125.00001,0,0
0.2301445,-21.997517,-125.00001,0,0
-0.7698555,-21.997517,-125.00001,0,0
-1.7698555,-21.997517,-125.00001,0,0
-2.7698555,-21.997517,-125.00001,0,0
-3.7698555,-21.997517,-125.00001,0,0
-4.7698555,-21.997517,-125.00001,0,0
-5.7698555,-21.997517,-125.00001,0,0
-6.7698555,-21.997517,-125.00001,0,0
-7.7698555,-21.997517,-125.00001,0,0
-8.7698555,-21.997517,-125.00001,0,0
-9.7698555,-21.997517,-125.00001,0,0
-10.7698555,-21.997517,-125.00001,0,0
-11.7698555,-21.997517,-125.00001,0,0
-12.7698555,-21.997517,-125.00001,0,0
-13.7698555,-21.997517,-125.00001,0,0
-14.7698555,-21.997517,-125.00001,0,0
-15.7698555,-21.997517,-125.00001,0,0
-16.769855,-21.997517,-125.00001,0,0
-17.769855,-21.997517,-125.00001,0,0
-18.769855,-21.997517,-125.00001,0,0
-19.769855,-21.997517,-125.00001,0,0
-20.769855,-21.997517,-125.00001,0,0
-21.769855,-21.997517,-125.00001,0,0
-22.769855,-21.997517,-125.00001,0,0
-23.769855,-21.997517,-125.00001,0,0
-24.769855,-21.997517,-125.00001,0,0
-25.769855,-21.997517,-125.00001,0,0
-26.769855,-21.997517,-125.00001,0,0
-27.769855,-21.997517,-125.00001,0,0
-28.769855,-21.997517,-125.00001,0,0
-29.769855,-21.997517,-125.00001,0,0
-30.769855,-21.997517,-125.00001,0,0
-31.769855,-21.997517,-125.00001,0,0
-32.769855,-21.997517,-125.00001,0,0
-33.769855,-21.997517,-125.00001,0,0
-34.769855,-21.997517,-125.00001,0,0
-35.769855,-21.997517,-125.00001,0,0
-36.769855,-21.997517,-125.00001,0,0
-37.769855,-21.997517,-125.00001,0,0
-38.769855,-21.997517,-125.00001,0,0
-39.769855,-21.997517,-125.00001,0,0
-40.769855,-21.997517,-125.00001,0,0
-41.769855,-21.997517,-125.00001,0,0
-42.769855,-21.997517,-125.00001,0,0
-43.769855,-21.997517,-125.00001,0,0
-44.769855,-21.997517,-125.00001,0,0
-45.769855,-21.997517,-125.00001,0,0
-46.769855,-21.997517,-125.00001,0,0
-47.769855,-21.997517,-125.00001,0,0
-48.769855,-21.997517,-125.00001,0,0
-49.769855,-21.997517,-125.00001,0,0
49.230145,-22.997517,-125.00001,0,0
48.230145,-22.997517,-125.00001,0,0
47.230145,-22.997517,-125.00001,0,0
46.230145,-22.997517,-125.00001,0,0
45.230145,-22.997517,-125.00001,0,0
44.230145,-22.997517,-125.00001,0,0
43.230145,-22.997517,-125.00001,0,0
42.230145,-22.997517,-125.00001,0,0
41.230145,-22.997517,-125.00001,0,0
40.230145,-22.997517,-125.00001,0,0
39.230145,-22.997517,-125.00001,0,0
38.230145,-22.997517,-125.00001,0,0
37.230145,-22.997517,-125.00001,0,0
36.230145,-22.997517,-125.00001,0,0
35.230145,-22.997517,-125.00001,0,0
34.230145,-22.997517,-125.00001,0,0
33.230145,-22.997517,-125.00001,0,0
32.230145,-22.997517,-125.00001,0,0
31.230145,-22.997517,-125.00001,0,0
30.230145,-22.997517,-125.00001,0,0
29.230145,-22.997517,-125.00001,0,0
28.230145,-22.997517,-125.00001,0,0
27.230145,-22.997517,-125.00001,0,0
26.230145,-22.997517,-125.00001,0,0
25.230145,-22.997517,-125.00001,0,0
24.230145,-22.997517,-125.00001,0,0
23.230145,-22.997517,-125.00001,0,0
22.230145,-22.997517,-125.00001,0,0
21.230145,-22.997517,-125.00001,0,0
20.230145,-22.997517,-125.00001,0,0
19.230145,-22.997517,-125.00001,0,0
18.230145,-22.997517,-125.00001,0,0
17.230145,-22.997517,-125.00001,0,0
16.230145,-22.997517,-125.00001,0,0
15.2301445,-22.997517,-125.00001,0,0
14.2301445,-22.997517,-125.00001,0,0
13.2301445,-22.997517,-125.00001,0,0
12.2301445,-22.997517,-125.00001,0,0
11.2301445,-22.997517,-125.00001,0,0
10.2301445,-22.997517,-125.00001,0,0
9.2301445,-22.997517,-125.00001,0,0
8.2301445,-22.997517,-125.00001,0,0
7.2301445,-22.997517,-125.00001,0,0
6.2301445,-22.997517,-125.00001,0,0
5.2301445,-22.997517,-125.00001,0,0
4.2301445,-22.997517,-125.00001,0,0
3.2301445,-22.997517,-125.00001,0,0
2.2301445,-22.997517,-125.00001,0,0
1.2301445,-22.997517,-125.00001,0,0
0.2301445,-22.997517,-125.00001,0,0
-0.7698555,-22.997517,-125.00001,0,0
-1.7698555,-22.997517,-125.00001,0,0
-2.7698555,-22.997517,-125.00001,0,0
-3.7698555,-22.997517,-125.00001,0,0
-4.7698555,-22.997517,-125.00001,0,0
-5.7698555,-22.997517,-125.00001,0,0
-6.7698555,-22.997517,-125.00001,0,0
-7.7698555,-22.997517,-125.00001,0,0
-8.7698555,-22.997517,-125.00001,0,0
-9.7698555,-22.997517,-125.00001,0,0
-10.7698555,-22.997517,-125.00001,0,0
-11.7698555,-22.997517,-125.00001,0,0
-12.7698555,-22.997517,-125.00001,0,0
-13.7698555,-22.997517,-125.00001,0,0
-14.7698555,-22.997517,-125.00001,0,0
-15.7698555,-22.997517,-125.00001,0,0
-16.769855,-22.997517,-125.00001,0,0
-17.769855,-22.997517,-125.00001,0,0
-18.769855,-22.997517,-125.00001,0,0
-19.769855,-22.997517,-125.00001,0,0
-20.769855,-22.997517,-125.00001,0,0
-21.769855,-22.997517,-125.00001,0,0
-22.769855,-22.997517,-125.00001,0,0
-23.769855,-22.997517,-125.00001,0,0
-24.769855,-22.997517,-125.00001,0,0
-25.769855,-22.997517,-125.00001,0,0
-26.769855,-22.997517,-125.00001,0,0
-27.769855,-22.997517,-125.00001,0,0
-28.769855,-22.997517,-125.00001,0,0
-29.769855,-22.997517,-125.00001,0,0
-30.769855,-22.997517,-125.00001,0,0
-31.769855,-22.997517,-125.00001,0,0
-32.769855,-22.997517,-125.00001,0,0
-33.769855,-22.997517,-125.00001,0,0
-34.769855,-22.997517,-125.00001,0,0
-35.769855,-22.997517,-125.00001,0,0
-36.769855,-22.997517,-125.00001,0,0
-37.769855,-22.997517,-125.00001,0,0
-38.769855,-22.997517,-125.00001,0,0
-39.769855,-22.997517,-125.00001,0,0
-40.769855,-22.997517,-125.00001,0,0
-41.769855,-22.997517,-125.00001,0,0
-42.769855,-22.997517,-125.00001,0,0
-43.769855,-22.997517,-125.00001,0,0
-44.769855,-22.997517,-125.00001,0,0
-45.769855,-22.997517,-125.00001,0,0
-46.769855,-22.997517,-125.00001,0,0
-47.769855,-22.997517,-125.00001,0,0
-48.769855,-22.997517,-125.00001,0,0
-49.769855,-22.997517,-125.00001,0,0
49.230145,-23.997517,-125.00001,0,0
48.230145,-23.997517,-125.00001,0,0
47.230145,-23.997517,-125.00001,0,0
46.230145,-23.997517,-125.00001,0,0
45.230145,-23.997517,-125.00001,0,0
44.230145,-23.997517,-125.00001,0,0
43.230145,-23.997517,-125.00001,0,0
42.230145,-23.997517,-125.00001,0,0
41.230145,-23.997517,-125.00001,0,0
40.230145,-23.997517,-125.00001,0,0
39.230145,-23.997517,-125.00001,0,0
38.230145,-23.997517,-125.00001,0,0
37.230145,-23.997517,-125.00001,0,0
36.230145,-23.997517,-125.00001,0,0
35.230145,-23.997517,-125.00001,0,0
34.230145,-23.997517,-125.00001,0,0
33.230145,-23.997517,-125.00001,0,0
32.230145,-23.997517,-125.00001,0,0
31.230145,-23.997517,-125.00001,0,0
30.230145,-23.997517,-125.00001,0,0
29.230145,-23.997517,-125.00001,0,0
28.230145,-23.997517,-125.00001,0,0
27.230145,-23.997517,-125.00001,0,0
26.230145,-23.997517,-125.00001,0,0
25.230145,-23.997517,-125.00001,0,0
24.230145,-23.997517,-125.00001,0,0
23.230145,-23.997517,-125.00001,0,0
22.230145,-23.997517,-125.00001,0,0
21.230145,-23.997517,-125.00001,0,0
20.230145,-23.997517,-125.00001,0,0
19.230145,-23.997517,-125.00001,0,0
18.230145,-23.997517,-125.00001,0,0
17.230145,-23.997517,-125.00001,0,0
16.230145,-23.997517,-125.00001,0,0
15.2301445,-23.997517,-125.00001,0,0
14.2301445,-23.997517,-125.00001,0,0
13.2301445,-23.997517,-125.00001,0,0
12.2301445,-23.997517,-125.00001,0,0
11.2301445,-23.997517,-125.00001,0,0
10.2301445,-23.997517,-125.00001,0,0
9.2301445,-23.997517,-125.00001,0,0
8.2301445,-23.997517,-125.00001,0,0
7.2301445,-23.997517,-125.00001,0,0
6.2301445,-23.997517,-125.00001,0,0
5.2301445,-23.997517,-125.00001,0,0
4.2301445,-23.997517,-125.00001,0,0
3.2301445,-23.997517,-125.00001,0,0
2.2301445,-23.997517,-125.00001,0,0
1.2301445,-23.997517,-125.00001,0,0
0.2301445,-23.997517,-125.00001,0,0
-0.7698555,-23.997517,-125.00001,0,0
-1.7698555,-23.997517,-125.00001,0,0
-2.7698555,-23.997517,-125.00001,0,0
-3.7698555,-23.997517,-125.00001,0,0
-4.7698555,-23.997517,-125.00001,0,0
-5.7698555,-23.997517,-125.00001,0,0
-6.7698555,-23.997517,-125.00001,0,0
-7.7698555,-23.997517,-125.00001,0,0
-8.7698555,-23.997517,-125.00001,0,0
-9.7698555,-23.997517,-125.00001,0,0
-10.7698555,-23.997517,-125.00001,0,0
-11.7698555,-23.997517,-125.00001,0,0
-12.7698555,-23.997517,-125.00001,0,0
-13.7698555,-23.997517,-125.00001,0,0
-14.7698555,-23.997517,-125.00001,0,0
-15.7698555,-23.997517,-125.00001,0,0
-16.769855,-23.997517,-125.00001,0,0
-17.769855,-23.997517,-125.00001,0,0
-18.769855,-23.997517,-125.00001,0,0
-19.769855,-23.997517,-125.00001,0,0
-20.769855,-23.997517,-125.00001,0,0
-21.769855,-23.997517,-125.00001,0,0
-22.769855,-23.997517,-125.00001,0,0
-23.769855,-23.997517,-125.00001,0,0
-24.769855,-23.997517,-125.00001,0,0
-25.769855,-23.997517,-125.00001,0,0
-26.769855,-23.997517,-125.00001,0,0
-27.769855,-23.997517,-125.00001,0,0
-28.769855,-23.997517,-125.00001,0,0
-29.769855,-23.997517,-125.00001,0,0
-30.769855,-23.997517,-125.00001,0,0
-31.769855,-23.997517,-125.00001,0,0
-32.769855,-23.997517,-125.00001,0,0
-33.769855,-23.997517,-125.00001,0,0
-34.769855,-23.997517,-125.00001,0,0
-35.769855,-23.997517,-125.00001,0,0
-36.769855,-23.997517,-125.00001,0,0
-37.769855,-23.997517,-125.00001,0,0
-38.769855,-23.997517,-125.00001,0,0
-39.769855,-23.997517,-125.00001,0,0
-40.769855,-23.997517,-125.00001,0,0
-41.769855,-23.997517,-125.00001,0,0
-42.769855,-23.997517,-125.00001,0,0
-43.769855,-23.997517,-125.00001,0,0
-44.769855,-23.997517,-125.00001,0,0
-45.769855,-23.997517,-125.00001,0,0
-46.769855,-23.997517,-125.00001,0,0
-47.769855,-23.997517,-125.00001,0,0
-48.769855,-23.997517,-125.00001,0,0
-49.769855,-23.997517,-125.00001,0,0
49.230145,-24.997517,-125.00001,0,0
48.230145,-24.997517,-125.00001,0,0
47.230145,-24.997517,-125.00001,0,0
46.230145,-24.997517,-125.00001,0,0
45.230145,-24.997517,-125.00001,0,0
44.230145,-24.997517,-125.00001,0,0
43.230145,-24.997517,-125.00001,0,0
42.230145,-24.997517,-125.00001,0,0
41.230145,-24.997517,-125.00001,0,0
40.230145,-24.997517,-125.00001,0,0
39.230145,-24.997517,-125.00001,0,0
38.230145,-24.997517,-125.00001,0,0
37.230145,-24.997517,-125.00001,0,0
36.230145,-24.997517,-125.00001,0,0
35.230145,-24.997517,-125.00001,0,0
34.230145,-24.997517,-125.00001,0,0
33.230145,-24.997517,-125.00001,0,0
32.230145,-24.997517,-125.00001,0,0
31.230145,-24.997517,-125.00001,0,0
30.230145,-24.997517,-125.00001,0,0
29.230145,-24.997517,-125.00001,0,0
28.230145,-24.997517,-125.00001,0,0
27.230145,-24.997517,-125.00001,0,0
26.230145,-24.997517,-125.00001,0,0
25.230145,-24.997517,-125.00001,0,0
24.230145,-24.997517,-125.00001,0,0
23.230145,-24.997517,-125.00001,0,0
22.230145,-24.997517,-125.00001,0,0
21.230145,-24.997517,-125.00001,0,0
20.230145,-24.997517,-125.00001,0,0
19.230145,-24.997517,-125.00001,0,0
18.230145,-24.997517,-125.00001,0,0
17.230145,-24.997517,-125.00001,0,0
16.230145,-24.997517,-125.00001,0,0
15.2301445,-24.997517,-125.00001,0,0
14.2301445,-24.997517,-125.00001,0,0
13.2301445,-24.997517,-125.00001,0,0
12.2301445,-24.997517,-125.00001,0,0
11.2301445,-24.997517,-125.00001,0,0
10.2301445,-24.997517,-125.00001,0,0
9.2301445,-24.997517,-125.00001,0,0
8.2301445,-24.997517,-125.00001,0,0
7.2301445,-24.997517,-125.00001,0,0
6.2301445,-24.997517,-125.00001,0,0
5.2301445,-24.997517,-125.00001,0,0
4.2301445,-24.997517,-125.00001,0,0
3.2301445,-24.997517,-125.00001,0,0
2.2301445,-24.997517,-125.00001,0,0
1.2301445,-24.997517,-125.00001,0,0
0.2301445,-24.997517,-125.00001,0,0
-0.7698555,-24.997517,-125.00001,0,0
-1.7698555,-24.997517,-125.00001,0,0
-2.7698555,-24.997517,-125.00001,0,0
-3.7698555,-24.997517,-125.00001,0,0
-4.7698555,-24.997517,-125.00001,0,0
-5.7698555,-24.997517,-125.00001,0,0
-6.7698555,-24.997517,-125.00001,0,0
-7.7698555,-24.997517,-125.00001,0,0
-8.7698555,-24.997517,-125.00001,0,0
-9.7698555,-24.997517,-125.00001,0,0
-10.7698555,-24.997517,-125.00001,0,0
-11.7698555,-24.997517,-125.00001,0,0
-12.7698555,-24.997517,-125.00001,0,0
-13.7698555,-24.997517,-125.00001,0,0
-14.7698555,-24.997517,-125.00001,0,0
-15.7698555,-24.997517,-125.00001,0,0
-16.769855,-24.997517,-125.00001,0,0
-17.769855,-24.997517,-125.00001,0,0
-18.769855,-24.997517,-125.00001,0,0
-19.769855,-24.997517,-125.00001,0,0
-20.769855,-24.997517,-125.00001,0,0
-21.769855,-24.997517,-125.00001,0,0
-22.769855,-24.997517,-125.00001,0,0
-23.769855,-24.997517,-125.00001,0,0
-24.769855,-24.997517,-125.00001,0,0
-25.769855,-24.997517,-125.00001,0,0
-26.769855,-24.997517,-125.00001,0,0
-27.769855,-24.997517,-125.00001,0,0
-28.769855,-24.997517,-125.00001,0,0
-29.769855,-24.997517,-125.00001,0,0
-30.769855,-24.997517,-125.00001,0,0
-31.769855,-24.997517,-125.00001,0,0
-32.769855,-24.997517,-125.00001,0,0
-33.769855,-24.997517,-125.00001,0,0
-34.769855,-24.997517,-125.00001,0,0
-35.769855,-24.997517,-125.00001,0,0
-36.769855,-24.997517,-125.00001,0,0
-37.769855,-24.997517,-125.00001,0,0
-38.769855,-24.997517,-125.00001,0,0
-39.769855,-24.997517,-125.00001,0,0
-40.769855,-24.997517,-125.00001,0,0
-41.769855,-24.997517,-125.00001,0,0
-42.769855,-24.997517,-125.00001,0,0
-43.769855,-24.997517,-125.00001,0,0
-44.769855,-24.997517,-125.00001,0,0
-45.769855,-24.997517,-125.00001,0,0
-46.769855,-24.997517,-125.00001,0,0
-47.769855,-24.997517,-125.00001,0,0
-48.769855,-24.997517,-125.00001,0,0
-49.769855,-24.997517,-125.00001,0,0
49.230145,-25.997517,-125.00001,0,0
48.230145,-25.997517,-125.00001,0,0
47.230145,-25.997517,-125.00001,0,0
46.230145,-25.997517,-125.00001,0,0
45.230145,-25.997517,-125.00001,0,0
44.230145,-25.997517,-125.00001,0,0
43.230145,-25.997517,-125.00001,0,0
42.230145,-25.997517,-125.00001,0,0
41.230145,-25.997517,-125.00001,0,0
40.230145,-25.997517,-125.00001,0,0
39.230145,-25.997517,-125.00001,0,0
38.230145,-25.997517,-125.00001,0,0
37.230145,-25.997517,-125.00001,0,0
36.230145,-25.997517,-125.00001,0,0
35.230145,-25.997517,-125.00001,0,0
34.230145,-25.997517,-125.00001,0,0
33.230145,-25.997517,-125.00001,0,0
32.230145,-25.997517,-125.00001,0,0
31.230145,-25.997517,-125.00001,0,0
30.230145,-25.997517,-125.00001,0,0
29.230145,-25.997517,-125.00001,0,0
28.230145,-25.997517,-125.00001,0,0
27.230145,-25.997517,-125.00001,0,0
26.230145,-25.997517,-125.00001,0,0
25.230145,-25.997517,-125.00001,0,0
24.230145,-25.997517,-125.00001,0,0
23.230145,-25.997517,-125.00001,0,0
22.230145,-25.997517,-125.00001,0,0
21.230145,-25.997517,-125.00001,0,0
20.230145,-25.997517,-125.00001,0,0
19.230145,-25.997517,-125.00001,0,0
18.230145,-25.997517,-125.00001,0,0
17.230145,-25.997517,-125.00001,0,0
16.230145,-25.997517,-125.00001,0,0
15.2301445,-25.997517,-125.00001,0,0
14.2301445,-25.997517,-125.00001,0,0
13.2301445,-25.997517,-125.00001,0,0
12.2301445,-25.997517,-125.00001,0,0
11.2301445,-25.997517,-125.00001,0,0
10.2301445,-25.997517,-125.00001,0,0
9.2301445,-25.997517,-125.00001,0,0
8.2301445,-25.997517,-125.00001,0,0
7.2301445,-25.997517,-125.00001,0,0
6.2301445,-25.997517,-125.00001,0,0
5.2301445,-25.997517,-125.00001,0,0
4.2301445,-25.997517,-125.00001,0,0
3.2301445,-25.997517,-125.00001,0,0
2.2301445,-25.997517,-125.00001,0,0
1.2301445,-25.997517,-125.00001,0,0
0.2301445,-25.997517,-125.00001,0,0
-0.7698555,-25.997517,-125.00001,0,0
-1.7698555,-25.997517,-125.00001,0,0
-2.7698555,-25.997517,-125.00001,0,0
-3.7698555,-25.997517,-125.00001,0,0
-4.7698555,-25.997517,-125.00001,0,0
-5.7698555,-25.997517,-125.00001,0,0
-6.7698555,-25.997517,-125.00001,0,0
-7.7698555,-25.997517,-125.00001,0,0
-8.7698555,-25.997517,-125.00001,0,0
-9.7698555,-25.997517,-125.00001,0,0
-10.7698555,-25.997517,-125.00001,0,0
-11.7698555,-25.997517,-125.00001,0,0
-12.7698555,-25.997517,-125.00001,0,0
-13.7698555,-25.997517,-125.00001,0,0
-14.7698555,-25.997517,-125.00001,0,0
-15.7698555,-25.997517,-125.00001,0,0
-16.769855,-25.997517,-125.00001,0,0
-17.769855,-25.997517,-125.00001,0,0
-18.769855,-25.997517,-125.00001,0,0
-19.769855,-25.997517,-125.00001,0,0
-20.769855,-25.997517,-125.00001,0,0
-21.769855,-25.997517,-125.00001,0,0
-22.769855,-25.997517,-125.00001,0,0
-23.769855,-25.997517,-125.00001,0,0
-24.769855,-25.997517,-125.00001,0,0
-25.769855,-25.997517,-125.00001,0,0
-26.769855,-25.997517,-125.00001,0,0
-27.769855,-25.997517,-125.00001,0,0
-28.769855,-25.997517,-125.00001,0,0
-29.769855,-25.997517,-125.00001,0,0
-30.769855,-25.997517,-125.00001,0,0
-31.769855,-25.997517,-125.00001,0,0
-32.769855,-25.997517,-125.00001,0,0
-33.769855,-25.997517,-125.00001,0,0
-34.769855,-25.997517,-125.00001,0,0
-35.769855,-25.997517,-125.00001,0,0
-36.769855,-25.997517,-125.00001,0,0
-37.769855,-25.997517,-125.00001,0,0
-38.769855,-25.997517,-125.00001,0,0
-39.769855,-25.997517,-125.00001,0,0
-40.769855,-25.997517,-125.00001,0,0
-41.769855,-25.997517,-125.00001,0,0
-42.769855,-25.997517,-125.00001,0,0
-43.769855,-25.997517,-125.00001,0,0
-44.769855,-25.997517,-125.00001,0,0
-45.769855,-25.997517,-125.00001,0,0
-46.769855,-25.997517,-125.00001,0,0
-47.769855,-25.997517,-125.00001,0,0
-48.769855,-25.997517,-125.00001,0,0
-49.769855,-25.997517,-125.00001,0,0
49.230145,-26.997517,-125.00001,0,0
48.230145,-26.997517,-125.00001,0,0
47.230145,-26.997517,-125.00001,0,0
46.230145,-26.997517,-125.00001,0,0
45.230145,-26.997517,-125.00001,0,0
44.230145,-26.997517,-125.00001,0,0
43.230145,-26.997517,-125.00001,0,0
42.230145,-26.997517,-125.00001,0,0
41.230145,-26.997517,-125.00001,0,0
40.230145,-26.997517,-125.00001,0,0
39.230145,-26.997517,-125.00001,0,0
38.230145,-26.997517,-125.00001,0,0
37.230145,-26.997517,-125.00001,0,0
36.230145,-26.997517,-125.00001,0,0
35.230145,-26.997517,-125.00001,0,0
34.230145,-26.997517,-125.00001,0,0
33.230145,-26.997517,-125.00001,0,0
32.230145,-26.997517,-125.00001,0,0
31.230145,-26.997517,-125.00001,0,0
30.230145,-26.997517,-125.00001,0,0
29.230145,-26.997517,-125.00001,0,0
28.230145,-26.997517,-125.00001,0,0
27.230145,-26.997517,-125.00001,0,0
26.230145,-26.997517,-125.00001,0,0
25.230145,-26.997517,-125.00001,0,0
24.230145,-26.997517,-125.00001,0,0
23.230145,-26.997517,-125.00001,0,0
22.230145,-26.997517,-125.00001,0,0
21.230145,-26.997517,-125.00001,0,0
20.230145,-26.997517,-125.00001,0,0
19.230145,-26.997517,-125.00001,0,0
18.230145,-26.997517,-125.00001,0,0
17.230145,-26.997517,-125.00001,0,0
16.230145,-26.997517,-125.00001,0,0
15.2301445,-26.997517,-125.00001,0,0
14.2301445,-26.997517,-125.00001,0,0
13.2301445,-26.997517,-125.00001,0,0
12.2301445,-26.997517,-125.00001,0,0
11.2301445,-26.997517,-125.00001,0,0
10.2301445,-26.997517,-125.00001,0,0
9.2301445,-26.997517,-125.00001,0,0
8.2301445,-26.997517,-125.00001,0,0
7.2301445,-26.997517,-125.00001,0,0
6.2301445,-26.997517,-125.00001,0,0
5.2301445,-26.997517,-125.00001,0,0
4.2301445,-26.997517,-125.00001,0,0
3.2301445,-26.997517,-125.00001,0,0
2.2301445,-26.997517,-125.00001,0,0
1.2301445,-26.997517,-125.00001,0,0
0.2301445,-26.997517,-125.00001,0,0
-0.7698555,-26.997517,-125.00001,0,0
-1.7698555,-26.997517,-125.00001,0,0
-2.7698555,-26.997517,-125.00001,0,0
-3.7698555,-26.997517,-125.00001,0,0
-4.7698555,-26.997517,-125.00001,0,0
-5.7698555,-26.997517,-125.00001,0,0
-6.7698555,-26.997517,-125.00001,0,0
-7.7698555,-26.997517,-125.00001,0,0
-8.7698555,-26.997517,-125.00001,0,0
-9.7698555,-26.997517,-125.00001,0,0
-10.7698555,-26.997517,-125.00001,0,0
-11.7698555,-26.997517,-125.00001,0,0
-12.7698555,-26.997517,-125.00001,0,0
-13.7698555,-26.997517,-125.00001,0,0
-14.7698555,-26.997517,-125.00001,0,0
-15.7698555,-26.997517,-125.00001,0,0
-16.769855,-26.997517,-125.00001,0,0
-17.769855,-26.997517,-125.00001,0,0
-18.769855,-26.997517,-125.00001,0,0
-19.769855,-26.997517,-125.00001,0,0
-20.769855,-26.997517,-125.00001,0,0
-21.769855,-26.997517,-125.00001,0,0
-22.769855,-26.997517,-125.00001,0,0
-23.769855,-26.997517,-125.00001,0,0
-24.769855,-26.997517,-125.00001,0,0
-25.769855,-26.997517,-125.00001,0,0
-26.769855,-26.997517,-125.00001,0,0
-27.769855,-26.997517,-125.00001,0,0
-28.769855,-26.997517,-125.00001,0,0
-29.769855,-26.997517,-125.00001,0,0
-30.769855,-26.997517,-125.00001,0,0
-31.769855,-26.997517,-125.00001,0,0
-32.769855,-26.997517,-125.00001,0,0
-33.769855,-26.997517,-125.00001,0,0
-34.769855,-26.997517,-125.00001,0,0
-35.769855,-26.997517,-125.00001,0,0
-36.769855,-26.997517,-125.00001,0,0
-37.769855,-26.997517,-125.00001,0,0
-38.769855,-26.997517,-125.00001,0,0
-39.769855,-26.997517,-125.00001,0,0
-40.769855,-26.997517,-125.00001,0,0
-41.769855,-26.997517,-125.00001,0,0
-42.769855,-26.997517,-125.00001,0,0
-43.769855,-26.997517,-125.00001,0,0
-44.769855,-26.997517,-125.00001,0,0
-45.769855,-26.997517,-125.00001,0,0
-46.769855,-26.997517,-125.00001,0,0
-47.769855,-26.997517,-125.00001,0,0
-48.769855,-26.997517,-125.00001,0,0
-49.769855,-26.997517,-125.00001,0,0
49.230145,-27.997517,-125.00001,0,0
48.230145,-27.997517,-125.00001,0,0
47.230145,-27.997517,-125.00001,0,0
46.230145,-27.997517,-125.00001,0,0
45.230145,-27.997517,-125.00001,0,0
44.230145,-27.997517,-125.00001,0,0
43.230145,-27.997517,-125.00001,0,0
42.230145,-27.997517,-125.00001,0,0
41.230145,-27.997517,-125.00001,0,0
40.230145,-27.997517,-125.00001,0,0
39.230145,-27.997517,-125.00001,0,0
38.230145,-27.997517,-125.00001,0,0
37.230145,-27.997517,-125.00001,0,0
36.230145,-27.997517,-125.00001,0,0
35.230145,-27.997517,-125.00001,0,0
34.230145,-27.997517,-125.00001,0,0
33.230145,-27.997517,-125.00001,0,0
32.230145,-27.997517,-125.00001,0,0
31.230145,-27.997517,-125.00001,0,0
30.230145,-27.997517,-125.00001,0,0
29.230145,-27.997517,-125.00001,0,0
28.230145,-27.997517,-125.00001,0,0
27.230145,-27.997517,-125.00001,0,0
26.230145,-27.997517,-125.00001,0,0
25.230145,-27.997517,-125.00001,0,0
24.230145,-27.997517,-125.00001,0,0
23.230145,-27.997517,-125.00001,0,0
22.230145,-27.997517,-125.00001,0,0
21.230145,-27.997517,-125.00001,0,0
20.230145,-27.997517,-125.00001,0,0
19.230145,-27.997517,-125.00001,0,0
18.230145,-27.997517,-125.00001,0,0
17.230145,-27.997517,-125.00001,0,0
16.230145,-27.997517,-125.00001,0,0
15.2301445,-27.997517,-125.00001,0,0
14.2301445,-27.997517,-125.00001,0,0
13.2301445,-27.997517,-125.00001,0,0
12.2301445,-27.997517,-125.00001,0,0
11.2301445,-27.997517,-125.00001,0,0
10.2301445,-27.997517,-125.00001,0,0
9.2301445,-27.997517,-125.00001,0,0
8.2301445,-27.997517,-125.00001,0,0
7.2301445,-27.997517,-125.00001,0,0
6.2301445,-27.997517,-125.00001,0,0
5.2301445,-27.997517,-125.00001,0,0
4.2301445,-27.997517,-125.00001,0,0
3.2301445,-27.997517,-125.00001,0,0
2.2301445,-27.997517,-125.00001,0,0
1.2301445,-27.997517,-125.00001,0,0
0.2301445,-27.997517,-125.00001,0,0
-0.7698555,-27.997517,-125.00001,0,0
-1.7698555,-27.997517,-125.00001,0,0
-2.7698555,-27.997517,-125.00001,0,0
-3.7698555,-27.997517,-125.00001,0,0
-4.7698555,-27.997517,-125.00001,0,0
-5.7698555,-27.997517,-125.00001,0,0
-6.7698555,-27.997517,-125.00001,0,0
-7.7698555,-27.997517,-125.00001,0,0
-8.7698555,-27.997517,-125.00001,0,0
-9.7698555,-27.997517,-125.00001,0,0
-10.7698555,-27.997517,-125.00001,0,0
-11.7698555,-27.997517,-125.00001,0,0
-12.7698555,-27.997517,-125.00001,0,0
-13.7698555,-27.997517,-125.00001,0,0
-14.7698555,-27.997517,-125.00001,0,0
-15.7698555,-27.997517,-125.00001,0,0
-16.769855,-27.997517,-125.00001,0,0
-17.769855,-27.997517,-125.00001,0,0
-18.769855,-27.997517,-125.00001,0,0
-19.769855,-27.997517,-125.00001,0,0
-20.769855,-27.997517,-125.00001,0,0
-21.769855,-27.997517,-125.00001,0,0
-22.769855,-27.997517,-125.00001,0,0
-23.769855,-27.997517,-125.00001,0,0
-24.769855,-27.997517,-125.00001,0,0
-25.769855,-27.997517,-125.00001,0,0
-26.769855,-27.997517,-125.00001,0,0
-27.769855,-27.997517,-125.00001,0,0
-28.769855,-27.997517,-125.00001,0,0
-29.769855,-27.997517,-125.00001,0,0
-30.769855,-27.997517,-125.00001,0,0
-31.769855,-27.997517,-125.00001,0,0
-32.769855,-27.997517,-125.00001,0,0
-33.769855,-27.997517,-125.00001,0,0
-34.769855,-27.997517,-125.00001,0,0
-35.769855,-27.997517,-125.00001,0,0
-36.769855,-27.997517,-125.00001,0,0
-37.769855,-27.997517,-125.00001,0,0
-38.769855,-27.997517,-125.00001,0,0
-39.769855,-27.997517,-125.00001,0,0
-40.769855,-27.997517,-125.00001,0,0
-41.769855,-27.997517,-125.00001,0,0
-42.769855,-27.997517,-125.00001,0,0
-43.769855,-27.997517,-125.00001,0,0
-44.769855,-27.997517,-125.00001,0,0
-45.769855,-27.997517,-125.00001,0,0
-46.769855,-27.997517,-125.00001,0,0
-47.769855,-27.997517,-125.00001,0,0
-48.769855,-27.997517,-125.00001,0,0
-49.769855,-27.997517,-125.00001,0,0
49.230145,-28.997517,-125.00001,0,0
48.230145,-28.997517,-125.00001,0,0
47.230145,-28.997517,-125.00001,0,0
46.230145,-28.997517,-125.00001,0,0
45.230145,-28.997517,-125.00001,0,0
44.230145,-28.997517,-125.00001,0,0
43.230145,-28.997517,-125.00001,0,0
42.230145,-28.997517,-125.00001,0,0
41.230145,-28.997517,-125.00001,0,0
40.230145,-28.997517,-125.00001,0,0
39.230145,-28.997517,-125.00001,0,0
38.230145,-28.997517,-125.00001,0,0
37.230145,-28.997517,-125.00001,0,0
36.230145,-28.997517,-125.00001,0,0
35.230145,-28.997517,-125.00001,0,0
34.230145,-28.997517,-125.00001,0,0
33.230145,-28.997517,-125.00001,0,0
32.230145,-28.997517,-125.00001,0,0
31.230145,-28.997517,-125.00001,0,0
30.230145,-28.997517,-125.00001,0,0
29.230145,-28.997517,-125.00001,0,0
28.230145,-28.997517,-125.00001,0,0
27.230145,-28.997517,-125.00001,0,0
26.230145,-28.997517,-125.00001,0,0
25.230145,-28.997517,-125.00001,0,0
24.230145,-28.997517,-125.00001,0,0
23.230145,-28.997517,-125.00001,0,0
22.230145,-28.997517,-125.00001,0,0
21.230145,-28.997517,-125.00001,0,0
20.230145,-28.997517,-125.00001,0,0
19.230145,-28.997517,-125.00001,0,0
18.230145,-28.997517,-125.00001,0,0
17.230145,-28.997517,-125.00001,0,0
16.230145,-28.997517,-125.00001,0,0
15.2301445,-28.997517,-125.00001,0,0
14.2301445,-28.997517,-125.00001,0,0
13.2301445,-28.997517,-125.00001,0,0
12.2301445,-28.997517,-125.00001,0,0
11.2301445,-28.997517,-125.00001,0,0
10.2301445,-28.997517,-125.00001,0,0
9.2301445,-28.997517,-125.00001,0,0
8.2301445,-28.997517,-125.00001,0,0
7.2301445,-28.997517,-125.00001,0,0
6.2301445,-28.997517,-125.00001,0,0
5.2301445,-28.997517,-125.00001,0,0
4.2301445,-28.997517,-125.00001,0,0
3.2301445,-28.997517,-125.00001,0,0
2.2301445,-28.997517,-125.00001,0,0
1.2301445,-28.997517,-125.00001,0,0
0.2301445,-28.997517,-125.00001,0,0
-0.7698555,-28.997517,-125.00001,0,0
-1.7698555,-28.997517,-125.00001,0,0
-2.7698555,-28.997517,-125.00001,0,0
-3.7698555,-28.997517,-125.00001,0,0
-4.7698555,-28.997517,-125.00001,0,0
-5.7698555,-28.997517,-125.00001,0,0
-6.7698555,-28.997517,-125.00001,0,0
-7.7698555,-28.997517,-125.00001,0,0
-8.7698555,-28.997517,-125.00001,0,0
-9.7698555,-28.997517,-125.00001,0,0
-10.7698555,-28.997517,-125.00001,0,0
-11.7698555,-28.997517,-125.00001,0,0
-12.7698555,-28.997517,-125.00001,0,0
-13.7698555,-28.997517,-125.00001,0,0
-14.7698555,-28.997517,-125.00001,0,0
-15.7698555,-28.997517,-125.00001,0,0
-16.769855,-28.997517,-125.00001,0,0
-17.769855,-28.997517,-125.00001,0,0
-18.769855,-28.997517,-125.00001,0,0
-19.769855,-28.997517,-125.00001,0,0
-20.769855,-28.997517,-125.00001,0,0
-21.769855,-28.997517,-125.00001,0,0
-22.769855,-28.997517,-125.00001,0,0
-23.769855,-28.997517,-125.00001,0,0
-24.769855,-28.997517,-125.00001,0,0
-25.769855,-28.997517,-125.00001,0,0
-26.769855,-28.997517,-125.00001,0,0
-27.769855,-28.997517,-125.00001,0,0
-28.769855,-28.997517,-125.00001,0,0
-29.769855,-28.997517,-125.00001,0,0
-30.769855,-28.997517,-125.00001,0,0
-31.769855,-28.997517,-125.00001,0,0
-32.769855,-28.997517,-125.00001,0,0
-33.769855,-28.997517,-125.00001,0,0
-34.769855,-28.997517,-125.00001,0,0
-35.769855,-28.997517,-125.00001,0,0
-36.769855,-28.997517,-125.00001,0,0
-37.769855,-28.997517,-125.00001,0,0
-38.769855,-28.997517,-125.00001,0,0
-39.769855,-28.997517,-125.00001,0,0
-40.769855,-28.997517,-125.00001,0,0
-41.769855,-28.997517,-125.00001,0,0
-42.769855,-28.997517,-125.00001,0,0
-43.769855,-28.997517,-125.00001,0,0
-44.769855,-28.997517,-125.00001,0,0
-45.769855,-28.997517,-125.00001,0,0
-46.769855,-28.997517,-125.00001,0,0
-47.769855,-28.997517,-125.00001,0,0
-48.769855,-28.997517,-125.00001,0,0
-49.769855,-28.997517,-125.00001,0,0
49.230145,-29.997517,-125.00001,0,0
48.230145,-29.997517,-125.00001,0,0
47.230145,-29.997517,-125.00001,0,0
46.230145,-29.997517,-125.00001,0,0
45.230145,-29.997517,-125.00001,0,0
44.230145,-29.997517,-125.00001,0,0
43.230145,-29.997517,-125.00001,0,0
42.230145,-29.997517,-125.00001,0,0
41.230145,-29.997517,-125.00001,0,0
40.230145,-29.997517,-125.00001,0,0
39.230145,-29.997517,-125.00001,0,0
38.230145,-29.997517,-125.00001,0,0
37.230145,-29.997517,-125.00001,0,0
36.230145,-29.997517,-125.00001,0,0
35.230145,-29.997517,-125.00001,0,0
34.230145,-29.997517,-125.00001,0,0
33.230145,-29.997517,-125.00001,0,0
32.230145,-29.997517,-125.00001,0,0
31.230145,-29.997517,-125.00001,0,0
30.230145,-29.997517,-125.00001,0,0
29.230145,-29.997517,-125.00001,0,0
28.230145,-29.997517,-125.00001,0,0
27.230145,-29.997517,-125.00001,0,0
26.230145,-29.997517,-125.00001,0,0
25.230145,-29.997517,-125.00001,0,0
24.230145,-29.997517,-125.00001,0,0
23.230145,-29.997517,-125.00001,0,0
22.230145,-29.997517,-125.00001,0,0
21.230145,-29.997517,-125.00001,0,0
20.230145,-29.997517,-125.00001,0,0
19.230145,-29.997517,-125.00001,0,0
18.230145,-29.997517,-125.00001,0,0
17.230145,-29.997517,-125.00001,0,0
16.230145,-29.997517,-125.00001,0,0
15.2301445,-29.997517,-125.00001,0,0
14.2301445,-29.997517,-125.00001,0,0
13.2301445,-29.997517,-125.00001,0,0
12.2301445,-29.997517,-125.00001,0,0
11.2301445,-29.997517,-125.00001,0,0
10.2301445,-29.997517,-125.00001,0,0
9.2301445,-29.997517,-125.00001,0,0
8.2301445,-29.997517,-125.00001,0,0
7.2301445,-29.997517,-125.00001,0,0
6.2301445,-29.997517,-125.00001,0,0
5.2301445,-29.997517,-125.00001,0,0
4.2301445,-29.997517,-125.00001,0,0
3.2301445,-29.997517,-125.00001,0,0
2.2301445,-29.997517,-125.00001,0,0
1.2301445,-29.997517,-125.00001,0,0
0.2301445,-29.997517,-125.00001,0,0
-0.7698555,-29.997517,-125.00001,0,0
-1.7698555,-29.997517,-125.00001,0,0
-2.7698555,-29.997517,-125.00001,0,0
-3.7698555,-29.997517,-125.00001,0,0
-4.7698555,-29.997517,-125.00001,0,0
-5.7698555,-29.997517,-125.00001,0,0
-6.7698555,-29.997517,-125.00001,0,0
-7.7698555,-29.997517,-125.00001,0,0
-8.7698555,-29.997517,-125.00001,0,0
-9.7698555,-29.997517,-125.00001,0,0
-10.7698555,-29.997517,-125.00001,0,0
-11.7698555,-29.997517,-125.00001,0,0
-12.7698555,-29.997517,-125.00001,0,0
-13.7698555,-29.997517,-125.00001,0,0
-14.7698555,-29.997517,-125.00001,0,0
-15.7698555,-29.997517,-125.00001,0,0
-16.769855,-29.997517,-125.00001,0,0
-17.769855,-29.997517,-125.00001,0,0
-18.769855,-29.997517,-125.00001,0,0
-19.769855,-29.997517,-125.00001,0,0
-20.769855,-29.997517,-125.00001,0,0
-21.769855,-29.997517,-125.00001,0,0
-22.769855,-29.997517,-125.00001,0,0
-23.769855,-29.997517,-125.00001,0,0
-24.769855,-29.997517,-125.00001,0,0
-25.769855,-29.997517,-125.00001,0,0
-26.769855,-29.997517,-125.00001,0,0
-27.769855,-29.997517,-125.00001,0,0
-28.769855,-29.997517,-125.00001,0,0
-29.769855,-29.997517,-125.00001,0,0
-30.769855,-29.997517,-125.00001,0,0
-31.769855,-29.997517,-125.00001,0,0
-32.769855,-29.997517,-125.00001,0,0
-33.769855,-29.997517,-125.00001,0,0
-34.769855,-29.997517,-125.00001,0,0
-35.769855,-29.997517,-125.00001,0,0
-36.769855,-29.997517,-125.00001,0,0
-37.769855,-29.997517,-125.00001,0,0
-38.769855,-29.997517,-125.00001,0,0
-39.769855,-29.997517,-125.00001,0,0
-40.769855,-29.997517,-125.00001,0,0
-41.769855,-29.997517,-125.00001,0,0
-42.769855,-29.997517,-125.00001,0,0
-43.769855,-29.997517,-125.00001,0,0
-44.769855,-29.997517,-125.00001,0,0
-45.769855,-29.997517,-125.00001,0,0
-46.769855,-29.997517,-125.00001,0,0
-47.769855,-29.997517,-125.00001,0,0
-48.769855,-29.997517,-125.00001,0,0
-49.769855,-29.997517,-125.00001,0,0
49.230145,-30.997517,-125.00001,0,0
48.230145,-30.997517,-125.00001,0,0
47.230145,-30.997517,-125.00001,0,0
46.230145,-30.997517,-125.00001,0,0
45.230145,-30.997517,-125.00001,0,0
44.230145,-30.997517,-125.00001,0,0
43.230145,-30.997517,-125.00001,0,0
42.230145,-30.997517,-125.00001,0,0
41.230145,-30.997517,-125.00001,0,0
40.230145,-30.997517,-125.00001,0,0
39.230145,-30.997517,-125.00001,0,0
38.230145,-30.997517,-125.00001,0,0
37.230145,-30.997517,-125.00001,0,0
36.230145,-30.997517,-125.00001,0,0
35.230145,-30.997517,-125.00001,0,0
34.230145,-30.997517,-125.00001,0,0
33.230145,-30.997517,-125.00001,0,0
32.230145,-30.997517,-125.00001,0,0
31.230145,-30.997517,-125.00001,0,0
30.230145,-30.997517,-125.00001,0,0
29.230145,-30.997517,-125.00001,0,0
28.230145,-30.997517,-125.00001,0,0
27.230145,-30.997517,-125.00001,0,0
26.230145,-30.997517,-125.00001,0,0
25.230145,-30.997517,-125.00001,0,0
24.230145,-30.997517,-125.00001,0,0
23.230145,-30.997517,-125.00001,0,0
22.230145,-30.997517,-125.00001,0,0
21.230145,-30.997517,-125.00001,0,0
20.230145,-30.997517,-125.00001,0,0
19.230145,-30.997517,-125.00001,0,0
18.230145,-30.997517,-125.00001,0,0
17.230145,-30.997517,-125.00001,0,0
16.230145,-30.997517,-125.00001,0,0
15.2301445,-30.997517,-125.00001,0,0
14.2301445,-30.997517,-125.00001,0,0
13.2301445,-30.997517,-125.00001,0,0
12.2301445,-30.997517,-125.00001,0,0
11.2301445,-30.997517,-125.00001,0,0
10.2301445,-30.997517,-125.00001,0,0
9.2301445,-30.997517,-125.00001,0,0
8.2301445,-30.997517,-125.00001,0,0
7.2301445,-30.997517,-125.00001,0,0
6.2301445,-30.997517,-125.00001,0,0
5.2301445,-30.997517,-125.00001,0,0
4.2301445,-30.997517,-125.00001,0,0
3.2301445,-30.997517,-125.00001,0,0
2.2301445,-30.997517,-125.00001,0,0
1.2301445,-30.997517,-125.00001,0,0
0.2301445,-30.997517,-125.00001,0,0
-0.7698555,-30.997517,-125.00001,0,0
-1.7698555,-30.997517,-125.00001,0,0
-2.7698555,-30.997517,-125.00001,0,0
-3.7698555,-30.997517,-125.00001,0,0
-4.7698555,-30.997517,-125.00001,0,0
-5.7698555,-30.997517,-125.00001,0,0
-6.7698555,-30.997517,-125.00001,0,0
-7.7698555,-30.997517,-125.00001,0,0
-8.7698555,-30.997517,-125.00001,0,0
-9.7698555,-30.997517,-125.00001,0,0
-10.7698555,-30.997517,-125.00001,0,0
-11.7698555,-30.997517,-125.00001,0,0
-12.7698555,-30.997517,-125.00001,0,0
-13.7698555,-30.997517,-125.00001,0,0
-14.7698555,-30.997517,-125.00001,0,0
-15.7698555,-30.997517,-125.00001,0,0
-16.769855,-30.997517,-125.00001,0,0
-17.769855,-30.997517,-125.00001,0,0
-18.769855,-30.997517,-125.00001,0,0
-19.769855,-30.997517,-125.00001,0,0
-20.769855,-30.997517,-125.00001,0,0
-21.769855,-30.997517,-125.00001,0,0
-22.769855,-30.997517,-125.00001,0,0
-23.769855,-30.997517,-125.00001,0,0
-24.769855,-30.997517,-125.00001,0,0
-25.769855,-30.997517,-125.00001,0,0
-26.769855,-30.997517,-125.00001,0,0
-27.769855,-30.997517,-125.00001,0,0
-28.769855,-30.997517,-125.00001,0,0
-29.769855,-30.997517,-125.00001,0,0
-30.769855,-30.997517,-125.00001,0,0
-31.769855,-30.997517,-125.00001,0,0
-32.769855,-30.997517,-125.00001,0,0
-33.769855,-30.997517,-125.00001,0,0
-34.769855,-30.997517,-125.00001,0,0
-35.769855,-30.997517,-125.00001,0,0
-36.769855,-30.997517,-125.00001,0,0
-37.769855,-30.997517,-125.00001,0,0
-38.769855,-30.997517,-125.00001,0,0
-39.769855,-30.997517,-125.00001,0,0
-40.769855,-30.997517,-125.00001,0,0
-41.769855,-30.997517,-125.00001,0,0
-42.769855,-30.997517,-125.00001,0,0
-43.769855,-30.997517,-125.00001,0,0
-44.769855,-30.997517,-125.00001,0,0
-45.769855,-30.997517,-125.00001,0,0
-46.769855,-30.997517,-125.00001,0,0
-47.769855,-30.997517,-125.00001,0,0
-48.769855,-30.997517,-125.00001,0,0
-49.769855,-30.997517,-125.00001,0,0
49.230145,-31.997517,-125.00001,0,0
48.230145,-31.997517,-125.00001,0,0
47.230145,-31.997517,-125.00001,0,0
46.230145,-31.997517,-125.00001,0,0
45.230145,-31.997517,-125.00001,0,0
44.230145,-31.997517,-125.00001,0,0
43.230145,-31.997517,-125.00001,0,0
42.230145,-31.997517,-125.00001,0,0
41.230145,-31.997517,-125.00001,0,0
40.230145,-31.997517,-125.00001,0,0
39.230145,-31.997517,-125.00001,0,0
38.230145,-31.997517,-125.00001,0,0
37.230145,-31.997517,-125.00001,0,0
36.230145,-31.997517,-125.00001,0,0
35.230145,-31.997517,-125.00001,0,0
34.230145,-31.997517,-125.00001,0,0
33.230145,-31.997517,-125.00001,0,0
32.230145,-31.997517,-125.00001,0,0
31.230145,-31.997517,-125.00001,0,0
30.230145,-31.997517,-125.00001,0,0
29.230145,-31.997517,-125.00001,0,0
28.230145,-31.997517,-125.00001,0,0
27.230145,-31.997517,-125.00001,0,0
26.230145,-31.997517,-125.00001,0,0
25.230145,-31.997517,-125.00001,0,0
24.230145,-31.997517,-125.00001,0,0
23.230145,-31.997517,-125.00001,0,0
22.230145,-31.997517,-125.00001,0,0
21.230145,-31.997517,-125.00001,0,0
20.230145,-31.997517,-125.00001,0,0
19.230145,-31.997517,-125.00001,0,0
18.230145,-31.997517,-125.00001,0,0
17.230145,-31.997517,-125.00001,0,0
16.230145,-31.997517,-125.00001,0,0
15.2301445,-31.997517,-125.00001,0,0
14.2301445,-31.997517,-125.00001,0,0
13.2301445,-31.997517,-125.00001,0,0
12.2301445,-31.997517,-125.00001,0,0
11.2301445,-31.997517,-125.00001,0,0
10.2301445,-31.997517,-125.00001,0,0
9.2301445,-31.997517,-125.00001,0,0
8.2301445,-31.997517,-125.00001,0,0
7.2301445,-31.997517,-125.00001,0,0
6.2301445,-31.997517,-125.00001,0,0
5.2301445,-31.997517,-125.00001,0,0
4.2301445,-31.997517,-125.00001,0,0
3.2301445,-31.997517,-125.00001,0,0
2.2301445,-31.997517,-125.00001,0,0
1.2301445,-31.997517,-125.00001,0,0
0.2301445,-31.997517,-125.00001,0,0
-0.7698555,-31.997517,-125.00001,0,0
-1.7698555,-31.997517,-125.00001,0,0
-2.7698555,-31.997517,-125.00001,0,0
-3.7698555,-31.997517,-125.00001,0,0
-4.7698555,-31.997517,-125.00001,0,0
-5.7698555,-31.997517,-125.00001,0,0
-6.7698555,-31.997517,-125.00001,0,0
-7.7698555,-31.997517,-125.00001,0,0
-8.7698555,-31.997517,-125.00001,0,0
-9.7698555,-31.997517,-125.00001,0,0
-10.7698555,-31.997517,-125.00001,0,0
-11.7698555,-31.997517,-125.00001,0,0
-12.7698555,-31.997517,-125.00001,0,0
-13.7698555,-31.997517,-125.00001,0,0
-14.7698555,-31.997517,-125.00001,0,0
-15.7698555,-31.997517,-125.00001,0,0
-16.769855,-31.997517,-125.00001,0,0
-17.769855,-31.997517,-125.00001,0,0
-18.769855,-31.997517,-125.00001,0,0
-19.769855,-31.997517,-125.00001,0,0
-20.769855,-31.997517,-125.00001,0,0
-21.769855,-31.997517,-125.00001,0,0
-22.769855,-31.997517,-125.00001,0,0
-23.769855,-31.997517,-125.00001,0,0
-24.769855,-31.997517,-125.00001,0,0
-25.769855,-31.997517,-125.00001,0,0
-26.769855,-31.997517,-125.00001,0,0
-27.769855,-31.997517,-125.00001,0,0
-28.769855,-31.997517,-125.00001,0,0
-29.769855,-31.997517,-125.00001,0,0
-30.769855,-31.997517,-125.00001,0,0
-31.769855,-31.997517,-125.00001,0,0
-32.769855,-31.997517,-125.00001,0,0
-33.769855,-31.997517,-125.00001,0,0
-34.769855,-31.997517,-125.00001,0,0
-35.769855,-31.997517,-125.00001,0,0
-36.769855,-31.997517,-125.00001,0,0
-37.769855,-31.997517,-125.00001,0,0
-38.769855,-31.997517,-125.00001,0,0
-39.769855,-31.997517,-125.00001,0,0
-40.769855,-31.997517,-125.00001,0,0
-41.769855,-31.997517,-125.00001,0,0
-42.769855,-31.997517,-125.00001,0,0
-43.769855,-31.997517,-125.00001,0,0
-44.769855,-31.997517,-125.00001,0,0
-45.769855,-31.997517,-125.00001,0,0
-46.769855,-31.997517,-125.00001,0,0
-47.769855,-31.997517,-125.00001,0,0
-48.769855,-31.997517,-125.00001,0,0
-49.769855,-31.997517,-125.00001,0,0
49.230145,-32.997517,-125.00001,0,0
48.230145,-32.997517,-125.00001,0,0
47.230145,-32.997517,-125.00001,0,0
46.230145,-32.997517,-125.00001,0,0
45.230145,-32.997517,-125.00001,0,0
44.230145,-32.997517,-125.00001,0,0
43.230145,-32.997517,-125.00001,0,0
42.230145,-32.997517,-125.00001,0,0
41.230145,-32.997517,-125.00001,0,0
40.230145,-32.997517,-125.00001,0,0
39.230145,-32.997517,-125.00001,0,0
38.230145,-32.997517,-125.00001,0,0
37.230145,-32.997517,-125.00001,0,0
36.230145,-32.997517,-125.00001,0,0
35.230145,-32.997517,-125.00001,0,0
34.230145,-32.997517,-125.00001,0,0
33.230145,-32.997517,-125.00001,0,0
32.230145,-32.997517,-125.00001,0,0
31.230145,-32.997517,-125.00001,0,0
30.230145,-32.997517,-125.00001,0,0
29.230145,-32.997517,-125.00001,0,0
28.230145,-32.997517,-125.00001,0,0
27.230145,-32.997517,-125.00001,0,0
26.230145,-32.997517,-125.00001,0,0
25.230145,-32.997517,-125.00001,0,0
24.230145,-32.997517,-125.00001,0,0
23.230145,-32.997517,-125.00001,0,0
22.230145,-32.997517,-125.00001,0,0
21.230145,-32.997517,-125.00001,0,0
20.230145,-32.997517,-125.00001,0,0
19.230145,-32.997517,-125.00001,0,0
18.230145,-32.997517,-125.00001,0,0
17.230145,-32.997517,-125.00001,0,0
16.230145,-32.997517,-125.00001,0,0
15.2301445,-32.997517,-125.00001,0,0
14.2301445,-32.997517,-125.00001,0,0
13.2301445,-32.997517,-125.00001,0,0
12.2301445,-32.997517,-125.00001,0,0
11.2301445,-32.997517,-125.00001,0,0
10.2301445,-32.997517,-125.00001,0,0
9.2301445,-32.997517,-125.00001,0,0
8.2301445,-32.997517,-125.00001,0,0
7.2301445,-32.997517,-125.00001,0,0
6.2301445,-32.997517,-125.00001,0,0
5.2301445,-32.997517,-125.00001,0,0
4.2301445,-32.997517,-125.00001,0,0
3.2301445,-32.997517,-125.00001,0,0
2.2301445,-32.997517,-125.00001,0,0
1.2301445,-32.997517,-125.00001,0,0
0.2301445,-32.997517,-125.00001,0,0
-0.7698555,-32.997517,-125.00001,0,0
-1.7698555,-32.997517,-125.00001,0,0
-2.7698555,-32.997517,-125.00001,0,0
-3.7698555,-32.997517,-125.00001,0,0
-4.7698555,-32.997517,-125.00001,0,0
-5.7698555,-32.997517,-125.00001,0,0
-6.7698555,-32.997517,-125.00001,0,0
-7.7698555,-32.997517,-125.00001,0,0
-8.7698555,-32.997517,-125.00001,0,0
-9.7698555,-32.997517,-125.00001,0,0
-10.7698555,-32.997517,-125.00001,0,0
-11.7698555,-32.997517,-125.00001,0,0
-12.7698555,-32.997517,-125.00001,0,0
-13.7698555,-32.997517,-125.00001,0,0
-14.7698555,-32.997517,-125.00001,0,0
-15.7698555,-32.997517,-125.00001,0,0
-16.769855,-32.997517,-125.00001,0,0
-17.769855,-32.997517,-125.00001,0,0
-18.769855,-32.997517,-125.00001,0,0
-19.769855,-32.997517,-125.00001,0,0
-20.769855,-32.997517,-125.00001,0,0
-21.769855,-32.997517,-125.00001,0,0
-22.769855,-32.997517,-125.00001,0,0
-23.769855,-32.997517,-125.00001,0,0
-24.769855,-32.997517,-125.00001,0,0
-25.769855,-32.997517,-125.00001,0,0
-26.769855,-32.997517,-125.00001,0,0
-27.769855,-32.997517,-125.00001,0,0
-28.769855,-32.997517,-125.00001,0,0
-29.769855,-32.997517,-125.00001,0,0
-30.769855,-32.997517,-125.00001,0,0
-31.769855,-32.997517,-125.00001,0,0
-32.769855,-32.997517,-125.00001,0,0
-33.769855,-32.997517,-125.00001,0,0
-34.769855,-32.997517,-125.00001,0,0
-35.769855,-32.997517,-125.00001,0,0
-36.769855,-32.997517,-125.00001,0,0
-37.769855,-32.997517,-125.00001,0,0
-38.769855,-32.997517,-125.00001,0,0
-39.769855,-32.997517,-125.00001,0,0
-40.769855,-32.997517,-125.00001,0,0
-41.769855,-32.997517,-125.00001,0,0
-42.769855,-32.997517,-125.00001,0,0
-43.769855,-32.997517,-125.00001,0,0
-44.769855,-32.997517,-125.00001,0,0
-45.769855,-32.997517,-125.00001,0,0
-46.769855,-32.997517,-125.00001,0,0
-47.769855,-32.997517,-125.00001,0,0
-48.769855,-32.997517,-125.00001,0,0
-49.769855,-32.997517,-125.00001,0,0
49.230145,-33.997517,-125.00001,0,0
48.230145,-33.997517,-125.00001,0,0
47.230145,-33.997517,-125.00001,0,0
46.230145,-33.997517,-125.00001,0,0
45.230145,-33.997517,-125.00001,0,0
44.230145,-33.997517,-125.00001,0,0
43.230145,-33.997517,-125.00001,0,0
42.230145,-33.997517,-125.00001,0,0
41.230145,-33.997517,-125.00001,0,0
40.230145,-33.997517,-125.00001,0,0
39.230145,-33.997517,-125.00001,0,0
38.230145,-33.997517,-125.00001,0,0
37.230145,-33.997517,-125.00001,0,0
36.230145,-33.997517,-125.00001,0,0
35.230145,-33.997517,-125.00001,0,0
34.230145,-33.997517,-125.00001,0,0
33.230145,-33.997517,-125.00001,0,0
32.230145,-33.997517,-125.00001,0,0
31.230145,-33.997517,-125.00001,0,0
30.230145,-33.997517,-125.00001,0,0
29.230145,-33.997517,-125.00001,0,0
28.230145,-33.997517,-125.00001,0,0
27.230145,-33.997517,-125.00001,0,0
26.230145,-33.997517,-125.00001,0,0
25.230145,-33.997517,-125.00001,0,0
24.230145,-33.997517,-125.00001,0,0
23.230145,-33.997517,-125.00001,0,0
22.230145,-33.997517,-125.00001,0,0
21.230145,-33.997517,-125.00001,0,0
20.230145,-33.997517,-125.00001,0,0
19.230145,-33.997517,-125.00001,0,0
18.230145,-33.997517,-125.00001,0,0
17.230145,-33.997517,-125.00001,0,0
16.230145,-33.997517,-125.00001,0,0
15.2301445,-33.997517,-125.00001,0,0
14.2301445,-33.997517,-125.00001,0,0
13.2301445,-33.997517,-125.00001,0,0
12.2301445,-33.997517,-125.00001,0,0
11.2301445,-33.997517,-125.00001,0,0
10.2301445,-33.997517,-125.00001,0,0
9.2301445,-33.997517,-125.00001,0,0
8.2301445,-33.997517,-125.00001,0,0
7.2301445,-33.997517,-125.00001,0,0
6.2301445,-33.997517,-125.00001,0,0
5.2301445,-33.997517,-125.00001,0,0
4.2301445,-33.997517,-125.00001,0,0
3.2301445,-33.997517,-125.00001,0,0
2.2301445,-33.997517,-125.00001,0,0
1.2301445,-33.997517,-125.00001,0,0
0.2301445,-33.997517,-125.00001,0,0
-0.7698555,-33.997517,-125.00001,0,0
-1.7698555,-33.997517,-125.00001,0,0
-2.7698555,-33.997517,-125.00001,0,0
-3.7698555,-33.997517,-125.00001,0,0
-4.7698555,-33.997517,-125.00001,0,0
-5.7698555,-33.997517,-125.00001,0,0
-6.7698555,-33.997517,-125.00001,0,0
-7.7698555,-33.997517,-125.00001,0,0
-8.7698555,-33.997517,-125.00001,0,0
-9.7698555,-33.997517,-125.00001,0,0
-10.7698555,-33.997517,-125.00001,0,0
-11.7698555,-33.997517,-125.00001,0,0
-12.7698555,-33.997517,-125.00001,0,0
-13.7698555,-33.997517,-125.00001,0,0
-14.7698555,-33.997517,-125.00001,0,0
-15.7698555,-33.997517,-125.00001,0,0
-16.769855,-33.997517,-125.00001,0,0
-17.769855,-33.997517,-125.00001,0,0
-18.769855,-33.997517,-125.00001,0,0
-19.769855,-33.997517,-125.00001,0,0
-20.769855,-33.997517,-125.00001,0,0
-21.769855,-33.997517,-125.00001,0,0
-22.769855,-33.997517,-125.00001,0,0
-23.769855,-33.997517,-125.00001,0,0
-24.769855,-33.997517,-125.00001,0,0
-25.769855,-33.997517,-125.00001,0,0
-26.769855,-33.997517,-125.00001,0,0
-27.769855,-33.997517,-125.00001,0,0
-28.769855,-33.997517,-125.00001,0,0
-29.769855,-33.997517,-125.00001,0,0
-30.769855,-33.997517,-125.00001,0,0
-31.769855,-33.997517,-125.00001,0,0
-32.769855,-33.997517,-125.00001,0,0
-33.769855,-33.997517,-125.00001,0,0
-34.769855,-33.997517,-125.00001,0,0
-35.769855,-33.997517,-125.00001,0,0
-36.769855,-33.997517,-125.00001,0,0
-37.769855,-33.997517,-125.00001,0,0
-38.769855,-33.997517,-125.00001,0,0
-39.769855,-33.997517,-125.00001,0,0
-40.769855,-33.997517,-125.00001,0,0
-41.769855,-33.997517,-125.00001,0,0
-42.769855,-33.997517,-125.00001,0,0
-43.769855,-33.997517,-125.00001,0,0
-44.769855,-33.997517,-125.00001,0,0
-45.769855,-33.997517,-125.00001,0,0
-46.769855,-33.997517,-125.00001,0,0
-47.769855,-33.997517,-125.00001,0,0
-48.769855,-33.997517,-125.00001,0,0
-49.769855,-33.997517,-125.00001,0,0
49.230145,-34.997517,-125.00001,0,0
48.230145,-34.997517,-125.00001,0,0
47.230145,-34.997517,-125.00001,0,0
46.230145,-34.997517,-125.00001,0,0
45.230145,-34.997517,-125.00001,0,0
44.230145,-34.997517,-125.00001,0,0
43.230145,-34.997517,-125.00001,0,0
42.230145,-34.997517,-125.00001,0,0
41.230145,-34.997517,-125.00001,0,0
40.230145,-34.997517,-125.00001,0,0
39.230145,-34.997517,-125.00001,0,0
38.230145,-34.997517,-125.00001,0,0
37.230145,-34.997517,-125.00001,0,0
36.230145,-34.997517,-125.00001,0,0
35.230145,-34.997517,-125.00001,0,0
34.230145,-34.997517,-125.00001,0,0
33.230145,-34.997517,-125.00001,0,0
32.230145,-34.997517,-125.00001,0,0
31.230145,-34.997517,-125.00001,0,0
30.230145,-34.997517,-125.00001,0,0
29.230145,-34.997517,-125.00001,0,0
28.230145,-34.997517,-125.00001,0,0
27.230145,-34.997517,-125.00001,0,0
26.230145,-34.997517,-125.00001,0,0
25.230145,-34.997517,-125.00001,0,0
24.230145,-34.997517,-125.00001,0,0
23.230145,-34.997517,-125.00001,0,0
22.230145,-34.997517,-125.00001,0,0
21.230145,-34.997517,-125.00001,0,0
20.230145,-34.997517,-125.00001,0,0
19.230145,-34.997517,-125.00001,0,0
18.230145,-34.997517,-125.00001,0,0
17.230145,-34.997517,-125.00001,0,0
16.230145,-34.997517,-125.00001,0,0
15.2301445,-34.997517,-125.00001,0,0
14.2301445,-34.997517,-125.00001,0,0
13.2301445,-34.997517,-125.00001,0,0
12.2301445,-34.997517,-125.00001,0,0
11.2301445,-34.997517,-125.00001,0,0
10.2301445,-34.997517,-125.00001,0,0
9.2301445,-34.997517,-125.00001,0,0
8.2301445,-34.997517,-125.00001,0,0
7.2301445,-34.997517,-125.00001,0,0
6.2301445,-34.997517,-125.00001,0,0
5.2301445,-34.997517,-125.00001,0,0
4.2301445,-34.997517,-125.00001,0,0
3.2301445,-34.997517,-125.00001,0,0
2.2301445,-34.997517,-125.00001,0,0
1.2301445,-34.997517,-125.00001,0,0
0.2301445,-34.997517,-125.00001,0,0
-0.7698555,-34.997517,-125.00001,0,0
-1.7698555,-34.997517,-125.00001,0,0
-2.7698555,-34.997517,-125.00001,0,0
-3.7698555,-34.997517,-125.00001,0,0
-4.7698555,-34.997517,-125.00001,0,0
-5.7698555,-34.997517,-125.00001,0,0
-6.7698555,-34.997517,-125.00001,0,0
-7.7698555,-34.997517,-125.00001,0,0
-8.7698555,-34.997517,-125.00001,0,0
-9.7698555,-34.997517,-125.00001,0,0
-10.7698555,-34.997517,-125.00001,0,0
-11.7698555,-34.997517,-125.00001,0,0
-12.7698555,-34.997517,-125.00001,0,0
-13.7698555,-34.997517,-125.00001,0,0
-14.7698555,-34.997517,-125.00001,0,0
-15.7698555,-34.997517,-125.00001,0,0
-16.769855,-34.997517,-125.00001,0,0
-17.769855,-34.997517,-125.00001,0,0
-18.769855,-34.997517,-125.00001,0,0
-19.769855,-34.997517,-125.00001,0,0
-20.769855,-34.997517,-125.00001,0,0
-21.769855,-34.997517,-125.00001,0,0
-22.769855,-34.997517,-125.00001,0,0
-23.769855,-34.997517,-125.00001,0,0
-24.769855,-34.997517,-125.00001,0,0
-25.769855,-34.997517,-125.00001,0,0
-26.769855,-34.997517,-125.00001,0,0
-27.769855,-34.997517,-125.00001,0,0
-28.769855,-34.997517,-125.00001,0,0
-29.769855,-34.997517,-125.00001,0,0
-30.769855,-34.997517,-125.00001,0,0
-31.769855,-34.997517,-125.00001,0,0
-32.769855,-34.997517,-125.00001,0,0
-33.769855,-34.997517,-125.00001,0,0
-34.769855,-34.997517,-125.00001,0,0
-35.769855,-34.997517,-125.00001,0,0
-36.769855,-34.997517,-125.00001,0,0
-37.769855,-34.997517,-125.00001,0,0
-38.769855,-34.997517,-125.00001,0,0
-39.769855,-34.997517,-125.00001,0,0
-40.769855,-34.997517,-125.00001,0,0
-41.769855,-34.997517,-125.00001,0,0
-42.769855,-34.997517,-125.00001,0,0
-43.769855,-34.997517,-125.00001,0,0
-44.769855,-34.997517,-125.00001,0,0
-45.769855,-34.997517,-125.00001,0,0
-46.769855,-34.997517,-125.00001,0,0
-47.769855,-34.997517,-125.00001,0,0
-48.769855,-34.997517,-125.00001,0,0
-49.769855,-34.997517,-125.00001,0,0
49.230145,-35.997517,-125.00001,0,0
48.230145,-35.997517,-125.00001,0,0
47.230145,-35.997517,-125.00001,0,0
46.230145,-35.997517,-125.00001,0,0
45.230145,-35.997517,-125.00001,0,0
44.230145,-35.997517,-125.00001,0,0
43.230145,-35.997517,-125.00001,0,0
42.230145,-35.997517,-125.00001,0,0
41.230145,-35.997517,-125.00001,0,0
40.230145,-35.997517,-125.00001,0,0
39.230145,-35.997517,-125.00001,0,0
38.230145,-35.997517,-125.00001,0,0
37.230145,-35.997517,-125.00001,0,0
36.230145,-35.997517,-125.00001,0,0
35.230145,-35.997517,-125.00001,0,0
34.230145,-35.997517,-125.00001,0,0
33.230145,-35.997517,-125.00001,0,0
32.230145,-35.997517,-125.00001,0,0
31.230145,-35.997517,-125.00001,0,0
30.230145,-35.997517,-125.00001,0,0
29.230145,-35.997517,-125.00001,0,0
28.230145,-35.997517,-125.00001,0,0
27.230145,-35.997517,-125.00001,0,0
26.230145,-35.997517,-125.00001,0,0
25.230145,-35.997517,-125.00001,0,0
24.230145,-35.997517,-125.00001,0,0
23.230145,-35.997517,-125.00001,0,0
22.230145,-35.997517,-125.00001,0,0
21.230145,-35.997517,-125.00001,0,0
20.230145,-35.997517,-125.00001,0,0
19.230145,-35.997517,-125.00001,0,0
18.230145,-35.997517,-125.00001,0,0
17.230145,-35.997517,-125.00001,0,0
16.230145,-35.997517,-125.00001,0,0
15.2301445,-35.997517,-125.00001,0,0
14.2301445,-35.997517,-125.00001,0,0
13.2301445,-35.997517,-125.00001,0,0
12.2301445,-35.997517,-125.00001,0,0
11.2301445,-35.997517,-125.00001,0,0
10.2301445,-35.997517,-125.00001,0,0
9.2301445,-35.997517,-125.00001,0,0
8.2301445,-35.997517,-125.00001,0,0
7.2301445,-35.997517,-125.00001,0,0
6.2301445,-35.997517,-125.00001,0,0
5.2301445,-35.997517,-125.00001,0,0
4.2301445,-35.997517,-125.00001,0,0
3.2301445,-35.997517,-125.00001,0,0
2.2301445,-35.997517,-125.00001,0,0
1.2301445,-35.997517,-125.00001,0,0
0.2301445,-35.997517,-125.00001,0,0
-0.7698555,-35.997517,-125.00001,0,0
-1.7698555,-35.997517,-125.00001,0,0
-2.7698555,-35.997517,-125.00001,0,0
-3.7698555,-35.997517,-125.00001,0,0
-4.7698555,-35.997517,-125.00001,0,0
-5.7698555,-35.997517,-125.00001,0,0
-6.7698555,-35.997517,-125.00001,0,0
-7.7698555,-35.997517,-125.00001,0,0
-8.7698555,-35.997517,-125.00001,0,0
-9.7698555,-35.997517,-125.00001,0,0
-10.7698555,-35.997517,-125.00001,0,0
-11.7698555,-35.997517,-125.00001,0,0
-12.7698555,-35.997517,-125.00001,0,0
-13.7698555,-35.997517,-125.00001,0,0
-14.7698555,-35.997517,-125.00001,0,0
-15.7698555,-35.997517,-125.00001,0,0
-16.769855,-35.997517,-125.00001,0,0
-17.769855,-35.997517,-125.00001,0,0
-18.769855,-35.997517,-125.00001,0,0
-19.769855,-35.997517,-125.00001,0,0
-20.769855,-35.997517,-125.00001,0,0
-21.769855,-35.997517,-125.00001,0,0
-22.769855,-35.997517,-125.00001,0,0
-23.769855,-35.997517,-125.00001,0,0
-24.769855,-35.997517,-125.00001,0,0
-25.769855,-35.997517,-125.00001,0,0
-26.769855,-35.997517,-125.00001,0,0
-27.769855,-35.997517,-125.00001,0,0
-28.769855,-35.997517,-125.00001,0,0
-29.769855,-35.997517,-125.00001,0,0
-30.769855,-35.997517,-125.00001,0,0
-31.769855,-35.997517,-125.00001,0,0
-32.769855,-35.997517,-125.00001,0,0
-33.769855,-35.997517,-125.00001,0,0
-34.769855,-35.997517,-125.00001,0,0
-35.769855,-35.997517,-125.00001,0,0
-36.769855,-35.997517,-125.00001,0,0
-37.769855,-35.997517,-125.00001,0,0
-38.769855,-35.997517,-125.00001,0,0
-39.769855,-35.997517,-125.00001,0,0
-40.769855,-35.997517,-125.00001,0,0
-41.769855,-35.997517,-125.00001,0,0
-42.769855,-35.997517,-125.00001,0,0
-43.769855,-35.997517,-125.00001,0,0
-44.769855,-35.997517,-125.00001,0,0
-45.769855,-35.997517,-125.00001,0,0
-46.769855,-35.997517,-125.00001,0,0
-47.769855,-35.997517,-125.00001,0,0
-48.769855,-35.997517,-125.00001,0,0
-49.769855,-35.997517,-125.00001,0,0
49.230145,-36.997517,-125.00001,0,0
48.230145,-36.997517,-125.00001,0,0
47.230145,-36.997517,-125.00001,0,0
46.230145,-36.997517,-125.00001,0,0
45.230145,-36.997517,-125.00001,0,0
44.230145,-36.997517,-125.00001,0,0
43.230145,-36.997517,-125.00001,0,0
42.230145,-36.997517,-125.00001,0,0
41.230145,-36.997517,-125.00001,0,0
40.230145,-36.997517,-125.00001,0,0
39.230145,-36.997517,-125.00001,0,0
38.230145,-36.997517,-125.00001,0,0
37.230145,-36.997517,-125.00001,0,0
36.230145,-36.997517,-125.00001,0,0
35.230145,-36.997517,-125.00001,0,0
34.230145,-36.997517,-125.00001,0,0
33.230145,-36.997517,-125.00001,0,0
32.230145,-36.997517,-125.00001,0,0
31.230145,-36.997517,-125.00001,0,0
30.230145,-36.997517,-125.00001,0,0
29.230145,-36.997517,-125.00001,0,0
28.230145,-36.997517,-125.00001,0,0
27.230145,-36.997517,-125.00001,0,0
26.230145,-36.997517,-125.00001,0,0
25.230145,-36.997517,-125.00001,0,0
24.230145,-36.997517,-125.00001,0,0
23.230145,-36.997517,-125.00001,0,0
22.230145,-36.997517,-125.00001,0,0
21.230145,-36.997517,-125.00001,0,0
20.230145,-36.997517,-125.00001,0,0
19.230145,-36.997517,-125.00001,0,0
18.230145,-36.997517,-125.00001,0,0
17.230145,-36.997517,-125.00001,0,0
16.230145,-36.997517,-125.00001,0,0
15.2301445,-36.997517,-125.00001,0,0
14.2301445,-36.997517,-125.00001,0,0
13.2301445,-36.997517,-125.00001,0,0
12.2301445,-36.997517,-125.00001,0,0
11.2301445,-36.997517,-125.00001,0,0
10.2301445,-36.997517,-125.00001,0,0
9.2301445,-36.997517,-125.00001,0,0
8.2301445,-36.997517,-125.00001,0,0
7.2301445,-36.997517,-125.00001,0,0
6.2301445,-36.997517,-125.00001,0,0
5.2301445,-36.997517,-125.00001,0,0
4.2301445,-36.997517,-125.00001,0,0
3.2301445,-36.997517,-125.00001,0,0
2.2301445,-36.997517,-125.00001,0,0
1.2301445,-36.997517,-125.00001,0,0
0.2301445,-36.997517,-125.00001,0,0
-0.7698555,-36.997517,-125.00001,0,0
-1.7698555,-36.997517,-125.00001,0,0
-2.7698555,-36.997517,-125.00001,0,0
-3.7698555,-36.997517,-125.00001,0,0
-4.7698555,-36.997517,-125.00001,0,0
-5.7698555,-36.997517,-125.00001,0,0
-6.7698555,-36.997517,-125.00001,0,0
-7.7698555,-36.997517,-125.00001,0,0
-8.7698555,-36.997517,-125.00001,0,0
-9.7698555,-36.997517,-125.00001,0,0
-10.7698555,-36.997517,-125.00001,0,0
-11.7698555,-36.997517,-125.00001,0,0
-12.7698555,-36.997517,-125.00001,0,0
-13.7698555,-36.997517,-125.00001,0,0
-14.7698555,-36.997517,-125.00001,0,0
-15.7698555,-36.997517,-125.00001,0,0
-16.769855,-36.997517,-125.00001,0,0
-17.769855,-36.997517,-125.00001,0,0
-18.769855,-36.997517,-125.00001,0,0
-19.769855,-36.997517,-125.00001,0,0
-20.769855,-36.997517,-125.00001,0,0
-21.769855,-36.997517,-125.00001,0,0
-22.769855,-36.997517,-125.00001,0,0
-23.769855,-36.997517,-125.00001,0,0
-24.769855,-36.997517,-125.00001,0,0
-25.769855,-36.997517,-125.00001,0,0
-26.769855,-36.997517,-125.00001,0,0
-27.769855,-36.997517,-125.00001,0,0
-28.769855,-36.997517,-125.00001,0,0
-29.769855,-36.997517,-125.00001,0,0
-30.769855,-36.997517,-125.00001,0,0
-31.769855,-36.997517,-125.00001,0,0
-32.769855,-36.997517,-125.00001,0,0
-33.769855,-36.997517,-125.00001,0,0
-34.769855,-36.997517,-125.00001,0,0
-35.769855,-36.997517,-125.00001,0,0
-36.769855,-36.997517,-125.00001,0,0
-37.769855,-36.997517,-125.00001,0,0
-38.769855,-36.997517,-125.00001,0,0
-39.769855,-36.997517,-125.00001,0,0
-40.769855,-36.997517,-125.00001,0,0
-41.769855,-36.997517,-125.00001,0,0
-42.769855,-36.997517,-125.00001,0,0
-43.769855,-36.997517,-125.00001,0,0
-44.769855,-36.997517,-125.00001,0,0
-45.769855,-36.997517,-125.00001,0,0
-46.769855,-36.997517,-125.00001,0,0
-47.769855,-36.997517,-125.00001,0,0
-48.769855,-36.997517,-125.00001,0,0
-49.769855,-36.997517,-125.00001,0,0
49.230145,-37.997517,-125.00001,0,0
48.230145,-37.997517,-125.00001,0,0
47.230145,-37.997517,-125.00001,0,0
46.230145,-37.997517,-125.00001,0,0
45.230145,-37.997517,-125.00001,0,0
44.230145,-37.997517,-125.00001,0,0
43.230145,-37.997517,-125.00001,0,0
42.230145,-37.997517,-125.00001,0,0
41.230145,-37.997517,-125.00001,0,0
40.230145,-37.997517,-125.00001,0,0
39.230145,-37.997517,-125.00001,0,0
38.230145,-37.997517,-125.00001,0,0
37.230145,-37.997517,-125.00001,0,0
36.230145,-37.997517,-125.00001,0,0
35.230145,-37.997517,-125.00001,0,0
34.230145,-37.997517,-125.00001,0,0
33.230145,-37.997517,-125.00001,0,0
32.230145,-37.997517,-125.00001,0,0
31.230145,-37.997517,-125.00001,0,0
30.230145,-37.997517,-125.00001,0,0
29.230145,-37.997517,-125.00001,0,0
28.230145,-37.997517,-125.00001,0,0
27.230145,-37.997517,-125.00001,0,0
26.230145,-37.997517,-125.00001,0,0
25.230145,-37.997517,-125.00001,0,0
24.230145,-37.997517,-125.00001,0,0
23.230145,-37.997517,-125.00001,0,0
22.230145,-37.997517,-125.00001,0,0
21.230145,-37.997517,-125.00001,0,0
20.230145,-37.997517,-125.00001,0,0
19.230145,-37.997517,-125.00001,0,0
18.230145,-37.997517,-125.00001,0,0
17.230145,-37.997517,-125.00001,0,0
16.230145,-37.997517,-125.00001,0,0
15.2301445,-37.997517,-125.00001,0,0
14.2301445,-37.997517,-125.00001,0,0
13.2301445,-37.997517,-125.00001,0,0
12.2301445,-37.997517,-125.00001,0,0
11.2301445,-37.997517,-125.00001,0,0
10.2301445,-37.997517,-125.00001,0,0
9.2301445,-37.997517,-125.00001,0,0
8.2301445,-37.997517,-125.00001,0,0
7.2301445,-37.997517,-125.00001,0,0
6.2301445,-37.997517,-125.00001,0,0
5.2301445,-37.997517,-125.00001,0,0
4.2301445,-37.997517,-125.00001,0,0
3.2301445,-37.997517,-125.00001,0,0
2.2301445,-37.997517,-125.00001,0,0
1.2301445,-37.997517,-125.00001,0,0
0.2301445,-37.997517,-125.00001,0,0
-0.7698555,-37.997517,-125.00001,0,0
-1.7698555,-37.997517,-125.00001,0,0
-2.7698555,-37.997517,-125.00001,0,0
-3.7698555,-37.997517,-125.00001,0,0
-4.7698555,-37.997517,-125.00001,0,0
-5.7698555,-37.997517,-125.00001,0,0
-6.7698555,-37.997517,-125.00001,0,0
-7.7698555,-37.997517,-125.00001,0,0
-8.7698555,-37.997517,-125.00001,0,0
-9.7698555,-37.997517,-125.00001,0,0
-10.7698555,-37.997517,-125.00001,0,0
-11.7698555,-37.997517,-125.00001,0,0
-12.7698555,-37.997517,-125.00001,0,0
-13.7698555,-37.997517,-125.00001,0,0
-14.7698555,-37.997517,-125.00001,0,0
-15.7698555,-37.997517,-125.00001,0,0
-16.769855,-37.997517,-125.00001,0,0
-17.769855,-37.997517,-125.00001,0,0
-18.769855,-37.997517,-125.00001,0,0
-19.769855,-37.997517,-125.00001,0,0
-20.769855,-37.997517,-125.00001,0,0
-21.769855,-37.997517,-125.00001,0,0
-22.769855,-37.997517,-125.00001,0,0
-23.769855,-37.997517,-125.00001,0,0
-24.769855,-37.997517,-125.00001,0,0
-25.769855,-37.997517,-125.00001,0,0
-26.769855,-37.997517,-125.00001,0,0
-27.769855,-37.997517,-125.00001,0,0
-28.769855,-37.997517,-125.00001,0,0
-29.769855,-37.997517,-125.00001,0,0
-30.769855,-37.997517,-125.00001,0,0
-31.769855,-37.997517,-125.00001,0,0
-32.769855,-37.997517,-125.00001,0,0
-33.769855,-37.997517,-125.00001,0,0
-34.769855,-37.997517,-125.00001,0,0
-35.769855,-37.997517,-125.00001,0,0
-36.769855,-37.997517,-125.00001,0,0
-37.769855,-37.997517,-125.00001,0,0
-38.769855,-37.997517,-125.00001,0,0
-39.769855,-37.997517,-125.00001,0,0
-40.769855,-37.997517,-125.00001,0,0
-41.769855,-37.997517,-125.00001,0,0
-42.769855,-37.997517,-125.00001,0,0
-43.769855,-37.997517,-125.00001,0,0
-44.769855,-37.997517,-125.00001,0,0
-45.769855,-37.997517,-125.00001,0,0
-46.769855,-37.997517,-125.00001,0,0
-47.769855,-37.997517,-125.00001,0,0
-48.769855,-37.997517,-125.00001,0,0
-49.769855,-37.997517,-125.00001,0,0
49.230145,-38.997517,-125.00001,0,0
48.230145,-38.997517,-125.00001,0,0
47.230145,-38.997517,-125.00001,0,0
46.230145,-38.997517,-125.00001,0,0
45.230145,-38.997517,-125.00001,0,0
44.230145,-38.997517,-125.00001,0,0
43.230145,-38.997517,-125.00001,0,0
42.230145,-38.997517,-125.00001,0,0
41.230145,-38.997517,-125.00001,0,0
40.230145,-38.997517,-125.00001,0,0
39.230145,-38.997517,-125.00001,0,0
38.230145,-38.997517,-125.00001,0,0
37.230145,-38.997517,-125.00001,0,0
36.230145,-38.997517,-125.00001,0,0
35.230145,-38.997517,-125.00001,0,0
34.230145,-38.997517,-125.00001,0,0
33.230145,-38.997517,-125.00001,0,0
32.230145,-38.997517,-125.00001,0,0
31.230145,-38.997517,-125.00001,0,0
30.230145,-38.997517,-125.00001,0,0
29.230145,-38.997517,-125.00001,0,0
28.230145,-38.997517,-125.00001,0,0
27.230145,-38.997517,-125.00001,0,0
26.230145,-38.997517,-125.00001,0,0
25.230145,-38.997517,-125.00001,0,0
24.230145,-38.997517,-125.00001,0,0
23.230145,-38.997517,-125.00001,0,0
22.230145,-38.997517,-125.00001,0,0
21.230145,-38.997517,-125.00001,0,0
20.230145,-38.997517,-125.00001,0,0
19.230145,-38.997517,-125.00001,0,0
18.230145,-38.997517,-125.00001,0,0
17.230145,-38.997517,-125.00001,0,0
16.230145,-38.997517,-125.00001,0,0
15.2301445,-38.997517,-125.00001,0,0
14.2301445,-38.997517,-125.00001,0,0
13.2301445,-38.997517,-125.00001,0,0
12.2301445,-38.997517,-125.00001,0,0
11.2301445,-38.997517,-125.00001,0,0
10.2301445,-38.997517,-125.00001,0,0
9.2301445,-38.997517,-125.00001,0,0
8.2301445,-38.997517,-125.00001,0,0
7.2301445,-38.997517,-125.00001,0,0
6.2301445,-38.997517,-125.00001,0,0
5.2301445,-38.997517,-125.00001,0,0
4.2301445,-38.997517,-125.00001,0,0
3.2301445,-38.997517,-125.00001,0,0
2.2301445,-38.997517,-125.00001,0,0
1.2301445,-38.997517,-125.00001,0,0
0.2301445,-38.997517,-125.00001,0,0
-0.7698555,-38.997517,-125.00001,0,0
-1.7698555,-38.997517,-125.00001,0,0
-2.7698555,-38.997517,-125.00001,0,0
-3.7698555,-38.997517,-125.00001,0,0
-4.7698555,-38.997517,-125.00001,0,0
-5.7698555,-38.997517,-125.00001,0,0
-6.7698555,-38.997517,-125.00001,0,0
-7.7698555,-38.997517,-125.00001,0,0
-8.7698555,-38.997517,-125.00001,0,0
-9.7698555,-38.997517,-125.00001,0,0
-10.7698555,-38.997517,-125.00001,0,0
-11.7698555,-38.997517,-125.00001,0,0
-12.7698555,-38.997517,-125.00001,0,0
-13.7698555,-38.997517,-125.00001,0,0
-14.7698555,-38.997517,-125.00001,0,0
-15.7698555,-38.997517,-125.00001,0,0
-16.769855,-38.997517,-125.00001,0,0
-17.769855,-38.997517,-125.00001,0,0
-18.769855,-38.997517,-125.00001,0,0
-19.769855,-38.997517,-125.00001,0,0
-20.769855,-38.997517,-125.00001,0,0
-21.769855,-38.997517,-125.00001,0,0
-22.769855,-38.997517,-125.00001,0,0
-23.769855,-38.997517,-125.00001,0,0
-24.769855,-38.997517,-125.00001,0,0
-25.769855,-38.997517,-125.00001,0,0
-26.769855,-38.997517,-125.00001,0,0
-27.769855,-38.997517,-125.00001,0,0
-28.769855,-38.997517,-125.00001,0,0
-29.769855,-38.997517,-125.00001,0,0
-30.769855,-38.997517,-125.00001,0,0
-31.769855,-38.997517,-125.00001,0,0
-32.769855,-38.997517,-125.00001,0,0
-33.769855,-38.997517,-125.00001,0,0
-34.769855,-38.997517,-125.00001,0,0
-35.769855,-38.997517,-125.00001,0,0
-36.769855,-38.997517,-125.00001,0,0
-37.769855,-38.997517,-125.00001,0,0
-38.769855,-38.997517,-125.00001,0,0
-39.769855,-38.997517,-125.00001,0,0
-40.769855,-38.997517,-125.00001,0,0
-41.769855,-38.997517,-125.00001,0,0
-42.769855,-38.997517,-125.00001,0,0
-43.769855,-38.997517,-125.00001,0,0
-44.769855,-38.997517,-125.00001,0,0
-45.769855,-38.997517,-125.00001,0,0
-46.769855,-38.997517,-125.00001,0,0
-47.769855,-38.997517,-125.00001,0,0
-48.769855,-38.997517,-125.00001,0,0
-49.769855,-38.997517,-125.00001,0,0
49.230145,-39.997517,-125.00001,0,0
48.230145,-39.997517,-125.00001,0,0
47.230145,-39.997517,-125.00001,0,0
46.230145,-39.997517,-125.00001,0,0
45.230145,-39.997517,-125.00001,0,0
44.230145,-39.997517,-125.00001,0,0
43.230145,-39.997517,-125.00001,0,0
42.230145,-39.997517,-125.00001,0,0
41.230145,-39.997517,-125.00001,0,0
40.230145,-39.997517,-125.00001,0,0
39.230145,-39.997517,-125.00001,0,0
38.230145,-39.997517,-125.00001,0,0
37.230145,-39.997517,-125.00001,0,0
36.230145,-39.997517,-125.00001,0,0
35.230145,-39.997517,-125.00001,0,0
34.230145,-39.997517,-125.00001,0,0
33.230145,-39.997517,-125.00001,0,0
32.230145,-39.997517,-125.00001,0,0
31.230145,-39.997517,-125.00001,0,0
30.230145,-39.997517,-125.00001,0,0
29.230145,-39.997517,-125.00001,0,0
28.230145,-39.997517,-125.00001,0,0
27.230145,-39.997517,-125.00001,0,0
26.230145,-39.997517,-125.00001,0,0
25.230145,-39.997517,-125.00001,0,0
24.230145,-39.997517,-125.00001,0,0
23.230145,-39.997517,-125.00001,0,0
22.230145,-39.997517,-125.00001,0,0
21.230145,-39.997517,-125.00001,0,0
20.230145,-39.997517,-125.00001,0,0
19.230145,-39.997517,-125.00001,0,0
18.230145,-39.997517,-125.00001,0,0
17.230145,-39.997517,-125.00001,0,0
16.230145,-39.997517,-125.00001,0,0
15.2301445,-39.997517,-125.00001,0,0
14.2301445,-39.997517,-125.00001,0,0
13.2301445,-39.997517,-125.00001,0,0
12.2301445,-39.997517,-125.00001,0,0
11.2301445,-39.997517,-125.00001,0,0
10.2301445,-39.997517,-125.00001,0,0
9.2301445,-39.997517,-125.00001,0,0
8.2301445,-39.997517,-125.00001,0,0
7.2301445,-39.997517,-125.00001,0,0
6.2301445,-39.997517,-125.00001,0,0
5.2301445,-39.997517,-125.00001,0,0
4.2301445,-39.997517,-125.00001,0,0
3.2301445,-39.997517,-125.00001,0,0
2.2301445,-39.997517,-125.00001,0,0
1.2301445,-39.997517,-125.00001,0,0
0.2301445,-39.997517,-125.00001,0,0
-0.7698555,-39.997517,-125.00001,0,0
-1.7698555,-39.997517,-125.00001,0,0
-2.7698555,-39.997517,-125.00001,0,0
-3.7698555,-39.997517,-125.00001,0,0
-4.7698555,-39.997517,-125.00001,0,0
-5.7698555,-39.997517,-125.00001,0,0
-6.7698555,-39.997517,-125.00001,0,0
-7.7698555,-39.997517,-125.00001,0,0
-8.7698555,-39.997517,-125.00001,0,0
-9.7698555,-39.997517,-125.00001,0,0
-10.7698555,-39.997517,-125.00001,0,0
-11.7698555,-39.997517,-125.00001,0,0
-12.7698555,-39.997517,-125.00001,0,0
-13.7698555,-39.997517,-125.00001,0,0
-14.7698555,-39.997517,-125.00001,0,0
-15.7698555,-39.997517,-125.00001,0,0
-16.769855,-39.997517,-125.00001,0,0
-17.769855,-39.997517,-125.00001,0,0
-18.769855,-39.997517,-125.00001,0,0
-19.769855,-39.997517,-125.00001,0,0
-20.769855,-39.997517,-125.00001,0,0
-21.769855,-39.997517,-125.00001,0,0
-22.769855,-39.997517,-125.00001,0,0
-23.769855,-39.997517,-125.00001,0,0
-24.769855,-39.997517,-125.00001,0,0
-25.769855,-39.997517,-125.00001,0,0
-26.769855,-39.997517,-125.00001,0,0
-27.769855,-39.997517,-125.00001,0,0
-28.769855,-39.997517,-125.00001,0,0
-29.769855,-39.997517,-125.00001,0,0
-30.769855,-39.997517,-125.00001,0,0
-31.769855,-39.997517,-125.00001,0,0
-32.769855,-39.997517,-125.00001,0,0
-33.769855,-39.997517,-125.00001,0,0
-34.769855,-39.997517,-125.00001,0,0
-35.769855,-39.997517,-125.00001,0,0
-36.769855,-39.997517,-125.00001,0,0
-37.769855,-39.997517,-125.00001,0,0
-38.769855,-39.997517,-125.00001,0,0
-39.769855,-39.997517,-125.00001,0,0
-40.769855,-39.997517,-125.00001,0,0
-41.769855,-39.997517,-125.00001,0,0
-42.769855,-39.997517,-125.00001,0,0
-43.769855,-39.997517,-125.00001,0,0
-44.769855,-39.997517,-125.00001,0,0
-45.769855,-39.997517,-125.00001,0,0
-46.769855,-39.997517,-125.00001,0,0
-47.769855,-39.997517,-125.00001,0,0
-48.769855,-39.997517,-125.00001,0,0
-49.769855,-39.997517,-125.00001,0,0
49.230145,-40.997517,-125.00001,0,0
48.230145,-40.997517,-125.00001,0,0
47.230145,-40.997517,-125.00001,0,0
46.230145,-40.997517,-125.00001,0,0
45.230145,-40.997517,-125.00001,0,0
44.230145,-40.997517,-125.00001,0,0
43.230145,-40.997517,-125.00001,0,0
42.230145,-40.997517,-125.00001,0,0
41.230145,-40.997517,-125.00001,0,0
40.230145,-40.997517,-125.00001,0,0
39.230145,-40.997517,-125.00001,0,0
38.230145,-40.997517,-125.00001,0,0
37.230145,-40.997517,-125.00001,0,0
36.230145,-40.997517,-125.00001,0,0
35.230145,-40.997517,-125.00001,0,0
34.230145,-40.997517,-125.00001,0,0
33.230145,-40.997517,-125.00001,0,0
32.230145,-40.997517,-125.00001,0,0
31.230145,-40.997517,-125.00001,0,0
30.230145,-40.997517,-125.00001,0,0
29.230145,-40.997517,-125.00001,0,0
28.230145,-40.997517,-125.00001,0,0
27.230145,-40.997517,-125.00001,0,0
26.230145,-40.997517,-125.00001,0,0
25.230145,-40.997517,-125.00001,0,0
24.230145,-40.997517,-125.00001,0,0
23.230145,-40.997517,-125.00001,0,0
22.230145,-40.997517,-125.00001,0,0
21.230145,-40.997517,-125.00001,0,0
20.230145,-40.997517,-125.00001,0,0
19.230145,-40.997517,-125.00001,0,0
18.230145,-40.997517,-125.00001,0,0
17.230145,-40.997517,-125.00001,0,0
16.230145,-40.997517,-125.00001,0,0
15.2301445,-40.997517,-125.00001,0,0
14.2301445,-40.997517,-125.00001,0,0
13.2301445,-40.997517,-125.00001,0,0
12.2301445,-40.997517,-125.00001,0,0
11.2301445,-40.997517,-125.00001,0,0
10.2301445,-40.997517,-125.00001,0,0
9.2301445,-40.997517,-125.00001,0,0
8.2301445,-40.997517,-125.00001,0,0
7.2301445,-40.997517,-125.00001,0,0
6.2301445,-40.997517,-125.00001,0,0
5.2301445,-40.997517,-125.00001,0,0
4.2301445,-40.997517,-125.00001,0,0
3.2301445,-40.997517,-125.00001,0,0
2.2301445,-40.997517,-125.00001,0,0
1.2301445,-40.997517,-125.00001,0,0
0.2301445,-40.997517,-125.00001,0,0
-0.7698555,-40.997517,-125.00001,0,0
-1.7698555,-40.997517,-125.00001,0,0
-2.7698555,-40.997517,-125.00001,0,0
-3.7698555,-40.997517,-125.00001,0,0
-4.7698555,-40.997517,-125.00001,0,0
-5.7698555,-40.997517,-125.00001,0,0
-6.7698555,-40.997517,-125.00001,0,0
-7.7698555,-40.997517,-125.00001,0,0
-8.7698555,-40.997517,-125.00001,0,0
-9.7698555,-40.997517,-125.00001,0,0
-10.7698555,-40.997517,-125.00001,0,0
-11.7698555,-40.997517,-125.00001,0,0
-12.7698555,-40.997517,-125.00001,0,0
-13.7698555,-40.997517,-125.00001,0,0
-14.7698555,-40.997517,-125.00001,0,0
-15.7698555,-40.997517,-125.00001,0,0
-16.769855,-40.997517,-125.00001,0,0
-17.769855,-40.997517,-125.00001,0,0
-18.769855,-40.997517,-125.00001,0,0
-19.769855,-40.997517,-125.00001,0,0
-20.769855,-40.997517,-125.00001,0,0
-21.769855,-40.997517,-125.00001,0,0
-22.769855,-40.997517,-125.00001,0,0
-23.769855,-40.997517,-125.00001,0,0
-24.769855,-40.997517,-125.00001,0,0
-25.769855,-40.997517,-125.00001,0,0
-26.769855,-40.997517,-125.00001,0,0
-27.769855,-40.997517,-125.00001,0,0
-28.769855,-40.997517,-125.00001,0,0
-29.769855,-40.997517,-125.00001,0,0
-30.769855,-40.997517,-125.00001,0,0
-31.769855,-40.997517,-125.00001,0,0
-32.769855,-40.997517,-125.00001,0,0
-33.769855,-40.997517,-125.00001,0,0
-34.769855,-40.997517,-125.00001,0,0
-35.769855,-40.997517,-125.00001,0,0
-36.769855,-40.997517,-125.00001,0,0
-37.769855,-40.997517,-125.00001,0,0
-38.769855,-40.997517,-125.00001,0,0
-39.769855,-40.997517,-125.00001,0,0
-40.769855,-40.997517,-125.00001,0,0
-41.769855,-40.997517,-125.00001,0,0
-42.769855,-40.997517,-125.00001,0,0
-43.769855,-40.997517,-125.00001,0,0
-44.769855,-40.997517,-125.00001,0,0
-45.769855,-40.997517,-125.00001,0,0
-46.769855,-40.997517,-125.00001,0,0
-47.769855,-40.997517,-125.00001,0,0
-48.769855,-40.997517,-125.00001,0,0
-49.769855,-40.997517,-125.00001,0,0
49.230145,-41.997517,-125.00001,0,0
48.230145,-41.997517,-125.00001,0,0
47.230145,-41.997517,-125.00001,0,0
46.230145,-41.997517,-125.00001,0,0
45.230145,-41.997517,-125.00001,0,0
44.230145,-41.997517,-125.00001,0,0
43.230145,-41.997517,-125.00001,0,0
42.230145,-41.997517,-125.00001,0,0
41.230145,-41.997517,-125.00001,0,0
40.230145,-41.997517,-125.00001,0,0
39.230145,-41.997517,-125.00001,0,0
38.230145,-41.997517,-125.00001,0,0
37.230145,-41.997517,-125.00001,0,0
36.230145,-41.997517,-125.00001,0,0
35.230145,-41.997517,-125.00001,0,0
34.230145,-41.997517,-125.00001,0,0
33.230145,-41.997517,-125.00001,0,0
32.230145,-41.997517,-125.00001,0,0
31.230145,-41.997517,-125.00001,0,0
30.230145,-41.997517,-125.00001,0,0
29.230145,-41.997517,-125.00001,0,0
28.230145,-41.997517,-125.00001,0,0
27.230145,-41.997517,-125.00001,0,0
26.230145,-41.997517,-125.00001,0,0
25.230145,-41.997517,-125.00001,0,0
24.230145,-41.997517,-125.00001,0,0
23.230145,-41.997517,-125.00001,0,0
22.230145,-41.997517,-125.00001,0,0
21.230145,-41.997517,-125.00001,0,0
20.230145,-41.997517,-125.00001,0,0
19.230145,-41.997517,-125.00001,0,0
18.230145,-41.997517,-125.00001,0,0
17.230145,-41.997517,-125.00001,0,0
16.230145,-41.997517,-125.00001,0,0
15.2301445,-41.997517,-125.00001,0,0
14.2301445,-41.997517,-125.00001,0,0
13.2301445,-41.997517,-125.00001,0,0
12.2301445,-41.997517,-125.00001,0,0
11.2301445,-41.997517,-125.00001,0,0
10.2301445,-41.997517,-125.00001,0,0
9.2301445,-41.997517,-125.00001,0,0
8.2301445,-41.997517,-125.00001,0,0
7.2301445,-41.997517,-125.00001,0,0
6.2301445,-41.997517,-125.00001,0,0
5.2301445,-41.997517,-125.00001,0,0
4.2301445,-41.997517,-125.00001,0,0
3.2301445,-41.997517,-125.00001,0,0
2.2301445,-41.997517,-125.00001,0,0
1.2301445,-41.997517,-125.00001,0,0
0.2301445,-41.997517,-125.00001,0,0
-0.7698555,-41.997517,-125.00001,0,0
-1.7698555,-41.997517,-125.00001,0,0
-2.7698555,-41.997517,-125.00001,0,0
-3.7698555,-41.997517,-125.00001,0,0
-4.7698555,-41.997517,-125.00001,0,0
-5.7698555,-41.997517,-125.00001,0,0
-6.7698555,-41.997517,-125.00001,0,0
-7.7698555,-41.997517,-125.00001,0,0
-8.7698555,-41.997517,-125.00001,0,0
-9.7698555,-41.997517,-125.00001,0,0
-10.7698555,-41.997517,-125.00001,0,0
-11.7698555,-41.997517,-125.00001,0,0
-12.7698555,-41.997517,-125.00001,0,0
-13.7698555,-41.997517,-125.00001,0,0
-14.7698555,-41.997517,-125.00001,0,0
-15.7698555,-41.997517,-125.00001,0,0
-16.769855,-41.997517,-125.00001,0,0
-17.769855,-41.997517,-125.00001,0,0
-18.769855,-41.997517,-125.00001,0,0
-19.769855,-41.997517,-125.00001,0,0
-20.769855,-41.997517,-125.00001,0,0
-21.769855,-41.997517,-125.00001,0,0
-22.769855,-41.997517,-125.00001,0,0
-23.769855,-41.997517,-125.00001,0,0
-24.769855,-41.997517,-125.00001,0,0
-25.769855,-41.997517,-125.00001,0,0
-26.769855,-41.997517,-125.00001,0,0
-27.769855,-41.997517,-125.00001,0,0
-28.769855,-41.997517,-125.00001,0,0
-29.769855,-41.997517,-125.00001,0,0
-30.769855,-41.997517,-125.00001,0,0
-31.769855,-41.997517,-125.00001,0,0
-32.769855,-41.997517,-125.00001,0,0
-33.769855,-41.997517,-125.00001,0,0
-34.769855,-41.997517,-125.00001,0,0
-35.769855,-41.997517,-125.00001,0,0
-36.769855,-41.997517,-125.00001,0,0
-37.769855,-41.997517,-125.00001,0,0
-38.769855,-41.997517,-125.00001,0,0
-39.769855,-41.997517,-125.00001,0,0
-40.769855,-41.997517,-125.00001,0,0
-41.769855,-41.997517,-125.00001,0,0
-42.769855,-41.997517,-125.00001,0,0
-43.769855,-41.997517,-125.00001,0,0
-44.769855,-41.997517,-125.00001,0,0
-45.769855,-41.997517,-125.00001,0,0
-46.769855,-41.997517,-125.00001,0,0
-47.769855,-41.997517,-125.00001,0,0
-48.769855,-41.997517,-125.00001,0,0
-49.769855,-41.997517,-125.00001,0,0
49.230145,-42.997517,-125.00001,0,0
48.230145,-42.997517,-125.00001,0,0
47.230145,-42.997517,-125.00001,0,0
46.230145,-42.997517,-125.00001,0,0
45.230145,-42.997517,-125.00001,0,0
44.230145,-42.997517,-125.00001,0,0
43.230145,-42.997517,-125.00001,0,0
42.230145,-42.997517,-125.00001,0,0
41.230145,-42.997517,-125.00001,0,0
40.230145,-42.997517,-125.00001,0,0
39.230145,-42.997517,-125.00001,0,0
38.230145,-42.997517,-125.00001,0,0
37.230145,-42.997517,-125.00001,0,0
36.230145,-42.997517,-125.00001,0,0
35.230145,-42.997517,-125.00001,0,0
34.230145,-42.997517,-125.00001,0,0
33.230145,-42.997517,-125.00001,0,0
32.230145,-42.997517,-125.00001,0,0
31.230145,-42.997517,-125.00001,0,0
30.230145,-42.997517,-125.00001,0,0
29.230145,-42.997517,-125.00001,0,0
28.230145,-42.997517,-125.00001,0,0
27.230145,-42.997517,-125.00001,0,0
26.230145,-42.997517,-125.00001,0,0
25.230145,-42.997517,-125.00001,0,0
24.230145,-42.997517,-125.00001,0,0
23.230145,-42.997517,-125.00001,0,0
22.230145,-42.997517,-125.00001,0,0
21.230145,-42.997517,-125.00001,0,0
20.230145,-42.997517,-125.00001,0,0
19.230145,-42.997517,-125.00001,0,0
18.230145,-42.997517,-125.00001,0,0
17.230145,-42.997517,-125.00001,0,0
16.230145,-42.997517,-125.00001,0,0
15.2301445,-42.997517,-125.00001,0,0
14.2301445,-42.997517,-125.00001,0,0
13.2301445,-42.997517,-125.00001,0,0
12.2301445,-42.997517,-125.00001,0,0
11.2301445,-42.997517,-125.00001,0,0
10.2301445,-42.997517,-125.00001,0,0
9.2301445,-42.997517,-125.00001,0,0
8.2301445,-42.997517,-125.00001,0,0
7.2301445,-42.997517,-125.00001,0,0
6.2301445,-42.997517,-125.00001,0,0
5.2301445,-42.997517,-125.00001,0,0
4.2301445,-42.997517,-125.00001,0,0
3.2301445,-42.997517,-125.00001,0,0
2.2301445,-42.997517,-125.00001,0,0
1.2301445,-42.997517,-125.00001,0,0
0.2301445,-42.997517,-125.00001,0,0
-0.7698555,-42.997517,-125.00001,0,0
-1.7698555,-42.997517,-125.00001,0,0
-2.7698555,-42.997517,-125.00001,0,0
-3.7698555,-42.997517,-125.00001,0,0
-4.7698555,-42.997517,-125.00001,0,0
-5.7698555,-42.997517,-125.00001,0,0
-6.7698555,-42.997517,-125.00001,0,0
-7.7698555,-42.997517,-125.00001,0,0
-8.7698555,-42.997517,-125.00001,0,0
-9.7698555,-42.997517,-125.00001,0,0
-10.7698555,-42.997517,-125.00001,0,0
-11.7698555,-42.997517,-125.00001,0,0
-12.7698555,-42.997517,-125.00001,0,0
-13.7698555,-42.997517,-125.00001,0,0
-14.7698555,-42.997517,-125.00001,0,0
-15.7698555,-42.997517,-125.00001,0,0
-16.769855,-42.997517,-125.00001,0,0
-17.769855,-42.997517,-125.00001,0,0
-18.769855,-42.997517,-125.00001,0,0
-19.769855,-42.997517,-125.00001,0,0
-20.769855,-42.997517,-125.00001,0,0
-21.769855,-42.997517,-125.00001,0,0
-22.769855,-42.997517,-125.00001,0,0
-23.769855,-42.997517,-125.00001,0,0
-24.769855,-42.997517,-125.00001,0,0
-25.769855,-42.997517,-125.00001,0,0
-26.769855,-42.997517,-125.00001,0,0
-27.769855,-42.997517,-125.00001,0,0
-28.769855,-42.997517,-125.00001,0,0
-29.769855,-42.997517,-125.00001,0,0
-30.769855,-42.997517,-125.00001,0,0
-31.769855,-42.997517,-125.00001,0,0
-32.769855,-42.997517,-125.00001,0,0
-33.769855,-42.997517,-125.00001,0,0
-34.769855,-42.997517,-125.00001,0,0
-35.769855,-42.997517,-125.00001,0,0
-36.769855,-42.997517,-125.00001,0,0
-37.769855,-42.997517,-125.00001,0,0
-38.769855,-42.997517,-125.00001,0,0
-39.769855,-42.997517,-125.00001,0,0
-40.769855,-42.997517,-125.00001,0,0
-41.769855,-42.997517,-125.00001,0,0
-42.769855,-42.997517,-125.00001,0,0
-43.769855,-42.997517,-125.00001,0,0
-44.769855,-42.997517,-125.00001,0,0
-45.769855,-42.997517,-125.00001,0,0
-46.769855,-42.997517,-125.00001,0,0
-47.769855,-42.997517,-125.00001,0,0
-48.769855,-42.997517,-125.00001,0,0
-49.769855,-42.997517,-125.00001,0,0
49.230145,-43.997517,-125.00001,0,0
48.230145,-43.997517,-125.00001,0,0
47.230145,-43.997517,-125.00001,0,0
46.230145,-43.997517,-125.00001,0,0
45.230145,-43.997517,-125.00001,0,0
44.230145,-43.997517,-125.00001,0,0
43.230145,-43.997517,-125.00001,0,0
42.230145,-43.997517,-125.00001,0,0
41.230145,-43.997517,-125.00001,0,0
40.230145,-43.997517,-125.00001,0,0
39.230145,-43.997517,-125.00001,0,0
38.230145,-43.997517,-125.00001,0,0
37.230145,-43.997517,-125.00001,0,0
36.230145,-43.997517,-125.00001,0,0
35.230145,-43.997517,-125.00001,0,0
34.230145,-43.997517,-125.00001,0,0
33.230145,-43.997517,-125.00001,0,0
32.230145,-43.997517,-125.00001,0,0
31.230145,-43.997517,-125.00001,0,0
30.230145,-43.997517,-125.00001,0,0
29.230145,-43.997517,-125.00001,0,0
28.230145,-43.997517,-125.00001,0,0
27.230145,-43.997517,-125.00001,0,0
26.230145,-43.997517,-125.00001,0,0
25.230145,-43.997517,-125.00001,0,0
24.230145,-43.997517,-125.00001,0,0
23.230145,-43.997517,-125.00001,0,0
22.230145,-43.997517,-125.00001,0,0
21.230145,-43.997517,-125.00001,0,0
20.230145,-43.997517,-125.00001,0,0
19.230145,-43.997517,-125.00001,0,0
18.230145,-43.997517,-125.00001,0,0
17.230145,-43.997517,-125.00001,0,0
16.230145,-43.997517,-125.00001,0,0
15.2301445,-43.997517,-125.00001,0,0
14.2301445,-43.997517,-125.00001,0,0
13.2301445,-43.997517,-125.00001,0,0
12.2301445,-43.997517,-125.00001,0,0
11.2301445,-43.997517,-125.00001,0,0
10.2301445,-43.997517,-125.00001,0,0
9.2301445,-43.997517,-125.00001,0,0
8.2301445,-43.997517,-125.00001,0,0
7.2301445,-43.997517,-125.00001,0,0
6.2301445,-43.997517,-125.00001,0,0
5.2301445,-43.997517,-125.00001,0,0
4.2301445,-43.997517,-125.00001,0,0
3.2301445,-43.997517,-125.00001,0,0
2.2301445,-43.997517,-125.00001,0,0
1.2301445,-43.997517,-125.00001,0,0
0.2301445,-43.997517,-125.00001,0,0
-0.7698555,-43.997517,-125.00001,0,0
-1.7698555,-43.997517,-125.00001,0,0
-2.7698555,-43.997517,-125.00001,0,0
-3.7698555,-43.997517,-125.00001,0,0
-4.7698555,-43.997517,-125.00001,0,0
-5.7698555,-43.997517,-125.00001,0,0
-6.7698555,-43.997517,-125.00001,0,0
-7.7698555,-43.997517,-125.00001,0,0
-8.7698555,-43.997517,-125.00001,0,0
-9.7698555,-43.997517,-125.00001,0,0
-10.7698555,-43.997517,-125.00001,0,0
-11.7698555,-43.997517,-125.00001,0,0
-12.7698555,-43.997517,-125.00001,0,0
-13.7698555,-43.997517,-125.00001,0,0
-14.7698555,-43.997517,-125.00001,0,0
-15.7698555,-43.997517,-125.00001,0,0
-16.769855,-43.997517,-125.00001,0,0
-17.769855,-43.997517,-125.00001,0,0
-18.769855,-43.997517,-125.00001,0,0
-19.769855,-43.997517,-125.00001,0,0
-20.769855,-43.997517,-125.00001,0,0
-21.769855,-43.997517,-125.00001,0,0
-22.769855,-43.997517,-125.00001,0,0
-23.769855,-43.997517,-125.00001,0,0
-24.769855,-43.997517,-125.00001,0,0
-25.769855,-43.997517,-125.00001,0,0
-26.769855,-43.997517,-125.00001,0,0
-27.769855,-43.997517,-125.00001,0,0
-28.769855,-43.997517,-125.00001,0,0
-29.769855,-43.997517,-125.00001,0,0
-30.769855,-43.997517,-125.00001,0,0
-31.769855,-43.997517,-125.00001,0,0
-32.769855,-43.997517,-125.00001,0,0
-33.769855,-43.997517,-125.00001,0,0
-34.769855,-43.997517,-125.00001,0,0
-35.769855,-43.997517,-125.00001,0,0
-36.769855,-43.997517,-125.00001,0,0
-37.769855,-43.997517,-125.00001,0,0
-38.769855,-43.997517,-125.00001,0,0
-39.769855,-43.997517,-125.00001,0,0
-40.769855,-43.997517,-125.00001,0,0
-41.769855,-43.997517,-125.00001,0,0
-42.769855,-43.997517,-125.00001,0,0
-43.769855,-43.997517,-125.00001,0,0
-44.769855,-43.997517,-125.00001,0,0
-45.769855,-43.997517,-125.00001,0,0
-46.769855,-43.997517,-125.00001,0,0
-47.769855,-43.997517,-125.00001,0,0
-48.769855,-43.997517,-125.00001,0,0
-49.769855,-43.997517,-125.00001,0,0
49.230145,-44.997517,-125.00001,0,0
48.230145,-44.997517,-125.00001,0,0
47.230145,-44.997517,-125.00001,0,0
46.230145,-44.997517,-125.00001,0,0
45.230145,-44.997517,-125.00001,0,0
44.230145,-44.997517,-125.00001,0,0
43.230145,-44.997517,-125.00001,0,0
42.230145,-44.997517,-125.00001,0,0
41.230145,-44.997517,-125.00001,0,0
40.230145,-44.997517,-125.00001,0,0
39.230145,-44.997517,-125.00001,0,0
38.230145,-44.997517,-125.00001,0,0
37.230145,-44.997517,-125.00001,0,0
36.230145,-44.997517,-125.00001,0,0
35.230145,-44.997517,-125.00001,0,0
34.230145,-44.997517,-125.00001,0,0
33.230145,-44.997517,-125.00001,0,0
32.230145,-44.997517,-125.00001,0,0
31.230145,-44.997517,-125.00001,0,0
30.230145,-44.997517,-125.00001,0,0
29.230145,-44.997517,-125.00001,0,0
28.230145,-44.997517,-125.00001,0,0
27.230145,-44.997517,-125.00001,0,0
26.230145,-44.997517,-125.00001,0,0
25.230145,-44.997517,-125.00001,0,0
24.230145,-44.997517,-125.00001,0,0
23.230145,-44.997517,-125.00001,0,0
22.230145,-44.997517,-125.00001,0,0
21.230145,-44.997517,-125.00001,0,0
20.230145,-44.997517,-125.00001,0,0
19.230145,-44.997517,-125.00001,0,0
18.230145,-44.997517,-125.00001,0,0
17.230145,-44.997517,-125.00001,0,0
16.230145,-44.997517,-125.00001,0,0
15.2301445,-44.997517,-125.00001,0,0
14.2301445,-44.997517,-125.00001,0,0
13.2301445,-44.997517,-125.00001,0,0
12.2301445,-44.997517,-125.00001,0,0
11.2301445,-44.997517,-125.00001,0,0
10.2301445,-44.997517,-125.00001,0,0
9.2301445,-44.997517,-125.00001,0,0
8.2301445,-44.997517,-125.00001,0,0
7.2301445,-44.997517,-125.00001,0,0
6.2301445,-44.997517,-125.00001,0,0
5.2301445,-44.997517,-125.00001,0,0
4.2301445,-44.997517,-125.00001,0,0
3.2301445,-44.997517,-125.00001,0,0
2.2301445,-44.997517,-125.00001,0,0
1.2301445,-44.997517,-125.00001,0,0
0.2301445,-44.997517,-125.00001,0,0
-0.7698555,-44.997517,-125.00001,0,0
-1.7698555,-44.997517,-125.00001,0,0
-2.7698555,-44.997517,-125.00001,0,0
-3.7698555,-44.997517,-125.00001,0,0
-4.7698555,-44.997517,-125.00001,0,0
-5.7698555,-44.997517,-125.00001,0,0
-6.7698555,-44.997517,-125.00001,0,0
-7.7698555,-44.997517,-125.00001,0,0
-8.7698555,-44.997517,-125.00001,0,0
-9.7698555,-44.997517,-125.00001,0,0
-10.7698555,-44.997517,-125.00001,0,0
-11.7698555,-44.997517,-125.00001,0,0
-12.7698555,-44.997517,-125.00001,0,0
-13.7698555,-44.997517,-125.00001,0,0
-14.7698555,-44.997517,-125.00001,0,0
-15.7698555,-44.997517,-125.00001,0,0
-16.769855,-44.997517,-125.00001,0,0
-17.769855,-44.997517,-125.00001,0,0
-18.769855,-44.997517,-125.00001,0,0
-19.769855,-44.997517,-125.00001,0,0
-20.769855,-44.997517,-125.00001,0,0
-21.769855,-44.997517,-125.00001,0,0
-22.769855,-44.997517,-125.00001,0,0
-23.769855,-44.997517,-125.00001,0,0
-24.769855,-44.997517,-125.00001,0,0
-25.769855,-44.997517,-125.00001,0,0
-26.769855,-44.997517,-125.00001,0,0
-27.769855,-44.997517,-125.00001,0,0
-28.769855,-44.997517,-125.00001,0,0
-29.769855,-44.997517,-125.00001,0,0
-30.769855,-44.997517,-125.00001,0,0
-31.769855,-44.997517,-125.00001,0,0
-32.769855,-44.997517,-125.00001,0,0
-33.769855,-44.997517,-125.00001,0,0
-34.769855,-44.997517,-125.00001,0,0
-35.769855,-44.997517,-125.00001,0,0
-36.769855,-44.997517,-125.00001,0,0
-37.769855,-44.997517,-125.00001,0,0
-38.769855,-44.997517,-125.00001,0,0
-39.769855,-44.997517,-125.00001,0,0
-40.769855,-44.997517,-125.00001,0,0
-41.769855,-44.997517,-125.00001,0,0
-42.769855,-44.997517,-125.00001,0,0
-43.769855,-44.997517,-125.00001,0,0
-44.769855,-44.997517,-125.00001,0,0
-45.769855,-44.997517,-125.00001,0,0
-46.769855,-44.997517,-125.00001,0,0
-47.769855,-44.997517,-125.00001,0,0
-48.769855,-44.997517,-125.00001,0,0
-49.769855,-44.997517,-125.00001,0,0
49.230145,-45.997517,-125.00001,0,0
48.230145,-45.997517,-125.00001,0,0
47.230145,-45.997517,-125.00001,0,0
46.230145,-45.997517,-125.00001,0,0
45.230145,-45.997517,-125.00001,0,0
44.230145,-45.997517,-125.00001,0,0
43.230145,-45.997517,-125.00001,0,0
42.230145,-45.997517,-125.00001,0,0
41.230145,-45.997517,-125.00001,0,0
40.230145,-45.997517,-125.00001,0,0
39.230145,-45.997517,-125.00001,0,0
38.230145,-45.997517,-125.00001,0,0
37.230145,-45.997517,-125.00001,0,0
36.230145,-45.997517,-125.00001,0,0
35.230145,-45.997517,-125.00001,0,0
34.230145,-45.997517,-125.00001,0,0
33.230145,-45.997517,-125.00001,0,0
32.230145,-45.997517,-125.00001,0,0
31.230145,-45.997517,-125.00001,0,0
30.230145,-45.997517,-125.00001,0,0
29.230145,-45.997517,-125.00001,0,0
28.230145,-45.997517,-125.00001,0,0
27.230145,-45.997517,-125.00001,0,0
26.230145,-45.997517,-125.00001,0,0
25.230145,-45.997517,-125.00001,0,0
24.230145,-45.997517,-125.00001,0,0
23.230145,-45.997517,-125.00001,0,0
22.230145,-45.997517,-125.00001,0,0
21.230145,-45.997517,-125.00001,0,0
20.230145,-45.997517,-125.00001,0,0
19.230145,-45.997517,-125.00001,0,0
18.230145,-45.997517,-125.00001,0,0
17.230145,-45.997517,-125.00001,0,0
16.230145,-45.997517,-125.00001,0,0
15.2301445,-45.997517,-125.00001,0,0
14.2301445,-45.997517,-125.00001,0,0
13.2301445,-45.997517,-125.00001,0,0
12.2301445,-45.997517,-125.00001,0,0
11.2301445,-45.997517,-125.00001,0,0
10.2301445,-45.997517,-125.00001,0,0
9.2301445,-45.997517,-125.00001,0,0
8.2301445,-45.997517,-125.00001,0,0
7.2301445,-45.997517,-125.00001,0,0
6.2301445,-45.997517,-125.00001,0,0
5.2301445,-45.997517,-125.00001,0,0
4.2301445,-45.997517,-125.00001,0,0
3.2301445,-45.997517,-125.00001,0,0
2.2301445,-45.997517,-125.00001,0,0
1.2301445,-45.997517,-125.00001,0,0
0.2301445,-45.997517,-125.00001,0,0
-0.7698555,-45.997517,-125.00001,0,0
-1.7698555,-45.997517,-125.00001,0,0
-2.7698555,-45.997517,-125.00001,0,0
-3.7698555,-45.997517,-125.00001,0,0
-4.7698555,-45.997517,-125.00001,0,0
-5.7698555,-45.997517,-125.00001,0,0
-6.7698555,-45.997517,-125.00001,0,0
-7.7698555,-45.997517,-125.00001,0,0
-8.7698555,-45.997517,-125.00001,0,0
-9.7698555,-45.997517,-125.00001,0,0
-10.7698555,-45.997517,-125.00001,0,0
-11.7698555,-45.997517,-125.00001,0,0
-12.7698555,-45.997517,-125.00001,0,0
-13.7698555,-45.997517,-125.00001,0,0
-14.7698555,-45.997517,-125.00001,0,0
-15.7698555,-45.997517,-125.00001,0,0
-16.769855,-45.997517,-125.00001,0,0
-17.769855,-45.997517,-125.00001,0,0
-18.769855,-45.997517,-125.00001,0,0
-19.769855,-45.997517,-125.00001,0,0
-20.769855,-45.997517,-125.00001,0,0
-21.769855,-45.997517,-125.00001,0,0
-22.769855,-45.997517,-125.00001,0,0
-23.769855,-45.997517,-125.00001,0,0
-24.769855,-45.997517,-125.00001,0,0
-25.769855,-45.997517,-125.00001,0,0
-26.769855,-45.997517,-125.00001,0,0
-27.769855,-45.997517,-125.00001,0,0
-28.769855,-45.997517,-125.00001,0,0
-29.769855,-45.997517,-125.00001,0,0
-30.769855,-45.997517,-125.00001,0,0
-31.769855,-45.997517,-125.00001,0,0
-32.769855,-45.997517,-125.00001,0,0
-33.769855,-45.997517,-125.00001,0,0
-34.769855,-45.997517,-125.00001,0,0
-35.769855,-45.997517,-125.00001,0,0
-36.769855,-45.997517,-125.00001,0,0
-37.769855,-45.997517,-125.00001,0,0
-38.769855,-45.997517,-125.00001,0,0
-39.769855,-45.997517,-125.00001,0,0
-40.769855,-45.997517,-125.00001,0,0
-41.769855,-45.997517,-125.00001,0,0
-42.769855,-45.997517,-125.00001,0,0
-43.769855,-45.997517,-125.00001,0,0
-44.769855,-45.997517,-125.00001,0,0
-45.769855,-45.997517,-125.00001,0,0
-46.769855,-45.997517,-125.00001,0,0
-47.769855,-45.997517,-125.00001,0,0
-48.769855,-45.997517,-125.00001,0,0
-49.769855,-45.997517,-125.00001,0,0
49.230145,-46.997517,-125.00001,0,0
48.230145,-46.997517,-125.00001,0,0
47.230145,-46.997517,-125.00001,0,0
46.230145,-46.997517,-125.00001,0,0
45.230145,-46.997517,-125.00001,0,0
44.230145,-46.997517,-125.00001,0,0
43.230145,-46.997517,-125.00001,0,0
42.230145,-46.997517,-125.00001,0,0
41.230145,-46.997517,-125.00001,0,0
40.230145,-46.997517,-125.00001,0,0
39.230145,-46.997517,-125.00001,0,0
38.230145,-46.997517,-125.00001,0,0
37.230145,-46.997517,-125.00001,0,0
36.230145,-46.997517,-125.00001,0,0
35.230145,-46.997517,-125.00001,0,0
34.230145,-46.997517,-125.00001,0,0
33.230145,-46.997517,-125.00001,0,0
32.230145,-46.997517,-125.00001,0,0
31.230145,-46.997517,-125.00001,0,0
30.230145,-46.997517,-125.00001,0,0
29.230145,-46.997517,-125.00001,0,0
28.230145,-46.997517,-125.00001,0,0
27.230145,-46.997517,-125.00001,0,0
26.230145,-46.997517,-125.00001,0,0
25.230145,-46.997517,-125.00001,0,0
24.230145,-46.997517,-125.00001,0,0
23.230145,-46.997517,-125.00001,0,0
22.230145,-46.997517,-125.00001,0,0
21.230145,-46.997517,-125.00001,0,0
20.230145,-46.997517,-125.00001,0,0
19.230145,-46.997517,-125.00001,0,0
18.230145,-46.997517,-125.00001,0,0
17.230145,-46.997517,-125.00001,0,0
16.230145,-46.997517,-125.00001,0,0
15.2301445,-46.997517,-125.00001,0,0
14.2301445,-46.997517,-125.00001,0,0
13.2301445,-46.997517,-125.00001,0,0
12.2301445,-46.997517,-125.00001,0,0
11.2301445,-46.997517,-125.00001,0,0
10.2301445,-46.997517,-125.00001,0,0
9.2301445,-46.997517,-125.00001,0,0
8.2301445,-46.997517,-125.00001,0,0
7.2301445,-46.997517,-125.00001,0,0
6.2301445,-46.997517,-125.00001,0,0
5.2301445,-46.997517,-125.00001,0,0
4.2301445,-46.997517,-125.00001,0,0
3.2301445,-46.997517,-125.00001,0,0
2.2301445,-46.997517,-125.00001,0,0
1.2301445,-46.997517,-125.00001,0,0
0.2301445,-46.997517,-125.00001,0,0
-0.7698555,-46.997517,-125.00001,0,0
-1.7698555,-46.997517,-125.00001,0,0
-2.7698555,-46.997517,-125.00001,0,0
-3.7698555,-46.997517,-125.00001,0,0
-4.7698555,-46.997517,-125.00001,0,0
-5.7698555,-46.997517,-125.00001,0,0
-6.7698555,-46.997517,-125.00001,0,0
-7.7698555,-46.997517,-125.00001,0,0
-8.7698555,-46.997517,-125.00001,0,0
-9.7698555,-46.997517,-125.00001,0,0
-10.7698555,-46.997517,-125.00001,0,0
-11.7698555,-46.997517,-125.00001,0,0
-12.7698555,-46.997517,-125.00001,0,0
-13.7698555,-46.997517,-125.00001,0,0
-14.7698555,-46.997517,-125.00001,0,0
-15.7698555,-46.997517,-125.00001,0,0
-16.769855,-46.997517,-125.00001,0,0
-17.769855,-46.997517,-125.00001,0,0
-18.769855,-46.997517,-125.00001,0,0
-19.769855,-46.997517,-125.00001,0,0
-20.769855,-46.997517,-125.00001,0,0
-21.769855,-46.997517,-125.00001,0,0
-22.769855,-46.997517,-125.00001,0,0
-23.769855,-46.997517,-125.00001,0,0
-24.769855,-46.997517,-125.00001,0,0
-25.769855,-46.997517,-125.00001,0,0
-26.769855,-46.997517,-125.00001,0,0
-27.769855,-46.997517,-125.00001,0,0
-28.769855,-46.997517,-125.00001,0,0
-29.769855,-46.997517,-125.00001,0,0
-30.769855,-46.997517,-125.00001,0,0
-31.769855,-46.997517,-125.00001,0,0
-32.769855,-46.997517,-125.00001,0,0
-33.769855,-46.997517,-125.00001,0,0
-34.769855,-46.997517,-125.00001,0,0
-35.769855,-46.997517,-125.00001,0,0
-36.769855,-46.997517,-125.00001,0,0
-37.769855,-46.997517,-125.00001,0,0
-38.769855,-46.997517,-125.00001,0,0
-39.769855,-46.997517,-125.00001,0,0
-40.769855,-46.997517,-125.00001,0,0
-41.769855,-46.997517,-125.00001,0,0
-42.769855,-46.997517,-125.00001,0,0
-43.769855,-46.997517,-125.00001,0,0
-44.769855,-46.997517,-125.00001,0,0
-45.769855,-46.997517,-125.00001,0,0
-46.769855,-46.997517,-125.00001,0,0
-47.769855,-46.997517,-125.00001,0,0
-48.769855,-46.997517,-125.00001,0,0
-49.769855,-46.997517,-125.00001,0,0
