X-coordinate,Y-coordinate,Z-coordinate,Advanced,Counts
49.230145,52.002483,-100.000015,0,0
48.230145,52.002483,-100.000015,0,0
47.230145,52.002483,-100.000015,0,0
46.230145,52.002483,-100.000015,0,0
45.230145,52.002483,-100.000015,0,0
44.230145,52.002483,-100.000015,0,0
43.230145,52.002483,-100.000015,0,0
42.230145,52.002483,-100.000015,0,0
41.230145,52.002483,-100.000015,0,0
40.230145,52.002483,-100.000015,0,0
39.230145,52.002483,-100.000015,0,0
38.230145,52.002483,-100.000015,0,0
37.230145,52.002483,-100.000015,0,0
36.230145,52.002483,-100.000015,0,0
35.230145,52.002483,-100.000015,0,0
34.230145,52.002483,-100.000015,0,0
33.230145,52.002483,-100.000015,0,0
32.230145,52.002483,-100.000015,0,0
31.230145,52.002483,-100.000015,0,0
30.230145,52.002483,-100.000015,0,0
29.230145,52.002483,-100.000015,0,0
28.230145,52.002483,-100.000015,0,0
27.230145,52.002483,-100.000015,0,0
26.230145,52.002483,-100.000015,0,0
25.230145,52.002483,-100.000015,0,0
24.230145,52.002483,-100.000015,0,0
23.230145,52.002483,-100.000015,0,0
22.230145,52.002483,-100.000015,0,0
21.230145,52.002483,-100.000015,0,0
20.230145,52.002483,-100.000015,0,0
19.230145,52.002483,-100.000015,0,0
18.230145,52.002483,-100.000015,0,0
17.230145,52.002483,-100.000015,0,0
16.230145,52.002483,-100.000015,0,0
15.2301445,52.002483,-100.000015,0,0
14.2301445,52.002483,-100.000015,0,0
13.2301445,52.002483,-100.000015,0,0
12.2301445,52.002483,-100.000015,0,0
11.2301445,52.002483,-100.000015,0,0
10.2301445,52.002483,-100.000015,0,0
9.2301445,52.002483,-100.000015,0,0
8.2301445,52.002483,-100.000015,0,0
7.2301445,52.002483,-100.000015,0,0
6.2301445,52.002483,-100.000015,0,0
5.2301445,52.002483,-100.000015,0,0
4.2301445,52.002483,-100.000015,0,0
3.2301445,52.002483,-100.000015,0,0
2.2301445,52.002483,-100.000015,0,0
1.2301445,52.002483,-100.000015,0,0
0.2301445,52.002483,-100.000015,0,0
-0.7698555,52.002483,-100.000015,0,0
-1.7698555,52.002483,-100.000015,0,0
-2.7698555,52.002483,-100.000015,0,0
-3.7698555,52.002483,-100.000015,0,0
-4.7698555,52.002483,-100.000015,0,0
-5.7698555,52.002483,-100.000015,0,0
-6.7698555,52.002483,-100.000015,0,0
-7.7698555,52.002483,-100.000015,0,0
-8.7698555,52.002483,-100.000015,0,0
-9.7698555,52.002483,-100.000015,0,0
-10.7698555,52.002483,-100.000015,0,0
-11.7698555,52.002483,-100.000015,0,0
-12.7698555,52.002483,-100.000015,0,0
-13.7698555,52.002483,-100.000015,0,0
-14.7698555,52.002483,-100.000015,0,0
-15.7698555,52.002483,-100.000015,0,0
-16.769855,52.002483,-100.000015,0,0
-17.769855,52.002483,-100.000015,0,0
-18.769855,52.002483,-100.000015,0,0
-19.769855,52.002483,-100.000015,0,0
-20.769855,52.002483,-100.000015,0,0
-21.769855,52.002483,-100.000015,0,0
-22.769855,52.002483,-100.000015,0,0
-23.769855,52.002483,-100.000015,0,0
-24.769855,52.002483,-100.000015,0,0
-25.769855,52.002483,-100.000015,0,0
-26.769855,52.002483,-100.000015,0,0
-27.769855,52.002483,-100.000015,0,0
-28.769855,52.002483,-100.000015,0,0
-29.769855,52.002483,-100.000015,0,0
-30.769855,52.002483,-100.000015,0,0
-31.769855,52.002483,-100.000015,0,0
-32.769855,52.002483,-100.000015,0,0
-33.769855,52.002483,-100.000015,0,0
-34.769855,52.002483,-100.000015,0,0
-35.769855,52.002483,-100.000015,0,0
-36.769855,52.002483,-100.000015,0,0
-37.769855,52.002483,-100.000015,0,0
-38.769855,52.002483,-100.000015,0,0
-39.769855,52.002483,-100.000015,0,0
-40.769855,52.002483,-100.000015,0,0
-41.769855,52.002483,-100.000015,0,0
-42.769855,52.002483,-100.000015,0,0
-43.769855,52.002483,-100.000015,0,0
-44.769855,52.002483,-100.000015,0,0
-45.769855,52.002483,-100.000015,0,0
-46.769855,52.002483,-100.000015,0,0
-47.769855,52.002483,-100.000015,0,0
-48.769855,52.002483,-100.000015,0,0
-49.769855,52.002483,-100.000015,0,0
49.230145,51.002483,-100.000015,0,0
48.230145,51.002483,-100.000015,0,0
47.230145,51.002483,-100.000015,0,0
46.230145,51.002483,-100.000015,0,0
45.230145,51.002483,-100.000015,0,0
44.230145,51.002483,-100.000015,0,0
43.230145,51.002483,-100.000015,0,0
42.230145,51.002483,-100.000015,0,0
41.230145,51.002483,-100.000015,0,0
40.230145,51.002483,-100.000015,0,0
39.230145,51.002483,-100.000015,0,0
38.230145,51.002483,-100.000015,0,0
37.230145,51.002483,-100.000015,0,0
36.230145,51.002483,-100.000015,0,0
35.230145,51.002483,-100.000015,0,0
34.230145,51.002483,-100.000015,0,0
33.230145,51.002483,-100.000015,0,0
32.230145,51.002483,-100.000015,0,0
31.230145,51.002483,-100.000015,0,0
30.230145,51.002483,-100.000015,0,0
29.230145,51.002483,-100.000015,0,0
28.230145,51.002483,-100.000015,0,0
27.230145,51.002483,-100.000015,0,0
26.230145,51.002483,-100.000015,0,0
25.230145,51.002483,-100.000015,0,0
24.230145,51.002483,-100.000015,0,0
23.230145,51.002483,-100.000015,0,0
22.230145,51.002483,-100.000015,0,0
21.230145,51.002483,-100.000015,0,0
20.230145,51.002483,-100.000015,0,0
19.230145,51.002483,-100.000015,0,0
18.230145,51.002483,-100.000015,0,0
17.230145,51.002483,-100.000015,0,0
16.230145,51.002483,-100.000015,0,0
15.2301445,51.002483,-100.000015,0,0
14.2301445,51.002483,-100.000015,0,0
13.2301445,51.002483,-100.000015,0,0
12.2301445,51.002483,-100.000015,0,0
11.2301445,51.002483,-100.000015,0,0
10.2301445,51.002483,-100.000015,0,0
9.2301445,51.002483,-100.000015,0,0
8.2301445,51.002483,-100.000015,0,0
7.2301445,51.002483,-100.000015,0,0
6.2301445,51.002483,-100.000015,0,0
5.2301445,51.002483,-100.000015,0,0
4.2301445,51.002483,-100.000015,0,0
3.2301445,51.002483,-100.000015,0,0
2.2301445,51.002483,-100.000015,0,0
1.2301445,51.002483,-100.000015,0,0
0.2301445,51.002483,-100.000015,0,0
-0.7698555,51.002483,-100.000015,0,0
-1.7698555,51.002483,-100.000015,0,0
-2.7698555,51.002483,-100.000015,0,0
-3.7698555,51.002483,-100.000015,0,0
-4.7698555,51.002483,-100.000015,0,0
-5.7698555,51.002483,-100.000015,0,0
-6.7698555,51.002483,-100.000015,0,0
-7.7698555,51.002483,-100.000015,0,0
-8.7698555,51.002483,-100.000015,0,0
-9.7698555,51.002483,-100.000015,0,0
-10.7698555,51.002483,-100.000015,0,0
-11.7698555,51.002483,-100.000015,0,0
-12.7698555,51.002483,-100.000015,0,0
-13.7698555,51.002483,-100.000015,0,0
-14.7698555,51.002483,-100.000015,0,0
-15.7698555,51.002483,-100.000015,0,0
-16.769855,51.002483,-100.000015,0,0
-17.769855,51.002483,-100.000015,0,0
-18.769855,51.002483,-100.000015,0,0
-19.769855,51.002483,-100.000015,0,0
-20.769855,51.002483,-100.000015,0,0
-21.769855,51.002483,-100.000015,0,0
-22.769855,51.002483,-100.000015,0,0
-23.769855,51.002483,-100.000015,0,0
-24.769855,51.002483,-100.000015,0,0
-25.769855,51.002483,-100.000015,0,0
-26.769855,51.002483,-100.000015,0,0
-27.769855,51.002483,-100.000015,0,0
-28.769855,51.002483,-100.000015,0,0
-29.769855,51.002483,-100.000015,0,0
-30.769855,51.002483,-100.000015,0,0
-31.769855,51.002483,-100.000015,0,0
-32.769855,51.002483,-100.000015,0,0
-33.769855,51.002483,-100.000015,0,0
-34.769855,51.002483,-100.000015,0,0
-35.769855,51.002483,-100.000015,0,0
-36.769855,51.002483,-100.000015,0,0
-37.769855,51.002483,-100.000015,0,0
-38.769855,51.002483,-100.000015,0,0
-39.769855,51.002483,-100.000015,0,0
-40.769855,51.002483,-100.000015,0,0
-41.769855,51.002483,-100.000015,0,0
-42.769855,51.002483,-100.000015,0,0
-43.769855,51.002483,-100.000015,0,0
-44.769855,51.002483,-100.000015,0,0
-45.769855,51.002483,-100.000015,0,0
-46.769855,51.002483,-100.000015,0,0
-47.769855,51.002483,-100.000015,0,0
-48.769855,51.002483,-100.000015,0,0
-49.769855,51.002483,-100.000015,0,0
49.230145,50.002483,-100.000015,0,0
48.230145,50.002483,-100.000015,0,0
47.230145,50.002483,-100.000015,0,0
46.230145,50.002483,-100.000015,0,0
45.230145,50.002483,-100.000015,0,0
44.230145,50.002483,-100.000015,0,0
43.230145,50.002483,-100.000015,0,0
42.230145,50.002483,-100.000015,0,0
41.230145,50.002483,-100.000015,0,0
40.230145,50.002483,-100.000015,0,0
39.230145,50.002483,-100.000015,0,0
38.230145,50.002483,-100.000015,0,0
37.230145,50.002483,-100.000015,0,0
36.230145,50.002483,-100.000015,0,0
35.230145,50.002483,-100.000015,0,0
34.230145,50.002483,-100.000015,0,0
33.230145,50.002483,-100.000015,0,0
32.230145,50.002483,-100.000015,0,0
31.230145,50.002483,-100.000015,0,0
30.230145,50.002483,-100.000015,0,0
29.230145,50.002483,-100.000015,0,0
28.230145,50.002483,-100.000015,0,0
27.230145,50.002483,-100.000015,0,0
26.230145,50.002483,-100.000015,0,0
25.230145,50.002483,-100.000015,0,0
24.230145,50.002483,-100.000015,0,0
23.230145,50.002483,-100.000015,0,0
22.230145,50.002483,-100.000015,0,0
21.230145,50.002483,-100.000015,0,0
20.230145,50.002483,-100.000015,0,0
19.230145,50.002483,-100.000015,0,0
18.230145,50.002483,-100.000015,0,0
17.230145,50.002483,-100.000015,0,0
16.230145,50.002483,-100.000015,0,0
15.2301445,50.002483,-100.000015,0,0
14.2301445,50.002483,-100.000015,0,0
13.2301445,50.002483,-100.000015,0,0
12.2301445,50.002483,-100.000015,0,0
11.2301445,50.002483,-100.000015,0,0
10.2301445,50.002483,-100.000015,0,0
9.2301445,50.002483,-100.000015,0,0
8.2301445,50.002483,-100.000015,0,0
7.2301445,50.002483,-100.000015,0,0
6.2301445,50.002483,-100.000015,0,0
5.2301445,50.002483,-100.000015,0,0
4.2301445,50.002483,-100.000015,0,0
3.2301445,50.002483,-100.000015,0,0
2.2301445,50.002483,-100.000015,0,0
1.2301445,50.002483,-100.000015,0,0
0.2301445,50.002483,-100.000015,0,0
-0.7698555,50.002483,-100.000015,0,0
-1.7698555,50.002483,-100.000015,0,0
-2.7698555,50.002483,-100.000015,0,0
-3.7698555,50.002483,-100.000015,0,0
-4.7698555,50.002483,-100.000015,0,0
-5.7698555,50.002483,-100.000015,0,0
-6.7698555,50.002483,-100.000015,0,0
-7.7698555,50.002483,-100.000015,0,0
-8.7698555,50.002483,-100.000015,0,0
-9.7698555,50.002483,-100.000015,0,0
-10.7698555,50.002483,-100.000015,0,0
-11.7698555,50.002483,-100.000015,0,0
-12.7698555,50.002483,-100.000015,0,0
-13.7698555,50.002483,-100.000015,0,0
-14.7698555,50.002483,-100.000015,0,0
-15.7698555,50.002483,-100.000015,0,0
-16.769855,50.002483,-100.000015,0,0
-17.769855,50.002483,-100.000015,0,0
-18.769855,50.002483,-100.000015,0,0
-19.769855,50.002483,-100.000015,0,0
-20.769855,50.002483,-100.000015,0,0
-21.769855,50.002483,-100.000015,0,0
-22.769855,50.002483,-100.000015,0,0
-23.769855,50.002483,-100.000015,0,0
-24.769855,50.002483,-100.000015,0,0
-25.769855,50.002483,-100.000015,0,0
-26.769855,50.002483,-100.000015,0,0
-27.769855,50.002483,-100.000015,0,0
-28.769855,50.002483,-100.000015,0,0
-29.769855,50.002483,-100.000015,0,0
-30.769855,50.002483,-100.000015,0,0
-31.769855,50.002483,-100.000015,0,0
-32.769855,50.002483,-100.000015,0,0
-33.769855,50.002483,-100.000015,0,0
-34.769855,50.002483,-100.000015,0,0
-35.769855,50.002483,-100.000015,0,0
-36.769855,50.002483,-100.000015,0,0
-37.769855,50.002483,-100.000015,0,0
-38.769855,50.002483,-100.000015,0,0
-39.769855,50.002483,-100.000015,0,0
-40.769855,50.002483,-100.000015,0,0
-41.769855,50.002483,-100.000015,0,0
-42.769855,50.002483,-100.000015,0,0
-43.769855,50.002483,-100.000015,0,0
-44.769855,50.002483,-100.000015,0,0
-45.769855,50.002483,-100.000015,0,0
-46.769855,50.002483,-100.000015,0,0
-47.769855,50.002483,-100.000015,0,0
-48.769855,50.002483,-100.000015,0,0
-49.769855,50.002483,-100.000015,0,0
49.230145,49.002483,-100.000015,0,0
48.230145,49.002483,-100.000015,0,0
47.230145,49.002483,-100.000015,0,0
46.230145,49.002483,-100.000015,0,0
45.230145,49.002483,-100.000015,0,0
44.230145,49.002483,-100.000015,0,0
43.230145,49.002483,-100.000015,0,0
42.230145,49.002483,-100.000015,0,0
41.230145,49.002483,-100.000015,0,0
40.230145,49.002483,-100.000015,0,0
39.230145,49.002483,-100.000015,0,0
38.230145,49.002483,-100.000015,0,0
37.230145,49.002483,-100.000015,0,0
36.230145,49.002483,-100.000015,0,0
35.230145,49.002483,-100.000015,0,0
34.230145,49.002483,-100.000015,0,0
33.230145,49.002483,-100.000015,0,0
32.230145,49.002483,-100.000015,0,0
31.230145,49.002483,-100.000015,0,0
30.230145,49.002483,-100.000015,0,0
29.230145,49.002483,-100.000015,0,0
28.230145,49.002483,-100.000015,0,0
27.230145,49.002483,-100.000015,0,0
26.230145,49.002483,-100.000015,0,0
25.230145,49.002483,-100.000015,0,0
24.230145,49.002483,-100.000015,0,0
23.230145,49.002483,-100.000015,0,0
22.230145,49.002483,-100.000015,0,0
21.230145,49.002483,-100.000015,0,0
20.230145,49.002483,-100.000015,0,0
19.230145,49.002483,-100.000015,0,0
18.230145,49.002483,-100.000015,0,0
17.230145,49.002483,-100.000015,0,0
16.230145,49.002483,-100.000015,0,0
15.2301445,49.002483,-100.000015,0,0
14.2301445,49.002483,-100.000015,0,0
13.2301445,49.002483,-100.000015,0,0
12.2301445,49.002483,-100.000015,0,0
11.2301445,49.002483,-100.000015,0,0
10.2301445,49.002483,-100.000015,0,0
9.2301445,49.002483,-100.000015,0,0
8.2301445,49.002483,-100.000015,0,0
7.2301445,49.002483,-100.000015,0,0
6.2301445,49.002483,-100.000015,0,0
5.2301445,49.002483,-100.000015,0,0
4.2301445,49.002483,-100.000015,0,0
3.2301445,49.002483,-100.000015,0,0
2.2301445,49.002483,-100.000015,0,0
1.2301445,49.002483,-100.000015,0,0
0.2301445,49.002483,-100.000015,0,0
-0.7698555,49.002483,-100.000015,0,0
-1.7698555,49.002483,-100.000015,0,0
-2.7698555,49.002483,-100.000015,0,0
-3.7698555,49.002483,-100.000015,0,0
-4.7698555,49.002483,-100.000015,0,0
-5.7698555,49.002483,-100.000015,0,0
-6.7698555,49.002483,-100.000015,0,0
-7.7698555,49.002483,-100.000015,0,0
-8.7698555,49.002483,-100.000015,0,0
-9.7698555,49.002483,-100.000015,0,0
-10.7698555,49.002483,-100.000015,0,0
-11.7698555,49.002483,-100.000015,0,0
-12.7698555,49.002483,-100.000015,0,0
-13.7698555,49.002483,-100.000015,0,0
-14.7698555,49.002483,-100.000015,0,0
-15.7698555,49.002483,-100.000015,0,0
-16.769855,49.002483,-100.000015,0,0
-17.769855,49.002483,-100.000015,0,0
-18.769855,49.002483,-100.000015,0,0
-19.769855,49.002483,-100.000015,0,0
-20.769855,49.002483,-100.000015,0,0
-21.769855,49.002483,-100.000015,0,0
-22.769855,49.002483,-100.000015,0,0
-23.769855,49.002483,-100.000015,0,0
-24.769855,49.002483,-100.000015,0,0
-25.769855,49.002483,-100.000015,0,0
-26.769855,49.002483,-100.000015,0,0
-27.769855,49.002483,-100.000015,0,0
-28.769855,49.002483,-100.000015,0,0
-29.769855,49.002483,-100.000015,0,0
-30.769855,49.002483,-100.000015,0,0
-31.769855,49.002483,-100.000015,0,0
-32.769855,49.002483,-100.000015,0,0
-33.769855,49.002483,-100.000015,0,0
-34.769855,49.002483,-100.000015,0,0
-35.769855,49.002483,-100.000015,0,0
-36.769855,49.002483,-100.000015,0,0
-37.769855,49.002483,-100.000015,0,0
-38.769855,49.002483,-100.000015,0,0
-39.769855,49.002483,-100.000015,0,0
-40.769855,49.002483,-100.000015,0,0
-41.769855,49.002483,-100.000015,0,0
-42.769855,49.002483,-100.000015,0,0
-43.769855,49.002483,-100.000015,0,0
-44.769855,49.002483,-100.000015,0,0
-45.769855,49.002483,-100.000015,0,0
-46.769855,49.002483,-100.000015,0,0
-47.769855,49.002483,-100.000015,0,0
-48.769855,49.002483,-100.000015,0,0
-49.769855,49.002483,-100.000015,0,0
49.230145,48.002483,-100.000015,0,0
48.230145,48.002483,-100.000015,0,0
47.230145,48.002483,-100.000015,0,0
46.230145,48.002483,-100.000015,0,0
45.230145,48.002483,-100.000015,0,0
44.230145,48.002483,-100.000015,0,0
43.230145,48.002483,-100.000015,0,0
42.230145,48.002483,-100.000015,0,0
41.230145,48.002483,-100.000015,0,0
40.230145,48.002483,-100.000015,0,0
39.230145,48.002483,-100.000015,0,0
38.230145,48.002483,-100.000015,0,0
37.230145,48.002483,-100.000015,0,0
36.230145,48.002483,-100.000015,0,0
35.230145,48.002483,-100.000015,0,0
34.230145,48.002483,-100.000015,0,0
33.230145,48.002483,-100.000015,0,0
32.230145,48.002483,-100.000015,0,0
31.230145,48.002483,-100.000015,0,0
30.230145,48.002483,-100.000015,0,0
29.230145,48.002483,-100.000015,0,0
28.230145,48.002483,-100.000015,0,0
27.230145,48.002483,-100.000015,0,0
26.230145,48.002483,-100.000015,0,0
25.230145,48.002483,-100.000015,0,0
24.230145,48.002483,-100.000015,0,0
23.230145,48.002483,-100.000015,0,0
22.230145,48.002483,-100.000015,0,0
21.230145,48.002483,-100.000015,0,0
20.230145,48.002483,-100.000015,0,0
19.230145,48.002483,-100.000015,0,0
18.230145,48.002483,-100.000015,0,0
17.230145,48.002483,-100.000015,0,0
16.230145,48.002483,-100.000015,0,0
15.2301445,48.002483,-100.000015,0,0
14.2301445,48.002483,-100.000015,0,0
13.2301445,48.002483,-100.000015,0,0
12.2301445,48.002483,-100.000015,0,0
11.2301445,48.002483,-100.000015,0,0
10.2301445,48.002483,-100.000015,0,0
9.2301445,48.002483,-100.000015,0,0
8.2301445,48.002483,-100.000015,0,0
7.2301445,48.002483,-100.000015,0,0
6.2301445,48.002483,-100.000015,0,0
5.2301445,48.002483,-100.000015,0,0
4.2301445,48.002483,-100.000015,0,0
3.2301445,48.002483,-100.000015,0,0
2.2301445,48.002483,-100.000015,0,0
1.2301445,48.002483,-100.000015,0,0
0.2301445,48.002483,-100.000015,0,0
-0.7698555,48.002483,-100.000015,0,0
-1.7698555,48.002483,-100.000015,0,0
-2.7698555,48.002483,-100.000015,0,0
-3.7698555,48.002483,-100.000015,0,0
-4.7698555,48.002483,-100.000015,0,0
-5.7698555,48.002483,-100.000015,0,0
-6.7698555,48.002483,-100.000015,0,0
-7.7698555,48.002483,-100.000015,0,0
-8.7698555,48.002483,-100.000015,0,0
-9.7698555,48.002483,-100.000015,0,0
-10.7698555,48.002483,-100.000015,0,0
-11.7698555,48.002483,-100.000015,0,0
-12.7698555,48.002483,-100.000015,0,0
-13.7698555,48.002483,-100.000015,0,0
-14.7698555,48.002483,-100.000015,0,0
-15.7698555,48.002483,-100.000015,0,0
-16.769855,48.002483,-100.000015,0,0
-17.769855,48.002483,-100.000015,0,0
-18.769855,48.002483,-100.000015,0,0
-19.769855,48.002483,-100.000015,0,0
-20.769855,48.002483,-100.000015,0,0
-21.769855,48.002483,-100.000015,0,0
-22.769855,48.002483,-100.000015,0,0
-23.769855,48.002483,-100.000015,0,0
-24.769855,48.002483,-100.000015,0,0
-25.769855,48.002483,-100.000015,0,0
-26.769855,48.002483,-100.000015,0,0
-27.769855,48.002483,-100.000015,0,0
-28.769855,48.002483,-100.000015,0,0
-29.769855,48.002483,-100.000015,0,0
-30.769855,48.002483,-100.000015,0,0
-31.769855,48.002483,-100.000015,0,0
-32.769855,48.002483,-100.000015,0,0
-33.769855,48.002483,-100.000015,0,0
-34.769855,48.002483,-100.000015,0,0
-35.769855,48.002483,-100.000015,0,0
-36.769855,48.002483,-100.000015,0,0
-37.769855,48.002483,-100.000015,0,0
-38.769855,48.002483,-100.000015,0,0
-39.769855,48.002483,-100.000015,0,0
-40.769855,48.002483,-100.000015,0,0
-41.769855,48.002483,-100.000015,0,0
-42.769855,48.002483,-100.000015,0,0
-43.769855,48.002483,-100.000015,0,0
-44.769855,48.002483,-100.000015,0,0
-45.769855,48.002483,-100.000015,0,0
-46.769855,48.002483,-100.000015,0,0
-47.769855,48.002483,-100.000015,0,0
-48.769855,48.002483,-100.000015,0,0
-49.769855,48.002483,-100.000015,0,0
49.230145,47.002483,-100.000015,0,0
48.230145,47.002483,-100.000015,0,0
47.230145,47.002483,-100.000015,0,0
46.230145,47.002483,-100.000015,0,0
45.230145,47.002483,-100.000015,0,0
44.230145,47.002483,-100.000015,0,0
43.230145,47.002483,-100.000015,0,0
42.230145,47.002483,-100.000015,0,0
41.230145,47.002483,-100.000015,0,0
40.230145,47.002483,-100.000015,0,0
39.230145,47.002483,-100.000015,0,0
38.230145,47.002483,-100.000015,0,0
37.230145,47.002483,-100.000015,0,0
36.230145,47.002483,-100.000015,0,0
35.230145,47.002483,-100.000015,0,0
34.230145,47.002483,-100.000015,0,0
33.230145,47.002483,-100.000015,0,0
32.230145,47.002483,-100.000015,0,0
31.230145,47.002483,-100.000015,0,0
30.230145,47.002483,-100.000015,0,0
29.230145,47.002483,-100.000015,0,0
28.230145,47.002483,-100.000015,0,0
27.230145,47.002483,-100.000015,0,0
26.230145,47.002483,-100.000015,0,0
25.230145,47.002483,-100.000015,0,0
24.230145,47.002483,-100.000015,0,0
23.230145,47.002483,-100.000015,0,0
22.230145,47.002483,-100.000015,0,0
21.230145,47.002483,-100.000015,0,0
20.230145,47.002483,-100.000015,0,0
19.230145,47.002483,-100.000015,0,0
18.230145,47.002483,-100.000015,0,0
17.230145,47.002483,-100.000015,0,0
16.230145,47.002483,-100.000015,0,0
15.2301445,47.002483,-100.000015,0,0
14.2301445,47.002483,-100.000015,0,0
13.2301445,47.002483,-100.000015,0,0
12.2301445,47.002483,-100.000015,0,0
11.2301445,47.002483,-100.000015,0,0
10.2301445,47.002483,-100.000015,0,0
9.2301445,47.002483,-100.000015,0,0
8.2301445,47.002483,-100.000015,0,0
7.2301445,47.002483,-100.000015,0,0
6.2301445,47.002483,-100.000015,0,0
5.2301445,47.002483,-100.000015,0,0
4.2301445,47.002483,-100.000015,0,0
3.2301445,47.002483,-100.000015,0,0
2.2301445,47.002483,-100.000015,0,0
1.2301445,47.002483,-100.000015,0,0
0.2301445,47.002483,-100.000015,0,0
-0.7698555,47.002483,-100.000015,0,0
-1.7698555,47.002483,-100.000015,0,0
-2.7698555,47.002483,-100.000015,0,0
-3.7698555,47.002483,-100.000015,0,0
-4.7698555,47.002483,-100.000015,0,0
-5.7698555,47.002483,-100.000015,0,0
-6.7698555,47.002483,-100.000015,0,0
-7.7698555,47.002483,-100.000015,0,0
-8.7698555,47.002483,-100.000015,0,0
-9.7698555,47.002483,-100.000015,0,0
-10.7698555,47.002483,-100.000015,0,0
-11.7698555,47.002483,-100.000015,0,0
-12.7698555,47.002483,-100.000015,0,0
-13.7698555,47.002483,-100.000015,0,0
-14.7698555,47.002483,-100.000015,0,0
-15.7698555,47.002483,-100.000015,0,0
-16.769855,47.002483,-100.000015,0,0
-17.769855,47.002483,-100.000015,0,0
-18.769855,47.002483,-100.000015,0,0
-19.769855,47.002483,-100.000015,0,0
-20.769855,47.002483,-100.000015,0,0
-21.769855,47.002483,-100.000015,0,0
-22.769855,47.002483,-100.000015,0,0
-23.769855,47.002483,-100.000015,0,0
-24.769855,47.002483,-100.000015,0,0
-25.769855,47.002483,-100.000015,0,0
-26.769855,47.002483,-100.000015,0,0
-27.769855,47.002483,-100.000015,0,0
-28.769855,47.002483,-100.000015,0,0
-29.769855,47.002483,-100.000015,0,0
-30.769855,47.002483,-100.000015,0,0
-31.769855,47.002483,-100.000015,0,0
-32.769855,47.002483,-100.000015,0,0
-33.769855,47.002483,-100.000015,0,0
-34.769855,47.002483,-100.000015,0,0
-35.769855,47.002483,-100.000015,0,0
-36.769855,47.002483,-100.000015,0,0
-37.769855,47.002483,-100.000015,0,0
-38.769855,47.002483,-100.000015,0,0
-39.769855,47.002483,-100.000015,0,0
-40.769855,47.002483,-100.000015,0,0
-41.769855,47.002483,-100.000015,0,0
-42.769855,47.002483,-100.000015,0,0
-43.769855,47.002483,-100.000015,0,0
-44.769855,47.002483,-100.000015,0,0
-45.769855,47.002483,-100.000015,0,0
-46.769855,47.002483,-100.000015,0,0
-47.769855,47.002483,-100.000015,0,0
-48.769855,47.002483,-100.000015,0,0
-49.769855,47.002483,-100.000015,0,0
49.230145,46.002483,-100.000015,0,0
48.230145,46.002483,-100.000015,0,0
47.230145,46.002483,-100.000015,0,0
46.230145,46.002483,-100.000015,0,0
45.230145,46.002483,-100.000015,0,0
44.230145,46.002483,-100.000015,0,0
43.230145,46.002483,-100.000015,0,0
42.230145,46.002483,-100.000015,0,0
41.230145,46.002483,-100.000015,0,0
40.230145,46.002483,-100.000015,0,0
39.230145,46.002483,-100.000015,0,0
38.230145,46.002483,-100.000015,0,0
37.230145,46.002483,-100.000015,0,0
36.230145,46.002483,-100.000015,0,0
35.230145,46.002483,-100.000015,0,0
34.230145,46.002483,-100.000015,0,0
33.230145,46.002483,-100.000015,0,0
32.230145,46.002483,-100.000015,0,0
31.230145,46.002483,-100.000015,0,0
30.230145,46.002483,-100.000015,0,0
29.230145,46.002483,-100.000015,0,0
28.230145,46.002483,-100.000015,0,0
27.230145,46.002483,-100.000015,0,0
26.230145,46.002483,-100.000015,0,0
25.230145,46.002483,-100.000015,0,0
24.230145,46.002483,-100.000015,0,0
23.230145,46.002483,-100.000015,0,0
22.230145,46.002483,-100.000015,0,0
21.230145,46.002483,-100.000015,0,0
20.230145,46.002483,-100.000015,0,0
19.230145,46.002483,-100.000015,0,0
18.230145,46.002483,-100.000015,0,0
17.230145,46.002483,-100.000015,0,0
16.230145,46.002483,-100.000015,0,0
15.2301445,46.002483,-100.000015,0,0
14.2301445,46.002483,-100.000015,0,0
13.2301445,46.002483,-100.000015,0,0
12.2301445,46.002483,-100.000015,0,0
11.2301445,46.002483,-100.000015,0,0
10.2301445,46.002483,-100.000015,0,0
9.2301445,46.002483,-100.000015,0,0
8.2301445,46.002483,-100.000015,0,0
7.2301445,46.002483,-100.000015,0,0
6.2301445,46.002483,-100.000015,0,0
5.2301445,46.002483,-100.000015,0,0
4.2301445,46.002483,-100.000015,0,0
3.2301445,46.002483,-100.000015,0,0
2.2301445,46.002483,-100.000015,0,0
1.2301445,46.002483,-100.000015,0,0
0.2301445,46.002483,-100.000015,0,0
-0.7698555,46.002483,-100.000015,0,0
-1.7698555,46.002483,-100.000015,0,0
-2.7698555,46.002483,-100.000015,0,0
-3.7698555,46.002483,-100.000015,0,0
-4.7698555,46.002483,-100.000015,0,0
-5.7698555,46.002483,-100.000015,0,0
-6.7698555,46.002483,-100.000015,0,0
-7.7698555,46.002483,-100.000015,0,0
-8.7698555,46.002483,-100.000015,0,0
-9.7698555,46.002483,-100.000015,0,0
-10.7698555,46.002483,-100.000015,0,0
-11.7698555,46.002483,-100.000015,0,0
-12.7698555,46.002483,-100.000015,0,0
-13.7698555,46.002483,-100.000015,0,0
-14.7698555,46.002483,-100.000015,0,0
-15.7698555,46.002483,-100.000015,0,0
-16.769855,46.002483,-100.000015,0,0
-17.769855,46.002483,-100.000015,0,0
-18.769855,46.002483,-100.000015,0,0
-19.769855,46.002483,-100.000015,0,0
-20.769855,46.002483,-100.000015,0,0
-21.769855,46.002483,-100.000015,0,0
-22.769855,46.002483,-100.000015,0,0
-23.769855,46.002483,-100.000015,0,0
-24.769855,46.002483,-100.000015,0,0
-25.769855,46.002483,-100.000015,0,0
-26.769855,46.002483,-100.000015,0,0
-27.769855,46.002483,-100.000015,0,0
-28.769855,46.002483,-100.000015,0,0
-29.769855,46.002483,-100.000015,0,0
-30.769855,46.002483,-100.000015,0,0
-31.769855,46.002483,-100.000015,0,0
-32.769855,46.002483,-100.000015,0,0
-33.769855,46.002483,-100.000015,0,0
-34.769855,46.002483,-100.000015,0,0
-35.769855,46.002483,-100.000015,0,0
-36.769855,46.002483,-100.000015,0,0
-37.769855,46.002483,-100.000015,0,0
-38.769855,46.002483,-100.000015,0,0
-39.769855,46.002483,-100.000015,0,0
-40.769855,46.002483,-100.000015,0,0
-41.769855,46.002483,-100.000015,0,0
-42.769855,46.002483,-100.000015,0,0
-43.769855,46.002483,-100.000015,0,0
-44.769855,46.002483,-100.000015,0,0
-45.769855,46.002483,-100.000015,0,0
-46.769855,46.002483,-100.000015,0,0
-47.769855,46.002483,-100.000015,0,0
-48.769855,46.002483,-100.000015,0,0
-49.769855,46.002483,-100.000015,0,0
49.230145,45.002483,-100.000015,0,0
48.230145,45.002483,-100.000015,0,0
47.230145,45.002483,-100.000015,0,0
46.230145,45.002483,-100.000015,0,0
45.230145,45.002483,-100.000015,0,0
44.230145,45.002483,-100.000015,0,0
43.230145,45.002483,-100.000015,0,0
42.230145,45.002483,-100.000015,0,0
41.230145,45.002483,-100.000015,0,0
40.230145,45.002483,-100.000015,0,0
39.230145,45.002483,-100.000015,0,0
38.230145,45.002483,-100.000015,0,0
37.230145,45.002483,-100.000015,0,0
36.230145,45.002483,-100.000015,0,0
35.230145,45.002483,-100.000015,0,0
34.230145,45.002483,-100.000015,0,0
33.230145,45.002483,-100.000015,0,0
32.230145,45.002483,-100.000015,0,0
31.230145,45.002483,-100.000015,0,0
30.230145,45.002483,-100.000015,0,0
29.230145,45.002483,-100.000015,0,0
28.230145,45.002483,-100.000015,0,0
27.230145,45.002483,-100.000015,0,0
26.230145,45.002483,-100.000015,0,0
25.230145,45.002483,-100.000015,0,0
24.230145,45.002483,-100.000015,0,0
23.230145,45.002483,-100.000015,0,0
22.230145,45.002483,-100.000015,0,0
21.230145,45.002483,-100.000015,0,0
20.230145,45.002483,-100.000015,0,0
19.230145,45.002483,-100.000015,0,0
18.230145,45.002483,-100.000015,0,0
17.230145,45.002483,-100.000015,0,0
16.230145,45.002483,-100.000015,0,0
15.2301445,45.002483,-100.000015,0,0
14.2301445,45.002483,-100.000015,0,0
13.2301445,45.002483,-100.000015,0,0
12.2301445,45.002483,-100.000015,0,0
11.2301445,45.002483,-100.000015,0,0
10.2301445,45.002483,-100.000015,0,0
9.2301445,45.002483,-100.000015,0,0
8.2301445,45.002483,-100.000015,0,0
7.2301445,45.002483,-100.000015,0,0
6.2301445,45.002483,-100.000015,0,0
5.2301445,45.002483,-100.000015,0,0
4.2301445,45.002483,-100.000015,0,0
3.2301445,45.002483,-100.000015,0,0
2.2301445,45.002483,-100.000015,0,0
1.2301445,45.002483,-100.000015,0,0
0.2301445,45.002483,-100.000015,0,0
-0.7698555,45.002483,-100.000015,0,0
-1.7698555,45.002483,-100.000015,0,0
-2.7698555,45.002483,-100.000015,0,0
-3.7698555,45.002483,-100.000015,0,0
-4.7698555,45.002483,-100.000015,0,0
-5.7698555,45.002483,-100.000015,0,0
-6.7698555,45.002483,-100.000015,0,0
-7.7698555,45.002483,-100.000015,0,0
-8.7698555,45.002483,-100.000015,0,0
-9.7698555,45.002483,-100.000015,0,0
-10.7698555,45.002483,-100.000015,0,0
-11.7698555,45.002483,-100.000015,0,0
-12.7698555,45.002483,-100.000015,0,0
-13.7698555,45.002483,-100.000015,0,0
-14.7698555,45.002483,-100.000015,0,0
-15.7698555,45.002483,-100.000015,0,0
-16.769855,45.002483,-100.000015,0,0
-17.769855,45.002483,-100.000015,0,0
-18.769855,45.002483,-100.000015,0,0
-19.769855,45.002483,-100.000015,0,0
-20.769855,45.002483,-100.000015,0,0
-21.769855,45.002483,-100.000015,0,0
-22.769855,45.002483,-100.000015,0,0
-23.769855,45.002483,-100.000015,0,0
-24.769855,45.002483,-100.000015,0,0
-25.769855,45.002483,-100.000015,0,0
-26.769855,45.002483,-100.000015,0,0
-27.769855,45.002483,-100.000015,0,0
-28.769855,45.002483,-100.000015,0,0
-29.769855,45.002483,-100.000015,0,0
-30.769855,45.002483,-100.000015,0,0
-31.769855,45.002483,-100.000015,0,0
-32.769855,45.002483,-100.000015,0,0
-33.769855,45.002483,-100.000015,0,0
-34.769855,45.002483,-100.000015,0,0
-35.769855,45.002483,-100.000015,0,0
-36.769855,45.002483,-100.000015,0,0
-37.769855,45.002483,-100.000015,0,0
-38.769855,45.002483,-100.000015,0,0
-39.769855,45.002483,-100.000015,0,0
-40.769855,45.002483,-100.000015,0,0
-41.769855,45.002483,-100.000015,0,0
-42.769855,45.002483,-100.000015,0,0
-43.769855,45.002483,-100.000015,0,0
-44.769855,45.002483,-100.000015,0,0
-45.769855,45.002483,-100.000015,0,0
-46.769855,45.002483,-100.000015,0,0
-47.769855,45.002483,-100.000015,0,0
-48.769855,45.002483,-100.000015,0,0
-49.769855,45.002483,-100.000015,0,0
49.230145,44.002483,-100.000015,0,0
48.230145,44.002483,-100.000015,0,0
47.230145,44.002483,-100.000015,0,0
46.230145,44.002483,-100.000015,0,0
45.230145,44.002483,-100.000015,0,0
44.230145,44.002483,-100.000015,0,0
43.230145,44.002483,-100.000015,0,0
42.230145,44.002483,-100.000015,0,0
41.230145,44.002483,-100.000015,0,0
40.230145,44.002483,-100.000015,0,0
39.230145,44.002483,-100.000015,0,0
38.230145,44.002483,-100.000015,0,0
37.230145,44.002483,-100.000015,0,0
36.230145,44.002483,-100.000015,0,0
35.230145,44.002483,-100.000015,0,0
34.230145,44.002483,-100.000015,0,0
33.230145,44.002483,-100.000015,0,0
32.230145,44.002483,-100.000015,0,0
31.230145,44.002483,-100.000015,0,0
30.230145,44.002483,-100.000015,0,0
29.230145,44.002483,-100.000015,0,0
28.230145,44.002483,-100.000015,0,0
27.230145,44.002483,-100.000015,0,0
26.230145,44.002483,-100.000015,0,0
25.230145,44.002483,-100.000015,0,0
24.230145,44.002483,-100.000015,0,0
23.230145,44.002483,-100.000015,0,0
22.230145,44.002483,-100.000015,0,0
21.230145,44.002483,-100.000015,0,0
20.230145,44.002483,-100.000015,0,0
19.230145,44.002483,-100.000015,0,0
18.230145,44.002483,-100.000015,0,0
17.230145,44.002483,-100.000015,0,0
16.230145,44.002483,-100.000015,0,0
15.2301445,44.002483,-100.000015,0,0
14.2301445,44.002483,-100.000015,0,0
13.2301445,44.002483,-100.000015,0,0
12.2301445,44.002483,-100.000015,0,0
11.2301445,44.002483,-100.000015,0,0
10.2301445,44.002483,-100.000015,0,0
9.2301445,44.002483,-100.000015,0,0
8.2301445,44.002483,-100.000015,0,0
7.2301445,44.002483,-100.000015,0,0
6.2301445,44.002483,-100.000015,0,0
5.2301445,44.002483,-100.000015,0,0
4.2301445,44.002483,-100.000015,0,0
3.2301445,44.002483,-100.000015,0,0
2.2301445,44.002483,-100.000015,0,0
1.2301445,44.002483,-100.000015,0,0
0.2301445,44.002483,-100.000015,0,0
-0.7698555,44.002483,-100.000015,0,0
-1.7698555,44.002483,-100.000015,0,0
-2.7698555,44.002483,-100.000015,0,0
-3.7698555,44.002483,-100.000015,0,0
-4.7698555,44.002483,-100.000015,0,0
-5.7698555,44.002483,-100.000015,0,0
-6.7698555,44.002483,-100.000015,0,0
-7.7698555,44.002483,-100.000015,0,0
-8.7698555,44.002483,-100.000015,0,0
-9.7698555,44.002483,-100.000015,0,0
-10.7698555,44.002483,-100.000015,0,0
-11.7698555,44.002483,-100.000015,0,0
-12.7698555,44.002483,-100.000015,0,0
-13.7698555,44.002483,-100.000015,0,0
-14.7698555,44.002483,-100.000015,0,0
-15.7698555,44.002483,-100.000015,0,0
-16.769855,44.002483,-100.000015,0,0
-17.769855,44.002483,-100.000015,0,0
-18.769855,44.002483,-100.000015,0,0
-19.769855,44.002483,-100.000015,0,0
-20.769855,44.002483,-100.000015,0,0
-21.769855,44.002483,-100.000015,0,0
-22.769855,44.002483,-100.000015,0,0
-23.769855,44.002483,-100.000015,0,0
-24.769855,44.002483,-100.000015,0,0
-25.769855,44.002483,-100.000015,0,0
-26.769855,44.002483,-100.000015,0,0
-27.769855,44.002483,-100.000015,0,0
-28.769855,44.002483,-100.000015,0,0
-29.769855,44.002483,-100.000015,0,0
-30.769855,44.002483,-100.000015,0,0
-31.769855,44.002483,-100.000015,0,0
-32.769855,44.002483,-100.000015,0,0
-33.769855,44.002483,-100.000015,0,0
-34.769855,44.002483,-100.000015,0,0
-35.769855,44.002483,-100.000015,0,0
-36.769855,44.002483,-100.000015,0,0
-37.769855,44.002483,-100.000015,0,0
-38.769855,44.002483,-100.000015,0,0
-39.769855,44.002483,-100.000015,0,0
-40.769855,44.002483,-100.000015,0,0
-41.769855,44.002483,-100.000015,0,0
-42.769855,44.002483,-100.000015,0,0
-43.769855,44.002483,-100.000015,0,0
-44.769855,44.002483,-100.000015,0,0
-45.769855,44.002483,-100.000015,0,0
-46.769855,44.002483,-100.000015,0,0
-47.769855,44.002483,-100.000015,0,0
-48.769855,44.002483,-100.000015,0,0
-49.769855,44.002483,-100.000015,0,0
49.230145,43.002483,-100.000015,0,0
48.230145,43.002483,-100.000015,0,0
47.230145,43.002483,-100.000015,0,0
46.230145,43.002483,-100.000015,0,0
45.230145,43.002483,-100.000015,0,0
44.230145,43.002483,-100.000015,0,0
43.230145,43.002483,-100.000015,0,0
42.230145,43.002483,-100.000015,0,0
41.230145,43.002483,-100.000015,0,0
40.230145,43.002483,-100.000015,0,0
39.230145,43.002483,-100.000015,0,0
38.230145,43.002483,-100.000015,0,0
37.230145,43.002483,-100.000015,0,0
36.230145,43.002483,-100.000015,0,0
35.230145,43.002483,-100.000015,0,0
34.230145,43.002483,-100.000015,0,0
33.230145,43.002483,-100.000015,0,0
32.230145,43.002483,-100.000015,0,0
31.230145,43.002483,-100.000015,0,0
30.230145,43.002483,-100.000015,0,0
29.230145,43.002483,-100.000015,0,0
28.230145,43.002483,-100.000015,0,0
27.230145,43.002483,-100.000015,0,0
26.230145,43.002483,-100.000015,0,0
25.230145,43.002483,-100.000015,0,0
24.230145,43.002483,-100.000015,0,0
23.230145,43.002483,-100.000015,0,0
22.230145,43.002483,-100.000015,0,0
21.230145,43.002483,-100.000015,0,0
20.230145,43.002483,-100.000015,0,0
19.230145,43.002483,-100.000015,0,0
18.230145,43.002483,-100.000015,0,0
17.230145,43.002483,-100.000015,0,0
16.230145,43.002483,-100.000015,0,0
15.2301445,43.002483,-100.000015,0,0
14.2301445,43.002483,-100.000015,0,0
13.2301445,43.002483,-100.000015,0,0
12.2301445,43.002483,-100.000015,0,0
11.2301445,43.002483,-100.000015,0,0
10.2301445,43.002483,-100.000015,0,0
9.2301445,43.002483,-100.000015,0,0
8.2301445,43.002483,-100.000015,0,0
7.2301445,43.002483,-100.000015,0,0
6.2301445,43.002483,-100.000015,0,0
5.2301445,43.002483,-100.000015,0,0
4.2301445,43.002483,-100.000015,0,0
3.2301445,43.002483,-100.000015,0,0
2.2301445,43.002483,-100.000015,0,0
1.2301445,43.002483,-100.000015,0,0
0.2301445,43.002483,-100.000015,0,0
-0.7698555,43.002483,-100.000015,0,0
-1.7698555,43.002483,-100.000015,0,0
-2.7698555,43.002483,-100.000015,0,0
-3.7698555,43.002483,-100.000015,0,0
-4.7698555,43.002483,-100.000015,0,0
-5.7698555,43.002483,-100.000015,0,0
-6.7698555,43.002483,-100.000015,0,0
-7.7698555,43.002483,-100.000015,0,0
-8.7698555,43.002483,-100.000015,0,0
-9.7698555,43.002483,-100.000015,0,0
-10.7698555,43.002483,-100.000015,0,0
-11.7698555,43.002483,-100.000015,0,0
-12.7698555,43.002483,-100.000015,0,0
-13.7698555,43.002483,-100.000015,0,0
-14.7698555,43.002483,-100.000015,0,0
-15.7698555,43.002483,-100.000015,0,0
-16.769855,43.002483,-100.000015,0,0
-17.769855,43.002483,-100.000015,0,0
-18.769855,43.002483,-100.000015,0,0
-19.769855,43.002483,-100.000015,0,0
-20.769855,43.002483,-100.000015,0,0
-21.769855,43.002483,-100.000015,0,0
-22.769855,43.002483,-100.000015,0,0
-23.769855,43.002483,-100.000015,0,0
-24.769855,43.002483,-100.000015,0,0
-25.769855,43.002483,-100.000015,0,0
-26.769855,43.002483,-100.000015,0,0
-27.769855,43.002483,-100.000015,0,0
-28.769855,43.002483,-100.000015,0,0
-29.769855,43.002483,-100.000015,0,0
-30.769855,43.002483,-100.000015,0,0
-31.769855,43.002483,-100.000015,0,0
-32.769855,43.002483,-100.000015,0,0
-33.769855,43.002483,-100.000015,0,0
-34.769855,43.002483,-100.000015,0,0
-35.769855,43.002483,-100.000015,0,0
-36.769855,43.002483,-100.000015,0,0
-37.769855,43.002483,-100.000015,0,0
-38.769855,43.002483,-100.000015,0,0
-39.769855,43.002483,-100.000015,0,0
-40.769855,43.002483,-100.000015,0,0
-41.769855,43.002483,-100.000015,0,0
-42.769855,43.002483,-100.000015,0,0
-43.769855,43.002483,-100.000015,0,0
-44.769855,43.002483,-100.000015,0,0
-45.769855,43.002483,-100.000015,0,0
-46.769855,43.002483,-100.000015,0,0
-47.769855,43.002483,-100.000015,0,0
-48.769855,43.002483,-100.000015,0,0
-49.769855,43.002483,-100.000015,0,0
49.230145,42.002483,-100.000015,0,0
48.230145,42.002483,-100.000015,0,0
47.230145,42.002483,-100.000015,0,0
46.230145,42.002483,-100.000015,0,0
45.230145,42.002483,-100.000015,0,0
44.230145,42.002483,-100.000015,0,0
43.230145,42.002483,-100.000015,0,0
42.230145,42.002483,-100.000015,0,0
41.230145,42.002483,-100.000015,0,0
40.230145,42.002483,-100.000015,0,0
39.230145,42.002483,-100.000015,0,0
38.230145,42.002483,-100.000015,0,0
37.230145,42.002483,-100.000015,0,0
36.230145,42.002483,-100.000015,0,0
35.230145,42.002483,-100.000015,0,0
34.230145,42.002483,-100.000015,0,0
33.230145,42.002483,-100.000015,0,0
32.230145,42.002483,-100.000015,0,0
31.230145,42.002483,-100.000015,0,0
30.230145,42.002483,-100.000015,0,0
29.230145,42.002483,-100.000015,0,0
28.230145,42.002483,-100.000015,0,0
27.230145,42.002483,-100.000015,0,0
26.230145,42.002483,-100.000015,0,0
25.230145,42.002483,-100.000015,0,0
24.230145,42.002483,-100.000015,0,0
23.230145,42.002483,-100.000015,0,0
22.230145,42.002483,-100.000015,0,0
21.230145,42.002483,-100.000015,0,0
20.230145,42.002483,-100.000015,0,0
19.230145,42.002483,-100.000015,0,0
18.230145,42.002483,-100.000015,0,0
17.230145,42.002483,-100.000015,0,0
16.230145,42.002483,-100.000015,0,0
15.2301445,42.002483,-100.000015,0,0
14.2301445,42.002483,-100.000015,0,0
13.2301445,42.002483,-100.000015,0,0
12.2301445,42.002483,-100.000015,0,0
11.2301445,42.002483,-100.000015,0,0
10.2301445,42.002483,-100.000015,0,0
9.2301445,42.002483,-100.000015,0,0
8.2301445,42.002483,-100.000015,0,0
7.2301445,42.002483,-100.000015,0,0
6.2301445,42.002483,-100.000015,0,0
5.2301445,42.002483,-100.000015,0,0
4.2301445,42.002483,-100.000015,0,0
3.2301445,42.002483,-100.000015,0,0
2.2301445,42.002483,-100.000015,0,0
1.2301445,42.002483,-100.000015,0,0
0.2301445,42.002483,-100.000015,0,0
-0.7698555,42.002483,-100.000015,0,0
-1.7698555,42.002483,-100.000015,0,0
-2.7698555,42.002483,-100.000015,0,0
-3.7698555,42.002483,-100.000015,0,0
-4.7698555,42.002483,-100.000015,0,0
-5.7698555,42.002483,-100.000015,0,0
-6.7698555,42.002483,-100.000015,0,0
-7.7698555,42.002483,-100.000015,0,0
-8.7698555,42.002483,-100.000015,0,0
-9.7698555,42.002483,-100.000015,0,0
-10.7698555,42.002483,-100.000015,0,0
-11.7698555,42.002483,-100.000015,0,0
-12.7698555,42.002483,-100.000015,0,0
-13.7698555,42.002483,-100.000015,0,0
-14.7698555,42.002483,-100.000015,0,0
-15.7698555,42.002483,-100.000015,0,0
-16.769855,42.002483,-100.000015,0,0
-17.769855,42.002483,-100.000015,0,0
-18.769855,42.002483,-100.000015,0,0
-19.769855,42.002483,-100.000015,0,0
-20.769855,42.002483,-100.000015,0,0
-21.769855,42.002483,-100.000015,0,0
-22.769855,42.002483,-100.000015,0,0
-23.769855,42.002483,-100.000015,0,0
-24.769855,42.002483,-100.000015,0,0
-25.769855,42.002483,-100.000015,0,0
-26.769855,42.002483,-100.000015,0,0
-27.769855,42.002483,-100.000015,0,0
-28.769855,42.002483,-100.000015,0,0
-29.769855,42.002483,-100.000015,0,0
-30.769855,42.002483,-100.000015,0,0
-31.769855,42.002483,-100.000015,0,0
-32.769855,42.002483,-100.000015,0,0
-33.769855,42.002483,-100.000015,0,0
-34.769855,42.002483,-100.000015,0,0
-35.769855,42.002483,-100.000015,0,0
-36.769855,42.002483,-100.000015,0,0
-37.769855,42.002483,-100.000015,0,0
-38.769855,42.002483,-100.000015,0,0
-39.769855,42.002483,-100.000015,0,0
-40.769855,42.002483,-100.000015,0,0
-41.769855,42.002483,-100.000015,0,0
-42.769855,42.002483,-100.000015,0,0
-43.769855,42.002483,-100.000015,0,0
-44.769855,42.002483,-100.000015,0,0
-45.769855,42.002483,-100.000015,0,0
-46.769855,42.002483,-100.000015,0,0
-47.769855,42.002483,-100.000015,0,0
-48.769855,42.002483,-100.000015,0,0
-49.769855,42.002483,-100.000015,0,0
49.230145,41.002483,-100.000015,0,0
48.230145,41.002483,-100.000015,0,0
47.230145,41.002483,-100.000015,0,0
46.230145,41.002483,-100.000015,0,0
45.230145,41.002483,-100.000015,0,0
44.230145,41.002483,-100.000015,0,0
43.230145,41.002483,-100.000015,0,0
42.230145,41.002483,-100.000015,0,0
41.230145,41.002483,-100.000015,0,0
40.230145,41.002483,-100.000015,0,0
39.230145,41.002483,-100.000015,0,0
38.230145,41.002483,-100.000015,0,0
37.230145,41.002483,-100.000015,0,0
36.230145,41.002483,-100.000015,0,0
35.230145,41.002483,-100.000015,0,0
34.230145,41.002483,-100.000015,0,0
33.230145,41.002483,-100.000015,0,0
32.230145,41.002483,-100.000015,0,0
31.230145,41.002483,-100.000015,0,0
30.230145,41.002483,-100.000015,0,0
29.230145,41.002483,-100.000015,0,0
28.230145,41.002483,-100.000015,0,0
27.230145,41.002483,-100.000015,0,0
26.230145,41.002483,-100.000015,0,0
25.230145,41.002483,-100.000015,0,0
24.230145,41.002483,-100.000015,0,0
23.230145,41.002483,-100.000015,0,0
22.230145,41.002483,-100.000015,0,0
21.230145,41.002483,-100.000015,0,0
20.230145,41.002483,-100.000015,0,0
19.230145,41.002483,-100.000015,0,0
18.230145,41.002483,-100.000015,0,0
17.230145,41.002483,-100.000015,0,0
16.230145,41.002483,-100.000015,0,0
15.2301445,41.002483,-100.000015,0,0
14.2301445,41.002483,-100.000015,0,0
13.2301445,41.002483,-100.000015,0,0
12.2301445,41.002483,-100.000015,0,0
11.2301445,41.002483,-100.000015,0,0
10.2301445,41.002483,-100.000015,0,0
9.2301445,41.002483,-100.000015,0,0
8.2301445,41.002483,-100.000015,0,0
7.2301445,41.002483,-100.000015,0,0
6.2301445,41.002483,-100.000015,0,0
5.2301445,41.002483,-100.000015,0,0
4.2301445,41.002483,-100.000015,0,0
3.2301445,41.002483,-100.000015,0,0
2.2301445,41.002483,-100.000015,0,0
1.2301445,41.002483,-100.000015,0,0
0.2301445,41.002483,-100.000015,0,0
-0.7698555,41.002483,-100.000015,0,0
-1.7698555,41.002483,-100.000015,0,0
-2.7698555,41.002483,-100.000015,0,0
-3.7698555,41.002483,-100.000015,0,0
-4.7698555,41.002483,-100.000015,0,0
-5.7698555,41.002483,-100.000015,0,0
-6.7698555,41.002483,-100.000015,0,0
-7.7698555,41.002483,-100.000015,0,0
-8.7698555,41.002483,-100.000015,0,0
-9.7698555,41.002483,-100.000015,0,0
-10.7698555,41.002483,-100.000015,0,0
-11.7698555,41.002483,-100.000015,0,0
-12.7698555,41.002483,-100.000015,0,0
-13.7698555,41.002483,-100.000015,0,0
-14.7698555,41.002483,-100.000015,0,0
-15.7698555,41.002483,-100.000015,0,0
-16.769855,41.002483,-100.000015,0,0
-17.769855,41.002483,-100.000015,0,0
-18.769855,41.002483,-100.000015,0,0
-19.769855,41.002483,-100.000015,0,0
-20.769855,41.002483,-100.000015,0,0
-21.769855,41.002483,-100.000015,0,0
-22.769855,41.002483,-100.000015,0,0
-23.769855,41.002483,-100.000015,0,0
-24.769855,41.002483,-100.000015,0,0
-25.769855,41.002483,-100.000015,0,0
-26.769855,41.002483,-100.000015,0,0
-27.769855,41.002483,-100.000015,0,0
-28.769855,41.002483,-100.000015,0,0
-29.769855,41.002483,-100.000015,0,0
-30.769855,41.002483,-100.000015,0,0
-31.769855,41.002483,-100.000015,0,0
-32.769855,41.002483,-100.000015,0,0
-33.769855,41.002483,-100.000015,0,0
-34.769855,41.002483,-100.000015,0,0
-35.769855,41.002483,-100.000015,0,0
-36.769855,41.002483,-100.000015,0,0
-37.769855,41.002483,-100.000015,0,0
-38.769855,41.002483,-100.000015,0,0
-39.769855,41.002483,-100.000015,0,0
-40.769855,41.002483,-100.000015,0,0
-41.769855,41.002483,-100.000015,0,0
-42.769855,41.002483,-100.000015,0,0
-43.769855,41.002483,-100.000015,0,0
-44.769855,41.002483,-100.000015,0,0
-45.769855,41.002483,-100.000015,0,0
-46.769855,41.002483,-100.000015,0,0
-47.769855,41.002483,-100.000015,0,0
-48.769855,41.002483,-100.000015,0,0
-49.769855,41.002483,-100.000015,0,0
49.230145,40.002483,-100.000015,0,0
48.230145,40.002483,-100.000015,0,0
47.230145,40.002483,-100.000015,0,0
46.230145,40.002483,-100.000015,0,0
45.230145,40.002483,-100.000015,0,0
44.230145,40.002483,-100.000015,0,0
43.230145,40.002483,-100.000015,0,0
42.230145,40.002483,-100.000015,0,0
41.230145,40.002483,-100.000015,0,0
40.230145,40.002483,-100.000015,0,0
39.230145,40.002483,-100.000015,0,0
38.230145,40.002483,-100.000015,0,0
37.230145,40.002483,-100.000015,0,0
36.230145,40.002483,-100.000015,0,0
35.230145,40.002483,-100.000015,0,0
34.230145,40.002483,-100.000015,0,0
33.230145,40.002483,-100.000015,0,0
32.230145,40.002483,-100.000015,0,0
31.230145,40.002483,-100.000015,0,0
30.230145,40.002483,-100.000015,0,0
29.230145,40.002483,-100.000015,0,0
28.230145,40.002483,-100.000015,0,0
27.230145,40.002483,-100.000015,0,0
26.230145,40.002483,-100.000015,0,0
25.230145,40.002483,-100.000015,0,0
24.230145,40.002483,-100.000015,0,0
23.230145,40.002483,-100.000015,0,0
22.230145,40.002483,-100.000015,0,0
21.230145,40.002483,-100.000015,0,0
20.230145,40.002483,-100.000015,0,0
19.230145,40.002483,-100.000015,0,0
18.230145,40.002483,-100.000015,0,0
17.230145,40.002483,-100.000015,0,0
16.230145,40.002483,-100.000015,0,0
15.2301445,40.002483,-100.000015,0,0
14.2301445,40.002483,-100.000015,0,0
13.2301445,40.002483,-100.000015,0,0
12.2301445,40.002483,-100.000015,0,0
11.2301445,40.002483,-100.000015,0,0
10.2301445,40.002483,-100.000015,0,0
9.2301445,40.002483,-100.000015,0,0
8.2301445,40.002483,-100.000015,0,0
7.2301445,40.002483,-100.000015,0,0
6.2301445,40.002483,-100.000015,0,0
5.2301445,40.002483,-100.000015,0,0
4.2301445,40.002483,-100.000015,0,0
3.2301445,40.002483,-100.000015,0,0
2.2301445,40.002483,-100.000015,0,0
1.2301445,40.002483,-100.000015,0,0
0.2301445,40.002483,-100.000015,0,0
-0.7698555,40.002483,-100.000015,0,0
-1.7698555,40.002483,-100.000015,0,0
-2.7698555,40.002483,-100.000015,0,0
-3.7698555,40.002483,-100.000015,0,0
-4.7698555,40.002483,-100.000015,0,0
-5.7698555,40.002483,-100.000015,0,0
-6.7698555,40.002483,-100.000015,0,0
-7.7698555,40.002483,-100.000015,0,0
-8.7698555,40.002483,-100.000015,0,0
-9.7698555,40.002483,-100.000015,0,0
-10.7698555,40.002483,-100.000015,0,0
-11.7698555,40.002483,-100.000015,0,0
-12.7698555,40.002483,-100.000015,0,0
-13.7698555,40.002483,-100.000015,0,0
-14.7698555,40.002483,-100.000015,0,0
-15.7698555,40.002483,-100.000015,0,0
-16.769855,40.002483,-100.000015,0,0
-17.769855,40.002483,-100.000015,0,0
-18.769855,40.002483,-100.000015,0,0
-19.769855,40.002483,-100.000015,0,0
-20.769855,40.002483,-100.000015,0,0
-21.769855,40.002483,-100.000015,0,0
-22.769855,40.002483,-100.000015,0,0
-23.769855,40.002483,-100.000015,0,0
-24.769855,40.002483,-100.000015,0,0
-25.769855,40.002483,-100.000015,0,0
-26.769855,40.002483,-100.000015,0,0
-27.769855,40.002483,-100.000015,0,0
-28.769855,40.002483,-100.000015,0,0
-29.769855,40.002483,-100.000015,0,0
-30.769855,40.002483,-100.000015,0,0
-31.769855,40.002483,-100.000015,0,0
-32.769855,40.002483,-100.000015,0,0
-33.769855,40.002483,-100.000015,0,0
-34.769855,40.002483,-100.000015,0,0
-35.769855,40.002483,-100.000015,0,0
-36.769855,40.002483,-100.000015,0,0
-37.769855,40.002483,-100.000015,0,0
-38.769855,40.002483,-100.000015,0,0
-39.769855,40.002483,-100.000015,0,0
-40.769855,40.002483,-100.000015,0,0
-41.769855,40.002483,-100.000015,0,0
-42.769855,40.002483,-100.000015,0,0
-43.769855,40.002483,-100.000015,0,0
-44.769855,40.002483,-100.000015,0,0
-45.769855,40.002483,-100.000015,0,0
-46.769855,40.002483,-100.000015,0,0
-47.769855,40.002483,-100.000015,0,0
-48.769855,40.002483,-100.000015,0,0
-49.769855,40.002483,-100.000015,0,0
49.230145,39.002483,-100.000015,0,0
48.230145,39.002483,-100.000015,0,0
47.230145,39.002483,-100.000015,0,0
46.230145,39.002483,-100.000015,0,0
45.230145,39.002483,-100.000015,0,0
44.230145,39.002483,-100.000015,0,0
43.230145,39.002483,-100.000015,0,0
42.230145,39.002483,-100.000015,0,0
41.230145,39.002483,-100.000015,0,0
40.230145,39.002483,-100.000015,0,0
39.230145,39.002483,-100.000015,0,0
38.230145,39.002483,-100.000015,0,0
37.230145,39.002483,-100.000015,0,0
36.230145,39.002483,-100.000015,0,0
35.230145,39.002483,-100.000015,0,0
34.230145,39.002483,-100.000015,0,0
33.230145,39.002483,-100.000015,0,0
32.230145,39.002483,-100.000015,0,0
31.230145,39.002483,-100.000015,0,0
30.230145,39.002483,-100.000015,0,0
29.230145,39.002483,-100.000015,0,0
28.230145,39.002483,-100.000015,0,0
27.230145,39.002483,-100.000015,0,0
26.230145,39.002483,-100.000015,0,0
25.230145,39.002483,-100.000015,0,0
24.230145,39.002483,-100.000015,0,0
23.230145,39.002483,-100.000015,0,0
22.230145,39.002483,-100.000015,0,0
21.230145,39.002483,-100.000015,0,0
20.230145,39.002483,-100.000015,0,0
19.230145,39.002483,-100.000015,0,0
18.230145,39.002483,-100.000015,0,0
17.230145,39.002483,-100.000015,0,0
16.230145,39.002483,-100.000015,0,0
15.2301445,39.002483,-100.000015,0,0
14.2301445,39.002483,-100.000015,0,0
13.2301445,39.002483,-100.000015,0,0
12.2301445,39.002483,-100.000015,0,0
11.2301445,39.002483,-100.000015,0,0
10.2301445,39.002483,-100.000015,0,0
9.2301445,39.002483,-100.000015,0,0
8.2301445,39.002483,-100.000015,0,0
7.2301445,39.002483,-100.000015,0,0
6.2301445,39.002483,-100.000015,0,0
5.2301445,39.002483,-100.000015,0,0
4.2301445,39.002483,-100.000015,0,0
3.2301445,39.002483,-100.000015,0,0
2.2301445,39.002483,-100.000015,0,0
1.2301445,39.002483,-100.000015,0,0
0.2301445,39.002483,-100.000015,0,0
-0.7698555,39.002483,-100.000015,0,0
-1.7698555,39.002483,-100.000015,0,0
-2.7698555,39.002483,-100.000015,0,0
-3.7698555,39.002483,-100.000015,0,0
-4.7698555,39.002483,-100.000015,0,0
-5.7698555,39.002483,-100.000015,0,0
-6.7698555,39.002483,-100.000015,0,0
-7.7698555,39.002483,-100.000015,0,0
-8.7698555,39.002483,-100.000015,0,0
-9.7698555,39.002483,-100.000015,0,0
-10.7698555,39.002483,-100.000015,0,0
-11.7698555,39.002483,-100.000015,0,0
-12.7698555,39.002483,-100.000015,0,0
-13.7698555,39.002483,-100.000015,0,0
-14.7698555,39.002483,-100.000015,0,0
-15.7698555,39.002483,-100.000015,0,0
-16.769855,39.002483,-100.000015,0,0
-17.769855,39.002483,-100.000015,0,0
-18.769855,39.002483,-100.000015,0,0
-19.769855,39.002483,-100.000015,0,0
-20.769855,39.002483,-100.000015,0,0
-21.769855,39.002483,-100.000015,0,0
-22.769855,39.002483,-100.000015,0,0
-23.769855,39.002483,-100.000015,0,0
-24.769855,39.002483,-100.000015,0,0
-25.769855,39.002483,-100.000015,0,0
-26.769855,39.002483,-100.000015,0,0
-27.769855,39.002483,-100.000015,0,0
-28.769855,39.002483,-100.000015,0,0
-29.769855,39.002483,-100.000015,0,0
-30.769855,39.002483,-100.000015,0,0
-31.769855,39.002483,-100.000015,0,0
-32.769855,39.002483,-100.000015,0,0
-33.769855,39.002483,-100.000015,0,0
-34.769855,39.002483,-100.000015,0,0
-35.769855,39.002483,-100.000015,0,0
-36.769855,39.002483,-100.000015,0,0
-37.769855,39.002483,-100.000015,0,0
-38.769855,39.002483,-100.000015,0,0
-39.769855,39.002483,-100.000015,0,0
-40.769855,39.002483,-100.000015,0,0
-41.769855,39.002483,-100.000015,0,0
-42.769855,39.002483,-100.000015,0,0
-43.769855,39.002483,-100.000015,0,0
-44.769855,39.002483,-100.000015,0,0
-45.769855,39.002483,-100.000015,0,0
-46.769855,39.002483,-100.000015,0,0
-47.769855,39.002483,-100.000015,0,0
-48.769855,39.002483,-100.000015,0,0
-49.769855,39.002483,-100.000015,0,0
49.230145,38.002483,-100.000015,0,0
48.230145,38.002483,-100.000015,0,0
47.230145,38.002483,-100.000015,0,0
46.230145,38.002483,-100.000015,0,0
45.230145,38.002483,-100.000015,0,0
44.230145,38.002483,-100.000015,0,0
43.230145,38.002483,-100.000015,0,0
42.230145,38.002483,-100.000015,0,0
41.230145,38.002483,-100.000015,0,0
40.230145,38.002483,-100.000015,0,0
39.230145,38.002483,-100.000015,0,0
38.230145,38.002483,-100.000015,0,0
37.230145,38.002483,-100.000015,0,0
36.230145,38.002483,-100.000015,0,0
35.230145,38.002483,-100.000015,0,0
34.230145,38.002483,-100.000015,0,0
33.230145,38.002483,-100.000015,0,0
32.230145,38.002483,-100.000015,0,0
31.230145,38.002483,-100.000015,0,0
30.230145,38.002483,-100.000015,0,0
29.230145,38.002483,-100.000015,0,0
28.230145,38.002483,-100.000015,0,0
27.230145,38.002483,-100.000015,0,0
26.230145,38.002483,-100.000015,0,0
25.230145,38.002483,-100.000015,0,0
24.230145,38.002483,-100.000015,0,0
23.230145,38.002483,-100.000015,0,0
22.230145,38.002483,-100.000015,0,0
21.230145,38.002483,-100.000015,0,0
20.230145,38.002483,-100.000015,0,0
19.230145,38.002483,-100.000015,0,0
18.230145,38.002483,-100.000015,0,0
17.230145,38.002483,-100.000015,0,0
16.230145,38.002483,-100.000015,0,0
15.2301445,38.002483,-100.000015,0,0
14.2301445,38.002483,-100.000015,0,0
13.2301445,38.002483,-100.000015,0,0
12.2301445,38.002483,-100.000015,0,0
11.2301445,38.002483,-100.000015,0,0
10.2301445,38.002483,-100.000015,0,0
9.2301445,38.002483,-100.000015,0,0
8.2301445,38.002483,-100.000015,0,0
7.2301445,38.002483,-100.000015,0,0
6.2301445,38.002483,-100.000015,0,0
5.2301445,38.002483,-100.000015,0,0
4.2301445,38.002483,-100.000015,0,0
3.2301445,38.002483,-100.000015,0,0
2.2301445,38.002483,-100.000015,0,0
1.2301445,38.002483,-100.000015,0,0
0.2301445,38.002483,-100.000015,0,0
-0.7698555,38.002483,-100.000015,0,0
-1.7698555,38.002483,-100.000015,0,0
-2.7698555,38.002483,-100.000015,0,0
-3.7698555,38.002483,-100.000015,0,0
-4.7698555,38.002483,-100.000015,0,0
-5.7698555,38.002483,-100.000015,0,0
-6.7698555,38.002483,-100.000015,0,0
-7.7698555,38.002483,-100.000015,0,0
-8.7698555,38.002483,-100.000015,0,0
-9.7698555,38.002483,-100.000015,0,0
-10.7698555,38.002483,-100.000015,0,0
-11.7698555,38.002483,-100.000015,0,0
-12.7698555,38.002483,-100.000015,0,0
-13.7698555,38.002483,-100.000015,0,0
-14.7698555,38.002483,-100.000015,0,0
-15.7698555,38.002483,-100.000015,0,0
-16.769855,38.002483,-100.000015,0,0
-17.769855,38.002483,-100.000015,0,0
-18.769855,38.002483,-100.000015,0,0
-19.769855,38.002483,-100.000015,0,0
-20.769855,38.002483,-100.000015,0,0
-21.769855,38.002483,-100.000015,0,0
-22.769855,38.002483,-100.000015,0,0
-23.769855,38.002483,-100.000015,0,0
-24.769855,38.002483,-100.000015,0,0
-25.769855,38.002483,-100.000015,0,0
-26.769855,38.002483,-100.000015,0,0
-27.769855,38.002483,-100.000015,0,0
-28.769855,38.002483,-100.000015,0,0
-29.769855,38.002483,-100.000015,0,0
-30.769855,38.002483,-100.000015,0,0
-31.769855,38.002483,-100.000015,0,0
-32.769855,38.002483,-100.000015,0,0
-33.769855,38.002483,-100.000015,0,0
-34.769855,38.002483,-100.000015,0,0
-35.769855,38.002483,-100.000015,0,0
-36.769855,38.002483,-100.000015,0,0
-37.769855,38.002483,-100.000015,0,0
-38.769855,38.002483,-100.000015,0,0
-39.769855,38.002483,-100.000015,0,0
-40.769855,38.002483,-100.000015,0,0
-41.769855,38.002483,-100.000015,0,0
-42.769855,38.002483,-100.000015,0,0
-43.769855,38.002483,-100.000015,0,0
-44.769855,38.002483,-100.000015,0,0
-45.769855,38.002483,-100.000015,0,0
-46.769855,38.002483,-100.000015,0,0
-47.769855,38.002483,-100.000015,0,0
-48.769855,38.002483,-100.000015,0,0
-49.769855,38.002483,-100.000015,0,0
49.230145,37.002483,-100.000015,0,0
48.230145,37.002483,-100.000015,0,0
47.230145,37.002483,-100.000015,0,0
46.230145,37.002483,-100.000015,0,0
45.230145,37.002483,-100.000015,0,0
44.230145,37.002483,-100.000015,0,0
43.230145,37.002483,-100.000015,0,0
42.230145,37.002483,-100.000015,0,0
41.230145,37.002483,-100.000015,0,0
40.230145,37.002483,-100.000015,0,0
39.230145,37.002483,-100.000015,0,0
38.230145,37.002483,-100.000015,0,0
37.230145,37.002483,-100.000015,0,0
36.230145,37.002483,-100.000015,0,0
35.230145,37.002483,-100.000015,0,0
34.230145,37.002483,-100.000015,0,0
33.230145,37.002483,-100.000015,0,0
32.230145,37.002483,-100.000015,0,0
31.230145,37.002483,-100.000015,0,0
30.230145,37.002483,-100.000015,0,0
29.230145,37.002483,-100.000015,0,0
28.230145,37.002483,-100.000015,0,0
27.230145,37.002483,-100.000015,0,0
26.230145,37.002483,-100.000015,0,0
25.230145,37.002483,-100.000015,0,0
24.230145,37.002483,-100.000015,0,0
23.230145,37.002483,-100.000015,0,0
22.230145,37.002483,-100.000015,0,0
21.230145,37.002483,-100.000015,0,0
20.230145,37.002483,-100.000015,0,0
19.230145,37.002483,-100.000015,0,0
18.230145,37.002483,-100.000015,0,0
17.230145,37.002483,-100.000015,0,0
16.230145,37.002483,-100.000015,0,0
15.2301445,37.002483,-100.000015,0,0
14.2301445,37.002483,-100.000015,0,0
13.2301445,37.002483,-100.000015,0,0
12.2301445,37.002483,-100.000015,0,0
11.2301445,37.002483,-100.000015,0,0
10.2301445,37.002483,-100.000015,0,0
9.2301445,37.002483,-100.000015,0,0
8.2301445,37.002483,-100.000015,0,0
7.2301445,37.002483,-100.000015,0,0
6.2301445,37.002483,-100.000015,0,0
5.2301445,37.002483,-100.000015,0,0
4.2301445,37.002483,-100.000015,0,0
3.2301445,37.002483,-100.000015,0,0
2.2301445,37.002483,-100.000015,0,0
1.2301445,37.002483,-100.000015,0,0
0.2301445,37.002483,-100.000015,0,0
-0.7698555,37.002483,-100.000015,0,0
-1.7698555,37.002483,-100.000015,0,0
-2.7698555,37.002483,-100.000015,0,0
-3.7698555,37.002483,-100.000015,0,0
-4.7698555,37.002483,-100.000015,0,0
-5.7698555,37.002483,-100.000015,0,0
-6.7698555,37.002483,-100.000015,0,0
-7.7698555,37.002483,-100.000015,0,0
-8.7698555,37.002483,-100.000015,0,0
-9.7698555,37.002483,-100.000015,0,0
-10.7698555,37.002483,-100.000015,0,0
-11.7698555,37.002483,-100.000015,0,0
-12.7698555,37.002483,-100.000015,0,0
-13.7698555,37.002483,-100.000015,0,0
-14.7698555,37.002483,-100.000015,0,0
-15.7698555,37.002483,-100.000015,0,0
-16.769855,37.002483,-100.000015,0,0
-17.769855,37.002483,-100.000015,0,0
-18.769855,37.002483,-100.000015,0,0
-19.769855,37.002483,-100.000015,0,0
-20.769855,37.002483,-100.000015,0,0
-21.769855,37.002483,-100.000015,0,0
-22.769855,37.002483,-100.000015,0,0
-23.769855,37.002483,-100.000015,0,0
-24.769855,37.002483,-100.000015,0,0
-25.769855,37.002483,-100.000015,0,0
-26.769855,37.002483,-100.000015,0,0
-27.769855,37.002483,-100.000015,0,0
-28.769855,37.002483,-100.000015,0,0
-29.769855,37.002483,-100.000015,0,0
-30.769855,37.002483,-100.000015,0,0
-31.769855,37.002483,-100.000015,0,0
-32.769855,37.002483,-100.000015,0,0
-33.769855,37.002483,-100.000015,0,0
-34.769855,37.002483,-100.000015,0,0
-35.769855,37.002483,-100.000015,0,0
-36.769855,37.002483,-100.000015,0,0
-37.769855,37.002483,-100.000015,0,0
-38.769855,37.002483,-100.000015,0,0
-39.769855,37.002483,-100.000015,0,0
-40.769855,37.002483,-100.000015,0,0
-41.769855,37.002483,-100.000015,0,0
-42.769855,37.002483,-100.000015,0,0
-43.769855,37.002483,-100.000015,0,0
-44.769855,37.002483,-100.000015,0,0
-45.769855,37.002483,-100.000015,0,0
-46.769855,37.002483,-100.000015,0,0
-47.769855,37.002483,-100.000015,0,0
-48.769855,37.002483,-100.000015,0,0
-49.769855,37.002483,-100.000015,0,0
49.230145,36.002483,-100.000015,0,0
48.230145,36.002483,-100.000015,0,0
47.230145,36.002483,-100.000015,0,0
46.230145,36.002483,-100.000015,0,0
45.230145,36.002483,-100.000015,0,0
44.230145,36.002483,-100.000015,0,0
43.230145,36.002483,-100.000015,0,0
42.230145,36.002483,-100.000015,0,0
41.230145,36.002483,-100.000015,0,0
40.230145,36.002483,-100.000015,0,0
39.230145,36.002483,-100.000015,0,0
38.230145,36.002483,-100.000015,0,0
37.230145,36.002483,-100.000015,0,0
36.230145,36.002483,-100.000015,0,0
35.230145,36.002483,-100.000015,0,0
34.230145,36.002483,-100.000015,0,0
33.230145,36.002483,-100.000015,0,0
32.230145,36.002483,-100.000015,0,0
31.230145,36.002483,-100.000015,0,0
30.230145,36.002483,-100.000015,0,0
29.230145,36.002483,-100.000015,0,0
28.230145,36.002483,-100.000015,0,0
27.230145,36.002483,-100.000015,0,0
26.230145,36.002483,-100.000015,0,0
25.230145,36.002483,-100.000015,0,0
24.230145,36.002483,-100.000015,0,0
23.230145,36.002483,-100.000015,0,0
22.230145,36.002483,-100.000015,0,0
21.230145,36.002483,-100.000015,0,0
20.230145,36.002483,-100.000015,0,0
19.230145,36.002483,-100.000015,0,0
18.230145,36.002483,-100.000015,0,0
17.230145,36.002483,-100.000015,0,0
16.230145,36.002483,-100.000015,0,0
15.2301445,36.002483,-100.000015,0,0
14.2301445,36.002483,-100.000015,0,0
13.2301445,36.002483,-100.000015,0,0
12.2301445,36.002483,-100.000015,0,0
11.2301445,36.002483,-100.000015,0,0
10.2301445,36.002483,-100.000015,0,0
9.2301445,36.002483,-100.000015,0,0
8.2301445,36.002483,-100.000015,0,0
7.2301445,36.002483,-100.000015,0,0
6.2301445,36.002483,-100.000015,0,0
5.2301445,36.002483,-100.000015,0,0
4.2301445,36.002483,-100.000015,0,0
3.2301445,36.002483,-100.000015,0,0
2.2301445,36.002483,-100.000015,0,0
1.2301445,36.002483,-100.000015,0,0
0.2301445,36.002483,-100.000015,0,0
-0.7698555,36.002483,-100.000015,0,0
-1.7698555,36.002483,-100.000015,0,0
-2.7698555,36.002483,-100.000015,0,0
-3.7698555,36.002483,-100.000015,0,0
-4.7698555,36.002483,-100.000015,0,0
-5.7698555,36.002483,-100.000015,0,0
-6.7698555,36.002483,-100.000015,0,0
-7.7698555,36.002483,-100.000015,0,0
-8.7698555,36.002483,-100.000015,0,0
-9.7698555,36.002483,-100.000015,0,0
-10.7698555,36.002483,-100.000015,0,0
-11.7698555,36.002483,-100.000015,0,0
-12.7698555,36.002483,-100.000015,0,0
-13.7698555,36.002483,-100.000015,0,0
-14.7698555,36.002483,-100.000015,0,0
-15.7698555,36.002483,-100.000015,0,0
-16.769855,36.002483,-100.000015,0,0
-17.769855,36.002483,-100.000015,0,0
-18.769855,36.002483,-100.000015,0,0
-19.769855,36.002483,-100.000015,0,0
-20.769855,36.002483,-100.000015,0,0
-21.769855,36.002483,-100.000015,0,0
-22.769855,36.002483,-100.000015,0,0
-23.769855,36.002483,-100.000015,0,0
-24.769855,36.002483,-100.000015,0,0
-25.769855,36.002483,-100.000015,0,0
-26.769855,36.002483,-100.000015,0,0
-27.769855,36.002483,-100.000015,0,0
-28.769855,36.002483,-100.000015,0,0
-29.769855,36.002483,-100.000015,0,0
-30.769855,36.002483,-100.000015,0,0
-31.769855,36.002483,-100.000015,0,0
-32.769855,36.002483,-100.000015,0,0
-33.769855,36.002483,-100.000015,0,0
-34.769855,36.002483,-100.000015,0,0
-35.769855,36.002483,-100.000015,0,0
-36.769855,36.002483,-100.000015,0,0
-37.769855,36.002483,-100.000015,0,0
-38.769855,36.002483,-100.000015,0,0
-39.769855,36.002483,-100.000015,0,0
-40.769855,36.002483,-100.000015,0,0
-41.769855,36.002483,-100.000015,0,0
-42.769855,36.002483,-100.000015,0,0
-43.769855,36.002483,-100.000015,0,0
-44.769855,36.002483,-100.000015,0,0
-45.769855,36.002483,-100.000015,0,0
-46.769855,36.002483,-100.000015,0,0
-47.769855,36.002483,-100.000015,0,0
-48.769855,36.002483,-100.000015,0,0
-49.769855,36.002483,-100.000015,0,0
49.230145,35.002483,-100.000015,0,0
48.230145,35.002483,-100.000015,0,0
47.230145,35.002483,-100.000015,0,0
46.230145,35.002483,-100.000015,0,0
45.230145,35.002483,-100.000015,0,0
44.230145,35.002483,-100.000015,0,0
43.230145,35.002483,-100.000015,0,0
42.230145,35.002483,-100.000015,0,0
41.230145,35.002483,-100.000015,0,0
40.230145,35.002483,-100.000015,0,0
39.230145,35.002483,-100.000015,0,0
38.230145,35.002483,-100.000015,0,0
37.230145,35.002483,-100.000015,0,0
36.230145,35.002483,-100.000015,0,0
35.230145,35.002483,-100.000015,0,0
34.230145,35.002483,-100.000015,0,0
33.230145,35.002483,-100.000015,0,0
32.230145,35.002483,-100.000015,0,0
31.230145,35.002483,-100.000015,0,0
30.230145,35.002483,-100.000015,0,0
29.230145,35.002483,-100.000015,0,0
28.230145,35.002483,-100.000015,0,0
27.230145,35.002483,-100.000015,0,0
26.230145,35.002483,-100.000015,0,0
25.230145,35.002483,-100.000015,0,0
24.230145,35.002483,-100.000015,0,0
23.230145,35.002483,-100.000015,0,0
22.230145,35.002483,-100.000015,0,0
21.230145,35.002483,-100.000015,0,0
20.230145,35.002483,-100.000015,0,0
19.230145,35.002483,-100.000015,0,0
18.230145,35.002483,-100.000015,0,0
17.230145,35.002483,-100.000015,0,0
16.230145,35.002483,-100.000015,0,0
15.2301445,35.002483,-100.000015,0,0
14.2301445,35.002483,-100.000015,0,0
13.2301445,35.002483,-100.000015,0,0
12.2301445,35.002483,-100.000015,0,0
11.2301445,35.002483,-100.000015,0,0
10.2301445,35.002483,-100.000015,0,0
9.2301445,35.002483,-100.000015,0,0
8.2301445,35.002483,-100.000015,0,0
7.2301445,35.002483,-100.000015,0,0
6.2301445,35.002483,-100.000015,0,0
5.2301445,35.002483,-100.000015,0,0
4.2301445,35.002483,-100.000015,0,0
3.2301445,35.002483,-100.000015,0,0
2.2301445,35.002483,-100.000015,0,0
1.2301445,35.002483,-100.000015,0,0
0.2301445,35.002483,-100.000015,0,0
-0.7698555,35.002483,-100.000015,0,0
-1.7698555,35.002483,-100.000015,0,0
-2.7698555,35.002483,-100.000015,0,0
-3.7698555,35.002483,-100.000015,0,0
-4.7698555,35.002483,-100.000015,0,0
-5.7698555,35.002483,-100.000015,0,0
-6.7698555,35.002483,-100.000015,0,0
-7.7698555,35.002483,-100.000015,0,0
-8.7698555,35.002483,-100.000015,0,0
-9.7698555,35.002483,-100.000015,0,0
-10.7698555,35.002483,-100.000015,0,0
-11.7698555,35.002483,-100.000015,0,0
-12.7698555,35.002483,-100.000015,0,0
-13.7698555,35.002483,-100.000015,0,0
-14.7698555,35.002483,-100.000015,0,0
-15.7698555,35.002483,-100.000015,0,0
-16.769855,35.002483,-100.000015,0,0
-17.769855,35.002483,-100.000015,0,0
-18.769855,35.002483,-100.000015,0,0
-19.769855,35.002483,-100.000015,0,0
-20.769855,35.002483,-100.000015,0,0
-21.769855,35.002483,-100.000015,0,0
-22.769855,35.002483,-100.000015,0,0
-23.769855,35.002483,-100.000015,0,0
-24.769855,35.002483,-100.000015,0,0
-25.769855,35.002483,-100.000015,0,0
-26.769855,35.002483,-100.000015,0,0
-27.769855,35.002483,-100.000015,0,0
-28.769855,35.002483,-100.000015,0,0
-29.769855,35.002483,-100.000015,0,0
-30.769855,35.002483,-100.000015,0,0
-31.769855,35.002483,-100.000015,0,0
-32.769855,35.002483,-100.000015,0,0
-33.769855,35.002483,-100.000015,0,0
-34.769855,35.002483,-100.000015,0,0
-35.769855,35.002483,-100.000015,0,0
-36.769855,35.002483,-100.000015,0,0
-37.769855,35.002483,-100.000015,0,0
-38.769855,35.002483,-100.000015,0,0
-39.769855,35.002483,-100.000015,0,0
-40.769855,35.002483,-100.000015,0,0
-41.769855,35.002483,-100.000015,0,0
-42.769855,35.002483,-100.000015,0,0
-43.769855,35.002483,-100.000015,0,0
-44.769855,35.002483,-100.000015,0,0
-45.769855,35.002483,-100.000015,0,0
-46.769855,35.002483,-100.000015,0,0
-47.769855,35.002483,-100.000015,0,0
-48.769855,35.002483,-100.000015,0,0
-49.769855,35.002483,-100.000015,0,0
49.230145,34.002483,-100.000015,0,0
48.230145,34.002483,-100.000015,0,0
47.230145,34.002483,-100.000015,0,0
46.230145,34.002483,-100.000015,0,0
45.230145,34.002483,-100.000015,0,0
44.230145,34.002483,-100.000015,0,0
43.230145,34.002483,-100.000015,0,0
42.230145,34.002483,-100.000015,0,0
41.230145,34.002483,-100.000015,0,0
40.230145,34.002483,-100.000015,0,0
39.230145,34.002483,-100.000015,0,0
38.230145,34.002483,-100.000015,0,0
37.230145,34.002483,-100.000015,0,0
36.230145,34.002483,-100.000015,0,0
35.230145,34.002483,-100.000015,0,0
34.230145,34.002483,-100.000015,0,0
33.230145,34.002483,-100.000015,0,0
32.230145,34.002483,-100.000015,0,0
31.230145,34.002483,-100.000015,0,0
30.230145,34.002483,-100.000015,0,0
29.230145,34.002483,-100.000015,0,0
28.230145,34.002483,-100.000015,0,0
27.230145,34.002483,-100.000015,0,0
26.230145,34.002483,-100.000015,0,0
25.230145,34.002483,-100.000015,0,0
24.230145,34.002483,-100.000015,0,0
23.230145,34.002483,-100.000015,0,0
22.230145,34.002483,-100.000015,0,0
21.230145,34.002483,-100.000015,0,0
20.230145,34.002483,-100.000015,0,0
19.230145,34.002483,-100.000015,0,0
18.230145,34.002483,-100.000015,0,0
17.230145,34.002483,-100.000015,0,0
16.230145,34.002483,-100.000015,0,0
15.2301445,34.002483,-100.000015,0,0
14.2301445,34.002483,-100.000015,0,0
13.2301445,34.002483,-100.000015,0,0
12.2301445,34.002483,-100.000015,0,0
11.2301445,34.002483,-100.000015,0,0
10.2301445,34.002483,-100.000015,0,0
9.2301445,34.002483,-100.000015,0,0
8.2301445,34.002483,-100.000015,0,0
7.2301445,34.002483,-100.000015,0,0
6.2301445,34.002483,-100.000015,0,0
5.2301445,34.002483,-100.000015,0,0
4.2301445,34.002483,-100.000015,0,0
3.2301445,34.002483,-100.000015,0,0
2.2301445,34.002483,-100.000015,0,0
1.2301445,34.002483,-100.000015,0,0
0.2301445,34.002483,-100.000015,0,0
-0.7698555,34.002483,-100.000015,0,0
-1.7698555,34.002483,-100.000015,0,0
-2.7698555,34.002483,-100.000015,0,0
-3.7698555,34.002483,-100.000015,0,0
-4.7698555,34.002483,-100.000015,0,0
-5.7698555,34.002483,-100.000015,0,0
-6.7698555,34.002483,-100.000015,0,0
-7.7698555,34.002483,-100.000015,0,0
-8.7698555,34.002483,-100.000015,0,0
-9.7698555,34.002483,-100.000015,0,0
-10.7698555,34.002483,-100.000015,0,0
-11.7698555,34.002483,-100.000015,0,0
-12.7698555,34.002483,-100.000015,0,0
-13.7698555,34.002483,-100.000015,0,0
-14.7698555,34.002483,-100.000015,0,0
-15.7698555,34.002483,-100.000015,0,0
-16.769855,34.002483,-100.000015,0,0
-17.769855,34.002483,-100.000015,0,0
-18.769855,34.002483,-100.000015,0,0
-19.769855,34.002483,-100.000015,0,0
-20.769855,34.002483,-100.000015,0,0
-21.769855,34.002483,-100.000015,0,0
-22.769855,34.002483,-100.000015,0,0
-23.769855,34.002483,-100.000015,0,0
-24.769855,34.002483,-100.000015,0,0
-25.769855,34.002483,-100.000015,0,0
-26.769855,34.002483,-100.000015,0,0
-27.769855,34.002483,-100.000015,0,0
-28.769855,34.002483,-100.000015,0,0
-29.769855,34.002483,-100.000015,0,0
-30.769855,34.002483,-100.000015,0,0
-31.769855,34.002483,-100.000015,0,0
-32.769855,34.002483,-100.000015,0,0
-33.769855,34.002483,-100.000015,0,0
-34.769855,34.002483,-100.000015,0,0
-35.769855,34.002483,-100.000015,0,0
-36.769855,34.002483,-100.000015,0,0
-37.769855,34.002483,-100.000015,0,0
-38.769855,34.002483,-100.000015,0,0
-39.769855,34.002483,-100.000015,0,0
-40.769855,34.002483,-100.000015,0,0
-41.769855,34.002483,-100.000015,0,0
-42.769855,34.002483,-100.000015,0,0
-43.769855,34.002483,-100.000015,0,0
-44.769855,34.002483,-100.000015,0,0
-45.769855,34.002483,-100.000015,0,0
-46.769855,34.002483,-100.000015,0,0
-47.769855,34.002483,-100.000015,0,0
-48.769855,34.002483,-100.000015,0,0
-49.769855,34.002483,-100.000015,0,0
49.230145,33.002483,-100.000015,0,0
48.230145,33.002483,-100.000015,0,0
47.230145,33.002483,-100.000015,0,0
46.230145,33.002483,-100.000015,0,0
45.230145,33.002483,-100.000015,0,0
44.230145,33.002483,-100.000015,0,0
43.230145,33.002483,-100.000015,0,0
42.230145,33.002483,-100.000015,0,0
41.230145,33.002483,-100.000015,0,0
40.230145,33.002483,-100.000015,0,0
39.230145,33.002483,-100.000015,0,0
38.230145,33.002483,-100.000015,0,0
37.230145,33.002483,-100.000015,0,0
36.230145,33.002483,-100.000015,0,0
35.230145,33.002483,-100.000015,0,0
34.230145,33.002483,-100.000015,0,0
33.230145,33.002483,-100.000015,0,0
32.230145,33.002483,-100.000015,0,0
31.230145,33.002483,-100.000015,0,0
30.230145,33.002483,-100.000015,0,0
29.230145,33.002483,-100.000015,0,0
28.230145,33.002483,-100.000015,0,0
27.230145,33.002483,-100.000015,0,0
26.230145,33.002483,-100.000015,0,0
25.230145,33.002483,-100.000015,0,0
24.230145,33.002483,-100.000015,0,0
23.230145,33.002483,-100.000015,0,0
22.230145,33.002483,-100.000015,0,0
21.230145,33.002483,-100.000015,0,0
20.230145,33.002483,-100.000015,0,0
19.230145,33.002483,-100.000015,0,0
18.230145,33.002483,-100.000015,0,0
17.230145,33.002483,-100.000015,0,0
16.230145,33.002483,-100.000015,0,0
15.2301445,33.002483,-100.000015,0,0
14.2301445,33.002483,-100.000015,0,0
13.2301445,33.002483,-100.000015,0,0
12.2301445,33.002483,-100.000015,0,0
11.2301445,33.002483,-100.000015,0,0
10.2301445,33.002483,-100.000015,0,0
9.2301445,33.002483,-100.000015,0,0
8.2301445,33.002483,-100.000015,0,0
7.2301445,33.002483,-100.000015,0,0
6.2301445,33.002483,-100.000015,0,0
5.2301445,33.002483,-100.000015,0,0
4.2301445,33.002483,-100.000015,0,0
3.2301445,33.002483,-100.000015,0,0
2.2301445,33.002483,-100.000015,0,0
1.2301445,33.002483,-100.000015,0,0
0.2301445,33.002483,-100.000015,0,0
-0.7698555,33.002483,-100.000015,0,0
-1.7698555,33.002483,-100.000015,0,0
-2.7698555,33.002483,-100.000015,0,0
-3.7698555,33.002483,-100.000015,0,0
-4.7698555,33.002483,-100.000015,0,0
-5.7698555,33.002483,-100.000015,0,0
-6.7698555,33.002483,-100.000015,0,0
-7.7698555,33.002483,-100.000015,0,0
-8.7698555,33.002483,-100.000015,0,0
-9.7698555,33.002483,-100.000015,0,0
-10.7698555,33.002483,-100.000015,0,0
-11.7698555,33.002483,-100.000015,0,0
-12.7698555,33.002483,-100.000015,0,0
-13.7698555,33.002483,-100.000015,0,0
-14.7698555,33.002483,-100.000015,0,0
-15.7698555,33.002483,-100.000015,0,0
-16.769855,33.002483,-100.000015,0,0
-17.769855,33.002483,-100.000015,0,0
-18.769855,33.002483,-100.000015,0,0
-19.769855,33.002483,-100.000015,0,0
-20.769855,33.002483,-100.000015,0,0
-21.769855,33.002483,-100.000015,0,0
-22.769855,33.002483,-100.000015,0,0
-23.769855,33.002483,-100.000015,0,0
-24.769855,33.002483,-100.000015,0,0
-25.769855,33.002483,-100.000015,0,0
-26.769855,33.002483,-100.000015,0,0
-27.769855,33.002483,-100.000015,0,0
-28.769855,33.002483,-100.000015,0,0
-29.769855,33.002483,-100.000015,0,0
-30.769855,33.002483,-100.000015,0,0
-31.769855,33.002483,-100.000015,0,0
-32.769855,33.002483,-100.000015,0,0
-33.769855,33.002483,-100.000015,0,0
-34.769855,33.002483,-100.000015,0,0
-35.769855,33.002483,-100.000015,0,0
-36.769855,33.002483,-100.000015,0,0
-37.769855,33.002483,-100.000015,0,0
-38.769855,33.002483,-100.000015,0,0
-39.769855,33.002483,-100.000015,0,0
-40.769855,33.002483,-100.000015,0,0
-41.769855,33.002483,-100.000015,0,0
-42.769855,33.002483,-100.000015,0,0
-43.769855,33.002483,-100.000015,0,0
-44.769855,33.002483,-100.000015,0,0
-45.769855,33.002483,-100.000015,0,0
-46.769855,33.002483,-100.000015,0,0
-47.769855,33.002483,-100.000015,0,0
-48.769855,33.002483,-100.000015,0,0
-49.769855,33.002483,-100.000015,0,0
49.230145,32.002483,-100.000015,0,0
48.230145,32.002483,-100.000015,0,0
47.230145,32.002483,-100.000015,0,0
46.230145,32.002483,-100.000015,0,0
45.230145,32.002483,-100.000015,0,0
44.230145,32.002483,-100.000015,0,0
43.230145,32.002483,-100.000015,0,0
42.230145,32.002483,-100.000015,0,0
41.230145,32.002483,-100.000015,0,0
40.230145,32.002483,-100.000015,0,0
39.230145,32.002483,-100.000015,0,0
38.230145,32.002483,-100.000015,0,0
37.230145,32.002483,-100.000015,0,0
36.230145,32.002483,-100.000015,0,0
35.230145,32.002483,-100.000015,0,0
34.230145,32.002483,-100.000015,0,0
33.230145,32.002483,-100.000015,0,0
32.230145,32.002483,-100.000015,0,0
31.230145,32.002483,-100.000015,0,0
30.230145,32.002483,-100.000015,0,0
29.230145,32.002483,-100.000015,0,0
28.230145,32.002483,-100.000015,0,0
27.230145,32.002483,-100.000015,0,0
26.230145,32.002483,-100.000015,0,0
25.230145,32.002483,-100.000015,0,0
24.230145,32.002483,-100.000015,0,0
23.230145,32.002483,-100.000015,0,0
22.230145,32.002483,-100.000015,0,0
21.230145,32.002483,-100.000015,0,0
20.230145,32.002483,-100.000015,0,0
19.230145,32.002483,-100.000015,0,0
18.230145,32.002483,-100.000015,0,0
17.230145,32.002483,-100.000015,0,0
16.230145,32.002483,-100.000015,0,0
15.2301445,32.002483,-100.000015,0,0
14.2301445,32.002483,-100.000015,0,0
13.2301445,32.002483,-100.000015,0,0
12.2301445,32.002483,-100.000015,0,0
11.2301445,32.002483,-100.000015,0,0
10.2301445,32.002483,-100.000015,0,0
9.2301445,32.002483,-100.000015,0,0
8.2301445,32.002483,-100.000015,0,0
7.2301445,32.002483,-100.000015,0,0
6.2301445,32.002483,-100.000015,0,0
5.2301445,32.002483,-100.000015,0,0
4.2301445,32.002483,-100.000015,0,0
3.2301445,32.002483,-100.000015,0,0
2.2301445,32.002483,-100.000015,0,0
1.2301445,32.002483,-100.000015,0,0
0.2301445,32.002483,-100.000015,0,0
-0.7698555,32.002483,-100.000015,0,0
-1.7698555,32.002483,-100.000015,0,0
-2.7698555,32.002483,-100.000015,0,0
-3.7698555,32.002483,-100.000015,0,0
-4.7698555,32.002483,-100.000015,0,0
-5.7698555,32.002483,-100.000015,0,0
-6.7698555,32.002483,-100.000015,0,0
-7.7698555,32.002483,-100.000015,0,0
-8.7698555,32.002483,-100.000015,0,0
-9.7698555,32.002483,-100.000015,0,0
-10.7698555,32.002483,-100.000015,0,0
-11.7698555,32.002483,-100.000015,0,0
-12.7698555,32.002483,-100.000015,0,0
-13.7698555,32.002483,-100.000015,0,0
-14.7698555,32.002483,-100.000015,0,0
-15.7698555,32.002483,-100.000015,0,0
-16.769855,32.002483,-100.000015,0,0
-17.769855,32.002483,-100.000015,0,0
-18.769855,32.002483,-100.000015,0,0
-19.769855,32.002483,-100.000015,0,0
-20.769855,32.002483,-100.000015,0,0
-21.769855,32.002483,-100.000015,0,0
-22.769855,32.002483,-100.000015,0,0
-23.769855,32.002483,-100.000015,0,0
-24.769855,32.002483,-100.000015,0,0
-25.769855,32.002483,-100.000015,0,0
-26.769855,32.002483,-100.000015,0,0
-27.769855,32.002483,-100.000015,0,0
-28.769855,32.002483,-100.000015,0,0
-29.769855,32.002483,-100.000015,0,0
-30.769855,32.002483,-100.000015,0,0
-31.769855,32.002483,-100.000015,0,0
-32.769855,32.002483,-100.000015,0,0
-33.769855,32.002483,-100.000015,0,0
-34.769855,32.002483,-100.000015,0,0
-35.769855,32.002483,-100.000015,0,0
-36.769855,32.002483,-100.000015,0,0
-37.769855,32.002483,-100.000015,0,0
-38.769855,32.002483,-100.000015,0,0
-39.769855,32.002483,-100.000015,0,0
-40.769855,32.002483,-100.000015,0,0
-41.769855,32.002483,-100.000015,0,0
-42.769855,32.002483,-100.000015,0,0
-43.769855,32.002483,-100.000015,0,0
-44.769855,32.002483,-100.000015,0,0
-45.769855,32.002483,-100.000015,0,0
-46.769855,32.002483,-100.000015,0,0
-47.769855,32.002483,-100.000015,0,0
-48.769855,32.002483,-100.000015,0,0
-49.769855,32.002483,-100.000015,0,0
49.230145,31.002483,-100.000015,0,0
48.230145,31.002483,-100.000015,0,0
47.230145,31.002483,-100.000015,0,0
46.230145,31.002483,-100.000015,0,0
45.230145,31.002483,-100.000015,0,0
44.230145,31.002483,-100.000015,0,0
43.230145,31.002483,-100.000015,0,0
42.230145,31.002483,-100.000015,0,0
41.230145,31.002483,-100.000015,0,0
40.230145,31.002483,-100.000015,0,0
39.230145,31.002483,-100.000015,0,0
38.230145,31.002483,-100.000015,0,0
37.230145,31.002483,-100.000015,0,0
36.230145,31.002483,-100.000015,0,0
35.230145,31.002483,-100.000015,0,0
34.230145,31.002483,-100.000015,0,0
33.230145,31.002483,-100.000015,0,0
32.230145,31.002483,-100.000015,0,0
31.230145,31.002483,-100.000015,0,0
30.230145,31.002483,-100.000015,0,0
29.230145,31.002483,-100.000015,0,0
28.230145,31.002483,-100.000015,0,0
27.230145,31.002483,-100.000015,0,0
26.230145,31.002483,-100.000015,0,0
25.230145,31.002483,-100.000015,0,0
24.230145,31.002483,-100.000015,0,0
23.230145,31.002483,-100.000015,0,0
22.230145,31.002483,-100.000015,0,0
21.230145,31.002483,-100.000015,0,0
20.230145,31.002483,-100.000015,0,0
19.230145,31.002483,-100.000015,0,0
18.230145,31.002483,-100.000015,0,0
17.230145,31.002483,-100.000015,0,0
16.230145,31.002483,-100.000015,0,0
15.2301445,31.002483,-100.000015,0,0
14.2301445,31.002483,-100.000015,0,0
13.2301445,31.002483,-100.000015,0,0
12.2301445,31.002483,-100.000015,0,0
11.2301445,31.002483,-100.000015,0,0
10.2301445,31.002483,-100.000015,0,0
9.2301445,31.002483,-100.000015,0,0
8.2301445,31.002483,-100.000015,0,0
7.2301445,31.002483,-100.000015,0,0
6.2301445,31.002483,-100.000015,0,0
5.2301445,31.002483,-100.000015,0,0
4.2301445,31.002483,-100.000015,0,0
3.2301445,31.002483,-100.000015,0,0
2.2301445,31.002483,-100.000015,0,0
1.2301445,31.002483,-100.000015,0,0
0.2301445,31.002483,-100.000015,0,0
-0.7698555,31.002483,-100.000015,0,0
-1.7698555,31.002483,-100.000015,0,0
-2.7698555,31.002483,-100.000015,0,0
-3.7698555,31.002483,-100.000015,0,0
-4.7698555,31.002483,-100.000015,0,0
-5.7698555,31.002483,-100.000015,0,0
-6.7698555,31.002483,-100.000015,0,0
-7.7698555,31.002483,-100.000015,0,0
-8.7698555,31.002483,-100.000015,0,0
-9.7698555,31.002483,-100.000015,0,0
-10.7698555,31.002483,-100.000015,0,0
-11.7698555,31.002483,-100.000015,0,0
-12.7698555,31.002483,-100.000015,0,0
-13.7698555,31.002483,-100.000015,0,0
-14.7698555,31.002483,-100.000015,0,0
-15.7698555,31.002483,-100.000015,0,0
-16.769855,31.002483,-100.000015,0,0
-17.769855,31.002483,-100.000015,0,0
-18.769855,31.002483,-100.000015,0,0
-19.769855,31.002483,-100.000015,0,0
-20.769855,31.002483,-100.000015,0,0
-21.769855,31.002483,-100.000015,0,0
-22.769855,31.002483,-100.000015,0,0
-23.769855,31.002483,-100.000015,0,0
-24.769855,31.002483,-100.000015,0,0
-25.769855,31.002483,-100.000015,0,0
-26.769855,31.002483,-100.000015,0,0
-27.769855,31.002483,-100.000015,0,0
-28.769855,31.002483,-100.000015,0,0
-29.769855,31.002483,-100.000015,0,0
-30.769855,31.002483,-100.000015,0,0
-31.769855,31.002483,-100.000015,0,0
-32.769855,31.002483,-100.000015,0,0
-33.769855,31.002483,-100.000015,0,0
-34.769855,31.002483,-100.000015,0,0
-35.769855,31.002483,-100.000015,0,0
-36.769855,31.002483,-100.000015,0,0
-37.769855,31.002483,-100.000015,0,0
-38.769855,31.002483,-100.000015,0,0
-39.769855,31.002483,-100.000015,0,0
-40.769855,31.002483,-100.000015,0,0
-41.769855,31.002483,-100.000015,0,0
-42.769855,31.002483,-100.000015,0,0
-43.769855,31.002483,-100.000015,0,0
-44.769855,31.002483,-100.000015,0,0
-45.769855,31.002483,-100.000015,0,0
-46.769855,31.002483,-100.000015,0,0
-47.769855,31.002483,-100.000015,0,0
-48.769855,31.002483,-100.000015,0,0
-49.769855,31.002483,-100.000015,0,0
49.230145,30.002483,-100.000015,0,0
48.230145,30.002483,-100.000015,0,0
47.230145,30.002483,-100.000015,0,0
46.230145,30.002483,-100.000015,0,0
45.230145,30.002483,-100.000015,0,0
44.230145,30.002483,-100.000015,0,0
43.230145,30.002483,-100.000015,0,0
42.230145,30.002483,-100.000015,0,0
41.230145,30.002483,-100.000015,0,0
40.230145,30.002483,-100.000015,0,0
39.230145,30.002483,-100.000015,0,0
38.230145,30.002483,-100.000015,0,0
37.230145,30.002483,-100.000015,0,0
36.230145,30.002483,-100.000015,0,0
35.230145,30.002483,-100.000015,0,0
34.230145,30.002483,-100.000015,0,0
33.230145,30.002483,-100.000015,0,0
32.230145,30.002483,-100.000015,0,0
31.230145,30.002483,-100.000015,0,0
30.230145,30.002483,-100.000015,0,0
29.230145,30.002483,-100.000015,0,0
28.230145,30.002483,-100.000015,0,0
27.230145,30.002483,-100.000015,0,0
26.230145,30.002483,-100.000015,0,0
25.230145,30.002483,-100.000015,0,0
24.230145,30.002483,-100.000015,0,0
23.230145,30.002483,-100.000015,0,0
22.230145,30.002483,-100.000015,0,0
21.230145,30.002483,-100.000015,0,0
20.230145,30.002483,-100.000015,0,0
19.230145,30.002483,-100.000015,0,0
18.230145,30.002483,-100.000015,0,0
17.230145,30.002483,-100.000015,0,0
16.230145,30.002483,-100.000015,0,0
15.2301445,30.002483,-100.000015,0,0
14.2301445,30.002483,-100.000015,0,0
13.2301445,30.002483,-100.000015,0,0
12.2301445,30.002483,-100.000015,0,0
11.2301445,30.002483,-100.000015,0,0
10.2301445,30.002483,-100.000015,0,0
9.2301445,30.002483,-100.000015,0,0
8.2301445,30.002483,-100.000015,0,0
7.2301445,30.002483,-100.000015,0,0
6.2301445,30.002483,-100.000015,0,0
5.2301445,30.002483,-100.000015,0,0
4.2301445,30.002483,-100.000015,0,0
3.2301445,30.002483,-100.000015,0,0
2.2301445,30.002483,-100.000015,0,0
1.2301445,30.002483,-100.000015,0,0
0.2301445,30.002483,-100.000015,0,0
-0.7698555,30.002483,-100.000015,0,0
-1.7698555,30.002483,-100.000015,0,0
-2.7698555,30.002483,-100.000015,0,0
-3.7698555,30.002483,-100.000015,0,0
-4.7698555,30.002483,-100.000015,0,0
-5.7698555,30.002483,-100.000015,0,0
-6.7698555,30.002483,-100.000015,0,0
-7.7698555,30.002483,-100.000015,0,0
-8.7698555,30.002483,-100.000015,0,0
-9.7698555,30.002483,-100.000015,0,0
-10.7698555,30.002483,-100.000015,0,0
-11.7698555,30.002483,-100.000015,0,0
-12.7698555,30.002483,-100.000015,0,0
-13.7698555,30.002483,-100.000015,0,0
-14.7698555,30.002483,-100.000015,0,0
-15.7698555,30.002483,-100.000015,0,0
-16.769855,30.002483,-100.000015,0,0
-17.769855,30.002483,-100.000015,0,0
-18.769855,30.002483,-100.000015,0,0
-19.769855,30.002483,-100.000015,0,0
-20.769855,30.002483,-100.000015,0,0
-21.769855,30.002483,-100.000015,0,0
-22.769855,30.002483,-100.000015,0,0
-23.769855,30.002483,-100.000015,0,0
-24.769855,30.002483,-100.000015,0,0
-25.769855,30.002483,-100.000015,0,0
-26.769855,30.002483,-100.000015,0,0
-27.769855,30.002483,-100.000015,0,0
-28.769855,30.002483,-100.000015,0,0
-29.769855,30.002483,-100.000015,0,0
-30.769855,30.002483,-100.000015,0,0
-31.769855,30.002483,-100.000015,0,0
-32.769855,30.002483,-100.000015,0,0
-33.769855,30.002483,-100.000015,0,0
-34.769855,30.002483,-100.000015,0,0
-35.769855,30.002483,-100.000015,0,0
-36.769855,30.002483,-100.000015,0,0
-37.769855,30.002483,-100.000015,0,0
-38.769855,30.002483,-100.000015,0,0
-39.769855,30.002483,-100.000015,0,0
-40.769855,30.002483,-100.000015,0,0
-41.769855,30.002483,-100.000015,0,0
-42.769855,30.002483,-100.000015,0,0
-43.769855,30.002483,-100.000015,0,0
-44.769855,30.002483,-100.000015,0,0
-45.769855,30.002483,-100.000015,0,0
-46.769855,30.002483,-100.000015,0,0
-47.769855,30.002483,-100.000015,0,0
-48.769855,30.002483,-100.000015,0,0
-49.769855,30.002483,-100.000015,0,0
49.230145,29.002483,-100.000015,0,0
48.230145,29.002483,-100.000015,0,0
47.230145,29.002483,-100.000015,0,0
46.230145,29.002483,-100.000015,0,0
45.230145,29.002483,-100.000015,0,0
44.230145,29.002483,-100.000015,0,0
43.230145,29.002483,-100.000015,0,0
42.230145,29.002483,-100.000015,0,0
41.230145,29.002483,-100.000015,0,0
40.230145,29.002483,-100.000015,0,0
39.230145,29.002483,-100.000015,0,0
38.230145,29.002483,-100.000015,0,0
37.230145,29.002483,-100.000015,0,0
36.230145,29.002483,-100.000015,0,0
35.230145,29.002483,-100.000015,0,0
34.230145,29.002483,-100.000015,0,0
33.230145,29.002483,-100.000015,0,0
32.230145,29.002483,-100.000015,0,0
31.230145,29.002483,-100.000015,0,0
30.230145,29.002483,-100.000015,0,0
29.230145,29.002483,-100.000015,0,0
28.230145,29.002483,-100.000015,0,0
27.230145,29.002483,-100.000015,0,0
26.230145,29.002483,-100.000015,0,0
25.230145,29.002483,-100.000015,0,0
24.230145,29.002483,-100.000015,0,0
23.230145,29.002483,-100.000015,0,0
22.230145,29.002483,-100.000015,0,0
21.230145,29.002483,-100.000015,0,0
20.230145,29.002483,-100.000015,0,0
19.230145,29.002483,-100.000015,0,0
18.230145,29.002483,-100.000015,0,0
17.230145,29.002483,-100.000015,0,0
16.230145,29.002483,-100.000015,0,0
15.2301445,29.002483,-100.000015,0,0
14.2301445,29.002483,-100.000015,0,0
13.2301445,29.002483,-100.000015,0,0
12.2301445,29.002483,-100.000015,0,0
11.2301445,29.002483,-100.000015,0,0
10.2301445,29.002483,-100.000015,0,0
9.2301445,29.002483,-100.000015,0,0
8.2301445,29.002483,-100.000015,0,0
7.2301445,29.002483,-100.000015,0,0
6.2301445,29.002483,-100.000015,0,0
5.2301445,29.002483,-100.000015,0,0
4.2301445,29.002483,-100.000015,0,0
3.2301445,29.002483,-100.000015,0,0
2.2301445,29.002483,-100.000015,0,0
1.2301445,29.002483,-100.000015,0,0
0.2301445,29.002483,-100.000015,0,0
-0.7698555,29.002483,-100.000015,0,0
-1.7698555,29.002483,-100.000015,0,0
-2.7698555,29.002483,-100.000015,0,0
-3.7698555,29.002483,-100.000015,0,0
-4.7698555,29.002483,-100.000015,0,0
-5.7698555,29.002483,-100.000015,0,0
-6.7698555,29.002483,-100.000015,0,0
-7.7698555,29.002483,-100.000015,0,0
-8.7698555,29.002483,-100.000015,0,0
-9.7698555,29.002483,-100.000015,0,0
-10.7698555,29.002483,-100.000015,0,0
-11.7698555,29.002483,-100.000015,0,0
-12.7698555,29.002483,-100.000015,0,0
-13.7698555,29.002483,-100.000015,0,0
-14.7698555,29.002483,-100.000015,0,0
-15.7698555,29.002483,-100.000015,0,0
-16.769855,29.002483,-100.000015,0,0
-17.769855,29.002483,-100.000015,0,0
-18.769855,29.002483,-100.000015,0,0
-19.769855,29.002483,-100.000015,0,0
-20.769855,29.002483,-100.000015,0,0
-21.769855,29.002483,-100.000015,0,0
-22.769855,29.002483,-100.000015,0,0
-23.769855,29.002483,-100.000015,0,0
-24.769855,29.002483,-100.000015,0,0
-25.769855,29.002483,-100.000015,0,0
-26.769855,29.002483,-100.000015,0,0
-27.769855,29.002483,-100.000015,0,0
-28.769855,29.002483,-100.000015,0,0
-29.769855,29.002483,-100.000015,0,0
-30.769855,29.002483,-100.000015,0,0
-31.769855,29.002483,-100.000015,0,0
-32.769855,29.002483,-100.000015,0,0
-33.769855,29.002483,-100.000015,0,0
-34.769855,29.002483,-100.000015,0,0
-35.769855,29.002483,-100.000015,0,0
-36.769855,29.002483,-100.000015,0,0
-37.769855,29.002483,-100.000015,0,0
-38.769855,29.002483,-100.000015,0,0
-39.769855,29.002483,-100.000015,0,0
-40.769855,29.002483,-100.000015,0,0
-41.769855,29.002483,-100.000015,0,0
-42.769855,29.002483,-100.000015,0,0
-43.769855,29.002483,-100.000015,0,0
-44.769855,29.002483,-100.000015,0,0
-45.769855,29.002483,-100.000015,0,0
-46.769855,29.002483,-100.000015,0,0
-47.769855,29.002483,-100.000015,0,0
-48.769855,29.002483,-100.000015,0,0
-49.769855,29.002483,-100.000015,0,0
49.230145,28.002483,-100.000015,0,0
48.230145,28.002483,-100.000015,0,0
47.230145,28.002483,-100.000015,0,0
46.230145,28.002483,-100.000015,0,0
45.230145,28.002483,-100.000015,0,0
44.230145,28.002483,-100.000015,0,0
43.230145,28.002483,-100.000015,0,0
42.230145,28.002483,-100.000015,0,0
41.230145,28.002483,-100.000015,0,0
40.230145,28.002483,-100.000015,0,0
39.230145,28.002483,-100.000015,0,0
38.230145,28.002483,-100.000015,0,0
37.230145,28.002483,-100.000015,0,0
36.230145,28.002483,-100.000015,0,0
35.230145,28.002483,-100.000015,0,0
34.230145,28.002483,-100.000015,0,0
33.230145,28.002483,-100.000015,0,0
32.230145,28.002483,-100.000015,0,0
31.230145,28.002483,-100.000015,0,0
30.230145,28.002483,-100.000015,0,0
29.230145,28.002483,-100.000015,0,0
28.230145,28.002483,-100.000015,0,0
27.230145,28.002483,-100.000015,0,0
26.230145,28.002483,-100.000015,0,0
25.230145,28.002483,-100.000015,0,0
24.230145,28.002483,-100.000015,0,0
23.230145,28.002483,-100.000015,0,0
22.230145,28.002483,-100.000015,0,0
21.230145,28.002483,-100.000015,0,0
20.230145,28.002483,-100.000015,0,0
19.230145,28.002483,-100.000015,0,0
18.230145,28.002483,-100.000015,0,0
17.230145,28.002483,-100.000015,0,0
16.230145,28.002483,-100.000015,0,0
15.2301445,28.002483,-100.000015,0,0
14.2301445,28.002483,-100.000015,0,0
13.2301445,28.002483,-100.000015,0,0
12.2301445,28.002483,-100.000015,0,0
11.2301445,28.002483,-100.000015,0,0
10.2301445,28.002483,-100.000015,0,0
9.2301445,28.002483,-100.000015,0,0
8.2301445,28.002483,-100.000015,0,0
7.2301445,28.002483,-100.000015,0,0
6.2301445,28.002483,-100.000015,0,0
5.2301445,28.002483,-100.000015,0,0
4.2301445,28.002483,-100.000015,0,0
3.2301445,28.002483,-100.000015,0,0
2.2301445,28.002483,-100.000015,0,0
1.2301445,28.002483,-100.000015,0,0
0.2301445,28.002483,-100.000015,0,0
-0.7698555,28.002483,-100.000015,0,0
-1.7698555,28.002483,-100.000015,0,0
-2.7698555,28.002483,-100.000015,0,0
-3.7698555,28.002483,-100.000015,0,0
-4.7698555,28.002483,-100.000015,0,0
-5.7698555,28.002483,-100.000015,0,0
-6.7698555,28.002483,-100.000015,0,0
-7.7698555,28.002483,-100.000015,0,0
-8.7698555,28.002483,-100.000015,0,0
-9.7698555,28.002483,-100.000015,0,0
-10.7698555,28.002483,-100.000015,0,0
-11.7698555,28.002483,-100.000015,0,0
-12.7698555,28.002483,-100.000015,0,0
-13.7698555,28.002483,-100.000015,0,0
-14.7698555,28.002483,-100.000015,0,0
-15.7698555,28.002483,-100.000015,0,0
-16.769855,28.002483,-100.000015,0,0
-17.769855,28.002483,-100.000015,0,0
-18.769855,28.002483,-100.000015,0,0
-19.769855,28.002483,-100.000015,0,0
-20.769855,28.002483,-100.000015,0,0
-21.769855,28.002483,-100.000015,0,0
-22.769855,28.002483,-100.000015,0,0
-23.769855,28.002483,-100.000015,0,0
-24.769855,28.002483,-100.000015,0,0
-25.769855,28.002483,-100.000015,0,0
-26.769855,28.002483,-100.000015,0,0
-27.769855,28.002483,-100.000015,0,0
-28.769855,28.002483,-100.000015,0,0
-29.769855,28.002483,-100.000015,0,0
-30.769855,28.002483,-100.000015,0,0
-31.769855,28.002483,-100.000015,0,0
-32.769855,28.002483,-100.000015,0,0
-33.769855,28.002483,-100.000015,0,0
-34.769855,28.002483,-100.000015,0,0
-35.769855,28.002483,-100.000015,0,0
-36.769855,28.002483,-100.000015,0,0
-37.769855,28.002483,-100.000015,0,0
-38.769855,28.002483,-100.000015,0,0
-39.769855,28.002483,-100.000015,0,0
-40.769855,28.002483,-100.000015,0,0
-41.769855,28.002483,-100.000015,0,0
-42.769855,28.002483,-100.000015,0,0
-43.769855,28.002483,-100.000015,0,0
-44.769855,28.002483,-100.000015,0,0
-45.769855,28.002483,-100.000015,0,0
-46.769855,28.002483,-100.000015,0,0
-47.769855,28.002483,-100.000015,0,0
-48.769855,28.002483,-100.000015,0,0
-49.769855,28.002483,-100.000015,0,0
49.230145,27.002483,-100.000015,0,0
48.230145,27.002483,-100.000015,0,0
47.230145,27.002483,-100.000015,0,0
46.230145,27.002483,-100.000015,0,0
45.230145,27.002483,-100.000015,0,0
44.230145,27.002483,-100.000015,0,0
43.230145,27.002483,-100.000015,0,0
42.230145,27.002483,-100.000015,0,0
41.230145,27.002483,-100.000015,0,0
40.230145,27.002483,-100.000015,0,0
39.230145,27.002483,-100.000015,0,0
38.230145,27.002483,-100.000015,0,0
37.230145,27.002483,-100.000015,0,0
36.230145,27.002483,-100.000015,0,0
35.230145,27.002483,-100.000015,0,0
34.230145,27.002483,-100.000015,0,0
33.230145,27.002483,-100.000015,0,0
32.230145,27.002483,-100.000015,0,0
31.230145,27.002483,-100.000015,0,0
30.230145,27.002483,-100.000015,0,0
29.230145,27.002483,-100.000015,0,0
28.230145,27.002483,-100.000015,0,0
27.230145,27.002483,-100.000015,0,0
26.230145,27.002483,-100.000015,0,0
25.230145,27.002483,-100.000015,0,0
24.230145,27.002483,-100.000015,0,0
23.230145,27.002483,-100.000015,0,0
22.230145,27.002483,-100.000015,0,0
21.230145,27.002483,-100.000015,0,0
20.230145,27.002483,-100.000015,0,0
19.230145,27.002483,-100.000015,0,0
18.230145,27.002483,-100.000015,0,0
17.230145,27.002483,-100.000015,0,0
16.230145,27.002483,-100.000015,0,0
15.2301445,27.002483,-100.000015,0,0
14.2301445,27.002483,-100.000015,0,0
13.2301445,27.002483,-100.000015,0,0
12.2301445,27.002483,-100.000015,0,0
11.2301445,27.002483,-100.000015,0,0
10.2301445,27.002483,-100.000015,0,0
9.2301445,27.002483,-100.000015,0,0
8.2301445,27.002483,-100.000015,0,0
7.2301445,27.002483,-100.000015,0,0
6.2301445,27.002483,-100.000015,0,0
5.2301445,27.002483,-100.000015,0,0
4.2301445,27.002483,-100.000015,0,0
3.2301445,27.002483,-100.000015,0,0
2.2301445,27.002483,-100.000015,0,0
1.2301445,27.002483,-100.000015,0,0
0.2301445,27.002483,-100.000015,0,0
-0.7698555,27.002483,-100.000015,0,0
-1.7698555,27.002483,-100.000015,0,0
-2.7698555,27.002483,-100.000015,0,0
-3.7698555,27.002483,-100.000015,0,0
-4.7698555,27.002483,-100.000015,0,0
-5.7698555,27.002483,-100.000015,0,0
-6.7698555,27.002483,-100.000015,0,0
-7.7698555,27.002483,-100.000015,0,0
-8.7698555,27.002483,-100.000015,0,0
-9.7698555,27.002483,-100.000015,0,0
-10.7698555,27.002483,-100.000015,0,0
-11.7698555,27.002483,-100.000015,0,0
-12.7698555,27.002483,-100.000015,0,0
-13.7698555,27.002483,-100.000015,0,0
-14.7698555,27.002483,-100.000015,0,0
-15.7698555,27.002483,-100.000015,0,0
-16.769855,27.002483,-100.000015,0,0
-17.769855,27.002483,-100.000015,0,0
-18.769855,27.002483,-100.000015,0,0
-19.769855,27.002483,-100.000015,0,0
-20.769855,27.002483,-100.000015,0,0
-21.769855,27.002483,-100.000015,0,0
-22.769855,27.002483,-100.000015,0,0
-23.769855,27.002483,-100.000015,0,0
-24.769855,27.002483,-100.000015,0,0
-25.769855,27.002483,-100.000015,0,0
-26.769855,27.002483,-100.000015,0,0
-27.769855,27.002483,-100.000015,0,0
-28.769855,27.002483,-100.000015,0,0
-29.769855,27.002483,-100.000015,0,0
-30.769855,27.002483,-100.000015,0,0
-31.769855,27.002483,-100.000015,0,0
-32.769855,27.002483,-100.000015,0,0
-33.769855,27.002483,-100.000015,0,0
-34.769855,27.002483,-100.000015,0,0
-35.769855,27.002483,-100.000015,0,0
-36.769855,27.002483,-100.000015,0,0
-37.769855,27.002483,-100.000015,0,0
-38.769855,27.002483,-100.000015,0,0
-39.769855,27.002483,-100.000015,0,0
-40.769855,27.002483,-100.000015,0,0
-41.769855,27.002483,-100.000015,0,0
-42.769855,27.002483,-100.000015,0,0
-43.769855,27.002483,-100.000015,0,0
-44.769855,27.002483,-100.000015,0,0
-45.769855,27.002483,-100.000015,0,0
-46.769855,27.002483,-100.000015,0,0
-47.769855,27.002483,-100.000015,0,0
-48.769855,27.002483,-100.000015,0,0
-49.769855,27.002483,-100.000015,0,0
49.230145,26.002483,-100.000015,0,0
48.230145,26.002483,-100.000015,0,0
47.230145,26.002483,-100.000015,0,0
46.230145,26.002483,-100.000015,0,0
45.230145,26.002483,-100.000015,0,0
44.230145,26.002483,-100.000015,0,0
43.230145,26.002483,-100.000015,0,0
42.230145,26.002483,-100.000015,0,0
41.230145,26.002483,-100.000015,0,0
40.230145,26.002483,-100.000015,0,0
39.230145,26.002483,-100.000015,0,0
38.230145,26.002483,-100.000015,0,0
37.230145,26.002483,-100.000015,0,0
36.230145,26.002483,-100.000015,0,0
35.230145,26.002483,-100.000015,0,0
34.230145,26.002483,-100.000015,0,0
33.230145,26.002483,-100.000015,0,0
32.230145,26.002483,-100.000015,0,0
31.230145,26.002483,-100.000015,0,0
30.230145,26.002483,-100.000015,0,0
29.230145,26.002483,-100.000015,0,0
28.230145,26.002483,-100.000015,0,0
27.230145,26.002483,-100.000015,0,0
26.230145,26.002483,-100.000015,0,0
25.230145,26.002483,-100.000015,0,0
24.230145,26.002483,-100.000015,0,0
23.230145,26.002483,-100.000015,0,0
22.230145,26.002483,-100.000015,0,0
21.230145,26.002483,-100.000015,0,0
20.230145,26.002483,-100.000015,0,0
19.230145,26.002483,-100.000015,0,0
18.230145,26.002483,-100.000015,0,0
17.230145,26.002483,-100.000015,0,0
16.230145,26.002483,-100.000015,0,0
15.2301445,26.002483,-100.000015,0,0
14.2301445,26.002483,-100.000015,0,0
13.2301445,26.002483,-100.000015,0,0
12.2301445,26.002483,-100.000015,0,0
11.2301445,26.002483,-100.000015,0,0
10.2301445,26.002483,-100.000015,0,0
9.2301445,26.002483,-100.000015,0,0
8.2301445,26.002483,-100.000015,0,0
7.2301445,26.002483,-100.000015,0,0
6.2301445,26.002483,-100.000015,0,0
5.2301445,26.002483,-100.000015,0,0
4.2301445,26.002483,-100.000015,0,0
3.2301445,26.002483,-100.000015,0,0
2.2301445,26.002483,-100.000015,0,0
1.2301445,26.002483,-100.000015,0,0
0.2301445,26.002483,-100.000015,0,0
-0.7698555,26.002483,-100.000015,0,0
-1.7698555,26.002483,-100.000015,0,0
-2.7698555,26.002483,-100.000015,0,0
-3.7698555,26.002483,-100.000015,0,0
-4.7698555,26.002483,-100.000015,0,0
-5.7698555,26.002483,-100.000015,0,0
-6.7698555,26.002483,-100.000015,0,0
-7.7698555,26.002483,-100.000015,0,0
-8.7698555,26.002483,-100.000015,0,0
-9.7698555,26.002483,-100.000015,0,0
-10.7698555,26.002483,-100.000015,0,0
-11.7698555,26.002483,-100.000015,0,0
-12.7698555,26.002483,-100.000015,0,0
-13.7698555,26.002483,-100.000015,0,0
-14.7698555,26.002483,-100.000015,0,0
-15.7698555,26.002483,-100.000015,0,0
-16.769855,26.002483,-100.000015,0,0
-17.769855,26.002483,-100.000015,0,0
-18.769855,26.002483,-100.000015,0,0
-19.769855,26.002483,-100.000015,0,0
-20.769855,26.002483,-100.000015,0,0
-21.769855,26.002483,-100.000015,0,0
-22.769855,26.002483,-100.000015,0,0
-23.769855,26.002483,-100.000015,0,0
-24.769855,26.002483,-100.000015,0,0
-25.769855,26.002483,-100.000015,0,0
-26.769855,26.002483,-100.000015,0,0
-27.769855,26.002483,-100.000015,0,0
-28.769855,26.002483,-100.000015,0,0
-29.769855,26.002483,-100.000015,0,0
-30.769855,26.002483,-100.000015,0,0
-31.769855,26.002483,-100.000015,0,0
-32.769855,26.002483,-100.000015,0,0
-33.769855,26.002483,-100.000015,0,0
-34.769855,26.002483,-100.000015,0,0
-35.769855,26.002483,-100.000015,0,0
-36.769855,26.002483,-100.000015,0,0
-37.769855,26.002483,-100.000015,0,0
-38.769855,26.002483,-100.000015,0,0
-39.769855,26.002483,-100.000015,0,0
-40.769855,26.002483,-100.000015,0,0
-41.769855,26.002483,-100.000015,0,0
-42.769855,26.002483,-100.000015,0,0
-43.769855,26.002483,-100.000015,0,0
-44.769855,26.002483,-100.000015,0,0
-45.769855,26.002483,-100.000015,0,0
-46.769855,26.002483,-100.000015,0,0
-47.769855,26.002483,-100.000015,0,0
-48.769855,26.002483,-100.000015,0,0
-49.769855,26.002483,-100.000015,0,0
49.230145,25.002483,-100.000015,0,0
48.230145,25.002483,-100.000015,0,0
47.230145,25.002483,-100.000015,0,0
46.230145,25.002483,-100.000015,0,0
45.230145,25.002483,-100.000015,0,0
44.230145,25.002483,-100.000015,0,0
43.230145,25.002483,-100.000015,0,0
42.230145,25.002483,-100.000015,0,0
41.230145,25.002483,-100.000015,0,0
40.230145,25.002483,-100.000015,0,0
39.230145,25.002483,-100.000015,0,0
38.230145,25.002483,-100.000015,0,0
37.230145,25.002483,-100.000015,0,0
36.230145,25.002483,-100.000015,0,0
35.230145,25.002483,-100.000015,0,0
34.230145,25.002483,-100.000015,0,0
33.230145,25.002483,-100.000015,0,0
32.230145,25.002483,-100.000015,0,0
31.230145,25.002483,-100.000015,0,0
30.230145,25.002483,-100.000015,0,0
29.230145,25.002483,-100.000015,0,0
28.230145,25.002483,-100.000015,0,0
27.230145,25.002483,-100.000015,0,0
26.230145,25.002483,-100.000015,0,0
25.230145,25.002483,-100.000015,0,0
24.230145,25.002483,-100.000015,0,0
23.230145,25.002483,-100.000015,0,0
22.230145,25.002483,-100.000015,0,0
21.230145,25.002483,-100.000015,0,0
20.230145,25.002483,-100.000015,0,0
19.230145,25.002483,-100.000015,0,0
18.230145,25.002483,-100.000015,0,0
17.230145,25.002483,-100.000015,0,0
16.230145,25.002483,-100.000015,0,0
15.2301445,25.002483,-100.000015,0,0
14.2301445,25.002483,-100.000015,0,0
13.2301445,25.002483,-100.000015,0,0
12.2301445,25.002483,-100.000015,0,0
11.2301445,25.002483,-100.000015,0,0
10.2301445,25.002483,-100.000015,0,0
9.2301445,25.002483,-100.000015,0,0
8.2301445,25.002483,-100.000015,0,0
7.2301445,25.002483,-100.000015,0,0
6.2301445,25.002483,-100.000015,0,0
5.2301445,25.002483,-100.000015,0,0
4.2301445,25.002483,-100.000015,0,0
3.2301445,25.002483,-100.000015,0,0
2.2301445,25.002483,-100.000015,0,0
1.2301445,25.002483,-100.000015,0,0
0.2301445,25.002483,-100.000015,0,0
-0.7698555,25.002483,-100.000015,0,0
-1.7698555,25.002483,-100.000015,0,0
-2.7698555,25.002483,-100.000015,0,0
-3.7698555,25.002483,-100.000015,0,0
-4.7698555,25.002483,-100.000015,0,0
-5.7698555,25.002483,-100.000015,0,0
-6.7698555,25.002483,-100.000015,0,0
-7.7698555,25.002483,-100.000015,0,0
-8.7698555,25.002483,-100.000015,0,0
-9.7698555,25.002483,-100.000015,0,0
-10.7698555,25.002483,-100.000015,0,0
-11.7698555,25.002483,-100.000015,0,0
-12.7698555,25.002483,-100.000015,0,0
-13.7698555,25.002483,-100.000015,0,0
-14.7698555,25.002483,-100.000015,0,0
-15.7698555,25.002483,-100.000015,0,0
-16.769855,25.002483,-100.000015,0,0
-17.769855,25.002483,-100.000015,0,0
-18.769855,25.002483,-100.000015,0,0
-19.769855,25.002483,-100.000015,0,0
-20.769855,25.002483,-100.000015,0,0
-21.769855,25.002483,-100.000015,0,0
-22.769855,25.002483,-100.000015,0,0
-23.769855,25.002483,-100.000015,0,0
-24.769855,25.002483,-100.000015,0,0
-25.769855,25.002483,-100.000015,0,0
-26.769855,25.002483,-100.000015,0,0
-27.769855,25.002483,-100.000015,0,0
-28.769855,25.002483,-100.000015,0,0
-29.769855,25.002483,-100.000015,0,0
-30.769855,25.002483,-100.000015,0,0
-31.769855,25.002483,-100.000015,0,0
-32.769855,25.002483,-100.000015,0,0
-33.769855,25.002483,-100.000015,0,0
-34.769855,25.002483,-100.000015,0,0
-35.769855,25.002483,-100.000015,0,0
-36.769855,25.002483,-100.000015,0,0
-37.769855,25.002483,-100.000015,0,0
-38.769855,25.002483,-100.000015,0,0
-39.769855,25.002483,-100.000015,0,0
-40.769855,25.002483,-100.000015,0,0
-41.769855,25.002483,-100.000015,0,0
-42.769855,25.002483,-100.000015,0,0
-43.769855,25.002483,-100.000015,0,0
-44.769855,25.002483,-100.000015,0,0
-45.769855,25.002483,-100.000015,0,0
-46.769855,25.002483,-100.000015,0,0
-47.769855,25.002483,-100.000015,0,0
-48.769855,25.002483,-100.000015,0,0
-49.769855,25.002483,-100.000015,0,0
49.230145,24.002483,-100.000015,0,0
48.230145,24.002483,-100.000015,0,0
47.230145,24.002483,-100.000015,0,0
46.230145,24.002483,-100.000015,0,0
45.230145,24.002483,-100.000015,0,0
44.230145,24.002483,-100.000015,0,0
43.230145,24.002483,-100.000015,0,0
42.230145,24.002483,-100.000015,0,0
41.230145,24.002483,-100.000015,0,0
40.230145,24.002483,-100.000015,0,0
39.230145,24.002483,-100.000015,0,0
38.230145,24.002483,-100.000015,0,0
37.230145,24.002483,-100.000015,0,0
36.230145,24.002483,-100.000015,0,0
35.230145,24.002483,-100.000015,0,0
34.230145,24.002483,-100.000015,0,0
33.230145,24.002483,-100.000015,0,0
32.230145,24.002483,-100.000015,0,0
31.230145,24.002483,-100.000015,0,0
30.230145,24.002483,-100.000015,0,0
29.230145,24.002483,-100.000015,0,0
28.230145,24.002483,-100.000015,0,0
27.230145,24.002483,-100.000015,0,0
26.230145,24.002483,-100.000015,0,0
25.230145,24.002483,-100.000015,0,0
24.230145,24.002483,-100.000015,0,0
23.230145,24.002483,-100.000015,0,0
22.230145,24.002483,-100.000015,0,0
21.230145,24.002483,-100.000015,0,0
20.230145,24.002483,-100.000015,0,0
19.230145,24.002483,-100.000015,0,0
18.230145,24.002483,-100.000015,0,0
17.230145,24.002483,-100.000015,0,0
16.230145,24.002483,-100.000015,0,0
15.2301445,24.002483,-100.000015,0,0
14.2301445,24.002483,-100.000015,0,0
13.2301445,24.002483,-100.000015,0,0
12.2301445,24.002483,-100.000015,0,0
11.2301445,24.002483,-100.000015,0,0
10.2301445,24.002483,-100.000015,0,0
9.2301445,24.002483,-100.000015,0,0
8.2301445,24.002483,-100.000015,0,0
7.2301445,24.002483,-100.000015,0,0
6.2301445,24.002483,-100.000015,0,0
5.2301445,24.002483,-100.000015,0,0
4.2301445,24.002483,-100.000015,0,0
3.2301445,24.002483,-100.000015,0,0
2.2301445,24.002483,-100.000015,0,0
1.2301445,24.002483,-100.000015,0,0
0.2301445,24.002483,-100.000015,0,0
-0.7698555,24.002483,-100.000015,0,0
-1.7698555,24.002483,-100.000015,0,0
-2.7698555,24.002483,-100.000015,0,0
-3.7698555,24.002483,-100.000015,0,0
-4.7698555,24.002483,-100.000015,0,0
-5.7698555,24.002483,-100.000015,0,0
-6.7698555,24.002483,-100.000015,0,0
-7.7698555,24.002483,-100.000015,0,0
-8.7698555,24.002483,-100.000015,0,0
-9.7698555,24.002483,-100.000015,0,0
-10.7698555,24.002483,-100.000015,0,0
-11.7698555,24.002483,-100.000015,0,0
-12.7698555,24.002483,-100.000015,0,0
-13.7698555,24.002483,-100.000015,0,0
-14.7698555,24.002483,-100.000015,0,0
-15.7698555,24.002483,-100.000015,0,0
-16.769855,24.002483,-100.000015,0,0
-17.769855,24.002483,-100.000015,0,0
-18.769855,24.002483,-100.000015,0,0
-19.769855,24.002483,-100.000015,0,0
-20.769855,24.002483,-100.000015,0,0
-21.769855,24.002483,-100.000015,0,0
-22.769855,24.002483,-100.000015,0,0
-23.769855,24.002483,-100.000015,0,0
-24.769855,24.002483,-100.000015,0,0
-25.769855,24.002483,-100.000015,0,0
-26.769855,24.002483,-100.000015,0,0
-27.769855,24.002483,-100.000015,0,0
-28.769855,24.002483,-100.000015,0,0
-29.769855,24.002483,-100.000015,0,0
-30.769855,24.002483,-100.000015,0,0
-31.769855,24.002483,-100.000015,0,0
-32.769855,24.002483,-100.000015,0,0
-33.769855,24.002483,-100.000015,0,0
-34.769855,24.002483,-100.000015,0,0
-35.769855,24.002483,-100.000015,0,0
-36.769855,24.002483,-100.000015,0,0
-37.769855,24.002483,-100.000015,0,0
-38.769855,24.002483,-100.000015,0,0
-39.769855,24.002483,-100.000015,0,0
-40.769855,24.002483,-100.000015,0,0
-41.769855,24.002483,-100.000015,0,0
-42.769855,24.002483,-100.000015,0,0
-43.769855,24.002483,-100.000015,0,0
-44.769855,24.002483,-100.000015,0,0
-45.769855,24.002483,-100.000015,0,0
-46.769855,24.002483,-100.000015,0,0
-47.769855,24.002483,-100.000015,0,0
-48.769855,24.002483,-100.000015,0,0
-49.769855,24.002483,-100.000015,0,0
49.230145,23.002483,-100.000015,0,0
48.230145,23.002483,-100.000015,0,0
47.230145,23.002483,-100.000015,0,0
46.230145,23.002483,-100.000015,0,0
45.230145,23.002483,-100.000015,0,0
44.230145,23.002483,-100.000015,0,0
43.230145,23.002483,-100.000015,0,0
42.230145,23.002483,-100.000015,0,0
41.230145,23.002483,-100.000015,0,0
40.230145,23.002483,-100.000015,0,0
39.230145,23.002483,-100.000015,0,0
38.230145,23.002483,-100.000015,0,0
37.230145,23.002483,-100.000015,0,0
36.230145,23.002483,-100.000015,0,0
35.230145,23.002483,-100.000015,0,0
34.230145,23.002483,-100.000015,0,0
33.230145,23.002483,-100.000015,0,0
32.230145,23.002483,-100.000015,0,0
31.230145,23.002483,-100.000015,0,0
30.230145,23.002483,-100.000015,0,0
29.230145,23.002483,-100.000015,0,0
28.230145,23.002483,-100.000015,0,0
27.230145,23.002483,-100.000015,0,0
26.230145,23.002483,-100.000015,0,0
25.230145,23.002483,-100.000015,0,0
24.230145,23.002483,-100.000015,0,0
23.230145,23.002483,-100.000015,0,0
22.230145,23.002483,-100.000015,0,0
21.230145,23.002483,-100.000015,0,0
20.230145,23.002483,-100.000015,0,0
19.230145,23.002483,-100.000015,0,0
18.230145,23.002483,-100.000015,0,0
17.230145,23.002483,-100.000015,0,0
16.230145,23.002483,-100.000015,0,0
15.2301445,23.002483,-100.000015,0,0
14.2301445,23.002483,-100.000015,0,0
13.2301445,23.002483,-100.000015,0,0
12.2301445,23.002483,-100.000015,0,0
11.2301445,23.002483,-100.000015,0,0
10.2301445,23.002483,-100.000015,0,0
9.2301445,23.002483,-100.000015,0,0
8.2301445,23.002483,-100.000015,0,0
7.2301445,23.002483,-100.000015,0,0
6.2301445,23.002483,-100.000015,0,0
5.2301445,23.002483,-100.000015,0,0
4.2301445,23.002483,-100.000015,0,0
3.2301445,23.002483,-100.000015,0,0
2.2301445,23.002483,-100.000015,0,0
1.2301445,23.002483,-100.000015,0,0
0.2301445,23.002483,-100.000015,0,0
-0.7698555,23.002483,-100.000015,0,0
-1.7698555,23.002483,-100.000015,0,0
-2.7698555,23.002483,-100.000015,0,0
-3.7698555,23.002483,-100.000015,0,0
-4.7698555,23.002483,-100.000015,0,0
-5.7698555,23.002483,-100.000015,0,0
-6.7698555,23.002483,-100.000015,0,0
-7.7698555,23.002483,-100.000015,0,0
-8.7698555,23.002483,-100.000015,0,0
-9.7698555,23.002483,-100.000015,0,0
-10.7698555,23.002483,-100.000015,0,0
-11.7698555,23.002483,-100.000015,0,0
-12.7698555,23.002483,-100.000015,0,0
-13.7698555,23.002483,-100.000015,0,0
-14.7698555,23.002483,-100.000015,0,0
-15.7698555,23.002483,-100.000015,0,0
-16.769855,23.002483,-100.000015,0,0
-17.769855,23.002483,-100.000015,0,0
-18.769855,23.002483,-100.000015,0,0
-19.769855,23.002483,-100.000015,0,0
-20.769855,23.002483,-100.000015,0,0
-21.769855,23.002483,-100.000015,0,0
-22.769855,23.002483,-100.000015,0,0
-23.769855,23.002483,-100.000015,0,0
-24.769855,23.002483,-100.000015,0,0
-25.769855,23.002483,-100.000015,0,0
-26.769855,23.002483,-100.000015,0,0
-27.769855,23.002483,-100.000015,0,0
-28.769855,23.002483,-100.000015,0,0
-29.769855,23.002483,-100.000015,0,0
-30.769855,23.002483,-100.000015,0,0
-31.769855,23.002483,-100.000015,0,0
-32.769855,23.002483,-100.000015,0,0
-33.769855,23.002483,-100.000015,0,0
-34.769855,23.002483,-100.000015,0,0
-35.769855,23.002483,-100.000015,0,0
-36.769855,23.002483,-100.000015,0,0
-37.769855,23.002483,-100.000015,0,0
-38.769855,23.002483,-100.000015,0,0
-39.769855,23.002483,-100.000015,0,0
-40.769855,23.002483,-100.000015,0,0
-41.769855,23.002483,-100.000015,0,0
-42.769855,23.002483,-100.000015,0,0
-43.769855,23.002483,-100.000015,0,0
-44.769855,23.002483,-100.000015,0,0
-45.769855,23.002483,-100.000015,0,0
-46.769855,23.002483,-100.000015,0,0
-47.769855,23.002483,-100.000015,0,0
-48.769855,23.002483,-100.000015,0,0
-49.769855,23.002483,-100.000015,0,0
49.230145,22.002483,-100.000015,0,0
48.230145,22.002483,-100.000015,0,0
47.230145,22.002483,-100.000015,0,0
46.230145,22.002483,-100.000015,0,0
45.230145,22.002483,-100.000015,0,0
44.230145,22.002483,-100.000015,0,0
43.230145,22.002483,-100.000015,0,0
42.230145,22.002483,-100.000015,0,0
41.230145,22.002483,-100.000015,0,0
40.230145,22.002483,-100.000015,0,0
39.230145,22.002483,-100.000015,0,0
38.230145,22.002483,-100.000015,0,0
37.230145,22.002483,-100.000015,0,0
36.230145,22.002483,-100.000015,0,0
35.230145,22.002483,-100.000015,0,0
34.230145,22.002483,-100.000015,0,0
33.230145,22.002483,-100.000015,0,0
32.230145,22.002483,-100.000015,0,0
31.230145,22.002483,-100.000015,0,0
30.230145,22.002483,-100.000015,0,0
29.230145,22.002483,-100.000015,0,0
28.230145,22.002483,-100.000015,0,0
27.230145,22.002483,-100.000015,0,0
26.230145,22.002483,-100.000015,0,0
25.230145,22.002483,-100.000015,0,0
24.230145,22.002483,-100.000015,0,0
23.230145,22.002483,-100.000015,0,0
22.230145,22.002483,-100.000015,0,0
21.230145,22.002483,-100.000015,0,0
20.230145,22.002483,-100.000015,0,0
19.230145,22.002483,-100.000015,0,0
18.230145,22.002483,-100.000015,0,0
17.230145,22.002483,-100.000015,0,0
16.230145,22.002483,-100.000015,0,0
15.2301445,22.002483,-100.000015,0,0
14.2301445,22.002483,-100.000015,0,0
13.2301445,22.002483,-100.000015,0,0
12.2301445,22.002483,-100.000015,0,0
11.2301445,22.002483,-100.000015,0,0
10.2301445,22.002483,-100.000015,0,0
9.2301445,22.002483,-100.000015,0,0
8.2301445,22.002483,-100.000015,0,0
7.2301445,22.002483,-100.000015,0,0
6.2301445,22.002483,-100.000015,0,0
5.2301445,22.002483,-100.000015,0,0
4.2301445,22.002483,-100.000015,0,0
3.2301445,22.002483,-100.000015,0,0
2.2301445,22.002483,-100.000015,0,0
1.2301445,22.002483,-100.000015,0,0
0.2301445,22.002483,-100.000015,0,0
-0.7698555,22.002483,-100.000015,0,0
-1.7698555,22.002483,-100.000015,0,0
-2.7698555,22.002483,-100.000015,0,0
-3.7698555,22.002483,-100.000015,0,0
-4.7698555,22.002483,-100.000015,0,0
-5.7698555,22.002483,-100.000015,0,0
-6.7698555,22.002483,-100.000015,0,0
-7.7698555,22.002483,-100.000015,0,0
-8.7698555,22.002483,-100.000015,0,0
-9.7698555,22.002483,-100.000015,0,0
-10.7698555,22.002483,-100.000015,0,0
-11.7698555,22.002483,-100.000015,0,0
-12.7698555,22.002483,-100.000015,0,0
-13.7698555,22.002483,-100.000015,0,0
-14.7698555,22.002483,-100.000015,0,0
-15.7698555,22.002483,-100.000015,0,0
-16.769855,22.002483,-100.000015,0,0
-17.769855,22.002483,-100.000015,0,0
-18.769855,22.002483,-100.000015,0,0
-19.769855,22.002483,-100.000015,0,0
-20.769855,22.002483,-100.000015,0,0
-21.769855,22.002483,-100.000015,0,0
-22.769855,22.002483,-100.000015,0,0
-23.769855,22.002483,-100.000015,0,0
-24.769855,22.002483,-100.000015,0,0
-25.769855,22.002483,-100.000015,0,0
-26.769855,22.002483,-100.000015,0,0
-27.769855,22.002483,-100.000015,0,0
-28.769855,22.002483,-100.000015,0,0
-29.769855,22.002483,-100.000015,0,0
-30.769855,22.002483,-100.000015,0,0
-31.769855,22.002483,-100.000015,0,0
-32.769855,22.002483,-100.000015,0,0
-33.769855,22.002483,-100.000015,0,0
-34.769855,22.002483,-100.000015,0,0
-35.769855,22.002483,-100.000015,0,0
-36.769855,22.002483,-100.000015,0,0
-37.769855,22.002483,-100.000015,0,0
-38.769855,22.002483,-100.000015,0,0
-39.769855,22.002483,-100.000015,0,0
-40.769855,22.002483,-100.000015,0,0
-41.769855,22.002483,-100.000015,0,0
-42.769855,22.002483,-100.000015,0,0
-43.769855,22.002483,-100.000015,0,0
-44.769855,22.002483,-100.000015,0,0
-45.769855,22.002483,-100.000015,0,0
-46.769855,22.002483,-100.000015,0,0
-47.769855,22.002483,-100.000015,0,0
-48.769855,22.002483,-100.000015,0,0
-49.769855,22.002483,-100.000015,0,0
49.230145,21.002483,-100.000015,0,0
48.230145,21.002483,-100.000015,0,0
47.230145,21.002483,-100.000015,0,0
46.230145,21.002483,-100.000015,0,0
45.230145,21.002483,-100.000015,0,0
44.230145,21.002483,-100.000015,0,0
43.230145,21.002483,-100.000015,0,0
42.230145,21.002483,-100.000015,0,0
41.230145,21.002483,-100.000015,0,0
40.230145,21.002483,-100.000015,0,0
39.230145,21.002483,-100.000015,0,0
38.230145,21.002483,-100.000015,0,0
37.230145,21.002483,-100.000015,0,0
36.230145,21.002483,-100.000015,0,0
35.230145,21.002483,-100.000015,0,0
34.230145,21.002483,-100.000015,0,0
33.230145,21.002483,-100.000015,0,0
32.230145,21.002483,-100.000015,0,0
31.230145,21.002483,-100.000015,0,0
30.230145,21.002483,-100.000015,0,0
29.230145,21.002483,-100.000015,0,0
28.230145,21.002483,-100.000015,0,0
27.230145,21.002483,-100.000015,0,0
26.230145,21.002483,-100.000015,0,0
25.230145,21.002483,-100.000015,0,0
24.230145,21.002483,-100.000015,0,0
23.230145,21.002483,-100.000015,0,0
22.230145,21.002483,-100.000015,0,0
21.230145,21.002483,-100.000015,0,0
20.230145,21.002483,-100.000015,0,0
19.230145,21.002483,-100.000015,0,0
18.230145,21.002483,-100.000015,0,0
17.230145,21.002483,-100.000015,0,0
16.230145,21.002483,-100.000015,0,0
15.2301445,21.002483,-100.000015,0,0
14.2301445,21.002483,-100.000015,0,0
13.2301445,21.002483,-100.000015,0,0
12.2301445,21.002483,-100.000015,0,0
11.2301445,21.002483,-100.000015,0,0
10.2301445,21.002483,-100.000015,0,0
9.2301445,21.002483,-100.000015,0,0
8.2301445,21.002483,-100.000015,0,0
7.2301445,21.002483,-100.000015,0,0
6.2301445,21.002483,-100.000015,0,0
5.2301445,21.002483,-100.000015,0,0
4.2301445,21.002483,-100.000015,0,0
3.2301445,21.002483,-100.000015,0,0
2.2301445,21.002483,-100.000015,0,0
1.2301445,21.002483,-100.000015,0,0
0.2301445,21.002483,-100.000015,0,0
-0.7698555,21.002483,-100.000015,0,0
-1.7698555,21.002483,-100.000015,0,0
-2.7698555,21.002483,-100.000015,0,0
-3.7698555,21.002483,-100.000015,0,0
-4.7698555,21.002483,-100.000015,0,0
-5.7698555,21.002483,-100.000015,0,0
-6.7698555,21.002483,-100.000015,0,0
-7.7698555,21.002483,-100.000015,0,0
-8.7698555,21.002483,-100.000015,0,0
-9.7698555,21.002483,-100.000015,0,0
-10.7698555,21.002483,-100.000015,0,0
-11.7698555,21.002483,-100.000015,0,0
-12.7698555,21.002483,-100.000015,0,0
-13.7698555,21.002483,-100.000015,0,0
-14.7698555,21.002483,-100.000015,0,0
-15.7698555,21.002483,-100.000015,0,0
-16.769855,21.002483,-100.000015,0,0
-17.769855,21.002483,-100.000015,0,0
-18.769855,21.002483,-100.000015,0,0
-19.769855,21.002483,-100.000015,0,0
-20.769855,21.002483,-100.000015,0,0
-21.769855,21.002483,-100.000015,0,0
-22.769855,21.002483,-100.000015,0,0
-23.769855,21.002483,-100.000015,0,0
-24.769855,21.002483,-100.000015,0,0
-25.769855,21.002483,-100.000015,0,0
-26.769855,21.002483,-100.000015,0,0
-27.769855,21.002483,-100.000015,0,0
-28.769855,21.002483,-100.000015,0,0
-29.769855,21.002483,-100.000015,0,0
-30.769855,21.002483,-100.000015,0,0
-31.769855,21.002483,-100.000015,0,0
-32.769855,21.002483,-100.000015,0,0
-33.769855,21.002483,-100.000015,0,0
-34.769855,21.002483,-100.000015,0,0
-35.769855,21.002483,-100.000015,0,0
-36.769855,21.002483,-100.000015,0,0
-37.769855,21.002483,-100.000015,0,0
-38.769855,21.002483,-100.000015,0,0
-39.769855,21.002483,-100.000015,0,0
-40.769855,21.002483,-100.000015,0,0
-41.769855,21.002483,-100.000015,0,0
-42.769855,21.002483,-100.000015,0,0
-43.769855,21.002483,-100.000015,0,0
-44.769855,21.002483,-100.000015,0,0
-45.769855,21.002483,-100.000015,0,0
-46.769855,21.002483,-100.000015,0,0
-47.769855,21.002483,-100.000015,0,0
-48.769855,21.002483,-100.000015,0,0
-49.769855,21.002483,-100.000015,0,0
49.230145,20.002483,-100.000015,0,0
48.230145,20.002483,-100.000015,0,0
47.230145,20.002483,-100.000015,0,0
46.230145,20.002483,-100.000015,0,0
45.230145,20.002483,-100.000015,0,0
44.230145,20.002483,-100.000015,0,0
43.230145,20.002483,-100.000015,0,0
42.230145,20.002483,-100.000015,0,0
41.230145,20.002483,-100.000015,0,0
40.230145,20.002483,-100.000015,0,0
39.230145,20.002483,-100.000015,0,0
38.230145,20.002483,-100.000015,0,0
37.230145,20.002483,-100.000015,0,0
36.230145,20.002483,-100.000015,0,0
35.230145,20.002483,-100.000015,0,0
34.230145,20.002483,-100.000015,0,0
33.230145,20.002483,-100.000015,0,0
32.230145,20.002483,-100.000015,0,0
31.230145,20.002483,-100.000015,0,0
30.230145,20.002483,-100.000015,0,0
29.230145,20.002483,-100.000015,0,0
28.230145,20.002483,-100.000015,0,0
27.230145,20.002483,-100.000015,0,0
26.230145,20.002483,-100.000015,0,0
25.230145,20.002483,-100.000015,0,0
24.230145,20.002483,-100.000015,0,0
23.230145,20.002483,-100.000015,0,0
22.230145,20.002483,-100.000015,0,0
21.230145,20.002483,-100.000015,0,0
20.230145,20.002483,-100.000015,0,0
19.230145,20.002483,-100.000015,0,0
18.230145,20.002483,-100.000015,0,0
17.230145,20.002483,-100.000015,0,0
16.230145,20.002483,-100.000015,0,0
15.2301445,20.002483,-100.000015,0,0
14.2301445,20.002483,-100.000015,0,0
13.2301445,20.002483,-100.000015,0,0
12.2301445,20.002483,-100.000015,0,0
11.2301445,20.002483,-100.000015,0,0
10.2301445,20.002483,-100.000015,0,0
9.2301445,20.002483,-100.000015,0,0
8.2301445,20.002483,-100.000015,0,0
7.2301445,20.002483,-100.000015,0,0
6.2301445,20.002483,-100.000015,0,0
5.2301445,20.002483,-100.000015,0,0
4.2301445,20.002483,-100.000015,0,0
3.2301445,20.002483,-100.000015,0,0
2.2301445,20.002483,-100.000015,0,0
1.2301445,20.002483,-100.000015,0,0
0.2301445,20.002483,-100.000015,0,0
-0.7698555,20.002483,-100.000015,0,0
-1.7698555,20.002483,-100.000015,0,0
-2.7698555,20.002483,-100.000015,0,0
-3.7698555,20.002483,-100.000015,0,0
-4.7698555,20.002483,-100.000015,0,0
-5.7698555,20.002483,-100.000015,0,0
-6.7698555,20.002483,-100.000015,0,0
-7.7698555,20.002483,-100.000015,0,0
-8.7698555,20.002483,-100.000015,0,0
-9.7698555,20.002483,-100.000015,0,0
-10.7698555,20.002483,-100.000015,0,0
-11.7698555,20.002483,-100.000015,0,0
-12.7698555,20.002483,-100.000015,0,0
-13.7698555,20.002483,-100.000015,0,0
-14.7698555,20.002483,-100.000015,0,0
-15.7698555,20.002483,-100.000015,0,0
-16.769855,20.002483,-100.000015,0,0
-17.769855,20.002483,-100.000015,0,0
-18.769855,20.002483,-100.000015,0,0
-19.769855,20.002483,-100.000015,0,0
-20.769855,20.002483,-100.000015,0,0
-21.769855,20.002483,-100.000015,0,0
-22.769855,20.002483,-100.000015,0,0
-23.769855,20.002483,-100.000015,0,0
-24.769855,20.002483,-100.000015,0,0
-25.769855,20.002483,-100.000015,0,0
-26.769855,20.002483,-100.000015,0,0
-27.769855,20.002483,-100.000015,0,0
-28.769855,20.002483,-100.000015,0,0
-29.769855,20.002483,-100.000015,0,0
-30.769855,20.002483,-100.000015,0,0
-31.769855,20.002483,-100.000015,0,0
-32.769855,20.002483,-100.000015,0,0
-33.769855,20.002483,-100.000015,0,0
-34.769855,20.002483,-100.000015,0,0
-35.769855,20.002483,-100.000015,0,0
-36.769855,20.002483,-100.000015,0,0
-37.769855,20.002483,-100.000015,0,0
-38.769855,20.002483,-100.000015,0,0
-39.769855,20.002483,-100.000015,0,0
-40.769855,20.002483,-100.000015,0,0
-41.769855,20.002483,-100.000015,0,0
-42.769855,20.002483,-100.000015,0,0
-43.769855,20.002483,-100.000015,0,0
-44.769855,20.002483,-100.000015,0,0
-45.769855,20.002483,-100.000015,0,0
-46.769855,20.002483,-100.000015,0,0
-47.769855,20.002483,-100.000015,0,0
-48.769855,20.002483,-100.000015,0,0
-49.769855,20.002483,-100.000015,0,0
49.230145,19.002483,-100.000015,0,0
48.230145,19.002483,-100.000015,0,0
47.230145,19.002483,-100.000015,0,0
46.230145,19.002483,-100.000015,0,0
45.230145,19.002483,-100.000015,0,0
44.230145,19.002483,-100.000015,0,0
43.230145,19.002483,-100.000015,0,0
42.230145,19.002483,-100.000015,0,0
41.230145,19.002483,-100.000015,0,0
40.230145,19.002483,-100.000015,0,0
39.230145,19.002483,-100.000015,0,0
38.230145,19.002483,-100.000015,0,0
37.230145,19.002483,-100.000015,0,0
36.230145,19.002483,-100.000015,0,0
35.230145,19.002483,-100.000015,0,0
34.230145,19.002483,-100.000015,0,0
33.230145,19.002483,-100.000015,0,0
32.230145,19.002483,-100.000015,0,0
31.230145,19.002483,-100.000015,0,0
30.230145,19.002483,-100.000015,0,0
29.230145,19.002483,-100.000015,0,0
28.230145,19.002483,-100.000015,0,0
27.230145,19.002483,-100.000015,0,0
26.230145,19.002483,-100.000015,0,0
25.230145,19.002483,-100.000015,0,0
24.230145,19.002483,-100.000015,0,0
23.230145,19.002483,-100.000015,0,0
22.230145,19.002483,-100.000015,0,0
21.230145,19.002483,-100.000015,0,0
20.230145,19.002483,-100.000015,0,0
19.230145,19.002483,-100.000015,0,0
18.230145,19.002483,-100.000015,0,0
17.230145,19.002483,-100.000015,0,0
16.230145,19.002483,-100.000015,0,0
15.2301445,19.002483,-100.000015,0,0
14.2301445,19.002483,-100.000015,0,0
13.2301445,19.002483,-100.000015,0,0
12.2301445,19.002483,-100.000015,0,0
11.2301445,19.002483,-100.000015,0,0
10.2301445,19.002483,-100.000015,0,0
9.2301445,19.002483,-100.000015,0,0
8.2301445,19.002483,-100.000015,0,0
7.2301445,19.002483,-100.000015,0,0
6.2301445,19.002483,-100.000015,0,0
5.2301445,19.002483,-100.000015,0,0
4.2301445,19.002483,-100.000015,0,0
3.2301445,19.002483,-100.000015,0,0
2.2301445,19.002483,-100.000015,0,31.999996
1.2301445,19.002483,-100.000015,0,51.999996
0.2301445,19.002483,-100.000015,0,47.999996
-0.7698555,19.002483,-100.000015,0,35.999996
-1.7698555,19.002483,-100.000015,0,71.99999
-2.7698555,19.002483,-100.000015,0,43.999996
-3.7698555,19.002483,-100.000015,0,63.999996
-4.7698555,19.002483,-100.000015,0,35.999996
-5.7698555,19.002483,-100.000015,0,7.999998
-6.7698555,19.002483,-100.000015,0,0
-7.7698555,19.002483,-100.000015,0,0
-8.7698555,19.002483,-100.000015,0,0
-9.7698555,19.002483,-100.000015,0,0
-10.7698555,19.002483,-100.000015,0,0
-11.7698555,19.002483,-100.000015,0,0
-12.7698555,19.002483,-100.000015,0,0
-13.7698555,19.002483,-100.000015,0,0
-14.7698555,19.002483,-100.000015,0,0
-15.7698555,19.002483,-100.000015,0,0
-16.769855,19.002483,-100.000015,0,0
-17.769855,19.002483,-100.000015,0,0
-18.769855,19.002483,-100.000015,0,0
-19.769855,19.002483,-100.000015,0,0
-20.769855,19.002483,-100.000015,0,0
-21.769855,19.002483,-100.000015,0,0
-22.769855,19.002483,-100.000015,0,0
-23.769855,19.002483,-100.000015,0,0
-24.769855,19.002483,-100.000015,0,0
-25.769855,19.002483,-100.000015,0,0
-26.769855,19.002483,-100.000015,0,0
-27.769855,19.002483,-100.000015,0,0
-28.769855,19.002483,-100.000015,0,0
-29.769855,19.002483,-100.000015,0,0
-30.769855,19.002483,-100.000015,0,0
-31.769855,19.002483,-100.000015,0,0
-32.769855,19.002483,-100.000015,0,0
-33.769855,19.002483,-100.000015,0,0
-34.769855,19.002483,-100.000015,0,0
-35.769855,19.002483,-100.000015,0,0
-36.769855,19.002483,-100.000015,0,0
-37.769855,19.002483,-100.000015,0,0
-38.769855,19.002483,-100.000015,0,0
-39.769855,19.002483,-100.000015,0,0
-40.769855,19.002483,-100.000015,0,0
-41.769855,19.002483,-100.000015,0,0
-42.769855,19.002483,-100.000015,0,0
-43.769855,19.002483,-100.000015,0,0
-44.769855,19.002483,-100.000015,0,0
-45.769855,19.002483,-100.000015,0,0
-46.769855,19.002483,-100.000015,0,0
-47.769855,19.002483,-100.000015,0,0
-48.769855,19.002483,-100.000015,0,0
-49.769855,19.002483,-100.000015,0,0
49.230145,18.002483,-100.000015,0,0
48.230145,18.002483,-100.000015,0,0
47.230145,18.002483,-100.000015,0,0
46.230145,18.002483,-100.000015,0,0
45.230145,18.002483,-100.000015,0,0
44.230145,18.002483,-100.000015,0,0
43.230145,18.002483,-100.000015,0,0
42.230145,18.002483,-100.000015,0,0
41.230145,18.002483,-100.000015,0,0
40.230145,18.002483,-100.000015,0,0
39.230145,18.002483,-100.000015,0,0
38.230145,18.002483,-100.000015,0,0
37.230145,18.002483,-100.000015,0,0
36.230145,18.002483,-100.000015,0,0
35.230145,18.002483,-100.000015,0,0
34.230145,18.002483,-100.000015,0,0
33.230145,18.002483,-100.000015,0,0
32.230145,18.002483,-100.000015,0,0
31.230145,18.002483,-100.000015,0,0
30.230145,18.002483,-100.000015,0,0
29.230145,18.002483,-100.000015,0,0
28.230145,18.002483,-100.000015,0,0
27.230145,18.002483,-100.000015,0,0
26.230145,18.002483,-100.000015,0,0
25.230145,18.002483,-100.000015,0,0
24.230145,18.002483,-100.000015,0,0
23.230145,18.002483,-100.000015,0,0
22.230145,18.002483,-100.000015,0,0
21.230145,18.002483,-100.000015,0,0
20.230145,18.002483,-100.000015,0,0
19.230145,18.002483,-100.000015,0,0
18.230145,18.002483,-100.000015,0,0
17.230145,18.002483,-100.000015,0,0
16.230145,18.002483,-100.000015,0,0
15.2301445,18.002483,-100.000015,0,0
14.2301445,18.002483,-100.000015,0,0
13.2301445,18.002483,-100.000015,0,0
12.2301445,18.002483,-100.000015,0,0
11.2301445,18.002483,-100.000015,0,0
10.2301445,18.002483,-100.000015,0,0
9.2301445,18.002483,-100.000015,0,0
8.2301445,18.002483,-100.000015,0,0
7.2301445,18.002483,-100.000015,0,0
6.2301445,18.002483,-100.000015,0,0
5.2301445,18.002483,-100.000015,0,11.999997
4.2301445,18.002483,-100.000015,0,39.999996
3.2301445,18.002483,-100.000015,0,59.999996
2.2301445,18.002483,-100.000015,-Infinity,87.99999
1.2301445,18.002483,-100.000015,0.5477921,63.999996
0.2301445,18.002483,-100.000015,0.4464197,75.99999
-0.7698555,18.002483,-100.000015,0.30262038,67.99999
-1.7698555,18.002483,-100.000015,0.1666277,59.999996
-2.7698555,18.002483,-100.000015,0.277251,43.999996
-3.7698555,18.002483,-100.000015,0.47143236,135.99998
-4.7698555,18.002483,-100.000015,0.5013357,75.99999
-5.7698555,18.002483,-100.000015,0,43.999996
-6.7698555,18.002483,-100.000015,0,19.999996
-7.7698555,18.002483,-100.000015,0,11.999997
-8.7698555,18.002483,-100.000015,0,0
-9.7698555,18.002483,-100.000015,0,0
-10.7698555,18.002483,-100.000015,0,0
-11.7698555,18.002483,-100.000015,0,0
-12.7698555,18.002483,-100.000015,0,0
-13.7698555,18.002483,-100.000015,0,0
-14.7698555,18.002483,-100.000015,0,0
-15.7698555,18.002483,-100.000015,0,0
-16.769855,18.002483,-100.000015,0,0
-17.769855,18.002483,-100.000015,0,0
-18.769855,18.002483,-100.000015,0,0
-19.769855,18.002483,-100.000015,0,0
-20.769855,18.002483,-100.000015,0,0
-21.769855,18.002483,-100.000015,0,0
-22.769855,18.002483,-100.000015,0,0
-23.769855,18.002483,-100.000015,0,0
-24.769855,18.002483,-100.000015,0,0
-25.769855,18.002483,-100.000015,0,0
-26.769855,18.002483,-100.000015,0,0
-27.769855,18.002483,-100.000015,0,0
-28.769855,18.002483,-100.000015,0,0
-29.769855,18.002483,-100.000015,0,0
-30.769855,18.002483,-100.000015,0,0
-31.769855,18.002483,-100.000015,0,0
-32.769855,18.002483,-100.000015,0,0
-33.769855,18.002483,-100.000015,0,0
-34.769855,18.002483,-100.000015,0,0
-35.769855,18.002483,-100.000015,0,0
-36.769855,18.002483,-100.000015,0,0
-37.769855,18.002483,-100.000015,0,0
-38.769855,18.002483,-100.000015,0,0
-39.769855,18.002483,-100.000015,0,0
-40.769855,18.002483,-100.000015,0,0
-41.769855,18.002483,-100.000015,0,0
-42.769855,18.002483,-100.000015,0,0
-43.769855,18.002483,-100.000015,0,0
-44.769855,18.002483,-100.000015,0,0
-45.769855,18.002483,-100.000015,0,0
-46.769855,18.002483,-100.000015,0,0
-47.769855,18.002483,-100.000015,0,0
-48.769855,18.002483,-100.000015,0,0
-49.769855,18.002483,-100.000015,0,0
49.230145,17.002483,-100.000015,0,0
48.230145,17.002483,-100.000015,0,0
47.230145,17.002483,-100.000015,0,0
46.230145,17.002483,-100.000015,0,0
45.230145,17.002483,-100.000015,0,0
44.230145,17.002483,-100.000015,0,0
43.230145,17.002483,-100.000015,0,0
42.230145,17.002483,-100.000015,0,0
41.230145,17.002483,-100.000015,0,0
40.230145,17.002483,-100.000015,0,0
39.230145,17.002483,-100.000015,0,0
38.230145,17.002483,-100.000015,0,0
37.230145,17.002483,-100.000015,0,0
36.230145,17.002483,-100.000015,0,0
35.230145,17.002483,-100.000015,0,0
34.230145,17.002483,-100.000015,0,0
33.230145,17.002483,-100.000015,0,0
32.230145,17.002483,-100.000015,0,0
31.230145,17.002483,-100.000015,0,0
30.230145,17.002483,-100.000015,0,0
29.230145,17.002483,-100.000015,0,0
28.230145,17.002483,-100.000015,0,0
27.230145,17.002483,-100.000015,0,0
26.230145,17.002483,-100.000015,0,0
25.230145,17.002483,-100.000015,0,0
24.230145,17.002483,-100.000015,0,0
23.230145,17.002483,-100.000015,0,0
22.230145,17.002483,-100.000015,0,0
21.230145,17.002483,-100.000015,0,0
20.230145,17.002483,-100.000015,0,0
19.230145,17.002483,-100.000015,0,0
18.230145,17.002483,-100.000015,0,0
17.230145,17.002483,-100.000015,0,0
16.230145,17.002483,-100.000015,0,0
15.2301445,17.002483,-100.000015,0,0
14.2301445,17.002483,-100.000015,0,0
13.2301445,17.002483,-100.000015,0,0
12.2301445,17.002483,-100.000015,0,0
11.2301445,17.002483,-100.000015,0,0
10.2301445,17.002483,-100.000015,0,0
9.2301445,17.002483,-100.000015,0,0
8.2301445,17.002483,-100.000015,0,0
7.2301445,17.002483,-100.000015,0,3.999999
6.2301445,17.002483,-100.000015,0,35.999996
5.2301445,17.002483,-100.000015,0,23.999996
4.2301445,17.002483,-100.000015,0.60515356,47.999996
3.2301445,17.002483,-100.000015,0.64544374,71.99999
2.2301445,17.002483,-100.000015,0.59578776,47.999996
1.2301445,17.002483,-100.000015,0.48872632,47.999996
0.2301445,17.002483,-100.000015,0.46237144,55.999996
-0.7698555,17.002483,-100.000015,0.39293775,71.99999
-1.7698555,17.002483,-100.000015,0.32184488,67.99999
-2.7698555,17.002483,-100.000015,0.45298874,71.99999
-3.7698555,17.002483,-100.000015,0.6207038,103.99999
-4.7698555,17.002483,-100.000015,0.63719034,47.999996
-5.7698555,17.002483,-100.000015,0.5774502,55.999996
-6.7698555,17.002483,-100.000015,0.49742156,27.999996
-7.7698555,17.002483,-100.000015,0,27.999996
-8.7698555,17.002483,-100.000015,0,27.999996
-9.7698555,17.002483,-100.000015,0,0
-10.7698555,17.002483,-100.000015,0,0
-11.7698555,17.002483,-100.000015,0,0
-12.7698555,17.002483,-100.000015,0,0
-13.7698555,17.002483,-100.000015,0,0
-14.7698555,17.002483,-100.000015,0,0
-15.7698555,17.002483,-100.000015,0,0
-16.769855,17.002483,-100.000015,0,0
-17.769855,17.002483,-100.000015,0,0
-18.769855,17.002483,-100.000015,0,0
-19.769855,17.002483,-100.000015,0,0
-20.769855,17.002483,-100.000015,0,0
-21.769855,17.002483,-100.000015,0,0
-22.769855,17.002483,-100.000015,0,0
-23.769855,17.002483,-100.000015,0,0
-24.769855,17.002483,-100.000015,0,0
-25.769855,17.002483,-100.000015,0,0
-26.769855,17.002483,-100.000015,0,0
-27.769855,17.002483,-100.000015,0,0
-28.769855,17.002483,-100.000015,0,0
-29.769855,17.002483,-100.000015,0,0
-30.769855,17.002483,-100.000015,0,0
-31.769855,17.002483,-100.000015,0,0
-32.769855,17.002483,-100.000015,0,0
-33.769855,17.002483,-100.000015,0,0
-34.769855,17.002483,-100.000015,0,0
-35.769855,17.002483,-100.000015,0,0
-36.769855,17.002483,-100.000015,0,0
-37.769855,17.002483,-100.000015,0,0
-38.769855,17.002483,-100.000015,0,0
-39.769855,17.002483,-100.000015,0,0
-40.769855,17.002483,-100.000015,0,0
-41.769855,17.002483,-100.000015,0,0
-42.769855,17.002483,-100.000015,0,0
-43.769855,17.002483,-100.000015,0,0
-44.769855,17.002483,-100.000015,0,0
-45.769855,17.002483,-100.000015,0,0
-46.769855,17.002483,-100.000015,0,0
-47.769855,17.002483,-100.000015,0,0
-48.769855,17.002483,-100.000015,0,0
-49.769855,17.002483,-100.000015,0,0
49.230145,16.002483,-100.000015,0,0
48.230145,16.002483,-100.000015,0,0
47.230145,16.002483,-100.000015,0,0
46.230145,16.002483,-100.000015,0,0
45.230145,16.002483,-100.000015,0,0
44.230145,16.002483,-100.000015,0,0
43.230145,16.002483,-100.000015,0,0
42.230145,16.002483,-100.000015,0,0
41.230145,16.002483,-100.000015,0,0
40.230145,16.002483,-100.000015,0,0
39.230145,16.002483,-100.000015,0,0
38.230145,16.002483,-100.000015,0,0
37.230145,16.002483,-100.000015,0,0
36.230145,16.002483,-100.000015,0,0
35.230145,16.002483,-100.000015,0,0
34.230145,16.002483,-100.000015,0,0
33.230145,16.002483,-100.000015,0,0
32.230145,16.002483,-100.000015,0,0
31.230145,16.002483,-100.000015,0,0
30.230145,16.002483,-100.000015,0,0
29.230145,16.002483,-100.000015,0,0
28.230145,16.002483,-100.000015,0,0
27.230145,16.002483,-100.000015,0,0
26.230145,16.002483,-100.000015,0,0
25.230145,16.002483,-100.000015,0,0
24.230145,16.002483,-100.000015,0,0
23.230145,16.002483,-100.000015,0,0
22.230145,16.002483,-100.000015,0,0
21.230145,16.002483,-100.000015,0,0
20.230145,16.002483,-100.000015,0,0
19.230145,16.002483,-100.000015,0,0
18.230145,16.002483,-100.000015,0,0
17.230145,16.002483,-100.000015,0,0
16.230145,16.002483,-100.000015,0,0
15.2301445,16.002483,-100.000015,0,0
14.2301445,16.002483,-100.000015,0,0
13.2301445,16.002483,-100.000015,0,0
12.2301445,16.002483,-100.000015,0,0
11.2301445,16.002483,-100.000015,0,0
10.2301445,16.002483,-100.000015,0,0
9.2301445,16.002483,-100.000015,0,0
8.2301445,16.002483,-100.000015,0,27.999996
7.2301445,16.002483,-100.000015,0,51.999996
6.2301445,16.002483,-100.000015,0.6600773,59.999996
5.2301445,16.002483,-100.000015,0.66564006,63.999996
4.2301445,16.002483,-100.000015,0.6037106,39.999996
3.2301445,16.002483,-100.000015,0.63888216,63.999996
2.2301445,16.002483,-100.000015,0.62605166,79.99999
1.2301445,16.002483,-100.000015,0.54741853,67.99999
0.2301445,16.002483,-100.000015,0.49809754,63.999996
-0.7698555,16.002483,-100.000015,0.4475019,63.999996
-1.7698555,16.002483,-100.000015,0.44666713,79.99999
-2.7698555,16.002483,-100.000015,0.5441624,59.999996
-3.7698555,16.002483,-100.000015,0.6953165,83.99999
-4.7698555,16.002483,-100.000015,0.8072798,91.99999
-5.7698555,16.002483,-100.000015,0.78062284,103.99999
-6.7698555,16.002483,-100.000015,0.68338424,47.999996
-7.7698555,16.002483,-100.000015,0.5525078,43.999996
-8.7698555,16.002483,-100.000015,0,43.999996
-9.7698555,16.002483,-100.000015,0,83.99999
-10.7698555,16.002483,-100.000015,0,19.999996
-11.7698555,16.002483,-100.000015,0,0
-12.7698555,16.002483,-100.000015,0,0
-13.7698555,16.002483,-100.000015,0,0
-14.7698555,16.002483,-100.000015,0,0
-15.7698555,16.002483,-100.000015,0,0
-16.769855,16.002483,-100.000015,0,0
-17.769855,16.002483,-100.000015,0,0
-18.769855,16.002483,-100.000015,0,0
-19.769855,16.002483,-100.000015,0,0
-20.769855,16.002483,-100.000015,0,0
-21.769855,16.002483,-100.000015,0,0
-22.769855,16.002483,-100.000015,0,0
-23.769855,16.002483,-100.000015,0,0
-24.769855,16.002483,-100.000015,0,0
-25.769855,16.002483,-100.000015,0,0
-26.769855,16.002483,-100.000015,0,0
-27.769855,16.002483,-100.000015,0,0
-28.769855,16.002483,-100.000015,0,0
-29.769855,16.002483,-100.000015,0,0
-30.769855,16.002483,-100.000015,0,0
-31.769855,16.002483,-100.000015,0,0
-32.769855,16.002483,-100.000015,0,0
-33.769855,16.002483,-100.000015,0,0
-34.769855,16.002483,-100.000015,0,0
-35.769855,16.002483,-100.000015,0,0
-36.769855,16.002483,-100.000015,0,0
-37.769855,16.002483,-100.000015,0,0
-38.769855,16.002483,-100.000015,0,0
-39.769855,16.002483,-100.000015,0,0
-40.769855,16.002483,-100.000015,0,0
-41.769855,16.002483,-100.000015,0,0
-42.769855,16.002483,-100.000015,0,0
-43.769855,16.002483,-100.000015,0,0
-44.769855,16.002483,-100.000015,0,0
-45.769855,16.002483,-100.000015,0,0
-46.769855,16.002483,-100.000015,0,0
-47.769855,16.002483,-100.000015,0,0
-48.769855,16.002483,-100.000015,0,0
-49.769855,16.002483,-100.000015,0,0
49.230145,15.002483,-100.000015,0,0
48.230145,15.002483,-100.000015,0,0
47.230145,15.002483,-100.000015,0,0
46.230145,15.002483,-100.000015,0,0
45.230145,15.002483,-100.000015,0,0
44.230145,15.002483,-100.000015,0,0
43.230145,15.002483,-100.000015,0,0
42.230145,15.002483,-100.000015,0,0
41.230145,15.002483,-100.000015,0,0
40.230145,15.002483,-100.000015,0,0
39.230145,15.002483,-100.000015,0,0
38.230145,15.002483,-100.000015,0,0
37.230145,15.002483,-100.000015,0,0
36.230145,15.002483,-100.000015,0,0
35.230145,15.002483,-100.000015,0,0
34.230145,15.002483,-100.000015,0,0
33.230145,15.002483,-100.000015,0,0
32.230145,15.002483,-100.000015,0,0
31.230145,15.002483,-100.000015,0,0
30.230145,15.002483,-100.000015,0,0
29.230145,15.002483,-100.000015,0,0
28.230145,15.002483,-100.000015,0,0
27.230145,15.002483,-100.000015,0,0
26.230145,15.002483,-100.000015,0,0
25.230145,15.002483,-100.000015,0,0
24.230145,15.002483,-100.000015,0,0
23.230145,15.002483,-100.000015,0,0
22.230145,15.002483,-100.000015,0,0
21.230145,15.002483,-100.000015,0,0
20.230145,15.002483,-100.000015,0,0
19.230145,15.002483,-100.000015,0,0
18.230145,15.002483,-100.000015,0,0
17.230145,15.002483,-100.000015,0,0
16.230145,15.002483,-100.000015,0,0
15.2301445,15.002483,-100.000015,0,0
14.2301445,15.002483,-100.000015,0,0
13.2301445,15.002483,-100.000015,0,0
12.2301445,15.002483,-100.000015,0,0
11.2301445,15.002483,-100.000015,0,0
10.2301445,15.002483,-100.000015,0,0
9.2301445,15.002483,-100.000015,0,31.999996
8.2301445,15.002483,-100.000015,0,51.999996
7.2301445,15.002483,-100.000015,0.6395261,51.999996
6.2301445,15.002483,-100.000015,0.6241573,35.999996
5.2301445,15.002483,-100.000015,0.5763339,75.99999
4.2301445,15.002483,-100.000015,0.5144141,39.999996
3.2301445,15.002483,-100.000015,0.5651729,23.999996
2.2301445,15.002483,-100.000015,0.61351216,35.999996
1.2301445,15.002483,-100.000015,0.621287,71.99999
0.2301445,15.002483,-100.000015,0.6140133,59.999996
-0.7698555,15.002483,-100.000015,0.55203456,51.999996
-1.7698555,15.002483,-100.000015,0.50039005,43.999996
-2.7698555,15.002483,-100.000015,0.6074767,83.99999
-3.7698555,15.002483,-100.000015,0.7584967,87.99999
-4.7698555,15.002483,-100.000015,0.7834024,51.999996
-5.7698555,15.002483,-100.000015,0.76304406,47.999996
-6.7698555,15.002483,-100.000015,0.83895886,59.999996
-7.7698555,15.002483,-100.000015,0.82916087,59.999996
-8.7698555,15.002483,-100.000015,0.67335844,35.999996
-9.7698555,15.002483,-100.000015,0.5834012,79.99999
-10.7698555,15.002483,-100.000015,0,43.999996
-11.7698555,15.002483,-100.000015,0,15.999996
-12.7698555,15.002483,-100.000015,0,0
-13.7698555,15.002483,-100.000015,0,0
-14.7698555,15.002483,-100.000015,0,0
-15.7698555,15.002483,-100.000015,0,0
-16.769855,15.002483,-100.000015,0,0
-17.769855,15.002483,-100.000015,0,0
-18.769855,15.002483,-100.000015,0,0
-19.769855,15.002483,-100.000015,0,0
-20.769855,15.002483,-100.000015,0,0
-21.769855,15.002483,-100.000015,0,0
-22.769855,15.002483,-100.000015,0,0
-23.769855,15.002483,-100.000015,0,0
-24.769855,15.002483,-100.000015,0,0
-25.769855,15.002483,-100.000015,0,0
-26.769855,15.002483,-100.000015,0,0
-27.769855,15.002483,-100.000015,0,0
-28.769855,15.002483,-100.000015,0,0
-29.769855,15.002483,-100.000015,0,0
-30.769855,15.002483,-100.000015,0,0
-31.769855,15.002483,-100.000015,0,0
-32.769855,15.002483,-100.000015,0,0
-33.769855,15.002483,-100.000015,0,0
-34.769855,15.002483,-100.000015,0,0
-35.769855,15.002483,-100.000015,0,0
-36.769855,15.002483,-100.000015,0,0
-37.769855,15.002483,-100.000015,0,0
-38.769855,15.002483,-100.000015,0,0
-39.769855,15.002483,-100.000015,0,0
-40.769855,15.002483,-100.000015,0,0
-41.769855,15.002483,-100.000015,0,0
-42.769855,15.002483,-100.000015,0,0
-43.769855,15.002483,-100.000015,0,0
-44.769855,15.002483,-100.000015,0,0
-45.769855,15.002483,-100.000015,0,0
-46.769855,15.002483,-100.000015,0,0
-47.769855,15.002483,-100.000015,0,0
-48.769855,15.002483,-100.000015,0,0
-49.769855,15.002483,-100.000015,0,0
49.230145,14.002483,-100.000015,0,0
48.230145,14.002483,-100.000015,0,0
47.230145,14.002483,-100.000015,0,0
46.230145,14.002483,-100.000015,0,0
45.230145,14.002483,-100.000015,0,0
44.230145,14.002483,-100.000015,0,0
43.230145,14.002483,-100.000015,0,0
42.230145,14.002483,-100.000015,0,0
41.230145,14.002483,-100.000015,0,0
40.230145,14.002483,-100.000015,0,0
39.230145,14.002483,-100.000015,0,0
38.230145,14.002483,-100.000015,0,0
37.230145,14.002483,-100.000015,0,0
36.230145,14.002483,-100.000015,0,0
35.230145,14.002483,-100.000015,0,0
34.230145,14.002483,-100.000015,0,0
33.230145,14.002483,-100.000015,0,0
32.230145,14.002483,-100.000015,0,0
31.230145,14.002483,-100.000015,0,0
30.230145,14.002483,-100.000015,0,0
29.230145,14.002483,-100.000015,0,0
28.230145,14.002483,-100.000015,0,0
27.230145,14.002483,-100.000015,0,0
26.230145,14.002483,-100.000015,0,0
25.230145,14.002483,-100.000015,0,0
24.230145,14.002483,-100.000015,0,0
23.230145,14.002483,-100.000015,0,0
22.230145,14.002483,-100.000015,0,0
21.230145,14.002483,-100.000015,0,0
20.230145,14.002483,-100.000015,0,0
19.230145,14.002483,-100.000015,0,0
18.230145,14.002483,-100.000015,0,0
17.230145,14.002483,-100.000015,0,0
16.230145,14.002483,-100.000015,0,0
15.2301445,14.002483,-100.000015,0,0
14.2301445,14.002483,-100.000015,0,0
13.2301445,14.002483,-100.000015,0,0
12.2301445,14.002483,-100.000015,0,0
11.2301445,14.002483,-100.000015,0,0
10.2301445,14.002483,-100.000015,0,47.999996
9.2301445,14.002483,-100.000015,0,59.999996
8.2301445,14.002483,-100.000015,0.47412866,75.99999
7.2301445,14.002483,-100.000015,0.46576223,71.99999
6.2301445,14.002483,-100.000015,0.50325096,63.999996
5.2301445,14.002483,-100.000015,0.46627995,47.999996
4.2301445,14.002483,-100.000015,0.39924747,19.999996
3.2301445,14.002483,-100.000015,0.43365934,39.999996
2.2301445,14.002483,-100.000015,0.48364305,43.999996
1.2301445,14.002483,-100.000015,0.5657909,55.999996
0.2301445,14.002483,-100.000015,0.64219034,79.99999
-0.7698555,14.002483,-100.000015,0.5832661,75.99999
-1.7698555,14.002483,-100.000015,0.4898211,63.999996
-2.7698555,14.002483,-100.000015,0.5823828,87.99999
-3.7698555,14.002483,-100.000015,0.72035354,127.99999
-4.7698555,14.002483,-100.000015,0.6611606,35.999996
-5.7698555,14.002483,-100.000015,0.65236765,55.999996
-6.7698555,14.002483,-100.000015,0.78940296,51.999996
-7.7698555,14.002483,-100.000015,0.758775,47.999996
-8.7698555,14.002483,-100.000015,0.6932304,55.999996
-9.7698555,14.002483,-100.000015,0.58663356,43.999996
-10.7698555,14.002483,-100.000015,0.50517315,87.99999
-11.7698555,14.002483,-100.000015,0,75.99999
-12.7698555,14.002483,-100.000015,0,15.999996
-13.7698555,14.002483,-100.000015,0,0
-14.7698555,14.002483,-100.000015,0,0
-15.7698555,14.002483,-100.000015,0,0
-16.769855,14.002483,-100.000015,0,0
-17.769855,14.002483,-100.000015,0,0
-18.769855,14.002483,-100.000015,0,0
-19.769855,14.002483,-100.000015,0,0
-20.769855,14.002483,-100.000015,0,0
-21.769855,14.002483,-100.000015,0,0
-22.769855,14.002483,-100.000015,0,0
-23.769855,14.002483,-100.000015,0,0
-24.769855,14.002483,-100.000015,0,0
-25.769855,14.002483,-100.000015,0,0
-26.769855,14.002483,-100.000015,0,0
-27.769855,14.002483,-100.000015,0,0
-28.769855,14.002483,-100.000015,0,0
-29.769855,14.002483,-100.000015,0,0
-30.769855,14.002483,-100.000015,0,0
-31.769855,14.002483,-100.000015,0,0
-32.769855,14.002483,-100.000015,0,0
-33.769855,14.002483,-100.000015,0,0
-34.769855,14.002483,-100.000015,0,0
-35.769855,14.002483,-100.000015,0,0
-36.769855,14.002483,-100.000015,0,0
-37.769855,14.002483,-100.000015,0,0
-38.769855,14.002483,-100.000015,0,0
-39.769855,14.002483,-100.000015,0,0
-40.769855,14.002483,-100.000015,0,0
-41.769855,14.002483,-100.000015,0,0
-42.769855,14.002483,-100.000015,0,0
-43.769855,14.002483,-100.000015,0,0
-44.769855,14.002483,-100.000015,0,0
-45.769855,14.002483,-100.000015,0,0
-46.769855,14.002483,-100.000015,0,0
-47.769855,14.002483,-100.000015,0,0
-48.769855,14.002483,-100.000015,0,0
-49.769855,14.002483,-100.000015,0,0
49.230145,13.002483,-100.000015,0,0
48.230145,13.002483,-100.000015,0,0
47.230145,13.002483,-100.000015,0,0
46.230145,13.002483,-100.000015,0,0
45.230145,13.002483,-100.000015,0,0
44.230145,13.002483,-100.000015,0,0
43.230145,13.002483,-100.000015,0,0
42.230145,13.002483,-100.000015,0,0
41.230145,13.002483,-100.000015,0,0
40.230145,13.002483,-100.000015,0,0
39.230145,13.002483,-100.000015,0,0
38.230145,13.002483,-100.000015,0,0
37.230145,13.002483,-100.000015,0,0
36.230145,13.002483,-100.000015,0,0
35.230145,13.002483,-100.000015,0,0
34.230145,13.002483,-100.000015,0,0
33.230145,13.002483,-100.000015,0,0
32.230145,13.002483,-100.000015,0,0
31.230145,13.002483,-100.000015,0,0
30.230145,13.002483,-100.000015,0,0
29.230145,13.002483,-100.000015,0,0
28.230145,13.002483,-100.000015,0,0
27.230145,13.002483,-100.000015,0,0
26.230145,13.002483,-100.000015,0,0
25.230145,13.002483,-100.000015,0,0
24.230145,13.002483,-100.000015,0,0
23.230145,13.002483,-100.000015,0,0
22.230145,13.002483,-100.000015,0,0
21.230145,13.002483,-100.000015,0,0
20.230145,13.002483,-100.000015,0,0
19.230145,13.002483,-100.000015,0,0
18.230145,13.002483,-100.000015,0,0
17.230145,13.002483,-100.000015,0,0
16.230145,13.002483,-100.000015,0,0
15.2301445,13.002483,-100.000015,0,0
14.2301445,13.002483,-100.000015,0,0
13.2301445,13.002483,-100.000015,0,0
12.2301445,13.002483,-100.000015,0,0
11.2301445,13.002483,-100.000015,0,15.999996
10.2301445,13.002483,-100.000015,0,43.999996
9.2301445,13.002483,-100.000015,0.47596225,71.99999
8.2301445,13.002483,-100.000015,0.36061937,63.999996
7.2301445,13.002483,-100.000015,0.30652237,63.999996
6.2301445,13.002483,-100.000015,0.40805146,79.99999
5.2301445,13.002483,-100.000015,0.42769286,79.99999
4.2301445,13.002483,-100.000015,0.35747916,47.999996
3.2301445,13.002483,-100.000015,0.32753864,39.999996
2.2301445,13.002483,-100.000015,0.31698704,75.99999
1.2301445,13.002483,-100.000015,0.3454586,55.999996
0.2301445,13.002483,-100.000015,0.43089935,63.999996
-0.7698555,13.002483,-100.000015,0.43034917,31.999996
-1.7698555,13.002483,-100.000015,0.3790797,67.99999
-2.7698555,13.002483,-100.000015,0.4432311,79.99999
-3.7698555,13.002483,-100.000015,0.5570878,87.99999
-4.7698555,13.002483,-100.000015,0.599139,79.99999
-5.7698555,13.002483,-100.000015,0.60151327,51.999996
-6.7698555,13.002483,-100.000015,0.5595063,51.999996
-7.7698555,13.002483,-100.000015,0.52538323,83.99999
-8.7698555,13.002483,-100.000015,0.5261404,39.999996
-9.7698555,13.002483,-100.000015,0.5568275,47.999996
-10.7698555,13.002483,-100.000015,0.6242305,83.99999
-11.7698555,13.002483,-100.000015,0.6052091,47.999996
-12.7698555,13.002483,-100.000015,0,39.999996
-13.7698555,13.002483,-100.000015,0,15.999996
-14.7698555,13.002483,-100.000015,0,0
-15.7698555,13.002483,-100.000015,0,0
-16.769855,13.002483,-100.000015,0,0
-17.769855,13.002483,-100.000015,0,0
-18.769855,13.002483,-100.000015,0,0
-19.769855,13.002483,-100.000015,0,0
-20.769855,13.002483,-100.000015,0,0
-21.769855,13.002483,-100.000015,0,0
-22.769855,13.002483,-100.000015,0,0
-23.769855,13.002483,-100.000015,0,0
-24.769855,13.002483,-100.000015,0,0
-25.769855,13.002483,-100.000015,0,0
-26.769855,13.002483,-100.000015,0,0
-27.769855,13.002483,-100.000015,0,0
-28.769855,13.002483,-100.000015,0,0
-29.769855,13.002483,-100.000015,0,0
-30.769855,13.002483,-100.000015,0,0
-31.769855,13.002483,-100.000015,0,0
-32.769855,13.002483,-100.000015,0,0
-33.769855,13.002483,-100.000015,0,0
-34.769855,13.002483,-100.000015,0,0
-35.769855,13.002483,-100.000015,0,0
-36.769855,13.002483,-100.000015,0,0
-37.769855,13.002483,-100.000015,0,0
-38.769855,13.002483,-100.000015,0,0
-39.769855,13.002483,-100.000015,0,0
-40.769855,13.002483,-100.000015,0,0
-41.769855,13.002483,-100.000015,0,0
-42.769855,13.002483,-100.000015,0,0
-43.769855,13.002483,-100.000015,0,0
-44.769855,13.002483,-100.000015,0,0
-45.769855,13.002483,-100.000015,0,0
-46.769855,13.002483,-100.000015,0,0
-47.769855,13.002483,-100.000015,0,0
-48.769855,13.002483,-100.000015,0,0
-49.769855,13.002483,-100.000015,0,0
49.230145,12.002483,-100.000015,0,0
48.230145,12.002483,-100.000015,0,0
47.230145,12.002483,-100.000015,0,0
46.230145,12.002483,-100.000015,0,0
45.230145,12.002483,-100.000015,0,0
44.230145,12.002483,-100.000015,0,0
43.230145,12.002483,-100.000015,0,0
42.230145,12.002483,-100.000015,0,0
41.230145,12.002483,-100.000015,0,0
40.230145,12.002483,-100.000015,0,0
39.230145,12.002483,-100.000015,0,0
38.230145,12.002483,-100.000015,0,0
37.230145,12.002483,-100.000015,0,0
36.230145,12.002483,-100.000015,0,0
35.230145,12.002483,-100.000015,0,0
34.230145,12.002483,-100.000015,0,0
33.230145,12.002483,-100.000015,0,0
32.230145,12.002483,-100.000015,0,0
31.230145,12.002483,-100.000015,0,0
30.230145,12.002483,-100.000015,0,0
29.230145,12.002483,-100.000015,0,0
28.230145,12.002483,-100.000015,0,0
27.230145,12.002483,-100.000015,0,0
26.230145,12.002483,-100.000015,0,0
25.230145,12.002483,-100.000015,0,0
24.230145,12.002483,-100.000015,0,0
23.230145,12.002483,-100.000015,0,0
22.230145,12.002483,-100.000015,0,0
21.230145,12.002483,-100.000015,0,0
20.230145,12.002483,-100.000015,0,0
19.230145,12.002483,-100.000015,0,0
18.230145,12.002483,-100.000015,0,0
17.230145,12.002483,-100.000015,0,0
16.230145,12.002483,-100.000015,0,0
15.2301445,12.002483,-100.000015,0,0
14.2301445,12.002483,-100.000015,0,0
13.2301445,12.002483,-100.000015,0,0
12.2301445,12.002483,-100.000015,0,7.999998
11.2301445,12.002483,-100.000015,0,59.999996
10.2301445,12.002483,-100.000015,0.35257465,43.999996
9.2301445,12.002483,-100.000015,0.32080188,99.99999
8.2301445,12.002483,-100.000015,0.25015098,59.999996
7.2301445,12.002483,-100.000015,0.21893746,55.999996
6.2301445,12.002483,-100.000015,0.29496846,59.999996
5.2301445,12.002483,-100.000015,0.33379516,63.999996
4.2301445,12.002483,-100.000015,0.29071242,51.999996
3.2301445,12.002483,-100.000015,0.3071661,55.999996
2.2301445,12.002483,-100.000015,0.2587301,55.999996
1.2301445,12.002483,-100.000015,0.14323108,39.999996
0.2301445,12.002483,-100.000015,0.18056037,19.999996
-0.7698555,12.002483,-100.000015,0.30038378,87.99999
-1.7698555,12.002483,-100.000015,0.28915632,47.999996
-2.7698555,12.002483,-100.000015,0.3258356,87.99999
-3.7698555,12.002483,-100.000015,0.40639132,71.99999
-4.7698555,12.002483,-100.000015,0.50423855,91.99999
-5.7698555,12.002483,-100.000015,0.48289263,95.99999
-6.7698555,12.002483,-100.000015,0.36469662,51.999996
-7.7698555,12.002483,-100.000015,0.33361357,67.99999
-8.7698555,12.002483,-100.000015,0.44689012,51.999996
-9.7698555,12.002483,-100.000015,0.5933162,75.99999
-10.7698555,12.002483,-100.000015,0.7345664,59.999996
-11.7698555,12.002483,-100.000015,0.71956855,51.999996
-12.7698555,12.002483,-100.000015,Infinity,51.999996
-13.7698555,12.002483,-100.000015,0,39.999996
-14.7698555,12.002483,-100.000015,0,15.999996
-15.7698555,12.002483,-100.000015,0,0
-16.769855,12.002483,-100.000015,0,0
-17.769855,12.002483,-100.000015,0,0
-18.769855,12.002483,-100.000015,0,0
-19.769855,12.002483,-100.000015,0,0
-20.769855,12.002483,-100.000015,0,0
-21.769855,12.002483,-100.000015,0,0
-22.769855,12.002483,-100.000015,0,0
-23.769855,12.002483,-100.000015,0,0
-24.769855,12.002483,-100.000015,0,0
-25.769855,12.002483,-100.000015,0,0
-26.769855,12.002483,-100.000015,0,0
-27.769855,12.002483,-100.000015,0,0
-28.769855,12.002483,-100.000015,0,0
-29.769855,12.002483,-100.000015,0,0
-30.769855,12.002483,-100.000015,0,0
-31.769855,12.002483,-100.000015,0,0
-32.769855,12.002483,-100.000015,0,0
-33.769855,12.002483,-100.000015,0,0
-34.769855,12.002483,-100.000015,0,0
-35.769855,12.002483,-100.000015,0,0
-36.769855,12.002483,-100.000015,0,0
-37.769855,12.002483,-100.000015,0,0
-38.769855,12.002483,-100.000015,0,0
-39.769855,12.002483,-100.000015,0,0
-40.769855,12.002483,-100.000015,0,0
-41.769855,12.002483,-100.000015,0,0
-42.769855,12.002483,-100.000015,0,0
-43.769855,12.002483,-100.000015,0,0
-44.769855,12.002483,-100.000015,0,0
-45.769855,12.002483,-100.000015,0,0
-46.769855,12.002483,-100.000015,0,0
-47.769855,12.002483,-100.000015,0,0
-48.769855,12.002483,-100.000015,0,0
-49.769855,12.002483,-100.000015,0,0
49.230145,11.002483,-100.000015,0,0
48.230145,11.002483,-100.000015,0,0
47.230145,11.002483,-100.000015,0,0
46.230145,11.002483,-100.000015,0,0
45.230145,11.002483,-100.000015,0,0
44.230145,11.002483,-100.000015,0,0
43.230145,11.002483,-100.000015,0,0
42.230145,11.002483,-100.000015,0,0
41.230145,11.002483,-100.000015,0,0
40.230145,11.002483,-100.000015,0,0
39.230145,11.002483,-100.000015,0,0
38.230145,11.002483,-100.000015,0,0
37.230145,11.002483,-100.000015,0,0
36.230145,11.002483,-100.000015,0,0
35.230145,11.002483,-100.000015,0,0
34.230145,11.002483,-100.000015,0,0
33.230145,11.002483,-100.000015,0,0
32.230145,11.002483,-100.000015,0,0
31.230145,11.002483,-100.000015,0,0
30.230145,11.002483,-100.000015,0,0
29.230145,11.002483,-100.000015,0,0
28.230145,11.002483,-100.000015,0,0
27.230145,11.002483,-100.000015,0,0
26.230145,11.002483,-100.000015,0,0
25.230145,11.002483,-100.000015,0,0
24.230145,11.002483,-100.000015,0,0
23.230145,11.002483,-100.000015,0,0
22.230145,11.002483,-100.000015,0,0
21.230145,11.002483,-100.000015,0,0
20.230145,11.002483,-100.000015,0,0
19.230145,11.002483,-100.000015,0,0
18.230145,11.002483,-100.000015,0,0
17.230145,11.002483,-100.000015,0,0
16.230145,11.002483,-100.000015,0,0
15.2301445,11.002483,-100.000015,0,0
14.2301445,11.002483,-100.000015,0,0
13.2301445,11.002483,-100.000015,0,0
12.2301445,11.002483,-100.000015,0,39.999996
11.2301445,11.002483,-100.000015,0.5238617,79.99999
10.2301445,11.002483,-100.000015,0.3750555,47.999996
9.2301445,11.002483,-100.000015,0.25161344,47.999996
8.2301445,11.002483,-100.000015,0.2502125,79.99999
7.2301445,11.002483,-100.000015,0.26171526,71.99999
6.2301445,11.002483,-100.000015,0.3006412,51.999996
5.2301445,11.002483,-100.000015,0.31254175,47.999996
4.2301445,11.002483,-100.000015,0.27108786,27.999996
3.2301445,11.002483,-100.000015,0.32635117,35.999996
2.2301445,11.002483,-100.000015,0.28266415,71.99999
1.2301445,11.002483,-100.000015,0.09841566,27.999996
0.2301445,11.002483,-100.000015,0.1376766,87.99999
-0.7698555,11.002483,-100.000015,0.2727128,55.999996
-1.7698555,11.002483,-100.000015,0.30872363,75.99999
-2.7698555,11.002483,-100.000015,0.3012468,67.99999
-3.7698555,11.002483,-100.000015,0.35599053,71.99999
-4.7698555,11.002483,-100.000015,0.45269564,63.999996
-5.7698555,11.002483,-100.000015,0.4439906,75.99999
-6.7698555,11.002483,-100.000015,0.32908443,55.999996
-7.7698555,11.002483,-100.000015,0.2584553,47.999996
-8.7698555,11.002483,-100.000015,0.4054898,51.999996
-9.7698555,11.002483,-100.000015,0.61569595,99.99999
-10.7698555,11.002483,-100.000015,0.71556234,47.999996
-11.7698555,11.002483,-100.000015,0.68459636,67.99999
-12.7698555,11.002483,-100.000015,0.63196075,63.999996
-13.7698555,11.002483,-100.000015,0.62509835,59.999996
-14.7698555,11.002483,-100.000015,0,35.999996
-15.7698555,11.002483,-100.000015,0,0
-16.769855,11.002483,-100.000015,0,0
-17.769855,11.002483,-100.000015,0,0
-18.769855,11.002483,-100.000015,0,0
-19.769855,11.002483,-100.000015,0,0
-20.769855,11.002483,-100.000015,0,0
-21.769855,11.002483,-100.000015,0,0
-22.769855,11.002483,-100.000015,0,0
-23.769855,11.002483,-100.000015,0,0
-24.769855,11.002483,-100.000015,0,0
-25.769855,11.002483,-100.000015,0,0
-26.769855,11.002483,-100.000015,0,0
-27.769855,11.002483,-100.000015,0,0
-28.769855,11.002483,-100.000015,0,0
-29.769855,11.002483,-100.000015,0,0
-30.769855,11.002483,-100.000015,0,0
-31.769855,11.002483,-100.000015,0,0
-32.769855,11.002483,-100.000015,0,0
-33.769855,11.002483,-100.000015,0,0
-34.769855,11.002483,-100.000015,0,0
-35.769855,11.002483,-100.000015,0,0
-36.769855,11.002483,-100.000015,0,0
-37.769855,11.002483,-100.000015,0,0
-38.769855,11.002483,-100.000015,0,0
-39.769855,11.002483,-100.000015,0,0
-40.769855,11.002483,-100.000015,0,0
-41.769855,11.002483,-100.000015,0,0
-42.769855,11.002483,-100.000015,0,0
-43.769855,11.002483,-100.000015,0,0
-44.769855,11.002483,-100.000015,0,0
-45.769855,11.002483,-100.000015,0,0
-46.769855,11.002483,-100.000015,0,0
-47.769855,11.002483,-100.000015,0,0
-48.769855,11.002483,-100.000015,0,0
-49.769855,11.002483,-100.000015,0,0
49.230145,10.002483,-100.000015,0,0
48.230145,10.002483,-100.000015,0,0
47.230145,10.002483,-100.000015,0,0
46.230145,10.002483,-100.000015,0,0
45.230145,10.002483,-100.000015,0,0
44.230145,10.002483,-100.000015,0,0
43.230145,10.002483,-100.000015,0,0
42.230145,10.002483,-100.000015,0,0
41.230145,10.002483,-100.000015,0,0
40.230145,10.002483,-100.000015,0,0
39.230145,10.002483,-100.000015,0,0
38.230145,10.002483,-100.000015,0,0
37.230145,10.002483,-100.000015,0,0
36.230145,10.002483,-100.000015,0,0
35.230145,10.002483,-100.000015,0,0
34.230145,10.002483,-100.000015,0,0
33.230145,10.002483,-100.000015,0,0
32.230145,10.002483,-100.000015,0,0
31.230145,10.002483,-100.000015,0,0
30.230145,10.002483,-100.000015,0,0
29.230145,10.002483,-100.000015,0,0
28.230145,10.002483,-100.000015,0,0
27.230145,10.002483,-100.000015,0,0
26.230145,10.002483,-100.000015,0,0
25.230145,10.002483,-100.000015,0,0
24.230145,10.002483,-100.000015,0,0
23.230145,10.002483,-100.000015,0,0
22.230145,10.002483,-100.000015,0,0
21.230145,10.002483,-100.000015,0,0
20.230145,10.002483,-100.000015,0,0
19.230145,10.002483,-100.000015,0,0
18.230145,10.002483,-100.000015,0,0
17.230145,10.002483,-100.000015,0,0
16.230145,10.002483,-100.000015,0,0
15.2301445,10.002483,-100.000015,0,0
14.2301445,10.002483,-100.000015,0,0
13.2301445,10.002483,-100.000015,0,15.999996
12.2301445,10.002483,-100.000015,0,39.999996
11.2301445,10.002483,-100.000015,0.5170362,43.999996
10.2301445,10.002483,-100.000015,0.47267243,39.999996
9.2301445,10.002483,-100.000015,0.38961905,67.99999
8.2301445,10.002483,-100.000015,0.3791042,55.999996
7.2301445,10.002483,-100.000015,0.35742545,83.99999
6.2301445,10.002483,-100.000015,0.37997192,59.999996
5.2301445,10.002483,-100.000015,0.4412763,67.99999
4.2301445,10.002483,-100.000015,0.40623412,59.999996
3.2301445,10.002483,-100.000015,0.38610038,43.999996
2.2301445,10.002483,-100.000015,0.30591416,59.999996
1.2301445,10.002483,-100.000015,0.14132163,63.999996
0.2301445,10.002483,-100.000015,0.109727,63.999996
-0.7698555,10.002483,-100.000015,0.24534285,51.999996
-1.7698555,10.002483,-100.000015,0.32196635,95.99999
-2.7698555,10.002483,-100.000015,0.33187002,63.999996
-3.7698555,10.002483,-100.000015,0.41606015,79.99999
-4.7698555,10.002483,-100.000015,0.55575556,43.999996
-5.7698555,10.002483,-100.000015,0.5518999,75.99999
-6.7698555,10.002483,-100.000015,0.42181402,67.99999
-7.7698555,10.002483,-100.000015,0.30593443,43.999996
-8.7698555,10.002483,-100.000015,0.36851674,31.999996
-9.7698555,10.002483,-100.000015,0.55361605,71.99999
-10.7698555,10.002483,-100.000015,0.62566125,51.999996
-11.7698555,10.002483,-100.000015,0.55587995,63.999996
-12.7698555,10.002483,-100.000015,0.56214154,35.999996
-13.7698555,10.002483,-100.000015,0.58179194,79.99999
-14.7698555,10.002483,-100.000015,0,59.999996
-15.7698555,10.002483,-100.000015,0,15.999996
-16.769855,10.002483,-100.000015,0,0
-17.769855,10.002483,-100.000015,0,0
-18.769855,10.002483,-100.000015,0,0
-19.769855,10.002483,-100.000015,0,0
-20.769855,10.002483,-100.000015,0,0
-21.769855,10.002483,-100.000015,0,0
-22.769855,10.002483,-100.000015,0,0
-23.769855,10.002483,-100.000015,0,0
-24.769855,10.002483,-100.000015,0,0
-25.769855,10.002483,-100.000015,0,0
-26.769855,10.002483,-100.000015,0,0
-27.769855,10.002483,-100.000015,0,0
-28.769855,10.002483,-100.000015,0,0
-29.769855,10.002483,-100.000015,0,0
-30.769855,10.002483,-100.000015,0,0
-31.769855,10.002483,-100.000015,0,0
-32.769855,10.002483,-100.000015,0,0
-33.769855,10.002483,-100.000015,0,0
-34.769855,10.002483,-100.000015,0,0
-35.769855,10.002483,-100.000015,0,0
-36.769855,10.002483,-100.000015,0,0
-37.769855,10.002483,-100.000015,0,0
-38.769855,10.002483,-100.000015,0,0
-39.769855,10.002483,-100.000015,0,0
-40.769855,10.002483,-100.000015,0,0
-41.769855,10.002483,-100.000015,0,0
-42.769855,10.002483,-100.000015,0,0
-43.769855,10.002483,-100.000015,0,0
-44.769855,10.002483,-100.000015,0,0
-45.769855,10.002483,-100.000015,0,0
-46.769855,10.002483,-100.000015,0,0
-47.769855,10.002483,-100.000015,0,0
-48.769855,10.002483,-100.000015,0,0
-49.769855,10.002483,-100.000015,0,0
49.230145,9.002483,-100.000015,0,0
48.230145,9.002483,-100.000015,0,0
47.230145,9.002483,-100.000015,0,0
46.230145,9.002483,-100.000015,0,0
45.230145,9.002483,-100.000015,0,0
44.230145,9.002483,-100.000015,0,0
43.230145,9.002483,-100.000015,0,0
42.230145,9.002483,-100.000015,0,0
41.230145,9.002483,-100.000015,0,0
40.230145,9.002483,-100.000015,0,0
39.230145,9.002483,-100.000015,0,0
38.230145,9.002483,-100.000015,0,0
37.230145,9.002483,-100.000015,0,0
36.230145,9.002483,-100.000015,0,0
35.230145,9.002483,-100.000015,0,0
34.230145,9.002483,-100.000015,0,0
33.230145,9.002483,-100.000015,0,0
32.230145,9.002483,-100.000015,0,0
31.230145,9.002483,-100.000015,0,0
30.230145,9.002483,-100.000015,0,0
29.230145,9.002483,-100.000015,0,0
28.230145,9.002483,-100.000015,0,0
27.230145,9.002483,-100.000015,0,0
26.230145,9.002483,-100.000015,0,0
25.230145,9.002483,-100.000015,0,0
24.230145,9.002483,-100.000015,0,0
23.230145,9.002483,-100.000015,0,0
22.230145,9.002483,-100.000015,0,0
21.230145,9.002483,-100.000015,0,0
20.230145,9.002483,-100.000015,0,0
19.230145,9.002483,-100.000015,0,0
18.230145,9.002483,-100.000015,0,0
17.230145,9.002483,-100.000015,0,0
16.230145,9.002483,-100.000015,0,0
15.2301445,9.002483,-100.000015,0,0
14.2301445,9.002483,-100.000015,0,0
13.2301445,9.002483,-100.000015,0,39.999996
12.2301445,9.002483,-100.000015,0.29287988,27.999996
11.2301445,9.002483,-100.000015,0.42983192,59.999996
10.2301445,9.002483,-100.000015,0.55021834,63.999996
9.2301445,9.002483,-100.000015,0.5291699,39.999996
8.2301445,9.002483,-100.000015,0.45521408,55.999996
7.2301445,9.002483,-100.000015,0.4243994,47.999996
6.2301445,9.002483,-100.000015,0.4614188,63.999996
5.2301445,9.002483,-100.000015,0.5225978,67.99999
4.2301445,9.002483,-100.000015,0.53200155,67.99999
3.2301445,9.002483,-100.000015,0.44374347,39.999996
2.2301445,9.002483,-100.000015,0.2687156,43.999996
1.2301445,9.002483,-100.000015,0.08096132,67.99999
0.2301445,9.002483,-100.000015,0.04678017,55.999996
-0.7698555,9.002483,-100.000015,0.2035496,35.999996
-1.7698555,9.002483,-100.000015,0.34929442,87.99999
-2.7698555,9.002483,-100.000015,0.42011243,67.99999
-3.7698555,9.002483,-100.000015,0.5388517,71.99999
-4.7698555,9.002483,-100.000015,0.67394257,123.99999
-5.7698555,9.002483,-100.000015,0.6583801,83.99999
-6.7698555,9.002483,-100.000015,0.5139462,71.99999
-7.7698555,9.002483,-100.000015,0.32454124,43.999996
-8.7698555,9.002483,-100.000015,0.34891838,55.999996
-9.7698555,9.002483,-100.000015,0.5495273,71.99999
-10.7698555,9.002483,-100.000015,0.6116883,67.99999
-11.7698555,9.002483,-100.000015,0.5026055,79.99999
-12.7698555,9.002483,-100.000015,0.4280799,83.99999
-13.7698555,9.002483,-100.000015,0.42895573,87.99999
-14.7698555,9.002483,-100.000015,0.48900133,67.99999
-15.7698555,9.002483,-100.000015,0,55.999996
-16.769855,9.002483,-100.000015,0,0
-17.769855,9.002483,-100.000015,0,0
-18.769855,9.002483,-100.000015,0,0
-19.769855,9.002483,-100.000015,0,0
-20.769855,9.002483,-100.000015,0,0
-21.769855,9.002483,-100.000015,0,0
-22.769855,9.002483,-100.000015,0,0
-23.769855,9.002483,-100.000015,0,0
-24.769855,9.002483,-100.000015,0,0
-25.769855,9.002483,-100.000015,0,0
-26.769855,9.002483,-100.000015,0,0
-27.769855,9.002483,-100.000015,0,0
-28.769855,9.002483,-100.000015,0,0
-29.769855,9.002483,-100.000015,0,0
-30.769855,9.002483,-100.000015,0,0
-31.769855,9.002483,-100.000015,0,0
-32.769855,9.002483,-100.000015,0,0
-33.769855,9.002483,-100.000015,0,0
-34.769855,9.002483,-100.000015,0,0
-35.769855,9.002483,-100.000015,0,0
-36.769855,9.002483,-100.000015,0,0
-37.769855,9.002483,-100.000015,0,0
-38.769855,9.002483,-100.000015,0,0
-39.769855,9.002483,-100.000015,0,0
-40.769855,9.002483,-100.000015,0,0
-41.769855,9.002483,-100.000015,0,0
-42.769855,9.002483,-100.000015,0,0
-43.769855,9.002483,-100.000015,0,0
-44.769855,9.002483,-100.000015,0,0
-45.769855,9.002483,-100.000015,0,0
-46.769855,9.002483,-100.000015,0,0
-47.769855,9.002483,-100.000015,0,0
-48.769855,9.002483,-100.000015,0,0
-49.769855,9.002483,-100.000015,0,0
49.230145,8.002483,-100.000015,0,0
48.230145,8.002483,-100.000015,0,0
47.230145,8.002483,-100.000015,0,0
46.230145,8.002483,-100.000015,0,0
45.230145,8.002483,-100.000015,0,0
44.230145,8.002483,-100.000015,0,0
43.230145,8.002483,-100.000015,0,0
42.230145,8.002483,-100.000015,0,0
41.230145,8.002483,-100.000015,0,0
40.230145,8.002483,-100.000015,0,0
39.230145,8.002483,-100.000015,0,0
38.230145,8.002483,-100.000015,0,0
37.230145,8.002483,-100.000015,0,0
36.230145,8.002483,-100.000015,0,0
35.230145,8.002483,-100.000015,0,0
34.230145,8.002483,-100.000015,0,0
33.230145,8.002483,-100.000015,0,0
32.230145,8.002483,-100.000015,0,0
31.230145,8.002483,-100.000015,0,0
30.230145,8.002483,-100.000015,0,0
29.230145,8.002483,-100.000015,0,0
28.230145,8.002483,-100.000015,0,0
27.230145,8.002483,-100.000015,0,0
26.230145,8.002483,-100.000015,0,0
25.230145,8.002483,-100.000015,0,0
24.230145,8.002483,-100.000015,0,0
23.230145,8.002483,-100.000015,0,0
22.230145,8.002483,-100.000015,0,0
21.230145,8.002483,-100.000015,0,0
20.230145,8.002483,-100.000015,0,0
19.230145,8.002483,-100.000015,0,0
18.230145,8.002483,-100.000015,0,0
17.230145,8.002483,-100.000015,0,0
16.230145,8.002483,-100.000015,0,0
15.2301445,8.002483,-100.000015,0,0
14.2301445,8.002483,-100.000015,0,15.999996
13.2301445,8.002483,-100.000015,-Infinity,31.999996
12.2301445,8.002483,-100.000015,0.20051819,51.999996
11.2301445,8.002483,-100.000015,0.303361,11.999997
10.2301445,8.002483,-100.000015,0.50337875,59.999996
9.2301445,8.002483,-100.000015,0.49659473,43.999996
8.2301445,8.002483,-100.000015,0.40805334,15.999996
7.2301445,8.002483,-100.000015,0.48491514,55.999996
6.2301445,8.002483,-100.000015,0.52669466,79.99999
5.2301445,8.002483,-100.000015,0.5092456,51.999996
4.2301445,8.002483,-100.000015,0.52298594,51.999996
3.2301445,8.002483,-100.000015,0.4388744,59.999996
2.2301445,8.002483,-100.000015,0.16859803,31.999996
1.2301445,8.002483,-100.000015,-0.011393845,27.999996
0.2301445,8.002483,-100.000015,0.069740005,59.999996
-0.7698555,8.002483,-100.000015,0.2472132,47.999996
-1.7698555,8.002483,-100.000015,0.38182646,63.999996
-2.7698555,8.002483,-100.000015,0.50174075,79.99999
-3.7698555,8.002483,-100.000015,0.6058342,75.99999
-4.7698555,8.002483,-100.000015,0.64103025,67.99999
-5.7698555,8.002483,-100.000015,0.60363996,79.99999
-6.7698555,8.002483,-100.000015,0.4919404,39.999996
-7.7698555,8.002483,-100.000015,0.3246417,59.999996
-8.7698555,8.002483,-100.000015,0.30264664,15.999996
-9.7698555,8.002483,-100.000015,0.5360884,75.99999
-10.7698555,8.002483,-100.000015,0.6401401,83.99999
-11.7698555,8.002483,-100.000015,0.46260977,71.99999
-12.7698555,8.002483,-100.000015,0.32579625,63.999996
-13.7698555,8.002483,-100.000015,0.33223036,47.999996
-14.7698555,8.002483,-100.000015,0.44444007,63.999996
-15.7698555,8.002483,-100.000015,0,99.99999
-16.769855,8.002483,-100.000015,0,27.999996
-17.769855,8.002483,-100.000015,0,0
-18.769855,8.002483,-100.000015,0,0
-19.769855,8.002483,-100.000015,0,0
-20.769855,8.002483,-100.000015,0,0
-21.769855,8.002483,-100.000015,0,0
-22.769855,8.002483,-100.000015,0,0
-23.769855,8.002483,-100.000015,0,0
-24.769855,8.002483,-100.000015,0,0
-25.769855,8.002483,-100.000015,0,0
-26.769855,8.002483,-100.000015,0,0
-27.769855,8.002483,-100.000015,0,0
-28.769855,8.002483,-100.000015,0,0
-29.769855,8.002483,-100.000015,0,0
-30.769855,8.002483,-100.000015,0,0
-31.769855,8.002483,-100.000015,0,0
-32.769855,8.002483,-100.000015,0,0
-33.769855,8.002483,-100.000015,0,0
-34.769855,8.002483,-100.000015,0,0
-35.769855,8.002483,-100.000015,0,0
-36.769855,8.002483,-100.000015,0,0
-37.769855,8.002483,-100.000015,0,0
-38.769855,8.002483,-100.000015,0,0
-39.769855,8.002483,-100.000015,0,0
-40.769855,8.002483,-100.000015,0,0
-41.769855,8.002483,-100.000015,0,0
-42.769855,8.002483,-100.000015,0,0
-43.769855,8.002483,-100.000015,0,0
-44.769855,8.002483,-100.000015,0,0
-45.769855,8.002483,-100.000015,0,0
-46.769855,8.002483,-100.000015,0,0
-47.769855,8.002483,-100.000015,0,0
-48.769855,8.002483,-100.000015,0,0
-49.769855,8.002483,-100.000015,0,0
49.230145,7.0024834,-100.000015,0,0
48.230145,7.0024834,-100.000015,0,0
47.230145,7.0024834,-100.000015,0,0
46.230145,7.0024834,-100.000015,0,0
45.230145,7.0024834,-100.000015,0,0
44.230145,7.0024834,-100.000015,0,0
43.230145,7.0024834,-100.000015,0,0
42.230145,7.0024834,-100.000015,0,0
41.230145,7.0024834,-100.000015,0,0
40.230145,7.0024834,-100.000015,0,0
39.230145,7.0024834,-100.000015,0,0
38.230145,7.0024834,-100.000015,0,0
37.230145,7.0024834,-100.000015,0,0
36.230145,7.0024834,-100.000015,0,0
35.230145,7.0024834,-100.000015,0,0
34.230145,7.0024834,-100.000015,0,0
33.230145,7.0024834,-100.000015,0,0
32.230145,7.0024834,-100.000015,0,0
31.230145,7.0024834,-100.000015,0,0
30.230145,7.0024834,-100.000015,0,0
29.230145,7.0024834,-100.000015,0,0
28.230145,7.0024834,-100.000015,0,0
27.230145,7.0024834,-100.000015,0,0
26.230145,7.0024834,-100.000015,0,0
25.230145,7.0024834,-100.000015,0,0
24.230145,7.0024834,-100.000015,0,0
23.230145,7.0024834,-100.000015,0,0
22.230145,7.0024834,-100.000015,0,0
21.230145,7.0024834,-100.000015,0,0
20.230145,7.0024834,-100.000015,0,0
19.230145,7.0024834,-100.000015,0,0
18.230145,7.0024834,-100.000015,0,0
17.230145,7.0024834,-100.000015,0,0
16.230145,7.0024834,-100.000015,0,0
15.2301445,7.0024834,-100.000015,0,0
14.2301445,7.0024834,-100.000015,0,23.999996
13.2301445,7.0024834,-100.000015,0.18071437,43.999996
12.2301445,7.0024834,-100.000015,0.27620682,59.999996
11.2301445,7.0024834,-100.000015,0.2686766,35.999996
10.2301445,7.0024834,-100.000015,0.3405701,31.999996
9.2301445,7.0024834,-100.000015,0.3904488,43.999996
8.2301445,7.0024834,-100.000015,0.35769483,43.999996
7.2301445,7.0024834,-100.000015,0.4309344,55.999996
6.2301445,7.0024834,-100.000015,0.5339023,55.999996
5.2301445,7.0024834,-100.000015,0.50292647,47.999996
4.2301445,7.0024834,-100.000015,0.43649113,39.999996
3.2301445,7.0024834,-100.000015,0.32825458,71.99999
2.2301445,7.0024834,-100.000015,0.12795275,63.999996
1.2301445,7.0024834,-100.000015,0.022888696,59.999996
0.2301445,7.0024834,-100.000015,0.14900114,47.999996
-0.7698555,7.0024834,-100.000015,0.32913187,91.99999
-1.7698555,7.0024834,-100.000015,0.42079383,63.999996
-2.7698555,7.0024834,-100.000015,0.54787004,43.999996
-3.7698555,7.0024834,-100.000015,0.67804915,99.99999
-4.7698555,7.0024834,-100.000015,0.63059837,51.999996
-5.7698555,7.0024834,-100.000015,0.5687435,59.999996
-6.7698555,7.0024834,-100.000015,0.5629764,87.99999
-7.7698555,7.0024834,-100.000015,0.43034372,31.999996
-8.7698555,7.0024834,-100.000015,0.3392944,35.999996
-9.7698555,7.0024834,-100.000015,0.44546947,75.99999
-10.7698555,7.0024834,-100.000015,0.5511427,79.99999
-11.7698555,7.0024834,-100.000015,0.43042222,79.99999
-12.7698555,7.0024834,-100.000015,0.30047894,75.99999
-13.7698555,7.0024834,-100.000015,0.31706715,87.99999
-14.7698555,7.0024834,-100.000015,0.44887358,67.99999
-15.7698555,7.0024834,-100.000015,0.6564301,115.99999
-16.769855,7.0024834,-100.000015,0,43.999996
-17.769855,7.0024834,-100.000015,0,0
-18.769855,7.0024834,-100.000015,0,0
-19.769855,7.0024834,-100.000015,0,0
-20.769855,7.0024834,-100.000015,0,0
-21.769855,7.0024834,-100.000015,0,0
-22.769855,7.0024834,-100.000015,0,0
-23.769855,7.0024834,-100.000015,0,0
-24.769855,7.0024834,-100.000015,0,0
-25.769855,7.0024834,-100.000015,0,0
-26.769855,7.0024834,-100.000015,0,0
-27.769855,7.0024834,-100.000015,0,0
-28.769855,7.0024834,-100.000015,0,0
-29.769855,7.0024834,-100.000015,0,0
-30.769855,7.0024834,-100.000015,0,0
-31.769855,7.0024834,-100.000015,0,0
-32.769855,7.0024834,-100.000015,0,0
-33.769855,7.0024834,-100.000015,0,0
-34.769855,7.0024834,-100.000015,0,0
-35.769855,7.0024834,-100.000015,0,0
-36.769855,7.0024834,-100.000015,0,0
-37.769855,7.0024834,-100.000015,0,0
-38.769855,7.0024834,-100.000015,0,0
-39.769855,7.0024834,-100.000015,0,0
-40.769855,7.0024834,-100.000015,0,0
-41.769855,7.0024834,-100.000015,0,0
-42.769855,7.0024834,-100.000015,0,0
-43.769855,7.0024834,-100.000015,0,0
-44.769855,7.0024834,-100.000015,0,0
-45.769855,7.0024834,-100.000015,0,0
-46.769855,7.0024834,-100.000015,0,0
-47.769855,7.0024834,-100.000015,0,0
-48.769855,7.0024834,-100.000015,0,0
-49.769855,7.0024834,-100.000015,0,0
49.230145,6.0024834,-100.000015,0,0
48.230145,6.0024834,-100.000015,0,0
47.230145,6.0024834,-100.000015,0,0
46.230145,6.0024834,-100.000015,0,0
45.230145,6.0024834,-100.000015,0,0
44.230145,6.0024834,-100.000015,0,0
43.230145,6.0024834,-100.000015,0,0
42.230145,6.0024834,-100.000015,0,0
41.230145,6.0024834,-100.000015,0,0
40.230145,6.0024834,-100.000015,0,0
39.230145,6.0024834,-100.000015,0,0
38.230145,6.0024834,-100.000015,0,0
37.230145,6.0024834,-100.000015,0,0
36.230145,6.0024834,-100.000015,0,0
35.230145,6.0024834,-100.000015,0,0
34.230145,6.0024834,-100.000015,0,0
33.230145,6.0024834,-100.000015,0,0
32.230145,6.0024834,-100.000015,0,0
31.230145,6.0024834,-100.000015,0,0
30.230145,6.0024834,-100.000015,0,0
29.230145,6.0024834,-100.000015,0,0
28.230145,6.0024834,-100.000015,0,0
27.230145,6.0024834,-100.000015,0,0
26.230145,6.0024834,-100.000015,0,0
25.230145,6.0024834,-100.000015,0,0
24.230145,6.0024834,-100.000015,0,0
23.230145,6.0024834,-100.000015,0,0
22.230145,6.0024834,-100.000015,0,0
21.230145,6.0024834,-100.000015,0,0
20.230145,6.0024834,-100.000015,0,0
19.230145,6.0024834,-100.000015,0,0
18.230145,6.0024834,-100.000015,0,0
17.230145,6.0024834,-100.000015,0,0
16.230145,6.0024834,-100.000015,0,0
15.2301445,6.0024834,-100.000015,0,0
14.2301445,6.0024834,-100.000015,0,19.999996
13.2301445,6.0024834,-100.000015,0.35813388,63.999996
12.2301445,6.0024834,-100.000015,0.4197669,43.999996
11.2301445,6.0024834,-100.000015,0.34141225,39.999996
10.2301445,6.0024834,-100.000015,0.31239694,27.999996
9.2301445,6.0024834,-100.000015,0.32983533,71.99999
8.2301445,6.0024834,-100.000015,0.27157384,39.999996
7.2301445,6.0024834,-100.000015,0.30138093,39.999996
6.2301445,6.0024834,-100.000015,0.44049895,51.999996
5.2301445,6.0024834,-100.000015,0.44231147,55.999996
4.2301445,6.0024834,-100.000015,0.3309115,31.999996
3.2301445,6.0024834,-100.000015,0.24497014,39.999996
2.2301445,6.0024834,-100.000015,0.21963109,47.999996
1.2301445,6.0024834,-100.000015,0.22303787,67.99999
0.2301445,6.0024834,-100.000015,0.30009842,39.999996
-0.7698555,6.0024834,-100.000015,0.44276345,59.999996
-1.7698555,6.0024834,-100.000015,0.5407437,75.99999
-2.7698555,6.0024834,-100.000015,0.6440251,83.99999
-3.7698555,6.0024834,-100.000015,0.7462462,71.99999
-4.7698555,6.0024834,-100.000015,0.7222519,91.99999
-5.7698555,6.0024834,-100.000015,0.6230221,75.99999
-6.7698555,6.0024834,-100.000015,0.6467115,95.99999
-7.7698555,6.0024834,-100.000015,0.58446026,51.999996
-8.7698555,6.0024834,-100.000015,0.40137714,39.999996
-9.7698555,6.0024834,-100.000015,0.39422247,27.999996
-10.7698555,6.0024834,-100.000015,0.4769517,75.99999
-11.7698555,6.0024834,-100.000015,0.42914647,107.99999
-12.7698555,6.0024834,-100.000015,0.36046535,75.99999
-13.7698555,6.0024834,-100.000015,0.38714105,47.999996
-14.7698555,6.0024834,-100.000015,0.5026306,63.999996
-15.7698555,6.0024834,-100.000015,0.6329184,67.99999
-16.769855,6.0024834,-100.000015,0,43.999996
-17.769855,6.0024834,-100.000015,0,0
-18.769855,6.0024834,-100.000015,0,0
-19.769855,6.0024834,-100.000015,0,0
-20.769855,6.0024834,-100.000015,0,0
-21.769855,6.0024834,-100.000015,0,0
-22.769855,6.0024834,-100.000015,0,0
-23.769855,6.0024834,-100.000015,0,0
-24.769855,6.0024834,-100.000015,0,0
-25.769855,6.0024834,-100.000015,0,0
-26.769855,6.0024834,-100.000015,0,0
-27.769855,6.0024834,-100.000015,0,0
-28.769855,6.0024834,-100.000015,0,0
-29.769855,6.0024834,-100.000015,0,0
-30.769855,6.0024834,-100.000015,0,0
-31.769855,6.0024834,-100.000015,0,0
-32.769855,6.0024834,-100.000015,0,0
-33.769855,6.0024834,-100.000015,0,0
-34.769855,6.0024834,-100.000015,0,0
-35.769855,6.0024834,-100.000015,0,0
-36.769855,6.0024834,-100.000015,0,0
-37.769855,6.0024834,-100.000015,0,0
-38.769855,6.0024834,-100.000015,0,0
-39.769855,6.0024834,-100.000015,0,0
-40.769855,6.0024834,-100.000015,0,0
-41.769855,6.0024834,-100.000015,0,0
-42.769855,6.0024834,-100.000015,0,0
-43.769855,6.0024834,-100.000015,0,0
-44.769855,6.0024834,-100.000015,0,0
-45.769855,6.0024834,-100.000015,0,0
-46.769855,6.0024834,-100.000015,0,0
-47.769855,6.0024834,-100.000015,0,0
-48.769855,6.0024834,-100.000015,0,0
-49.769855,6.0024834,-100.000015,0,0
49.230145,5.0024834,-100.000015,0,0
48.230145,5.0024834,-100.000015,0,0
47.230145,5.0024834,-100.000015,0,0
46.230145,5.0024834,-100.000015,0,0
45.230145,5.0024834,-100.000015,0,0
44.230145,5.0024834,-100.000015,0,0
43.230145,5.0024834,-100.000015,0,0
42.230145,5.0024834,-100.000015,0,0
41.230145,5.0024834,-100.000015,0,0
40.230145,5.0024834,-100.000015,0,0
39.230145,5.0024834,-100.000015,0,0
38.230145,5.0024834,-100.000015,0,0
37.230145,5.0024834,-100.000015,0,0
36.230145,5.0024834,-100.000015,0,0
35.230145,5.0024834,-100.000015,0,0
34.230145,5.0024834,-100.000015,0,0
33.230145,5.0024834,-100.000015,0,0
32.230145,5.0024834,-100.000015,0,0
31.230145,5.0024834,-100.000015,0,0
30.230145,5.0024834,-100.000015,0,0
29.230145,5.0024834,-100.000015,0,0
28.230145,5.0024834,-100.000015,0,0
27.230145,5.0024834,-100.000015,0,0
26.230145,5.0024834,-100.000015,0,0
25.230145,5.0024834,-100.000015,0,0
24.230145,5.0024834,-100.000015,0,0
23.230145,5.0024834,-100.000015,0,0
22.230145,5.0024834,-100.000015,0,0
21.230145,5.0024834,-100.000015,0,0
20.230145,5.0024834,-100.000015,0,0
19.230145,5.0024834,-100.000015,0,0
18.230145,5.0024834,-100.000015,0,0
17.230145,5.0024834,-100.000015,0,0
16.230145,5.0024834,-100.000015,0,0
15.2301445,5.0024834,-100.000015,0,7.999998
14.2301445,5.0024834,-100.000015,0,75.99999
13.2301445,5.0024834,-100.000015,0.50663006,67.99999
12.2301445,5.0024834,-100.000015,0.44862294,59.999996
11.2301445,5.0024834,-100.000015,0.41664144,43.999996
10.2301445,5.0024834,-100.000015,0.38135675,43.999996
9.2301445,5.0024834,-100.000015,0.27860194,43.999996
8.2301445,5.0024834,-100.000015,0.20274907,51.999996
7.2301445,5.0024834,-100.000015,0.27683032,67.99999
6.2301445,5.0024834,-100.000015,0.4053303,43.999996
5.2301445,5.0024834,-100.000015,0.3832078,43.999996
4.2301445,5.0024834,-100.000015,0.2802442,59.999996
3.2301445,5.0024834,-100.000015,0.25806463,75.99999
2.2301445,5.0024834,-100.000015,0.34686065,115.99999
1.2301445,5.0024834,-100.000015,0.40944985,91.99999
0.2301445,5.0024834,-100.000015,0.44580653,71.99999
-0.7698555,5.0024834,-100.000015,0.566559,91.99999
-1.7698555,5.0024834,-100.000015,0.66885614,71.99999
-2.7698555,5.0024834,-100.000015,0.7154832,75.99999
-3.7698555,5.0024834,-100.000015,0.7784712,91.99999
-4.7698555,5.0024834,-100.000015,0.7190595,75.99999
-5.7698555,5.0024834,-100.000015,0.5790335,87.99999
-6.7698555,5.0024834,-100.000015,0.54956126,47.999996
-7.7698555,5.0024834,-100.000015,0.49474257,43.999996
-8.7698555,5.0024834,-100.000015,0.36913985,19.999996
-9.7698555,5.0024834,-100.000015,0.3544881,75.99999
-10.7698555,5.0024834,-100.000015,0.41882595,71.99999
-11.7698555,5.0024834,-100.000015,0.39808,59.999996
-12.7698555,5.0024834,-100.000015,0.39957294,71.99999
-13.7698555,5.0024834,-100.000015,0.47621632,71.99999
-14.7698555,5.0024834,-100.000015,0.517991,91.99999
-15.7698555,5.0024834,-100.000015,0.5243,71.99999
-16.769855,5.0024834,-100.000015,0,59.999996
-17.769855,5.0024834,-100.000015,0,0
-18.769855,5.0024834,-100.000015,0,0
-19.769855,5.0024834,-100.000015,0,0
-20.769855,5.0024834,-100.000015,0,0
-21.769855,5.0024834,-100.000015,0,0
-22.769855,5.0024834,-100.000015,0,0
-23.769855,5.0024834,-100.000015,0,0
-24.769855,5.0024834,-100.000015,0,0
-25.769855,5.0024834,-100.000015,0,0
-26.769855,5.0024834,-100.000015,0,0
-27.769855,5.0024834,-100.000015,0,0
-28.769855,5.0024834,-100.000015,0,0
-29.769855,5.0024834,-100.000015,0,0
-30.769855,5.0024834,-100.000015,0,0
-31.769855,5.0024834,-100.000015,0,0
-32.769855,5.0024834,-100.000015,0,0
-33.769855,5.0024834,-100.000015,0,0
-34.769855,5.0024834,-100.000015,0,0
-35.769855,5.0024834,-100.000015,0,0
-36.769855,5.0024834,-100.000015,0,0
-37.769855,5.0024834,-100.000015,0,0
-38.769855,5.0024834,-100.000015,0,0
-39.769855,5.0024834,-100.000015,0,0
-40.769855,5.0024834,-100.000015,0,0
-41.769855,5.0024834,-100.000015,0,0
-42.769855,5.0024834,-100.000015,0,0
-43.769855,5.0024834,-100.000015,0,0
-44.769855,5.0024834,-100.000015,0,0
-45.769855,5.0024834,-100.000015,0,0
-46.769855,5.0024834,-100.000015,0,0
-47.769855,5.0024834,-100.000015,0,0
-48.769855,5.0024834,-100.000015,0,0
-49.769855,5.0024834,-100.000015,0,0
49.230145,4.0024834,-100.000015,0,0
48.230145,4.0024834,-100.000015,0,0
47.230145,4.0024834,-100.000015,0,0
46.230145,4.0024834,-100.000015,0,0
45.230145,4.0024834,-100.000015,0,0
44.230145,4.0024834,-100.000015,0,0
43.230145,4.0024834,-100.000015,0,0
42.230145,4.0024834,-100.000015,0,0
41.230145,4.0024834,-100.000015,0,0
40.230145,4.0024834,-100.000015,0,0
39.230145,4.0024834,-100.000015,0,0
38.230145,4.0024834,-100.000015,0,0
37.230145,4.0024834,-100.000015,0,0
36.230145,4.0024834,-100.000015,0,0
35.230145,4.0024834,-100.000015,0,0
34.230145,4.0024834,-100.000015,0,0
33.230145,4.0024834,-100.000015,0,0
32.230145,4.0024834,-100.000015,0,0
31.230145,4.0024834,-100.000015,0,0
30.230145,4.0024834,-100.000015,0,0
29.230145,4.0024834,-100.000015,0,0
28.230145,4.0024834,-100.000015,0,0
27.230145,4.0024834,-100.000015,0,0
26.230145,4.0024834,-100.000015,0,0
25.230145,4.0024834,-100.000015,0,0
24.230145,4.0024834,-100.000015,0,0
23.230145,4.0024834,-100.000015,0,0
22.230145,4.0024834,-100.000015,0,0
21.230145,4.0024834,-100.000015,0,0
20.230145,4.0024834,-100.000015,0,0
19.230145,4.0024834,-100.000015,0,0
18.230145,4.0024834,-100.000015,0,0
17.230145,4.0024834,-100.000015,0,0
16.230145,4.0024834,-100.000015,0,0
15.2301445,4.0024834,-100.000015,0,3.999999
14.2301445,4.0024834,-100.000015,Infinity,71.99999
13.2301445,4.0024834,-100.000015,0.53867877,51.999996
12.2301445,4.0024834,-100.000015,0.49538517,63.999996
11.2301445,4.0024834,-100.000015,0.4824181,63.999996
10.2301445,4.0024834,-100.000015,0.41633835,83.99999
9.2301445,4.0024834,-100.000015,0.2846135,35.999996
8.2301445,4.0024834,-100.000015,0.23055094,47.999996
7.2301445,4.0024834,-100.000015,0.30452132,55.999996
6.2301445,4.0024834,-100.000015,0.41321462,67.99999
5.2301445,4.0024834,-100.000015,0.42985064,79.99999
4.2301445,4.0024834,-100.000015,0.33123723,55.999996
3.2301445,4.0024834,-100.000015,0.26588207,63.999996
2.2301445,4.0024834,-100.000015,0.33825803,67.99999
1.2301445,4.0024834,-100.000015,0.43717098,67.99999
0.2301445,4.0024834,-100.000015,0.47469985,51.999996
-0.7698555,4.0024834,-100.000015,0.55169266,67.99999
-1.7698555,4.0024834,-100.000015,0.63504124,55.999996
-2.7698555,4.0024834,-100.000015,0.6485535,59.999996
-3.7698555,4.0024834,-100.000015,0.62482625,71.99999
-4.7698555,4.0024834,-100.000015,0.572039,67.99999
-5.7698555,4.0024834,-100.000015,0.48657972,59.999996
-6.7698555,4.0024834,-100.000015,0.43168524,63.999996
-7.7698555,4.0024834,-100.000015,0.33879286,67.99999
-8.7698555,4.0024834,-100.000015,0.24432978,31.999996
-9.7698555,4.0024834,-100.000015,0.23838896,75.99999
-10.7698555,4.0024834,-100.000015,0.2894166,63.999996
-11.7698555,4.0024834,-100.000015,0.3419752,43.999996
-12.7698555,4.0024834,-100.000015,0.4199934,51.999996
-13.7698555,4.0024834,-100.000015,0.47501814,59.999996
-14.7698555,4.0024834,-100.000015,0.4404559,75.99999
-15.7698555,4.0024834,-100.000015,0.37612435,87.99999
-16.769855,4.0024834,-100.000015,0,55.999996
-17.769855,4.0024834,-100.000015,0,0
-18.769855,4.0024834,-100.000015,0,0
-19.769855,4.0024834,-100.000015,0,0
-20.769855,4.0024834,-100.000015,0,0
-21.769855,4.0024834,-100.000015,0,0
-22.769855,4.0024834,-100.000015,0,0
-23.769855,4.0024834,-100.000015,0,0
-24.769855,4.0024834,-100.000015,0,0
-25.769855,4.0024834,-100.000015,0,0
-26.769855,4.0024834,-100.000015,0,0
-27.769855,4.0024834,-100.000015,0,0
-28.769855,4.0024834,-100.000015,0,0
-29.769855,4.0024834,-100.000015,0,0
-30.769855,4.0024834,-100.000015,0,0
-31.769855,4.0024834,-100.000015,0,0
-32.769855,4.0024834,-100.000015,0,0
-33.769855,4.0024834,-100.000015,0,0
-34.769855,4.0024834,-100.000015,0,0
-35.769855,4.0024834,-100.000015,0,0
-36.769855,4.0024834,-100.000015,0,0
-37.769855,4.0024834,-100.000015,0,0
-38.769855,4.0024834,-100.000015,0,0
-39.769855,4.0024834,-100.000015,0,0
-40.769855,4.0024834,-100.000015,0,0
-41.769855,4.0024834,-100.000015,0,0
-42.769855,4.0024834,-100.000015,0,0
-43.769855,4.0024834,-100.000015,0,0
-44.769855,4.0024834,-100.000015,0,0
-45.769855,4.0024834,-100.000015,0,0
-46.769855,4.0024834,-100.000015,0,0
-47.769855,4.0024834,-100.000015,0,0
-48.769855,4.0024834,-100.000015,0,0
-49.769855,4.0024834,-100.000015,0,0
49.230145,3.0024834,-100.000015,0,0
48.230145,3.0024834,-100.000015,0,0
47.230145,3.0024834,-100.000015,0,0
46.230145,3.0024834,-100.000015,0,0
45.230145,3.0024834,-100.000015,0,0
44.230145,3.0024834,-100.000015,0,0
43.230145,3.0024834,-100.000015,0,0
42.230145,3.0024834,-100.000015,0,0
41.230145,3.0024834,-100.000015,0,0
40.230145,3.0024834,-100.000015,0,0
39.230145,3.0024834,-100.000015,0,0
38.230145,3.0024834,-100.000015,0,0
37.230145,3.0024834,-100.000015,0,0
36.230145,3.0024834,-100.000015,0,0
35.230145,3.0024834,-100.000015,0,0
34.230145,3.0024834,-100.000015,0,0
33.230145,3.0024834,-100.000015,0,0
32.230145,3.0024834,-100.000015,0,0
31.230145,3.0024834,-100.000015,0,0
30.230145,3.0024834,-100.000015,0,0
29.230145,3.0024834,-100.000015,0,0
28.230145,3.0024834,-100.000015,0,0
27.230145,3.0024834,-100.000015,0,0
26.230145,3.0024834,-100.000015,0,0
25.230145,3.0024834,-100.000015,0,0
24.230145,3.0024834,-100.000015,0,0
23.230145,3.0024834,-100.000015,0,0
22.230145,3.0024834,-100.000015,0,0
21.230145,3.0024834,-100.000015,0,0
20.230145,3.0024834,-100.000015,0,0
19.230145,3.0024834,-100.000015,0,0
18.230145,3.0024834,-100.000015,0,0
17.230145,3.0024834,-100.000015,0,0
16.230145,3.0024834,-100.000015,0,0
15.2301445,3.0024834,-100.000015,0,11.999997
14.2301445,3.0024834,-100.000015,0.5201793,83.99999
13.2301445,3.0024834,-100.000015,0.5814727,71.99999
12.2301445,3.0024834,-100.000015,0.57760227,83.99999
11.2301445,3.0024834,-100.000015,0.56787443,95.99999
10.2301445,3.0024834,-100.000015,0.52183014,79.99999
9.2301445,3.0024834,-100.000015,0.43291557,55.999996
8.2301445,3.0024834,-100.000015,0.33090127,55.999996
7.2301445,3.0024834,-100.000015,0.3293699,47.999996
6.2301445,3.0024834,-100.000015,0.40868255,39.999996
5.2301445,3.0024834,-100.000015,0.45875058,71.99999
4.2301445,3.0024834,-100.000015,0.3959664,79.99999
3.2301445,3.0024834,-100.000015,0.2348827,63.999996
2.2301445,3.0024834,-100.000015,0.18801059,35.999996
1.2301445,3.0024834,-100.000015,0.30927107,87.99999
0.2301445,3.0024834,-100.000015,0.38860264,63.999996
-0.7698555,3.0024834,-100.000015,0.41869587,47.999996
-1.7698555,3.0024834,-100.000015,0.45278013,87.99999
-2.7698555,3.0024834,-100.000015,0.40686536,35.999996
-3.7698555,3.0024834,-100.000015,0.3510012,43.999996
-4.7698555,3.0024834,-100.000015,0.36622468,63.999996
-5.7698555,3.0024834,-100.000015,0.3990948,39.999996
-6.7698555,3.0024834,-100.000015,0.38663426,51.999996
-7.7698555,3.0024834,-100.000015,0.26575887,27.999996
-8.7698555,3.0024834,-100.000015,0.1744395,23.999996
-9.7698555,3.0024834,-100.000015,0.17479593,31.999996
-10.7698555,3.0024834,-100.000015,0.23307152,35.999996
-11.7698555,3.0024834,-100.000015,0.32474965,39.999996
-12.7698555,3.0024834,-100.000015,0.45618987,51.999996
-13.7698555,3.0024834,-100.000015,0.4471572,51.999996
-14.7698555,3.0024834,-100.000015,0.31365636,43.999996
-15.7698555,3.0024834,-100.000015,0.26581755,39.999996
-16.769855,3.0024834,-100.000015,0,27.999996
-17.769855,3.0024834,-100.000015,0,0
-18.769855,3.0024834,-100.000015,0,0
-19.769855,3.0024834,-100.000015,0,0
-20.769855,3.0024834,-100.000015,0,0
-21.769855,3.0024834,-100.000015,0,0
-22.769855,3.0024834,-100.000015,0,0
-23.769855,3.0024834,-100.000015,0,0
-24.769855,3.0024834,-100.000015,0,0
-25.769855,3.0024834,-100.000015,0,0
-26.769855,3.0024834,-100.000015,0,0
-27.769855,3.0024834,-100.000015,0,0
-28.769855,3.0024834,-100.000015,0,0
-29.769855,3.0024834,-100.000015,0,0
-30.769855,3.0024834,-100.000015,0,0
-31.769855,3.0024834,-100.000015,0,0
-32.769855,3.0024834,-100.000015,0,0
-33.769855,3.0024834,-100.000015,0,0
-34.769855,3.0024834,-100.000015,0,0
-35.769855,3.0024834,-100.000015,0,0
-36.769855,3.0024834,-100.000015,0,0
-37.769855,3.0024834,-100.000015,0,0
-38.769855,3.0024834,-100.000015,0,0
-39.769855,3.0024834,-100.000015,0,0
-40.769855,3.0024834,-100.000015,0,0
-41.769855,3.0024834,-100.000015,0,0
-42.769855,3.0024834,-100.000015,0,0
-43.769855,3.0024834,-100.000015,0,0
-44.769855,3.0024834,-100.000015,0,0
-45.769855,3.0024834,-100.000015,0,0
-46.769855,3.0024834,-100.000015,0,0
-47.769855,3.0024834,-100.000015,0,0
-48.769855,3.0024834,-100.000015,0,0
-49.769855,3.0024834,-100.000015,0,0
49.230145,2.0024834,-100.000015,0,0
48.230145,2.0024834,-100.000015,0,0
47.230145,2.0024834,-100.000015,0,0
46.230145,2.0024834,-100.000015,0,0
45.230145,2.0024834,-100.000015,0,0
44.230145,2.0024834,-100.000015,0,0
43.230145,2.0024834,-100.000015,0,0
42.230145,2.0024834,-100.000015,0,0
41.230145,2.0024834,-100.000015,0,0
40.230145,2.0024834,-100.000015,0,0
39.230145,2.0024834,-100.000015,0,0
38.230145,2.0024834,-100.000015,0,0
37.230145,2.0024834,-100.000015,0,0
36.230145,2.0024834,-100.000015,0,0
35.230145,2.0024834,-100.000015,0,0
34.230145,2.0024834,-100.000015,0,0
33.230145,2.0024834,-100.000015,0,0
32.230145,2.0024834,-100.000015,0,0
31.230145,2.0024834,-100.000015,0,0
30.230145,2.0024834,-100.000015,0,0
29.230145,2.0024834,-100.000015,0,0
28.230145,2.0024834,-100.000015,0,0
27.230145,2.0024834,-100.000015,0,0
26.230145,2.0024834,-100.000015,0,0
25.230145,2.0024834,-100.000015,0,0
24.230145,2.0024834,-100.000015,0,0
23.230145,2.0024834,-100.000015,0,0
22.230145,2.0024834,-100.000015,0,0
21.230145,2.0024834,-100.000015,0,0
20.230145,2.0024834,-100.000015,0,0
19.230145,2.0024834,-100.000015,0,0
18.230145,2.0024834,-100.000015,0,0
17.230145,2.0024834,-100.000015,0,0
16.230145,2.0024834,-100.000015,0,0
15.2301445,2.0024834,-100.000015,0,19.999996
14.2301445,2.0024834,-100.000015,0,79.99999
13.2301445,2.0024834,-100.000015,0.68754685,47.999996
12.2301445,2.0024834,-100.000015,0.64638335,71.99999
11.2301445,2.0024834,-100.000015,0.633282,79.99999
10.2301445,2.0024834,-100.000015,0.6199331,67.99999
9.2301445,2.0024834,-100.000015,0.49467546,87.99999
8.2301445,2.0024834,-100.000015,0.36480576,83.99999
7.2301445,2.0024834,-100.000015,0.36114615,59.999996
6.2301445,2.0024834,-100.000015,0.3923892,63.999996
5.2301445,2.0024834,-100.000015,0.40084916,75.99999
4.2301445,2.0024834,-100.000015,0.37920713,83.99999
3.2301445,2.0024834,-100.000015,0.30527207,67.99999
2.2301445,2.0024834,-100.000015,0.22549972,51.999996
1.2301445,2.0024834,-100.000015,0.2236771,67.99999
0.2301445,2.0024834,-100.000015,0.26965415,47.999996
-0.7698555,2.0024834,-100.000015,0.30028448,91.99999
-1.7698555,2.0024834,-100.000015,0.25572205,39.999996
-2.7698555,2.0024834,-100.000015,0.19946685,71.99999
-3.7698555,2.0024834,-100.000015,0.15977484,51.999996
-4.7698555,2.0024834,-100.000015,0.19100946,31.999996
-5.7698555,2.0024834,-100.000015,0.29192007,31.999996
-6.7698555,2.0024834,-100.000015,0.3002647,51.999996
-7.7698555,2.0024834,-100.000015,0.22991478,15.999996
-8.7698555,2.0024834,-100.000015,0.1818341,19.999996
-9.7698555,2.0024834,-100.000015,0.19034718,39.999996
-10.7698555,2.0024834,-100.000015,0.22474094,23.999996
-11.7698555,2.0024834,-100.000015,0.3231886,51.999996
-12.7698555,2.0024834,-100.000015,0.43815884,47.999996
-13.7698555,2.0024834,-100.000015,0.48672172,71.99999
-14.7698555,2.0024834,-100.000015,0.38568157,35.999996
-15.7698555,2.0024834,-100.000015,0.34776914,47.999996
-16.769855,2.0024834,-100.000015,0,27.999996
-17.769855,2.0024834,-100.000015,0,0
-18.769855,2.0024834,-100.000015,0,0
-19.769855,2.0024834,-100.000015,0,0
-20.769855,2.0024834,-100.000015,0,0
-21.769855,2.0024834,-100.000015,0,0
-22.769855,2.0024834,-100.000015,0,0
-23.769855,2.0024834,-100.000015,0,0
-24.769855,2.0024834,-100.000015,0,0
-25.769855,2.0024834,-100.000015,0,0
-26.769855,2.0024834,-100.000015,0,0
-27.769855,2.0024834,-100.000015,0,0
-28.769855,2.0024834,-100.000015,0,0
-29.769855,2.0024834,-100.000015,0,0
-30.769855,2.0024834,-100.000015,0,0
-31.769855,2.0024834,-100.000015,0,0
-32.769855,2.0024834,-100.000015,0,0
-33.769855,2.0024834,-100.000015,0,0
-34.769855,2.0024834,-100.000015,0,0
-35.769855,2.0024834,-100.000015,0,0
-36.769855,2.0024834,-100.000015,0,0
-37.769855,2.0024834,-100.000015,0,0
-38.769855,2.0024834,-100.000015,0,0
-39.769855,2.0024834,-100.000015,0,0
-40.769855,2.0024834,-100.000015,0,0
-41.769855,2.0024834,-100.000015,0,0
-42.769855,2.0024834,-100.000015,0,0
-43.769855,2.0024834,-100.000015,0,0
-44.769855,2.0024834,-100.000015,0,0
-45.769855,2.0024834,-100.000015,0,0
-46.769855,2.0024834,-100.000015,0,0
-47.769855,2.0024834,-100.000015,0,0
-48.769855,2.0024834,-100.000015,0,0
-49.769855,2.0024834,-100.000015,0,0
49.230145,1.0024834,-100.000015,0,0
48.230145,1.0024834,-100.000015,0,0
47.230145,1.0024834,-100.000015,0,0
46.230145,1.0024834,-100.000015,0,0
45.230145,1.0024834,-100.000015,0,0
44.230145,1.0024834,-100.000015,0,0
43.230145,1.0024834,-100.000015,0,0
42.230145,1.0024834,-100.000015,0,0
41.230145,1.0024834,-100.000015,0,0
40.230145,1.0024834,-100.000015,0,0
39.230145,1.0024834,-100.000015,0,0
38.230145,1.0024834,-100.000015,0,0
37.230145,1.0024834,-100.000015,0,0
36.230145,1.0024834,-100.000015,0,0
35.230145,1.0024834,-100.000015,0,0
34.230145,1.0024834,-100.000015,0,0
33.230145,1.0024834,-100.000015,0,0
32.230145,1.0024834,-100.000015,0,0
31.230145,1.0024834,-100.000015,0,0
30.230145,1.0024834,-100.000015,0,0
29.230145,1.0024834,-100.000015,0,0
28.230145,1.0024834,-100.000015,0,0
27.230145,1.0024834,-100.000015,0,0
26.230145,1.0024834,-100.000015,0,0
25.230145,1.0024834,-100.000015,0,0
24.230145,1.0024834,-100.000015,0,0
23.230145,1.0024834,-100.000015,0,0
22.230145,1.0024834,-100.000015,0,0
21.230145,1.0024834,-100.000015,0,0
20.230145,1.0024834,-100.000015,0,0
19.230145,1.0024834,-100.000015,0,0
18.230145,1.0024834,-100.000015,0,0
17.230145,1.0024834,-100.000015,0,0
16.230145,1.0024834,-100.000015,0,0
15.2301445,1.0024834,-100.000015,0,0
14.2301445,1.0024834,-100.000015,0,91.99999
13.2301445,1.0024834,-100.000015,0.69098735,99.99999
12.2301445,1.0024834,-100.000015,0.6967042,79.99999
11.2301445,1.0024834,-100.000015,0.62259656,87.99999
10.2301445,1.0024834,-100.000015,0.541608,79.99999
9.2301445,1.0024834,-100.000015,0.40257287,59.999996
8.2301445,1.0024834,-100.000015,0.32422516,31.999996
7.2301445,1.0024834,-100.000015,0.37258464,75.99999
6.2301445,1.0024834,-100.000015,0.37873194,55.999996
5.2301445,1.0024834,-100.000015,0.3612601,43.999996
4.2301445,1.0024834,-100.000015,0.4232487,71.99999
3.2301445,1.0024834,-100.000015,0.48387966,63.999996
2.2301445,1.0024834,-100.000015,0.46196717,91.99999
1.2301445,1.0024834,-100.000015,0.30984968,75.99999
0.2301445,1.0024834,-100.000015,0.26344296,67.99999
-0.7698555,1.0024834,-100.000015,0.32035697,59.999996
-1.7698555,1.0024834,-100.000015,0.3139618,55.999996
-2.7698555,1.0024834,-100.000015,0.23178351,51.999996
-3.7698555,1.0024834,-100.000015,0.13614449,27.999996
-4.7698555,1.0024834,-100.000015,0.1416591,47.999996
-5.7698555,1.0024834,-100.000015,0.17751074,51.999996
-6.7698555,1.0024834,-100.000015,0.17938234,15.999996
-7.7698555,1.0024834,-100.000015,0.21549205,19.999996
-8.7698555,1.0024834,-100.000015,0.19824411,27.999996
-9.7698555,1.0024834,-100.000015,0.10390416,3.999999
-10.7698555,1.0024834,-100.000015,0.16994336,27.999996
-11.7698555,1.0024834,-100.000015,0.2892547,39.999996
-12.7698555,1.0024834,-100.000015,0.35748363,31.999996
-13.7698555,1.0024834,-100.000015,0.46833795,47.999996
-14.7698555,1.0024834,-100.000015,0.5058509,63.999996
-15.7698555,1.0024834,-100.000015,0.4169372,83.99999
-16.769855,1.0024834,-100.000015,0,31.999996
-17.769855,1.0024834,-100.000015,0,0
-18.769855,1.0024834,-100.000015,0,0
-19.769855,1.0024834,-100.000015,0,0
-20.769855,1.0024834,-100.000015,0,0
-21.769855,1.0024834,-100.000015,0,0
-22.769855,1.0024834,-100.000015,0,0
-23.769855,1.0024834,-100.000015,0,0
-24.769855,1.0024834,-100.000015,0,0
-25.769855,1.0024834,-100.000015,0,0
-26.769855,1.0024834,-100.000015,0,0
-27.769855,1.0024834,-100.000015,0,0
-28.769855,1.0024834,-100.000015,0,0
-29.769855,1.0024834,-100.000015,0,0
-30.769855,1.0024834,-100.000015,0,0
-31.769855,1.0024834,-100.000015,0,0
-32.769855,1.0024834,-100.000015,0,0
-33.769855,1.0024834,-100.000015,0,0
-34.769855,1.0024834,-100.000015,0,0
-35.769855,1.0024834,-100.000015,0,0
-36.769855,1.0024834,-100.000015,0,0
-37.769855,1.0024834,-100.000015,0,0
-38.769855,1.0024834,-100.000015,0,0
-39.769855,1.0024834,-100.000015,0,0
-40.769855,1.0024834,-100.000015,0,0
-41.769855,1.0024834,-100.000015,0,0
-42.769855,1.0024834,-100.000015,0,0
-43.769855,1.0024834,-100.000015,0,0
-44.769855,1.0024834,-100.000015,0,0
-45.769855,1.0024834,-100.000015,0,0
-46.769855,1.0024834,-100.000015,0,0
-47.769855,1.0024834,-100.000015,0,0
-48.769855,1.0024834,-100.000015,0,0
-49.769855,1.0024834,-100.000015,0,0
49.230145,0.002483368,-100.000015,0,0
48.230145,0.002483368,-100.000015,0,0
47.230145,0.002483368,-100.000015,0,0
46.230145,0.002483368,-100.000015,0,0
45.230145,0.002483368,-100.000015,0,0
44.230145,0.002483368,-100.000015,0,0
43.230145,0.002483368,-100.000015,0,0
42.230145,0.002483368,-100.000015,0,0
41.230145,0.002483368,-100.000015,0,0
40.230145,0.002483368,-100.000015,0,0
39.230145,0.002483368,-100.000015,0,0
38.230145,0.002483368,-100.000015,0,0
37.230145,0.002483368,-100.000015,0,0
36.230145,0.002483368,-100.000015,0,0
35.230145,0.002483368,-100.000015,0,0
34.230145,0.002483368,-100.000015,0,0
33.230145,0.002483368,-100.000015,0,0
32.230145,0.002483368,-100.000015,0,0
31.230145,0.002483368,-100.000015,0,0
30.230145,0.002483368,-100.000015,0,0
29.230145,0.002483368,-100.000015,0,0
28.230145,0.002483368,-100.000015,0,0
27.230145,0.002483368,-100.000015,0,0
26.230145,0.002483368,-100.000015,0,0
25.230145,0.002483368,-100.000015,0,0
24.230145,0.002483368,-100.000015,0,0
23.230145,0.002483368,-100.000015,0,0
22.230145,0.002483368,-100.000015,0,0
21.230145,0.002483368,-100.000015,0,0
20.230145,0.002483368,-100.000015,0,0
19.230145,0.002483368,-100.000015,0,0
18.230145,0.002483368,-100.000015,0,0
17.230145,0.002483368,-100.000015,0,0
16.230145,0.002483368,-100.000015,0,0
15.2301445,0.002483368,-100.000015,0,0
14.2301445,0.002483368,-100.000015,0,35.999996
13.2301445,0.002483368,-100.000015,0.66517675,99.99999
12.2301445,0.002483368,-100.000015,0.67963564,103.99999
11.2301445,0.002483368,-100.000015,0.5686631,95.99999
10.2301445,0.002483368,-100.000015,0.43723696,79.99999
9.2301445,0.002483368,-100.000015,0.3491802,63.999996
8.2301445,0.002483368,-100.000015,0.371326,79.99999
7.2301445,0.002483368,-100.000015,0.4665277,87.99999
6.2301445,0.002483368,-100.000015,0.5018184,47.999996
5.2301445,0.002483368,-100.000015,0.5590039,83.99999
4.2301445,0.002483368,-100.000015,0.60312575,75.99999
3.2301445,0.002483368,-100.000015,0.64548665,75.99999
2.2301445,0.002483368,-100.000015,0.64036953,71.99999
1.2301445,0.002483368,-100.000015,0.52101433,71.99999
0.2301445,0.002483368,-100.000015,0.45513827,79.99999
-0.7698555,0.002483368,-100.000015,0.51386786,103.99999
-1.7698555,0.002483368,-100.000015,0.5087339,91.99999
-2.7698555,0.002483368,-100.000015,0.37617564,55.999996
-3.7698555,0.002483368,-100.000015,0.21475065,63.999996
-4.7698555,0.002483368,-100.000015,0.11040486,55.999996
-5.7698555,0.002483368,-100.000015,0.10410927,35.999996
-6.7698555,0.002483368,-100.000015,0.06801556,23.999996
-7.7698555,0.002483368,-100.000015,0.1031112,11.999997
-8.7698555,0.002483368,-100.000015,0.09634926,23.999996
-9.7698555,0.002483368,-100.000015,0.012477756,23.999996
-10.7698555,0.002483368,-100.000015,0.037850495,15.999996
-11.7698555,0.002483368,-100.000015,0.23597424,47.999996
-12.7698555,0.002483368,-100.000015,0.28348982,59.999996
-13.7698555,0.002483368,-100.000015,0.3161893,43.999996
-14.7698555,0.002483368,-100.000015,0.3664955,79.99999
-15.7698555,0.002483368,-100.000015,0,55.999996
-16.769855,0.002483368,-100.000015,0,7.999998
-17.769855,0.002483368,-100.000015,0,0
-18.769855,0.002483368,-100.000015,0,0
-19.769855,0.002483368,-100.000015,0,0
-20.769855,0.002483368,-100.000015,0,0
-21.769855,0.002483368,-100.000015,0,0
-22.769855,0.002483368,-100.000015,0,0
-23.769855,0.002483368,-100.000015,0,0
-24.769855,0.002483368,-100.000015,0,0
-25.769855,0.002483368,-100.000015,0,0
-26.769855,0.002483368,-100.000015,0,0
-27.769855,0.002483368,-100.000015,0,0
-28.769855,0.002483368,-100.000015,0,0
-29.769855,0.002483368,-100.000015,0,0
-30.769855,0.002483368,-100.000015,0,0
-31.769855,0.002483368,-100.000015,0,0
-32.769855,0.002483368,-100.000015,0,0
-33.769855,0.002483368,-100.000015,0,0
-34.769855,0.002483368,-100.000015,0,0
-35.769855,0.002483368,-100.000015,0,0
-36.769855,0.002483368,-100.000015,0,0
-37.769855,0.002483368,-100.000015,0,0
-38.769855,0.002483368,-100.000015,0,0
-39.769855,0.002483368,-100.000015,0,0
-40.769855,0.002483368,-100.000015,0,0
-41.769855,0.002483368,-100.000015,0,0
-42.769855,0.002483368,-100.000015,0,0
-43.769855,0.002483368,-100.000015,0,0
-44.769855,0.002483368,-100.000015,0,0
-45.769855,0.002483368,-100.000015,0,0
-46.769855,0.002483368,-100.000015,0,0
-47.769855,0.002483368,-100.000015,0,0
-48.769855,0.002483368,-100.000015,0,0
-49.769855,0.002483368,-100.000015,0,0
49.230145,-0.99751663,-100.000015,0,0
48.230145,-0.99751663,-100.000015,0,0
47.230145,-0.99751663,-100.000015,0,0
46.230145,-0.99751663,-100.000015,0,0
45.230145,-0.99751663,-100.000015,0,0
44.230145,-0.99751663,-100.000015,0,0
43.230145,-0.99751663,-100.000015,0,0
42.230145,-0.99751663,-100.000015,0,0
41.230145,-0.99751663,-100.000015,0,0
40.230145,-0.99751663,-100.000015,0,0
39.230145,-0.99751663,-100.000015,0,0
38.230145,-0.99751663,-100.000015,0,0
37.230145,-0.99751663,-100.000015,0,0
36.230145,-0.99751663,-100.000015,0,0
35.230145,-0.99751663,-100.000015,0,0
34.230145,-0.99751663,-100.000015,0,0
33.230145,-0.99751663,-100.000015,0,0
32.230145,-0.99751663,-100.000015,0,0
31.230145,-0.99751663,-100.000015,0,0
30.230145,-0.99751663,-100.000015,0,0
29.230145,-0.99751663,-100.000015,0,0
28.230145,-0.99751663,-100.000015,0,0
27.230145,-0.99751663,-100.000015,0,0
26.230145,-0.99751663,-100.000015,0,0
25.230145,-0.99751663,-100.000015,0,0
24.230145,-0.99751663,-100.000015,0,0
23.230145,-0.99751663,-100.000015,0,0
22.230145,-0.99751663,-100.000015,0,0
21.230145,-0.99751663,-100.000015,0,0
20.230145,-0.99751663,-100.000015,0,0
19.230145,-0.99751663,-100.000015,0,0
18.230145,-0.99751663,-100.000015,0,0
17.230145,-0.99751663,-100.000015,0,0
16.230145,-0.99751663,-100.000015,0,0
15.2301445,-0.99751663,-100.000015,0,0
14.2301445,-0.99751663,-100.000015,0,55.999996
13.2301445,-0.99751663,-100.000015,Infinity,95.99999
12.2301445,-0.99751663,-100.000015,0.6603296,87.99999
11.2301445,-0.99751663,-100.000015,0.49254987,95.99999
10.2301445,-0.99751663,-100.000015,0.3908652,63.999996
9.2301445,-0.99751663,-100.000015,0.38518858,75.99999
8.2301445,-0.99751663,-100.000015,0.48314244,51.999996
7.2301445,-0.99751663,-100.000015,0.64677936,83.99999
6.2301445,-0.99751663,-100.000015,0.74155176,83.99999
5.2301445,-0.99751663,-100.000015,0.75565064,63.999996
4.2301445,-0.99751663,-100.000015,0.7368087,83.99999
3.2301445,-0.99751663,-100.000015,0.64617205,47.999996
2.2301445,-0.99751663,-100.000015,0.65570176,107.99999
1.2301445,-0.99751663,-100.000015,0.6657438,111.99999
0.2301445,-0.99751663,-100.000015,0.5964244,87.99999
-0.7698555,-0.99751663,-100.000015,0.5707842,59.999996
-1.7698555,-0.99751663,-100.000015,0.57702094,95.99999
-2.7698555,-0.99751663,-100.000015,0.4420575,67.99999
-3.7698555,-0.99751663,-100.000015,0.20279029,15.999996
-4.7698555,-0.99751663,-100.000015,0.10712659,51.999996
-5.7698555,-0.99751663,-100.000015,0.14178005,39.999996
-6.7698555,-0.99751663,-100.000015,0.053198595,39.999996
-7.7698555,-0.99751663,-100.000015,-0.0552388,3.999999
-8.7698555,-0.99751663,-100.000015,-0.014566952,31.999996
-9.7698555,-0.99751663,-100.000015,-0.06668266,11.999997
-10.7698555,-0.99751663,-100.000015,-0.03284964,43.999996
-11.7698555,-0.99751663,-100.000015,0.16984999,39.999996
-12.7698555,-0.99751663,-100.000015,0.2739461,19.999996
-13.7698555,-0.99751663,-100.000015,0.26398247,43.999996
-14.7698555,-0.99751663,-100.000015,0.28476137,51.999996
-15.7698555,-0.99751663,-100.000015,0,39.999996
-16.769855,-0.99751663,-100.000015,0,0
-17.769855,-0.99751663,-100.000015,0,0
-18.769855,-0.99751663,-100.000015,0,0
-19.769855,-0.99751663,-100.000015,0,0
-20.769855,-0.99751663,-100.000015,0,0
-21.769855,-0.99751663,-100.000015,0,0
-22.769855,-0.99751663,-100.000015,0,0
-23.769855,-0.99751663,-100.000015,0,0
-24.769855,-0.99751663,-100.000015,0,0
-25.769855,-0.99751663,-100.000015,0,0
-26.769855,-0.99751663,-100.000015,0,0
-27.769855,-0.99751663,-100.000015,0,0
-28.769855,-0.99751663,-100.000015,0,0
-29.769855,-0.99751663,-100.000015,0,0
-30.769855,-0.99751663,-100.000015,0,0
-31.769855,-0.99751663,-100.000015,0,0
-32.769855,-0.99751663,-100.000015,0,0
-33.769855,-0.99751663,-100.000015,0,0
-34.769855,-0.99751663,-100.000015,0,0
-35.769855,-0.99751663,-100.000015,0,0
-36.769855,-0.99751663,-100.000015,0,0
-37.769855,-0.99751663,-100.000015,0,0
-38.769855,-0.99751663,-100.000015,0,0
-39.769855,-0.99751663,-100.000015,0,0
-40.769855,-0.99751663,-100.000015,0,0
-41.769855,-0.99751663,-100.000015,0,0
-42.769855,-0.99751663,-100.000015,0,0
-43.769855,-0.99751663,-100.000015,0,0
-44.769855,-0.99751663,-100.000015,0,0
-45.769855,-0.99751663,-100.000015,0,0
-46.769855,-0.99751663,-100.000015,0,0
-47.769855,-0.99751663,-100.000015,0,0
-48.769855,-0.99751663,-100.000015,0,0
-49.769855,-0.99751663,-100.000015,0,0
49.230145,-1.9975166,-100.000015,0,0
48.230145,-1.9975166,-100.000015,0,0
47.230145,-1.9975166,-100.000015,0,0
46.230145,-1.9975166,-100.000015,0,0
45.230145,-1.9975166,-100.000015,0,0
44.230145,-1.9975166,-100.000015,0,0
43.230145,-1.9975166,-100.000015,0,0
42.230145,-1.9975166,-100.000015,0,0
41.230145,-1.9975166,-100.000015,0,0
40.230145,-1.9975166,-100.000015,0,0
39.230145,-1.9975166,-100.000015,0,0
38.230145,-1.9975166,-100.000015,0,0
37.230145,-1.9975166,-100.000015,0,0
36.230145,-1.9975166,-100.000015,0,0
35.230145,-1.9975166,-100.000015,0,0
34.230145,-1.9975166,-100.000015,0,0
33.230145,-1.9975166,-100.000015,0,0
32.230145,-1.9975166,-100.000015,0,0
31.230145,-1.9975166,-100.000015,0,0
30.230145,-1.9975166,-100.000015,0,0
29.230145,-1.9975166,-100.000015,0,0
28.230145,-1.9975166,-100.000015,0,0
27.230145,-1.9975166,-100.000015,0,0
26.230145,-1.9975166,-100.000015,0,0
25.230145,-1.9975166,-100.000015,0,0
24.230145,-1.9975166,-100.000015,0,0
23.230145,-1.9975166,-100.000015,0,0
22.230145,-1.9975166,-100.000015,0,0
21.230145,-1.9975166,-100.000015,0,0
20.230145,-1.9975166,-100.000015,0,0
19.230145,-1.9975166,-100.000015,0,0
18.230145,-1.9975166,-100.000015,0,0
17.230145,-1.9975166,-100.000015,0,0
16.230145,-1.9975166,-100.000015,0,0
15.2301445,-1.9975166,-100.000015,0,0
14.2301445,-1.9975166,-100.000015,0,35.999996
13.2301445,-1.9975166,-100.000015,0,115.99999
12.2301445,-1.9975166,-100.000015,0.65189445,91.99999
11.2301445,-1.9975166,-100.000015,0.49548268,59.999996
10.2301445,-1.9975166,-100.000015,0.3818724,71.99999
9.2301445,-1.9975166,-100.000015,0.37187693,55.999996
8.2301445,-1.9975166,-100.000015,0.48742688,83.99999
7.2301445,-1.9975166,-100.000015,0.69530195,67.99999
6.2301445,-1.9975166,-100.000015,0.84623677,71.99999
5.2301445,-1.9975166,-100.000015,0.85497135,67.99999
4.2301445,-1.9975166,-100.000015,0.75876963,99.99999
3.2301445,-1.9975166,-100.000015,0.6550404,79.99999
2.2301445,-1.9975166,-100.000015,0.65515906,71.99999
1.2301445,-1.9975166,-100.000015,0.63955456,75.99999
0.2301445,-1.9975166,-100.000015,0.5122458,75.99999
-0.7698555,-1.9975166,-100.000015,0.4417109,47.999996
-1.7698555,-1.9975166,-100.000015,0.42242056,43.999996
-2.7698555,-1.9975166,-100.000015,0.27491128,43.999996
-3.7698555,-1.9975166,-100.000015,0.11850695,19.999996
-4.7698555,-1.9975166,-100.000015,0.16777533,35.999996
-5.7698555,-1.9975166,-100.000015,0.2956322,83.99999
-6.7698555,-1.9975166,-100.000015,0.18114111,31.999996
-7.7698555,-1.9975166,-100.000015,0.0103453845,23.999996
-8.7698555,-1.9975166,-100.000015,-0.09689546,11.999997
-9.7698555,-1.9975166,-100.000015,-0.10840695,39.999996
-10.7698555,-1.9975166,-100.000015,-0.034602433,27.999996
-11.7698555,-1.9975166,-100.000015,0.23083775,47.999996
-12.7698555,-1.9975166,-100.000015,0.42669937,83.99999
-13.7698555,-1.9975166,-100.000015,0.45121306,91.99999
-14.7698555,-1.9975166,-100.000015,0,75.99999
-15.7698555,-1.9975166,-100.000015,0,19.999996
-16.769855,-1.9975166,-100.000015,0,0
-17.769855,-1.9975166,-100.000015,0,0
-18.769855,-1.9975166,-100.000015,0,0
-19.769855,-1.9975166,-100.000015,0,0
-20.769855,-1.9975166,-100.000015,0,0
-21.769855,-1.9975166,-100.000015,0,0
-22.769855,-1.9975166,-100.000015,0,0
-23.769855,-1.9975166,-100.000015,0,0
-24.769855,-1.9975166,-100.000015,0,0
-25.769855,-1.9975166,-100.000015,0,0
-26.769855,-1.9975166,-100.000015,0,0
-27.769855,-1.9975166,-100.000015,0,0
-28.769855,-1.9975166,-100.000015,0,0
-29.769855,-1.9975166,-100.000015,0,0
-30.769855,-1.9975166,-100.000015,0,0
-31.769855,-1.9975166,-100.000015,0,0
-32.769855,-1.9975166,-100.000015,0,0
-33.769855,-1.9975166,-100.000015,0,0
-34.769855,-1.9975166,-100.000015,0,0
-35.769855,-1.9975166,-100.000015,0,0
-36.769855,-1.9975166,-100.000015,0,0
-37.769855,-1.9975166,-100.000015,0,0
-38.769855,-1.9975166,-100.000015,0,0
-39.769855,-1.9975166,-100.000015,0,0
-40.769855,-1.9975166,-100.000015,0,0
-41.769855,-1.9975166,-100.000015,0,0
-42.769855,-1.9975166,-100.000015,0,0
-43.769855,-1.9975166,-100.000015,0,0
-44.769855,-1.9975166,-100.000015,0,0
-45.769855,-1.9975166,-100.000015,0,0
-46.769855,-1.9975166,-100.000015,0,0
-47.769855,-1.9975166,-100.000015,0,0
-48.769855,-1.9975166,-100.000015,0,0
-49.769855,-1.9975166,-100.000015,0,0
49.230145,-2.9975166,-100.000015,0,0
48.230145,-2.9975166,-100.000015,0,0
47.230145,-2.9975166,-100.000015,0,0
46.230145,-2.9975166,-100.000015,0,0
45.230145,-2.9975166,-100.000015,0,0
44.230145,-2.9975166,-100.000015,0,0
43.230145,-2.9975166,-100.000015,0,0
42.230145,-2.9975166,-100.000015,0,0
41.230145,-2.9975166,-100.000015,0,0
40.230145,-2.9975166,-100.000015,0,0
39.230145,-2.9975166,-100.000015,0,0
38.230145,-2.9975166,-100.000015,0,0
37.230145,-2.9975166,-100.000015,0,0
36.230145,-2.9975166,-100.000015,0,0
35.230145,-2.9975166,-100.000015,0,0
34.230145,-2.9975166,-100.000015,0,0
33.230145,-2.9975166,-100.000015,0,0
32.230145,-2.9975166,-100.000015,0,0
31.230145,-2.9975166,-100.000015,0,0
30.230145,-2.9975166,-100.000015,0,0
29.230145,-2.9975166,-100.000015,0,0
28.230145,-2.9975166,-100.000015,0,0
27.230145,-2.9975166,-100.000015,0,0
26.230145,-2.9975166,-100.000015,0,0
25.230145,-2.9975166,-100.000015,0,0
24.230145,-2.9975166,-100.000015,0,0
23.230145,-2.9975166,-100.000015,0,0
22.230145,-2.9975166,-100.000015,0,0
21.230145,-2.9975166,-100.000015,0,0
20.230145,-2.9975166,-100.000015,0,0
19.230145,-2.9975166,-100.000015,0,0
18.230145,-2.9975166,-100.000015,0,0
17.230145,-2.9975166,-100.000015,0,0
16.230145,-2.9975166,-100.000015,0,0
15.2301445,-2.9975166,-100.000015,0,0
14.2301445,-2.9975166,-100.000015,0,0
13.2301445,-2.9975166,-100.000015,0,47.999996
12.2301445,-2.9975166,-100.000015,0.6484432,71.99999
11.2301445,-2.9975166,-100.000015,0.5484577,79.99999
10.2301445,-2.9975166,-100.000015,0.41424662,51.999996
9.2301445,-2.9975166,-100.000015,0.35535875,47.999996
8.2301445,-2.9975166,-100.000015,0.38208303,55.999996
7.2301445,-2.9975166,-100.000015,0.5451373,35.999996
6.2301445,-2.9975166,-100.000015,0.8120308,67.99999
5.2301445,-2.9975166,-100.000015,0.9053515,55.999996
4.2301445,-2.9975166,-100.000015,0.74472964,55.999996
3.2301445,-2.9975166,-100.000015,0.67519903,43.999996
2.2301445,-2.9975166,-100.000015,0.6667899,43.999996
1.2301445,-2.9975166,-100.000015,0.5277322,55.999996
0.2301445,-2.9975166,-100.000015,0.36154193,51.999996
-0.7698555,-2.9975166,-100.000015,0.25345442,27.999996
-1.7698555,-2.9975166,-100.000015,0.11300066,51.999996
-2.7698555,-2.9975166,-100.000015,-0.018801797,19.999996
-3.7698555,-2.9975166,-100.000015,0.032377996,43.999996
-4.7698555,-2.9975166,-100.000015,0.2503305,75.99999
-5.7698555,-2.9975166,-100.000015,0.40783802,71.99999
-6.7698555,-2.9975166,-100.000015,0.37654683,75.99999
-7.7698555,-2.9975166,-100.000015,0.2231141,23.999996
-8.7698555,-2.9975166,-100.000015,0.047081098,27.999996
-9.7698555,-2.9975166,-100.000015,-0.048354723,7.999998
-10.7698555,-2.9975166,-100.000015,0.114231355,47.999996
-11.7698555,-2.9975166,-100.000015,0.4145596,71.99999
-12.7698555,-2.9975166,-100.000015,0.6359159,71.99999
-13.7698555,-2.9975166,-100.000015,Infinity,139.99998
-14.7698555,-2.9975166,-100.000015,0,51.999996
-15.7698555,-2.9975166,-100.000015,0,0
-16.769855,-2.9975166,-100.000015,0,0
-17.769855,-2.9975166,-100.000015,0,0
-18.769855,-2.9975166,-100.000015,0,0
-19.769855,-2.9975166,-100.000015,0,0
-20.769855,-2.9975166,-100.000015,0,0
-21.769855,-2.9975166,-100.000015,0,0
-22.769855,-2.9975166,-100.000015,0,0
-23.769855,-2.9975166,-100.000015,0,0
-24.769855,-2.9975166,-100.000015,0,0
-25.769855,-2.9975166,-100.000015,0,0
-26.769855,-2.9975166,-100.000015,0,0
-27.769855,-2.9975166,-100.000015,0,0
-28.769855,-2.9975166,-100.000015,0,0
-29.769855,-2.9975166,-100.000015,0,0
-30.769855,-2.9975166,-100.000015,0,0
-31.769855,-2.9975166,-100.000015,0,0
-32.769855,-2.9975166,-100.000015,0,0
-33.769855,-2.9975166,-100.000015,0,0
-34.769855,-2.9975166,-100.000015,0,0
-35.769855,-2.9975166,-100.000015,0,0
-36.769855,-2.9975166,-100.000015,0,0
-37.769855,-2.9975166,-100.000015,0,0
-38.769855,-2.9975166,-100.000015,0,0
-39.769855,-2.9975166,-100.000015,0,0
-40.769855,-2.9975166,-100.000015,0,0
-41.769855,-2.9975166,-100.000015,0,0
-42.769855,-2.9975166,-100.000015,0,0
-43.769855,-2.9975166,-100.000015,0,0
-44.769855,-2.9975166,-100.000015,0,0
-45.769855,-2.9975166,-100.000015,0,0
-46.769855,-2.9975166,-100.000015,0,0
-47.769855,-2.9975166,-100.000015,0,0
-48.769855,-2.9975166,-100.000015,0,0
-49.769855,-2.9975166,-100.000015,0,0
49.230145,-3.9975166,-100.000015,0,0
48.230145,-3.9975166,-100.000015,0,0
47.230145,-3.9975166,-100.000015,0,0
46.230145,-3.9975166,-100.000015,0,0
45.230145,-3.9975166,-100.000015,0,0
44.230145,-3.9975166,-100.000015,0,0
43.230145,-3.9975166,-100.000015,0,0
42.230145,-3.9975166,-100.000015,0,0
41.230145,-3.9975166,-100.000015,0,0
40.230145,-3.9975166,-100.000015,0,0
39.230145,-3.9975166,-100.000015,0,0
38.230145,-3.9975166,-100.000015,0,0
37.230145,-3.9975166,-100.000015,0,0
36.230145,-3.9975166,-100.000015,0,0
35.230145,-3.9975166,-100.000015,0,0
34.230145,-3.9975166,-100.000015,0,0
33.230145,-3.9975166,-100.000015,0,0
32.230145,-3.9975166,-100.000015,0,0
31.230145,-3.9975166,-100.000015,0,0
30.230145,-3.9975166,-100.000015,0,0
29.230145,-3.9975166,-100.000015,0,0
28.230145,-3.9975166,-100.000015,0,0
27.230145,-3.9975166,-100.000015,0,0
26.230145,-3.9975166,-100.000015,0,0
25.230145,-3.9975166,-100.000015,0,0
24.230145,-3.9975166,-100.000015,0,0
23.230145,-3.9975166,-100.000015,0,0
22.230145,-3.9975166,-100.000015,0,0
21.230145,-3.9975166,-100.000015,0,0
20.230145,-3.9975166,-100.000015,0,0
19.230145,-3.9975166,-100.000015,0,0
18.230145,-3.9975166,-100.000015,0,0
17.230145,-3.9975166,-100.000015,0,0
16.230145,-3.9975166,-100.000015,0,0
15.2301445,-3.9975166,-100.000015,0,0
14.2301445,-3.9975166,-100.000015,0,0
13.2301445,-3.9975166,-100.000015,0,7.999998
12.2301445,-3.9975166,-100.000015,-Infinity,35.999996
11.2301445,-3.9975166,-100.000015,0.4858549,43.999996
10.2301445,-3.9975166,-100.000015,0.4076938,67.99999
9.2301445,-3.9975166,-100.000015,0.3512448,47.999996
8.2301445,-3.9975166,-100.000015,0.30670035,35.999996
7.2301445,-3.9975166,-100.000015,0.3967434,43.999996
6.2301445,-3.9975166,-100.000015,0.631302,51.999996
5.2301445,-3.9975166,-100.000015,0.75398123,55.999996
4.2301445,-3.9975166,-100.000015,0.64565873,51.999996
3.2301445,-3.9975166,-100.000015,0.5849651,47.999996
2.2301445,-3.9975166,-100.000015,0.5884297,79.99999
1.2301445,-3.9975166,-100.000015,0.47886962,27.999996
0.2301445,-3.9975166,-100.000015,0.3557938,51.999996
-0.7698555,-3.9975166,-100.000015,0.16122931,27.999996
-1.7698555,-3.9975166,-100.000015,-0.067973495,15.999996
-2.7698555,-3.9975166,-100.000015,-0.13703567,19.999996
-3.7698555,-3.9975166,-100.000015,0.016244933,35.999996
-4.7698555,-3.9975166,-100.000015,0.27838975,91.99999
-5.7698555,-3.9975166,-100.000015,0.4562096,79.99999
-6.7698555,-3.9975166,-100.000015,0.45677578,55.999996
-7.7698555,-3.9975166,-100.000015,0.39211887,43.999996
-8.7698555,-3.9975166,-100.000015,0.25599754,35.999996
-9.7698555,-3.9975166,-100.000015,0.19813049,35.999996
-10.7698555,-3.9975166,-100.000015,0.32663,31.999996
-11.7698555,-3.9975166,-100.000015,0.5906626,71.99999
-12.7698555,-3.9975166,-100.000015,0.7327473,75.99999
-13.7698555,-3.9975166,-100.000015,0,83.99999
-14.7698555,-3.9975166,-100.000015,0,3.999999
-15.7698555,-3.9975166,-100.000015,0,0
-16.769855,-3.9975166,-100.000015,0,0
-17.769855,-3.9975166,-100.000015,0,0
-18.769855,-3.9975166,-100.000015,0,0
-19.769855,-3.9975166,-100.000015,0,0
-20.769855,-3.9975166,-100.000015,0,0
-21.769855,-3.9975166,-100.000015,0,0
-22.769855,-3.9975166,-100.000015,0,0
-23.769855,-3.9975166,-100.000015,0,0
-24.769855,-3.9975166,-100.000015,0,0
-25.769855,-3.9975166,-100.000015,0,0
-26.769855,-3.9975166,-100.000015,0,0
-27.769855,-3.9975166,-100.000015,0,0
-28.769855,-3.9975166,-100.000015,0,0
-29.769855,-3.9975166,-100.000015,0,0
-30.769855,-3.9975166,-100.000015,0,0
-31.769855,-3.9975166,-100.000015,0,0
-32.769855,-3.9975166,-100.000015,0,0
-33.769855,-3.9975166,-100.000015,0,0
-34.769855,-3.9975166,-100.000015,0,0
-35.769855,-3.9975166,-100.000015,0,0
-36.769855,-3.9975166,-100.000015,0,0
-37.769855,-3.9975166,-100.000015,0,0
-38.769855,-3.9975166,-100.000015,0,0
-39.769855,-3.9975166,-100.000015,0,0
-40.769855,-3.9975166,-100.000015,0,0
-41.769855,-3.9975166,-100.000015,0,0
-42.769855,-3.9975166,-100.000015,0,0
-43.769855,-3.9975166,-100.000015,0,0
-44.769855,-3.9975166,-100.000015,0,0
-45.769855,-3.9975166,-100.000015,0,0
-46.769855,-3.9975166,-100.000015,0,0
-47.769855,-3.9975166,-100.000015,0,0
-48.769855,-3.9975166,-100.000015,0,0
-49.769855,-3.9975166,-100.000015,0,0
49.230145,-4.9975166,-100.000015,0,0
48.230145,-4.9975166,-100.000015,0,0
47.230145,-4.9975166,-100.000015,0,0
46.230145,-4.9975166,-100.000015,0,0
45.230145,-4.9975166,-100.000015,0,0
44.230145,-4.9975166,-100.000015,0,0
43.230145,-4.9975166,-100.000015,0,0
42.230145,-4.9975166,-100.000015,0,0
41.230145,-4.9975166,-100.000015,0,0
40.230145,-4.9975166,-100.000015,0,0
39.230145,-4.9975166,-100.000015,0,0
38.230145,-4.9975166,-100.000015,0,0
37.230145,-4.9975166,-100.000015,0,0
36.230145,-4.9975166,-100.000015,0,0
35.230145,-4.9975166,-100.000015,0,0
34.230145,-4.9975166,-100.000015,0,0
33.230145,-4.9975166,-100.000015,0,0
32.230145,-4.9975166,-100.000015,0,0
31.230145,-4.9975166,-100.000015,0,0
30.230145,-4.9975166,-100.000015,0,0
29.230145,-4.9975166,-100.000015,0,0
28.230145,-4.9975166,-100.000015,0,0
27.230145,-4.9975166,-100.000015,0,0
26.230145,-4.9975166,-100.000015,0,0
25.230145,-4.9975166,-100.000015,0,0
24.230145,-4.9975166,-100.000015,0,0
23.230145,-4.9975166,-100.000015,0,0
22.230145,-4.9975166,-100.000015,0,0
21.230145,-4.9975166,-100.000015,0,0
20.230145,-4.9975166,-100.000015,0,0
19.230145,-4.9975166,-100.000015,0,0
18.230145,-4.9975166,-100.000015,0,0
17.230145,-4.9975166,-100.000015,0,0
16.230145,-4.9975166,-100.000015,0,0
15.2301445,-4.9975166,-100.000015,0,0
14.2301445,-4.9975166,-100.000015,0,0
13.2301445,-4.9975166,-100.000015,0,0
12.2301445,-4.9975166,-100.000015,0,55.999996
11.2301445,-4.9975166,-100.000015,Infinity,51.999996
10.2301445,-4.9975166,-100.000015,0.4057897,67.99999
9.2301445,-4.9975166,-100.000015,0.3952958,51.999996
8.2301445,-4.9975166,-100.000015,0.334111,51.999996
7.2301445,-4.9975166,-100.000015,0.31935778,27.999996
6.2301445,-4.9975166,-100.000015,0.4298669,27.999996
5.2301445,-4.9975166,-100.000015,0.5696479,43.999996
4.2301445,-4.9975166,-100.000015,0.57299113,63.999996
3.2301445,-4.9975166,-100.000015,0.532982,35.999996
2.2301445,-4.9975166,-100.000015,0.52508354,31.999996
1.2301445,-4.9975166,-100.000015,0.5238979,35.999996
0.2301445,-4.9975166,-100.000015,0.48526338,63.999996
-0.7698555,-4.9975166,-100.000015,0.23592986,39.999996
-1.7698555,-4.9975166,-100.000015,0.051501825,19.999996
-2.7698555,-4.9975166,-100.000015,0.06590085,67.99999
-3.7698555,-4.9975166,-100.000015,0.1376364,35.999996
-4.7698555,-4.9975166,-100.000015,0.31928092,71.99999
-5.7698555,-4.9975166,-100.000015,0.49038836,59.999996
-6.7698555,-4.9975166,-100.000015,0.4911423,67.99999
-7.7698555,-4.9975166,-100.000015,0.43370453,71.99999
-8.7698555,-4.9975166,-100.000015,0.39498436,35.999996
-9.7698555,-4.9975166,-100.000015,0.40528283,51.999996
-10.7698555,-4.9975166,-100.000015,0.51249474,99.99999
-11.7698555,-4.9975166,-100.000015,0.6517012,95.99999
-12.7698555,-4.9975166,-100.000015,0,99.99999
-13.7698555,-4.9975166,-100.000015,0,15.999996
-14.7698555,-4.9975166,-100.000015,0,0
-15.7698555,-4.9975166,-100.000015,0,0
-16.769855,-4.9975166,-100.000015,0,0
-17.769855,-4.9975166,-100.000015,0,0
-18.769855,-4.9975166,-100.000015,0,0
-19.769855,-4.9975166,-100.000015,0,0
-20.769855,-4.9975166,-100.000015,0,0
-21.769855,-4.9975166,-100.000015,0,0
-22.769855,-4.9975166,-100.000015,0,0
-23.769855,-4.9975166,-100.000015,0,0
-24.769855,-4.9975166,-100.000015,0,0
-25.769855,-4.9975166,-100.000015,0,0
-26.769855,-4.9975166,-100.000015,0,0
-27.769855,-4.9975166,-100.000015,0,0
-28.769855,-4.9975166,-100.000015,0,0
-29.769855,-4.9975166,-100.000015,0,0
-30.769855,-4.9975166,-100.000015,0,0
-31.769855,-4.9975166,-100.000015,0,0
-32.769855,-4.9975166,-100.000015,0,0
-33.769855,-4.9975166,-100.000015,0,0
-34.769855,-4.9975166,-100.000015,0,0
-35.769855,-4.9975166,-100.000015,0,0
-36.769855,-4.9975166,-100.000015,0,0
-37.769855,-4.9975166,-100.000015,0,0
-38.769855,-4.9975166,-100.000015,0,0
-39.769855,-4.9975166,-100.000015,0,0
-40.769855,-4.9975166,-100.000015,0,0
-41.769855,-4.9975166,-100.000015,0,0
-42.769855,-4.9975166,-100.000015,0,0
-43.769855,-4.9975166,-100.000015,0,0
-44.769855,-4.9975166,-100.000015,0,0
-45.769855,-4.9975166,-100.000015,0,0
-46.769855,-4.9975166,-100.000015,0,0
-47.769855,-4.9975166,-100.000015,0,0
-48.769855,-4.9975166,-100.000015,0,0
-49.769855,-4.9975166,-100.000015,0,0
49.230145,-5.9975166,-100.000015,0,0
48.230145,-5.9975166,-100.000015,0,0
47.230145,-5.9975166,-100.000015,0,0
46.230145,-5.9975166,-100.000015,0,0
45.230145,-5.9975166,-100.000015,0,0
44.230145,-5.9975166,-100.000015,0,0
43.230145,-5.9975166,-100.000015,0,0
42.230145,-5.9975166,-100.000015,0,0
41.230145,-5.9975166,-100.000015,0,0
40.230145,-5.9975166,-100.000015,0,0
39.230145,-5.9975166,-100.000015,0,0
38.230145,-5.9975166,-100.000015,0,0
37.230145,-5.9975166,-100.000015,0,0
36.230145,-5.9975166,-100.000015,0,0
35.230145,-5.9975166,-100.000015,0,0
34.230145,-5.9975166,-100.000015,0,0
33.230145,-5.9975166,-100.000015,0,0
32.230145,-5.9975166,-100.000015,0,0
31.230145,-5.9975166,-100.000015,0,0
30.230145,-5.9975166,-100.000015,0,0
29.230145,-5.9975166,-100.000015,0,0
28.230145,-5.9975166,-100.000015,0,0
27.230145,-5.9975166,-100.000015,0,0
26.230145,-5.9975166,-100.000015,0,0
25.230145,-5.9975166,-100.000015,0,0
24.230145,-5.9975166,-100.000015,0,0
23.230145,-5.9975166,-100.000015,0,0
22.230145,-5.9975166,-100.000015,0,0
21.230145,-5.9975166,-100.000015,0,0
20.230145,-5.9975166,-100.000015,0,0
19.230145,-5.9975166,-100.000015,0,0
18.230145,-5.9975166,-100.000015,0,0
17.230145,-5.9975166,-100.000015,0,0
16.230145,-5.9975166,-100.000015,0,0
15.2301445,-5.9975166,-100.000015,0,0
14.2301445,-5.9975166,-100.000015,0,0
13.2301445,-5.9975166,-100.000015,0,0
12.2301445,-5.9975166,-100.000015,0,7.999998
11.2301445,-5.9975166,-100.000015,0,79.99999
10.2301445,-5.9975166,-100.000015,0.38816056,51.999996
9.2301445,-5.9975166,-100.000015,0.44043636,51.999996
8.2301445,-5.9975166,-100.000015,0.44132963,43.999996
7.2301445,-5.9975166,-100.000015,0.36093608,47.999996
6.2301445,-5.9975166,-100.000015,0.40583253,43.999996
5.2301445,-5.9975166,-100.000015,0.5421037,63.999996
4.2301445,-5.9975166,-100.000015,0.61469287,39.999996
3.2301445,-5.9975166,-100.000015,0.6057655,47.999996
2.2301445,-5.9975166,-100.000015,0.54640186,35.999996
1.2301445,-5.9975166,-100.000015,0.5731432,63.999996
0.2301445,-5.9975166,-100.000015,0.5715519,39.999996
-0.7698555,-5.9975166,-100.000015,0.37828878,51.999996
-1.7698555,-5.9975166,-100.000015,0.2917743,39.999996
-2.7698555,-5.9975166,-100.000015,0.3638466,99.99999
-3.7698555,-5.9975166,-100.000015,0.3653226,39.999996
-4.7698555,-5.9975166,-100.000015,0.4385553,67.99999
-5.7698555,-5.9975166,-100.000015,0.54549956,95.99999
-6.7698555,-5.9975166,-100.000015,0.5037923,55.999996
-7.7698555,-5.9975166,-100.000015,0.44547075,71.99999
-8.7698555,-5.9975166,-100.000015,0.4401491,59.999996
-9.7698555,-5.9975166,-100.000015,0.51530266,79.99999
-10.7698555,-5.9975166,-100.000015,Infinity,63.999996
-11.7698555,-5.9975166,-100.000015,0,59.999996
-12.7698555,-5.9975166,-100.000015,0,19.999996
-13.7698555,-5.9975166,-100.000015,0,0
-14.7698555,-5.9975166,-100.000015,0,0
-15.7698555,-5.9975166,-100.000015,0,0
-16.769855,-5.9975166,-100.000015,0,0
-17.769855,-5.9975166,-100.000015,0,0
-18.769855,-5.9975166,-100.000015,0,0
-19.769855,-5.9975166,-100.000015,0,0
-20.769855,-5.9975166,-100.000015,0,0
-21.769855,-5.9975166,-100.000015,0,0
-22.769855,-5.9975166,-100.000015,0,0
-23.769855,-5.9975166,-100.000015,0,0
-24.769855,-5.9975166,-100.000015,0,0
-25.769855,-5.9975166,-100.000015,0,0
-26.769855,-5.9975166,-100.000015,0,0
-27.769855,-5.9975166,-100.000015,0,0
-28.769855,-5.9975166,-100.000015,0,0
-29.769855,-5.9975166,-100.000015,0,0
-30.769855,-5.9975166,-100.000015,0,0
-31.769855,-5.9975166,-100.000015,0,0
-32.769855,-5.9975166,-100.000015,0,0
-33.769855,-5.9975166,-100.000015,0,0
-34.769855,-5.9975166,-100.000015,0,0
-35.769855,-5.9975166,-100.000015,0,0
-36.769855,-5.9975166,-100.000015,0,0
-37.769855,-5.9975166,-100.000015,0,0
-38.769855,-5.9975166,-100.000015,0,0
-39.769855,-5.9975166,-100.000015,0,0
-40.769855,-5.9975166,-100.000015,0,0
-41.769855,-5.9975166,-100.000015,0,0
-42.769855,-5.9975166,-100.000015,0,0
-43.769855,-5.9975166,-100.000015,0,0
-44.769855,-5.9975166,-100.000015,0,0
-45.769855,-5.9975166,-100.000015,0,0
-46.769855,-5.9975166,-100.000015,0,0
-47.769855,-5.9975166,-100.000015,0,0
-48.769855,-5.9975166,-100.000015,0,0
-49.769855,-5.9975166,-100.000015,0,0
49.230145,-6.9975166,-100.000015,0,0
48.230145,-6.9975166,-100.000015,0,0
47.230145,-6.9975166,-100.000015,0,0
46.230145,-6.9975166,-100.000015,0,0
45.230145,-6.9975166,-100.000015,0,0
44.230145,-6.9975166,-100.000015,0,0
43.230145,-6.9975166,-100.000015,0,0
42.230145,-6.9975166,-100.000015,0,0
41.230145,-6.9975166,-100.000015,0,0
40.230145,-6.9975166,-100.000015,0,0
39.230145,-6.9975166,-100.000015,0,0
38.230145,-6.9975166,-100.000015,0,0
37.230145,-6.9975166,-100.000015,0,0
36.230145,-6.9975166,-100.000015,0,0
35.230145,-6.9975166,-100.000015,0,0
34.230145,-6.9975166,-100.000015,0,0
33.230145,-6.9975166,-100.000015,0,0
32.230145,-6.9975166,-100.000015,0,0
31.230145,-6.9975166,-100.000015,0,0
30.230145,-6.9975166,-100.000015,0,0
29.230145,-6.9975166,-100.000015,0,0
28.230145,-6.9975166,-100.000015,0,0
27.230145,-6.9975166,-100.000015,0,0
26.230145,-6.9975166,-100.000015,0,0
25.230145,-6.9975166,-100.000015,0,0
24.230145,-6.9975166,-100.000015,0,0
23.230145,-6.9975166,-100.000015,0,0
22.230145,-6.9975166,-100.000015,0,0
21.230145,-6.9975166,-100.000015,0,0
20.230145,-6.9975166,-100.000015,0,0
19.230145,-6.9975166,-100.000015,0,0
18.230145,-6.9975166,-100.000015,0,0
17.230145,-6.9975166,-100.000015,0,0
16.230145,-6.9975166,-100.000015,0,0
15.2301445,-6.9975166,-100.000015,0,0
14.2301445,-6.9975166,-100.000015,0,0
13.2301445,-6.9975166,-100.000015,0,0
12.2301445,-6.9975166,-100.000015,0,0
11.2301445,-6.9975166,-100.000015,0,11.999997
10.2301445,-6.9975166,-100.000015,0,31.999996
9.2301445,-6.9975166,-100.000015,0.38256508,59.999996
8.2301445,-6.9975166,-100.000015,0.48924702,63.999996
7.2301445,-6.9975166,-100.000015,0.4338262,43.999996
6.2301445,-6.9975166,-100.000015,0.36806858,59.999996
5.2301445,-6.9975166,-100.000015,0.41741243,51.999996
4.2301445,-6.9975166,-100.000015,0.49698755,51.999996
3.2301445,-6.9975166,-100.000015,0.4880265,39.999996
2.2301445,-6.9975166,-100.000015,0.44731945,51.999996
1.2301445,-6.9975166,-100.000015,0.47769472,63.999996
0.2301445,-6.9975166,-100.000015,0.53361547,59.999996
-0.7698555,-6.9975166,-100.000015,0.4449745,83.99999
-1.7698555,-6.9975166,-100.000015,0.42072117,83.99999
-2.7698555,-6.9975166,-100.000015,0.52382326,95.99999
-3.7698555,-6.9975166,-100.000015,0.5810127,67.99999
-4.7698555,-6.9975166,-100.000015,0.5517589,39.999996
-5.7698555,-6.9975166,-100.000015,0.5805096,87.99999
-6.7698555,-6.9975166,-100.000015,0.53269863,63.999996
-7.7698555,-6.9975166,-100.000015,0.46736205,51.999996
-8.7698555,-6.9975166,-100.000015,0.4900788,67.99999
-9.7698555,-6.9975166,-100.000015,0.55682915,51.999996
-10.7698555,-6.9975166,-100.000015,0,95.99999
-11.7698555,-6.9975166,-100.000015,0,11.999997
-12.7698555,-6.9975166,-100.000015,0,0
-13.7698555,-6.9975166,-100.000015,0,0
-14.7698555,-6.9975166,-100.000015,0,0
-15.7698555,-6.9975166,-100.000015,0,0
-16.769855,-6.9975166,-100.000015,0,0
-17.769855,-6.9975166,-100.000015,0,0
-18.769855,-6.9975166,-100.000015,0,0
-19.769855,-6.9975166,-100.000015,0,0
-20.769855,-6.9975166,-100.000015,0,0
-21.769855,-6.9975166,-100.000015,0,0
-22.769855,-6.9975166,-100.000015,0,0
-23.769855,-6.9975166,-100.000015,0,0
-24.769855,-6.9975166,-100.000015,0,0
-25.769855,-6.9975166,-100.000015,0,0
-26.769855,-6.9975166,-100.000015,0,0
-27.769855,-6.9975166,-100.000015,0,0
-28.769855,-6.9975166,-100.000015,0,0
-29.769855,-6.9975166,-100.000015,0,0
-30.769855,-6.9975166,-100.000015,0,0
-31.769855,-6.9975166,-100.000015,0,0
-32.769855,-6.9975166,-100.000015,0,0
-33.769855,-6.9975166,-100.000015,0,0
-34.769855,-6.9975166,-100.000015,0,0
-35.769855,-6.9975166,-100.000015,0,0
-36.769855,-6.9975166,-100.000015,0,0
-37.769855,-6.9975166,-100.000015,0,0
-38.769855,-6.9975166,-100.000015,0,0
-39.769855,-6.9975166,-100.000015,0,0
-40.769855,-6.9975166,-100.000015,0,0
-41.769855,-6.9975166,-100.000015,0,0
-42.769855,-6.9975166,-100.000015,0,0
-43.769855,-6.9975166,-100.000015,0,0
-44.769855,-6.9975166,-100.000015,0,0
-45.769855,-6.9975166,-100.000015,0,0
-46.769855,-6.9975166,-100.000015,0,0
-47.769855,-6.9975166,-100.000015,0,0
-48.769855,-6.9975166,-100.000015,0,0
-49.769855,-6.9975166,-100.000015,0,0
49.230145,-7.9975166,-100.000015,0,0
48.230145,-7.9975166,-100.000015,0,0
47.230145,-7.9975166,-100.000015,0,0
46.230145,-7.9975166,-100.000015,0,0
45.230145,-7.9975166,-100.000015,0,0
44.230145,-7.9975166,-100.000015,0,0
43.230145,-7.9975166,-100.000015,0,0
42.230145,-7.9975166,-100.000015,0,0
41.230145,-7.9975166,-100.000015,0,0
40.230145,-7.9975166,-100.000015,0,0
39.230145,-7.9975166,-100.000015,0,0
38.230145,-7.9975166,-100.000015,0,0
37.230145,-7.9975166,-100.000015,0,0
36.230145,-7.9975166,-100.000015,0,0
35.230145,-7.9975166,-100.000015,0,0
34.230145,-7.9975166,-100.000015,0,0
33.230145,-7.9975166,-100.000015,0,0
32.230145,-7.9975166,-100.000015,0,0
31.230145,-7.9975166,-100.000015,0,0
30.230145,-7.9975166,-100.000015,0,0
29.230145,-7.9975166,-100.000015,0,0
28.230145,-7.9975166,-100.000015,0,0
27.230145,-7.9975166,-100.000015,0,0
26.230145,-7.9975166,-100.000015,0,0
25.230145,-7.9975166,-100.000015,0,0
24.230145,-7.9975166,-100.000015,0,0
23.230145,-7.9975166,-100.000015,0,0
22.230145,-7.9975166,-100.000015,0,0
21.230145,-7.9975166,-100.000015,0,0
20.230145,-7.9975166,-100.000015,0,0
19.230145,-7.9975166,-100.000015,0,0
18.230145,-7.9975166,-100.000015,0,0
17.230145,-7.9975166,-100.000015,0,0
16.230145,-7.9975166,-100.000015,0,0
15.2301445,-7.9975166,-100.000015,0,0
14.2301445,-7.9975166,-100.000015,0,0
13.2301445,-7.9975166,-100.000015,0,0
12.2301445,-7.9975166,-100.000015,0,0
11.2301445,-7.9975166,-100.000015,0,0
10.2301445,-7.9975166,-100.000015,0,11.999997
9.2301445,-7.9975166,-100.000015,0,23.999996
8.2301445,-7.9975166,-100.000015,0.40278384,75.99999
7.2301445,-7.9975166,-100.000015,0.43515098,51.999996
6.2301445,-7.9975166,-100.000015,0.32376438,43.999996
5.2301445,-7.9975166,-100.000015,0.28495508,31.999996
4.2301445,-7.9975166,-100.000015,0.2865679,43.999996
3.2301445,-7.9975166,-100.000015,0.2521661,27.999996
2.2301445,-7.9975166,-100.000015,0.2529369,31.999996
1.2301445,-7.9975166,-100.000015,0.29851973,67.99999
0.2301445,-7.9975166,-100.000015,0.3396794,47.999996
-0.7698555,-7.9975166,-100.000015,0.32980844,67.99999
-1.7698555,-7.9975166,-100.000015,0.33947834,63.999996
-2.7698555,-7.9975166,-100.000015,0.4785003,103.99999
-3.7698555,-7.9975166,-100.000015,0.5575627,87.99999
-4.7698555,-7.9975166,-100.000015,0.5583999,83.99999
-5.7698555,-7.9975166,-100.000015,0.5577152,95.99999
-6.7698555,-7.9975166,-100.000015,0.50690657,67.99999
-7.7698555,-7.9975166,-100.000015,0.44130582,51.999996
-8.7698555,-7.9975166,-100.000015,-Infinity,75.99999
-9.7698555,-7.9975166,-100.000015,0,87.99999
-10.7698555,-7.9975166,-100.000015,0,19.999996
-11.7698555,-7.9975166,-100.000015,0,0
-12.7698555,-7.9975166,-100.000015,0,0
-13.7698555,-7.9975166,-100.000015,0,0
-14.7698555,-7.9975166,-100.000015,0,0
-15.7698555,-7.9975166,-100.000015,0,0
-16.769855,-7.9975166,-100.000015,0,0
-17.769855,-7.9975166,-100.000015,0,0
-18.769855,-7.9975166,-100.000015,0,0
-19.769855,-7.9975166,-100.000015,0,0
-20.769855,-7.9975166,-100.000015,0,0
-21.769855,-7.9975166,-100.000015,0,0
-22.769855,-7.9975166,-100.000015,0,0
-23.769855,-7.9975166,-100.000015,0,0
-24.769855,-7.9975166,-100.000015,0,0
-25.769855,-7.9975166,-100.000015,0,0
-26.769855,-7.9975166,-100.000015,0,0
-27.769855,-7.9975166,-100.000015,0,0
-28.769855,-7.9975166,-100.000015,0,0
-29.769855,-7.9975166,-100.000015,0,0
-30.769855,-7.9975166,-100.000015,0,0
-31.769855,-7.9975166,-100.000015,0,0
-32.769855,-7.9975166,-100.000015,0,0
-33.769855,-7.9975166,-100.000015,0,0
-34.769855,-7.9975166,-100.000015,0,0
-35.769855,-7.9975166,-100.000015,0,0
-36.769855,-7.9975166,-100.000015,0,0
-37.769855,-7.9975166,-100.000015,0,0
-38.769855,-7.9975166,-100.000015,0,0
-39.769855,-7.9975166,-100.000015,0,0
-40.769855,-7.9975166,-100.000015,0,0
-41.769855,-7.9975166,-100.000015,0,0
-42.769855,-7.9975166,-100.000015,0,0
-43.769855,-7.9975166,-100.000015,0,0
-44.769855,-7.9975166,-100.000015,0,0
-45.769855,-7.9975166,-100.000015,0,0
-46.769855,-7.9975166,-100.000015,0,0
-47.769855,-7.9975166,-100.000015,0,0
-48.769855,-7.9975166,-100.000015,0,0
-49.769855,-7.9975166,-100.000015,0,0
49.230145,-8.997517,-100.000015,0,0
48.230145,-8.997517,-100.000015,0,0
47.230145,-8.997517,-100.000015,0,0
46.230145,-8.997517,-100.000015,0,0
45.230145,-8.997517,-100.000015,0,0
44.230145,-8.997517,-100.000015,0,0
43.230145,-8.997517,-100.000015,0,0
42.230145,-8.997517,-100.000015,0,0
41.230145,-8.997517,-100.000015,0,0
40.230145,-8.997517,-100.000015,0,0
39.230145,-8.997517,-100.000015,0,0
38.230145,-8.997517,-100.000015,0,0
37.230145,-8.997517,-100.000015,0,0
36.230145,-8.997517,-100.000015,0,0
35.230145,-8.997517,-100.000015,0,0
34.230145,-8.997517,-100.000015,0,0
33.230145,-8.997517,-100.000015,0,0
32.230145,-8.997517,-100.000015,0,0
31.230145,-8.997517,-100.000015,0,0
30.230145,-8.997517,-100.000015,0,0
29.230145,-8.997517,-100.000015,0,0
28.230145,-8.997517,-100.000015,0,0
27.230145,-8.997517,-100.000015,0,0
26.230145,-8.997517,-100.000015,0,0
25.230145,-8.997517,-100.000015,0,0
24.230145,-8.997517,-100.000015,0,0
23.230145,-8.997517,-100.000015,0,0
22.230145,-8.997517,-100.000015,0,0
21.230145,-8.997517,-100.000015,0,0
20.230145,-8.997517,-100.000015,0,0
19.230145,-8.997517,-100.000015,0,0
18.230145,-8.997517,-100.000015,0,0
17.230145,-8.997517,-100.000015,0,0
16.230145,-8.997517,-100.000015,0,0
15.2301445,-8.997517,-100.000015,0,0
14.2301445,-8.997517,-100.000015,0,0
13.2301445,-8.997517,-100.000015,0,0
12.2301445,-8.997517,-100.000015,0,0
11.2301445,-8.997517,-100.000015,0,0
10.2301445,-8.997517,-100.000015,0,0
9.2301445,-8.997517,-100.000015,0,3.999999
8.2301445,-8.997517,-100.000015,0,71.99999
7.2301445,-8.997517,-100.000015,0,67.99999
6.2301445,-8.997517,-100.000015,0.32138792,95.99999
5.2301445,-8.997517,-100.000015,0.2563536,51.999996
4.2301445,-8.997517,-100.000015,0.22975466,67.99999
3.2301445,-8.997517,-100.000015,0.23429322,59.999996
2.2301445,-8.997517,-100.000015,0.24385425,67.99999
1.2301445,-8.997517,-100.000015,0.2694206,47.999996
0.2301445,-8.997517,-100.000015,0.25315434,27.999996
-0.7698555,-8.997517,-100.000015,0.1880576,35.999996
-1.7698555,-8.997517,-100.000015,0.16450182,63.999996
-2.7698555,-8.997517,-100.000015,0.26314014,39.999996
-3.7698555,-8.997517,-100.000015,0.39531636,91.99999
-4.7698555,-8.997517,-100.000015,0.480259,63.999996
-5.7698555,-8.997517,-100.000015,0.51424843,87.99999
-6.7698555,-8.997517,-100.000015,0.42202008,31.999996
-7.7698555,-8.997517,-100.000015,0,39.999996
-8.7698555,-8.997517,-100.000015,0,43.999996
-9.7698555,-8.997517,-100.000015,0,0
-10.7698555,-8.997517,-100.000015,0,0
-11.7698555,-8.997517,-100.000015,0,0
-12.7698555,-8.997517,-100.000015,0,0
-13.7698555,-8.997517,-100.000015,0,0
-14.7698555,-8.997517,-100.000015,0,0
-15.7698555,-8.997517,-100.000015,0,0
-16.769855,-8.997517,-100.000015,0,0
-17.769855,-8.997517,-100.000015,0,0
-18.769855,-8.997517,-100.000015,0,0
-19.769855,-8.997517,-100.000015,0,0
-20.769855,-8.997517,-100.000015,0,0
-21.769855,-8.997517,-100.000015,0,0
-22.769855,-8.997517,-100.000015,0,0
-23.769855,-8.997517,-100.000015,0,0
-24.769855,-8.997517,-100.000015,0,0
-25.769855,-8.997517,-100.000015,0,0
-26.769855,-8.997517,-100.000015,0,0
-27.769855,-8.997517,-100.000015,0,0
-28.769855,-8.997517,-100.000015,0,0
-29.769855,-8.997517,-100.000015,0,0
-30.769855,-8.997517,-100.000015,0,0
-31.769855,-8.997517,-100.000015,0,0
-32.769855,-8.997517,-100.000015,0,0
-33.769855,-8.997517,-100.000015,0,0
-34.769855,-8.997517,-100.000015,0,0
-35.769855,-8.997517,-100.000015,0,0
-36.769855,-8.997517,-100.000015,0,0
-37.769855,-8.997517,-100.000015,0,0
-38.769855,-8.997517,-100.000015,0,0
-39.769855,-8.997517,-100.000015,0,0
-40.769855,-8.997517,-100.000015,0,0
-41.769855,-8.997517,-100.000015,0,0
-42.769855,-8.997517,-100.000015,0,0
-43.769855,-8.997517,-100.000015,0,0
-44.769855,-8.997517,-100.000015,0,0
-45.769855,-8.997517,-100.000015,0,0
-46.769855,-8.997517,-100.000015,0,0
-47.769855,-8.997517,-100.000015,0,0
-48.769855,-8.997517,-100.000015,0,0
-49.769855,-8.997517,-100.000015,0,0
49.230145,-9.997517,-100.000015,0,0
48.230145,-9.997517,-100.000015,0,0
47.230145,-9.997517,-100.000015,0,0
46.230145,-9.997517,-100.000015,0,0
45.230145,-9.997517,-100.000015,0,0
44.230145,-9.997517,-100.000015,0,0
43.230145,-9.997517,-100.000015,0,0
42.230145,-9.997517,-100.000015,0,0
41.230145,-9.997517,-100.000015,0,0
40.230145,-9.997517,-100.000015,0,0
39.230145,-9.997517,-100.000015,0,0
38.230145,-9.997517,-100.000015,0,0
37.230145,-9.997517,-100.000015,0,0
36.230145,-9.997517,-100.000015,0,0
35.230145,-9.997517,-100.000015,0,0
34.230145,-9.997517,-100.000015,0,0
33.230145,-9.997517,-100.000015,0,0
32.230145,-9.997517,-100.000015,0,0
31.230145,-9.997517,-100.000015,0,0
30.230145,-9.997517,-100.000015,0,0
29.230145,-9.997517,-100.000015,0,0
28.230145,-9.997517,-100.000015,0,0
27.230145,-9.997517,-100.000015,0,0
26.230145,-9.997517,-100.000015,0,0
25.230145,-9.997517,-100.000015,0,0
24.230145,-9.997517,-100.000015,0,0
23.230145,-9.997517,-100.000015,0,0
22.230145,-9.997517,-100.000015,0,0
21.230145,-9.997517,-100.000015,0,0
20.230145,-9.997517,-100.000015,0,0
19.230145,-9.997517,-100.000015,0,0
18.230145,-9.997517,-100.000015,0,0
17.230145,-9.997517,-100.000015,0,0
16.230145,-9.997517,-100.000015,0,0
15.2301445,-9.997517,-100.000015,0,0
14.2301445,-9.997517,-100.000015,0,0
13.2301445,-9.997517,-100.000015,0,0
12.2301445,-9.997517,-100.000015,0,0
11.2301445,-9.997517,-100.000015,0,0
10.2301445,-9.997517,-100.000015,0,0
9.2301445,-9.997517,-100.000015,0,0
8.2301445,-9.997517,-100.000015,0,0
7.2301445,-9.997517,-100.000015,0,27.999996
6.2301445,-9.997517,-100.000015,0,43.999996
5.2301445,-9.997517,-100.000015,Infinity,67.99999
4.2301445,-9.997517,-100.000015,0.23743525,83.99999
3.2301445,-9.997517,-100.000015,0.32711852,83.99999
2.2301445,-9.997517,-100.000015,0.3716515,59.999996
1.2301445,-9.997517,-100.000015,0.40854537,71.99999
0.2301445,-9.997517,-100.000015,0.38026947,87.99999
-0.7698555,-9.997517,-100.000015,0.19468822,47.999996
-1.7698555,-9.997517,-100.000015,0.055811808,43.999996
-2.7698555,-9.997517,-100.000015,0.08039347,63.999996
-3.7698555,-9.997517,-100.000015,0.2691031,63.999996
-4.7698555,-9.997517,-100.000015,0.46877357,55.999996
-5.7698555,-9.997517,-100.000015,0,39.999996
-6.7698555,-9.997517,-100.000015,0,43.999996
-7.7698555,-9.997517,-100.000015,0,19.999996
-8.7698555,-9.997517,-100.000015,0,0
-9.7698555,-9.997517,-100.000015,0,0
-10.7698555,-9.997517,-100.000015,0,0
-11.7698555,-9.997517,-100.000015,0,0
-12.7698555,-9.997517,-100.000015,0,0
-13.7698555,-9.997517,-100.000015,0,0
-14.7698555,-9.997517,-100.000015,0,0
-15.7698555,-9.997517,-100.000015,0,0
-16.769855,-9.997517,-100.000015,0,0
-17.769855,-9.997517,-100.000015,0,0
-18.769855,-9.997517,-100.000015,0,0
-19.769855,-9.997517,-100.000015,0,0
-20.769855,-9.997517,-100.000015,0,0
-21.769855,-9.997517,-100.000015,0,0
-22.769855,-9.997517,-100.000015,0,0
-23.769855,-9.997517,-100.000015,0,0
-24.769855,-9.997517,-100.000015,0,0
-25.769855,-9.997517,-100.000015,0,0
-26.769855,-9.997517,-100.000015,0,0
-27.769855,-9.997517,-100.000015,0,0
-28.769855,-9.997517,-100.000015,0,0
-29.769855,-9.997517,-100.000015,0,0
-30.769855,-9.997517,-100.000015,0,0
-31.769855,-9.997517,-100.000015,0,0
-32.769855,-9.997517,-100.000015,0,0
-33.769855,-9.997517,-100.000015,0,0
-34.769855,-9.997517,-100.000015,0,0
-35.769855,-9.997517,-100.000015,0,0
-36.769855,-9.997517,-100.000015,0,0
-37.769855,-9.997517,-100.000015,0,0
-38.769855,-9.997517,-100.000015,0,0
-39.769855,-9.997517,-100.000015,0,0
-40.769855,-9.997517,-100.000015,0,0
-41.769855,-9.997517,-100.000015,0,0
-42.769855,-9.997517,-100.000015,0,0
-43.769855,-9.997517,-100.000015,0,0
-44.769855,-9.997517,-100.000015,0,0
-45.769855,-9.997517,-100.000015,0,0
-46.769855,-9.997517,-100.000015,0,0
-47.769855,-9.997517,-100.000015,0,0
-48.769855,-9.997517,-100.000015,0,0
-49.769855,-9.997517,-100.000015,0,0
49.230145,-10.997517,-100.000015,0,0
48.230145,-10.997517,-100.000015,0,0
47.230145,-10.997517,-100.000015,0,0
46.230145,-10.997517,-100.000015,0,0
45.230145,-10.997517,-100.000015,0,0
44.230145,-10.997517,-100.000015,0,0
43.230145,-10.997517,-100.000015,0,0
42.230145,-10.997517,-100.000015,0,0
41.230145,-10.997517,-100.000015,0,0
40.230145,-10.997517,-100.000015,0,0
39.230145,-10.997517,-100.000015,0,0
38.230145,-10.997517,-100.000015,0,0
37.230145,-10.997517,-100.000015,0,0
36.230145,-10.997517,-100.000015,0,0
35.230145,-10.997517,-100.000015,0,0
34.230145,-10.997517,-100.000015,0,0
33.230145,-10.997517,-100.000015,0,0
32.230145,-10.997517,-100.000015,0,0
31.230145,-10.997517,-100.000015,0,0
30.230145,-10.997517,-100.000015,0,0
29.230145,-10.997517,-100.000015,0,0
28.230145,-10.997517,-100.000015,0,0
27.230145,-10.997517,-100.000015,0,0
26.230145,-10.997517,-100.000015,0,0
25.230145,-10.997517,-100.000015,0,0
24.230145,-10.997517,-100.000015,0,0
23.230145,-10.997517,-100.000015,0,0
22.230145,-10.997517,-100.000015,0,0
21.230145,-10.997517,-100.000015,0,0
20.230145,-10.997517,-100.000015,0,0
19.230145,-10.997517,-100.000015,0,0
18.230145,-10.997517,-100.000015,0,0
17.230145,-10.997517,-100.000015,0,0
16.230145,-10.997517,-100.000015,0,0
15.2301445,-10.997517,-100.000015,0,0
14.2301445,-10.997517,-100.000015,0,0
13.2301445,-10.997517,-100.000015,0,0
12.2301445,-10.997517,-100.000015,0,0
11.2301445,-10.997517,-100.000015,0,0
10.2301445,-10.997517,-100.000015,0,0
9.2301445,-10.997517,-100.000015,0,0
8.2301445,-10.997517,-100.000015,0,0
7.2301445,-10.997517,-100.000015,0,0
6.2301445,-10.997517,-100.000015,0,3.999999
5.2301445,-10.997517,-100.000015,0,27.999996
4.2301445,-10.997517,-100.000015,0,27.999996
3.2301445,-10.997517,-100.000015,0,91.99999
2.2301445,-10.997517,-100.000015,0.55837774,79.99999
1.2301445,-10.997517,-100.000015,0.58442837,83.99999
0.2301445,-10.997517,-100.000015,0.54690087,51.999996
-0.7698555,-10.997517,-100.000015,0.4176163,83.99999
-1.7698555,-10.997517,-100.000015,0.2761725,43.999996
-2.7698555,-10.997517,-100.000015,0,47.999996
-3.7698555,-10.997517,-100.000015,0,19.999996
-4.7698555,-10.997517,-100.000015,0,67.99999
-5.7698555,-10.997517,-100.000015,0,7.999998
-6.7698555,-10.997517,-100.000015,0,0
-7.7698555,-10.997517,-100.000015,0,0
-8.7698555,-10.997517,-100.000015,0,0
-9.7698555,-10.997517,-100.000015,0,0
-10.7698555,-10.997517,-100.000015,0,0
-11.7698555,-10.997517,-100.000015,0,0
-12.7698555,-10.997517,-100.000015,0,0
-13.7698555,-10.997517,-100.000015,0,0
-14.7698555,-10.997517,-100.000015,0,0
-15.7698555,-10.997517,-100.000015,0,0
-16.769855,-10.997517,-100.000015,0,0
-17.769855,-10.997517,-100.000015,0,0
-18.769855,-10.997517,-100.000015,0,0
-19.769855,-10.997517,-100.000015,0,0
-20.769855,-10.997517,-100.000015,0,0
-21.769855,-10.997517,-100.000015,0,0
-22.769855,-10.997517,-100.000015,0,0
-23.769855,-10.997517,-100.000015,0,0
-24.769855,-10.997517,-100.000015,0,0
-25.769855,-10.997517,-100.000015,0,0
-26.769855,-10.997517,-100.000015,0,0
-27.769855,-10.997517,-100.000015,0,0
-28.769855,-10.997517,-100.000015,0,0
-29.769855,-10.997517,-100.000015,0,0
-30.769855,-10.997517,-100.000015,0,0
-31.769855,-10.997517,-100.000015,0,0
-32.769855,-10.997517,-100.000015,0,0
-33.769855,-10.997517,-100.000015,0,0
-34.769855,-10.997517,-100.000015,0,0
-35.769855,-10.997517,-100.000015,0,0
-36.769855,-10.997517,-100.000015,0,0
-37.769855,-10.997517,-100.000015,0,0
-38.769855,-10.997517,-100.000015,0,0
-39.769855,-10.997517,-100.000015,0,0
-40.769855,-10.997517,-100.000015,0,0
-41.769855,-10.997517,-100.000015,0,0
-42.769855,-10.997517,-100.000015,0,0
-43.769855,-10.997517,-100.000015,0,0
-44.769855,-10.997517,-100.000015,0,0
-45.769855,-10.997517,-100.000015,0,0
-46.769855,-10.997517,-100.000015,0,0
-47.769855,-10.997517,-100.000015,0,0
-48.769855,-10.997517,-100.000015,0,0
-49.769855,-10.997517,-100.000015,0,0
49.230145,-11.997517,-100.000015,0,0
48.230145,-11.997517,-100.000015,0,0
47.230145,-11.997517,-100.000015,0,0
46.230145,-11.997517,-100.000015,0,0
45.230145,-11.997517,-100.000015,0,0
44.230145,-11.997517,-100.000015,0,0
43.230145,-11.997517,-100.000015,0,0
42.230145,-11.997517,-100.000015,0,0
41.230145,-11.997517,-100.000015,0,0
40.230145,-11.997517,-100.000015,0,0
39.230145,-11.997517,-100.000015,0,0
38.230145,-11.997517,-100.000015,0,0
37.230145,-11.997517,-100.000015,0,0
36.230145,-11.997517,-100.000015,0,0
35.230145,-11.997517,-100.000015,0,0
34.230145,-11.997517,-100.000015,0,0
33.230145,-11.997517,-100.000015,0,0
32.230145,-11.997517,-100.000015,0,0
31.230145,-11.997517,-100.000015,0,0
30.230145,-11.997517,-100.000015,0,0
29.230145,-11.997517,-100.000015,0,0
28.230145,-11.997517,-100.000015,0,0
27.230145,-11.997517,-100.000015,0,0
26.230145,-11.997517,-100.000015,0,0
25.230145,-11.997517,-100.000015,0,0
24.230145,-11.997517,-100.000015,0,0
23.230145,-11.997517,-100.000015,0,0
22.230145,-11.997517,-100.000015,0,0
21.230145,-11.997517,-100.000015,0,0
20.230145,-11.997517,-100.000015,0,0
19.230145,-11.997517,-100.000015,0,0
18.230145,-11.997517,-100.000015,0,0
17.230145,-11.997517,-100.000015,0,0
16.230145,-11.997517,-100.000015,0,0
15.2301445,-11.997517,-100.000015,0,0
14.2301445,-11.997517,-100.000015,0,0
13.2301445,-11.997517,-100.000015,0,0
12.2301445,-11.997517,-100.000015,0,0
11.2301445,-11.997517,-100.000015,0,0
10.2301445,-11.997517,-100.000015,0,0
9.2301445,-11.997517,-100.000015,0,0
8.2301445,-11.997517,-100.000015,0,0
7.2301445,-11.997517,-100.000015,0,0
6.2301445,-11.997517,-100.000015,0,0
5.2301445,-11.997517,-100.000015,0,0
4.2301445,-11.997517,-100.000015,0,0
3.2301445,-11.997517,-100.000015,0,7.999998
2.2301445,-11.997517,-100.000015,0,15.999996
1.2301445,-11.997517,-100.000015,0,19.999996
0.2301445,-11.997517,-100.000015,0,11.999997
-0.7698555,-11.997517,-100.000015,0,35.999996
-1.7698555,-11.997517,-100.000015,0,11.999997
-2.7698555,-11.997517,-100.000015,0,15.999996
-3.7698555,-11.997517,-100.000015,0,0
-4.7698555,-11.997517,-100.000015,0,0
-5.7698555,-11.997517,-100.000015,0,0
-6.7698555,-11.997517,-100.000015,0,0
-7.7698555,-11.997517,-100.000015,0,0
-8.7698555,-11.997517,-100.000015,0,0
-9.7698555,-11.997517,-100.000015,0,0
-10.7698555,-11.997517,-100.000015,0,0
-11.7698555,-11.997517,-100.000015,0,0
-12.7698555,-11.997517,-100.000015,0,0
-13.7698555,-11.997517,-100.000015,0,0
-14.7698555,-11.997517,-100.000015,0,0
-15.7698555,-11.997517,-100.000015,0,0
-16.769855,-11.997517,-100.000015,0,0
-17.769855,-11.997517,-100.000015,0,0
-18.769855,-11.997517,-100.000015,0,0
-19.769855,-11.997517,-100.000015,0,0
-20.769855,-11.997517,-100.000015,0,0
-21.769855,-11.997517,-100.000015,0,0
-22.769855,-11.997517,-100.000015,0,0
-23.769855,-11.997517,-100.000015,0,0
-24.769855,-11.997517,-100.000015,0,0
-25.769855,-11.997517,-100.000015,0,0
-26.769855,-11.997517,-100.000015,0,0
-27.769855,-11.997517,-100.000015,0,0
-28.769855,-11.997517,-100.000015,0,0
-29.769855,-11.997517,-100.000015,0,0
-30.769855,-11.997517,-100.000015,0,0
-31.769855,-11.997517,-100.000015,0,0
-32.769855,-11.997517,-100.000015,0,0
-33.769855,-11.997517,-100.000015,0,0
-34.769855,-11.997517,-100.000015,0,0
-35.769855,-11.997517,-100.000015,0,0
-36.769855,-11.997517,-100.000015,0,0
-37.769855,-11.997517,-100.000015,0,0
-38.769855,-11.997517,-100.000015,0,0
-39.769855,-11.997517,-100.000015,0,0
-40.769855,-11.997517,-100.000015,0,0
-41.769855,-11.997517,-100.000015,0,0
-42.769855,-11.997517,-100.000015,0,0
-43.769855,-11.997517,-100.000015,0,0
-44.769855,-11.997517,-100.000015,0,0
-45.769855,-11.997517,-100.000015,0,0
-46.769855,-11.997517,-100.000015,0,0
-47.769855,-11.997517,-100.000015,0,0
-48.769855,-11.997517,-100.000015,0,0
-49.769855,-11.997517,-100.000015,0,0
49.230145,-12.997517,-100.000015,0,0
48.230145,-12.997517,-100.000015,0,0
47.230145,-12.997517,-100.000015,0,0
46.230145,-12.997517,-100.000015,0,0
45.230145,-12.997517,-100.000015,0,0
44.230145,-12.997517,-100.000015,0,0
43.230145,-12.997517,-100.000015,0,0
42.230145,-12.997517,-100.000015,0,0
41.230145,-12.997517,-100.000015,0,0
40.230145,-12.997517,-100.000015,0,0
39.230145,-12.997517,-100.000015,0,0
38.230145,-12.997517,-100.000015,0,0
37.230145,-12.997517,-100.000015,0,0
36.230145,-12.997517,-100.000015,0,0
35.230145,-12.997517,-100.000015,0,0
34.230145,-12.997517,-100.000015,0,0
33.230145,-12.997517,-100.000015,0,0
32.230145,-12.997517,-100.000015,0,0
31.230145,-12.997517,-100.000015,0,0
30.230145,-12.997517,-100.000015,0,0
29.230145,-12.997517,-100.000015,0,0
28.230145,-12.997517,-100.000015,0,0
27.230145,-12.997517,-100.000015,0,0
26.230145,-12.997517,-100.000015,0,0
25.230145,-12.997517,-100.000015,0,0
24.230145,-12.997517,-100.000015,0,0
23.230145,-12.997517,-100.000015,0,0
22.230145,-12.997517,-100.000015,0,0
21.230145,-12.997517,-100.000015,0,0
20.230145,-12.997517,-100.000015,0,0
19.230145,-12.997517,-100.000015,0,0
18.230145,-12.997517,-100.000015,0,0
17.230145,-12.997517,-100.000015,0,0
16.230145,-12.997517,-100.000015,0,0
15.2301445,-12.997517,-100.000015,0,0
14.2301445,-12.997517,-100.000015,0,0
13.2301445,-12.997517,-100.000015,0,0
12.2301445,-12.997517,-100.000015,0,0
11.2301445,-12.997517,-100.000015,0,0
10.2301445,-12.997517,-100.000015,0,0
9.2301445,-12.997517,-100.000015,0,0
8.2301445,-12.997517,-100.000015,0,0
7.2301445,-12.997517,-100.000015,0,0
6.2301445,-12.997517,-100.000015,0,0
5.2301445,-12.997517,-100.000015,0,0
4.2301445,-12.997517,-100.000015,0,0
3.2301445,-12.997517,-100.000015,0,0
2.2301445,-12.997517,-100.000015,0,0
1.2301445,-12.997517,-100.000015,0,0
0.2301445,-12.997517,-100.000015,0,0
-0.7698555,-12.997517,-100.000015,0,0
-1.7698555,-12.997517,-100.000015,0,0
-2.7698555,-12.997517,-100.000015,0,0
-3.7698555,-12.997517,-100.000015,0,0
-4.7698555,-12.997517,-100.000015,0,0
-5.7698555,-12.997517,-100.000015,0,0
-6.7698555,-12.997517,-100.000015,0,0
-7.7698555,-12.997517,-100.000015,0,0
-8.7698555,-12.997517,-100.000015,0,0
-9.7698555,-12.997517,-100.000015,0,0
-10.7698555,-12.997517,-100.000015,0,0
-11.7698555,-12.997517,-100.000015,0,0
-12.7698555,-12.997517,-100.000015,0,0
-13.7698555,-12.997517,-100.000015,0,0
-14.7698555,-12.997517,-100.000015,0,0
-15.7698555,-12.997517,-100.000015,0,0
-16.769855,-12.997517,-100.000015,0,0
-17.769855,-12.997517,-100.000015,0,0
-18.769855,-12.997517,-100.000015,0,0
-19.769855,-12.997517,-100.000015,0,0
-20.769855,-12.997517,-100.000015,0,0
-21.769855,-12.997517,-100.000015,0,0
-22.769855,-12.997517,-100.000015,0,0
-23.769855,-12.997517,-100.000015,0,0
-24.769855,-12.997517,-100.000015,0,0
-25.769855,-12.997517,-100.000015,0,0
-26.769855,-12.997517,-100.000015,0,0
-27.769855,-12.997517,-100.000015,0,0
-28.769855,-12.997517,-100.000015,0,0
-29.769855,-12.997517,-100.000015,0,0
-30.769855,-12.997517,-100.000015,0,0
-31.769855,-12.997517,-100.000015,0,0
-32.769855,-12.997517,-100.000015,0,0
-33.769855,-12.997517,-100.000015,0,0
-34.769855,-12.997517,-100.000015,0,0
-35.769855,-12.997517,-100.000015,0,0
-36.769855,-12.997517,-100.000015,0,0
-37.769855,-12.997517,-100.000015,0,0
-38.769855,-12.997517,-100.000015,0,0
-39.769855,-12.997517,-100.000015,0,0
-40.769855,-12.997517,-100.000015,0,0
-41.769855,-12.997517,-100.000015,0,0
-42.769855,-12.997517,-100.000015,0,0
-43.769855,-12.997517,-100.000015,0,0
-44.769855,-12.997517,-100.000015,0,0
-45.769855,-12.997517,-100.000015,0,0
-46.769855,-12.997517,-100.000015,0,0
-47.769855,-12.997517,-100.000015,0,0
-48.769855,-12.997517,-100.000015,0,0
-49.769855,-12.997517,-100.000015,0,0
49.230145,-13.997517,-100.000015,0,0
48.230145,-13.997517,-100.000015,0,0
47.230145,-13.997517,-100.000015,0,0
46.230145,-13.997517,-100.000015,0,0
45.230145,-13.997517,-100.000015,0,0
44.230145,-13.997517,-100.000015,0,0
43.230145,-13.997517,-100.000015,0,0
42.230145,-13.997517,-100.000015,0,0
41.230145,-13.997517,-100.000015,0,0
40.230145,-13.997517,-100.000015,0,0
39.230145,-13.997517,-100.000015,0,0
38.230145,-13.997517,-100.000015,0,0
37.230145,-13.997517,-100.000015,0,0
36.230145,-13.997517,-100.000015,0,0
35.230145,-13.997517,-100.000015,0,0
34.230145,-13.997517,-100.000015,0,0
33.230145,-13.997517,-100.000015,0,0
32.230145,-13.997517,-100.000015,0,0
31.230145,-13.997517,-100.000015,0,0
30.230145,-13.997517,-100.000015,0,0
29.230145,-13.997517,-100.000015,0,0
28.230145,-13.997517,-100.000015,0,0
27.230145,-13.997517,-100.000015,0,0
26.230145,-13.997517,-100.000015,0,0
25.230145,-13.997517,-100.000015,0,0
24.230145,-13.997517,-100.000015,0,0
23.230145,-13.997517,-100.000015,0,0
22.230145,-13.997517,-100.000015,0,0
21.230145,-13.997517,-100.000015,0,0
20.230145,-13.997517,-100.000015,0,0
19.230145,-13.997517,-100.000015,0,0
18.230145,-13.997517,-100.000015,0,0
17.230145,-13.997517,-100.000015,0,0
16.230145,-13.997517,-100.000015,0,0
15.2301445,-13.997517,-100.000015,0,0
14.2301445,-13.997517,-100.000015,0,0
13.2301445,-13.997517,-100.000015,0,0
12.2301445,-13.997517,-100.000015,0,0
11.2301445,-13.997517,-100.000015,0,0
10.2301445,-13.997517,-100.000015,0,0
9.2301445,-13.997517,-100.000015,0,0
8.2301445,-13.997517,-100.000015,0,0
7.2301445,-13.997517,-100.000015,0,0
6.2301445,-13.997517,-100.000015,0,0
5.2301445,-13.997517,-100.000015,0,0
4.2301445,-13.997517,-100.000015,0,0
3.2301445,-13.997517,-100.000015,0,0
2.2301445,-13.997517,-100.000015,0,0
1.2301445,-13.997517,-100.000015,0,0
0.2301445,-13.997517,-100.000015,0,0
-0.7698555,-13.997517,-100.000015,0,0
-1.7698555,-13.997517,-100.000015,0,0
-2.7698555,-13.997517,-100.000015,0,0
-3.7698555,-13.997517,-100.000015,0,0
-4.7698555,-13.997517,-100.000015,0,0
-5.7698555,-13.997517,-100.000015,0,0
-6.7698555,-13.997517,-100.000015,0,0
-7.7698555,-13.997517,-100.000015,0,0
-8.7698555,-13.997517,-100.000015,0,0
-9.7698555,-13.997517,-100.000015,0,0
-10.7698555,-13.997517,-100.000015,0,0
-11.7698555,-13.997517,-100.000015,0,0
-12.7698555,-13.997517,-100.000015,0,0
-13.7698555,-13.997517,-100.000015,0,0
-14.7698555,-13.997517,-100.000015,0,0
-15.7698555,-13.997517,-100.000015,0,0
-16.769855,-13.997517,-100.000015,0,0
-17.769855,-13.997517,-100.000015,0,0
-18.769855,-13.997517,-100.000015,0,0
-19.769855,-13.997517,-100.000015,0,0
-20.769855,-13.997517,-100.000015,0,0
-21.769855,-13.997517,-100.000015,0,0
-22.769855,-13.997517,-100.000015,0,0
-23.769855,-13.997517,-100.000015,0,0
-24.769855,-13.997517,-100.000015,0,0
-25.769855,-13.997517,-100.000015,0,0
-26.769855,-13.997517,-100.000015,0,0
-27.769855,-13.997517,-100.000015,0,0
-28.769855,-13.997517,-100.000015,0,0
-29.769855,-13.997517,-100.000015,0,0
-30.769855,-13.997517,-100.000015,0,0
-31.769855,-13.997517,-100.000015,0,0
-32.769855,-13.997517,-100.000015,0,0
-33.769855,-13.997517,-100.000015,0,0
-34.769855,-13.997517,-100.000015,0,0
-35.769855,-13.997517,-100.000015,0,0
-36.769855,-13.997517,-100.000015,0,0
-37.769855,-13.997517,-100.000015,0,0
-38.769855,-13.997517,-100.000015,0,0
-39.769855,-13.997517,-100.000015,0,0
-40.769855,-13.997517,-100.000015,0,0
-41.769855,-13.997517,-100.000015,0,0
-42.769855,-13.997517,-100.000015,0,0
-43.769855,-13.997517,-100.000015,0,0
-44.769855,-13.997517,-100.000015,0,0
-45.769855,-13.997517,-100.000015,0,0
-46.769855,-13.997517,-100.000015,0,0
-47.769855,-13.997517,-100.000015,0,0
-48.769855,-13.997517,-100.000015,0,0
-49.769855,-13.997517,-100.000015,0,0
49.230145,-14.997517,-100.000015,0,0
48.230145,-14.997517,-100.000015,0,0
47.230145,-14.997517,-100.000015,0,0
46.230145,-14.997517,-100.000015,0,0
45.230145,-14.997517,-100.000015,0,0
44.230145,-14.997517,-100.000015,0,0
43.230145,-14.997517,-100.000015,0,0
42.230145,-14.997517,-100.000015,0,0
41.230145,-14.997517,-100.000015,0,0
40.230145,-14.997517,-100.000015,0,0
39.230145,-14.997517,-100.000015,0,0
38.230145,-14.997517,-100.000015,0,0
37.230145,-14.997517,-100.000015,0,0
36.230145,-14.997517,-100.000015,0,0
35.230145,-14.997517,-100.000015,0,0
34.230145,-14.997517,-100.000015,0,0
33.230145,-14.997517,-100.000015,0,0
32.230145,-14.997517,-100.000015,0,0
31.230145,-14.997517,-100.000015,0,0
30.230145,-14.997517,-100.000015,0,0
29.230145,-14.997517,-100.000015,0,0
28.230145,-14.997517,-100.000015,0,0
27.230145,-14.997517,-100.000015,0,0
26.230145,-14.997517,-100.000015,0,0
25.230145,-14.997517,-100.000015,0,0
24.230145,-14.997517,-100.000015,0,0
23.230145,-14.997517,-100.000015,0,0
22.230145,-14.997517,-100.000015,0,0
21.230145,-14.997517,-100.000015,0,0
20.230145,-14.997517,-100.000015,0,0
19.230145,-14.997517,-100.000015,0,0
18.230145,-14.997517,-100.000015,0,0
17.230145,-14.997517,-100.000015,0,0
16.230145,-14.997517,-100.000015,0,0
15.2301445,-14.997517,-100.000015,0,0
14.2301445,-14.997517,-100.000015,0,0
13.2301445,-14.997517,-100.000015,0,0
12.2301445,-14.997517,-100.000015,0,0
11.2301445,-14.997517,-100.000015,0,0
10.2301445,-14.997517,-100.000015,0,0
9.2301445,-14.997517,-100.000015,0,0
8.2301445,-14.997517,-100.000015,0,0
7.2301445,-14.997517,-100.000015,0,0
6.2301445,-14.997517,-100.000015,0,0
5.2301445,-14.997517,-100.000015,0,0
4.2301445,-14.997517,-100.000015,0,0
3.2301445,-14.997517,-100.000015,0,0
2.2301445,-14.997517,-100.000015,0,0
1.2301445,-14.997517,-100.000015,0,0
0.2301445,-14.997517,-100.000015,0,0
-0.7698555,-14.997517,-100.000015,0,0
-1.7698555,-14.997517,-100.000015,0,0
-2.7698555,-14.997517,-100.000015,0,0
-3.7698555,-14.997517,-100.000015,0,0
-4.7698555,-14.997517,-100.000015,0,0
-5.7698555,-14.997517,-100.000015,0,0
-6.7698555,-14.997517,-100.000015,0,0
-7.7698555,-14.997517,-100.000015,0,0
-8.7698555,-14.997517,-100.000015,0,0
-9.7698555,-14.997517,-100.000015,0,0
-10.7698555,-14.997517,-100.000015,0,0
-11.7698555,-14.997517,-100.000015,0,0
-12.7698555,-14.997517,-100.000015,0,0
-13.7698555,-14.997517,-100.000015,0,0
-14.7698555,-14.997517,-100.000015,0,0
-15.7698555,-14.997517,-100.000015,0,0
-16.769855,-14.997517,-100.000015,0,0
-17.769855,-14.997517,-100.000015,0,0
-18.769855,-14.997517,-100.000015,0,0
-19.769855,-14.997517,-100.000015,0,0
-20.769855,-14.997517,-100.000015,0,0
-21.769855,-14.997517,-100.000015,0,0
-22.769855,-14.997517,-100.000015,0,0
-23.769855,-14.997517,-100.000015,0,0
-24.769855,-14.997517,-100.000015,0,0
-25.769855,-14.997517,-100.000015,0,0
-26.769855,-14.997517,-100.000015,0,0
-27.769855,-14.997517,-100.000015,0,0
-28.769855,-14.997517,-100.000015,0,0
-29.769855,-14.997517,-100.000015,0,0
-30.769855,-14.997517,-100.000015,0,0
-31.769855,-14.997517,-100.000015,0,0
-32.769855,-14.997517,-100.000015,0,0
-33.769855,-14.997517,-100.000015,0,0
-34.769855,-14.997517,-100.000015,0,0
-35.769855,-14.997517,-100.000015,0,0
-36.769855,-14.997517,-100.000015,0,0
-37.769855,-14.997517,-100.000015,0,0
-38.769855,-14.997517,-100.000015,0,0
-39.769855,-14.997517,-100.000015,0,0
-40.769855,-14.997517,-100.000015,0,0
-41.769855,-14.997517,-100.000015,0,0
-42.769855,-14.997517,-100.000015,0,0
-43.769855,-14.997517,-100.000015,0,0
-44.769855,-14.997517,-100.000015,0,0
-45.769855,-14.997517,-100.000015,0,0
-46.769855,-14.997517,-100.000015,0,0
-47.769855,-14.997517,-100.000015,0,0
-48.769855,-14.997517,-100.000015,0,0
-49.769855,-14.997517,-100.000015,0,0
49.230145,-15.997517,-100.000015,0,0
48.230145,-15.997517,-100.000015,0,0
47.230145,-15.997517,-100.000015,0,0
46.230145,-15.997517,-100.000015,0,0
45.230145,-15.997517,-100.000015,0,0
44.230145,-15.997517,-100.000015,0,0
43.230145,-15.997517,-100.000015,0,0
42.230145,-15.997517,-100.000015,0,0
41.230145,-15.997517,-100.000015,0,0
40.230145,-15.997517,-100.000015,0,0
39.230145,-15.997517,-100.000015,0,0
38.230145,-15.997517,-100.000015,0,0
37.230145,-15.997517,-100.000015,0,0
36.230145,-15.997517,-100.000015,0,0
35.230145,-15.997517,-100.000015,0,0
34.230145,-15.997517,-100.000015,0,0
33.230145,-15.997517,-100.000015,0,0
32.230145,-15.997517,-100.000015,0,0
31.230145,-15.997517,-100.000015,0,0
30.230145,-15.997517,-100.000015,0,0
29.230145,-15.997517,-100.000015,0,0
28.230145,-15.997517,-100.000015,0,0
27.230145,-15.997517,-100.000015,0,0
26.230145,-15.997517,-100.000015,0,0
25.230145,-15.997517,-100.000015,0,0
24.230145,-15.997517,-100.000015,0,0
23.230145,-15.997517,-100.000015,0,0
22.230145,-15.997517,-100.000015,0,0
21.230145,-15.997517,-100.000015,0,0
20.230145,-15.997517,-100.000015,0,0
19.230145,-15.997517,-100.000015,0,0
18.230145,-15.997517,-100.000015,0,0
17.230145,-15.997517,-100.000015,0,0
16.230145,-15.997517,-100.000015,0,0
15.2301445,-15.997517,-100.000015,0,0
14.2301445,-15.997517,-100.000015,0,0
13.2301445,-15.997517,-100.000015,0,0
12.2301445,-15.997517,-100.000015,0,0
11.2301445,-15.997517,-100.000015,0,0
10.2301445,-15.997517,-100.000015,0,0
9.2301445,-15.997517,-100.000015,0,0
8.2301445,-15.997517,-100.000015,0,0
7.2301445,-15.997517,-100.000015,0,0
6.2301445,-15.997517,-100.000015,0,0
5.2301445,-15.997517,-100.000015,0,0
4.2301445,-15.997517,-100.000015,0,0
3.2301445,-15.997517,-100.000015,0,0
2.2301445,-15.997517,-100.000015,0,0
1.2301445,-15.997517,-100.000015,0,0
0.2301445,-15.997517,-100.000015,0,0
-0.7698555,-15.997517,-100.000015,0,0
-1.7698555,-15.997517,-100.000015,0,0
-2.7698555,-15.997517,-100.000015,0,0
-3.7698555,-15.997517,-100.000015,0,0
-4.7698555,-15.997517,-100.000015,0,0
-5.7698555,-15.997517,-100.000015,0,0
-6.7698555,-15.997517,-100.000015,0,0
-7.7698555,-15.997517,-100.000015,0,0
-8.7698555,-15.997517,-100.000015,0,0
-9.7698555,-15.997517,-100.000015,0,0
-10.7698555,-15.997517,-100.000015,0,0
-11.7698555,-15.997517,-100.000015,0,0
-12.7698555,-15.997517,-100.000015,0,0
-13.7698555,-15.997517,-100.000015,0,0
-14.7698555,-15.997517,-100.000015,0,0
-15.7698555,-15.997517,-100.000015,0,0
-16.769855,-15.997517,-100.000015,0,0
-17.769855,-15.997517,-100.000015,0,0
-18.769855,-15.997517,-100.000015,0,0
-19.769855,-15.997517,-100.000015,0,0
-20.769855,-15.997517,-100.000015,0,0
-21.769855,-15.997517,-100.000015,0,0
-22.769855,-15.997517,-100.000015,0,0
-23.769855,-15.997517,-100.000015,0,0
-24.769855,-15.997517,-100.000015,0,0
-25.769855,-15.997517,-100.000015,0,0
-26.769855,-15.997517,-100.000015,0,0
-27.769855,-15.997517,-100.000015,0,0
-28.769855,-15.997517,-100.000015,0,0
-29.769855,-15.997517,-100.000015,0,0
-30.769855,-15.997517,-100.000015,0,0
-31.769855,-15.997517,-100.000015,0,0
-32.769855,-15.997517,-100.000015,0,0
-33.769855,-15.997517,-100.000015,0,0
-34.769855,-15.997517,-100.000015,0,0
-35.769855,-15.997517,-100.000015,0,0
-36.769855,-15.997517,-100.000015,0,0
-37.769855,-15.997517,-100.000015,0,0
-38.769855,-15.997517,-100.000015,0,0
-39.769855,-15.997517,-100.000015,0,0
-40.769855,-15.997517,-100.000015,0,0
-41.769855,-15.997517,-100.000015,0,0
-42.769855,-15.997517,-100.000015,0,0
-43.769855,-15.997517,-100.000015,0,0
-44.769855,-15.997517,-100.000015,0,0
-45.769855,-15.997517,-100.000015,0,0
-46.769855,-15.997517,-100.000015,0,0
-47.769855,-15.997517,-100.000015,0,0
-48.769855,-15.997517,-100.000015,0,0
-49.769855,-15.997517,-100.000015,0,0
49.230145,-16.997517,-100.000015,0,0
48.230145,-16.997517,-100.000015,0,0
47.230145,-16.997517,-100.000015,0,0
46.230145,-16.997517,-100.000015,0,0
45.230145,-16.997517,-100.000015,0,0
44.230145,-16.997517,-100.000015,0,0
43.230145,-16.997517,-100.000015,0,0
42.230145,-16.997517,-100.000015,0,0
41.230145,-16.997517,-100.000015,0,0
40.230145,-16.997517,-100.000015,0,0
39.230145,-16.997517,-100.000015,0,0
38.230145,-16.997517,-100.000015,0,0
37.230145,-16.997517,-100.000015,0,0
36.230145,-16.997517,-100.000015,0,0
35.230145,-16.997517,-100.000015,0,0
34.230145,-16.997517,-100.000015,0,0
33.230145,-16.997517,-100.000015,0,0
32.230145,-16.997517,-100.000015,0,0
31.230145,-16.997517,-100.000015,0,0
30.230145,-16.997517,-100.000015,0,0
29.230145,-16.997517,-100.000015,0,0
28.230145,-16.997517,-100.000015,0,0
27.230145,-16.997517,-100.000015,0,0
26.230145,-16.997517,-100.000015,0,0
25.230145,-16.997517,-100.000015,0,0
24.230145,-16.997517,-100.000015,0,0
23.230145,-16.997517,-100.000015,0,0
22.230145,-16.997517,-100.000015,0,0
21.230145,-16.997517,-100.000015,0,0
20.230145,-16.997517,-100.000015,0,0
19.230145,-16.997517,-100.000015,0,0
18.230145,-16.997517,-100.000015,0,0
17.230145,-16.997517,-100.000015,0,0
16.230145,-16.997517,-100.000015,0,0
15.2301445,-16.997517,-100.000015,0,0
14.2301445,-16.997517,-100.000015,0,0
13.2301445,-16.997517,-100.000015,0,0
12.2301445,-16.997517,-100.000015,0,0
11.2301445,-16.997517,-100.000015,0,0
10.2301445,-16.997517,-100.000015,0,0
9.2301445,-16.997517,-100.000015,0,0
8.2301445,-16.997517,-100.000015,0,0
7.2301445,-16.997517,-100.000015,0,0
6.2301445,-16.997517,-100.000015,0,0
5.2301445,-16.997517,-100.000015,0,0
4.2301445,-16.997517,-100.000015,0,0
3.2301445,-16.997517,-100.000015,0,0
2.2301445,-16.997517,-100.000015,0,0
1.2301445,-16.997517,-100.000015,0,0
0.2301445,-16.997517,-100.000015,0,0
-0.7698555,-16.997517,-100.000015,0,0
-1.7698555,-16.997517,-100.000015,0,0
-2.7698555,-16.997517,-100.000015,0,0
-3.7698555,-16.997517,-100.000015,0,0
-4.7698555,-16.997517,-100.000015,0,0
-5.7698555,-16.997517,-100.000015,0,0
-6.7698555,-16.997517,-100.000015,0,0
-7.7698555,-16.997517,-100.000015,0,0
-8.7698555,-16.997517,-100.000015,0,0
-9.7698555,-16.997517,-100.000015,0,0
-10.7698555,-16.997517,-100.000015,0,0
-11.7698555,-16.997517,-100.000015,0,0
-12.7698555,-16.997517,-100.000015,0,0
-13.7698555,-16.997517,-100.000015,0,0
-14.7698555,-16.997517,-100.000015,0,0
-15.7698555,-16.997517,-100.000015,0,0
-16.769855,-16.997517,-100.000015,0,0
-17.769855,-16.997517,-100.000015,0,0
-18.769855,-16.997517,-100.000015,0,0
-19.769855,-16.997517,-100.000015,0,0
-20.769855,-16.997517,-100.000015,0,0
-21.769855,-16.997517,-100.000015,0,0
-22.769855,-16.997517,-100.000015,0,0
-23.769855,-16.997517,-100.000015,0,0
-24.769855,-16.997517,-100.000015,0,0
-25.769855,-16.997517,-100.000015,0,0
-26.769855,-16.997517,-100.000015,0,0
-27.769855,-16.997517,-100.000015,0,0
-28.769855,-16.997517,-100.000015,0,0
-29.769855,-16.997517,-100.000015,0,0
-30.769855,-16.997517,-100.000015,0,0
-31.769855,-16.997517,-100.000015,0,0
-32.769855,-16.997517,-100.000015,0,0
-33.769855,-16.997517,-100.000015,0,0
-34.769855,-16.997517,-100.000015,0,0
-35.769855,-16.997517,-100.000015,0,0
-36.769855,-16.997517,-100.000015,0,0
-37.769855,-16.997517,-100.000015,0,0
-38.769855,-16.997517,-100.000015,0,0
-39.769855,-16.997517,-100.000015,0,0
-40.769855,-16.997517,-100.000015,0,0
-41.769855,-16.997517,-100.000015,0,0
-42.769855,-16.997517,-100.000015,0,0
-43.769855,-16.997517,-100.000015,0,0
-44.769855,-16.997517,-100.000015,0,0
-45.769855,-16.997517,-100.000015,0,0
-46.769855,-16.997517,-100.000015,0,0
-47.769855,-16.997517,-100.000015,0,0
-48.769855,-16.997517,-100.000015,0,0
-49.769855,-16.997517,-100.000015,0,0
49.230145,-17.997517,-100.000015,0,0
48.230145,-17.997517,-100.000015,0,0
47.230145,-17.997517,-100.000015,0,0
46.230145,-17.997517,-100.000015,0,0
45.230145,-17.997517,-100.000015,0,0
44.230145,-17.997517,-100.000015,0,0
43.230145,-17.997517,-100.000015,0,0
42.230145,-17.997517,-100.000015,0,0
41.230145,-17.997517,-100.000015,0,0
40.230145,-17.997517,-100.000015,0,0
39.230145,-17.997517,-100.000015,0,0
38.230145,-17.997517,-100.000015,0,0
37.230145,-17.997517,-100.000015,0,0
36.230145,-17.997517,-100.000015,0,0
35.230145,-17.997517,-100.000015,0,0
34.230145,-17.997517,-100.000015,0,0
33.230145,-17.997517,-100.000015,0,0
32.230145,-17.997517,-100.000015,0,0
31.230145,-17.997517,-100.000015,0,0
30.230145,-17.997517,-100.000015,0,0
29.230145,-17.997517,-100.000015,0,0
28.230145,-17.997517,-100.000015,0,0
27.230145,-17.997517,-100.000015,0,0
26.230145,-17.997517,-100.000015,0,0
25.230145,-17.997517,-100.000015,0,0
24.230145,-17.997517,-100.000015,0,0
23.230145,-17.997517,-100.000015,0,0
22.230145,-17.997517,-100.000015,0,0
21.230145,-17.997517,-100.000015,0,0
20.230145,-17.997517,-100.000015,0,0
19.230145,-17.997517,-100.000015,0,0
18.230145,-17.997517,-100.000015,0,0
17.230145,-17.997517,-100.000015,0,0
16.230145,-17.997517,-100.000015,0,0
15.2301445,-17.997517,-100.000015,0,0
14.2301445,-17.997517,-100.000015,0,0
13.2301445,-17.997517,-100.000015,0,0
12.2301445,-17.997517,-100.000015,0,0
11.2301445,-17.997517,-100.000015,0,0
10.2301445,-17.997517,-100.000015,0,0
9.2301445,-17.997517,-100.000015,0,0
8.2301445,-17.997517,-100.000015,0,0
7.2301445,-17.997517,-100.000015,0,0
6.2301445,-17.997517,-100.000015,0,0
5.2301445,-17.997517,-100.000015,0,0
4.2301445,-17.997517,-100.000015,0,0
3.2301445,-17.997517,-100.000015,0,0
2.2301445,-17.997517,-100.000015,0,0
1.2301445,-17.997517,-100.000015,0,0
0.2301445,-17.997517,-100.000015,0,0
-0.7698555,-17.997517,-100.000015,0,0
-1.7698555,-17.997517,-100.000015,0,0
-2.7698555,-17.997517,-100.000015,0,0
-3.7698555,-17.997517,-100.000015,0,0
-4.7698555,-17.997517,-100.000015,0,0
-5.7698555,-17.997517,-100.000015,0,0
-6.7698555,-17.997517,-100.000015,0,0
-7.7698555,-17.997517,-100.000015,0,0
-8.7698555,-17.997517,-100.000015,0,0
-9.7698555,-17.997517,-100.000015,0,0
-10.7698555,-17.997517,-100.000015,0,0
-11.7698555,-17.997517,-100.000015,0,0
-12.7698555,-17.997517,-100.000015,0,0
-13.7698555,-17.997517,-100.000015,0,0
-14.7698555,-17.997517,-100.000015,0,0
-15.7698555,-17.997517,-100.000015,0,0
-16.769855,-17.997517,-100.000015,0,0
-17.769855,-17.997517,-100.000015,0,0
-18.769855,-17.997517,-100.000015,0,0
-19.769855,-17.997517,-100.000015,0,0
-20.769855,-17.997517,-100.000015,0,0
-21.769855,-17.997517,-100.000015,0,0
-22.769855,-17.997517,-100.000015,0,0
-23.769855,-17.997517,-100.000015,0,0
-24.769855,-17.997517,-100.000015,0,0
-25.769855,-17.997517,-100.000015,0,0
-26.769855,-17.997517,-100.000015,0,0
-27.769855,-17.997517,-100.000015,0,0
-28.769855,-17.997517,-100.000015,0,0
-29.769855,-17.997517,-100.000015,0,0
-30.769855,-17.997517,-100.000015,0,0
-31.769855,-17.997517,-100.000015,0,0
-32.769855,-17.997517,-100.000015,0,0
-33.769855,-17.997517,-100.000015,0,0
-34.769855,-17.997517,-100.000015,0,0
-35.769855,-17.997517,-100.000015,0,0
-36.769855,-17.997517,-100.000015,0,0
-37.769855,-17.997517,-100.000015,0,0
-38.769855,-17.997517,-100.000015,0,0
-39.769855,-17.997517,-100.000015,0,0
-40.769855,-17.997517,-100.000015,0,0
-41.769855,-17.997517,-100.000015,0,0
-42.769855,-17.997517,-100.000015,0,0
-43.769855,-17.997517,-100.000015,0,0
-44.769855,-17.997517,-100.000015,0,0
-45.769855,-17.997517,-100.000015,0,0
-46.769855,-17.997517,-100.000015,0,0
-47.769855,-17.997517,-100.000015,0,0
-48.769855,-17.997517,-100.000015,0,0
-49.769855,-17.997517,-100.000015,0,0
49.230145,-18.997517,-100.000015,0,0
48.230145,-18.997517,-100.000015,0,0
47.230145,-18.997517,-100.000015,0,0
46.230145,-18.997517,-100.000015,0,0
45.230145,-18.997517,-100.000015,0,0
44.230145,-18.997517,-100.000015,0,0
43.230145,-18.997517,-100.000015,0,0
42.230145,-18.997517,-100.000015,0,0
41.230145,-18.997517,-100.000015,0,0
40.230145,-18.997517,-100.000015,0,0
39.230145,-18.997517,-100.000015,0,0
38.230145,-18.997517,-100.000015,0,0
37.230145,-18.997517,-100.000015,0,0
36.230145,-18.997517,-100.000015,0,0
35.230145,-18.997517,-100.000015,0,0
34.230145,-18.997517,-100.000015,0,0
33.230145,-18.997517,-100.000015,0,0
32.230145,-18.997517,-100.000015,0,0
31.230145,-18.997517,-100.000015,0,0
30.230145,-18.997517,-100.000015,0,0
29.230145,-18.997517,-100.000015,0,0
28.230145,-18.997517,-100.000015,0,0
27.230145,-18.997517,-100.000015,0,0
26.230145,-18.997517,-100.000015,0,0
25.230145,-18.997517,-100.000015,0,0
24.230145,-18.997517,-100.000015,0,0
23.230145,-18.997517,-100.000015,0,0
22.230145,-18.997517,-100.000015,0,0
21.230145,-18.997517,-100.000015,0,0
20.230145,-18.997517,-100.000015,0,0
19.230145,-18.997517,-100.000015,0,0
18.230145,-18.997517,-100.000015,0,0
17.230145,-18.997517,-100.000015,0,0
16.230145,-18.997517,-100.000015,0,0
15.2301445,-18.997517,-100.000015,0,0
14.2301445,-18.997517,-100.000015,0,0
13.2301445,-18.997517,-100.000015,0,0
12.2301445,-18.997517,-100.000015,0,0
11.2301445,-18.997517,-100.000015,0,0
10.2301445,-18.997517,-100.000015,0,0
9.2301445,-18.997517,-100.000015,0,0
8.2301445,-18.997517,-100.000015,0,0
7.2301445,-18.997517,-100.000015,0,0
6.2301445,-18.997517,-100.000015,0,0
5.2301445,-18.997517,-100.000015,0,0
4.2301445,-18.997517,-100.000015,0,0
3.2301445,-18.997517,-100.000015,0,0
2.2301445,-18.997517,-100.000015,0,0
1.2301445,-18.997517,-100.000015,0,0
0.2301445,-18.997517,-100.000015,0,0
-0.7698555,-18.997517,-100.000015,0,0
-1.7698555,-18.997517,-100.000015,0,0
-2.7698555,-18.997517,-100.000015,0,0
-3.7698555,-18.997517,-100.000015,0,0
-4.7698555,-18.997517,-100.000015,0,0
-5.7698555,-18.997517,-100.000015,0,0
-6.7698555,-18.997517,-100.000015,0,0
-7.7698555,-18.997517,-100.000015,0,0
-8.7698555,-18.997517,-100.000015,0,0
-9.7698555,-18.997517,-100.000015,0,0
-10.7698555,-18.997517,-100.000015,0,0
-11.7698555,-18.997517,-100.000015,0,0
-12.7698555,-18.997517,-100.000015,0,0
-13.7698555,-18.997517,-100.000015,0,0
-14.7698555,-18.997517,-100.000015,0,0
-15.7698555,-18.997517,-100.000015,0,0
-16.769855,-18.997517,-100.000015,0,0
-17.769855,-18.997517,-100.000015,0,0
-18.769855,-18.997517,-100.000015,0,0
-19.769855,-18.997517,-100.000015,0,0
-20.769855,-18.997517,-100.000015,0,0
-21.769855,-18.997517,-100.000015,0,0
-22.769855,-18.997517,-100.000015,0,0
-23.769855,-18.997517,-100.000015,0,0
-24.769855,-18.997517,-100.000015,0,0
-25.769855,-18.997517,-100.000015,0,0
-26.769855,-18.997517,-100.000015,0,0
-27.769855,-18.997517,-100.000015,0,0
-28.769855,-18.997517,-100.000015,0,0
-29.769855,-18.997517,-100.000015,0,0
-30.769855,-18.997517,-100.000015,0,0
-31.769855,-18.997517,-100.000015,0,0
-32.769855,-18.997517,-100.000015,0,0
-33.769855,-18.997517,-100.000015,0,0
-34.769855,-18.997517,-100.000015,0,0
-35.769855,-18.997517,-100.000015,0,0
-36.769855,-18.997517,-100.000015,0,0
-37.769855,-18.997517,-100.000015,0,0
-38.769855,-18.997517,-100.000015,0,0
-39.769855,-18.997517,-100.000015,0,0
-40.769855,-18.997517,-100.000015,0,0
-41.769855,-18.997517,-100.000015,0,0
-42.769855,-18.997517,-100.000015,0,0
-43.769855,-18.997517,-100.000015,0,0
-44.769855,-18.997517,-100.000015,0,0
-45.769855,-18.997517,-100.000015,0,0
-46.769855,-18.997517,-100.000015,0,0
-47.769855,-18.997517,-100.000015,0,0
-48.769855,-18.997517,-100.000015,0,0
-49.769855,-18.997517,-100.000015,0,0
49.230145,-19.997517,-100.000015,0,0
48.230145,-19.997517,-100.000015,0,0
47.230145,-19.997517,-100.000015,0,0
46.230145,-19.997517,-100.000015,0,0
45.230145,-19.997517,-100.000015,0,0
44.230145,-19.997517,-100.000015,0,0
43.230145,-19.997517,-100.000015,0,0
42.230145,-19.997517,-100.000015,0,0
41.230145,-19.997517,-100.000015,0,0
40.230145,-19.997517,-100.000015,0,0
39.230145,-19.997517,-100.000015,0,0
38.230145,-19.997517,-100.000015,0,0
37.230145,-19.997517,-100.000015,0,0
36.230145,-19.997517,-100.000015,0,0
35.230145,-19.997517,-100.000015,0,0
34.230145,-19.997517,-100.000015,0,0
33.230145,-19.997517,-100.000015,0,0
32.230145,-19.997517,-100.000015,0,0
31.230145,-19.997517,-100.000015,0,0
30.230145,-19.997517,-100.000015,0,0
29.230145,-19.997517,-100.000015,0,0
28.230145,-19.997517,-100.000015,0,0
27.230145,-19.997517,-100.000015,0,0
26.230145,-19.997517,-100.000015,0,0
25.230145,-19.997517,-100.000015,0,0
24.230145,-19.997517,-100.000015,0,0
23.230145,-19.997517,-100.000015,0,0
22.230145,-19.997517,-100.000015,0,0
21.230145,-19.997517,-100.000015,0,0
20.230145,-19.997517,-100.000015,0,0
19.230145,-19.997517,-100.000015,0,0
18.230145,-19.997517,-100.000015,0,0
17.230145,-19.997517,-100.000015,0,0
16.230145,-19.997517,-100.000015,0,0
15.2301445,-19.997517,-100.000015,0,0
14.2301445,-19.997517,-100.000015,0,0
13.2301445,-19.997517,-100.000015,0,0
12.2301445,-19.997517,-100.000015,0,0
11.2301445,-19.997517,-100.000015,0,0
10.2301445,-19.997517,-100.000015,0,0
9.2301445,-19.997517,-100.000015,0,0
8.2301445,-19.997517,-100.000015,0,0
7.2301445,-19.997517,-100.000015,0,0
6.2301445,-19.997517,-100.000015,0,0
5.2301445,-19.997517,-100.000015,0,0
4.2301445,-19.997517,-100.000015,0,0
3.2301445,-19.997517,-100.000015,0,0
2.2301445,-19.997517,-100.000015,0,0
1.2301445,-19.997517,-100.000015,0,0
0.2301445,-19.997517,-100.000015,0,0
-0.7698555,-19.997517,-100.000015,0,0
-1.7698555,-19.997517,-100.000015,0,0
-2.7698555,-19.997517,-100.000015,0,0
-3.7698555,-19.997517,-100.000015,0,0
-4.7698555,-19.997517,-100.000015,0,0
-5.7698555,-19.997517,-100.000015,0,0
-6.7698555,-19.997517,-100.000015,0,0
-7.7698555,-19.997517,-100.000015,0,0
-8.7698555,-19.997517,-100.000015,0,0
-9.7698555,-19.997517,-100.000015,0,0
-10.7698555,-19.997517,-100.000015,0,0
-11.7698555,-19.997517,-100.000015,0,0
-12.7698555,-19.997517,-100.000015,0,0
-13.7698555,-19.997517,-100.000015,0,0
-14.7698555,-19.997517,-100.000015,0,0
-15.7698555,-19.997517,-100.000015,0,0
-16.769855,-19.997517,-100.000015,0,0
-17.769855,-19.997517,-100.000015,0,0
-18.769855,-19.997517,-100.000015,0,0
-19.769855,-19.997517,-100.000015,0,0
-20.769855,-19.997517,-100.000015,0,0
-21.769855,-19.997517,-100.000015,0,0
-22.769855,-19.997517,-100.000015,0,0
-23.769855,-19.997517,-100.000015,0,0
-24.769855,-19.997517,-100.000015,0,0
-25.769855,-19.997517,-100.000015,0,0
-26.769855,-19.997517,-100.000015,0,0
-27.769855,-19.997517,-100.000015,0,0
-28.769855,-19.997517,-100.000015,0,0
-29.769855,-19.997517,-100.000015,0,0
-30.769855,-19.997517,-100.000015,0,0
-31.769855,-19.997517,-100.000015,0,0
-32.769855,-19.997517,-100.000015,0,0
-33.769855,-19.997517,-100.000015,0,0
-34.769855,-19.997517,-100.000015,0,0
-35.769855,-19.997517,-100.000015,0,0
-36.769855,-19.997517,-100.000015,0,0
-37.769855,-19.997517,-100.000015,0,0
-38.769855,-19.997517,-100.000015,0,0
-39.769855,-19.997517,-100.000015,0,0
-40.769855,-19.997517,-100.000015,0,0
-41.769855,-19.997517,-100.000015,0,0
-42.769855,-19.997517,-100.000015,0,0
-43.769855,-19.997517,-100.000015,0,0
-44.769855,-19.997517,-100.000015,0,0
-45.769855,-19.997517,-100.000015,0,0
-46.769855,-19.997517,-100.000015,0,0
-47.769855,-19.997517,-100.000015,0,0
-48.769855,-19.997517,-100.000015,0,0
-49.769855,-19.997517,-100.000015,0,0
49.230145,-20.997517,-100.000015,0,0
48.230145,-20.997517,-100.000015,0,0
47.230145,-20.997517,-100.000015,0,0
46.230145,-20.997517,-100.000015,0,0
45.230145,-20.997517,-100.000015,0,0
44.230145,-20.997517,-100.000015,0,0
43.230145,-20.997517,-100.000015,0,0
42.230145,-20.997517,-100.000015,0,0
41.230145,-20.997517,-100.000015,0,0
40.230145,-20.997517,-100.000015,0,0
39.230145,-20.997517,-100.000015,0,0
38.230145,-20.997517,-100.000015,0,0
37.230145,-20.997517,-100.000015,0,0
36.230145,-20.997517,-100.000015,0,0
35.230145,-20.997517,-100.000015,0,0
34.230145,-20.997517,-100.000015,0,0
33.230145,-20.997517,-100.000015,0,0
32.230145,-20.997517,-100.000015,0,0
31.230145,-20.997517,-100.000015,0,0
30.230145,-20.997517,-100.000015,0,0
29.230145,-20.997517,-100.000015,0,0
28.230145,-20.997517,-100.000015,0,0
27.230145,-20.997517,-100.000015,0,0
26.230145,-20.997517,-100.000015,0,0
25.230145,-20.997517,-100.000015,0,0
24.230145,-20.997517,-100.000015,0,0
23.230145,-20.997517,-100.000015,0,0
22.230145,-20.997517,-100.000015,0,0
21.230145,-20.997517,-100.000015,0,0
20.230145,-20.997517,-100.000015,0,0
19.230145,-20.997517,-100.000015,0,0
18.230145,-20.997517,-100.000015,0,0
17.230145,-20.997517,-100.000015,0,0
16.230145,-20.997517,-100.000015,0,0
15.2301445,-20.997517,-100.000015,0,0
14.2301445,-20.997517,-100.000015,0,0
13.2301445,-20.997517,-100.000015,0,0
12.2301445,-20.997517,-100.000015,0,0
11.2301445,-20.997517,-100.000015,0,0
10.2301445,-20.997517,-100.000015,0,0
9.2301445,-20.997517,-100.000015,0,0
8.2301445,-20.997517,-100.000015,0,0
7.2301445,-20.997517,-100.000015,0,0
6.2301445,-20.997517,-100.000015,0,0
5.2301445,-20.997517,-100.000015,0,0
4.2301445,-20.997517,-100.000015,0,0
3.2301445,-20.997517,-100.000015,0,0
2.2301445,-20.997517,-100.000015,0,0
1.2301445,-20.997517,-100.000015,0,0
0.2301445,-20.997517,-100.000015,0,0
-0.7698555,-20.997517,-100.000015,0,0
-1.7698555,-20.997517,-100.000015,0,0
-2.7698555,-20.997517,-100.000015,0,0
-3.7698555,-20.997517,-100.000015,0,0
-4.7698555,-20.997517,-100.000015,0,0
-5.7698555,-20.997517,-100.000015,0,0
-6.7698555,-20.997517,-100.000015,0,0
-7.7698555,-20.997517,-100.000015,0,0
-8.7698555,-20.997517,-100.000015,0,0
-9.7698555,-20.997517,-100.000015,0,0
-10.7698555,-20.997517,-100.000015,0,0
-11.7698555,-20.997517,-100.000015,0,0
-12.7698555,-20.997517,-100.000015,0,0
-13.7698555,-20.997517,-100.000015,0,0
-14.7698555,-20.997517,-100.000015,0,0
-15.7698555,-20.997517,-100.000015,0,0
-16.769855,-20.997517,-100.000015,0,0
-17.769855,-20.997517,-100.000015,0,0
-18.769855,-20.997517,-100.000015,0,0
-19.769855,-20.997517,-100.000015,0,0
-20.769855,-20.997517,-100.000015,0,0
-21.769855,-20.997517,-100.000015,0,0
-22.769855,-20.997517,-100.000015,0,0
-23.769855,-20.997517,-100.000015,0,0
-24.769855,-20.997517,-100.000015,0,0
-25.769855,-20.997517,-100.000015,0,0
-26.769855,-20.997517,-100.000015,0,0
-27.769855,-20.997517,-100.000015,0,0
-28.769855,-20.997517,-100.000015,0,0
-29.769855,-20.997517,-100.000015,0,0
-30.769855,-20.997517,-100.000015,0,0
-31.769855,-20.997517,-100.000015,0,0
-32.769855,-20.997517,-100.000015,0,0
-33.769855,-20.997517,-100.000015,0,0
-34.769855,-20.997517,-100.000015,0,0
-35.769855,-20.997517,-100.000015,0,0
-36.769855,-20.997517,-100.000015,0,0
-37.769855,-20.997517,-100.000015,0,0
-38.769855,-20.997517,-100.000015,0,0
-39.769855,-20.997517,-100.000015,0,0
-40.769855,-20.997517,-100.000015,0,0
-41.769855,-20.997517,-100.000015,0,0
-42.769855,-20.997517,-100.000015,0,0
-43.769855,-20.997517,-100.000015,0,0
-44.769855,-20.997517,-100.000015,0,0
-45.769855,-20.997517,-100.000015,0,0
-46.769855,-20.997517,-100.000015,0,0
-47.769855,-20.997517,-100.000015,0,0
-48.769855,-20.997517,-100.000015,0,0
-49.769855,-20.997517,-100.000015,0,0
49.230145,-21.997517,-100.000015,0,0
48.230145,-21.997517,-100.000015,0,0
47.230145,-21.997517,-100.000015,0,0
46.230145,-21.997517,-100.000015,0,0
45.230145,-21.997517,-100.000015,0,0
44.230145,-21.997517,-100.000015,0,0
43.230145,-21.997517,-100.000015,0,0
42.230145,-21.997517,-100.000015,0,0
41.230145,-21.997517,-100.000015,0,0
40.230145,-21.997517,-100.000015,0,0
39.230145,-21.997517,-100.000015,0,0
38.230145,-21.997517,-100.000015,0,0
37.230145,-21.997517,-100.000015,0,0
36.230145,-21.997517,-100.000015,0,0
35.230145,-21.997517,-100.000015,0,0
34.230145,-21.997517,-100.000015,0,0
33.230145,-21.997517,-100.000015,0,0
32.230145,-21.997517,-100.000015,0,0
31.230145,-21.997517,-100.000015,0,0
30.230145,-21.997517,-100.000015,0,0
29.230145,-21.997517,-100.000015,0,0
28.230145,-21.997517,-100.000015,0,0
27.230145,-21.997517,-100.000015,0,0
26.230145,-21.997517,-100.000015,0,0
25.230145,-21.997517,-100.000015,0,0
24.230145,-21.997517,-100.000015,0,0
23.230145,-21.997517,-100.000015,0,0
22.230145,-21.997517,-100.000015,0,0
21.230145,-21.997517,-100.000015,0,0
20.230145,-21.997517,-100.000015,0,0
19.230145,-21.997517,-100.000015,0,0
18.230145,-21.997517,-100.000015,0,0
17.230145,-21.997517,-100.000015,0,0
16.230145,-21.997517,-100.000015,0,0
15.2301445,-21.997517,-100.000015,0,0
14.2301445,-21.997517,-100.000015,0,0
13.2301445,-21.997517,-100.000015,0,0
12.2301445,-21.997517,-100.000015,0,0
11.2301445,-21.997517,-100.000015,0,0
10.2301445,-21.997517,-100.000015,0,0
9.2301445,-21.997517,-100.000015,0,0
8.2301445,-21.997517,-100.000015,0,0
7.2301445,-21.997517,-100.000015,0,0
6.2301445,-21.997517,-100.000015,0,0
5.2301445,-21.997517,-100.000015,0,0
4.2301445,-21.997517,-100.000015,0,0
3.2301445,-21.997517,-100.000015,0,0
2.2301445,-21.997517,-100.000015,0,0
1.2301445,-21.997517,-100.000015,0,0
0.2301445,-21.997517,-100.000015,0,0
-0.7698555,-21.997517,-100.000015,0,0
-1.7698555,-21.997517,-100.000015,0,0
-2.7698555,-21.997517,-100.000015,0,0
-3.7698555,-21.997517,-100.000015,0,0
-4.7698555,-21.997517,-100.000015,0,0
-5.7698555,-21.997517,-100.000015,0,0
-6.7698555,-21.997517,-100.000015,0,0
-7.7698555,-21.997517,-100.000015,0,0
-8.7698555,-21.997517,-100.000015,0,0
-9.7698555,-21.997517,-100.000015,0,0
-10.7698555,-21.997517,-100.000015,0,0
-11.7698555,-21.997517,-100.000015,0,0
-12.7698555,-21.997517,-100.000015,0,0
-13.7698555,-21.997517,-100.000015,0,0
-14.7698555,-21.997517,-100.000015,0,0
-15.7698555,-21.997517,-100.000015,0,0
-16.769855,-21.997517,-100.000015,0,0
-17.769855,-21.997517,-100.000015,0,0
-18.769855,-21.997517,-100.000015,0,0
-19.769855,-21.997517,-100.000015,0,0
-20.769855,-21.997517,-100.000015,0,0
-21.769855,-21.997517,-100.000015,0,0
-22.769855,-21.997517,-100.000015,0,0
-23.769855,-21.997517,-100.000015,0,0
-24.769855,-21.997517,-100.000015,0,0
-25.769855,-21.997517,-100.000015,0,0
-26.769855,-21.997517,-100.000015,0,0
-27.769855,-21.997517,-100.000015,0,0
-28.769855,-21.997517,-100.000015,0,0
-29.769855,-21.997517,-100.000015,0,0
-30.769855,-21.997517,-100.000015,0,0
-31.769855,-21.997517,-100.000015,0,0
-32.769855,-21.997517,-100.000015,0,0
-33.769855,-21.997517,-100.000015,0,0
-34.769855,-21.997517,-100.000015,0,0
-35.769855,-21.997517,-100.000015,0,0
-36.769855,-21.997517,-100.000015,0,0
-37.769855,-21.997517,-100.000015,0,0
-38.769855,-21.997517,-100.000015,0,0
-39.769855,-21.997517,-100.000015,0,0
-40.769855,-21.997517,-100.000015,0,0
-41.769855,-21.997517,-100.000015,0,0
-42.769855,-21.997517,-100.000015,0,0
-43.769855,-21.997517,-100.000015,0,0
-44.769855,-21.997517,-100.000015,0,0
-45.769855,-21.997517,-100.000015,0,0
-46.769855,-21.997517,-100.000015,0,0
-47.769855,-21.997517,-100.000015,0,0
-48.769855,-21.997517,-100.000015,0,0
-49.769855,-21.997517,-100.000015,0,0
49.230145,-22.997517,-100.000015,0,0
48.230145,-22.997517,-100.000015,0,0
47.230145,-22.997517,-100.000015,0,0
46.230145,-22.997517,-100.000015,0,0
45.230145,-22.997517,-100.000015,0,0
44.230145,-22.997517,-100.000015,0,0
43.230145,-22.997517,-100.000015,0,0
42.230145,-22.997517,-100.000015,0,0
41.230145,-22.997517,-100.000015,0,0
40.230145,-22.997517,-100.000015,0,0
39.230145,-22.997517,-100.000015,0,0
38.230145,-22.997517,-100.000015,0,0
37.230145,-22.997517,-100.000015,0,0
36.230145,-22.997517,-100.000015,0,0
35.230145,-22.997517,-100.000015,0,0
34.230145,-22.997517,-100.000015,0,0
33.230145,-22.997517,-100.000015,0,0
32.230145,-22.997517,-100.000015,0,0
31.230145,-22.997517,-100.000015,0,0
30.230145,-22.997517,-100.000015,0,0
29.230145,-22.997517,-100.000015,0,0
28.230145,-22.997517,-100.000015,0,0
27.230145,-22.997517,-100.000015,0,0
26.230145,-22.997517,-100.000015,0,0
25.230145,-22.997517,-100.000015,0,0
24.230145,-22.997517,-100.000015,0,0
23.230145,-22.997517,-100.000015,0,0
22.230145,-22.997517,-100.000015,0,0
21.230145,-22.997517,-100.000015,0,0
20.230145,-22.997517,-100.000015,0,0
19.230145,-22.997517,-100.000015,0,0
18.230145,-22.997517,-100.000015,0,0
17.230145,-22.997517,-100.000015,0,0
16.230145,-22.997517,-100.000015,0,0
15.2301445,-22.997517,-100.000015,0,0
14.2301445,-22.997517,-100.000015,0,0
13.2301445,-22.997517,-100.000015,0,0
12.2301445,-22.997517,-100.000015,0,0
11.2301445,-22.997517,-100.000015,0,0
10.2301445,-22.997517,-100.000015,0,0
9.2301445,-22.997517,-100.000015,0,0
8.2301445,-22.997517,-100.000015,0,0
7.2301445,-22.997517,-100.000015,0,0
6.2301445,-22.997517,-100.000015,0,0
5.2301445,-22.997517,-100.000015,0,0
4.2301445,-22.997517,-100.000015,0,0
3.2301445,-22.997517,-100.000015,0,0
2.2301445,-22.997517,-100.000015,0,0
1.2301445,-22.997517,-100.000015,0,0
0.2301445,-22.997517,-100.000015,0,0
-0.7698555,-22.997517,-100.000015,0,0
-1.7698555,-22.997517,-100.000015,0,0
-2.7698555,-22.997517,-100.000015,0,0
-3.7698555,-22.997517,-100.000015,0,0
-4.7698555,-22.997517,-100.000015,0,0
-5.7698555,-22.997517,-100.000015,0,0
-6.7698555,-22.997517,-100.000015,0,0
-7.7698555,-22.997517,-100.000015,0,0
-8.7698555,-22.997517,-100.000015,0,0
-9.7698555,-22.997517,-100.000015,0,0
-10.7698555,-22.997517,-100.000015,0,0
-11.7698555,-22.997517,-100.000015,0,0
-12.7698555,-22.997517,-100.000015,0,0
-13.7698555,-22.997517,-100.000015,0,0
-14.7698555,-22.997517,-100.000015,0,0
-15.7698555,-22.997517,-100.000015,0,0
-16.769855,-22.997517,-100.000015,0,0
-17.769855,-22.997517,-100.000015,0,0
-18.769855,-22.997517,-100.000015,0,0
-19.769855,-22.997517,-100.000015,0,0
-20.769855,-22.997517,-100.000015,0,0
-21.769855,-22.997517,-100.000015,0,0
-22.769855,-22.997517,-100.000015,0,0
-23.769855,-22.997517,-100.000015,0,0
-24.769855,-22.997517,-100.000015,0,0
-25.769855,-22.997517,-100.000015,0,0
-26.769855,-22.997517,-100.000015,0,0
-27.769855,-22.997517,-100.000015,0,0
-28.769855,-22.997517,-100.000015,0,0
-29.769855,-22.997517,-100.000015,0,0
-30.769855,-22.997517,-100.000015,0,0
-31.769855,-22.997517,-100.000015,0,0
-32.769855,-22.997517,-100.000015,0,0
-33.769855,-22.997517,-100.000015,0,0
-34.769855,-22.997517,-100.000015,0,0
-35.769855,-22.997517,-100.000015,0,0
-36.769855,-22.997517,-100.000015,0,0
-37.769855,-22.997517,-100.000015,0,0
-38.769855,-22.997517,-100.000015,0,0
-39.769855,-22.997517,-100.000015,0,0
-40.769855,-22.997517,-100.000015,0,0
-41.769855,-22.997517,-100.000015,0,0
-42.769855,-22.997517,-100.000015,0,0
-43.769855,-22.997517,-100.000015,0,0
-44.769855,-22.997517,-100.000015,0,0
-45.769855,-22.997517,-100.000015,0,0
-46.769855,-22.997517,-100.000015,0,0
-47.769855,-22.997517,-100.000015,0,0
-48.769855,-22.997517,-100.000015,0,0
-49.769855,-22.997517,-100.000015,0,0
49.230145,-23.997517,-100.000015,0,0
48.230145,-23.997517,-100.000015,0,0
47.230145,-23.997517,-100.000015,0,0
46.230145,-23.997517,-100.000015,0,0
45.230145,-23.997517,-100.000015,0,0
44.230145,-23.997517,-100.000015,0,0
43.230145,-23.997517,-100.000015,0,0
42.230145,-23.997517,-100.000015,0,0
41.230145,-23.997517,-100.000015,0,0
40.230145,-23.997517,-100.000015,0,0
39.230145,-23.997517,-100.000015,0,0
38.230145,-23.997517,-100.000015,0,0
37.230145,-23.997517,-100.000015,0,0
36.230145,-23.997517,-100.000015,0,0
35.230145,-23.997517,-100.000015,0,0
34.230145,-23.997517,-100.000015,0,0
33.230145,-23.997517,-100.000015,0,0
32.230145,-23.997517,-100.000015,0,0
31.230145,-23.997517,-100.000015,0,0
30.230145,-23.997517,-100.000015,0,0
29.230145,-23.997517,-100.000015,0,0
28.230145,-23.997517,-100.000015,0,0
27.230145,-23.997517,-100.000015,0,0
26.230145,-23.997517,-100.000015,0,0
25.230145,-23.997517,-100.000015,0,0
24.230145,-23.997517,-100.000015,0,0
23.230145,-23.997517,-100.000015,0,0
22.230145,-23.997517,-100.000015,0,0
21.230145,-23.997517,-100.000015,0,0
20.230145,-23.997517,-100.000015,0,0
19.230145,-23.997517,-100.000015,0,0
18.230145,-23.997517,-100.000015,0,0
17.230145,-23.997517,-100.000015,0,0
16.230145,-23.997517,-100.000015,0,0
15.2301445,-23.997517,-100.000015,0,0
14.2301445,-23.997517,-100.000015,0,0
13.2301445,-23.997517,-100.000015,0,0
12.2301445,-23.997517,-100.000015,0,0
11.2301445,-23.997517,-100.000015,0,0
10.2301445,-23.997517,-100.000015,0,0
9.2301445,-23.997517,-100.000015,0,0
8.2301445,-23.997517,-100.000015,0,0
7.2301445,-23.997517,-100.000015,0,0
6.2301445,-23.997517,-100.000015,0,0
5.2301445,-23.997517,-100.000015,0,0
4.2301445,-23.997517,-100.000015,0,0
3.2301445,-23.997517,-100.000015,0,0
2.2301445,-23.997517,-100.000015,0,0
1.2301445,-23.997517,-100.000015,0,0
0.2301445,-23.997517,-100.000015,0,0
-0.7698555,-23.997517,-100.000015,0,0
-1.7698555,-23.997517,-100.000015,0,0
-2.7698555,-23.997517,-100.000015,0,0
-3.7698555,-23.997517,-100.000015,0,0
-4.7698555,-23.997517,-100.000015,0,0
-5.7698555,-23.997517,-100.000015,0,0
-6.7698555,-23.997517,-100.000015,0,0
-7.7698555,-23.997517,-100.000015,0,0
-8.7698555,-23.997517,-100.000015,0,0
-9.7698555,-23.997517,-100.000015,0,0
-10.7698555,-23.997517,-100.000015,0,0
-11.7698555,-23.997517,-100.000015,0,0
-12.7698555,-23.997517,-100.000015,0,0
-13.7698555,-23.997517,-100.000015,0,0
-14.7698555,-23.997517,-100.000015,0,0
-15.7698555,-23.997517,-100.000015,0,0
-16.769855,-23.997517,-100.000015,0,0
-17.769855,-23.997517,-100.000015,0,0
-18.769855,-23.997517,-100.000015,0,0
-19.769855,-23.997517,-100.000015,0,0
-20.769855,-23.997517,-100.000015,0,0
-21.769855,-23.997517,-100.000015,0,0
-22.769855,-23.997517,-100.000015,0,0
-23.769855,-23.997517,-100.000015,0,0
-24.769855,-23.997517,-100.000015,0,0
-25.769855,-23.997517,-100.000015,0,0
-26.769855,-23.997517,-100.000015,0,0
-27.769855,-23.997517,-100.000015,0,0
-28.769855,-23.997517,-100.000015,0,0
-29.769855,-23.997517,-100.000015,0,0
-30.769855,-23.997517,-100.000015,0,0
-31.769855,-23.997517,-100.000015,0,0
-32.769855,-23.997517,-100.000015,0,0
-33.769855,-23.997517,-100.000015,0,0
-34.769855,-23.997517,-100.000015,0,0
-35.769855,-23.997517,-100.000015,0,0
-36.769855,-23.997517,-100.000015,0,0
-37.769855,-23.997517,-100.000015,0,0
-38.769855,-23.997517,-100.000015,0,0
-39.769855,-23.997517,-100.000015,0,0
-40.769855,-23.997517,-100.000015,0,0
-41.769855,-23.997517,-100.000015,0,0
-42.769855,-23.997517,-100.000015,0,0
-43.769855,-23.997517,-100.000015,0,0
-44.769855,-23.997517,-100.000015,0,0
-45.769855,-23.997517,-100.000015,0,0
-46.769855,-23.997517,-100.000015,0,0
-47.769855,-23.997517,-100.000015,0,0
-48.769855,-23.997517,-100.000015,0,0
-49.769855,-23.997517,-100.000015,0,0
49.230145,-24.997517,-100.000015,0,0
48.230145,-24.997517,-100.000015,0,0
47.230145,-24.997517,-100.000015,0,0
46.230145,-24.997517,-100.000015,0,0
45.230145,-24.997517,-100.000015,0,0
44.230145,-24.997517,-100.000015,0,0
43.230145,-24.997517,-100.000015,0,0
42.230145,-24.997517,-100.000015,0,0
41.230145,-24.997517,-100.000015,0,0
40.230145,-24.997517,-100.000015,0,0
39.230145,-24.997517,-100.000015,0,0
38.230145,-24.997517,-100.000015,0,0
37.230145,-24.997517,-100.000015,0,0
36.230145,-24.997517,-100.000015,0,0
35.230145,-24.997517,-100.000015,0,0
34.230145,-24.997517,-100.000015,0,0
33.230145,-24.997517,-100.000015,0,0
32.230145,-24.997517,-100.000015,0,0
31.230145,-24.997517,-100.000015,0,0
30.230145,-24.997517,-100.000015,0,0
29.230145,-24.997517,-100.000015,0,0
28.230145,-24.997517,-100.000015,0,0
27.230145,-24.997517,-100.000015,0,0
26.230145,-24.997517,-100.000015,0,0
25.230145,-24.997517,-100.000015,0,0
24.230145,-24.997517,-100.000015,0,0
23.230145,-24.997517,-100.000015,0,0
22.230145,-24.997517,-100.000015,0,0
21.230145,-24.997517,-100.000015,0,0
20.230145,-24.997517,-100.000015,0,0
19.230145,-24.997517,-100.000015,0,0
18.230145,-24.997517,-100.000015,0,0
17.230145,-24.997517,-100.000015,0,0
16.230145,-24.997517,-100.000015,0,0
15.2301445,-24.997517,-100.000015,0,0
14.2301445,-24.997517,-100.000015,0,0
13.2301445,-24.997517,-100.000015,0,0
12.2301445,-24.997517,-100.000015,0,0
11.2301445,-24.997517,-100.000015,0,0
10.2301445,-24.997517,-100.000015,0,0
9.2301445,-24.997517,-100.000015,0,0
8.2301445,-24.997517,-100.000015,0,0
7.2301445,-24.997517,-100.000015,0,0
6.2301445,-24.997517,-100.000015,0,0
5.2301445,-24.997517,-100.000015,0,0
4.2301445,-24.997517,-100.000015,0,0
3.2301445,-24.997517,-100.000015,0,0
2.2301445,-24.997517,-100.000015,0,0
1.2301445,-24.997517,-100.000015,0,0
0.2301445,-24.997517,-100.000015,0,0
-0.7698555,-24.997517,-100.000015,0,0
-1.7698555,-24.997517,-100.000015,0,0
-2.7698555,-24.997517,-100.000015,0,0
-3.7698555,-24.997517,-100.000015,0,0
-4.7698555,-24.997517,-100.000015,0,0
-5.7698555,-24.997517,-100.000015,0,0
-6.7698555,-24.997517,-100.000015,0,0
-7.7698555,-24.997517,-100.000015,0,0
-8.7698555,-24.997517,-100.000015,0,0
-9.7698555,-24.997517,-100.000015,0,0
-10.7698555,-24.997517,-100.000015,0,0
-11.7698555,-24.997517,-100.000015,0,0
-12.7698555,-24.997517,-100.000015,0,0
-13.7698555,-24.997517,-100.000015,0,0
-14.7698555,-24.997517,-100.000015,0,0
-15.7698555,-24.997517,-100.000015,0,0
-16.769855,-24.997517,-100.000015,0,0
-17.769855,-24.997517,-100.000015,0,0
-18.769855,-24.997517,-100.000015,0,0
-19.769855,-24.997517,-100.000015,0,0
-20.769855,-24.997517,-100.000015,0,0
-21.769855,-24.997517,-100.000015,0,0
-22.769855,-24.997517,-100.000015,0,0
-23.769855,-24.997517,-100.000015,0,0
-24.769855,-24.997517,-100.000015,0,0
-25.769855,-24.997517,-100.000015,0,0
-26.769855,-24.997517,-100.000015,0,0
-27.769855,-24.997517,-100.000015,0,0
-28.769855,-24.997517,-100.000015,0,0
-29.769855,-24.997517,-100.000015,0,0
-30.769855,-24.997517,-100.000015,0,0
-31.769855,-24.997517,-100.000015,0,0
-32.769855,-24.997517,-100.000015,0,0
-33.769855,-24.997517,-100.000015,0,0
-34.769855,-24.997517,-100.000015,0,0
-35.769855,-24.997517,-100.000015,0,0
-36.769855,-24.997517,-100.000015,0,0
-37.769855,-24.997517,-100.000015,0,0
-38.769855,-24.997517,-100.000015,0,0
-39.769855,-24.997517,-100.000015,0,0
-40.769855,-24.997517,-100.000015,0,0
-41.769855,-24.997517,-100.000015,0,0
-42.769855,-24.997517,-100.000015,0,0
-43.769855,-24.997517,-100.000015,0,0
-44.769855,-24.997517,-100.000015,0,0
-45.769855,-24.997517,-100.000015,0,0
-46.769855,-24.997517,-100.000015,0,0
-47.769855,-24.997517,-100.000015,0,0
-48.769855,-24.997517,-100.000015,0,0
-49.769855,-24.997517,-100.000015,0,0
49.230145,-25.997517,-100.000015,0,0
48.230145,-25.997517,-100.000015,0,0
47.230145,-25.997517,-100.000015,0,0
46.230145,-25.997517,-100.000015,0,0
45.230145,-25.997517,-100.000015,0,0
44.230145,-25.997517,-100.000015,0,0
43.230145,-25.997517,-100.000015,0,0
42.230145,-25.997517,-100.000015,0,0
41.230145,-25.997517,-100.000015,0,0
40.230145,-25.997517,-100.000015,0,0
39.230145,-25.997517,-100.000015,0,0
38.230145,-25.997517,-100.000015,0,0
37.230145,-25.997517,-100.000015,0,0
36.230145,-25.997517,-100.000015,0,0
35.230145,-25.997517,-100.000015,0,0
34.230145,-25.997517,-100.000015,0,0
33.230145,-25.997517,-100.000015,0,0
32.230145,-25.997517,-100.000015,0,0
31.230145,-25.997517,-100.000015,0,0
30.230145,-25.997517,-100.000015,0,0
29.230145,-25.997517,-100.000015,0,0
28.230145,-25.997517,-100.000015,0,0
27.230145,-25.997517,-100.000015,0,0
26.230145,-25.997517,-100.000015,0,0
25.230145,-25.997517,-100.000015,0,0
24.230145,-25.997517,-100.000015,0,0
23.230145,-25.997517,-100.000015,0,0
22.230145,-25.997517,-100.000015,0,0
21.230145,-25.997517,-100.000015,0,0
20.230145,-25.997517,-100.000015,0,0
19.230145,-25.997517,-100.000015,0,0
18.230145,-25.997517,-100.000015,0,0
17.230145,-25.997517,-100.000015,0,0
16.230145,-25.997517,-100.000015,0,0
15.2301445,-25.997517,-100.000015,0,0
14.2301445,-25.997517,-100.000015,0,0
13.2301445,-25.997517,-100.000015,0,0
12.2301445,-25.997517,-100.000015,0,0
11.2301445,-25.997517,-100.000015,0,0
10.2301445,-25.997517,-100.000015,0,0
9.2301445,-25.997517,-100.000015,0,0
8.2301445,-25.997517,-100.000015,0,0
7.2301445,-25.997517,-100.000015,0,0
6.2301445,-25.997517,-100.000015,0,0
5.2301445,-25.997517,-100.000015,0,0
4.2301445,-25.997517,-100.000015,0,0
3.2301445,-25.997517,-100.000015,0,0
2.2301445,-25.997517,-100.000015,0,0
1.2301445,-25.997517,-100.000015,0,0
0.2301445,-25.997517,-100.000015,0,0
-0.7698555,-25.997517,-100.000015,0,0
-1.7698555,-25.997517,-100.000015,0,0
-2.7698555,-25.997517,-100.000015,0,0
-3.7698555,-25.997517,-100.000015,0,0
-4.7698555,-25.997517,-100.000015,0,0
-5.7698555,-25.997517,-100.000015,0,0
-6.7698555,-25.997517,-100.000015,0,0
-7.7698555,-25.997517,-100.000015,0,0
-8.7698555,-25.997517,-100.000015,0,0
-9.7698555,-25.997517,-100.000015,0,0
-10.7698555,-25.997517,-100.000015,0,0
-11.7698555,-25.997517,-100.000015,0,0
-12.7698555,-25.997517,-100.000015,0,0
-13.7698555,-25.997517,-100.000015,0,0
-14.7698555,-25.997517,-100.000015,0,0
-15.7698555,-25.997517,-100.000015,0,0
-16.769855,-25.997517,-100.000015,0,0
-17.769855,-25.997517,-100.000015,0,0
-18.769855,-25.997517,-100.000015,0,0
-19.769855,-25.997517,-100.000015,0,0
-20.769855,-25.997517,-100.000015,0,0
-21.769855,-25.997517,-100.000015,0,0
-22.769855,-25.997517,-100.000015,0,0
-23.769855,-25.997517,-100.000015,0,0
-24.769855,-25.997517,-100.000015,0,0
-25.769855,-25.997517,-100.000015,0,0
-26.769855,-25.997517,-100.000015,0,0
-27.769855,-25.997517,-100.000015,0,0
-28.769855,-25.997517,-100.000015,0,0
-29.769855,-25.997517,-100.000015,0,0
-30.769855,-25.997517,-100.000015,0,0
-31.769855,-25.997517,-100.000015,0,0
-32.769855,-25.997517,-100.000015,0,0
-33.769855,-25.997517,-100.000015,0,0
-34.769855,-25.997517,-100.000015,0,0
-35.769855,-25.997517,-100.000015,0,0
-36.769855,-25.997517,-100.000015,0,0
-37.769855,-25.997517,-100.000015,0,0
-38.769855,-25.997517,-100.000015,0,0
-39.769855,-25.997517,-100.000015,0,0
-40.769855,-25.997517,-100.000015,0,0
-41.769855,-25.997517,-100.000015,0,0
-42.769855,-25.997517,-100.000015,0,0
-43.769855,-25.997517,-100.000015,0,0
-44.769855,-25.997517,-100.000015,0,0
-45.769855,-25.997517,-100.000015,0,0
-46.769855,-25.997517,-100.000015,0,0
-47.769855,-25.997517,-100.000015,0,0
-48.769855,-25.997517,-100.000015,0,0
-49.769855,-25.997517,-100.000015,0,0
49.230145,-26.997517,-100.000015,0,0
48.230145,-26.997517,-100.000015,0,0
47.230145,-26.997517,-100.000015,0,0
46.230145,-26.997517,-100.000015,0,0
45.230145,-26.997517,-100.000015,0,0
44.230145,-26.997517,-100.000015,0,0
43.230145,-26.997517,-100.000015,0,0
42.230145,-26.997517,-100.000015,0,0
41.230145,-26.997517,-100.000015,0,0
40.230145,-26.997517,-100.000015,0,0
39.230145,-26.997517,-100.000015,0,0
38.230145,-26.997517,-100.000015,0,0
37.230145,-26.997517,-100.000015,0,0
36.230145,-26.997517,-100.000015,0,0
35.230145,-26.997517,-100.000015,0,0
34.230145,-26.997517,-100.000015,0,0
33.230145,-26.997517,-100.000015,0,0
32.230145,-26.997517,-100.000015,0,0
31.230145,-26.997517,-100.000015,0,0
30.230145,-26.997517,-100.000015,0,0
29.230145,-26.997517,-100.000015,0,0
28.230145,-26.997517,-100.000015,0,0
27.230145,-26.997517,-100.000015,0,0
26.230145,-26.997517,-100.000015,0,0
25.230145,-26.997517,-100.000015,0,0
24.230145,-26.997517,-100.000015,0,0
23.230145,-26.997517,-100.000015,0,0
22.230145,-26.997517,-100.000015,0,0
21.230145,-26.997517,-100.000015,0,0
20.230145,-26.997517,-100.000015,0,0
19.230145,-26.997517,-100.000015,0,0
18.230145,-26.997517,-100.000015,0,0
17.230145,-26.997517,-100.000015,0,0
16.230145,-26.997517,-100.000015,0,0
15.2301445,-26.997517,-100.000015,0,0
14.2301445,-26.997517,-100.000015,0,0
13.2301445,-26.997517,-100.000015,0,0
12.2301445,-26.997517,-100.000015,0,0
11.2301445,-26.997517,-100.000015,0,0
10.2301445,-26.997517,-100.000015,0,0
9.2301445,-26.997517,-100.000015,0,0
8.2301445,-26.997517,-100.000015,0,0
7.2301445,-26.997517,-100.000015,0,0
6.2301445,-26.997517,-100.000015,0,0
5.2301445,-26.997517,-100.000015,0,0
4.2301445,-26.997517,-100.000015,0,0
3.2301445,-26.997517,-100.000015,0,0
2.2301445,-26.997517,-100.000015,0,0
1.2301445,-26.997517,-100.000015,0,0
0.2301445,-26.997517,-100.000015,0,0
-0.7698555,-26.997517,-100.000015,0,0
-1.7698555,-26.997517,-100.000015,0,0
-2.7698555,-26.997517,-100.000015,0,0
-3.7698555,-26.997517,-100.000015,0,0
-4.7698555,-26.997517,-100.000015,0,0
-5.7698555,-26.997517,-100.000015,0,0
-6.7698555,-26.997517,-100.000015,0,0
-7.7698555,-26.997517,-100.000015,0,0
-8.7698555,-26.997517,-100.000015,0,0
-9.7698555,-26.997517,-100.000015,0,0
-10.7698555,-26.997517,-100.000015,0,0
-11.7698555,-26.997517,-100.000015,0,0
-12.7698555,-26.997517,-100.000015,0,0
-13.7698555,-26.997517,-100.000015,0,0
-14.7698555,-26.997517,-100.000015,0,0
-15.7698555,-26.997517,-100.000015,0,0
-16.769855,-26.997517,-100.000015,0,0
-17.769855,-26.997517,-100.000015,0,0
-18.769855,-26.997517,-100.000015,0,0
-19.769855,-26.997517,-100.000015,0,0
-20.769855,-26.997517,-100.000015,0,0
-21.769855,-26.997517,-100.000015,0,0
-22.769855,-26.997517,-100.000015,0,0
-23.769855,-26.997517,-100.000015,0,0
-24.769855,-26.997517,-100.000015,0,0
-25.769855,-26.997517,-100.000015,0,0
-26.769855,-26.997517,-100.000015,0,0
-27.769855,-26.997517,-100.000015,0,0
-28.769855,-26.997517,-100.000015,0,0
-29.769855,-26.997517,-100.000015,0,0
-30.769855,-26.997517,-100.000015,0,0
-31.769855,-26.997517,-100.000015,0,0
-32.769855,-26.997517,-100.000015,0,0
-33.769855,-26.997517,-100.000015,0,0
-34.769855,-26.997517,-100.000015,0,0
-35.769855,-26.997517,-100.000015,0,0
-36.769855,-26.997517,-100.000015,0,0
-37.769855,-26.997517,-100.000015,0,0
-38.769855,-26.997517,-100.000015,0,0
-39.769855,-26.997517,-100.000015,0,0
-40.769855,-26.997517,-100.000015,0,0
-41.769855,-26.997517,-100.000015,0,0
-42.769855,-26.997517,-100.000015,0,0
-43.769855,-26.997517,-100.000015,0,0
-44.769855,-26.997517,-100.000015,0,0
-45.769855,-26.997517,-100.000015,0,0
-46.769855,-26.997517,-100.000015,0,0
-47.769855,-26.997517,-100.000015,0,0
-48.769855,-26.997517,-100.000015,0,0
-49.769855,-26.997517,-100.000015,0,0
49.230145,-27.997517,-100.000015,0,0
48.230145,-27.997517,-100.000015,0,0
47.230145,-27.997517,-100.000015,0,0
46.230145,-27.997517,-100.000015,0,0
45.230145,-27.997517,-100.000015,0,0
44.230145,-27.997517,-100.000015,0,0
43.230145,-27.997517,-100.000015,0,0
42.230145,-27.997517,-100.000015,0,0
41.230145,-27.997517,-100.000015,0,0
40.230145,-27.997517,-100.000015,0,0
39.230145,-27.997517,-100.000015,0,0
38.230145,-27.997517,-100.000015,0,0
37.230145,-27.997517,-100.000015,0,0
36.230145,-27.997517,-100.000015,0,0
35.230145,-27.997517,-100.000015,0,0
34.230145,-27.997517,-100.000015,0,0
33.230145,-27.997517,-100.000015,0,0
32.230145,-27.997517,-100.000015,0,0
31.230145,-27.997517,-100.000015,0,0
30.230145,-27.997517,-100.000015,0,0
29.230145,-27.997517,-100.000015,0,0
28.230145,-27.997517,-100.000015,0,0
27.230145,-27.997517,-100.000015,0,0
26.230145,-27.997517,-100.000015,0,0
25.230145,-27.997517,-100.000015,0,0
24.230145,-27.997517,-100.000015,0,0
23.230145,-27.997517,-100.000015,0,0
22.230145,-27.997517,-100.000015,0,0
21.230145,-27.997517,-100.000015,0,0
20.230145,-27.997517,-100.000015,0,0
19.230145,-27.997517,-100.000015,0,0
18.230145,-27.997517,-100.000015,0,0
17.230145,-27.997517,-100.000015,0,0
16.230145,-27.997517,-100.000015,0,0
15.2301445,-27.997517,-100.000015,0,0
14.2301445,-27.997517,-100.000015,0,0
13.2301445,-27.997517,-100.000015,0,0
12.2301445,-27.997517,-100.000015,0,0
11.2301445,-27.997517,-100.000015,0,0
10.2301445,-27.997517,-100.000015,0,0
9.2301445,-27.997517,-100.000015,0,0
8.2301445,-27.997517,-100.000015,0,0
7.2301445,-27.997517,-100.000015,0,0
6.2301445,-27.997517,-100.000015,0,0
5.2301445,-27.997517,-100.000015,0,0
4.2301445,-27.997517,-100.000015,0,0
3.2301445,-27.997517,-100.000015,0,0
2.2301445,-27.997517,-100.000015,0,0
1.2301445,-27.997517,-100.000015,0,0
0.2301445,-27.997517,-100.000015,0,0
-0.7698555,-27.997517,-100.000015,0,0
-1.7698555,-27.997517,-100.000015,0,0
-2.7698555,-27.997517,-100.000015,0,0
-3.7698555,-27.997517,-100.000015,0,0
-4.7698555,-27.997517,-100.000015,0,0
-5.7698555,-27.997517,-100.000015,0,0
-6.7698555,-27.997517,-100.000015,0,0
-7.7698555,-27.997517,-100.000015,0,0
-8.7698555,-27.997517,-100.000015,0,0
-9.7698555,-27.997517,-100.000015,0,0
-10.7698555,-27.997517,-100.000015,0,0
-11.7698555,-27.997517,-100.000015,0,0
-12.7698555,-27.997517,-100.000015,0,0
-13.7698555,-27.997517,-100.000015,0,0
-14.7698555,-27.997517,-100.000015,0,0
-15.7698555,-27.997517,-100.000015,0,0
-16.769855,-27.997517,-100.000015,0,0
-17.769855,-27.997517,-100.000015,0,0
-18.769855,-27.997517,-100.000015,0,0
-19.769855,-27.997517,-100.000015,0,0
-20.769855,-27.997517,-100.000015,0,0
-21.769855,-27.997517,-100.000015,0,0
-22.769855,-27.997517,-100.000015,0,0
-23.769855,-27.997517,-100.000015,0,0
-24.769855,-27.997517,-100.000015,0,0
-25.769855,-27.997517,-100.000015,0,0
-26.769855,-27.997517,-100.000015,0,0
-27.769855,-27.997517,-100.000015,0,0
-28.769855,-27.997517,-100.000015,0,0
-29.769855,-27.997517,-100.000015,0,0
-30.769855,-27.997517,-100.000015,0,0
-31.769855,-27.997517,-100.000015,0,0
-32.769855,-27.997517,-100.000015,0,0
-33.769855,-27.997517,-100.000015,0,0
-34.769855,-27.997517,-100.000015,0,0
-35.769855,-27.997517,-100.000015,0,0
-36.769855,-27.997517,-100.000015,0,0
-37.769855,-27.997517,-100.000015,0,0
-38.769855,-27.997517,-100.000015,0,0
-39.769855,-27.997517,-100.000015,0,0
-40.769855,-27.997517,-100.000015,0,0
-41.769855,-27.997517,-100.000015,0,0
-42.769855,-27.997517,-100.000015,0,0
-43.769855,-27.997517,-100.000015,0,0
-44.769855,-27.997517,-100.000015,0,0
-45.769855,-27.997517,-100.000015,0,0
-46.769855,-27.997517,-100.000015,0,0
-47.769855,-27.997517,-100.000015,0,0
-48.769855,-27.997517,-100.000015,0,0
-49.769855,-27.997517,-100.000015,0,0
49.230145,-28.997517,-100.000015,0,0
48.230145,-28.997517,-100.000015,0,0
47.230145,-28.997517,-100.000015,0,0
46.230145,-28.997517,-100.000015,0,0
45.230145,-28.997517,-100.000015,0,0
44.230145,-28.997517,-100.000015,0,0
43.230145,-28.997517,-100.000015,0,0
42.230145,-28.997517,-100.000015,0,0
41.230145,-28.997517,-100.000015,0,0
40.230145,-28.997517,-100.000015,0,0
39.230145,-28.997517,-100.000015,0,0
38.230145,-28.997517,-100.000015,0,0
37.230145,-28.997517,-100.000015,0,0
36.230145,-28.997517,-100.000015,0,0
35.230145,-28.997517,-100.000015,0,0
34.230145,-28.997517,-100.000015,0,0
33.230145,-28.997517,-100.000015,0,0
32.230145,-28.997517,-100.000015,0,0
31.230145,-28.997517,-100.000015,0,0
30.230145,-28.997517,-100.000015,0,0
29.230145,-28.997517,-100.000015,0,0
28.230145,-28.997517,-100.000015,0,0
27.230145,-28.997517,-100.000015,0,0
26.230145,-28.997517,-100.000015,0,0
25.230145,-28.997517,-100.000015,0,0
24.230145,-28.997517,-100.000015,0,0
23.230145,-28.997517,-100.000015,0,0
22.230145,-28.997517,-100.000015,0,0
21.230145,-28.997517,-100.000015,0,0
20.230145,-28.997517,-100.000015,0,0
19.230145,-28.997517,-100.000015,0,0
18.230145,-28.997517,-100.000015,0,0
17.230145,-28.997517,-100.000015,0,0
16.230145,-28.997517,-100.000015,0,0
15.2301445,-28.997517,-100.000015,0,0
14.2301445,-28.997517,-100.000015,0,0
13.2301445,-28.997517,-100.000015,0,0
12.2301445,-28.997517,-100.000015,0,0
11.2301445,-28.997517,-100.000015,0,0
10.2301445,-28.997517,-100.000015,0,0
9.2301445,-28.997517,-100.000015,0,0
8.2301445,-28.997517,-100.000015,0,0
7.2301445,-28.997517,-100.000015,0,0
6.2301445,-28.997517,-100.000015,0,0
5.2301445,-28.997517,-100.000015,0,0
4.2301445,-28.997517,-100.000015,0,0
3.2301445,-28.997517,-100.000015,0,0
2.2301445,-28.997517,-100.000015,0,0
1.2301445,-28.997517,-100.000015,0,0
0.2301445,-28.997517,-100.000015,0,0
-0.7698555,-28.997517,-100.000015,0,0
-1.7698555,-28.997517,-100.000015,0,0
-2.7698555,-28.997517,-100.000015,0,0
-3.7698555,-28.997517,-100.000015,0,0
-4.7698555,-28.997517,-100.000015,0,0
-5.7698555,-28.997517,-100.000015,0,0
-6.7698555,-28.997517,-100.000015,0,0
-7.7698555,-28.997517,-100.000015,0,0
-8.7698555,-28.997517,-100.000015,0,0
-9.7698555,-28.997517,-100.000015,0,0
-10.7698555,-28.997517,-100.000015,0,0
-11.7698555,-28.997517,-100.000015,0,0
-12.7698555,-28.997517,-100.000015,0,0
-13.7698555,-28.997517,-100.000015,0,0
-14.7698555,-28.997517,-100.000015,0,0
-15.7698555,-28.997517,-100.000015,0,0
-16.769855,-28.997517,-100.000015,0,0
-17.769855,-28.997517,-100.000015,0,0
-18.769855,-28.997517,-100.000015,0,0
-19.769855,-28.997517,-100.000015,0,0
-20.769855,-28.997517,-100.000015,0,0
-21.769855,-28.997517,-100.000015,0,0
-22.769855,-28.997517,-100.000015,0,0
-23.769855,-28.997517,-100.000015,0,0
-24.769855,-28.997517,-100.000015,0,0
-25.769855,-28.997517,-100.000015,0,0
-26.769855,-28.997517,-100.000015,0,0
-27.769855,-28.997517,-100.000015,0,0
-28.769855,-28.997517,-100.000015,0,0
-29.769855,-28.997517,-100.000015,0,0
-30.769855,-28.997517,-100.000015,0,0
-31.769855,-28.997517,-100.000015,0,0
-32.769855,-28.997517,-100.000015,0,0
-33.769855,-28.997517,-100.000015,0,0
-34.769855,-28.997517,-100.000015,0,0
-35.769855,-28.997517,-100.000015,0,0
-36.769855,-28.997517,-100.000015,0,0
-37.769855,-28.997517,-100.000015,0,0
-38.769855,-28.997517,-100.000015,0,0
-39.769855,-28.997517,-100.000015,0,0
-40.769855,-28.997517,-100.000015,0,0
-41.769855,-28.997517,-100.000015,0,0
-42.769855,-28.997517,-100.000015,0,0
-43.769855,-28.997517,-100.000015,0,0
-44.769855,-28.997517,-100.000015,0,0
-45.769855,-28.997517,-100.000015,0,0
-46.769855,-28.997517,-100.000015,0,0
-47.769855,-28.997517,-100.000015,0,0
-48.769855,-28.997517,-100.000015,0,0
-49.769855,-28.997517,-100.000015,0,0
49.230145,-29.997517,-100.000015,0,0
48.230145,-29.997517,-100.000015,0,0
47.230145,-29.997517,-100.000015,0,0
46.230145,-29.997517,-100.000015,0,0
45.230145,-29.997517,-100.000015,0,0
44.230145,-29.997517,-100.000015,0,0
43.230145,-29.997517,-100.000015,0,0
42.230145,-29.997517,-100.000015,0,0
41.230145,-29.997517,-100.000015,0,0
40.230145,-29.997517,-100.000015,0,0
39.230145,-29.997517,-100.000015,0,0
38.230145,-29.997517,-100.000015,0,0
37.230145,-29.997517,-100.000015,0,0
36.230145,-29.997517,-100.000015,0,0
35.230145,-29.997517,-100.000015,0,0
34.230145,-29.997517,-100.000015,0,0
33.230145,-29.997517,-100.000015,0,0
32.230145,-29.997517,-100.000015,0,0
31.230145,-29.997517,-100.000015,0,0
30.230145,-29.997517,-100.000015,0,0
29.230145,-29.997517,-100.000015,0,0
28.230145,-29.997517,-100.000015,0,0
27.230145,-29.997517,-100.000015,0,0
26.230145,-29.997517,-100.000015,0,0
25.230145,-29.997517,-100.000015,0,0
24.230145,-29.997517,-100.000015,0,0
23.230145,-29.997517,-100.000015,0,0
22.230145,-29.997517,-100.000015,0,0
21.230145,-29.997517,-100.000015,0,0
20.230145,-29.997517,-100.000015,0,0
19.230145,-29.997517,-100.000015,0,0
18.230145,-29.997517,-100.000015,0,0
17.230145,-29.997517,-100.000015,0,0
16.230145,-29.997517,-100.000015,0,0
15.2301445,-29.997517,-100.000015,0,0
14.2301445,-29.997517,-100.000015,0,0
13.2301445,-29.997517,-100.000015,0,0
12.2301445,-29.997517,-100.000015,0,0
11.2301445,-29.997517,-100.000015,0,0
10.2301445,-29.997517,-100.000015,0,0
9.2301445,-29.997517,-100.000015,0,0
8.2301445,-29.997517,-100.000015,0,0
7.2301445,-29.997517,-100.000015,0,0
6.2301445,-29.997517,-100.000015,0,0
5.2301445,-29.997517,-100.000015,0,0
4.2301445,-29.997517,-100.000015,0,0
3.2301445,-29.997517,-100.000015,0,0
2.2301445,-29.997517,-100.000015,0,0
1.2301445,-29.997517,-100.000015,0,0
0.2301445,-29.997517,-100.000015,0,0
-0.7698555,-29.997517,-100.000015,0,0
-1.7698555,-29.997517,-100.000015,0,0
-2.7698555,-29.997517,-100.000015,0,0
-3.7698555,-29.997517,-100.000015,0,0
-4.7698555,-29.997517,-100.000015,0,0
-5.7698555,-29.997517,-100.000015,0,0
-6.7698555,-29.997517,-100.000015,0,0
-7.7698555,-29.997517,-100.000015,0,0
-8.7698555,-29.997517,-100.000015,0,0
-9.7698555,-29.997517,-100.000015,0,0
-10.7698555,-29.997517,-100.000015,0,0
-11.7698555,-29.997517,-100.000015,0,0
-12.7698555,-29.997517,-100.000015,0,0
-13.7698555,-29.997517,-100.000015,0,0
-14.7698555,-29.997517,-100.000015,0,0
-15.7698555,-29.997517,-100.000015,0,0
-16.769855,-29.997517,-100.000015,0,0
-17.769855,-29.997517,-100.000015,0,0
-18.769855,-29.997517,-100.000015,0,0
-19.769855,-29.997517,-100.000015,0,0
-20.769855,-29.997517,-100.000015,0,0
-21.769855,-29.997517,-100.000015,0,0
-22.769855,-29.997517,-100.000015,0,0
-23.769855,-29.997517,-100.000015,0,0
-24.769855,-29.997517,-100.000015,0,0
-25.769855,-29.997517,-100.000015,0,0
-26.769855,-29.997517,-100.000015,0,0
-27.769855,-29.997517,-100.000015,0,0
-28.769855,-29.997517,-100.000015,0,0
-29.769855,-29.997517,-100.000015,0,0
-30.769855,-29.997517,-100.000015,0,0
-31.769855,-29.997517,-100.000015,0,0
-32.769855,-29.997517,-100.000015,0,0
-33.769855,-29.997517,-100.000015,0,0
-34.769855,-29.997517,-100.000015,0,0
-35.769855,-29.997517,-100.000015,0,0
-36.769855,-29.997517,-100.000015,0,0
-37.769855,-29.997517,-100.000015,0,0
-38.769855,-29.997517,-100.000015,0,0
-39.769855,-29.997517,-100.000015,0,0
-40.769855,-29.997517,-100.000015,0,0
-41.769855,-29.997517,-100.000015,0,0
-42.769855,-29.997517,-100.000015,0,0
-43.769855,-29.997517,-100.000015,0,0
-44.769855,-29.997517,-100.000015,0,0
-45.769855,-29.997517,-100.000015,0,0
-46.769855,-29.997517,-100.000015,0,0
-47.769855,-29.997517,-100.000015,0,0
-48.769855,-29.997517,-100.000015,0,0
-49.769855,-29.997517,-100.000015,0,0
49.230145,-30.997517,-100.000015,0,0
48.230145,-30.997517,-100.000015,0,0
47.230145,-30.997517,-100.000015,0,0
46.230145,-30.997517,-100.000015,0,0
45.230145,-30.997517,-100.000015,0,0
44.230145,-30.997517,-100.000015,0,0
43.230145,-30.997517,-100.000015,0,0
42.230145,-30.997517,-100.000015,0,0
41.230145,-30.997517,-100.000015,0,0
40.230145,-30.997517,-100.000015,0,0
39.230145,-30.997517,-100.000015,0,0
38.230145,-30.997517,-100.000015,0,0
37.230145,-30.997517,-100.000015,0,0
36.230145,-30.997517,-100.000015,0,0
35.230145,-30.997517,-100.000015,0,0
34.230145,-30.997517,-100.000015,0,0
33.230145,-30.997517,-100.000015,0,0
32.230145,-30.997517,-100.000015,0,0
31.230145,-30.997517,-100.000015,0,0
30.230145,-30.997517,-100.000015,0,0
29.230145,-30.997517,-100.000015,0,0
28.230145,-30.997517,-100.000015,0,0
27.230145,-30.997517,-100.000015,0,0
26.230145,-30.997517,-100.000015,0,0
25.230145,-30.997517,-100.000015,0,0
24.230145,-30.997517,-100.000015,0,0
23.230145,-30.997517,-100.000015,0,0
22.230145,-30.997517,-100.000015,0,0
21.230145,-30.997517,-100.000015,0,0
20.230145,-30.997517,-100.000015,0,0
19.230145,-30.997517,-100.000015,0,0
18.230145,-30.997517,-100.000015,0,0
17.230145,-30.997517,-100.000015,0,0
16.230145,-30.997517,-100.000015,0,0
15.2301445,-30.997517,-100.000015,0,0
14.2301445,-30.997517,-100.000015,0,0
13.2301445,-30.997517,-100.000015,0,0
12.2301445,-30.997517,-100.000015,0,0
11.2301445,-30.997517,-100.000015,0,0
10.2301445,-30.997517,-100.000015,0,0
9.2301445,-30.997517,-100.000015,0,0
8.2301445,-30.997517,-100.000015,0,0
7.2301445,-30.997517,-100.000015,0,0
6.2301445,-30.997517,-100.000015,0,0
5.2301445,-30.997517,-100.000015,0,0
4.2301445,-30.997517,-100.000015,0,0
3.2301445,-30.997517,-100.000015,0,0
2.2301445,-30.997517,-100.000015,0,0
1.2301445,-30.997517,-100.000015,0,0
0.2301445,-30.997517,-100.000015,0,0
-0.7698555,-30.997517,-100.000015,0,0
-1.7698555,-30.997517,-100.000015,0,0
-2.7698555,-30.997517,-100.000015,0,0
-3.7698555,-30.997517,-100.000015,0,0
-4.7698555,-30.997517,-100.000015,0,0
-5.7698555,-30.997517,-100.000015,0,0
-6.7698555,-30.997517,-100.000015,0,0
-7.7698555,-30.997517,-100.000015,0,0
-8.7698555,-30.997517,-100.000015,0,0
-9.7698555,-30.997517,-100.000015,0,0
-10.7698555,-30.997517,-100.000015,0,0
-11.7698555,-30.997517,-100.000015,0,0
-12.7698555,-30.997517,-100.000015,0,0
-13.7698555,-30.997517,-100.000015,0,0
-14.7698555,-30.997517,-100.000015,0,0
-15.7698555,-30.997517,-100.000015,0,0
-16.769855,-30.997517,-100.000015,0,0
-17.769855,-30.997517,-100.000015,0,0
-18.769855,-30.997517,-100.000015,0,0
-19.769855,-30.997517,-100.000015,0,0
-20.769855,-30.997517,-100.000015,0,0
-21.769855,-30.997517,-100.000015,0,0
-22.769855,-30.997517,-100.000015,0,0
-23.769855,-30.997517,-100.000015,0,0
-24.769855,-30.997517,-100.000015,0,0
-25.769855,-30.997517,-100.000015,0,0
-26.769855,-30.997517,-100.000015,0,0
-27.769855,-30.997517,-100.000015,0,0
-28.769855,-30.997517,-100.000015,0,0
-29.769855,-30.997517,-100.000015,0,0
-30.769855,-30.997517,-100.000015,0,0
-31.769855,-30.997517,-100.000015,0,0
-32.769855,-30.997517,-100.000015,0,0
-33.769855,-30.997517,-100.000015,0,0
-34.769855,-30.997517,-100.000015,0,0
-35.769855,-30.997517,-100.000015,0,0
-36.769855,-30.997517,-100.000015,0,0
-37.769855,-30.997517,-100.000015,0,0
-38.769855,-30.997517,-100.000015,0,0
-39.769855,-30.997517,-100.000015,0,0
-40.769855,-30.997517,-100.000015,0,0
-41.769855,-30.997517,-100.000015,0,0
-42.769855,-30.997517,-100.000015,0,0
-43.769855,-30.997517,-100.000015,0,0
-44.769855,-30.997517,-100.000015,0,0
-45.769855,-30.997517,-100.000015,0,0
-46.769855,-30.997517,-100.000015,0,0
-47.769855,-30.997517,-100.000015,0,0
-48.769855,-30.997517,-100.000015,0,0
-49.769855,-30.997517,-100.000015,0,0
49.230145,-31.997517,-100.000015,0,0
48.230145,-31.997517,-100.000015,0,0
47.230145,-31.997517,-100.000015,0,0
46.230145,-31.997517,-100.000015,0,0
45.230145,-31.997517,-100.000015,0,0
44.230145,-31.997517,-100.000015,0,0
43.230145,-31.997517,-100.000015,0,0
42.230145,-31.997517,-100.000015,0,0
41.230145,-31.997517,-100.000015,0,0
40.230145,-31.997517,-100.000015,0,0
39.230145,-31.997517,-100.000015,0,0
38.230145,-31.997517,-100.000015,0,0
37.230145,-31.997517,-100.000015,0,0
36.230145,-31.997517,-100.000015,0,0
35.230145,-31.997517,-100.000015,0,0
34.230145,-31.997517,-100.000015,0,0
33.230145,-31.997517,-100.000015,0,0
32.230145,-31.997517,-100.000015,0,0
31.230145,-31.997517,-100.000015,0,0
30.230145,-31.997517,-100.000015,0,0
29.230145,-31.997517,-100.000015,0,0
28.230145,-31.997517,-100.000015,0,0
27.230145,-31.997517,-100.000015,0,0
26.230145,-31.997517,-100.000015,0,0
25.230145,-31.997517,-100.000015,0,0
24.230145,-31.997517,-100.000015,0,0
23.230145,-31.997517,-100.000015,0,0
22.230145,-31.997517,-100.000015,0,0
21.230145,-31.997517,-100.000015,0,0
20.230145,-31.997517,-100.000015,0,0
19.230145,-31.997517,-100.000015,0,0
18.230145,-31.997517,-100.000015,0,0
17.230145,-31.997517,-100.000015,0,0
16.230145,-31.997517,-100.000015,0,0
15.2301445,-31.997517,-100.000015,0,0
14.2301445,-31.997517,-100.000015,0,0
13.2301445,-31.997517,-100.000015,0,0
12.2301445,-31.997517,-100.000015,0,0
11.2301445,-31.997517,-100.000015,0,0
10.2301445,-31.997517,-100.000015,0,0
9.2301445,-31.997517,-100.000015,0,0
8.2301445,-31.997517,-100.000015,0,0
7.2301445,-31.997517,-100.000015,0,0
6.2301445,-31.997517,-100.000015,0,0
5.2301445,-31.997517,-100.000015,0,0
4.2301445,-31.997517,-100.000015,0,0
3.2301445,-31.997517,-100.000015,0,0
2.2301445,-31.997517,-100.000015,0,0
1.2301445,-31.997517,-100.000015,0,0
0.2301445,-31.997517,-100.000015,0,0
-0.7698555,-31.997517,-100.000015,0,0
-1.7698555,-31.997517,-100.000015,0,0
-2.7698555,-31.997517,-100.000015,0,0
-3.7698555,-31.997517,-100.000015,0,0
-4.7698555,-31.997517,-100.000015,0,0
-5.7698555,-31.997517,-100.000015,0,0
-6.7698555,-31.997517,-100.000015,0,0
-7.7698555,-31.997517,-100.000015,0,0
-8.7698555,-31.997517,-100.000015,0,0
-9.7698555,-31.997517,-100.000015,0,0
-10.7698555,-31.997517,-100.000015,0,0
-11.7698555,-31.997517,-100.000015,0,0
-12.7698555,-31.997517,-100.000015,0,0
-13.7698555,-31.997517,-100.000015,0,0
-14.7698555,-31.997517,-100.000015,0,0
-15.7698555,-31.997517,-100.000015,0,0
-16.769855,-31.997517,-100.000015,0,0
-17.769855,-31.997517,-100.000015,0,0
-18.769855,-31.997517,-100.000015,0,0
-19.769855,-31.997517,-100.000015,0,0
-20.769855,-31.997517,-100.000015,0,0
-21.769855,-31.997517,-100.000015,0,0
-22.769855,-31.997517,-100.000015,0,0
-23.769855,-31.997517,-100.000015,0,0
-24.769855,-31.997517,-100.000015,0,0
-25.769855,-31.997517,-100.000015,0,0
-26.769855,-31.997517,-100.000015,0,0
-27.769855,-31.997517,-100.000015,0,0
-28.769855,-31.997517,-100.000015,0,0
-29.769855,-31.997517,-100.000015,0,0
-30.769855,-31.997517,-100.000015,0,0
-31.769855,-31.997517,-100.000015,0,0
-32.769855,-31.997517,-100.000015,0,0
-33.769855,-31.997517,-100.000015,0,0
-34.769855,-31.997517,-100.000015,0,0
-35.769855,-31.997517,-100.000015,0,0
-36.769855,-31.997517,-100.000015,0,0
-37.769855,-31.997517,-100.000015,0,0
-38.769855,-31.997517,-100.000015,0,0
-39.769855,-31.997517,-100.000015,0,0
-40.769855,-31.997517,-100.000015,0,0
-41.769855,-31.997517,-100.000015,0,0
-42.769855,-31.997517,-100.000015,0,0
-43.769855,-31.997517,-100.000015,0,0
-44.769855,-31.997517,-100.000015,0,0
-45.769855,-31.997517,-100.000015,0,0
-46.769855,-31.997517,-100.000015,0,0
-47.769855,-31.997517,-100.000015,0,0
-48.769855,-31.997517,-100.000015,0,0
-49.769855,-31.997517,-100.000015,0,0
49.230145,-32.997517,-100.000015,0,0
48.230145,-32.997517,-100.000015,0,0
47.230145,-32.997517,-100.000015,0,0
46.230145,-32.997517,-100.000015,0,0
45.230145,-32.997517,-100.000015,0,0
44.230145,-32.997517,-100.000015,0,0
43.230145,-32.997517,-100.000015,0,0
42.230145,-32.997517,-100.000015,0,0
41.230145,-32.997517,-100.000015,0,0
40.230145,-32.997517,-100.000015,0,0
39.230145,-32.997517,-100.000015,0,0
38.230145,-32.997517,-100.000015,0,0
37.230145,-32.997517,-100.000015,0,0
36.230145,-32.997517,-100.000015,0,0
35.230145,-32.997517,-100.000015,0,0
34.230145,-32.997517,-100.000015,0,0
33.230145,-32.997517,-100.000015,0,0
32.230145,-32.997517,-100.000015,0,0
31.230145,-32.997517,-100.000015,0,0
30.230145,-32.997517,-100.000015,0,0
29.230145,-32.997517,-100.000015,0,0
28.230145,-32.997517,-100.000015,0,0
27.230145,-32.997517,-100.000015,0,0
26.230145,-32.997517,-100.000015,0,0
25.230145,-32.997517,-100.000015,0,0
24.230145,-32.997517,-100.000015,0,0
23.230145,-32.997517,-100.000015,0,0
22.230145,-32.997517,-100.000015,0,0
21.230145,-32.997517,-100.000015,0,0
20.230145,-32.997517,-100.000015,0,0
19.230145,-32.997517,-100.000015,0,0
18.230145,-32.997517,-100.000015,0,0
17.230145,-32.997517,-100.000015,0,0
16.230145,-32.997517,-100.000015,0,0
15.2301445,-32.997517,-100.000015,0,0
14.2301445,-32.997517,-100.000015,0,0
13.2301445,-32.997517,-100.000015,0,0
12.2301445,-32.997517,-100.000015,0,0
11.2301445,-32.997517,-100.000015,0,0
10.2301445,-32.997517,-100.000015,0,0
9.2301445,-32.997517,-100.000015,0,0
8.2301445,-32.997517,-100.000015,0,0
7.2301445,-32.997517,-100.000015,0,0
6.2301445,-32.997517,-100.000015,0,0
5.2301445,-32.997517,-100.000015,0,0
4.2301445,-32.997517,-100.000015,0,0
3.2301445,-32.997517,-100.000015,0,0
2.2301445,-32.997517,-100.000015,0,0
1.2301445,-32.997517,-100.000015,0,0
0.2301445,-32.997517,-100.000015,0,0
-0.7698555,-32.997517,-100.000015,0,0
-1.7698555,-32.997517,-100.000015,0,0
-2.7698555,-32.997517,-100.000015,0,0
-3.7698555,-32.997517,-100.000015,0,0
-4.7698555,-32.997517,-100.000015,0,0
-5.7698555,-32.997517,-100.000015,0,0
-6.7698555,-32.997517,-100.000015,0,0
-7.7698555,-32.997517,-100.000015,0,0
-8.7698555,-32.997517,-100.000015,0,0
-9.7698555,-32.997517,-100.000015,0,0
-10.7698555,-32.997517,-100.000015,0,0
-11.7698555,-32.997517,-100.000015,0,0
-12.7698555,-32.997517,-100.000015,0,0
-13.7698555,-32.997517,-100.000015,0,0
-14.7698555,-32.997517,-100.000015,0,0
-15.7698555,-32.997517,-100.000015,0,0
-16.769855,-32.997517,-100.000015,0,0
-17.769855,-32.997517,-100.000015,0,0
-18.769855,-32.997517,-100.000015,0,0
-19.769855,-32.997517,-100.000015,0,0
-20.769855,-32.997517,-100.000015,0,0
-21.769855,-32.997517,-100.000015,0,0
-22.769855,-32.997517,-100.000015,0,0
-23.769855,-32.997517,-100.000015,0,0
-24.769855,-32.997517,-100.000015,0,0
-25.769855,-32.997517,-100.000015,0,0
-26.769855,-32.997517,-100.000015,0,0
-27.769855,-32.997517,-100.000015,0,0
-28.769855,-32.997517,-100.000015,0,0
-29.769855,-32.997517,-100.000015,0,0
-30.769855,-32.997517,-100.000015,0,0
-31.769855,-32.997517,-100.000015,0,0
-32.769855,-32.997517,-100.000015,0,0
-33.769855,-32.997517,-100.000015,0,0
-34.769855,-32.997517,-100.000015,0,0
-35.769855,-32.997517,-100.000015,0,0
-36.769855,-32.997517,-100.000015,0,0
-37.769855,-32.997517,-100.000015,0,0
-38.769855,-32.997517,-100.000015,0,0
-39.769855,-32.997517,-100.000015,0,0
-40.769855,-32.997517,-100.000015,0,0
-41.769855,-32.997517,-100.000015,0,0
-42.769855,-32.997517,-100.000015,0,0
-43.769855,-32.997517,-100.000015,0,0
-44.769855,-32.997517,-100.000015,0,0
-45.769855,-32.997517,-100.000015,0,0
-46.769855,-32.997517,-100.000015,0,0
-47.769855,-32.997517,-100.000015,0,0
-48.769855,-32.997517,-100.000015,0,0
-49.769855,-32.997517,-100.000015,0,0
49.230145,-33.997517,-100.000015,0,0
48.230145,-33.997517,-100.000015,0,0
47.230145,-33.997517,-100.000015,0,0
46.230145,-33.997517,-100.000015,0,0
45.230145,-33.997517,-100.000015,0,0
44.230145,-33.997517,-100.000015,0,0
43.230145,-33.997517,-100.000015,0,0
42.230145,-33.997517,-100.000015,0,0
41.230145,-33.997517,-100.000015,0,0
40.230145,-33.997517,-100.000015,0,0
39.230145,-33.997517,-100.000015,0,0
38.230145,-33.997517,-100.000015,0,0
37.230145,-33.997517,-100.000015,0,0
36.230145,-33.997517,-100.000015,0,0
35.230145,-33.997517,-100.000015,0,0
34.230145,-33.997517,-100.000015,0,0
33.230145,-33.997517,-100.000015,0,0
32.230145,-33.997517,-100.000015,0,0
31.230145,-33.997517,-100.000015,0,0
30.230145,-33.997517,-100.000015,0,0
29.230145,-33.997517,-100.000015,0,0
28.230145,-33.997517,-100.000015,0,0
27.230145,-33.997517,-100.000015,0,0
26.230145,-33.997517,-100.000015,0,0
25.230145,-33.997517,-100.000015,0,0
24.230145,-33.997517,-100.000015,0,0
23.230145,-33.997517,-100.000015,0,0
22.230145,-33.997517,-100.000015,0,0
21.230145,-33.997517,-100.000015,0,0
20.230145,-33.997517,-100.000015,0,0
19.230145,-33.997517,-100.000015,0,0
18.230145,-33.997517,-100.000015,0,0
17.230145,-33.997517,-100.000015,0,0
16.230145,-33.997517,-100.000015,0,0
15.2301445,-33.997517,-100.000015,0,0
14.2301445,-33.997517,-100.000015,0,0
13.2301445,-33.997517,-100.000015,0,0
12.2301445,-33.997517,-100.000015,0,0
11.2301445,-33.997517,-100.000015,0,0
10.2301445,-33.997517,-100.000015,0,0
9.2301445,-33.997517,-100.000015,0,0
8.2301445,-33.997517,-100.000015,0,0
7.2301445,-33.997517,-100.000015,0,0
6.2301445,-33.997517,-100.000015,0,0
5.2301445,-33.997517,-100.000015,0,0
4.2301445,-33.997517,-100.000015,0,0
3.2301445,-33.997517,-100.000015,0,0
2.2301445,-33.997517,-100.000015,0,0
1.2301445,-33.997517,-100.000015,0,0
0.2301445,-33.997517,-100.000015,0,0
-0.7698555,-33.997517,-100.000015,0,0
-1.7698555,-33.997517,-100.000015,0,0
-2.7698555,-33.997517,-100.000015,0,0
-3.7698555,-33.997517,-100.000015,0,0
-4.7698555,-33.997517,-100.000015,0,0
-5.7698555,-33.997517,-100.000015,0,0
-6.7698555,-33.997517,-100.000015,0,0
-7.7698555,-33.997517,-100.000015,0,0
-8.7698555,-33.997517,-100.000015,0,0
-9.7698555,-33.997517,-100.000015,0,0
-10.7698555,-33.997517,-100.000015,0,0
-11.7698555,-33.997517,-100.000015,0,0
-12.7698555,-33.997517,-100.000015,0,0
-13.7698555,-33.997517,-100.000015,0,0
-14.7698555,-33.997517,-100.000015,0,0
-15.7698555,-33.997517,-100.000015,0,0
-16.769855,-33.997517,-100.000015,0,0
-17.769855,-33.997517,-100.000015,0,0
-18.769855,-33.997517,-100.000015,0,0
-19.769855,-33.997517,-100.000015,0,0
-20.769855,-33.997517,-100.000015,0,0
-21.769855,-33.997517,-100.000015,0,0
-22.769855,-33.997517,-100.000015,0,0
-23.769855,-33.997517,-100.000015,0,0
-24.769855,-33.997517,-100.000015,0,0
-25.769855,-33.997517,-100.000015,0,0
-26.769855,-33.997517,-100.000015,0,0
-27.769855,-33.997517,-100.000015,0,0
-28.769855,-33.997517,-100.000015,0,0
-29.769855,-33.997517,-100.000015,0,0
-30.769855,-33.997517,-100.000015,0,0
-31.769855,-33.997517,-100.000015,0,0
-32.769855,-33.997517,-100.000015,0,0
-33.769855,-33.997517,-100.000015,0,0
-34.769855,-33.997517,-100.000015,0,0
-35.769855,-33.997517,-100.000015,0,0
-36.769855,-33.997517,-100.000015,0,0
-37.769855,-33.997517,-100.000015,0,0
-38.769855,-33.997517,-100.000015,0,0
-39.769855,-33.997517,-100.000015,0,0
-40.769855,-33.997517,-100.000015,0,0
-41.769855,-33.997517,-100.000015,0,0
-42.769855,-33.997517,-100.000015,0,0
-43.769855,-33.997517,-100.000015,0,0
-44.769855,-33.997517,-100.000015,0,0
-45.769855,-33.997517,-100.000015,0,0
-46.769855,-33.997517,-100.000015,0,0
-47.769855,-33.997517,-100.000015,0,0
-48.769855,-33.997517,-100.000015,0,0
-49.769855,-33.997517,-100.000015,0,0
49.230145,-34.997517,-100.000015,0,0
48.230145,-34.997517,-100.000015,0,0
47.230145,-34.997517,-100.000015,0,0
46.230145,-34.997517,-100.000015,0,0
45.230145,-34.997517,-100.000015,0,0
44.230145,-34.997517,-100.000015,0,0
43.230145,-34.997517,-100.000015,0,0
42.230145,-34.997517,-100.000015,0,0
41.230145,-34.997517,-100.000015,0,0
40.230145,-34.997517,-100.000015,0,0
39.230145,-34.997517,-100.000015,0,0
38.230145,-34.997517,-100.000015,0,0
37.230145,-34.997517,-100.000015,0,0
36.230145,-34.997517,-100.000015,0,0
35.230145,-34.997517,-100.000015,0,0
34.230145,-34.997517,-100.000015,0,0
33.230145,-34.997517,-100.000015,0,0
32.230145,-34.997517,-100.000015,0,0
31.230145,-34.997517,-100.000015,0,0
30.230145,-34.997517,-100.000015,0,0
29.230145,-34.997517,-100.000015,0,0
28.230145,-34.997517,-100.000015,0,0
27.230145,-34.997517,-100.000015,0,0
26.230145,-34.997517,-100.000015,0,0
25.230145,-34.997517,-100.000015,0,0
24.230145,-34.997517,-100.000015,0,0
23.230145,-34.997517,-100.000015,0,0
22.230145,-34.997517,-100.000015,0,0
21.230145,-34.997517,-100.000015,0,0
20.230145,-34.997517,-100.000015,0,0
19.230145,-34.997517,-100.000015,0,0
18.230145,-34.997517,-100.000015,0,0
17.230145,-34.997517,-100.000015,0,0
16.230145,-34.997517,-100.000015,0,0
15.2301445,-34.997517,-100.000015,0,0
14.2301445,-34.997517,-100.000015,0,0
13.2301445,-34.997517,-100.000015,0,0
12.2301445,-34.997517,-100.000015,0,0
11.2301445,-34.997517,-100.000015,0,0
10.2301445,-34.997517,-100.000015,0,0
9.2301445,-34.997517,-100.000015,0,0
8.2301445,-34.997517,-100.000015,0,0
7.2301445,-34.997517,-100.000015,0,0
6.2301445,-34.997517,-100.000015,0,0
5.2301445,-34.997517,-100.000015,0,0
4.2301445,-34.997517,-100.000015,0,0
3.2301445,-34.997517,-100.000015,0,0
2.2301445,-34.997517,-100.000015,0,0
1.2301445,-34.997517,-100.000015,0,0
0.2301445,-34.997517,-100.000015,0,0
-0.7698555,-34.997517,-100.000015,0,0
-1.7698555,-34.997517,-100.000015,0,0
-2.7698555,-34.997517,-100.000015,0,0
-3.7698555,-34.997517,-100.000015,0,0
-4.7698555,-34.997517,-100.000015,0,0
-5.7698555,-34.997517,-100.000015,0,0
-6.7698555,-34.997517,-100.000015,0,0
-7.7698555,-34.997517,-100.000015,0,0
-8.7698555,-34.997517,-100.000015,0,0
-9.7698555,-34.997517,-100.000015,0,0
-10.7698555,-34.997517,-100.000015,0,0
-11.7698555,-34.997517,-100.000015,0,0
-12.7698555,-34.997517,-100.000015,0,0
-13.7698555,-34.997517,-100.000015,0,0
-14.7698555,-34.997517,-100.000015,0,0
-15.7698555,-34.997517,-100.000015,0,0
-16.769855,-34.997517,-100.000015,0,0
-17.769855,-34.997517,-100.000015,0,0
-18.769855,-34.997517,-100.000015,0,0
-19.769855,-34.997517,-100.000015,0,0
-20.769855,-34.997517,-100.000015,0,0
-21.769855,-34.997517,-100.000015,0,0
-22.769855,-34.997517,-100.000015,0,0
-23.769855,-34.997517,-100.000015,0,0
-24.769855,-34.997517,-100.000015,0,0
-25.769855,-34.997517,-100.000015,0,0
-26.769855,-34.997517,-100.000015,0,0
-27.769855,-34.997517,-100.000015,0,0
-28.769855,-34.997517,-100.000015,0,0
-29.769855,-34.997517,-100.000015,0,0
-30.769855,-34.997517,-100.000015,0,0
-31.769855,-34.997517,-100.000015,0,0
-32.769855,-34.997517,-100.000015,0,0
-33.769855,-34.997517,-100.000015,0,0
-34.769855,-34.997517,-100.000015,0,0
-35.769855,-34.997517,-100.000015,0,0
-36.769855,-34.997517,-100.000015,0,0
-37.769855,-34.997517,-100.000015,0,0
-38.769855,-34.997517,-100.000015,0,0
-39.769855,-34.997517,-100.000015,0,0
-40.769855,-34.997517,-100.000015,0,0
-41.769855,-34.997517,-100.000015,0,0
-42.769855,-34.997517,-100.000015,0,0
-43.769855,-34.997517,-100.000015,0,0
-44.769855,-34.997517,-100.000015,0,0
-45.769855,-34.997517,-100.000015,0,0
-46.769855,-34.997517,-100.000015,0,0
-47.769855,-34.997517,-100.000015,0,0
-48.769855,-34.997517,-100.000015,0,0
-49.769855,-34.997517,-100.000015,0,0
49.230145,-35.997517,-100.000015,0,0
48.230145,-35.997517,-100.000015,0,0
47.230145,-35.997517,-100.000015,0,0
46.230145,-35.997517,-100.000015,0,0
45.230145,-35.997517,-100.000015,0,0
44.230145,-35.997517,-100.000015,0,0
43.230145,-35.997517,-100.000015,0,0
42.230145,-35.997517,-100.000015,0,0
41.230145,-35.997517,-100.000015,0,0
40.230145,-35.997517,-100.000015,0,0
39.230145,-35.997517,-100.000015,0,0
38.230145,-35.997517,-100.000015,0,0
37.230145,-35.997517,-100.000015,0,0
36.230145,-35.997517,-100.000015,0,0
35.230145,-35.997517,-100.000015,0,0
34.230145,-35.997517,-100.000015,0,0
33.230145,-35.997517,-100.000015,0,0
32.230145,-35.997517,-100.000015,0,0
31.230145,-35.997517,-100.000015,0,0
30.230145,-35.997517,-100.000015,0,0
29.230145,-35.997517,-100.000015,0,0
28.230145,-35.997517,-100.000015,0,0
27.230145,-35.997517,-100.000015,0,0
26.230145,-35.997517,-100.000015,0,0
25.230145,-35.997517,-100.000015,0,0
24.230145,-35.997517,-100.000015,0,0
23.230145,-35.997517,-100.000015,0,0
22.230145,-35.997517,-100.000015,0,0
21.230145,-35.997517,-100.000015,0,0
20.230145,-35.997517,-100.000015,0,0
19.230145,-35.997517,-100.000015,0,0
18.230145,-35.997517,-100.000015,0,0
17.230145,-35.997517,-100.000015,0,0
16.230145,-35.997517,-100.000015,0,0
15.2301445,-35.997517,-100.000015,0,0
14.2301445,-35.997517,-100.000015,0,0
13.2301445,-35.997517,-100.000015,0,0
12.2301445,-35.997517,-100.000015,0,0
11.2301445,-35.997517,-100.000015,0,0
10.2301445,-35.997517,-100.000015,0,0
9.2301445,-35.997517,-100.000015,0,0
8.2301445,-35.997517,-100.000015,0,0
7.2301445,-35.997517,-100.000015,0,0
6.2301445,-35.997517,-100.000015,0,0
5.2301445,-35.997517,-100.000015,0,0
4.2301445,-35.997517,-100.000015,0,0
3.2301445,-35.997517,-100.000015,0,0
2.2301445,-35.997517,-100.000015,0,0
1.2301445,-35.997517,-100.000015,0,0
0.2301445,-35.997517,-100.000015,0,0
-0.7698555,-35.997517,-100.000015,0,0
-1.7698555,-35.997517,-100.000015,0,0
-2.7698555,-35.997517,-100.000015,0,0
-3.7698555,-35.997517,-100.000015,0,0
-4.7698555,-35.997517,-100.000015,0,0
-5.7698555,-35.997517,-100.000015,0,0
-6.7698555,-35.997517,-100.000015,0,0
-7.7698555,-35.997517,-100.000015,0,0
-8.7698555,-35.997517,-100.000015,0,0
-9.7698555,-35.997517,-100.000015,0,0
-10.7698555,-35.997517,-100.000015,0,0
-11.7698555,-35.997517,-100.000015,0,0
-12.7698555,-35.997517,-100.000015,0,0
-13.7698555,-35.997517,-100.000015,0,0
-14.7698555,-35.997517,-100.000015,0,0
-15.7698555,-35.997517,-100.000015,0,0
-16.769855,-35.997517,-100.000015,0,0
-17.769855,-35.997517,-100.000015,0,0
-18.769855,-35.997517,-100.000015,0,0
-19.769855,-35.997517,-100.000015,0,0
-20.769855,-35.997517,-100.000015,0,0
-21.769855,-35.997517,-100.000015,0,0
-22.769855,-35.997517,-100.000015,0,0
-23.769855,-35.997517,-100.000015,0,0
-24.769855,-35.997517,-100.000015,0,0
-25.769855,-35.997517,-100.000015,0,0
-26.769855,-35.997517,-100.000015,0,0
-27.769855,-35.997517,-100.000015,0,0
-28.769855,-35.997517,-100.000015,0,0
-29.769855,-35.997517,-100.000015,0,0
-30.769855,-35.997517,-100.000015,0,0
-31.769855,-35.997517,-100.000015,0,0
-32.769855,-35.997517,-100.000015,0,0
-33.769855,-35.997517,-100.000015,0,0
-34.769855,-35.997517,-100.000015,0,0
-35.769855,-35.997517,-100.000015,0,0
-36.769855,-35.997517,-100.000015,0,0
-37.769855,-35.997517,-100.000015,0,0
-38.769855,-35.997517,-100.000015,0,0
-39.769855,-35.997517,-100.000015,0,0
-40.769855,-35.997517,-100.000015,0,0
-41.769855,-35.997517,-100.000015,0,0
-42.769855,-35.997517,-100.000015,0,0
-43.769855,-35.997517,-100.000015,0,0
-44.769855,-35.997517,-100.000015,0,0
-45.769855,-35.997517,-100.000015,0,0
-46.769855,-35.997517,-100.000015,0,0
-47.769855,-35.997517,-100.000015,0,0
-48.769855,-35.997517,-100.000015,0,0
-49.769855,-35.997517,-100.000015,0,0
49.230145,-36.997517,-100.000015,0,0
48.230145,-36.997517,-100.000015,0,0
47.230145,-36.997517,-100.000015,0,0
46.230145,-36.997517,-100.000015,0,0
45.230145,-36.997517,-100.000015,0,0
44.230145,-36.997517,-100.000015,0,0
43.230145,-36.997517,-100.000015,0,0
42.230145,-36.997517,-100.000015,0,0
41.230145,-36.997517,-100.000015,0,0
40.230145,-36.997517,-100.000015,0,0
39.230145,-36.997517,-100.000015,0,0
38.230145,-36.997517,-100.000015,0,0
37.230145,-36.997517,-100.000015,0,0
36.230145,-36.997517,-100.000015,0,0
35.230145,-36.997517,-100.000015,0,0
34.230145,-36.997517,-100.000015,0,0
33.230145,-36.997517,-100.000015,0,0
32.230145,-36.997517,-100.000015,0,0
31.230145,-36.997517,-100.000015,0,0
30.230145,-36.997517,-100.000015,0,0
29.230145,-36.997517,-100.000015,0,0
28.230145,-36.997517,-100.000015,0,0
27.230145,-36.997517,-100.000015,0,0
26.230145,-36.997517,-100.000015,0,0
25.230145,-36.997517,-100.000015,0,0
24.230145,-36.997517,-100.000015,0,0
23.230145,-36.997517,-100.000015,0,0
22.230145,-36.997517,-100.000015,0,0
21.230145,-36.997517,-100.000015,0,0
20.230145,-36.997517,-100.000015,0,0
19.230145,-36.997517,-100.000015,0,0
18.230145,-36.997517,-100.000015,0,0
17.230145,-36.997517,-100.000015,0,0
16.230145,-36.997517,-100.000015,0,0
15.2301445,-36.997517,-100.000015,0,0
14.2301445,-36.997517,-100.000015,0,0
13.2301445,-36.997517,-100.000015,0,0
12.2301445,-36.997517,-100.000015,0,0
11.2301445,-36.997517,-100.000015,0,0
10.2301445,-36.997517,-100.000015,0,0
9.2301445,-36.997517,-100.000015,0,0
8.2301445,-36.997517,-100.000015,0,0
7.2301445,-36.997517,-100.000015,0,0
6.2301445,-36.997517,-100.000015,0,0
5.2301445,-36.997517,-100.000015,0,0
4.2301445,-36.997517,-100.000015,0,0
3.2301445,-36.997517,-100.000015,0,0
2.2301445,-36.997517,-100.000015,0,0
1.2301445,-36.997517,-100.000015,0,0
0.2301445,-36.997517,-100.000015,0,0
-0.7698555,-36.997517,-100.000015,0,0
-1.7698555,-36.997517,-100.000015,0,0
-2.7698555,-36.997517,-100.000015,0,0
-3.7698555,-36.997517,-100.000015,0,0
-4.7698555,-36.997517,-100.000015,0,0
-5.7698555,-36.997517,-100.000015,0,0
-6.7698555,-36.997517,-100.000015,0,0
-7.7698555,-36.997517,-100.000015,0,0
-8.7698555,-36.997517,-100.000015,0,0
-9.7698555,-36.997517,-100.000015,0,0
-10.7698555,-36.997517,-100.000015,0,0
-11.7698555,-36.997517,-100.000015,0,0
-12.7698555,-36.997517,-100.000015,0,0
-13.7698555,-36.997517,-100.000015,0,0
-14.7698555,-36.997517,-100.000015,0,0
-15.7698555,-36.997517,-100.000015,0,0
-16.769855,-36.997517,-100.000015,0,0
-17.769855,-36.997517,-100.000015,0,0
-18.769855,-36.997517,-100.000015,0,0
-19.769855,-36.997517,-100.000015,0,0
-20.769855,-36.997517,-100.000015,0,0
-21.769855,-36.997517,-100.000015,0,0
-22.769855,-36.997517,-100.000015,0,0
-23.769855,-36.997517,-100.000015,0,0
-24.769855,-36.997517,-100.000015,0,0
-25.769855,-36.997517,-100.000015,0,0
-26.769855,-36.997517,-100.000015,0,0
-27.769855,-36.997517,-100.000015,0,0
-28.769855,-36.997517,-100.000015,0,0
-29.769855,-36.997517,-100.000015,0,0
-30.769855,-36.997517,-100.000015,0,0
-31.769855,-36.997517,-100.000015,0,0
-32.769855,-36.997517,-100.000015,0,0
-33.769855,-36.997517,-100.000015,0,0
-34.769855,-36.997517,-100.000015,0,0
-35.769855,-36.997517,-100.000015,0,0
-36.769855,-36.997517,-100.000015,0,0
-37.769855,-36.997517,-100.000015,0,0
-38.769855,-36.997517,-100.000015,0,0
-39.769855,-36.997517,-100.000015,0,0
-40.769855,-36.997517,-100.000015,0,0
-41.769855,-36.997517,-100.000015,0,0
-42.769855,-36.997517,-100.000015,0,0
-43.769855,-36.997517,-100.000015,0,0
-44.769855,-36.997517,-100.000015,0,0
-45.769855,-36.997517,-100.000015,0,0
-46.769855,-36.997517,-100.000015,0,0
-47.769855,-36.997517,-100.000015,0,0
-48.769855,-36.997517,-100.000015,0,0
-49.769855,-36.997517,-100.000015,0,0
49.230145,-37.997517,-100.000015,0,0
48.230145,-37.997517,-100.000015,0,0
47.230145,-37.997517,-100.000015,0,0
46.230145,-37.997517,-100.000015,0,0
45.230145,-37.997517,-100.000015,0,0
44.230145,-37.997517,-100.000015,0,0
43.230145,-37.997517,-100.000015,0,0
42.230145,-37.997517,-100.000015,0,0
41.230145,-37.997517,-100.000015,0,0
40.230145,-37.997517,-100.000015,0,0
39.230145,-37.997517,-100.000015,0,0
38.230145,-37.997517,-100.000015,0,0
37.230145,-37.997517,-100.000015,0,0
36.230145,-37.997517,-100.000015,0,0
35.230145,-37.997517,-100.000015,0,0
34.230145,-37.997517,-100.000015,0,0
33.230145,-37.997517,-100.000015,0,0
32.230145,-37.997517,-100.000015,0,0
31.230145,-37.997517,-100.000015,0,0
30.230145,-37.997517,-100.000015,0,0
29.230145,-37.997517,-100.000015,0,0
28.230145,-37.997517,-100.000015,0,0
27.230145,-37.997517,-100.000015,0,0
26.230145,-37.997517,-100.000015,0,0
25.230145,-37.997517,-100.000015,0,0
24.230145,-37.997517,-100.000015,0,0
23.230145,-37.997517,-100.000015,0,0
22.230145,-37.997517,-100.000015,0,0
21.230145,-37.997517,-100.000015,0,0
20.230145,-37.997517,-100.000015,0,0
19.230145,-37.997517,-100.000015,0,0
18.230145,-37.997517,-100.000015,0,0
17.230145,-37.997517,-100.000015,0,0
16.230145,-37.997517,-100.000015,0,0
15.2301445,-37.997517,-100.000015,0,0
14.2301445,-37.997517,-100.000015,0,0
13.2301445,-37.997517,-100.000015,0,0
12.2301445,-37.997517,-100.000015,0,0
11.2301445,-37.997517,-100.000015,0,0
10.2301445,-37.997517,-100.000015,0,0
9.2301445,-37.997517,-100.000015,0,0
8.2301445,-37.997517,-100.000015,0,0
7.2301445,-37.997517,-100.000015,0,0
6.2301445,-37.997517,-100.000015,0,0
5.2301445,-37.997517,-100.000015,0,0
4.2301445,-37.997517,-100.000015,0,0
3.2301445,-37.997517,-100.000015,0,0
2.2301445,-37.997517,-100.000015,0,0
1.2301445,-37.997517,-100.000015,0,0
0.2301445,-37.997517,-100.000015,0,0
-0.7698555,-37.997517,-100.000015,0,0
-1.7698555,-37.997517,-100.000015,0,0
-2.7698555,-37.997517,-100.000015,0,0
-3.7698555,-37.997517,-100.000015,0,0
-4.7698555,-37.997517,-100.000015,0,0
-5.7698555,-37.997517,-100.000015,0,0
-6.7698555,-37.997517,-100.000015,0,0
-7.7698555,-37.997517,-100.000015,0,0
-8.7698555,-37.997517,-100.000015,0,0
-9.7698555,-37.997517,-100.000015,0,0
-10.7698555,-37.997517,-100.000015,0,0
-11.7698555,-37.997517,-100.000015,0,0
-12.7698555,-37.997517,-100.000015,0,0
-13.7698555,-37.997517,-100.000015,0,0
-14.7698555,-37.997517,-100.000015,0,0
-15.7698555,-37.997517,-100.000015,0,0
-16.769855,-37.997517,-100.000015,0,0
-17.769855,-37.997517,-100.000015,0,0
-18.769855,-37.997517,-100.000015,0,0
-19.769855,-37.997517,-100.000015,0,0
-20.769855,-37.997517,-100.000015,0,0
-21.769855,-37.997517,-100.000015,0,0
-22.769855,-37.997517,-100.000015,0,0
-23.769855,-37.997517,-100.000015,0,0
-24.769855,-37.997517,-100.000015,0,0
-25.769855,-37.997517,-100.000015,0,0
-26.769855,-37.997517,-100.000015,0,0
-27.769855,-37.997517,-100.000015,0,0
-28.769855,-37.997517,-100.000015,0,0
-29.769855,-37.997517,-100.000015,0,0
-30.769855,-37.997517,-100.000015,0,0
-31.769855,-37.997517,-100.000015,0,0
-32.769855,-37.997517,-100.000015,0,0
-33.769855,-37.997517,-100.000015,0,0
-34.769855,-37.997517,-100.000015,0,0
-35.769855,-37.997517,-100.000015,0,0
-36.769855,-37.997517,-100.000015,0,0
-37.769855,-37.997517,-100.000015,0,0
-38.769855,-37.997517,-100.000015,0,0
-39.769855,-37.997517,-100.000015,0,0
-40.769855,-37.997517,-100.000015,0,0
-41.769855,-37.997517,-100.000015,0,0
-42.769855,-37.997517,-100.000015,0,0
-43.769855,-37.997517,-100.000015,0,0
-44.769855,-37.997517,-100.000015,0,0
-45.769855,-37.997517,-100.000015,0,0
-46.769855,-37.997517,-100.000015,0,0
-47.769855,-37.997517,-100.000015,0,0
-48.769855,-37.997517,-100.000015,0,0
-49.769855,-37.997517,-100.000015,0,0
49.230145,-38.997517,-100.000015,0,0
48.230145,-38.997517,-100.000015,0,0
47.230145,-38.997517,-100.000015,0,0
46.230145,-38.997517,-100.000015,0,0
45.230145,-38.997517,-100.000015,0,0
44.230145,-38.997517,-100.000015,0,0
43.230145,-38.997517,-100.000015,0,0
42.230145,-38.997517,-100.000015,0,0
41.230145,-38.997517,-100.000015,0,0
40.230145,-38.997517,-100.000015,0,0
39.230145,-38.997517,-100.000015,0,0
38.230145,-38.997517,-100.000015,0,0
37.230145,-38.997517,-100.000015,0,0
36.230145,-38.997517,-100.000015,0,0
35.230145,-38.997517,-100.000015,0,0
34.230145,-38.997517,-100.000015,0,0
33.230145,-38.997517,-100.000015,0,0
32.230145,-38.997517,-100.000015,0,0
31.230145,-38.997517,-100.000015,0,0
30.230145,-38.997517,-100.000015,0,0
29.230145,-38.997517,-100.000015,0,0
28.230145,-38.997517,-100.000015,0,0
27.230145,-38.997517,-100.000015,0,0
26.230145,-38.997517,-100.000015,0,0
25.230145,-38.997517,-100.000015,0,0
24.230145,-38.997517,-100.000015,0,0
23.230145,-38.997517,-100.000015,0,0
22.230145,-38.997517,-100.000015,0,0
21.230145,-38.997517,-100.000015,0,0
20.230145,-38.997517,-100.000015,0,0
19.230145,-38.997517,-100.000015,0,0
18.230145,-38.997517,-100.000015,0,0
17.230145,-38.997517,-100.000015,0,0
16.230145,-38.997517,-100.000015,0,0
15.2301445,-38.997517,-100.000015,0,0
14.2301445,-38.997517,-100.000015,0,0
13.2301445,-38.997517,-100.000015,0,0
12.2301445,-38.997517,-100.000015,0,0
11.2301445,-38.997517,-100.000015,0,0
10.2301445,-38.997517,-100.000015,0,0
9.2301445,-38.997517,-100.000015,0,0
8.2301445,-38.997517,-100.000015,0,0
7.2301445,-38.997517,-100.000015,0,0
6.2301445,-38.997517,-100.000015,0,0
5.2301445,-38.997517,-100.000015,0,0
4.2301445,-38.997517,-100.000015,0,0
3.2301445,-38.997517,-100.000015,0,0
2.2301445,-38.997517,-100.000015,0,0
1.2301445,-38.997517,-100.000015,0,0
0.2301445,-38.997517,-100.000015,0,0
-0.7698555,-38.997517,-100.000015,0,0
-1.7698555,-38.997517,-100.000015,0,0
-2.7698555,-38.997517,-100.000015,0,0
-3.7698555,-38.997517,-100.000015,0,0
-4.7698555,-38.997517,-100.000015,0,0
-5.7698555,-38.997517,-100.000015,0,0
-6.7698555,-38.997517,-100.000015,0,0
-7.7698555,-38.997517,-100.000015,0,0
-8.7698555,-38.997517,-100.000015,0,0
-9.7698555,-38.997517,-100.000015,0,0
-10.7698555,-38.997517,-100.000015,0,0
-11.7698555,-38.997517,-100.000015,0,0
-12.7698555,-38.997517,-100.000015,0,0
-13.7698555,-38.997517,-100.000015,0,0
-14.7698555,-38.997517,-100.000015,0,0
-15.7698555,-38.997517,-100.000015,0,0
-16.769855,-38.997517,-100.000015,0,0
-17.769855,-38.997517,-100.000015,0,0
-18.769855,-38.997517,-100.000015,0,0
-19.769855,-38.997517,-100.000015,0,0
-20.769855,-38.997517,-100.000015,0,0
-21.769855,-38.997517,-100.000015,0,0
-22.769855,-38.997517,-100.000015,0,0
-23.769855,-38.997517,-100.000015,0,0
-24.769855,-38.997517,-100.000015,0,0
-25.769855,-38.997517,-100.000015,0,0
-26.769855,-38.997517,-100.000015,0,0
-27.769855,-38.997517,-100.000015,0,0
-28.769855,-38.997517,-100.000015,0,0
-29.769855,-38.997517,-100.000015,0,0
-30.769855,-38.997517,-100.000015,0,0
-31.769855,-38.997517,-100.000015,0,0
-32.769855,-38.997517,-100.000015,0,0
-33.769855,-38.997517,-100.000015,0,0
-34.769855,-38.997517,-100.000015,0,0
-35.769855,-38.997517,-100.000015,0,0
-36.769855,-38.997517,-100.000015,0,0
-37.769855,-38.997517,-100.000015,0,0
-38.769855,-38.997517,-100.000015,0,0
-39.769855,-38.997517,-100.000015,0,0
-40.769855,-38.997517,-100.000015,0,0
-41.769855,-38.997517,-100.000015,0,0
-42.769855,-38.997517,-100.000015,0,0
-43.769855,-38.997517,-100.000015,0,0
-44.769855,-38.997517,-100.000015,0,0
-45.769855,-38.997517,-100.000015,0,0
-46.769855,-38.997517,-100.000015,0,0
-47.769855,-38.997517,-100.000015,0,0
-48.769855,-38.997517,-100.000015,0,0
-49.769855,-38.997517,-100.000015,0,0
49.230145,-39.997517,-100.000015,0,0
48.230145,-39.997517,-100.000015,0,0
47.230145,-39.997517,-100.000015,0,0
46.230145,-39.997517,-100.000015,0,0
45.230145,-39.997517,-100.000015,0,0
44.230145,-39.997517,-100.000015,0,0
43.230145,-39.997517,-100.000015,0,0
42.230145,-39.997517,-100.000015,0,0
41.230145,-39.997517,-100.000015,0,0
40.230145,-39.997517,-100.000015,0,0
39.230145,-39.997517,-100.000015,0,0
38.230145,-39.997517,-100.000015,0,0
37.230145,-39.997517,-100.000015,0,0
36.230145,-39.997517,-100.000015,0,0
35.230145,-39.997517,-100.000015,0,0
34.230145,-39.997517,-100.000015,0,0
33.230145,-39.997517,-100.000015,0,0
32.230145,-39.997517,-100.000015,0,0
31.230145,-39.997517,-100.000015,0,0
30.230145,-39.997517,-100.000015,0,0
29.230145,-39.997517,-100.000015,0,0
28.230145,-39.997517,-100.000015,0,0
27.230145,-39.997517,-100.000015,0,0
26.230145,-39.997517,-100.000015,0,0
25.230145,-39.997517,-100.000015,0,0
24.230145,-39.997517,-100.000015,0,0
23.230145,-39.997517,-100.000015,0,0
22.230145,-39.997517,-100.000015,0,0
21.230145,-39.997517,-100.000015,0,0
20.230145,-39.997517,-100.000015,0,0
19.230145,-39.997517,-100.000015,0,0
18.230145,-39.997517,-100.000015,0,0
17.230145,-39.997517,-100.000015,0,0
16.230145,-39.997517,-100.000015,0,0
15.2301445,-39.997517,-100.000015,0,0
14.2301445,-39.997517,-100.000015,0,0
13.2301445,-39.997517,-100.000015,0,0
12.2301445,-39.997517,-100.000015,0,0
11.2301445,-39.997517,-100.000015,0,0
10.2301445,-39.997517,-100.000015,0,0
9.2301445,-39.997517,-100.000015,0,0
8.2301445,-39.997517,-100.000015,0,0
7.2301445,-39.997517,-100.000015,0,0
6.2301445,-39.997517,-100.000015,0,0
5.2301445,-39.997517,-100.000015,0,0
4.2301445,-39.997517,-100.000015,0,0
3.2301445,-39.997517,-100.000015,0,0
2.2301445,-39.997517,-100.000015,0,0
1.2301445,-39.997517,-100.000015,0,0
0.2301445,-39.997517,-100.000015,0,0
-0.7698555,-39.997517,-100.000015,0,0
-1.7698555,-39.997517,-100.000015,0,0
-2.7698555,-39.997517,-100.000015,0,0
-3.7698555,-39.997517,-100.000015,0,0
-4.7698555,-39.997517,-100.000015,0,0
-5.7698555,-39.997517,-100.000015,0,0
-6.7698555,-39.997517,-100.000015,0,0
-7.7698555,-39.997517,-100.000015,0,0
-8.7698555,-39.997517,-100.000015,0,0
-9.7698555,-39.997517,-100.000015,0,0
-10.7698555,-39.997517,-100.000015,0,0
-11.7698555,-39.997517,-100.000015,0,0
-12.7698555,-39.997517,-100.000015,0,0
-13.7698555,-39.997517,-100.000015,0,0
-14.7698555,-39.997517,-100.000015,0,0
-15.7698555,-39.997517,-100.000015,0,0
-16.769855,-39.997517,-100.000015,0,0
-17.769855,-39.997517,-100.000015,0,0
-18.769855,-39.997517,-100.000015,0,0
-19.769855,-39.997517,-100.000015,0,0
-20.769855,-39.997517,-100.000015,0,0
-21.769855,-39.997517,-100.000015,0,0
-22.769855,-39.997517,-100.000015,0,0
-23.769855,-39.997517,-100.000015,0,0
-24.769855,-39.997517,-100.000015,0,0
-25.769855,-39.997517,-100.000015,0,0
-26.769855,-39.997517,-100.000015,0,0
-27.769855,-39.997517,-100.000015,0,0
-28.769855,-39.997517,-100.000015,0,0
-29.769855,-39.997517,-100.000015,0,0
-30.769855,-39.997517,-100.000015,0,0
-31.769855,-39.997517,-100.000015,0,0
-32.769855,-39.997517,-100.000015,0,0
-33.769855,-39.997517,-100.000015,0,0
-34.769855,-39.997517,-100.000015,0,0
-35.769855,-39.997517,-100.000015,0,0
-36.769855,-39.997517,-100.000015,0,0
-37.769855,-39.997517,-100.000015,0,0
-38.769855,-39.997517,-100.000015,0,0
-39.769855,-39.997517,-100.000015,0,0
-40.769855,-39.997517,-100.000015,0,0
-41.769855,-39.997517,-100.000015,0,0
-42.769855,-39.997517,-100.000015,0,0
-43.769855,-39.997517,-100.000015,0,0
-44.769855,-39.997517,-100.000015,0,0
-45.769855,-39.997517,-100.000015,0,0
-46.769855,-39.997517,-100.000015,0,0
-47.769855,-39.997517,-100.000015,0,0
-48.769855,-39.997517,-100.000015,0,0
-49.769855,-39.997517,-100.000015,0,0
49.230145,-40.997517,-100.000015,0,0
48.230145,-40.997517,-100.000015,0,0
47.230145,-40.997517,-100.000015,0,0
46.230145,-40.997517,-100.000015,0,0
45.230145,-40.997517,-100.000015,0,0
44.230145,-40.997517,-100.000015,0,0
43.230145,-40.997517,-100.000015,0,0
42.230145,-40.997517,-100.000015,0,0
41.230145,-40.997517,-100.000015,0,0
40.230145,-40.997517,-100.000015,0,0
39.230145,-40.997517,-100.000015,0,0
38.230145,-40.997517,-100.000015,0,0
37.230145,-40.997517,-100.000015,0,0
36.230145,-40.997517,-100.000015,0,0
35.230145,-40.997517,-100.000015,0,0
34.230145,-40.997517,-100.000015,0,0
33.230145,-40.997517,-100.000015,0,0
32.230145,-40.997517,-100.000015,0,0
31.230145,-40.997517,-100.000015,0,0
30.230145,-40.997517,-100.000015,0,0
29.230145,-40.997517,-100.000015,0,0
28.230145,-40.997517,-100.000015,0,0
27.230145,-40.997517,-100.000015,0,0
26.230145,-40.997517,-100.000015,0,0
25.230145,-40.997517,-100.000015,0,0
24.230145,-40.997517,-100.000015,0,0
23.230145,-40.997517,-100.000015,0,0
22.230145,-40.997517,-100.000015,0,0
21.230145,-40.997517,-100.000015,0,0
20.230145,-40.997517,-100.000015,0,0
19.230145,-40.997517,-100.000015,0,0
18.230145,-40.997517,-100.000015,0,0
17.230145,-40.997517,-100.000015,0,0
16.230145,-40.997517,-100.000015,0,0
15.2301445,-40.997517,-100.000015,0,0
14.2301445,-40.997517,-100.000015,0,0
13.2301445,-40.997517,-100.000015,0,0
12.2301445,-40.997517,-100.000015,0,0
11.2301445,-40.997517,-100.000015,0,0
10.2301445,-40.997517,-100.000015,0,0
9.2301445,-40.997517,-100.000015,0,0
8.2301445,-40.997517,-100.000015,0,0
7.2301445,-40.997517,-100.000015,0,0
6.2301445,-40.997517,-100.000015,0,0
5.2301445,-40.997517,-100.000015,0,0
4.2301445,-40.997517,-100.000015,0,0
3.2301445,-40.997517,-100.000015,0,0
2.2301445,-40.997517,-100.000015,0,0
1.2301445,-40.997517,-100.000015,0,0
0.2301445,-40.997517,-100.000015,0,0
-0.7698555,-40.997517,-100.000015,0,0
-1.7698555,-40.997517,-100.000015,0,0
-2.7698555,-40.997517,-100.000015,0,0
-3.7698555,-40.997517,-100.000015,0,0
-4.7698555,-40.997517,-100.000015,0,0
-5.7698555,-40.997517,-100.000015,0,0
-6.7698555,-40.997517,-100.000015,0,0
-7.7698555,-40.997517,-100.000015,0,0
-8.7698555,-40.997517,-100.000015,0,0
-9.7698555,-40.997517,-100.000015,0,0
-10.7698555,-40.997517,-100.000015,0,0
-11.7698555,-40.997517,-100.000015,0,0
-12.7698555,-40.997517,-100.000015,0,0
-13.7698555,-40.997517,-100.000015,0,0
-14.7698555,-40.997517,-100.000015,0,0
-15.7698555,-40.997517,-100.000015,0,0
-16.769855,-40.997517,-100.000015,0,0
-17.769855,-40.997517,-100.000015,0,0
-18.769855,-40.997517,-100.000015,0,0
-19.769855,-40.997517,-100.000015,0,0
-20.769855,-40.997517,-100.000015,0,0
-21.769855,-40.997517,-100.000015,0,0
-22.769855,-40.997517,-100.000015,0,0
-23.769855,-40.997517,-100.000015,0,0
-24.769855,-40.997517,-100.000015,0,0
-25.769855,-40.997517,-100.000015,0,0
-26.769855,-40.997517,-100.000015,0,0
-27.769855,-40.997517,-100.000015,0,0
-28.769855,-40.997517,-100.000015,0,0
-29.769855,-40.997517,-100.000015,0,0
-30.769855,-40.997517,-100.000015,0,0
-31.769855,-40.997517,-100.000015,0,0
-32.769855,-40.997517,-100.000015,0,0
-33.769855,-40.997517,-100.000015,0,0
-34.769855,-40.997517,-100.000015,0,0
-35.769855,-40.997517,-100.000015,0,0
-36.769855,-40.997517,-100.000015,0,0
-37.769855,-40.997517,-100.000015,0,0
-38.769855,-40.997517,-100.000015,0,0
-39.769855,-40.997517,-100.000015,0,0
-40.769855,-40.997517,-100.000015,0,0
-41.769855,-40.997517,-100.000015,0,0
-42.769855,-40.997517,-100.000015,0,0
-43.769855,-40.997517,-100.000015,0,0
-44.769855,-40.997517,-100.000015,0,0
-45.769855,-40.997517,-100.000015,0,0
-46.769855,-40.997517,-100.000015,0,0
-47.769855,-40.997517,-100.000015,0,0
-48.769855,-40.997517,-100.000015,0,0
-49.769855,-40.997517,-100.000015,0,0
49.230145,-41.997517,-100.000015,0,0
48.230145,-41.997517,-100.000015,0,0
47.230145,-41.997517,-100.000015,0,0
46.230145,-41.997517,-100.000015,0,0
45.230145,-41.997517,-100.000015,0,0
44.230145,-41.997517,-100.000015,0,0
43.230145,-41.997517,-100.000015,0,0
42.230145,-41.997517,-100.000015,0,0
41.230145,-41.997517,-100.000015,0,0
40.230145,-41.997517,-100.000015,0,0
39.230145,-41.997517,-100.000015,0,0
38.230145,-41.997517,-100.000015,0,0
37.230145,-41.997517,-100.000015,0,0
36.230145,-41.997517,-100.000015,0,0
35.230145,-41.997517,-100.000015,0,0
34.230145,-41.997517,-100.000015,0,0
33.230145,-41.997517,-100.000015,0,0
32.230145,-41.997517,-100.000015,0,0
31.230145,-41.997517,-100.000015,0,0
30.230145,-41.997517,-100.000015,0,0
29.230145,-41.997517,-100.000015,0,0
28.230145,-41.997517,-100.000015,0,0
27.230145,-41.997517,-100.000015,0,0
26.230145,-41.997517,-100.000015,0,0
25.230145,-41.997517,-100.000015,0,0
24.230145,-41.997517,-100.000015,0,0
23.230145,-41.997517,-100.000015,0,0
22.230145,-41.997517,-100.000015,0,0
21.230145,-41.997517,-100.000015,0,0
20.230145,-41.997517,-100.000015,0,0
19.230145,-41.997517,-100.000015,0,0
18.230145,-41.997517,-100.000015,0,0
17.230145,-41.997517,-100.000015,0,0
16.230145,-41.997517,-100.000015,0,0
15.2301445,-41.997517,-100.000015,0,0
14.2301445,-41.997517,-100.000015,0,0
13.2301445,-41.997517,-100.000015,0,0
12.2301445,-41.997517,-100.000015,0,0
11.2301445,-41.997517,-100.000015,0,0
10.2301445,-41.997517,-100.000015,0,0
9.2301445,-41.997517,-100.000015,0,0
8.2301445,-41.997517,-100.000015,0,0
7.2301445,-41.997517,-100.000015,0,0
6.2301445,-41.997517,-100.000015,0,0
5.2301445,-41.997517,-100.000015,0,0
4.2301445,-41.997517,-100.000015,0,0
3.2301445,-41.997517,-100.000015,0,0
2.2301445,-41.997517,-100.000015,0,0
1.2301445,-41.997517,-100.000015,0,0
0.2301445,-41.997517,-100.000015,0,0
-0.7698555,-41.997517,-100.000015,0,0
-1.7698555,-41.997517,-100.000015,0,0
-2.7698555,-41.997517,-100.000015,0,0
-3.7698555,-41.997517,-100.000015,0,0
-4.7698555,-41.997517,-100.000015,0,0
-5.7698555,-41.997517,-100.000015,0,0
-6.7698555,-41.997517,-100.000015,0,0
-7.7698555,-41.997517,-100.000015,0,0
-8.7698555,-41.997517,-100.000015,0,0
-9.7698555,-41.997517,-100.000015,0,0
-10.7698555,-41.997517,-100.000015,0,0
-11.7698555,-41.997517,-100.000015,0,0
-12.7698555,-41.997517,-100.000015,0,0
-13.7698555,-41.997517,-100.000015,0,0
-14.7698555,-41.997517,-100.000015,0,0
-15.7698555,-41.997517,-100.000015,0,0
-16.769855,-41.997517,-100.000015,0,0
-17.769855,-41.997517,-100.000015,0,0
-18.769855,-41.997517,-100.000015,0,0
-19.769855,-41.997517,-100.000015,0,0
-20.769855,-41.997517,-100.000015,0,0
-21.769855,-41.997517,-100.000015,0,0
-22.769855,-41.997517,-100.000015,0,0
-23.769855,-41.997517,-100.000015,0,0
-24.769855,-41.997517,-100.000015,0,0
-25.769855,-41.997517,-100.000015,0,0
-26.769855,-41.997517,-100.000015,0,0
-27.769855,-41.997517,-100.000015,0,0
-28.769855,-41.997517,-100.000015,0,0
-29.769855,-41.997517,-100.000015,0,0
-30.769855,-41.997517,-100.000015,0,0
-31.769855,-41.997517,-100.000015,0,0
-32.769855,-41.997517,-100.000015,0,0
-33.769855,-41.997517,-100.000015,0,0
-34.769855,-41.997517,-100.000015,0,0
-35.769855,-41.997517,-100.000015,0,0
-36.769855,-41.997517,-100.000015,0,0
-37.769855,-41.997517,-100.000015,0,0
-38.769855,-41.997517,-100.000015,0,0
-39.769855,-41.997517,-100.000015,0,0
-40.769855,-41.997517,-100.000015,0,0
-41.769855,-41.997517,-100.000015,0,0
-42.769855,-41.997517,-100.000015,0,0
-43.769855,-41.997517,-100.000015,0,0
-44.769855,-41.997517,-100.000015,0,0
-45.769855,-41.997517,-100.000015,0,0
-46.769855,-41.997517,-100.000015,0,0
-47.769855,-41.997517,-100.000015,0,0
-48.769855,-41.997517,-100.000015,0,0
-49.769855,-41.997517,-100.000015,0,0
49.230145,-42.997517,-100.000015,0,0
48.230145,-42.997517,-100.000015,0,0
47.230145,-42.997517,-100.000015,0,0
46.230145,-42.997517,-100.000015,0,0
45.230145,-42.997517,-100.000015,0,0
44.230145,-42.997517,-100.000015,0,0
43.230145,-42.997517,-100.000015,0,0
42.230145,-42.997517,-100.000015,0,0
41.230145,-42.997517,-100.000015,0,0
40.230145,-42.997517,-100.000015,0,0
39.230145,-42.997517,-100.000015,0,0
38.230145,-42.997517,-100.000015,0,0
37.230145,-42.997517,-100.000015,0,0
36.230145,-42.997517,-100.000015,0,0
35.230145,-42.997517,-100.000015,0,0
34.230145,-42.997517,-100.000015,0,0
33.230145,-42.997517,-100.000015,0,0
32.230145,-42.997517,-100.000015,0,0
31.230145,-42.997517,-100.000015,0,0
30.230145,-42.997517,-100.000015,0,0
29.230145,-42.997517,-100.000015,0,0
28.230145,-42.997517,-100.000015,0,0
27.230145,-42.997517,-100.000015,0,0
26.230145,-42.997517,-100.000015,0,0
25.230145,-42.997517,-100.000015,0,0
24.230145,-42.997517,-100.000015,0,0
23.230145,-42.997517,-100.000015,0,0
22.230145,-42.997517,-100.000015,0,0
21.230145,-42.997517,-100.000015,0,0
20.230145,-42.997517,-100.000015,0,0
19.230145,-42.997517,-100.000015,0,0
18.230145,-42.997517,-100.000015,0,0
17.230145,-42.997517,-100.000015,0,0
16.230145,-42.997517,-100.000015,0,0
15.2301445,-42.997517,-100.000015,0,0
14.2301445,-42.997517,-100.000015,0,0
13.2301445,-42.997517,-100.000015,0,0
12.2301445,-42.997517,-100.000015,0,0
11.2301445,-42.997517,-100.000015,0,0
10.2301445,-42.997517,-100.000015,0,0
9.2301445,-42.997517,-100.000015,0,0
8.2301445,-42.997517,-100.000015,0,0
7.2301445,-42.997517,-100.000015,0,0
6.2301445,-42.997517,-100.000015,0,0
5.2301445,-42.997517,-100.000015,0,0
4.2301445,-42.997517,-100.000015,0,0
3.2301445,-42.997517,-100.000015,0,0
2.2301445,-42.997517,-100.000015,0,0
1.2301445,-42.997517,-100.000015,0,0
0.2301445,-42.997517,-100.000015,0,0
-0.7698555,-42.997517,-100.000015,0,0
-1.7698555,-42.997517,-100.000015,0,0
-2.7698555,-42.997517,-100.000015,0,0
-3.7698555,-42.997517,-100.000015,0,0
-4.7698555,-42.997517,-100.000015,0,0
-5.7698555,-42.997517,-100.000015,0,0
-6.7698555,-42.997517,-100.000015,0,0
-7.7698555,-42.997517,-100.000015,0,0
-8.7698555,-42.997517,-100.000015,0,0
-9.7698555,-42.997517,-100.000015,0,0
-10.7698555,-42.997517,-100.000015,0,0
-11.7698555,-42.997517,-100.000015,0,0
-12.7698555,-42.997517,-100.000015,0,0
-13.7698555,-42.997517,-100.000015,0,0
-14.7698555,-42.997517,-100.000015,0,0
-15.7698555,-42.997517,-100.000015,0,0
-16.769855,-42.997517,-100.000015,0,0
-17.769855,-42.997517,-100.000015,0,0
-18.769855,-42.997517,-100.000015,0,0
-19.769855,-42.997517,-100.000015,0,0
-20.769855,-42.997517,-100.000015,0,0
-21.769855,-42.997517,-100.000015,0,0
-22.769855,-42.997517,-100.000015,0,0
-23.769855,-42.997517,-100.000015,0,0
-24.769855,-42.997517,-100.000015,0,0
-25.769855,-42.997517,-100.000015,0,0
-26.769855,-42.997517,-100.000015,0,0
-27.769855,-42.997517,-100.000015,0,0
-28.769855,-42.997517,-100.000015,0,0
-29.769855,-42.997517,-100.000015,0,0
-30.769855,-42.997517,-100.000015,0,0
-31.769855,-42.997517,-100.000015,0,0
-32.769855,-42.997517,-100.000015,0,0
-33.769855,-42.997517,-100.000015,0,0
-34.769855,-42.997517,-100.000015,0,0
-35.769855,-42.997517,-100.000015,0,0
-36.769855,-42.997517,-100.000015,0,0
-37.769855,-42.997517,-100.000015,0,0
-38.769855,-42.997517,-100.000015,0,0
-39.769855,-42.997517,-100.000015,0,0
-40.769855,-42.997517,-100.000015,0,0
-41.769855,-42.997517,-100.000015,0,0
-42.769855,-42.997517,-100.000015,0,0
-43.769855,-42.997517,-100.000015,0,0
-44.769855,-42.997517,-100.000015,0,0
-45.769855,-42.997517,-100.000015,0,0
-46.769855,-42.997517,-100.000015,0,0
-47.769855,-42.997517,-100.000015,0,0
-48.769855,-42.997517,-100.000015,0,0
-49.769855,-42.997517,-100.000015,0,0
49.230145,-43.997517,-100.000015,0,0
48.230145,-43.997517,-100.000015,0,0
47.230145,-43.997517,-100.000015,0,0
46.230145,-43.997517,-100.000015,0,0
45.230145,-43.997517,-100.000015,0,0
44.230145,-43.997517,-100.000015,0,0
43.230145,-43.997517,-100.000015,0,0
42.230145,-43.997517,-100.000015,0,0
41.230145,-43.997517,-100.000015,0,0
40.230145,-43.997517,-100.000015,0,0
39.230145,-43.997517,-100.000015,0,0
38.230145,-43.997517,-100.000015,0,0
37.230145,-43.997517,-100.000015,0,0
36.230145,-43.997517,-100.000015,0,0
35.230145,-43.997517,-100.000015,0,0
34.230145,-43.997517,-100.000015,0,0
33.230145,-43.997517,-100.000015,0,0
32.230145,-43.997517,-100.000015,0,0
31.230145,-43.997517,-100.000015,0,0
30.230145,-43.997517,-100.000015,0,0
29.230145,-43.997517,-100.000015,0,0
28.230145,-43.997517,-100.000015,0,0
27.230145,-43.997517,-100.000015,0,0
26.230145,-43.997517,-100.000015,0,0
25.230145,-43.997517,-100.000015,0,0
24.230145,-43.997517,-100.000015,0,0
23.230145,-43.997517,-100.000015,0,0
22.230145,-43.997517,-100.000015,0,0
21.230145,-43.997517,-100.000015,0,0
20.230145,-43.997517,-100.000015,0,0
19.230145,-43.997517,-100.000015,0,0
18.230145,-43.997517,-100.000015,0,0
17.230145,-43.997517,-100.000015,0,0
16.230145,-43.997517,-100.000015,0,0
15.2301445,-43.997517,-100.000015,0,0
14.2301445,-43.997517,-100.000015,0,0
13.2301445,-43.997517,-100.000015,0,0
12.2301445,-43.997517,-100.000015,0,0
11.2301445,-43.997517,-100.000015,0,0
10.2301445,-43.997517,-100.000015,0,0
9.2301445,-43.997517,-100.000015,0,0
8.2301445,-43.997517,-100.000015,0,0
7.2301445,-43.997517,-100.000015,0,0
6.2301445,-43.997517,-100.000015,0,0
5.2301445,-43.997517,-100.000015,0,0
4.2301445,-43.997517,-100.000015,0,0
3.2301445,-43.997517,-100.000015,0,0
2.2301445,-43.997517,-100.000015,0,0
1.2301445,-43.997517,-100.000015,0,0
0.2301445,-43.997517,-100.000015,0,0
-0.7698555,-43.997517,-100.000015,0,0
-1.7698555,-43.997517,-100.000015,0,0
-2.7698555,-43.997517,-100.000015,0,0
-3.7698555,-43.997517,-100.000015,0,0
-4.7698555,-43.997517,-100.000015,0,0
-5.7698555,-43.997517,-100.000015,0,0
-6.7698555,-43.997517,-100.000015,0,0
-7.7698555,-43.997517,-100.000015,0,0
-8.7698555,-43.997517,-100.000015,0,0
-9.7698555,-43.997517,-100.000015,0,0
-10.7698555,-43.997517,-100.000015,0,0
-11.7698555,-43.997517,-100.000015,0,0
-12.7698555,-43.997517,-100.000015,0,0
-13.7698555,-43.997517,-100.000015,0,0
-14.7698555,-43.997517,-100.000015,0,0
-15.7698555,-43.997517,-100.000015,0,0
-16.769855,-43.997517,-100.000015,0,0
-17.769855,-43.997517,-100.000015,0,0
-18.769855,-43.997517,-100.000015,0,0
-19.769855,-43.997517,-100.000015,0,0
-20.769855,-43.997517,-100.000015,0,0
-21.769855,-43.997517,-100.000015,0,0
-22.769855,-43.997517,-100.000015,0,0
-23.769855,-43.997517,-100.000015,0,0
-24.769855,-43.997517,-100.000015,0,0
-25.769855,-43.997517,-100.000015,0,0
-26.769855,-43.997517,-100.000015,0,0
-27.769855,-43.997517,-100.000015,0,0
-28.769855,-43.997517,-100.000015,0,0
-29.769855,-43.997517,-100.000015,0,0
-30.769855,-43.997517,-100.000015,0,0
-31.769855,-43.997517,-100.000015,0,0
-32.769855,-43.997517,-100.000015,0,0
-33.769855,-43.997517,-100.000015,0,0
-34.769855,-43.997517,-100.000015,0,0
-35.769855,-43.997517,-100.000015,0,0
-36.769855,-43.997517,-100.000015,0,0
-37.769855,-43.997517,-100.000015,0,0
-38.769855,-43.997517,-100.000015,0,0
-39.769855,-43.997517,-100.000015,0,0
-40.769855,-43.997517,-100.000015,0,0
-41.769855,-43.997517,-100.000015,0,0
-42.769855,-43.997517,-100.000015,0,0
-43.769855,-43.997517,-100.000015,0,0
-44.769855,-43.997517,-100.000015,0,0
-45.769855,-43.997517,-100.000015,0,0
-46.769855,-43.997517,-100.000015,0,0
-47.769855,-43.997517,-100.000015,0,0
-48.769855,-43.997517,-100.000015,0,0
-49.769855,-43.997517,-100.000015,0,0
49.230145,-44.997517,-100.000015,0,0
48.230145,-44.997517,-100.000015,0,0
47.230145,-44.997517,-100.000015,0,0
46.230145,-44.997517,-100.000015,0,0
45.230145,-44.997517,-100.000015,0,0
44.230145,-44.997517,-100.000015,0,0
43.230145,-44.997517,-100.000015,0,0
42.230145,-44.997517,-100.000015,0,0
41.230145,-44.997517,-100.000015,0,0
40.230145,-44.997517,-100.000015,0,0
39.230145,-44.997517,-100.000015,0,0
38.230145,-44.997517,-100.000015,0,0
37.230145,-44.997517,-100.000015,0,0
36.230145,-44.997517,-100.000015,0,0
35.230145,-44.997517,-100.000015,0,0
34.230145,-44.997517,-100.000015,0,0
33.230145,-44.997517,-100.000015,0,0
32.230145,-44.997517,-100.000015,0,0
31.230145,-44.997517,-100.000015,0,0
30.230145,-44.997517,-100.000015,0,0
29.230145,-44.997517,-100.000015,0,0
28.230145,-44.997517,-100.000015,0,0
27.230145,-44.997517,-100.000015,0,0
26.230145,-44.997517,-100.000015,0,0
25.230145,-44.997517,-100.000015,0,0
24.230145,-44.997517,-100.000015,0,0
23.230145,-44.997517,-100.000015,0,0
22.230145,-44.997517,-100.000015,0,0
21.230145,-44.997517,-100.000015,0,0
20.230145,-44.997517,-100.000015,0,0
19.230145,-44.997517,-100.000015,0,0
18.230145,-44.997517,-100.000015,0,0
17.230145,-44.997517,-100.000015,0,0
16.230145,-44.997517,-100.000015,0,0
15.2301445,-44.997517,-100.000015,0,0
14.2301445,-44.997517,-100.000015,0,0
13.2301445,-44.997517,-100.000015,0,0
12.2301445,-44.997517,-100.000015,0,0
11.2301445,-44.997517,-100.000015,0,0
10.2301445,-44.997517,-100.000015,0,0
9.2301445,-44.997517,-100.000015,0,0
8.2301445,-44.997517,-100.000015,0,0
7.2301445,-44.997517,-100.000015,0,0
6.2301445,-44.997517,-100.000015,0,0
5.2301445,-44.997517,-100.000015,0,0
4.2301445,-44.997517,-100.000015,0,0
3.2301445,-44.997517,-100.000015,0,0
2.2301445,-44.997517,-100.000015,0,0
1.2301445,-44.997517,-100.000015,0,0
0.2301445,-44.997517,-100.000015,0,0
-0.7698555,-44.997517,-100.000015,0,0
-1.7698555,-44.997517,-100.000015,0,0
-2.7698555,-44.997517,-100.000015,0,0
-3.7698555,-44.997517,-100.000015,0,0
-4.7698555,-44.997517,-100.000015,0,0
-5.7698555,-44.997517,-100.000015,0,0
-6.7698555,-44.997517,-100.000015,0,0
-7.7698555,-44.997517,-100.000015,0,0
-8.7698555,-44.997517,-100.000015,0,0
-9.7698555,-44.997517,-100.000015,0,0
-10.7698555,-44.997517,-100.000015,0,0
-11.7698555,-44.997517,-100.000015,0,0
-12.7698555,-44.997517,-100.000015,0,0
-13.7698555,-44.997517,-100.000015,0,0
-14.7698555,-44.997517,-100.000015,0,0
-15.7698555,-44.997517,-100.000015,0,0
-16.769855,-44.997517,-100.000015,0,0
-17.769855,-44.997517,-100.000015,0,0
-18.769855,-44.997517,-100.000015,0,0
-19.769855,-44.997517,-100.000015,0,0
-20.769855,-44.997517,-100.000015,0,0
-21.769855,-44.997517,-100.000015,0,0
-22.769855,-44.997517,-100.000015,0,0
-23.769855,-44.997517,-100.000015,0,0
-24.769855,-44.997517,-100.000015,0,0
-25.769855,-44.997517,-100.000015,0,0
-26.769855,-44.997517,-100.000015,0,0
-27.769855,-44.997517,-100.000015,0,0
-28.769855,-44.997517,-100.000015,0,0
-29.769855,-44.997517,-100.000015,0,0
-30.769855,-44.997517,-100.000015,0,0
-31.769855,-44.997517,-100.000015,0,0
-32.769855,-44.997517,-100.000015,0,0
-33.769855,-44.997517,-100.000015,0,0
-34.769855,-44.997517,-100.000015,0,0
-35.769855,-44.997517,-100.000015,0,0
-36.769855,-44.997517,-100.000015,0,0
-37.769855,-44.997517,-100.000015,0,0
-38.769855,-44.997517,-100.000015,0,0
-39.769855,-44.997517,-100.000015,0,0
-40.769855,-44.997517,-100.000015,0,0
-41.769855,-44.997517,-100.000015,0,0
-42.769855,-44.997517,-100.000015,0,0
-43.769855,-44.997517,-100.000015,0,0
-44.769855,-44.997517,-100.000015,0,0
-45.769855,-44.997517,-100.000015,0,0
-46.769855,-44.997517,-100.000015,0,0
-47.769855,-44.997517,-100.000015,0,0
-48.769855,-44.997517,-100.000015,0,0
-49.769855,-44.997517,-100.000015,0,0
49.230145,-45.997517,-100.000015,0,0
48.230145,-45.997517,-100.000015,0,0
47.230145,-45.997517,-100.000015,0,0
46.230145,-45.997517,-100.000015,0,0
45.230145,-45.997517,-100.000015,0,0
44.230145,-45.997517,-100.000015,0,0
43.230145,-45.997517,-100.000015,0,0
42.230145,-45.997517,-100.000015,0,0
41.230145,-45.997517,-100.000015,0,0
40.230145,-45.997517,-100.000015,0,0
39.230145,-45.997517,-100.000015,0,0
38.230145,-45.997517,-100.000015,0,0
37.230145,-45.997517,-100.000015,0,0
36.230145,-45.997517,-100.000015,0,0
35.230145,-45.997517,-100.000015,0,0
34.230145,-45.997517,-100.000015,0,0
33.230145,-45.997517,-100.000015,0,0
32.230145,-45.997517,-100.000015,0,0
31.230145,-45.997517,-100.000015,0,0
30.230145,-45.997517,-100.000015,0,0
29.230145,-45.997517,-100.000015,0,0
28.230145,-45.997517,-100.000015,0,0
27.230145,-45.997517,-100.000015,0,0
26.230145,-45.997517,-100.000015,0,0
25.230145,-45.997517,-100.000015,0,0
24.230145,-45.997517,-100.000015,0,0
23.230145,-45.997517,-100.000015,0,0
22.230145,-45.997517,-100.000015,0,0
21.230145,-45.997517,-100.000015,0,0
20.230145,-45.997517,-100.000015,0,0
19.230145,-45.997517,-100.000015,0,0
18.230145,-45.997517,-100.000015,0,0
17.230145,-45.997517,-100.000015,0,0
16.230145,-45.997517,-100.000015,0,0
15.2301445,-45.997517,-100.000015,0,0
14.2301445,-45.997517,-100.000015,0,0
13.2301445,-45.997517,-100.000015,0,0
12.2301445,-45.997517,-100.000015,0,0
11.2301445,-45.997517,-100.000015,0,0
10.2301445,-45.997517,-100.000015,0,0
9.2301445,-45.997517,-100.000015,0,0
8.2301445,-45.997517,-100.000015,0,0
7.2301445,-45.997517,-100.000015,0,0
6.2301445,-45.997517,-100.000015,0,0
5.2301445,-45.997517,-100.000015,0,0
4.2301445,-45.997517,-100.000015,0,0
3.2301445,-45.997517,-100.000015,0,0
2.2301445,-45.997517,-100.000015,0,0
1.2301445,-45.997517,-100.000015,0,0
0.2301445,-45.997517,-100.000015,0,0
-0.7698555,-45.997517,-100.000015,0,0
-1.7698555,-45.997517,-100.000015,0,0
-2.7698555,-45.997517,-100.000015,0,0
-3.7698555,-45.997517,-100.000015,0,0
-4.7698555,-45.997517,-100.000015,0,0
-5.7698555,-45.997517,-100.000015,0,0
-6.7698555,-45.997517,-100.000015,0,0
-7.7698555,-45.997517,-100.000015,0,0
-8.7698555,-45.997517,-100.000015,0,0
-9.7698555,-45.997517,-100.000015,0,0
-10.7698555,-45.997517,-100.000015,0,0
-11.7698555,-45.997517,-100.000015,0,0
-12.7698555,-45.997517,-100.000015,0,0
-13.7698555,-45.997517,-100.000015,0,0
-14.7698555,-45.997517,-100.000015,0,0
-15.7698555,-45.997517,-100.000015,0,0
-16.769855,-45.997517,-100.000015,0,0
-17.769855,-45.997517,-100.000015,0,0
-18.769855,-45.997517,-100.000015,0,0
-19.769855,-45.997517,-100.000015,0,0
-20.769855,-45.997517,-100.000015,0,0
-21.769855,-45.997517,-100.000015,0,0
-22.769855,-45.997517,-100.000015,0,0
-23.769855,-45.997517,-100.000015,0,0
-24.769855,-45.997517,-100.000015,0,0
-25.769855,-45.997517,-100.000015,0,0
-26.769855,-45.997517,-100.000015,0,0
-27.769855,-45.997517,-100.000015,0,0
-28.769855,-45.997517,-100.000015,0,0
-29.769855,-45.997517,-100.000015,0,0
-30.769855,-45.997517,-100.000015,0,0
-31.769855,-45.997517,-100.000015,0,0
-32.769855,-45.997517,-100.000015,0,0
-33.769855,-45.997517,-100.000015,0,0
-34.769855,-45.997517,-100.000015,0,0
-35.769855,-45.997517,-100.000015,0,0
-36.769855,-45.997517,-100.000015,0,0
-37.769855,-45.997517,-100.000015,0,0
-38.769855,-45.997517,-100.000015,0,0
-39.769855,-45.997517,-100.000015,0,0
-40.769855,-45.997517,-100.000015,0,0
-41.769855,-45.997517,-100.000015,0,0
-42.769855,-45.997517,-100.000015,0,0
-43.769855,-45.997517,-100.000015,0,0
-44.769855,-45.997517,-100.000015,0,0
-45.769855,-45.997517,-100.000015,0,0
-46.769855,-45.997517,-100.000015,0,0
-47.769855,-45.997517,-100.000015,0,0
-48.769855,-45.997517,-100.000015,0,0
-49.769855,-45.997517,-100.000015,0,0
49.230145,-46.997517,-100.000015,0,0
48.230145,-46.997517,-100.000015,0,0
47.230145,-46.997517,-100.000015,0,0
46.230145,-46.997517,-100.000015,0,0
45.230145,-46.997517,-100.000015,0,0
44.230145,-46.997517,-100.000015,0,0
43.230145,-46.997517,-100.000015,0,0
42.230145,-46.997517,-100.000015,0,0
41.230145,-46.997517,-100.000015,0,0
40.230145,-46.997517,-100.000015,0,0
39.230145,-46.997517,-100.000015,0,0
38.230145,-46.997517,-100.000015,0,0
37.230145,-46.997517,-100.000015,0,0
36.230145,-46.997517,-100.000015,0,0
35.230145,-46.997517,-100.000015,0,0
34.230145,-46.997517,-100.000015,0,0
33.230145,-46.997517,-100.000015,0,0
32.230145,-46.997517,-100.000015,0,0
31.230145,-46.997517,-100.000015,0,0
30.230145,-46.997517,-100.000015,0,0
29.230145,-46.997517,-100.000015,0,0
28.230145,-46.997517,-100.000015,0,0
27.230145,-46.997517,-100.000015,0,0
26.230145,-46.997517,-100.000015,0,0
25.230145,-46.997517,-100.000015,0,0
24.230145,-46.997517,-100.000015,0,0
23.230145,-46.997517,-100.000015,0,0
22.230145,-46.997517,-100.000015,0,0
21.230145,-46.997517,-100.000015,0,0
20.230145,-46.997517,-100.000015,0,0
19.230145,-46.997517,-100.000015,0,0
18.230145,-46.997517,-100.000015,0,0
17.230145,-46.997517,-100.000015,0,0
16.230145,-46.997517,-100.000015,0,0
15.2301445,-46.997517,-100.000015,0,0
14.2301445,-46.997517,-100.000015,0,0
13.2301445,-46.997517,-100.000015,0,0
12.2301445,-46.997517,-100.000015,0,0
11.2301445,-46.997517,-100.000015,0,0
10.2301445,-46.997517,-100.000015,0,0
9.2301445,-46.997517,-100.000015,0,0
8.2301445,-46.997517,-100.000015,0,0
7.2301445,-46.997517,-100.000015,0,0
6.2301445,-46.997517,-100.000015,0,0
5.2301445,-46.997517,-100.000015,0,0
4.2301445,-46.997517,-100.000015,0,0
3.2301445,-46.997517,-100.000015,0,0
2.2301445,-46.997517,-100.000015,0,0
1.2301445,-46.997517,-100.000015,0,0
0.2301445,-46.997517,-100.000015,0,0
-0.7698555,-46.997517,-100.000015,0,0
-1.7698555,-46.997517,-100.000015,0,0
-2.7698555,-46.997517,-100.000015,0,0
-3.7698555,-46.997517,-100.000015,0,0
-4.7698555,-46.997517,-100.000015,0,0
-5.7698555,-46.997517,-100.000015,0,0
-6.7698555,-46.997517,-100.000015,0,0
-7.7698555,-46.997517,-100.000015,0,0
-8.7698555,-46.997517,-100.000015,0,0
-9.7698555,-46.997517,-100.000015,0,0
-10.7698555,-46.997517,-100.000015,0,0
-11.7698555,-46.997517,-100.000015,0,0
-12.7698555,-46.997517,-100.000015,0,0
-13.7698555,-46.997517,-100.000015,0,0
-14.7698555,-46.997517,-100.000015,0,0
-15.7698555,-46.997517,-100.000015,0,0
-16.769855,-46.997517,-100.000015,0,0
-17.769855,-46.997517,-100.000015,0,0
-18.769855,-46.997517,-100.000015,0,0
-19.769855,-46.997517,-100.000015,0,0
-20.769855,-46.997517,-100.000015,0,0
-21.769855,-46.997517,-100.000015,0,0
-22.769855,-46.997517,-100.000015,0,0
-23.769855,-46.997517,-100.000015,0,0
-24.769855,-46.997517,-100.000015,0,0
-25.769855,-46.997517,-100.000015,0,0
-26.769855,-46.997517,-100.000015,0,0
-27.769855,-46.997517,-100.000015,0,0
-28.769855,-46.997517,-100.000015,0,0
-29.769855,-46.997517,-100.000015,0,0
-30.769855,-46.997517,-100.000015,0,0
-31.769855,-46.997517,-100.000015,0,0
-32.769855,-46.997517,-100.000015,0,0
-33.769855,-46.997517,-100.000015,0,0
-34.769855,-46.997517,-100.000015,0,0
-35.769855,-46.997517,-100.000015,0,0
-36.769855,-46.997517,-100.000015,0,0
-37.769855,-46.997517,-100.000015,0,0
-38.769855,-46.997517,-100.000015,0,0
-39.769855,-46.997517,-100.000015,0,0
-40.769855,-46.997517,-100.000015,0,0
-41.769855,-46.997517,-100.000015,0,0
-42.769855,-46.997517,-100.000015,0,0
-43.769855,-46.997517,-100.000015,0,0
-44.769855,-46.997517,-100.000015,0,0
-45.769855,-46.997517,-100.000015,0,0
-46.769855,-46.997517,-100.000015,0,0
-47.769855,-46.997517,-100.000015,0,0
-48.769855,-46.997517,-100.000015,0,0
-49.769855,-46.997517,-100.000015,0,0
