X-coordinate,Y-coordinate,Z-coordinate,Advanced,Counts
49.23015,52.002483,-150,0,0
48.23015,52.002483,-150,0,0
47.23015,52.002483,-150,0,0
46.23015,52.002483,-150,0,0
45.23015,52.002483,-150,0,0
44.23015,52.002483,-150,0,0
43.23015,52.002483,-150,0,0
42.23015,52.002483,-150,0,0
41.23015,52.002483,-150,0,0
40.23015,52.002483,-150,0,0
39.23015,52.002483,-150,0,0
38.23015,52.002483,-150,0,0
37.23015,52.002483,-150,0,0
36.23015,52.002483,-150,0,0
35.23015,52.002483,-150,0,0
34.23015,52.002483,-150,0,0
33.23015,52.002483,-150,0,0
32.23015,52.002483,-150,0,0
31.230148,52.002483,-150,0,0
30.230148,52.002483,-150,0,0
29.230148,52.002483,-150,0,0
28.230148,52.002483,-150,0,0
27.230148,52.002483,-150,0,0
26.230148,52.002483,-150,0,0
25.230148,52.002483,-150,0,0
24.230148,52.002483,-150,0,0
23.230148,52.002483,-150,0,0
22.230148,52.002483,-150,0,0
21.230148,52.002483,-150,0,0
20.230148,52.002483,-150,0,0
19.230148,52.002483,-150,0,0
18.230148,52.002483,-150,0,0
17.230148,52.002483,-150,0,0
16.230148,52.002483,-150,0,0
15.230148,52.002483,-150,0,0
14.230148,52.002483,-150,0,0
13.230148,52.002483,-150,0,0
12.230148,52.002483,-150,0,0
11.230148,52.002483,-150,0,0
10.230148,52.002483,-150,0,0
9.230148,52.002483,-150,0,0
8.230148,52.002483,-150,0,0
7.2301483,52.002483,-150,0,0
6.2301483,52.002483,-150,0,0
5.2301483,52.002483,-150,0,0
4.2301483,52.002483,-150,0,0
3.2301483,52.002483,-150,0,0
2.2301483,52.002483,-150,0,0
1.2301483,52.002483,-150,0,0
0.23014832,52.002483,-150,0,0
-0.7698517,52.002483,-150,0,0
-1.7698517,52.002483,-150,0,0
-2.7698517,52.002483,-150,0,0
-3.7698517,52.002483,-150,0,0
-4.7698517,52.002483,-150,0,0
-5.7698517,52.002483,-150,0,0
-6.7698517,52.002483,-150,0,0
-7.7698517,52.002483,-150,0,0
-8.769852,52.002483,-150,0,0
-9.769852,52.002483,-150,0,0
-10.769852,52.002483,-150,0,0
-11.769852,52.002483,-150,0,0
-12.769852,52.002483,-150,0,0
-13.769852,52.002483,-150,0,0
-14.769852,52.002483,-150,0,0
-15.769852,52.002483,-150,0,0
-16.769852,52.002483,-150,0,0
-17.769852,52.002483,-150,0,0
-18.769852,52.002483,-150,0,0
-19.769852,52.002483,-150,0,0
-20.769852,52.002483,-150,0,0
-21.769852,52.002483,-150,0,0
-22.769852,52.002483,-150,0,0
-23.769852,52.002483,-150,0,0
-24.769852,52.002483,-150,0,0
-25.769852,52.002483,-150,0,0
-26.769852,52.002483,-150,0,0
-27.769852,52.002483,-150,0,0
-28.769852,52.002483,-150,0,0
-29.769852,52.002483,-150,0,0
-30.769852,52.002483,-150,0,0
-31.769852,52.002483,-150,0,0
-32.76985,52.002483,-150,0,0
-33.76985,52.002483,-150,0,0
-34.76985,52.002483,-150,0,0
-35.76985,52.002483,-150,0,0
-36.76985,52.002483,-150,0,0
-37.76985,52.002483,-150,0,0
-38.76985,52.002483,-150,0,0
-39.76985,52.002483,-150,0,0
-40.76985,52.002483,-150,0,0
-41.76985,52.002483,-150,0,0
-42.76985,52.002483,-150,0,0
-43.76985,52.002483,-150,0,0
-44.76985,52.002483,-150,0,0
-45.76985,52.002483,-150,0,0
-46.76985,52.002483,-150,0,0
-47.76985,52.002483,-150,0,0
-48.76985,52.002483,-150,0,0
-49.76985,52.002483,-150,0,0
49.23015,51.002483,-150,0,0
48.23015,51.002483,-150,0,0
47.23015,51.002483,-150,0,0
46.23015,51.002483,-150,0,0
45.23015,51.002483,-150,0,0
44.23015,51.002483,-150,0,0
43.23015,51.002483,-150,0,0
42.23015,51.002483,-150,0,0
41.23015,51.002483,-150,0,0
40.23015,51.002483,-150,0,0
39.23015,51.002483,-150,0,0
38.23015,51.002483,-150,0,0
37.23015,51.002483,-150,0,0
36.23015,51.002483,-150,0,0
35.23015,51.002483,-150,0,0
34.23015,51.002483,-150,0,0
33.23015,51.002483,-150,0,0
32.23015,51.002483,-150,0,0
31.230148,51.002483,-150,0,0
30.230148,51.002483,-150,0,0
29.230148,51.002483,-150,0,0
28.230148,51.002483,-150,0,0
27.230148,51.002483,-150,0,0
26.230148,51.002483,-150,0,0
25.230148,51.002483,-150,0,0
24.230148,51.002483,-150,0,0
23.230148,51.002483,-150,0,0
22.230148,51.002483,-150,0,0
21.230148,51.002483,-150,0,0
20.230148,51.002483,-150,0,0
19.230148,51.002483,-150,0,0
18.230148,51.002483,-150,0,0
17.230148,51.002483,-150,0,0
16.230148,51.002483,-150,0,0
15.230148,51.002483,-150,0,0
14.230148,51.002483,-150,0,0
13.230148,51.002483,-150,0,0
12.230148,51.002483,-150,0,0
11.230148,51.002483,-150,0,0
10.230148,51.002483,-150,0,0
9.230148,51.002483,-150,0,0
8.230148,51.002483,-150,0,0
7.2301483,51.002483,-150,0,0
6.2301483,51.002483,-150,0,0
5.2301483,51.002483,-150,0,0
4.2301483,51.002483,-150,0,0
3.2301483,51.002483,-150,0,0
2.2301483,51.002483,-150,0,0
1.2301483,51.002483,-150,0,0
0.23014832,51.002483,-150,0,0
-0.7698517,51.002483,-150,0,0
-1.7698517,51.002483,-150,0,0
-2.7698517,51.002483,-150,0,0
-3.7698517,51.002483,-150,0,0
-4.7698517,51.002483,-150,0,0
-5.7698517,51.002483,-150,0,0
-6.7698517,51.002483,-150,0,0
-7.7698517,51.002483,-150,0,0
-8.769852,51.002483,-150,0,0
-9.769852,51.002483,-150,0,0
-10.769852,51.002483,-150,0,0
-11.769852,51.002483,-150,0,0
-12.769852,51.002483,-150,0,0
-13.769852,51.002483,-150,0,0
-14.769852,51.002483,-150,0,0
-15.769852,51.002483,-150,0,0
-16.769852,51.002483,-150,0,0
-17.769852,51.002483,-150,0,0
-18.769852,51.002483,-150,0,0
-19.769852,51.002483,-150,0,0
-20.769852,51.002483,-150,0,0
-21.769852,51.002483,-150,0,0
-22.769852,51.002483,-150,0,0
-23.769852,51.002483,-150,0,0
-24.769852,51.002483,-150,0,0
-25.769852,51.002483,-150,0,0
-26.769852,51.002483,-150,0,0
-27.769852,51.002483,-150,0,0
-28.769852,51.002483,-150,0,0
-29.769852,51.002483,-150,0,0
-30.769852,51.002483,-150,0,0
-31.769852,51.002483,-150,0,0
-32.76985,51.002483,-150,0,0
-33.76985,51.002483,-150,0,0
-34.76985,51.002483,-150,0,0
-35.76985,51.002483,-150,0,0
-36.76985,51.002483,-150,0,0
-37.76985,51.002483,-150,0,0
-38.76985,51.002483,-150,0,0
-39.76985,51.002483,-150,0,0
-40.76985,51.002483,-150,0,0
-41.76985,51.002483,-150,0,0
-42.76985,51.002483,-150,0,0
-43.76985,51.002483,-150,0,0
-44.76985,51.002483,-150,0,0
-45.76985,51.002483,-150,0,0
-46.76985,51.002483,-150,0,0
-47.76985,51.002483,-150,0,0
-48.76985,51.002483,-150,0,0
-49.76985,51.002483,-150,0,0
49.23015,50.002483,-150,0,0
48.23015,50.002483,-150,0,0
47.23015,50.002483,-150,0,0
46.23015,50.002483,-150,0,0
45.23015,50.002483,-150,0,0
44.23015,50.002483,-150,0,0
43.23015,50.002483,-150,0,0
42.23015,50.002483,-150,0,0
41.23015,50.002483,-150,0,0
40.23015,50.002483,-150,0,0
39.23015,50.002483,-150,0,0
38.23015,50.002483,-150,0,0
37.23015,50.002483,-150,0,0
36.23015,50.002483,-150,0,0
35.23015,50.002483,-150,0,0
34.23015,50.002483,-150,0,0
33.23015,50.002483,-150,0,0
32.23015,50.002483,-150,0,0
31.230148,50.002483,-150,0,0
30.230148,50.002483,-150,0,0
29.230148,50.002483,-150,0,0
28.230148,50.002483,-150,0,0
27.230148,50.002483,-150,0,0
26.230148,50.002483,-150,0,0
25.230148,50.002483,-150,0,0
24.230148,50.002483,-150,0,0
23.230148,50.002483,-150,0,0
22.230148,50.002483,-150,0,0
21.230148,50.002483,-150,0,0
20.230148,50.002483,-150,0,0
19.230148,50.002483,-150,0,0
18.230148,50.002483,-150,0,0
17.230148,50.002483,-150,0,0
16.230148,50.002483,-150,0,0
15.230148,50.002483,-150,0,0
14.230148,50.002483,-150,0,0
13.230148,50.002483,-150,0,0
12.230148,50.002483,-150,0,0
11.230148,50.002483,-150,0,0
10.230148,50.002483,-150,0,0
9.230148,50.002483,-150,0,0
8.230148,50.002483,-150,0,0
7.2301483,50.002483,-150,0,0
6.2301483,50.002483,-150,0,0
5.2301483,50.002483,-150,0,0
4.2301483,50.002483,-150,0,0
3.2301483,50.002483,-150,0,0
2.2301483,50.002483,-150,0,0
1.2301483,50.002483,-150,0,0
0.23014832,50.002483,-150,0,0
-0.7698517,50.002483,-150,0,0
-1.7698517,50.002483,-150,0,0
-2.7698517,50.002483,-150,0,0
-3.7698517,50.002483,-150,0,0
-4.7698517,50.002483,-150,0,0
-5.7698517,50.002483,-150,0,0
-6.7698517,50.002483,-150,0,0
-7.7698517,50.002483,-150,0,0
-8.769852,50.002483,-150,0,0
-9.769852,50.002483,-150,0,0
-10.769852,50.002483,-150,0,0
-11.769852,50.002483,-150,0,0
-12.769852,50.002483,-150,0,0
-13.769852,50.002483,-150,0,0
-14.769852,50.002483,-150,0,0
-15.769852,50.002483,-150,0,0
-16.769852,50.002483,-150,0,0
-17.769852,50.002483,-150,0,0
-18.769852,50.002483,-150,0,0
-19.769852,50.002483,-150,0,0
-20.769852,50.002483,-150,0,0
-21.769852,50.002483,-150,0,0
-22.769852,50.002483,-150,0,0
-23.769852,50.002483,-150,0,0
-24.769852,50.002483,-150,0,0
-25.769852,50.002483,-150,0,0
-26.769852,50.002483,-150,0,0
-27.769852,50.002483,-150,0,0
-28.769852,50.002483,-150,0,0
-29.769852,50.002483,-150,0,0
-30.769852,50.002483,-150,0,0
-31.769852,50.002483,-150,0,0
-32.76985,50.002483,-150,0,0
-33.76985,50.002483,-150,0,0
-34.76985,50.002483,-150,0,0
-35.76985,50.002483,-150,0,0
-36.76985,50.002483,-150,0,0
-37.76985,50.002483,-150,0,0
-38.76985,50.002483,-150,0,0
-39.76985,50.002483,-150,0,0
-40.76985,50.002483,-150,0,0
-41.76985,50.002483,-150,0,0
-42.76985,50.002483,-150,0,0
-43.76985,50.002483,-150,0,0
-44.76985,50.002483,-150,0,0
-45.76985,50.002483,-150,0,0
-46.76985,50.002483,-150,0,0
-47.76985,50.002483,-150,0,0
-48.76985,50.002483,-150,0,0
-49.76985,50.002483,-150,0,0
49.23015,49.002483,-150,0,0
48.23015,49.002483,-150,0,0
47.23015,49.002483,-150,0,0
46.23015,49.002483,-150,0,0
45.23015,49.002483,-150,0,0
44.23015,49.002483,-150,0,0
43.23015,49.002483,-150,0,0
42.23015,49.002483,-150,0,0
41.23015,49.002483,-150,0,0
40.23015,49.002483,-150,0,0
39.23015,49.002483,-150,0,0
38.23015,49.002483,-150,0,0
37.23015,49.002483,-150,0,0
36.23015,49.002483,-150,0,0
35.23015,49.002483,-150,0,0
34.23015,49.002483,-150,0,0
33.23015,49.002483,-150,0,0
32.23015,49.002483,-150,0,0
31.230148,49.002483,-150,0,0
30.230148,49.002483,-150,0,0
29.230148,49.002483,-150,0,0
28.230148,49.002483,-150,0,0
27.230148,49.002483,-150,0,0
26.230148,49.002483,-150,0,0
25.230148,49.002483,-150,0,0
24.230148,49.002483,-150,0,0
23.230148,49.002483,-150,0,0
22.230148,49.002483,-150,0,0
21.230148,49.002483,-150,0,0
20.230148,49.002483,-150,0,0
19.230148,49.002483,-150,0,0
18.230148,49.002483,-150,0,0
17.230148,49.002483,-150,0,0
16.230148,49.002483,-150,0,0
15.230148,49.002483,-150,0,0
14.230148,49.002483,-150,0,0
13.230148,49.002483,-150,0,0
12.230148,49.002483,-150,0,0
11.230148,49.002483,-150,0,0
10.230148,49.002483,-150,0,0
9.230148,49.002483,-150,0,0
8.230148,49.002483,-150,0,0
7.2301483,49.002483,-150,0,0
6.2301483,49.002483,-150,0,0
5.2301483,49.002483,-150,0,0
4.2301483,49.002483,-150,0,0
3.2301483,49.002483,-150,0,0
2.2301483,49.002483,-150,0,0
1.2301483,49.002483,-150,0,0
0.23014832,49.002483,-150,0,0
-0.7698517,49.002483,-150,0,0
-1.7698517,49.002483,-150,0,0
-2.7698517,49.002483,-150,0,0
-3.7698517,49.002483,-150,0,0
-4.7698517,49.002483,-150,0,0
-5.7698517,49.002483,-150,0,0
-6.7698517,49.002483,-150,0,0
-7.7698517,49.002483,-150,0,0
-8.769852,49.002483,-150,0,0
-9.769852,49.002483,-150,0,0
-10.769852,49.002483,-150,0,0
-11.769852,49.002483,-150,0,0
-12.769852,49.002483,-150,0,0
-13.769852,49.002483,-150,0,0
-14.769852,49.002483,-150,0,0
-15.769852,49.002483,-150,0,0
-16.769852,49.002483,-150,0,0
-17.769852,49.002483,-150,0,0
-18.769852,49.002483,-150,0,0
-19.769852,49.002483,-150,0,0
-20.769852,49.002483,-150,0,0
-21.769852,49.002483,-150,0,0
-22.769852,49.002483,-150,0,0
-23.769852,49.002483,-150,0,0
-24.769852,49.002483,-150,0,0
-25.769852,49.002483,-150,0,0
-26.769852,49.002483,-150,0,0
-27.769852,49.002483,-150,0,0
-28.769852,49.002483,-150,0,0
-29.769852,49.002483,-150,0,0
-30.769852,49.002483,-150,0,0
-31.769852,49.002483,-150,0,0
-32.76985,49.002483,-150,0,0
-33.76985,49.002483,-150,0,0
-34.76985,49.002483,-150,0,0
-35.76985,49.002483,-150,0,0
-36.76985,49.002483,-150,0,0
-37.76985,49.002483,-150,0,0
-38.76985,49.002483,-150,0,0
-39.76985,49.002483,-150,0,0
-40.76985,49.002483,-150,0,0
-41.76985,49.002483,-150,0,0
-42.76985,49.002483,-150,0,0
-43.76985,49.002483,-150,0,0
-44.76985,49.002483,-150,0,0
-45.76985,49.002483,-150,0,0
-46.76985,49.002483,-150,0,0
-47.76985,49.002483,-150,0,0
-48.76985,49.002483,-150,0,0
-49.76985,49.002483,-150,0,0
49.23015,48.002483,-150,0,0
48.23015,48.002483,-150,0,0
47.23015,48.002483,-150,0,0
46.23015,48.002483,-150,0,0
45.23015,48.002483,-150,0,0
44.23015,48.002483,-150,0,0
43.23015,48.002483,-150,0,0
42.23015,48.002483,-150,0,0
41.23015,48.002483,-150,0,0
40.23015,48.002483,-150,0,0
39.23015,48.002483,-150,0,0
38.23015,48.002483,-150,0,0
37.23015,48.002483,-150,0,0
36.23015,48.002483,-150,0,0
35.23015,48.002483,-150,0,0
34.23015,48.002483,-150,0,0
33.23015,48.002483,-150,0,0
32.23015,48.002483,-150,0,0
31.230148,48.002483,-150,0,0
30.230148,48.002483,-150,0,0
29.230148,48.002483,-150,0,0
28.230148,48.002483,-150,0,0
27.230148,48.002483,-150,0,0
26.230148,48.002483,-150,0,0
25.230148,48.002483,-150,0,0
24.230148,48.002483,-150,0,0
23.230148,48.002483,-150,0,0
22.230148,48.002483,-150,0,0
21.230148,48.002483,-150,0,0
20.230148,48.002483,-150,0,0
19.230148,48.002483,-150,0,0
18.230148,48.002483,-150,0,0
17.230148,48.002483,-150,0,0
16.230148,48.002483,-150,0,0
15.230148,48.002483,-150,0,0
14.230148,48.002483,-150,0,0
13.230148,48.002483,-150,0,0
12.230148,48.002483,-150,0,0
11.230148,48.002483,-150,0,0
10.230148,48.002483,-150,0,0
9.230148,48.002483,-150,0,0
8.230148,48.002483,-150,0,0
7.2301483,48.002483,-150,0,0
6.2301483,48.002483,-150,0,0
5.2301483,48.002483,-150,0,0
4.2301483,48.002483,-150,0,0
3.2301483,48.002483,-150,0,0
2.2301483,48.002483,-150,0,0
1.2301483,48.002483,-150,0,0
0.23014832,48.002483,-150,0,0
-0.7698517,48.002483,-150,0,0
-1.7698517,48.002483,-150,0,0
-2.7698517,48.002483,-150,0,0
-3.7698517,48.002483,-150,0,0
-4.7698517,48.002483,-150,0,0
-5.7698517,48.002483,-150,0,0
-6.7698517,48.002483,-150,0,0
-7.7698517,48.002483,-150,0,0
-8.769852,48.002483,-150,0,0
-9.769852,48.002483,-150,0,0
-10.769852,48.002483,-150,0,0
-11.769852,48.002483,-150,0,0
-12.769852,48.002483,-150,0,0
-13.769852,48.002483,-150,0,0
-14.769852,48.002483,-150,0,0
-15.769852,48.002483,-150,0,0
-16.769852,48.002483,-150,0,0
-17.769852,48.002483,-150,0,0
-18.769852,48.002483,-150,0,0
-19.769852,48.002483,-150,0,0
-20.769852,48.002483,-150,0,0
-21.769852,48.002483,-150,0,0
-22.769852,48.002483,-150,0,0
-23.769852,48.002483,-150,0,0
-24.769852,48.002483,-150,0,0
-25.769852,48.002483,-150,0,0
-26.769852,48.002483,-150,0,0
-27.769852,48.002483,-150,0,0
-28.769852,48.002483,-150,0,0
-29.769852,48.002483,-150,0,0
-30.769852,48.002483,-150,0,0
-31.769852,48.002483,-150,0,0
-32.76985,48.002483,-150,0,0
-33.76985,48.002483,-150,0,0
-34.76985,48.002483,-150,0,0
-35.76985,48.002483,-150,0,0
-36.76985,48.002483,-150,0,0
-37.76985,48.002483,-150,0,0
-38.76985,48.002483,-150,0,0
-39.76985,48.002483,-150,0,0
-40.76985,48.002483,-150,0,0
-41.76985,48.002483,-150,0,0
-42.76985,48.002483,-150,0,0
-43.76985,48.002483,-150,0,0
-44.76985,48.002483,-150,0,0
-45.76985,48.002483,-150,0,0
-46.76985,48.002483,-150,0,0
-47.76985,48.002483,-150,0,0
-48.76985,48.002483,-150,0,0
-49.76985,48.002483,-150,0,0
49.23015,47.002483,-150,0,0
48.23015,47.002483,-150,0,0
47.23015,47.002483,-150,0,0
46.23015,47.002483,-150,0,0
45.23015,47.002483,-150,0,0
44.23015,47.002483,-150,0,0
43.23015,47.002483,-150,0,0
42.23015,47.002483,-150,0,0
41.23015,47.002483,-150,0,0
40.23015,47.002483,-150,0,0
39.23015,47.002483,-150,0,0
38.23015,47.002483,-150,0,0
37.23015,47.002483,-150,0,0
36.23015,47.002483,-150,0,0
35.23015,47.002483,-150,0,0
34.23015,47.002483,-150,0,0
33.23015,47.002483,-150,0,0
32.23015,47.002483,-150,0,0
31.230148,47.002483,-150,0,0
30.230148,47.002483,-150,0,0
29.230148,47.002483,-150,0,0
28.230148,47.002483,-150,0,0
27.230148,47.002483,-150,0,0
26.230148,47.002483,-150,0,0
25.230148,47.002483,-150,0,0
24.230148,47.002483,-150,0,0
23.230148,47.002483,-150,0,0
22.230148,47.002483,-150,0,0
21.230148,47.002483,-150,0,0
20.230148,47.002483,-150,0,0
19.230148,47.002483,-150,0,0
18.230148,47.002483,-150,0,0
17.230148,47.002483,-150,0,0
16.230148,47.002483,-150,0,0
15.230148,47.002483,-150,0,0
14.230148,47.002483,-150,0,0
13.230148,47.002483,-150,0,0
12.230148,47.002483,-150,0,0
11.230148,47.002483,-150,0,0
10.230148,47.002483,-150,0,0
9.230148,47.002483,-150,0,0
8.230148,47.002483,-150,0,0
7.2301483,47.002483,-150,0,0
6.2301483,47.002483,-150,0,0
5.2301483,47.002483,-150,0,0
4.2301483,47.002483,-150,0,0
3.2301483,47.002483,-150,0,0
2.2301483,47.002483,-150,0,0
1.2301483,47.002483,-150,0,0
0.23014832,47.002483,-150,0,0
-0.7698517,47.002483,-150,0,0
-1.7698517,47.002483,-150,0,0
-2.7698517,47.002483,-150,0,0
-3.7698517,47.002483,-150,0,0
-4.7698517,47.002483,-150,0,0
-5.7698517,47.002483,-150,0,0
-6.7698517,47.002483,-150,0,0
-7.7698517,47.002483,-150,0,0
-8.769852,47.002483,-150,0,0
-9.769852,47.002483,-150,0,0
-10.769852,47.002483,-150,0,0
-11.769852,47.002483,-150,0,0
-12.769852,47.002483,-150,0,0
-13.769852,47.002483,-150,0,0
-14.769852,47.002483,-150,0,0
-15.769852,47.002483,-150,0,0
-16.769852,47.002483,-150,0,0
-17.769852,47.002483,-150,0,0
-18.769852,47.002483,-150,0,0
-19.769852,47.002483,-150,0,0
-20.769852,47.002483,-150,0,0
-21.769852,47.002483,-150,0,0
-22.769852,47.002483,-150,0,0
-23.769852,47.002483,-150,0,0
-24.769852,47.002483,-150,0,0
-25.769852,47.002483,-150,0,0
-26.769852,47.002483,-150,0,0
-27.769852,47.002483,-150,0,0
-28.769852,47.002483,-150,0,0
-29.769852,47.002483,-150,0,0
-30.769852,47.002483,-150,0,0
-31.769852,47.002483,-150,0,0
-32.76985,47.002483,-150,0,0
-33.76985,47.002483,-150,0,0
-34.76985,47.002483,-150,0,0
-35.76985,47.002483,-150,0,0
-36.76985,47.002483,-150,0,0
-37.76985,47.002483,-150,0,0
-38.76985,47.002483,-150,0,0
-39.76985,47.002483,-150,0,0
-40.76985,47.002483,-150,0,0
-41.76985,47.002483,-150,0,0
-42.76985,47.002483,-150,0,0
-43.76985,47.002483,-150,0,0
-44.76985,47.002483,-150,0,0
-45.76985,47.002483,-150,0,0
-46.76985,47.002483,-150,0,0
-47.76985,47.002483,-150,0,0
-48.76985,47.002483,-150,0,0
-49.76985,47.002483,-150,0,0
49.23015,46.002483,-150,0,0
48.23015,46.002483,-150,0,0
47.23015,46.002483,-150,0,0
46.23015,46.002483,-150,0,0
45.23015,46.002483,-150,0,0
44.23015,46.002483,-150,0,0
43.23015,46.002483,-150,0,0
42.23015,46.002483,-150,0,0
41.23015,46.002483,-150,0,0
40.23015,46.002483,-150,0,0
39.23015,46.002483,-150,0,0
38.23015,46.002483,-150,0,0
37.23015,46.002483,-150,0,0
36.23015,46.002483,-150,0,0
35.23015,46.002483,-150,0,0
34.23015,46.002483,-150,0,0
33.23015,46.002483,-150,0,0
32.23015,46.002483,-150,0,0
31.230148,46.002483,-150,0,0
30.230148,46.002483,-150,0,0
29.230148,46.002483,-150,0,0
28.230148,46.002483,-150,0,0
27.230148,46.002483,-150,0,0
26.230148,46.002483,-150,0,0
25.230148,46.002483,-150,0,0
24.230148,46.002483,-150,0,0
23.230148,46.002483,-150,0,0
22.230148,46.002483,-150,0,0
21.230148,46.002483,-150,0,0
20.230148,46.002483,-150,0,0
19.230148,46.002483,-150,0,0
18.230148,46.002483,-150,0,0
17.230148,46.002483,-150,0,0
16.230148,46.002483,-150,0,0
15.230148,46.002483,-150,0,0
14.230148,46.002483,-150,0,0
13.230148,46.002483,-150,0,0
12.230148,46.002483,-150,0,0
11.230148,46.002483,-150,0,0
10.230148,46.002483,-150,0,0
9.230148,46.002483,-150,0,0
8.230148,46.002483,-150,0,0
7.2301483,46.002483,-150,0,0
6.2301483,46.002483,-150,0,0
5.2301483,46.002483,-150,0,0
4.2301483,46.002483,-150,0,0
3.2301483,46.002483,-150,0,0
2.2301483,46.002483,-150,0,0
1.2301483,46.002483,-150,0,0
0.23014832,46.002483,-150,0,0
-0.7698517,46.002483,-150,0,0
-1.7698517,46.002483,-150,0,0
-2.7698517,46.002483,-150,0,0
-3.7698517,46.002483,-150,0,0
-4.7698517,46.002483,-150,0,0
-5.7698517,46.002483,-150,0,0
-6.7698517,46.002483,-150,0,0
-7.7698517,46.002483,-150,0,0
-8.769852,46.002483,-150,0,0
-9.769852,46.002483,-150,0,0
-10.769852,46.002483,-150,0,0
-11.769852,46.002483,-150,0,0
-12.769852,46.002483,-150,0,0
-13.769852,46.002483,-150,0,0
-14.769852,46.002483,-150,0,0
-15.769852,46.002483,-150,0,0
-16.769852,46.002483,-150,0,0
-17.769852,46.002483,-150,0,0
-18.769852,46.002483,-150,0,0
-19.769852,46.002483,-150,0,0
-20.769852,46.002483,-150,0,0
-21.769852,46.002483,-150,0,0
-22.769852,46.002483,-150,0,0
-23.769852,46.002483,-150,0,0
-24.769852,46.002483,-150,0,0
-25.769852,46.002483,-150,0,0
-26.769852,46.002483,-150,0,0
-27.769852,46.002483,-150,0,0
-28.769852,46.002483,-150,0,0
-29.769852,46.002483,-150,0,0
-30.769852,46.002483,-150,0,0
-31.769852,46.002483,-150,0,0
-32.76985,46.002483,-150,0,0
-33.76985,46.002483,-150,0,0
-34.76985,46.002483,-150,0,0
-35.76985,46.002483,-150,0,0
-36.76985,46.002483,-150,0,0
-37.76985,46.002483,-150,0,0
-38.76985,46.002483,-150,0,0
-39.76985,46.002483,-150,0,0
-40.76985,46.002483,-150,0,0
-41.76985,46.002483,-150,0,0
-42.76985,46.002483,-150,0,0
-43.76985,46.002483,-150,0,0
-44.76985,46.002483,-150,0,0
-45.76985,46.002483,-150,0,0
-46.76985,46.002483,-150,0,0
-47.76985,46.002483,-150,0,0
-48.76985,46.002483,-150,0,0
-49.76985,46.002483,-150,0,0
49.23015,45.002483,-150,0,0
48.23015,45.002483,-150,0,0
47.23015,45.002483,-150,0,0
46.23015,45.002483,-150,0,0
45.23015,45.002483,-150,0,0
44.23015,45.002483,-150,0,0
43.23015,45.002483,-150,0,0
42.23015,45.002483,-150,0,0
41.23015,45.002483,-150,0,0
40.23015,45.002483,-150,0,0
39.23015,45.002483,-150,0,0
38.23015,45.002483,-150,0,0
37.23015,45.002483,-150,0,0
36.23015,45.002483,-150,0,0
35.23015,45.002483,-150,0,0
34.23015,45.002483,-150,0,0
33.23015,45.002483,-150,0,0
32.23015,45.002483,-150,0,0
31.230148,45.002483,-150,0,0
30.230148,45.002483,-150,0,0
29.230148,45.002483,-150,0,0
28.230148,45.002483,-150,0,0
27.230148,45.002483,-150,0,0
26.230148,45.002483,-150,0,0
25.230148,45.002483,-150,0,0
24.230148,45.002483,-150,0,0
23.230148,45.002483,-150,0,0
22.230148,45.002483,-150,0,0
21.230148,45.002483,-150,0,0
20.230148,45.002483,-150,0,0
19.230148,45.002483,-150,0,0
18.230148,45.002483,-150,0,0
17.230148,45.002483,-150,0,0
16.230148,45.002483,-150,0,0
15.230148,45.002483,-150,0,0
14.230148,45.002483,-150,0,0
13.230148,45.002483,-150,0,0
12.230148,45.002483,-150,0,0
11.230148,45.002483,-150,0,0
10.230148,45.002483,-150,0,0
9.230148,45.002483,-150,0,0
8.230148,45.002483,-150,0,0
7.2301483,45.002483,-150,0,0
6.2301483,45.002483,-150,0,0
5.2301483,45.002483,-150,0,0
4.2301483,45.002483,-150,0,0
3.2301483,45.002483,-150,0,0
2.2301483,45.002483,-150,0,0
1.2301483,45.002483,-150,0,0
0.23014832,45.002483,-150,0,0
-0.7698517,45.002483,-150,0,0
-1.7698517,45.002483,-150,0,0
-2.7698517,45.002483,-150,0,0
-3.7698517,45.002483,-150,0,0
-4.7698517,45.002483,-150,0,0
-5.7698517,45.002483,-150,0,0
-6.7698517,45.002483,-150,0,0
-7.7698517,45.002483,-150,0,0
-8.769852,45.002483,-150,0,0
-9.769852,45.002483,-150,0,0
-10.769852,45.002483,-150,0,0
-11.769852,45.002483,-150,0,0
-12.769852,45.002483,-150,0,0
-13.769852,45.002483,-150,0,0
-14.769852,45.002483,-150,0,0
-15.769852,45.002483,-150,0,0
-16.769852,45.002483,-150,0,0
-17.769852,45.002483,-150,0,0
-18.769852,45.002483,-150,0,0
-19.769852,45.002483,-150,0,0
-20.769852,45.002483,-150,0,0
-21.769852,45.002483,-150,0,0
-22.769852,45.002483,-150,0,0
-23.769852,45.002483,-150,0,0
-24.769852,45.002483,-150,0,0
-25.769852,45.002483,-150,0,0
-26.769852,45.002483,-150,0,0
-27.769852,45.002483,-150,0,0
-28.769852,45.002483,-150,0,0
-29.769852,45.002483,-150,0,0
-30.769852,45.002483,-150,0,0
-31.769852,45.002483,-150,0,0
-32.76985,45.002483,-150,0,0
-33.76985,45.002483,-150,0,0
-34.76985,45.002483,-150,0,0
-35.76985,45.002483,-150,0,0
-36.76985,45.002483,-150,0,0
-37.76985,45.002483,-150,0,0
-38.76985,45.002483,-150,0,0
-39.76985,45.002483,-150,0,0
-40.76985,45.002483,-150,0,0
-41.76985,45.002483,-150,0,0
-42.76985,45.002483,-150,0,0
-43.76985,45.002483,-150,0,0
-44.76985,45.002483,-150,0,0
-45.76985,45.002483,-150,0,0
-46.76985,45.002483,-150,0,0
-47.76985,45.002483,-150,0,0
-48.76985,45.002483,-150,0,0
-49.76985,45.002483,-150,0,0
49.23015,44.002483,-150,0,0
48.23015,44.002483,-150,0,0
47.23015,44.002483,-150,0,0
46.23015,44.002483,-150,0,0
45.23015,44.002483,-150,0,0
44.23015,44.002483,-150,0,0
43.23015,44.002483,-150,0,0
42.23015,44.002483,-150,0,0
41.23015,44.002483,-150,0,0
40.23015,44.002483,-150,0,0
39.23015,44.002483,-150,0,0
38.23015,44.002483,-150,0,0
37.23015,44.002483,-150,0,0
36.23015,44.002483,-150,0,0
35.23015,44.002483,-150,0,0
34.23015,44.002483,-150,0,0
33.23015,44.002483,-150,0,0
32.23015,44.002483,-150,0,0
31.230148,44.002483,-150,0,0
30.230148,44.002483,-150,0,0
29.230148,44.002483,-150,0,0
28.230148,44.002483,-150,0,0
27.230148,44.002483,-150,0,0
26.230148,44.002483,-150,0,0
25.230148,44.002483,-150,0,0
24.230148,44.002483,-150,0,0
23.230148,44.002483,-150,0,0
22.230148,44.002483,-150,0,0
21.230148,44.002483,-150,0,0
20.230148,44.002483,-150,0,0
19.230148,44.002483,-150,0,0
18.230148,44.002483,-150,0,0
17.230148,44.002483,-150,0,0
16.230148,44.002483,-150,0,0
15.230148,44.002483,-150,0,0
14.230148,44.002483,-150,0,0
13.230148,44.002483,-150,0,0
12.230148,44.002483,-150,0,0
11.230148,44.002483,-150,0,0
10.230148,44.002483,-150,0,0
9.230148,44.002483,-150,0,0
8.230148,44.002483,-150,0,0
7.2301483,44.002483,-150,0,0
6.2301483,44.002483,-150,0,0
5.2301483,44.002483,-150,0,0
4.2301483,44.002483,-150,0,0
3.2301483,44.002483,-150,0,0
2.2301483,44.002483,-150,0,0
1.2301483,44.002483,-150,0,0
0.23014832,44.002483,-150,0,0
-0.7698517,44.002483,-150,0,0
-1.7698517,44.002483,-150,0,0
-2.7698517,44.002483,-150,0,0
-3.7698517,44.002483,-150,0,0
-4.7698517,44.002483,-150,0,0
-5.7698517,44.002483,-150,0,0
-6.7698517,44.002483,-150,0,0
-7.7698517,44.002483,-150,0,0
-8.769852,44.002483,-150,0,0
-9.769852,44.002483,-150,0,0
-10.769852,44.002483,-150,0,0
-11.769852,44.002483,-150,0,0
-12.769852,44.002483,-150,0,0
-13.769852,44.002483,-150,0,0
-14.769852,44.002483,-150,0,0
-15.769852,44.002483,-150,0,0
-16.769852,44.002483,-150,0,0
-17.769852,44.002483,-150,0,0
-18.769852,44.002483,-150,0,0
-19.769852,44.002483,-150,0,0
-20.769852,44.002483,-150,0,0
-21.769852,44.002483,-150,0,0
-22.769852,44.002483,-150,0,0
-23.769852,44.002483,-150,0,0
-24.769852,44.002483,-150,0,0
-25.769852,44.002483,-150,0,0
-26.769852,44.002483,-150,0,0
-27.769852,44.002483,-150,0,0
-28.769852,44.002483,-150,0,0
-29.769852,44.002483,-150,0,0
-30.769852,44.002483,-150,0,0
-31.769852,44.002483,-150,0,0
-32.76985,44.002483,-150,0,0
-33.76985,44.002483,-150,0,0
-34.76985,44.002483,-150,0,0
-35.76985,44.002483,-150,0,0
-36.76985,44.002483,-150,0,0
-37.76985,44.002483,-150,0,0
-38.76985,44.002483,-150,0,0
-39.76985,44.002483,-150,0,0
-40.76985,44.002483,-150,0,0
-41.76985,44.002483,-150,0,0
-42.76985,44.002483,-150,0,0
-43.76985,44.002483,-150,0,0
-44.76985,44.002483,-150,0,0
-45.76985,44.002483,-150,0,0
-46.76985,44.002483,-150,0,0
-47.76985,44.002483,-150,0,0
-48.76985,44.002483,-150,0,0
-49.76985,44.002483,-150,0,0
49.23015,43.002483,-150,0,0
48.23015,43.002483,-150,0,0
47.23015,43.002483,-150,0,0
46.23015,43.002483,-150,0,0
45.23015,43.002483,-150,0,0
44.23015,43.002483,-150,0,0
43.23015,43.002483,-150,0,0
42.23015,43.002483,-150,0,0
41.23015,43.002483,-150,0,0
40.23015,43.002483,-150,0,0
39.23015,43.002483,-150,0,0
38.23015,43.002483,-150,0,0
37.23015,43.002483,-150,0,0
36.23015,43.002483,-150,0,0
35.23015,43.002483,-150,0,0
34.23015,43.002483,-150,0,0
33.23015,43.002483,-150,0,0
32.23015,43.002483,-150,0,0
31.230148,43.002483,-150,0,0
30.230148,43.002483,-150,0,0
29.230148,43.002483,-150,0,0
28.230148,43.002483,-150,0,0
27.230148,43.002483,-150,0,0
26.230148,43.002483,-150,0,0
25.230148,43.002483,-150,0,0
24.230148,43.002483,-150,0,0
23.230148,43.002483,-150,0,0
22.230148,43.002483,-150,0,0
21.230148,43.002483,-150,0,0
20.230148,43.002483,-150,0,0
19.230148,43.002483,-150,0,0
18.230148,43.002483,-150,0,0
17.230148,43.002483,-150,0,0
16.230148,43.002483,-150,0,0
15.230148,43.002483,-150,0,0
14.230148,43.002483,-150,0,0
13.230148,43.002483,-150,0,0
12.230148,43.002483,-150,0,0
11.230148,43.002483,-150,0,0
10.230148,43.002483,-150,0,0
9.230148,43.002483,-150,0,0
8.230148,43.002483,-150,0,0
7.2301483,43.002483,-150,0,0
6.2301483,43.002483,-150,0,0
5.2301483,43.002483,-150,0,0
4.2301483,43.002483,-150,0,0
3.2301483,43.002483,-150,0,0
2.2301483,43.002483,-150,0,0
1.2301483,43.002483,-150,0,0
0.23014832,43.002483,-150,0,0
-0.7698517,43.002483,-150,0,0
-1.7698517,43.002483,-150,0,0
-2.7698517,43.002483,-150,0,0
-3.7698517,43.002483,-150,0,0
-4.7698517,43.002483,-150,0,0
-5.7698517,43.002483,-150,0,0
-6.7698517,43.002483,-150,0,0
-7.7698517,43.002483,-150,0,0
-8.769852,43.002483,-150,0,0
-9.769852,43.002483,-150,0,0
-10.769852,43.002483,-150,0,0
-11.769852,43.002483,-150,0,0
-12.769852,43.002483,-150,0,0
-13.769852,43.002483,-150,0,0
-14.769852,43.002483,-150,0,0
-15.769852,43.002483,-150,0,0
-16.769852,43.002483,-150,0,0
-17.769852,43.002483,-150,0,0
-18.769852,43.002483,-150,0,0
-19.769852,43.002483,-150,0,0
-20.769852,43.002483,-150,0,0
-21.769852,43.002483,-150,0,0
-22.769852,43.002483,-150,0,0
-23.769852,43.002483,-150,0,0
-24.769852,43.002483,-150,0,0
-25.769852,43.002483,-150,0,0
-26.769852,43.002483,-150,0,0
-27.769852,43.002483,-150,0,0
-28.769852,43.002483,-150,0,0
-29.769852,43.002483,-150,0,0
-30.769852,43.002483,-150,0,0
-31.769852,43.002483,-150,0,0
-32.76985,43.002483,-150,0,0
-33.76985,43.002483,-150,0,0
-34.76985,43.002483,-150,0,0
-35.76985,43.002483,-150,0,0
-36.76985,43.002483,-150,0,0
-37.76985,43.002483,-150,0,0
-38.76985,43.002483,-150,0,0
-39.76985,43.002483,-150,0,0
-40.76985,43.002483,-150,0,0
-41.76985,43.002483,-150,0,0
-42.76985,43.002483,-150,0,0
-43.76985,43.002483,-150,0,0
-44.76985,43.002483,-150,0,0
-45.76985,43.002483,-150,0,0
-46.76985,43.002483,-150,0,0
-47.76985,43.002483,-150,0,0
-48.76985,43.002483,-150,0,0
-49.76985,43.002483,-150,0,0
49.23015,42.002483,-150,0,0
48.23015,42.002483,-150,0,0
47.23015,42.002483,-150,0,0
46.23015,42.002483,-150,0,0
45.23015,42.002483,-150,0,0
44.23015,42.002483,-150,0,0
43.23015,42.002483,-150,0,0
42.23015,42.002483,-150,0,0
41.23015,42.002483,-150,0,0
40.23015,42.002483,-150,0,0
39.23015,42.002483,-150,0,0
38.23015,42.002483,-150,0,0
37.23015,42.002483,-150,0,0
36.23015,42.002483,-150,0,0
35.23015,42.002483,-150,0,0
34.23015,42.002483,-150,0,0
33.23015,42.002483,-150,0,0
32.23015,42.002483,-150,0,0
31.230148,42.002483,-150,0,0
30.230148,42.002483,-150,0,0
29.230148,42.002483,-150,0,0
28.230148,42.002483,-150,0,0
27.230148,42.002483,-150,0,0
26.230148,42.002483,-150,0,0
25.230148,42.002483,-150,0,0
24.230148,42.002483,-150,0,0
23.230148,42.002483,-150,0,0
22.230148,42.002483,-150,0,0
21.230148,42.002483,-150,0,0
20.230148,42.002483,-150,0,0
19.230148,42.002483,-150,0,0
18.230148,42.002483,-150,0,0
17.230148,42.002483,-150,0,0
16.230148,42.002483,-150,0,0
15.230148,42.002483,-150,0,0
14.230148,42.002483,-150,0,0
13.230148,42.002483,-150,0,0
12.230148,42.002483,-150,0,0
11.230148,42.002483,-150,0,0
10.230148,42.002483,-150,0,0
9.230148,42.002483,-150,0,0
8.230148,42.002483,-150,0,0
7.2301483,42.002483,-150,0,0
6.2301483,42.002483,-150,0,0
5.2301483,42.002483,-150,0,0
4.2301483,42.002483,-150,0,0
3.2301483,42.002483,-150,0,0
2.2301483,42.002483,-150,0,0
1.2301483,42.002483,-150,0,0
0.23014832,42.002483,-150,0,0
-0.7698517,42.002483,-150,0,0
-1.7698517,42.002483,-150,0,0
-2.7698517,42.002483,-150,0,0
-3.7698517,42.002483,-150,0,0
-4.7698517,42.002483,-150,0,0
-5.7698517,42.002483,-150,0,0
-6.7698517,42.002483,-150,0,0
-7.7698517,42.002483,-150,0,0
-8.769852,42.002483,-150,0,0
-9.769852,42.002483,-150,0,0
-10.769852,42.002483,-150,0,0
-11.769852,42.002483,-150,0,0
-12.769852,42.002483,-150,0,0
-13.769852,42.002483,-150,0,0
-14.769852,42.002483,-150,0,0
-15.769852,42.002483,-150,0,0
-16.769852,42.002483,-150,0,0
-17.769852,42.002483,-150,0,0
-18.769852,42.002483,-150,0,0
-19.769852,42.002483,-150,0,0
-20.769852,42.002483,-150,0,0
-21.769852,42.002483,-150,0,0
-22.769852,42.002483,-150,0,0
-23.769852,42.002483,-150,0,0
-24.769852,42.002483,-150,0,0
-25.769852,42.002483,-150,0,0
-26.769852,42.002483,-150,0,0
-27.769852,42.002483,-150,0,0
-28.769852,42.002483,-150,0,0
-29.769852,42.002483,-150,0,0
-30.769852,42.002483,-150,0,0
-31.769852,42.002483,-150,0,0
-32.76985,42.002483,-150,0,0
-33.76985,42.002483,-150,0,0
-34.76985,42.002483,-150,0,0
-35.76985,42.002483,-150,0,0
-36.76985,42.002483,-150,0,0
-37.76985,42.002483,-150,0,0
-38.76985,42.002483,-150,0,0
-39.76985,42.002483,-150,0,0
-40.76985,42.002483,-150,0,0
-41.76985,42.002483,-150,0,0
-42.76985,42.002483,-150,0,0
-43.76985,42.002483,-150,0,0
-44.76985,42.002483,-150,0,0
-45.76985,42.002483,-150,0,0
-46.76985,42.002483,-150,0,0
-47.76985,42.002483,-150,0,0
-48.76985,42.002483,-150,0,0
-49.76985,42.002483,-150,0,0
49.23015,41.002483,-150,0,0
48.23015,41.002483,-150,0,0
47.23015,41.002483,-150,0,0
46.23015,41.002483,-150,0,0
45.23015,41.002483,-150,0,0
44.23015,41.002483,-150,0,0
43.23015,41.002483,-150,0,0
42.23015,41.002483,-150,0,0
41.23015,41.002483,-150,0,0
40.23015,41.002483,-150,0,0
39.23015,41.002483,-150,0,0
38.23015,41.002483,-150,0,0
37.23015,41.002483,-150,0,0
36.23015,41.002483,-150,0,0
35.23015,41.002483,-150,0,0
34.23015,41.002483,-150,0,0
33.23015,41.002483,-150,0,0
32.23015,41.002483,-150,0,0
31.230148,41.002483,-150,0,0
30.230148,41.002483,-150,0,0
29.230148,41.002483,-150,0,0
28.230148,41.002483,-150,0,0
27.230148,41.002483,-150,0,0
26.230148,41.002483,-150,0,0
25.230148,41.002483,-150,0,0
24.230148,41.002483,-150,0,0
23.230148,41.002483,-150,0,0
22.230148,41.002483,-150,0,0
21.230148,41.002483,-150,0,0
20.230148,41.002483,-150,0,0
19.230148,41.002483,-150,0,0
18.230148,41.002483,-150,0,0
17.230148,41.002483,-150,0,0
16.230148,41.002483,-150,0,0
15.230148,41.002483,-150,0,0
14.230148,41.002483,-150,0,0
13.230148,41.002483,-150,0,0
12.230148,41.002483,-150,0,0
11.230148,41.002483,-150,0,0
10.230148,41.002483,-150,0,0
9.230148,41.002483,-150,0,0
8.230148,41.002483,-150,0,0
7.2301483,41.002483,-150,0,0
6.2301483,41.002483,-150,0,0
5.2301483,41.002483,-150,0,0
4.2301483,41.002483,-150,0,0
3.2301483,41.002483,-150,0,0
2.2301483,41.002483,-150,0,0
1.2301483,41.002483,-150,0,0
0.23014832,41.002483,-150,0,0
-0.7698517,41.002483,-150,0,0
-1.7698517,41.002483,-150,0,0
-2.7698517,41.002483,-150,0,0
-3.7698517,41.002483,-150,0,0
-4.7698517,41.002483,-150,0,0
-5.7698517,41.002483,-150,0,0
-6.7698517,41.002483,-150,0,0
-7.7698517,41.002483,-150,0,0
-8.769852,41.002483,-150,0,0
-9.769852,41.002483,-150,0,0
-10.769852,41.002483,-150,0,0
-11.769852,41.002483,-150,0,0
-12.769852,41.002483,-150,0,0
-13.769852,41.002483,-150,0,0
-14.769852,41.002483,-150,0,0
-15.769852,41.002483,-150,0,0
-16.769852,41.002483,-150,0,0
-17.769852,41.002483,-150,0,0
-18.769852,41.002483,-150,0,0
-19.769852,41.002483,-150,0,0
-20.769852,41.002483,-150,0,0
-21.769852,41.002483,-150,0,0
-22.769852,41.002483,-150,0,0
-23.769852,41.002483,-150,0,0
-24.769852,41.002483,-150,0,0
-25.769852,41.002483,-150,0,0
-26.769852,41.002483,-150,0,0
-27.769852,41.002483,-150,0,0
-28.769852,41.002483,-150,0,0
-29.769852,41.002483,-150,0,0
-30.769852,41.002483,-150,0,0
-31.769852,41.002483,-150,0,0
-32.76985,41.002483,-150,0,0
-33.76985,41.002483,-150,0,0
-34.76985,41.002483,-150,0,0
-35.76985,41.002483,-150,0,0
-36.76985,41.002483,-150,0,0
-37.76985,41.002483,-150,0,0
-38.76985,41.002483,-150,0,0
-39.76985,41.002483,-150,0,0
-40.76985,41.002483,-150,0,0
-41.76985,41.002483,-150,0,0
-42.76985,41.002483,-150,0,0
-43.76985,41.002483,-150,0,0
-44.76985,41.002483,-150,0,0
-45.76985,41.002483,-150,0,0
-46.76985,41.002483,-150,0,0
-47.76985,41.002483,-150,0,0
-48.76985,41.002483,-150,0,0
-49.76985,41.002483,-150,0,0
49.23015,40.002483,-150,0,0
48.23015,40.002483,-150,0,0
47.23015,40.002483,-150,0,0
46.23015,40.002483,-150,0,0
45.23015,40.002483,-150,0,0
44.23015,40.002483,-150,0,0
43.23015,40.002483,-150,0,0
42.23015,40.002483,-150,0,0
41.23015,40.002483,-150,0,0
40.23015,40.002483,-150,0,0
39.23015,40.002483,-150,0,0
38.23015,40.002483,-150,0,0
37.23015,40.002483,-150,0,0
36.23015,40.002483,-150,0,0
35.23015,40.002483,-150,0,0
34.23015,40.002483,-150,0,0
33.23015,40.002483,-150,0,0
32.23015,40.002483,-150,0,0
31.230148,40.002483,-150,0,0
30.230148,40.002483,-150,0,0
29.230148,40.002483,-150,0,0
28.230148,40.002483,-150,0,0
27.230148,40.002483,-150,0,0
26.230148,40.002483,-150,0,0
25.230148,40.002483,-150,0,0
24.230148,40.002483,-150,0,0
23.230148,40.002483,-150,0,0
22.230148,40.002483,-150,0,0
21.230148,40.002483,-150,0,0
20.230148,40.002483,-150,0,0
19.230148,40.002483,-150,0,0
18.230148,40.002483,-150,0,0
17.230148,40.002483,-150,0,0
16.230148,40.002483,-150,0,0
15.230148,40.002483,-150,0,0
14.230148,40.002483,-150,0,0
13.230148,40.002483,-150,0,0
12.230148,40.002483,-150,0,0
11.230148,40.002483,-150,0,0
10.230148,40.002483,-150,0,0
9.230148,40.002483,-150,0,0
8.230148,40.002483,-150,0,0
7.2301483,40.002483,-150,0,0
6.2301483,40.002483,-150,0,0
5.2301483,40.002483,-150,0,0
4.2301483,40.002483,-150,0,0
3.2301483,40.002483,-150,0,0
2.2301483,40.002483,-150,0,0
1.2301483,40.002483,-150,0,0
0.23014832,40.002483,-150,0,0
-0.7698517,40.002483,-150,0,0
-1.7698517,40.002483,-150,0,0
-2.7698517,40.002483,-150,0,0
-3.7698517,40.002483,-150,0,0
-4.7698517,40.002483,-150,0,0
-5.7698517,40.002483,-150,0,0
-6.7698517,40.002483,-150,0,0
-7.7698517,40.002483,-150,0,0
-8.769852,40.002483,-150,0,0
-9.769852,40.002483,-150,0,0
-10.769852,40.002483,-150,0,0
-11.769852,40.002483,-150,0,0
-12.769852,40.002483,-150,0,0
-13.769852,40.002483,-150,0,0
-14.769852,40.002483,-150,0,0
-15.769852,40.002483,-150,0,0
-16.769852,40.002483,-150,0,0
-17.769852,40.002483,-150,0,0
-18.769852,40.002483,-150,0,0
-19.769852,40.002483,-150,0,0
-20.769852,40.002483,-150,0,0
-21.769852,40.002483,-150,0,0
-22.769852,40.002483,-150,0,0
-23.769852,40.002483,-150,0,0
-24.769852,40.002483,-150,0,0
-25.769852,40.002483,-150,0,0
-26.769852,40.002483,-150,0,0
-27.769852,40.002483,-150,0,0
-28.769852,40.002483,-150,0,0
-29.769852,40.002483,-150,0,0
-30.769852,40.002483,-150,0,0
-31.769852,40.002483,-150,0,0
-32.76985,40.002483,-150,0,0
-33.76985,40.002483,-150,0,0
-34.76985,40.002483,-150,0,0
-35.76985,40.002483,-150,0,0
-36.76985,40.002483,-150,0,0
-37.76985,40.002483,-150,0,0
-38.76985,40.002483,-150,0,0
-39.76985,40.002483,-150,0,0
-40.76985,40.002483,-150,0,0
-41.76985,40.002483,-150,0,0
-42.76985,40.002483,-150,0,0
-43.76985,40.002483,-150,0,0
-44.76985,40.002483,-150,0,0
-45.76985,40.002483,-150,0,0
-46.76985,40.002483,-150,0,0
-47.76985,40.002483,-150,0,0
-48.76985,40.002483,-150,0,0
-49.76985,40.002483,-150,0,0
49.23015,39.002483,-150,0,0
48.23015,39.002483,-150,0,0
47.23015,39.002483,-150,0,0
46.23015,39.002483,-150,0,0
45.23015,39.002483,-150,0,0
44.23015,39.002483,-150,0,0
43.23015,39.002483,-150,0,0
42.23015,39.002483,-150,0,0
41.23015,39.002483,-150,0,0
40.23015,39.002483,-150,0,0
39.23015,39.002483,-150,0,0
38.23015,39.002483,-150,0,0
37.23015,39.002483,-150,0,0
36.23015,39.002483,-150,0,0
35.23015,39.002483,-150,0,0
34.23015,39.002483,-150,0,0
33.23015,39.002483,-150,0,0
32.23015,39.002483,-150,0,0
31.230148,39.002483,-150,0,0
30.230148,39.002483,-150,0,0
29.230148,39.002483,-150,0,0
28.230148,39.002483,-150,0,0
27.230148,39.002483,-150,0,0
26.230148,39.002483,-150,0,0
25.230148,39.002483,-150,0,0
24.230148,39.002483,-150,0,0
23.230148,39.002483,-150,0,0
22.230148,39.002483,-150,0,0
21.230148,39.002483,-150,0,0
20.230148,39.002483,-150,0,0
19.230148,39.002483,-150,0,0
18.230148,39.002483,-150,0,0
17.230148,39.002483,-150,0,0
16.230148,39.002483,-150,0,0
15.230148,39.002483,-150,0,0
14.230148,39.002483,-150,0,0
13.230148,39.002483,-150,0,0
12.230148,39.002483,-150,0,0
11.230148,39.002483,-150,0,0
10.230148,39.002483,-150,0,0
9.230148,39.002483,-150,0,0
8.230148,39.002483,-150,0,0
7.2301483,39.002483,-150,0,0
6.2301483,39.002483,-150,0,0
5.2301483,39.002483,-150,0,0
4.2301483,39.002483,-150,0,0
3.2301483,39.002483,-150,0,0
2.2301483,39.002483,-150,0,0
1.2301483,39.002483,-150,0,0
0.23014832,39.002483,-150,0,0
-0.7698517,39.002483,-150,0,0
-1.7698517,39.002483,-150,0,0
-2.7698517,39.002483,-150,0,0
-3.7698517,39.002483,-150,0,0
-4.7698517,39.002483,-150,0,0
-5.7698517,39.002483,-150,0,0
-6.7698517,39.002483,-150,0,0
-7.7698517,39.002483,-150,0,0
-8.769852,39.002483,-150,0,0
-9.769852,39.002483,-150,0,0
-10.769852,39.002483,-150,0,0
-11.769852,39.002483,-150,0,0
-12.769852,39.002483,-150,0,0
-13.769852,39.002483,-150,0,0
-14.769852,39.002483,-150,0,0
-15.769852,39.002483,-150,0,0
-16.769852,39.002483,-150,0,0
-17.769852,39.002483,-150,0,0
-18.769852,39.002483,-150,0,0
-19.769852,39.002483,-150,0,0
-20.769852,39.002483,-150,0,0
-21.769852,39.002483,-150,0,0
-22.769852,39.002483,-150,0,0
-23.769852,39.002483,-150,0,0
-24.769852,39.002483,-150,0,0
-25.769852,39.002483,-150,0,0
-26.769852,39.002483,-150,0,0
-27.769852,39.002483,-150,0,0
-28.769852,39.002483,-150,0,0
-29.769852,39.002483,-150,0,0
-30.769852,39.002483,-150,0,0
-31.769852,39.002483,-150,0,0
-32.76985,39.002483,-150,0,0
-33.76985,39.002483,-150,0,0
-34.76985,39.002483,-150,0,0
-35.76985,39.002483,-150,0,0
-36.76985,39.002483,-150,0,0
-37.76985,39.002483,-150,0,0
-38.76985,39.002483,-150,0,0
-39.76985,39.002483,-150,0,0
-40.76985,39.002483,-150,0,0
-41.76985,39.002483,-150,0,0
-42.76985,39.002483,-150,0,0
-43.76985,39.002483,-150,0,0
-44.76985,39.002483,-150,0,0
-45.76985,39.002483,-150,0,0
-46.76985,39.002483,-150,0,0
-47.76985,39.002483,-150,0,0
-48.76985,39.002483,-150,0,0
-49.76985,39.002483,-150,0,0
49.23015,38.002483,-150,0,0
48.23015,38.002483,-150,0,0
47.23015,38.002483,-150,0,0
46.23015,38.002483,-150,0,0
45.23015,38.002483,-150,0,0
44.23015,38.002483,-150,0,0
43.23015,38.002483,-150,0,0
42.23015,38.002483,-150,0,0
41.23015,38.002483,-150,0,0
40.23015,38.002483,-150,0,0
39.23015,38.002483,-150,0,0
38.23015,38.002483,-150,0,0
37.23015,38.002483,-150,0,0
36.23015,38.002483,-150,0,0
35.23015,38.002483,-150,0,0
34.23015,38.002483,-150,0,0
33.23015,38.002483,-150,0,0
32.23015,38.002483,-150,0,0
31.230148,38.002483,-150,0,0
30.230148,38.002483,-150,0,0
29.230148,38.002483,-150,0,0
28.230148,38.002483,-150,0,0
27.230148,38.002483,-150,0,0
26.230148,38.002483,-150,0,0
25.230148,38.002483,-150,0,0
24.230148,38.002483,-150,0,0
23.230148,38.002483,-150,0,0
22.230148,38.002483,-150,0,0
21.230148,38.002483,-150,0,0
20.230148,38.002483,-150,0,0
19.230148,38.002483,-150,0,0
18.230148,38.002483,-150,0,0
17.230148,38.002483,-150,0,0
16.230148,38.002483,-150,0,0
15.230148,38.002483,-150,0,0
14.230148,38.002483,-150,0,0
13.230148,38.002483,-150,0,0
12.230148,38.002483,-150,0,0
11.230148,38.002483,-150,0,0
10.230148,38.002483,-150,0,0
9.230148,38.002483,-150,0,0
8.230148,38.002483,-150,0,0
7.2301483,38.002483,-150,0,0
6.2301483,38.002483,-150,0,0
5.2301483,38.002483,-150,0,0
4.2301483,38.002483,-150,0,0
3.2301483,38.002483,-150,0,0
2.2301483,38.002483,-150,0,0
1.2301483,38.002483,-150,0,0
0.23014832,38.002483,-150,0,0
-0.7698517,38.002483,-150,0,0
-1.7698517,38.002483,-150,0,0
-2.7698517,38.002483,-150,0,0
-3.7698517,38.002483,-150,0,0
-4.7698517,38.002483,-150,0,0
-5.7698517,38.002483,-150,0,0
-6.7698517,38.002483,-150,0,0
-7.7698517,38.002483,-150,0,0
-8.769852,38.002483,-150,0,0
-9.769852,38.002483,-150,0,0
-10.769852,38.002483,-150,0,0
-11.769852,38.002483,-150,0,0
-12.769852,38.002483,-150,0,0
-13.769852,38.002483,-150,0,0
-14.769852,38.002483,-150,0,0
-15.769852,38.002483,-150,0,0
-16.769852,38.002483,-150,0,0
-17.769852,38.002483,-150,0,0
-18.769852,38.002483,-150,0,0
-19.769852,38.002483,-150,0,0
-20.769852,38.002483,-150,0,0
-21.769852,38.002483,-150,0,0
-22.769852,38.002483,-150,0,0
-23.769852,38.002483,-150,0,0
-24.769852,38.002483,-150,0,0
-25.769852,38.002483,-150,0,0
-26.769852,38.002483,-150,0,0
-27.769852,38.002483,-150,0,0
-28.769852,38.002483,-150,0,0
-29.769852,38.002483,-150,0,0
-30.769852,38.002483,-150,0,0
-31.769852,38.002483,-150,0,0
-32.76985,38.002483,-150,0,0
-33.76985,38.002483,-150,0,0
-34.76985,38.002483,-150,0,0
-35.76985,38.002483,-150,0,0
-36.76985,38.002483,-150,0,0
-37.76985,38.002483,-150,0,0
-38.76985,38.002483,-150,0,0
-39.76985,38.002483,-150,0,0
-40.76985,38.002483,-150,0,0
-41.76985,38.002483,-150,0,0
-42.76985,38.002483,-150,0,0
-43.76985,38.002483,-150,0,0
-44.76985,38.002483,-150,0,0
-45.76985,38.002483,-150,0,0
-46.76985,38.002483,-150,0,0
-47.76985,38.002483,-150,0,0
-48.76985,38.002483,-150,0,0
-49.76985,38.002483,-150,0,0
49.23015,37.002483,-150,0,0
48.23015,37.002483,-150,0,0
47.23015,37.002483,-150,0,0
46.23015,37.002483,-150,0,0
45.23015,37.002483,-150,0,0
44.23015,37.002483,-150,0,0
43.23015,37.002483,-150,0,0
42.23015,37.002483,-150,0,0
41.23015,37.002483,-150,0,0
40.23015,37.002483,-150,0,0
39.23015,37.002483,-150,0,0
38.23015,37.002483,-150,0,0
37.23015,37.002483,-150,0,0
36.23015,37.002483,-150,0,0
35.23015,37.002483,-150,0,0
34.23015,37.002483,-150,0,0
33.23015,37.002483,-150,0,0
32.23015,37.002483,-150,0,0
31.230148,37.002483,-150,0,0
30.230148,37.002483,-150,0,0
29.230148,37.002483,-150,0,0
28.230148,37.002483,-150,0,0
27.230148,37.002483,-150,0,0
26.230148,37.002483,-150,0,0
25.230148,37.002483,-150,0,0
24.230148,37.002483,-150,0,0
23.230148,37.002483,-150,0,0
22.230148,37.002483,-150,0,0
21.230148,37.002483,-150,0,0
20.230148,37.002483,-150,0,0
19.230148,37.002483,-150,0,0
18.230148,37.002483,-150,0,0
17.230148,37.002483,-150,0,0
16.230148,37.002483,-150,0,0
15.230148,37.002483,-150,0,0
14.230148,37.002483,-150,0,0
13.230148,37.002483,-150,0,0
12.230148,37.002483,-150,0,0
11.230148,37.002483,-150,0,0
10.230148,37.002483,-150,0,0
9.230148,37.002483,-150,0,0
8.230148,37.002483,-150,0,0
7.2301483,37.002483,-150,0,0
6.2301483,37.002483,-150,0,0
5.2301483,37.002483,-150,0,0
4.2301483,37.002483,-150,0,0
3.2301483,37.002483,-150,0,0
2.2301483,37.002483,-150,0,0
1.2301483,37.002483,-150,0,0
0.23014832,37.002483,-150,0,0
-0.7698517,37.002483,-150,0,0
-1.7698517,37.002483,-150,0,0
-2.7698517,37.002483,-150,0,0
-3.7698517,37.002483,-150,0,0
-4.7698517,37.002483,-150,0,0
-5.7698517,37.002483,-150,0,0
-6.7698517,37.002483,-150,0,0
-7.7698517,37.002483,-150,0,0
-8.769852,37.002483,-150,0,0
-9.769852,37.002483,-150,0,0
-10.769852,37.002483,-150,0,0
-11.769852,37.002483,-150,0,0
-12.769852,37.002483,-150,0,0
-13.769852,37.002483,-150,0,0
-14.769852,37.002483,-150,0,0
-15.769852,37.002483,-150,0,0
-16.769852,37.002483,-150,0,0
-17.769852,37.002483,-150,0,0
-18.769852,37.002483,-150,0,0
-19.769852,37.002483,-150,0,0
-20.769852,37.002483,-150,0,0
-21.769852,37.002483,-150,0,0
-22.769852,37.002483,-150,0,0
-23.769852,37.002483,-150,0,0
-24.769852,37.002483,-150,0,0
-25.769852,37.002483,-150,0,0
-26.769852,37.002483,-150,0,0
-27.769852,37.002483,-150,0,0
-28.769852,37.002483,-150,0,0
-29.769852,37.002483,-150,0,0
-30.769852,37.002483,-150,0,0
-31.769852,37.002483,-150,0,0
-32.76985,37.002483,-150,0,0
-33.76985,37.002483,-150,0,0
-34.76985,37.002483,-150,0,0
-35.76985,37.002483,-150,0,0
-36.76985,37.002483,-150,0,0
-37.76985,37.002483,-150,0,0
-38.76985,37.002483,-150,0,0
-39.76985,37.002483,-150,0,0
-40.76985,37.002483,-150,0,0
-41.76985,37.002483,-150,0,0
-42.76985,37.002483,-150,0,0
-43.76985,37.002483,-150,0,0
-44.76985,37.002483,-150,0,0
-45.76985,37.002483,-150,0,0
-46.76985,37.002483,-150,0,0
-47.76985,37.002483,-150,0,0
-48.76985,37.002483,-150,0,0
-49.76985,37.002483,-150,0,0
49.23015,36.002483,-150,0,0
48.23015,36.002483,-150,0,0
47.23015,36.002483,-150,0,0
46.23015,36.002483,-150,0,0
45.23015,36.002483,-150,0,0
44.23015,36.002483,-150,0,0
43.23015,36.002483,-150,0,0
42.23015,36.002483,-150,0,0
41.23015,36.002483,-150,0,0
40.23015,36.002483,-150,0,0
39.23015,36.002483,-150,0,0
38.23015,36.002483,-150,0,0
37.23015,36.002483,-150,0,0
36.23015,36.002483,-150,0,0
35.23015,36.002483,-150,0,0
34.23015,36.002483,-150,0,0
33.23015,36.002483,-150,0,0
32.23015,36.002483,-150,0,0
31.230148,36.002483,-150,0,0
30.230148,36.002483,-150,0,0
29.230148,36.002483,-150,0,0
28.230148,36.002483,-150,0,0
27.230148,36.002483,-150,0,0
26.230148,36.002483,-150,0,0
25.230148,36.002483,-150,0,0
24.230148,36.002483,-150,0,0
23.230148,36.002483,-150,0,0
22.230148,36.002483,-150,0,0
21.230148,36.002483,-150,0,0
20.230148,36.002483,-150,0,0
19.230148,36.002483,-150,0,0
18.230148,36.002483,-150,0,0
17.230148,36.002483,-150,0,0
16.230148,36.002483,-150,0,0
15.230148,36.002483,-150,0,0
14.230148,36.002483,-150,0,0
13.230148,36.002483,-150,0,0
12.230148,36.002483,-150,0,0
11.230148,36.002483,-150,0,0
10.230148,36.002483,-150,0,0
9.230148,36.002483,-150,0,0
8.230148,36.002483,-150,0,0
7.2301483,36.002483,-150,0,0
6.2301483,36.002483,-150,0,0
5.2301483,36.002483,-150,0,0
4.2301483,36.002483,-150,0,0
3.2301483,36.002483,-150,0,0
2.2301483,36.002483,-150,0,0
1.2301483,36.002483,-150,0,0
0.23014832,36.002483,-150,0,0
-0.7698517,36.002483,-150,0,0
-1.7698517,36.002483,-150,0,0
-2.7698517,36.002483,-150,0,0
-3.7698517,36.002483,-150,0,0
-4.7698517,36.002483,-150,0,0
-5.7698517,36.002483,-150,0,0
-6.7698517,36.002483,-150,0,0
-7.7698517,36.002483,-150,0,0
-8.769852,36.002483,-150,0,0
-9.769852,36.002483,-150,0,0
-10.769852,36.002483,-150,0,0
-11.769852,36.002483,-150,0,0
-12.769852,36.002483,-150,0,0
-13.769852,36.002483,-150,0,0
-14.769852,36.002483,-150,0,0
-15.769852,36.002483,-150,0,0
-16.769852,36.002483,-150,0,0
-17.769852,36.002483,-150,0,0
-18.769852,36.002483,-150,0,0
-19.769852,36.002483,-150,0,0
-20.769852,36.002483,-150,0,0
-21.769852,36.002483,-150,0,0
-22.769852,36.002483,-150,0,0
-23.769852,36.002483,-150,0,0
-24.769852,36.002483,-150,0,0
-25.769852,36.002483,-150,0,0
-26.769852,36.002483,-150,0,0
-27.769852,36.002483,-150,0,0
-28.769852,36.002483,-150,0,0
-29.769852,36.002483,-150,0,0
-30.769852,36.002483,-150,0,0
-31.769852,36.002483,-150,0,0
-32.76985,36.002483,-150,0,0
-33.76985,36.002483,-150,0,0
-34.76985,36.002483,-150,0,0
-35.76985,36.002483,-150,0,0
-36.76985,36.002483,-150,0,0
-37.76985,36.002483,-150,0,0
-38.76985,36.002483,-150,0,0
-39.76985,36.002483,-150,0,0
-40.76985,36.002483,-150,0,0
-41.76985,36.002483,-150,0,0
-42.76985,36.002483,-150,0,0
-43.76985,36.002483,-150,0,0
-44.76985,36.002483,-150,0,0
-45.76985,36.002483,-150,0,0
-46.76985,36.002483,-150,0,0
-47.76985,36.002483,-150,0,0
-48.76985,36.002483,-150,0,0
-49.76985,36.002483,-150,0,0
49.23015,35.002483,-150,0,0
48.23015,35.002483,-150,0,0
47.23015,35.002483,-150,0,0
46.23015,35.002483,-150,0,0
45.23015,35.002483,-150,0,0
44.23015,35.002483,-150,0,0
43.23015,35.002483,-150,0,0
42.23015,35.002483,-150,0,0
41.23015,35.002483,-150,0,0
40.23015,35.002483,-150,0,0
39.23015,35.002483,-150,0,0
38.23015,35.002483,-150,0,0
37.23015,35.002483,-150,0,0
36.23015,35.002483,-150,0,0
35.23015,35.002483,-150,0,0
34.23015,35.002483,-150,0,0
33.23015,35.002483,-150,0,0
32.23015,35.002483,-150,0,0
31.230148,35.002483,-150,0,0
30.230148,35.002483,-150,0,0
29.230148,35.002483,-150,0,0
28.230148,35.002483,-150,0,0
27.230148,35.002483,-150,0,0
26.230148,35.002483,-150,0,0
25.230148,35.002483,-150,0,0
24.230148,35.002483,-150,0,0
23.230148,35.002483,-150,0,0
22.230148,35.002483,-150,0,0
21.230148,35.002483,-150,0,0
20.230148,35.002483,-150,0,0
19.230148,35.002483,-150,0,0
18.230148,35.002483,-150,0,0
17.230148,35.002483,-150,0,0
16.230148,35.002483,-150,0,0
15.230148,35.002483,-150,0,0
14.230148,35.002483,-150,0,0
13.230148,35.002483,-150,0,0
12.230148,35.002483,-150,0,0
11.230148,35.002483,-150,0,0
10.230148,35.002483,-150,0,0
9.230148,35.002483,-150,0,0
8.230148,35.002483,-150,0,0
7.2301483,35.002483,-150,0,0
6.2301483,35.002483,-150,0,0
5.2301483,35.002483,-150,0,0
4.2301483,35.002483,-150,0,0
3.2301483,35.002483,-150,0,0
2.2301483,35.002483,-150,0,0
1.2301483,35.002483,-150,0,0
0.23014832,35.002483,-150,0,0
-0.7698517,35.002483,-150,0,0
-1.7698517,35.002483,-150,0,0
-2.7698517,35.002483,-150,0,0
-3.7698517,35.002483,-150,0,0
-4.7698517,35.002483,-150,0,0
-5.7698517,35.002483,-150,0,0
-6.7698517,35.002483,-150,0,0
-7.7698517,35.002483,-150,0,0
-8.769852,35.002483,-150,0,0
-9.769852,35.002483,-150,0,0
-10.769852,35.002483,-150,0,0
-11.769852,35.002483,-150,0,0
-12.769852,35.002483,-150,0,0
-13.769852,35.002483,-150,0,0
-14.769852,35.002483,-150,0,0
-15.769852,35.002483,-150,0,0
-16.769852,35.002483,-150,0,0
-17.769852,35.002483,-150,0,0
-18.769852,35.002483,-150,0,0
-19.769852,35.002483,-150,0,0
-20.769852,35.002483,-150,0,0
-21.769852,35.002483,-150,0,0
-22.769852,35.002483,-150,0,0
-23.769852,35.002483,-150,0,0
-24.769852,35.002483,-150,0,0
-25.769852,35.002483,-150,0,0
-26.769852,35.002483,-150,0,0
-27.769852,35.002483,-150,0,0
-28.769852,35.002483,-150,0,0
-29.769852,35.002483,-150,0,0
-30.769852,35.002483,-150,0,0
-31.769852,35.002483,-150,0,0
-32.76985,35.002483,-150,0,0
-33.76985,35.002483,-150,0,0
-34.76985,35.002483,-150,0,0
-35.76985,35.002483,-150,0,0
-36.76985,35.002483,-150,0,0
-37.76985,35.002483,-150,0,0
-38.76985,35.002483,-150,0,0
-39.76985,35.002483,-150,0,0
-40.76985,35.002483,-150,0,0
-41.76985,35.002483,-150,0,0
-42.76985,35.002483,-150,0,0
-43.76985,35.002483,-150,0,0
-44.76985,35.002483,-150,0,0
-45.76985,35.002483,-150,0,0
-46.76985,35.002483,-150,0,0
-47.76985,35.002483,-150,0,0
-48.76985,35.002483,-150,0,0
-49.76985,35.002483,-150,0,0
49.23015,34.002483,-150,0,0
48.23015,34.002483,-150,0,0
47.23015,34.002483,-150,0,0
46.23015,34.002483,-150,0,0
45.23015,34.002483,-150,0,0
44.23015,34.002483,-150,0,0
43.23015,34.002483,-150,0,0
42.23015,34.002483,-150,0,0
41.23015,34.002483,-150,0,0
40.23015,34.002483,-150,0,0
39.23015,34.002483,-150,0,0
38.23015,34.002483,-150,0,0
37.23015,34.002483,-150,0,0
36.23015,34.002483,-150,0,0
35.23015,34.002483,-150,0,0
34.23015,34.002483,-150,0,0
33.23015,34.002483,-150,0,0
32.23015,34.002483,-150,0,0
31.230148,34.002483,-150,0,0
30.230148,34.002483,-150,0,0
29.230148,34.002483,-150,0,0
28.230148,34.002483,-150,0,0
27.230148,34.002483,-150,0,0
26.230148,34.002483,-150,0,0
25.230148,34.002483,-150,0,0
24.230148,34.002483,-150,0,0
23.230148,34.002483,-150,0,0
22.230148,34.002483,-150,0,0
21.230148,34.002483,-150,0,0
20.230148,34.002483,-150,0,0
19.230148,34.002483,-150,0,0
18.230148,34.002483,-150,0,0
17.230148,34.002483,-150,0,0
16.230148,34.002483,-150,0,0
15.230148,34.002483,-150,0,0
14.230148,34.002483,-150,0,0
13.230148,34.002483,-150,0,0
12.230148,34.002483,-150,0,0
11.230148,34.002483,-150,0,0
10.230148,34.002483,-150,0,0
9.230148,34.002483,-150,0,0
8.230148,34.002483,-150,0,0
7.2301483,34.002483,-150,0,0
6.2301483,34.002483,-150,0,0
5.2301483,34.002483,-150,0,0
4.2301483,34.002483,-150,0,0
3.2301483,34.002483,-150,0,0
2.2301483,34.002483,-150,0,0
1.2301483,34.002483,-150,0,0
0.23014832,34.002483,-150,0,0
-0.7698517,34.002483,-150,0,0
-1.7698517,34.002483,-150,0,0
-2.7698517,34.002483,-150,0,0
-3.7698517,34.002483,-150,0,0
-4.7698517,34.002483,-150,0,0
-5.7698517,34.002483,-150,0,0
-6.7698517,34.002483,-150,0,0
-7.7698517,34.002483,-150,0,0
-8.769852,34.002483,-150,0,0
-9.769852,34.002483,-150,0,0
-10.769852,34.002483,-150,0,0
-11.769852,34.002483,-150,0,0
-12.769852,34.002483,-150,0,0
-13.769852,34.002483,-150,0,0
-14.769852,34.002483,-150,0,0
-15.769852,34.002483,-150,0,0
-16.769852,34.002483,-150,0,0
-17.769852,34.002483,-150,0,0
-18.769852,34.002483,-150,0,0
-19.769852,34.002483,-150,0,0
-20.769852,34.002483,-150,0,0
-21.769852,34.002483,-150,0,0
-22.769852,34.002483,-150,0,0
-23.769852,34.002483,-150,0,0
-24.769852,34.002483,-150,0,0
-25.769852,34.002483,-150,0,0
-26.769852,34.002483,-150,0,0
-27.769852,34.002483,-150,0,0
-28.769852,34.002483,-150,0,0
-29.769852,34.002483,-150,0,0
-30.769852,34.002483,-150,0,0
-31.769852,34.002483,-150,0,0
-32.76985,34.002483,-150,0,0
-33.76985,34.002483,-150,0,0
-34.76985,34.002483,-150,0,0
-35.76985,34.002483,-150,0,0
-36.76985,34.002483,-150,0,0
-37.76985,34.002483,-150,0,0
-38.76985,34.002483,-150,0,0
-39.76985,34.002483,-150,0,0
-40.76985,34.002483,-150,0,0
-41.76985,34.002483,-150,0,0
-42.76985,34.002483,-150,0,0
-43.76985,34.002483,-150,0,0
-44.76985,34.002483,-150,0,0
-45.76985,34.002483,-150,0,0
-46.76985,34.002483,-150,0,0
-47.76985,34.002483,-150,0,0
-48.76985,34.002483,-150,0,0
-49.76985,34.002483,-150,0,0
49.23015,33.002483,-150,0,0
48.23015,33.002483,-150,0,0
47.23015,33.002483,-150,0,0
46.23015,33.002483,-150,0,0
45.23015,33.002483,-150,0,0
44.23015,33.002483,-150,0,0
43.23015,33.002483,-150,0,0
42.23015,33.002483,-150,0,0
41.23015,33.002483,-150,0,0
40.23015,33.002483,-150,0,0
39.23015,33.002483,-150,0,0
38.23015,33.002483,-150,0,0
37.23015,33.002483,-150,0,0
36.23015,33.002483,-150,0,0
35.23015,33.002483,-150,0,0
34.23015,33.002483,-150,0,0
33.23015,33.002483,-150,0,0
32.23015,33.002483,-150,0,0
31.230148,33.002483,-150,0,0
30.230148,33.002483,-150,0,0
29.230148,33.002483,-150,0,0
28.230148,33.002483,-150,0,0
27.230148,33.002483,-150,0,0
26.230148,33.002483,-150,0,0
25.230148,33.002483,-150,0,0
24.230148,33.002483,-150,0,0
23.230148,33.002483,-150,0,0
22.230148,33.002483,-150,0,0
21.230148,33.002483,-150,0,0
20.230148,33.002483,-150,0,0
19.230148,33.002483,-150,0,0
18.230148,33.002483,-150,0,0
17.230148,33.002483,-150,0,0
16.230148,33.002483,-150,0,0
15.230148,33.002483,-150,0,0
14.230148,33.002483,-150,0,0
13.230148,33.002483,-150,0,0
12.230148,33.002483,-150,0,0
11.230148,33.002483,-150,0,0
10.230148,33.002483,-150,0,0
9.230148,33.002483,-150,0,0
8.230148,33.002483,-150,0,0
7.2301483,33.002483,-150,0,0
6.2301483,33.002483,-150,0,0
5.2301483,33.002483,-150,0,0
4.2301483,33.002483,-150,0,0
3.2301483,33.002483,-150,0,0
2.2301483,33.002483,-150,0,0
1.2301483,33.002483,-150,0,0
0.23014832,33.002483,-150,0,0
-0.7698517,33.002483,-150,0,0
-1.7698517,33.002483,-150,0,0
-2.7698517,33.002483,-150,0,0
-3.7698517,33.002483,-150,0,0
-4.7698517,33.002483,-150,0,0
-5.7698517,33.002483,-150,0,0
-6.7698517,33.002483,-150,0,0
-7.7698517,33.002483,-150,0,0
-8.769852,33.002483,-150,0,0
-9.769852,33.002483,-150,0,0
-10.769852,33.002483,-150,0,0
-11.769852,33.002483,-150,0,0
-12.769852,33.002483,-150,0,0
-13.769852,33.002483,-150,0,0
-14.769852,33.002483,-150,0,0
-15.769852,33.002483,-150,0,0
-16.769852,33.002483,-150,0,0
-17.769852,33.002483,-150,0,0
-18.769852,33.002483,-150,0,0
-19.769852,33.002483,-150,0,0
-20.769852,33.002483,-150,0,0
-21.769852,33.002483,-150,0,0
-22.769852,33.002483,-150,0,0
-23.769852,33.002483,-150,0,0
-24.769852,33.002483,-150,0,0
-25.769852,33.002483,-150,0,0
-26.769852,33.002483,-150,0,0
-27.769852,33.002483,-150,0,0
-28.769852,33.002483,-150,0,0
-29.769852,33.002483,-150,0,0
-30.769852,33.002483,-150,0,0
-31.769852,33.002483,-150,0,0
-32.76985,33.002483,-150,0,0
-33.76985,33.002483,-150,0,0
-34.76985,33.002483,-150,0,0
-35.76985,33.002483,-150,0,0
-36.76985,33.002483,-150,0,0
-37.76985,33.002483,-150,0,0
-38.76985,33.002483,-150,0,0
-39.76985,33.002483,-150,0,0
-40.76985,33.002483,-150,0,0
-41.76985,33.002483,-150,0,0
-42.76985,33.002483,-150,0,0
-43.76985,33.002483,-150,0,0
-44.76985,33.002483,-150,0,0
-45.76985,33.002483,-150,0,0
-46.76985,33.002483,-150,0,0
-47.76985,33.002483,-150,0,0
-48.76985,33.002483,-150,0,0
-49.76985,33.002483,-150,0,0
49.23015,32.002483,-150,0,0
48.23015,32.002483,-150,0,0
47.23015,32.002483,-150,0,0
46.23015,32.002483,-150,0,0
45.23015,32.002483,-150,0,0
44.23015,32.002483,-150,0,0
43.23015,32.002483,-150,0,0
42.23015,32.002483,-150,0,0
41.23015,32.002483,-150,0,0
40.23015,32.002483,-150,0,0
39.23015,32.002483,-150,0,0
38.23015,32.002483,-150,0,0
37.23015,32.002483,-150,0,0
36.23015,32.002483,-150,0,0
35.23015,32.002483,-150,0,0
34.23015,32.002483,-150,0,0
33.23015,32.002483,-150,0,0
32.23015,32.002483,-150,0,0
31.230148,32.002483,-150,0,0
30.230148,32.002483,-150,0,0
29.230148,32.002483,-150,0,0
28.230148,32.002483,-150,0,0
27.230148,32.002483,-150,0,0
26.230148,32.002483,-150,0,0
25.230148,32.002483,-150,0,0
24.230148,32.002483,-150,0,0
23.230148,32.002483,-150,0,0
22.230148,32.002483,-150,0,0
21.230148,32.002483,-150,0,0
20.230148,32.002483,-150,0,0
19.230148,32.002483,-150,0,0
18.230148,32.002483,-150,0,0
17.230148,32.002483,-150,0,0
16.230148,32.002483,-150,0,0
15.230148,32.002483,-150,0,0
14.230148,32.002483,-150,0,0
13.230148,32.002483,-150,0,0
12.230148,32.002483,-150,0,0
11.230148,32.002483,-150,0,0
10.230148,32.002483,-150,0,0
9.230148,32.002483,-150,0,0
8.230148,32.002483,-150,0,0
7.2301483,32.002483,-150,0,0
6.2301483,32.002483,-150,0,0
5.2301483,32.002483,-150,0,0
4.2301483,32.002483,-150,0,0
3.2301483,32.002483,-150,0,0
2.2301483,32.002483,-150,0,0
1.2301483,32.002483,-150,0,0
0.23014832,32.002483,-150,0,0
-0.7698517,32.002483,-150,0,0
-1.7698517,32.002483,-150,0,0
-2.7698517,32.002483,-150,0,0
-3.7698517,32.002483,-150,0,0
-4.7698517,32.002483,-150,0,0
-5.7698517,32.002483,-150,0,0
-6.7698517,32.002483,-150,0,0
-7.7698517,32.002483,-150,0,0
-8.769852,32.002483,-150,0,0
-9.769852,32.002483,-150,0,0
-10.769852,32.002483,-150,0,0
-11.769852,32.002483,-150,0,0
-12.769852,32.002483,-150,0,0
-13.769852,32.002483,-150,0,0
-14.769852,32.002483,-150,0,0
-15.769852,32.002483,-150,0,0
-16.769852,32.002483,-150,0,0
-17.769852,32.002483,-150,0,0
-18.769852,32.002483,-150,0,0
-19.769852,32.002483,-150,0,0
-20.769852,32.002483,-150,0,0
-21.769852,32.002483,-150,0,0
-22.769852,32.002483,-150,0,0
-23.769852,32.002483,-150,0,0
-24.769852,32.002483,-150,0,0
-25.769852,32.002483,-150,0,0
-26.769852,32.002483,-150,0,0
-27.769852,32.002483,-150,0,0
-28.769852,32.002483,-150,0,0
-29.769852,32.002483,-150,0,0
-30.769852,32.002483,-150,0,0
-31.769852,32.002483,-150,0,0
-32.76985,32.002483,-150,0,0
-33.76985,32.002483,-150,0,0
-34.76985,32.002483,-150,0,0
-35.76985,32.002483,-150,0,0
-36.76985,32.002483,-150,0,0
-37.76985,32.002483,-150,0,0
-38.76985,32.002483,-150,0,0
-39.76985,32.002483,-150,0,0
-40.76985,32.002483,-150,0,0
-41.76985,32.002483,-150,0,0
-42.76985,32.002483,-150,0,0
-43.76985,32.002483,-150,0,0
-44.76985,32.002483,-150,0,0
-45.76985,32.002483,-150,0,0
-46.76985,32.002483,-150,0,0
-47.76985,32.002483,-150,0,0
-48.76985,32.002483,-150,0,0
-49.76985,32.002483,-150,0,0
49.23015,31.002483,-150,0,0
48.23015,31.002483,-150,0,0
47.23015,31.002483,-150,0,0
46.23015,31.002483,-150,0,0
45.23015,31.002483,-150,0,0
44.23015,31.002483,-150,0,0
43.23015,31.002483,-150,0,0
42.23015,31.002483,-150,0,0
41.23015,31.002483,-150,0,0
40.23015,31.002483,-150,0,0
39.23015,31.002483,-150,0,0
38.23015,31.002483,-150,0,0
37.23015,31.002483,-150,0,0
36.23015,31.002483,-150,0,0
35.23015,31.002483,-150,0,0
34.23015,31.002483,-150,0,0
33.23015,31.002483,-150,0,0
32.23015,31.002483,-150,0,0
31.230148,31.002483,-150,0,0
30.230148,31.002483,-150,0,0
29.230148,31.002483,-150,0,0
28.230148,31.002483,-150,0,0
27.230148,31.002483,-150,0,0
26.230148,31.002483,-150,0,0
25.230148,31.002483,-150,0,0
24.230148,31.002483,-150,0,0
23.230148,31.002483,-150,0,0
22.230148,31.002483,-150,0,0
21.230148,31.002483,-150,0,0
20.230148,31.002483,-150,0,0
19.230148,31.002483,-150,0,0
18.230148,31.002483,-150,0,0
17.230148,31.002483,-150,0,0
16.230148,31.002483,-150,0,0
15.230148,31.002483,-150,0,0
14.230148,31.002483,-150,0,0
13.230148,31.002483,-150,0,0
12.230148,31.002483,-150,0,0
11.230148,31.002483,-150,0,0
10.230148,31.002483,-150,0,0
9.230148,31.002483,-150,0,0
8.230148,31.002483,-150,0,0
7.2301483,31.002483,-150,0,0
6.2301483,31.002483,-150,0,0
5.2301483,31.002483,-150,0,0
4.2301483,31.002483,-150,0,0
3.2301483,31.002483,-150,0,0
2.2301483,31.002483,-150,0,0
1.2301483,31.002483,-150,0,0
0.23014832,31.002483,-150,0,0
-0.7698517,31.002483,-150,0,0
-1.7698517,31.002483,-150,0,0
-2.7698517,31.002483,-150,0,0
-3.7698517,31.002483,-150,0,0
-4.7698517,31.002483,-150,0,0
-5.7698517,31.002483,-150,0,0
-6.7698517,31.002483,-150,0,0
-7.7698517,31.002483,-150,0,0
-8.769852,31.002483,-150,0,0
-9.769852,31.002483,-150,0,0
-10.769852,31.002483,-150,0,0
-11.769852,31.002483,-150,0,0
-12.769852,31.002483,-150,0,0
-13.769852,31.002483,-150,0,0
-14.769852,31.002483,-150,0,0
-15.769852,31.002483,-150,0,0
-16.769852,31.002483,-150,0,0
-17.769852,31.002483,-150,0,0
-18.769852,31.002483,-150,0,0
-19.769852,31.002483,-150,0,0
-20.769852,31.002483,-150,0,0
-21.769852,31.002483,-150,0,0
-22.769852,31.002483,-150,0,0
-23.769852,31.002483,-150,0,0
-24.769852,31.002483,-150,0,0
-25.769852,31.002483,-150,0,0
-26.769852,31.002483,-150,0,0
-27.769852,31.002483,-150,0,0
-28.769852,31.002483,-150,0,0
-29.769852,31.002483,-150,0,0
-30.769852,31.002483,-150,0,0
-31.769852,31.002483,-150,0,0
-32.76985,31.002483,-150,0,0
-33.76985,31.002483,-150,0,0
-34.76985,31.002483,-150,0,0
-35.76985,31.002483,-150,0,0
-36.76985,31.002483,-150,0,0
-37.76985,31.002483,-150,0,0
-38.76985,31.002483,-150,0,0
-39.76985,31.002483,-150,0,0
-40.76985,31.002483,-150,0,0
-41.76985,31.002483,-150,0,0
-42.76985,31.002483,-150,0,0
-43.76985,31.002483,-150,0,0
-44.76985,31.002483,-150,0,0
-45.76985,31.002483,-150,0,0
-46.76985,31.002483,-150,0,0
-47.76985,31.002483,-150,0,0
-48.76985,31.002483,-150,0,0
-49.76985,31.002483,-150,0,0
49.23015,30.002483,-150,0,0
48.23015,30.002483,-150,0,0
47.23015,30.002483,-150,0,0
46.23015,30.002483,-150,0,0
45.23015,30.002483,-150,0,0
44.23015,30.002483,-150,0,0
43.23015,30.002483,-150,0,0
42.23015,30.002483,-150,0,0
41.23015,30.002483,-150,0,0
40.23015,30.002483,-150,0,0
39.23015,30.002483,-150,0,0
38.23015,30.002483,-150,0,0
37.23015,30.002483,-150,0,0
36.23015,30.002483,-150,0,0
35.23015,30.002483,-150,0,0
34.23015,30.002483,-150,0,0
33.23015,30.002483,-150,0,0
32.23015,30.002483,-150,0,0
31.230148,30.002483,-150,0,0
30.230148,30.002483,-150,0,0
29.230148,30.002483,-150,0,0
28.230148,30.002483,-150,0,0
27.230148,30.002483,-150,0,0
26.230148,30.002483,-150,0,0
25.230148,30.002483,-150,0,0
24.230148,30.002483,-150,0,0
23.230148,30.002483,-150,0,0
22.230148,30.002483,-150,0,0
21.230148,30.002483,-150,0,0
20.230148,30.002483,-150,0,0
19.230148,30.002483,-150,0,0
18.230148,30.002483,-150,0,0
17.230148,30.002483,-150,0,0
16.230148,30.002483,-150,0,0
15.230148,30.002483,-150,0,0
14.230148,30.002483,-150,0,0
13.230148,30.002483,-150,0,0
12.230148,30.002483,-150,0,0
11.230148,30.002483,-150,0,0
10.230148,30.002483,-150,0,0
9.230148,30.002483,-150,0,0
8.230148,30.002483,-150,0,0
7.2301483,30.002483,-150,0,0
6.2301483,30.002483,-150,0,0
5.2301483,30.002483,-150,0,0
4.2301483,30.002483,-150,0,0
3.2301483,30.002483,-150,0,0
2.2301483,30.002483,-150,0,0
1.2301483,30.002483,-150,0,0
0.23014832,30.002483,-150,0,0
-0.7698517,30.002483,-150,0,0
-1.7698517,30.002483,-150,0,0
-2.7698517,30.002483,-150,0,0
-3.7698517,30.002483,-150,0,0
-4.7698517,30.002483,-150,0,0
-5.7698517,30.002483,-150,0,0
-6.7698517,30.002483,-150,0,0
-7.7698517,30.002483,-150,0,0
-8.769852,30.002483,-150,0,0
-9.769852,30.002483,-150,0,0
-10.769852,30.002483,-150,0,0
-11.769852,30.002483,-150,0,0
-12.769852,30.002483,-150,0,0
-13.769852,30.002483,-150,0,0
-14.769852,30.002483,-150,0,0
-15.769852,30.002483,-150,0,0
-16.769852,30.002483,-150,0,0
-17.769852,30.002483,-150,0,0
-18.769852,30.002483,-150,0,0
-19.769852,30.002483,-150,0,0
-20.769852,30.002483,-150,0,0
-21.769852,30.002483,-150,0,0
-22.769852,30.002483,-150,0,0
-23.769852,30.002483,-150,0,0
-24.769852,30.002483,-150,0,0
-25.769852,30.002483,-150,0,0
-26.769852,30.002483,-150,0,0
-27.769852,30.002483,-150,0,0
-28.769852,30.002483,-150,0,0
-29.769852,30.002483,-150,0,0
-30.769852,30.002483,-150,0,0
-31.769852,30.002483,-150,0,0
-32.76985,30.002483,-150,0,0
-33.76985,30.002483,-150,0,0
-34.76985,30.002483,-150,0,0
-35.76985,30.002483,-150,0,0
-36.76985,30.002483,-150,0,0
-37.76985,30.002483,-150,0,0
-38.76985,30.002483,-150,0,0
-39.76985,30.002483,-150,0,0
-40.76985,30.002483,-150,0,0
-41.76985,30.002483,-150,0,0
-42.76985,30.002483,-150,0,0
-43.76985,30.002483,-150,0,0
-44.76985,30.002483,-150,0,0
-45.76985,30.002483,-150,0,0
-46.76985,30.002483,-150,0,0
-47.76985,30.002483,-150,0,0
-48.76985,30.002483,-150,0,0
-49.76985,30.002483,-150,0,0
49.23015,29.002483,-150,0,0
48.23015,29.002483,-150,0,0
47.23015,29.002483,-150,0,0
46.23015,29.002483,-150,0,0
45.23015,29.002483,-150,0,0
44.23015,29.002483,-150,0,0
43.23015,29.002483,-150,0,0
42.23015,29.002483,-150,0,0
41.23015,29.002483,-150,0,0
40.23015,29.002483,-150,0,0
39.23015,29.002483,-150,0,0
38.23015,29.002483,-150,0,0
37.23015,29.002483,-150,0,0
36.23015,29.002483,-150,0,0
35.23015,29.002483,-150,0,0
34.23015,29.002483,-150,0,0
33.23015,29.002483,-150,0,0
32.23015,29.002483,-150,0,0
31.230148,29.002483,-150,0,0
30.230148,29.002483,-150,0,0
29.230148,29.002483,-150,0,0
28.230148,29.002483,-150,0,0
27.230148,29.002483,-150,0,0
26.230148,29.002483,-150,0,0
25.230148,29.002483,-150,0,0
24.230148,29.002483,-150,0,0
23.230148,29.002483,-150,0,0
22.230148,29.002483,-150,0,0
21.230148,29.002483,-150,0,0
20.230148,29.002483,-150,0,0
19.230148,29.002483,-150,0,0
18.230148,29.002483,-150,0,0
17.230148,29.002483,-150,0,0
16.230148,29.002483,-150,0,0
15.230148,29.002483,-150,0,0
14.230148,29.002483,-150,0,0
13.230148,29.002483,-150,0,0
12.230148,29.002483,-150,0,0
11.230148,29.002483,-150,0,0
10.230148,29.002483,-150,0,0
9.230148,29.002483,-150,0,0
8.230148,29.002483,-150,0,0
7.2301483,29.002483,-150,0,0
6.2301483,29.002483,-150,0,0
5.2301483,29.002483,-150,0,0
4.2301483,29.002483,-150,0,0
3.2301483,29.002483,-150,0,0
2.2301483,29.002483,-150,0,0
1.2301483,29.002483,-150,0,0
0.23014832,29.002483,-150,0,0
-0.7698517,29.002483,-150,0,0
-1.7698517,29.002483,-150,0,0
-2.7698517,29.002483,-150,0,0
-3.7698517,29.002483,-150,0,0
-4.7698517,29.002483,-150,0,0
-5.7698517,29.002483,-150,0,0
-6.7698517,29.002483,-150,0,0
-7.7698517,29.002483,-150,0,0
-8.769852,29.002483,-150,0,0
-9.769852,29.002483,-150,0,0
-10.769852,29.002483,-150,0,0
-11.769852,29.002483,-150,0,0
-12.769852,29.002483,-150,0,0
-13.769852,29.002483,-150,0,0
-14.769852,29.002483,-150,0,0
-15.769852,29.002483,-150,0,0
-16.769852,29.002483,-150,0,0
-17.769852,29.002483,-150,0,0
-18.769852,29.002483,-150,0,0
-19.769852,29.002483,-150,0,0
-20.769852,29.002483,-150,0,0
-21.769852,29.002483,-150,0,0
-22.769852,29.002483,-150,0,0
-23.769852,29.002483,-150,0,0
-24.769852,29.002483,-150,0,0
-25.769852,29.002483,-150,0,0
-26.769852,29.002483,-150,0,0
-27.769852,29.002483,-150,0,0
-28.769852,29.002483,-150,0,0
-29.769852,29.002483,-150,0,0
-30.769852,29.002483,-150,0,0
-31.769852,29.002483,-150,0,0
-32.76985,29.002483,-150,0,0
-33.76985,29.002483,-150,0,0
-34.76985,29.002483,-150,0,0
-35.76985,29.002483,-150,0,0
-36.76985,29.002483,-150,0,0
-37.76985,29.002483,-150,0,0
-38.76985,29.002483,-150,0,0
-39.76985,29.002483,-150,0,0
-40.76985,29.002483,-150,0,0
-41.76985,29.002483,-150,0,0
-42.76985,29.002483,-150,0,0
-43.76985,29.002483,-150,0,0
-44.76985,29.002483,-150,0,0
-45.76985,29.002483,-150,0,0
-46.76985,29.002483,-150,0,0
-47.76985,29.002483,-150,0,0
-48.76985,29.002483,-150,0,0
-49.76985,29.002483,-150,0,0
49.23015,28.002483,-150,0,0
48.23015,28.002483,-150,0,0
47.23015,28.002483,-150,0,0
46.23015,28.002483,-150,0,0
45.23015,28.002483,-150,0,0
44.23015,28.002483,-150,0,0
43.23015,28.002483,-150,0,0
42.23015,28.002483,-150,0,0
41.23015,28.002483,-150,0,0
40.23015,28.002483,-150,0,0
39.23015,28.002483,-150,0,0
38.23015,28.002483,-150,0,0
37.23015,28.002483,-150,0,0
36.23015,28.002483,-150,0,0
35.23015,28.002483,-150,0,0
34.23015,28.002483,-150,0,0
33.23015,28.002483,-150,0,0
32.23015,28.002483,-150,0,0
31.230148,28.002483,-150,0,0
30.230148,28.002483,-150,0,0
29.230148,28.002483,-150,0,0
28.230148,28.002483,-150,0,0
27.230148,28.002483,-150,0,0
26.230148,28.002483,-150,0,0
25.230148,28.002483,-150,0,0
24.230148,28.002483,-150,0,0
23.230148,28.002483,-150,0,0
22.230148,28.002483,-150,0,0
21.230148,28.002483,-150,0,0
20.230148,28.002483,-150,0,0
19.230148,28.002483,-150,0,0
18.230148,28.002483,-150,0,0
17.230148,28.002483,-150,0,0
16.230148,28.002483,-150,0,0
15.230148,28.002483,-150,0,0
14.230148,28.002483,-150,0,0
13.230148,28.002483,-150,0,0
12.230148,28.002483,-150,0,0
11.230148,28.002483,-150,0,0
10.230148,28.002483,-150,0,0
9.230148,28.002483,-150,0,0
8.230148,28.002483,-150,0,0
7.2301483,28.002483,-150,0,0
6.2301483,28.002483,-150,0,0
5.2301483,28.002483,-150,0,0
4.2301483,28.002483,-150,0,0
3.2301483,28.002483,-150,0,0
2.2301483,28.002483,-150,0,0
1.2301483,28.002483,-150,0,0
0.23014832,28.002483,-150,0,0
-0.7698517,28.002483,-150,0,0
-1.7698517,28.002483,-150,0,0
-2.7698517,28.002483,-150,0,0
-3.7698517,28.002483,-150,0,0
-4.7698517,28.002483,-150,0,0
-5.7698517,28.002483,-150,0,0
-6.7698517,28.002483,-150,0,0
-7.7698517,28.002483,-150,0,0
-8.769852,28.002483,-150,0,0
-9.769852,28.002483,-150,0,0
-10.769852,28.002483,-150,0,0
-11.769852,28.002483,-150,0,0
-12.769852,28.002483,-150,0,0
-13.769852,28.002483,-150,0,0
-14.769852,28.002483,-150,0,0
-15.769852,28.002483,-150,0,0
-16.769852,28.002483,-150,0,0
-17.769852,28.002483,-150,0,0
-18.769852,28.002483,-150,0,0
-19.769852,28.002483,-150,0,0
-20.769852,28.002483,-150,0,0
-21.769852,28.002483,-150,0,0
-22.769852,28.002483,-150,0,0
-23.769852,28.002483,-150,0,0
-24.769852,28.002483,-150,0,0
-25.769852,28.002483,-150,0,0
-26.769852,28.002483,-150,0,0
-27.769852,28.002483,-150,0,0
-28.769852,28.002483,-150,0,0
-29.769852,28.002483,-150,0,0
-30.769852,28.002483,-150,0,0
-31.769852,28.002483,-150,0,0
-32.76985,28.002483,-150,0,0
-33.76985,28.002483,-150,0,0
-34.76985,28.002483,-150,0,0
-35.76985,28.002483,-150,0,0
-36.76985,28.002483,-150,0,0
-37.76985,28.002483,-150,0,0
-38.76985,28.002483,-150,0,0
-39.76985,28.002483,-150,0,0
-40.76985,28.002483,-150,0,0
-41.76985,28.002483,-150,0,0
-42.76985,28.002483,-150,0,0
-43.76985,28.002483,-150,0,0
-44.76985,28.002483,-150,0,0
-45.76985,28.002483,-150,0,0
-46.76985,28.002483,-150,0,0
-47.76985,28.002483,-150,0,0
-48.76985,28.002483,-150,0,0
-49.76985,28.002483,-150,0,0
49.23015,27.002483,-150,0,0
48.23015,27.002483,-150,0,0
47.23015,27.002483,-150,0,0
46.23015,27.002483,-150,0,0
45.23015,27.002483,-150,0,0
44.23015,27.002483,-150,0,0
43.23015,27.002483,-150,0,0
42.23015,27.002483,-150,0,0
41.23015,27.002483,-150,0,0
40.23015,27.002483,-150,0,0
39.23015,27.002483,-150,0,0
38.23015,27.002483,-150,0,0
37.23015,27.002483,-150,0,0
36.23015,27.002483,-150,0,0
35.23015,27.002483,-150,0,0
34.23015,27.002483,-150,0,0
33.23015,27.002483,-150,0,0
32.23015,27.002483,-150,0,0
31.230148,27.002483,-150,0,0
30.230148,27.002483,-150,0,0
29.230148,27.002483,-150,0,0
28.230148,27.002483,-150,0,0
27.230148,27.002483,-150,0,0
26.230148,27.002483,-150,0,0
25.230148,27.002483,-150,0,0
24.230148,27.002483,-150,0,0
23.230148,27.002483,-150,0,0
22.230148,27.002483,-150,0,0
21.230148,27.002483,-150,0,0
20.230148,27.002483,-150,0,0
19.230148,27.002483,-150,0,0
18.230148,27.002483,-150,0,0
17.230148,27.002483,-150,0,0
16.230148,27.002483,-150,0,0
15.230148,27.002483,-150,0,0
14.230148,27.002483,-150,0,0
13.230148,27.002483,-150,0,0
12.230148,27.002483,-150,0,0
11.230148,27.002483,-150,0,0
10.230148,27.002483,-150,0,0
9.230148,27.002483,-150,0,0
8.230148,27.002483,-150,0,0
7.2301483,27.002483,-150,0,0
6.2301483,27.002483,-150,0,0
5.2301483,27.002483,-150,0,0
4.2301483,27.002483,-150,0,0
3.2301483,27.002483,-150,0,0
2.2301483,27.002483,-150,0,0
1.2301483,27.002483,-150,0,0
0.23014832,27.002483,-150,0,0
-0.7698517,27.002483,-150,0,0
-1.7698517,27.002483,-150,0,0
-2.7698517,27.002483,-150,0,0
-3.7698517,27.002483,-150,0,0
-4.7698517,27.002483,-150,0,0
-5.7698517,27.002483,-150,0,0
-6.7698517,27.002483,-150,0,0
-7.7698517,27.002483,-150,0,0
-8.769852,27.002483,-150,0,0
-9.769852,27.002483,-150,0,0
-10.769852,27.002483,-150,0,0
-11.769852,27.002483,-150,0,0
-12.769852,27.002483,-150,0,0
-13.769852,27.002483,-150,0,0
-14.769852,27.002483,-150,0,0
-15.769852,27.002483,-150,0,0
-16.769852,27.002483,-150,0,0
-17.769852,27.002483,-150,0,0
-18.769852,27.002483,-150,0,0
-19.769852,27.002483,-150,0,0
-20.769852,27.002483,-150,0,0
-21.769852,27.002483,-150,0,0
-22.769852,27.002483,-150,0,0
-23.769852,27.002483,-150,0,0
-24.769852,27.002483,-150,0,0
-25.769852,27.002483,-150,0,0
-26.769852,27.002483,-150,0,0
-27.769852,27.002483,-150,0,0
-28.769852,27.002483,-150,0,0
-29.769852,27.002483,-150,0,0
-30.769852,27.002483,-150,0,0
-31.769852,27.002483,-150,0,0
-32.76985,27.002483,-150,0,0
-33.76985,27.002483,-150,0,0
-34.76985,27.002483,-150,0,0
-35.76985,27.002483,-150,0,0
-36.76985,27.002483,-150,0,0
-37.76985,27.002483,-150,0,0
-38.76985,27.002483,-150,0,0
-39.76985,27.002483,-150,0,0
-40.76985,27.002483,-150,0,0
-41.76985,27.002483,-150,0,0
-42.76985,27.002483,-150,0,0
-43.76985,27.002483,-150,0,0
-44.76985,27.002483,-150,0,0
-45.76985,27.002483,-150,0,0
-46.76985,27.002483,-150,0,0
-47.76985,27.002483,-150,0,0
-48.76985,27.002483,-150,0,0
-49.76985,27.002483,-150,0,0
49.23015,26.002483,-150,0,0
48.23015,26.002483,-150,0,0
47.23015,26.002483,-150,0,0
46.23015,26.002483,-150,0,0
45.23015,26.002483,-150,0,0
44.23015,26.002483,-150,0,0
43.23015,26.002483,-150,0,0
42.23015,26.002483,-150,0,0
41.23015,26.002483,-150,0,0
40.23015,26.002483,-150,0,0
39.23015,26.002483,-150,0,0
38.23015,26.002483,-150,0,0
37.23015,26.002483,-150,0,0
36.23015,26.002483,-150,0,0
35.23015,26.002483,-150,0,0
34.23015,26.002483,-150,0,0
33.23015,26.002483,-150,0,0
32.23015,26.002483,-150,0,0
31.230148,26.002483,-150,0,0
30.230148,26.002483,-150,0,0
29.230148,26.002483,-150,0,0
28.230148,26.002483,-150,0,0
27.230148,26.002483,-150,0,0
26.230148,26.002483,-150,0,0
25.230148,26.002483,-150,0,0
24.230148,26.002483,-150,0,0
23.230148,26.002483,-150,0,0
22.230148,26.002483,-150,0,0
21.230148,26.002483,-150,0,0
20.230148,26.002483,-150,0,0
19.230148,26.002483,-150,0,0
18.230148,26.002483,-150,0,0
17.230148,26.002483,-150,0,0
16.230148,26.002483,-150,0,0
15.230148,26.002483,-150,0,0
14.230148,26.002483,-150,0,0
13.230148,26.002483,-150,0,0
12.230148,26.002483,-150,0,0
11.230148,26.002483,-150,0,0
10.230148,26.002483,-150,0,0
9.230148,26.002483,-150,0,0
8.230148,26.002483,-150,0,0
7.2301483,26.002483,-150,0,0
6.2301483,26.002483,-150,0,0
5.2301483,26.002483,-150,0,0
4.2301483,26.002483,-150,0,0
3.2301483,26.002483,-150,0,0
2.2301483,26.002483,-150,0,0
1.2301483,26.002483,-150,0,0
0.23014832,26.002483,-150,0,0
-0.7698517,26.002483,-150,0,0
-1.7698517,26.002483,-150,0,0
-2.7698517,26.002483,-150,0,0
-3.7698517,26.002483,-150,0,0
-4.7698517,26.002483,-150,0,0
-5.7698517,26.002483,-150,0,0
-6.7698517,26.002483,-150,0,0
-7.7698517,26.002483,-150,0,0
-8.769852,26.002483,-150,0,0
-9.769852,26.002483,-150,0,0
-10.769852,26.002483,-150,0,0
-11.769852,26.002483,-150,0,0
-12.769852,26.002483,-150,0,0
-13.769852,26.002483,-150,0,0
-14.769852,26.002483,-150,0,0
-15.769852,26.002483,-150,0,0
-16.769852,26.002483,-150,0,0
-17.769852,26.002483,-150,0,0
-18.769852,26.002483,-150,0,0
-19.769852,26.002483,-150,0,0
-20.769852,26.002483,-150,0,0
-21.769852,26.002483,-150,0,0
-22.769852,26.002483,-150,0,0
-23.769852,26.002483,-150,0,0
-24.769852,26.002483,-150,0,0
-25.769852,26.002483,-150,0,0
-26.769852,26.002483,-150,0,0
-27.769852,26.002483,-150,0,0
-28.769852,26.002483,-150,0,0
-29.769852,26.002483,-150,0,0
-30.769852,26.002483,-150,0,0
-31.769852,26.002483,-150,0,0
-32.76985,26.002483,-150,0,0
-33.76985,26.002483,-150,0,0
-34.76985,26.002483,-150,0,0
-35.76985,26.002483,-150,0,0
-36.76985,26.002483,-150,0,0
-37.76985,26.002483,-150,0,0
-38.76985,26.002483,-150,0,0
-39.76985,26.002483,-150,0,0
-40.76985,26.002483,-150,0,0
-41.76985,26.002483,-150,0,0
-42.76985,26.002483,-150,0,0
-43.76985,26.002483,-150,0,0
-44.76985,26.002483,-150,0,0
-45.76985,26.002483,-150,0,0
-46.76985,26.002483,-150,0,0
-47.76985,26.002483,-150,0,0
-48.76985,26.002483,-150,0,0
-49.76985,26.002483,-150,0,0
49.23015,25.002483,-150,0,0
48.23015,25.002483,-150,0,0
47.23015,25.002483,-150,0,0
46.23015,25.002483,-150,0,0
45.23015,25.002483,-150,0,0
44.23015,25.002483,-150,0,0
43.23015,25.002483,-150,0,0
42.23015,25.002483,-150,0,0
41.23015,25.002483,-150,0,0
40.23015,25.002483,-150,0,0
39.23015,25.002483,-150,0,0
38.23015,25.002483,-150,0,0
37.23015,25.002483,-150,0,0
36.23015,25.002483,-150,0,0
35.23015,25.002483,-150,0,0
34.23015,25.002483,-150,0,0
33.23015,25.002483,-150,0,0
32.23015,25.002483,-150,0,0
31.230148,25.002483,-150,0,0
30.230148,25.002483,-150,0,0
29.230148,25.002483,-150,0,0
28.230148,25.002483,-150,0,0
27.230148,25.002483,-150,0,0
26.230148,25.002483,-150,0,0
25.230148,25.002483,-150,0,0
24.230148,25.002483,-150,0,0
23.230148,25.002483,-150,0,0
22.230148,25.002483,-150,0,0
21.230148,25.002483,-150,0,0
20.230148,25.002483,-150,0,0
19.230148,25.002483,-150,0,0
18.230148,25.002483,-150,0,0
17.230148,25.002483,-150,0,0
16.230148,25.002483,-150,0,0
15.230148,25.002483,-150,0,0
14.230148,25.002483,-150,0,0
13.230148,25.002483,-150,0,0
12.230148,25.002483,-150,0,0
11.230148,25.002483,-150,0,0
10.230148,25.002483,-150,0,0
9.230148,25.002483,-150,0,0
8.230148,25.002483,-150,0,0
7.2301483,25.002483,-150,0,0
6.2301483,25.002483,-150,0,0
5.2301483,25.002483,-150,0,0
4.2301483,25.002483,-150,0,0
3.2301483,25.002483,-150,0,0
2.2301483,25.002483,-150,0,0
1.2301483,25.002483,-150,0,0
0.23014832,25.002483,-150,0,0
-0.7698517,25.002483,-150,0,0
-1.7698517,25.002483,-150,0,0
-2.7698517,25.002483,-150,0,0
-3.7698517,25.002483,-150,0,0
-4.7698517,25.002483,-150,0,0
-5.7698517,25.002483,-150,0,0
-6.7698517,25.002483,-150,0,0
-7.7698517,25.002483,-150,0,0
-8.769852,25.002483,-150,0,0
-9.769852,25.002483,-150,0,0
-10.769852,25.002483,-150,0,0
-11.769852,25.002483,-150,0,0
-12.769852,25.002483,-150,0,0
-13.769852,25.002483,-150,0,0
-14.769852,25.002483,-150,0,0
-15.769852,25.002483,-150,0,0
-16.769852,25.002483,-150,0,0
-17.769852,25.002483,-150,0,0
-18.769852,25.002483,-150,0,0
-19.769852,25.002483,-150,0,0
-20.769852,25.002483,-150,0,0
-21.769852,25.002483,-150,0,0
-22.769852,25.002483,-150,0,0
-23.769852,25.002483,-150,0,0
-24.769852,25.002483,-150,0,0
-25.769852,25.002483,-150,0,0
-26.769852,25.002483,-150,0,0
-27.769852,25.002483,-150,0,0
-28.769852,25.002483,-150,0,0
-29.769852,25.002483,-150,0,0
-30.769852,25.002483,-150,0,0
-31.769852,25.002483,-150,0,0
-32.76985,25.002483,-150,0,0
-33.76985,25.002483,-150,0,0
-34.76985,25.002483,-150,0,0
-35.76985,25.002483,-150,0,0
-36.76985,25.002483,-150,0,0
-37.76985,25.002483,-150,0,0
-38.76985,25.002483,-150,0,0
-39.76985,25.002483,-150,0,0
-40.76985,25.002483,-150,0,0
-41.76985,25.002483,-150,0,0
-42.76985,25.002483,-150,0,0
-43.76985,25.002483,-150,0,0
-44.76985,25.002483,-150,0,0
-45.76985,25.002483,-150,0,0
-46.76985,25.002483,-150,0,0
-47.76985,25.002483,-150,0,0
-48.76985,25.002483,-150,0,0
-49.76985,25.002483,-150,0,0
49.23015,24.002483,-150,0,0
48.23015,24.002483,-150,0,0
47.23015,24.002483,-150,0,0
46.23015,24.002483,-150,0,0
45.23015,24.002483,-150,0,0
44.23015,24.002483,-150,0,0
43.23015,24.002483,-150,0,0
42.23015,24.002483,-150,0,0
41.23015,24.002483,-150,0,0
40.23015,24.002483,-150,0,0
39.23015,24.002483,-150,0,0
38.23015,24.002483,-150,0,0
37.23015,24.002483,-150,0,0
36.23015,24.002483,-150,0,0
35.23015,24.002483,-150,0,0
34.23015,24.002483,-150,0,0
33.23015,24.002483,-150,0,0
32.23015,24.002483,-150,0,0
31.230148,24.002483,-150,0,0
30.230148,24.002483,-150,0,0
29.230148,24.002483,-150,0,0
28.230148,24.002483,-150,0,0
27.230148,24.002483,-150,0,0
26.230148,24.002483,-150,0,0
25.230148,24.002483,-150,0,0
24.230148,24.002483,-150,0,0
23.230148,24.002483,-150,0,0
22.230148,24.002483,-150,0,0
21.230148,24.002483,-150,0,0
20.230148,24.002483,-150,0,0
19.230148,24.002483,-150,0,0
18.230148,24.002483,-150,0,0
17.230148,24.002483,-150,0,0
16.230148,24.002483,-150,0,0
15.230148,24.002483,-150,0,0
14.230148,24.002483,-150,0,0
13.230148,24.002483,-150,0,0
12.230148,24.002483,-150,0,0
11.230148,24.002483,-150,0,0
10.230148,24.002483,-150,0,0
9.230148,24.002483,-150,0,0
8.230148,24.002483,-150,0,0
7.2301483,24.002483,-150,0,0
6.2301483,24.002483,-150,0,0
5.2301483,24.002483,-150,0,0
4.2301483,24.002483,-150,0,0
3.2301483,24.002483,-150,0,0
2.2301483,24.002483,-150,0,0
1.2301483,24.002483,-150,0,0
0.23014832,24.002483,-150,0,0
-0.7698517,24.002483,-150,0,0
-1.7698517,24.002483,-150,0,0
-2.7698517,24.002483,-150,0,0
-3.7698517,24.002483,-150,0,0
-4.7698517,24.002483,-150,0,0
-5.7698517,24.002483,-150,0,0
-6.7698517,24.002483,-150,0,0
-7.7698517,24.002483,-150,0,0
-8.769852,24.002483,-150,0,0
-9.769852,24.002483,-150,0,0
-10.769852,24.002483,-150,0,0
-11.769852,24.002483,-150,0,0
-12.769852,24.002483,-150,0,0
-13.769852,24.002483,-150,0,0
-14.769852,24.002483,-150,0,0
-15.769852,24.002483,-150,0,0
-16.769852,24.002483,-150,0,0
-17.769852,24.002483,-150,0,0
-18.769852,24.002483,-150,0,0
-19.769852,24.002483,-150,0,0
-20.769852,24.002483,-150,0,0
-21.769852,24.002483,-150,0,0
-22.769852,24.002483,-150,0,0
-23.769852,24.002483,-150,0,0
-24.769852,24.002483,-150,0,0
-25.769852,24.002483,-150,0,0
-26.769852,24.002483,-150,0,0
-27.769852,24.002483,-150,0,0
-28.769852,24.002483,-150,0,0
-29.769852,24.002483,-150,0,0
-30.769852,24.002483,-150,0,0
-31.769852,24.002483,-150,0,0
-32.76985,24.002483,-150,0,0
-33.76985,24.002483,-150,0,0
-34.76985,24.002483,-150,0,0
-35.76985,24.002483,-150,0,0
-36.76985,24.002483,-150,0,0
-37.76985,24.002483,-150,0,0
-38.76985,24.002483,-150,0,0
-39.76985,24.002483,-150,0,0
-40.76985,24.002483,-150,0,0
-41.76985,24.002483,-150,0,0
-42.76985,24.002483,-150,0,0
-43.76985,24.002483,-150,0,0
-44.76985,24.002483,-150,0,0
-45.76985,24.002483,-150,0,0
-46.76985,24.002483,-150,0,0
-47.76985,24.002483,-150,0,0
-48.76985,24.002483,-150,0,0
-49.76985,24.002483,-150,0,0
49.23015,23.002483,-150,0,0
48.23015,23.002483,-150,0,0
47.23015,23.002483,-150,0,0
46.23015,23.002483,-150,0,0
45.23015,23.002483,-150,0,0
44.23015,23.002483,-150,0,0
43.23015,23.002483,-150,0,0
42.23015,23.002483,-150,0,0
41.23015,23.002483,-150,0,0
40.23015,23.002483,-150,0,0
39.23015,23.002483,-150,0,0
38.23015,23.002483,-150,0,0
37.23015,23.002483,-150,0,0
36.23015,23.002483,-150,0,0
35.23015,23.002483,-150,0,0
34.23015,23.002483,-150,0,0
33.23015,23.002483,-150,0,0
32.23015,23.002483,-150,0,0
31.230148,23.002483,-150,0,0
30.230148,23.002483,-150,0,0
29.230148,23.002483,-150,0,0
28.230148,23.002483,-150,0,0
27.230148,23.002483,-150,0,0
26.230148,23.002483,-150,0,0
25.230148,23.002483,-150,0,0
24.230148,23.002483,-150,0,0
23.230148,23.002483,-150,0,0
22.230148,23.002483,-150,0,0
21.230148,23.002483,-150,0,0
20.230148,23.002483,-150,0,0
19.230148,23.002483,-150,0,0
18.230148,23.002483,-150,0,0
17.230148,23.002483,-150,0,0
16.230148,23.002483,-150,0,0
15.230148,23.002483,-150,0,0
14.230148,23.002483,-150,0,0
13.230148,23.002483,-150,0,0
12.230148,23.002483,-150,0,0
11.230148,23.002483,-150,0,0
10.230148,23.002483,-150,0,0
9.230148,23.002483,-150,0,0
8.230148,23.002483,-150,0,0
7.2301483,23.002483,-150,0,0
6.2301483,23.002483,-150,0,0
5.2301483,23.002483,-150,0,0
4.2301483,23.002483,-150,0,0
3.2301483,23.002483,-150,0,3.999999
2.2301483,23.002483,-150,0,0
1.2301483,23.002483,-150,0,0
0.23014832,23.002483,-150,0,0
-0.7698517,23.002483,-150,0,0
-1.7698517,23.002483,-150,0,0
-2.7698517,23.002483,-150,0,0
-3.7698517,23.002483,-150,0,0
-4.7698517,23.002483,-150,0,0
-5.7698517,23.002483,-150,0,0
-6.7698517,23.002483,-150,0,0
-7.7698517,23.002483,-150,0,0
-8.769852,23.002483,-150,0,0
-9.769852,23.002483,-150,0,0
-10.769852,23.002483,-150,0,0
-11.769852,23.002483,-150,0,0
-12.769852,23.002483,-150,0,0
-13.769852,23.002483,-150,0,0
-14.769852,23.002483,-150,0,0
-15.769852,23.002483,-150,0,0
-16.769852,23.002483,-150,0,0
-17.769852,23.002483,-150,0,0
-18.769852,23.002483,-150,0,0
-19.769852,23.002483,-150,0,0
-20.769852,23.002483,-150,0,0
-21.769852,23.002483,-150,0,0
-22.769852,23.002483,-150,0,0
-23.769852,23.002483,-150,0,0
-24.769852,23.002483,-150,0,0
-25.769852,23.002483,-150,0,0
-26.769852,23.002483,-150,0,0
-27.769852,23.002483,-150,0,0
-28.769852,23.002483,-150,0,0
-29.769852,23.002483,-150,0,0
-30.769852,23.002483,-150,0,0
-31.769852,23.002483,-150,0,0
-32.76985,23.002483,-150,0,0
-33.76985,23.002483,-150,0,0
-34.76985,23.002483,-150,0,0
-35.76985,23.002483,-150,0,0
-36.76985,23.002483,-150,0,0
-37.76985,23.002483,-150,0,0
-38.76985,23.002483,-150,0,0
-39.76985,23.002483,-150,0,0
-40.76985,23.002483,-150,0,0
-41.76985,23.002483,-150,0,0
-42.76985,23.002483,-150,0,0
-43.76985,23.002483,-150,0,0
-44.76985,23.002483,-150,0,0
-45.76985,23.002483,-150,0,0
-46.76985,23.002483,-150,0,0
-47.76985,23.002483,-150,0,0
-48.76985,23.002483,-150,0,0
-49.76985,23.002483,-150,0,0
49.23015,22.002483,-150,0,0
48.23015,22.002483,-150,0,0
47.23015,22.002483,-150,0,0
46.23015,22.002483,-150,0,0
45.23015,22.002483,-150,0,0
44.23015,22.002483,-150,0,0
43.23015,22.002483,-150,0,0
42.23015,22.002483,-150,0,0
41.23015,22.002483,-150,0,0
40.23015,22.002483,-150,0,0
39.23015,22.002483,-150,0,0
38.23015,22.002483,-150,0,0
37.23015,22.002483,-150,0,0
36.23015,22.002483,-150,0,0
35.23015,22.002483,-150,0,0
34.23015,22.002483,-150,0,0
33.23015,22.002483,-150,0,0
32.23015,22.002483,-150,0,0
31.230148,22.002483,-150,0,0
30.230148,22.002483,-150,0,0
29.230148,22.002483,-150,0,0
28.230148,22.002483,-150,0,0
27.230148,22.002483,-150,0,0
26.230148,22.002483,-150,0,0
25.230148,22.002483,-150,0,0
24.230148,22.002483,-150,0,0
23.230148,22.002483,-150,0,0
22.230148,22.002483,-150,0,0
21.230148,22.002483,-150,0,0
20.230148,22.002483,-150,0,0
19.230148,22.002483,-150,0,0
18.230148,22.002483,-150,0,0
17.230148,22.002483,-150,0,0
16.230148,22.002483,-150,0,0
15.230148,22.002483,-150,0,0
14.230148,22.002483,-150,0,0
13.230148,22.002483,-150,0,0
12.230148,22.002483,-150,0,0
11.230148,22.002483,-150,0,0
10.230148,22.002483,-150,0,0
9.230148,22.002483,-150,0,0
8.230148,22.002483,-150,0,0
7.2301483,22.002483,-150,0,0
6.2301483,22.002483,-150,0,0
5.2301483,22.002483,-150,0,0
4.2301483,22.002483,-150,0,0
3.2301483,22.002483,-150,0,7.999998
2.2301483,22.002483,-150,0,15.999996
1.2301483,22.002483,-150,0,27.999996
0.23014832,22.002483,-150,0,67.99999
-0.7698517,22.002483,-150,0,71.99999
-1.7698517,22.002483,-150,0,75.99999
-2.7698517,22.002483,-150,0,55.999996
-3.7698517,22.002483,-150,0,79.99999
-4.7698517,22.002483,-150,0,27.999996
-5.7698517,22.002483,-150,0,27.999996
-6.7698517,22.002483,-150,0,3.999999
-7.7698517,22.002483,-150,0,0
-8.769852,22.002483,-150,0,0
-9.769852,22.002483,-150,0,0
-10.769852,22.002483,-150,0,0
-11.769852,22.002483,-150,0,0
-12.769852,22.002483,-150,0,0
-13.769852,22.002483,-150,0,0
-14.769852,22.002483,-150,0,0
-15.769852,22.002483,-150,0,0
-16.769852,22.002483,-150,0,0
-17.769852,22.002483,-150,0,0
-18.769852,22.002483,-150,0,0
-19.769852,22.002483,-150,0,0
-20.769852,22.002483,-150,0,0
-21.769852,22.002483,-150,0,0
-22.769852,22.002483,-150,0,0
-23.769852,22.002483,-150,0,0
-24.769852,22.002483,-150,0,0
-25.769852,22.002483,-150,0,0
-26.769852,22.002483,-150,0,0
-27.769852,22.002483,-150,0,0
-28.769852,22.002483,-150,0,0
-29.769852,22.002483,-150,0,0
-30.769852,22.002483,-150,0,0
-31.769852,22.002483,-150,0,0
-32.76985,22.002483,-150,0,0
-33.76985,22.002483,-150,0,0
-34.76985,22.002483,-150,0,0
-35.76985,22.002483,-150,0,0
-36.76985,22.002483,-150,0,0
-37.76985,22.002483,-150,0,0
-38.76985,22.002483,-150,0,0
-39.76985,22.002483,-150,0,0
-40.76985,22.002483,-150,0,0
-41.76985,22.002483,-150,0,0
-42.76985,22.002483,-150,0,0
-43.76985,22.002483,-150,0,0
-44.76985,22.002483,-150,0,0
-45.76985,22.002483,-150,0,0
-46.76985,22.002483,-150,0,0
-47.76985,22.002483,-150,0,0
-48.76985,22.002483,-150,0,0
-49.76985,22.002483,-150,0,0
49.23015,21.002483,-150,0,0
48.23015,21.002483,-150,0,0
47.23015,21.002483,-150,0,0
46.23015,21.002483,-150,0,0
45.23015,21.002483,-150,0,0
44.23015,21.002483,-150,0,0
43.23015,21.002483,-150,0,0
42.23015,21.002483,-150,0,0
41.23015,21.002483,-150,0,0
40.23015,21.002483,-150,0,0
39.23015,21.002483,-150,0,0
38.23015,21.002483,-150,0,0
37.23015,21.002483,-150,0,0
36.23015,21.002483,-150,0,0
35.23015,21.002483,-150,0,0
34.23015,21.002483,-150,0,0
33.23015,21.002483,-150,0,0
32.23015,21.002483,-150,0,0
31.230148,21.002483,-150,0,0
30.230148,21.002483,-150,0,0
29.230148,21.002483,-150,0,0
28.230148,21.002483,-150,0,0
27.230148,21.002483,-150,0,0
26.230148,21.002483,-150,0,0
25.230148,21.002483,-150,0,0
24.230148,21.002483,-150,0,0
23.230148,21.002483,-150,0,0
22.230148,21.002483,-150,0,0
21.230148,21.002483,-150,0,0
20.230148,21.002483,-150,0,0
19.230148,21.002483,-150,0,0
18.230148,21.002483,-150,0,0
17.230148,21.002483,-150,0,0
16.230148,21.002483,-150,0,0
15.230148,21.002483,-150,0,0
14.230148,21.002483,-150,0,0
13.230148,21.002483,-150,0,0
12.230148,21.002483,-150,0,0
11.230148,21.002483,-150,0,0
10.230148,21.002483,-150,0,0
9.230148,21.002483,-150,0,0
8.230148,21.002483,-150,0,0
7.2301483,21.002483,-150,0,0
6.2301483,21.002483,-150,0,0
5.2301483,21.002483,-150,0,43.999996
4.2301483,21.002483,-150,0,51.999996
3.2301483,21.002483,-150,0,103.99999
2.2301483,21.002483,-150,0.5506472,87.99999
1.2301483,21.002483,-150,0.49600473,115.99999
0.23014832,21.002483,-150,0.3511719,87.99999
-0.7698517,21.002483,-150,0.3040151,123.99999
-1.7698517,21.002483,-150,0.36800936,119.99999
-2.7698517,21.002483,-150,0.4188367,103.99999
-3.7698517,21.002483,-150,0.3738516,155.99998
-4.7698517,21.002483,-150,0.33781996,131.99998
-5.7698517,21.002483,-150,Infinity,135.99998
-6.7698517,21.002483,-150,0,103.99999
-7.7698517,21.002483,-150,0,83.99999
-8.769852,21.002483,-150,0,0
-9.769852,21.002483,-150,0,0
-10.769852,21.002483,-150,0,0
-11.769852,21.002483,-150,0,0
-12.769852,21.002483,-150,0,0
-13.769852,21.002483,-150,0,0
-14.769852,21.002483,-150,0,0
-15.769852,21.002483,-150,0,0
-16.769852,21.002483,-150,0,0
-17.769852,21.002483,-150,0,0
-18.769852,21.002483,-150,0,0
-19.769852,21.002483,-150,0,0
-20.769852,21.002483,-150,0,0
-21.769852,21.002483,-150,0,0
-22.769852,21.002483,-150,0,0
-23.769852,21.002483,-150,0,0
-24.769852,21.002483,-150,0,0
-25.769852,21.002483,-150,0,0
-26.769852,21.002483,-150,0,0
-27.769852,21.002483,-150,0,0
-28.769852,21.002483,-150,0,0
-29.769852,21.002483,-150,0,0
-30.769852,21.002483,-150,0,0
-31.769852,21.002483,-150,0,0
-32.76985,21.002483,-150,0,0
-33.76985,21.002483,-150,0,0
-34.76985,21.002483,-150,0,0
-35.76985,21.002483,-150,0,0
-36.76985,21.002483,-150,0,0
-37.76985,21.002483,-150,0,0
-38.76985,21.002483,-150,0,0
-39.76985,21.002483,-150,0,0
-40.76985,21.002483,-150,0,0
-41.76985,21.002483,-150,0,0
-42.76985,21.002483,-150,0,0
-43.76985,21.002483,-150,0,0
-44.76985,21.002483,-150,0,0
-45.76985,21.002483,-150,0,0
-46.76985,21.002483,-150,0,0
-47.76985,21.002483,-150,0,0
-48.76985,21.002483,-150,0,0
-49.76985,21.002483,-150,0,0
49.23015,20.002483,-150,0,0
48.23015,20.002483,-150,0,0
47.23015,20.002483,-150,0,0
46.23015,20.002483,-150,0,0
45.23015,20.002483,-150,0,0
44.23015,20.002483,-150,0,0
43.23015,20.002483,-150,0,0
42.23015,20.002483,-150,0,0
41.23015,20.002483,-150,0,0
40.23015,20.002483,-150,0,0
39.23015,20.002483,-150,0,0
38.23015,20.002483,-150,0,0
37.23015,20.002483,-150,0,0
36.23015,20.002483,-150,0,0
35.23015,20.002483,-150,0,0
34.23015,20.002483,-150,0,0
33.23015,20.002483,-150,0,0
32.23015,20.002483,-150,0,0
31.230148,20.002483,-150,0,0
30.230148,20.002483,-150,0,0
29.230148,20.002483,-150,0,0
28.230148,20.002483,-150,0,0
27.230148,20.002483,-150,0,0
26.230148,20.002483,-150,0,0
25.230148,20.002483,-150,0,0
24.230148,20.002483,-150,0,0
23.230148,20.002483,-150,0,0
22.230148,20.002483,-150,0,0
21.230148,20.002483,-150,0,0
20.230148,20.002483,-150,0,0
19.230148,20.002483,-150,0,0
18.230148,20.002483,-150,0,0
17.230148,20.002483,-150,0,0
16.230148,20.002483,-150,0,0
15.230148,20.002483,-150,0,0
14.230148,20.002483,-150,0,0
13.230148,20.002483,-150,0,0
12.230148,20.002483,-150,0,0
11.230148,20.002483,-150,0,0
10.230148,20.002483,-150,0,0
9.230148,20.002483,-150,0,0
8.230148,20.002483,-150,0,0
7.2301483,20.002483,-150,0,19.999996
6.2301483,20.002483,-150,0,71.99999
5.2301483,20.002483,-150,0,111.99999
4.2301483,20.002483,-150,0.42040038,79.99999
3.2301483,20.002483,-150,0.45122573,55.999996
2.2301483,20.002483,-150,0.5831942,63.999996
1.2301483,20.002483,-150,0.56708646,107.99999
0.23014832,20.002483,-150,0.39106,75.99999
-0.7698517,20.002483,-150,0.31785095,83.99999
-1.7698517,20.002483,-150,0.35943884,127.99999
-2.7698517,20.002483,-150,0.33474684,123.99999
-3.7698517,20.002483,-150,0.23503673,147.99998
-4.7698517,20.002483,-150,0.17708477,91.99999
-5.7698517,20.002483,-150,0.27000257,103.99999
-6.7698517,20.002483,-150,0.4462965,147.99998
-7.7698517,20.002483,-150,0,115.99999
-8.769852,20.002483,-150,0,79.99999
-9.769852,20.002483,-150,0,27.999996
-10.769852,20.002483,-150,0,3.999999
-11.769852,20.002483,-150,0,0
-12.769852,20.002483,-150,0,0
-13.769852,20.002483,-150,0,0
-14.769852,20.002483,-150,0,0
-15.769852,20.002483,-150,0,0
-16.769852,20.002483,-150,0,0
-17.769852,20.002483,-150,0,0
-18.769852,20.002483,-150,0,0
-19.769852,20.002483,-150,0,0
-20.769852,20.002483,-150,0,0
-21.769852,20.002483,-150,0,0
-22.769852,20.002483,-150,0,0
-23.769852,20.002483,-150,0,0
-24.769852,20.002483,-150,0,0
-25.769852,20.002483,-150,0,0
-26.769852,20.002483,-150,0,0
-27.769852,20.002483,-150,0,0
-28.769852,20.002483,-150,0,0
-29.769852,20.002483,-150,0,0
-30.769852,20.002483,-150,0,0
-31.769852,20.002483,-150,0,0
-32.76985,20.002483,-150,0,0
-33.76985,20.002483,-150,0,0
-34.76985,20.002483,-150,0,0
-35.76985,20.002483,-150,0,0
-36.76985,20.002483,-150,0,0
-37.76985,20.002483,-150,0,0
-38.76985,20.002483,-150,0,0
-39.76985,20.002483,-150,0,0
-40.76985,20.002483,-150,0,0
-41.76985,20.002483,-150,0,0
-42.76985,20.002483,-150,0,0
-43.76985,20.002483,-150,0,0
-44.76985,20.002483,-150,0,0
-45.76985,20.002483,-150,0,0
-46.76985,20.002483,-150,0,0
-47.76985,20.002483,-150,0,0
-48.76985,20.002483,-150,0,0
-49.76985,20.002483,-150,0,0
49.23015,19.002483,-150,0,0
48.23015,19.002483,-150,0,0
47.23015,19.002483,-150,0,0
46.23015,19.002483,-150,0,0
45.23015,19.002483,-150,0,0
44.23015,19.002483,-150,0,0
43.23015,19.002483,-150,0,0
42.23015,19.002483,-150,0,0
41.23015,19.002483,-150,0,0
40.23015,19.002483,-150,0,0
39.23015,19.002483,-150,0,0
38.23015,19.002483,-150,0,0
37.23015,19.002483,-150,0,0
36.23015,19.002483,-150,0,0
35.23015,19.002483,-150,0,0
34.23015,19.002483,-150,0,0
33.23015,19.002483,-150,0,0
32.23015,19.002483,-150,0,0
31.230148,19.002483,-150,0,0
30.230148,19.002483,-150,0,0
29.230148,19.002483,-150,0,0
28.230148,19.002483,-150,0,0
27.230148,19.002483,-150,0,0
26.230148,19.002483,-150,0,0
25.230148,19.002483,-150,0,0
24.230148,19.002483,-150,0,0
23.230148,19.002483,-150,0,0
22.230148,19.002483,-150,0,0
21.230148,19.002483,-150,0,0
20.230148,19.002483,-150,0,0
19.230148,19.002483,-150,0,0
18.230148,19.002483,-150,0,0
17.230148,19.002483,-150,0,0
16.230148,19.002483,-150,0,0
15.230148,19.002483,-150,0,0
14.230148,19.002483,-150,0,0
13.230148,19.002483,-150,0,0
12.230148,19.002483,-150,0,0
11.230148,19.002483,-150,0,0
10.230148,19.002483,-150,0,0
9.230148,19.002483,-150,0,19.999996
8.230148,19.002483,-150,0,55.999996
7.2301483,19.002483,-150,-Infinity,111.99999
6.2301483,19.002483,-150,0.45227784,83.99999
5.2301483,19.002483,-150,0.38476712,59.999996
4.2301483,19.002483,-150,0.32205394,87.99999
3.2301483,19.002483,-150,0.39641517,71.99999
2.2301483,19.002483,-150,0.56064594,119.99999
1.2301483,19.002483,-150,0.5699103,115.99999
0.23014832,19.002483,-150,0.43342918,75.99999
-0.7698517,19.002483,-150,0.3642711,79.99999
-1.7698517,19.002483,-150,0.38436723,123.99999
-2.7698517,19.002483,-150,0.34598228,135.99998
-3.7698517,19.002483,-150,0.19708943,103.99999
-4.7698517,19.002483,-150,0.11634165,63.999996
-5.7698517,19.002483,-150,0.21060055,143.99998
-6.7698517,19.002483,-150,0.3720212,87.99999
-7.7698517,19.002483,-150,0.48758796,143.99998
-8.769852,19.002483,-150,0.5274309,111.99999
-9.769852,19.002483,-150,Infinity,123.99999
-10.769852,19.002483,-150,0,47.999996
-11.769852,19.002483,-150,0,7.999998
-12.769852,19.002483,-150,0,0
-13.769852,19.002483,-150,0,0
-14.769852,19.002483,-150,0,0
-15.769852,19.002483,-150,0,0
-16.769852,19.002483,-150,0,0
-17.769852,19.002483,-150,0,0
-18.769852,19.002483,-150,0,0
-19.769852,19.002483,-150,0,0
-20.769852,19.002483,-150,0,0
-21.769852,19.002483,-150,0,0
-22.769852,19.002483,-150,0,0
-23.769852,19.002483,-150,0,0
-24.769852,19.002483,-150,0,0
-25.769852,19.002483,-150,0,0
-26.769852,19.002483,-150,0,0
-27.769852,19.002483,-150,0,0
-28.769852,19.002483,-150,0,0
-29.769852,19.002483,-150,0,0
-30.769852,19.002483,-150,0,0
-31.769852,19.002483,-150,0,0
-32.76985,19.002483,-150,0,0
-33.76985,19.002483,-150,0,0
-34.76985,19.002483,-150,0,0
-35.76985,19.002483,-150,0,0
-36.76985,19.002483,-150,0,0
-37.76985,19.002483,-150,0,0
-38.76985,19.002483,-150,0,0
-39.76985,19.002483,-150,0,0
-40.76985,19.002483,-150,0,0
-41.76985,19.002483,-150,0,0
-42.76985,19.002483,-150,0,0
-43.76985,19.002483,-150,0,0
-44.76985,19.002483,-150,0,0
-45.76985,19.002483,-150,0,0
-46.76985,19.002483,-150,0,0
-47.76985,19.002483,-150,0,0
-48.76985,19.002483,-150,0,0
-49.76985,19.002483,-150,0,0
49.23015,18.002483,-150,0,0
48.23015,18.002483,-150,0,0
47.23015,18.002483,-150,0,0
46.23015,18.002483,-150,0,0
45.23015,18.002483,-150,0,0
44.23015,18.002483,-150,0,0
43.23015,18.002483,-150,0,0
42.23015,18.002483,-150,0,0
41.23015,18.002483,-150,0,0
40.23015,18.002483,-150,0,0
39.23015,18.002483,-150,0,0
38.23015,18.002483,-150,0,0
37.23015,18.002483,-150,0,0
36.23015,18.002483,-150,0,0
35.23015,18.002483,-150,0,0
34.23015,18.002483,-150,0,0
33.23015,18.002483,-150,0,0
32.23015,18.002483,-150,0,0
31.230148,18.002483,-150,0,0
30.230148,18.002483,-150,0,0
29.230148,18.002483,-150,0,0
28.230148,18.002483,-150,0,0
27.230148,18.002483,-150,0,0
26.230148,18.002483,-150,0,0
25.230148,18.002483,-150,0,0
24.230148,18.002483,-150,0,0
23.230148,18.002483,-150,0,0
22.230148,18.002483,-150,0,0
21.230148,18.002483,-150,0,0
20.230148,18.002483,-150,0,0
19.230148,18.002483,-150,0,0
18.230148,18.002483,-150,0,0
17.230148,18.002483,-150,0,0
16.230148,18.002483,-150,0,0
15.230148,18.002483,-150,0,0
14.230148,18.002483,-150,0,0
13.230148,18.002483,-150,0,0
12.230148,18.002483,-150,0,0
11.230148,18.002483,-150,0,7.999998
10.230148,18.002483,-150,0,15.999996
9.230148,18.002483,-150,0,51.999996
8.230148,18.002483,-150,0.4140691,95.99999
7.2301483,18.002483,-150,0.44730762,87.99999
6.2301483,18.002483,-150,0.36747637,91.99999
5.2301483,18.002483,-150,0.23620936,83.99999
4.2301483,18.002483,-150,0.18907918,71.99999
3.2301483,18.002483,-150,0.34649676,91.99999
2.2301483,18.002483,-150,0.555512,75.99999
1.2301483,18.002483,-150,0.59540105,91.99999
0.23014832,18.002483,-150,0.4850511,95.99999
-0.7698517,18.002483,-150,0.38890284,123.99999
-1.7698517,18.002483,-150,0.39153296,123.99999
-2.7698517,18.002483,-150,0.3995866,107.99999
-3.7698517,18.002483,-150,0.3194716,111.99999
-4.7698517,18.002483,-150,0.24224736,107.99999
-5.7698517,18.002483,-150,0.22183299,71.99999
-6.7698517,18.002483,-150,0.28273687,99.99999
-7.7698517,18.002483,-150,0.3896479,119.99999
-8.769852,18.002483,-150,0.4299439,155.99998
-9.769852,18.002483,-150,0.41847983,63.999996
-10.769852,18.002483,-150,0.45073986,95.99999
-11.769852,18.002483,-150,0,107.99999
-12.769852,18.002483,-150,0,11.999997
-13.769852,18.002483,-150,0,0
-14.769852,18.002483,-150,0,0
-15.769852,18.002483,-150,0,0
-16.769852,18.002483,-150,0,0
-17.769852,18.002483,-150,0,0
-18.769852,18.002483,-150,0,0
-19.769852,18.002483,-150,0,0
-20.769852,18.002483,-150,0,0
-21.769852,18.002483,-150,0,0
-22.769852,18.002483,-150,0,0
-23.769852,18.002483,-150,0,0
-24.769852,18.002483,-150,0,0
-25.769852,18.002483,-150,0,0
-26.769852,18.002483,-150,0,0
-27.769852,18.002483,-150,0,0
-28.769852,18.002483,-150,0,0
-29.769852,18.002483,-150,0,0
-30.769852,18.002483,-150,0,0
-31.769852,18.002483,-150,0,0
-32.76985,18.002483,-150,0,0
-33.76985,18.002483,-150,0,0
-34.76985,18.002483,-150,0,0
-35.76985,18.002483,-150,0,0
-36.76985,18.002483,-150,0,0
-37.76985,18.002483,-150,0,0
-38.76985,18.002483,-150,0,0
-39.76985,18.002483,-150,0,0
-40.76985,18.002483,-150,0,0
-41.76985,18.002483,-150,0,0
-42.76985,18.002483,-150,0,0
-43.76985,18.002483,-150,0,0
-44.76985,18.002483,-150,0,0
-45.76985,18.002483,-150,0,0
-46.76985,18.002483,-150,0,0
-47.76985,18.002483,-150,0,0
-48.76985,18.002483,-150,0,0
-49.76985,18.002483,-150,0,0
49.23015,17.002483,-150,0,0
48.23015,17.002483,-150,0,0
47.23015,17.002483,-150,0,0
46.23015,17.002483,-150,0,0
45.23015,17.002483,-150,0,0
44.23015,17.002483,-150,0,0
43.23015,17.002483,-150,0,0
42.23015,17.002483,-150,0,0
41.23015,17.002483,-150,0,0
40.23015,17.002483,-150,0,0
39.23015,17.002483,-150,0,0
38.23015,17.002483,-150,0,0
37.23015,17.002483,-150,0,0
36.23015,17.002483,-150,0,0
35.23015,17.002483,-150,0,0
34.23015,17.002483,-150,0,0
33.23015,17.002483,-150,0,0
32.23015,17.002483,-150,0,0
31.230148,17.002483,-150,0,0
30.230148,17.002483,-150,0,0
29.230148,17.002483,-150,0,0
28.230148,17.002483,-150,0,0
27.230148,17.002483,-150,0,0
26.230148,17.002483,-150,0,0
25.230148,17.002483,-150,0,0
24.230148,17.002483,-150,0,0
23.230148,17.002483,-150,0,0
22.230148,17.002483,-150,0,0
21.230148,17.002483,-150,0,0
20.230148,17.002483,-150,0,0
19.230148,17.002483,-150,0,0
18.230148,17.002483,-150,0,0
17.230148,17.002483,-150,0,0
16.230148,17.002483,-150,0,0
15.230148,17.002483,-150,0,0
14.230148,17.002483,-150,0,0
13.230148,17.002483,-150,0,0
12.230148,17.002483,-150,0,0
11.230148,17.002483,-150,0,63.999996
10.230148,17.002483,-150,Infinity,103.99999
9.230148,17.002483,-150,0.29834026,95.99999
8.230148,17.002483,-150,0.33611408,79.99999
7.2301483,17.002483,-150,0.32362825,63.999996
6.2301483,17.002483,-150,0.21696457,63.999996
5.2301483,17.002483,-150,0.10830456,63.999996
4.2301483,17.002483,-150,0.12743591,99.99999
3.2301483,17.002483,-150,0.28480425,107.99999
2.2301483,17.002483,-150,0.48212582,131.99998
1.2301483,17.002483,-150,0.5544615,115.99999
0.23014832,17.002483,-150,0.47077158,79.99999
-0.7698517,17.002483,-150,0.37119886,83.99999
-1.7698517,17.002483,-150,0.3921692,67.99999
-2.7698517,17.002483,-150,0.47306776,131.99998
-3.7698517,17.002483,-150,0.47092518,127.99999
-4.7698517,17.002483,-150,0.42360574,119.99999
-5.7698517,17.002483,-150,0.322809,87.99999
-6.7698517,17.002483,-150,0.22070178,71.99999
-7.7698517,17.002483,-150,0.26065573,107.99999
-8.769852,17.002483,-150,0.3455578,83.99999
-9.769852,17.002483,-150,0.38348442,63.999996
-10.769852,17.002483,-150,0.41651708,91.99999
-11.769852,17.002483,-150,0.3478493,91.99999
-12.769852,17.002483,-150,-Infinity,79.99999
-13.769852,17.002483,-150,0,71.99999
-14.769852,17.002483,-150,0,3.999999
-15.769852,17.002483,-150,0,3.999999
-16.769852,17.002483,-150,0,0
-17.769852,17.002483,-150,0,0
-18.769852,17.002483,-150,0,0
-19.769852,17.002483,-150,0,0
-20.769852,17.002483,-150,0,0
-21.769852,17.002483,-150,0,0
-22.769852,17.002483,-150,0,0
-23.769852,17.002483,-150,0,0
-24.769852,17.002483,-150,0,0
-25.769852,17.002483,-150,0,0
-26.769852,17.002483,-150,0,0
-27.769852,17.002483,-150,0,0
-28.769852,17.002483,-150,0,0
-29.769852,17.002483,-150,0,0
-30.769852,17.002483,-150,0,0
-31.769852,17.002483,-150,0,0
-32.76985,17.002483,-150,0,0
-33.76985,17.002483,-150,0,0
-34.76985,17.002483,-150,0,0
-35.76985,17.002483,-150,0,0
-36.76985,17.002483,-150,0,0
-37.76985,17.002483,-150,0,0
-38.76985,17.002483,-150,0,0
-39.76985,17.002483,-150,0,0
-40.76985,17.002483,-150,0,0
-41.76985,17.002483,-150,0,0
-42.76985,17.002483,-150,0,0
-43.76985,17.002483,-150,0,0
-44.76985,17.002483,-150,0,0
-45.76985,17.002483,-150,0,0
-46.76985,17.002483,-150,0,0
-47.76985,17.002483,-150,0,0
-48.76985,17.002483,-150,0,0
-49.76985,17.002483,-150,0,0
49.23015,16.002483,-150,0,0
48.23015,16.002483,-150,0,0
47.23015,16.002483,-150,0,0
46.23015,16.002483,-150,0,0
45.23015,16.002483,-150,0,0
44.23015,16.002483,-150,0,0
43.23015,16.002483,-150,0,0
42.23015,16.002483,-150,0,0
41.23015,16.002483,-150,0,0
40.23015,16.002483,-150,0,0
39.23015,16.002483,-150,0,0
38.23015,16.002483,-150,0,0
37.23015,16.002483,-150,0,0
36.23015,16.002483,-150,0,0
35.23015,16.002483,-150,0,0
34.23015,16.002483,-150,0,0
33.23015,16.002483,-150,0,0
32.23015,16.002483,-150,0,0
31.230148,16.002483,-150,0,0
30.230148,16.002483,-150,0,0
29.230148,16.002483,-150,0,0
28.230148,16.002483,-150,0,0
27.230148,16.002483,-150,0,0
26.230148,16.002483,-150,0,0
25.230148,16.002483,-150,0,0
24.230148,16.002483,-150,0,0
23.230148,16.002483,-150,0,0
22.230148,16.002483,-150,0,0
21.230148,16.002483,-150,0,0
20.230148,16.002483,-150,0,0
19.230148,16.002483,-150,0,0
18.230148,16.002483,-150,0,0
17.230148,16.002483,-150,0,0
16.230148,16.002483,-150,0,0
15.230148,16.002483,-150,0,0
14.230148,16.002483,-150,0,0
13.230148,16.002483,-150,0,0
12.230148,16.002483,-150,0,51.999996
11.230148,16.002483,-150,-Infinity,163.99998
10.230148,16.002483,-150,0.43581066,163.99998
9.230148,16.002483,-150,0.40520847,83.99999
8.230148,16.002483,-150,0.36588633,71.99999
7.2301483,16.002483,-150,0.3423055,87.99999
6.2301483,16.002483,-150,0.21009323,99.99999
5.2301483,16.002483,-150,0.12096851,71.99999
4.2301483,16.002483,-150,0.18762285,99.99999
3.2301483,16.002483,-150,0.29061732,71.99999
2.2301483,16.002483,-150,0.39612818,79.99999
1.2301483,16.002483,-150,0.43732983,83.99999
0.23014832,16.002483,-150,0.3643576,103.99999
-0.7698517,16.002483,-150,0.3614455,143.99998
-1.7698517,16.002483,-150,0.47725105,135.99998
-2.7698517,16.002483,-150,0.55343825,107.99999
-3.7698517,16.002483,-150,0.52564925,87.99999
-4.7698517,16.002483,-150,0.46203053,99.99999
-5.7698517,16.002483,-150,0.35098398,119.99999
-6.7698517,16.002483,-150,0.21323451,75.99999
-7.7698517,16.002483,-150,0.20767546,103.99999
-8.769852,16.002483,-150,0.32816824,75.99999
-9.769852,16.002483,-150,0.37850767,91.99999
-10.769852,16.002483,-150,0.30470106,39.999996
-11.769852,16.002483,-150,0.24368823,83.99999
-12.769852,16.002483,-150,0.23180068,99.99999
-13.769852,16.002483,-150,0.26024538,71.99999
-14.769852,16.002483,-150,Infinity,67.99999
-15.769852,16.002483,-150,0,19.999996
-16.769852,16.002483,-150,0,0
-17.769852,16.002483,-150,0,0
-18.769852,16.002483,-150,0,0
-19.769852,16.002483,-150,0,0
-20.769852,16.002483,-150,0,0
-21.769852,16.002483,-150,0,0
-22.769852,16.002483,-150,0,0
-23.769852,16.002483,-150,0,0
-24.769852,16.002483,-150,0,0
-25.769852,16.002483,-150,0,0
-26.769852,16.002483,-150,0,0
-27.769852,16.002483,-150,0,0
-28.769852,16.002483,-150,0,0
-29.769852,16.002483,-150,0,0
-30.769852,16.002483,-150,0,0
-31.769852,16.002483,-150,0,0
-32.76985,16.002483,-150,0,0
-33.76985,16.002483,-150,0,0
-34.76985,16.002483,-150,0,0
-35.76985,16.002483,-150,0,0
-36.76985,16.002483,-150,0,0
-37.76985,16.002483,-150,0,0
-38.76985,16.002483,-150,0,0
-39.76985,16.002483,-150,0,0
-40.76985,16.002483,-150,0,0
-41.76985,16.002483,-150,0,0
-42.76985,16.002483,-150,0,0
-43.76985,16.002483,-150,0,0
-44.76985,16.002483,-150,0,0
-45.76985,16.002483,-150,0,0
-46.76985,16.002483,-150,0,0
-47.76985,16.002483,-150,0,0
-48.76985,16.002483,-150,0,0
-49.76985,16.002483,-150,0,0
49.23015,15.002483,-150,0,0
48.23015,15.002483,-150,0,0
47.23015,15.002483,-150,0,0
46.23015,15.002483,-150,0,0
45.23015,15.002483,-150,0,0
44.23015,15.002483,-150,0,0
43.23015,15.002483,-150,0,0
42.23015,15.002483,-150,0,0
41.23015,15.002483,-150,0,0
40.23015,15.002483,-150,0,0
39.23015,15.002483,-150,0,0
38.23015,15.002483,-150,0,0
37.23015,15.002483,-150,0,0
36.23015,15.002483,-150,0,0
35.23015,15.002483,-150,0,0
34.23015,15.002483,-150,0,0
33.23015,15.002483,-150,0,0
32.23015,15.002483,-150,0,0
31.230148,15.002483,-150,0,0
30.230148,15.002483,-150,0,0
29.230148,15.002483,-150,0,0
28.230148,15.002483,-150,0,0
27.230148,15.002483,-150,0,0
26.230148,15.002483,-150,0,0
25.230148,15.002483,-150,0,0
24.230148,15.002483,-150,0,0
23.230148,15.002483,-150,0,0
22.230148,15.002483,-150,0,0
21.230148,15.002483,-150,0,0
20.230148,15.002483,-150,0,0
19.230148,15.002483,-150,0,0
18.230148,15.002483,-150,0,0
17.230148,15.002483,-150,0,0
16.230148,15.002483,-150,0,0
15.230148,15.002483,-150,0,0
14.230148,15.002483,-150,0,0
13.230148,15.002483,-150,0,63.999996
12.230148,15.002483,-150,-Infinity,87.99999
11.230148,15.002483,-150,0.38136595,103.99999
10.230148,15.002483,-150,0.5170382,119.99999
9.230148,15.002483,-150,0.4918608,139.99998
8.230148,15.002483,-150,0.46511918,143.99998
7.2301483,15.002483,-150,0.46499744,87.99999
6.2301483,15.002483,-150,0.3416358,107.99999
5.2301483,15.002483,-150,0.26308012,83.99999
4.2301483,15.002483,-150,0.33105072,107.99999
3.2301483,15.002483,-150,0.3712591,83.99999
2.2301483,15.002483,-150,0.3758043,59.999996
1.2301483,15.002483,-150,0.31430167,127.99999
0.23014832,15.002483,-150,0.23342162,75.99999
-0.7698517,15.002483,-150,0.35014454,119.99999
-1.7698517,15.002483,-150,0.52245015,171.99998
-2.7698517,15.002483,-150,0.5791249,147.99998
-3.7698517,15.002483,-150,0.5559928,111.99999
-4.7698517,15.002483,-150,0.46149814,79.99999
-5.7698517,15.002483,-150,0.3368858,71.99999
-6.7698517,15.002483,-150,0.28011107,99.99999
-7.7698517,15.002483,-150,0.3057739,79.99999
-8.769852,15.002483,-150,0.39139006,71.99999
-9.769852,15.002483,-150,0.42960286,103.99999
-10.769852,15.002483,-150,0.32012257,75.99999
-11.769852,15.002483,-150,0.18601382,39.999996
-12.769852,15.002483,-150,0.19218817,63.999996
-13.769852,15.002483,-150,0.27418616,75.99999
-14.769852,15.002483,-150,0.35531488,111.99999
-15.769852,15.002483,-150,0,83.99999
-16.769852,15.002483,-150,0,15.999996
-17.769852,15.002483,-150,0,0
-18.769852,15.002483,-150,0,0
-19.769852,15.002483,-150,0,0
-20.769852,15.002483,-150,0,0
-21.769852,15.002483,-150,0,0
-22.769852,15.002483,-150,0,0
-23.769852,15.002483,-150,0,0
-24.769852,15.002483,-150,0,0
-25.769852,15.002483,-150,0,0
-26.769852,15.002483,-150,0,0
-27.769852,15.002483,-150,0,0
-28.769852,15.002483,-150,0,0
-29.769852,15.002483,-150,0,0
-30.769852,15.002483,-150,0,0
-31.769852,15.002483,-150,0,0
-32.76985,15.002483,-150,0,0
-33.76985,15.002483,-150,0,0
-34.76985,15.002483,-150,0,0
-35.76985,15.002483,-150,0,0
-36.76985,15.002483,-150,0,0
-37.76985,15.002483,-150,0,0
-38.76985,15.002483,-150,0,0
-39.76985,15.002483,-150,0,0
-40.76985,15.002483,-150,0,0
-41.76985,15.002483,-150,0,0
-42.76985,15.002483,-150,0,0
-43.76985,15.002483,-150,0,0
-44.76985,15.002483,-150,0,0
-45.76985,15.002483,-150,0,0
-46.76985,15.002483,-150,0,0
-47.76985,15.002483,-150,0,0
-48.76985,15.002483,-150,0,0
-49.76985,15.002483,-150,0,0
49.23015,14.002483,-150,0,0
48.23015,14.002483,-150,0,0
47.23015,14.002483,-150,0,0
46.23015,14.002483,-150,0,0
45.23015,14.002483,-150,0,0
44.23015,14.002483,-150,0,0
43.23015,14.002483,-150,0,0
42.23015,14.002483,-150,0,0
41.23015,14.002483,-150,0,0
40.23015,14.002483,-150,0,0
39.23015,14.002483,-150,0,0
38.23015,14.002483,-150,0,0
37.23015,14.002483,-150,0,0
36.23015,14.002483,-150,0,0
35.23015,14.002483,-150,0,0
34.23015,14.002483,-150,0,0
33.23015,14.002483,-150,0,0
32.23015,14.002483,-150,0,0
31.230148,14.002483,-150,0,0
30.230148,14.002483,-150,0,0
29.230148,14.002483,-150,0,0
28.230148,14.002483,-150,0,0
27.230148,14.002483,-150,0,0
26.230148,14.002483,-150,0,0
25.230148,14.002483,-150,0,0
24.230148,14.002483,-150,0,0
23.230148,14.002483,-150,0,0
22.230148,14.002483,-150,0,0
21.230148,14.002483,-150,0,0
20.230148,14.002483,-150,0,0
19.230148,14.002483,-150,0,0
18.230148,14.002483,-150,0,0
17.230148,14.002483,-150,0,0
16.230148,14.002483,-150,0,0
15.230148,14.002483,-150,0,0
14.230148,14.002483,-150,0,35.999996
13.230148,14.002483,-150,0,87.99999
12.230148,14.002483,-150,0.2993762,119.99999
11.230148,14.002483,-150,0.4073847,103.99999
10.230148,14.002483,-150,0.5131388,159.99998
9.230148,14.002483,-150,0.5077788,79.99999
8.230148,14.002483,-150,0.5223262,59.999996
7.2301483,14.002483,-150,0.50276256,103.99999
6.2301483,14.002483,-150,0.37775937,87.99999
5.2301483,14.002483,-150,0.34686723,135.99998
4.2301483,14.002483,-150,0.4143909,67.99999
3.2301483,14.002483,-150,0.47856545,71.99999
2.2301483,14.002483,-150,0.43124002,87.99999
1.2301483,14.002483,-150,0.25170815,75.99999
0.23014832,14.002483,-150,0.17944446,79.99999
-0.7698517,14.002483,-150,0.30617023,107.99999
-1.7698517,14.002483,-150,0.44819003,131.99998
-2.7698517,14.002483,-150,0.50692546,95.99999
-3.7698517,14.002483,-150,0.55890363,115.99999
-4.7698517,14.002483,-150,0.5093899,107.99999
-5.7698517,14.002483,-150,0.41501623,75.99999
-6.7698517,14.002483,-150,0.43239313,115.99999
-7.7698517,14.002483,-150,0.4913436,111.99999
-8.769852,14.002483,-150,0.49154592,75.99999
-9.769852,14.002483,-150,0.4657757,71.99999
-10.769852,14.002483,-150,0.40155768,83.99999
-11.769852,14.002483,-150,0.28260556,67.99999
-12.769852,14.002483,-150,0.2347873,67.99999
-13.769852,14.002483,-150,0.2808447,67.99999
-14.769852,14.002483,-150,0.29685807,79.99999
-15.769852,14.002483,-150,0.3233969,95.99999
-16.769852,14.002483,-150,0,75.99999
-17.769852,14.002483,-150,0,7.999998
-18.769852,14.002483,-150,0,0
-19.769852,14.002483,-150,0,0
-20.769852,14.002483,-150,0,0
-21.769852,14.002483,-150,0,0
-22.769852,14.002483,-150,0,0
-23.769852,14.002483,-150,0,0
-24.769852,14.002483,-150,0,0
-25.769852,14.002483,-150,0,0
-26.769852,14.002483,-150,0,0
-27.769852,14.002483,-150,0,0
-28.769852,14.002483,-150,0,0
-29.769852,14.002483,-150,0,0
-30.769852,14.002483,-150,0,0
-31.769852,14.002483,-150,0,0
-32.76985,14.002483,-150,0,0
-33.76985,14.002483,-150,0,0
-34.76985,14.002483,-150,0,0
-35.76985,14.002483,-150,0,0
-36.76985,14.002483,-150,0,0
-37.76985,14.002483,-150,0,0
-38.76985,14.002483,-150,0,0
-39.76985,14.002483,-150,0,0
-40.76985,14.002483,-150,0,0
-41.76985,14.002483,-150,0,0
-42.76985,14.002483,-150,0,0
-43.76985,14.002483,-150,0,0
-44.76985,14.002483,-150,0,0
-45.76985,14.002483,-150,0,0
-46.76985,14.002483,-150,0,0
-47.76985,14.002483,-150,0,0
-48.76985,14.002483,-150,0,0
-49.76985,14.002483,-150,0,0
49.23015,13.002483,-150,0,0
48.23015,13.002483,-150,0,0
47.23015,13.002483,-150,0,0
46.23015,13.002483,-150,0,0
45.23015,13.002483,-150,0,0
44.23015,13.002483,-150,0,0
43.23015,13.002483,-150,0,0
42.23015,13.002483,-150,0,0
41.23015,13.002483,-150,0,0
40.23015,13.002483,-150,0,0
39.23015,13.002483,-150,0,0
38.23015,13.002483,-150,0,0
37.23015,13.002483,-150,0,0
36.23015,13.002483,-150,0,0
35.23015,13.002483,-150,0,0
34.23015,13.002483,-150,0,0
33.23015,13.002483,-150,0,0
32.23015,13.002483,-150,0,0
31.230148,13.002483,-150,0,0
30.230148,13.002483,-150,0,0
29.230148,13.002483,-150,0,0
28.230148,13.002483,-150,0,0
27.230148,13.002483,-150,0,0
26.230148,13.002483,-150,0,0
25.230148,13.002483,-150,0,0
24.230148,13.002483,-150,0,0
23.230148,13.002483,-150,0,0
22.230148,13.002483,-150,0,0
21.230148,13.002483,-150,0,0
20.230148,13.002483,-150,0,0
19.230148,13.002483,-150,0,0
18.230148,13.002483,-150,0,0
17.230148,13.002483,-150,0,0
16.230148,13.002483,-150,0,0
15.230148,13.002483,-150,0,19.999996
14.230148,13.002483,-150,0,75.99999
13.230148,13.002483,-150,0.3973245,103.99999
12.230148,13.002483,-150,0.39827394,131.99998
11.230148,13.002483,-150,0.41347885,131.99998
10.230148,13.002483,-150,0.43871188,147.99998
9.230148,13.002483,-150,0.45634007,103.99999
8.230148,13.002483,-150,0.49992308,123.99999
7.2301483,13.002483,-150,0.47790974,91.99999
6.2301483,13.002483,-150,0.39254302,67.99999
5.2301483,13.002483,-150,0.38204008,79.99999
4.2301483,13.002483,-150,0.45331758,55.999996
3.2301483,13.002483,-150,0.510075,83.99999
2.2301483,13.002483,-150,0.4334597,119.99999
1.2301483,13.002483,-150,0.21681479,99.99999
0.23014832,13.002483,-150,0.1453237,75.99999
-0.7698517,13.002483,-150,0.2720181,131.99998
-1.7698517,13.002483,-150,0.39129072,87.99999
-2.7698517,13.002483,-150,0.47571233,79.99999
-3.7698517,13.002483,-150,0.5027331,111.99999
-4.7698517,13.002483,-150,0.46640694,115.99999
-5.7698517,13.002483,-150,0.46549666,103.99999
-6.7698517,13.002483,-150,0.5598029,111.99999
-7.7698517,13.002483,-150,0.62649316,103.99999
-8.769852,13.002483,-150,0.6013805,107.99999
-9.769852,13.002483,-150,0.5390953,91.99999
-10.769852,13.002483,-150,0.44809636,63.999996
-11.769852,13.002483,-150,0.35235453,75.99999
-12.769852,13.002483,-150,0.2729537,59.999996
-13.769852,13.002483,-150,0.23956919,59.999996
-14.769852,13.002483,-150,0.23274896,79.99999
-15.769852,13.002483,-150,0.27035525,79.99999
-16.769852,13.002483,-150,0.31890482,71.99999
-17.769852,13.002483,-150,0,67.99999
-18.769852,13.002483,-150,0,3.999999
-19.769852,13.002483,-150,0,0
-20.769852,13.002483,-150,0,0
-21.769852,13.002483,-150,0,0
-22.769852,13.002483,-150,0,0
-23.769852,13.002483,-150,0,0
-24.769852,13.002483,-150,0,0
-25.769852,13.002483,-150,0,0
-26.769852,13.002483,-150,0,0
-27.769852,13.002483,-150,0,0
-28.769852,13.002483,-150,0,0
-29.769852,13.002483,-150,0,0
-30.769852,13.002483,-150,0,0
-31.769852,13.002483,-150,0,0
-32.76985,13.002483,-150,0,0
-33.76985,13.002483,-150,0,0
-34.76985,13.002483,-150,0,0
-35.76985,13.002483,-150,0,0
-36.76985,13.002483,-150,0,0
-37.76985,13.002483,-150,0,0
-38.76985,13.002483,-150,0,0
-39.76985,13.002483,-150,0,0
-40.76985,13.002483,-150,0,0
-41.76985,13.002483,-150,0,0
-42.76985,13.002483,-150,0,0
-43.76985,13.002483,-150,0,0
-44.76985,13.002483,-150,0,0
-45.76985,13.002483,-150,0,0
-46.76985,13.002483,-150,0,0
-47.76985,13.002483,-150,0,0
-48.76985,13.002483,-150,0,0
-49.76985,13.002483,-150,0,0
49.23015,12.002483,-150,0,0
48.23015,12.002483,-150,0,0
47.23015,12.002483,-150,0,0
46.23015,12.002483,-150,0,0
45.23015,12.002483,-150,0,0
44.23015,12.002483,-150,0,0
43.23015,12.002483,-150,0,0
42.23015,12.002483,-150,0,0
41.23015,12.002483,-150,0,0
40.23015,12.002483,-150,0,0
39.23015,12.002483,-150,0,0
38.23015,12.002483,-150,0,0
37.23015,12.002483,-150,0,0
36.23015,12.002483,-150,0,0
35.23015,12.002483,-150,0,0
34.23015,12.002483,-150,0,0
33.23015,12.002483,-150,0,0
32.23015,12.002483,-150,0,0
31.230148,12.002483,-150,0,0
30.230148,12.002483,-150,0,0
29.230148,12.002483,-150,0,0
28.230148,12.002483,-150,0,0
27.230148,12.002483,-150,0,0
26.230148,12.002483,-150,0,0
25.230148,12.002483,-150,0,0
24.230148,12.002483,-150,0,0
23.230148,12.002483,-150,0,0
22.230148,12.002483,-150,0,0
21.230148,12.002483,-150,0,0
20.230148,12.002483,-150,0,0
19.230148,12.002483,-150,0,0
18.230148,12.002483,-150,0,0
17.230148,12.002483,-150,0,0
16.230148,12.002483,-150,0,3.999999
15.230148,12.002483,-150,0,35.999996
14.230148,12.002483,-150,0.53655356,83.99999
13.230148,12.002483,-150,0.5458859,115.99999
12.230148,12.002483,-150,0.47063088,99.99999
11.230148,12.002483,-150,0.35198888,147.99998
10.230148,12.002483,-150,0.3155015,123.99999
9.230148,12.002483,-150,0.32211044,87.99999
8.230148,12.002483,-150,0.33697724,99.99999
7.2301483,12.002483,-150,0.39300787,103.99999
6.2301483,12.002483,-150,0.45810312,75.99999
5.2301483,12.002483,-150,0.5023682,99.99999
4.2301483,12.002483,-150,0.51546925,75.99999
3.2301483,12.002483,-150,0.50783575,67.99999
2.2301483,12.002483,-150,0.40154523,71.99999
1.2301483,12.002483,-150,0.22021237,87.99999
0.23014832,12.002483,-150,0.13040726,123.99999
-0.7698517,12.002483,-150,0.23239031,107.99999
-1.7698517,12.002483,-150,0.4267003,115.99999
-2.7698517,12.002483,-150,0.5488468,123.99999
-3.7698517,12.002483,-150,0.49696082,127.99999
-4.7698517,12.002483,-150,0.40524727,83.99999
-5.7698517,12.002483,-150,0.44054663,107.99999
-6.7698517,12.002483,-150,0.5477083,147.99998
-7.7698517,12.002483,-150,0.5849577,119.99999
-8.769852,12.002483,-150,0.61678696,139.99998
-9.769852,12.002483,-150,0.61148125,159.99998
-10.769852,12.002483,-150,0.4682036,131.99998
-11.769852,12.002483,-150,0.31099033,63.999996
-12.769852,12.002483,-150,0.24420786,67.99999
-13.769852,12.002483,-150,0.17516686,67.99999
-14.769852,12.002483,-150,0.18933275,83.99999
-15.769852,12.002483,-150,0.2744334,75.99999
-16.769852,12.002483,-150,0.32439685,111.99999
-17.769852,12.002483,-150,Infinity,95.99999
-18.769852,12.002483,-150,0,55.999996
-19.769852,12.002483,-150,0,0
-20.769852,12.002483,-150,0,0
-21.769852,12.002483,-150,0,0
-22.769852,12.002483,-150,0,0
-23.769852,12.002483,-150,0,0
-24.769852,12.002483,-150,0,0
-25.769852,12.002483,-150,0,0
-26.769852,12.002483,-150,0,0
-27.769852,12.002483,-150,0,0
-28.769852,12.002483,-150,0,0
-29.769852,12.002483,-150,0,0
-30.769852,12.002483,-150,0,0
-31.769852,12.002483,-150,0,0
-32.76985,12.002483,-150,0,0
-33.76985,12.002483,-150,0,0
-34.76985,12.002483,-150,0,0
-35.76985,12.002483,-150,0,0
-36.76985,12.002483,-150,0,0
-37.76985,12.002483,-150,0,0
-38.76985,12.002483,-150,0,0
-39.76985,12.002483,-150,0,0
-40.76985,12.002483,-150,0,0
-41.76985,12.002483,-150,0,0
-42.76985,12.002483,-150,0,0
-43.76985,12.002483,-150,0,0
-44.76985,12.002483,-150,0,0
-45.76985,12.002483,-150,0,0
-46.76985,12.002483,-150,0,0
-47.76985,12.002483,-150,0,0
-48.76985,12.002483,-150,0,0
-49.76985,12.002483,-150,0,0
49.23015,11.002483,-150,0,0
48.23015,11.002483,-150,0,0
47.23015,11.002483,-150,0,0
46.23015,11.002483,-150,0,0
45.23015,11.002483,-150,0,0
44.23015,11.002483,-150,0,0
43.23015,11.002483,-150,0,0
42.23015,11.002483,-150,0,0
41.23015,11.002483,-150,0,0
40.23015,11.002483,-150,0,0
39.23015,11.002483,-150,0,0
38.23015,11.002483,-150,0,0
37.23015,11.002483,-150,0,0
36.23015,11.002483,-150,0,0
35.23015,11.002483,-150,0,0
34.23015,11.002483,-150,0,0
33.23015,11.002483,-150,0,0
32.23015,11.002483,-150,0,0
31.230148,11.002483,-150,0,0
30.230148,11.002483,-150,0,0
29.230148,11.002483,-150,0,0
28.230148,11.002483,-150,0,0
27.230148,11.002483,-150,0,0
26.230148,11.002483,-150,0,0
25.230148,11.002483,-150,0,0
24.230148,11.002483,-150,0,0
23.230148,11.002483,-150,0,0
22.230148,11.002483,-150,0,0
21.230148,11.002483,-150,0,0
20.230148,11.002483,-150,0,0
19.230148,11.002483,-150,0,0
18.230148,11.002483,-150,0,0
17.230148,11.002483,-150,0,3.999999
16.230148,11.002483,-150,0,31.999996
15.230148,11.002483,-150,0.4310499,83.99999
14.230148,11.002483,-150,0.5281409,91.99999
13.230148,11.002483,-150,0.543537,87.99999
12.230148,11.002483,-150,0.43147495,71.99999
11.230148,11.002483,-150,0.29035518,67.99999
10.230148,11.002483,-150,0.2279355,115.99999
9.230148,11.002483,-150,0.18487015,59.999996
8.230148,11.002483,-150,0.18852969,67.99999
7.2301483,11.002483,-150,0.31228593,75.99999
6.2301483,11.002483,-150,0.48500717,111.99999
5.2301483,11.002483,-150,0.58223283,103.99999
4.2301483,11.002483,-150,0.6068351,135.99998
3.2301483,11.002483,-150,0.54553145,95.99999
2.2301483,11.002483,-150,0.4081838,127.99999
1.2301483,11.002483,-150,0.23185794,123.99999
0.23014832,11.002483,-150,0.124513276,111.99999
-0.7698517,11.002483,-150,0.23717359,99.99999
-1.7698517,11.002483,-150,0.4693541,139.99998
-2.7698517,11.002483,-150,0.6226825,131.99998
-3.7698517,11.002483,-150,0.59790075,163.99998
-4.7698517,11.002483,-150,0.48599535,99.99999
-5.7698517,11.002483,-150,0.4524556,159.99998
-6.7698517,11.002483,-150,0.44958204,147.99998
-7.7698517,11.002483,-150,0.41715997,75.99999
-8.769852,11.002483,-150,0.4995047,123.99999
-9.769852,11.002483,-150,0.515094,99.99999
-10.769852,11.002483,-150,0.36320704,43.999996
-11.769852,11.002483,-150,0.24228996,87.99999
-12.769852,11.002483,-150,0.18156709,59.999996
-13.769852,11.002483,-150,0.11273642,71.99999
-14.769852,11.002483,-150,0.17987502,59.999996
-15.769852,11.002483,-150,0.29491928,95.99999
-16.769852,11.002483,-150,0.30445084,59.999996
-17.769852,11.002483,-150,0.27323487,87.99999
-18.769852,11.002483,-150,0,83.99999
-19.769852,11.002483,-150,0,15.999996
-20.769852,11.002483,-150,0,0
-21.769852,11.002483,-150,0,0
-22.769852,11.002483,-150,0,0
-23.769852,11.002483,-150,0,0
-24.769852,11.002483,-150,0,0
-25.769852,11.002483,-150,0,0
-26.769852,11.002483,-150,0,0
-27.769852,11.002483,-150,0,0
-28.769852,11.002483,-150,0,0
-29.769852,11.002483,-150,0,0
-30.769852,11.002483,-150,0,0
-31.769852,11.002483,-150,0,0
-32.76985,11.002483,-150,0,0
-33.76985,11.002483,-150,0,0
-34.76985,11.002483,-150,0,0
-35.76985,11.002483,-150,0,0
-36.76985,11.002483,-150,0,0
-37.76985,11.002483,-150,0,0
-38.76985,11.002483,-150,0,0
-39.76985,11.002483,-150,0,0
-40.76985,11.002483,-150,0,0
-41.76985,11.002483,-150,0,0
-42.76985,11.002483,-150,0,0
-43.76985,11.002483,-150,0,0
-44.76985,11.002483,-150,0,0
-45.76985,11.002483,-150,0,0
-46.76985,11.002483,-150,0,0
-47.76985,11.002483,-150,0,0
-48.76985,11.002483,-150,0,0
-49.76985,11.002483,-150,0,0
49.23015,10.002483,-150,0,0
48.23015,10.002483,-150,0,0
47.23015,10.002483,-150,0,0
46.23015,10.002483,-150,0,0
45.23015,10.002483,-150,0,0
44.23015,10.002483,-150,0,0
43.23015,10.002483,-150,0,0
42.23015,10.002483,-150,0,0
41.23015,10.002483,-150,0,0
40.23015,10.002483,-150,0,0
39.23015,10.002483,-150,0,0
38.23015,10.002483,-150,0,0
37.23015,10.002483,-150,0,0
36.23015,10.002483,-150,0,0
35.23015,10.002483,-150,0,0
34.23015,10.002483,-150,0,0
33.23015,10.002483,-150,0,0
32.23015,10.002483,-150,0,0
31.230148,10.002483,-150,0,0
30.230148,10.002483,-150,0,0
29.230148,10.002483,-150,0,0
28.230148,10.002483,-150,0,0
27.230148,10.002483,-150,0,0
26.230148,10.002483,-150,0,0
25.230148,10.002483,-150,0,0
24.230148,10.002483,-150,0,0
23.230148,10.002483,-150,0,0
22.230148,10.002483,-150,0,0
21.230148,10.002483,-150,0,0
20.230148,10.002483,-150,0,0
19.230148,10.002483,-150,0,0
18.230148,10.002483,-150,0,0
17.230148,10.002483,-150,0,11.999997
16.230148,10.002483,-150,Infinity,75.99999
15.230148,10.002483,-150,0.45589256,59.999996
14.230148,10.002483,-150,0.5130815,67.99999
13.230148,10.002483,-150,0.44389874,39.999996
12.230148,10.002483,-150,0.3558199,59.999996
11.230148,10.002483,-150,0.32119757,107.99999
10.230148,10.002483,-150,0.27592915,79.99999
9.230148,10.002483,-150,0.23943278,75.99999
8.230148,10.002483,-150,0.27811724,95.99999
7.2301483,10.002483,-150,0.37824962,87.99999
6.2301483,10.002483,-150,0.48737586,99.99999
5.2301483,10.002483,-150,0.57758,111.99999
4.2301483,10.002483,-150,0.63953936,91.99999
3.2301483,10.002483,-150,0.6243231,107.99999
2.2301483,10.002483,-150,0.4430681,91.99999
1.2301483,10.002483,-150,0.23153627,67.99999
0.23014832,10.002483,-150,0.17893103,103.99999
-0.7698517,10.002483,-150,0.29842705,115.99999
-1.7698517,10.002483,-150,0.4617417,111.99999
-2.7698517,10.002483,-150,0.59046686,135.99998
-3.7698517,10.002483,-150,0.61543757,191.99998
-4.7698517,10.002483,-150,0.5428388,107.99999
-5.7698517,10.002483,-150,0.4589267,131.99998
-6.7698517,10.002483,-150,0.36868763,119.99999
-7.7698517,10.002483,-150,0.30728623,95.99999
-8.769852,10.002483,-150,0.3796396,79.99999
-9.769852,10.002483,-150,0.37507653,59.999996
-10.769852,10.002483,-150,0.29173264,47.999996
-11.769852,10.002483,-150,0.2354956,83.99999
-12.769852,10.002483,-150,0.18259731,111.99999
-13.769852,10.002483,-150,0.14584926,83.99999
-14.769852,10.002483,-150,0.2372507,111.99999
-15.769852,10.002483,-150,0.32193017,119.99999
-16.769852,10.002483,-150,0.36138365,43.999996
-17.769852,10.002483,-150,0.36610296,103.99999
-18.769852,10.002483,-150,0.3166931,79.99999
-19.769852,10.002483,-150,0,67.99999
-20.769852,10.002483,-150,0,0
-21.769852,10.002483,-150,0,0
-22.769852,10.002483,-150,0,0
-23.769852,10.002483,-150,0,0
-24.769852,10.002483,-150,0,0
-25.769852,10.002483,-150,0,0
-26.769852,10.002483,-150,0,0
-27.769852,10.002483,-150,0,0
-28.769852,10.002483,-150,0,0
-29.769852,10.002483,-150,0,0
-30.769852,10.002483,-150,0,0
-31.769852,10.002483,-150,0,0
-32.76985,10.002483,-150,0,0
-33.76985,10.002483,-150,0,0
-34.76985,10.002483,-150,0,0
-35.76985,10.002483,-150,0,0
-36.76985,10.002483,-150,0,0
-37.76985,10.002483,-150,0,0
-38.76985,10.002483,-150,0,0
-39.76985,10.002483,-150,0,0
-40.76985,10.002483,-150,0,0
-41.76985,10.002483,-150,0,0
-42.76985,10.002483,-150,0,0
-43.76985,10.002483,-150,0,0
-44.76985,10.002483,-150,0,0
-45.76985,10.002483,-150,0,0
-46.76985,10.002483,-150,0,0
-47.76985,10.002483,-150,0,0
-48.76985,10.002483,-150,0,0
-49.76985,10.002483,-150,0,0
49.23015,9.002483,-150,0,0
48.23015,9.002483,-150,0,0
47.23015,9.002483,-150,0,0
46.23015,9.002483,-150,0,0
45.23015,9.002483,-150,0,0
44.23015,9.002483,-150,0,0
43.23015,9.002483,-150,0,0
42.23015,9.002483,-150,0,0
41.23015,9.002483,-150,0,0
40.23015,9.002483,-150,0,0
39.23015,9.002483,-150,0,0
38.23015,9.002483,-150,0,0
37.23015,9.002483,-150,0,0
36.23015,9.002483,-150,0,0
35.23015,9.002483,-150,0,0
34.23015,9.002483,-150,0,0
33.23015,9.002483,-150,0,0
32.23015,9.002483,-150,0,0
31.230148,9.002483,-150,0,0
30.230148,9.002483,-150,0,0
29.230148,9.002483,-150,0,0
28.230148,9.002483,-150,0,0
27.230148,9.002483,-150,0,0
26.230148,9.002483,-150,0,0
25.230148,9.002483,-150,0,0
24.230148,9.002483,-150,0,0
23.230148,9.002483,-150,0,0
22.230148,9.002483,-150,0,0
21.230148,9.002483,-150,0,0
20.230148,9.002483,-150,0,0
19.230148,9.002483,-150,0,0
18.230148,9.002483,-150,0,3.999999
17.230148,9.002483,-150,0,35.999996
16.230148,9.002483,-150,0.3469854,91.99999
15.230148,9.002483,-150,0.5287782,87.99999
14.230148,9.002483,-150,0.551167,71.99999
13.230148,9.002483,-150,0.42704046,51.999996
12.230148,9.002483,-150,0.372321,71.99999
11.230148,9.002483,-150,0.39154914,95.99999
10.230148,9.002483,-150,0.3609158,43.999996
9.230148,9.002483,-150,0.3376913,63.999996
8.230148,9.002483,-150,0.38245255,87.99999
7.2301483,9.002483,-150,0.43836474,67.99999
6.2301483,9.002483,-150,0.47706622,91.99999
5.2301483,9.002483,-150,0.49266946,91.99999
4.2301483,9.002483,-150,0.55688775,83.99999
3.2301483,9.002483,-150,0.5717624,123.99999
2.2301483,9.002483,-150,0.4386171,95.99999
1.2301483,9.002483,-150,0.3049709,107.99999
0.23014832,9.002483,-150,0.3087693,75.99999
-0.7698517,9.002483,-150,0.39907697,103.99999
-1.7698517,9.002483,-150,0.4526403,139.99998
-2.7698517,9.002483,-150,0.48334998,135.99998
-3.7698517,9.002483,-150,0.50200766,123.99999
-4.7698517,9.002483,-150,0.48178643,107.99999
-5.7698517,9.002483,-150,0.44498843,107.99999
-6.7698517,9.002483,-150,0.39778262,123.99999
-7.7698517,9.002483,-150,0.36082897,123.99999
-8.769852,9.002483,-150,0.3478101,107.99999
-9.769852,9.002483,-150,0.3431634,91.99999
-10.769852,9.002483,-150,0.3380398,123.99999
-11.769852,9.002483,-150,0.291128,67.99999
-12.769852,9.002483,-150,0.25021207,87.99999
-13.769852,9.002483,-150,0.2582213,99.99999
-14.769852,9.002483,-150,0.32311276,123.99999
-15.769852,9.002483,-150,0.39033496,107.99999
-16.769852,9.002483,-150,0.48836935,95.99999
-17.769852,9.002483,-150,0.51018363,99.99999
-18.769852,9.002483,-150,0.46366018,123.99999
-19.769852,9.002483,-150,-Infinity,107.99999
-20.769852,9.002483,-150,0,23.999996
-21.769852,9.002483,-150,0,0
-22.769852,9.002483,-150,0,0
-23.769852,9.002483,-150,0,0
-24.769852,9.002483,-150,0,0
-25.769852,9.002483,-150,0,0
-26.769852,9.002483,-150,0,0
-27.769852,9.002483,-150,0,0
-28.769852,9.002483,-150,0,0
-29.769852,9.002483,-150,0,0
-30.769852,9.002483,-150,0,0
-31.769852,9.002483,-150,0,0
-32.76985,9.002483,-150,0,0
-33.76985,9.002483,-150,0,0
-34.76985,9.002483,-150,0,0
-35.76985,9.002483,-150,0,0
-36.76985,9.002483,-150,0,0
-37.76985,9.002483,-150,0,0
-38.76985,9.002483,-150,0,0
-39.76985,9.002483,-150,0,0
-40.76985,9.002483,-150,0,0
-41.76985,9.002483,-150,0,0
-42.76985,9.002483,-150,0,0
-43.76985,9.002483,-150,0,0
-44.76985,9.002483,-150,0,0
-45.76985,9.002483,-150,0,0
-46.76985,9.002483,-150,0,0
-47.76985,9.002483,-150,0,0
-48.76985,9.002483,-150,0,0
-49.76985,9.002483,-150,0,0
49.23015,8.002483,-150,0,0
48.23015,8.002483,-150,0,0
47.23015,8.002483,-150,0,0
46.23015,8.002483,-150,0,0
45.23015,8.002483,-150,0,0
44.23015,8.002483,-150,0,0
43.23015,8.002483,-150,0,0
42.23015,8.002483,-150,0,0
41.23015,8.002483,-150,0,0
40.23015,8.002483,-150,0,0
39.23015,8.002483,-150,0,0
38.23015,8.002483,-150,0,0
37.23015,8.002483,-150,0,0
36.23015,8.002483,-150,0,0
35.23015,8.002483,-150,0,0
34.23015,8.002483,-150,0,0
33.23015,8.002483,-150,0,0
32.23015,8.002483,-150,0,0
31.230148,8.002483,-150,0,0
30.230148,8.002483,-150,0,0
29.230148,8.002483,-150,0,0
28.230148,8.002483,-150,0,0
27.230148,8.002483,-150,0,0
26.230148,8.002483,-150,0,0
25.230148,8.002483,-150,0,0
24.230148,8.002483,-150,0,0
23.230148,8.002483,-150,0,0
22.230148,8.002483,-150,0,0
21.230148,8.002483,-150,0,0
20.230148,8.002483,-150,0,0
19.230148,8.002483,-150,0,0
18.230148,8.002483,-150,0,23.999996
17.230148,8.002483,-150,Infinity,71.99999
16.230148,8.002483,-150,0.44401217,75.99999
15.230148,8.002483,-150,0.57589364,91.99999
14.230148,8.002483,-150,0.5968933,63.999996
13.230148,8.002483,-150,0.5022563,71.99999
12.230148,8.002483,-150,0.42555258,59.999996
11.230148,8.002483,-150,0.40239987,83.99999
10.230148,8.002483,-150,0.37316436,91.99999
9.230148,8.002483,-150,0.344949,87.99999
8.230148,8.002483,-150,0.33351523,71.99999
7.2301483,8.002483,-150,0.3668398,91.99999
6.2301483,8.002483,-150,0.36453083,75.99999
5.2301483,8.002483,-150,0.33161038,67.99999
4.2301483,8.002483,-150,0.36741373,91.99999
3.2301483,8.002483,-150,0.39294225,95.99999
2.2301483,8.002483,-150,0.3744805,139.99998
1.2301483,8.002483,-150,0.3632802,123.99999
0.23014832,8.002483,-150,0.43878537,131.99998
-0.7698517,8.002483,-150,0.4803899,139.99998
-1.7698517,8.002483,-150,0.38991618,119.99999
-2.7698517,8.002483,-150,0.35789227,123.99999
-3.7698517,8.002483,-150,0.42405143,135.99998
-4.7698517,8.002483,-150,0.4608528,119.99999
-5.7698517,8.002483,-150,0.46880758,123.99999
-6.7698517,8.002483,-150,0.49494535,187.99998
-7.7698517,8.002483,-150,0.4991479,139.99998
-8.769852,8.002483,-150,0.46696165,103.99999
-9.769852,8.002483,-150,0.4195379,67.99999
-10.769852,8.002483,-150,0.3728001,87.99999
-11.769852,8.002483,-150,0.2934778,99.99999
-12.769852,8.002483,-150,0.25906217,83.99999
-13.769852,8.002483,-150,0.31539094,135.99998
-14.769852,8.002483,-150,0.37650627,147.99998
-15.769852,8.002483,-150,0.45984957,183.99998
-16.769852,8.002483,-150,0.5477488,183.99998
-17.769852,8.002483,-150,0.5583042,99.99999
-18.769852,8.002483,-150,0.5387008,143.99998
-19.769852,8.002483,-150,0.5067448,151.99998
-20.769852,8.002483,-150,0,63.999996
-21.769852,8.002483,-150,0,0
-22.769852,8.002483,-150,0,0
-23.769852,8.002483,-150,0,0
-24.769852,8.002483,-150,0,0
-25.769852,8.002483,-150,0,0
-26.769852,8.002483,-150,0,0
-27.769852,8.002483,-150,0,0
-28.769852,8.002483,-150,0,0
-29.769852,8.002483,-150,0,0
-30.769852,8.002483,-150,0,0
-31.769852,8.002483,-150,0,0
-32.76985,8.002483,-150,0,0
-33.76985,8.002483,-150,0,0
-34.76985,8.002483,-150,0,0
-35.76985,8.002483,-150,0,0
-36.76985,8.002483,-150,0,0
-37.76985,8.002483,-150,0,0
-38.76985,8.002483,-150,0,0
-39.76985,8.002483,-150,0,0
-40.76985,8.002483,-150,0,0
-41.76985,8.002483,-150,0,0
-42.76985,8.002483,-150,0,0
-43.76985,8.002483,-150,0,0
-44.76985,8.002483,-150,0,0
-45.76985,8.002483,-150,0,0
-46.76985,8.002483,-150,0,0
-47.76985,8.002483,-150,0,0
-48.76985,8.002483,-150,0,0
-49.76985,8.002483,-150,0,0
49.23015,7.0024834,-150,0,0
48.23015,7.0024834,-150,0,0
47.23015,7.0024834,-150,0,0
46.23015,7.0024834,-150,0,0
45.23015,7.0024834,-150,0,0
44.23015,7.0024834,-150,0,0
43.23015,7.0024834,-150,0,0
42.23015,7.0024834,-150,0,0
41.23015,7.0024834,-150,0,0
40.23015,7.0024834,-150,0,0
39.23015,7.0024834,-150,0,0
38.23015,7.0024834,-150,0,0
37.23015,7.0024834,-150,0,0
36.23015,7.0024834,-150,0,0
35.23015,7.0024834,-150,0,0
34.23015,7.0024834,-150,0,0
33.23015,7.0024834,-150,0,0
32.23015,7.0024834,-150,0,0
31.230148,7.0024834,-150,0,0
30.230148,7.0024834,-150,0,0
29.230148,7.0024834,-150,0,0
28.230148,7.0024834,-150,0,0
27.230148,7.0024834,-150,0,0
26.230148,7.0024834,-150,0,0
25.230148,7.0024834,-150,0,0
24.230148,7.0024834,-150,0,0
23.230148,7.0024834,-150,0,0
22.230148,7.0024834,-150,0,0
21.230148,7.0024834,-150,0,0
20.230148,7.0024834,-150,0,0
19.230148,7.0024834,-150,0,0
18.230148,7.0024834,-150,0,23.999996
17.230148,7.0024834,-150,0.47102755,95.99999
16.230148,7.0024834,-150,0.50982225,91.99999
15.230148,7.0024834,-150,0.497956,63.999996
14.230148,7.0024834,-150,0.5407208,123.99999
13.230148,7.0024834,-150,0.49920335,83.99999
12.230148,7.0024834,-150,0.43308747,91.99999
11.230148,7.0024834,-150,0.38546365,91.99999
10.230148,7.0024834,-150,0.35348463,79.99999
9.230148,7.0024834,-150,0.32694077,95.99999
8.230148,7.0024834,-150,0.27395952,79.99999
7.2301483,7.0024834,-150,0.24417876,87.99999
6.2301483,7.0024834,-150,0.23928724,103.99999
5.2301483,7.0024834,-150,0.22597137,79.99999
4.2301483,7.0024834,-150,0.25418362,75.99999
3.2301483,7.0024834,-150,0.31631902,91.99999
2.2301483,7.0024834,-150,0.3283853,91.99999
1.2301483,7.0024834,-150,0.37243992,75.99999
0.23014832,7.0024834,-150,0.47315556,127.99999
-0.7698517,7.0024834,-150,0.4492906,139.99998
-1.7698517,7.0024834,-150,0.31613684,151.99998
-2.7698517,7.0024834,-150,0.29889172,95.99999
-3.7698517,7.0024834,-150,0.38193384,139.99998
-4.7698517,7.0024834,-150,0.4168915,119.99999
-5.7698517,7.0024834,-150,0.44520974,171.99998
-6.7698517,7.0024834,-150,0.47967932,99.99999
-7.7698517,7.0024834,-150,0.563116,119.99999
-8.769852,7.0024834,-150,0.63136953,171.99998
-9.769852,7.0024834,-150,0.5846307,131.99998
-10.769852,7.0024834,-150,0.42096305,87.99999
-11.769852,7.0024834,-150,0.2467716,63.999996
-12.769852,7.0024834,-150,0.2086009,87.99999
-13.769852,7.0024834,-150,0.2997998,95.99999
-14.769852,7.0024834,-150,0.3623301,147.99998
-15.769852,7.0024834,-150,0.42745405,123.99999
-16.769852,7.0024834,-150,0.52963644,195.99998
-17.769852,7.0024834,-150,0.5767075,115.99999
-18.769852,7.0024834,-150,0.56630623,159.99998
-19.769852,7.0024834,-150,0.5175254,155.99998
-20.769852,7.0024834,-150,0,103.99999
-21.769852,7.0024834,-150,0,0
-22.769852,7.0024834,-150,0,0
-23.769852,7.0024834,-150,0,0
-24.769852,7.0024834,-150,0,0
-25.769852,7.0024834,-150,0,0
-26.769852,7.0024834,-150,0,0
-27.769852,7.0024834,-150,0,0
-28.769852,7.0024834,-150,0,0
-29.769852,7.0024834,-150,0,0
-30.769852,7.0024834,-150,0,0
-31.769852,7.0024834,-150,0,0
-32.76985,7.0024834,-150,0,0
-33.76985,7.0024834,-150,0,0
-34.76985,7.0024834,-150,0,0
-35.76985,7.0024834,-150,0,0
-36.76985,7.0024834,-150,0,0
-37.76985,7.0024834,-150,0,0
-38.76985,7.0024834,-150,0,0
-39.76985,7.0024834,-150,0,0
-40.76985,7.0024834,-150,0,0
-41.76985,7.0024834,-150,0,0
-42.76985,7.0024834,-150,0,0
-43.76985,7.0024834,-150,0,0
-44.76985,7.0024834,-150,0,0
-45.76985,7.0024834,-150,0,0
-46.76985,7.0024834,-150,0,0
-47.76985,7.0024834,-150,0,0
-48.76985,7.0024834,-150,0,0
-49.76985,7.0024834,-150,0,0
49.23015,6.0024834,-150,0,0
48.23015,6.0024834,-150,0,0
47.23015,6.0024834,-150,0,0
46.23015,6.0024834,-150,0,0
45.23015,6.0024834,-150,0,0
44.23015,6.0024834,-150,0,0
43.23015,6.0024834,-150,0,0
42.23015,6.0024834,-150,0,0
41.23015,6.0024834,-150,0,0
40.23015,6.0024834,-150,0,0
39.23015,6.0024834,-150,0,0
38.23015,6.0024834,-150,0,0
37.23015,6.0024834,-150,0,0
36.23015,6.0024834,-150,0,0
35.23015,6.0024834,-150,0,0
34.23015,6.0024834,-150,0,0
33.23015,6.0024834,-150,0,0
32.23015,6.0024834,-150,0,0
31.230148,6.0024834,-150,0,0
30.230148,6.0024834,-150,0,0
29.230148,6.0024834,-150,0,0
28.230148,6.0024834,-150,0,0
27.230148,6.0024834,-150,0,0
26.230148,6.0024834,-150,0,0
25.230148,6.0024834,-150,0,0
24.230148,6.0024834,-150,0,0
23.230148,6.0024834,-150,0,0
22.230148,6.0024834,-150,0,0
21.230148,6.0024834,-150,0,0
20.230148,6.0024834,-150,0,0
19.230148,6.0024834,-150,0,0
18.230148,6.0024834,-150,0,99.99999
17.230148,6.0024834,-150,0.45763272,119.99999
16.230148,6.0024834,-150,0.3931882,55.999996
15.230148,6.0024834,-150,0.40015316,127.99999
14.230148,6.0024834,-150,0.43018728,107.99999
13.230148,6.0024834,-150,0.44954866,67.99999
12.230148,6.0024834,-150,0.41746655,107.99999
11.230148,6.0024834,-150,0.3572439,91.99999
10.230148,6.0024834,-150,0.3421278,87.99999
9.230148,6.0024834,-150,0.34222728,99.99999
8.230148,6.0024834,-150,0.30466673,79.99999
7.2301483,6.0024834,-150,0.25170696,123.99999
6.2301483,6.0024834,-150,0.21917097,79.99999
5.2301483,6.0024834,-150,0.2484315,83.99999
4.2301483,6.0024834,-150,0.3420669,111.99999
3.2301483,6.0024834,-150,0.42280057,123.99999
2.2301483,6.0024834,-150,0.4254812,87.99999
1.2301483,6.0024834,-150,0.4374251,103.99999
0.23014832,6.0024834,-150,0.44955254,107.99999
-0.7698517,6.0024834,-150,0.34971258,91.99999
-1.7698517,6.0024834,-150,0.27239424,119.99999
-2.7698517,6.0024834,-150,0.2970015,139.99998
-3.7698517,6.0024834,-150,0.28572875,119.99999
-4.7698517,6.0024834,-150,0.2595219,79.99999
-5.7698517,6.0024834,-150,0.29597098,139.99998
-6.7698517,6.0024834,-150,0.37644655,91.99999
-7.7698517,6.0024834,-150,0.52846336,123.99999
-8.769852,6.0024834,-150,0.6751139,131.99998
-9.769852,6.0024834,-150,0.646866,147.99998
-10.769852,6.0024834,-150,0.44975537,111.99999
-11.769852,6.0024834,-150,0.22625417,59.999996
-12.769852,6.0024834,-150,0.19039705,75.99999
-13.769852,6.0024834,-150,0.2892521,91.99999
-14.769852,6.0024834,-150,0.359751,99.99999
-15.769852,6.0024834,-150,0.41179228,123.99999
-16.769852,6.0024834,-150,0.4841237,135.99998
-17.769852,6.0024834,-150,0.5644162,135.99998
-18.769852,6.0024834,-150,0.5525722,123.99999
-19.769852,6.0024834,-150,0.48477927,107.99999
-20.769852,6.0024834,-150,-Infinity,119.99999
-21.769852,6.0024834,-150,0,7.999998
-22.769852,6.0024834,-150,0,0
-23.769852,6.0024834,-150,0,0
-24.769852,6.0024834,-150,0,0
-25.769852,6.0024834,-150,0,0
-26.769852,6.0024834,-150,0,0
-27.769852,6.0024834,-150,0,0
-28.769852,6.0024834,-150,0,0
-29.769852,6.0024834,-150,0,0
-30.769852,6.0024834,-150,0,0
-31.769852,6.0024834,-150,0,0
-32.76985,6.0024834,-150,0,0
-33.76985,6.0024834,-150,0,0
-34.76985,6.0024834,-150,0,0
-35.76985,6.0024834,-150,0,0
-36.76985,6.0024834,-150,0,0
-37.76985,6.0024834,-150,0,0
-38.76985,6.0024834,-150,0,0
-39.76985,6.0024834,-150,0,0
-40.76985,6.0024834,-150,0,0
-41.76985,6.0024834,-150,0,0
-42.76985,6.0024834,-150,0,0
-43.76985,6.0024834,-150,0,0
-44.76985,6.0024834,-150,0,0
-45.76985,6.0024834,-150,0,0
-46.76985,6.0024834,-150,0,0
-47.76985,6.0024834,-150,0,0
-48.76985,6.0024834,-150,0,0
-49.76985,6.0024834,-150,0,0
49.23015,5.0024834,-150,0,0
48.23015,5.0024834,-150,0,0
47.23015,5.0024834,-150,0,0
46.23015,5.0024834,-150,0,0
45.23015,5.0024834,-150,0,0
44.23015,5.0024834,-150,0,0
43.23015,5.0024834,-150,0,0
42.23015,5.0024834,-150,0,0
41.23015,5.0024834,-150,0,0
40.23015,5.0024834,-150,0,0
39.23015,5.0024834,-150,0,0
38.23015,5.0024834,-150,0,0
37.23015,5.0024834,-150,0,0
36.23015,5.0024834,-150,0,0
35.23015,5.0024834,-150,0,0
34.23015,5.0024834,-150,0,0
33.23015,5.0024834,-150,0,0
32.23015,5.0024834,-150,0,0
31.230148,5.0024834,-150,0,0
30.230148,5.0024834,-150,0,0
29.230148,5.0024834,-150,0,0
28.230148,5.0024834,-150,0,0
27.230148,5.0024834,-150,0,0
26.230148,5.0024834,-150,0,0
25.230148,5.0024834,-150,0,0
24.230148,5.0024834,-150,0,0
23.230148,5.0024834,-150,0,0
22.230148,5.0024834,-150,0,0
21.230148,5.0024834,-150,0,0
20.230148,5.0024834,-150,0,0
19.230148,5.0024834,-150,0,3.999999
18.230148,5.0024834,-150,0,91.99999
17.230148,5.0024834,-150,0.31499374,75.99999
16.230148,5.0024834,-150,0.28267968,103.99999
15.230148,5.0024834,-150,0.30557847,63.999996
14.230148,5.0024834,-150,0.39687327,83.99999
13.230148,5.0024834,-150,0.4426551,63.999996
12.230148,5.0024834,-150,0.3808964,71.99999
11.230148,5.0024834,-150,0.30994222,91.99999
10.230148,5.0024834,-150,0.3435787,67.99999
9.230148,5.0024834,-150,0.42419058,107.99999
8.230148,5.0024834,-150,0.41394347,67.99999
7.2301483,5.0024834,-150,0.36062902,83.99999
6.2301483,5.0024834,-150,0.34565294,79.99999
5.2301483,5.0024834,-150,0.38044518,99.99999
4.2301483,5.0024834,-150,0.45793557,83.99999
3.2301483,5.0024834,-150,0.5072557,99.99999
2.2301483,5.0024834,-150,0.5043004,107.99999
1.2301483,5.0024834,-150,0.5001966,83.99999
0.23014832,5.0024834,-150,0.4367309,135.99998
-0.7698517,5.0024834,-150,0.29990828,111.99999
-1.7698517,5.0024834,-150,0.24785165,119.99999
-2.7698517,5.0024834,-150,0.24800797,107.99999
-3.7698517,5.0024834,-150,0.18199772,95.99999
-4.7698517,5.0024834,-150,0.13714135,155.99998
-5.7698517,5.0024834,-150,0.17594022,75.99999
-6.7698517,5.0024834,-150,0.29016697,135.99998
-7.7698517,5.0024834,-150,0.45455396,127.99999
-8.769852,5.0024834,-150,0.5844933,119.99999
-9.769852,5.0024834,-150,0.57328826,123.99999
-10.769852,5.0024834,-150,0.39887005,67.99999
-11.769852,5.0024834,-150,0.25116837,119.99999
-12.769852,5.0024834,-150,0.2280471,75.99999
-13.769852,5.0024834,-150,0.30188385,79.99999
-14.769852,5.0024834,-150,0.38063678,159.99998
-15.769852,5.0024834,-150,0.4513418,95.99999
-16.769852,5.0024834,-150,0.49400276,107.99999
-17.769852,5.0024834,-150,0.4829651,87.99999
-18.769852,5.0024834,-150,0.44491053,151.99998
-19.769852,5.0024834,-150,0.3958995,139.99998
-20.769852,5.0024834,-150,0.33468086,151.99998
-21.769852,5.0024834,-150,0,19.999996
-22.769852,5.0024834,-150,0,0
-23.769852,5.0024834,-150,0,0
-24.769852,5.0024834,-150,0,0
-25.769852,5.0024834,-150,0,0
-26.769852,5.0024834,-150,0,0
-27.769852,5.0024834,-150,0,0
-28.769852,5.0024834,-150,0,0
-29.769852,5.0024834,-150,0,0
-30.769852,5.0024834,-150,0,0
-31.769852,5.0024834,-150,0,0
-32.76985,5.0024834,-150,0,0
-33.76985,5.0024834,-150,0,0
-34.76985,5.0024834,-150,0,0
-35.76985,5.0024834,-150,0,0
-36.76985,5.0024834,-150,0,0
-37.76985,5.0024834,-150,0,0
-38.76985,5.0024834,-150,0,0
-39.76985,5.0024834,-150,0,0
-40.76985,5.0024834,-150,0,0
-41.76985,5.0024834,-150,0,0
-42.76985,5.0024834,-150,0,0
-43.76985,5.0024834,-150,0,0
-44.76985,5.0024834,-150,0,0
-45.76985,5.0024834,-150,0,0
-46.76985,5.0024834,-150,0,0
-47.76985,5.0024834,-150,0,0
-48.76985,5.0024834,-150,0,0
-49.76985,5.0024834,-150,0,0
49.23015,4.0024834,-150,0,0
48.23015,4.0024834,-150,0,0
47.23015,4.0024834,-150,0,0
46.23015,4.0024834,-150,0,0
45.23015,4.0024834,-150,0,0
44.23015,4.0024834,-150,0,0
43.23015,4.0024834,-150,0,0
42.23015,4.0024834,-150,0,0
41.23015,4.0024834,-150,0,0
40.23015,4.0024834,-150,0,0
39.23015,4.0024834,-150,0,0
38.23015,4.0024834,-150,0,0
37.23015,4.0024834,-150,0,0
36.23015,4.0024834,-150,0,0
35.23015,4.0024834,-150,0,0
34.23015,4.0024834,-150,0,0
33.23015,4.0024834,-150,0,0
32.23015,4.0024834,-150,0,0
31.230148,4.0024834,-150,0,0
30.230148,4.0024834,-150,0,0
29.230148,4.0024834,-150,0,0
28.230148,4.0024834,-150,0,0
27.230148,4.0024834,-150,0,0
26.230148,4.0024834,-150,0,0
25.230148,4.0024834,-150,0,0
24.230148,4.0024834,-150,0,0
23.230148,4.0024834,-150,0,0
22.230148,4.0024834,-150,0,0
21.230148,4.0024834,-150,0,3.999999
20.230148,4.0024834,-150,0,0
19.230148,4.0024834,-150,0,19.999996
18.230148,4.0024834,-150,0.16989425,87.99999
17.230148,4.0024834,-150,0.28856474,107.99999
16.230148,4.0024834,-150,0.3424811,91.99999
15.230148,4.0024834,-150,0.3821689,55.999996
14.230148,4.0024834,-150,0.4279337,63.999996
13.230148,4.0024834,-150,0.42274803,83.99999
12.230148,4.0024834,-150,0.32770574,87.99999
11.230148,4.0024834,-150,0.305408,95.99999
10.230148,4.0024834,-150,0.45059323,67.99999
9.230148,4.0024834,-150,0.5507852,103.99999
8.230148,4.0024834,-150,0.49015027,99.99999
7.2301483,4.0024834,-150,0.41377413,79.99999
6.2301483,4.0024834,-150,0.42776832,111.99999
5.2301483,4.0024834,-150,0.46829388,127.99999
4.2301483,4.0024834,-150,0.49860147,91.99999
3.2301483,4.0024834,-150,0.51618487,111.99999
2.2301483,4.0024834,-150,0.51031446,107.99999
1.2301483,4.0024834,-150,0.51244843,103.99999
0.23014832,4.0024834,-150,0.45539787,87.99999
-0.7698517,4.0024834,-150,0.37458247,119.99999
-1.7698517,4.0024834,-150,0.32664856,107.99999
-2.7698517,4.0024834,-150,0.25808972,115.99999
-3.7698517,4.0024834,-150,0.18963283,115.99999
-4.7698517,4.0024834,-150,0.1959627,111.99999
-5.7698517,4.0024834,-150,0.22632533,115.99999
-6.7698517,4.0024834,-150,0.26039118,103.99999
-7.7698517,4.0024834,-150,0.37466037,115.99999
-8.769852,4.0024834,-150,0.49041456,107.99999
-9.769852,4.0024834,-150,0.5049919,115.99999
-10.769852,4.0024834,-150,0.40156114,155.99998
-11.769852,4.0024834,-150,0.2779104,75.99999
-12.769852,4.0024834,-150,0.28276226,83.99999
-13.769852,4.0024834,-150,0.3102478,119.99999
-14.769852,4.0024834,-150,0.33332312,55.999996
-15.769852,4.0024834,-150,0.4199871,99.99999
-16.769852,4.0024834,-150,0.47199035,87.99999
-17.769852,4.0024834,-150,0.42658624,127.99999
-18.769852,4.0024834,-150,0.3481634,87.99999
-19.769852,4.0024834,-150,0.26561052,87.99999
-20.769852,4.0024834,-150,0.20918724,103.99999
-21.769852,4.0024834,-150,0,51.999996
-22.769852,4.0024834,-150,0,0
-23.769852,4.0024834,-150,0,0
-24.769852,4.0024834,-150,0,0
-25.769852,4.0024834,-150,0,0
-26.769852,4.0024834,-150,0,0
-27.769852,4.0024834,-150,0,0
-28.769852,4.0024834,-150,0,0
-29.769852,4.0024834,-150,0,0
-30.769852,4.0024834,-150,0,0
-31.769852,4.0024834,-150,0,0
-32.76985,4.0024834,-150,0,0
-33.76985,4.0024834,-150,0,0
-34.76985,4.0024834,-150,0,0
-35.76985,4.0024834,-150,0,0
-36.76985,4.0024834,-150,0,0
-37.76985,4.0024834,-150,0,0
-38.76985,4.0024834,-150,0,0
-39.76985,4.0024834,-150,0,0
-40.76985,4.0024834,-150,0,0
-41.76985,4.0024834,-150,0,0
-42.76985,4.0024834,-150,0,0
-43.76985,4.0024834,-150,0,0
-44.76985,4.0024834,-150,0,0
-45.76985,4.0024834,-150,0,0
-46.76985,4.0024834,-150,0,0
-47.76985,4.0024834,-150,0,0
-48.76985,4.0024834,-150,0,0
-49.76985,4.0024834,-150,0,0
49.23015,3.0024834,-150,0,0
48.23015,3.0024834,-150,0,0
47.23015,3.0024834,-150,0,0
46.23015,3.0024834,-150,0,0
45.23015,3.0024834,-150,0,0
44.23015,3.0024834,-150,0,0
43.23015,3.0024834,-150,0,0
42.23015,3.0024834,-150,0,0
41.23015,3.0024834,-150,0,0
40.23015,3.0024834,-150,0,0
39.23015,3.0024834,-150,0,0
38.23015,3.0024834,-150,0,0
37.23015,3.0024834,-150,0,0
36.23015,3.0024834,-150,0,0
35.23015,3.0024834,-150,0,0
34.23015,3.0024834,-150,0,0
33.23015,3.0024834,-150,0,0
32.23015,3.0024834,-150,0,0
31.230148,3.0024834,-150,0,0
30.230148,3.0024834,-150,0,0
29.230148,3.0024834,-150,0,0
28.230148,3.0024834,-150,0,0
27.230148,3.0024834,-150,0,0
26.230148,3.0024834,-150,0,0
25.230148,3.0024834,-150,0,0
24.230148,3.0024834,-150,0,0
23.230148,3.0024834,-150,0,0
22.230148,3.0024834,-150,0,0
21.230148,3.0024834,-150,0,0
20.230148,3.0024834,-150,0,0
19.230148,3.0024834,-150,0,35.999996
18.230148,3.0024834,-150,0.2908869,131.99998
17.230148,3.0024834,-150,0.34937465,131.99998
16.230148,3.0024834,-150,0.45516115,127.99999
15.230148,3.0024834,-150,0.5077091,111.99999
14.230148,3.0024834,-150,0.45283264,91.99999
13.230148,3.0024834,-150,0.3548929,111.99999
12.230148,3.0024834,-150,0.27950937,71.99999
11.230148,3.0024834,-150,0.36203036,107.99999
10.230148,3.0024834,-150,0.5574649,103.99999
9.230148,3.0024834,-150,0.6142902,119.99999
8.230148,3.0024834,-150,0.49092394,71.99999
7.2301483,3.0024834,-150,0.3657205,91.99999
6.2301483,3.0024834,-150,0.32108316,115.99999
5.2301483,3.0024834,-150,0.3942665,95.99999
4.2301483,3.0024834,-150,0.5145181,131.99998
3.2301483,3.0024834,-150,0.5344533,103.99999
2.2301483,3.0024834,-150,0.49361336,155.99998
1.2301483,3.0024834,-150,0.46364248,91.99999
0.23014832,3.0024834,-150,0.46009248,115.99999
-0.7698517,3.0024834,-150,0.48689517,143.99998
-1.7698517,3.0024834,-150,0.48868495,91.99999
-2.7698517,3.0024834,-150,0.4009195,147.99998
-3.7698517,3.0024834,-150,0.33351222,127.99999
-4.7698517,3.0024834,-150,0.3796295,131.99998
-5.7698517,3.0024834,-150,0.39053345,99.99999
-6.7698517,3.0024834,-150,0.33090758,103.99999
-7.7698517,3.0024834,-150,0.3483594,119.99999
-8.769852,3.0024834,-150,0.44820234,119.99999
-9.769852,3.0024834,-150,0.44812056,123.99999
-10.769852,3.0024834,-150,0.3551906,115.99999
-11.769852,3.0024834,-150,0.3089029,35.999996
-12.769852,3.0024834,-150,0.33100834,39.999996
-13.769852,3.0024834,-150,0.31104416,79.99999
-14.769852,3.0024834,-150,0.25182638,63.999996
-15.769852,3.0024834,-150,0.26279438,63.999996
-16.769852,3.0024834,-150,0.33648276,63.999996
-17.769852,3.0024834,-150,0.39219648,139.99998
-18.769852,3.0024834,-150,0.32930768,127.99999
-19.769852,3.0024834,-150,0.19101,111.99999
-20.769852,3.0024834,-150,0.13913961,71.99999
-21.769852,3.0024834,-150,0,35.999996
-22.769852,3.0024834,-150,0,0
-23.769852,3.0024834,-150,0,0
-24.769852,3.0024834,-150,0,0
-25.769852,3.0024834,-150,0,0
-26.769852,3.0024834,-150,0,0
-27.769852,3.0024834,-150,0,0
-28.769852,3.0024834,-150,0,0
-29.769852,3.0024834,-150,0,0
-30.769852,3.0024834,-150,0,0
-31.769852,3.0024834,-150,0,0
-32.76985,3.0024834,-150,0,0
-33.76985,3.0024834,-150,0,0
-34.76985,3.0024834,-150,0,0
-35.76985,3.0024834,-150,0,0
-36.76985,3.0024834,-150,0,0
-37.76985,3.0024834,-150,0,0
-38.76985,3.0024834,-150,0,0
-39.76985,3.0024834,-150,0,0
-40.76985,3.0024834,-150,0,0
-41.76985,3.0024834,-150,0,0
-42.76985,3.0024834,-150,0,0
-43.76985,3.0024834,-150,0,0
-44.76985,3.0024834,-150,0,0
-45.76985,3.0024834,-150,0,0
-46.76985,3.0024834,-150,0,0
-47.76985,3.0024834,-150,0,0
-48.76985,3.0024834,-150,0,0
-49.76985,3.0024834,-150,0,0
49.23015,2.0024834,-150,0,0
48.23015,2.0024834,-150,0,0
47.23015,2.0024834,-150,0,0
46.23015,2.0024834,-150,0,0
45.23015,2.0024834,-150,0,0
44.23015,2.0024834,-150,0,0
43.23015,2.0024834,-150,0,0
42.23015,2.0024834,-150,0,0
41.23015,2.0024834,-150,0,0
40.23015,2.0024834,-150,0,0
39.23015,2.0024834,-150,0,0
38.23015,2.0024834,-150,0,0
37.23015,2.0024834,-150,0,0
36.23015,2.0024834,-150,0,0
35.23015,2.0024834,-150,0,0
34.23015,2.0024834,-150,0,0
33.23015,2.0024834,-150,0,0
32.23015,2.0024834,-150,0,0
31.230148,2.0024834,-150,0,0
30.230148,2.0024834,-150,0,0
29.230148,2.0024834,-150,0,0
28.230148,2.0024834,-150,0,0
27.230148,2.0024834,-150,0,0
26.230148,2.0024834,-150,0,0
25.230148,2.0024834,-150,0,0
24.230148,2.0024834,-150,0,0
23.230148,2.0024834,-150,0,0
22.230148,2.0024834,-150,0,0
21.230148,2.0024834,-150,0,0
20.230148,2.0024834,-150,0,0
19.230148,2.0024834,-150,0,43.999996
18.230148,2.0024834,-150,0.38407633,135.99998
17.230148,2.0024834,-150,0.32269832,83.99999
16.230148,2.0024834,-150,0.38874254,131.99998
15.230148,2.0024834,-150,0.4366623,123.99999
14.230148,2.0024834,-150,0.364748,79.99999
13.230148,2.0024834,-150,0.27084735,111.99999
12.230148,2.0024834,-150,0.25668502,107.99999
11.230148,2.0024834,-150,0.3979422,83.99999
10.230148,2.0024834,-150,0.6109289,103.99999
9.230148,2.0024834,-150,0.63837004,79.99999
8.230148,2.0024834,-150,0.5277652,135.99998
7.2301483,2.0024834,-150,0.37471956,103.99999
6.2301483,2.0024834,-150,0.26194438,47.999996
5.2301483,2.0024834,-150,0.3427015,143.99998
4.2301483,2.0024834,-150,0.474134,123.99999
3.2301483,2.0024834,-150,0.4744566,115.99999
2.2301483,2.0024834,-150,0.43289703,71.99999
1.2301483,2.0024834,-150,0.41622686,115.99999
0.23014832,2.0024834,-150,0.39810905,111.99999
-0.7698517,2.0024834,-150,0.47371584,83.99999
-1.7698517,2.0024834,-150,0.58055425,135.99998
-2.7698517,2.0024834,-150,0.5661041,143.99998
-3.7698517,2.0024834,-150,0.5056777,111.99999
-4.7698517,2.0024834,-150,0.52224666,71.99999
-5.7698517,2.0024834,-150,0.53373194,123.99999
-6.7698517,2.0024834,-150,0.42276525,75.99999
-7.7698517,2.0024834,-150,0.34118938,59.999996
-8.769852,2.0024834,-150,0.38614118,107.99999
-9.769852,2.0024834,-150,0.318582,55.999996
-10.769852,2.0024834,-150,0.2219659,35.999996
-11.769852,2.0024834,-150,0.26335943,47.999996
-12.769852,2.0024834,-150,0.32272273,75.99999
-13.769852,2.0024834,-150,0.2677551,95.99999
-14.769852,2.0024834,-150,0.14577684,59.999996
-15.769852,2.0024834,-150,0.10765154,31.999996
-16.769852,2.0024834,-150,0.25736213,91.99999
-17.769852,2.0024834,-150,0.38760382,75.99999
-18.769852,2.0024834,-150,0.32595828,99.99999
-19.769852,2.0024834,-150,0.19420421,123.99999
-20.769852,2.0024834,-150,0.20341693,63.999996
-21.769852,2.0024834,-150,0,27.999996
-22.769852,2.0024834,-150,0,0
-23.769852,2.0024834,-150,0,0
-24.769852,2.0024834,-150,0,0
-25.769852,2.0024834,-150,0,0
-26.769852,2.0024834,-150,0,0
-27.769852,2.0024834,-150,0,0
-28.769852,2.0024834,-150,0,0
-29.769852,2.0024834,-150,0,0
-30.769852,2.0024834,-150,0,0
-31.769852,2.0024834,-150,0,0
-32.76985,2.0024834,-150,0,0
-33.76985,2.0024834,-150,0,0
-34.76985,2.0024834,-150,0,0
-35.76985,2.0024834,-150,0,0
-36.76985,2.0024834,-150,0,0
-37.76985,2.0024834,-150,0,0
-38.76985,2.0024834,-150,0,0
-39.76985,2.0024834,-150,0,0
-40.76985,2.0024834,-150,0,0
-41.76985,2.0024834,-150,0,0
-42.76985,2.0024834,-150,0,0
-43.76985,2.0024834,-150,0,0
-44.76985,2.0024834,-150,0,0
-45.76985,2.0024834,-150,0,0
-46.76985,2.0024834,-150,0,0
-47.76985,2.0024834,-150,0,0
-48.76985,2.0024834,-150,0,0
-49.76985,2.0024834,-150,0,0
49.23015,1.0024834,-150,0,0
48.23015,1.0024834,-150,0,0
47.23015,1.0024834,-150,0,0
46.23015,1.0024834,-150,0,0
45.23015,1.0024834,-150,0,0
44.23015,1.0024834,-150,0,0
43.23015,1.0024834,-150,0,0
42.23015,1.0024834,-150,0,0
41.23015,1.0024834,-150,0,0
40.23015,1.0024834,-150,0,0
39.23015,1.0024834,-150,0,0
38.23015,1.0024834,-150,0,0
37.23015,1.0024834,-150,0,0
36.23015,1.0024834,-150,0,0
35.23015,1.0024834,-150,0,0
34.23015,1.0024834,-150,0,0
33.23015,1.0024834,-150,0,0
32.23015,1.0024834,-150,0,0
31.230148,1.0024834,-150,0,0
30.230148,1.0024834,-150,0,0
29.230148,1.0024834,-150,0,0
28.230148,1.0024834,-150,0,0
27.230148,1.0024834,-150,0,0
26.230148,1.0024834,-150,0,0
25.230148,1.0024834,-150,0,0
24.230148,1.0024834,-150,0,0
23.230148,1.0024834,-150,0,0
22.230148,1.0024834,-150,0,0
21.230148,1.0024834,-150,0,0
20.230148,1.0024834,-150,0,0
19.230148,1.0024834,-150,0,51.999996
18.230148,1.0024834,-150,0.37907118,123.99999
17.230148,1.0024834,-150,0.2672148,103.99999
16.230148,1.0024834,-150,0.24395156,79.99999
15.230148,1.0024834,-150,0.25153226,95.99999
14.230148,1.0024834,-150,0.20150754,83.99999
13.230148,1.0024834,-150,0.17450449,103.99999
12.230148,1.0024834,-150,0.21991637,71.99999
11.230148,1.0024834,-150,0.40621924,95.99999
10.230148,1.0024834,-150,0.6319742,131.99998
9.230148,1.0024834,-150,0.6793324,99.99999
8.230148,1.0024834,-150,0.5786898,115.99999
7.2301483,1.0024834,-150,0.486641,147.99998
6.2301483,1.0024834,-150,0.41386044,147.99998
5.2301483,1.0024834,-150,0.40378642,159.99998
4.2301483,1.0024834,-150,0.38608712,135.99998
3.2301483,1.0024834,-150,0.34437835,107.99999
2.2301483,1.0024834,-150,0.36787808,119.99999
1.2301483,1.0024834,-150,0.38144913,115.99999
0.23014832,1.0024834,-150,0.34458062,95.99999
-0.7698517,1.0024834,-150,0.45076737,135.99998
-1.7698517,1.0024834,-150,0.61002696,127.99999
-2.7698517,1.0024834,-150,0.64228314,103.99999
-3.7698517,1.0024834,-150,0.5991538,127.99999
-4.7698517,1.0024834,-150,0.5983772,115.99999
-5.7698517,1.0024834,-150,0.54289436,107.99999
-6.7698517,1.0024834,-150,0.39128557,67.99999
-7.7698517,1.0024834,-150,0.28642476,63.999996
-8.769852,1.0024834,-150,0.25312275,47.999996
-9.769852,1.0024834,-150,0.18118218,35.999996
-10.769852,1.0024834,-150,0.09013848,23.999996
-11.769852,1.0024834,-150,0.13545659,47.999996
-12.769852,1.0024834,-150,0.23052704,47.999996
-13.769852,1.0024834,-150,0.20108944,51.999996
-14.769852,1.0024834,-150,0.06475916,79.99999
-15.769852,1.0024834,-150,0.040630218,55.999996
-16.769852,1.0024834,-150,0.23497033,55.999996
-17.769852,1.0024834,-150,0.40924245,71.99999
-18.769852,1.0024834,-150,0.35306782,87.99999
-19.769852,1.0024834,-150,0.23260993,75.99999
-20.769852,1.0024834,-150,Infinity,59.999996
-21.769852,1.0024834,-150,0,11.999997
-22.769852,1.0024834,-150,0,0
-23.769852,1.0024834,-150,0,0
-24.769852,1.0024834,-150,0,0
-25.769852,1.0024834,-150,0,0
-26.769852,1.0024834,-150,0,0
-27.769852,1.0024834,-150,0,0
-28.769852,1.0024834,-150,0,0
-29.769852,1.0024834,-150,0,0
-30.769852,1.0024834,-150,0,0
-31.769852,1.0024834,-150,0,0
-32.76985,1.0024834,-150,0,0
-33.76985,1.0024834,-150,0,0
-34.76985,1.0024834,-150,0,0
-35.76985,1.0024834,-150,0,0
-36.76985,1.0024834,-150,0,0
-37.76985,1.0024834,-150,0,0
-38.76985,1.0024834,-150,0,0
-39.76985,1.0024834,-150,0,0
-40.76985,1.0024834,-150,0,0
-41.76985,1.0024834,-150,0,0
-42.76985,1.0024834,-150,0,0
-43.76985,1.0024834,-150,0,0
-44.76985,1.0024834,-150,0,0
-45.76985,1.0024834,-150,0,0
-46.76985,1.0024834,-150,0,0
-47.76985,1.0024834,-150,0,0
-48.76985,1.0024834,-150,0,0
-49.76985,1.0024834,-150,0,0
49.23015,0.002483368,-150,0,0
48.23015,0.002483368,-150,0,0
47.23015,0.002483368,-150,0,0
46.23015,0.002483368,-150,0,0
45.23015,0.002483368,-150,0,0
44.23015,0.002483368,-150,0,0
43.23015,0.002483368,-150,0,0
42.23015,0.002483368,-150,0,0
41.23015,0.002483368,-150,0,0
40.23015,0.002483368,-150,0,0
39.23015,0.002483368,-150,0,0
38.23015,0.002483368,-150,0,0
37.23015,0.002483368,-150,0,0
36.23015,0.002483368,-150,0,0
35.23015,0.002483368,-150,0,0
34.23015,0.002483368,-150,0,0
33.23015,0.002483368,-150,0,0
32.23015,0.002483368,-150,0,0
31.230148,0.002483368,-150,0,0
30.230148,0.002483368,-150,0,0
29.230148,0.002483368,-150,0,0
28.230148,0.002483368,-150,0,0
27.230148,0.002483368,-150,0,0
26.230148,0.002483368,-150,0,0
25.230148,0.002483368,-150,0,0
24.230148,0.002483368,-150,0,0
23.230148,0.002483368,-150,0,0
22.230148,0.002483368,-150,0,0
21.230148,0.002483368,-150,0,0
20.230148,0.002483368,-150,0,0
19.230148,0.002483368,-150,0,27.999996
18.230148,0.002483368,-150,0.41409642,167.99998
17.230148,0.002483368,-150,0.24468365,151.99998
16.230148,0.002483368,-150,0.19074628,139.99998
15.230148,0.002483368,-150,0.193768,111.99999
14.230148,0.002483368,-150,0.18783233,115.99999
13.230148,0.002483368,-150,0.19270556,95.99999
12.230148,0.002483368,-150,0.25860238,91.99999
11.230148,0.002483368,-150,0.41147858,95.99999
10.230148,0.002483368,-150,0.6119336,127.99999
9.230148,0.002483368,-150,0.6967126,111.99999
8.230148,0.002483368,-150,0.6332403,155.99998
7.2301483,0.002483368,-150,0.5662526,151.99998
6.2301483,0.002483368,-150,0.5300896,107.99999
5.2301483,0.002483368,-150,0.46437293,139.99998
4.2301483,0.002483368,-150,0.38695592,135.99998
3.2301483,0.002483368,-150,0.33570504,91.99999
2.2301483,0.002483368,-150,0.34229398,115.99999
1.2301483,0.002483368,-150,0.37063742,99.99999
0.23014832,0.002483368,-150,0.3832252,115.99999
-0.7698517,0.002483368,-150,0.48129869,143.99998
-1.7698517,0.002483368,-150,0.5895555,167.99998
-2.7698517,0.002483368,-150,0.64798677,123.99999
-3.7698517,0.002483368,-150,0.6760785,99.99999
-4.7698517,0.002483368,-150,0.64331836,115.99999
-5.7698517,0.002483368,-150,0.43718404,91.99999
-6.7698517,0.002483368,-150,0.24892327,35.999996
-7.7698517,0.002483368,-150,0.150198,59.999996
-8.769852,0.002483368,-150,0.110369004,59.999996
-9.769852,0.002483368,-150,0.061732315,59.999996
-10.769852,0.002483368,-150,-0.027988756,35.999996
-11.769852,0.002483368,-150,-0.055610407,27.999996
-12.769852,0.002483368,-150,0.070977435,51.999996
-13.769852,0.002483368,-150,0.14298463,63.999996
-14.769852,0.002483368,-150,0.05983121,79.99999
-15.769852,0.002483368,-150,0.008434502,39.999996
-16.769852,0.002483368,-150,0.18516695,47.999996
-17.769852,0.002483368,-150,0.41840413,79.99999
-18.769852,0.002483368,-150,0.42596897,51.999996
-19.769852,0.002483368,-150,0.36827213,99.99999
-20.769852,0.002483368,-150,Infinity,107.99999
-21.769852,0.002483368,-150,0,7.999998
-22.769852,0.002483368,-150,0,0
-23.769852,0.002483368,-150,0,0
-24.769852,0.002483368,-150,0,0
-25.769852,0.002483368,-150,0,0
-26.769852,0.002483368,-150,0,0
-27.769852,0.002483368,-150,0,0
-28.769852,0.002483368,-150,0,0
-29.769852,0.002483368,-150,0,0
-30.769852,0.002483368,-150,0,0
-31.769852,0.002483368,-150,0,0
-32.76985,0.002483368,-150,0,0
-33.76985,0.002483368,-150,0,0
-34.76985,0.002483368,-150,0,0
-35.76985,0.002483368,-150,0,0
-36.76985,0.002483368,-150,0,0
-37.76985,0.002483368,-150,0,0
-38.76985,0.002483368,-150,0,0
-39.76985,0.002483368,-150,0,0
-40.76985,0.002483368,-150,0,0
-41.76985,0.002483368,-150,0,0
-42.76985,0.002483368,-150,0,0
-43.76985,0.002483368,-150,0,0
-44.76985,0.002483368,-150,0,0
-45.76985,0.002483368,-150,0,0
-46.76985,0.002483368,-150,0,0
-47.76985,0.002483368,-150,0,0
-48.76985,0.002483368,-150,0,0
-49.76985,0.002483368,-150,0,0
49.23015,-0.99751663,-150,0,0
48.23015,-0.99751663,-150,0,0
47.23015,-0.99751663,-150,0,0
46.23015,-0.99751663,-150,0,0
45.23015,-0.99751663,-150,0,0
44.23015,-0.99751663,-150,0,0
43.23015,-0.99751663,-150,0,0
42.23015,-0.99751663,-150,0,0
41.23015,-0.99751663,-150,0,0
40.23015,-0.99751663,-150,0,0
39.23015,-0.99751663,-150,0,0
38.23015,-0.99751663,-150,0,0
37.23015,-0.99751663,-150,0,0
36.23015,-0.99751663,-150,0,0
35.23015,-0.99751663,-150,0,0
34.23015,-0.99751663,-150,0,0
33.23015,-0.99751663,-150,0,0
32.23015,-0.99751663,-150,0,0
31.230148,-0.99751663,-150,0,0
30.230148,-0.99751663,-150,0,0
29.230148,-0.99751663,-150,0,0
28.230148,-0.99751663,-150,0,0
27.230148,-0.99751663,-150,0,0
26.230148,-0.99751663,-150,0,0
25.230148,-0.99751663,-150,0,0
24.230148,-0.99751663,-150,0,0
23.230148,-0.99751663,-150,0,0
22.230148,-0.99751663,-150,0,0
21.230148,-0.99751663,-150,0,0
20.230148,-0.99751663,-150,0,0
19.230148,-0.99751663,-150,0,51.999996
18.230148,-0.99751663,-150,-Infinity,139.99998
17.230148,-0.99751663,-150,0.26566657,111.99999
16.230148,-0.99751663,-150,0.26904047,111.99999
15.230148,-0.99751663,-150,0.3448908,143.99998
14.230148,-0.99751663,-150,0.39234048,119.99999
13.230148,-0.99751663,-150,0.45125318,147.99998
12.230148,-0.99751663,-150,0.45727366,155.99998
11.230148,-0.99751663,-150,0.45446467,71.99999
10.230148,-0.99751663,-150,0.564909,119.99999
9.230148,-0.99751663,-150,0.66792583,99.99999
8.230148,-0.99751663,-150,0.635305,103.99999
7.2301483,-0.99751663,-150,0.5810409,115.99999
6.2301483,-0.99751663,-150,0.54768217,99.99999
5.2301483,-0.99751663,-150,0.52370054,103.99999
4.2301483,-0.99751663,-150,0.47987318,143.99998
3.2301483,-0.99751663,-150,0.45247254,159.99998
2.2301483,-0.99751663,-150,0.4026068,127.99999
1.2301483,-0.99751663,-150,0.38002175,119.99999
0.23014832,-0.99751663,-150,0.38733023,143.99998
-0.7698517,-0.99751663,-150,0.40481484,87.99999
-1.7698517,-0.99751663,-150,0.44802395,131.99998
-2.7698517,-0.99751663,-150,0.55738485,107.99999
-3.7698517,-0.99751663,-150,0.6720504,151.99998
-4.7698517,-0.99751663,-150,0.61108345,127.99999
-5.7698517,-0.99751663,-150,0.34190455,99.99999
-6.7698517,-0.99751663,-150,0.108229384,19.999996
-7.7698517,-0.99751663,-150,0.024260413,67.99999
-8.769852,-0.99751663,-150,-0.041826762,63.999996
-9.769852,-0.99751663,-150,-0.13002066,35.999996
-10.769852,-0.99751663,-150,-0.17934032,23.999996
-11.769852,-0.99751663,-150,-0.14081892,11.999997
-12.769852,-0.99751663,-150,0.037272997,11.999997
-13.769852,-0.99751663,-150,0.14479971,35.999996
-14.769852,-0.99751663,-150,0.10441559,51.999996
-15.769852,-0.99751663,-150,0.08764496,51.999996
-16.769852,-0.99751663,-150,0.21786687,39.999996
-17.769852,-0.99751663,-150,0.40894833,87.99999
-18.769852,-0.99751663,-150,0.4604712,115.99999
-19.769852,-0.99751663,-150,0.43656135,115.99999
-20.769852,-0.99751663,-150,0,131.99998
-21.769852,-0.99751663,-150,0,3.999999
-22.769852,-0.99751663,-150,0,0
-23.769852,-0.99751663,-150,0,0
-24.769852,-0.99751663,-150,0,0
-25.769852,-0.99751663,-150,0,0
-26.769852,-0.99751663,-150,0,0
-27.769852,-0.99751663,-150,0,0
-28.769852,-0.99751663,-150,0,0
-29.769852,-0.99751663,-150,0,0
-30.769852,-0.99751663,-150,0,0
-31.769852,-0.99751663,-150,0,0
-32.76985,-0.99751663,-150,0,0
-33.76985,-0.99751663,-150,0,0
-34.76985,-0.99751663,-150,0,0
-35.76985,-0.99751663,-150,0,0
-36.76985,-0.99751663,-150,0,0
-37.76985,-0.99751663,-150,0,0
-38.76985,-0.99751663,-150,0,0
-39.76985,-0.99751663,-150,0,0
-40.76985,-0.99751663,-150,0,0
-41.76985,-0.99751663,-150,0,0
-42.76985,-0.99751663,-150,0,0
-43.76985,-0.99751663,-150,0,0
-44.76985,-0.99751663,-150,0,0
-45.76985,-0.99751663,-150,0,0
-46.76985,-0.99751663,-150,0,0
-47.76985,-0.99751663,-150,0,0
-48.76985,-0.99751663,-150,0,0
-49.76985,-0.99751663,-150,0,0
49.23015,-1.9975166,-150,0,0
48.23015,-1.9975166,-150,0,0
47.23015,-1.9975166,-150,0,0
46.23015,-1.9975166,-150,0,0
45.23015,-1.9975166,-150,0,0
44.23015,-1.9975166,-150,0,0
43.23015,-1.9975166,-150,0,0
42.23015,-1.9975166,-150,0,0
41.23015,-1.9975166,-150,0,0
40.23015,-1.9975166,-150,0,0
39.23015,-1.9975166,-150,0,0
38.23015,-1.9975166,-150,0,0
37.23015,-1.9975166,-150,0,0
36.23015,-1.9975166,-150,0,0
35.23015,-1.9975166,-150,0,0
34.23015,-1.9975166,-150,0,0
33.23015,-1.9975166,-150,0,0
32.23015,-1.9975166,-150,0,0
31.230148,-1.9975166,-150,0,0
30.230148,-1.9975166,-150,0,0
29.230148,-1.9975166,-150,0,0
28.230148,-1.9975166,-150,0,0
27.230148,-1.9975166,-150,0,0
26.230148,-1.9975166,-150,0,0
25.230148,-1.9975166,-150,0,0
24.230148,-1.9975166,-150,0,0
23.230148,-1.9975166,-150,0,0
22.230148,-1.9975166,-150,0,0
21.230148,-1.9975166,-150,0,0
20.230148,-1.9975166,-150,0,0
19.230148,-1.9975166,-150,0,0
18.230148,-1.9975166,-150,0,131.99998
17.230148,-1.9975166,-150,0.41127813,119.99999
16.230148,-1.9975166,-150,0.51089615,151.99998
15.230148,-1.9975166,-150,0.5961759,103.99999
14.230148,-1.9975166,-150,0.6477963,155.99998
13.230148,-1.9975166,-150,0.6714431,183.99998
12.230148,-1.9975166,-150,0.58921206,115.99999
11.230148,-1.9975166,-150,0.4687671,107.99999
10.230148,-1.9975166,-150,0.45098975,75.99999
9.230148,-1.9975166,-150,0.54519325,111.99999
8.230148,-1.9975166,-150,0.56499505,95.99999
7.2301483,-1.9975166,-150,0.53436327,95.99999
6.2301483,-1.9975166,-150,0.5477049,139.99998
5.2301483,-1.9975166,-150,0.5239798,131.99998
4.2301483,-1.9975166,-150,0.4864449,159.99998
3.2301483,-1.9975166,-150,0.52874875,119.99999
2.2301483,-1.9975166,-150,0.4827976,131.99998
1.2301483,-1.9975166,-150,0.383074,67.99999
0.23014832,-1.9975166,-150,0.31043535,87.99999
-0.7698517,-1.9975166,-150,0.23955356,87.99999
-1.7698517,-1.9975166,-150,0.26440755,111.99999
-2.7698517,-1.9975166,-150,0.40267467,123.99999
-3.7698517,-1.9975166,-150,0.50424397,87.99999
-4.7698517,-1.9975166,-150,0.46890587,159.99998
-5.7698517,-1.9975166,-150,0.25064754,95.99999
-6.7698517,-1.9975166,-150,0.07924944,31.999996
-7.7698517,-1.9975166,-150,0.0065811127,79.99999
-8.769852,-1.9975166,-150,-0.14524701,39.999996
-9.769852,-1.9975166,-150,-0.3055003,27.999996
-10.769852,-1.9975166,-150,-0.33590075,7.999998
-11.769852,-1.9975166,-150,-0.14329341,31.999996
-12.769852,-1.9975166,-150,0.088983245,23.999996
-13.769852,-1.9975166,-150,0.15473977,31.999996
-14.769852,-1.9975166,-150,0.18100795,51.999996
-15.769852,-1.9975166,-150,0.28017607,55.999996
-16.769852,-1.9975166,-150,0.3942806,67.99999
-17.769852,-1.9975166,-150,0.44537663,95.99999
-18.769852,-1.9975166,-150,0.44415647,115.99999
-19.769852,-1.9975166,-150,0.4009983,143.99998
-20.769852,-1.9975166,-150,0,71.99999
-21.769852,-1.9975166,-150,0,0
-22.769852,-1.9975166,-150,0,0
-23.769852,-1.9975166,-150,0,0
-24.769852,-1.9975166,-150,0,0
-25.769852,-1.9975166,-150,0,0
-26.769852,-1.9975166,-150,0,0
-27.769852,-1.9975166,-150,0,0
-28.769852,-1.9975166,-150,0,0
-29.769852,-1.9975166,-150,0,0
-30.769852,-1.9975166,-150,0,0
-31.769852,-1.9975166,-150,0,0
-32.76985,-1.9975166,-150,0,0
-33.76985,-1.9975166,-150,0,0
-34.76985,-1.9975166,-150,0,0
-35.76985,-1.9975166,-150,0,0
-36.76985,-1.9975166,-150,0,0
-37.76985,-1.9975166,-150,0,0
-38.76985,-1.9975166,-150,0,0
-39.76985,-1.9975166,-150,0,0
-40.76985,-1.9975166,-150,0,0
-41.76985,-1.9975166,-150,0,0
-42.76985,-1.9975166,-150,0,0
-43.76985,-1.9975166,-150,0,0
-44.76985,-1.9975166,-150,0,0
-45.76985,-1.9975166,-150,0,0
-46.76985,-1.9975166,-150,0,0
-47.76985,-1.9975166,-150,0,0
-48.76985,-1.9975166,-150,0,0
-49.76985,-1.9975166,-150,0,0
49.23015,-2.9975166,-150,0,0
48.23015,-2.9975166,-150,0,0
47.23015,-2.9975166,-150,0,0
46.23015,-2.9975166,-150,0,0
45.23015,-2.9975166,-150,0,0
44.23015,-2.9975166,-150,0,0
43.23015,-2.9975166,-150,0,0
42.23015,-2.9975166,-150,0,0
41.23015,-2.9975166,-150,0,0
40.23015,-2.9975166,-150,0,0
39.23015,-2.9975166,-150,0,0
38.23015,-2.9975166,-150,0,0
37.23015,-2.9975166,-150,0,0
36.23015,-2.9975166,-150,0,0
35.23015,-2.9975166,-150,0,0
34.23015,-2.9975166,-150,0,0
33.23015,-2.9975166,-150,0,0
32.23015,-2.9975166,-150,0,0
31.230148,-2.9975166,-150,0,0
30.230148,-2.9975166,-150,0,0
29.230148,-2.9975166,-150,0,0
28.230148,-2.9975166,-150,0,0
27.230148,-2.9975166,-150,0,0
26.230148,-2.9975166,-150,0,0
25.230148,-2.9975166,-150,0,0
24.230148,-2.9975166,-150,0,0
23.230148,-2.9975166,-150,0,0
22.230148,-2.9975166,-150,0,0
21.230148,-2.9975166,-150,0,0
20.230148,-2.9975166,-150,0,0
19.230148,-2.9975166,-150,0,0
18.230148,-2.9975166,-150,0,83.99999
17.230148,-2.9975166,-150,0.57979566,195.99998
16.230148,-2.9975166,-150,0.67774516,171.99998
15.230148,-2.9975166,-150,0.74050534,183.99998
14.230148,-2.9975166,-150,0.7209926,167.99998
13.230148,-2.9975166,-150,0.6363969,127.99999
12.230148,-2.9975166,-150,0.5137792,115.99999
11.230148,-2.9975166,-150,0.37646097,111.99999
10.230148,-2.9975166,-150,0.33266786,95.99999
9.230148,-2.9975166,-150,0.4199221,71.99999
8.230148,-2.9975166,-150,0.47041905,95.99999
7.2301483,-2.9975166,-150,0.44132343,71.99999
6.2301483,-2.9975166,-150,0.45723104,111.99999
5.2301483,-2.9975166,-150,0.43851927,79.99999
4.2301483,-2.9975166,-150,0.39563885,99.99999
3.2301483,-2.9975166,-150,0.4377755,123.99999
2.2301483,-2.9975166,-150,0.44926625,99.99999
1.2301483,-2.9975166,-150,0.38096246,99.99999
0.23014832,-2.9975166,-150,0.27482122,99.99999
-0.7698517,-2.9975166,-150,0.15783095,103.99999
-1.7698517,-2.9975166,-150,0.17382121,75.99999
-2.7698517,-2.9975166,-150,0.29851854,151.99998
-3.7698517,-2.9975166,-150,0.37214297,63.999996
-4.7698517,-2.9975166,-150,0.32665956,67.99999
-5.7698517,-2.9975166,-150,0.18997213,15.999996
-6.7698517,-2.9975166,-150,0.111546,51.999996
-7.7698517,-2.9975166,-150,0.02707202,59.999996
-8.769852,-2.9975166,-150,-0.14535627,67.99999
-9.769852,-2.9975166,-150,-0.2830044,15.999996
-10.769852,-2.9975166,-150,-0.25546956,27.999996
-11.769852,-2.9975166,-150,-0.14584506,11.999997
-12.769852,-2.9975166,-150,0.028628614,7.999998
-13.769852,-2.9975166,-150,0.15650919,43.999996
-14.769852,-2.9975166,-150,0.2676141,27.999996
-15.769852,-2.9975166,-150,0.44901225,47.999996
-16.769852,-2.9975166,-150,0.57411426,75.99999
-17.769852,-2.9975166,-150,0.53873694,139.99998
-18.769852,-2.9975166,-150,0.50886625,179.99998
-19.769852,-2.9975166,-150,0,171.99998
-20.769852,-2.9975166,-150,0,19.999996
-21.769852,-2.9975166,-150,0,0
-22.769852,-2.9975166,-150,0,0
-23.769852,-2.9975166,-150,0,0
-24.769852,-2.9975166,-150,0,0
-25.769852,-2.9975166,-150,0,0
-26.769852,-2.9975166,-150,0,0
-27.769852,-2.9975166,-150,0,0
-28.769852,-2.9975166,-150,0,0
-29.769852,-2.9975166,-150,0,0
-30.769852,-2.9975166,-150,0,0
-31.769852,-2.9975166,-150,0,0
-32.76985,-2.9975166,-150,0,0
-33.76985,-2.9975166,-150,0,0
-34.76985,-2.9975166,-150,0,0
-35.76985,-2.9975166,-150,0,0
-36.76985,-2.9975166,-150,0,0
-37.76985,-2.9975166,-150,0,0
-38.76985,-2.9975166,-150,0,0
-39.76985,-2.9975166,-150,0,0
-40.76985,-2.9975166,-150,0,0
-41.76985,-2.9975166,-150,0,0
-42.76985,-2.9975166,-150,0,0
-43.76985,-2.9975166,-150,0,0
-44.76985,-2.9975166,-150,0,0
-45.76985,-2.9975166,-150,0,0
-46.76985,-2.9975166,-150,0,0
-47.76985,-2.9975166,-150,0,0
-48.76985,-2.9975166,-150,0,0
-49.76985,-2.9975166,-150,0,0
49.23015,-3.9975166,-150,0,0
48.23015,-3.9975166,-150,0,0
47.23015,-3.9975166,-150,0,0
46.23015,-3.9975166,-150,0,0
45.23015,-3.9975166,-150,0,0
44.23015,-3.9975166,-150,0,0
43.23015,-3.9975166,-150,0,0
42.23015,-3.9975166,-150,0,0
41.23015,-3.9975166,-150,0,0
40.23015,-3.9975166,-150,0,0
39.23015,-3.9975166,-150,0,0
38.23015,-3.9975166,-150,0,0
37.23015,-3.9975166,-150,0,0
36.23015,-3.9975166,-150,0,0
35.23015,-3.9975166,-150,0,0
34.23015,-3.9975166,-150,0,0
33.23015,-3.9975166,-150,0,0
32.23015,-3.9975166,-150,0,0
31.230148,-3.9975166,-150,0,0
30.230148,-3.9975166,-150,0,0
29.230148,-3.9975166,-150,0,0
28.230148,-3.9975166,-150,0,0
27.230148,-3.9975166,-150,0,0
26.230148,-3.9975166,-150,0,0
25.230148,-3.9975166,-150,0,0
24.230148,-3.9975166,-150,0,0
23.230148,-3.9975166,-150,0,0
22.230148,-3.9975166,-150,0,0
21.230148,-3.9975166,-150,0,0
20.230148,-3.9975166,-150,0,0
19.230148,-3.9975166,-150,0,0
18.230148,-3.9975166,-150,0,43.999996
17.230148,-3.9975166,-150,0.61912715,139.99998
16.230148,-3.9975166,-150,0.64624864,179.99998
15.230148,-3.9975166,-150,0.67754483,99.99999
14.230148,-3.9975166,-150,0.63626415,147.99998
13.230148,-3.9975166,-150,0.51868266,131.99998
12.230148,-3.9975166,-150,0.35323608,91.99999
11.230148,-3.9975166,-150,0.2711406,103.99999
10.230148,-3.9975166,-150,0.31775737,79.99999
9.230148,-3.9975166,-150,0.43315357,155.99998
8.230148,-3.9975166,-150,0.43990052,99.99999
7.2301483,-3.9975166,-150,0.38333857,99.99999
6.2301483,-3.9975166,-150,0.36689147,83.99999
5.2301483,-3.9975166,-150,0.38983798,115.99999
4.2301483,-3.9975166,-150,0.3992877,115.99999
3.2301483,-3.9975166,-150,0.4222453,67.99999
2.2301483,-3.9975166,-150,0.46193618,79.99999
1.2301483,-3.9975166,-150,0.42030773,127.99999
0.23014832,-3.9975166,-150,0.29780024,111.99999
-0.7698517,-3.9975166,-150,0.20649505,87.99999
-1.7698517,-3.9975166,-150,0.23581971,71.99999
-2.7698517,-3.9975166,-150,0.32977954,63.999996
-3.7698517,-3.9975166,-150,0.41836268,107.99999
-4.7698517,-3.9975166,-150,0.37994683,103.99999
-5.7698517,-3.9975166,-150,0.24595505,63.999996
-6.7698517,-3.9975166,-150,0.083626665,59.999996
-7.7698517,-3.9975166,-150,-0.03154687,51.999996
-8.769852,-3.9975166,-150,-0.10179645,31.999996
-9.769852,-3.9975166,-150,-0.07178934,39.999996
-10.769852,-3.9975166,-150,-0.031413212,47.999996
-11.769852,-3.9975166,-150,-0.017633907,51.999996
-12.769852,-3.9975166,-150,0.027940936,23.999996
-13.769852,-3.9975166,-150,0.15956184,67.99999
-14.769852,-3.9975166,-150,0.30582443,79.99999
-15.769852,-3.9975166,-150,0.50818014,79.99999
-16.769852,-3.9975166,-150,0.66966766,103.99999
-17.769852,-3.9975166,-150,0.64225125,131.99998
-18.769852,-3.9975166,-150,0.58979297,175.99998
-19.769852,-3.9975166,-150,0,79.99999
-20.769852,-3.9975166,-150,0,0
-21.769852,-3.9975166,-150,0,0
-22.769852,-3.9975166,-150,0,0
-23.769852,-3.9975166,-150,0,0
-24.769852,-3.9975166,-150,0,0
-25.769852,-3.9975166,-150,0,0
-26.769852,-3.9975166,-150,0,0
-27.769852,-3.9975166,-150,0,0
-28.769852,-3.9975166,-150,0,0
-29.769852,-3.9975166,-150,0,0
-30.769852,-3.9975166,-150,0,0
-31.769852,-3.9975166,-150,0,0
-32.76985,-3.9975166,-150,0,0
-33.76985,-3.9975166,-150,0,0
-34.76985,-3.9975166,-150,0,0
-35.76985,-3.9975166,-150,0,0
-36.76985,-3.9975166,-150,0,0
-37.76985,-3.9975166,-150,0,0
-38.76985,-3.9975166,-150,0,0
-39.76985,-3.9975166,-150,0,0
-40.76985,-3.9975166,-150,0,0
-41.76985,-3.9975166,-150,0,0
-42.76985,-3.9975166,-150,0,0
-43.76985,-3.9975166,-150,0,0
-44.76985,-3.9975166,-150,0,0
-45.76985,-3.9975166,-150,0,0
-46.76985,-3.9975166,-150,0,0
-47.76985,-3.9975166,-150,0,0
-48.76985,-3.9975166,-150,0,0
-49.76985,-3.9975166,-150,0,0
49.23015,-4.9975166,-150,0,0
48.23015,-4.9975166,-150,0,0
47.23015,-4.9975166,-150,0,0
46.23015,-4.9975166,-150,0,0
45.23015,-4.9975166,-150,0,0
44.23015,-4.9975166,-150,0,0
43.23015,-4.9975166,-150,0,0
42.23015,-4.9975166,-150,0,0
41.23015,-4.9975166,-150,0,0
40.23015,-4.9975166,-150,0,0
39.23015,-4.9975166,-150,0,0
38.23015,-4.9975166,-150,0,0
37.23015,-4.9975166,-150,0,0
36.23015,-4.9975166,-150,0,0
35.23015,-4.9975166,-150,0,0
34.23015,-4.9975166,-150,0,0
33.23015,-4.9975166,-150,0,0
32.23015,-4.9975166,-150,0,0
31.230148,-4.9975166,-150,0,0
30.230148,-4.9975166,-150,0,0
29.230148,-4.9975166,-150,0,0
28.230148,-4.9975166,-150,0,0
27.230148,-4.9975166,-150,0,0
26.230148,-4.9975166,-150,0,0
25.230148,-4.9975166,-150,0,0
24.230148,-4.9975166,-150,0,0
23.230148,-4.9975166,-150,0,0
22.230148,-4.9975166,-150,0,0
21.230148,-4.9975166,-150,0,0
20.230148,-4.9975166,-150,0,0
19.230148,-4.9975166,-150,0,0
18.230148,-4.9975166,-150,0,15.999996
17.230148,-4.9975166,-150,0,115.99999
16.230148,-4.9975166,-150,0.5278089,123.99999
15.230148,-4.9975166,-150,0.54175276,123.99999
14.230148,-4.9975166,-150,0.4801004,119.99999
13.230148,-4.9975166,-150,0.36420178,123.99999
12.230148,-4.9975166,-150,0.19995856,107.99999
11.230148,-4.9975166,-150,0.18154645,47.999996
10.230148,-4.9975166,-150,0.37734336,167.99998
9.230148,-4.9975166,-150,0.4996318,91.99999
8.230148,-4.9975166,-150,0.47028193,83.99999
7.2301483,-4.9975166,-150,0.41427842,91.99999
6.2301483,-4.9975166,-150,0.3993332,111.99999
5.2301483,-4.9975166,-150,0.40531892,79.99999
4.2301483,-4.9975166,-150,0.45440212,55.999996
3.2301483,-4.9975166,-150,0.55468136,127.99999
2.2301483,-4.9975166,-150,0.58139545,131.99998
1.2301483,-4.9975166,-150,0.45697117,83.99999
0.23014832,-4.9975166,-150,0.32678264,55.999996
-0.7698517,-4.9975166,-150,0.32664955,79.99999
-1.7698517,-4.9975166,-150,0.36017498,71.99999
-2.7698517,-4.9975166,-150,0.40233698,95.99999
-3.7698517,-4.9975166,-150,0.4726996,131.99998
-4.7698517,-4.9975166,-150,0.4318896,83.99999
-5.7698517,-4.9975166,-150,0.2842148,75.99999
-6.7698517,-4.9975166,-150,0.08920881,67.99999
-7.7698517,-4.9975166,-150,-0.060686752,39.999996
-8.769852,-4.9975166,-150,-0.03783574,79.99999
-9.769852,-4.9975166,-150,0.06299762,39.999996
-10.769852,-4.9975166,-150,0.12677756,39.999996
-11.769852,-4.9975166,-150,0.09582904,35.999996
-12.769852,-4.9975166,-150,0.08044103,71.99999
-13.769852,-4.9975166,-150,0.14344789,59.999996
-14.769852,-4.9975166,-150,0.28426024,47.999996
-15.769852,-4.9975166,-150,0.4763174,59.999996
-16.769852,-4.9975166,-150,0.63614446,151.99998
-17.769852,-4.9975166,-150,0.6340203,135.99998
-18.769852,-4.9975166,-150,0,135.99998
-19.769852,-4.9975166,-150,0,3.999999
-20.769852,-4.9975166,-150,0,0
-21.769852,-4.9975166,-150,0,0
-22.769852,-4.9975166,-150,0,0
-23.769852,-4.9975166,-150,0,0
-24.769852,-4.9975166,-150,0,0
-25.769852,-4.9975166,-150,0,0
-26.769852,-4.9975166,-150,0,0
-27.769852,-4.9975166,-150,0,0
-28.769852,-4.9975166,-150,0,0
-29.769852,-4.9975166,-150,0,0
-30.769852,-4.9975166,-150,0,0
-31.769852,-4.9975166,-150,0,0
-32.76985,-4.9975166,-150,0,0
-33.76985,-4.9975166,-150,0,0
-34.76985,-4.9975166,-150,0,0
-35.76985,-4.9975166,-150,0,0
-36.76985,-4.9975166,-150,0,0
-37.76985,-4.9975166,-150,0,0
-38.76985,-4.9975166,-150,0,0
-39.76985,-4.9975166,-150,0,0
-40.76985,-4.9975166,-150,0,0
-41.76985,-4.9975166,-150,0,0
-42.76985,-4.9975166,-150,0,0
-43.76985,-4.9975166,-150,0,0
-44.76985,-4.9975166,-150,0,0
-45.76985,-4.9975166,-150,0,0
-46.76985,-4.9975166,-150,0,0
-47.76985,-4.9975166,-150,0,0
-48.76985,-4.9975166,-150,0,0
-49.76985,-4.9975166,-150,0,0
49.23015,-5.9975166,-150,0,0
48.23015,-5.9975166,-150,0,0
47.23015,-5.9975166,-150,0,0
46.23015,-5.9975166,-150,0,0
45.23015,-5.9975166,-150,0,0
44.23015,-5.9975166,-150,0,0
43.23015,-5.9975166,-150,0,0
42.23015,-5.9975166,-150,0,0
41.23015,-5.9975166,-150,0,0
40.23015,-5.9975166,-150,0,0
39.23015,-5.9975166,-150,0,0
38.23015,-5.9975166,-150,0,0
37.23015,-5.9975166,-150,0,0
36.23015,-5.9975166,-150,0,0
35.23015,-5.9975166,-150,0,0
34.23015,-5.9975166,-150,0,0
33.23015,-5.9975166,-150,0,0
32.23015,-5.9975166,-150,0,0
31.230148,-5.9975166,-150,0,0
30.230148,-5.9975166,-150,0,0
29.230148,-5.9975166,-150,0,0
28.230148,-5.9975166,-150,0,0
27.230148,-5.9975166,-150,0,0
26.230148,-5.9975166,-150,0,0
25.230148,-5.9975166,-150,0,0
24.230148,-5.9975166,-150,0,0
23.230148,-5.9975166,-150,0,0
22.230148,-5.9975166,-150,0,0
21.230148,-5.9975166,-150,0,0
20.230148,-5.9975166,-150,0,0
19.230148,-5.9975166,-150,0,0
18.230148,-5.9975166,-150,0,0
17.230148,-5.9975166,-150,0,55.999996
16.230148,-5.9975166,-150,0.40740502,123.99999
15.230148,-5.9975166,-150,0.43458164,83.99999
14.230148,-5.9975166,-150,0.34982637,107.99999
13.230148,-5.9975166,-150,0.22358426,59.999996
12.230148,-5.9975166,-150,0.12223689,71.99999
11.230148,-5.9975166,-150,0.13757429,39.999996
10.230148,-5.9975166,-150,0.3335454,111.99999
9.230148,-5.9975166,-150,0.48212594,83.99999
8.230148,-5.9975166,-150,0.47814304,67.99999
7.2301483,-5.9975166,-150,0.4861176,71.99999
6.2301483,-5.9975166,-150,0.436325,107.99999
5.2301483,-5.9975166,-150,0.3631169,63.999996
4.2301483,-5.9975166,-150,0.41704303,63.999996
3.2301483,-5.9975166,-150,0.55386233,71.99999
2.2301483,-5.9975166,-150,0.6122179,87.99999
1.2301483,-5.9975166,-150,0.47953746,47.999996
0.23014832,-5.9975166,-150,0.40521047,27.999996
-0.7698517,-5.9975166,-150,0.47051117,59.999996
-1.7698517,-5.9975166,-150,0.49817026,79.99999
-2.7698517,-5.9975166,-150,0.47809666,103.99999
-3.7698517,-5.9975166,-150,0.45726788,67.99999
-4.7698517,-5.9975166,-150,0.35712487,47.999996
-5.7698517,-5.9975166,-150,0.25002727,59.999996
-6.7698517,-5.9975166,-150,0.14126948,67.99999
-7.7698517,-5.9975166,-150,0.061800644,75.99999
-8.769852,-5.9975166,-150,0.0655139,55.999996
-9.769852,-5.9975166,-150,0.12982114,59.999996
-10.769852,-5.9975166,-150,0.11782417,43.999996
-11.769852,-5.9975166,-150,0.039424106,47.999996
-12.769852,-5.9975166,-150,0.010033866,43.999996
-13.769852,-5.9975166,-150,0.13405421,71.99999
-14.769852,-5.9975166,-150,0.33251274,75.99999
-15.769852,-5.9975166,-150,0.4672655,91.99999
-16.769852,-5.9975166,-150,0.5012442,87.99999
-17.769852,-5.9975166,-150,Infinity,143.99998
-18.769852,-5.9975166,-150,0,55.999996
-19.769852,-5.9975166,-150,0,0
-20.769852,-5.9975166,-150,0,0
-21.769852,-5.9975166,-150,0,0
-22.769852,-5.9975166,-150,0,0
-23.769852,-5.9975166,-150,0,0
-24.769852,-5.9975166,-150,0,0
-25.769852,-5.9975166,-150,0,0
-26.769852,-5.9975166,-150,0,0
-27.769852,-5.9975166,-150,0,0
-28.769852,-5.9975166,-150,0,0
-29.769852,-5.9975166,-150,0,0
-30.769852,-5.9975166,-150,0,0
-31.769852,-5.9975166,-150,0,0
-32.76985,-5.9975166,-150,0,0
-33.76985,-5.9975166,-150,0,0
-34.76985,-5.9975166,-150,0,0
-35.76985,-5.9975166,-150,0,0
-36.76985,-5.9975166,-150,0,0
-37.76985,-5.9975166,-150,0,0
-38.76985,-5.9975166,-150,0,0
-39.76985,-5.9975166,-150,0,0
-40.76985,-5.9975166,-150,0,0
-41.76985,-5.9975166,-150,0,0
-42.76985,-5.9975166,-150,0,0
-43.76985,-5.9975166,-150,0,0
-44.76985,-5.9975166,-150,0,0
-45.76985,-5.9975166,-150,0,0
-46.76985,-5.9975166,-150,0,0
-47.76985,-5.9975166,-150,0,0
-48.76985,-5.9975166,-150,0,0
-49.76985,-5.9975166,-150,0,0
49.23015,-6.9975166,-150,0,0
48.23015,-6.9975166,-150,0,0
47.23015,-6.9975166,-150,0,0
46.23015,-6.9975166,-150,0,0
45.23015,-6.9975166,-150,0,0
44.23015,-6.9975166,-150,0,0
43.23015,-6.9975166,-150,0,0
42.23015,-6.9975166,-150,0,0
41.23015,-6.9975166,-150,0,0
40.23015,-6.9975166,-150,0,0
39.23015,-6.9975166,-150,0,0
38.23015,-6.9975166,-150,0,0
37.23015,-6.9975166,-150,0,0
36.23015,-6.9975166,-150,0,0
35.23015,-6.9975166,-150,0,0
34.23015,-6.9975166,-150,0,0
33.23015,-6.9975166,-150,0,0
32.23015,-6.9975166,-150,0,0
31.230148,-6.9975166,-150,0,0
30.230148,-6.9975166,-150,0,0
29.230148,-6.9975166,-150,0,0
28.230148,-6.9975166,-150,0,0
27.230148,-6.9975166,-150,0,0
26.230148,-6.9975166,-150,0,0
25.230148,-6.9975166,-150,0,0
24.230148,-6.9975166,-150,0,0
23.230148,-6.9975166,-150,0,0
22.230148,-6.9975166,-150,0,0
21.230148,-6.9975166,-150,0,0
20.230148,-6.9975166,-150,0,0
19.230148,-6.9975166,-150,0,0
18.230148,-6.9975166,-150,0,0
17.230148,-6.9975166,-150,0,15.999996
16.230148,-6.9975166,-150,0,59.999996
15.230148,-6.9975166,-150,0.3458523,67.99999
14.230148,-6.9975166,-150,0.30278316,103.99999
13.230148,-6.9975166,-150,0.19691683,87.99999
12.230148,-6.9975166,-150,0.17065692,59.999996
11.230148,-6.9975166,-150,0.19222072,51.999996
10.230148,-6.9975166,-150,0.25678274,31.999996
9.230148,-6.9975166,-150,0.3768585,79.99999
8.230148,-6.9975166,-150,0.46921164,95.99999
7.2301483,-6.9975166,-150,0.49431413,95.99999
6.2301483,-6.9975166,-150,0.4029836,79.99999
5.2301483,-6.9975166,-150,0.288207,47.999996
4.2301483,-6.9975166,-150,0.3291106,47.999996
3.2301483,-6.9975166,-150,0.48788583,83.99999
2.2301483,-6.9975166,-150,0.54908687,63.999996
1.2301483,-6.9975166,-150,0.4910233,87.99999
0.23014832,-6.9975166,-150,0.48576677,71.99999
-0.7698517,-6.9975166,-150,0.5858754,67.99999
-1.7698517,-6.9975166,-150,0.589074,67.99999
-2.7698517,-6.9975166,-150,0.5298834,139.99998
-3.7698517,-6.9975166,-150,0.43939197,171.99998
-4.7698517,-6.9975166,-150,0.32489154,75.99999
-5.7698517,-6.9975166,-150,0.24458468,63.999996
-6.7698517,-6.9975166,-150,0.20615283,71.99999
-7.7698517,-6.9975166,-150,0.22426,99.99999
-8.769852,-6.9975166,-150,0.28848165,75.99999
-9.769852,-6.9975166,-150,0.26910812,63.999996
-10.769852,-6.9975166,-150,0.1634739,43.999996
-11.769852,-6.9975166,-150,0.056927487,59.999996
-12.769852,-6.9975166,-150,0.07982449,63.999996
-13.769852,-6.9975166,-150,0.26469225,95.99999
-14.769852,-6.9975166,-150,0.4580195,135.99998
-15.769852,-6.9975166,-150,0.4784089,151.99998
-16.769852,-6.9975166,-150,0.3642905,123.99999
-17.769852,-6.9975166,-150,0,107.99999
-18.769852,-6.9975166,-150,0,3.999999
-19.769852,-6.9975166,-150,0,0
-20.769852,-6.9975166,-150,0,0
-21.769852,-6.9975166,-150,0,0
-22.769852,-6.9975166,-150,0,0
-23.769852,-6.9975166,-150,0,0
-24.769852,-6.9975166,-150,0,0
-25.769852,-6.9975166,-150,0,0
-26.769852,-6.9975166,-150,0,0
-27.769852,-6.9975166,-150,0,0
-28.769852,-6.9975166,-150,0,0
-29.769852,-6.9975166,-150,0,0
-30.769852,-6.9975166,-150,0,0
-31.769852,-6.9975166,-150,0,0
-32.76985,-6.9975166,-150,0,0
-33.76985,-6.9975166,-150,0,0
-34.76985,-6.9975166,-150,0,0
-35.76985,-6.9975166,-150,0,0
-36.76985,-6.9975166,-150,0,0
-37.76985,-6.9975166,-150,0,0
-38.76985,-6.9975166,-150,0,0
-39.76985,-6.9975166,-150,0,0
-40.76985,-6.9975166,-150,0,0
-41.76985,-6.9975166,-150,0,0
-42.76985,-6.9975166,-150,0,0
-43.76985,-6.9975166,-150,0,0
-44.76985,-6.9975166,-150,0,0
-45.76985,-6.9975166,-150,0,0
-46.76985,-6.9975166,-150,0,0
-47.76985,-6.9975166,-150,0,0
-48.76985,-6.9975166,-150,0,0
-49.76985,-6.9975166,-150,0,0
49.23015,-7.9975166,-150,0,0
48.23015,-7.9975166,-150,0,0
47.23015,-7.9975166,-150,0,0
46.23015,-7.9975166,-150,0,0
45.23015,-7.9975166,-150,0,0
44.23015,-7.9975166,-150,0,0
43.23015,-7.9975166,-150,0,0
42.23015,-7.9975166,-150,0,0
41.23015,-7.9975166,-150,0,0
40.23015,-7.9975166,-150,0,0
39.23015,-7.9975166,-150,0,0
38.23015,-7.9975166,-150,0,0
37.23015,-7.9975166,-150,0,0
36.23015,-7.9975166,-150,0,0
35.23015,-7.9975166,-150,0,0
34.23015,-7.9975166,-150,0,0
33.23015,-7.9975166,-150,0,0
32.23015,-7.9975166,-150,0,0
31.230148,-7.9975166,-150,0,0
30.230148,-7.9975166,-150,0,0
29.230148,-7.9975166,-150,0,0
28.230148,-7.9975166,-150,0,0
27.230148,-7.9975166,-150,0,0
26.230148,-7.9975166,-150,0,0
25.230148,-7.9975166,-150,0,0
24.230148,-7.9975166,-150,0,0
23.230148,-7.9975166,-150,0,0
22.230148,-7.9975166,-150,0,0
21.230148,-7.9975166,-150,0,0
20.230148,-7.9975166,-150,0,0
19.230148,-7.9975166,-150,0,0
18.230148,-7.9975166,-150,0,0
17.230148,-7.9975166,-150,0,0
16.230148,-7.9975166,-150,0,27.999996
15.230148,-7.9975166,-150,0,71.99999
14.230148,-7.9975166,-150,0.30412236,79.99999
13.230148,-7.9975166,-150,0.2131547,67.99999
12.230148,-7.9975166,-150,0.22629881,39.999996
11.230148,-7.9975166,-150,0.31337798,63.999996
10.230148,-7.9975166,-150,0.31279665,39.999996
9.230148,-7.9975166,-150,0.34170187,43.999996
8.230148,-7.9975166,-150,0.44809002,83.99999
7.2301483,-7.9975166,-150,0.46059275,103.99999
6.2301483,-7.9975166,-150,0.37886888,87.99999
5.2301483,-7.9975166,-150,0.30870602,51.999996
4.2301483,-7.9975166,-150,0.3293723,75.99999
3.2301483,-7.9975166,-150,0.4657297,83.99999
2.2301483,-7.9975166,-150,0.5342629,75.99999
1.2301483,-7.9975166,-150,0.45605224,51.999996
0.23014832,-7.9975166,-150,0.46806854,79.99999
-0.7698517,-7.9975166,-150,0.55996567,111.99999
-1.7698517,-7.9975166,-150,0.5433067,95.99999
-2.7698517,-7.9975166,-150,0.47328383,135.99998
-3.7698517,-7.9975166,-150,0.40370023,115.99999
-4.7698517,-7.9975166,-150,0.35292208,87.99999
-5.7698517,-7.9975166,-150,0.31508774,103.99999
-6.7698517,-7.9975166,-150,0.2776438,67.99999
-7.7698517,-7.9975166,-150,0.33219343,79.99999
-8.769852,-7.9975166,-150,0.42537913,83.99999
-9.769852,-7.9975166,-150,0.43538997,127.99999
-10.769852,-7.9975166,-150,0.31745452,59.999996
-11.769852,-7.9975166,-150,0.19043155,75.99999
-12.769852,-7.9975166,-150,0.23628563,95.99999
-13.769852,-7.9975166,-150,0.40714908,91.99999
-14.769852,-7.9975166,-150,0.5180286,135.99998
-15.769852,-7.9975166,-150,0.4880616,147.99998
-16.769852,-7.9975166,-150,0,135.99998
-17.769852,-7.9975166,-150,0,11.999997
-18.769852,-7.9975166,-150,0,0
-19.769852,-7.9975166,-150,0,0
-20.769852,-7.9975166,-150,0,0
-21.769852,-7.9975166,-150,0,0
-22.769852,-7.9975166,-150,0,0
-23.769852,-7.9975166,-150,0,0
-24.769852,-7.9975166,-150,0,0
-25.769852,-7.9975166,-150,0,0
-26.769852,-7.9975166,-150,0,0
-27.769852,-7.9975166,-150,0,0
-28.769852,-7.9975166,-150,0,0
-29.769852,-7.9975166,-150,0,0
-30.769852,-7.9975166,-150,0,0
-31.769852,-7.9975166,-150,0,0
-32.76985,-7.9975166,-150,0,0
-33.76985,-7.9975166,-150,0,0
-34.76985,-7.9975166,-150,0,0
-35.76985,-7.9975166,-150,0,0
-36.76985,-7.9975166,-150,0,0
-37.76985,-7.9975166,-150,0,0
-38.76985,-7.9975166,-150,0,0
-39.76985,-7.9975166,-150,0,0
-40.76985,-7.9975166,-150,0,0
-41.76985,-7.9975166,-150,0,0
-42.76985,-7.9975166,-150,0,0
-43.76985,-7.9975166,-150,0,0
-44.76985,-7.9975166,-150,0,0
-45.76985,-7.9975166,-150,0,0
-46.76985,-7.9975166,-150,0,0
-47.76985,-7.9975166,-150,0,0
-48.76985,-7.9975166,-150,0,0
-49.76985,-7.9975166,-150,0,0
49.23015,-8.997517,-150,0,0
48.23015,-8.997517,-150,0,0
47.23015,-8.997517,-150,0,0
46.23015,-8.997517,-150,0,0
45.23015,-8.997517,-150,0,0
44.23015,-8.997517,-150,0,0
43.23015,-8.997517,-150,0,0
42.23015,-8.997517,-150,0,0
41.23015,-8.997517,-150,0,0
40.23015,-8.997517,-150,0,0
39.23015,-8.997517,-150,0,0
38.23015,-8.997517,-150,0,0
37.23015,-8.997517,-150,0,0
36.23015,-8.997517,-150,0,0
35.23015,-8.997517,-150,0,0
34.23015,-8.997517,-150,0,0
33.23015,-8.997517,-150,0,0
32.23015,-8.997517,-150,0,0
31.230148,-8.997517,-150,0,0
30.230148,-8.997517,-150,0,0
29.230148,-8.997517,-150,0,0
28.230148,-8.997517,-150,0,0
27.230148,-8.997517,-150,0,0
26.230148,-8.997517,-150,0,0
25.230148,-8.997517,-150,0,0
24.230148,-8.997517,-150,0,0
23.230148,-8.997517,-150,0,0
22.230148,-8.997517,-150,0,0
21.230148,-8.997517,-150,0,0
20.230148,-8.997517,-150,0,0
19.230148,-8.997517,-150,0,0
18.230148,-8.997517,-150,0,0
17.230148,-8.997517,-150,0,0
16.230148,-8.997517,-150,0,0
15.230148,-8.997517,-150,0,83.99999
14.230148,-8.997517,-150,0.3610621,83.99999
13.230148,-8.997517,-150,0.2458404,67.99999
12.230148,-8.997517,-150,0.28435302,55.999996
11.230148,-8.997517,-150,0.3985177,67.99999
10.230148,-8.997517,-150,0.42293143,63.999996
9.230148,-8.997517,-150,0.38079503,91.99999
8.230148,-8.997517,-150,0.39479664,95.99999
7.2301483,-8.997517,-150,0.3800607,91.99999
6.2301483,-8.997517,-150,0.34623247,91.99999
5.2301483,-8.997517,-150,0.37496582,71.99999
4.2301483,-8.997517,-150,0.42832994,87.99999
3.2301483,-8.997517,-150,0.5147355,67.99999
2.2301483,-8.997517,-150,0.5361552,111.99999
1.2301483,-8.997517,-150,0.4412967,51.999996
0.23014832,-8.997517,-150,0.436041,75.99999
-0.7698517,-8.997517,-150,0.49344498,83.99999
-1.7698517,-8.997517,-150,0.44665396,127.99999
-2.7698517,-8.997517,-150,0.3561843,55.999996
-3.7698517,-8.997517,-150,0.34752068,87.99999
-4.7698517,-8.997517,-150,0.41824985,151.99998
-5.7698517,-8.997517,-150,0.4503445,127.99999
-6.7698517,-8.997517,-150,0.4183185,75.99999
-7.7698517,-8.997517,-150,0.41356683,99.99999
-8.769852,-8.997517,-150,0.4704423,119.99999
-9.769852,-8.997517,-150,0.49801987,71.99999
-10.769852,-8.997517,-150,0.39989194,127.99999
-11.769852,-8.997517,-150,0.22788796,51.999996
-12.769852,-8.997517,-150,0.25822684,75.99999
-13.769852,-8.997517,-150,0.45192152,147.99998
-14.769852,-8.997517,-150,0.5628928,103.99999
-15.769852,-8.997517,-150,0,107.99999
-16.769852,-8.997517,-150,0,23.999996
-17.769852,-8.997517,-150,0,0
-18.769852,-8.997517,-150,0,0
-19.769852,-8.997517,-150,0,0
-20.769852,-8.997517,-150,0,0
-21.769852,-8.997517,-150,0,0
-22.769852,-8.997517,-150,0,0
-23.769852,-8.997517,-150,0,0
-24.769852,-8.997517,-150,0,0
-25.769852,-8.997517,-150,0,0
-26.769852,-8.997517,-150,0,0
-27.769852,-8.997517,-150,0,0
-28.769852,-8.997517,-150,0,0
-29.769852,-8.997517,-150,0,0
-30.769852,-8.997517,-150,0,0
-31.769852,-8.997517,-150,0,0
-32.76985,-8.997517,-150,0,0
-33.76985,-8.997517,-150,0,0
-34.76985,-8.997517,-150,0,0
-35.76985,-8.997517,-150,0,0
-36.76985,-8.997517,-150,0,0
-37.76985,-8.997517,-150,0,0
-38.76985,-8.997517,-150,0,0
-39.76985,-8.997517,-150,0,0
-40.76985,-8.997517,-150,0,0
-41.76985,-8.997517,-150,0,0
-42.76985,-8.997517,-150,0,0
-43.76985,-8.997517,-150,0,0
-44.76985,-8.997517,-150,0,0
-45.76985,-8.997517,-150,0,0
-46.76985,-8.997517,-150,0,0
-47.76985,-8.997517,-150,0,0
-48.76985,-8.997517,-150,0,0
-49.76985,-8.997517,-150,0,0
49.23015,-9.997517,-150,0,0
48.23015,-9.997517,-150,0,0
47.23015,-9.997517,-150,0,0
46.23015,-9.997517,-150,0,0
45.23015,-9.997517,-150,0,0
44.23015,-9.997517,-150,0,0
43.23015,-9.997517,-150,0,0
42.23015,-9.997517,-150,0,0
41.23015,-9.997517,-150,0,0
40.23015,-9.997517,-150,0,0
39.23015,-9.997517,-150,0,0
38.23015,-9.997517,-150,0,0
37.23015,-9.997517,-150,0,0
36.23015,-9.997517,-150,0,0
35.23015,-9.997517,-150,0,0
34.23015,-9.997517,-150,0,0
33.23015,-9.997517,-150,0,0
32.23015,-9.997517,-150,0,0
31.230148,-9.997517,-150,0,0
30.230148,-9.997517,-150,0,0
29.230148,-9.997517,-150,0,0
28.230148,-9.997517,-150,0,0
27.230148,-9.997517,-150,0,0
26.230148,-9.997517,-150,0,0
25.230148,-9.997517,-150,0,0
24.230148,-9.997517,-150,0,0
23.230148,-9.997517,-150,0,0
22.230148,-9.997517,-150,0,0
21.230148,-9.997517,-150,0,0
20.230148,-9.997517,-150,0,0
19.230148,-9.997517,-150,0,0
18.230148,-9.997517,-150,0,0
17.230148,-9.997517,-150,0,0
16.230148,-9.997517,-150,0,0
15.230148,-9.997517,-150,0,23.999996
14.230148,-9.997517,-150,0,119.99999
13.230148,-9.997517,-150,0.3755504,75.99999
12.230148,-9.997517,-150,0.4506067,59.999996
11.230148,-9.997517,-150,0.5186186,87.99999
10.230148,-9.997517,-150,0.51454186,151.99998
9.230148,-9.997517,-150,0.43712303,99.99999
8.230148,-9.997517,-150,0.38378674,71.99999
7.2301483,-9.997517,-150,0.34091663,99.99999
6.2301483,-9.997517,-150,0.31880683,39.999996
5.2301483,-9.997517,-150,0.41425672,55.999996
4.2301483,-9.997517,-150,0.52268136,91.99999
3.2301483,-9.997517,-150,0.5689229,119.99999
2.2301483,-9.997517,-150,0.53355527,115.99999
1.2301483,-9.997517,-150,0.47937903,135.99998
0.23014832,-9.997517,-150,0.49096796,87.99999
-0.7698517,-9.997517,-150,0.5301294,167.99998
-1.7698517,-9.997517,-150,0.43886212,103.99999
-2.7698517,-9.997517,-150,0.36503625,99.99999
-3.7698517,-9.997517,-150,0.37996036,91.99999
-4.7698517,-9.997517,-150,0.50198716,127.99999
-5.7698517,-9.997517,-150,0.5937572,127.99999
-6.7698517,-9.997517,-150,0.5844063,115.99999
-7.7698517,-9.997517,-150,0.54460514,103.99999
-8.769852,-9.997517,-150,0.5450864,95.99999
-9.769852,-9.997517,-150,0.5223294,123.99999
-10.769852,-9.997517,-150,0.33882785,79.99999
-11.769852,-9.997517,-150,0.1543528,95.99999
-12.769852,-9.997517,-150,0.21494699,83.99999
-13.769852,-9.997517,-150,0.45242906,175.99998
-14.769852,-9.997517,-150,0,119.99999
-15.769852,-9.997517,-150,0,51.999996
-16.769852,-9.997517,-150,0,0
-17.769852,-9.997517,-150,0,0
-18.769852,-9.997517,-150,0,0
-19.769852,-9.997517,-150,0,0
-20.769852,-9.997517,-150,0,0
-21.769852,-9.997517,-150,0,0
-22.769852,-9.997517,-150,0,0
-23.769852,-9.997517,-150,0,0
-24.769852,-9.997517,-150,0,0
-25.769852,-9.997517,-150,0,0
-26.769852,-9.997517,-150,0,0
-27.769852,-9.997517,-150,0,0
-28.769852,-9.997517,-150,0,0
-29.769852,-9.997517,-150,0,0
-30.769852,-9.997517,-150,0,0
-31.769852,-9.997517,-150,0,0
-32.76985,-9.997517,-150,0,0
-33.76985,-9.997517,-150,0,0
-34.76985,-9.997517,-150,0,0
-35.76985,-9.997517,-150,0,0
-36.76985,-9.997517,-150,0,0
-37.76985,-9.997517,-150,0,0
-38.76985,-9.997517,-150,0,0
-39.76985,-9.997517,-150,0,0
-40.76985,-9.997517,-150,0,0
-41.76985,-9.997517,-150,0,0
-42.76985,-9.997517,-150,0,0
-43.76985,-9.997517,-150,0,0
-44.76985,-9.997517,-150,0,0
-45.76985,-9.997517,-150,0,0
-46.76985,-9.997517,-150,0,0
-47.76985,-9.997517,-150,0,0
-48.76985,-9.997517,-150,0,0
-49.76985,-9.997517,-150,0,0
49.23015,-10.997517,-150,0,0
48.23015,-10.997517,-150,0,0
47.23015,-10.997517,-150,0,0
46.23015,-10.997517,-150,0,0
45.23015,-10.997517,-150,0,0
44.23015,-10.997517,-150,0,0
43.23015,-10.997517,-150,0,0
42.23015,-10.997517,-150,0,0
41.23015,-10.997517,-150,0,0
40.23015,-10.997517,-150,0,0
39.23015,-10.997517,-150,0,0
38.23015,-10.997517,-150,0,0
37.23015,-10.997517,-150,0,0
36.23015,-10.997517,-150,0,0
35.23015,-10.997517,-150,0,0
34.23015,-10.997517,-150,0,0
33.23015,-10.997517,-150,0,0
32.23015,-10.997517,-150,0,0
31.230148,-10.997517,-150,0,0
30.230148,-10.997517,-150,0,0
29.230148,-10.997517,-150,0,0
28.230148,-10.997517,-150,0,0
27.230148,-10.997517,-150,0,0
26.230148,-10.997517,-150,0,0
25.230148,-10.997517,-150,0,0
24.230148,-10.997517,-150,0,0
23.230148,-10.997517,-150,0,0
22.230148,-10.997517,-150,0,0
21.230148,-10.997517,-150,0,0
20.230148,-10.997517,-150,0,0
19.230148,-10.997517,-150,0,0
18.230148,-10.997517,-150,0,0
17.230148,-10.997517,-150,0,0
16.230148,-10.997517,-150,0,0
15.230148,-10.997517,-150,0,0
14.230148,-10.997517,-150,0,19.999996
13.230148,-10.997517,-150,Infinity,111.99999
12.230148,-10.997517,-150,0.6562731,151.99998
11.230148,-10.997517,-150,0.6855943,139.99998
10.230148,-10.997517,-150,0.6516312,135.99998
9.230148,-10.997517,-150,0.5943555,135.99998
8.230148,-10.997517,-150,0.529764,119.99999
7.2301483,-10.997517,-150,0.4489179,95.99999
6.2301483,-10.997517,-150,0.39666176,75.99999
5.2301483,-10.997517,-150,0.4537326,79.99999
4.2301483,-10.997517,-150,0.5236373,103.99999
3.2301483,-10.997517,-150,0.5060601,63.999996
2.2301483,-10.997517,-150,0.45941883,103.99999
1.2301483,-10.997517,-150,0.4421206,119.99999
0.23014832,-10.997517,-150,0.51340604,107.99999
-0.7698517,-10.997517,-150,0.5248459,103.99999
-1.7698517,-10.997517,-150,0.4488706,107.99999
-2.7698517,-10.997517,-150,0.40679687,107.99999
-3.7698517,-10.997517,-150,0.43671483,135.99998
-4.7698517,-10.997517,-150,0.5210193,127.99999
-5.7698517,-10.997517,-150,0.642357,143.99998
-6.7698517,-10.997517,-150,0.69045794,147.99998
-7.7698517,-10.997517,-150,0.6320561,143.99998
-8.769852,-10.997517,-150,0.55399585,143.99998
-9.769852,-10.997517,-150,0.44150874,103.99999
-10.769852,-10.997517,-150,0.24299617,75.99999
-11.769852,-10.997517,-150,0.0931183,83.99999
-12.769852,-10.997517,-150,0.12267721,139.99998
-13.769852,-10.997517,-150,0,143.99998
-14.769852,-10.997517,-150,0,43.999996
-15.769852,-10.997517,-150,0,0
-16.769852,-10.997517,-150,0,0
-17.769852,-10.997517,-150,0,0
-18.769852,-10.997517,-150,0,0
-19.769852,-10.997517,-150,0,0
-20.769852,-10.997517,-150,0,0
-21.769852,-10.997517,-150,0,0
-22.769852,-10.997517,-150,0,0
-23.769852,-10.997517,-150,0,0
-24.769852,-10.997517,-150,0,0
-25.769852,-10.997517,-150,0,0
-26.769852,-10.997517,-150,0,0
-27.769852,-10.997517,-150,0,0
-28.769852,-10.997517,-150,0,0
-29.769852,-10.997517,-150,0,0
-30.769852,-10.997517,-150,0,0
-31.769852,-10.997517,-150,0,0
-32.76985,-10.997517,-150,0,0
-33.76985,-10.997517,-150,0,0
-34.76985,-10.997517,-150,0,0
-35.76985,-10.997517,-150,0,0
-36.76985,-10.997517,-150,0,0
-37.76985,-10.997517,-150,0,0
-38.76985,-10.997517,-150,0,0
-39.76985,-10.997517,-150,0,0
-40.76985,-10.997517,-150,0,0
-41.76985,-10.997517,-150,0,0
-42.76985,-10.997517,-150,0,0
-43.76985,-10.997517,-150,0,0
-44.76985,-10.997517,-150,0,0
-45.76985,-10.997517,-150,0,0
-46.76985,-10.997517,-150,0,0
-47.76985,-10.997517,-150,0,0
-48.76985,-10.997517,-150,0,0
-49.76985,-10.997517,-150,0,0
49.23015,-11.997517,-150,0,0
48.23015,-11.997517,-150,0,0
47.23015,-11.997517,-150,0,0
46.23015,-11.997517,-150,0,0
45.23015,-11.997517,-150,0,0
44.23015,-11.997517,-150,0,0
43.23015,-11.997517,-150,0,0
42.23015,-11.997517,-150,0,0
41.23015,-11.997517,-150,0,0
40.23015,-11.997517,-150,0,0
39.23015,-11.997517,-150,0,0
38.23015,-11.997517,-150,0,0
37.23015,-11.997517,-150,0,0
36.23015,-11.997517,-150,0,0
35.23015,-11.997517,-150,0,0
34.23015,-11.997517,-150,0,0
33.23015,-11.997517,-150,0,0
32.23015,-11.997517,-150,0,0
31.230148,-11.997517,-150,0,0
30.230148,-11.997517,-150,0,0
29.230148,-11.997517,-150,0,0
28.230148,-11.997517,-150,0,0
27.230148,-11.997517,-150,0,0
26.230148,-11.997517,-150,0,0
25.230148,-11.997517,-150,0,0
24.230148,-11.997517,-150,0,0
23.230148,-11.997517,-150,0,0
22.230148,-11.997517,-150,0,0
21.230148,-11.997517,-150,0,0
20.230148,-11.997517,-150,0,0
19.230148,-11.997517,-150,0,0
18.230148,-11.997517,-150,0,0
17.230148,-11.997517,-150,0,0
16.230148,-11.997517,-150,0,0
15.230148,-11.997517,-150,0,0
14.230148,-11.997517,-150,0,3.999999
13.230148,-11.997517,-150,0,67.99999
12.230148,-11.997517,-150,0,159.99998
11.230148,-11.997517,-150,0.64912736,139.99998
10.230148,-11.997517,-150,0.6495527,163.99998
9.230148,-11.997517,-150,0.6526629,103.99999
8.230148,-11.997517,-150,0.6516816,155.99998
7.2301483,-11.997517,-150,0.5776227,91.99999
6.2301483,-11.997517,-150,0.5027674,91.99999
5.2301483,-11.997517,-150,0.5065064,75.99999
4.2301483,-11.997517,-150,0.5061483,75.99999
3.2301483,-11.997517,-150,0.45624268,79.99999
2.2301483,-11.997517,-150,0.37339282,107.99999
1.2301483,-11.997517,-150,0.35706434,95.99999
0.23014832,-11.997517,-150,0.4056431,87.99999
-0.7698517,-11.997517,-150,0.44053367,87.99999
-1.7698517,-11.997517,-150,0.40101197,67.99999
-2.7698517,-11.997517,-150,0.43208098,123.99999
-3.7698517,-11.997517,-150,0.45765474,123.99999
-4.7698517,-11.997517,-150,0.45419332,119.99999
-5.7698517,-11.997517,-150,0.5474958,147.99998
-6.7698517,-11.997517,-150,0.65079916,183.99998
-7.7698517,-11.997517,-150,0.60102475,179.99998
-8.769852,-11.997517,-150,0.45764434,119.99999
-9.769852,-11.997517,-150,0.33361498,91.99999
-10.769852,-11.997517,-150,0.19252555,99.99999
-11.769852,-11.997517,-150,0,103.99999
-12.769852,-11.997517,-150,0,51.999996
-13.769852,-11.997517,-150,0,3.999999
-14.769852,-11.997517,-150,0,0
-15.769852,-11.997517,-150,0,0
-16.769852,-11.997517,-150,0,0
-17.769852,-11.997517,-150,0,0
-18.769852,-11.997517,-150,0,0
-19.769852,-11.997517,-150,0,0
-20.769852,-11.997517,-150,0,0
-21.769852,-11.997517,-150,0,0
-22.769852,-11.997517,-150,0,0
-23.769852,-11.997517,-150,0,0
-24.769852,-11.997517,-150,0,0
-25.769852,-11.997517,-150,0,0
-26.769852,-11.997517,-150,0,0
-27.769852,-11.997517,-150,0,0
-28.769852,-11.997517,-150,0,0
-29.769852,-11.997517,-150,0,0
-30.769852,-11.997517,-150,0,0
-31.769852,-11.997517,-150,0,0
-32.76985,-11.997517,-150,0,0
-33.76985,-11.997517,-150,0,0
-34.76985,-11.997517,-150,0,0
-35.76985,-11.997517,-150,0,0
-36.76985,-11.997517,-150,0,0
-37.76985,-11.997517,-150,0,0
-38.76985,-11.997517,-150,0,0
-39.76985,-11.997517,-150,0,0
-40.76985,-11.997517,-150,0,0
-41.76985,-11.997517,-150,0,0
-42.76985,-11.997517,-150,0,0
-43.76985,-11.997517,-150,0,0
-44.76985,-11.997517,-150,0,0
-45.76985,-11.997517,-150,0,0
-46.76985,-11.997517,-150,0,0
-47.76985,-11.997517,-150,0,0
-48.76985,-11.997517,-150,0,0
-49.76985,-11.997517,-150,0,0
49.23015,-12.997517,-150,0,0
48.23015,-12.997517,-150,0,0
47.23015,-12.997517,-150,0,0
46.23015,-12.997517,-150,0,0
45.23015,-12.997517,-150,0,0
44.23015,-12.997517,-150,0,0
43.23015,-12.997517,-150,0,0
42.23015,-12.997517,-150,0,0
41.23015,-12.997517,-150,0,0
40.23015,-12.997517,-150,0,0
39.23015,-12.997517,-150,0,0
38.23015,-12.997517,-150,0,0
37.23015,-12.997517,-150,0,0
36.23015,-12.997517,-150,0,0
35.23015,-12.997517,-150,0,0
34.23015,-12.997517,-150,0,0
33.23015,-12.997517,-150,0,0
32.23015,-12.997517,-150,0,0
31.230148,-12.997517,-150,0,0
30.230148,-12.997517,-150,0,0
29.230148,-12.997517,-150,0,0
28.230148,-12.997517,-150,0,0
27.230148,-12.997517,-150,0,0
26.230148,-12.997517,-150,0,0
25.230148,-12.997517,-150,0,0
24.230148,-12.997517,-150,0,0
23.230148,-12.997517,-150,0,0
22.230148,-12.997517,-150,0,0
21.230148,-12.997517,-150,0,0
20.230148,-12.997517,-150,0,0
19.230148,-12.997517,-150,0,0
18.230148,-12.997517,-150,0,0
17.230148,-12.997517,-150,0,0
16.230148,-12.997517,-150,0,0
15.230148,-12.997517,-150,0,0
14.230148,-12.997517,-150,0,0
13.230148,-12.997517,-150,0,0
12.230148,-12.997517,-150,0,15.999996
11.230148,-12.997517,-150,0,95.99999
10.230148,-12.997517,-150,Infinity,99.99999
9.230148,-12.997517,-150,0.4642622,83.99999
8.230148,-12.997517,-150,0.55659044,127.99999
7.2301483,-12.997517,-150,0.5718241,155.99998
6.2301483,-12.997517,-150,0.5452625,79.99999
5.2301483,-12.997517,-150,0.5707361,107.99999
4.2301483,-12.997517,-150,0.53474736,79.99999
3.2301483,-12.997517,-150,0.46065933,67.99999
2.2301483,-12.997517,-150,0.41267163,119.99999
1.2301483,-12.997517,-150,0.3431441,83.99999
0.23014832,-12.997517,-150,0.34451097,123.99999
-0.7698517,-12.997517,-150,0.39671266,95.99999
-1.7698517,-12.997517,-150,0.44078285,115.99999
-2.7698517,-12.997517,-150,0.47498196,123.99999
-3.7698517,-12.997517,-150,0.43861333,143.99998
-4.7698517,-12.997517,-150,0.3291496,123.99999
-5.7698517,-12.997517,-150,0.36132023,79.99999
-6.7698517,-12.997517,-150,0.5211027,123.99999
-7.7698517,-12.997517,-150,0.529607,139.99998
-8.769852,-12.997517,-150,0.42486894,91.99999
-9.769852,-12.997517,-150,0.37678096,111.99999
-10.769852,-12.997517,-150,0,95.99999
-11.769852,-12.997517,-150,0,23.999996
-12.769852,-12.997517,-150,0,0
-13.769852,-12.997517,-150,0,0
-14.769852,-12.997517,-150,0,0
-15.769852,-12.997517,-150,0,0
-16.769852,-12.997517,-150,0,0
-17.769852,-12.997517,-150,0,0
-18.769852,-12.997517,-150,0,0
-19.769852,-12.997517,-150,0,0
-20.769852,-12.997517,-150,0,0
-21.769852,-12.997517,-150,0,0
-22.769852,-12.997517,-150,0,0
-23.769852,-12.997517,-150,0,0
-24.769852,-12.997517,-150,0,0
-25.769852,-12.997517,-150,0,0
-26.769852,-12.997517,-150,0,0
-27.769852,-12.997517,-150,0,0
-28.769852,-12.997517,-150,0,0
-29.769852,-12.997517,-150,0,0
-30.769852,-12.997517,-150,0,0
-31.769852,-12.997517,-150,0,0
-32.76985,-12.997517,-150,0,0
-33.76985,-12.997517,-150,0,0
-34.76985,-12.997517,-150,0,0
-35.76985,-12.997517,-150,0,0
-36.76985,-12.997517,-150,0,0
-37.76985,-12.997517,-150,0,0
-38.76985,-12.997517,-150,0,0
-39.76985,-12.997517,-150,0,0
-40.76985,-12.997517,-150,0,0
-41.76985,-12.997517,-150,0,0
-42.76985,-12.997517,-150,0,0
-43.76985,-12.997517,-150,0,0
-44.76985,-12.997517,-150,0,0
-45.76985,-12.997517,-150,0,0
-46.76985,-12.997517,-150,0,0
-47.76985,-12.997517,-150,0,0
-48.76985,-12.997517,-150,0,0
-49.76985,-12.997517,-150,0,0
49.23015,-13.997517,-150,0,0
48.23015,-13.997517,-150,0,0
47.23015,-13.997517,-150,0,0
46.23015,-13.997517,-150,0,0
45.23015,-13.997517,-150,0,0
44.23015,-13.997517,-150,0,0
43.23015,-13.997517,-150,0,0
42.23015,-13.997517,-150,0,0
41.23015,-13.997517,-150,0,0
40.23015,-13.997517,-150,0,0
39.23015,-13.997517,-150,0,0
38.23015,-13.997517,-150,0,0
37.23015,-13.997517,-150,0,0
36.23015,-13.997517,-150,0,0
35.23015,-13.997517,-150,0,0
34.23015,-13.997517,-150,0,0
33.23015,-13.997517,-150,0,0
32.23015,-13.997517,-150,0,0
31.230148,-13.997517,-150,0,0
30.230148,-13.997517,-150,0,0
29.230148,-13.997517,-150,0,0
28.230148,-13.997517,-150,0,0
27.230148,-13.997517,-150,0,0
26.230148,-13.997517,-150,0,0
25.230148,-13.997517,-150,0,0
24.230148,-13.997517,-150,0,0
23.230148,-13.997517,-150,0,0
22.230148,-13.997517,-150,0,0
21.230148,-13.997517,-150,0,0
20.230148,-13.997517,-150,0,0
19.230148,-13.997517,-150,0,0
18.230148,-13.997517,-150,0,0
17.230148,-13.997517,-150,0,0
16.230148,-13.997517,-150,0,0
15.230148,-13.997517,-150,0,0
14.230148,-13.997517,-150,0,0
13.230148,-13.997517,-150,0,0
12.230148,-13.997517,-150,0,0
11.230148,-13.997517,-150,0,15.999996
10.230148,-13.997517,-150,0,43.999996
9.230148,-13.997517,-150,0,83.99999
8.230148,-13.997517,-150,0.42472303,75.99999
7.2301483,-13.997517,-150,0.48203218,103.99999
6.2301483,-13.997517,-150,0.57220584,119.99999
5.2301483,-13.997517,-150,0.62569577,71.99999
4.2301483,-13.997517,-150,0.58359706,75.99999
3.2301483,-13.997517,-150,0.534149,67.99999
2.2301483,-13.997517,-150,0.48967558,111.99999
1.2301483,-13.997517,-150,0.38956487,83.99999
0.23014832,-13.997517,-150,0.3439502,71.99999
-0.7698517,-13.997517,-150,0.4269443,123.99999
-1.7698517,-13.997517,-150,0.508595,99.99999
-2.7698517,-13.997517,-150,0.48977643,147.99998
-3.7698517,-13.997517,-150,0.36510068,127.99999
-4.7698517,-13.997517,-150,0.21942791,115.99999
-5.7698517,-13.997517,-150,0.2448056,87.99999
-6.7698517,-13.997517,-150,0.40479535,123.99999
-7.7698517,-13.997517,-150,0.48875552,119.99999
-8.769852,-13.997517,-150,0,111.99999
-9.769852,-13.997517,-150,0,75.99999
-10.769852,-13.997517,-150,0,11.999997
-11.769852,-13.997517,-150,0,0
-12.769852,-13.997517,-150,0,0
-13.769852,-13.997517,-150,0,0
-14.769852,-13.997517,-150,0,0
-15.769852,-13.997517,-150,0,0
-16.769852,-13.997517,-150,0,0
-17.769852,-13.997517,-150,0,0
-18.769852,-13.997517,-150,0,0
-19.769852,-13.997517,-150,0,0
-20.769852,-13.997517,-150,0,0
-21.769852,-13.997517,-150,0,0
-22.769852,-13.997517,-150,0,0
-23.769852,-13.997517,-150,0,0
-24.769852,-13.997517,-150,0,0
-25.769852,-13.997517,-150,0,0
-26.769852,-13.997517,-150,0,0
-27.769852,-13.997517,-150,0,0
-28.769852,-13.997517,-150,0,0
-29.769852,-13.997517,-150,0,0
-30.769852,-13.997517,-150,0,0
-31.769852,-13.997517,-150,0,0
-32.76985,-13.997517,-150,0,0
-33.76985,-13.997517,-150,0,0
-34.76985,-13.997517,-150,0,0
-35.76985,-13.997517,-150,0,0
-36.76985,-13.997517,-150,0,0
-37.76985,-13.997517,-150,0,0
-38.76985,-13.997517,-150,0,0
-39.76985,-13.997517,-150,0,0
-40.76985,-13.997517,-150,0,0
-41.76985,-13.997517,-150,0,0
-42.76985,-13.997517,-150,0,0
-43.76985,-13.997517,-150,0,0
-44.76985,-13.997517,-150,0,0
-45.76985,-13.997517,-150,0,0
-46.76985,-13.997517,-150,0,0
-47.76985,-13.997517,-150,0,0
-48.76985,-13.997517,-150,0,0
-49.76985,-13.997517,-150,0,0
49.23015,-14.997517,-150,0,0
48.23015,-14.997517,-150,0,0
47.23015,-14.997517,-150,0,0
46.23015,-14.997517,-150,0,0
45.23015,-14.997517,-150,0,0
44.23015,-14.997517,-150,0,0
43.23015,-14.997517,-150,0,0
42.23015,-14.997517,-150,0,0
41.23015,-14.997517,-150,0,0
40.23015,-14.997517,-150,0,0
39.23015,-14.997517,-150,0,0
38.23015,-14.997517,-150,0,0
37.23015,-14.997517,-150,0,0
36.23015,-14.997517,-150,0,0
35.23015,-14.997517,-150,0,0
34.23015,-14.997517,-150,0,0
33.23015,-14.997517,-150,0,0
32.23015,-14.997517,-150,0,0
31.230148,-14.997517,-150,0,0
30.230148,-14.997517,-150,0,0
29.230148,-14.997517,-150,0,0
28.230148,-14.997517,-150,0,0
27.230148,-14.997517,-150,0,0
26.230148,-14.997517,-150,0,0
25.230148,-14.997517,-150,0,0
24.230148,-14.997517,-150,0,0
23.230148,-14.997517,-150,0,0
22.230148,-14.997517,-150,0,0
21.230148,-14.997517,-150,0,0
20.230148,-14.997517,-150,0,0
19.230148,-14.997517,-150,0,0
18.230148,-14.997517,-150,0,0
17.230148,-14.997517,-150,0,0
16.230148,-14.997517,-150,0,0
15.230148,-14.997517,-150,0,0
14.230148,-14.997517,-150,0,0
13.230148,-14.997517,-150,0,0
12.230148,-14.997517,-150,0,0
11.230148,-14.997517,-150,0,0
10.230148,-14.997517,-150,0,0
9.230148,-14.997517,-150,0,23.999996
8.230148,-14.997517,-150,0,35.999996
7.2301483,-14.997517,-150,0,87.99999
6.2301483,-14.997517,-150,-Infinity,99.99999
5.2301483,-14.997517,-150,0.5877804,103.99999
4.2301483,-14.997517,-150,0.609528,119.99999
3.2301483,-14.997517,-150,0.62302274,75.99999
2.2301483,-14.997517,-150,0.5836953,111.99999
1.2301483,-14.997517,-150,0.4557138,103.99999
0.23014832,-14.997517,-150,0.4208572,79.99999
-0.7698517,-14.997517,-150,0.49856403,95.99999
-1.7698517,-14.997517,-150,0.5222462,103.99999
-2.7698517,-14.997517,-150,0.43033057,111.99999
-3.7698517,-14.997517,-150,0.29076102,143.99998
-4.7698517,-14.997517,-150,0.20026314,87.99999
-5.7698517,-14.997517,-150,Infinity,107.99999
-6.7698517,-14.997517,-150,0,115.99999
-7.7698517,-14.997517,-150,0,55.999996
-8.769852,-14.997517,-150,0,35.999996
-9.769852,-14.997517,-150,0,0
-10.769852,-14.997517,-150,0,0
-11.769852,-14.997517,-150,0,0
-12.769852,-14.997517,-150,0,0
-13.769852,-14.997517,-150,0,0
-14.769852,-14.997517,-150,0,0
-15.769852,-14.997517,-150,0,0
-16.769852,-14.997517,-150,0,0
-17.769852,-14.997517,-150,0,0
-18.769852,-14.997517,-150,0,0
-19.769852,-14.997517,-150,0,0
-20.769852,-14.997517,-150,0,0
-21.769852,-14.997517,-150,0,0
-22.769852,-14.997517,-150,0,0
-23.769852,-14.997517,-150,0,0
-24.769852,-14.997517,-150,0,0
-25.769852,-14.997517,-150,0,0
-26.769852,-14.997517,-150,0,0
-27.769852,-14.997517,-150,0,0
-28.769852,-14.997517,-150,0,0
-29.769852,-14.997517,-150,0,0
-30.769852,-14.997517,-150,0,0
-31.769852,-14.997517,-150,0,0
-32.76985,-14.997517,-150,0,0
-33.76985,-14.997517,-150,0,0
-34.76985,-14.997517,-150,0,0
-35.76985,-14.997517,-150,0,0
-36.76985,-14.997517,-150,0,0
-37.76985,-14.997517,-150,0,0
-38.76985,-14.997517,-150,0,0
-39.76985,-14.997517,-150,0,0
-40.76985,-14.997517,-150,0,0
-41.76985,-14.997517,-150,0,0
-42.76985,-14.997517,-150,0,0
-43.76985,-14.997517,-150,0,0
-44.76985,-14.997517,-150,0,0
-45.76985,-14.997517,-150,0,0
-46.76985,-14.997517,-150,0,0
-47.76985,-14.997517,-150,0,0
-48.76985,-14.997517,-150,0,0
-49.76985,-14.997517,-150,0,0
49.23015,-15.997517,-150,0,0
48.23015,-15.997517,-150,0,0
47.23015,-15.997517,-150,0,0
46.23015,-15.997517,-150,0,0
45.23015,-15.997517,-150,0,0
44.23015,-15.997517,-150,0,0
43.23015,-15.997517,-150,0,0
42.23015,-15.997517,-150,0,0
41.23015,-15.997517,-150,0,0
40.23015,-15.997517,-150,0,0
39.23015,-15.997517,-150,0,0
38.23015,-15.997517,-150,0,0
37.23015,-15.997517,-150,0,0
36.23015,-15.997517,-150,0,0
35.23015,-15.997517,-150,0,0
34.23015,-15.997517,-150,0,0
33.23015,-15.997517,-150,0,0
32.23015,-15.997517,-150,0,0
31.230148,-15.997517,-150,0,0
30.230148,-15.997517,-150,0,0
29.230148,-15.997517,-150,0,0
28.230148,-15.997517,-150,0,0
27.230148,-15.997517,-150,0,0
26.230148,-15.997517,-150,0,0
25.230148,-15.997517,-150,0,0
24.230148,-15.997517,-150,0,0
23.230148,-15.997517,-150,0,0
22.230148,-15.997517,-150,0,0
21.230148,-15.997517,-150,0,0
20.230148,-15.997517,-150,0,0
19.230148,-15.997517,-150,0,0
18.230148,-15.997517,-150,0,0
17.230148,-15.997517,-150,0,0
16.230148,-15.997517,-150,0,0
15.230148,-15.997517,-150,0,0
14.230148,-15.997517,-150,0,0
13.230148,-15.997517,-150,0,0
12.230148,-15.997517,-150,0,0
11.230148,-15.997517,-150,0,0
10.230148,-15.997517,-150,0,0
9.230148,-15.997517,-150,0,0
8.230148,-15.997517,-150,0,0
7.2301483,-15.997517,-150,0,0
6.2301483,-15.997517,-150,0,31.999996
5.2301483,-15.997517,-150,0,63.999996
4.2301483,-15.997517,-150,0,71.99999
3.2301483,-15.997517,-150,0,91.99999
2.2301483,-15.997517,-150,0.5527433,123.99999
1.2301483,-15.997517,-150,0.46425483,103.99999
0.23014832,-15.997517,-150,0.45798677,115.99999
-0.7698517,-15.997517,-150,0.55701536,171.99998
-1.7698517,-15.997517,-150,0.52325714,131.99998
-2.7698517,-15.997517,-150,0,71.99999
-3.7698517,-15.997517,-150,0,83.99999
-4.7698517,-15.997517,-150,0,47.999996
-5.7698517,-15.997517,-150,0,39.999996
-6.7698517,-15.997517,-150,0,7.999998
-7.7698517,-15.997517,-150,0,0
-8.769852,-15.997517,-150,0,0
-9.769852,-15.997517,-150,0,0
-10.769852,-15.997517,-150,0,0
-11.769852,-15.997517,-150,0,0
-12.769852,-15.997517,-150,0,0
-13.769852,-15.997517,-150,0,0
-14.769852,-15.997517,-150,0,0
-15.769852,-15.997517,-150,0,0
-16.769852,-15.997517,-150,0,0
-17.769852,-15.997517,-150,0,0
-18.769852,-15.997517,-150,0,0
-19.769852,-15.997517,-150,0,0
-20.769852,-15.997517,-150,0,0
-21.769852,-15.997517,-150,0,0
-22.769852,-15.997517,-150,0,0
-23.769852,-15.997517,-150,0,0
-24.769852,-15.997517,-150,0,0
-25.769852,-15.997517,-150,0,0
-26.769852,-15.997517,-150,0,0
-27.769852,-15.997517,-150,0,0
-28.769852,-15.997517,-150,0,0
-29.769852,-15.997517,-150,0,0
-30.769852,-15.997517,-150,0,0
-31.769852,-15.997517,-150,0,0
-32.76985,-15.997517,-150,0,0
-33.76985,-15.997517,-150,0,0
-34.76985,-15.997517,-150,0,0
-35.76985,-15.997517,-150,0,0
-36.76985,-15.997517,-150,0,0
-37.76985,-15.997517,-150,0,0
-38.76985,-15.997517,-150,0,0
-39.76985,-15.997517,-150,0,0
-40.76985,-15.997517,-150,0,0
-41.76985,-15.997517,-150,0,0
-42.76985,-15.997517,-150,0,0
-43.76985,-15.997517,-150,0,0
-44.76985,-15.997517,-150,0,0
-45.76985,-15.997517,-150,0,0
-46.76985,-15.997517,-150,0,0
-47.76985,-15.997517,-150,0,0
-48.76985,-15.997517,-150,0,0
-49.76985,-15.997517,-150,0,0
49.23015,-16.997517,-150,0,0
48.23015,-16.997517,-150,0,0
47.23015,-16.997517,-150,0,0
46.23015,-16.997517,-150,0,0
45.23015,-16.997517,-150,0,0
44.23015,-16.997517,-150,0,0
43.23015,-16.997517,-150,0,0
42.23015,-16.997517,-150,0,0
41.23015,-16.997517,-150,0,0
40.23015,-16.997517,-150,0,0
39.23015,-16.997517,-150,0,0
38.23015,-16.997517,-150,0,0
37.23015,-16.997517,-150,0,0
36.23015,-16.997517,-150,0,0
35.23015,-16.997517,-150,0,0
34.23015,-16.997517,-150,0,0
33.23015,-16.997517,-150,0,0
32.23015,-16.997517,-150,0,0
31.230148,-16.997517,-150,0,0
30.230148,-16.997517,-150,0,0
29.230148,-16.997517,-150,0,0
28.230148,-16.997517,-150,0,0
27.230148,-16.997517,-150,0,0
26.230148,-16.997517,-150,0,0
25.230148,-16.997517,-150,0,0
24.230148,-16.997517,-150,0,0
23.230148,-16.997517,-150,0,0
22.230148,-16.997517,-150,0,0
21.230148,-16.997517,-150,0,0
20.230148,-16.997517,-150,0,0
19.230148,-16.997517,-150,0,0
18.230148,-16.997517,-150,0,0
17.230148,-16.997517,-150,0,0
16.230148,-16.997517,-150,0,0
15.230148,-16.997517,-150,0,0
14.230148,-16.997517,-150,0,0
13.230148,-16.997517,-150,0,0
12.230148,-16.997517,-150,0,0
11.230148,-16.997517,-150,0,0
10.230148,-16.997517,-150,0,0
9.230148,-16.997517,-150,0,0
8.230148,-16.997517,-150,0,0
7.2301483,-16.997517,-150,0,0
6.2301483,-16.997517,-150,0,0
5.2301483,-16.997517,-150,0,0
4.2301483,-16.997517,-150,0,0
3.2301483,-16.997517,-150,0,3.999999
2.2301483,-16.997517,-150,0,7.999998
1.2301483,-16.997517,-150,0,23.999996
0.23014832,-16.997517,-150,0,11.999997
-0.7698517,-16.997517,-150,0,7.999998
-1.7698517,-16.997517,-150,0,11.999997
-2.7698517,-16.997517,-150,0,3.999999
-3.7698517,-16.997517,-150,0,0
-4.7698517,-16.997517,-150,0,0
-5.7698517,-16.997517,-150,0,0
-6.7698517,-16.997517,-150,0,0
-7.7698517,-16.997517,-150,0,0
-8.769852,-16.997517,-150,0,0
-9.769852,-16.997517,-150,0,0
-10.769852,-16.997517,-150,0,0
-11.769852,-16.997517,-150,0,0
-12.769852,-16.997517,-150,0,0
-13.769852,-16.997517,-150,0,0
-14.769852,-16.997517,-150,0,0
-15.769852,-16.997517,-150,0,0
-16.769852,-16.997517,-150,0,0
-17.769852,-16.997517,-150,0,0
-18.769852,-16.997517,-150,0,0
-19.769852,-16.997517,-150,0,0
-20.769852,-16.997517,-150,0,0
-21.769852,-16.997517,-150,0,0
-22.769852,-16.997517,-150,0,0
-23.769852,-16.997517,-150,0,0
-24.769852,-16.997517,-150,0,0
-25.769852,-16.997517,-150,0,0
-26.769852,-16.997517,-150,0,0
-27.769852,-16.997517,-150,0,0
-28.769852,-16.997517,-150,0,0
-29.769852,-16.997517,-150,0,0
-30.769852,-16.997517,-150,0,0
-31.769852,-16.997517,-150,0,0
-32.76985,-16.997517,-150,0,0
-33.76985,-16.997517,-150,0,0
-34.76985,-16.997517,-150,0,0
-35.76985,-16.997517,-150,0,0
-36.76985,-16.997517,-150,0,0
-37.76985,-16.997517,-150,0,0
-38.76985,-16.997517,-150,0,0
-39.76985,-16.997517,-150,0,0
-40.76985,-16.997517,-150,0,0
-41.76985,-16.997517,-150,0,0
-42.76985,-16.997517,-150,0,0
-43.76985,-16.997517,-150,0,0
-44.76985,-16.997517,-150,0,0
-45.76985,-16.997517,-150,0,0
-46.76985,-16.997517,-150,0,0
-47.76985,-16.997517,-150,0,0
-48.76985,-16.997517,-150,0,0
-49.76985,-16.997517,-150,0,0
49.23015,-17.997517,-150,0,0
48.23015,-17.997517,-150,0,0
47.23015,-17.997517,-150,0,0
46.23015,-17.997517,-150,0,0
45.23015,-17.997517,-150,0,0
44.23015,-17.997517,-150,0,0
43.23015,-17.997517,-150,0,0
42.23015,-17.997517,-150,0,0
41.23015,-17.997517,-150,0,0
40.23015,-17.997517,-150,0,0
39.23015,-17.997517,-150,0,0
38.23015,-17.997517,-150,0,0
37.23015,-17.997517,-150,0,0
36.23015,-17.997517,-150,0,0
35.23015,-17.997517,-150,0,0
34.23015,-17.997517,-150,0,0
33.23015,-17.997517,-150,0,0
32.23015,-17.997517,-150,0,0
31.230148,-17.997517,-150,0,0
30.230148,-17.997517,-150,0,0
29.230148,-17.997517,-150,0,0
28.230148,-17.997517,-150,0,0
27.230148,-17.997517,-150,0,0
26.230148,-17.997517,-150,0,0
25.230148,-17.997517,-150,0,0
24.230148,-17.997517,-150,0,0
23.230148,-17.997517,-150,0,0
22.230148,-17.997517,-150,0,0
21.230148,-17.997517,-150,0,0
20.230148,-17.997517,-150,0,0
19.230148,-17.997517,-150,0,0
18.230148,-17.997517,-150,0,0
17.230148,-17.997517,-150,0,0
16.230148,-17.997517,-150,0,0
15.230148,-17.997517,-150,0,0
14.230148,-17.997517,-150,0,0
13.230148,-17.997517,-150,0,0
12.230148,-17.997517,-150,0,0
11.230148,-17.997517,-150,0,0
10.230148,-17.997517,-150,0,0
9.230148,-17.997517,-150,0,0
8.230148,-17.997517,-150,0,0
7.2301483,-17.997517,-150,0,0
6.2301483,-17.997517,-150,0,0
5.2301483,-17.997517,-150,0,0
4.2301483,-17.997517,-150,0,0
3.2301483,-17.997517,-150,0,0
2.2301483,-17.997517,-150,0,0
1.2301483,-17.997517,-150,0,0
0.23014832,-17.997517,-150,0,0
-0.7698517,-17.997517,-150,0,0
-1.7698517,-17.997517,-150,0,0
-2.7698517,-17.997517,-150,0,0
-3.7698517,-17.997517,-150,0,0
-4.7698517,-17.997517,-150,0,0
-5.7698517,-17.997517,-150,0,0
-6.7698517,-17.997517,-150,0,0
-7.7698517,-17.997517,-150,0,0
-8.769852,-17.997517,-150,0,0
-9.769852,-17.997517,-150,0,0
-10.769852,-17.997517,-150,0,0
-11.769852,-17.997517,-150,0,0
-12.769852,-17.997517,-150,0,0
-13.769852,-17.997517,-150,0,0
-14.769852,-17.997517,-150,0,0
-15.769852,-17.997517,-150,0,0
-16.769852,-17.997517,-150,0,0
-17.769852,-17.997517,-150,0,0
-18.769852,-17.997517,-150,0,0
-19.769852,-17.997517,-150,0,0
-20.769852,-17.997517,-150,0,0
-21.769852,-17.997517,-150,0,0
-22.769852,-17.997517,-150,0,0
-23.769852,-17.997517,-150,0,0
-24.769852,-17.997517,-150,0,0
-25.769852,-17.997517,-150,0,0
-26.769852,-17.997517,-150,0,0
-27.769852,-17.997517,-150,0,0
-28.769852,-17.997517,-150,0,0
-29.769852,-17.997517,-150,0,0
-30.769852,-17.997517,-150,0,0
-31.769852,-17.997517,-150,0,0
-32.76985,-17.997517,-150,0,0
-33.76985,-17.997517,-150,0,0
-34.76985,-17.997517,-150,0,0
-35.76985,-17.997517,-150,0,0
-36.76985,-17.997517,-150,0,0
-37.76985,-17.997517,-150,0,0
-38.76985,-17.997517,-150,0,0
-39.76985,-17.997517,-150,0,0
-40.76985,-17.997517,-150,0,0
-41.76985,-17.997517,-150,0,0
-42.76985,-17.997517,-150,0,0
-43.76985,-17.997517,-150,0,0
-44.76985,-17.997517,-150,0,0
-45.76985,-17.997517,-150,0,0
-46.76985,-17.997517,-150,0,0
-47.76985,-17.997517,-150,0,0
-48.76985,-17.997517,-150,0,0
-49.76985,-17.997517,-150,0,0
49.23015,-18.997517,-150,0,0
48.23015,-18.997517,-150,0,0
47.23015,-18.997517,-150,0,0
46.23015,-18.997517,-150,0,0
45.23015,-18.997517,-150,0,0
44.23015,-18.997517,-150,0,0
43.23015,-18.997517,-150,0,0
42.23015,-18.997517,-150,0,0
41.23015,-18.997517,-150,0,0
40.23015,-18.997517,-150,0,0
39.23015,-18.997517,-150,0,0
38.23015,-18.997517,-150,0,0
37.23015,-18.997517,-150,0,0
36.23015,-18.997517,-150,0,0
35.23015,-18.997517,-150,0,0
34.23015,-18.997517,-150,0,0
33.23015,-18.997517,-150,0,0
32.23015,-18.997517,-150,0,0
31.230148,-18.997517,-150,0,0
30.230148,-18.997517,-150,0,0
29.230148,-18.997517,-150,0,0
28.230148,-18.997517,-150,0,0
27.230148,-18.997517,-150,0,0
26.230148,-18.997517,-150,0,0
25.230148,-18.997517,-150,0,0
24.230148,-18.997517,-150,0,0
23.230148,-18.997517,-150,0,0
22.230148,-18.997517,-150,0,0
21.230148,-18.997517,-150,0,0
20.230148,-18.997517,-150,0,0
19.230148,-18.997517,-150,0,0
18.230148,-18.997517,-150,0,0
17.230148,-18.997517,-150,0,0
16.230148,-18.997517,-150,0,0
15.230148,-18.997517,-150,0,0
14.230148,-18.997517,-150,0,0
13.230148,-18.997517,-150,0,0
12.230148,-18.997517,-150,0,0
11.230148,-18.997517,-150,0,0
10.230148,-18.997517,-150,0,0
9.230148,-18.997517,-150,0,0
8.230148,-18.997517,-150,0,0
7.2301483,-18.997517,-150,0,0
6.2301483,-18.997517,-150,0,0
5.2301483,-18.997517,-150,0,0
4.2301483,-18.997517,-150,0,0
3.2301483,-18.997517,-150,0,0
2.2301483,-18.997517,-150,0,0
1.2301483,-18.997517,-150,0,0
0.23014832,-18.997517,-150,0,0
-0.7698517,-18.997517,-150,0,0
-1.7698517,-18.997517,-150,0,0
-2.7698517,-18.997517,-150,0,0
-3.7698517,-18.997517,-150,0,0
-4.7698517,-18.997517,-150,0,0
-5.7698517,-18.997517,-150,0,0
-6.7698517,-18.997517,-150,0,0
-7.7698517,-18.997517,-150,0,0
-8.769852,-18.997517,-150,0,0
-9.769852,-18.997517,-150,0,0
-10.769852,-18.997517,-150,0,0
-11.769852,-18.997517,-150,0,0
-12.769852,-18.997517,-150,0,0
-13.769852,-18.997517,-150,0,0
-14.769852,-18.997517,-150,0,0
-15.769852,-18.997517,-150,0,0
-16.769852,-18.997517,-150,0,0
-17.769852,-18.997517,-150,0,0
-18.769852,-18.997517,-150,0,0
-19.769852,-18.997517,-150,0,0
-20.769852,-18.997517,-150,0,0
-21.769852,-18.997517,-150,0,0
-22.769852,-18.997517,-150,0,0
-23.769852,-18.997517,-150,0,0
-24.769852,-18.997517,-150,0,0
-25.769852,-18.997517,-150,0,0
-26.769852,-18.997517,-150,0,0
-27.769852,-18.997517,-150,0,0
-28.769852,-18.997517,-150,0,0
-29.769852,-18.997517,-150,0,0
-30.769852,-18.997517,-150,0,0
-31.769852,-18.997517,-150,0,0
-32.76985,-18.997517,-150,0,0
-33.76985,-18.997517,-150,0,0
-34.76985,-18.997517,-150,0,0
-35.76985,-18.997517,-150,0,0
-36.76985,-18.997517,-150,0,0
-37.76985,-18.997517,-150,0,0
-38.76985,-18.997517,-150,0,0
-39.76985,-18.997517,-150,0,0
-40.76985,-18.997517,-150,0,0
-41.76985,-18.997517,-150,0,0
-42.76985,-18.997517,-150,0,0
-43.76985,-18.997517,-150,0,0
-44.76985,-18.997517,-150,0,0
-45.76985,-18.997517,-150,0,0
-46.76985,-18.997517,-150,0,0
-47.76985,-18.997517,-150,0,0
-48.76985,-18.997517,-150,0,0
-49.76985,-18.997517,-150,0,0
49.23015,-19.997517,-150,0,0
48.23015,-19.997517,-150,0,0
47.23015,-19.997517,-150,0,0
46.23015,-19.997517,-150,0,0
45.23015,-19.997517,-150,0,0
44.23015,-19.997517,-150,0,0
43.23015,-19.997517,-150,0,0
42.23015,-19.997517,-150,0,0
41.23015,-19.997517,-150,0,0
40.23015,-19.997517,-150,0,0
39.23015,-19.997517,-150,0,0
38.23015,-19.997517,-150,0,0
37.23015,-19.997517,-150,0,0
36.23015,-19.997517,-150,0,0
35.23015,-19.997517,-150,0,0
34.23015,-19.997517,-150,0,0
33.23015,-19.997517,-150,0,0
32.23015,-19.997517,-150,0,0
31.230148,-19.997517,-150,0,0
30.230148,-19.997517,-150,0,0
29.230148,-19.997517,-150,0,0
28.230148,-19.997517,-150,0,0
27.230148,-19.997517,-150,0,0
26.230148,-19.997517,-150,0,0
25.230148,-19.997517,-150,0,0
24.230148,-19.997517,-150,0,0
23.230148,-19.997517,-150,0,0
22.230148,-19.997517,-150,0,0
21.230148,-19.997517,-150,0,0
20.230148,-19.997517,-150,0,0
19.230148,-19.997517,-150,0,0
18.230148,-19.997517,-150,0,0
17.230148,-19.997517,-150,0,0
16.230148,-19.997517,-150,0,0
15.230148,-19.997517,-150,0,0
14.230148,-19.997517,-150,0,0
13.230148,-19.997517,-150,0,0
12.230148,-19.997517,-150,0,0
11.230148,-19.997517,-150,0,0
10.230148,-19.997517,-150,0,0
9.230148,-19.997517,-150,0,0
8.230148,-19.997517,-150,0,0
7.2301483,-19.997517,-150,0,0
6.2301483,-19.997517,-150,0,0
5.2301483,-19.997517,-150,0,0
4.2301483,-19.997517,-150,0,0
3.2301483,-19.997517,-150,0,0
2.2301483,-19.997517,-150,0,0
1.2301483,-19.997517,-150,0,0
0.23014832,-19.997517,-150,0,0
-0.7698517,-19.997517,-150,0,0
-1.7698517,-19.997517,-150,0,0
-2.7698517,-19.997517,-150,0,0
-3.7698517,-19.997517,-150,0,0
-4.7698517,-19.997517,-150,0,0
-5.7698517,-19.997517,-150,0,0
-6.7698517,-19.997517,-150,0,0
-7.7698517,-19.997517,-150,0,0
-8.769852,-19.997517,-150,0,0
-9.769852,-19.997517,-150,0,0
-10.769852,-19.997517,-150,0,0
-11.769852,-19.997517,-150,0,0
-12.769852,-19.997517,-150,0,0
-13.769852,-19.997517,-150,0,0
-14.769852,-19.997517,-150,0,0
-15.769852,-19.997517,-150,0,0
-16.769852,-19.997517,-150,0,0
-17.769852,-19.997517,-150,0,0
-18.769852,-19.997517,-150,0,0
-19.769852,-19.997517,-150,0,0
-20.769852,-19.997517,-150,0,0
-21.769852,-19.997517,-150,0,0
-22.769852,-19.997517,-150,0,0
-23.769852,-19.997517,-150,0,0
-24.769852,-19.997517,-150,0,0
-25.769852,-19.997517,-150,0,0
-26.769852,-19.997517,-150,0,0
-27.769852,-19.997517,-150,0,0
-28.769852,-19.997517,-150,0,0
-29.769852,-19.997517,-150,0,0
-30.769852,-19.997517,-150,0,0
-31.769852,-19.997517,-150,0,0
-32.76985,-19.997517,-150,0,0
-33.76985,-19.997517,-150,0,0
-34.76985,-19.997517,-150,0,0
-35.76985,-19.997517,-150,0,0
-36.76985,-19.997517,-150,0,0
-37.76985,-19.997517,-150,0,0
-38.76985,-19.997517,-150,0,0
-39.76985,-19.997517,-150,0,0
-40.76985,-19.997517,-150,0,0
-41.76985,-19.997517,-150,0,0
-42.76985,-19.997517,-150,0,0
-43.76985,-19.997517,-150,0,0
-44.76985,-19.997517,-150,0,0
-45.76985,-19.997517,-150,0,0
-46.76985,-19.997517,-150,0,0
-47.76985,-19.997517,-150,0,0
-48.76985,-19.997517,-150,0,0
-49.76985,-19.997517,-150,0,0
49.23015,-20.997517,-150,0,0
48.23015,-20.997517,-150,0,0
47.23015,-20.997517,-150,0,0
46.23015,-20.997517,-150,0,0
45.23015,-20.997517,-150,0,0
44.23015,-20.997517,-150,0,0
43.23015,-20.997517,-150,0,0
42.23015,-20.997517,-150,0,0
41.23015,-20.997517,-150,0,0
40.23015,-20.997517,-150,0,0
39.23015,-20.997517,-150,0,0
38.23015,-20.997517,-150,0,0
37.23015,-20.997517,-150,0,0
36.23015,-20.997517,-150,0,0
35.23015,-20.997517,-150,0,0
34.23015,-20.997517,-150,0,0
33.23015,-20.997517,-150,0,0
32.23015,-20.997517,-150,0,0
31.230148,-20.997517,-150,0,0
30.230148,-20.997517,-150,0,0
29.230148,-20.997517,-150,0,0
28.230148,-20.997517,-150,0,0
27.230148,-20.997517,-150,0,0
26.230148,-20.997517,-150,0,0
25.230148,-20.997517,-150,0,0
24.230148,-20.997517,-150,0,0
23.230148,-20.997517,-150,0,0
22.230148,-20.997517,-150,0,0
21.230148,-20.997517,-150,0,0
20.230148,-20.997517,-150,0,0
19.230148,-20.997517,-150,0,0
18.230148,-20.997517,-150,0,0
17.230148,-20.997517,-150,0,0
16.230148,-20.997517,-150,0,0
15.230148,-20.997517,-150,0,0
14.230148,-20.997517,-150,0,0
13.230148,-20.997517,-150,0,0
12.230148,-20.997517,-150,0,0
11.230148,-20.997517,-150,0,0
10.230148,-20.997517,-150,0,0
9.230148,-20.997517,-150,0,0
8.230148,-20.997517,-150,0,0
7.2301483,-20.997517,-150,0,0
6.2301483,-20.997517,-150,0,0
5.2301483,-20.997517,-150,0,0
4.2301483,-20.997517,-150,0,0
3.2301483,-20.997517,-150,0,0
2.2301483,-20.997517,-150,0,0
1.2301483,-20.997517,-150,0,0
0.23014832,-20.997517,-150,0,0
-0.7698517,-20.997517,-150,0,0
-1.7698517,-20.997517,-150,0,0
-2.7698517,-20.997517,-150,0,0
-3.7698517,-20.997517,-150,0,0
-4.7698517,-20.997517,-150,0,0
-5.7698517,-20.997517,-150,0,0
-6.7698517,-20.997517,-150,0,0
-7.7698517,-20.997517,-150,0,0
-8.769852,-20.997517,-150,0,0
-9.769852,-20.997517,-150,0,0
-10.769852,-20.997517,-150,0,0
-11.769852,-20.997517,-150,0,0
-12.769852,-20.997517,-150,0,0
-13.769852,-20.997517,-150,0,0
-14.769852,-20.997517,-150,0,0
-15.769852,-20.997517,-150,0,0
-16.769852,-20.997517,-150,0,0
-17.769852,-20.997517,-150,0,0
-18.769852,-20.997517,-150,0,0
-19.769852,-20.997517,-150,0,0
-20.769852,-20.997517,-150,0,0
-21.769852,-20.997517,-150,0,0
-22.769852,-20.997517,-150,0,0
-23.769852,-20.997517,-150,0,0
-24.769852,-20.997517,-150,0,0
-25.769852,-20.997517,-150,0,0
-26.769852,-20.997517,-150,0,0
-27.769852,-20.997517,-150,0,0
-28.769852,-20.997517,-150,0,0
-29.769852,-20.997517,-150,0,0
-30.769852,-20.997517,-150,0,0
-31.769852,-20.997517,-150,0,0
-32.76985,-20.997517,-150,0,0
-33.76985,-20.997517,-150,0,0
-34.76985,-20.997517,-150,0,0
-35.76985,-20.997517,-150,0,0
-36.76985,-20.997517,-150,0,0
-37.76985,-20.997517,-150,0,0
-38.76985,-20.997517,-150,0,0
-39.76985,-20.997517,-150,0,0
-40.76985,-20.997517,-150,0,0
-41.76985,-20.997517,-150,0,0
-42.76985,-20.997517,-150,0,0
-43.76985,-20.997517,-150,0,0
-44.76985,-20.997517,-150,0,0
-45.76985,-20.997517,-150,0,0
-46.76985,-20.997517,-150,0,0
-47.76985,-20.997517,-150,0,0
-48.76985,-20.997517,-150,0,0
-49.76985,-20.997517,-150,0,0
49.23015,-21.997517,-150,0,0
48.23015,-21.997517,-150,0,0
47.23015,-21.997517,-150,0,0
46.23015,-21.997517,-150,0,0
45.23015,-21.997517,-150,0,0
44.23015,-21.997517,-150,0,0
43.23015,-21.997517,-150,0,0
42.23015,-21.997517,-150,0,0
41.23015,-21.997517,-150,0,0
40.23015,-21.997517,-150,0,0
39.23015,-21.997517,-150,0,0
38.23015,-21.997517,-150,0,0
37.23015,-21.997517,-150,0,0
36.23015,-21.997517,-150,0,0
35.23015,-21.997517,-150,0,0
34.23015,-21.997517,-150,0,0
33.23015,-21.997517,-150,0,0
32.23015,-21.997517,-150,0,0
31.230148,-21.997517,-150,0,0
30.230148,-21.997517,-150,0,0
29.230148,-21.997517,-150,0,0
28.230148,-21.997517,-150,0,0
27.230148,-21.997517,-150,0,0
26.230148,-21.997517,-150,0,0
25.230148,-21.997517,-150,0,0
24.230148,-21.997517,-150,0,0
23.230148,-21.997517,-150,0,0
22.230148,-21.997517,-150,0,0
21.230148,-21.997517,-150,0,0
20.230148,-21.997517,-150,0,0
19.230148,-21.997517,-150,0,0
18.230148,-21.997517,-150,0,0
17.230148,-21.997517,-150,0,0
16.230148,-21.997517,-150,0,0
15.230148,-21.997517,-150,0,0
14.230148,-21.997517,-150,0,0
13.230148,-21.997517,-150,0,0
12.230148,-21.997517,-150,0,0
11.230148,-21.997517,-150,0,0
10.230148,-21.997517,-150,0,0
9.230148,-21.997517,-150,0,0
8.230148,-21.997517,-150,0,0
7.2301483,-21.997517,-150,0,0
6.2301483,-21.997517,-150,0,0
5.2301483,-21.997517,-150,0,0
4.2301483,-21.997517,-150,0,0
3.2301483,-21.997517,-150,0,0
2.2301483,-21.997517,-150,0,0
1.2301483,-21.997517,-150,0,0
0.23014832,-21.997517,-150,0,0
-0.7698517,-21.997517,-150,0,0
-1.7698517,-21.997517,-150,0,0
-2.7698517,-21.997517,-150,0,0
-3.7698517,-21.997517,-150,0,0
-4.7698517,-21.997517,-150,0,0
-5.7698517,-21.997517,-150,0,0
-6.7698517,-21.997517,-150,0,0
-7.7698517,-21.997517,-150,0,0
-8.769852,-21.997517,-150,0,0
-9.769852,-21.997517,-150,0,0
-10.769852,-21.997517,-150,0,0
-11.769852,-21.997517,-150,0,0
-12.769852,-21.997517,-150,0,0
-13.769852,-21.997517,-150,0,0
-14.769852,-21.997517,-150,0,0
-15.769852,-21.997517,-150,0,0
-16.769852,-21.997517,-150,0,0
-17.769852,-21.997517,-150,0,0
-18.769852,-21.997517,-150,0,0
-19.769852,-21.997517,-150,0,0
-20.769852,-21.997517,-150,0,0
-21.769852,-21.997517,-150,0,0
-22.769852,-21.997517,-150,0,0
-23.769852,-21.997517,-150,0,0
-24.769852,-21.997517,-150,0,0
-25.769852,-21.997517,-150,0,0
-26.769852,-21.997517,-150,0,0
-27.769852,-21.997517,-150,0,0
-28.769852,-21.997517,-150,0,0
-29.769852,-21.997517,-150,0,0
-30.769852,-21.997517,-150,0,0
-31.769852,-21.997517,-150,0,0
-32.76985,-21.997517,-150,0,0
-33.76985,-21.997517,-150,0,0
-34.76985,-21.997517,-150,0,0
-35.76985,-21.997517,-150,0,0
-36.76985,-21.997517,-150,0,0
-37.76985,-21.997517,-150,0,0
-38.76985,-21.997517,-150,0,0
-39.76985,-21.997517,-150,0,0
-40.76985,-21.997517,-150,0,0
-41.76985,-21.997517,-150,0,0
-42.76985,-21.997517,-150,0,0
-43.76985,-21.997517,-150,0,0
-44.76985,-21.997517,-150,0,0
-45.76985,-21.997517,-150,0,0
-46.76985,-21.997517,-150,0,0
-47.76985,-21.997517,-150,0,0
-48.76985,-21.997517,-150,0,0
-49.76985,-21.997517,-150,0,0
49.23015,-22.997517,-150,0,0
48.23015,-22.997517,-150,0,0
47.23015,-22.997517,-150,0,0
46.23015,-22.997517,-150,0,0
45.23015,-22.997517,-150,0,0
44.23015,-22.997517,-150,0,0
43.23015,-22.997517,-150,0,0
42.23015,-22.997517,-150,0,0
41.23015,-22.997517,-150,0,0
40.23015,-22.997517,-150,0,0
39.23015,-22.997517,-150,0,0
38.23015,-22.997517,-150,0,0
37.23015,-22.997517,-150,0,0
36.23015,-22.997517,-150,0,0
35.23015,-22.997517,-150,0,0
34.23015,-22.997517,-150,0,0
33.23015,-22.997517,-150,0,0
32.23015,-22.997517,-150,0,0
31.230148,-22.997517,-150,0,0
30.230148,-22.997517,-150,0,0
29.230148,-22.997517,-150,0,0
28.230148,-22.997517,-150,0,0
27.230148,-22.997517,-150,0,0
26.230148,-22.997517,-150,0,0
25.230148,-22.997517,-150,0,0
24.230148,-22.997517,-150,0,0
23.230148,-22.997517,-150,0,0
22.230148,-22.997517,-150,0,0
21.230148,-22.997517,-150,0,0
20.230148,-22.997517,-150,0,0
19.230148,-22.997517,-150,0,0
18.230148,-22.997517,-150,0,0
17.230148,-22.997517,-150,0,0
16.230148,-22.997517,-150,0,0
15.230148,-22.997517,-150,0,0
14.230148,-22.997517,-150,0,0
13.230148,-22.997517,-150,0,0
12.230148,-22.997517,-150,0,0
11.230148,-22.997517,-150,0,0
10.230148,-22.997517,-150,0,0
9.230148,-22.997517,-150,0,0
8.230148,-22.997517,-150,0,0
7.2301483,-22.997517,-150,0,0
6.2301483,-22.997517,-150,0,0
5.2301483,-22.997517,-150,0,0
4.2301483,-22.997517,-150,0,0
3.2301483,-22.997517,-150,0,0
2.2301483,-22.997517,-150,0,0
1.2301483,-22.997517,-150,0,0
0.23014832,-22.997517,-150,0,0
-0.7698517,-22.997517,-150,0,0
-1.7698517,-22.997517,-150,0,0
-2.7698517,-22.997517,-150,0,0
-3.7698517,-22.997517,-150,0,0
-4.7698517,-22.997517,-150,0,0
-5.7698517,-22.997517,-150,0,0
-6.7698517,-22.997517,-150,0,0
-7.7698517,-22.997517,-150,0,0
-8.769852,-22.997517,-150,0,0
-9.769852,-22.997517,-150,0,0
-10.769852,-22.997517,-150,0,0
-11.769852,-22.997517,-150,0,0
-12.769852,-22.997517,-150,0,0
-13.769852,-22.997517,-150,0,0
-14.769852,-22.997517,-150,0,0
-15.769852,-22.997517,-150,0,0
-16.769852,-22.997517,-150,0,0
-17.769852,-22.997517,-150,0,0
-18.769852,-22.997517,-150,0,0
-19.769852,-22.997517,-150,0,0
-20.769852,-22.997517,-150,0,0
-21.769852,-22.997517,-150,0,0
-22.769852,-22.997517,-150,0,0
-23.769852,-22.997517,-150,0,0
-24.769852,-22.997517,-150,0,0
-25.769852,-22.997517,-150,0,0
-26.769852,-22.997517,-150,0,0
-27.769852,-22.997517,-150,0,0
-28.769852,-22.997517,-150,0,0
-29.769852,-22.997517,-150,0,0
-30.769852,-22.997517,-150,0,0
-31.769852,-22.997517,-150,0,0
-32.76985,-22.997517,-150,0,0
-33.76985,-22.997517,-150,0,0
-34.76985,-22.997517,-150,0,0
-35.76985,-22.997517,-150,0,0
-36.76985,-22.997517,-150,0,0
-37.76985,-22.997517,-150,0,0
-38.76985,-22.997517,-150,0,0
-39.76985,-22.997517,-150,0,0
-40.76985,-22.997517,-150,0,0
-41.76985,-22.997517,-150,0,0
-42.76985,-22.997517,-150,0,0
-43.76985,-22.997517,-150,0,0
-44.76985,-22.997517,-150,0,0
-45.76985,-22.997517,-150,0,0
-46.76985,-22.997517,-150,0,0
-47.76985,-22.997517,-150,0,0
-48.76985,-22.997517,-150,0,0
-49.76985,-22.997517,-150,0,0
49.23015,-23.997517,-150,0,0
48.23015,-23.997517,-150,0,0
47.23015,-23.997517,-150,0,0
46.23015,-23.997517,-150,0,0
45.23015,-23.997517,-150,0,0
44.23015,-23.997517,-150,0,0
43.23015,-23.997517,-150,0,0
42.23015,-23.997517,-150,0,0
41.23015,-23.997517,-150,0,0
40.23015,-23.997517,-150,0,0
39.23015,-23.997517,-150,0,0
38.23015,-23.997517,-150,0,0
37.23015,-23.997517,-150,0,0
36.23015,-23.997517,-150,0,0
35.23015,-23.997517,-150,0,0
34.23015,-23.997517,-150,0,0
33.23015,-23.997517,-150,0,0
32.23015,-23.997517,-150,0,0
31.230148,-23.997517,-150,0,0
30.230148,-23.997517,-150,0,0
29.230148,-23.997517,-150,0,0
28.230148,-23.997517,-150,0,0
27.230148,-23.997517,-150,0,0
26.230148,-23.997517,-150,0,0
25.230148,-23.997517,-150,0,0
24.230148,-23.997517,-150,0,0
23.230148,-23.997517,-150,0,0
22.230148,-23.997517,-150,0,0
21.230148,-23.997517,-150,0,0
20.230148,-23.997517,-150,0,0
19.230148,-23.997517,-150,0,0
18.230148,-23.997517,-150,0,0
17.230148,-23.997517,-150,0,0
16.230148,-23.997517,-150,0,0
15.230148,-23.997517,-150,0,0
14.230148,-23.997517,-150,0,0
13.230148,-23.997517,-150,0,0
12.230148,-23.997517,-150,0,0
11.230148,-23.997517,-150,0,0
10.230148,-23.997517,-150,0,0
9.230148,-23.997517,-150,0,0
8.230148,-23.997517,-150,0,0
7.2301483,-23.997517,-150,0,0
6.2301483,-23.997517,-150,0,0
5.2301483,-23.997517,-150,0,0
4.2301483,-23.997517,-150,0,0
3.2301483,-23.997517,-150,0,0
2.2301483,-23.997517,-150,0,0
1.2301483,-23.997517,-150,0,0
0.23014832,-23.997517,-150,0,0
-0.7698517,-23.997517,-150,0,0
-1.7698517,-23.997517,-150,0,0
-2.7698517,-23.997517,-150,0,0
-3.7698517,-23.997517,-150,0,0
-4.7698517,-23.997517,-150,0,0
-5.7698517,-23.997517,-150,0,0
-6.7698517,-23.997517,-150,0,0
-7.7698517,-23.997517,-150,0,0
-8.769852,-23.997517,-150,0,0
-9.769852,-23.997517,-150,0,0
-10.769852,-23.997517,-150,0,0
-11.769852,-23.997517,-150,0,0
-12.769852,-23.997517,-150,0,0
-13.769852,-23.997517,-150,0,0
-14.769852,-23.997517,-150,0,0
-15.769852,-23.997517,-150,0,0
-16.769852,-23.997517,-150,0,0
-17.769852,-23.997517,-150,0,0
-18.769852,-23.997517,-150,0,0
-19.769852,-23.997517,-150,0,0
-20.769852,-23.997517,-150,0,0
-21.769852,-23.997517,-150,0,0
-22.769852,-23.997517,-150,0,0
-23.769852,-23.997517,-150,0,0
-24.769852,-23.997517,-150,0,0
-25.769852,-23.997517,-150,0,0
-26.769852,-23.997517,-150,0,0
-27.769852,-23.997517,-150,0,0
-28.769852,-23.997517,-150,0,0
-29.769852,-23.997517,-150,0,0
-30.769852,-23.997517,-150,0,0
-31.769852,-23.997517,-150,0,0
-32.76985,-23.997517,-150,0,0
-33.76985,-23.997517,-150,0,0
-34.76985,-23.997517,-150,0,0
-35.76985,-23.997517,-150,0,0
-36.76985,-23.997517,-150,0,0
-37.76985,-23.997517,-150,0,0
-38.76985,-23.997517,-150,0,0
-39.76985,-23.997517,-150,0,0
-40.76985,-23.997517,-150,0,0
-41.76985,-23.997517,-150,0,0
-42.76985,-23.997517,-150,0,0
-43.76985,-23.997517,-150,0,0
-44.76985,-23.997517,-150,0,0
-45.76985,-23.997517,-150,0,0
-46.76985,-23.997517,-150,0,0
-47.76985,-23.997517,-150,0,0
-48.76985,-23.997517,-150,0,0
-49.76985,-23.997517,-150,0,0
49.23015,-24.997517,-150,0,0
48.23015,-24.997517,-150,0,0
47.23015,-24.997517,-150,0,0
46.23015,-24.997517,-150,0,0
45.23015,-24.997517,-150,0,0
44.23015,-24.997517,-150,0,0
43.23015,-24.997517,-150,0,0
42.23015,-24.997517,-150,0,0
41.23015,-24.997517,-150,0,0
40.23015,-24.997517,-150,0,0
39.23015,-24.997517,-150,0,0
38.23015,-24.997517,-150,0,0
37.23015,-24.997517,-150,0,0
36.23015,-24.997517,-150,0,0
35.23015,-24.997517,-150,0,0
34.23015,-24.997517,-150,0,0
33.23015,-24.997517,-150,0,0
32.23015,-24.997517,-150,0,0
31.230148,-24.997517,-150,0,0
30.230148,-24.997517,-150,0,0
29.230148,-24.997517,-150,0,0
28.230148,-24.997517,-150,0,0
27.230148,-24.997517,-150,0,0
26.230148,-24.997517,-150,0,0
25.230148,-24.997517,-150,0,0
24.230148,-24.997517,-150,0,0
23.230148,-24.997517,-150,0,0
22.230148,-24.997517,-150,0,0
21.230148,-24.997517,-150,0,0
20.230148,-24.997517,-150,0,0
19.230148,-24.997517,-150,0,0
18.230148,-24.997517,-150,0,0
17.230148,-24.997517,-150,0,0
16.230148,-24.997517,-150,0,0
15.230148,-24.997517,-150,0,0
14.230148,-24.997517,-150,0,0
13.230148,-24.997517,-150,0,0
12.230148,-24.997517,-150,0,0
11.230148,-24.997517,-150,0,0
10.230148,-24.997517,-150,0,0
9.230148,-24.997517,-150,0,0
8.230148,-24.997517,-150,0,0
7.2301483,-24.997517,-150,0,0
6.2301483,-24.997517,-150,0,0
5.2301483,-24.997517,-150,0,0
4.2301483,-24.997517,-150,0,0
3.2301483,-24.997517,-150,0,0
2.2301483,-24.997517,-150,0,0
1.2301483,-24.997517,-150,0,0
0.23014832,-24.997517,-150,0,0
-0.7698517,-24.997517,-150,0,0
-1.7698517,-24.997517,-150,0,0
-2.7698517,-24.997517,-150,0,0
-3.7698517,-24.997517,-150,0,0
-4.7698517,-24.997517,-150,0,0
-5.7698517,-24.997517,-150,0,0
-6.7698517,-24.997517,-150,0,0
-7.7698517,-24.997517,-150,0,0
-8.769852,-24.997517,-150,0,0
-9.769852,-24.997517,-150,0,0
-10.769852,-24.997517,-150,0,0
-11.769852,-24.997517,-150,0,0
-12.769852,-24.997517,-150,0,0
-13.769852,-24.997517,-150,0,0
-14.769852,-24.997517,-150,0,0
-15.769852,-24.997517,-150,0,0
-16.769852,-24.997517,-150,0,0
-17.769852,-24.997517,-150,0,0
-18.769852,-24.997517,-150,0,0
-19.769852,-24.997517,-150,0,0
-20.769852,-24.997517,-150,0,0
-21.769852,-24.997517,-150,0,0
-22.769852,-24.997517,-150,0,0
-23.769852,-24.997517,-150,0,0
-24.769852,-24.997517,-150,0,0
-25.769852,-24.997517,-150,0,0
-26.769852,-24.997517,-150,0,0
-27.769852,-24.997517,-150,0,0
-28.769852,-24.997517,-150,0,0
-29.769852,-24.997517,-150,0,0
-30.769852,-24.997517,-150,0,0
-31.769852,-24.997517,-150,0,0
-32.76985,-24.997517,-150,0,0
-33.76985,-24.997517,-150,0,0
-34.76985,-24.997517,-150,0,0
-35.76985,-24.997517,-150,0,0
-36.76985,-24.997517,-150,0,0
-37.76985,-24.997517,-150,0,0
-38.76985,-24.997517,-150,0,0
-39.76985,-24.997517,-150,0,0
-40.76985,-24.997517,-150,0,0
-41.76985,-24.997517,-150,0,0
-42.76985,-24.997517,-150,0,0
-43.76985,-24.997517,-150,0,0
-44.76985,-24.997517,-150,0,0
-45.76985,-24.997517,-150,0,0
-46.76985,-24.997517,-150,0,0
-47.76985,-24.997517,-150,0,0
-48.76985,-24.997517,-150,0,0
-49.76985,-24.997517,-150,0,0
49.23015,-25.997517,-150,0,0
48.23015,-25.997517,-150,0,0
47.23015,-25.997517,-150,0,0
46.23015,-25.997517,-150,0,0
45.23015,-25.997517,-150,0,0
44.23015,-25.997517,-150,0,0
43.23015,-25.997517,-150,0,0
42.23015,-25.997517,-150,0,0
41.23015,-25.997517,-150,0,0
40.23015,-25.997517,-150,0,0
39.23015,-25.997517,-150,0,0
38.23015,-25.997517,-150,0,0
37.23015,-25.997517,-150,0,0
36.23015,-25.997517,-150,0,0
35.23015,-25.997517,-150,0,0
34.23015,-25.997517,-150,0,0
33.23015,-25.997517,-150,0,0
32.23015,-25.997517,-150,0,0
31.230148,-25.997517,-150,0,0
30.230148,-25.997517,-150,0,0
29.230148,-25.997517,-150,0,0
28.230148,-25.997517,-150,0,0
27.230148,-25.997517,-150,0,0
26.230148,-25.997517,-150,0,0
25.230148,-25.997517,-150,0,0
24.230148,-25.997517,-150,0,0
23.230148,-25.997517,-150,0,0
22.230148,-25.997517,-150,0,0
21.230148,-25.997517,-150,0,0
20.230148,-25.997517,-150,0,0
19.230148,-25.997517,-150,0,0
18.230148,-25.997517,-150,0,0
17.230148,-25.997517,-150,0,0
16.230148,-25.997517,-150,0,0
15.230148,-25.997517,-150,0,0
14.230148,-25.997517,-150,0,0
13.230148,-25.997517,-150,0,0
12.230148,-25.997517,-150,0,0
11.230148,-25.997517,-150,0,0
10.230148,-25.997517,-150,0,0
9.230148,-25.997517,-150,0,0
8.230148,-25.997517,-150,0,0
7.2301483,-25.997517,-150,0,0
6.2301483,-25.997517,-150,0,0
5.2301483,-25.997517,-150,0,0
4.2301483,-25.997517,-150,0,0
3.2301483,-25.997517,-150,0,0
2.2301483,-25.997517,-150,0,0
1.2301483,-25.997517,-150,0,0
0.23014832,-25.997517,-150,0,0
-0.7698517,-25.997517,-150,0,0
-1.7698517,-25.997517,-150,0,0
-2.7698517,-25.997517,-150,0,0
-3.7698517,-25.997517,-150,0,0
-4.7698517,-25.997517,-150,0,0
-5.7698517,-25.997517,-150,0,0
-6.7698517,-25.997517,-150,0,0
-7.7698517,-25.997517,-150,0,0
-8.769852,-25.997517,-150,0,0
-9.769852,-25.997517,-150,0,0
-10.769852,-25.997517,-150,0,0
-11.769852,-25.997517,-150,0,0
-12.769852,-25.997517,-150,0,0
-13.769852,-25.997517,-150,0,0
-14.769852,-25.997517,-150,0,0
-15.769852,-25.997517,-150,0,0
-16.769852,-25.997517,-150,0,0
-17.769852,-25.997517,-150,0,0
-18.769852,-25.997517,-150,0,0
-19.769852,-25.997517,-150,0,0
-20.769852,-25.997517,-150,0,0
-21.769852,-25.997517,-150,0,0
-22.769852,-25.997517,-150,0,0
-23.769852,-25.997517,-150,0,0
-24.769852,-25.997517,-150,0,0
-25.769852,-25.997517,-150,0,0
-26.769852,-25.997517,-150,0,0
-27.769852,-25.997517,-150,0,0
-28.769852,-25.997517,-150,0,0
-29.769852,-25.997517,-150,0,0
-30.769852,-25.997517,-150,0,0
-31.769852,-25.997517,-150,0,0
-32.76985,-25.997517,-150,0,0
-33.76985,-25.997517,-150,0,0
-34.76985,-25.997517,-150,0,0
-35.76985,-25.997517,-150,0,0
-36.76985,-25.997517,-150,0,0
-37.76985,-25.997517,-150,0,0
-38.76985,-25.997517,-150,0,0
-39.76985,-25.997517,-150,0,0
-40.76985,-25.997517,-150,0,0
-41.76985,-25.997517,-150,0,0
-42.76985,-25.997517,-150,0,0
-43.76985,-25.997517,-150,0,0
-44.76985,-25.997517,-150,0,0
-45.76985,-25.997517,-150,0,0
-46.76985,-25.997517,-150,0,0
-47.76985,-25.997517,-150,0,0
-48.76985,-25.997517,-150,0,0
-49.76985,-25.997517,-150,0,0
49.23015,-26.997517,-150,0,0
48.23015,-26.997517,-150,0,0
47.23015,-26.997517,-150,0,0
46.23015,-26.997517,-150,0,0
45.23015,-26.997517,-150,0,0
44.23015,-26.997517,-150,0,0
43.23015,-26.997517,-150,0,0
42.23015,-26.997517,-150,0,0
41.23015,-26.997517,-150,0,0
40.23015,-26.997517,-150,0,0
39.23015,-26.997517,-150,0,0
38.23015,-26.997517,-150,0,0
37.23015,-26.997517,-150,0,0
36.23015,-26.997517,-150,0,0
35.23015,-26.997517,-150,0,0
34.23015,-26.997517,-150,0,0
33.23015,-26.997517,-150,0,0
32.23015,-26.997517,-150,0,0
31.230148,-26.997517,-150,0,0
30.230148,-26.997517,-150,0,0
29.230148,-26.997517,-150,0,0
28.230148,-26.997517,-150,0,0
27.230148,-26.997517,-150,0,0
26.230148,-26.997517,-150,0,0
25.230148,-26.997517,-150,0,0
24.230148,-26.997517,-150,0,0
23.230148,-26.997517,-150,0,0
22.230148,-26.997517,-150,0,0
21.230148,-26.997517,-150,0,0
20.230148,-26.997517,-150,0,0
19.230148,-26.997517,-150,0,0
18.230148,-26.997517,-150,0,0
17.230148,-26.997517,-150,0,0
16.230148,-26.997517,-150,0,0
15.230148,-26.997517,-150,0,0
14.230148,-26.997517,-150,0,0
13.230148,-26.997517,-150,0,0
12.230148,-26.997517,-150,0,0
11.230148,-26.997517,-150,0,0
10.230148,-26.997517,-150,0,0
9.230148,-26.997517,-150,0,0
8.230148,-26.997517,-150,0,0
7.2301483,-26.997517,-150,0,0
6.2301483,-26.997517,-150,0,0
5.2301483,-26.997517,-150,0,0
4.2301483,-26.997517,-150,0,0
3.2301483,-26.997517,-150,0,0
2.2301483,-26.997517,-150,0,0
1.2301483,-26.997517,-150,0,0
0.23014832,-26.997517,-150,0,0
-0.7698517,-26.997517,-150,0,0
-1.7698517,-26.997517,-150,0,0
-2.7698517,-26.997517,-150,0,0
-3.7698517,-26.997517,-150,0,0
-4.7698517,-26.997517,-150,0,0
-5.7698517,-26.997517,-150,0,0
-6.7698517,-26.997517,-150,0,0
-7.7698517,-26.997517,-150,0,0
-8.769852,-26.997517,-150,0,0
-9.769852,-26.997517,-150,0,0
-10.769852,-26.997517,-150,0,0
-11.769852,-26.997517,-150,0,0
-12.769852,-26.997517,-150,0,0
-13.769852,-26.997517,-150,0,0
-14.769852,-26.997517,-150,0,0
-15.769852,-26.997517,-150,0,0
-16.769852,-26.997517,-150,0,0
-17.769852,-26.997517,-150,0,0
-18.769852,-26.997517,-150,0,0
-19.769852,-26.997517,-150,0,0
-20.769852,-26.997517,-150,0,0
-21.769852,-26.997517,-150,0,0
-22.769852,-26.997517,-150,0,0
-23.769852,-26.997517,-150,0,0
-24.769852,-26.997517,-150,0,0
-25.769852,-26.997517,-150,0,0
-26.769852,-26.997517,-150,0,0
-27.769852,-26.997517,-150,0,0
-28.769852,-26.997517,-150,0,0
-29.769852,-26.997517,-150,0,0
-30.769852,-26.997517,-150,0,0
-31.769852,-26.997517,-150,0,0
-32.76985,-26.997517,-150,0,0
-33.76985,-26.997517,-150,0,0
-34.76985,-26.997517,-150,0,0
-35.76985,-26.997517,-150,0,0
-36.76985,-26.997517,-150,0,0
-37.76985,-26.997517,-150,0,0
-38.76985,-26.997517,-150,0,0
-39.76985,-26.997517,-150,0,0
-40.76985,-26.997517,-150,0,0
-41.76985,-26.997517,-150,0,0
-42.76985,-26.997517,-150,0,0
-43.76985,-26.997517,-150,0,0
-44.76985,-26.997517,-150,0,0
-45.76985,-26.997517,-150,0,0
-46.76985,-26.997517,-150,0,0
-47.76985,-26.997517,-150,0,0
-48.76985,-26.997517,-150,0,0
-49.76985,-26.997517,-150,0,0
49.23015,-27.997517,-150,0,0
48.23015,-27.997517,-150,0,0
47.23015,-27.997517,-150,0,0
46.23015,-27.997517,-150,0,0
45.23015,-27.997517,-150,0,0
44.23015,-27.997517,-150,0,0
43.23015,-27.997517,-150,0,0
42.23015,-27.997517,-150,0,0
41.23015,-27.997517,-150,0,0
40.23015,-27.997517,-150,0,0
39.23015,-27.997517,-150,0,0
38.23015,-27.997517,-150,0,0
37.23015,-27.997517,-150,0,0
36.23015,-27.997517,-150,0,0
35.23015,-27.997517,-150,0,0
34.23015,-27.997517,-150,0,0
33.23015,-27.997517,-150,0,0
32.23015,-27.997517,-150,0,0
31.230148,-27.997517,-150,0,0
30.230148,-27.997517,-150,0,0
29.230148,-27.997517,-150,0,0
28.230148,-27.997517,-150,0,0
27.230148,-27.997517,-150,0,0
26.230148,-27.997517,-150,0,0
25.230148,-27.997517,-150,0,0
24.230148,-27.997517,-150,0,0
23.230148,-27.997517,-150,0,0
22.230148,-27.997517,-150,0,0
21.230148,-27.997517,-150,0,0
20.230148,-27.997517,-150,0,0
19.230148,-27.997517,-150,0,0
18.230148,-27.997517,-150,0,0
17.230148,-27.997517,-150,0,0
16.230148,-27.997517,-150,0,0
15.230148,-27.997517,-150,0,0
14.230148,-27.997517,-150,0,0
13.230148,-27.997517,-150,0,0
12.230148,-27.997517,-150,0,0
11.230148,-27.997517,-150,0,0
10.230148,-27.997517,-150,0,0
9.230148,-27.997517,-150,0,0
8.230148,-27.997517,-150,0,0
7.2301483,-27.997517,-150,0,0
6.2301483,-27.997517,-150,0,0
5.2301483,-27.997517,-150,0,0
4.2301483,-27.997517,-150,0,0
3.2301483,-27.997517,-150,0,0
2.2301483,-27.997517,-150,0,0
1.2301483,-27.997517,-150,0,0
0.23014832,-27.997517,-150,0,0
-0.7698517,-27.997517,-150,0,0
-1.7698517,-27.997517,-150,0,0
-2.7698517,-27.997517,-150,0,0
-3.7698517,-27.997517,-150,0,0
-4.7698517,-27.997517,-150,0,0
-5.7698517,-27.997517,-150,0,0
-6.7698517,-27.997517,-150,0,0
-7.7698517,-27.997517,-150,0,0
-8.769852,-27.997517,-150,0,0
-9.769852,-27.997517,-150,0,0
-10.769852,-27.997517,-150,0,0
-11.769852,-27.997517,-150,0,0
-12.769852,-27.997517,-150,0,0
-13.769852,-27.997517,-150,0,0
-14.769852,-27.997517,-150,0,0
-15.769852,-27.997517,-150,0,0
-16.769852,-27.997517,-150,0,0
-17.769852,-27.997517,-150,0,0
-18.769852,-27.997517,-150,0,0
-19.769852,-27.997517,-150,0,0
-20.769852,-27.997517,-150,0,0
-21.769852,-27.997517,-150,0,0
-22.769852,-27.997517,-150,0,0
-23.769852,-27.997517,-150,0,0
-24.769852,-27.997517,-150,0,0
-25.769852,-27.997517,-150,0,0
-26.769852,-27.997517,-150,0,0
-27.769852,-27.997517,-150,0,0
-28.769852,-27.997517,-150,0,0
-29.769852,-27.997517,-150,0,0
-30.769852,-27.997517,-150,0,0
-31.769852,-27.997517,-150,0,0
-32.76985,-27.997517,-150,0,0
-33.76985,-27.997517,-150,0,0
-34.76985,-27.997517,-150,0,0
-35.76985,-27.997517,-150,0,0
-36.76985,-27.997517,-150,0,0
-37.76985,-27.997517,-150,0,0
-38.76985,-27.997517,-150,0,0
-39.76985,-27.997517,-150,0,0
-40.76985,-27.997517,-150,0,0
-41.76985,-27.997517,-150,0,0
-42.76985,-27.997517,-150,0,0
-43.76985,-27.997517,-150,0,0
-44.76985,-27.997517,-150,0,0
-45.76985,-27.997517,-150,0,0
-46.76985,-27.997517,-150,0,0
-47.76985,-27.997517,-150,0,0
-48.76985,-27.997517,-150,0,0
-49.76985,-27.997517,-150,0,0
49.23015,-28.997517,-150,0,0
48.23015,-28.997517,-150,0,0
47.23015,-28.997517,-150,0,0
46.23015,-28.997517,-150,0,0
45.23015,-28.997517,-150,0,0
44.23015,-28.997517,-150,0,0
43.23015,-28.997517,-150,0,0
42.23015,-28.997517,-150,0,0
41.23015,-28.997517,-150,0,0
40.23015,-28.997517,-150,0,0
39.23015,-28.997517,-150,0,0
38.23015,-28.997517,-150,0,0
37.23015,-28.997517,-150,0,0
36.23015,-28.997517,-150,0,0
35.23015,-28.997517,-150,0,0
34.23015,-28.997517,-150,0,0
33.23015,-28.997517,-150,0,0
32.23015,-28.997517,-150,0,0
31.230148,-28.997517,-150,0,0
30.230148,-28.997517,-150,0,0
29.230148,-28.997517,-150,0,0
28.230148,-28.997517,-150,0,0
27.230148,-28.997517,-150,0,0
26.230148,-28.997517,-150,0,0
25.230148,-28.997517,-150,0,0
24.230148,-28.997517,-150,0,0
23.230148,-28.997517,-150,0,0
22.230148,-28.997517,-150,0,0
21.230148,-28.997517,-150,0,0
20.230148,-28.997517,-150,0,0
19.230148,-28.997517,-150,0,0
18.230148,-28.997517,-150,0,0
17.230148,-28.997517,-150,0,0
16.230148,-28.997517,-150,0,0
15.230148,-28.997517,-150,0,0
14.230148,-28.997517,-150,0,0
13.230148,-28.997517,-150,0,0
12.230148,-28.997517,-150,0,0
11.230148,-28.997517,-150,0,0
10.230148,-28.997517,-150,0,0
9.230148,-28.997517,-150,0,0
8.230148,-28.997517,-150,0,0
7.2301483,-28.997517,-150,0,0
6.2301483,-28.997517,-150,0,0
5.2301483,-28.997517,-150,0,0
4.2301483,-28.997517,-150,0,0
3.2301483,-28.997517,-150,0,0
2.2301483,-28.997517,-150,0,0
1.2301483,-28.997517,-150,0,0
0.23014832,-28.997517,-150,0,0
-0.7698517,-28.997517,-150,0,0
-1.7698517,-28.997517,-150,0,0
-2.7698517,-28.997517,-150,0,0
-3.7698517,-28.997517,-150,0,0
-4.7698517,-28.997517,-150,0,0
-5.7698517,-28.997517,-150,0,0
-6.7698517,-28.997517,-150,0,0
-7.7698517,-28.997517,-150,0,0
-8.769852,-28.997517,-150,0,0
-9.769852,-28.997517,-150,0,0
-10.769852,-28.997517,-150,0,0
-11.769852,-28.997517,-150,0,0
-12.769852,-28.997517,-150,0,0
-13.769852,-28.997517,-150,0,0
-14.769852,-28.997517,-150,0,0
-15.769852,-28.997517,-150,0,0
-16.769852,-28.997517,-150,0,0
-17.769852,-28.997517,-150,0,0
-18.769852,-28.997517,-150,0,0
-19.769852,-28.997517,-150,0,0
-20.769852,-28.997517,-150,0,0
-21.769852,-28.997517,-150,0,0
-22.769852,-28.997517,-150,0,0
-23.769852,-28.997517,-150,0,0
-24.769852,-28.997517,-150,0,0
-25.769852,-28.997517,-150,0,0
-26.769852,-28.997517,-150,0,0
-27.769852,-28.997517,-150,0,0
-28.769852,-28.997517,-150,0,0
-29.769852,-28.997517,-150,0,0
-30.769852,-28.997517,-150,0,0
-31.769852,-28.997517,-150,0,0
-32.76985,-28.997517,-150,0,0
-33.76985,-28.997517,-150,0,0
-34.76985,-28.997517,-150,0,0
-35.76985,-28.997517,-150,0,0
-36.76985,-28.997517,-150,0,0
-37.76985,-28.997517,-150,0,0
-38.76985,-28.997517,-150,0,0
-39.76985,-28.997517,-150,0,0
-40.76985,-28.997517,-150,0,0
-41.76985,-28.997517,-150,0,0
-42.76985,-28.997517,-150,0,0
-43.76985,-28.997517,-150,0,0
-44.76985,-28.997517,-150,0,0
-45.76985,-28.997517,-150,0,0
-46.76985,-28.997517,-150,0,0
-47.76985,-28.997517,-150,0,0
-48.76985,-28.997517,-150,0,0
-49.76985,-28.997517,-150,0,0
49.23015,-29.997517,-150,0,0
48.23015,-29.997517,-150,0,0
47.23015,-29.997517,-150,0,0
46.23015,-29.997517,-150,0,0
45.23015,-29.997517,-150,0,0
44.23015,-29.997517,-150,0,0
43.23015,-29.997517,-150,0,0
42.23015,-29.997517,-150,0,0
41.23015,-29.997517,-150,0,0
40.23015,-29.997517,-150,0,0
39.23015,-29.997517,-150,0,0
38.23015,-29.997517,-150,0,0
37.23015,-29.997517,-150,0,0
36.23015,-29.997517,-150,0,0
35.23015,-29.997517,-150,0,0
34.23015,-29.997517,-150,0,0
33.23015,-29.997517,-150,0,0
32.23015,-29.997517,-150,0,0
31.230148,-29.997517,-150,0,0
30.230148,-29.997517,-150,0,0
29.230148,-29.997517,-150,0,0
28.230148,-29.997517,-150,0,0
27.230148,-29.997517,-150,0,0
26.230148,-29.997517,-150,0,0
25.230148,-29.997517,-150,0,0
24.230148,-29.997517,-150,0,0
23.230148,-29.997517,-150,0,0
22.230148,-29.997517,-150,0,0
21.230148,-29.997517,-150,0,0
20.230148,-29.997517,-150,0,0
19.230148,-29.997517,-150,0,0
18.230148,-29.997517,-150,0,0
17.230148,-29.997517,-150,0,0
16.230148,-29.997517,-150,0,0
15.230148,-29.997517,-150,0,0
14.230148,-29.997517,-150,0,0
13.230148,-29.997517,-150,0,0
12.230148,-29.997517,-150,0,0
11.230148,-29.997517,-150,0,0
10.230148,-29.997517,-150,0,0
9.230148,-29.997517,-150,0,0
8.230148,-29.997517,-150,0,0
7.2301483,-29.997517,-150,0,0
6.2301483,-29.997517,-150,0,0
5.2301483,-29.997517,-150,0,0
4.2301483,-29.997517,-150,0,0
3.2301483,-29.997517,-150,0,0
2.2301483,-29.997517,-150,0,0
1.2301483,-29.997517,-150,0,0
0.23014832,-29.997517,-150,0,0
-0.7698517,-29.997517,-150,0,0
-1.7698517,-29.997517,-150,0,0
-2.7698517,-29.997517,-150,0,0
-3.7698517,-29.997517,-150,0,0
-4.7698517,-29.997517,-150,0,0
-5.7698517,-29.997517,-150,0,0
-6.7698517,-29.997517,-150,0,0
-7.7698517,-29.997517,-150,0,0
-8.769852,-29.997517,-150,0,0
-9.769852,-29.997517,-150,0,0
-10.769852,-29.997517,-150,0,0
-11.769852,-29.997517,-150,0,0
-12.769852,-29.997517,-150,0,0
-13.769852,-29.997517,-150,0,0
-14.769852,-29.997517,-150,0,0
-15.769852,-29.997517,-150,0,0
-16.769852,-29.997517,-150,0,0
-17.769852,-29.997517,-150,0,0
-18.769852,-29.997517,-150,0,0
-19.769852,-29.997517,-150,0,0
-20.769852,-29.997517,-150,0,0
-21.769852,-29.997517,-150,0,0
-22.769852,-29.997517,-150,0,0
-23.769852,-29.997517,-150,0,0
-24.769852,-29.997517,-150,0,0
-25.769852,-29.997517,-150,0,0
-26.769852,-29.997517,-150,0,0
-27.769852,-29.997517,-150,0,0
-28.769852,-29.997517,-150,0,0
-29.769852,-29.997517,-150,0,0
-30.769852,-29.997517,-150,0,0
-31.769852,-29.997517,-150,0,0
-32.76985,-29.997517,-150,0,0
-33.76985,-29.997517,-150,0,0
-34.76985,-29.997517,-150,0,0
-35.76985,-29.997517,-150,0,0
-36.76985,-29.997517,-150,0,0
-37.76985,-29.997517,-150,0,0
-38.76985,-29.997517,-150,0,0
-39.76985,-29.997517,-150,0,0
-40.76985,-29.997517,-150,0,0
-41.76985,-29.997517,-150,0,0
-42.76985,-29.997517,-150,0,0
-43.76985,-29.997517,-150,0,0
-44.76985,-29.997517,-150,0,0
-45.76985,-29.997517,-150,0,0
-46.76985,-29.997517,-150,0,0
-47.76985,-29.997517,-150,0,0
-48.76985,-29.997517,-150,0,0
-49.76985,-29.997517,-150,0,0
49.23015,-30.997517,-150,0,0
48.23015,-30.997517,-150,0,0
47.23015,-30.997517,-150,0,0
46.23015,-30.997517,-150,0,0
45.23015,-30.997517,-150,0,0
44.23015,-30.997517,-150,0,0
43.23015,-30.997517,-150,0,0
42.23015,-30.997517,-150,0,0
41.23015,-30.997517,-150,0,0
40.23015,-30.997517,-150,0,0
39.23015,-30.997517,-150,0,0
38.23015,-30.997517,-150,0,0
37.23015,-30.997517,-150,0,0
36.23015,-30.997517,-150,0,0
35.23015,-30.997517,-150,0,0
34.23015,-30.997517,-150,0,0
33.23015,-30.997517,-150,0,0
32.23015,-30.997517,-150,0,0
31.230148,-30.997517,-150,0,0
30.230148,-30.997517,-150,0,0
29.230148,-30.997517,-150,0,0
28.230148,-30.997517,-150,0,0
27.230148,-30.997517,-150,0,0
26.230148,-30.997517,-150,0,0
25.230148,-30.997517,-150,0,0
24.230148,-30.997517,-150,0,0
23.230148,-30.997517,-150,0,0
22.230148,-30.997517,-150,0,0
21.230148,-30.997517,-150,0,0
20.230148,-30.997517,-150,0,0
19.230148,-30.997517,-150,0,0
18.230148,-30.997517,-150,0,0
17.230148,-30.997517,-150,0,0
16.230148,-30.997517,-150,0,0
15.230148,-30.997517,-150,0,0
14.230148,-30.997517,-150,0,0
13.230148,-30.997517,-150,0,0
12.230148,-30.997517,-150,0,0
11.230148,-30.997517,-150,0,0
10.230148,-30.997517,-150,0,0
9.230148,-30.997517,-150,0,0
8.230148,-30.997517,-150,0,0
7.2301483,-30.997517,-150,0,0
6.2301483,-30.997517,-150,0,0
5.2301483,-30.997517,-150,0,0
4.2301483,-30.997517,-150,0,0
3.2301483,-30.997517,-150,0,0
2.2301483,-30.997517,-150,0,0
1.2301483,-30.997517,-150,0,0
0.23014832,-30.997517,-150,0,0
-0.7698517,-30.997517,-150,0,0
-1.7698517,-30.997517,-150,0,0
-2.7698517,-30.997517,-150,0,0
-3.7698517,-30.997517,-150,0,0
-4.7698517,-30.997517,-150,0,0
-5.7698517,-30.997517,-150,0,0
-6.7698517,-30.997517,-150,0,0
-7.7698517,-30.997517,-150,0,0
-8.769852,-30.997517,-150,0,0
-9.769852,-30.997517,-150,0,0
-10.769852,-30.997517,-150,0,0
-11.769852,-30.997517,-150,0,0
-12.769852,-30.997517,-150,0,0
-13.769852,-30.997517,-150,0,0
-14.769852,-30.997517,-150,0,0
-15.769852,-30.997517,-150,0,0
-16.769852,-30.997517,-150,0,0
-17.769852,-30.997517,-150,0,0
-18.769852,-30.997517,-150,0,0
-19.769852,-30.997517,-150,0,0
-20.769852,-30.997517,-150,0,0
-21.769852,-30.997517,-150,0,0
-22.769852,-30.997517,-150,0,0
-23.769852,-30.997517,-150,0,0
-24.769852,-30.997517,-150,0,0
-25.769852,-30.997517,-150,0,0
-26.769852,-30.997517,-150,0,0
-27.769852,-30.997517,-150,0,0
-28.769852,-30.997517,-150,0,0
-29.769852,-30.997517,-150,0,0
-30.769852,-30.997517,-150,0,0
-31.769852,-30.997517,-150,0,0
-32.76985,-30.997517,-150,0,0
-33.76985,-30.997517,-150,0,0
-34.76985,-30.997517,-150,0,0
-35.76985,-30.997517,-150,0,0
-36.76985,-30.997517,-150,0,0
-37.76985,-30.997517,-150,0,0
-38.76985,-30.997517,-150,0,0
-39.76985,-30.997517,-150,0,0
-40.76985,-30.997517,-150,0,0
-41.76985,-30.997517,-150,0,0
-42.76985,-30.997517,-150,0,0
-43.76985,-30.997517,-150,0,0
-44.76985,-30.997517,-150,0,0
-45.76985,-30.997517,-150,0,0
-46.76985,-30.997517,-150,0,0
-47.76985,-30.997517,-150,0,0
-48.76985,-30.997517,-150,0,0
-49.76985,-30.997517,-150,0,0
49.23015,-31.997517,-150,0,0
48.23015,-31.997517,-150,0,0
47.23015,-31.997517,-150,0,0
46.23015,-31.997517,-150,0,0
45.23015,-31.997517,-150,0,0
44.23015,-31.997517,-150,0,0
43.23015,-31.997517,-150,0,0
42.23015,-31.997517,-150,0,0
41.23015,-31.997517,-150,0,0
40.23015,-31.997517,-150,0,0
39.23015,-31.997517,-150,0,0
38.23015,-31.997517,-150,0,0
37.23015,-31.997517,-150,0,0
36.23015,-31.997517,-150,0,0
35.23015,-31.997517,-150,0,0
34.23015,-31.997517,-150,0,0
33.23015,-31.997517,-150,0,0
32.23015,-31.997517,-150,0,0
31.230148,-31.997517,-150,0,0
30.230148,-31.997517,-150,0,0
29.230148,-31.997517,-150,0,0
28.230148,-31.997517,-150,0,0
27.230148,-31.997517,-150,0,0
26.230148,-31.997517,-150,0,0
25.230148,-31.997517,-150,0,0
24.230148,-31.997517,-150,0,0
23.230148,-31.997517,-150,0,0
22.230148,-31.997517,-150,0,0
21.230148,-31.997517,-150,0,0
20.230148,-31.997517,-150,0,0
19.230148,-31.997517,-150,0,0
18.230148,-31.997517,-150,0,0
17.230148,-31.997517,-150,0,0
16.230148,-31.997517,-150,0,0
15.230148,-31.997517,-150,0,0
14.230148,-31.997517,-150,0,0
13.230148,-31.997517,-150,0,0
12.230148,-31.997517,-150,0,0
11.230148,-31.997517,-150,0,0
10.230148,-31.997517,-150,0,0
9.230148,-31.997517,-150,0,0
8.230148,-31.997517,-150,0,0
7.2301483,-31.997517,-150,0,0
6.2301483,-31.997517,-150,0,0
5.2301483,-31.997517,-150,0,0
4.2301483,-31.997517,-150,0,0
3.2301483,-31.997517,-150,0,0
2.2301483,-31.997517,-150,0,0
1.2301483,-31.997517,-150,0,0
0.23014832,-31.997517,-150,0,0
-0.7698517,-31.997517,-150,0,0
-1.7698517,-31.997517,-150,0,0
-2.7698517,-31.997517,-150,0,0
-3.7698517,-31.997517,-150,0,0
-4.7698517,-31.997517,-150,0,0
-5.7698517,-31.997517,-150,0,0
-6.7698517,-31.997517,-150,0,0
-7.7698517,-31.997517,-150,0,0
-8.769852,-31.997517,-150,0,0
-9.769852,-31.997517,-150,0,0
-10.769852,-31.997517,-150,0,0
-11.769852,-31.997517,-150,0,0
-12.769852,-31.997517,-150,0,0
-13.769852,-31.997517,-150,0,0
-14.769852,-31.997517,-150,0,0
-15.769852,-31.997517,-150,0,0
-16.769852,-31.997517,-150,0,0
-17.769852,-31.997517,-150,0,0
-18.769852,-31.997517,-150,0,0
-19.769852,-31.997517,-150,0,0
-20.769852,-31.997517,-150,0,0
-21.769852,-31.997517,-150,0,0
-22.769852,-31.997517,-150,0,0
-23.769852,-31.997517,-150,0,0
-24.769852,-31.997517,-150,0,0
-25.769852,-31.997517,-150,0,0
-26.769852,-31.997517,-150,0,0
-27.769852,-31.997517,-150,0,0
-28.769852,-31.997517,-150,0,0
-29.769852,-31.997517,-150,0,0
-30.769852,-31.997517,-150,0,0
-31.769852,-31.997517,-150,0,0
-32.76985,-31.997517,-150,0,0
-33.76985,-31.997517,-150,0,0
-34.76985,-31.997517,-150,0,0
-35.76985,-31.997517,-150,0,0
-36.76985,-31.997517,-150,0,0
-37.76985,-31.997517,-150,0,0
-38.76985,-31.997517,-150,0,0
-39.76985,-31.997517,-150,0,0
-40.76985,-31.997517,-150,0,0
-41.76985,-31.997517,-150,0,0
-42.76985,-31.997517,-150,0,0
-43.76985,-31.997517,-150,0,0
-44.76985,-31.997517,-150,0,0
-45.76985,-31.997517,-150,0,0
-46.76985,-31.997517,-150,0,0
-47.76985,-31.997517,-150,0,0
-48.76985,-31.997517,-150,0,0
-49.76985,-31.997517,-150,0,0
49.23015,-32.997517,-150,0,0
48.23015,-32.997517,-150,0,0
47.23015,-32.997517,-150,0,0
46.23015,-32.997517,-150,0,0
45.23015,-32.997517,-150,0,0
44.23015,-32.997517,-150,0,0
43.23015,-32.997517,-150,0,0
42.23015,-32.997517,-150,0,0
41.23015,-32.997517,-150,0,0
40.23015,-32.997517,-150,0,0
39.23015,-32.997517,-150,0,0
38.23015,-32.997517,-150,0,0
37.23015,-32.997517,-150,0,0
36.23015,-32.997517,-150,0,0
35.23015,-32.997517,-150,0,0
34.23015,-32.997517,-150,0,0
33.23015,-32.997517,-150,0,0
32.23015,-32.997517,-150,0,0
31.230148,-32.997517,-150,0,0
30.230148,-32.997517,-150,0,0
29.230148,-32.997517,-150,0,0
28.230148,-32.997517,-150,0,0
27.230148,-32.997517,-150,0,0
26.230148,-32.997517,-150,0,0
25.230148,-32.997517,-150,0,0
24.230148,-32.997517,-150,0,0
23.230148,-32.997517,-150,0,0
22.230148,-32.997517,-150,0,0
21.230148,-32.997517,-150,0,0
20.230148,-32.997517,-150,0,0
19.230148,-32.997517,-150,0,0
18.230148,-32.997517,-150,0,0
17.230148,-32.997517,-150,0,0
16.230148,-32.997517,-150,0,0
15.230148,-32.997517,-150,0,0
14.230148,-32.997517,-150,0,0
13.230148,-32.997517,-150,0,0
12.230148,-32.997517,-150,0,0
11.230148,-32.997517,-150,0,0
10.230148,-32.997517,-150,0,0
9.230148,-32.997517,-150,0,0
8.230148,-32.997517,-150,0,0
7.2301483,-32.997517,-150,0,0
6.2301483,-32.997517,-150,0,0
5.2301483,-32.997517,-150,0,0
4.2301483,-32.997517,-150,0,0
3.2301483,-32.997517,-150,0,0
2.2301483,-32.997517,-150,0,0
1.2301483,-32.997517,-150,0,0
0.23014832,-32.997517,-150,0,0
-0.7698517,-32.997517,-150,0,0
-1.7698517,-32.997517,-150,0,0
-2.7698517,-32.997517,-150,0,0
-3.7698517,-32.997517,-150,0,0
-4.7698517,-32.997517,-150,0,0
-5.7698517,-32.997517,-150,0,0
-6.7698517,-32.997517,-150,0,0
-7.7698517,-32.997517,-150,0,0
-8.769852,-32.997517,-150,0,0
-9.769852,-32.997517,-150,0,0
-10.769852,-32.997517,-150,0,0
-11.769852,-32.997517,-150,0,0
-12.769852,-32.997517,-150,0,0
-13.769852,-32.997517,-150,0,0
-14.769852,-32.997517,-150,0,0
-15.769852,-32.997517,-150,0,0
-16.769852,-32.997517,-150,0,0
-17.769852,-32.997517,-150,0,0
-18.769852,-32.997517,-150,0,0
-19.769852,-32.997517,-150,0,0
-20.769852,-32.997517,-150,0,0
-21.769852,-32.997517,-150,0,0
-22.769852,-32.997517,-150,0,0
-23.769852,-32.997517,-150,0,0
-24.769852,-32.997517,-150,0,0
-25.769852,-32.997517,-150,0,0
-26.769852,-32.997517,-150,0,0
-27.769852,-32.997517,-150,0,0
-28.769852,-32.997517,-150,0,0
-29.769852,-32.997517,-150,0,0
-30.769852,-32.997517,-150,0,0
-31.769852,-32.997517,-150,0,0
-32.76985,-32.997517,-150,0,0
-33.76985,-32.997517,-150,0,0
-34.76985,-32.997517,-150,0,0
-35.76985,-32.997517,-150,0,0
-36.76985,-32.997517,-150,0,0
-37.76985,-32.997517,-150,0,0
-38.76985,-32.997517,-150,0,0
-39.76985,-32.997517,-150,0,0
-40.76985,-32.997517,-150,0,0
-41.76985,-32.997517,-150,0,0
-42.76985,-32.997517,-150,0,0
-43.76985,-32.997517,-150,0,0
-44.76985,-32.997517,-150,0,0
-45.76985,-32.997517,-150,0,0
-46.76985,-32.997517,-150,0,0
-47.76985,-32.997517,-150,0,0
-48.76985,-32.997517,-150,0,0
-49.76985,-32.997517,-150,0,0
49.23015,-33.997517,-150,0,0
48.23015,-33.997517,-150,0,0
47.23015,-33.997517,-150,0,0
46.23015,-33.997517,-150,0,0
45.23015,-33.997517,-150,0,0
44.23015,-33.997517,-150,0,0
43.23015,-33.997517,-150,0,0
42.23015,-33.997517,-150,0,0
41.23015,-33.997517,-150,0,0
40.23015,-33.997517,-150,0,0
39.23015,-33.997517,-150,0,0
38.23015,-33.997517,-150,0,0
37.23015,-33.997517,-150,0,0
36.23015,-33.997517,-150,0,0
35.23015,-33.997517,-150,0,0
34.23015,-33.997517,-150,0,0
33.23015,-33.997517,-150,0,0
32.23015,-33.997517,-150,0,0
31.230148,-33.997517,-150,0,0
30.230148,-33.997517,-150,0,0
29.230148,-33.997517,-150,0,0
28.230148,-33.997517,-150,0,0
27.230148,-33.997517,-150,0,0
26.230148,-33.997517,-150,0,0
25.230148,-33.997517,-150,0,0
24.230148,-33.997517,-150,0,0
23.230148,-33.997517,-150,0,0
22.230148,-33.997517,-150,0,0
21.230148,-33.997517,-150,0,0
20.230148,-33.997517,-150,0,0
19.230148,-33.997517,-150,0,0
18.230148,-33.997517,-150,0,0
17.230148,-33.997517,-150,0,0
16.230148,-33.997517,-150,0,0
15.230148,-33.997517,-150,0,0
14.230148,-33.997517,-150,0,0
13.230148,-33.997517,-150,0,0
12.230148,-33.997517,-150,0,0
11.230148,-33.997517,-150,0,0
10.230148,-33.997517,-150,0,0
9.230148,-33.997517,-150,0,0
8.230148,-33.997517,-150,0,0
7.2301483,-33.997517,-150,0,0
6.2301483,-33.997517,-150,0,0
5.2301483,-33.997517,-150,0,0
4.2301483,-33.997517,-150,0,0
3.2301483,-33.997517,-150,0,0
2.2301483,-33.997517,-150,0,0
1.2301483,-33.997517,-150,0,0
0.23014832,-33.997517,-150,0,0
-0.7698517,-33.997517,-150,0,0
-1.7698517,-33.997517,-150,0,0
-2.7698517,-33.997517,-150,0,0
-3.7698517,-33.997517,-150,0,0
-4.7698517,-33.997517,-150,0,0
-5.7698517,-33.997517,-150,0,0
-6.7698517,-33.997517,-150,0,0
-7.7698517,-33.997517,-150,0,0
-8.769852,-33.997517,-150,0,0
-9.769852,-33.997517,-150,0,0
-10.769852,-33.997517,-150,0,0
-11.769852,-33.997517,-150,0,0
-12.769852,-33.997517,-150,0,0
-13.769852,-33.997517,-150,0,0
-14.769852,-33.997517,-150,0,0
-15.769852,-33.997517,-150,0,0
-16.769852,-33.997517,-150,0,0
-17.769852,-33.997517,-150,0,0
-18.769852,-33.997517,-150,0,0
-19.769852,-33.997517,-150,0,0
-20.769852,-33.997517,-150,0,0
-21.769852,-33.997517,-150,0,0
-22.769852,-33.997517,-150,0,0
-23.769852,-33.997517,-150,0,0
-24.769852,-33.997517,-150,0,0
-25.769852,-33.997517,-150,0,0
-26.769852,-33.997517,-150,0,0
-27.769852,-33.997517,-150,0,0
-28.769852,-33.997517,-150,0,0
-29.769852,-33.997517,-150,0,0
-30.769852,-33.997517,-150,0,0
-31.769852,-33.997517,-150,0,0
-32.76985,-33.997517,-150,0,0
-33.76985,-33.997517,-150,0,0
-34.76985,-33.997517,-150,0,0
-35.76985,-33.997517,-150,0,0
-36.76985,-33.997517,-150,0,0
-37.76985,-33.997517,-150,0,0
-38.76985,-33.997517,-150,0,0
-39.76985,-33.997517,-150,0,0
-40.76985,-33.997517,-150,0,0
-41.76985,-33.997517,-150,0,0
-42.76985,-33.997517,-150,0,0
-43.76985,-33.997517,-150,0,0
-44.76985,-33.997517,-150,0,0
-45.76985,-33.997517,-150,0,0
-46.76985,-33.997517,-150,0,0
-47.76985,-33.997517,-150,0,0
-48.76985,-33.997517,-150,0,0
-49.76985,-33.997517,-150,0,0
49.23015,-34.997517,-150,0,0
48.23015,-34.997517,-150,0,0
47.23015,-34.997517,-150,0,0
46.23015,-34.997517,-150,0,0
45.23015,-34.997517,-150,0,0
44.23015,-34.997517,-150,0,0
43.23015,-34.997517,-150,0,0
42.23015,-34.997517,-150,0,0
41.23015,-34.997517,-150,0,0
40.23015,-34.997517,-150,0,0
39.23015,-34.997517,-150,0,0
38.23015,-34.997517,-150,0,0
37.23015,-34.997517,-150,0,0
36.23015,-34.997517,-150,0,0
35.23015,-34.997517,-150,0,0
34.23015,-34.997517,-150,0,0
33.23015,-34.997517,-150,0,0
32.23015,-34.997517,-150,0,0
31.230148,-34.997517,-150,0,0
30.230148,-34.997517,-150,0,0
29.230148,-34.997517,-150,0,0
28.230148,-34.997517,-150,0,0
27.230148,-34.997517,-150,0,0
26.230148,-34.997517,-150,0,0
25.230148,-34.997517,-150,0,0
24.230148,-34.997517,-150,0,0
23.230148,-34.997517,-150,0,0
22.230148,-34.997517,-150,0,0
21.230148,-34.997517,-150,0,0
20.230148,-34.997517,-150,0,0
19.230148,-34.997517,-150,0,0
18.230148,-34.997517,-150,0,0
17.230148,-34.997517,-150,0,0
16.230148,-34.997517,-150,0,0
15.230148,-34.997517,-150,0,0
14.230148,-34.997517,-150,0,0
13.230148,-34.997517,-150,0,0
12.230148,-34.997517,-150,0,0
11.230148,-34.997517,-150,0,0
10.230148,-34.997517,-150,0,0
9.230148,-34.997517,-150,0,0
8.230148,-34.997517,-150,0,0
7.2301483,-34.997517,-150,0,0
6.2301483,-34.997517,-150,0,0
5.2301483,-34.997517,-150,0,0
4.2301483,-34.997517,-150,0,0
3.2301483,-34.997517,-150,0,0
2.2301483,-34.997517,-150,0,0
1.2301483,-34.997517,-150,0,0
0.23014832,-34.997517,-150,0,0
-0.7698517,-34.997517,-150,0,0
-1.7698517,-34.997517,-150,0,0
-2.7698517,-34.997517,-150,0,0
-3.7698517,-34.997517,-150,0,0
-4.7698517,-34.997517,-150,0,0
-5.7698517,-34.997517,-150,0,0
-6.7698517,-34.997517,-150,0,0
-7.7698517,-34.997517,-150,0,0
-8.769852,-34.997517,-150,0,0
-9.769852,-34.997517,-150,0,0
-10.769852,-34.997517,-150,0,0
-11.769852,-34.997517,-150,0,0
-12.769852,-34.997517,-150,0,0
-13.769852,-34.997517,-150,0,0
-14.769852,-34.997517,-150,0,0
-15.769852,-34.997517,-150,0,0
-16.769852,-34.997517,-150,0,0
-17.769852,-34.997517,-150,0,0
-18.769852,-34.997517,-150,0,0
-19.769852,-34.997517,-150,0,0
-20.769852,-34.997517,-150,0,0
-21.769852,-34.997517,-150,0,0
-22.769852,-34.997517,-150,0,0
-23.769852,-34.997517,-150,0,0
-24.769852,-34.997517,-150,0,0
-25.769852,-34.997517,-150,0,0
-26.769852,-34.997517,-150,0,0
-27.769852,-34.997517,-150,0,0
-28.769852,-34.997517,-150,0,0
-29.769852,-34.997517,-150,0,0
-30.769852,-34.997517,-150,0,0
-31.769852,-34.997517,-150,0,0
-32.76985,-34.997517,-150,0,0
-33.76985,-34.997517,-150,0,0
-34.76985,-34.997517,-150,0,0
-35.76985,-34.997517,-150,0,0
-36.76985,-34.997517,-150,0,0
-37.76985,-34.997517,-150,0,0
-38.76985,-34.997517,-150,0,0
-39.76985,-34.997517,-150,0,0
-40.76985,-34.997517,-150,0,0
-41.76985,-34.997517,-150,0,0
-42.76985,-34.997517,-150,0,0
-43.76985,-34.997517,-150,0,0
-44.76985,-34.997517,-150,0,0
-45.76985,-34.997517,-150,0,0
-46.76985,-34.997517,-150,0,0
-47.76985,-34.997517,-150,0,0
-48.76985,-34.997517,-150,0,0
-49.76985,-34.997517,-150,0,0
49.23015,-35.997517,-150,0,0
48.23015,-35.997517,-150,0,0
47.23015,-35.997517,-150,0,0
46.23015,-35.997517,-150,0,0
45.23015,-35.997517,-150,0,0
44.23015,-35.997517,-150,0,0
43.23015,-35.997517,-150,0,0
42.23015,-35.997517,-150,0,0
41.23015,-35.997517,-150,0,0
40.23015,-35.997517,-150,0,0
39.23015,-35.997517,-150,0,0
38.23015,-35.997517,-150,0,0
37.23015,-35.997517,-150,0,0
36.23015,-35.997517,-150,0,0
35.23015,-35.997517,-150,0,0
34.23015,-35.997517,-150,0,0
33.23015,-35.997517,-150,0,0
32.23015,-35.997517,-150,0,0
31.230148,-35.997517,-150,0,0
30.230148,-35.997517,-150,0,0
29.230148,-35.997517,-150,0,0
28.230148,-35.997517,-150,0,0
27.230148,-35.997517,-150,0,0
26.230148,-35.997517,-150,0,0
25.230148,-35.997517,-150,0,0
24.230148,-35.997517,-150,0,0
23.230148,-35.997517,-150,0,0
22.230148,-35.997517,-150,0,0
21.230148,-35.997517,-150,0,0
20.230148,-35.997517,-150,0,0
19.230148,-35.997517,-150,0,0
18.230148,-35.997517,-150,0,0
17.230148,-35.997517,-150,0,0
16.230148,-35.997517,-150,0,0
15.230148,-35.997517,-150,0,0
14.230148,-35.997517,-150,0,0
13.230148,-35.997517,-150,0,0
12.230148,-35.997517,-150,0,0
11.230148,-35.997517,-150,0,0
10.230148,-35.997517,-150,0,0
9.230148,-35.997517,-150,0,0
8.230148,-35.997517,-150,0,0
7.2301483,-35.997517,-150,0,0
6.2301483,-35.997517,-150,0,0
5.2301483,-35.997517,-150,0,0
4.2301483,-35.997517,-150,0,0
3.2301483,-35.997517,-150,0,0
2.2301483,-35.997517,-150,0,0
1.2301483,-35.997517,-150,0,0
0.23014832,-35.997517,-150,0,0
-0.7698517,-35.997517,-150,0,0
-1.7698517,-35.997517,-150,0,0
-2.7698517,-35.997517,-150,0,0
-3.7698517,-35.997517,-150,0,0
-4.7698517,-35.997517,-150,0,0
-5.7698517,-35.997517,-150,0,0
-6.7698517,-35.997517,-150,0,0
-7.7698517,-35.997517,-150,0,0
-8.769852,-35.997517,-150,0,0
-9.769852,-35.997517,-150,0,0
-10.769852,-35.997517,-150,0,0
-11.769852,-35.997517,-150,0,0
-12.769852,-35.997517,-150,0,0
-13.769852,-35.997517,-150,0,0
-14.769852,-35.997517,-150,0,0
-15.769852,-35.997517,-150,0,0
-16.769852,-35.997517,-150,0,0
-17.769852,-35.997517,-150,0,0
-18.769852,-35.997517,-150,0,0
-19.769852,-35.997517,-150,0,0
-20.769852,-35.997517,-150,0,0
-21.769852,-35.997517,-150,0,0
-22.769852,-35.997517,-150,0,0
-23.769852,-35.997517,-150,0,0
-24.769852,-35.997517,-150,0,0
-25.769852,-35.997517,-150,0,0
-26.769852,-35.997517,-150,0,0
-27.769852,-35.997517,-150,0,0
-28.769852,-35.997517,-150,0,0
-29.769852,-35.997517,-150,0,0
-30.769852,-35.997517,-150,0,0
-31.769852,-35.997517,-150,0,0
-32.76985,-35.997517,-150,0,0
-33.76985,-35.997517,-150,0,0
-34.76985,-35.997517,-150,0,0
-35.76985,-35.997517,-150,0,0
-36.76985,-35.997517,-150,0,0
-37.76985,-35.997517,-150,0,0
-38.76985,-35.997517,-150,0,0
-39.76985,-35.997517,-150,0,0
-40.76985,-35.997517,-150,0,0
-41.76985,-35.997517,-150,0,0
-42.76985,-35.997517,-150,0,0
-43.76985,-35.997517,-150,0,0
-44.76985,-35.997517,-150,0,0
-45.76985,-35.997517,-150,0,0
-46.76985,-35.997517,-150,0,0
-47.76985,-35.997517,-150,0,0
-48.76985,-35.997517,-150,0,0
-49.76985,-35.997517,-150,0,0
49.23015,-36.997517,-150,0,0
48.23015,-36.997517,-150,0,0
47.23015,-36.997517,-150,0,0
46.23015,-36.997517,-150,0,0
45.23015,-36.997517,-150,0,0
44.23015,-36.997517,-150,0,0
43.23015,-36.997517,-150,0,0
42.23015,-36.997517,-150,0,0
41.23015,-36.997517,-150,0,0
40.23015,-36.997517,-150,0,0
39.23015,-36.997517,-150,0,0
38.23015,-36.997517,-150,0,0
37.23015,-36.997517,-150,0,0
36.23015,-36.997517,-150,0,0
35.23015,-36.997517,-150,0,0
34.23015,-36.997517,-150,0,0
33.23015,-36.997517,-150,0,0
32.23015,-36.997517,-150,0,0
31.230148,-36.997517,-150,0,0
30.230148,-36.997517,-150,0,0
29.230148,-36.997517,-150,0,0
28.230148,-36.997517,-150,0,0
27.230148,-36.997517,-150,0,0
26.230148,-36.997517,-150,0,0
25.230148,-36.997517,-150,0,0
24.230148,-36.997517,-150,0,0
23.230148,-36.997517,-150,0,0
22.230148,-36.997517,-150,0,0
21.230148,-36.997517,-150,0,0
20.230148,-36.997517,-150,0,0
19.230148,-36.997517,-150,0,0
18.230148,-36.997517,-150,0,0
17.230148,-36.997517,-150,0,0
16.230148,-36.997517,-150,0,0
15.230148,-36.997517,-150,0,0
14.230148,-36.997517,-150,0,0
13.230148,-36.997517,-150,0,0
12.230148,-36.997517,-150,0,0
11.230148,-36.997517,-150,0,0
10.230148,-36.997517,-150,0,0
9.230148,-36.997517,-150,0,0
8.230148,-36.997517,-150,0,0
7.2301483,-36.997517,-150,0,0
6.2301483,-36.997517,-150,0,0
5.2301483,-36.997517,-150,0,0
4.2301483,-36.997517,-150,0,0
3.2301483,-36.997517,-150,0,0
2.2301483,-36.997517,-150,0,0
1.2301483,-36.997517,-150,0,0
0.23014832,-36.997517,-150,0,0
-0.7698517,-36.997517,-150,0,0
-1.7698517,-36.997517,-150,0,0
-2.7698517,-36.997517,-150,0,0
-3.7698517,-36.997517,-150,0,0
-4.7698517,-36.997517,-150,0,0
-5.7698517,-36.997517,-150,0,0
-6.7698517,-36.997517,-150,0,0
-7.7698517,-36.997517,-150,0,0
-8.769852,-36.997517,-150,0,0
-9.769852,-36.997517,-150,0,0
-10.769852,-36.997517,-150,0,0
-11.769852,-36.997517,-150,0,0
-12.769852,-36.997517,-150,0,0
-13.769852,-36.997517,-150,0,0
-14.769852,-36.997517,-150,0,0
-15.769852,-36.997517,-150,0,0
-16.769852,-36.997517,-150,0,0
-17.769852,-36.997517,-150,0,0
-18.769852,-36.997517,-150,0,0
-19.769852,-36.997517,-150,0,0
-20.769852,-36.997517,-150,0,0
-21.769852,-36.997517,-150,0,0
-22.769852,-36.997517,-150,0,0
-23.769852,-36.997517,-150,0,0
-24.769852,-36.997517,-150,0,0
-25.769852,-36.997517,-150,0,0
-26.769852,-36.997517,-150,0,0
-27.769852,-36.997517,-150,0,0
-28.769852,-36.997517,-150,0,0
-29.769852,-36.997517,-150,0,0
-30.769852,-36.997517,-150,0,0
-31.769852,-36.997517,-150,0,0
-32.76985,-36.997517,-150,0,0
-33.76985,-36.997517,-150,0,0
-34.76985,-36.997517,-150,0,0
-35.76985,-36.997517,-150,0,0
-36.76985,-36.997517,-150,0,0
-37.76985,-36.997517,-150,0,0
-38.76985,-36.997517,-150,0,0
-39.76985,-36.997517,-150,0,0
-40.76985,-36.997517,-150,0,0
-41.76985,-36.997517,-150,0,0
-42.76985,-36.997517,-150,0,0
-43.76985,-36.997517,-150,0,0
-44.76985,-36.997517,-150,0,0
-45.76985,-36.997517,-150,0,0
-46.76985,-36.997517,-150,0,0
-47.76985,-36.997517,-150,0,0
-48.76985,-36.997517,-150,0,0
-49.76985,-36.997517,-150,0,0
49.23015,-37.997517,-150,0,0
48.23015,-37.997517,-150,0,0
47.23015,-37.997517,-150,0,0
46.23015,-37.997517,-150,0,0
45.23015,-37.997517,-150,0,0
44.23015,-37.997517,-150,0,0
43.23015,-37.997517,-150,0,0
42.23015,-37.997517,-150,0,0
41.23015,-37.997517,-150,0,0
40.23015,-37.997517,-150,0,0
39.23015,-37.997517,-150,0,0
38.23015,-37.997517,-150,0,0
37.23015,-37.997517,-150,0,0
36.23015,-37.997517,-150,0,0
35.23015,-37.997517,-150,0,0
34.23015,-37.997517,-150,0,0
33.23015,-37.997517,-150,0,0
32.23015,-37.997517,-150,0,0
31.230148,-37.997517,-150,0,0
30.230148,-37.997517,-150,0,0
29.230148,-37.997517,-150,0,0
28.230148,-37.997517,-150,0,0
27.230148,-37.997517,-150,0,0
26.230148,-37.997517,-150,0,0
25.230148,-37.997517,-150,0,0
24.230148,-37.997517,-150,0,0
23.230148,-37.997517,-150,0,0
22.230148,-37.997517,-150,0,0
21.230148,-37.997517,-150,0,0
20.230148,-37.997517,-150,0,0
19.230148,-37.997517,-150,0,0
18.230148,-37.997517,-150,0,0
17.230148,-37.997517,-150,0,0
16.230148,-37.997517,-150,0,0
15.230148,-37.997517,-150,0,0
14.230148,-37.997517,-150,0,0
13.230148,-37.997517,-150,0,0
12.230148,-37.997517,-150,0,0
11.230148,-37.997517,-150,0,0
10.230148,-37.997517,-150,0,0
9.230148,-37.997517,-150,0,0
8.230148,-37.997517,-150,0,0
7.2301483,-37.997517,-150,0,0
6.2301483,-37.997517,-150,0,0
5.2301483,-37.997517,-150,0,0
4.2301483,-37.997517,-150,0,0
3.2301483,-37.997517,-150,0,0
2.2301483,-37.997517,-150,0,0
1.2301483,-37.997517,-150,0,0
0.23014832,-37.997517,-150,0,0
-0.7698517,-37.997517,-150,0,0
-1.7698517,-37.997517,-150,0,0
-2.7698517,-37.997517,-150,0,0
-3.7698517,-37.997517,-150,0,0
-4.7698517,-37.997517,-150,0,0
-5.7698517,-37.997517,-150,0,0
-6.7698517,-37.997517,-150,0,0
-7.7698517,-37.997517,-150,0,0
-8.769852,-37.997517,-150,0,0
-9.769852,-37.997517,-150,0,0
-10.769852,-37.997517,-150,0,0
-11.769852,-37.997517,-150,0,0
-12.769852,-37.997517,-150,0,0
-13.769852,-37.997517,-150,0,0
-14.769852,-37.997517,-150,0,0
-15.769852,-37.997517,-150,0,0
-16.769852,-37.997517,-150,0,0
-17.769852,-37.997517,-150,0,0
-18.769852,-37.997517,-150,0,0
-19.769852,-37.997517,-150,0,0
-20.769852,-37.997517,-150,0,0
-21.769852,-37.997517,-150,0,0
-22.769852,-37.997517,-150,0,0
-23.769852,-37.997517,-150,0,0
-24.769852,-37.997517,-150,0,0
-25.769852,-37.997517,-150,0,0
-26.769852,-37.997517,-150,0,0
-27.769852,-37.997517,-150,0,0
-28.769852,-37.997517,-150,0,0
-29.769852,-37.997517,-150,0,0
-30.769852,-37.997517,-150,0,0
-31.769852,-37.997517,-150,0,0
-32.76985,-37.997517,-150,0,0
-33.76985,-37.997517,-150,0,0
-34.76985,-37.997517,-150,0,0
-35.76985,-37.997517,-150,0,0
-36.76985,-37.997517,-150,0,0
-37.76985,-37.997517,-150,0,0
-38.76985,-37.997517,-150,0,0
-39.76985,-37.997517,-150,0,0
-40.76985,-37.997517,-150,0,0
-41.76985,-37.997517,-150,0,0
-42.76985,-37.997517,-150,0,0
-43.76985,-37.997517,-150,0,0
-44.76985,-37.997517,-150,0,0
-45.76985,-37.997517,-150,0,0
-46.76985,-37.997517,-150,0,0
-47.76985,-37.997517,-150,0,0
-48.76985,-37.997517,-150,0,0
-49.76985,-37.997517,-150,0,0
49.23015,-38.997517,-150,0,0
48.23015,-38.997517,-150,0,0
47.23015,-38.997517,-150,0,0
46.23015,-38.997517,-150,0,0
45.23015,-38.997517,-150,0,0
44.23015,-38.997517,-150,0,0
43.23015,-38.997517,-150,0,0
42.23015,-38.997517,-150,0,0
41.23015,-38.997517,-150,0,0
40.23015,-38.997517,-150,0,0
39.23015,-38.997517,-150,0,0
38.23015,-38.997517,-150,0,0
37.23015,-38.997517,-150,0,0
36.23015,-38.997517,-150,0,0
35.23015,-38.997517,-150,0,0
34.23015,-38.997517,-150,0,0
33.23015,-38.997517,-150,0,0
32.23015,-38.997517,-150,0,0
31.230148,-38.997517,-150,0,0
30.230148,-38.997517,-150,0,0
29.230148,-38.997517,-150,0,0
28.230148,-38.997517,-150,0,0
27.230148,-38.997517,-150,0,0
26.230148,-38.997517,-150,0,0
25.230148,-38.997517,-150,0,0
24.230148,-38.997517,-150,0,0
23.230148,-38.997517,-150,0,0
22.230148,-38.997517,-150,0,0
21.230148,-38.997517,-150,0,0
20.230148,-38.997517,-150,0,0
19.230148,-38.997517,-150,0,0
18.230148,-38.997517,-150,0,0
17.230148,-38.997517,-150,0,0
16.230148,-38.997517,-150,0,0
15.230148,-38.997517,-150,0,0
14.230148,-38.997517,-150,0,0
13.230148,-38.997517,-150,0,0
12.230148,-38.997517,-150,0,0
11.230148,-38.997517,-150,0,0
10.230148,-38.997517,-150,0,0
9.230148,-38.997517,-150,0,0
8.230148,-38.997517,-150,0,0
7.2301483,-38.997517,-150,0,0
6.2301483,-38.997517,-150,0,0
5.2301483,-38.997517,-150,0,0
4.2301483,-38.997517,-150,0,0
3.2301483,-38.997517,-150,0,0
2.2301483,-38.997517,-150,0,0
1.2301483,-38.997517,-150,0,0
0.23014832,-38.997517,-150,0,0
-0.7698517,-38.997517,-150,0,0
-1.7698517,-38.997517,-150,0,0
-2.7698517,-38.997517,-150,0,0
-3.7698517,-38.997517,-150,0,0
-4.7698517,-38.997517,-150,0,0
-5.7698517,-38.997517,-150,0,0
-6.7698517,-38.997517,-150,0,0
-7.7698517,-38.997517,-150,0,0
-8.769852,-38.997517,-150,0,0
-9.769852,-38.997517,-150,0,0
-10.769852,-38.997517,-150,0,0
-11.769852,-38.997517,-150,0,0
-12.769852,-38.997517,-150,0,0
-13.769852,-38.997517,-150,0,0
-14.769852,-38.997517,-150,0,0
-15.769852,-38.997517,-150,0,0
-16.769852,-38.997517,-150,0,0
-17.769852,-38.997517,-150,0,0
-18.769852,-38.997517,-150,0,0
-19.769852,-38.997517,-150,0,0
-20.769852,-38.997517,-150,0,0
-21.769852,-38.997517,-150,0,0
-22.769852,-38.997517,-150,0,0
-23.769852,-38.997517,-150,0,0
-24.769852,-38.997517,-150,0,0
-25.769852,-38.997517,-150,0,0
-26.769852,-38.997517,-150,0,0
-27.769852,-38.997517,-150,0,0
-28.769852,-38.997517,-150,0,0
-29.769852,-38.997517,-150,0,0
-30.769852,-38.997517,-150,0,0
-31.769852,-38.997517,-150,0,0
-32.76985,-38.997517,-150,0,0
-33.76985,-38.997517,-150,0,0
-34.76985,-38.997517,-150,0,0
-35.76985,-38.997517,-150,0,0
-36.76985,-38.997517,-150,0,0
-37.76985,-38.997517,-150,0,0
-38.76985,-38.997517,-150,0,0
-39.76985,-38.997517,-150,0,0
-40.76985,-38.997517,-150,0,0
-41.76985,-38.997517,-150,0,0
-42.76985,-38.997517,-150,0,0
-43.76985,-38.997517,-150,0,0
-44.76985,-38.997517,-150,0,0
-45.76985,-38.997517,-150,0,0
-46.76985,-38.997517,-150,0,0
-47.76985,-38.997517,-150,0,0
-48.76985,-38.997517,-150,0,0
-49.76985,-38.997517,-150,0,0
49.23015,-39.997517,-150,0,0
48.23015,-39.997517,-150,0,0
47.23015,-39.997517,-150,0,0
46.23015,-39.997517,-150,0,0
45.23015,-39.997517,-150,0,0
44.23015,-39.997517,-150,0,0
43.23015,-39.997517,-150,0,0
42.23015,-39.997517,-150,0,0
41.23015,-39.997517,-150,0,0
40.23015,-39.997517,-150,0,0
39.23015,-39.997517,-150,0,0
38.23015,-39.997517,-150,0,0
37.23015,-39.997517,-150,0,0
36.23015,-39.997517,-150,0,0
35.23015,-39.997517,-150,0,0
34.23015,-39.997517,-150,0,0
33.23015,-39.997517,-150,0,0
32.23015,-39.997517,-150,0,0
31.230148,-39.997517,-150,0,0
30.230148,-39.997517,-150,0,0
29.230148,-39.997517,-150,0,0
28.230148,-39.997517,-150,0,0
27.230148,-39.997517,-150,0,0
26.230148,-39.997517,-150,0,0
25.230148,-39.997517,-150,0,0
24.230148,-39.997517,-150,0,0
23.230148,-39.997517,-150,0,0
22.230148,-39.997517,-150,0,0
21.230148,-39.997517,-150,0,0
20.230148,-39.997517,-150,0,0
19.230148,-39.997517,-150,0,0
18.230148,-39.997517,-150,0,0
17.230148,-39.997517,-150,0,0
16.230148,-39.997517,-150,0,0
15.230148,-39.997517,-150,0,0
14.230148,-39.997517,-150,0,0
13.230148,-39.997517,-150,0,0
12.230148,-39.997517,-150,0,0
11.230148,-39.997517,-150,0,0
10.230148,-39.997517,-150,0,0
9.230148,-39.997517,-150,0,0
8.230148,-39.997517,-150,0,0
7.2301483,-39.997517,-150,0,0
6.2301483,-39.997517,-150,0,0
5.2301483,-39.997517,-150,0,0
4.2301483,-39.997517,-150,0,0
3.2301483,-39.997517,-150,0,0
2.2301483,-39.997517,-150,0,0
1.2301483,-39.997517,-150,0,0
0.23014832,-39.997517,-150,0,0
-0.7698517,-39.997517,-150,0,0
-1.7698517,-39.997517,-150,0,0
-2.7698517,-39.997517,-150,0,0
-3.7698517,-39.997517,-150,0,0
-4.7698517,-39.997517,-150,0,0
-5.7698517,-39.997517,-150,0,0
-6.7698517,-39.997517,-150,0,0
-7.7698517,-39.997517,-150,0,0
-8.769852,-39.997517,-150,0,0
-9.769852,-39.997517,-150,0,0
-10.769852,-39.997517,-150,0,0
-11.769852,-39.997517,-150,0,0
-12.769852,-39.997517,-150,0,0
-13.769852,-39.997517,-150,0,0
-14.769852,-39.997517,-150,0,0
-15.769852,-39.997517,-150,0,0
-16.769852,-39.997517,-150,0,0
-17.769852,-39.997517,-150,0,0
-18.769852,-39.997517,-150,0,0
-19.769852,-39.997517,-150,0,0
-20.769852,-39.997517,-150,0,0
-21.769852,-39.997517,-150,0,0
-22.769852,-39.997517,-150,0,0
-23.769852,-39.997517,-150,0,0
-24.769852,-39.997517,-150,0,0
-25.769852,-39.997517,-150,0,0
-26.769852,-39.997517,-150,0,0
-27.769852,-39.997517,-150,0,0
-28.769852,-39.997517,-150,0,0
-29.769852,-39.997517,-150,0,0
-30.769852,-39.997517,-150,0,0
-31.769852,-39.997517,-150,0,0
-32.76985,-39.997517,-150,0,0
-33.76985,-39.997517,-150,0,0
-34.76985,-39.997517,-150,0,0
-35.76985,-39.997517,-150,0,0
-36.76985,-39.997517,-150,0,0
-37.76985,-39.997517,-150,0,0
-38.76985,-39.997517,-150,0,0
-39.76985,-39.997517,-150,0,0
-40.76985,-39.997517,-150,0,0
-41.76985,-39.997517,-150,0,0
-42.76985,-39.997517,-150,0,0
-43.76985,-39.997517,-150,0,0
-44.76985,-39.997517,-150,0,0
-45.76985,-39.997517,-150,0,0
-46.76985,-39.997517,-150,0,0
-47.76985,-39.997517,-150,0,0
-48.76985,-39.997517,-150,0,0
-49.76985,-39.997517,-150,0,0
49.23015,-40.997517,-150,0,0
48.23015,-40.997517,-150,0,0
47.23015,-40.997517,-150,0,0
46.23015,-40.997517,-150,0,0
45.23015,-40.997517,-150,0,0
44.23015,-40.997517,-150,0,0
43.23015,-40.997517,-150,0,0
42.23015,-40.997517,-150,0,0
41.23015,-40.997517,-150,0,0
40.23015,-40.997517,-150,0,0
39.23015,-40.997517,-150,0,0
38.23015,-40.997517,-150,0,0
37.23015,-40.997517,-150,0,0
36.23015,-40.997517,-150,0,0
35.23015,-40.997517,-150,0,0
34.23015,-40.997517,-150,0,0
33.23015,-40.997517,-150,0,0
32.23015,-40.997517,-150,0,0
31.230148,-40.997517,-150,0,0
30.230148,-40.997517,-150,0,0
29.230148,-40.997517,-150,0,0
28.230148,-40.997517,-150,0,0
27.230148,-40.997517,-150,0,0
26.230148,-40.997517,-150,0,0
25.230148,-40.997517,-150,0,0
24.230148,-40.997517,-150,0,0
23.230148,-40.997517,-150,0,0
22.230148,-40.997517,-150,0,0
21.230148,-40.997517,-150,0,0
20.230148,-40.997517,-150,0,0
19.230148,-40.997517,-150,0,0
18.230148,-40.997517,-150,0,0
17.230148,-40.997517,-150,0,0
16.230148,-40.997517,-150,0,0
15.230148,-40.997517,-150,0,0
14.230148,-40.997517,-150,0,0
13.230148,-40.997517,-150,0,0
12.230148,-40.997517,-150,0,0
11.230148,-40.997517,-150,0,0
10.230148,-40.997517,-150,0,0
9.230148,-40.997517,-150,0,0
8.230148,-40.997517,-150,0,0
7.2301483,-40.997517,-150,0,0
6.2301483,-40.997517,-150,0,0
5.2301483,-40.997517,-150,0,0
4.2301483,-40.997517,-150,0,0
3.2301483,-40.997517,-150,0,0
2.2301483,-40.997517,-150,0,0
1.2301483,-40.997517,-150,0,0
0.23014832,-40.997517,-150,0,0
-0.7698517,-40.997517,-150,0,0
-1.7698517,-40.997517,-150,0,0
-2.7698517,-40.997517,-150,0,0
-3.7698517,-40.997517,-150,0,0
-4.7698517,-40.997517,-150,0,0
-5.7698517,-40.997517,-150,0,0
-6.7698517,-40.997517,-150,0,0
-7.7698517,-40.997517,-150,0,0
-8.769852,-40.997517,-150,0,0
-9.769852,-40.997517,-150,0,0
-10.769852,-40.997517,-150,0,0
-11.769852,-40.997517,-150,0,0
-12.769852,-40.997517,-150,0,0
-13.769852,-40.997517,-150,0,0
-14.769852,-40.997517,-150,0,0
-15.769852,-40.997517,-150,0,0
-16.769852,-40.997517,-150,0,0
-17.769852,-40.997517,-150,0,0
-18.769852,-40.997517,-150,0,0
-19.769852,-40.997517,-150,0,0
-20.769852,-40.997517,-150,0,0
-21.769852,-40.997517,-150,0,0
-22.769852,-40.997517,-150,0,0
-23.769852,-40.997517,-150,0,0
-24.769852,-40.997517,-150,0,0
-25.769852,-40.997517,-150,0,0
-26.769852,-40.997517,-150,0,0
-27.769852,-40.997517,-150,0,0
-28.769852,-40.997517,-150,0,0
-29.769852,-40.997517,-150,0,0
-30.769852,-40.997517,-150,0,0
-31.769852,-40.997517,-150,0,0
-32.76985,-40.997517,-150,0,0
-33.76985,-40.997517,-150,0,0
-34.76985,-40.997517,-150,0,0
-35.76985,-40.997517,-150,0,0
-36.76985,-40.997517,-150,0,0
-37.76985,-40.997517,-150,0,0
-38.76985,-40.997517,-150,0,0
-39.76985,-40.997517,-150,0,0
-40.76985,-40.997517,-150,0,0
-41.76985,-40.997517,-150,0,0
-42.76985,-40.997517,-150,0,0
-43.76985,-40.997517,-150,0,0
-44.76985,-40.997517,-150,0,0
-45.76985,-40.997517,-150,0,0
-46.76985,-40.997517,-150,0,0
-47.76985,-40.997517,-150,0,0
-48.76985,-40.997517,-150,0,0
-49.76985,-40.997517,-150,0,0
49.23015,-41.997517,-150,0,0
48.23015,-41.997517,-150,0,0
47.23015,-41.997517,-150,0,0
46.23015,-41.997517,-150,0,0
45.23015,-41.997517,-150,0,0
44.23015,-41.997517,-150,0,0
43.23015,-41.997517,-150,0,0
42.23015,-41.997517,-150,0,0
41.23015,-41.997517,-150,0,0
40.23015,-41.997517,-150,0,0
39.23015,-41.997517,-150,0,0
38.23015,-41.997517,-150,0,0
37.23015,-41.997517,-150,0,0
36.23015,-41.997517,-150,0,0
35.23015,-41.997517,-150,0,0
34.23015,-41.997517,-150,0,0
33.23015,-41.997517,-150,0,0
32.23015,-41.997517,-150,0,0
31.230148,-41.997517,-150,0,0
30.230148,-41.997517,-150,0,0
29.230148,-41.997517,-150,0,0
28.230148,-41.997517,-150,0,0
27.230148,-41.997517,-150,0,0
26.230148,-41.997517,-150,0,0
25.230148,-41.997517,-150,0,0
24.230148,-41.997517,-150,0,0
23.230148,-41.997517,-150,0,0
22.230148,-41.997517,-150,0,0
21.230148,-41.997517,-150,0,0
20.230148,-41.997517,-150,0,0
19.230148,-41.997517,-150,0,0
18.230148,-41.997517,-150,0,0
17.230148,-41.997517,-150,0,0
16.230148,-41.997517,-150,0,0
15.230148,-41.997517,-150,0,0
14.230148,-41.997517,-150,0,0
13.230148,-41.997517,-150,0,0
12.230148,-41.997517,-150,0,0
11.230148,-41.997517,-150,0,0
10.230148,-41.997517,-150,0,0
9.230148,-41.997517,-150,0,0
8.230148,-41.997517,-150,0,0
7.2301483,-41.997517,-150,0,0
6.2301483,-41.997517,-150,0,0
5.2301483,-41.997517,-150,0,0
4.2301483,-41.997517,-150,0,0
3.2301483,-41.997517,-150,0,0
2.2301483,-41.997517,-150,0,0
1.2301483,-41.997517,-150,0,0
0.23014832,-41.997517,-150,0,0
-0.7698517,-41.997517,-150,0,0
-1.7698517,-41.997517,-150,0,0
-2.7698517,-41.997517,-150,0,0
-3.7698517,-41.997517,-150,0,0
-4.7698517,-41.997517,-150,0,0
-5.7698517,-41.997517,-150,0,0
-6.7698517,-41.997517,-150,0,0
-7.7698517,-41.997517,-150,0,0
-8.769852,-41.997517,-150,0,0
-9.769852,-41.997517,-150,0,0
-10.769852,-41.997517,-150,0,0
-11.769852,-41.997517,-150,0,0
-12.769852,-41.997517,-150,0,0
-13.769852,-41.997517,-150,0,0
-14.769852,-41.997517,-150,0,0
-15.769852,-41.997517,-150,0,0
-16.769852,-41.997517,-150,0,0
-17.769852,-41.997517,-150,0,0
-18.769852,-41.997517,-150,0,0
-19.769852,-41.997517,-150,0,0
-20.769852,-41.997517,-150,0,0
-21.769852,-41.997517,-150,0,0
-22.769852,-41.997517,-150,0,0
-23.769852,-41.997517,-150,0,0
-24.769852,-41.997517,-150,0,0
-25.769852,-41.997517,-150,0,0
-26.769852,-41.997517,-150,0,0
-27.769852,-41.997517,-150,0,0
-28.769852,-41.997517,-150,0,0
-29.769852,-41.997517,-150,0,0
-30.769852,-41.997517,-150,0,0
-31.769852,-41.997517,-150,0,0
-32.76985,-41.997517,-150,0,0
-33.76985,-41.997517,-150,0,0
-34.76985,-41.997517,-150,0,0
-35.76985,-41.997517,-150,0,0
-36.76985,-41.997517,-150,0,0
-37.76985,-41.997517,-150,0,0
-38.76985,-41.997517,-150,0,0
-39.76985,-41.997517,-150,0,0
-40.76985,-41.997517,-150,0,0
-41.76985,-41.997517,-150,0,0
-42.76985,-41.997517,-150,0,0
-43.76985,-41.997517,-150,0,0
-44.76985,-41.997517,-150,0,0
-45.76985,-41.997517,-150,0,0
-46.76985,-41.997517,-150,0,0
-47.76985,-41.997517,-150,0,0
-48.76985,-41.997517,-150,0,0
-49.76985,-41.997517,-150,0,0
49.23015,-42.997517,-150,0,0
48.23015,-42.997517,-150,0,0
47.23015,-42.997517,-150,0,0
46.23015,-42.997517,-150,0,0
45.23015,-42.997517,-150,0,0
44.23015,-42.997517,-150,0,0
43.23015,-42.997517,-150,0,0
42.23015,-42.997517,-150,0,0
41.23015,-42.997517,-150,0,0
40.23015,-42.997517,-150,0,0
39.23015,-42.997517,-150,0,0
38.23015,-42.997517,-150,0,0
37.23015,-42.997517,-150,0,0
36.23015,-42.997517,-150,0,0
35.23015,-42.997517,-150,0,0
34.23015,-42.997517,-150,0,0
33.23015,-42.997517,-150,0,0
32.23015,-42.997517,-150,0,0
31.230148,-42.997517,-150,0,0
30.230148,-42.997517,-150,0,0
29.230148,-42.997517,-150,0,0
28.230148,-42.997517,-150,0,0
27.230148,-42.997517,-150,0,0
26.230148,-42.997517,-150,0,0
25.230148,-42.997517,-150,0,0
24.230148,-42.997517,-150,0,0
23.230148,-42.997517,-150,0,0
22.230148,-42.997517,-150,0,0
21.230148,-42.997517,-150,0,0
20.230148,-42.997517,-150,0,0
19.230148,-42.997517,-150,0,0
18.230148,-42.997517,-150,0,0
17.230148,-42.997517,-150,0,0
16.230148,-42.997517,-150,0,0
15.230148,-42.997517,-150,0,0
14.230148,-42.997517,-150,0,0
13.230148,-42.997517,-150,0,0
12.230148,-42.997517,-150,0,0
11.230148,-42.997517,-150,0,0
10.230148,-42.997517,-150,0,0
9.230148,-42.997517,-150,0,0
8.230148,-42.997517,-150,0,0
7.2301483,-42.997517,-150,0,0
6.2301483,-42.997517,-150,0,0
5.2301483,-42.997517,-150,0,0
4.2301483,-42.997517,-150,0,0
3.2301483,-42.997517,-150,0,0
2.2301483,-42.997517,-150,0,0
1.2301483,-42.997517,-150,0,0
0.23014832,-42.997517,-150,0,0
-0.7698517,-42.997517,-150,0,0
-1.7698517,-42.997517,-150,0,0
-2.7698517,-42.997517,-150,0,0
-3.7698517,-42.997517,-150,0,0
-4.7698517,-42.997517,-150,0,0
-5.7698517,-42.997517,-150,0,0
-6.7698517,-42.997517,-150,0,0
-7.7698517,-42.997517,-150,0,0
-8.769852,-42.997517,-150,0,0
-9.769852,-42.997517,-150,0,0
-10.769852,-42.997517,-150,0,0
-11.769852,-42.997517,-150,0,0
-12.769852,-42.997517,-150,0,0
-13.769852,-42.997517,-150,0,0
-14.769852,-42.997517,-150,0,0
-15.769852,-42.997517,-150,0,0
-16.769852,-42.997517,-150,0,0
-17.769852,-42.997517,-150,0,0
-18.769852,-42.997517,-150,0,0
-19.769852,-42.997517,-150,0,0
-20.769852,-42.997517,-150,0,0
-21.769852,-42.997517,-150,0,0
-22.769852,-42.997517,-150,0,0
-23.769852,-42.997517,-150,0,0
-24.769852,-42.997517,-150,0,0
-25.769852,-42.997517,-150,0,0
-26.769852,-42.997517,-150,0,0
-27.769852,-42.997517,-150,0,0
-28.769852,-42.997517,-150,0,0
-29.769852,-42.997517,-150,0,0
-30.769852,-42.997517,-150,0,0
-31.769852,-42.997517,-150,0,0
-32.76985,-42.997517,-150,0,0
-33.76985,-42.997517,-150,0,0
-34.76985,-42.997517,-150,0,0
-35.76985,-42.997517,-150,0,0
-36.76985,-42.997517,-150,0,0
-37.76985,-42.997517,-150,0,0
-38.76985,-42.997517,-150,0,0
-39.76985,-42.997517,-150,0,0
-40.76985,-42.997517,-150,0,0
-41.76985,-42.997517,-150,0,0
-42.76985,-42.997517,-150,0,0
-43.76985,-42.997517,-150,0,0
-44.76985,-42.997517,-150,0,0
-45.76985,-42.997517,-150,0,0
-46.76985,-42.997517,-150,0,0
-47.76985,-42.997517,-150,0,0
-48.76985,-42.997517,-150,0,0
-49.76985,-42.997517,-150,0,0
49.23015,-43.997517,-150,0,0
48.23015,-43.997517,-150,0,0
47.23015,-43.997517,-150,0,0
46.23015,-43.997517,-150,0,0
45.23015,-43.997517,-150,0,0
44.23015,-43.997517,-150,0,0
43.23015,-43.997517,-150,0,0
42.23015,-43.997517,-150,0,0
41.23015,-43.997517,-150,0,0
40.23015,-43.997517,-150,0,0
39.23015,-43.997517,-150,0,0
38.23015,-43.997517,-150,0,0
37.23015,-43.997517,-150,0,0
36.23015,-43.997517,-150,0,0
35.23015,-43.997517,-150,0,0
34.23015,-43.997517,-150,0,0
33.23015,-43.997517,-150,0,0
32.23015,-43.997517,-150,0,0
31.230148,-43.997517,-150,0,0
30.230148,-43.997517,-150,0,0
29.230148,-43.997517,-150,0,0
28.230148,-43.997517,-150,0,0
27.230148,-43.997517,-150,0,0
26.230148,-43.997517,-150,0,0
25.230148,-43.997517,-150,0,0
24.230148,-43.997517,-150,0,0
23.230148,-43.997517,-150,0,0
22.230148,-43.997517,-150,0,0
21.230148,-43.997517,-150,0,0
20.230148,-43.997517,-150,0,0
19.230148,-43.997517,-150,0,0
18.230148,-43.997517,-150,0,0
17.230148,-43.997517,-150,0,0
16.230148,-43.997517,-150,0,0
15.230148,-43.997517,-150,0,0
14.230148,-43.997517,-150,0,0
13.230148,-43.997517,-150,0,0
12.230148,-43.997517,-150,0,0
11.230148,-43.997517,-150,0,0
10.230148,-43.997517,-150,0,0
9.230148,-43.997517,-150,0,0
8.230148,-43.997517,-150,0,0
7.2301483,-43.997517,-150,0,0
6.2301483,-43.997517,-150,0,0
5.2301483,-43.997517,-150,0,0
4.2301483,-43.997517,-150,0,0
3.2301483,-43.997517,-150,0,0
2.2301483,-43.997517,-150,0,0
1.2301483,-43.997517,-150,0,0
0.23014832,-43.997517,-150,0,0
-0.7698517,-43.997517,-150,0,0
-1.7698517,-43.997517,-150,0,0
-2.7698517,-43.997517,-150,0,0
-3.7698517,-43.997517,-150,0,0
-4.7698517,-43.997517,-150,0,0
-5.7698517,-43.997517,-150,0,0
-6.7698517,-43.997517,-150,0,0
-7.7698517,-43.997517,-150,0,0
-8.769852,-43.997517,-150,0,0
-9.769852,-43.997517,-150,0,0
-10.769852,-43.997517,-150,0,0
-11.769852,-43.997517,-150,0,0
-12.769852,-43.997517,-150,0,0
-13.769852,-43.997517,-150,0,0
-14.769852,-43.997517,-150,0,0
-15.769852,-43.997517,-150,0,0
-16.769852,-43.997517,-150,0,0
-17.769852,-43.997517,-150,0,0
-18.769852,-43.997517,-150,0,0
-19.769852,-43.997517,-150,0,0
-20.769852,-43.997517,-150,0,0
-21.769852,-43.997517,-150,0,0
-22.769852,-43.997517,-150,0,0
-23.769852,-43.997517,-150,0,0
-24.769852,-43.997517,-150,0,0
-25.769852,-43.997517,-150,0,0
-26.769852,-43.997517,-150,0,0
-27.769852,-43.997517,-150,0,0
-28.769852,-43.997517,-150,0,0
-29.769852,-43.997517,-150,0,0
-30.769852,-43.997517,-150,0,0
-31.769852,-43.997517,-150,0,0
-32.76985,-43.997517,-150,0,0
-33.76985,-43.997517,-150,0,0
-34.76985,-43.997517,-150,0,0
-35.76985,-43.997517,-150,0,0
-36.76985,-43.997517,-150,0,0
-37.76985,-43.997517,-150,0,0
-38.76985,-43.997517,-150,0,0
-39.76985,-43.997517,-150,0,0
-40.76985,-43.997517,-150,0,0
-41.76985,-43.997517,-150,0,0
-42.76985,-43.997517,-150,0,0
-43.76985,-43.997517,-150,0,0
-44.76985,-43.997517,-150,0,0
-45.76985,-43.997517,-150,0,0
-46.76985,-43.997517,-150,0,0
-47.76985,-43.997517,-150,0,0
-48.76985,-43.997517,-150,0,0
-49.76985,-43.997517,-150,0,0
49.23015,-44.997517,-150,0,0
48.23015,-44.997517,-150,0,0
47.23015,-44.997517,-150,0,0
46.23015,-44.997517,-150,0,0
45.23015,-44.997517,-150,0,0
44.23015,-44.997517,-150,0,0
43.23015,-44.997517,-150,0,0
42.23015,-44.997517,-150,0,0
41.23015,-44.997517,-150,0,0
40.23015,-44.997517,-150,0,0
39.23015,-44.997517,-150,0,0
38.23015,-44.997517,-150,0,0
37.23015,-44.997517,-150,0,0
36.23015,-44.997517,-150,0,0
35.23015,-44.997517,-150,0,0
34.23015,-44.997517,-150,0,0
33.23015,-44.997517,-150,0,0
32.23015,-44.997517,-150,0,0
31.230148,-44.997517,-150,0,0
30.230148,-44.997517,-150,0,0
29.230148,-44.997517,-150,0,0
28.230148,-44.997517,-150,0,0
27.230148,-44.997517,-150,0,0
26.230148,-44.997517,-150,0,0
25.230148,-44.997517,-150,0,0
24.230148,-44.997517,-150,0,0
23.230148,-44.997517,-150,0,0
22.230148,-44.997517,-150,0,0
21.230148,-44.997517,-150,0,0
20.230148,-44.997517,-150,0,0
19.230148,-44.997517,-150,0,0
18.230148,-44.997517,-150,0,0
17.230148,-44.997517,-150,0,0
16.230148,-44.997517,-150,0,0
15.230148,-44.997517,-150,0,0
14.230148,-44.997517,-150,0,0
13.230148,-44.997517,-150,0,0
12.230148,-44.997517,-150,0,0
11.230148,-44.997517,-150,0,0
10.230148,-44.997517,-150,0,0
9.230148,-44.997517,-150,0,0
8.230148,-44.997517,-150,0,0
7.2301483,-44.997517,-150,0,0
6.2301483,-44.997517,-150,0,0
5.2301483,-44.997517,-150,0,0
4.2301483,-44.997517,-150,0,0
3.2301483,-44.997517,-150,0,0
2.2301483,-44.997517,-150,0,0
1.2301483,-44.997517,-150,0,0
0.23014832,-44.997517,-150,0,0
-0.7698517,-44.997517,-150,0,0
-1.7698517,-44.997517,-150,0,0
-2.7698517,-44.997517,-150,0,0
-3.7698517,-44.997517,-150,0,0
-4.7698517,-44.997517,-150,0,0
-5.7698517,-44.997517,-150,0,0
-6.7698517,-44.997517,-150,0,0
-7.7698517,-44.997517,-150,0,0
-8.769852,-44.997517,-150,0,0
-9.769852,-44.997517,-150,0,0
-10.769852,-44.997517,-150,0,0
-11.769852,-44.997517,-150,0,0
-12.769852,-44.997517,-150,0,0
-13.769852,-44.997517,-150,0,0
-14.769852,-44.997517,-150,0,0
-15.769852,-44.997517,-150,0,0
-16.769852,-44.997517,-150,0,0
-17.769852,-44.997517,-150,0,0
-18.769852,-44.997517,-150,0,0
-19.769852,-44.997517,-150,0,0
-20.769852,-44.997517,-150,0,0
-21.769852,-44.997517,-150,0,0
-22.769852,-44.997517,-150,0,0
-23.769852,-44.997517,-150,0,0
-24.769852,-44.997517,-150,0,0
-25.769852,-44.997517,-150,0,0
-26.769852,-44.997517,-150,0,0
-27.769852,-44.997517,-150,0,0
-28.769852,-44.997517,-150,0,0
-29.769852,-44.997517,-150,0,0
-30.769852,-44.997517,-150,0,0
-31.769852,-44.997517,-150,0,0
-32.76985,-44.997517,-150,0,0
-33.76985,-44.997517,-150,0,0
-34.76985,-44.997517,-150,0,0
-35.76985,-44.997517,-150,0,0
-36.76985,-44.997517,-150,0,0
-37.76985,-44.997517,-150,0,0
-38.76985,-44.997517,-150,0,0
-39.76985,-44.997517,-150,0,0
-40.76985,-44.997517,-150,0,0
-41.76985,-44.997517,-150,0,0
-42.76985,-44.997517,-150,0,0
-43.76985,-44.997517,-150,0,0
-44.76985,-44.997517,-150,0,0
-45.76985,-44.997517,-150,0,0
-46.76985,-44.997517,-150,0,0
-47.76985,-44.997517,-150,0,0
-48.76985,-44.997517,-150,0,0
-49.76985,-44.997517,-150,0,0
49.23015,-45.997517,-150,0,0
48.23015,-45.997517,-150,0,0
47.23015,-45.997517,-150,0,0
46.23015,-45.997517,-150,0,0
45.23015,-45.997517,-150,0,0
44.23015,-45.997517,-150,0,0
43.23015,-45.997517,-150,0,0
42.23015,-45.997517,-150,0,0
41.23015,-45.997517,-150,0,0
40.23015,-45.997517,-150,0,0
39.23015,-45.997517,-150,0,0
38.23015,-45.997517,-150,0,0
37.23015,-45.997517,-150,0,0
36.23015,-45.997517,-150,0,0
35.23015,-45.997517,-150,0,0
34.23015,-45.997517,-150,0,0
33.23015,-45.997517,-150,0,0
32.23015,-45.997517,-150,0,0
31.230148,-45.997517,-150,0,0
30.230148,-45.997517,-150,0,0
29.230148,-45.997517,-150,0,0
28.230148,-45.997517,-150,0,0
27.230148,-45.997517,-150,0,0
26.230148,-45.997517,-150,0,0
25.230148,-45.997517,-150,0,0
24.230148,-45.997517,-150,0,0
23.230148,-45.997517,-150,0,0
22.230148,-45.997517,-150,0,0
21.230148,-45.997517,-150,0,0
20.230148,-45.997517,-150,0,0
19.230148,-45.997517,-150,0,0
18.230148,-45.997517,-150,0,0
17.230148,-45.997517,-150,0,0
16.230148,-45.997517,-150,0,0
15.230148,-45.997517,-150,0,0
14.230148,-45.997517,-150,0,0
13.230148,-45.997517,-150,0,0
12.230148,-45.997517,-150,0,0
11.230148,-45.997517,-150,0,0
10.230148,-45.997517,-150,0,0
9.230148,-45.997517,-150,0,0
8.230148,-45.997517,-150,0,0
7.2301483,-45.997517,-150,0,0
6.2301483,-45.997517,-150,0,0
5.2301483,-45.997517,-150,0,0
4.2301483,-45.997517,-150,0,0
3.2301483,-45.997517,-150,0,0
2.2301483,-45.997517,-150,0,0
1.2301483,-45.997517,-150,0,0
0.23014832,-45.997517,-150,0,0
-0.7698517,-45.997517,-150,0,0
-1.7698517,-45.997517,-150,0,0
-2.7698517,-45.997517,-150,0,0
-3.7698517,-45.997517,-150,0,0
-4.7698517,-45.997517,-150,0,0
-5.7698517,-45.997517,-150,0,0
-6.7698517,-45.997517,-150,0,0
-7.7698517,-45.997517,-150,0,0
-8.769852,-45.997517,-150,0,0
-9.769852,-45.997517,-150,0,0
-10.769852,-45.997517,-150,0,0
-11.769852,-45.997517,-150,0,0
-12.769852,-45.997517,-150,0,0
-13.769852,-45.997517,-150,0,0
-14.769852,-45.997517,-150,0,0
-15.769852,-45.997517,-150,0,0
-16.769852,-45.997517,-150,0,0
-17.769852,-45.997517,-150,0,0
-18.769852,-45.997517,-150,0,0
-19.769852,-45.997517,-150,0,0
-20.769852,-45.997517,-150,0,0
-21.769852,-45.997517,-150,0,0
-22.769852,-45.997517,-150,0,0
-23.769852,-45.997517,-150,0,0
-24.769852,-45.997517,-150,0,0
-25.769852,-45.997517,-150,0,0
-26.769852,-45.997517,-150,0,0
-27.769852,-45.997517,-150,0,0
-28.769852,-45.997517,-150,0,0
-29.769852,-45.997517,-150,0,0
-30.769852,-45.997517,-150,0,0
-31.769852,-45.997517,-150,0,0
-32.76985,-45.997517,-150,0,0
-33.76985,-45.997517,-150,0,0
-34.76985,-45.997517,-150,0,0
-35.76985,-45.997517,-150,0,0
-36.76985,-45.997517,-150,0,0
-37.76985,-45.997517,-150,0,0
-38.76985,-45.997517,-150,0,0
-39.76985,-45.997517,-150,0,0
-40.76985,-45.997517,-150,0,0
-41.76985,-45.997517,-150,0,0
-42.76985,-45.997517,-150,0,0
-43.76985,-45.997517,-150,0,0
-44.76985,-45.997517,-150,0,0
-45.76985,-45.997517,-150,0,0
-46.76985,-45.997517,-150,0,0
-47.76985,-45.997517,-150,0,0
-48.76985,-45.997517,-150,0,0
-49.76985,-45.997517,-150,0,0
49.23015,-46.997517,-150,0,0
48.23015,-46.997517,-150,0,0
47.23015,-46.997517,-150,0,0
46.23015,-46.997517,-150,0,0
45.23015,-46.997517,-150,0,0
44.23015,-46.997517,-150,0,0
43.23015,-46.997517,-150,0,0
42.23015,-46.997517,-150,0,0
41.23015,-46.997517,-150,0,0
40.23015,-46.997517,-150,0,0
39.23015,-46.997517,-150,0,0
38.23015,-46.997517,-150,0,0
37.23015,-46.997517,-150,0,0
36.23015,-46.997517,-150,0,0
35.23015,-46.997517,-150,0,0
34.23015,-46.997517,-150,0,0
33.23015,-46.997517,-150,0,0
32.23015,-46.997517,-150,0,0
31.230148,-46.997517,-150,0,0
30.230148,-46.997517,-150,0,0
29.230148,-46.997517,-150,0,0
28.230148,-46.997517,-150,0,0
27.230148,-46.997517,-150,0,0
26.230148,-46.997517,-150,0,0
25.230148,-46.997517,-150,0,0
24.230148,-46.997517,-150,0,0
23.230148,-46.997517,-150,0,0
22.230148,-46.997517,-150,0,0
21.230148,-46.997517,-150,0,0
20.230148,-46.997517,-150,0,0
19.230148,-46.997517,-150,0,0
18.230148,-46.997517,-150,0,0
17.230148,-46.997517,-150,0,0
16.230148,-46.997517,-150,0,0
15.230148,-46.997517,-150,0,0
14.230148,-46.997517,-150,0,0
13.230148,-46.997517,-150,0,0
12.230148,-46.997517,-150,0,0
11.230148,-46.997517,-150,0,0
10.230148,-46.997517,-150,0,0
9.230148,-46.997517,-150,0,0
8.230148,-46.997517,-150,0,0
7.2301483,-46.997517,-150,0,0
6.2301483,-46.997517,-150,0,0
5.2301483,-46.997517,-150,0,0
4.2301483,-46.997517,-150,0,0
3.2301483,-46.997517,-150,0,0
2.2301483,-46.997517,-150,0,0
1.2301483,-46.997517,-150,0,0
0.23014832,-46.997517,-150,0,0
-0.7698517,-46.997517,-150,0,0
-1.7698517,-46.997517,-150,0,0
-2.7698517,-46.997517,-150,0,0
-3.7698517,-46.997517,-150,0,0
-4.7698517,-46.997517,-150,0,0
-5.7698517,-46.997517,-150,0,0
-6.7698517,-46.997517,-150,0,0
-7.7698517,-46.997517,-150,0,0
-8.769852,-46.997517,-150,0,0
-9.769852,-46.997517,-150,0,0
-10.769852,-46.997517,-150,0,0
-11.769852,-46.997517,-150,0,0
-12.769852,-46.997517,-150,0,0
-13.769852,-46.997517,-150,0,0
-14.769852,-46.997517,-150,0,0
-15.769852,-46.997517,-150,0,0
-16.769852,-46.997517,-150,0,0
-17.769852,-46.997517,-150,0,0
-18.769852,-46.997517,-150,0,0
-19.769852,-46.997517,-150,0,0
-20.769852,-46.997517,-150,0,0
-21.769852,-46.997517,-150,0,0
-22.769852,-46.997517,-150,0,0
-23.769852,-46.997517,-150,0,0
-24.769852,-46.997517,-150,0,0
-25.769852,-46.997517,-150,0,0
-26.769852,-46.997517,-150,0,0
-27.769852,-46.997517,-150,0,0
-28.769852,-46.997517,-150,0,0
-29.769852,-46.997517,-150,0,0
-30.769852,-46.997517,-150,0,0
-31.769852,-46.997517,-150,0,0
-32.76985,-46.997517,-150,0,0
-33.76985,-46.997517,-150,0,0
-34.76985,-46.997517,-150,0,0
-35.76985,-46.997517,-150,0,0
-36.76985,-46.997517,-150,0,0
-37.76985,-46.997517,-150,0,0
-38.76985,-46.997517,-150,0,0
-39.76985,-46.997517,-150,0,0
-40.76985,-46.997517,-150,0,0
-41.76985,-46.997517,-150,0,0
-42.76985,-46.997517,-150,0,0
-43.76985,-46.997517,-150,0,0
-44.76985,-46.997517,-150,0,0
-45.76985,-46.997517,-150,0,0
-46.76985,-46.997517,-150,0,0
-47.76985,-46.997517,-150,0,0
-48.76985,-46.997517,-150,0,0
-49.76985,-46.997517,-150,0,0
