X-coordinate,Y-coordinate,Z-coordinate,Advanced,Counts
49.23015,52.002483,-150,0,0
48.23015,52.002483,-150,0,0
47.23015,52.002483,-150,0,0
46.23015,52.002483,-150,0,0
45.23015,52.002483,-150,0,0
44.23015,52.002483,-150,0,0
43.23015,52.002483,-150,0,0
42.23015,52.002483,-150,0,0
41.23015,52.002483,-150,0,0
40.23015,52.002483,-150,0,0
39.23015,52.002483,-150,0,0
38.23015,52.002483,-150,0,0
37.23015,52.002483,-150,0,0
36.23015,52.002483,-150,0,0
35.23015,52.002483,-150,0,0
34.23015,52.002483,-150,0,0
33.23015,52.002483,-150,0,0
32.23015,52.002483,-150,0,0
31.230148,52.002483,-150,0,0
30.230148,52.002483,-150,0,0
29.230148,52.002483,-150,0,0
28.230148,52.002483,-150,0,0
27.230148,52.002483,-150,0,0
26.230148,52.002483,-150,0,0
25.230148,52.002483,-150,0,0
24.230148,52.002483,-150,0,0
23.230148,52.002483,-150,0,0
22.230148,52.002483,-150,0,0
21.230148,52.002483,-150,0,0
20.230148,52.002483,-150,0,0
19.230148,52.002483,-150,0,0
18.230148,52.002483,-150,0,0
17.230148,52.002483,-150,0,0
16.230148,52.002483,-150,0,0
15.230148,52.002483,-150,0,0
14.230148,52.002483,-150,0,0
13.230148,52.002483,-150,0,0
12.230148,52.002483,-150,0,0
11.230148,52.002483,-150,0,0
10.230148,52.002483,-150,0,0
9.230148,52.002483,-150,0,0
8.230148,52.002483,-150,0,0
7.2301483,52.002483,-150,0,0
6.2301483,52.002483,-150,0,0
5.2301483,52.002483,-150,0,0
4.2301483,52.002483,-150,0,0
3.2301483,52.002483,-150,0,0
2.2301483,52.002483,-150,0,0
1.2301483,52.002483,-150,0,0
0.23014832,52.002483,-150,0,0
-0.7698517,52.002483,-150,0,0
-1.7698517,52.002483,-150,0,0
-2.7698517,52.002483,-150,0,0
-3.7698517,52.002483,-150,0,0
-4.7698517,52.002483,-150,0,0
-5.7698517,52.002483,-150,0,0
-6.7698517,52.002483,-150,0,0
-7.7698517,52.002483,-150,0,0
-8.769852,52.002483,-150,0,0
-9.769852,52.002483,-150,0,0
-10.769852,52.002483,-150,0,0
-11.769852,52.002483,-150,0,0
-12.769852,52.002483,-150,0,0
-13.769852,52.002483,-150,0,0
-14.769852,52.002483,-150,0,0
-15.769852,52.002483,-150,0,0
-16.769852,52.002483,-150,0,0
-17.769852,52.002483,-150,0,0
-18.769852,52.002483,-150,0,0
-19.769852,52.002483,-150,0,0
-20.769852,52.002483,-150,0,0
-21.769852,52.002483,-150,0,0
-22.769852,52.002483,-150,0,0
-23.769852,52.002483,-150,0,0
-24.769852,52.002483,-150,0,0
-25.769852,52.002483,-150,0,0
-26.769852,52.002483,-150,0,0
-27.769852,52.002483,-150,0,0
-28.769852,52.002483,-150,0,0
-29.769852,52.002483,-150,0,0
-30.769852,52.002483,-150,0,0
-31.769852,52.002483,-150,0,0
-32.76985,52.002483,-150,0,0
-33.76985,52.002483,-150,0,0
-34.76985,52.002483,-150,0,0
-35.76985,52.002483,-150,0,0
-36.76985,52.002483,-150,0,0
-37.76985,52.002483,-150,0,0
-38.76985,52.002483,-150,0,0
-39.76985,52.002483,-150,0,0
-40.76985,52.002483,-150,0,0
-41.76985,52.002483,-150,0,0
-42.76985,52.002483,-150,0,0
-43.76985,52.002483,-150,0,0
-44.76985,52.002483,-150,0,0
-45.76985,52.002483,-150,0,0
-46.76985,52.002483,-150,0,0
-47.76985,52.002483,-150,0,0
-48.76985,52.002483,-150,0,0
-49.76985,52.002483,-150,0,0
49.23015,51.002483,-150,0,0
48.23015,51.002483,-150,0,0
47.23015,51.002483,-150,0,0
46.23015,51.002483,-150,0,0
45.23015,51.002483,-150,0,0
44.23015,51.002483,-150,0,0
43.23015,51.002483,-150,0,0
42.23015,51.002483,-150,0,0
41.23015,51.002483,-150,0,0
40.23015,51.002483,-150,0,0
39.23015,51.002483,-150,0,0
38.23015,51.002483,-150,0,0
37.23015,51.002483,-150,0,0
36.23015,51.002483,-150,0,0
35.23015,51.002483,-150,0,0
34.23015,51.002483,-150,0,0
33.23015,51.002483,-150,0,0
32.23015,51.002483,-150,0,0
31.230148,51.002483,-150,0,0
30.230148,51.002483,-150,0,0
29.230148,51.002483,-150,0,0
28.230148,51.002483,-150,0,0
27.230148,51.002483,-150,0,0
26.230148,51.002483,-150,0,0
25.230148,51.002483,-150,0,0
24.230148,51.002483,-150,0,0
23.230148,51.002483,-150,0,0
22.230148,51.002483,-150,0,0
21.230148,51.002483,-150,0,0
20.230148,51.002483,-150,0,0
19.230148,51.002483,-150,0,0
18.230148,51.002483,-150,0,0
17.230148,51.002483,-150,0,0
16.230148,51.002483,-150,0,0
15.230148,51.002483,-150,0,0
14.230148,51.002483,-150,0,0
13.230148,51.002483,-150,0,0
12.230148,51.002483,-150,0,0
11.230148,51.002483,-150,0,0
10.230148,51.002483,-150,0,0
9.230148,51.002483,-150,0,0
8.230148,51.002483,-150,0,0
7.2301483,51.002483,-150,0,0
6.2301483,51.002483,-150,0,0
5.2301483,51.002483,-150,0,0
4.2301483,51.002483,-150,0,0
3.2301483,51.002483,-150,0,0
2.2301483,51.002483,-150,0,0
1.2301483,51.002483,-150,0,0
0.23014832,51.002483,-150,0,0
-0.7698517,51.002483,-150,0,0
-1.7698517,51.002483,-150,0,0
-2.7698517,51.002483,-150,0,0
-3.7698517,51.002483,-150,0,0
-4.7698517,51.002483,-150,0,0
-5.7698517,51.002483,-150,0,0
-6.7698517,51.002483,-150,0,0
-7.7698517,51.002483,-150,0,0
-8.769852,51.002483,-150,0,0
-9.769852,51.002483,-150,0,0
-10.769852,51.002483,-150,0,0
-11.769852,51.002483,-150,0,0
-12.769852,51.002483,-150,0,0
-13.769852,51.002483,-150,0,0
-14.769852,51.002483,-150,0,0
-15.769852,51.002483,-150,0,0
-16.769852,51.002483,-150,0,0
-17.769852,51.002483,-150,0,0
-18.769852,51.002483,-150,0,0
-19.769852,51.002483,-150,0,0
-20.769852,51.002483,-150,0,0
-21.769852,51.002483,-150,0,0
-22.769852,51.002483,-150,0,0
-23.769852,51.002483,-150,0,0
-24.769852,51.002483,-150,0,0
-25.769852,51.002483,-150,0,0
-26.769852,51.002483,-150,0,0
-27.769852,51.002483,-150,0,0
-28.769852,51.002483,-150,0,0
-29.769852,51.002483,-150,0,0
-30.769852,51.002483,-150,0,0
-31.769852,51.002483,-150,0,0
-32.76985,51.002483,-150,0,0
-33.76985,51.002483,-150,0,0
-34.76985,51.002483,-150,0,0
-35.76985,51.002483,-150,0,0
-36.76985,51.002483,-150,0,0
-37.76985,51.002483,-150,0,0
-38.76985,51.002483,-150,0,0
-39.76985,51.002483,-150,0,0
-40.76985,51.002483,-150,0,0
-41.76985,51.002483,-150,0,0
-42.76985,51.002483,-150,0,0
-43.76985,51.002483,-150,0,0
-44.76985,51.002483,-150,0,0
-45.76985,51.002483,-150,0,0
-46.76985,51.002483,-150,0,0
-47.76985,51.002483,-150,0,0
-48.76985,51.002483,-150,0,0
-49.76985,51.002483,-150,0,0
49.23015,50.002483,-150,0,0
48.23015,50.002483,-150,0,0
47.23015,50.002483,-150,0,0
46.23015,50.002483,-150,0,0
45.23015,50.002483,-150,0,0
44.23015,50.002483,-150,0,0
43.23015,50.002483,-150,0,0
42.23015,50.002483,-150,0,0
41.23015,50.002483,-150,0,0
40.23015,50.002483,-150,0,0
39.23015,50.002483,-150,0,0
38.23015,50.002483,-150,0,0
37.23015,50.002483,-150,0,0
36.23015,50.002483,-150,0,0
35.23015,50.002483,-150,0,0
34.23015,50.002483,-150,0,0
33.23015,50.002483,-150,0,0
32.23015,50.002483,-150,0,0
31.230148,50.002483,-150,0,0
30.230148,50.002483,-150,0,0
29.230148,50.002483,-150,0,0
28.230148,50.002483,-150,0,0
27.230148,50.002483,-150,0,0
26.230148,50.002483,-150,0,0
25.230148,50.002483,-150,0,0
24.230148,50.002483,-150,0,0
23.230148,50.002483,-150,0,0
22.230148,50.002483,-150,0,0
21.230148,50.002483,-150,0,0
20.230148,50.002483,-150,0,0
19.230148,50.002483,-150,0,0
18.230148,50.002483,-150,0,0
17.230148,50.002483,-150,0,0
16.230148,50.002483,-150,0,0
15.230148,50.002483,-150,0,0
14.230148,50.002483,-150,0,0
13.230148,50.002483,-150,0,0
12.230148,50.002483,-150,0,0
11.230148,50.002483,-150,0,0
10.230148,50.002483,-150,0,0
9.230148,50.002483,-150,0,0
8.230148,50.002483,-150,0,0
7.2301483,50.002483,-150,0,0
6.2301483,50.002483,-150,0,0
5.2301483,50.002483,-150,0,0
4.2301483,50.002483,-150,0,0
3.2301483,50.002483,-150,0,0
2.2301483,50.002483,-150,0,0
1.2301483,50.002483,-150,0,0
0.23014832,50.002483,-150,0,0
-0.7698517,50.002483,-150,0,0
-1.7698517,50.002483,-150,0,0
-2.7698517,50.002483,-150,0,0
-3.7698517,50.002483,-150,0,0
-4.7698517,50.002483,-150,0,0
-5.7698517,50.002483,-150,0,0
-6.7698517,50.002483,-150,0,0
-7.7698517,50.002483,-150,0,0
-8.769852,50.002483,-150,0,0
-9.769852,50.002483,-150,0,0
-10.769852,50.002483,-150,0,0
-11.769852,50.002483,-150,0,0
-12.769852,50.002483,-150,0,0
-13.769852,50.002483,-150,0,0
-14.769852,50.002483,-150,0,0
-15.769852,50.002483,-150,0,0
-16.769852,50.002483,-150,0,0
-17.769852,50.002483,-150,0,0
-18.769852,50.002483,-150,0,0
-19.769852,50.002483,-150,0,0
-20.769852,50.002483,-150,0,0
-21.769852,50.002483,-150,0,0
-22.769852,50.002483,-150,0,0
-23.769852,50.002483,-150,0,0
-24.769852,50.002483,-150,0,0
-25.769852,50.002483,-150,0,0
-26.769852,50.002483,-150,0,0
-27.769852,50.002483,-150,0,0
-28.769852,50.002483,-150,0,0
-29.769852,50.002483,-150,0,0
-30.769852,50.002483,-150,0,0
-31.769852,50.002483,-150,0,0
-32.76985,50.002483,-150,0,0
-33.76985,50.002483,-150,0,0
-34.76985,50.002483,-150,0,0
-35.76985,50.002483,-150,0,0
-36.76985,50.002483,-150,0,0
-37.76985,50.002483,-150,0,0
-38.76985,50.002483,-150,0,0
-39.76985,50.002483,-150,0,0
-40.76985,50.002483,-150,0,0
-41.76985,50.002483,-150,0,0
-42.76985,50.002483,-150,0,0
-43.76985,50.002483,-150,0,0
-44.76985,50.002483,-150,0,0
-45.76985,50.002483,-150,0,0
-46.76985,50.002483,-150,0,0
-47.76985,50.002483,-150,0,0
-48.76985,50.002483,-150,0,0
-49.76985,50.002483,-150,0,0
49.23015,49.002483,-150,0,0
48.23015,49.002483,-150,0,0
47.23015,49.002483,-150,0,0
46.23015,49.002483,-150,0,0
45.23015,49.002483,-150,0,0
44.23015,49.002483,-150,0,0
43.23015,49.002483,-150,0,0
42.23015,49.002483,-150,0,0
41.23015,49.002483,-150,0,0
40.23015,49.002483,-150,0,0
39.23015,49.002483,-150,0,0
38.23015,49.002483,-150,0,0
37.23015,49.002483,-150,0,0
36.23015,49.002483,-150,0,0
35.23015,49.002483,-150,0,0
34.23015,49.002483,-150,0,0
33.23015,49.002483,-150,0,0
32.23015,49.002483,-150,0,0
31.230148,49.002483,-150,0,0
30.230148,49.002483,-150,0,0
29.230148,49.002483,-150,0,0
28.230148,49.002483,-150,0,0
27.230148,49.002483,-150,0,0
26.230148,49.002483,-150,0,0
25.230148,49.002483,-150,0,0
24.230148,49.002483,-150,0,0
23.230148,49.002483,-150,0,0
22.230148,49.002483,-150,0,0
21.230148,49.002483,-150,0,0
20.230148,49.002483,-150,0,0
19.230148,49.002483,-150,0,0
18.230148,49.002483,-150,0,0
17.230148,49.002483,-150,0,0
16.230148,49.002483,-150,0,0
15.230148,49.002483,-150,0,0
14.230148,49.002483,-150,0,0
13.230148,49.002483,-150,0,0
12.230148,49.002483,-150,0,0
11.230148,49.002483,-150,0,0
10.230148,49.002483,-150,0,0
9.230148,49.002483,-150,0,0
8.230148,49.002483,-150,0,0
7.2301483,49.002483,-150,0,0
6.2301483,49.002483,-150,0,0
5.2301483,49.002483,-150,0,0
4.2301483,49.002483,-150,0,0
3.2301483,49.002483,-150,0,0
2.2301483,49.002483,-150,0,0
1.2301483,49.002483,-150,0,0
0.23014832,49.002483,-150,0,0
-0.7698517,49.002483,-150,0,0
-1.7698517,49.002483,-150,0,0
-2.7698517,49.002483,-150,0,0
-3.7698517,49.002483,-150,0,0
-4.7698517,49.002483,-150,0,0
-5.7698517,49.002483,-150,0,0
-6.7698517,49.002483,-150,0,0
-7.7698517,49.002483,-150,0,0
-8.769852,49.002483,-150,0,0
-9.769852,49.002483,-150,0,0
-10.769852,49.002483,-150,0,0
-11.769852,49.002483,-150,0,0
-12.769852,49.002483,-150,0,0
-13.769852,49.002483,-150,0,0
-14.769852,49.002483,-150,0,0
-15.769852,49.002483,-150,0,0
-16.769852,49.002483,-150,0,0
-17.769852,49.002483,-150,0,0
-18.769852,49.002483,-150,0,0
-19.769852,49.002483,-150,0,0
-20.769852,49.002483,-150,0,0
-21.769852,49.002483,-150,0,0
-22.769852,49.002483,-150,0,0
-23.769852,49.002483,-150,0,0
-24.769852,49.002483,-150,0,0
-25.769852,49.002483,-150,0,0
-26.769852,49.002483,-150,0,0
-27.769852,49.002483,-150,0,0
-28.769852,49.002483,-150,0,0
-29.769852,49.002483,-150,0,0
-30.769852,49.002483,-150,0,0
-31.769852,49.002483,-150,0,0
-32.76985,49.002483,-150,0,0
-33.76985,49.002483,-150,0,0
-34.76985,49.002483,-150,0,0
-35.76985,49.002483,-150,0,0
-36.76985,49.002483,-150,0,0
-37.76985,49.002483,-150,0,0
-38.76985,49.002483,-150,0,0
-39.76985,49.002483,-150,0,0
-40.76985,49.002483,-150,0,0
-41.76985,49.002483,-150,0,0
-42.76985,49.002483,-150,0,0
-43.76985,49.002483,-150,0,0
-44.76985,49.002483,-150,0,0
-45.76985,49.002483,-150,0,0
-46.76985,49.002483,-150,0,0
-47.76985,49.002483,-150,0,0
-48.76985,49.002483,-150,0,0
-49.76985,49.002483,-150,0,0
49.23015,48.002483,-150,0,0
48.23015,48.002483,-150,0,0
47.23015,48.002483,-150,0,0
46.23015,48.002483,-150,0,0
45.23015,48.002483,-150,0,0
44.23015,48.002483,-150,0,0
43.23015,48.002483,-150,0,0
42.23015,48.002483,-150,0,0
41.23015,48.002483,-150,0,0
40.23015,48.002483,-150,0,0
39.23015,48.002483,-150,0,0
38.23015,48.002483,-150,0,0
37.23015,48.002483,-150,0,0
36.23015,48.002483,-150,0,0
35.23015,48.002483,-150,0,0
34.23015,48.002483,-150,0,0
33.23015,48.002483,-150,0,0
32.23015,48.002483,-150,0,0
31.230148,48.002483,-150,0,0
30.230148,48.002483,-150,0,0
29.230148,48.002483,-150,0,0
28.230148,48.002483,-150,0,0
27.230148,48.002483,-150,0,0
26.230148,48.002483,-150,0,0
25.230148,48.002483,-150,0,0
24.230148,48.002483,-150,0,0
23.230148,48.002483,-150,0,0
22.230148,48.002483,-150,0,0
21.230148,48.002483,-150,0,0
20.230148,48.002483,-150,0,0
19.230148,48.002483,-150,0,0
18.230148,48.002483,-150,0,0
17.230148,48.002483,-150,0,0
16.230148,48.002483,-150,0,0
15.230148,48.002483,-150,0,0
14.230148,48.002483,-150,0,0
13.230148,48.002483,-150,0,0
12.230148,48.002483,-150,0,0
11.230148,48.002483,-150,0,0
10.230148,48.002483,-150,0,0
9.230148,48.002483,-150,0,0
8.230148,48.002483,-150,0,0
7.2301483,48.002483,-150,0,0
6.2301483,48.002483,-150,0,0
5.2301483,48.002483,-150,0,0
4.2301483,48.002483,-150,0,0
3.2301483,48.002483,-150,0,0
2.2301483,48.002483,-150,0,0
1.2301483,48.002483,-150,0,0
0.23014832,48.002483,-150,0,0
-0.7698517,48.002483,-150,0,0
-1.7698517,48.002483,-150,0,0
-2.7698517,48.002483,-150,0,0
-3.7698517,48.002483,-150,0,0
-4.7698517,48.002483,-150,0,0
-5.7698517,48.002483,-150,0,0
-6.7698517,48.002483,-150,0,0
-7.7698517,48.002483,-150,0,0
-8.769852,48.002483,-150,0,0
-9.769852,48.002483,-150,0,0
-10.769852,48.002483,-150,0,0
-11.769852,48.002483,-150,0,0
-12.769852,48.002483,-150,0,0
-13.769852,48.002483,-150,0,0
-14.769852,48.002483,-150,0,0
-15.769852,48.002483,-150,0,0
-16.769852,48.002483,-150,0,0
-17.769852,48.002483,-150,0,0
-18.769852,48.002483,-150,0,0
-19.769852,48.002483,-150,0,0
-20.769852,48.002483,-150,0,0
-21.769852,48.002483,-150,0,0
-22.769852,48.002483,-150,0,0
-23.769852,48.002483,-150,0,0
-24.769852,48.002483,-150,0,0
-25.769852,48.002483,-150,0,0
-26.769852,48.002483,-150,0,0
-27.769852,48.002483,-150,0,0
-28.769852,48.002483,-150,0,0
-29.769852,48.002483,-150,0,0
-30.769852,48.002483,-150,0,0
-31.769852,48.002483,-150,0,0
-32.76985,48.002483,-150,0,0
-33.76985,48.002483,-150,0,0
-34.76985,48.002483,-150,0,0
-35.76985,48.002483,-150,0,0
-36.76985,48.002483,-150,0,0
-37.76985,48.002483,-150,0,0
-38.76985,48.002483,-150,0,0
-39.76985,48.002483,-150,0,0
-40.76985,48.002483,-150,0,0
-41.76985,48.002483,-150,0,0
-42.76985,48.002483,-150,0,0
-43.76985,48.002483,-150,0,0
-44.76985,48.002483,-150,0,0
-45.76985,48.002483,-150,0,0
-46.76985,48.002483,-150,0,0
-47.76985,48.002483,-150,0,0
-48.76985,48.002483,-150,0,0
-49.76985,48.002483,-150,0,0
49.23015,47.002483,-150,0,0
48.23015,47.002483,-150,0,0
47.23015,47.002483,-150,0,0
46.23015,47.002483,-150,0,0
45.23015,47.002483,-150,0,0
44.23015,47.002483,-150,0,0
43.23015,47.002483,-150,0,0
42.23015,47.002483,-150,0,0
41.23015,47.002483,-150,0,0
40.23015,47.002483,-150,0,0
39.23015,47.002483,-150,0,0
38.23015,47.002483,-150,0,0
37.23015,47.002483,-150,0,0
36.23015,47.002483,-150,0,0
35.23015,47.002483,-150,0,0
34.23015,47.002483,-150,0,0
33.23015,47.002483,-150,0,0
32.23015,47.002483,-150,0,0
31.230148,47.002483,-150,0,0
30.230148,47.002483,-150,0,0
29.230148,47.002483,-150,0,0
28.230148,47.002483,-150,0,0
27.230148,47.002483,-150,0,0
26.230148,47.002483,-150,0,0
25.230148,47.002483,-150,0,0
24.230148,47.002483,-150,0,0
23.230148,47.002483,-150,0,0
22.230148,47.002483,-150,0,0
21.230148,47.002483,-150,0,0
20.230148,47.002483,-150,0,0
19.230148,47.002483,-150,0,0
18.230148,47.002483,-150,0,0
17.230148,47.002483,-150,0,0
16.230148,47.002483,-150,0,0
15.230148,47.002483,-150,0,0
14.230148,47.002483,-150,0,0
13.230148,47.002483,-150,0,0
12.230148,47.002483,-150,0,0
11.230148,47.002483,-150,0,0
10.230148,47.002483,-150,0,0
9.230148,47.002483,-150,0,0
8.230148,47.002483,-150,0,0
7.2301483,47.002483,-150,0,0
6.2301483,47.002483,-150,0,0
5.2301483,47.002483,-150,0,0
4.2301483,47.002483,-150,0,0
3.2301483,47.002483,-150,0,0
2.2301483,47.002483,-150,0,0
1.2301483,47.002483,-150,0,0
0.23014832,47.002483,-150,0,0
-0.7698517,47.002483,-150,0,0
-1.7698517,47.002483,-150,0,0
-2.7698517,47.002483,-150,0,0
-3.7698517,47.002483,-150,0,0
-4.7698517,47.002483,-150,0,0
-5.7698517,47.002483,-150,0,0
-6.7698517,47.002483,-150,0,0
-7.7698517,47.002483,-150,0,0
-8.769852,47.002483,-150,0,0
-9.769852,47.002483,-150,0,0
-10.769852,47.002483,-150,0,0
-11.769852,47.002483,-150,0,0
-12.769852,47.002483,-150,0,0
-13.769852,47.002483,-150,0,0
-14.769852,47.002483,-150,0,0
-15.769852,47.002483,-150,0,0
-16.769852,47.002483,-150,0,0
-17.769852,47.002483,-150,0,0
-18.769852,47.002483,-150,0,0
-19.769852,47.002483,-150,0,0
-20.769852,47.002483,-150,0,0
-21.769852,47.002483,-150,0,0
-22.769852,47.002483,-150,0,0
-23.769852,47.002483,-150,0,0
-24.769852,47.002483,-150,0,0
-25.769852,47.002483,-150,0,0
-26.769852,47.002483,-150,0,0
-27.769852,47.002483,-150,0,0
-28.769852,47.002483,-150,0,0
-29.769852,47.002483,-150,0,0
-30.769852,47.002483,-150,0,0
-31.769852,47.002483,-150,0,0
-32.76985,47.002483,-150,0,0
-33.76985,47.002483,-150,0,0
-34.76985,47.002483,-150,0,0
-35.76985,47.002483,-150,0,0
-36.76985,47.002483,-150,0,0
-37.76985,47.002483,-150,0,0
-38.76985,47.002483,-150,0,0
-39.76985,47.002483,-150,0,0
-40.76985,47.002483,-150,0,0
-41.76985,47.002483,-150,0,0
-42.76985,47.002483,-150,0,0
-43.76985,47.002483,-150,0,0
-44.76985,47.002483,-150,0,0
-45.76985,47.002483,-150,0,0
-46.76985,47.002483,-150,0,0
-47.76985,47.002483,-150,0,0
-48.76985,47.002483,-150,0,0
-49.76985,47.002483,-150,0,0
49.23015,46.002483,-150,0,0
48.23015,46.002483,-150,0,0
47.23015,46.002483,-150,0,0
46.23015,46.002483,-150,0,0
45.23015,46.002483,-150,0,0
44.23015,46.002483,-150,0,0
43.23015,46.002483,-150,0,0
42.23015,46.002483,-150,0,0
41.23015,46.002483,-150,0,0
40.23015,46.002483,-150,0,0
39.23015,46.002483,-150,0,0
38.23015,46.002483,-150,0,0
37.23015,46.002483,-150,0,0
36.23015,46.002483,-150,0,0
35.23015,46.002483,-150,0,0
34.23015,46.002483,-150,0,0
33.23015,46.002483,-150,0,0
32.23015,46.002483,-150,0,0
31.230148,46.002483,-150,0,0
30.230148,46.002483,-150,0,0
29.230148,46.002483,-150,0,0
28.230148,46.002483,-150,0,0
27.230148,46.002483,-150,0,0
26.230148,46.002483,-150,0,0
25.230148,46.002483,-150,0,0
24.230148,46.002483,-150,0,0
23.230148,46.002483,-150,0,0
22.230148,46.002483,-150,0,0
21.230148,46.002483,-150,0,0
20.230148,46.002483,-150,0,0
19.230148,46.002483,-150,0,0
18.230148,46.002483,-150,0,0
17.230148,46.002483,-150,0,0
16.230148,46.002483,-150,0,0
15.230148,46.002483,-150,0,0
14.230148,46.002483,-150,0,0
13.230148,46.002483,-150,0,0
12.230148,46.002483,-150,0,0
11.230148,46.002483,-150,0,0
10.230148,46.002483,-150,0,0
9.230148,46.002483,-150,0,0
8.230148,46.002483,-150,0,0
7.2301483,46.002483,-150,0,0
6.2301483,46.002483,-150,0,0
5.2301483,46.002483,-150,0,0
4.2301483,46.002483,-150,0,0
3.2301483,46.002483,-150,0,0
2.2301483,46.002483,-150,0,0
1.2301483,46.002483,-150,0,0
0.23014832,46.002483,-150,0,0
-0.7698517,46.002483,-150,0,0
-1.7698517,46.002483,-150,0,0
-2.7698517,46.002483,-150,0,0
-3.7698517,46.002483,-150,0,0
-4.7698517,46.002483,-150,0,0
-5.7698517,46.002483,-150,0,0
-6.7698517,46.002483,-150,0,0
-7.7698517,46.002483,-150,0,0
-8.769852,46.002483,-150,0,0
-9.769852,46.002483,-150,0,0
-10.769852,46.002483,-150,0,0
-11.769852,46.002483,-150,0,0
-12.769852,46.002483,-150,0,0
-13.769852,46.002483,-150,0,0
-14.769852,46.002483,-150,0,0
-15.769852,46.002483,-150,0,0
-16.769852,46.002483,-150,0,0
-17.769852,46.002483,-150,0,0
-18.769852,46.002483,-150,0,0
-19.769852,46.002483,-150,0,0
-20.769852,46.002483,-150,0,0
-21.769852,46.002483,-150,0,0
-22.769852,46.002483,-150,0,0
-23.769852,46.002483,-150,0,0
-24.769852,46.002483,-150,0,0
-25.769852,46.002483,-150,0,0
-26.769852,46.002483,-150,0,0
-27.769852,46.002483,-150,0,0
-28.769852,46.002483,-150,0,0
-29.769852,46.002483,-150,0,0
-30.769852,46.002483,-150,0,0
-31.769852,46.002483,-150,0,0
-32.76985,46.002483,-150,0,0
-33.76985,46.002483,-150,0,0
-34.76985,46.002483,-150,0,0
-35.76985,46.002483,-150,0,0
-36.76985,46.002483,-150,0,0
-37.76985,46.002483,-150,0,0
-38.76985,46.002483,-150,0,0
-39.76985,46.002483,-150,0,0
-40.76985,46.002483,-150,0,0
-41.76985,46.002483,-150,0,0
-42.76985,46.002483,-150,0,0
-43.76985,46.002483,-150,0,0
-44.76985,46.002483,-150,0,0
-45.76985,46.002483,-150,0,0
-46.76985,46.002483,-150,0,0
-47.76985,46.002483,-150,0,0
-48.76985,46.002483,-150,0,0
-49.76985,46.002483,-150,0,0
49.23015,45.002483,-150,0,0
48.23015,45.002483,-150,0,0
47.23015,45.002483,-150,0,0
46.23015,45.002483,-150,0,0
45.23015,45.002483,-150,0,0
44.23015,45.002483,-150,0,0
43.23015,45.002483,-150,0,0
42.23015,45.002483,-150,0,0
41.23015,45.002483,-150,0,0
40.23015,45.002483,-150,0,0
39.23015,45.002483,-150,0,0
38.23015,45.002483,-150,0,0
37.23015,45.002483,-150,0,0
36.23015,45.002483,-150,0,0
35.23015,45.002483,-150,0,0
34.23015,45.002483,-150,0,0
33.23015,45.002483,-150,0,0
32.23015,45.002483,-150,0,0
31.230148,45.002483,-150,0,0
30.230148,45.002483,-150,0,0
29.230148,45.002483,-150,0,0
28.230148,45.002483,-150,0,0
27.230148,45.002483,-150,0,0
26.230148,45.002483,-150,0,0
25.230148,45.002483,-150,0,0
24.230148,45.002483,-150,0,0
23.230148,45.002483,-150,0,0
22.230148,45.002483,-150,0,0
21.230148,45.002483,-150,0,0
20.230148,45.002483,-150,0,0
19.230148,45.002483,-150,0,0
18.230148,45.002483,-150,0,0
17.230148,45.002483,-150,0,0
16.230148,45.002483,-150,0,0
15.230148,45.002483,-150,0,0
14.230148,45.002483,-150,0,0
13.230148,45.002483,-150,0,0
12.230148,45.002483,-150,0,0
11.230148,45.002483,-150,0,0
10.230148,45.002483,-150,0,0
9.230148,45.002483,-150,0,0
8.230148,45.002483,-150,0,0
7.2301483,45.002483,-150,0,0
6.2301483,45.002483,-150,0,0
5.2301483,45.002483,-150,0,0
4.2301483,45.002483,-150,0,0
3.2301483,45.002483,-150,0,0
2.2301483,45.002483,-150,0,0
1.2301483,45.002483,-150,0,0
0.23014832,45.002483,-150,0,0
-0.7698517,45.002483,-150,0,0
-1.7698517,45.002483,-150,0,0
-2.7698517,45.002483,-150,0,0
-3.7698517,45.002483,-150,0,0
-4.7698517,45.002483,-150,0,0
-5.7698517,45.002483,-150,0,0
-6.7698517,45.002483,-150,0,0
-7.7698517,45.002483,-150,0,0
-8.769852,45.002483,-150,0,0
-9.769852,45.002483,-150,0,0
-10.769852,45.002483,-150,0,0
-11.769852,45.002483,-150,0,0
-12.769852,45.002483,-150,0,0
-13.769852,45.002483,-150,0,0
-14.769852,45.002483,-150,0,0
-15.769852,45.002483,-150,0,0
-16.769852,45.002483,-150,0,0
-17.769852,45.002483,-150,0,0
-18.769852,45.002483,-150,0,0
-19.769852,45.002483,-150,0,0
-20.769852,45.002483,-150,0,0
-21.769852,45.002483,-150,0,0
-22.769852,45.002483,-150,0,0
-23.769852,45.002483,-150,0,0
-24.769852,45.002483,-150,0,0
-25.769852,45.002483,-150,0,0
-26.769852,45.002483,-150,0,0
-27.769852,45.002483,-150,0,0
-28.769852,45.002483,-150,0,0
-29.769852,45.002483,-150,0,0
-30.769852,45.002483,-150,0,0
-31.769852,45.002483,-150,0,0
-32.76985,45.002483,-150,0,0
-33.76985,45.002483,-150,0,0
-34.76985,45.002483,-150,0,0
-35.76985,45.002483,-150,0,0
-36.76985,45.002483,-150,0,0
-37.76985,45.002483,-150,0,0
-38.76985,45.002483,-150,0,0
-39.76985,45.002483,-150,0,0
-40.76985,45.002483,-150,0,0
-41.76985,45.002483,-150,0,0
-42.76985,45.002483,-150,0,0
-43.76985,45.002483,-150,0,0
-44.76985,45.002483,-150,0,0
-45.76985,45.002483,-150,0,0
-46.76985,45.002483,-150,0,0
-47.76985,45.002483,-150,0,0
-48.76985,45.002483,-150,0,0
-49.76985,45.002483,-150,0,0
49.23015,44.002483,-150,0,0
48.23015,44.002483,-150,0,0
47.23015,44.002483,-150,0,0
46.23015,44.002483,-150,0,0
45.23015,44.002483,-150,0,0
44.23015,44.002483,-150,0,0
43.23015,44.002483,-150,0,0
42.23015,44.002483,-150,0,0
41.23015,44.002483,-150,0,0
40.23015,44.002483,-150,0,0
39.23015,44.002483,-150,0,0
38.23015,44.002483,-150,0,0
37.23015,44.002483,-150,0,0
36.23015,44.002483,-150,0,0
35.23015,44.002483,-150,0,0
34.23015,44.002483,-150,0,0
33.23015,44.002483,-150,0,0
32.23015,44.002483,-150,0,0
31.230148,44.002483,-150,0,0
30.230148,44.002483,-150,0,0
29.230148,44.002483,-150,0,0
28.230148,44.002483,-150,0,0
27.230148,44.002483,-150,0,0
26.230148,44.002483,-150,0,0
25.230148,44.002483,-150,0,0
24.230148,44.002483,-150,0,0
23.230148,44.002483,-150,0,0
22.230148,44.002483,-150,0,0
21.230148,44.002483,-150,0,0
20.230148,44.002483,-150,0,0
19.230148,44.002483,-150,0,0
18.230148,44.002483,-150,0,0
17.230148,44.002483,-150,0,0
16.230148,44.002483,-150,0,0
15.230148,44.002483,-150,0,0
14.230148,44.002483,-150,0,0
13.230148,44.002483,-150,0,0
12.230148,44.002483,-150,0,0
11.230148,44.002483,-150,0,0
10.230148,44.002483,-150,0,0
9.230148,44.002483,-150,0,0
8.230148,44.002483,-150,0,0
7.2301483,44.002483,-150,0,0
6.2301483,44.002483,-150,0,0
5.2301483,44.002483,-150,0,0
4.2301483,44.002483,-150,0,0
3.2301483,44.002483,-150,0,0
2.2301483,44.002483,-150,0,0
1.2301483,44.002483,-150,0,0
0.23014832,44.002483,-150,0,0
-0.7698517,44.002483,-150,0,0
-1.7698517,44.002483,-150,0,0
-2.7698517,44.002483,-150,0,0
-3.7698517,44.002483,-150,0,0
-4.7698517,44.002483,-150,0,0
-5.7698517,44.002483,-150,0,0
-6.7698517,44.002483,-150,0,0
-7.7698517,44.002483,-150,0,0
-8.769852,44.002483,-150,0,0
-9.769852,44.002483,-150,0,0
-10.769852,44.002483,-150,0,0
-11.769852,44.002483,-150,0,0
-12.769852,44.002483,-150,0,0
-13.769852,44.002483,-150,0,0
-14.769852,44.002483,-150,0,0
-15.769852,44.002483,-150,0,0
-16.769852,44.002483,-150,0,0
-17.769852,44.002483,-150,0,0
-18.769852,44.002483,-150,0,0
-19.769852,44.002483,-150,0,0
-20.769852,44.002483,-150,0,0
-21.769852,44.002483,-150,0,0
-22.769852,44.002483,-150,0,0
-23.769852,44.002483,-150,0,0
-24.769852,44.002483,-150,0,0
-25.769852,44.002483,-150,0,0
-26.769852,44.002483,-150,0,0
-27.769852,44.002483,-150,0,0
-28.769852,44.002483,-150,0,0
-29.769852,44.002483,-150,0,0
-30.769852,44.002483,-150,0,0
-31.769852,44.002483,-150,0,0
-32.76985,44.002483,-150,0,0
-33.76985,44.002483,-150,0,0
-34.76985,44.002483,-150,0,0
-35.76985,44.002483,-150,0,0
-36.76985,44.002483,-150,0,0
-37.76985,44.002483,-150,0,0
-38.76985,44.002483,-150,0,0
-39.76985,44.002483,-150,0,0
-40.76985,44.002483,-150,0,0
-41.76985,44.002483,-150,0,0
-42.76985,44.002483,-150,0,0
-43.76985,44.002483,-150,0,0
-44.76985,44.002483,-150,0,0
-45.76985,44.002483,-150,0,0
-46.76985,44.002483,-150,0,0
-47.76985,44.002483,-150,0,0
-48.76985,44.002483,-150,0,0
-49.76985,44.002483,-150,0,0
49.23015,43.002483,-150,0,0
48.23015,43.002483,-150,0,0
47.23015,43.002483,-150,0,0
46.23015,43.002483,-150,0,0
45.23015,43.002483,-150,0,0
44.23015,43.002483,-150,0,0
43.23015,43.002483,-150,0,0
42.23015,43.002483,-150,0,0
41.23015,43.002483,-150,0,0
40.23015,43.002483,-150,0,0
39.23015,43.002483,-150,0,0
38.23015,43.002483,-150,0,0
37.23015,43.002483,-150,0,0
36.23015,43.002483,-150,0,0
35.23015,43.002483,-150,0,0
34.23015,43.002483,-150,0,0
33.23015,43.002483,-150,0,0
32.23015,43.002483,-150,0,0
31.230148,43.002483,-150,0,0
30.230148,43.002483,-150,0,0
29.230148,43.002483,-150,0,0
28.230148,43.002483,-150,0,0
27.230148,43.002483,-150,0,0
26.230148,43.002483,-150,0,0
25.230148,43.002483,-150,0,0
24.230148,43.002483,-150,0,0
23.230148,43.002483,-150,0,0
22.230148,43.002483,-150,0,0
21.230148,43.002483,-150,0,0
20.230148,43.002483,-150,0,0
19.230148,43.002483,-150,0,0
18.230148,43.002483,-150,0,0
17.230148,43.002483,-150,0,0
16.230148,43.002483,-150,0,0
15.230148,43.002483,-150,0,0
14.230148,43.002483,-150,0,0
13.230148,43.002483,-150,0,0
12.230148,43.002483,-150,0,0
11.230148,43.002483,-150,0,0
10.230148,43.002483,-150,0,0
9.230148,43.002483,-150,0,0
8.230148,43.002483,-150,0,0
7.2301483,43.002483,-150,0,0
6.2301483,43.002483,-150,0,0
5.2301483,43.002483,-150,0,0
4.2301483,43.002483,-150,0,0
3.2301483,43.002483,-150,0,0
2.2301483,43.002483,-150,0,0
1.2301483,43.002483,-150,0,0
0.23014832,43.002483,-150,0,0
-0.7698517,43.002483,-150,0,0
-1.7698517,43.002483,-150,0,0
-2.7698517,43.002483,-150,0,0
-3.7698517,43.002483,-150,0,0
-4.7698517,43.002483,-150,0,0
-5.7698517,43.002483,-150,0,0
-6.7698517,43.002483,-150,0,0
-7.7698517,43.002483,-150,0,0
-8.769852,43.002483,-150,0,0
-9.769852,43.002483,-150,0,0
-10.769852,43.002483,-150,0,0
-11.769852,43.002483,-150,0,0
-12.769852,43.002483,-150,0,0
-13.769852,43.002483,-150,0,0
-14.769852,43.002483,-150,0,0
-15.769852,43.002483,-150,0,0
-16.769852,43.002483,-150,0,0
-17.769852,43.002483,-150,0,0
-18.769852,43.002483,-150,0,0
-19.769852,43.002483,-150,0,0
-20.769852,43.002483,-150,0,0
-21.769852,43.002483,-150,0,0
-22.769852,43.002483,-150,0,0
-23.769852,43.002483,-150,0,0
-24.769852,43.002483,-150,0,0
-25.769852,43.002483,-150,0,0
-26.769852,43.002483,-150,0,0
-27.769852,43.002483,-150,0,0
-28.769852,43.002483,-150,0,0
-29.769852,43.002483,-150,0,0
-30.769852,43.002483,-150,0,0
-31.769852,43.002483,-150,0,0
-32.76985,43.002483,-150,0,0
-33.76985,43.002483,-150,0,0
-34.76985,43.002483,-150,0,0
-35.76985,43.002483,-150,0,0
-36.76985,43.002483,-150,0,0
-37.76985,43.002483,-150,0,0
-38.76985,43.002483,-150,0,0
-39.76985,43.002483,-150,0,0
-40.76985,43.002483,-150,0,0
-41.76985,43.002483,-150,0,0
-42.76985,43.002483,-150,0,0
-43.76985,43.002483,-150,0,0
-44.76985,43.002483,-150,0,0
-45.76985,43.002483,-150,0,0
-46.76985,43.002483,-150,0,0
-47.76985,43.002483,-150,0,0
-48.76985,43.002483,-150,0,0
-49.76985,43.002483,-150,0,0
49.23015,42.002483,-150,0,0
48.23015,42.002483,-150,0,0
47.23015,42.002483,-150,0,0
46.23015,42.002483,-150,0,0
45.23015,42.002483,-150,0,0
44.23015,42.002483,-150,0,0
43.23015,42.002483,-150,0,0
42.23015,42.002483,-150,0,0
41.23015,42.002483,-150,0,0
40.23015,42.002483,-150,0,0
39.23015,42.002483,-150,0,0
38.23015,42.002483,-150,0,0
37.23015,42.002483,-150,0,0
36.23015,42.002483,-150,0,0
35.23015,42.002483,-150,0,0
34.23015,42.002483,-150,0,0
33.23015,42.002483,-150,0,0
32.23015,42.002483,-150,0,0
31.230148,42.002483,-150,0,0
30.230148,42.002483,-150,0,0
29.230148,42.002483,-150,0,0
28.230148,42.002483,-150,0,0
27.230148,42.002483,-150,0,0
26.230148,42.002483,-150,0,0
25.230148,42.002483,-150,0,0
24.230148,42.002483,-150,0,0
23.230148,42.002483,-150,0,0
22.230148,42.002483,-150,0,0
21.230148,42.002483,-150,0,0
20.230148,42.002483,-150,0,0
19.230148,42.002483,-150,0,0
18.230148,42.002483,-150,0,0
17.230148,42.002483,-150,0,0
16.230148,42.002483,-150,0,0
15.230148,42.002483,-150,0,0
14.230148,42.002483,-150,0,0
13.230148,42.002483,-150,0,0
12.230148,42.002483,-150,0,0
11.230148,42.002483,-150,0,0
10.230148,42.002483,-150,0,0
9.230148,42.002483,-150,0,0
8.230148,42.002483,-150,0,0
7.2301483,42.002483,-150,0,0
6.2301483,42.002483,-150,0,0
5.2301483,42.002483,-150,0,0
4.2301483,42.002483,-150,0,0
3.2301483,42.002483,-150,0,0
2.2301483,42.002483,-150,0,0
1.2301483,42.002483,-150,0,0
0.23014832,42.002483,-150,0,0
-0.7698517,42.002483,-150,0,0
-1.7698517,42.002483,-150,0,0
-2.7698517,42.002483,-150,0,0
-3.7698517,42.002483,-150,0,0
-4.7698517,42.002483,-150,0,0
-5.7698517,42.002483,-150,0,0
-6.7698517,42.002483,-150,0,0
-7.7698517,42.002483,-150,0,0
-8.769852,42.002483,-150,0,0
-9.769852,42.002483,-150,0,0
-10.769852,42.002483,-150,0,0
-11.769852,42.002483,-150,0,0
-12.769852,42.002483,-150,0,0
-13.769852,42.002483,-150,0,0
-14.769852,42.002483,-150,0,0
-15.769852,42.002483,-150,0,0
-16.769852,42.002483,-150,0,0
-17.769852,42.002483,-150,0,0
-18.769852,42.002483,-150,0,0
-19.769852,42.002483,-150,0,0
-20.769852,42.002483,-150,0,0
-21.769852,42.002483,-150,0,0
-22.769852,42.002483,-150,0,0
-23.769852,42.002483,-150,0,0
-24.769852,42.002483,-150,0,0
-25.769852,42.002483,-150,0,0
-26.769852,42.002483,-150,0,0
-27.769852,42.002483,-150,0,0
-28.769852,42.002483,-150,0,0
-29.769852,42.002483,-150,0,0
-30.769852,42.002483,-150,0,0
-31.769852,42.002483,-150,0,0
-32.76985,42.002483,-150,0,0
-33.76985,42.002483,-150,0,0
-34.76985,42.002483,-150,0,0
-35.76985,42.002483,-150,0,0
-36.76985,42.002483,-150,0,0
-37.76985,42.002483,-150,0,0
-38.76985,42.002483,-150,0,0
-39.76985,42.002483,-150,0,0
-40.76985,42.002483,-150,0,0
-41.76985,42.002483,-150,0,0
-42.76985,42.002483,-150,0,0
-43.76985,42.002483,-150,0,0
-44.76985,42.002483,-150,0,0
-45.76985,42.002483,-150,0,0
-46.76985,42.002483,-150,0,0
-47.76985,42.002483,-150,0,0
-48.76985,42.002483,-150,0,0
-49.76985,42.002483,-150,0,0
49.23015,41.002483,-150,0,0
48.23015,41.002483,-150,0,0
47.23015,41.002483,-150,0,0
46.23015,41.002483,-150,0,0
45.23015,41.002483,-150,0,0
44.23015,41.002483,-150,0,0
43.23015,41.002483,-150,0,0
42.23015,41.002483,-150,0,0
41.23015,41.002483,-150,0,0
40.23015,41.002483,-150,0,0
39.23015,41.002483,-150,0,0
38.23015,41.002483,-150,0,0
37.23015,41.002483,-150,0,0
36.23015,41.002483,-150,0,0
35.23015,41.002483,-150,0,0
34.23015,41.002483,-150,0,0
33.23015,41.002483,-150,0,0
32.23015,41.002483,-150,0,0
31.230148,41.002483,-150,0,0
30.230148,41.002483,-150,0,0
29.230148,41.002483,-150,0,0
28.230148,41.002483,-150,0,0
27.230148,41.002483,-150,0,0
26.230148,41.002483,-150,0,0
25.230148,41.002483,-150,0,0
24.230148,41.002483,-150,0,0
23.230148,41.002483,-150,0,0
22.230148,41.002483,-150,0,0
21.230148,41.002483,-150,0,0
20.230148,41.002483,-150,0,0
19.230148,41.002483,-150,0,0
18.230148,41.002483,-150,0,0
17.230148,41.002483,-150,0,0
16.230148,41.002483,-150,0,0
15.230148,41.002483,-150,0,0
14.230148,41.002483,-150,0,0
13.230148,41.002483,-150,0,0
12.230148,41.002483,-150,0,0
11.230148,41.002483,-150,0,0
10.230148,41.002483,-150,0,0
9.230148,41.002483,-150,0,0
8.230148,41.002483,-150,0,0
7.2301483,41.002483,-150,0,0
6.2301483,41.002483,-150,0,0
5.2301483,41.002483,-150,0,0
4.2301483,41.002483,-150,0,0
3.2301483,41.002483,-150,0,0
2.2301483,41.002483,-150,0,0
1.2301483,41.002483,-150,0,0
0.23014832,41.002483,-150,0,0
-0.7698517,41.002483,-150,0,0
-1.7698517,41.002483,-150,0,0
-2.7698517,41.002483,-150,0,0
-3.7698517,41.002483,-150,0,0
-4.7698517,41.002483,-150,0,0
-5.7698517,41.002483,-150,0,0
-6.7698517,41.002483,-150,0,0
-7.7698517,41.002483,-150,0,0
-8.769852,41.002483,-150,0,0
-9.769852,41.002483,-150,0,0
-10.769852,41.002483,-150,0,0
-11.769852,41.002483,-150,0,0
-12.769852,41.002483,-150,0,0
-13.769852,41.002483,-150,0,0
-14.769852,41.002483,-150,0,0
-15.769852,41.002483,-150,0,0
-16.769852,41.002483,-150,0,0
-17.769852,41.002483,-150,0,0
-18.769852,41.002483,-150,0,0
-19.769852,41.002483,-150,0,0
-20.769852,41.002483,-150,0,0
-21.769852,41.002483,-150,0,0
-22.769852,41.002483,-150,0,0
-23.769852,41.002483,-150,0,0
-24.769852,41.002483,-150,0,0
-25.769852,41.002483,-150,0,0
-26.769852,41.002483,-150,0,0
-27.769852,41.002483,-150,0,0
-28.769852,41.002483,-150,0,0
-29.769852,41.002483,-150,0,0
-30.769852,41.002483,-150,0,0
-31.769852,41.002483,-150,0,0
-32.76985,41.002483,-150,0,0
-33.76985,41.002483,-150,0,0
-34.76985,41.002483,-150,0,0
-35.76985,41.002483,-150,0,0
-36.76985,41.002483,-150,0,0
-37.76985,41.002483,-150,0,0
-38.76985,41.002483,-150,0,0
-39.76985,41.002483,-150,0,0
-40.76985,41.002483,-150,0,0
-41.76985,41.002483,-150,0,0
-42.76985,41.002483,-150,0,0
-43.76985,41.002483,-150,0,0
-44.76985,41.002483,-150,0,0
-45.76985,41.002483,-150,0,0
-46.76985,41.002483,-150,0,0
-47.76985,41.002483,-150,0,0
-48.76985,41.002483,-150,0,0
-49.76985,41.002483,-150,0,0
49.23015,40.002483,-150,0,0
48.23015,40.002483,-150,0,0
47.23015,40.002483,-150,0,0
46.23015,40.002483,-150,0,0
45.23015,40.002483,-150,0,0
44.23015,40.002483,-150,0,0
43.23015,40.002483,-150,0,0
42.23015,40.002483,-150,0,0
41.23015,40.002483,-150,0,0
40.23015,40.002483,-150,0,0
39.23015,40.002483,-150,0,0
38.23015,40.002483,-150,0,0
37.23015,40.002483,-150,0,0
36.23015,40.002483,-150,0,0
35.23015,40.002483,-150,0,0
34.23015,40.002483,-150,0,0
33.23015,40.002483,-150,0,0
32.23015,40.002483,-150,0,0
31.230148,40.002483,-150,0,0
30.230148,40.002483,-150,0,0
29.230148,40.002483,-150,0,0
28.230148,40.002483,-150,0,0
27.230148,40.002483,-150,0,0
26.230148,40.002483,-150,0,0
25.230148,40.002483,-150,0,0
24.230148,40.002483,-150,0,0
23.230148,40.002483,-150,0,0
22.230148,40.002483,-150,0,0
21.230148,40.002483,-150,0,0
20.230148,40.002483,-150,0,0
19.230148,40.002483,-150,0,0
18.230148,40.002483,-150,0,0
17.230148,40.002483,-150,0,0
16.230148,40.002483,-150,0,0
15.230148,40.002483,-150,0,0
14.230148,40.002483,-150,0,0
13.230148,40.002483,-150,0,0
12.230148,40.002483,-150,0,0
11.230148,40.002483,-150,0,0
10.230148,40.002483,-150,0,0
9.230148,40.002483,-150,0,0
8.230148,40.002483,-150,0,0
7.2301483,40.002483,-150,0,0
6.2301483,40.002483,-150,0,0
5.2301483,40.002483,-150,0,0
4.2301483,40.002483,-150,0,0
3.2301483,40.002483,-150,0,0
2.2301483,40.002483,-150,0,0
1.2301483,40.002483,-150,0,0
0.23014832,40.002483,-150,0,0
-0.7698517,40.002483,-150,0,0
-1.7698517,40.002483,-150,0,0
-2.7698517,40.002483,-150,0,0
-3.7698517,40.002483,-150,0,0
-4.7698517,40.002483,-150,0,0
-5.7698517,40.002483,-150,0,0
-6.7698517,40.002483,-150,0,0
-7.7698517,40.002483,-150,0,0
-8.769852,40.002483,-150,0,0
-9.769852,40.002483,-150,0,0
-10.769852,40.002483,-150,0,0
-11.769852,40.002483,-150,0,0
-12.769852,40.002483,-150,0,0
-13.769852,40.002483,-150,0,0
-14.769852,40.002483,-150,0,0
-15.769852,40.002483,-150,0,0
-16.769852,40.002483,-150,0,0
-17.769852,40.002483,-150,0,0
-18.769852,40.002483,-150,0,0
-19.769852,40.002483,-150,0,0
-20.769852,40.002483,-150,0,0
-21.769852,40.002483,-150,0,0
-22.769852,40.002483,-150,0,0
-23.769852,40.002483,-150,0,0
-24.769852,40.002483,-150,0,0
-25.769852,40.002483,-150,0,0
-26.769852,40.002483,-150,0,0
-27.769852,40.002483,-150,0,0
-28.769852,40.002483,-150,0,0
-29.769852,40.002483,-150,0,0
-30.769852,40.002483,-150,0,0
-31.769852,40.002483,-150,0,0
-32.76985,40.002483,-150,0,0
-33.76985,40.002483,-150,0,0
-34.76985,40.002483,-150,0,0
-35.76985,40.002483,-150,0,0
-36.76985,40.002483,-150,0,0
-37.76985,40.002483,-150,0,0
-38.76985,40.002483,-150,0,0
-39.76985,40.002483,-150,0,0
-40.76985,40.002483,-150,0,0
-41.76985,40.002483,-150,0,0
-42.76985,40.002483,-150,0,0
-43.76985,40.002483,-150,0,0
-44.76985,40.002483,-150,0,0
-45.76985,40.002483,-150,0,0
-46.76985,40.002483,-150,0,0
-47.76985,40.002483,-150,0,0
-48.76985,40.002483,-150,0,0
-49.76985,40.002483,-150,0,0
49.23015,39.002483,-150,0,0
48.23015,39.002483,-150,0,0
47.23015,39.002483,-150,0,0
46.23015,39.002483,-150,0,0
45.23015,39.002483,-150,0,0
44.23015,39.002483,-150,0,0
43.23015,39.002483,-150,0,0
42.23015,39.002483,-150,0,0
41.23015,39.002483,-150,0,0
40.23015,39.002483,-150,0,0
39.23015,39.002483,-150,0,0
38.23015,39.002483,-150,0,0
37.23015,39.002483,-150,0,0
36.23015,39.002483,-150,0,0
35.23015,39.002483,-150,0,0
34.23015,39.002483,-150,0,0
33.23015,39.002483,-150,0,0
32.23015,39.002483,-150,0,0
31.230148,39.002483,-150,0,0
30.230148,39.002483,-150,0,0
29.230148,39.002483,-150,0,0
28.230148,39.002483,-150,0,0
27.230148,39.002483,-150,0,0
26.230148,39.002483,-150,0,0
25.230148,39.002483,-150,0,0
24.230148,39.002483,-150,0,0
23.230148,39.002483,-150,0,0
22.230148,39.002483,-150,0,0
21.230148,39.002483,-150,0,0
20.230148,39.002483,-150,0,0
19.230148,39.002483,-150,0,0
18.230148,39.002483,-150,0,0
17.230148,39.002483,-150,0,0
16.230148,39.002483,-150,0,0
15.230148,39.002483,-150,0,0
14.230148,39.002483,-150,0,0
13.230148,39.002483,-150,0,0
12.230148,39.002483,-150,0,0
11.230148,39.002483,-150,0,0
10.230148,39.002483,-150,0,0
9.230148,39.002483,-150,0,0
8.230148,39.002483,-150,0,0
7.2301483,39.002483,-150,0,0
6.2301483,39.002483,-150,0,0
5.2301483,39.002483,-150,0,0
4.2301483,39.002483,-150,0,0
3.2301483,39.002483,-150,0,0
2.2301483,39.002483,-150,0,0
1.2301483,39.002483,-150,0,0
0.23014832,39.002483,-150,0,0
-0.7698517,39.002483,-150,0,0
-1.7698517,39.002483,-150,0,0
-2.7698517,39.002483,-150,0,0
-3.7698517,39.002483,-150,0,0
-4.7698517,39.002483,-150,0,0
-5.7698517,39.002483,-150,0,0
-6.7698517,39.002483,-150,0,0
-7.7698517,39.002483,-150,0,0
-8.769852,39.002483,-150,0,0
-9.769852,39.002483,-150,0,0
-10.769852,39.002483,-150,0,0
-11.769852,39.002483,-150,0,0
-12.769852,39.002483,-150,0,0
-13.769852,39.002483,-150,0,0
-14.769852,39.002483,-150,0,0
-15.769852,39.002483,-150,0,0
-16.769852,39.002483,-150,0,0
-17.769852,39.002483,-150,0,0
-18.769852,39.002483,-150,0,0
-19.769852,39.002483,-150,0,0
-20.769852,39.002483,-150,0,0
-21.769852,39.002483,-150,0,0
-22.769852,39.002483,-150,0,0
-23.769852,39.002483,-150,0,0
-24.769852,39.002483,-150,0,0
-25.769852,39.002483,-150,0,0
-26.769852,39.002483,-150,0,0
-27.769852,39.002483,-150,0,0
-28.769852,39.002483,-150,0,0
-29.769852,39.002483,-150,0,0
-30.769852,39.002483,-150,0,0
-31.769852,39.002483,-150,0,0
-32.76985,39.002483,-150,0,0
-33.76985,39.002483,-150,0,0
-34.76985,39.002483,-150,0,0
-35.76985,39.002483,-150,0,0
-36.76985,39.002483,-150,0,0
-37.76985,39.002483,-150,0,0
-38.76985,39.002483,-150,0,0
-39.76985,39.002483,-150,0,0
-40.76985,39.002483,-150,0,0
-41.76985,39.002483,-150,0,0
-42.76985,39.002483,-150,0,0
-43.76985,39.002483,-150,0,0
-44.76985,39.002483,-150,0,0
-45.76985,39.002483,-150,0,0
-46.76985,39.002483,-150,0,0
-47.76985,39.002483,-150,0,0
-48.76985,39.002483,-150,0,0
-49.76985,39.002483,-150,0,0
49.23015,38.002483,-150,0,0
48.23015,38.002483,-150,0,0
47.23015,38.002483,-150,0,0
46.23015,38.002483,-150,0,0
45.23015,38.002483,-150,0,0
44.23015,38.002483,-150,0,0
43.23015,38.002483,-150,0,0
42.23015,38.002483,-150,0,0
41.23015,38.002483,-150,0,0
40.23015,38.002483,-150,0,0
39.23015,38.002483,-150,0,0
38.23015,38.002483,-150,0,0
37.23015,38.002483,-150,0,0
36.23015,38.002483,-150,0,0
35.23015,38.002483,-150,0,0
34.23015,38.002483,-150,0,0
33.23015,38.002483,-150,0,0
32.23015,38.002483,-150,0,0
31.230148,38.002483,-150,0,0
30.230148,38.002483,-150,0,0
29.230148,38.002483,-150,0,0
28.230148,38.002483,-150,0,0
27.230148,38.002483,-150,0,0
26.230148,38.002483,-150,0,0
25.230148,38.002483,-150,0,0
24.230148,38.002483,-150,0,0
23.230148,38.002483,-150,0,0
22.230148,38.002483,-150,0,0
21.230148,38.002483,-150,0,0
20.230148,38.002483,-150,0,0
19.230148,38.002483,-150,0,0
18.230148,38.002483,-150,0,0
17.230148,38.002483,-150,0,0
16.230148,38.002483,-150,0,0
15.230148,38.002483,-150,0,0
14.230148,38.002483,-150,0,0
13.230148,38.002483,-150,0,0
12.230148,38.002483,-150,0,0
11.230148,38.002483,-150,0,0
10.230148,38.002483,-150,0,0
9.230148,38.002483,-150,0,0
8.230148,38.002483,-150,0,0
7.2301483,38.002483,-150,0,0
6.2301483,38.002483,-150,0,0
5.2301483,38.002483,-150,0,0
4.2301483,38.002483,-150,0,0
3.2301483,38.002483,-150,0,0
2.2301483,38.002483,-150,0,0
1.2301483,38.002483,-150,0,0
0.23014832,38.002483,-150,0,0
-0.7698517,38.002483,-150,0,0
-1.7698517,38.002483,-150,0,0
-2.7698517,38.002483,-150,0,0
-3.7698517,38.002483,-150,0,0
-4.7698517,38.002483,-150,0,0
-5.7698517,38.002483,-150,0,0
-6.7698517,38.002483,-150,0,0
-7.7698517,38.002483,-150,0,0
-8.769852,38.002483,-150,0,0
-9.769852,38.002483,-150,0,0
-10.769852,38.002483,-150,0,0
-11.769852,38.002483,-150,0,0
-12.769852,38.002483,-150,0,0
-13.769852,38.002483,-150,0,0
-14.769852,38.002483,-150,0,0
-15.769852,38.002483,-150,0,0
-16.769852,38.002483,-150,0,0
-17.769852,38.002483,-150,0,0
-18.769852,38.002483,-150,0,0
-19.769852,38.002483,-150,0,0
-20.769852,38.002483,-150,0,0
-21.769852,38.002483,-150,0,0
-22.769852,38.002483,-150,0,0
-23.769852,38.002483,-150,0,0
-24.769852,38.002483,-150,0,0
-25.769852,38.002483,-150,0,0
-26.769852,38.002483,-150,0,0
-27.769852,38.002483,-150,0,0
-28.769852,38.002483,-150,0,0
-29.769852,38.002483,-150,0,0
-30.769852,38.002483,-150,0,0
-31.769852,38.002483,-150,0,0
-32.76985,38.002483,-150,0,0
-33.76985,38.002483,-150,0,0
-34.76985,38.002483,-150,0,0
-35.76985,38.002483,-150,0,0
-36.76985,38.002483,-150,0,0
-37.76985,38.002483,-150,0,0
-38.76985,38.002483,-150,0,0
-39.76985,38.002483,-150,0,0
-40.76985,38.002483,-150,0,0
-41.76985,38.002483,-150,0,0
-42.76985,38.002483,-150,0,0
-43.76985,38.002483,-150,0,0
-44.76985,38.002483,-150,0,0
-45.76985,38.002483,-150,0,0
-46.76985,38.002483,-150,0,0
-47.76985,38.002483,-150,0,0
-48.76985,38.002483,-150,0,0
-49.76985,38.002483,-150,0,0
49.23015,37.002483,-150,0,0
48.23015,37.002483,-150,0,0
47.23015,37.002483,-150,0,0
46.23015,37.002483,-150,0,0
45.23015,37.002483,-150,0,0
44.23015,37.002483,-150,0,0
43.23015,37.002483,-150,0,0
42.23015,37.002483,-150,0,0
41.23015,37.002483,-150,0,0
40.23015,37.002483,-150,0,0
39.23015,37.002483,-150,0,0
38.23015,37.002483,-150,0,0
37.23015,37.002483,-150,0,0
36.23015,37.002483,-150,0,0
35.23015,37.002483,-150,0,0
34.23015,37.002483,-150,0,0
33.23015,37.002483,-150,0,0
32.23015,37.002483,-150,0,0
31.230148,37.002483,-150,0,0
30.230148,37.002483,-150,0,0
29.230148,37.002483,-150,0,0
28.230148,37.002483,-150,0,0
27.230148,37.002483,-150,0,0
26.230148,37.002483,-150,0,0
25.230148,37.002483,-150,0,0
24.230148,37.002483,-150,0,0
23.230148,37.002483,-150,0,0
22.230148,37.002483,-150,0,0
21.230148,37.002483,-150,0,0
20.230148,37.002483,-150,0,0
19.230148,37.002483,-150,0,0
18.230148,37.002483,-150,0,0
17.230148,37.002483,-150,0,0
16.230148,37.002483,-150,0,0
15.230148,37.002483,-150,0,0
14.230148,37.002483,-150,0,0
13.230148,37.002483,-150,0,0
12.230148,37.002483,-150,0,0
11.230148,37.002483,-150,0,0
10.230148,37.002483,-150,0,0
9.230148,37.002483,-150,0,0
8.230148,37.002483,-150,0,0
7.2301483,37.002483,-150,0,0
6.2301483,37.002483,-150,0,0
5.2301483,37.002483,-150,0,0
4.2301483,37.002483,-150,0,0
3.2301483,37.002483,-150,0,0
2.2301483,37.002483,-150,0,0
1.2301483,37.002483,-150,0,0
0.23014832,37.002483,-150,0,0
-0.7698517,37.002483,-150,0,0
-1.7698517,37.002483,-150,0,0
-2.7698517,37.002483,-150,0,0
-3.7698517,37.002483,-150,0,0
-4.7698517,37.002483,-150,0,0
-5.7698517,37.002483,-150,0,0
-6.7698517,37.002483,-150,0,0
-7.7698517,37.002483,-150,0,0
-8.769852,37.002483,-150,0,0
-9.769852,37.002483,-150,0,0
-10.769852,37.002483,-150,0,0
-11.769852,37.002483,-150,0,0
-12.769852,37.002483,-150,0,0
-13.769852,37.002483,-150,0,0
-14.769852,37.002483,-150,0,0
-15.769852,37.002483,-150,0,0
-16.769852,37.002483,-150,0,0
-17.769852,37.002483,-150,0,0
-18.769852,37.002483,-150,0,0
-19.769852,37.002483,-150,0,0
-20.769852,37.002483,-150,0,0
-21.769852,37.002483,-150,0,0
-22.769852,37.002483,-150,0,0
-23.769852,37.002483,-150,0,0
-24.769852,37.002483,-150,0,0
-25.769852,37.002483,-150,0,0
-26.769852,37.002483,-150,0,0
-27.769852,37.002483,-150,0,0
-28.769852,37.002483,-150,0,0
-29.769852,37.002483,-150,0,0
-30.769852,37.002483,-150,0,0
-31.769852,37.002483,-150,0,0
-32.76985,37.002483,-150,0,0
-33.76985,37.002483,-150,0,0
-34.76985,37.002483,-150,0,0
-35.76985,37.002483,-150,0,0
-36.76985,37.002483,-150,0,0
-37.76985,37.002483,-150,0,0
-38.76985,37.002483,-150,0,0
-39.76985,37.002483,-150,0,0
-40.76985,37.002483,-150,0,0
-41.76985,37.002483,-150,0,0
-42.76985,37.002483,-150,0,0
-43.76985,37.002483,-150,0,0
-44.76985,37.002483,-150,0,0
-45.76985,37.002483,-150,0,0
-46.76985,37.002483,-150,0,0
-47.76985,37.002483,-150,0,0
-48.76985,37.002483,-150,0,0
-49.76985,37.002483,-150,0,0
49.23015,36.002483,-150,0,0
48.23015,36.002483,-150,0,0
47.23015,36.002483,-150,0,0
46.23015,36.002483,-150,0,0
45.23015,36.002483,-150,0,0
44.23015,36.002483,-150,0,0
43.23015,36.002483,-150,0,0
42.23015,36.002483,-150,0,0
41.23015,36.002483,-150,0,0
40.23015,36.002483,-150,0,0
39.23015,36.002483,-150,0,0
38.23015,36.002483,-150,0,0
37.23015,36.002483,-150,0,0
36.23015,36.002483,-150,0,0
35.23015,36.002483,-150,0,0
34.23015,36.002483,-150,0,0
33.23015,36.002483,-150,0,0
32.23015,36.002483,-150,0,0
31.230148,36.002483,-150,0,0
30.230148,36.002483,-150,0,0
29.230148,36.002483,-150,0,0
28.230148,36.002483,-150,0,0
27.230148,36.002483,-150,0,0
26.230148,36.002483,-150,0,0
25.230148,36.002483,-150,0,0
24.230148,36.002483,-150,0,0
23.230148,36.002483,-150,0,0
22.230148,36.002483,-150,0,0
21.230148,36.002483,-150,0,0
20.230148,36.002483,-150,0,0
19.230148,36.002483,-150,0,0
18.230148,36.002483,-150,0,0
17.230148,36.002483,-150,0,0
16.230148,36.002483,-150,0,0
15.230148,36.002483,-150,0,0
14.230148,36.002483,-150,0,0
13.230148,36.002483,-150,0,0
12.230148,36.002483,-150,0,0
11.230148,36.002483,-150,0,0
10.230148,36.002483,-150,0,0
9.230148,36.002483,-150,0,0
8.230148,36.002483,-150,0,0
7.2301483,36.002483,-150,0,0
6.2301483,36.002483,-150,0,0
5.2301483,36.002483,-150,0,0
4.2301483,36.002483,-150,0,0
3.2301483,36.002483,-150,0,0
2.2301483,36.002483,-150,0,0
1.2301483,36.002483,-150,0,0
0.23014832,36.002483,-150,0,0
-0.7698517,36.002483,-150,0,0
-1.7698517,36.002483,-150,0,0
-2.7698517,36.002483,-150,0,0
-3.7698517,36.002483,-150,0,0
-4.7698517,36.002483,-150,0,0
-5.7698517,36.002483,-150,0,0
-6.7698517,36.002483,-150,0,0
-7.7698517,36.002483,-150,0,0
-8.769852,36.002483,-150,0,0
-9.769852,36.002483,-150,0,0
-10.769852,36.002483,-150,0,0
-11.769852,36.002483,-150,0,0
-12.769852,36.002483,-150,0,0
-13.769852,36.002483,-150,0,0
-14.769852,36.002483,-150,0,0
-15.769852,36.002483,-150,0,0
-16.769852,36.002483,-150,0,0
-17.769852,36.002483,-150,0,0
-18.769852,36.002483,-150,0,0
-19.769852,36.002483,-150,0,0
-20.769852,36.002483,-150,0,0
-21.769852,36.002483,-150,0,0
-22.769852,36.002483,-150,0,0
-23.769852,36.002483,-150,0,0
-24.769852,36.002483,-150,0,0
-25.769852,36.002483,-150,0,0
-26.769852,36.002483,-150,0,0
-27.769852,36.002483,-150,0,0
-28.769852,36.002483,-150,0,0
-29.769852,36.002483,-150,0,0
-30.769852,36.002483,-150,0,0
-31.769852,36.002483,-150,0,0
-32.76985,36.002483,-150,0,0
-33.76985,36.002483,-150,0,0
-34.76985,36.002483,-150,0,0
-35.76985,36.002483,-150,0,0
-36.76985,36.002483,-150,0,0
-37.76985,36.002483,-150,0,0
-38.76985,36.002483,-150,0,0
-39.76985,36.002483,-150,0,0
-40.76985,36.002483,-150,0,0
-41.76985,36.002483,-150,0,0
-42.76985,36.002483,-150,0,0
-43.76985,36.002483,-150,0,0
-44.76985,36.002483,-150,0,0
-45.76985,36.002483,-150,0,0
-46.76985,36.002483,-150,0,0
-47.76985,36.002483,-150,0,0
-48.76985,36.002483,-150,0,0
-49.76985,36.002483,-150,0,0
49.23015,35.002483,-150,0,0
48.23015,35.002483,-150,0,0
47.23015,35.002483,-150,0,0
46.23015,35.002483,-150,0,0
45.23015,35.002483,-150,0,0
44.23015,35.002483,-150,0,0
43.23015,35.002483,-150,0,0
42.23015,35.002483,-150,0,0
41.23015,35.002483,-150,0,0
40.23015,35.002483,-150,0,0
39.23015,35.002483,-150,0,0
38.23015,35.002483,-150,0,0
37.23015,35.002483,-150,0,0
36.23015,35.002483,-150,0,0
35.23015,35.002483,-150,0,0
34.23015,35.002483,-150,0,0
33.23015,35.002483,-150,0,0
32.23015,35.002483,-150,0,0
31.230148,35.002483,-150,0,0
30.230148,35.002483,-150,0,0
29.230148,35.002483,-150,0,0
28.230148,35.002483,-150,0,0
27.230148,35.002483,-150,0,0
26.230148,35.002483,-150,0,0
25.230148,35.002483,-150,0,0
24.230148,35.002483,-150,0,0
23.230148,35.002483,-150,0,0
22.230148,35.002483,-150,0,0
21.230148,35.002483,-150,0,0
20.230148,35.002483,-150,0,0
19.230148,35.002483,-150,0,0
18.230148,35.002483,-150,0,0
17.230148,35.002483,-150,0,0
16.230148,35.002483,-150,0,0
15.230148,35.002483,-150,0,0
14.230148,35.002483,-150,0,0
13.230148,35.002483,-150,0,0
12.230148,35.002483,-150,0,0
11.230148,35.002483,-150,0,0
10.230148,35.002483,-150,0,0
9.230148,35.002483,-150,0,0
8.230148,35.002483,-150,0,0
7.2301483,35.002483,-150,0,0
6.2301483,35.002483,-150,0,0
5.2301483,35.002483,-150,0,0
4.2301483,35.002483,-150,0,0
3.2301483,35.002483,-150,0,0
2.2301483,35.002483,-150,0,0
1.2301483,35.002483,-150,0,0
0.23014832,35.002483,-150,0,0
-0.7698517,35.002483,-150,0,0
-1.7698517,35.002483,-150,0,0
-2.7698517,35.002483,-150,0,0
-3.7698517,35.002483,-150,0,0
-4.7698517,35.002483,-150,0,0
-5.7698517,35.002483,-150,0,0
-6.7698517,35.002483,-150,0,0
-7.7698517,35.002483,-150,0,0
-8.769852,35.002483,-150,0,0
-9.769852,35.002483,-150,0,0
-10.769852,35.002483,-150,0,0
-11.769852,35.002483,-150,0,0
-12.769852,35.002483,-150,0,0
-13.769852,35.002483,-150,0,0
-14.769852,35.002483,-150,0,0
-15.769852,35.002483,-150,0,0
-16.769852,35.002483,-150,0,0
-17.769852,35.002483,-150,0,0
-18.769852,35.002483,-150,0,0
-19.769852,35.002483,-150,0,0
-20.769852,35.002483,-150,0,0
-21.769852,35.002483,-150,0,0
-22.769852,35.002483,-150,0,0
-23.769852,35.002483,-150,0,0
-24.769852,35.002483,-150,0,0
-25.769852,35.002483,-150,0,0
-26.769852,35.002483,-150,0,0
-27.769852,35.002483,-150,0,0
-28.769852,35.002483,-150,0,0
-29.769852,35.002483,-150,0,0
-30.769852,35.002483,-150,0,0
-31.769852,35.002483,-150,0,0
-32.76985,35.002483,-150,0,0
-33.76985,35.002483,-150,0,0
-34.76985,35.002483,-150,0,0
-35.76985,35.002483,-150,0,0
-36.76985,35.002483,-150,0,0
-37.76985,35.002483,-150,0,0
-38.76985,35.002483,-150,0,0
-39.76985,35.002483,-150,0,0
-40.76985,35.002483,-150,0,0
-41.76985,35.002483,-150,0,0
-42.76985,35.002483,-150,0,0
-43.76985,35.002483,-150,0,0
-44.76985,35.002483,-150,0,0
-45.76985,35.002483,-150,0,0
-46.76985,35.002483,-150,0,0
-47.76985,35.002483,-150,0,0
-48.76985,35.002483,-150,0,0
-49.76985,35.002483,-150,0,0
49.23015,34.002483,-150,0,0
48.23015,34.002483,-150,0,0
47.23015,34.002483,-150,0,0
46.23015,34.002483,-150,0,0
45.23015,34.002483,-150,0,0
44.23015,34.002483,-150,0,0
43.23015,34.002483,-150,0,0
42.23015,34.002483,-150,0,0
41.23015,34.002483,-150,0,0
40.23015,34.002483,-150,0,0
39.23015,34.002483,-150,0,0
38.23015,34.002483,-150,0,0
37.23015,34.002483,-150,0,0
36.23015,34.002483,-150,0,0
35.23015,34.002483,-150,0,0
34.23015,34.002483,-150,0,0
33.23015,34.002483,-150,0,0
32.23015,34.002483,-150,0,0
31.230148,34.002483,-150,0,0
30.230148,34.002483,-150,0,0
29.230148,34.002483,-150,0,0
28.230148,34.002483,-150,0,0
27.230148,34.002483,-150,0,0
26.230148,34.002483,-150,0,0
25.230148,34.002483,-150,0,0
24.230148,34.002483,-150,0,0
23.230148,34.002483,-150,0,0
22.230148,34.002483,-150,0,0
21.230148,34.002483,-150,0,0
20.230148,34.002483,-150,0,0
19.230148,34.002483,-150,0,0
18.230148,34.002483,-150,0,0
17.230148,34.002483,-150,0,0
16.230148,34.002483,-150,0,0
15.230148,34.002483,-150,0,0
14.230148,34.002483,-150,0,0
13.230148,34.002483,-150,0,0
12.230148,34.002483,-150,0,0
11.230148,34.002483,-150,0,0
10.230148,34.002483,-150,0,0
9.230148,34.002483,-150,0,0
8.230148,34.002483,-150,0,0
7.2301483,34.002483,-150,0,0
6.2301483,34.002483,-150,0,0
5.2301483,34.002483,-150,0,0
4.2301483,34.002483,-150,0,0
3.2301483,34.002483,-150,0,0
2.2301483,34.002483,-150,0,0
1.2301483,34.002483,-150,0,0
0.23014832,34.002483,-150,0,0
-0.7698517,34.002483,-150,0,0
-1.7698517,34.002483,-150,0,0
-2.7698517,34.002483,-150,0,0
-3.7698517,34.002483,-150,0,0
-4.7698517,34.002483,-150,0,0
-5.7698517,34.002483,-150,0,0
-6.7698517,34.002483,-150,0,0
-7.7698517,34.002483,-150,0,0
-8.769852,34.002483,-150,0,0
-9.769852,34.002483,-150,0,0
-10.769852,34.002483,-150,0,0
-11.769852,34.002483,-150,0,0
-12.769852,34.002483,-150,0,0
-13.769852,34.002483,-150,0,0
-14.769852,34.002483,-150,0,0
-15.769852,34.002483,-150,0,0
-16.769852,34.002483,-150,0,0
-17.769852,34.002483,-150,0,0
-18.769852,34.002483,-150,0,0
-19.769852,34.002483,-150,0,0
-20.769852,34.002483,-150,0,0
-21.769852,34.002483,-150,0,0
-22.769852,34.002483,-150,0,0
-23.769852,34.002483,-150,0,0
-24.769852,34.002483,-150,0,0
-25.769852,34.002483,-150,0,0
-26.769852,34.002483,-150,0,0
-27.769852,34.002483,-150,0,0
-28.769852,34.002483,-150,0,0
-29.769852,34.002483,-150,0,0
-30.769852,34.002483,-150,0,0
-31.769852,34.002483,-150,0,0
-32.76985,34.002483,-150,0,0
-33.76985,34.002483,-150,0,0
-34.76985,34.002483,-150,0,0
-35.76985,34.002483,-150,0,0
-36.76985,34.002483,-150,0,0
-37.76985,34.002483,-150,0,0
-38.76985,34.002483,-150,0,0
-39.76985,34.002483,-150,0,0
-40.76985,34.002483,-150,0,0
-41.76985,34.002483,-150,0,0
-42.76985,34.002483,-150,0,0
-43.76985,34.002483,-150,0,0
-44.76985,34.002483,-150,0,0
-45.76985,34.002483,-150,0,0
-46.76985,34.002483,-150,0,0
-47.76985,34.002483,-150,0,0
-48.76985,34.002483,-150,0,0
-49.76985,34.002483,-150,0,0
49.23015,33.002483,-150,0,0
48.23015,33.002483,-150,0,0
47.23015,33.002483,-150,0,0
46.23015,33.002483,-150,0,0
45.23015,33.002483,-150,0,0
44.23015,33.002483,-150,0,0
43.23015,33.002483,-150,0,0
42.23015,33.002483,-150,0,0
41.23015,33.002483,-150,0,0
40.23015,33.002483,-150,0,0
39.23015,33.002483,-150,0,0
38.23015,33.002483,-150,0,0
37.23015,33.002483,-150,0,0
36.23015,33.002483,-150,0,0
35.23015,33.002483,-150,0,0
34.23015,33.002483,-150,0,0
33.23015,33.002483,-150,0,0
32.23015,33.002483,-150,0,0
31.230148,33.002483,-150,0,0
30.230148,33.002483,-150,0,0
29.230148,33.002483,-150,0,0
28.230148,33.002483,-150,0,0
27.230148,33.002483,-150,0,0
26.230148,33.002483,-150,0,0
25.230148,33.002483,-150,0,0
24.230148,33.002483,-150,0,0
23.230148,33.002483,-150,0,0
22.230148,33.002483,-150,0,0
21.230148,33.002483,-150,0,0
20.230148,33.002483,-150,0,0
19.230148,33.002483,-150,0,0
18.230148,33.002483,-150,0,0
17.230148,33.002483,-150,0,0
16.230148,33.002483,-150,0,0
15.230148,33.002483,-150,0,0
14.230148,33.002483,-150,0,0
13.230148,33.002483,-150,0,0
12.230148,33.002483,-150,0,0
11.230148,33.002483,-150,0,0
10.230148,33.002483,-150,0,0
9.230148,33.002483,-150,0,0
8.230148,33.002483,-150,0,0
7.2301483,33.002483,-150,0,0
6.2301483,33.002483,-150,0,0
5.2301483,33.002483,-150,0,0
4.2301483,33.002483,-150,0,0
3.2301483,33.002483,-150,0,0
2.2301483,33.002483,-150,0,0
1.2301483,33.002483,-150,0,0
0.23014832,33.002483,-150,0,0
-0.7698517,33.002483,-150,0,0
-1.7698517,33.002483,-150,0,0
-2.7698517,33.002483,-150,0,0
-3.7698517,33.002483,-150,0,0
-4.7698517,33.002483,-150,0,0
-5.7698517,33.002483,-150,0,0
-6.7698517,33.002483,-150,0,0
-7.7698517,33.002483,-150,0,0
-8.769852,33.002483,-150,0,0
-9.769852,33.002483,-150,0,0
-10.769852,33.002483,-150,0,0
-11.769852,33.002483,-150,0,0
-12.769852,33.002483,-150,0,0
-13.769852,33.002483,-150,0,0
-14.769852,33.002483,-150,0,0
-15.769852,33.002483,-150,0,0
-16.769852,33.002483,-150,0,0
-17.769852,33.002483,-150,0,0
-18.769852,33.002483,-150,0,0
-19.769852,33.002483,-150,0,0
-20.769852,33.002483,-150,0,0
-21.769852,33.002483,-150,0,0
-22.769852,33.002483,-150,0,0
-23.769852,33.002483,-150,0,0
-24.769852,33.002483,-150,0,0
-25.769852,33.002483,-150,0,0
-26.769852,33.002483,-150,0,0
-27.769852,33.002483,-150,0,0
-28.769852,33.002483,-150,0,0
-29.769852,33.002483,-150,0,0
-30.769852,33.002483,-150,0,0
-31.769852,33.002483,-150,0,0
-32.76985,33.002483,-150,0,0
-33.76985,33.002483,-150,0,0
-34.76985,33.002483,-150,0,0
-35.76985,33.002483,-150,0,0
-36.76985,33.002483,-150,0,0
-37.76985,33.002483,-150,0,0
-38.76985,33.002483,-150,0,0
-39.76985,33.002483,-150,0,0
-40.76985,33.002483,-150,0,0
-41.76985,33.002483,-150,0,0
-42.76985,33.002483,-150,0,0
-43.76985,33.002483,-150,0,0
-44.76985,33.002483,-150,0,0
-45.76985,33.002483,-150,0,0
-46.76985,33.002483,-150,0,0
-47.76985,33.002483,-150,0,0
-48.76985,33.002483,-150,0,0
-49.76985,33.002483,-150,0,0
49.23015,32.002483,-150,0,0
48.23015,32.002483,-150,0,0
47.23015,32.002483,-150,0,0
46.23015,32.002483,-150,0,0
45.23015,32.002483,-150,0,0
44.23015,32.002483,-150,0,0
43.23015,32.002483,-150,0,0
42.23015,32.002483,-150,0,0
41.23015,32.002483,-150,0,0
40.23015,32.002483,-150,0,0
39.23015,32.002483,-150,0,0
38.23015,32.002483,-150,0,0
37.23015,32.002483,-150,0,0
36.23015,32.002483,-150,0,0
35.23015,32.002483,-150,0,0
34.23015,32.002483,-150,0,0
33.23015,32.002483,-150,0,0
32.23015,32.002483,-150,0,0
31.230148,32.002483,-150,0,0
30.230148,32.002483,-150,0,0
29.230148,32.002483,-150,0,0
28.230148,32.002483,-150,0,0
27.230148,32.002483,-150,0,0
26.230148,32.002483,-150,0,0
25.230148,32.002483,-150,0,0
24.230148,32.002483,-150,0,0
23.230148,32.002483,-150,0,0
22.230148,32.002483,-150,0,0
21.230148,32.002483,-150,0,0
20.230148,32.002483,-150,0,0
19.230148,32.002483,-150,0,0
18.230148,32.002483,-150,0,0
17.230148,32.002483,-150,0,0
16.230148,32.002483,-150,0,0
15.230148,32.002483,-150,0,0
14.230148,32.002483,-150,0,0
13.230148,32.002483,-150,0,0
12.230148,32.002483,-150,0,0
11.230148,32.002483,-150,0,0
10.230148,32.002483,-150,0,0
9.230148,32.002483,-150,0,0
8.230148,32.002483,-150,0,0
7.2301483,32.002483,-150,0,0
6.2301483,32.002483,-150,0,0
5.2301483,32.002483,-150,0,0
4.2301483,32.002483,-150,0,0
3.2301483,32.002483,-150,0,0
2.2301483,32.002483,-150,0,0
1.2301483,32.002483,-150,0,0
0.23014832,32.002483,-150,0,0
-0.7698517,32.002483,-150,0,0
-1.7698517,32.002483,-150,0,0
-2.7698517,32.002483,-150,0,0
-3.7698517,32.002483,-150,0,0
-4.7698517,32.002483,-150,0,0
-5.7698517,32.002483,-150,0,0
-6.7698517,32.002483,-150,0,0
-7.7698517,32.002483,-150,0,0
-8.769852,32.002483,-150,0,0
-9.769852,32.002483,-150,0,0
-10.769852,32.002483,-150,0,0
-11.769852,32.002483,-150,0,0
-12.769852,32.002483,-150,0,0
-13.769852,32.002483,-150,0,0
-14.769852,32.002483,-150,0,0
-15.769852,32.002483,-150,0,0
-16.769852,32.002483,-150,0,0
-17.769852,32.002483,-150,0,0
-18.769852,32.002483,-150,0,0
-19.769852,32.002483,-150,0,0
-20.769852,32.002483,-150,0,0
-21.769852,32.002483,-150,0,0
-22.769852,32.002483,-150,0,0
-23.769852,32.002483,-150,0,0
-24.769852,32.002483,-150,0,0
-25.769852,32.002483,-150,0,0
-26.769852,32.002483,-150,0,0
-27.769852,32.002483,-150,0,0
-28.769852,32.002483,-150,0,0
-29.769852,32.002483,-150,0,0
-30.769852,32.002483,-150,0,0
-31.769852,32.002483,-150,0,0
-32.76985,32.002483,-150,0,0
-33.76985,32.002483,-150,0,0
-34.76985,32.002483,-150,0,0
-35.76985,32.002483,-150,0,0
-36.76985,32.002483,-150,0,0
-37.76985,32.002483,-150,0,0
-38.76985,32.002483,-150,0,0
-39.76985,32.002483,-150,0,0
-40.76985,32.002483,-150,0,0
-41.76985,32.002483,-150,0,0
-42.76985,32.002483,-150,0,0
-43.76985,32.002483,-150,0,0
-44.76985,32.002483,-150,0,0
-45.76985,32.002483,-150,0,0
-46.76985,32.002483,-150,0,0
-47.76985,32.002483,-150,0,0
-48.76985,32.002483,-150,0,0
-49.76985,32.002483,-150,0,0
49.23015,31.002483,-150,0,0
48.23015,31.002483,-150,0,0
47.23015,31.002483,-150,0,0
46.23015,31.002483,-150,0,0
45.23015,31.002483,-150,0,0
44.23015,31.002483,-150,0,0
43.23015,31.002483,-150,0,0
42.23015,31.002483,-150,0,0
41.23015,31.002483,-150,0,0
40.23015,31.002483,-150,0,0
39.23015,31.002483,-150,0,0
38.23015,31.002483,-150,0,0
37.23015,31.002483,-150,0,0
36.23015,31.002483,-150,0,0
35.23015,31.002483,-150,0,0
34.23015,31.002483,-150,0,0
33.23015,31.002483,-150,0,0
32.23015,31.002483,-150,0,0
31.230148,31.002483,-150,0,0
30.230148,31.002483,-150,0,0
29.230148,31.002483,-150,0,0
28.230148,31.002483,-150,0,0
27.230148,31.002483,-150,0,0
26.230148,31.002483,-150,0,0
25.230148,31.002483,-150,0,0
24.230148,31.002483,-150,0,0
23.230148,31.002483,-150,0,0
22.230148,31.002483,-150,0,0
21.230148,31.002483,-150,0,0
20.230148,31.002483,-150,0,0
19.230148,31.002483,-150,0,0
18.230148,31.002483,-150,0,0
17.230148,31.002483,-150,0,0
16.230148,31.002483,-150,0,0
15.230148,31.002483,-150,0,0
14.230148,31.002483,-150,0,0
13.230148,31.002483,-150,0,0
12.230148,31.002483,-150,0,0
11.230148,31.002483,-150,0,0
10.230148,31.002483,-150,0,0
9.230148,31.002483,-150,0,0
8.230148,31.002483,-150,0,0
7.2301483,31.002483,-150,0,0
6.2301483,31.002483,-150,0,0
5.2301483,31.002483,-150,0,0
4.2301483,31.002483,-150,0,0
3.2301483,31.002483,-150,0,0
2.2301483,31.002483,-150,0,0
1.2301483,31.002483,-150,0,0
0.23014832,31.002483,-150,0,0
-0.7698517,31.002483,-150,0,0
-1.7698517,31.002483,-150,0,0
-2.7698517,31.002483,-150,0,0
-3.7698517,31.002483,-150,0,0
-4.7698517,31.002483,-150,0,0
-5.7698517,31.002483,-150,0,0
-6.7698517,31.002483,-150,0,0
-7.7698517,31.002483,-150,0,0
-8.769852,31.002483,-150,0,0
-9.769852,31.002483,-150,0,0
-10.769852,31.002483,-150,0,0
-11.769852,31.002483,-150,0,0
-12.769852,31.002483,-150,0,0
-13.769852,31.002483,-150,0,0
-14.769852,31.002483,-150,0,0
-15.769852,31.002483,-150,0,0
-16.769852,31.002483,-150,0,0
-17.769852,31.002483,-150,0,0
-18.769852,31.002483,-150,0,0
-19.769852,31.002483,-150,0,0
-20.769852,31.002483,-150,0,0
-21.769852,31.002483,-150,0,0
-22.769852,31.002483,-150,0,0
-23.769852,31.002483,-150,0,0
-24.769852,31.002483,-150,0,0
-25.769852,31.002483,-150,0,0
-26.769852,31.002483,-150,0,0
-27.769852,31.002483,-150,0,0
-28.769852,31.002483,-150,0,0
-29.769852,31.002483,-150,0,0
-30.769852,31.002483,-150,0,0
-31.769852,31.002483,-150,0,0
-32.76985,31.002483,-150,0,0
-33.76985,31.002483,-150,0,0
-34.76985,31.002483,-150,0,0
-35.76985,31.002483,-150,0,0
-36.76985,31.002483,-150,0,0
-37.76985,31.002483,-150,0,0
-38.76985,31.002483,-150,0,0
-39.76985,31.002483,-150,0,0
-40.76985,31.002483,-150,0,0
-41.76985,31.002483,-150,0,0
-42.76985,31.002483,-150,0,0
-43.76985,31.002483,-150,0,0
-44.76985,31.002483,-150,0,0
-45.76985,31.002483,-150,0,0
-46.76985,31.002483,-150,0,0
-47.76985,31.002483,-150,0,0
-48.76985,31.002483,-150,0,0
-49.76985,31.002483,-150,0,0
49.23015,30.002483,-150,0,0
48.23015,30.002483,-150,0,0
47.23015,30.002483,-150,0,0
46.23015,30.002483,-150,0,0
45.23015,30.002483,-150,0,0
44.23015,30.002483,-150,0,0
43.23015,30.002483,-150,0,0
42.23015,30.002483,-150,0,0
41.23015,30.002483,-150,0,0
40.23015,30.002483,-150,0,0
39.23015,30.002483,-150,0,0
38.23015,30.002483,-150,0,0
37.23015,30.002483,-150,0,0
36.23015,30.002483,-150,0,0
35.23015,30.002483,-150,0,0
34.23015,30.002483,-150,0,0
33.23015,30.002483,-150,0,0
32.23015,30.002483,-150,0,0
31.230148,30.002483,-150,0,0
30.230148,30.002483,-150,0,0
29.230148,30.002483,-150,0,0
28.230148,30.002483,-150,0,0
27.230148,30.002483,-150,0,0
26.230148,30.002483,-150,0,0
25.230148,30.002483,-150,0,0
24.230148,30.002483,-150,0,0
23.230148,30.002483,-150,0,0
22.230148,30.002483,-150,0,0
21.230148,30.002483,-150,0,0
20.230148,30.002483,-150,0,0
19.230148,30.002483,-150,0,0
18.230148,30.002483,-150,0,0
17.230148,30.002483,-150,0,0
16.230148,30.002483,-150,0,0
15.230148,30.002483,-150,0,0
14.230148,30.002483,-150,0,0
13.230148,30.002483,-150,0,0
12.230148,30.002483,-150,0,0
11.230148,30.002483,-150,0,0
10.230148,30.002483,-150,0,0
9.230148,30.002483,-150,0,0
8.230148,30.002483,-150,0,0
7.2301483,30.002483,-150,0,0
6.2301483,30.002483,-150,0,0
5.2301483,30.002483,-150,0,0
4.2301483,30.002483,-150,0,0
3.2301483,30.002483,-150,0,0
2.2301483,30.002483,-150,0,0
1.2301483,30.002483,-150,0,0
0.23014832,30.002483,-150,0,0
-0.7698517,30.002483,-150,0,0
-1.7698517,30.002483,-150,0,0
-2.7698517,30.002483,-150,0,0
-3.7698517,30.002483,-150,0,0
-4.7698517,30.002483,-150,0,0
-5.7698517,30.002483,-150,0,0
-6.7698517,30.002483,-150,0,0
-7.7698517,30.002483,-150,0,0
-8.769852,30.002483,-150,0,0
-9.769852,30.002483,-150,0,0
-10.769852,30.002483,-150,0,0
-11.769852,30.002483,-150,0,0
-12.769852,30.002483,-150,0,0
-13.769852,30.002483,-150,0,0
-14.769852,30.002483,-150,0,0
-15.769852,30.002483,-150,0,0
-16.769852,30.002483,-150,0,0
-17.769852,30.002483,-150,0,0
-18.769852,30.002483,-150,0,0
-19.769852,30.002483,-150,0,0
-20.769852,30.002483,-150,0,0
-21.769852,30.002483,-150,0,0
-22.769852,30.002483,-150,0,0
-23.769852,30.002483,-150,0,0
-24.769852,30.002483,-150,0,0
-25.769852,30.002483,-150,0,0
-26.769852,30.002483,-150,0,0
-27.769852,30.002483,-150,0,0
-28.769852,30.002483,-150,0,0
-29.769852,30.002483,-150,0,0
-30.769852,30.002483,-150,0,0
-31.769852,30.002483,-150,0,0
-32.76985,30.002483,-150,0,0
-33.76985,30.002483,-150,0,0
-34.76985,30.002483,-150,0,0
-35.76985,30.002483,-150,0,0
-36.76985,30.002483,-150,0,0
-37.76985,30.002483,-150,0,0
-38.76985,30.002483,-150,0,0
-39.76985,30.002483,-150,0,0
-40.76985,30.002483,-150,0,0
-41.76985,30.002483,-150,0,0
-42.76985,30.002483,-150,0,0
-43.76985,30.002483,-150,0,0
-44.76985,30.002483,-150,0,0
-45.76985,30.002483,-150,0,0
-46.76985,30.002483,-150,0,0
-47.76985,30.002483,-150,0,0
-48.76985,30.002483,-150,0,0
-49.76985,30.002483,-150,0,0
49.23015,29.002483,-150,0,0
48.23015,29.002483,-150,0,0
47.23015,29.002483,-150,0,0
46.23015,29.002483,-150,0,0
45.23015,29.002483,-150,0,0
44.23015,29.002483,-150,0,0
43.23015,29.002483,-150,0,0
42.23015,29.002483,-150,0,0
41.23015,29.002483,-150,0,0
40.23015,29.002483,-150,0,0
39.23015,29.002483,-150,0,0
38.23015,29.002483,-150,0,0
37.23015,29.002483,-150,0,0
36.23015,29.002483,-150,0,0
35.23015,29.002483,-150,0,0
34.23015,29.002483,-150,0,0
33.23015,29.002483,-150,0,0
32.23015,29.002483,-150,0,0
31.230148,29.002483,-150,0,0
30.230148,29.002483,-150,0,0
29.230148,29.002483,-150,0,0
28.230148,29.002483,-150,0,0
27.230148,29.002483,-150,0,0
26.230148,29.002483,-150,0,0
25.230148,29.002483,-150,0,0
24.230148,29.002483,-150,0,0
23.230148,29.002483,-150,0,0
22.230148,29.002483,-150,0,0
21.230148,29.002483,-150,0,0
20.230148,29.002483,-150,0,0
19.230148,29.002483,-150,0,0
18.230148,29.002483,-150,0,0
17.230148,29.002483,-150,0,0
16.230148,29.002483,-150,0,0
15.230148,29.002483,-150,0,0
14.230148,29.002483,-150,0,0
13.230148,29.002483,-150,0,0
12.230148,29.002483,-150,0,0
11.230148,29.002483,-150,0,0
10.230148,29.002483,-150,0,0
9.230148,29.002483,-150,0,0
8.230148,29.002483,-150,0,0
7.2301483,29.002483,-150,0,0
6.2301483,29.002483,-150,0,0
5.2301483,29.002483,-150,0,0
4.2301483,29.002483,-150,0,0
3.2301483,29.002483,-150,0,0
2.2301483,29.002483,-150,0,0
1.2301483,29.002483,-150,0,0
0.23014832,29.002483,-150,0,0
-0.7698517,29.002483,-150,0,0
-1.7698517,29.002483,-150,0,0
-2.7698517,29.002483,-150,0,0
-3.7698517,29.002483,-150,0,0
-4.7698517,29.002483,-150,0,0
-5.7698517,29.002483,-150,0,0
-6.7698517,29.002483,-150,0,0
-7.7698517,29.002483,-150,0,0
-8.769852,29.002483,-150,0,0
-9.769852,29.002483,-150,0,0
-10.769852,29.002483,-150,0,0
-11.769852,29.002483,-150,0,0
-12.769852,29.002483,-150,0,0
-13.769852,29.002483,-150,0,0
-14.769852,29.002483,-150,0,0
-15.769852,29.002483,-150,0,0
-16.769852,29.002483,-150,0,0
-17.769852,29.002483,-150,0,0
-18.769852,29.002483,-150,0,0
-19.769852,29.002483,-150,0,0
-20.769852,29.002483,-150,0,0
-21.769852,29.002483,-150,0,0
-22.769852,29.002483,-150,0,0
-23.769852,29.002483,-150,0,0
-24.769852,29.002483,-150,0,0
-25.769852,29.002483,-150,0,0
-26.769852,29.002483,-150,0,0
-27.769852,29.002483,-150,0,0
-28.769852,29.002483,-150,0,0
-29.769852,29.002483,-150,0,0
-30.769852,29.002483,-150,0,0
-31.769852,29.002483,-150,0,0
-32.76985,29.002483,-150,0,0
-33.76985,29.002483,-150,0,0
-34.76985,29.002483,-150,0,0
-35.76985,29.002483,-150,0,0
-36.76985,29.002483,-150,0,0
-37.76985,29.002483,-150,0,0
-38.76985,29.002483,-150,0,0
-39.76985,29.002483,-150,0,0
-40.76985,29.002483,-150,0,0
-41.76985,29.002483,-150,0,0
-42.76985,29.002483,-150,0,0
-43.76985,29.002483,-150,0,0
-44.76985,29.002483,-150,0,0
-45.76985,29.002483,-150,0,0
-46.76985,29.002483,-150,0,0
-47.76985,29.002483,-150,0,0
-48.76985,29.002483,-150,0,0
-49.76985,29.002483,-150,0,0
49.23015,28.002483,-150,0,0
48.23015,28.002483,-150,0,0
47.23015,28.002483,-150,0,0
46.23015,28.002483,-150,0,0
45.23015,28.002483,-150,0,0
44.23015,28.002483,-150,0,0
43.23015,28.002483,-150,0,0
42.23015,28.002483,-150,0,0
41.23015,28.002483,-150,0,0
40.23015,28.002483,-150,0,0
39.23015,28.002483,-150,0,0
38.23015,28.002483,-150,0,0
37.23015,28.002483,-150,0,0
36.23015,28.002483,-150,0,0
35.23015,28.002483,-150,0,0
34.23015,28.002483,-150,0,0
33.23015,28.002483,-150,0,0
32.23015,28.002483,-150,0,0
31.230148,28.002483,-150,0,0
30.230148,28.002483,-150,0,0
29.230148,28.002483,-150,0,0
28.230148,28.002483,-150,0,0
27.230148,28.002483,-150,0,0
26.230148,28.002483,-150,0,0
25.230148,28.002483,-150,0,0
24.230148,28.002483,-150,0,0
23.230148,28.002483,-150,0,0
22.230148,28.002483,-150,0,0
21.230148,28.002483,-150,0,0
20.230148,28.002483,-150,0,0
19.230148,28.002483,-150,0,0
18.230148,28.002483,-150,0,0
17.230148,28.002483,-150,0,0
16.230148,28.002483,-150,0,0
15.230148,28.002483,-150,0,0
14.230148,28.002483,-150,0,0
13.230148,28.002483,-150,0,0
12.230148,28.002483,-150,0,0
11.230148,28.002483,-150,0,0
10.230148,28.002483,-150,0,0
9.230148,28.002483,-150,0,0
8.230148,28.002483,-150,0,0
7.2301483,28.002483,-150,0,0
6.2301483,28.002483,-150,0,0
5.2301483,28.002483,-150,0,0
4.2301483,28.002483,-150,0,0
3.2301483,28.002483,-150,0,0
2.2301483,28.002483,-150,0,0
1.2301483,28.002483,-150,0,0
0.23014832,28.002483,-150,0,0
-0.7698517,28.002483,-150,0,0
-1.7698517,28.002483,-150,0,0
-2.7698517,28.002483,-150,0,0
-3.7698517,28.002483,-150,0,0
-4.7698517,28.002483,-150,0,0
-5.7698517,28.002483,-150,0,0
-6.7698517,28.002483,-150,0,0
-7.7698517,28.002483,-150,0,0
-8.769852,28.002483,-150,0,0
-9.769852,28.002483,-150,0,0
-10.769852,28.002483,-150,0,0
-11.769852,28.002483,-150,0,0
-12.769852,28.002483,-150,0,0
-13.769852,28.002483,-150,0,0
-14.769852,28.002483,-150,0,0
-15.769852,28.002483,-150,0,0
-16.769852,28.002483,-150,0,0
-17.769852,28.002483,-150,0,0
-18.769852,28.002483,-150,0,0
-19.769852,28.002483,-150,0,0
-20.769852,28.002483,-150,0,0
-21.769852,28.002483,-150,0,0
-22.769852,28.002483,-150,0,0
-23.769852,28.002483,-150,0,0
-24.769852,28.002483,-150,0,0
-25.769852,28.002483,-150,0,0
-26.769852,28.002483,-150,0,0
-27.769852,28.002483,-150,0,0
-28.769852,28.002483,-150,0,0
-29.769852,28.002483,-150,0,0
-30.769852,28.002483,-150,0,0
-31.769852,28.002483,-150,0,0
-32.76985,28.002483,-150,0,0
-33.76985,28.002483,-150,0,0
-34.76985,28.002483,-150,0,0
-35.76985,28.002483,-150,0,0
-36.76985,28.002483,-150,0,0
-37.76985,28.002483,-150,0,0
-38.76985,28.002483,-150,0,0
-39.76985,28.002483,-150,0,0
-40.76985,28.002483,-150,0,0
-41.76985,28.002483,-150,0,0
-42.76985,28.002483,-150,0,0
-43.76985,28.002483,-150,0,0
-44.76985,28.002483,-150,0,0
-45.76985,28.002483,-150,0,0
-46.76985,28.002483,-150,0,0
-47.76985,28.002483,-150,0,0
-48.76985,28.002483,-150,0,0
-49.76985,28.002483,-150,0,0
49.23015,27.002483,-150,0,0
48.23015,27.002483,-150,0,0
47.23015,27.002483,-150,0,0
46.23015,27.002483,-150,0,0
45.23015,27.002483,-150,0,0
44.23015,27.002483,-150,0,0
43.23015,27.002483,-150,0,0
42.23015,27.002483,-150,0,0
41.23015,27.002483,-150,0,0
40.23015,27.002483,-150,0,0
39.23015,27.002483,-150,0,0
38.23015,27.002483,-150,0,0
37.23015,27.002483,-150,0,0
36.23015,27.002483,-150,0,0
35.23015,27.002483,-150,0,0
34.23015,27.002483,-150,0,0
33.23015,27.002483,-150,0,0
32.23015,27.002483,-150,0,0
31.230148,27.002483,-150,0,0
30.230148,27.002483,-150,0,0
29.230148,27.002483,-150,0,0
28.230148,27.002483,-150,0,0
27.230148,27.002483,-150,0,0
26.230148,27.002483,-150,0,0
25.230148,27.002483,-150,0,0
24.230148,27.002483,-150,0,0
23.230148,27.002483,-150,0,0
22.230148,27.002483,-150,0,0
21.230148,27.002483,-150,0,0
20.230148,27.002483,-150,0,0
19.230148,27.002483,-150,0,0
18.230148,27.002483,-150,0,0
17.230148,27.002483,-150,0,0
16.230148,27.002483,-150,0,0
15.230148,27.002483,-150,0,0
14.230148,27.002483,-150,0,0
13.230148,27.002483,-150,0,0
12.230148,27.002483,-150,0,0
11.230148,27.002483,-150,0,0
10.230148,27.002483,-150,0,0
9.230148,27.002483,-150,0,0
8.230148,27.002483,-150,0,0
7.2301483,27.002483,-150,0,0
6.2301483,27.002483,-150,0,0
5.2301483,27.002483,-150,0,0
4.2301483,27.002483,-150,0,0
3.2301483,27.002483,-150,0,0
2.2301483,27.002483,-150,0,0
1.2301483,27.002483,-150,0,0
0.23014832,27.002483,-150,0,0
-0.7698517,27.002483,-150,0,0
-1.7698517,27.002483,-150,0,0
-2.7698517,27.002483,-150,0,0
-3.7698517,27.002483,-150,0,0
-4.7698517,27.002483,-150,0,0
-5.7698517,27.002483,-150,0,0
-6.7698517,27.002483,-150,0,0
-7.7698517,27.002483,-150,0,0
-8.769852,27.002483,-150,0,0
-9.769852,27.002483,-150,0,0
-10.769852,27.002483,-150,0,0
-11.769852,27.002483,-150,0,0
-12.769852,27.002483,-150,0,0
-13.769852,27.002483,-150,0,0
-14.769852,27.002483,-150,0,0
-15.769852,27.002483,-150,0,0
-16.769852,27.002483,-150,0,0
-17.769852,27.002483,-150,0,0
-18.769852,27.002483,-150,0,0
-19.769852,27.002483,-150,0,0
-20.769852,27.002483,-150,0,0
-21.769852,27.002483,-150,0,0
-22.769852,27.002483,-150,0,0
-23.769852,27.002483,-150,0,0
-24.769852,27.002483,-150,0,0
-25.769852,27.002483,-150,0,0
-26.769852,27.002483,-150,0,0
-27.769852,27.002483,-150,0,0
-28.769852,27.002483,-150,0,0
-29.769852,27.002483,-150,0,0
-30.769852,27.002483,-150,0,0
-31.769852,27.002483,-150,0,0
-32.76985,27.002483,-150,0,0
-33.76985,27.002483,-150,0,0
-34.76985,27.002483,-150,0,0
-35.76985,27.002483,-150,0,0
-36.76985,27.002483,-150,0,0
-37.76985,27.002483,-150,0,0
-38.76985,27.002483,-150,0,0
-39.76985,27.002483,-150,0,0
-40.76985,27.002483,-150,0,0
-41.76985,27.002483,-150,0,0
-42.76985,27.002483,-150,0,0
-43.76985,27.002483,-150,0,0
-44.76985,27.002483,-150,0,0
-45.76985,27.002483,-150,0,0
-46.76985,27.002483,-150,0,0
-47.76985,27.002483,-150,0,0
-48.76985,27.002483,-150,0,0
-49.76985,27.002483,-150,0,0
49.23015,26.002483,-150,0,0
48.23015,26.002483,-150,0,0
47.23015,26.002483,-150,0,0
46.23015,26.002483,-150,0,0
45.23015,26.002483,-150,0,0
44.23015,26.002483,-150,0,0
43.23015,26.002483,-150,0,0
42.23015,26.002483,-150,0,0
41.23015,26.002483,-150,0,0
40.23015,26.002483,-150,0,0
39.23015,26.002483,-150,0,0
38.23015,26.002483,-150,0,0
37.23015,26.002483,-150,0,0
36.23015,26.002483,-150,0,0
35.23015,26.002483,-150,0,0
34.23015,26.002483,-150,0,0
33.23015,26.002483,-150,0,0
32.23015,26.002483,-150,0,0
31.230148,26.002483,-150,0,0
30.230148,26.002483,-150,0,0
29.230148,26.002483,-150,0,0
28.230148,26.002483,-150,0,0
27.230148,26.002483,-150,0,0
26.230148,26.002483,-150,0,0
25.230148,26.002483,-150,0,0
24.230148,26.002483,-150,0,0
23.230148,26.002483,-150,0,0
22.230148,26.002483,-150,0,0
21.230148,26.002483,-150,0,0
20.230148,26.002483,-150,0,0
19.230148,26.002483,-150,0,0
18.230148,26.002483,-150,0,0
17.230148,26.002483,-150,0,0
16.230148,26.002483,-150,0,0
15.230148,26.002483,-150,0,0
14.230148,26.002483,-150,0,0
13.230148,26.002483,-150,0,0
12.230148,26.002483,-150,0,0
11.230148,26.002483,-150,0,0
10.230148,26.002483,-150,0,0
9.230148,26.002483,-150,0,0
8.230148,26.002483,-150,0,0
7.2301483,26.002483,-150,0,0
6.2301483,26.002483,-150,0,0
5.2301483,26.002483,-150,0,0
4.2301483,26.002483,-150,0,0
3.2301483,26.002483,-150,0,0
2.2301483,26.002483,-150,0,0
1.2301483,26.002483,-150,0,0
0.23014832,26.002483,-150,0,0
-0.7698517,26.002483,-150,0,0
-1.7698517,26.002483,-150,0,0
-2.7698517,26.002483,-150,0,0
-3.7698517,26.002483,-150,0,0
-4.7698517,26.002483,-150,0,0
-5.7698517,26.002483,-150,0,0
-6.7698517,26.002483,-150,0,0
-7.7698517,26.002483,-150,0,0
-8.769852,26.002483,-150,0,0
-9.769852,26.002483,-150,0,0
-10.769852,26.002483,-150,0,0
-11.769852,26.002483,-150,0,0
-12.769852,26.002483,-150,0,0
-13.769852,26.002483,-150,0,0
-14.769852,26.002483,-150,0,0
-15.769852,26.002483,-150,0,0
-16.769852,26.002483,-150,0,0
-17.769852,26.002483,-150,0,0
-18.769852,26.002483,-150,0,0
-19.769852,26.002483,-150,0,0
-20.769852,26.002483,-150,0,0
-21.769852,26.002483,-150,0,0
-22.769852,26.002483,-150,0,0
-23.769852,26.002483,-150,0,0
-24.769852,26.002483,-150,0,0
-25.769852,26.002483,-150,0,0
-26.769852,26.002483,-150,0,0
-27.769852,26.002483,-150,0,0
-28.769852,26.002483,-150,0,0
-29.769852,26.002483,-150,0,0
-30.769852,26.002483,-150,0,0
-31.769852,26.002483,-150,0,0
-32.76985,26.002483,-150,0,0
-33.76985,26.002483,-150,0,0
-34.76985,26.002483,-150,0,0
-35.76985,26.002483,-150,0,0
-36.76985,26.002483,-150,0,0
-37.76985,26.002483,-150,0,0
-38.76985,26.002483,-150,0,0
-39.76985,26.002483,-150,0,0
-40.76985,26.002483,-150,0,0
-41.76985,26.002483,-150,0,0
-42.76985,26.002483,-150,0,0
-43.76985,26.002483,-150,0,0
-44.76985,26.002483,-150,0,0
-45.76985,26.002483,-150,0,0
-46.76985,26.002483,-150,0,0
-47.76985,26.002483,-150,0,0
-48.76985,26.002483,-150,0,0
-49.76985,26.002483,-150,0,0
49.23015,25.002483,-150,0,0
48.23015,25.002483,-150,0,0
47.23015,25.002483,-150,0,0
46.23015,25.002483,-150,0,0
45.23015,25.002483,-150,0,0
44.23015,25.002483,-150,0,0
43.23015,25.002483,-150,0,0
42.23015,25.002483,-150,0,0
41.23015,25.002483,-150,0,0
40.23015,25.002483,-150,0,0
39.23015,25.002483,-150,0,0
38.23015,25.002483,-150,0,0
37.23015,25.002483,-150,0,0
36.23015,25.002483,-150,0,0
35.23015,25.002483,-150,0,0
34.23015,25.002483,-150,0,0
33.23015,25.002483,-150,0,0
32.23015,25.002483,-150,0,0
31.230148,25.002483,-150,0,0
30.230148,25.002483,-150,0,0
29.230148,25.002483,-150,0,0
28.230148,25.002483,-150,0,0
27.230148,25.002483,-150,0,0
26.230148,25.002483,-150,0,0
25.230148,25.002483,-150,0,0
24.230148,25.002483,-150,0,0
23.230148,25.002483,-150,0,0
22.230148,25.002483,-150,0,0
21.230148,25.002483,-150,0,0
20.230148,25.002483,-150,0,0
19.230148,25.002483,-150,0,0
18.230148,25.002483,-150,0,0
17.230148,25.002483,-150,0,0
16.230148,25.002483,-150,0,0
15.230148,25.002483,-150,0,0
14.230148,25.002483,-150,0,0
13.230148,25.002483,-150,0,0
12.230148,25.002483,-150,0,0
11.230148,25.002483,-150,0,0
10.230148,25.002483,-150,0,0
9.230148,25.002483,-150,0,0
8.230148,25.002483,-150,0,0
7.2301483,25.002483,-150,0,0
6.2301483,25.002483,-150,0,0
5.2301483,25.002483,-150,0,0
4.2301483,25.002483,-150,0,0
3.2301483,25.002483,-150,0,0
2.2301483,25.002483,-150,0,0
1.2301483,25.002483,-150,0,0
0.23014832,25.002483,-150,0,0
-0.7698517,25.002483,-150,0,0
-1.7698517,25.002483,-150,0,0
-2.7698517,25.002483,-150,0,0
-3.7698517,25.002483,-150,0,0
-4.7698517,25.002483,-150,0,0
-5.7698517,25.002483,-150,0,0
-6.7698517,25.002483,-150,0,0
-7.7698517,25.002483,-150,0,0
-8.769852,25.002483,-150,0,0
-9.769852,25.002483,-150,0,0
-10.769852,25.002483,-150,0,0
-11.769852,25.002483,-150,0,0
-12.769852,25.002483,-150,0,0
-13.769852,25.002483,-150,0,0
-14.769852,25.002483,-150,0,0
-15.769852,25.002483,-150,0,0
-16.769852,25.002483,-150,0,0
-17.769852,25.002483,-150,0,0
-18.769852,25.002483,-150,0,0
-19.769852,25.002483,-150,0,0
-20.769852,25.002483,-150,0,0
-21.769852,25.002483,-150,0,0
-22.769852,25.002483,-150,0,0
-23.769852,25.002483,-150,0,0
-24.769852,25.002483,-150,0,0
-25.769852,25.002483,-150,0,0
-26.769852,25.002483,-150,0,0
-27.769852,25.002483,-150,0,0
-28.769852,25.002483,-150,0,0
-29.769852,25.002483,-150,0,0
-30.769852,25.002483,-150,0,0
-31.769852,25.002483,-150,0,0
-32.76985,25.002483,-150,0,0
-33.76985,25.002483,-150,0,0
-34.76985,25.002483,-150,0,0
-35.76985,25.002483,-150,0,0
-36.76985,25.002483,-150,0,0
-37.76985,25.002483,-150,0,0
-38.76985,25.002483,-150,0,0
-39.76985,25.002483,-150,0,0
-40.76985,25.002483,-150,0,0
-41.76985,25.002483,-150,0,0
-42.76985,25.002483,-150,0,0
-43.76985,25.002483,-150,0,0
-44.76985,25.002483,-150,0,0
-45.76985,25.002483,-150,0,0
-46.76985,25.002483,-150,0,0
-47.76985,25.002483,-150,0,0
-48.76985,25.002483,-150,0,0
-49.76985,25.002483,-150,0,0
49.23015,24.002483,-150,0,0
48.23015,24.002483,-150,0,0
47.23015,24.002483,-150,0,0
46.23015,24.002483,-150,0,0
45.23015,24.002483,-150,0,0
44.23015,24.002483,-150,0,0
43.23015,24.002483,-150,0,0
42.23015,24.002483,-150,0,0
41.23015,24.002483,-150,0,0
40.23015,24.002483,-150,0,0
39.23015,24.002483,-150,0,0
38.23015,24.002483,-150,0,0
37.23015,24.002483,-150,0,0
36.23015,24.002483,-150,0,0
35.23015,24.002483,-150,0,0
34.23015,24.002483,-150,0,0
33.23015,24.002483,-150,0,0
32.23015,24.002483,-150,0,0
31.230148,24.002483,-150,0,0
30.230148,24.002483,-150,0,0
29.230148,24.002483,-150,0,0
28.230148,24.002483,-150,0,0
27.230148,24.002483,-150,0,0
26.230148,24.002483,-150,0,0
25.230148,24.002483,-150,0,0
24.230148,24.002483,-150,0,0
23.230148,24.002483,-150,0,0
22.230148,24.002483,-150,0,0
21.230148,24.002483,-150,0,0
20.230148,24.002483,-150,0,0
19.230148,24.002483,-150,0,0
18.230148,24.002483,-150,0,0
17.230148,24.002483,-150,0,0
16.230148,24.002483,-150,0,0
15.230148,24.002483,-150,0,0
14.230148,24.002483,-150,0,0
13.230148,24.002483,-150,0,0
12.230148,24.002483,-150,0,0
11.230148,24.002483,-150,0,0
10.230148,24.002483,-150,0,0
9.230148,24.002483,-150,0,0
8.230148,24.002483,-150,0,0
7.2301483,24.002483,-150,0,0
6.2301483,24.002483,-150,0,0
5.2301483,24.002483,-150,0,0
4.2301483,24.002483,-150,0,0
3.2301483,24.002483,-150,0,0
2.2301483,24.002483,-150,0,0
1.2301483,24.002483,-150,0,0
0.23014832,24.002483,-150,0,0
-0.7698517,24.002483,-150,0,0
-1.7698517,24.002483,-150,0,0
-2.7698517,24.002483,-150,0,0
-3.7698517,24.002483,-150,0,0
-4.7698517,24.002483,-150,0,0
-5.7698517,24.002483,-150,0,0
-6.7698517,24.002483,-150,0,0
-7.7698517,24.002483,-150,0,0
-8.769852,24.002483,-150,0,0
-9.769852,24.002483,-150,0,0
-10.769852,24.002483,-150,0,0
-11.769852,24.002483,-150,0,0
-12.769852,24.002483,-150,0,0
-13.769852,24.002483,-150,0,0
-14.769852,24.002483,-150,0,0
-15.769852,24.002483,-150,0,0
-16.769852,24.002483,-150,0,0
-17.769852,24.002483,-150,0,0
-18.769852,24.002483,-150,0,0
-19.769852,24.002483,-150,0,0
-20.769852,24.002483,-150,0,0
-21.769852,24.002483,-150,0,0
-22.769852,24.002483,-150,0,0
-23.769852,24.002483,-150,0,0
-24.769852,24.002483,-150,0,0
-25.769852,24.002483,-150,0,0
-26.769852,24.002483,-150,0,0
-27.769852,24.002483,-150,0,0
-28.769852,24.002483,-150,0,0
-29.769852,24.002483,-150,0,0
-30.769852,24.002483,-150,0,0
-31.769852,24.002483,-150,0,0
-32.76985,24.002483,-150,0,0
-33.76985,24.002483,-150,0,0
-34.76985,24.002483,-150,0,0
-35.76985,24.002483,-150,0,0
-36.76985,24.002483,-150,0,0
-37.76985,24.002483,-150,0,0
-38.76985,24.002483,-150,0,0
-39.76985,24.002483,-150,0,0
-40.76985,24.002483,-150,0,0
-41.76985,24.002483,-150,0,0
-42.76985,24.002483,-150,0,0
-43.76985,24.002483,-150,0,0
-44.76985,24.002483,-150,0,0
-45.76985,24.002483,-150,0,0
-46.76985,24.002483,-150,0,0
-47.76985,24.002483,-150,0,0
-48.76985,24.002483,-150,0,0
-49.76985,24.002483,-150,0,0
49.23015,23.002483,-150,0,0
48.23015,23.002483,-150,0,0
47.23015,23.002483,-150,0,0
46.23015,23.002483,-150,0,0
45.23015,23.002483,-150,0,0
44.23015,23.002483,-150,0,0
43.23015,23.002483,-150,0,0
42.23015,23.002483,-150,0,0
41.23015,23.002483,-150,0,0
40.23015,23.002483,-150,0,0
39.23015,23.002483,-150,0,0
38.23015,23.002483,-150,0,0
37.23015,23.002483,-150,0,0
36.23015,23.002483,-150,0,0
35.23015,23.002483,-150,0,0
34.23015,23.002483,-150,0,0
33.23015,23.002483,-150,0,0
32.23015,23.002483,-150,0,0
31.230148,23.002483,-150,0,0
30.230148,23.002483,-150,0,0
29.230148,23.002483,-150,0,0
28.230148,23.002483,-150,0,0
27.230148,23.002483,-150,0,0
26.230148,23.002483,-150,0,0
25.230148,23.002483,-150,0,0
24.230148,23.002483,-150,0,0
23.230148,23.002483,-150,0,0
22.230148,23.002483,-150,0,0
21.230148,23.002483,-150,0,0
20.230148,23.002483,-150,0,0
19.230148,23.002483,-150,0,0
18.230148,23.002483,-150,0,0
17.230148,23.002483,-150,0,0
16.230148,23.002483,-150,0,0
15.230148,23.002483,-150,0,0
14.230148,23.002483,-150,0,0
13.230148,23.002483,-150,0,0
12.230148,23.002483,-150,0,0
11.230148,23.002483,-150,0,0
10.230148,23.002483,-150,0,0
9.230148,23.002483,-150,0,0
8.230148,23.002483,-150,0,0
7.2301483,23.002483,-150,0,0
6.2301483,23.002483,-150,0,0
5.2301483,23.002483,-150,0,0
4.2301483,23.002483,-150,0,0
3.2301483,23.002483,-150,0,3.999999
2.2301483,23.002483,-150,0,0
1.2301483,23.002483,-150,0,0
0.23014832,23.002483,-150,0,0
-0.7698517,23.002483,-150,0,0
-1.7698517,23.002483,-150,0,0
-2.7698517,23.002483,-150,0,0
-3.7698517,23.002483,-150,0,0
-4.7698517,23.002483,-150,0,0
-5.7698517,23.002483,-150,0,0
-6.7698517,23.002483,-150,0,0
-7.7698517,23.002483,-150,0,0
-8.769852,23.002483,-150,0,0
-9.769852,23.002483,-150,0,0
-10.769852,23.002483,-150,0,0
-11.769852,23.002483,-150,0,0
-12.769852,23.002483,-150,0,0
-13.769852,23.002483,-150,0,0
-14.769852,23.002483,-150,0,0
-15.769852,23.002483,-150,0,0
-16.769852,23.002483,-150,0,0
-17.769852,23.002483,-150,0,0
-18.769852,23.002483,-150,0,0
-19.769852,23.002483,-150,0,0
-20.769852,23.002483,-150,0,0
-21.769852,23.002483,-150,0,0
-22.769852,23.002483,-150,0,0
-23.769852,23.002483,-150,0,0
-24.769852,23.002483,-150,0,0
-25.769852,23.002483,-150,0,0
-26.769852,23.002483,-150,0,0
-27.769852,23.002483,-150,0,0
-28.769852,23.002483,-150,0,0
-29.769852,23.002483,-150,0,0
-30.769852,23.002483,-150,0,0
-31.769852,23.002483,-150,0,0
-32.76985,23.002483,-150,0,0
-33.76985,23.002483,-150,0,0
-34.76985,23.002483,-150,0,0
-35.76985,23.002483,-150,0,0
-36.76985,23.002483,-150,0,0
-37.76985,23.002483,-150,0,0
-38.76985,23.002483,-150,0,0
-39.76985,23.002483,-150,0,0
-40.76985,23.002483,-150,0,0
-41.76985,23.002483,-150,0,0
-42.76985,23.002483,-150,0,0
-43.76985,23.002483,-150,0,0
-44.76985,23.002483,-150,0,0
-45.76985,23.002483,-150,0,0
-46.76985,23.002483,-150,0,0
-47.76985,23.002483,-150,0,0
-48.76985,23.002483,-150,0,0
-49.76985,23.002483,-150,0,0
49.23015,22.002483,-150,0,0
48.23015,22.002483,-150,0,0
47.23015,22.002483,-150,0,0
46.23015,22.002483,-150,0,0
45.23015,22.002483,-150,0,0
44.23015,22.002483,-150,0,0
43.23015,22.002483,-150,0,0
42.23015,22.002483,-150,0,0
41.23015,22.002483,-150,0,0
40.23015,22.002483,-150,0,0
39.23015,22.002483,-150,0,0
38.23015,22.002483,-150,0,0
37.23015,22.002483,-150,0,0
36.23015,22.002483,-150,0,0
35.23015,22.002483,-150,0,0
34.23015,22.002483,-150,0,0
33.23015,22.002483,-150,0,0
32.23015,22.002483,-150,0,0
31.230148,22.002483,-150,0,0
30.230148,22.002483,-150,0,0
29.230148,22.002483,-150,0,0
28.230148,22.002483,-150,0,0
27.230148,22.002483,-150,0,0
26.230148,22.002483,-150,0,0
25.230148,22.002483,-150,0,0
24.230148,22.002483,-150,0,0
23.230148,22.002483,-150,0,0
22.230148,22.002483,-150,0,0
21.230148,22.002483,-150,0,0
20.230148,22.002483,-150,0,0
19.230148,22.002483,-150,0,0
18.230148,22.002483,-150,0,0
17.230148,22.002483,-150,0,0
16.230148,22.002483,-150,0,0
15.230148,22.002483,-150,0,0
14.230148,22.002483,-150,0,0
13.230148,22.002483,-150,0,0
12.230148,22.002483,-150,0,0
11.230148,22.002483,-150,0,0
10.230148,22.002483,-150,0,0
9.230148,22.002483,-150,0,0
8.230148,22.002483,-150,0,0
7.2301483,22.002483,-150,0,0
6.2301483,22.002483,-150,0,0
5.2301483,22.002483,-150,0,0
4.2301483,22.002483,-150,0,0
3.2301483,22.002483,-150,0,7.999998
2.2301483,22.002483,-150,0,11.999997
1.2301483,22.002483,-150,0,15.999996
0.23014832,22.002483,-150,0,51.999996
-0.7698517,22.002483,-150,0,59.999996
-1.7698517,22.002483,-150,0,67.99999
-2.7698517,22.002483,-150,0,55.999996
-3.7698517,22.002483,-150,0,63.999996
-4.7698517,22.002483,-150,0,23.999996
-5.7698517,22.002483,-150,0,15.999996
-6.7698517,22.002483,-150,0,3.999999
-7.7698517,22.002483,-150,0,0
-8.769852,22.002483,-150,0,0
-9.769852,22.002483,-150,0,0
-10.769852,22.002483,-150,0,0
-11.769852,22.002483,-150,0,0
-12.769852,22.002483,-150,0,0
-13.769852,22.002483,-150,0,0
-14.769852,22.002483,-150,0,0
-15.769852,22.002483,-150,0,0
-16.769852,22.002483,-150,0,0
-17.769852,22.002483,-150,0,0
-18.769852,22.002483,-150,0,0
-19.769852,22.002483,-150,0,0
-20.769852,22.002483,-150,0,0
-21.769852,22.002483,-150,0,0
-22.769852,22.002483,-150,0,0
-23.769852,22.002483,-150,0,0
-24.769852,22.002483,-150,0,0
-25.769852,22.002483,-150,0,0
-26.769852,22.002483,-150,0,0
-27.769852,22.002483,-150,0,0
-28.769852,22.002483,-150,0,0
-29.769852,22.002483,-150,0,0
-30.769852,22.002483,-150,0,0
-31.769852,22.002483,-150,0,0
-32.76985,22.002483,-150,0,0
-33.76985,22.002483,-150,0,0
-34.76985,22.002483,-150,0,0
-35.76985,22.002483,-150,0,0
-36.76985,22.002483,-150,0,0
-37.76985,22.002483,-150,0,0
-38.76985,22.002483,-150,0,0
-39.76985,22.002483,-150,0,0
-40.76985,22.002483,-150,0,0
-41.76985,22.002483,-150,0,0
-42.76985,22.002483,-150,0,0
-43.76985,22.002483,-150,0,0
-44.76985,22.002483,-150,0,0
-45.76985,22.002483,-150,0,0
-46.76985,22.002483,-150,0,0
-47.76985,22.002483,-150,0,0
-48.76985,22.002483,-150,0,0
-49.76985,22.002483,-150,0,0
49.23015,21.002483,-150,0,0
48.23015,21.002483,-150,0,0
47.23015,21.002483,-150,0,0
46.23015,21.002483,-150,0,0
45.23015,21.002483,-150,0,0
44.23015,21.002483,-150,0,0
43.23015,21.002483,-150,0,0
42.23015,21.002483,-150,0,0
41.23015,21.002483,-150,0,0
40.23015,21.002483,-150,0,0
39.23015,21.002483,-150,0,0
38.23015,21.002483,-150,0,0
37.23015,21.002483,-150,0,0
36.23015,21.002483,-150,0,0
35.23015,21.002483,-150,0,0
34.23015,21.002483,-150,0,0
33.23015,21.002483,-150,0,0
32.23015,21.002483,-150,0,0
31.230148,21.002483,-150,0,0
30.230148,21.002483,-150,0,0
29.230148,21.002483,-150,0,0
28.230148,21.002483,-150,0,0
27.230148,21.002483,-150,0,0
26.230148,21.002483,-150,0,0
25.230148,21.002483,-150,0,0
24.230148,21.002483,-150,0,0
23.230148,21.002483,-150,0,0
22.230148,21.002483,-150,0,0
21.230148,21.002483,-150,0,0
20.230148,21.002483,-150,0,0
19.230148,21.002483,-150,0,0
18.230148,21.002483,-150,0,0
17.230148,21.002483,-150,0,0
16.230148,21.002483,-150,0,0
15.230148,21.002483,-150,0,0
14.230148,21.002483,-150,0,0
13.230148,21.002483,-150,0,0
12.230148,21.002483,-150,0,0
11.230148,21.002483,-150,0,0
10.230148,21.002483,-150,0,0
9.230148,21.002483,-150,0,0
8.230148,21.002483,-150,0,0
7.2301483,21.002483,-150,0,0
6.2301483,21.002483,-150,0,0
5.2301483,21.002483,-150,0,19.999996
4.2301483,21.002483,-150,0,35.999996
3.2301483,21.002483,-150,0,71.99999
2.2301483,21.002483,-150,Infinity,71.99999
1.2301483,21.002483,-150,0.48494452,91.99999
0.23014832,21.002483,-150,0.33032447,63.999996
-0.7698517,21.002483,-150,0.32051945,103.99999
-1.7698517,21.002483,-150,0.40103146,95.99999
-2.7698517,21.002483,-150,0.42302072,83.99999
-3.7698517,21.002483,-150,0.36737067,103.99999
-4.7698517,21.002483,-150,0.33505884,99.99999
-5.7698517,21.002483,-150,Infinity,107.99999
-6.7698517,21.002483,-150,0,79.99999
-7.7698517,21.002483,-150,0,59.999996
-8.769852,21.002483,-150,0,0
-9.769852,21.002483,-150,0,0
-10.769852,21.002483,-150,0,0
-11.769852,21.002483,-150,0,0
-12.769852,21.002483,-150,0,0
-13.769852,21.002483,-150,0,0
-14.769852,21.002483,-150,0,0
-15.769852,21.002483,-150,0,0
-16.769852,21.002483,-150,0,0
-17.769852,21.002483,-150,0,0
-18.769852,21.002483,-150,0,0
-19.769852,21.002483,-150,0,0
-20.769852,21.002483,-150,0,0
-21.769852,21.002483,-150,0,0
-22.769852,21.002483,-150,0,0
-23.769852,21.002483,-150,0,0
-24.769852,21.002483,-150,0,0
-25.769852,21.002483,-150,0,0
-26.769852,21.002483,-150,0,0
-27.769852,21.002483,-150,0,0
-28.769852,21.002483,-150,0,0
-29.769852,21.002483,-150,0,0
-30.769852,21.002483,-150,0,0
-31.769852,21.002483,-150,0,0
-32.76985,21.002483,-150,0,0
-33.76985,21.002483,-150,0,0
-34.76985,21.002483,-150,0,0
-35.76985,21.002483,-150,0,0
-36.76985,21.002483,-150,0,0
-37.76985,21.002483,-150,0,0
-38.76985,21.002483,-150,0,0
-39.76985,21.002483,-150,0,0
-40.76985,21.002483,-150,0,0
-41.76985,21.002483,-150,0,0
-42.76985,21.002483,-150,0,0
-43.76985,21.002483,-150,0,0
-44.76985,21.002483,-150,0,0
-45.76985,21.002483,-150,0,0
-46.76985,21.002483,-150,0,0
-47.76985,21.002483,-150,0,0
-48.76985,21.002483,-150,0,0
-49.76985,21.002483,-150,0,0
49.23015,20.002483,-150,0,0
48.23015,20.002483,-150,0,0
47.23015,20.002483,-150,0,0
46.23015,20.002483,-150,0,0
45.23015,20.002483,-150,0,0
44.23015,20.002483,-150,0,0
43.23015,20.002483,-150,0,0
42.23015,20.002483,-150,0,0
41.23015,20.002483,-150,0,0
40.23015,20.002483,-150,0,0
39.23015,20.002483,-150,0,0
38.23015,20.002483,-150,0,0
37.23015,20.002483,-150,0,0
36.23015,20.002483,-150,0,0
35.23015,20.002483,-150,0,0
34.23015,20.002483,-150,0,0
33.23015,20.002483,-150,0,0
32.23015,20.002483,-150,0,0
31.230148,20.002483,-150,0,0
30.230148,20.002483,-150,0,0
29.230148,20.002483,-150,0,0
28.230148,20.002483,-150,0,0
27.230148,20.002483,-150,0,0
26.230148,20.002483,-150,0,0
25.230148,20.002483,-150,0,0
24.230148,20.002483,-150,0,0
23.230148,20.002483,-150,0,0
22.230148,20.002483,-150,0,0
21.230148,20.002483,-150,0,0
20.230148,20.002483,-150,0,0
19.230148,20.002483,-150,0,0
18.230148,20.002483,-150,0,0
17.230148,20.002483,-150,0,0
16.230148,20.002483,-150,0,0
15.230148,20.002483,-150,0,0
14.230148,20.002483,-150,0,0
13.230148,20.002483,-150,0,0
12.230148,20.002483,-150,0,0
11.230148,20.002483,-150,0,0
10.230148,20.002483,-150,0,0
9.230148,20.002483,-150,0,0
8.230148,20.002483,-150,0,0
7.2301483,20.002483,-150,0,15.999996
6.2301483,20.002483,-150,0,51.999996
5.2301483,20.002483,-150,0,83.99999
4.2301483,20.002483,-150,0.42768976,67.99999
3.2301483,20.002483,-150,0.47559375,47.999996
2.2301483,20.002483,-150,0.592784,43.999996
1.2301483,20.002483,-150,0.5734417,87.99999
0.23014832,20.002483,-150,0.39803976,55.999996
-0.7698517,20.002483,-150,0.31082326,63.999996
-1.7698517,20.002483,-150,0.32814083,87.99999
-2.7698517,20.002483,-150,0.29286963,83.99999
-3.7698517,20.002483,-150,0.19760525,115.99999
-4.7698517,20.002483,-150,0.14416753,67.99999
-5.7698517,20.002483,-150,0.25425237,79.99999
-6.7698517,20.002483,-150,0.44023022,111.99999
-7.7698517,20.002483,-150,0,91.99999
-8.769852,20.002483,-150,0,67.99999
-9.769852,20.002483,-150,0,23.999996
-10.769852,20.002483,-150,0,3.999999
-11.769852,20.002483,-150,0,0
-12.769852,20.002483,-150,0,0
-13.769852,20.002483,-150,0,0
-14.769852,20.002483,-150,0,0
-15.769852,20.002483,-150,0,0
-16.769852,20.002483,-150,0,0
-17.769852,20.002483,-150,0,0
-18.769852,20.002483,-150,0,0
-19.769852,20.002483,-150,0,0
-20.769852,20.002483,-150,0,0
-21.769852,20.002483,-150,0,0
-22.769852,20.002483,-150,0,0
-23.769852,20.002483,-150,0,0
-24.769852,20.002483,-150,0,0
-25.769852,20.002483,-150,0,0
-26.769852,20.002483,-150,0,0
-27.769852,20.002483,-150,0,0
-28.769852,20.002483,-150,0,0
-29.769852,20.002483,-150,0,0
-30.769852,20.002483,-150,0,0
-31.769852,20.002483,-150,0,0
-32.76985,20.002483,-150,0,0
-33.76985,20.002483,-150,0,0
-34.76985,20.002483,-150,0,0
-35.76985,20.002483,-150,0,0
-36.76985,20.002483,-150,0,0
-37.76985,20.002483,-150,0,0
-38.76985,20.002483,-150,0,0
-39.76985,20.002483,-150,0,0
-40.76985,20.002483,-150,0,0
-41.76985,20.002483,-150,0,0
-42.76985,20.002483,-150,0,0
-43.76985,20.002483,-150,0,0
-44.76985,20.002483,-150,0,0
-45.76985,20.002483,-150,0,0
-46.76985,20.002483,-150,0,0
-47.76985,20.002483,-150,0,0
-48.76985,20.002483,-150,0,0
-49.76985,20.002483,-150,0,0
49.23015,19.002483,-150,0,0
48.23015,19.002483,-150,0,0
47.23015,19.002483,-150,0,0
46.23015,19.002483,-150,0,0
45.23015,19.002483,-150,0,0
44.23015,19.002483,-150,0,0
43.23015,19.002483,-150,0,0
42.23015,19.002483,-150,0,0
41.23015,19.002483,-150,0,0
40.23015,19.002483,-150,0,0
39.23015,19.002483,-150,0,0
38.23015,19.002483,-150,0,0
37.23015,19.002483,-150,0,0
36.23015,19.002483,-150,0,0
35.23015,19.002483,-150,0,0
34.23015,19.002483,-150,0,0
33.23015,19.002483,-150,0,0
32.23015,19.002483,-150,0,0
31.230148,19.002483,-150,0,0
30.230148,19.002483,-150,0,0
29.230148,19.002483,-150,0,0
28.230148,19.002483,-150,0,0
27.230148,19.002483,-150,0,0
26.230148,19.002483,-150,0,0
25.230148,19.002483,-150,0,0
24.230148,19.002483,-150,0,0
23.230148,19.002483,-150,0,0
22.230148,19.002483,-150,0,0
21.230148,19.002483,-150,0,0
20.230148,19.002483,-150,0,0
19.230148,19.002483,-150,0,0
18.230148,19.002483,-150,0,0
17.230148,19.002483,-150,0,0
16.230148,19.002483,-150,0,0
15.230148,19.002483,-150,0,0
14.230148,19.002483,-150,0,0
13.230148,19.002483,-150,0,0
12.230148,19.002483,-150,0,0
11.230148,19.002483,-150,0,0
10.230148,19.002483,-150,0,0
9.230148,19.002483,-150,0,15.999996
8.230148,19.002483,-150,0,51.999996
7.2301483,19.002483,-150,0,91.99999
6.2301483,19.002483,-150,0.43398952,63.999996
5.2301483,19.002483,-150,0.36959577,43.999996
4.2301483,19.002483,-150,0.33485833,75.99999
3.2301483,19.002483,-150,0.40979618,51.999996
2.2301483,19.002483,-150,0.57123524,83.99999
1.2301483,19.002483,-150,0.59324425,83.99999
0.23014832,19.002483,-150,0.45901543,59.999996
-0.7698517,19.002483,-150,0.36500227,51.999996
-1.7698517,19.002483,-150,0.34779745,91.99999
-2.7698517,19.002483,-150,0.29742423,95.99999
-3.7698517,19.002483,-150,0.14785644,75.99999
-4.7698517,19.002483,-150,0.06125929,39.999996
-5.7698517,19.002483,-150,0.17067,115.99999
-6.7698517,19.002483,-150,0.35300243,63.999996
-7.7698517,19.002483,-150,0.4853257,99.99999
-8.769852,19.002483,-150,0.52411556,75.99999
-9.769852,19.002483,-150,Infinity,91.99999
-10.769852,19.002483,-150,0,35.999996
-11.769852,19.002483,-150,0,3.999999
-12.769852,19.002483,-150,0,0
-13.769852,19.002483,-150,0,0
-14.769852,19.002483,-150,0,0
-15.769852,19.002483,-150,0,0
-16.769852,19.002483,-150,0,0
-17.769852,19.002483,-150,0,0
-18.769852,19.002483,-150,0,0
-19.769852,19.002483,-150,0,0
-20.769852,19.002483,-150,0,0
-21.769852,19.002483,-150,0,0
-22.769852,19.002483,-150,0,0
-23.769852,19.002483,-150,0,0
-24.769852,19.002483,-150,0,0
-25.769852,19.002483,-150,0,0
-26.769852,19.002483,-150,0,0
-27.769852,19.002483,-150,0,0
-28.769852,19.002483,-150,0,0
-29.769852,19.002483,-150,0,0
-30.769852,19.002483,-150,0,0
-31.769852,19.002483,-150,0,0
-32.76985,19.002483,-150,0,0
-33.76985,19.002483,-150,0,0
-34.76985,19.002483,-150,0,0
-35.76985,19.002483,-150,0,0
-36.76985,19.002483,-150,0,0
-37.76985,19.002483,-150,0,0
-38.76985,19.002483,-150,0,0
-39.76985,19.002483,-150,0,0
-40.76985,19.002483,-150,0,0
-41.76985,19.002483,-150,0,0
-42.76985,19.002483,-150,0,0
-43.76985,19.002483,-150,0,0
-44.76985,19.002483,-150,0,0
-45.76985,19.002483,-150,0,0
-46.76985,19.002483,-150,0,0
-47.76985,19.002483,-150,0,0
-48.76985,19.002483,-150,0,0
-49.76985,19.002483,-150,0,0
49.23015,18.002483,-150,0,0
48.23015,18.002483,-150,0,0
47.23015,18.002483,-150,0,0
46.23015,18.002483,-150,0,0
45.23015,18.002483,-150,0,0
44.23015,18.002483,-150,0,0
43.23015,18.002483,-150,0,0
42.23015,18.002483,-150,0,0
41.23015,18.002483,-150,0,0
40.23015,18.002483,-150,0,0
39.23015,18.002483,-150,0,0
38.23015,18.002483,-150,0,0
37.23015,18.002483,-150,0,0
36.23015,18.002483,-150,0,0
35.23015,18.002483,-150,0,0
34.23015,18.002483,-150,0,0
33.23015,18.002483,-150,0,0
32.23015,18.002483,-150,0,0
31.230148,18.002483,-150,0,0
30.230148,18.002483,-150,0,0
29.230148,18.002483,-150,0,0
28.230148,18.002483,-150,0,0
27.230148,18.002483,-150,0,0
26.230148,18.002483,-150,0,0
25.230148,18.002483,-150,0,0
24.230148,18.002483,-150,0,0
23.230148,18.002483,-150,0,0
22.230148,18.002483,-150,0,0
21.230148,18.002483,-150,0,0
20.230148,18.002483,-150,0,0
19.230148,18.002483,-150,0,0
18.230148,18.002483,-150,0,0
17.230148,18.002483,-150,0,0
16.230148,18.002483,-150,0,0
15.230148,18.002483,-150,0,0
14.230148,18.002483,-150,0,0
13.230148,18.002483,-150,0,0
12.230148,18.002483,-150,0,0
11.230148,18.002483,-150,0,7.999998
10.230148,18.002483,-150,0,11.999997
9.230148,18.002483,-150,0,43.999996
8.230148,18.002483,-150,0.42638582,63.999996
7.2301483,18.002483,-150,0.45755705,71.99999
6.2301483,18.002483,-150,0.34483725,67.99999
5.2301483,18.002483,-150,0.19214559,47.999996
4.2301483,18.002483,-150,0.16557434,47.999996
3.2301483,18.002483,-150,0.35807973,71.99999
2.2301483,18.002483,-150,0.6078707,63.999996
1.2301483,18.002483,-150,0.65111756,79.99999
0.23014832,18.002483,-150,0.5255407,79.99999
-0.7698517,18.002483,-150,0.41192213,91.99999
-1.7698517,18.002483,-150,0.37487108,95.99999
-2.7698517,18.002483,-150,0.35291067,75.99999
-3.7698517,18.002483,-150,0.27510905,79.99999
-4.7698517,18.002483,-150,0.21460411,91.99999
-5.7698517,18.002483,-150,0.18949798,55.999996
-6.7698517,18.002483,-150,0.25029334,75.99999
-7.7698517,18.002483,-150,0.35665235,79.99999
-8.769852,18.002483,-150,0.4155969,119.99999
-9.769852,18.002483,-150,0.41592437,51.999996
-10.769852,18.002483,-150,0.4145677,79.99999
-11.769852,18.002483,-150,0,83.99999
-12.769852,18.002483,-150,0,3.999999
-13.769852,18.002483,-150,0,0
-14.769852,18.002483,-150,0,0
-15.769852,18.002483,-150,0,0
-16.769852,18.002483,-150,0,0
-17.769852,18.002483,-150,0,0
-18.769852,18.002483,-150,0,0
-19.769852,18.002483,-150,0,0
-20.769852,18.002483,-150,0,0
-21.769852,18.002483,-150,0,0
-22.769852,18.002483,-150,0,0
-23.769852,18.002483,-150,0,0
-24.769852,18.002483,-150,0,0
-25.769852,18.002483,-150,0,0
-26.769852,18.002483,-150,0,0
-27.769852,18.002483,-150,0,0
-28.769852,18.002483,-150,0,0
-29.769852,18.002483,-150,0,0
-30.769852,18.002483,-150,0,0
-31.769852,18.002483,-150,0,0
-32.76985,18.002483,-150,0,0
-33.76985,18.002483,-150,0,0
-34.76985,18.002483,-150,0,0
-35.76985,18.002483,-150,0,0
-36.76985,18.002483,-150,0,0
-37.76985,18.002483,-150,0,0
-38.76985,18.002483,-150,0,0
-39.76985,18.002483,-150,0,0
-40.76985,18.002483,-150,0,0
-41.76985,18.002483,-150,0,0
-42.76985,18.002483,-150,0,0
-43.76985,18.002483,-150,0,0
-44.76985,18.002483,-150,0,0
-45.76985,18.002483,-150,0,0
-46.76985,18.002483,-150,0,0
-47.76985,18.002483,-150,0,0
-48.76985,18.002483,-150,0,0
-49.76985,18.002483,-150,0,0
49.23015,17.002483,-150,0,0
48.23015,17.002483,-150,0,0
47.23015,17.002483,-150,0,0
46.23015,17.002483,-150,0,0
45.23015,17.002483,-150,0,0
44.23015,17.002483,-150,0,0
43.23015,17.002483,-150,0,0
42.23015,17.002483,-150,0,0
41.23015,17.002483,-150,0,0
40.23015,17.002483,-150,0,0
39.23015,17.002483,-150,0,0
38.23015,17.002483,-150,0,0
37.23015,17.002483,-150,0,0
36.23015,17.002483,-150,0,0
35.23015,17.002483,-150,0,0
34.23015,17.002483,-150,0,0
33.23015,17.002483,-150,0,0
32.23015,17.002483,-150,0,0
31.230148,17.002483,-150,0,0
30.230148,17.002483,-150,0,0
29.230148,17.002483,-150,0,0
28.230148,17.002483,-150,0,0
27.230148,17.002483,-150,0,0
26.230148,17.002483,-150,0,0
25.230148,17.002483,-150,0,0
24.230148,17.002483,-150,0,0
23.230148,17.002483,-150,0,0
22.230148,17.002483,-150,0,0
21.230148,17.002483,-150,0,0
20.230148,17.002483,-150,0,0
19.230148,17.002483,-150,0,0
18.230148,17.002483,-150,0,0
17.230148,17.002483,-150,0,0
16.230148,17.002483,-150,0,0
15.230148,17.002483,-150,0,0
14.230148,17.002483,-150,0,0
13.230148,17.002483,-150,0,0
12.230148,17.002483,-150,0,0
11.230148,17.002483,-150,0,35.999996
10.230148,17.002483,-150,Infinity,71.99999
9.230148,17.002483,-150,0.25407377,63.999996
8.230148,17.002483,-150,0.3021865,47.999996
7.2301483,17.002483,-150,0.30606818,47.999996
6.2301483,17.002483,-150,0.19145462,51.999996
5.2301483,17.002483,-150,0.07341177,55.999996
4.2301483,17.002483,-150,0.08859882,71.99999
3.2301483,17.002483,-150,0.26855427,87.99999
2.2301483,17.002483,-150,0.50898015,107.99999
1.2301483,17.002483,-150,0.60440725,83.99999
0.23014832,17.002483,-150,0.49119478,55.999996
-0.7698517,17.002483,-150,0.37762892,59.999996
-1.7698517,17.002483,-150,0.39651293,67.99999
-2.7698517,17.002483,-150,0.4463833,91.99999
-3.7698517,17.002483,-150,0.4353001,107.99999
-4.7698517,17.002483,-150,0.40252894,71.99999
-5.7698517,17.002483,-150,0.2914806,67.99999
-6.7698517,17.002483,-150,0.18698396,47.999996
-7.7698517,17.002483,-150,0.2403667,79.99999
-8.769852,17.002483,-150,0.3489638,71.99999
-9.769852,17.002483,-150,0.38431787,51.999996
-10.769852,17.002483,-150,0.36895293,71.99999
-11.769852,17.002483,-150,0.2690626,59.999996
-12.769852,17.002483,-150,-Infinity,79.99999
-13.769852,17.002483,-150,0,59.999996
-14.769852,17.002483,-150,0,3.999999
-15.769852,17.002483,-150,0,3.999999
-16.769852,17.002483,-150,0,0
-17.769852,17.002483,-150,0,0
-18.769852,17.002483,-150,0,0
-19.769852,17.002483,-150,0,0
-20.769852,17.002483,-150,0,0
-21.769852,17.002483,-150,0,0
-22.769852,17.002483,-150,0,0
-23.769852,17.002483,-150,0,0
-24.769852,17.002483,-150,0,0
-25.769852,17.002483,-150,0,0
-26.769852,17.002483,-150,0,0
-27.769852,17.002483,-150,0,0
-28.769852,17.002483,-150,0,0
-29.769852,17.002483,-150,0,0
-30.769852,17.002483,-150,0,0
-31.769852,17.002483,-150,0,0
-32.76985,17.002483,-150,0,0
-33.76985,17.002483,-150,0,0
-34.76985,17.002483,-150,0,0
-35.76985,17.002483,-150,0,0
-36.76985,17.002483,-150,0,0
-37.76985,17.002483,-150,0,0
-38.76985,17.002483,-150,0,0
-39.76985,17.002483,-150,0,0
-40.76985,17.002483,-150,0,0
-41.76985,17.002483,-150,0,0
-42.76985,17.002483,-150,0,0
-43.76985,17.002483,-150,0,0
-44.76985,17.002483,-150,0,0
-45.76985,17.002483,-150,0,0
-46.76985,17.002483,-150,0,0
-47.76985,17.002483,-150,0,0
-48.76985,17.002483,-150,0,0
-49.76985,17.002483,-150,0,0
49.23015,16.002483,-150,0,0
48.23015,16.002483,-150,0,0
47.23015,16.002483,-150,0,0
46.23015,16.002483,-150,0,0
45.23015,16.002483,-150,0,0
44.23015,16.002483,-150,0,0
43.23015,16.002483,-150,0,0
42.23015,16.002483,-150,0,0
41.23015,16.002483,-150,0,0
40.23015,16.002483,-150,0,0
39.23015,16.002483,-150,0,0
38.23015,16.002483,-150,0,0
37.23015,16.002483,-150,0,0
36.23015,16.002483,-150,0,0
35.23015,16.002483,-150,0,0
34.23015,16.002483,-150,0,0
33.23015,16.002483,-150,0,0
32.23015,16.002483,-150,0,0
31.230148,16.002483,-150,0,0
30.230148,16.002483,-150,0,0
29.230148,16.002483,-150,0,0
28.230148,16.002483,-150,0,0
27.230148,16.002483,-150,0,0
26.230148,16.002483,-150,0,0
25.230148,16.002483,-150,0,0
24.230148,16.002483,-150,0,0
23.230148,16.002483,-150,0,0
22.230148,16.002483,-150,0,0
21.230148,16.002483,-150,0,0
20.230148,16.002483,-150,0,0
19.230148,16.002483,-150,0,0
18.230148,16.002483,-150,0,0
17.230148,16.002483,-150,0,0
16.230148,16.002483,-150,0,0
15.230148,16.002483,-150,0,0
14.230148,16.002483,-150,0,0
13.230148,16.002483,-150,0,0
12.230148,16.002483,-150,0,39.999996
11.230148,16.002483,-150,-Infinity,111.99999
10.230148,16.002483,-150,0.40565506,111.99999
9.230148,16.002483,-150,0.39415705,67.99999
8.230148,16.002483,-150,0.36164957,51.999996
7.2301483,16.002483,-150,0.32322186,59.999996
6.2301483,16.002483,-150,0.18732797,79.99999
5.2301483,16.002483,-150,0.093550034,47.999996
4.2301483,16.002483,-150,0.14105837,75.99999
3.2301483,16.002483,-150,0.24056953,43.999996
2.2301483,16.002483,-150,0.3759386,59.999996
1.2301483,16.002483,-150,0.43267405,63.999996
0.23014832,16.002483,-150,0.33934343,83.99999
-0.7698517,16.002483,-150,0.36188376,99.99999
-1.7698517,16.002483,-150,0.5139425,103.99999
-2.7698517,16.002483,-150,0.5741122,83.99999
-3.7698517,16.002483,-150,0.50867367,59.999996
-4.7698517,16.002483,-150,0.4307748,59.999996
-5.7698517,16.002483,-150,0.31170106,83.99999
-6.7698517,16.002483,-150,0.18360446,59.999996
-7.7698517,16.002483,-150,0.18700583,99.99999
-8.769852,16.002483,-150,0.32241482,55.999996
-9.769852,16.002483,-150,0.36077702,71.99999
-10.769852,16.002483,-150,0.23987669,19.999996
-11.769852,16.002483,-150,0.17677303,51.999996
-12.769852,16.002483,-150,0.20088851,75.99999
-13.769852,16.002483,-150,Infinity,43.999996
-14.769852,16.002483,-150,Infinity,55.999996
-15.769852,16.002483,-150,0,7.999998
-16.769852,16.002483,-150,0,0
-17.769852,16.002483,-150,0,0
-18.769852,16.002483,-150,0,0
-19.769852,16.002483,-150,0,0
-20.769852,16.002483,-150,0,0
-21.769852,16.002483,-150,0,0
-22.769852,16.002483,-150,0,0
-23.769852,16.002483,-150,0,0
-24.769852,16.002483,-150,0,0
-25.769852,16.002483,-150,0,0
-26.769852,16.002483,-150,0,0
-27.769852,16.002483,-150,0,0
-28.769852,16.002483,-150,0,0
-29.769852,16.002483,-150,0,0
-30.769852,16.002483,-150,0,0
-31.769852,16.002483,-150,0,0
-32.76985,16.002483,-150,0,0
-33.76985,16.002483,-150,0,0
-34.76985,16.002483,-150,0,0
-35.76985,16.002483,-150,0,0
-36.76985,16.002483,-150,0,0
-37.76985,16.002483,-150,0,0
-38.76985,16.002483,-150,0,0
-39.76985,16.002483,-150,0,0
-40.76985,16.002483,-150,0,0
-41.76985,16.002483,-150,0,0
-42.76985,16.002483,-150,0,0
-43.76985,16.002483,-150,0,0
-44.76985,16.002483,-150,0,0
-45.76985,16.002483,-150,0,0
-46.76985,16.002483,-150,0,0
-47.76985,16.002483,-150,0,0
-48.76985,16.002483,-150,0,0
-49.76985,16.002483,-150,0,0
49.23015,15.002483,-150,0,0
48.23015,15.002483,-150,0,0
47.23015,15.002483,-150,0,0
46.23015,15.002483,-150,0,0
45.23015,15.002483,-150,0,0
44.23015,15.002483,-150,0,0
43.23015,15.002483,-150,0,0
42.23015,15.002483,-150,0,0
41.23015,15.002483,-150,0,0
40.23015,15.002483,-150,0,0
39.23015,15.002483,-150,0,0
38.23015,15.002483,-150,0,0
37.23015,15.002483,-150,0,0
36.23015,15.002483,-150,0,0
35.23015,15.002483,-150,0,0
34.23015,15.002483,-150,0,0
33.23015,15.002483,-150,0,0
32.23015,15.002483,-150,0,0
31.230148,15.002483,-150,0,0
30.230148,15.002483,-150,0,0
29.230148,15.002483,-150,0,0
28.230148,15.002483,-150,0,0
27.230148,15.002483,-150,0,0
26.230148,15.002483,-150,0,0
25.230148,15.002483,-150,0,0
24.230148,15.002483,-150,0,0
23.230148,15.002483,-150,0,0
22.230148,15.002483,-150,0,0
21.230148,15.002483,-150,0,0
20.230148,15.002483,-150,0,0
19.230148,15.002483,-150,0,0
18.230148,15.002483,-150,0,0
17.230148,15.002483,-150,0,0
16.230148,15.002483,-150,0,0
15.230148,15.002483,-150,0,0
14.230148,15.002483,-150,0,0
13.230148,15.002483,-150,0,47.999996
12.230148,15.002483,-150,0,55.999996
11.230148,15.002483,-150,0.41017336,83.99999
10.230148,15.002483,-150,0.5452511,95.99999
9.230148,15.002483,-150,0.5369665,95.99999
8.230148,15.002483,-150,0.5048105,107.99999
7.2301483,15.002483,-150,0.4699672,59.999996
6.2301483,15.002483,-150,0.332045,87.99999
5.2301483,15.002483,-150,0.23040748,59.999996
4.2301483,15.002483,-150,0.25370708,75.99999
3.2301483,15.002483,-150,0.3048609,63.999996
2.2301483,15.002483,-150,0.34863248,47.999996
1.2301483,15.002483,-150,0.27771622,91.99999
0.23014832,15.002483,-150,0.18899357,43.999996
-0.7698517,15.002483,-150,0.3754032,83.99999
-1.7698517,15.002483,-150,0.60239875,131.99998
-2.7698517,15.002483,-150,0.6433023,107.99999
-3.7698517,15.002483,-150,0.5883043,91.99999
-4.7698517,15.002483,-150,0.4726412,55.999996
-5.7698517,15.002483,-150,0.32989162,55.999996
-6.7698517,15.002483,-150,0.2609556,75.99999
-7.7698517,15.002483,-150,0.26668894,55.999996
-8.769852,15.002483,-150,0.36495394,55.999996
-9.769852,15.002483,-150,0.41846597,79.99999
-10.769852,15.002483,-150,0.29569566,63.999996
-11.769852,15.002483,-150,0.14487489,35.999996
-12.769852,15.002483,-150,0.13142113,43.999996
-13.769852,15.002483,-150,0.19381103,67.99999
-14.769852,15.002483,-150,0.28886646,87.99999
-15.769852,15.002483,-150,0,67.99999
-16.769852,15.002483,-150,0,7.999998
-17.769852,15.002483,-150,0,0
-18.769852,15.002483,-150,0,0
-19.769852,15.002483,-150,0,0
-20.769852,15.002483,-150,0,0
-21.769852,15.002483,-150,0,0
-22.769852,15.002483,-150,0,0
-23.769852,15.002483,-150,0,0
-24.769852,15.002483,-150,0,0
-25.769852,15.002483,-150,0,0
-26.769852,15.002483,-150,0,0
-27.769852,15.002483,-150,0,0
-28.769852,15.002483,-150,0,0
-29.769852,15.002483,-150,0,0
-30.769852,15.002483,-150,0,0
-31.769852,15.002483,-150,0,0
-32.76985,15.002483,-150,0,0
-33.76985,15.002483,-150,0,0
-34.76985,15.002483,-150,0,0
-35.76985,15.002483,-150,0,0
-36.76985,15.002483,-150,0,0
-37.76985,15.002483,-150,0,0
-38.76985,15.002483,-150,0,0
-39.76985,15.002483,-150,0,0
-40.76985,15.002483,-150,0,0
-41.76985,15.002483,-150,0,0
-42.76985,15.002483,-150,0,0
-43.76985,15.002483,-150,0,0
-44.76985,15.002483,-150,0,0
-45.76985,15.002483,-150,0,0
-46.76985,15.002483,-150,0,0
-47.76985,15.002483,-150,0,0
-48.76985,15.002483,-150,0,0
-49.76985,15.002483,-150,0,0
49.23015,14.002483,-150,0,0
48.23015,14.002483,-150,0,0
47.23015,14.002483,-150,0,0
46.23015,14.002483,-150,0,0
45.23015,14.002483,-150,0,0
44.23015,14.002483,-150,0,0
43.23015,14.002483,-150,0,0
42.23015,14.002483,-150,0,0
41.23015,14.002483,-150,0,0
40.23015,14.002483,-150,0,0
39.23015,14.002483,-150,0,0
38.23015,14.002483,-150,0,0
37.23015,14.002483,-150,0,0
36.23015,14.002483,-150,0,0
35.23015,14.002483,-150,0,0
34.23015,14.002483,-150,0,0
33.23015,14.002483,-150,0,0
32.23015,14.002483,-150,0,0
31.230148,14.002483,-150,0,0
30.230148,14.002483,-150,0,0
29.230148,14.002483,-150,0,0
28.230148,14.002483,-150,0,0
27.230148,14.002483,-150,0,0
26.230148,14.002483,-150,0,0
25.230148,14.002483,-150,0,0
24.230148,14.002483,-150,0,0
23.230148,14.002483,-150,0,0
22.230148,14.002483,-150,0,0
21.230148,14.002483,-150,0,0
20.230148,14.002483,-150,0,0
19.230148,14.002483,-150,0,0
18.230148,14.002483,-150,0,0
17.230148,14.002483,-150,0,0
16.230148,14.002483,-150,0,0
15.230148,14.002483,-150,0,0
14.230148,14.002483,-150,0,15.999996
13.230148,14.002483,-150,0,63.999996
12.230148,14.002483,-150,0.27048787,91.99999
11.230148,14.002483,-150,0.4060836,83.99999
10.230148,14.002483,-150,0.5525771,123.99999
9.230148,14.002483,-150,0.59424275,63.999996
8.230148,14.002483,-150,0.6013569,39.999996
7.2301483,14.002483,-150,0.5363026,71.99999
6.2301483,14.002483,-150,0.38272142,75.99999
5.2301483,14.002483,-150,0.33084315,103.99999
4.2301483,14.002483,-150,0.3498019,43.999996
3.2301483,14.002483,-150,0.40464294,39.999996
2.2301483,14.002483,-150,0.3874482,63.999996
1.2301483,14.002483,-150,0.18903522,55.999996
0.23014832,14.002483,-150,0.11254458,47.999996
-0.7698517,14.002483,-150,0.33729434,95.99999
-1.7698517,14.002483,-150,0.55421,83.99999
-2.7698517,14.002483,-150,0.61241597,71.99999
-3.7698517,14.002483,-150,0.63596785,91.99999
-4.7698517,14.002483,-150,0.5546505,71.99999
-5.7698517,14.002483,-150,0.44478163,47.999996
-6.7698517,14.002483,-150,0.4349595,87.99999
-7.7698517,14.002483,-150,0.46078095,87.99999
-8.769852,14.002483,-150,0.47453108,71.99999
-9.769852,14.002483,-150,0.45709595,55.999996
-10.769852,14.002483,-150,0.39526558,59.999996
-11.769852,14.002483,-150,0.2724889,43.999996
-12.769852,14.002483,-150,0.19612145,43.999996
-13.769852,14.002483,-150,0.18150578,39.999996
-14.769852,14.002483,-150,0.18297328,39.999996
-15.769852,14.002483,-150,0.25246835,75.99999
-16.769852,14.002483,-150,0,63.999996
-17.769852,14.002483,-150,0,0
-18.769852,14.002483,-150,0,0
-19.769852,14.002483,-150,0,0
-20.769852,14.002483,-150,0,0
-21.769852,14.002483,-150,0,0
-22.769852,14.002483,-150,0,0
-23.769852,14.002483,-150,0,0
-24.769852,14.002483,-150,0,0
-25.769852,14.002483,-150,0,0
-26.769852,14.002483,-150,0,0
-27.769852,14.002483,-150,0,0
-28.769852,14.002483,-150,0,0
-29.769852,14.002483,-150,0,0
-30.769852,14.002483,-150,0,0
-31.769852,14.002483,-150,0,0
-32.76985,14.002483,-150,0,0
-33.76985,14.002483,-150,0,0
-34.76985,14.002483,-150,0,0
-35.76985,14.002483,-150,0,0
-36.76985,14.002483,-150,0,0
-37.76985,14.002483,-150,0,0
-38.76985,14.002483,-150,0,0
-39.76985,14.002483,-150,0,0
-40.76985,14.002483,-150,0,0
-41.76985,14.002483,-150,0,0
-42.76985,14.002483,-150,0,0
-43.76985,14.002483,-150,0,0
-44.76985,14.002483,-150,0,0
-45.76985,14.002483,-150,0,0
-46.76985,14.002483,-150,0,0
-47.76985,14.002483,-150,0,0
-48.76985,14.002483,-150,0,0
-49.76985,14.002483,-150,0,0
49.23015,13.002483,-150,0,0
48.23015,13.002483,-150,0,0
47.23015,13.002483,-150,0,0
46.23015,13.002483,-150,0,0
45.23015,13.002483,-150,0,0
44.23015,13.002483,-150,0,0
43.23015,13.002483,-150,0,0
42.23015,13.002483,-150,0,0
41.23015,13.002483,-150,0,0
40.23015,13.002483,-150,0,0
39.23015,13.002483,-150,0,0
38.23015,13.002483,-150,0,0
37.23015,13.002483,-150,0,0
36.23015,13.002483,-150,0,0
35.23015,13.002483,-150,0,0
34.23015,13.002483,-150,0,0
33.23015,13.002483,-150,0,0
32.23015,13.002483,-150,0,0
31.230148,13.002483,-150,0,0
30.230148,13.002483,-150,0,0
29.230148,13.002483,-150,0,0
28.230148,13.002483,-150,0,0
27.230148,13.002483,-150,0,0
26.230148,13.002483,-150,0,0
25.230148,13.002483,-150,0,0
24.230148,13.002483,-150,0,0
23.230148,13.002483,-150,0,0
22.230148,13.002483,-150,0,0
21.230148,13.002483,-150,0,0
20.230148,13.002483,-150,0,0
19.230148,13.002483,-150,0,0
18.230148,13.002483,-150,0,0
17.230148,13.002483,-150,0,0
16.230148,13.002483,-150,0,0
15.230148,13.002483,-150,0,15.999996
14.230148,13.002483,-150,0,51.999996
13.230148,13.002483,-150,0.34825465,71.99999
12.230148,13.002483,-150,0.35670733,103.99999
11.230148,13.002483,-150,0.38213092,75.99999
10.230148,13.002483,-150,0.47243193,103.99999
9.230148,13.002483,-150,0.57232755,83.99999
8.230148,13.002483,-150,0.6090883,87.99999
7.2301483,13.002483,-150,0.52749836,75.99999
6.2301483,13.002483,-150,0.40654185,47.999996
5.2301483,13.002483,-150,0.3880027,63.999996
4.2301483,13.002483,-150,0.44653815,39.999996
3.2301483,13.002483,-150,0.48108694,59.999996
2.2301483,13.002483,-150,0.3817803,99.99999
1.2301483,13.002483,-150,0.12167418,63.999996
0.23014832,13.002483,-150,0.0515488,35.999996
-0.7698517,13.002483,-150,0.26683694,87.99999
-1.7698517,13.002483,-150,0.46773785,63.999996
-2.7698517,13.002483,-150,0.5835889,75.99999
-3.7698517,13.002483,-150,0.5799738,75.99999
-4.7698517,13.002483,-150,0.4959554,83.99999
-5.7698517,13.002483,-150,0.48494262,87.99999
-6.7698517,13.002483,-150,0.5584826,71.99999
-7.7698517,13.002483,-150,0.6283477,79.99999
-8.769852,13.002483,-150,0.6318162,91.99999
-9.769852,13.002483,-150,0.55749017,71.99999
-10.769852,13.002483,-150,0.45468342,43.999996
-11.769852,13.002483,-150,0.37315625,63.999996
-12.769852,13.002483,-150,0.27289107,39.999996
-13.769852,13.002483,-150,0.1856862,47.999996
-14.769852,13.002483,-150,0.14924873,51.999996
-15.769852,13.002483,-150,0.22225602,59.999996
-16.769852,13.002483,-150,-Infinity,67.99999
-17.769852,13.002483,-150,0,55.999996
-18.769852,13.002483,-150,0,0
-19.769852,13.002483,-150,0,0
-20.769852,13.002483,-150,0,0
-21.769852,13.002483,-150,0,0
-22.769852,13.002483,-150,0,0
-23.769852,13.002483,-150,0,0
-24.769852,13.002483,-150,0,0
-25.769852,13.002483,-150,0,0
-26.769852,13.002483,-150,0,0
-27.769852,13.002483,-150,0,0
-28.769852,13.002483,-150,0,0
-29.769852,13.002483,-150,0,0
-30.769852,13.002483,-150,0,0
-31.769852,13.002483,-150,0,0
-32.76985,13.002483,-150,0,0
-33.76985,13.002483,-150,0,0
-34.76985,13.002483,-150,0,0
-35.76985,13.002483,-150,0,0
-36.76985,13.002483,-150,0,0
-37.76985,13.002483,-150,0,0
-38.76985,13.002483,-150,0,0
-39.76985,13.002483,-150,0,0
-40.76985,13.002483,-150,0,0
-41.76985,13.002483,-150,0,0
-42.76985,13.002483,-150,0,0
-43.76985,13.002483,-150,0,0
-44.76985,13.002483,-150,0,0
-45.76985,13.002483,-150,0,0
-46.76985,13.002483,-150,0,0
-47.76985,13.002483,-150,0,0
-48.76985,13.002483,-150,0,0
-49.76985,13.002483,-150,0,0
49.23015,12.002483,-150,0,0
48.23015,12.002483,-150,0,0
47.23015,12.002483,-150,0,0
46.23015,12.002483,-150,0,0
45.23015,12.002483,-150,0,0
44.23015,12.002483,-150,0,0
43.23015,12.002483,-150,0,0
42.23015,12.002483,-150,0,0
41.23015,12.002483,-150,0,0
40.23015,12.002483,-150,0,0
39.23015,12.002483,-150,0,0
38.23015,12.002483,-150,0,0
37.23015,12.002483,-150,0,0
36.23015,12.002483,-150,0,0
35.23015,12.002483,-150,0,0
34.23015,12.002483,-150,0,0
33.23015,12.002483,-150,0,0
32.23015,12.002483,-150,0,0
31.230148,12.002483,-150,0,0
30.230148,12.002483,-150,0,0
29.230148,12.002483,-150,0,0
28.230148,12.002483,-150,0,0
27.230148,12.002483,-150,0,0
26.230148,12.002483,-150,0,0
25.230148,12.002483,-150,0,0
24.230148,12.002483,-150,0,0
23.230148,12.002483,-150,0,0
22.230148,12.002483,-150,0,0
21.230148,12.002483,-150,0,0
20.230148,12.002483,-150,0,0
19.230148,12.002483,-150,0,0
18.230148,12.002483,-150,0,0
17.230148,12.002483,-150,0,0
16.230148,12.002483,-150,0,3.999999
15.230148,12.002483,-150,0,23.999996
14.230148,12.002483,-150,0.5274217,71.99999
13.230148,12.002483,-150,0.5293095,75.99999
12.230148,12.002483,-150,0.44792867,83.99999
11.230148,12.002483,-150,0.33544892,111.99999
10.230148,12.002483,-150,0.3438545,87.99999
9.230148,12.002483,-150,0.4182313,71.99999
8.230148,12.002483,-150,0.41923928,95.99999
7.2301483,12.002483,-150,0.44506085,79.99999
6.2301483,12.002483,-150,0.5129518,67.99999
5.2301483,12.002483,-150,0.5312608,75.99999
4.2301483,12.002483,-150,0.53930277,47.999996
3.2301483,12.002483,-150,0.5538192,51.999996
2.2301483,12.002483,-150,0.3950953,51.999996
1.2301483,12.002483,-150,0.15272233,63.999996
0.23014832,12.002483,-150,0.05901407,79.99999
-0.7698517,12.002483,-150,0.20434633,87.99999
-1.7698517,12.002483,-150,0.44039539,75.99999
-2.7698517,12.002483,-150,0.59233713,91.99999
-3.7698517,12.002483,-150,0.54766846,111.99999
-4.7698517,12.002483,-150,0.42286325,55.999996
-5.7698517,12.002483,-150,0.4392327,75.99999
-6.7698517,12.002483,-150,0.555436,119.99999
-7.7698517,12.002483,-150,0.6071648,87.99999
-8.769852,12.002483,-150,0.662403,91.99999
-9.769852,12.002483,-150,0.6465911,131.99998
-10.769852,12.002483,-150,0.46803546,127.99999
-11.769852,12.002483,-150,0.3027813,43.999996
-12.769852,12.002483,-150,0.23755842,51.999996
-13.769852,12.002483,-150,0.15002513,55.999996
-14.769852,12.002483,-150,0.1474173,71.99999
-15.769852,12.002483,-150,0.2326822,51.999996
-16.769852,12.002483,-150,0.2950827,79.99999
-17.769852,12.002483,-150,0,63.999996
-18.769852,12.002483,-150,0,19.999996
-19.769852,12.002483,-150,0,0
-20.769852,12.002483,-150,0,0
-21.769852,12.002483,-150,0,0
-22.769852,12.002483,-150,0,0
-23.769852,12.002483,-150,0,0
-24.769852,12.002483,-150,0,0
-25.769852,12.002483,-150,0,0
-26.769852,12.002483,-150,0,0
-27.769852,12.002483,-150,0,0
-28.769852,12.002483,-150,0,0
-29.769852,12.002483,-150,0,0
-30.769852,12.002483,-150,0,0
-31.769852,12.002483,-150,0,0
-32.76985,12.002483,-150,0,0
-33.76985,12.002483,-150,0,0
-34.76985,12.002483,-150,0,0
-35.76985,12.002483,-150,0,0
-36.76985,12.002483,-150,0,0
-37.76985,12.002483,-150,0,0
-38.76985,12.002483,-150,0,0
-39.76985,12.002483,-150,0,0
-40.76985,12.002483,-150,0,0
-41.76985,12.002483,-150,0,0
-42.76985,12.002483,-150,0,0
-43.76985,12.002483,-150,0,0
-44.76985,12.002483,-150,0,0
-45.76985,12.002483,-150,0,0
-46.76985,12.002483,-150,0,0
-47.76985,12.002483,-150,0,0
-48.76985,12.002483,-150,0,0
-49.76985,12.002483,-150,0,0
49.23015,11.002483,-150,0,0
48.23015,11.002483,-150,0,0
47.23015,11.002483,-150,0,0
46.23015,11.002483,-150,0,0
45.23015,11.002483,-150,0,0
44.23015,11.002483,-150,0,0
43.23015,11.002483,-150,0,0
42.23015,11.002483,-150,0,0
41.23015,11.002483,-150,0,0
40.23015,11.002483,-150,0,0
39.23015,11.002483,-150,0,0
38.23015,11.002483,-150,0,0
37.23015,11.002483,-150,0,0
36.23015,11.002483,-150,0,0
35.23015,11.002483,-150,0,0
34.23015,11.002483,-150,0,0
33.23015,11.002483,-150,0,0
32.23015,11.002483,-150,0,0
31.230148,11.002483,-150,0,0
30.230148,11.002483,-150,0,0
29.230148,11.002483,-150,0,0
28.230148,11.002483,-150,0,0
27.230148,11.002483,-150,0,0
26.230148,11.002483,-150,0,0
25.230148,11.002483,-150,0,0
24.230148,11.002483,-150,0,0
23.230148,11.002483,-150,0,0
22.230148,11.002483,-150,0,0
21.230148,11.002483,-150,0,0
20.230148,11.002483,-150,0,0
19.230148,11.002483,-150,0,0
18.230148,11.002483,-150,0,0
17.230148,11.002483,-150,0,0
16.230148,11.002483,-150,0,31.999996
15.230148,11.002483,-150,0.45057136,63.999996
14.230148,11.002483,-150,0.53013504,67.99999
13.230148,11.002483,-150,0.54826003,59.999996
12.230148,11.002483,-150,0.4282197,51.999996
11.230148,11.002483,-150,0.27067393,43.999996
10.230148,11.002483,-150,0.21181521,79.99999
9.230148,11.002483,-150,0.20547725,51.999996
8.230148,11.002483,-150,0.20095673,63.999996
7.2301483,11.002483,-150,0.32790852,63.999996
6.2301483,11.002483,-150,0.53002834,79.99999
5.2301483,11.002483,-150,0.6184541,71.99999
4.2301483,11.002483,-150,0.6313908,107.99999
3.2301483,11.002483,-150,0.5931449,83.99999
2.2301483,11.002483,-150,0.44175553,111.99999
1.2301483,11.002483,-150,0.21973552,95.99999
0.23014832,11.002483,-150,0.097613774,75.99999
-0.7698517,11.002483,-150,0.22357354,79.99999
-1.7698517,11.002483,-150,0.4577992,107.99999
-2.7698517,11.002483,-150,0.62206495,91.99999
-3.7698517,11.002483,-150,0.6369326,123.99999
-4.7698517,11.002483,-150,0.51927483,83.99999
-5.7698517,11.002483,-150,0.45894662,127.99999
-6.7698517,11.002483,-150,0.4676161,127.99999
-7.7698517,11.002483,-150,0.4350467,55.999996
-8.769852,11.002483,-150,0.50408185,95.99999
-9.769852,11.002483,-150,0.5104029,83.99999
-10.769852,11.002483,-150,0.31649524,23.999996
-11.769852,11.002483,-150,0.18340687,63.999996
-12.769852,11.002483,-150,0.12525463,47.999996
-13.769852,11.002483,-150,0.06883236,43.999996
-14.769852,11.002483,-150,0.14014634,47.999996
-15.769852,11.002483,-150,0.25307637,71.99999
-16.769852,11.002483,-150,0.2755754,55.999996
-17.769852,11.002483,-150,0.25122908,71.99999
-18.769852,11.002483,-150,0,67.99999
-19.769852,11.002483,-150,0,7.999998
-20.769852,11.002483,-150,0,0
-21.769852,11.002483,-150,0,0
-22.769852,11.002483,-150,0,0
-23.769852,11.002483,-150,0,0
-24.769852,11.002483,-150,0,0
-25.769852,11.002483,-150,0,0
-26.769852,11.002483,-150,0,0
-27.769852,11.002483,-150,0,0
-28.769852,11.002483,-150,0,0
-29.769852,11.002483,-150,0,0
-30.769852,11.002483,-150,0,0
-31.769852,11.002483,-150,0,0
-32.76985,11.002483,-150,0,0
-33.76985,11.002483,-150,0,0
-34.76985,11.002483,-150,0,0
-35.76985,11.002483,-150,0,0
-36.76985,11.002483,-150,0,0
-37.76985,11.002483,-150,0,0
-38.76985,11.002483,-150,0,0
-39.76985,11.002483,-150,0,0
-40.76985,11.002483,-150,0,0
-41.76985,11.002483,-150,0,0
-42.76985,11.002483,-150,0,0
-43.76985,11.002483,-150,0,0
-44.76985,11.002483,-150,0,0
-45.76985,11.002483,-150,0,0
-46.76985,11.002483,-150,0,0
-47.76985,11.002483,-150,0,0
-48.76985,11.002483,-150,0,0
-49.76985,11.002483,-150,0,0
49.23015,10.002483,-150,0,0
48.23015,10.002483,-150,0,0
47.23015,10.002483,-150,0,0
46.23015,10.002483,-150,0,0
45.23015,10.002483,-150,0,0
44.23015,10.002483,-150,0,0
43.23015,10.002483,-150,0,0
42.23015,10.002483,-150,0,0
41.23015,10.002483,-150,0,0
40.23015,10.002483,-150,0,0
39.23015,10.002483,-150,0,0
38.23015,10.002483,-150,0,0
37.23015,10.002483,-150,0,0
36.23015,10.002483,-150,0,0
35.23015,10.002483,-150,0,0
34.23015,10.002483,-150,0,0
33.23015,10.002483,-150,0,0
32.23015,10.002483,-150,0,0
31.230148,10.002483,-150,0,0
30.230148,10.002483,-150,0,0
29.230148,10.002483,-150,0,0
28.230148,10.002483,-150,0,0
27.230148,10.002483,-150,0,0
26.230148,10.002483,-150,0,0
25.230148,10.002483,-150,0,0
24.230148,10.002483,-150,0,0
23.230148,10.002483,-150,0,0
22.230148,10.002483,-150,0,0
21.230148,10.002483,-150,0,0
20.230148,10.002483,-150,0,0
19.230148,10.002483,-150,0,0
18.230148,10.002483,-150,0,0
17.230148,10.002483,-150,0,11.999997
16.230148,10.002483,-150,0,59.999996
15.230148,10.002483,-150,0.46967217,35.999996
14.230148,10.002483,-150,0.52270746,51.999996
13.230148,10.002483,-150,0.46871835,27.999996
12.230148,10.002483,-150,0.3704651,51.999996
11.230148,10.002483,-150,0.3007518,67.99999
10.230148,10.002483,-150,0.24022615,63.999996
9.230148,10.002483,-150,0.20252287,51.999996
8.230148,10.002483,-150,0.2425678,79.99999
7.2301483,10.002483,-150,0.353105,55.999996
6.2301483,10.002483,-150,0.48517478,55.999996
5.2301483,10.002483,-150,0.6089133,79.99999
4.2301483,10.002483,-150,0.6846741,59.999996
3.2301483,10.002483,-150,0.66397494,83.99999
2.2301483,10.002483,-150,0.46348396,71.99999
1.2301483,10.002483,-150,0.23267,51.999996
0.23014832,10.002483,-150,0.17245704,87.99999
-0.7698517,10.002483,-150,0.29921338,87.99999
-1.7698517,10.002483,-150,0.4609815,79.99999
-2.7698517,10.002483,-150,0.6055969,103.99999
-3.7698517,10.002483,-150,0.6822829,163.99998
-4.7698517,10.002483,-150,0.6024249,95.99999
-5.7698517,10.002483,-150,0.46583557,91.99999
-6.7698517,10.002483,-150,0.35125747,99.99999
-7.7698517,10.002483,-150,0.2861647,67.99999
-8.769852,10.002483,-150,0.3458946,63.999996
-9.769852,10.002483,-150,0.3360235,39.999996
-10.769852,10.002483,-150,0.24169739,47.999996
-11.769852,10.002483,-150,0.16949597,51.999996
-12.769852,10.002483,-150,0.12317544,79.99999
-13.769852,10.002483,-150,0.10542625,51.999996
-14.769852,10.002483,-150,0.20206,83.99999
-15.769852,10.002483,-150,0.292881,79.99999
-16.769852,10.002483,-150,0.353061,27.999996
-17.769852,10.002483,-150,0.41126385,87.99999
-18.769852,10.002483,-150,0.36485443,67.99999
-19.769852,10.002483,-150,0,43.999996
-20.769852,10.002483,-150,0,0
-21.769852,10.002483,-150,0,0
-22.769852,10.002483,-150,0,0
-23.769852,10.002483,-150,0,0
-24.769852,10.002483,-150,0,0
-25.769852,10.002483,-150,0,0
-26.769852,10.002483,-150,0,0
-27.769852,10.002483,-150,0,0
-28.769852,10.002483,-150,0,0
-29.769852,10.002483,-150,0,0
-30.769852,10.002483,-150,0,0
-31.769852,10.002483,-150,0,0
-32.76985,10.002483,-150,0,0
-33.76985,10.002483,-150,0,0
-34.76985,10.002483,-150,0,0
-35.76985,10.002483,-150,0,0
-36.76985,10.002483,-150,0,0
-37.76985,10.002483,-150,0,0
-38.76985,10.002483,-150,0,0
-39.76985,10.002483,-150,0,0
-40.76985,10.002483,-150,0,0
-41.76985,10.002483,-150,0,0
-42.76985,10.002483,-150,0,0
-43.76985,10.002483,-150,0,0
-44.76985,10.002483,-150,0,0
-45.76985,10.002483,-150,0,0
-46.76985,10.002483,-150,0,0
-47.76985,10.002483,-150,0,0
-48.76985,10.002483,-150,0,0
-49.76985,10.002483,-150,0,0
49.23015,9.002483,-150,0,0
48.23015,9.002483,-150,0,0
47.23015,9.002483,-150,0,0
46.23015,9.002483,-150,0,0
45.23015,9.002483,-150,0,0
44.23015,9.002483,-150,0,0
43.23015,9.002483,-150,0,0
42.23015,9.002483,-150,0,0
41.23015,9.002483,-150,0,0
40.23015,9.002483,-150,0,0
39.23015,9.002483,-150,0,0
38.23015,9.002483,-150,0,0
37.23015,9.002483,-150,0,0
36.23015,9.002483,-150,0,0
35.23015,9.002483,-150,0,0
34.23015,9.002483,-150,0,0
33.23015,9.002483,-150,0,0
32.23015,9.002483,-150,0,0
31.230148,9.002483,-150,0,0
30.230148,9.002483,-150,0,0
29.230148,9.002483,-150,0,0
28.230148,9.002483,-150,0,0
27.230148,9.002483,-150,0,0
26.230148,9.002483,-150,0,0
25.230148,9.002483,-150,0,0
24.230148,9.002483,-150,0,0
23.230148,9.002483,-150,0,0
22.230148,9.002483,-150,0,0
21.230148,9.002483,-150,0,0
20.230148,9.002483,-150,0,0
19.230148,9.002483,-150,0,0
18.230148,9.002483,-150,0,3.999999
17.230148,9.002483,-150,0,19.999996
16.230148,9.002483,-150,0.41600484,83.99999
15.230148,9.002483,-150,0.59078145,67.99999
14.230148,9.002483,-150,0.60915244,51.999996
13.230148,9.002483,-150,0.48300076,43.999996
12.230148,9.002483,-150,0.40185735,55.999996
11.230148,9.002483,-150,0.4131729,71.99999
10.230148,9.002483,-150,0.3619414,39.999996
9.230148,9.002483,-150,0.3054608,51.999996
8.230148,9.002483,-150,0.348722,67.99999
7.2301483,9.002483,-150,0.40982792,59.999996
6.2301483,9.002483,-150,0.4312186,71.99999
5.2301483,9.002483,-150,0.4817233,71.99999
4.2301483,9.002483,-150,0.59549797,63.999996
3.2301483,9.002483,-150,0.6047478,99.99999
2.2301483,9.002483,-150,0.44141376,71.99999
1.2301483,9.002483,-150,0.3005002,75.99999
0.23014832,9.002483,-150,0.30276296,47.999996
-0.7698517,9.002483,-150,0.40225762,83.99999
-1.7698517,9.002483,-150,0.46264753,115.99999
-2.7698517,9.002483,-150,0.50429624,107.99999
-3.7698517,9.002483,-150,0.56173396,75.99999
-4.7698517,9.002483,-150,0.5550965,83.99999
-5.7698517,9.002483,-150,0.46965176,71.99999
-6.7698517,9.002483,-150,0.38227308,95.99999
-7.7698517,9.002483,-150,0.33265826,83.99999
-8.769852,9.002483,-150,0.31676546,83.99999
-9.769852,9.002483,-150,0.3178445,63.999996
-10.769852,9.002483,-150,0.301018,87.99999
-11.769852,9.002483,-150,0.2485448,39.999996
-12.769852,9.002483,-150,0.22077069,75.99999
-13.769852,9.002483,-150,0.24724662,87.99999
-14.769852,9.002483,-150,0.32114917,91.99999
-15.769852,9.002483,-150,0.3952117,79.99999
-16.769852,9.002483,-150,0.5104128,63.999996
-17.769852,9.002483,-150,0.57317233,71.99999
-18.769852,9.002483,-150,0.5362041,95.99999
-19.769852,9.002483,-150,-Infinity,75.99999
-20.769852,9.002483,-150,0,23.999996
-21.769852,9.002483,-150,0,0
-22.769852,9.002483,-150,0,0
-23.769852,9.002483,-150,0,0
-24.769852,9.002483,-150,0,0
-25.769852,9.002483,-150,0,0
-26.769852,9.002483,-150,0,0
-27.769852,9.002483,-150,0,0
-28.769852,9.002483,-150,0,0
-29.769852,9.002483,-150,0,0
-30.769852,9.002483,-150,0,0
-31.769852,9.002483,-150,0,0
-32.76985,9.002483,-150,0,0
-33.76985,9.002483,-150,0,0
-34.76985,9.002483,-150,0,0
-35.76985,9.002483,-150,0,0
-36.76985,9.002483,-150,0,0
-37.76985,9.002483,-150,0,0
-38.76985,9.002483,-150,0,0
-39.76985,9.002483,-150,0,0
-40.76985,9.002483,-150,0,0
-41.76985,9.002483,-150,0,0
-42.76985,9.002483,-150,0,0
-43.76985,9.002483,-150,0,0
-44.76985,9.002483,-150,0,0
-45.76985,9.002483,-150,0,0
-46.76985,9.002483,-150,0,0
-47.76985,9.002483,-150,0,0
-48.76985,9.002483,-150,0,0
-49.76985,9.002483,-150,0,0
49.23015,8.002483,-150,0,0
48.23015,8.002483,-150,0,0
47.23015,8.002483,-150,0,0
46.23015,8.002483,-150,0,0
45.23015,8.002483,-150,0,0
44.23015,8.002483,-150,0,0
43.23015,8.002483,-150,0,0
42.23015,8.002483,-150,0,0
41.23015,8.002483,-150,0,0
40.23015,8.002483,-150,0,0
39.23015,8.002483,-150,0,0
38.23015,8.002483,-150,0,0
37.23015,8.002483,-150,0,0
36.23015,8.002483,-150,0,0
35.23015,8.002483,-150,0,0
34.23015,8.002483,-150,0,0
33.23015,8.002483,-150,0,0
32.23015,8.002483,-150,0,0
31.230148,8.002483,-150,0,0
30.230148,8.002483,-150,0,0
29.230148,8.002483,-150,0,0
28.230148,8.002483,-150,0,0
27.230148,8.002483,-150,0,0
26.230148,8.002483,-150,0,0
25.230148,8.002483,-150,0,0
24.230148,8.002483,-150,0,0
23.230148,8.002483,-150,0,0
22.230148,8.002483,-150,0,0
21.230148,8.002483,-150,0,0
20.230148,8.002483,-150,0,0
19.230148,8.002483,-150,0,0
18.230148,8.002483,-150,0,19.999996
17.230148,8.002483,-150,Infinity,59.999996
16.230148,8.002483,-150,0.51374,63.999996
15.230148,8.002483,-150,0.67062074,79.99999
14.230148,8.002483,-150,0.654864,55.999996
13.230148,8.002483,-150,0.5486996,59.999996
12.230148,8.002483,-150,0.4880201,47.999996
11.230148,8.002483,-150,0.46243647,51.999996
10.230148,8.002483,-150,0.38592342,67.99999
9.230148,8.002483,-150,0.32911816,67.99999
8.230148,8.002483,-150,0.31556454,55.999996
7.2301483,8.002483,-150,0.3283983,63.999996
6.2301483,8.002483,-150,0.2958791,55.999996
5.2301483,8.002483,-150,0.2792402,35.999996
4.2301483,8.002483,-150,0.3678187,75.99999
3.2301483,8.002483,-150,0.4061512,71.99999
2.2301483,8.002483,-150,0.37150067,95.99999
1.2301483,8.002483,-150,0.3591274,95.99999
0.23014832,8.002483,-150,0.42952892,95.99999
-0.7698517,8.002483,-150,0.46758047,103.99999
-1.7698517,8.002483,-150,0.3849377,75.99999
-2.7698517,8.002483,-150,0.3662709,87.99999
-3.7698517,8.002483,-150,0.4410259,99.99999
-4.7698517,8.002483,-150,0.4976846,91.99999
-5.7698517,8.002483,-150,0.5112544,95.99999
-6.7698517,8.002483,-150,0.5067476,139.99998
-7.7698517,8.002483,-150,0.4808091,107.99999
-8.769852,8.002483,-150,0.43007272,79.99999
-9.769852,8.002483,-150,0.39166945,55.999996
-10.769852,8.002483,-150,0.34703904,67.99999
-11.769852,8.002483,-150,0.24950479,71.99999
-12.769852,8.002483,-150,0.2345732,55.999996
-13.769852,8.002483,-150,0.3305019,115.99999
-14.769852,8.002483,-150,0.43116677,127.99999
-15.769852,8.002483,-150,0.5377518,163.99998
-16.769852,8.002483,-150,0.5866949,135.99998
-17.769852,8.002483,-150,0.58046126,75.99999
-18.769852,8.002483,-150,0.58277446,107.99999
-19.769852,8.002483,-150,0.5681911,119.99999
-20.769852,8.002483,-150,0,47.999996
-21.769852,8.002483,-150,0,0
-22.769852,8.002483,-150,0,0
-23.769852,8.002483,-150,0,0
-24.769852,8.002483,-150,0,0
-25.769852,8.002483,-150,0,0
-26.769852,8.002483,-150,0,0
-27.769852,8.002483,-150,0,0
-28.769852,8.002483,-150,0,0
-29.769852,8.002483,-150,0,0
-30.769852,8.002483,-150,0,0
-31.769852,8.002483,-150,0,0
-32.76985,8.002483,-150,0,0
-33.76985,8.002483,-150,0,0
-34.76985,8.002483,-150,0,0
-35.76985,8.002483,-150,0,0
-36.76985,8.002483,-150,0,0
-37.76985,8.002483,-150,0,0
-38.76985,8.002483,-150,0,0
-39.76985,8.002483,-150,0,0
-40.76985,8.002483,-150,0,0
-41.76985,8.002483,-150,0,0
-42.76985,8.002483,-150,0,0
-43.76985,8.002483,-150,0,0
-44.76985,8.002483,-150,0,0
-45.76985,8.002483,-150,0,0
-46.76985,8.002483,-150,0,0
-47.76985,8.002483,-150,0,0
-48.76985,8.002483,-150,0,0
-49.76985,8.002483,-150,0,0
49.23015,7.0024834,-150,0,0
48.23015,7.0024834,-150,0,0
47.23015,7.0024834,-150,0,0
46.23015,7.0024834,-150,0,0
45.23015,7.0024834,-150,0,0
44.23015,7.0024834,-150,0,0
43.23015,7.0024834,-150,0,0
42.23015,7.0024834,-150,0,0
41.23015,7.0024834,-150,0,0
40.23015,7.0024834,-150,0,0
39.23015,7.0024834,-150,0,0
38.23015,7.0024834,-150,0,0
37.23015,7.0024834,-150,0,0
36.23015,7.0024834,-150,0,0
35.23015,7.0024834,-150,0,0
34.23015,7.0024834,-150,0,0
33.23015,7.0024834,-150,0,0
32.23015,7.0024834,-150,0,0
31.230148,7.0024834,-150,0,0
30.230148,7.0024834,-150,0,0
29.230148,7.0024834,-150,0,0
28.230148,7.0024834,-150,0,0
27.230148,7.0024834,-150,0,0
26.230148,7.0024834,-150,0,0
25.230148,7.0024834,-150,0,0
24.230148,7.0024834,-150,0,0
23.230148,7.0024834,-150,0,0
22.230148,7.0024834,-150,0,0
21.230148,7.0024834,-150,0,0
20.230148,7.0024834,-150,0,0
19.230148,7.0024834,-150,0,0
18.230148,7.0024834,-150,0,15.999996
17.230148,7.0024834,-150,0.48496202,63.999996
16.230148,7.0024834,-150,0.56709975,75.99999
15.230148,7.0024834,-150,0.5631473,59.999996
14.230148,7.0024834,-150,0.55886495,79.99999
13.230148,7.0024834,-150,0.5292692,55.999996
12.230148,7.0024834,-150,0.536674,75.99999
11.230148,7.0024834,-150,0.46137264,63.999996
10.230148,7.0024834,-150,0.35639143,59.999996
9.230148,7.0024834,-150,0.30199322,75.99999
8.230148,7.0024834,-150,0.25006065,63.999996
7.2301483,7.0024834,-150,0.20112184,67.99999
6.2301483,7.0024834,-150,0.17755827,79.99999
5.2301483,7.0024834,-150,0.17610222,63.999996
4.2301483,7.0024834,-150,0.22578096,63.999996
3.2301483,7.0024834,-150,0.30393636,67.99999
2.2301483,7.0024834,-150,0.32401004,67.99999
1.2301483,7.0024834,-150,0.3807392,55.999996
0.23014832,7.0024834,-150,0.4650964,99.99999
-0.7698517,7.0024834,-150,0.40746042,87.99999
-1.7698517,7.0024834,-150,0.27843425,111.99999
-2.7698517,7.0024834,-150,0.29219478,75.99999
-3.7698517,7.0024834,-150,0.3721784,111.99999
-4.7698517,7.0024834,-150,0.41145974,71.99999
-5.7698517,7.0024834,-150,0.45856735,143.99998
-6.7698517,7.0024834,-150,0.48822153,75.99999
-7.7698517,7.0024834,-150,0.5446607,87.99999
-8.769852,7.0024834,-150,0.59683263,115.99999
-9.769852,7.0024834,-150,0.55557257,79.99999
-10.769852,7.0024834,-150,0.39494234,67.99999
-11.769852,7.0024834,-150,0.19647136,43.999996
-12.769852,7.0024834,-150,0.16796133,55.999996
-13.769852,7.0024834,-150,0.3166996,71.99999
-14.769852,7.0024834,-150,0.44492257,131.99998
-15.769852,7.0024834,-150,0.5292461,111.99999
-16.769852,7.0024834,-150,0.56669086,159.99998
-17.769852,7.0024834,-150,0.5591796,75.99999
-18.769852,7.0024834,-150,0.5603366,119.99999
-19.769852,7.0024834,-150,0.5475898,127.99999
-20.769852,7.0024834,-150,0,79.99999
-21.769852,7.0024834,-150,0,0
-22.769852,7.0024834,-150,0,0
-23.769852,7.0024834,-150,0,0
-24.769852,7.0024834,-150,0,0
-25.769852,7.0024834,-150,0,0
-26.769852,7.0024834,-150,0,0
-27.769852,7.0024834,-150,0,0
-28.769852,7.0024834,-150,0,0
-29.769852,7.0024834,-150,0,0
-30.769852,7.0024834,-150,0,0
-31.769852,7.0024834,-150,0,0
-32.76985,7.0024834,-150,0,0
-33.76985,7.0024834,-150,0,0
-34.76985,7.0024834,-150,0,0
-35.76985,7.0024834,-150,0,0
-36.76985,7.0024834,-150,0,0
-37.76985,7.0024834,-150,0,0
-38.76985,7.0024834,-150,0,0
-39.76985,7.0024834,-150,0,0
-40.76985,7.0024834,-150,0,0
-41.76985,7.0024834,-150,0,0
-42.76985,7.0024834,-150,0,0
-43.76985,7.0024834,-150,0,0
-44.76985,7.0024834,-150,0,0
-45.76985,7.0024834,-150,0,0
-46.76985,7.0024834,-150,0,0
-47.76985,7.0024834,-150,0,0
-48.76985,7.0024834,-150,0,0
-49.76985,7.0024834,-150,0,0
49.23015,6.0024834,-150,0,0
48.23015,6.0024834,-150,0,0
47.23015,6.0024834,-150,0,0
46.23015,6.0024834,-150,0,0
45.23015,6.0024834,-150,0,0
44.23015,6.0024834,-150,0,0
43.23015,6.0024834,-150,0,0
42.23015,6.0024834,-150,0,0
41.23015,6.0024834,-150,0,0
40.23015,6.0024834,-150,0,0
39.23015,6.0024834,-150,0,0
38.23015,6.0024834,-150,0,0
37.23015,6.0024834,-150,0,0
36.23015,6.0024834,-150,0,0
35.23015,6.0024834,-150,0,0
34.23015,6.0024834,-150,0,0
33.23015,6.0024834,-150,0,0
32.23015,6.0024834,-150,0,0
31.230148,6.0024834,-150,0,0
30.230148,6.0024834,-150,0,0
29.230148,6.0024834,-150,0,0
28.230148,6.0024834,-150,0,0
27.230148,6.0024834,-150,0,0
26.230148,6.0024834,-150,0,0
25.230148,6.0024834,-150,0,0
24.230148,6.0024834,-150,0,0
23.230148,6.0024834,-150,0,0
22.230148,6.0024834,-150,0,0
21.230148,6.0024834,-150,0,0
20.230148,6.0024834,-150,0,0
19.230148,6.0024834,-150,0,0
18.230148,6.0024834,-150,0,79.99999
17.230148,6.0024834,-150,0.4638818,83.99999
16.230148,6.0024834,-150,0.42601395,43.999996
15.230148,6.0024834,-150,0.42828476,111.99999
14.230148,6.0024834,-150,0.46383095,91.99999
13.230148,6.0024834,-150,0.51006943,43.999996
12.230148,6.0024834,-150,0.49247742,79.99999
11.230148,6.0024834,-150,0.41411576,83.99999
10.230148,6.0024834,-150,0.33995992,67.99999
9.230148,6.0024834,-150,0.3015812,63.999996
8.230148,6.0024834,-150,0.27575958,55.999996
7.2301483,6.0024834,-150,0.24793957,107.99999
6.2301483,6.0024834,-150,0.2108,59.999996
5.2301483,6.0024834,-150,0.2138928,55.999996
4.2301483,6.0024834,-150,0.2982551,71.99999
3.2301483,6.0024834,-150,0.40568173,91.99999
2.2301483,6.0024834,-150,0.43539476,55.999996
1.2301483,6.0024834,-150,0.47262582,75.99999
0.23014832,6.0024834,-150,0.46299106,91.99999
-0.7698517,6.0024834,-150,0.31260598,47.999996
-1.7698517,6.0024834,-150,0.23921892,95.99999
-2.7698517,6.0024834,-150,0.29011607,95.99999
-3.7698517,6.0024834,-150,0.29085642,87.99999
-4.7698517,6.0024834,-150,0.28088847,59.999996
-5.7698517,6.0024834,-150,0.30117294,99.99999
-6.7698517,6.0024834,-150,0.37104586,71.99999
-7.7698517,6.0024834,-150,0.51365083,103.99999
-8.769852,6.0024834,-150,0.6472556,95.99999
-9.769852,6.0024834,-150,0.6116165,123.99999
-10.769852,6.0024834,-150,0.40821433,83.99999
-11.769852,6.0024834,-150,0.18522067,43.999996
-12.769852,6.0024834,-150,0.17169008,55.999996
-13.769852,6.0024834,-150,0.31368005,67.99999
-14.769852,6.0024834,-150,0.42034388,87.99999
-15.769852,6.0024834,-150,0.48542225,79.99999
-16.769852,6.0024834,-150,0.52589107,111.99999
-17.769852,6.0024834,-150,0.5657959,95.99999
-18.769852,6.0024834,-150,0.54175955,107.99999
-19.769852,6.0024834,-150,0.46670136,63.999996
-20.769852,6.0024834,-150,-Infinity,99.99999
-21.769852,6.0024834,-150,0,7.999998
-22.769852,6.0024834,-150,0,0
-23.769852,6.0024834,-150,0,0
-24.769852,6.0024834,-150,0,0
-25.769852,6.0024834,-150,0,0
-26.769852,6.0024834,-150,0,0
-27.769852,6.0024834,-150,0,0
-28.769852,6.0024834,-150,0,0
-29.769852,6.0024834,-150,0,0
-30.769852,6.0024834,-150,0,0
-31.769852,6.0024834,-150,0,0
-32.76985,6.0024834,-150,0,0
-33.76985,6.0024834,-150,0,0
-34.76985,6.0024834,-150,0,0
-35.76985,6.0024834,-150,0,0
-36.76985,6.0024834,-150,0,0
-37.76985,6.0024834,-150,0,0
-38.76985,6.0024834,-150,0,0
-39.76985,6.0024834,-150,0,0
-40.76985,6.0024834,-150,0,0
-41.76985,6.0024834,-150,0,0
-42.76985,6.0024834,-150,0,0
-43.76985,6.0024834,-150,0,0
-44.76985,6.0024834,-150,0,0
-45.76985,6.0024834,-150,0,0
-46.76985,6.0024834,-150,0,0
-47.76985,6.0024834,-150,0,0
-48.76985,6.0024834,-150,0,0
-49.76985,6.0024834,-150,0,0
49.23015,5.0024834,-150,0,0
48.23015,5.0024834,-150,0,0
47.23015,5.0024834,-150,0,0
46.23015,5.0024834,-150,0,0
45.23015,5.0024834,-150,0,0
44.23015,5.0024834,-150,0,0
43.23015,5.0024834,-150,0,0
42.23015,5.0024834,-150,0,0
41.23015,5.0024834,-150,0,0
40.23015,5.0024834,-150,0,0
39.23015,5.0024834,-150,0,0
38.23015,5.0024834,-150,0,0
37.23015,5.0024834,-150,0,0
36.23015,5.0024834,-150,0,0
35.23015,5.0024834,-150,0,0
34.23015,5.0024834,-150,0,0
33.23015,5.0024834,-150,0,0
32.23015,5.0024834,-150,0,0
31.230148,5.0024834,-150,0,0
30.230148,5.0024834,-150,0,0
29.230148,5.0024834,-150,0,0
28.230148,5.0024834,-150,0,0
27.230148,5.0024834,-150,0,0
26.230148,5.0024834,-150,0,0
25.230148,5.0024834,-150,0,0
24.230148,5.0024834,-150,0,0
23.230148,5.0024834,-150,0,0
22.230148,5.0024834,-150,0,0
21.230148,5.0024834,-150,0,0
20.230148,5.0024834,-150,0,0
19.230148,5.0024834,-150,0,3.999999
18.230148,5.0024834,-150,0,79.99999
17.230148,5.0024834,-150,0.33930722,63.999996
16.230148,5.0024834,-150,0.30592233,75.99999
15.230148,5.0024834,-150,0.32857895,47.999996
14.230148,5.0024834,-150,0.42434472,55.999996
13.230148,5.0024834,-150,0.48563048,43.999996
12.230148,5.0024834,-150,0.41693515,55.999996
11.230148,5.0024834,-150,0.31278405,55.999996
10.230148,5.0024834,-150,0.33221626,51.999996
9.230148,5.0024834,-150,0.39546916,87.99999
8.230148,5.0024834,-150,0.41654095,47.999996
7.2301483,5.0024834,-150,0.41777378,71.99999
6.2301483,5.0024834,-150,0.3967662,59.999996
5.2301483,5.0024834,-150,0.37158826,87.99999
4.2301483,5.0024834,-150,0.42456898,59.999996
3.2301483,5.0024834,-150,0.50150365,71.99999
2.2301483,5.0024834,-150,0.5244003,87.99999
1.2301483,5.0024834,-150,0.5373992,67.99999
0.23014832,5.0024834,-150,0.46748167,119.99999
-0.7698517,5.0024834,-150,0.3074553,83.99999
-1.7698517,5.0024834,-150,0.24134319,99.99999
-2.7698517,5.0024834,-150,0.2576328,87.99999
-3.7698517,5.0024834,-150,0.2211089,83.99999
-4.7698517,5.0024834,-150,0.2055085,135.99998
-5.7698517,5.0024834,-150,0.22013575,63.999996
-6.7698517,5.0024834,-150,0.3094567,111.99999
-7.7698517,5.0024834,-150,0.44849843,111.99999
-8.769852,5.0024834,-150,0.5525049,79.99999
-9.769852,5.0024834,-150,0.54116654,99.99999
-10.769852,5.0024834,-150,0.37610874,39.999996
-11.769852,5.0024834,-150,0.25189048,79.99999
-12.769852,5.0024834,-150,0.2680964,63.999996
-13.769852,5.0024834,-150,0.33266103,63.999996
-14.769852,5.0024834,-150,0.38927448,127.99999
-15.769852,5.0024834,-150,0.47004497,67.99999
-16.769852,5.0024834,-150,0.5319158,87.99999
-17.769852,5.0024834,-150,0.51255274,71.99999
-18.769852,5.0024834,-150,0.43375668,135.99998
-19.769852,5.0024834,-150,0.35811985,95.99999
-20.769852,5.0024834,-150,0.32882643,127.99999
-21.769852,5.0024834,-150,0,11.999997
-22.769852,5.0024834,-150,0,0
-23.769852,5.0024834,-150,0,0
-24.769852,5.0024834,-150,0,0
-25.769852,5.0024834,-150,0,0
-26.769852,5.0024834,-150,0,0
-27.769852,5.0024834,-150,0,0
-28.769852,5.0024834,-150,0,0
-29.769852,5.0024834,-150,0,0
-30.769852,5.0024834,-150,0,0
-31.769852,5.0024834,-150,0,0
-32.76985,5.0024834,-150,0,0
-33.76985,5.0024834,-150,0,0
-34.76985,5.0024834,-150,0,0
-35.76985,5.0024834,-150,0,0
-36.76985,5.0024834,-150,0,0
-37.76985,5.0024834,-150,0,0
-38.76985,5.0024834,-150,0,0
-39.76985,5.0024834,-150,0,0
-40.76985,5.0024834,-150,0,0
-41.76985,5.0024834,-150,0,0
-42.76985,5.0024834,-150,0,0
-43.76985,5.0024834,-150,0,0
-44.76985,5.0024834,-150,0,0
-45.76985,5.0024834,-150,0,0
-46.76985,5.0024834,-150,0,0
-47.76985,5.0024834,-150,0,0
-48.76985,5.0024834,-150,0,0
-49.76985,5.0024834,-150,0,0
49.23015,4.0024834,-150,0,0
48.23015,4.0024834,-150,0,0
47.23015,4.0024834,-150,0,0
46.23015,4.0024834,-150,0,0
45.23015,4.0024834,-150,0,0
44.23015,4.0024834,-150,0,0
43.23015,4.0024834,-150,0,0
42.23015,4.0024834,-150,0,0
41.23015,4.0024834,-150,0,0
40.23015,4.0024834,-150,0,0
39.23015,4.0024834,-150,0,0
38.23015,4.0024834,-150,0,0
37.23015,4.0024834,-150,0,0
36.23015,4.0024834,-150,0,0
35.23015,4.0024834,-150,0,0
34.23015,4.0024834,-150,0,0
33.23015,4.0024834,-150,0,0
32.23015,4.0024834,-150,0,0
31.230148,4.0024834,-150,0,0
30.230148,4.0024834,-150,0,0
29.230148,4.0024834,-150,0,0
28.230148,4.0024834,-150,0,0
27.230148,4.0024834,-150,0,0
26.230148,4.0024834,-150,0,0
25.230148,4.0024834,-150,0,0
24.230148,4.0024834,-150,0,0
23.230148,4.0024834,-150,0,0
22.230148,4.0024834,-150,0,0
21.230148,4.0024834,-150,0,3.999999
20.230148,4.0024834,-150,0,0
19.230148,4.0024834,-150,0,15.999996
18.230148,4.0024834,-150,0.17115907,71.99999
17.230148,4.0024834,-150,0.29248446,91.99999
16.230148,4.0024834,-150,0.36160105,67.99999
15.230148,4.0024834,-150,0.39927763,47.999996
14.230148,4.0024834,-150,0.432542,47.999996
13.230148,4.0024834,-150,0.43336904,67.99999
12.230148,4.0024834,-150,0.35530597,67.99999
11.230148,4.0024834,-150,0.3031504,63.999996
10.230148,4.0024834,-150,0.4303481,51.999996
9.230148,4.0024834,-150,0.5492308,79.99999
8.230148,4.0024834,-150,0.5245621,67.99999
7.2301483,4.0024834,-150,0.49484482,67.99999
6.2301483,4.0024834,-150,0.49506748,83.99999
5.2301483,4.0024834,-150,0.4900538,87.99999
4.2301483,4.0024834,-150,0.5026475,67.99999
3.2301483,4.0024834,-150,0.534458,87.99999
2.2301483,4.0024834,-150,0.5235821,75.99999
1.2301483,4.0024834,-150,0.53034645,71.99999
0.23014832,4.0024834,-150,0.4948955,67.99999
-0.7698517,4.0024834,-150,0.40280256,75.99999
-1.7698517,4.0024834,-150,0.3395394,79.99999
-2.7698517,4.0024834,-150,0.26836824,75.99999
-3.7698517,4.0024834,-150,0.2208237,87.99999
-4.7698517,4.0024834,-150,0.26279306,87.99999
-5.7698517,4.0024834,-150,0.29023564,91.99999
-6.7698517,4.0024834,-150,0.31132504,95.99999
-7.7698517,4.0024834,-150,0.38849187,95.99999
-8.769852,4.0024834,-150,0.47092697,75.99999
-9.769852,4.0024834,-150,0.49880534,79.99999
-10.769852,4.0024834,-150,0.44478115,115.99999
-11.769852,4.0024834,-150,0.36052215,67.99999
-12.769852,4.0024834,-150,0.3679217,63.999996
-13.769852,4.0024834,-150,0.3392964,107.99999
-14.769852,4.0024834,-150,0.2940648,27.999996
-15.769852,4.0024834,-150,0.39517814,79.99999
-16.769852,4.0024834,-150,0.48956966,55.999996
-17.769852,4.0024834,-150,0.4377537,111.99999
-18.769852,4.0024834,-150,0.31215152,59.999996
-19.769852,4.0024834,-150,0.21498641,59.999996
-20.769852,4.0024834,-150,0.15475555,71.99999
-21.769852,4.0024834,-150,0,43.999996
-22.769852,4.0024834,-150,0,0
-23.769852,4.0024834,-150,0,0
-24.769852,4.0024834,-150,0,0
-25.769852,4.0024834,-150,0,0
-26.769852,4.0024834,-150,0,0
-27.769852,4.0024834,-150,0,0
-28.769852,4.0024834,-150,0,0
-29.769852,4.0024834,-150,0,0
-30.769852,4.0024834,-150,0,0
-31.769852,4.0024834,-150,0,0
-32.76985,4.0024834,-150,0,0
-33.76985,4.0024834,-150,0,0
-34.76985,4.0024834,-150,0,0
-35.76985,4.0024834,-150,0,0
-36.76985,4.0024834,-150,0,0
-37.76985,4.0024834,-150,0,0
-38.76985,4.0024834,-150,0,0
-39.76985,4.0024834,-150,0,0
-40.76985,4.0024834,-150,0,0
-41.76985,4.0024834,-150,0,0
-42.76985,4.0024834,-150,0,0
-43.76985,4.0024834,-150,0,0
-44.76985,4.0024834,-150,0,0
-45.76985,4.0024834,-150,0,0
-46.76985,4.0024834,-150,0,0
-47.76985,4.0024834,-150,0,0
-48.76985,4.0024834,-150,0,0
-49.76985,4.0024834,-150,0,0
49.23015,3.0024834,-150,0,0
48.23015,3.0024834,-150,0,0
47.23015,3.0024834,-150,0,0
46.23015,3.0024834,-150,0,0
45.23015,3.0024834,-150,0,0
44.23015,3.0024834,-150,0,0
43.23015,3.0024834,-150,0,0
42.23015,3.0024834,-150,0,0
41.23015,3.0024834,-150,0,0
40.23015,3.0024834,-150,0,0
39.23015,3.0024834,-150,0,0
38.23015,3.0024834,-150,0,0
37.23015,3.0024834,-150,0,0
36.23015,3.0024834,-150,0,0
35.23015,3.0024834,-150,0,0
34.23015,3.0024834,-150,0,0
33.23015,3.0024834,-150,0,0
32.23015,3.0024834,-150,0,0
31.230148,3.0024834,-150,0,0
30.230148,3.0024834,-150,0,0
29.230148,3.0024834,-150,0,0
28.230148,3.0024834,-150,0,0
27.230148,3.0024834,-150,0,0
26.230148,3.0024834,-150,0,0
25.230148,3.0024834,-150,0,0
24.230148,3.0024834,-150,0,0
23.230148,3.0024834,-150,0,0
22.230148,3.0024834,-150,0,0
21.230148,3.0024834,-150,0,0
20.230148,3.0024834,-150,0,0
19.230148,3.0024834,-150,0,27.999996
18.230148,3.0024834,-150,0.251313,99.99999
17.230148,3.0024834,-150,0.3003106,95.99999
16.230148,3.0024834,-150,0.43791467,103.99999
15.230148,3.0024834,-150,0.5198323,95.99999
14.230148,3.0024834,-150,0.4467152,63.999996
13.230148,3.0024834,-150,0.34442446,99.99999
12.230148,3.0024834,-150,0.27219546,55.999996
11.230148,3.0024834,-150,0.35458416,91.99999
10.230148,3.0024834,-150,0.5412246,79.99999
9.230148,3.0024834,-150,0.60203016,99.99999
8.230148,3.0024834,-150,0.49511984,55.999996
7.2301483,3.0024834,-150,0.38643038,67.99999
6.2301483,3.0024834,-150,0.3640484,79.99999
5.2301483,3.0024834,-150,0.42199886,63.999996
4.2301483,3.0024834,-150,0.5407094,95.99999
3.2301483,3.0024834,-150,0.5680567,75.99999
2.2301483,3.0024834,-150,0.51567525,115.99999
1.2301483,3.0024834,-150,0.4955146,67.99999
0.23014832,3.0024834,-150,0.4986533,71.99999
-0.7698517,3.0024834,-150,0.51955557,119.99999
-1.7698517,3.0024834,-150,0.48555773,67.99999
-2.7698517,3.0024834,-150,0.37988257,95.99999
-3.7698517,3.0024834,-150,0.32914728,99.99999
-4.7698517,3.0024834,-150,0.41424257,107.99999
-5.7698517,3.0024834,-150,0.44082642,83.99999
-6.7698517,3.0024834,-150,0.383675,71.99999
-7.7698517,3.0024834,-150,0.39599878,99.99999
-8.769852,3.0024834,-150,0.45450583,91.99999
-9.769852,3.0024834,-150,0.45364234,95.99999
-10.769852,3.0024834,-150,0.42920294,103.99999
-11.769852,3.0024834,-150,0.41894534,31.999996
-12.769852,3.0024834,-150,0.4076942,27.999996
-13.769852,3.0024834,-150,0.31081897,71.99999
-14.769852,3.0024834,-150,0.21359284,43.999996
-15.769852,3.0024834,-150,0.24618569,43.999996
-16.769852,3.0024834,-150,0.339594,51.999996
-17.769852,3.0024834,-150,0.36192358,107.99999
-18.769852,3.0024834,-150,0.28910124,95.99999
-19.769852,3.0024834,-150,0.15584375,83.99999
-20.769852,3.0024834,-150,0.087014474,47.999996
-21.769852,3.0024834,-150,0,15.999996
-22.769852,3.0024834,-150,0,0
-23.769852,3.0024834,-150,0,0
-24.769852,3.0024834,-150,0,0
-25.769852,3.0024834,-150,0,0
-26.769852,3.0024834,-150,0,0
-27.769852,3.0024834,-150,0,0
-28.769852,3.0024834,-150,0,0
-29.769852,3.0024834,-150,0,0
-30.769852,3.0024834,-150,0,0
-31.769852,3.0024834,-150,0,0
-32.76985,3.0024834,-150,0,0
-33.76985,3.0024834,-150,0,0
-34.76985,3.0024834,-150,0,0
-35.76985,3.0024834,-150,0,0
-36.76985,3.0024834,-150,0,0
-37.76985,3.0024834,-150,0,0
-38.76985,3.0024834,-150,0,0
-39.76985,3.0024834,-150,0,0
-40.76985,3.0024834,-150,0,0
-41.76985,3.0024834,-150,0,0
-42.76985,3.0024834,-150,0,0
-43.76985,3.0024834,-150,0,0
-44.76985,3.0024834,-150,0,0
-45.76985,3.0024834,-150,0,0
-46.76985,3.0024834,-150,0,0
-47.76985,3.0024834,-150,0,0
-48.76985,3.0024834,-150,0,0
-49.76985,3.0024834,-150,0,0
49.23015,2.0024834,-150,0,0
48.23015,2.0024834,-150,0,0
47.23015,2.0024834,-150,0,0
46.23015,2.0024834,-150,0,0
45.23015,2.0024834,-150,0,0
44.23015,2.0024834,-150,0,0
43.23015,2.0024834,-150,0,0
42.23015,2.0024834,-150,0,0
41.23015,2.0024834,-150,0,0
40.23015,2.0024834,-150,0,0
39.23015,2.0024834,-150,0,0
38.23015,2.0024834,-150,0,0
37.23015,2.0024834,-150,0,0
36.23015,2.0024834,-150,0,0
35.23015,2.0024834,-150,0,0
34.23015,2.0024834,-150,0,0
33.23015,2.0024834,-150,0,0
32.23015,2.0024834,-150,0,0
31.230148,2.0024834,-150,0,0
30.230148,2.0024834,-150,0,0
29.230148,2.0024834,-150,0,0
28.230148,2.0024834,-150,0,0
27.230148,2.0024834,-150,0,0
26.230148,2.0024834,-150,0,0
25.230148,2.0024834,-150,0,0
24.230148,2.0024834,-150,0,0
23.230148,2.0024834,-150,0,0
22.230148,2.0024834,-150,0,0
21.230148,2.0024834,-150,0,0
20.230148,2.0024834,-150,0,0
19.230148,2.0024834,-150,0,27.999996
18.230148,2.0024834,-150,0.32075626,115.99999
17.230148,2.0024834,-150,0.2301197,31.999996
16.230148,2.0024834,-150,0.3443232,95.99999
15.230148,2.0024834,-150,0.44169432,95.99999
14.230148,2.0024834,-150,0.34608474,59.999996
13.230148,2.0024834,-150,0.2149129,75.99999
12.230148,2.0024834,-150,0.19086832,51.999996
11.230148,2.0024834,-150,0.38059247,55.999996
10.230148,2.0024834,-150,0.62086457,67.99999
9.230148,2.0024834,-150,0.6121497,47.999996
8.230148,2.0024834,-150,0.49212986,91.99999
7.2301483,2.0024834,-150,0.36323202,67.99999
6.2301483,2.0024834,-150,0.27995822,31.999996
5.2301483,2.0024834,-150,0.38351497,111.99999
4.2301483,2.0024834,-150,0.5008349,91.99999
3.2301483,2.0024834,-150,0.50877476,103.99999
2.2301483,2.0024834,-150,0.46799672,55.999996
1.2301483,2.0024834,-150,0.44556934,63.999996
0.23014832,2.0024834,-150,0.43853593,87.99999
-0.7698517,2.0024834,-150,0.4899339,71.99999
-1.7698517,2.0024834,-150,0.56863856,99.99999
-2.7698517,2.0024834,-150,0.5580795,119.99999
-3.7698517,2.0024834,-150,0.5113007,83.99999
-4.7698517,2.0024834,-150,0.53317153,55.999996
-5.7698517,2.0024834,-150,0.5524187,83.99999
-6.7698517,2.0024834,-150,0.46872115,63.999996
-7.7698517,2.0024834,-150,0.39007157,39.999996
-8.769852,2.0024834,-150,0.40904185,83.99999
-9.769852,2.0024834,-150,0.32803372,39.999996
-10.769852,2.0024834,-150,0.25275236,23.999996
-11.769852,2.0024834,-150,0.3155467,35.999996
-12.769852,2.0024834,-150,0.34413233,67.99999
-13.769852,2.0024834,-150,0.23889698,59.999996
-14.769852,2.0024834,-150,0.12538055,47.999996
-15.769852,2.0024834,-150,0.12810259,31.999996
-16.769852,2.0024834,-150,0.25911924,67.99999
-17.769852,2.0024834,-150,0.36493433,55.999996
-18.769852,2.0024834,-150,0.32212454,63.999996
-19.769852,2.0024834,-150,0.21928902,103.99999
-20.769852,2.0024834,-150,0.19746365,51.999996
-21.769852,2.0024834,-150,0,19.999996
-22.769852,2.0024834,-150,0,0
-23.769852,2.0024834,-150,0,0
-24.769852,2.0024834,-150,0,0
-25.769852,2.0024834,-150,0,0
-26.769852,2.0024834,-150,0,0
-27.769852,2.0024834,-150,0,0
-28.769852,2.0024834,-150,0,0
-29.769852,2.0024834,-150,0,0
-30.769852,2.0024834,-150,0,0
-31.769852,2.0024834,-150,0,0
-32.76985,2.0024834,-150,0,0
-33.76985,2.0024834,-150,0,0
-34.76985,2.0024834,-150,0,0
-35.76985,2.0024834,-150,0,0
-36.76985,2.0024834,-150,0,0
-37.76985,2.0024834,-150,0,0
-38.76985,2.0024834,-150,0,0
-39.76985,2.0024834,-150,0,0
-40.76985,2.0024834,-150,0,0
-41.76985,2.0024834,-150,0,0
-42.76985,2.0024834,-150,0,0
-43.76985,2.0024834,-150,0,0
-44.76985,2.0024834,-150,0,0
-45.76985,2.0024834,-150,0,0
-46.76985,2.0024834,-150,0,0
-47.76985,2.0024834,-150,0,0
-48.76985,2.0024834,-150,0,0
-49.76985,2.0024834,-150,0,0
49.23015,1.0024834,-150,0,0
48.23015,1.0024834,-150,0,0
47.23015,1.0024834,-150,0,0
46.23015,1.0024834,-150,0,0
45.23015,1.0024834,-150,0,0
44.23015,1.0024834,-150,0,0
43.23015,1.0024834,-150,0,0
42.23015,1.0024834,-150,0,0
41.23015,1.0024834,-150,0,0
40.23015,1.0024834,-150,0,0
39.23015,1.0024834,-150,0,0
38.23015,1.0024834,-150,0,0
37.23015,1.0024834,-150,0,0
36.23015,1.0024834,-150,0,0
35.23015,1.0024834,-150,0,0
34.23015,1.0024834,-150,0,0
33.23015,1.0024834,-150,0,0
32.23015,1.0024834,-150,0,0
31.230148,1.0024834,-150,0,0
30.230148,1.0024834,-150,0,0
29.230148,1.0024834,-150,0,0
28.230148,1.0024834,-150,0,0
27.230148,1.0024834,-150,0,0
26.230148,1.0024834,-150,0,0
25.230148,1.0024834,-150,0,0
24.230148,1.0024834,-150,0,0
23.230148,1.0024834,-150,0,0
22.230148,1.0024834,-150,0,0
21.230148,1.0024834,-150,0,0
20.230148,1.0024834,-150,0,0
19.230148,1.0024834,-150,0,27.999996
18.230148,1.0024834,-150,0.32778105,95.99999
17.230148,1.0024834,-150,0.20753479,71.99999
16.230148,1.0024834,-150,0.2014255,63.999996
15.230148,1.0024834,-150,0.24402794,67.99999
14.230148,1.0024834,-150,0.17764755,71.99999
13.230148,1.0024834,-150,0.11311349,75.99999
12.230148,1.0024834,-150,0.15201682,47.999996
11.230148,1.0024834,-150,0.39684436,75.99999
10.230148,1.0024834,-150,0.65248424,99.99999
9.230148,1.0024834,-150,0.66536385,67.99999
8.230148,1.0024834,-150,0.5580905,83.99999
7.2301483,1.0024834,-150,0.49000558,123.99999
6.2301483,1.0024834,-150,0.44676334,119.99999
5.2301483,1.0024834,-150,0.4430731,123.99999
4.2301483,1.0024834,-150,0.4111527,103.99999
3.2301483,1.0024834,-150,0.36784026,83.99999
2.2301483,1.0024834,-150,0.3925102,87.99999
1.2301483,1.0024834,-150,0.39740604,83.99999
0.23014832,1.0024834,-150,0.35980332,83.99999
-0.7698517,1.0024834,-150,0.46198243,107.99999
-1.7698517,1.0024834,-150,0.61846614,99.99999
-2.7698517,1.0024834,-150,0.6747964,83.99999
-3.7698517,1.0024834,-150,0.62645036,111.99999
-4.7698517,1.0024834,-150,0.5852417,67.99999
-5.7698517,1.0024834,-150,0.5276277,83.99999
-6.7698517,1.0024834,-150,0.41110596,63.999996
-7.7698517,1.0024834,-150,0.3090693,59.999996
-8.769852,1.0024834,-150,0.28827316,39.999996
-9.769852,1.0024834,-150,0.22130732,31.999996
-10.769852,1.0024834,-150,0.11197443,19.999996
-11.769852,1.0024834,-150,0.15587127,43.999996
-12.769852,1.0024834,-150,0.23846939,39.999996
-13.769852,1.0024834,-150,0.1760304,39.999996
-14.769852,1.0024834,-150,0.046920232,71.99999
-15.769852,1.0024834,-150,0.030731125,43.999996
-16.769852,1.0024834,-150,0.22307828,43.999996
-17.769852,1.0024834,-150,0.410517,55.999996
-18.769852,1.0024834,-150,0.38557386,75.99999
-19.769852,1.0024834,-150,0.262937,59.999996
-20.769852,1.0024834,-150,Infinity,55.999996
-21.769852,1.0024834,-150,0,7.999998
-22.769852,1.0024834,-150,0,0
-23.769852,1.0024834,-150,0,0
-24.769852,1.0024834,-150,0,0
-25.769852,1.0024834,-150,0,0
-26.769852,1.0024834,-150,0,0
-27.769852,1.0024834,-150,0,0
-28.769852,1.0024834,-150,0,0
-29.769852,1.0024834,-150,0,0
-30.769852,1.0024834,-150,0,0
-31.769852,1.0024834,-150,0,0
-32.76985,1.0024834,-150,0,0
-33.76985,1.0024834,-150,0,0
-34.76985,1.0024834,-150,0,0
-35.76985,1.0024834,-150,0,0
-36.76985,1.0024834,-150,0,0
-37.76985,1.0024834,-150,0,0
-38.76985,1.0024834,-150,0,0
-39.76985,1.0024834,-150,0,0
-40.76985,1.0024834,-150,0,0
-41.76985,1.0024834,-150,0,0
-42.76985,1.0024834,-150,0,0
-43.76985,1.0024834,-150,0,0
-44.76985,1.0024834,-150,0,0
-45.76985,1.0024834,-150,0,0
-46.76985,1.0024834,-150,0,0
-47.76985,1.0024834,-150,0,0
-48.76985,1.0024834,-150,0,0
-49.76985,1.0024834,-150,0,0
49.23015,0.002483368,-150,0,0
48.23015,0.002483368,-150,0,0
47.23015,0.002483368,-150,0,0
46.23015,0.002483368,-150,0,0
45.23015,0.002483368,-150,0,0
44.23015,0.002483368,-150,0,0
43.23015,0.002483368,-150,0,0
42.23015,0.002483368,-150,0,0
41.23015,0.002483368,-150,0,0
40.23015,0.002483368,-150,0,0
39.23015,0.002483368,-150,0,0
38.23015,0.002483368,-150,0,0
37.23015,0.002483368,-150,0,0
36.23015,0.002483368,-150,0,0
35.23015,0.002483368,-150,0,0
34.23015,0.002483368,-150,0,0
33.23015,0.002483368,-150,0,0
32.23015,0.002483368,-150,0,0
31.230148,0.002483368,-150,0,0
30.230148,0.002483368,-150,0,0
29.230148,0.002483368,-150,0,0
28.230148,0.002483368,-150,0,0
27.230148,0.002483368,-150,0,0
26.230148,0.002483368,-150,0,0
25.230148,0.002483368,-150,0,0
24.230148,0.002483368,-150,0,0
23.230148,0.002483368,-150,0,0
22.230148,0.002483368,-150,0,0
21.230148,0.002483368,-150,0,0
20.230148,0.002483368,-150,0,0
19.230148,0.002483368,-150,0,19.999996
18.230148,0.002483368,-150,0.3967732,135.99998
17.230148,0.002483368,-150,0.24386978,115.99999
16.230148,0.002483368,-150,0.16488908,99.99999
15.230148,0.002483368,-150,0.16593051,87.99999
14.230148,0.002483368,-150,0.163683,87.99999
13.230148,0.002483368,-150,0.15645306,79.99999
12.230148,0.002483368,-150,0.22549938,67.99999
11.230148,0.002483368,-150,0.4036597,75.99999
10.230148,0.002483368,-150,0.6086853,91.99999
9.230148,0.002483368,-150,0.69535863,87.99999
8.230148,0.002483368,-150,0.6538855,111.99999
7.2301483,0.002483368,-150,0.5999397,103.99999
6.2301483,0.002483368,-150,0.5671645,71.99999
5.2301483,0.002483368,-150,0.49197695,107.99999
4.2301483,0.002483368,-150,0.39039937,95.99999
3.2301483,0.002483368,-150,0.34735906,79.99999
2.2301483,0.002483368,-150,0.35987818,99.99999
1.2301483,0.002483368,-150,0.38241494,63.999996
0.23014832,0.002483368,-150,0.39244387,79.99999
-0.7698517,0.002483368,-150,0.48637807,123.99999
-1.7698517,0.002483368,-150,0.58898765,147.99998
-2.7698517,0.002483368,-150,0.6681686,103.99999
-3.7698517,0.002483368,-150,0.6717227,87.99999
-4.7698517,0.002483368,-150,0.5987768,67.99999
-5.7698517,0.002483368,-150,0.38036284,75.99999
-6.7698517,0.002483368,-150,0.1862141,23.999996
-7.7698517,0.002483368,-150,0.103733845,43.999996
-8.769852,0.002483368,-150,0.121704966,47.999996
-9.769852,0.002483368,-150,0.09542329,51.999996
-10.769852,0.002483368,-150,-0.0004206691,27.999996
-11.769852,0.002483368,-150,-0.012961049,27.999996
-12.769852,0.002483368,-150,0.09428245,43.999996
-13.769852,0.002483368,-150,0.122756764,51.999996
-14.769852,0.002483368,-150,0.05392455,63.999996
-15.769852,0.002483368,-150,-0.010389652,35.999996
-16.769852,0.002483368,-150,0.14223826,19.999996
-17.769852,0.002483368,-150,0.42941868,47.999996
-18.769852,0.002483368,-150,0.45395207,31.999996
-19.769852,0.002483368,-150,0.368452,71.99999
-20.769852,0.002483368,-150,Infinity,75.99999
-21.769852,0.002483368,-150,0,7.999998
-22.769852,0.002483368,-150,0,0
-23.769852,0.002483368,-150,0,0
-24.769852,0.002483368,-150,0,0
-25.769852,0.002483368,-150,0,0
-26.769852,0.002483368,-150,0,0
-27.769852,0.002483368,-150,0,0
-28.769852,0.002483368,-150,0,0
-29.769852,0.002483368,-150,0,0
-30.769852,0.002483368,-150,0,0
-31.769852,0.002483368,-150,0,0
-32.76985,0.002483368,-150,0,0
-33.76985,0.002483368,-150,0,0
-34.76985,0.002483368,-150,0,0
-35.76985,0.002483368,-150,0,0
-36.76985,0.002483368,-150,0,0
-37.76985,0.002483368,-150,0,0
-38.76985,0.002483368,-150,0,0
-39.76985,0.002483368,-150,0,0
-40.76985,0.002483368,-150,0,0
-41.76985,0.002483368,-150,0,0
-42.76985,0.002483368,-150,0,0
-43.76985,0.002483368,-150,0,0
-44.76985,0.002483368,-150,0,0
-45.76985,0.002483368,-150,0,0
-46.76985,0.002483368,-150,0,0
-47.76985,0.002483368,-150,0,0
-48.76985,0.002483368,-150,0,0
-49.76985,0.002483368,-150,0,0
49.23015,-0.99751663,-150,0,0
48.23015,-0.99751663,-150,0,0
47.23015,-0.99751663,-150,0,0
46.23015,-0.99751663,-150,0,0
45.23015,-0.99751663,-150,0,0
44.23015,-0.99751663,-150,0,0
43.23015,-0.99751663,-150,0,0
42.23015,-0.99751663,-150,0,0
41.23015,-0.99751663,-150,0,0
40.23015,-0.99751663,-150,0,0
39.23015,-0.99751663,-150,0,0
38.23015,-0.99751663,-150,0,0
37.23015,-0.99751663,-150,0,0
36.23015,-0.99751663,-150,0,0
35.23015,-0.99751663,-150,0,0
34.23015,-0.99751663,-150,0,0
33.23015,-0.99751663,-150,0,0
32.23015,-0.99751663,-150,0,0
31.230148,-0.99751663,-150,0,0
30.230148,-0.99751663,-150,0,0
29.230148,-0.99751663,-150,0,0
28.230148,-0.99751663,-150,0,0
27.230148,-0.99751663,-150,0,0
26.230148,-0.99751663,-150,0,0
25.230148,-0.99751663,-150,0,0
24.230148,-0.99751663,-150,0,0
23.230148,-0.99751663,-150,0,0
22.230148,-0.99751663,-150,0,0
21.230148,-0.99751663,-150,0,0
20.230148,-0.99751663,-150,0,0
19.230148,-0.99751663,-150,0,31.999996
18.230148,-0.99751663,-150,0,83.99999
17.230148,-0.99751663,-150,0.3168821,79.99999
16.230148,-0.99751663,-150,0.28133056,87.99999
15.230148,-0.99751663,-150,0.33252838,107.99999
14.230148,-0.99751663,-150,0.3853786,91.99999
13.230148,-0.99751663,-150,0.44255474,119.99999
12.230148,-0.99751663,-150,0.4490177,111.99999
11.230148,-0.99751663,-150,0.43344146,51.999996
10.230148,-0.99751663,-150,0.53843004,79.99999
9.230148,-0.99751663,-150,0.6768364,67.99999
8.230148,-0.99751663,-150,0.66337407,63.999996
7.2301483,-0.99751663,-150,0.61200696,95.99999
6.2301483,-0.99751663,-150,0.5789677,79.99999
5.2301483,-0.99751663,-150,0.5412919,55.999996
4.2301483,-0.99751663,-150,0.50856376,115.99999
3.2301483,-0.99751663,-150,0.48887902,115.99999
2.2301483,-0.99751663,-150,0.4383853,111.99999
1.2301483,-0.99751663,-150,0.4174658,91.99999
0.23014832,-0.99751663,-150,0.41520315,111.99999
-0.7698517,-0.99751663,-150,0.39110574,55.999996
-1.7698517,-0.99751663,-150,0.4069374,95.99999
-2.7698517,-0.99751663,-150,0.5331462,75.99999
-3.7698517,-0.99751663,-150,0.6468468,103.99999
-4.7698517,-0.99751663,-150,0.5680424,83.99999
-5.7698517,-0.99751663,-150,0.2756382,71.99999
-6.7698517,-0.99751663,-150,0.010791883,7.999998
-7.7698517,-0.99751663,-150,-0.04465501,39.999996
-8.769852,-0.99751663,-150,-0.054142848,55.999996
-9.769852,-0.99751663,-150,-0.15786892,23.999996
-10.769852,-0.99751663,-150,-0.19692232,19.999996
-11.769852,-0.99751663,-150,-0.11715661,11.999997
-12.769852,-0.99751663,-150,0.051398873,7.999998
-13.769852,-0.99751663,-150,0.124419846,27.999996
-14.769852,-0.99751663,-150,0.11394631,31.999996
-15.769852,-0.99751663,-150,0.10283681,43.999996
-16.769852,-0.99751663,-150,0.18866639,23.999996
-17.769852,-0.99751663,-150,0.39617315,63.999996
-18.769852,-0.99751663,-150,0.48563904,103.99999
-19.769852,-0.99751663,-150,0.44627383,83.99999
-20.769852,-0.99751663,-150,0,107.99999
-21.769852,-0.99751663,-150,0,3.999999
-22.769852,-0.99751663,-150,0,0
-23.769852,-0.99751663,-150,0,0
-24.769852,-0.99751663,-150,0,0
-25.769852,-0.99751663,-150,0,0
-26.769852,-0.99751663,-150,0,0
-27.769852,-0.99751663,-150,0,0
-28.769852,-0.99751663,-150,0,0
-29.769852,-0.99751663,-150,0,0
-30.769852,-0.99751663,-150,0,0
-31.769852,-0.99751663,-150,0,0
-32.76985,-0.99751663,-150,0,0
-33.76985,-0.99751663,-150,0,0
-34.76985,-0.99751663,-150,0,0
-35.76985,-0.99751663,-150,0,0
-36.76985,-0.99751663,-150,0,0
-37.76985,-0.99751663,-150,0,0
-38.76985,-0.99751663,-150,0,0
-39.76985,-0.99751663,-150,0,0
-40.76985,-0.99751663,-150,0,0
-41.76985,-0.99751663,-150,0,0
-42.76985,-0.99751663,-150,0,0
-43.76985,-0.99751663,-150,0,0
-44.76985,-0.99751663,-150,0,0
-45.76985,-0.99751663,-150,0,0
-46.76985,-0.99751663,-150,0,0
-47.76985,-0.99751663,-150,0,0
-48.76985,-0.99751663,-150,0,0
-49.76985,-0.99751663,-150,0,0
49.23015,-1.9975166,-150,0,0
48.23015,-1.9975166,-150,0,0
47.23015,-1.9975166,-150,0,0
46.23015,-1.9975166,-150,0,0
45.23015,-1.9975166,-150,0,0
44.23015,-1.9975166,-150,0,0
43.23015,-1.9975166,-150,0,0
42.23015,-1.9975166,-150,0,0
41.23015,-1.9975166,-150,0,0
40.23015,-1.9975166,-150,0,0
39.23015,-1.9975166,-150,0,0
38.23015,-1.9975166,-150,0,0
37.23015,-1.9975166,-150,0,0
36.23015,-1.9975166,-150,0,0
35.23015,-1.9975166,-150,0,0
34.23015,-1.9975166,-150,0,0
33.23015,-1.9975166,-150,0,0
32.23015,-1.9975166,-150,0,0
31.230148,-1.9975166,-150,0,0
30.230148,-1.9975166,-150,0,0
29.230148,-1.9975166,-150,0,0
28.230148,-1.9975166,-150,0,0
27.230148,-1.9975166,-150,0,0
26.230148,-1.9975166,-150,0,0
25.230148,-1.9975166,-150,0,0
24.230148,-1.9975166,-150,0,0
23.230148,-1.9975166,-150,0,0
22.230148,-1.9975166,-150,0,0
21.230148,-1.9975166,-150,0,0
20.230148,-1.9975166,-150,0,0
19.230148,-1.9975166,-150,0,0
18.230148,-1.9975166,-150,0,95.99999
17.230148,-1.9975166,-150,0.48221102,95.99999
16.230148,-1.9975166,-150,0.53769326,91.99999
15.230148,-1.9975166,-150,0.615659,91.99999
14.230148,-1.9975166,-150,0.67666453,111.99999
13.230148,-1.9975166,-150,0.70951295,147.99998
12.230148,-1.9975166,-150,0.60100025,79.99999
11.230148,-1.9975166,-150,0.43129766,67.99999
10.230148,-1.9975166,-150,0.41096067,51.999996
9.230148,-1.9975166,-150,0.5362527,75.99999
8.230148,-1.9975166,-150,0.5785427,63.999996
7.2301483,-1.9975166,-150,0.5392134,63.999996
6.2301483,-1.9975166,-150,0.58006155,111.99999
5.2301483,-1.9975166,-150,0.6068604,107.99999
4.2301483,-1.9975166,-150,0.580255,131.99998
3.2301483,-1.9975166,-150,0.6220083,99.99999
2.2301483,-1.9975166,-150,0.5626955,95.99999
1.2301483,-1.9975166,-150,0.44702345,47.999996
0.23014832,-1.9975166,-150,0.3423023,71.99999
-0.7698517,-1.9975166,-150,0.22431087,71.99999
-1.7698517,-1.9975166,-150,0.2200898,75.99999
-2.7698517,-1.9975166,-150,0.3987919,91.99999
-3.7698517,-1.9975166,-150,0.5304661,55.999996
-4.7698517,-1.9975166,-150,0.47565708,115.99999
-5.7698517,-1.9975166,-150,0.2164096,75.99999
-6.7698517,-1.9975166,-150,0.02029226,23.999996
-7.7698517,-1.9975166,-150,-0.025675224,63.999996
-8.769852,-1.9975166,-150,-0.15085256,39.999996
-9.769852,-1.9975166,-150,-0.351233,19.999996
-10.769852,-1.9975166,-150,-0.41273382,3.999999
-11.769852,-1.9975166,-150,-0.18111299,19.999996
-12.769852,-1.9975166,-150,0.1003011,19.999996
-13.769852,-1.9975166,-150,0.17416686,27.999996
-14.769852,-1.9975166,-150,0.2268717,39.999996
-15.769852,-1.9975166,-150,0.3499908,39.999996
-16.769852,-1.9975166,-150,0.4207846,55.999996
-17.769852,-1.9975166,-150,0.4430979,67.99999
-18.769852,-1.9975166,-150,0.46438688,95.99999
-19.769852,-1.9975166,-150,0.4230231,95.99999
-20.769852,-1.9975166,-150,0,59.999996
-21.769852,-1.9975166,-150,0,0
-22.769852,-1.9975166,-150,0,0
-23.769852,-1.9975166,-150,0,0
-24.769852,-1.9975166,-150,0,0
-25.769852,-1.9975166,-150,0,0
-26.769852,-1.9975166,-150,0,0
-27.769852,-1.9975166,-150,0,0
-28.769852,-1.9975166,-150,0,0
-29.769852,-1.9975166,-150,0,0
-30.769852,-1.9975166,-150,0,0
-31.769852,-1.9975166,-150,0,0
-32.76985,-1.9975166,-150,0,0
-33.76985,-1.9975166,-150,0,0
-34.76985,-1.9975166,-150,0,0
-35.76985,-1.9975166,-150,0,0
-36.76985,-1.9975166,-150,0,0
-37.76985,-1.9975166,-150,0,0
-38.76985,-1.9975166,-150,0,0
-39.76985,-1.9975166,-150,0,0
-40.76985,-1.9975166,-150,0,0
-41.76985,-1.9975166,-150,0,0
-42.76985,-1.9975166,-150,0,0
-43.76985,-1.9975166,-150,0,0
-44.76985,-1.9975166,-150,0,0
-45.76985,-1.9975166,-150,0,0
-46.76985,-1.9975166,-150,0,0
-47.76985,-1.9975166,-150,0,0
-48.76985,-1.9975166,-150,0,0
-49.76985,-1.9975166,-150,0,0
49.23015,-2.9975166,-150,0,0
48.23015,-2.9975166,-150,0,0
47.23015,-2.9975166,-150,0,0
46.23015,-2.9975166,-150,0,0
45.23015,-2.9975166,-150,0,0
44.23015,-2.9975166,-150,0,0
43.23015,-2.9975166,-150,0,0
42.23015,-2.9975166,-150,0,0
41.23015,-2.9975166,-150,0,0
40.23015,-2.9975166,-150,0,0
39.23015,-2.9975166,-150,0,0
38.23015,-2.9975166,-150,0,0
37.23015,-2.9975166,-150,0,0
36.23015,-2.9975166,-150,0,0
35.23015,-2.9975166,-150,0,0
34.23015,-2.9975166,-150,0,0
33.23015,-2.9975166,-150,0,0
32.23015,-2.9975166,-150,0,0
31.230148,-2.9975166,-150,0,0
30.230148,-2.9975166,-150,0,0
29.230148,-2.9975166,-150,0,0
28.230148,-2.9975166,-150,0,0
27.230148,-2.9975166,-150,0,0
26.230148,-2.9975166,-150,0,0
25.230148,-2.9975166,-150,0,0
24.230148,-2.9975166,-150,0,0
23.230148,-2.9975166,-150,0,0
22.230148,-2.9975166,-150,0,0
21.230148,-2.9975166,-150,0,0
20.230148,-2.9975166,-150,0,0
19.230148,-2.9975166,-150,0,0
18.230148,-2.9975166,-150,0,71.99999
17.230148,-2.9975166,-150,0.6547848,131.99998
16.230148,-2.9975166,-150,0.68216836,115.99999
15.230148,-2.9975166,-150,0.73356456,135.99998
14.230148,-2.9975166,-150,0.74462324,127.99999
13.230148,-2.9975166,-150,0.66420376,99.99999
12.230148,-2.9975166,-150,0.5051712,83.99999
11.230148,-2.9975166,-150,0.32383534,87.99999
10.230148,-2.9975166,-150,0.2657126,55.999996
9.230148,-2.9975166,-150,0.3855029,43.999996
8.230148,-2.9975166,-150,0.47171262,67.99999
7.2301483,-2.9975166,-150,0.45462275,51.999996
6.2301483,-2.9975166,-150,0.5024938,87.99999
5.2301483,-2.9975166,-150,0.5516142,63.999996
4.2301483,-2.9975166,-150,0.5198672,83.99999
3.2301483,-2.9975166,-150,0.5314158,83.99999
2.2301483,-2.9975166,-150,0.5326335,83.99999
1.2301483,-2.9975166,-150,0.43129033,67.99999
0.23014832,-2.9975166,-150,0.2912632,67.99999
-0.7698517,-2.9975166,-150,0.14882195,71.99999
-1.7698517,-2.9975166,-150,0.15589315,55.999996
-2.7698517,-2.9975166,-150,0.31418735,127.99999
-3.7698517,-2.9975166,-150,0.42654404,55.999996
-4.7698517,-2.9975166,-150,0.35342053,59.999996
-5.7698517,-2.9975166,-150,0.16492015,11.999997
-6.7698517,-2.9975166,-150,0.07660951,39.999996
-7.7698517,-2.9975166,-150,0.011908615,43.999996
-8.769852,-2.9975166,-150,-0.15738869,51.999996
-9.769852,-2.9975166,-150,-0.31689557,11.999997
-10.769852,-2.9975166,-150,-0.32245067,23.999996
-11.769852,-2.9975166,-150,-0.2034437,3.999999
-12.769852,-2.9975166,-150,0.026071977,3.999999
-13.769852,-2.9975166,-150,0.18340926,39.999996
-14.769852,-2.9975166,-150,0.33355814,15.999996
-15.769852,-2.9975166,-150,0.5538473,31.999996
-16.769852,-2.9975166,-150,0.64788336,59.999996
-17.769852,-2.9975166,-150,0.58125234,119.99999
-18.769852,-2.9975166,-150,0.52258027,135.99998
-19.769852,-2.9975166,-150,0,127.99999
-20.769852,-2.9975166,-150,0,7.999998
-21.769852,-2.9975166,-150,0,0
-22.769852,-2.9975166,-150,0,0
-23.769852,-2.9975166,-150,0,0
-24.769852,-2.9975166,-150,0,0
-25.769852,-2.9975166,-150,0,0
-26.769852,-2.9975166,-150,0,0
-27.769852,-2.9975166,-150,0,0
-28.769852,-2.9975166,-150,0,0
-29.769852,-2.9975166,-150,0,0
-30.769852,-2.9975166,-150,0,0
-31.769852,-2.9975166,-150,0,0
-32.76985,-2.9975166,-150,0,0
-33.76985,-2.9975166,-150,0,0
-34.76985,-2.9975166,-150,0,0
-35.76985,-2.9975166,-150,0,0
-36.76985,-2.9975166,-150,0,0
-37.76985,-2.9975166,-150,0,0
-38.76985,-2.9975166,-150,0,0
-39.76985,-2.9975166,-150,0,0
-40.76985,-2.9975166,-150,0,0
-41.76985,-2.9975166,-150,0,0
-42.76985,-2.9975166,-150,0,0
-43.76985,-2.9975166,-150,0,0
-44.76985,-2.9975166,-150,0,0
-45.76985,-2.9975166,-150,0,0
-46.76985,-2.9975166,-150,0,0
-47.76985,-2.9975166,-150,0,0
-48.76985,-2.9975166,-150,0,0
-49.76985,-2.9975166,-150,0,0
49.23015,-3.9975166,-150,0,0
48.23015,-3.9975166,-150,0,0
47.23015,-3.9975166,-150,0,0
46.23015,-3.9975166,-150,0,0
45.23015,-3.9975166,-150,0,0
44.23015,-3.9975166,-150,0,0
43.23015,-3.9975166,-150,0,0
42.23015,-3.9975166,-150,0,0
41.23015,-3.9975166,-150,0,0
40.23015,-3.9975166,-150,0,0
39.23015,-3.9975166,-150,0,0
38.23015,-3.9975166,-150,0,0
37.23015,-3.9975166,-150,0,0
36.23015,-3.9975166,-150,0,0
35.23015,-3.9975166,-150,0,0
34.23015,-3.9975166,-150,0,0
33.23015,-3.9975166,-150,0,0
32.23015,-3.9975166,-150,0,0
31.230148,-3.9975166,-150,0,0
30.230148,-3.9975166,-150,0,0
29.230148,-3.9975166,-150,0,0
28.230148,-3.9975166,-150,0,0
27.230148,-3.9975166,-150,0,0
26.230148,-3.9975166,-150,0,0
25.230148,-3.9975166,-150,0,0
24.230148,-3.9975166,-150,0,0
23.230148,-3.9975166,-150,0,0
22.230148,-3.9975166,-150,0,0
21.230148,-3.9975166,-150,0,0
20.230148,-3.9975166,-150,0,0
19.230148,-3.9975166,-150,0,0
18.230148,-3.9975166,-150,0,31.999996
17.230148,-3.9975166,-150,0.69090855,115.99999
16.230148,-3.9975166,-150,0.6507722,127.99999
15.230148,-3.9975166,-150,0.6414353,67.99999
14.230148,-3.9975166,-150,0.6054375,103.99999
13.230148,-3.9975166,-150,0.4921602,87.99999
12.230148,-3.9975166,-150,0.31494212,63.999996
11.230148,-3.9975166,-150,0.20564848,75.99999
10.230148,-3.9975166,-150,0.24433003,59.999996
9.230148,-3.9975166,-150,0.4003424,127.99999
8.230148,-3.9975166,-150,0.44205427,79.99999
7.2301483,-3.9975166,-150,0.40267822,75.99999
6.2301483,-3.9975166,-150,0.3992771,79.99999
5.2301483,-3.9975166,-150,0.44411194,87.99999
4.2301483,-3.9975166,-150,0.45632097,91.99999
3.2301483,-3.9975166,-150,0.4460444,63.999996
2.2301483,-3.9975166,-150,0.47606736,47.999996
1.2301483,-3.9975166,-150,0.47279984,95.99999
0.23014832,-3.9975166,-150,0.36726806,79.99999
-0.7698517,-3.9975166,-150,0.28893432,67.99999
-1.7698517,-3.9975166,-150,0.3105987,55.999996
-2.7698517,-3.9975166,-150,0.3712331,47.999996
-3.7698517,-3.9975166,-150,0.45384157,79.99999
-4.7698517,-3.9975166,-150,0.39775413,71.99999
-5.7698517,-3.9975166,-150,0.22489259,35.999996
-6.7698517,-3.9975166,-150,0.06879393,43.999996
-7.7698517,-3.9975166,-150,-0.034016155,39.999996
-8.769852,-3.9975166,-150,-0.10279178,19.999996
-9.769852,-3.9975166,-150,-0.06165035,27.999996
-10.769852,-3.9975166,-150,-0.031093627,31.999996
-11.769852,-3.9975166,-150,-0.029363072,43.999996
-12.769852,-3.9975166,-150,0.0018650927,19.999996
-13.769852,-3.9975166,-150,0.13997097,39.999996
-14.769852,-3.9975166,-150,0.33230585,63.999996
-15.769852,-3.9975166,-150,0.5665261,67.99999
-16.769852,-3.9975166,-150,0.7367839,91.99999
-17.769852,-3.9975166,-150,0.70062506,107.99999
-18.769852,-3.9975166,-150,Infinity,139.99998
-19.769852,-3.9975166,-150,0,51.999996
-20.769852,-3.9975166,-150,0,0
-21.769852,-3.9975166,-150,0,0
-22.769852,-3.9975166,-150,0,0
-23.769852,-3.9975166,-150,0,0
-24.769852,-3.9975166,-150,0,0
-25.769852,-3.9975166,-150,0,0
-26.769852,-3.9975166,-150,0,0
-27.769852,-3.9975166,-150,0,0
-28.769852,-3.9975166,-150,0,0
-29.769852,-3.9975166,-150,0,0
-30.769852,-3.9975166,-150,0,0
-31.769852,-3.9975166,-150,0,0
-32.76985,-3.9975166,-150,0,0
-33.76985,-3.9975166,-150,0,0
-34.76985,-3.9975166,-150,0,0
-35.76985,-3.9975166,-150,0,0
-36.76985,-3.9975166,-150,0,0
-37.76985,-3.9975166,-150,0,0
-38.76985,-3.9975166,-150,0,0
-39.76985,-3.9975166,-150,0,0
-40.76985,-3.9975166,-150,0,0
-41.76985,-3.9975166,-150,0,0
-42.76985,-3.9975166,-150,0,0
-43.76985,-3.9975166,-150,0,0
-44.76985,-3.9975166,-150,0,0
-45.76985,-3.9975166,-150,0,0
-46.76985,-3.9975166,-150,0,0
-47.76985,-3.9975166,-150,0,0
-48.76985,-3.9975166,-150,0,0
-49.76985,-3.9975166,-150,0,0
49.23015,-4.9975166,-150,0,0
48.23015,-4.9975166,-150,0,0
47.23015,-4.9975166,-150,0,0
46.23015,-4.9975166,-150,0,0
45.23015,-4.9975166,-150,0,0
44.23015,-4.9975166,-150,0,0
43.23015,-4.9975166,-150,0,0
42.23015,-4.9975166,-150,0,0
41.23015,-4.9975166,-150,0,0
40.23015,-4.9975166,-150,0,0
39.23015,-4.9975166,-150,0,0
38.23015,-4.9975166,-150,0,0
37.23015,-4.9975166,-150,0,0
36.23015,-4.9975166,-150,0,0
35.23015,-4.9975166,-150,0,0
34.23015,-4.9975166,-150,0,0
33.23015,-4.9975166,-150,0,0
32.23015,-4.9975166,-150,0,0
31.230148,-4.9975166,-150,0,0
30.230148,-4.9975166,-150,0,0
29.230148,-4.9975166,-150,0,0
28.230148,-4.9975166,-150,0,0
27.230148,-4.9975166,-150,0,0
26.230148,-4.9975166,-150,0,0
25.230148,-4.9975166,-150,0,0
24.230148,-4.9975166,-150,0,0
23.230148,-4.9975166,-150,0,0
22.230148,-4.9975166,-150,0,0
21.230148,-4.9975166,-150,0,0
20.230148,-4.9975166,-150,0,0
19.230148,-4.9975166,-150,0,0
18.230148,-4.9975166,-150,0,11.999997
17.230148,-4.9975166,-150,0,95.99999
16.230148,-4.9975166,-150,0.5579929,103.99999
15.230148,-4.9975166,-150,0.53096837,95.99999
14.230148,-4.9975166,-150,0.4346608,67.99999
13.230148,-4.9975166,-150,0.31834096,87.99999
12.230148,-4.9975166,-150,0.14873604,83.99999
11.230148,-4.9975166,-150,0.11678223,31.999996
10.230148,-4.9975166,-150,0.312117,107.99999
9.230148,-4.9975166,-150,0.4752026,63.999996
8.230148,-4.9975166,-150,0.4684242,71.99999
7.2301483,-4.9975166,-150,0.41560957,59.999996
6.2301483,-4.9975166,-150,0.40003702,91.99999
5.2301483,-4.9975166,-150,0.41238886,43.999996
4.2301483,-4.9975166,-150,0.46257412,47.999996
3.2301483,-4.9975166,-150,0.5316941,91.99999
2.2301483,-4.9975166,-150,0.5609043,87.99999
1.2301483,-4.9975166,-150,0.52965015,75.99999
0.23014832,-4.9975166,-150,0.48173803,47.999996
-0.7698517,-4.9975166,-150,0.51263815,75.99999
-1.7698517,-4.9975166,-150,0.51705384,63.999996
-2.7698517,-4.9975166,-150,0.4694814,75.99999
-3.7698517,-4.9975166,-150,0.47743315,99.99999
-4.7698517,-4.9975166,-150,0.40812215,83.99999
-5.7698517,-4.9975166,-150,0.24832556,63.999996
-6.7698517,-4.9975166,-150,0.06714312,51.999996
-7.7698517,-4.9975166,-150,-0.055355757,31.999996
-8.769852,-4.9975166,-150,-0.007574006,59.999996
-9.769852,-4.9975166,-150,0.11088821,39.999996
-10.769852,-4.9975166,-150,0.14890616,35.999996
-11.769852,-4.9975166,-150,0.077646196,27.999996
-12.769852,-4.9975166,-150,0.03466175,51.999996
-13.769852,-4.9975166,-150,0.083994135,47.999996
-14.769852,-4.9975166,-150,0.22275992,31.999996
-15.769852,-4.9975166,-150,0.45546937,35.999996
-16.769852,-4.9975166,-150,0.63797235,127.99999
-17.769852,-4.9975166,-150,0.66000766,99.99999
-18.769852,-4.9975166,-150,0,115.99999
-19.769852,-4.9975166,-150,0,3.999999
-20.769852,-4.9975166,-150,0,0
-21.769852,-4.9975166,-150,0,0
-22.769852,-4.9975166,-150,0,0
-23.769852,-4.9975166,-150,0,0
-24.769852,-4.9975166,-150,0,0
-25.769852,-4.9975166,-150,0,0
-26.769852,-4.9975166,-150,0,0
-27.769852,-4.9975166,-150,0,0
-28.769852,-4.9975166,-150,0,0
-29.769852,-4.9975166,-150,0,0
-30.769852,-4.9975166,-150,0,0
-31.769852,-4.9975166,-150,0,0
-32.76985,-4.9975166,-150,0,0
-33.76985,-4.9975166,-150,0,0
-34.76985,-4.9975166,-150,0,0
-35.76985,-4.9975166,-150,0,0
-36.76985,-4.9975166,-150,0,0
-37.76985,-4.9975166,-150,0,0
-38.76985,-4.9975166,-150,0,0
-39.76985,-4.9975166,-150,0,0
-40.76985,-4.9975166,-150,0,0
-41.76985,-4.9975166,-150,0,0
-42.76985,-4.9975166,-150,0,0
-43.76985,-4.9975166,-150,0,0
-44.76985,-4.9975166,-150,0,0
-45.76985,-4.9975166,-150,0,0
-46.76985,-4.9975166,-150,0,0
-47.76985,-4.9975166,-150,0,0
-48.76985,-4.9975166,-150,0,0
-49.76985,-4.9975166,-150,0,0
49.23015,-5.9975166,-150,0,0
48.23015,-5.9975166,-150,0,0
47.23015,-5.9975166,-150,0,0
46.23015,-5.9975166,-150,0,0
45.23015,-5.9975166,-150,0,0
44.23015,-5.9975166,-150,0,0
43.23015,-5.9975166,-150,0,0
42.23015,-5.9975166,-150,0,0
41.23015,-5.9975166,-150,0,0
40.23015,-5.9975166,-150,0,0
39.23015,-5.9975166,-150,0,0
38.23015,-5.9975166,-150,0,0
37.23015,-5.9975166,-150,0,0
36.23015,-5.9975166,-150,0,0
35.23015,-5.9975166,-150,0,0
34.23015,-5.9975166,-150,0,0
33.23015,-5.9975166,-150,0,0
32.23015,-5.9975166,-150,0,0
31.230148,-5.9975166,-150,0,0
30.230148,-5.9975166,-150,0,0
29.230148,-5.9975166,-150,0,0
28.230148,-5.9975166,-150,0,0
27.230148,-5.9975166,-150,0,0
26.230148,-5.9975166,-150,0,0
25.230148,-5.9975166,-150,0,0
24.230148,-5.9975166,-150,0,0
23.230148,-5.9975166,-150,0,0
22.230148,-5.9975166,-150,0,0
21.230148,-5.9975166,-150,0,0
20.230148,-5.9975166,-150,0,0
19.230148,-5.9975166,-150,0,0
18.230148,-5.9975166,-150,0,0
17.230148,-5.9975166,-150,0,47.999996
16.230148,-5.9975166,-150,0.42329475,103.99999
15.230148,-5.9975166,-150,0.4464948,63.999996
14.230148,-5.9975166,-150,0.33549485,91.99999
13.230148,-5.9975166,-150,0.19693726,35.999996
12.230148,-5.9975166,-150,0.08707684,59.999996
11.230148,-5.9975166,-150,0.09365818,27.999996
10.230148,-5.9975166,-150,0.28976792,91.99999
9.230148,-5.9975166,-150,0.4661259,47.999996
8.230148,-5.9975166,-150,0.48935366,59.999996
7.2301483,-5.9975166,-150,0.49903122,51.999996
6.2301483,-5.9975166,-150,0.44529516,79.99999
5.2301483,-5.9975166,-150,0.39646685,43.999996
4.2301483,-5.9975166,-150,0.4475098,47.999996
3.2301483,-5.9975166,-150,0.5583899,63.999996
2.2301483,-5.9975166,-150,0.5913716,71.99999
1.2301483,-5.9975166,-150,0.5007572,35.999996
0.23014832,-5.9975166,-150,0.5083164,27.999996
-0.7698517,-5.9975166,-150,0.597828,47.999996
-1.7698517,-5.9975166,-150,0.58486,47.999996
-2.7698517,-5.9975166,-150,0.5134842,75.99999
-3.7698517,-5.9975166,-150,0.4409086,51.999996
-4.7698517,-5.9975166,-150,0.31497413,23.999996
-5.7698517,-5.9975166,-150,0.1935139,39.999996
-6.7698517,-5.9975166,-150,0.08927958,39.999996
-7.7698517,-5.9975166,-150,0.0577059,51.999996
-8.769852,-5.9975166,-150,0.10748264,43.999996
-9.769852,-5.9975166,-150,0.16651332,35.999996
-10.769852,-5.9975166,-150,0.108107924,31.999996
-11.769852,-5.9975166,-150,-0.013065357,27.999996
-12.769852,-5.9975166,-150,-0.043004997,39.999996
-13.769852,-5.9975166,-150,0.06678716,35.999996
-14.769852,-5.9975166,-150,0.25937706,43.999996
-15.769852,-5.9975166,-150,0.4210613,59.999996
-16.769852,-5.9975166,-150,0.4809128,75.99999
-17.769852,-5.9975166,-150,Infinity,103.99999
-18.769852,-5.9975166,-150,0,47.999996
-19.769852,-5.9975166,-150,0,0
-20.769852,-5.9975166,-150,0,0
-21.769852,-5.9975166,-150,0,0
-22.769852,-5.9975166,-150,0,0
-23.769852,-5.9975166,-150,0,0
-24.769852,-5.9975166,-150,0,0
-25.769852,-5.9975166,-150,0,0
-26.769852,-5.9975166,-150,0,0
-27.769852,-5.9975166,-150,0,0
-28.769852,-5.9975166,-150,0,0
-29.769852,-5.9975166,-150,0,0
-30.769852,-5.9975166,-150,0,0
-31.769852,-5.9975166,-150,0,0
-32.76985,-5.9975166,-150,0,0
-33.76985,-5.9975166,-150,0,0
-34.76985,-5.9975166,-150,0,0
-35.76985,-5.9975166,-150,0,0
-36.76985,-5.9975166,-150,0,0
-37.76985,-5.9975166,-150,0,0
-38.76985,-5.9975166,-150,0,0
-39.76985,-5.9975166,-150,0,0
-40.76985,-5.9975166,-150,0,0
-41.76985,-5.9975166,-150,0,0
-42.76985,-5.9975166,-150,0,0
-43.76985,-5.9975166,-150,0,0
-44.76985,-5.9975166,-150,0,0
-45.76985,-5.9975166,-150,0,0
-46.76985,-5.9975166,-150,0,0
-47.76985,-5.9975166,-150,0,0
-48.76985,-5.9975166,-150,0,0
-49.76985,-5.9975166,-150,0,0
49.23015,-6.9975166,-150,0,0
48.23015,-6.9975166,-150,0,0
47.23015,-6.9975166,-150,0,0
46.23015,-6.9975166,-150,0,0
45.23015,-6.9975166,-150,0,0
44.23015,-6.9975166,-150,0,0
43.23015,-6.9975166,-150,0,0
42.23015,-6.9975166,-150,0,0
41.23015,-6.9975166,-150,0,0
40.23015,-6.9975166,-150,0,0
39.23015,-6.9975166,-150,0,0
38.23015,-6.9975166,-150,0,0
37.23015,-6.9975166,-150,0,0
36.23015,-6.9975166,-150,0,0
35.23015,-6.9975166,-150,0,0
34.23015,-6.9975166,-150,0,0
33.23015,-6.9975166,-150,0,0
32.23015,-6.9975166,-150,0,0
31.230148,-6.9975166,-150,0,0
30.230148,-6.9975166,-150,0,0
29.230148,-6.9975166,-150,0,0
28.230148,-6.9975166,-150,0,0
27.230148,-6.9975166,-150,0,0
26.230148,-6.9975166,-150,0,0
25.230148,-6.9975166,-150,0,0
24.230148,-6.9975166,-150,0,0
23.230148,-6.9975166,-150,0,0
22.230148,-6.9975166,-150,0,0
21.230148,-6.9975166,-150,0,0
20.230148,-6.9975166,-150,0,0
19.230148,-6.9975166,-150,0,0
18.230148,-6.9975166,-150,0,0
17.230148,-6.9975166,-150,0,7.999998
16.230148,-6.9975166,-150,0,47.999996
15.230148,-6.9975166,-150,0.34991744,55.999996
14.230148,-6.9975166,-150,0.2896293,79.99999
13.230148,-6.9975166,-150,0.18287084,75.99999
12.230148,-6.9975166,-150,0.15565297,51.999996
11.230148,-6.9975166,-150,0.16869433,35.999996
10.230148,-6.9975166,-150,0.23189229,23.999996
9.230148,-6.9975166,-150,0.38260594,51.999996
8.230148,-6.9975166,-150,0.5038264,71.99999
7.2301483,-6.9975166,-150,0.5265687,79.99999
6.2301483,-6.9975166,-150,0.4400442,63.999996
5.2301483,-6.9975166,-150,0.35224414,43.999996
4.2301483,-6.9975166,-150,0.40323874,43.999996
3.2301483,-6.9975166,-150,0.53718424,67.99999
2.2301483,-6.9975166,-150,0.537454,39.999996
1.2301483,-6.9975166,-150,0.4326194,59.999996
0.23014832,-6.9975166,-150,0.44607818,35.999996
-0.7698517,-6.9975166,-150,0.5801164,35.999996
-1.7698517,-6.9975166,-150,0.59511256,51.999996
-2.7698517,-6.9975166,-150,0.5335281,123.99999
-3.7698517,-6.9975166,-150,0.43195766,115.99999
-4.7698517,-6.9975166,-150,0.32581007,63.999996
-5.7698517,-6.9975166,-150,0.22509141,51.999996
-6.7698517,-6.9975166,-150,0.16507411,35.999996
-7.7698517,-6.9975166,-150,0.2349372,91.99999
-8.769852,-6.9975166,-150,0.32132128,47.999996
-9.769852,-6.9975166,-150,0.28807777,43.999996
-10.769852,-6.9975166,-150,0.15101968,35.999996
-11.769852,-6.9975166,-150,0.007645678,39.999996
-12.769852,-6.9975166,-150,0.031121172,55.999996
-13.769852,-6.9975166,-150,0.23506285,71.99999
-14.769852,-6.9975166,-150,0.43278083,119.99999
-15.769852,-6.9975166,-150,0.45839012,123.99999
-16.769852,-6.9975166,-150,0.36417037,83.99999
-17.769852,-6.9975166,-150,0,99.99999
-18.769852,-6.9975166,-150,0,3.999999
-19.769852,-6.9975166,-150,0,0
-20.769852,-6.9975166,-150,0,0
-21.769852,-6.9975166,-150,0,0
-22.769852,-6.9975166,-150,0,0
-23.769852,-6.9975166,-150,0,0
-24.769852,-6.9975166,-150,0,0
-25.769852,-6.9975166,-150,0,0
-26.769852,-6.9975166,-150,0,0
-27.769852,-6.9975166,-150,0,0
-28.769852,-6.9975166,-150,0,0
-29.769852,-6.9975166,-150,0,0
-30.769852,-6.9975166,-150,0,0
-31.769852,-6.9975166,-150,0,0
-32.76985,-6.9975166,-150,0,0
-33.76985,-6.9975166,-150,0,0
-34.76985,-6.9975166,-150,0,0
-35.76985,-6.9975166,-150,0,0
-36.76985,-6.9975166,-150,0,0
-37.76985,-6.9975166,-150,0,0
-38.76985,-6.9975166,-150,0,0
-39.76985,-6.9975166,-150,0,0
-40.76985,-6.9975166,-150,0,0
-41.76985,-6.9975166,-150,0,0
-42.76985,-6.9975166,-150,0,0
-43.76985,-6.9975166,-150,0,0
-44.76985,-6.9975166,-150,0,0
-45.76985,-6.9975166,-150,0,0
-46.76985,-6.9975166,-150,0,0
-47.76985,-6.9975166,-150,0,0
-48.76985,-6.9975166,-150,0,0
-49.76985,-6.9975166,-150,0,0
49.23015,-7.9975166,-150,0,0
48.23015,-7.9975166,-150,0,0
47.23015,-7.9975166,-150,0,0
46.23015,-7.9975166,-150,0,0
45.23015,-7.9975166,-150,0,0
44.23015,-7.9975166,-150,0,0
43.23015,-7.9975166,-150,0,0
42.23015,-7.9975166,-150,0,0
41.23015,-7.9975166,-150,0,0
40.23015,-7.9975166,-150,0,0
39.23015,-7.9975166,-150,0,0
38.23015,-7.9975166,-150,0,0
37.23015,-7.9975166,-150,0,0
36.23015,-7.9975166,-150,0,0
35.23015,-7.9975166,-150,0,0
34.23015,-7.9975166,-150,0,0
33.23015,-7.9975166,-150,0,0
32.23015,-7.9975166,-150,0,0
31.230148,-7.9975166,-150,0,0
30.230148,-7.9975166,-150,0,0
29.230148,-7.9975166,-150,0,0
28.230148,-7.9975166,-150,0,0
27.230148,-7.9975166,-150,0,0
26.230148,-7.9975166,-150,0,0
25.230148,-7.9975166,-150,0,0
24.230148,-7.9975166,-150,0,0
23.230148,-7.9975166,-150,0,0
22.230148,-7.9975166,-150,0,0
21.230148,-7.9975166,-150,0,0
20.230148,-7.9975166,-150,0,0
19.230148,-7.9975166,-150,0,0
18.230148,-7.9975166,-150,0,0
17.230148,-7.9975166,-150,0,0
16.230148,-7.9975166,-150,0,19.999996
15.230148,-7.9975166,-150,0,43.999996
14.230148,-7.9975166,-150,0.3159537,51.999996
13.230148,-7.9975166,-150,0.21483074,47.999996
12.230148,-7.9975166,-150,0.23070398,23.999996
11.230148,-7.9975166,-150,0.3190346,47.999996
10.230148,-7.9975166,-150,0.31262788,27.999996
9.230148,-7.9975166,-150,0.39045352,27.999996
8.230148,-7.9975166,-150,0.533862,71.99999
7.2301483,-7.9975166,-150,0.5115092,79.99999
6.2301483,-7.9975166,-150,0.39667532,67.99999
5.2301483,-7.9975166,-150,0.32657033,39.999996
4.2301483,-7.9975166,-150,0.35968074,55.999996
3.2301483,-7.9975166,-150,0.53901875,75.99999
2.2301483,-7.9975166,-150,0.5828437,63.999996
1.2301483,-7.9975166,-150,0.4011317,31.999996
0.23014832,-7.9975166,-150,0.37619263,47.999996
-0.7698517,-7.9975166,-150,0.5244306,91.99999
-1.7698517,-7.9975166,-150,0.5630082,75.99999
-2.7698517,-7.9975166,-150,0.5137445,111.99999
-3.7698517,-7.9975166,-150,0.43551856,83.99999
-4.7698517,-7.9975166,-150,0.3730204,67.99999
-5.7698517,-7.9975166,-150,0.3162554,67.99999
-6.7698517,-7.9975166,-150,0.2717154,51.999996
-7.7698517,-7.9975166,-150,0.34633353,67.99999
-8.769852,-7.9975166,-150,0.4486641,67.99999
-9.769852,-7.9975166,-150,0.44382757,91.99999
-10.769852,-7.9975166,-150,0.30537066,43.999996
-11.769852,-7.9975166,-150,0.14478835,55.999996
-12.769852,-7.9975166,-150,0.18528537,75.99999
-13.769852,-7.9975166,-150,0.38118836,71.99999
-14.769852,-7.9975166,-150,0.51213354,111.99999
-15.769852,-7.9975166,-150,0.47683468,119.99999
-16.769852,-7.9975166,-150,0,95.99999
-17.769852,-7.9975166,-150,0,11.999997
-18.769852,-7.9975166,-150,0,0
-19.769852,-7.9975166,-150,0,0
-20.769852,-7.9975166,-150,0,0
-21.769852,-7.9975166,-150,0,0
-22.769852,-7.9975166,-150,0,0
-23.769852,-7.9975166,-150,0,0
-24.769852,-7.9975166,-150,0,0
-25.769852,-7.9975166,-150,0,0
-26.769852,-7.9975166,-150,0,0
-27.769852,-7.9975166,-150,0,0
-28.769852,-7.9975166,-150,0,0
-29.769852,-7.9975166,-150,0,0
-30.769852,-7.9975166,-150,0,0
-31.769852,-7.9975166,-150,0,0
-32.76985,-7.9975166,-150,0,0
-33.76985,-7.9975166,-150,0,0
-34.76985,-7.9975166,-150,0,0
-35.76985,-7.9975166,-150,0,0
-36.76985,-7.9975166,-150,0,0
-37.76985,-7.9975166,-150,0,0
-38.76985,-7.9975166,-150,0,0
-39.76985,-7.9975166,-150,0,0
-40.76985,-7.9975166,-150,0,0
-41.76985,-7.9975166,-150,0,0
-42.76985,-7.9975166,-150,0,0
-43.76985,-7.9975166,-150,0,0
-44.76985,-7.9975166,-150,0,0
-45.76985,-7.9975166,-150,0,0
-46.76985,-7.9975166,-150,0,0
-47.76985,-7.9975166,-150,0,0
-48.76985,-7.9975166,-150,0,0
-49.76985,-7.9975166,-150,0,0
49.23015,-8.997517,-150,0,0
48.23015,-8.997517,-150,0,0
47.23015,-8.997517,-150,0,0
46.23015,-8.997517,-150,0,0
45.23015,-8.997517,-150,0,0
44.23015,-8.997517,-150,0,0
43.23015,-8.997517,-150,0,0
42.23015,-8.997517,-150,0,0
41.23015,-8.997517,-150,0,0
40.23015,-8.997517,-150,0,0
39.23015,-8.997517,-150,0,0
38.23015,-8.997517,-150,0,0
37.23015,-8.997517,-150,0,0
36.23015,-8.997517,-150,0,0
35.23015,-8.997517,-150,0,0
34.23015,-8.997517,-150,0,0
33.23015,-8.997517,-150,0,0
32.23015,-8.997517,-150,0,0
31.230148,-8.997517,-150,0,0
30.230148,-8.997517,-150,0,0
29.230148,-8.997517,-150,0,0
28.230148,-8.997517,-150,0,0
27.230148,-8.997517,-150,0,0
26.230148,-8.997517,-150,0,0
25.230148,-8.997517,-150,0,0
24.230148,-8.997517,-150,0,0
23.230148,-8.997517,-150,0,0
22.230148,-8.997517,-150,0,0
21.230148,-8.997517,-150,0,0
20.230148,-8.997517,-150,0,0
19.230148,-8.997517,-150,0,0
18.230148,-8.997517,-150,0,0
17.230148,-8.997517,-150,0,0
16.230148,-8.997517,-150,0,0
15.230148,-8.997517,-150,0,75.99999
14.230148,-8.997517,-150,0.41765895,71.99999
13.230148,-8.997517,-150,0.28538445,63.999996
12.230148,-8.997517,-150,0.29983473,35.999996
11.230148,-8.997517,-150,0.41810563,47.999996
10.230148,-8.997517,-150,0.44588774,47.999996
9.230148,-8.997517,-150,0.45967305,63.999996
8.230148,-8.997517,-150,0.5130288,71.99999
7.2301483,-8.997517,-150,0.43406793,75.99999
6.2301483,-8.997517,-150,0.3379168,75.99999
5.2301483,-8.997517,-150,0.3413415,43.999996
4.2301483,-8.997517,-150,0.41162536,47.999996
3.2301483,-8.997517,-150,0.6003715,39.999996
2.2301483,-8.997517,-150,0.65187705,83.99999
1.2301483,-8.997517,-150,0.43962532,35.999996
0.23014832,-8.997517,-150,0.36193356,47.999996
-0.7698517,-8.997517,-150,0.46615598,63.999996
-1.7698517,-8.997517,-150,0.47674766,95.99999
-2.7698517,-8.997517,-150,0.4006099,39.999996
-3.7698517,-8.997517,-150,0.36867538,51.999996
-4.7698517,-8.997517,-150,0.42322153,123.99999
-5.7698517,-8.997517,-150,0.44886726,91.99999
-6.7698517,-8.997517,-150,0.41907087,55.999996
-7.7698517,-8.997517,-150,0.43148953,87.99999
-8.769852,-8.997517,-150,0.48223847,87.99999
-9.769852,-8.997517,-150,0.498262,47.999996
-10.769852,-8.997517,-150,0.38088238,91.99999
-11.769852,-8.997517,-150,0.17698324,39.999996
-12.769852,-8.997517,-150,0.18955843,51.999996
-13.769852,-8.997517,-150,0.39549315,111.99999
-14.769852,-8.997517,-150,0.5055725,67.99999
-15.769852,-8.997517,-150,0,79.99999
-16.769852,-8.997517,-150,0,15.999996
-17.769852,-8.997517,-150,0,0
-18.769852,-8.997517,-150,0,0
-19.769852,-8.997517,-150,0,0
-20.769852,-8.997517,-150,0,0
-21.769852,-8.997517,-150,0,0
-22.769852,-8.997517,-150,0,0
-23.769852,-8.997517,-150,0,0
-24.769852,-8.997517,-150,0,0
-25.769852,-8.997517,-150,0,0
-26.769852,-8.997517,-150,0,0
-27.769852,-8.997517,-150,0,0
-28.769852,-8.997517,-150,0,0
-29.769852,-8.997517,-150,0,0
-30.769852,-8.997517,-150,0,0
-31.769852,-8.997517,-150,0,0
-32.76985,-8.997517,-150,0,0
-33.76985,-8.997517,-150,0,0
-34.76985,-8.997517,-150,0,0
-35.76985,-8.997517,-150,0,0
-36.76985,-8.997517,-150,0,0
-37.76985,-8.997517,-150,0,0
-38.76985,-8.997517,-150,0,0
-39.76985,-8.997517,-150,0,0
-40.76985,-8.997517,-150,0,0
-41.76985,-8.997517,-150,0,0
-42.76985,-8.997517,-150,0,0
-43.76985,-8.997517,-150,0,0
-44.76985,-8.997517,-150,0,0
-45.76985,-8.997517,-150,0,0
-46.76985,-8.997517,-150,0,0
-47.76985,-8.997517,-150,0,0
-48.76985,-8.997517,-150,0,0
-49.76985,-8.997517,-150,0,0
49.23015,-9.997517,-150,0,0
48.23015,-9.997517,-150,0,0
47.23015,-9.997517,-150,0,0
46.23015,-9.997517,-150,0,0
45.23015,-9.997517,-150,0,0
44.23015,-9.997517,-150,0,0
43.23015,-9.997517,-150,0,0
42.23015,-9.997517,-150,0,0
41.23015,-9.997517,-150,0,0
40.23015,-9.997517,-150,0,0
39.23015,-9.997517,-150,0,0
38.23015,-9.997517,-150,0,0
37.23015,-9.997517,-150,0,0
36.23015,-9.997517,-150,0,0
35.23015,-9.997517,-150,0,0
34.23015,-9.997517,-150,0,0
33.23015,-9.997517,-150,0,0
32.23015,-9.997517,-150,0,0
31.230148,-9.997517,-150,0,0
30.230148,-9.997517,-150,0,0
29.230148,-9.997517,-150,0,0
28.230148,-9.997517,-150,0,0
27.230148,-9.997517,-150,0,0
26.230148,-9.997517,-150,0,0
25.230148,-9.997517,-150,0,0
24.230148,-9.997517,-150,0,0
23.230148,-9.997517,-150,0,0
22.230148,-9.997517,-150,0,0
21.230148,-9.997517,-150,0,0
20.230148,-9.997517,-150,0,0
19.230148,-9.997517,-150,0,0
18.230148,-9.997517,-150,0,0
17.230148,-9.997517,-150,0,0
16.230148,-9.997517,-150,0,0
15.230148,-9.997517,-150,0,15.999996
14.230148,-9.997517,-150,0,91.99999
13.230148,-9.997517,-150,0.4051187,55.999996
12.230148,-9.997517,-150,0.442564,43.999996
11.230148,-9.997517,-150,0.5083199,55.999996
10.230148,-9.997517,-150,0.52652645,115.99999
9.230148,-9.997517,-150,0.49799633,67.99999
8.230148,-9.997517,-150,0.46266568,51.999996
7.2301483,-9.997517,-150,0.39244312,75.99999
6.2301483,-9.997517,-150,0.34646055,27.999996
5.2301483,-9.997517,-150,0.44725153,39.999996
4.2301483,-9.997517,-150,0.56617695,75.99999
3.2301483,-9.997517,-150,0.66193604,83.99999
2.2301483,-9.997517,-150,0.64354265,95.99999
1.2301483,-9.997517,-150,0.49004537,83.99999
0.23014832,-9.997517,-150,0.42572594,51.999996
-0.7698517,-9.997517,-150,0.49524507,115.99999
-1.7698517,-9.997517,-150,0.4474098,87.99999
-2.7698517,-9.997517,-150,0.36946493,59.999996
-3.7698517,-9.997517,-150,0.37038007,63.999996
-4.7698517,-9.997517,-150,0.49976444,103.99999
-5.7698517,-9.997517,-150,0.59869444,115.99999
-6.7698517,-9.997517,-150,0.59966177,95.99999
-7.7698517,-9.997517,-150,0.55801594,83.99999
-8.769852,-9.997517,-150,0.5461151,79.99999
-9.769852,-9.997517,-150,0.5191563,95.99999
-10.769852,-9.997517,-150,0.3354691,67.99999
-11.769852,-9.997517,-150,0.124340296,71.99999
-12.769852,-9.997517,-150,0.15052372,51.999996
-13.769852,-9.997517,-150,0.3693819,107.99999
-14.769852,-9.997517,-150,0,95.99999
-15.769852,-9.997517,-150,0,19.999996
-16.769852,-9.997517,-150,0,0
-17.769852,-9.997517,-150,0,0
-18.769852,-9.997517,-150,0,0
-19.769852,-9.997517,-150,0,0
-20.769852,-9.997517,-150,0,0
-21.769852,-9.997517,-150,0,0
-22.769852,-9.997517,-150,0,0
-23.769852,-9.997517,-150,0,0
-24.769852,-9.997517,-150,0,0
-25.769852,-9.997517,-150,0,0
-26.769852,-9.997517,-150,0,0
-27.769852,-9.997517,-150,0,0
-28.769852,-9.997517,-150,0,0
-29.769852,-9.997517,-150,0,0
-30.769852,-9.997517,-150,0,0
-31.769852,-9.997517,-150,0,0
-32.76985,-9.997517,-150,0,0
-33.76985,-9.997517,-150,0,0
-34.76985,-9.997517,-150,0,0
-35.76985,-9.997517,-150,0,0
-36.76985,-9.997517,-150,0,0
-37.76985,-9.997517,-150,0,0
-38.76985,-9.997517,-150,0,0
-39.76985,-9.997517,-150,0,0
-40.76985,-9.997517,-150,0,0
-41.76985,-9.997517,-150,0,0
-42.76985,-9.997517,-150,0,0
-43.76985,-9.997517,-150,0,0
-44.76985,-9.997517,-150,0,0
-45.76985,-9.997517,-150,0,0
-46.76985,-9.997517,-150,0,0
-47.76985,-9.997517,-150,0,0
-48.76985,-9.997517,-150,0,0
-49.76985,-9.997517,-150,0,0
49.23015,-10.997517,-150,0,0
48.23015,-10.997517,-150,0,0
47.23015,-10.997517,-150,0,0
46.23015,-10.997517,-150,0,0
45.23015,-10.997517,-150,0,0
44.23015,-10.997517,-150,0,0
43.23015,-10.997517,-150,0,0
42.23015,-10.997517,-150,0,0
41.23015,-10.997517,-150,0,0
40.23015,-10.997517,-150,0,0
39.23015,-10.997517,-150,0,0
38.23015,-10.997517,-150,0,0
37.23015,-10.997517,-150,0,0
36.23015,-10.997517,-150,0,0
35.23015,-10.997517,-150,0,0
34.23015,-10.997517,-150,0,0
33.23015,-10.997517,-150,0,0
32.23015,-10.997517,-150,0,0
31.230148,-10.997517,-150,0,0
30.230148,-10.997517,-150,0,0
29.230148,-10.997517,-150,0,0
28.230148,-10.997517,-150,0,0
27.230148,-10.997517,-150,0,0
26.230148,-10.997517,-150,0,0
25.230148,-10.997517,-150,0,0
24.230148,-10.997517,-150,0,0
23.230148,-10.997517,-150,0,0
22.230148,-10.997517,-150,0,0
21.230148,-10.997517,-150,0,0
20.230148,-10.997517,-150,0,0
19.230148,-10.997517,-150,0,0
18.230148,-10.997517,-150,0,0
17.230148,-10.997517,-150,0,0
16.230148,-10.997517,-150,0,0
15.230148,-10.997517,-150,0,0
14.230148,-10.997517,-150,0,15.999996
13.230148,-10.997517,-150,Infinity,79.99999
12.230148,-10.997517,-150,0.65938604,115.99999
11.230148,-10.997517,-150,0.6635909,99.99999
10.230148,-10.997517,-150,0.6336419,103.99999
9.230148,-10.997517,-150,0.59993184,99.99999
8.230148,-10.997517,-150,0.5706517,99.99999
7.2301483,-10.997517,-150,0.516183,71.99999
6.2301483,-10.997517,-150,0.46870255,67.99999
5.2301483,-10.997517,-150,0.5372392,67.99999
4.2301483,-10.997517,-150,0.59673786,75.99999
3.2301483,-10.997517,-150,0.5716557,51.999996
2.2301483,-10.997517,-150,0.51717967,87.99999
1.2301483,-10.997517,-150,0.45119068,95.99999
0.23014832,-10.997517,-150,0.46829292,63.999996
-0.7698517,-10.997517,-150,0.5088759,91.99999
-1.7698517,-10.997517,-150,0.45725906,75.99999
-2.7698517,-10.997517,-150,0.40139744,75.99999
-3.7698517,-10.997517,-150,0.42819518,111.99999
-4.7698517,-10.997517,-150,0.50860405,87.99999
-5.7698517,-10.997517,-150,0.642081,99.99999
-6.7698517,-10.997517,-150,0.70677847,111.99999
-7.7698517,-10.997517,-150,0.6354627,111.99999
-8.769852,-10.997517,-150,0.5113753,107.99999
-9.769852,-10.997517,-150,0.39607072,75.99999
-10.769852,-10.997517,-150,0.23735106,67.99999
-11.769852,-10.997517,-150,0.097920835,67.99999
-12.769852,-10.997517,-150,-Infinity,103.99999
-13.769852,-10.997517,-150,0,111.99999
-14.769852,-10.997517,-150,0,19.999996
-15.769852,-10.997517,-150,0,0
-16.769852,-10.997517,-150,0,0
-17.769852,-10.997517,-150,0,0
-18.769852,-10.997517,-150,0,0
-19.769852,-10.997517,-150,0,0
-20.769852,-10.997517,-150,0,0
-21.769852,-10.997517,-150,0,0
-22.769852,-10.997517,-150,0,0
-23.769852,-10.997517,-150,0,0
-24.769852,-10.997517,-150,0,0
-25.769852,-10.997517,-150,0,0
-26.769852,-10.997517,-150,0,0
-27.769852,-10.997517,-150,0,0
-28.769852,-10.997517,-150,0,0
-29.769852,-10.997517,-150,0,0
-30.769852,-10.997517,-150,0,0
-31.769852,-10.997517,-150,0,0
-32.76985,-10.997517,-150,0,0
-33.76985,-10.997517,-150,0,0
-34.76985,-10.997517,-150,0,0
-35.76985,-10.997517,-150,0,0
-36.76985,-10.997517,-150,0,0
-37.76985,-10.997517,-150,0,0
-38.76985,-10.997517,-150,0,0
-39.76985,-10.997517,-150,0,0
-40.76985,-10.997517,-150,0,0
-41.76985,-10.997517,-150,0,0
-42.76985,-10.997517,-150,0,0
-43.76985,-10.997517,-150,0,0
-44.76985,-10.997517,-150,0,0
-45.76985,-10.997517,-150,0,0
-46.76985,-10.997517,-150,0,0
-47.76985,-10.997517,-150,0,0
-48.76985,-10.997517,-150,0,0
-49.76985,-10.997517,-150,0,0
49.23015,-11.997517,-150,0,0
48.23015,-11.997517,-150,0,0
47.23015,-11.997517,-150,0,0
46.23015,-11.997517,-150,0,0
45.23015,-11.997517,-150,0,0
44.23015,-11.997517,-150,0,0
43.23015,-11.997517,-150,0,0
42.23015,-11.997517,-150,0,0
41.23015,-11.997517,-150,0,0
40.23015,-11.997517,-150,0,0
39.23015,-11.997517,-150,0,0
38.23015,-11.997517,-150,0,0
37.23015,-11.997517,-150,0,0
36.23015,-11.997517,-150,0,0
35.23015,-11.997517,-150,0,0
34.23015,-11.997517,-150,0,0
33.23015,-11.997517,-150,0,0
32.23015,-11.997517,-150,0,0
31.230148,-11.997517,-150,0,0
30.230148,-11.997517,-150,0,0
29.230148,-11.997517,-150,0,0
28.230148,-11.997517,-150,0,0
27.230148,-11.997517,-150,0,0
26.230148,-11.997517,-150,0,0
25.230148,-11.997517,-150,0,0
24.230148,-11.997517,-150,0,0
23.230148,-11.997517,-150,0,0
22.230148,-11.997517,-150,0,0
21.230148,-11.997517,-150,0,0
20.230148,-11.997517,-150,0,0
19.230148,-11.997517,-150,0,0
18.230148,-11.997517,-150,0,0
17.230148,-11.997517,-150,0,0
16.230148,-11.997517,-150,0,0
15.230148,-11.997517,-150,0,0
14.230148,-11.997517,-150,0,3.999999
13.230148,-11.997517,-150,0,47.999996
12.230148,-11.997517,-150,0,135.99998
11.230148,-11.997517,-150,0.6634526,123.99999
10.230148,-11.997517,-150,0.62505555,135.99998
9.230148,-11.997517,-150,0.63981354,59.999996
8.230148,-11.997517,-150,0.7003336,115.99999
7.2301483,-11.997517,-150,0.6705939,79.99999
6.2301483,-11.997517,-150,0.5722753,67.99999
5.2301483,-11.997517,-150,0.5621089,63.999996
4.2301483,-11.997517,-150,0.5352571,51.999996
3.2301483,-11.997517,-150,0.46772045,43.999996
2.2301483,-11.997517,-150,0.4023648,91.99999
1.2301483,-11.997517,-150,0.364485,63.999996
0.23014832,-11.997517,-150,0.3954663,67.99999
-0.7698517,-11.997517,-150,0.4590341,71.99999
-1.7698517,-11.997517,-150,0.43407372,47.999996
-2.7698517,-11.997517,-150,0.43897718,87.99999
-3.7698517,-11.997517,-150,0.4500153,87.99999
-4.7698517,-11.997517,-150,0.44769686,99.99999
-5.7698517,-11.997517,-150,0.5403381,107.99999
-6.7698517,-11.997517,-150,0.6651812,147.99998
-7.7698517,-11.997517,-150,0.6045295,139.99998
-8.769852,-11.997517,-150,0.40617687,79.99999
-9.769852,-11.997517,-150,0.2775072,55.999996
-10.769852,-11.997517,-150,0.19169664,79.99999
-11.769852,-11.997517,-150,0,87.99999
-12.769852,-11.997517,-150,0,47.999996
-13.769852,-11.997517,-150,0,0
-14.769852,-11.997517,-150,0,0
-15.769852,-11.997517,-150,0,0
-16.769852,-11.997517,-150,0,0
-17.769852,-11.997517,-150,0,0
-18.769852,-11.997517,-150,0,0
-19.769852,-11.997517,-150,0,0
-20.769852,-11.997517,-150,0,0
-21.769852,-11.997517,-150,0,0
-22.769852,-11.997517,-150,0,0
-23.769852,-11.997517,-150,0,0
-24.769852,-11.997517,-150,0,0
-25.769852,-11.997517,-150,0,0
-26.769852,-11.997517,-150,0,0
-27.769852,-11.997517,-150,0,0
-28.769852,-11.997517,-150,0,0
-29.769852,-11.997517,-150,0,0
-30.769852,-11.997517,-150,0,0
-31.769852,-11.997517,-150,0,0
-32.76985,-11.997517,-150,0,0
-33.76985,-11.997517,-150,0,0
-34.76985,-11.997517,-150,0,0
-35.76985,-11.997517,-150,0,0
-36.76985,-11.997517,-150,0,0
-37.76985,-11.997517,-150,0,0
-38.76985,-11.997517,-150,0,0
-39.76985,-11.997517,-150,0,0
-40.76985,-11.997517,-150,0,0
-41.76985,-11.997517,-150,0,0
-42.76985,-11.997517,-150,0,0
-43.76985,-11.997517,-150,0,0
-44.76985,-11.997517,-150,0,0
-45.76985,-11.997517,-150,0,0
-46.76985,-11.997517,-150,0,0
-47.76985,-11.997517,-150,0,0
-48.76985,-11.997517,-150,0,0
-49.76985,-11.997517,-150,0,0
49.23015,-12.997517,-150,0,0
48.23015,-12.997517,-150,0,0
47.23015,-12.997517,-150,0,0
46.23015,-12.997517,-150,0,0
45.23015,-12.997517,-150,0,0
44.23015,-12.997517,-150,0,0
43.23015,-12.997517,-150,0,0
42.23015,-12.997517,-150,0,0
41.23015,-12.997517,-150,0,0
40.23015,-12.997517,-150,0,0
39.23015,-12.997517,-150,0,0
38.23015,-12.997517,-150,0,0
37.23015,-12.997517,-150,0,0
36.23015,-12.997517,-150,0,0
35.23015,-12.997517,-150,0,0
34.23015,-12.997517,-150,0,0
33.23015,-12.997517,-150,0,0
32.23015,-12.997517,-150,0,0
31.230148,-12.997517,-150,0,0
30.230148,-12.997517,-150,0,0
29.230148,-12.997517,-150,0,0
28.230148,-12.997517,-150,0,0
27.230148,-12.997517,-150,0,0
26.230148,-12.997517,-150,0,0
25.230148,-12.997517,-150,0,0
24.230148,-12.997517,-150,0,0
23.230148,-12.997517,-150,0,0
22.230148,-12.997517,-150,0,0
21.230148,-12.997517,-150,0,0
20.230148,-12.997517,-150,0,0
19.230148,-12.997517,-150,0,0
18.230148,-12.997517,-150,0,0
17.230148,-12.997517,-150,0,0
16.230148,-12.997517,-150,0,0
15.230148,-12.997517,-150,0,0
14.230148,-12.997517,-150,0,0
13.230148,-12.997517,-150,0,0
12.230148,-12.997517,-150,0,15.999996
11.230148,-12.997517,-150,0,67.99999
10.230148,-12.997517,-150,Infinity,87.99999
9.230148,-12.997517,-150,0.4680816,63.999996
8.230148,-12.997517,-150,0.60283065,103.99999
7.2301483,-12.997517,-150,0.63565135,123.99999
6.2301483,-12.997517,-150,0.5892557,67.99999
5.2301483,-12.997517,-150,0.6094569,87.99999
4.2301483,-12.997517,-150,0.55474544,63.999996
3.2301483,-12.997517,-150,0.4558009,55.999996
2.2301483,-12.997517,-150,0.3961804,67.99999
1.2301483,-12.997517,-150,0.31539923,59.999996
0.23014832,-12.997517,-150,0.31236202,107.99999
-0.7698517,-12.997517,-150,0.40870506,67.99999
-1.7698517,-12.997517,-150,0.49071735,95.99999
-2.7698517,-12.997517,-150,0.49979913,75.99999
-3.7698517,-12.997517,-150,0.43353793,107.99999
-4.7698517,-12.997517,-150,0.3141569,95.99999
-5.7698517,-12.997517,-150,0.35039926,51.999996
-6.7698517,-12.997517,-150,0.52625096,95.99999
-7.7698517,-12.997517,-150,0.5443265,111.99999
-8.769852,-12.997517,-150,0.4316734,75.99999
-9.769852,-12.997517,-150,Infinity,91.99999
-10.769852,-12.997517,-150,0,83.99999
-11.769852,-12.997517,-150,0,19.999996
-12.769852,-12.997517,-150,0,0
-13.769852,-12.997517,-150,0,0
-14.769852,-12.997517,-150,0,0
-15.769852,-12.997517,-150,0,0
-16.769852,-12.997517,-150,0,0
-17.769852,-12.997517,-150,0,0
-18.769852,-12.997517,-150,0,0
-19.769852,-12.997517,-150,0,0
-20.769852,-12.997517,-150,0,0
-21.769852,-12.997517,-150,0,0
-22.769852,-12.997517,-150,0,0
-23.769852,-12.997517,-150,0,0
-24.769852,-12.997517,-150,0,0
-25.769852,-12.997517,-150,0,0
-26.769852,-12.997517,-150,0,0
-27.769852,-12.997517,-150,0,0
-28.769852,-12.997517,-150,0,0
-29.769852,-12.997517,-150,0,0
-30.769852,-12.997517,-150,0,0
-31.769852,-12.997517,-150,0,0
-32.76985,-12.997517,-150,0,0
-33.76985,-12.997517,-150,0,0
-34.76985,-12.997517,-150,0,0
-35.76985,-12.997517,-150,0,0
-36.76985,-12.997517,-150,0,0
-37.76985,-12.997517,-150,0,0
-38.76985,-12.997517,-150,0,0
-39.76985,-12.997517,-150,0,0
-40.76985,-12.997517,-150,0,0
-41.76985,-12.997517,-150,0,0
-42.76985,-12.997517,-150,0,0
-43.76985,-12.997517,-150,0,0
-44.76985,-12.997517,-150,0,0
-45.76985,-12.997517,-150,0,0
-46.76985,-12.997517,-150,0,0
-47.76985,-12.997517,-150,0,0
-48.76985,-12.997517,-150,0,0
-49.76985,-12.997517,-150,0,0
49.23015,-13.997517,-150,0,0
48.23015,-13.997517,-150,0,0
47.23015,-13.997517,-150,0,0
46.23015,-13.997517,-150,0,0
45.23015,-13.997517,-150,0,0
44.23015,-13.997517,-150,0,0
43.23015,-13.997517,-150,0,0
42.23015,-13.997517,-150,0,0
41.23015,-13.997517,-150,0,0
40.23015,-13.997517,-150,0,0
39.23015,-13.997517,-150,0,0
38.23015,-13.997517,-150,0,0
37.23015,-13.997517,-150,0,0
36.23015,-13.997517,-150,0,0
35.23015,-13.997517,-150,0,0
34.23015,-13.997517,-150,0,0
33.23015,-13.997517,-150,0,0
32.23015,-13.997517,-150,0,0
31.230148,-13.997517,-150,0,0
30.230148,-13.997517,-150,0,0
29.230148,-13.997517,-150,0,0
28.230148,-13.997517,-150,0,0
27.230148,-13.997517,-150,0,0
26.230148,-13.997517,-150,0,0
25.230148,-13.997517,-150,0,0
24.230148,-13.997517,-150,0,0
23.230148,-13.997517,-150,0,0
22.230148,-13.997517,-150,0,0
21.230148,-13.997517,-150,0,0
20.230148,-13.997517,-150,0,0
19.230148,-13.997517,-150,0,0
18.230148,-13.997517,-150,0,0
17.230148,-13.997517,-150,0,0
16.230148,-13.997517,-150,0,0
15.230148,-13.997517,-150,0,0
14.230148,-13.997517,-150,0,0
13.230148,-13.997517,-150,0,0
12.230148,-13.997517,-150,0,0
11.230148,-13.997517,-150,0,7.999998
10.230148,-13.997517,-150,0,35.999996
9.230148,-13.997517,-150,0,67.99999
8.230148,-13.997517,-150,0.46410418,59.999996
7.2301483,-13.997517,-150,0.5397358,71.99999
6.2301483,-13.997517,-150,0.61746347,83.99999
5.2301483,-13.997517,-150,0.658926,55.999996
4.2301483,-13.997517,-150,0.599877,63.999996
3.2301483,-13.997517,-150,0.49910176,55.999996
2.2301483,-13.997517,-150,0.42625493,71.99999
1.2301483,-13.997517,-150,0.3264492,59.999996
0.23014832,-13.997517,-150,0.2901317,47.999996
-0.7698517,-13.997517,-150,0.42831257,87.99999
-1.7698517,-13.997517,-150,0.56487304,91.99999
-2.7698517,-13.997517,-150,0.5204085,131.99998
-3.7698517,-13.997517,-150,0.3581171,87.99999
-4.7698517,-13.997517,-150,0.21866886,99.99999
-5.7698517,-13.997517,-150,0.24176756,63.999996
-6.7698517,-13.997517,-150,0.40314364,99.99999
-7.7698517,-13.997517,-150,0.49673808,95.99999
-8.769852,-13.997517,-150,0,87.99999
-9.769852,-13.997517,-150,0,63.999996
-10.769852,-13.997517,-150,0,3.999999
-11.769852,-13.997517,-150,0,0
-12.769852,-13.997517,-150,0,0
-13.769852,-13.997517,-150,0,0
-14.769852,-13.997517,-150,0,0
-15.769852,-13.997517,-150,0,0
-16.769852,-13.997517,-150,0,0
-17.769852,-13.997517,-150,0,0
-18.769852,-13.997517,-150,0,0
-19.769852,-13.997517,-150,0,0
-20.769852,-13.997517,-150,0,0
-21.769852,-13.997517,-150,0,0
-22.769852,-13.997517,-150,0,0
-23.769852,-13.997517,-150,0,0
-24.769852,-13.997517,-150,0,0
-25.769852,-13.997517,-150,0,0
-26.769852,-13.997517,-150,0,0
-27.769852,-13.997517,-150,0,0
-28.769852,-13.997517,-150,0,0
-29.769852,-13.997517,-150,0,0
-30.769852,-13.997517,-150,0,0
-31.769852,-13.997517,-150,0,0
-32.76985,-13.997517,-150,0,0
-33.76985,-13.997517,-150,0,0
-34.76985,-13.997517,-150,0,0
-35.76985,-13.997517,-150,0,0
-36.76985,-13.997517,-150,0,0
-37.76985,-13.997517,-150,0,0
-38.76985,-13.997517,-150,0,0
-39.76985,-13.997517,-150,0,0
-40.76985,-13.997517,-150,0,0
-41.76985,-13.997517,-150,0,0
-42.76985,-13.997517,-150,0,0
-43.76985,-13.997517,-150,0,0
-44.76985,-13.997517,-150,0,0
-45.76985,-13.997517,-150,0,0
-46.76985,-13.997517,-150,0,0
-47.76985,-13.997517,-150,0,0
-48.76985,-13.997517,-150,0,0
-49.76985,-13.997517,-150,0,0
49.23015,-14.997517,-150,0,0
48.23015,-14.997517,-150,0,0
47.23015,-14.997517,-150,0,0
46.23015,-14.997517,-150,0,0
45.23015,-14.997517,-150,0,0
44.23015,-14.997517,-150,0,0
43.23015,-14.997517,-150,0,0
42.23015,-14.997517,-150,0,0
41.23015,-14.997517,-150,0,0
40.23015,-14.997517,-150,0,0
39.23015,-14.997517,-150,0,0
38.23015,-14.997517,-150,0,0
37.23015,-14.997517,-150,0,0
36.23015,-14.997517,-150,0,0
35.23015,-14.997517,-150,0,0
34.23015,-14.997517,-150,0,0
33.23015,-14.997517,-150,0,0
32.23015,-14.997517,-150,0,0
31.230148,-14.997517,-150,0,0
30.230148,-14.997517,-150,0,0
29.230148,-14.997517,-150,0,0
28.230148,-14.997517,-150,0,0
27.230148,-14.997517,-150,0,0
26.230148,-14.997517,-150,0,0
25.230148,-14.997517,-150,0,0
24.230148,-14.997517,-150,0,0
23.230148,-14.997517,-150,0,0
22.230148,-14.997517,-150,0,0
21.230148,-14.997517,-150,0,0
20.230148,-14.997517,-150,0,0
19.230148,-14.997517,-150,0,0
18.230148,-14.997517,-150,0,0
17.230148,-14.997517,-150,0,0
16.230148,-14.997517,-150,0,0
15.230148,-14.997517,-150,0,0
14.230148,-14.997517,-150,0,0
13.230148,-14.997517,-150,0,0
12.230148,-14.997517,-150,0,0
11.230148,-14.997517,-150,0,0
10.230148,-14.997517,-150,0,0
9.230148,-14.997517,-150,0,19.999996
8.230148,-14.997517,-150,0,31.999996
7.2301483,-14.997517,-150,0,75.99999
6.2301483,-14.997517,-150,0,83.99999
5.2301483,-14.997517,-150,0.6707394,83.99999
4.2301483,-14.997517,-150,0.62998676,91.99999
3.2301483,-14.997517,-150,0.56092775,63.999996
2.2301483,-14.997517,-150,0.5108145,79.99999
1.2301483,-14.997517,-150,0.40740448,79.99999
0.23014832,-14.997517,-150,0.4011566,55.999996
-0.7698517,-14.997517,-150,0.5198264,71.99999
-1.7698517,-14.997517,-150,0.54632086,79.99999
-2.7698517,-14.997517,-150,0.4182297,55.999996
-3.7698517,-14.997517,-150,0.2929718,107.99999
-4.7698517,-14.997517,-150,0.2447094,67.99999
-5.7698517,-14.997517,-150,Infinity,95.99999
-6.7698517,-14.997517,-150,0,95.99999
-7.7698517,-14.997517,-150,0,47.999996
-8.769852,-14.997517,-150,0,31.999996
-9.769852,-14.997517,-150,0,0
-10.769852,-14.997517,-150,0,0
-11.769852,-14.997517,-150,0,0
-12.769852,-14.997517,-150,0,0
-13.769852,-14.997517,-150,0,0
-14.769852,-14.997517,-150,0,0
-15.769852,-14.997517,-150,0,0
-16.769852,-14.997517,-150,0,0
-17.769852,-14.997517,-150,0,0
-18.769852,-14.997517,-150,0,0
-19.769852,-14.997517,-150,0,0
-20.769852,-14.997517,-150,0,0
-21.769852,-14.997517,-150,0,0
-22.769852,-14.997517,-150,0,0
-23.769852,-14.997517,-150,0,0
-24.769852,-14.997517,-150,0,0
-25.769852,-14.997517,-150,0,0
-26.769852,-14.997517,-150,0,0
-27.769852,-14.997517,-150,0,0
-28.769852,-14.997517,-150,0,0
-29.769852,-14.997517,-150,0,0
-30.769852,-14.997517,-150,0,0
-31.769852,-14.997517,-150,0,0
-32.76985,-14.997517,-150,0,0
-33.76985,-14.997517,-150,0,0
-34.76985,-14.997517,-150,0,0
-35.76985,-14.997517,-150,0,0
-36.76985,-14.997517,-150,0,0
-37.76985,-14.997517,-150,0,0
-38.76985,-14.997517,-150,0,0
-39.76985,-14.997517,-150,0,0
-40.76985,-14.997517,-150,0,0
-41.76985,-14.997517,-150,0,0
-42.76985,-14.997517,-150,0,0
-43.76985,-14.997517,-150,0,0
-44.76985,-14.997517,-150,0,0
-45.76985,-14.997517,-150,0,0
-46.76985,-14.997517,-150,0,0
-47.76985,-14.997517,-150,0,0
-48.76985,-14.997517,-150,0,0
-49.76985,-14.997517,-150,0,0
49.23015,-15.997517,-150,0,0
48.23015,-15.997517,-150,0,0
47.23015,-15.997517,-150,0,0
46.23015,-15.997517,-150,0,0
45.23015,-15.997517,-150,0,0
44.23015,-15.997517,-150,0,0
43.23015,-15.997517,-150,0,0
42.23015,-15.997517,-150,0,0
41.23015,-15.997517,-150,0,0
40.23015,-15.997517,-150,0,0
39.23015,-15.997517,-150,0,0
38.23015,-15.997517,-150,0,0
37.23015,-15.997517,-150,0,0
36.23015,-15.997517,-150,0,0
35.23015,-15.997517,-150,0,0
34.23015,-15.997517,-150,0,0
33.23015,-15.997517,-150,0,0
32.23015,-15.997517,-150,0,0
31.230148,-15.997517,-150,0,0
30.230148,-15.997517,-150,0,0
29.230148,-15.997517,-150,0,0
28.230148,-15.997517,-150,0,0
27.230148,-15.997517,-150,0,0
26.230148,-15.997517,-150,0,0
25.230148,-15.997517,-150,0,0
24.230148,-15.997517,-150,0,0
23.230148,-15.997517,-150,0,0
22.230148,-15.997517,-150,0,0
21.230148,-15.997517,-150,0,0
20.230148,-15.997517,-150,0,0
19.230148,-15.997517,-150,0,0
18.230148,-15.997517,-150,0,0
17.230148,-15.997517,-150,0,0
16.230148,-15.997517,-150,0,0
15.230148,-15.997517,-150,0,0
14.230148,-15.997517,-150,0,0
13.230148,-15.997517,-150,0,0
12.230148,-15.997517,-150,0,0
11.230148,-15.997517,-150,0,0
10.230148,-15.997517,-150,0,0
9.230148,-15.997517,-150,0,0
8.230148,-15.997517,-150,0,0
7.2301483,-15.997517,-150,0,0
6.2301483,-15.997517,-150,0,23.999996
5.2301483,-15.997517,-150,0,59.999996
4.2301483,-15.997517,-150,0,55.999996
3.2301483,-15.997517,-150,0,67.99999
2.2301483,-15.997517,-150,Infinity,83.99999
1.2301483,-15.997517,-150,Infinity,75.99999
0.23014832,-15.997517,-150,0.47651517,83.99999
-0.7698517,-15.997517,-150,0.5684936,143.99998
-1.7698517,-15.997517,-150,0.50613725,91.99999
-2.7698517,-15.997517,-150,0,51.999996
-3.7698517,-15.997517,-150,0,67.99999
-4.7698517,-15.997517,-150,0,43.999996
-5.7698517,-15.997517,-150,0,35.999996
-6.7698517,-15.997517,-150,0,7.999998
-7.7698517,-15.997517,-150,0,0
-8.769852,-15.997517,-150,0,0
-9.769852,-15.997517,-150,0,0
-10.769852,-15.997517,-150,0,0
-11.769852,-15.997517,-150,0,0
-12.769852,-15.997517,-150,0,0
-13.769852,-15.997517,-150,0,0
-14.769852,-15.997517,-150,0,0
-15.769852,-15.997517,-150,0,0
-16.769852,-15.997517,-150,0,0
-17.769852,-15.997517,-150,0,0
-18.769852,-15.997517,-150,0,0
-19.769852,-15.997517,-150,0,0
-20.769852,-15.997517,-150,0,0
-21.769852,-15.997517,-150,0,0
-22.769852,-15.997517,-150,0,0
-23.769852,-15.997517,-150,0,0
-24.769852,-15.997517,-150,0,0
-25.769852,-15.997517,-150,0,0
-26.769852,-15.997517,-150,0,0
-27.769852,-15.997517,-150,0,0
-28.769852,-15.997517,-150,0,0
-29.769852,-15.997517,-150,0,0
-30.769852,-15.997517,-150,0,0
-31.769852,-15.997517,-150,0,0
-32.76985,-15.997517,-150,0,0
-33.76985,-15.997517,-150,0,0
-34.76985,-15.997517,-150,0,0
-35.76985,-15.997517,-150,0,0
-36.76985,-15.997517,-150,0,0
-37.76985,-15.997517,-150,0,0
-38.76985,-15.997517,-150,0,0
-39.76985,-15.997517,-150,0,0
-40.76985,-15.997517,-150,0,0
-41.76985,-15.997517,-150,0,0
-42.76985,-15.997517,-150,0,0
-43.76985,-15.997517,-150,0,0
-44.76985,-15.997517,-150,0,0
-45.76985,-15.997517,-150,0,0
-46.76985,-15.997517,-150,0,0
-47.76985,-15.997517,-150,0,0
-48.76985,-15.997517,-150,0,0
-49.76985,-15.997517,-150,0,0
49.23015,-16.997517,-150,0,0
48.23015,-16.997517,-150,0,0
47.23015,-16.997517,-150,0,0
46.23015,-16.997517,-150,0,0
45.23015,-16.997517,-150,0,0
44.23015,-16.997517,-150,0,0
43.23015,-16.997517,-150,0,0
42.23015,-16.997517,-150,0,0
41.23015,-16.997517,-150,0,0
40.23015,-16.997517,-150,0,0
39.23015,-16.997517,-150,0,0
38.23015,-16.997517,-150,0,0
37.23015,-16.997517,-150,0,0
36.23015,-16.997517,-150,0,0
35.23015,-16.997517,-150,0,0
34.23015,-16.997517,-150,0,0
33.23015,-16.997517,-150,0,0
32.23015,-16.997517,-150,0,0
31.230148,-16.997517,-150,0,0
30.230148,-16.997517,-150,0,0
29.230148,-16.997517,-150,0,0
28.230148,-16.997517,-150,0,0
27.230148,-16.997517,-150,0,0
26.230148,-16.997517,-150,0,0
25.230148,-16.997517,-150,0,0
24.230148,-16.997517,-150,0,0
23.230148,-16.997517,-150,0,0
22.230148,-16.997517,-150,0,0
21.230148,-16.997517,-150,0,0
20.230148,-16.997517,-150,0,0
19.230148,-16.997517,-150,0,0
18.230148,-16.997517,-150,0,0
17.230148,-16.997517,-150,0,0
16.230148,-16.997517,-150,0,0
15.230148,-16.997517,-150,0,0
14.230148,-16.997517,-150,0,0
13.230148,-16.997517,-150,0,0
12.230148,-16.997517,-150,0,0
11.230148,-16.997517,-150,0,0
10.230148,-16.997517,-150,0,0
9.230148,-16.997517,-150,0,0
8.230148,-16.997517,-150,0,0
7.2301483,-16.997517,-150,0,0
6.2301483,-16.997517,-150,0,0
5.2301483,-16.997517,-150,0,0
4.2301483,-16.997517,-150,0,0
3.2301483,-16.997517,-150,0,3.999999
2.2301483,-16.997517,-150,0,7.999998
1.2301483,-16.997517,-150,0,15.999996
0.23014832,-16.997517,-150,0,7.999998
-0.7698517,-16.997517,-150,0,7.999998
-1.7698517,-16.997517,-150,0,7.999998
-2.7698517,-16.997517,-150,0,3.999999
-3.7698517,-16.997517,-150,0,0
-4.7698517,-16.997517,-150,0,0
-5.7698517,-16.997517,-150,0,0
-6.7698517,-16.997517,-150,0,0
-7.7698517,-16.997517,-150,0,0
-8.769852,-16.997517,-150,0,0
-9.769852,-16.997517,-150,0,0
-10.769852,-16.997517,-150,0,0
-11.769852,-16.997517,-150,0,0
-12.769852,-16.997517,-150,0,0
-13.769852,-16.997517,-150,0,0
-14.769852,-16.997517,-150,0,0
-15.769852,-16.997517,-150,0,0
-16.769852,-16.997517,-150,0,0
-17.769852,-16.997517,-150,0,0
-18.769852,-16.997517,-150,0,0
-19.769852,-16.997517,-150,0,0
-20.769852,-16.997517,-150,0,0
-21.769852,-16.997517,-150,0,0
-22.769852,-16.997517,-150,0,0
-23.769852,-16.997517,-150,0,0
-24.769852,-16.997517,-150,0,0
-25.769852,-16.997517,-150,0,0
-26.769852,-16.997517,-150,0,0
-27.769852,-16.997517,-150,0,0
-28.769852,-16.997517,-150,0,0
-29.769852,-16.997517,-150,0,0
-30.769852,-16.997517,-150,0,0
-31.769852,-16.997517,-150,0,0
-32.76985,-16.997517,-150,0,0
-33.76985,-16.997517,-150,0,0
-34.76985,-16.997517,-150,0,0
-35.76985,-16.997517,-150,0,0
-36.76985,-16.997517,-150,0,0
-37.76985,-16.997517,-150,0,0
-38.76985,-16.997517,-150,0,0
-39.76985,-16.997517,-150,0,0
-40.76985,-16.997517,-150,0,0
-41.76985,-16.997517,-150,0,0
-42.76985,-16.997517,-150,0,0
-43.76985,-16.997517,-150,0,0
-44.76985,-16.997517,-150,0,0
-45.76985,-16.997517,-150,0,0
-46.76985,-16.997517,-150,0,0
-47.76985,-16.997517,-150,0,0
-48.76985,-16.997517,-150,0,0
-49.76985,-16.997517,-150,0,0
49.23015,-17.997517,-150,0,0
48.23015,-17.997517,-150,0,0
47.23015,-17.997517,-150,0,0
46.23015,-17.997517,-150,0,0
45.23015,-17.997517,-150,0,0
44.23015,-17.997517,-150,0,0
43.23015,-17.997517,-150,0,0
42.23015,-17.997517,-150,0,0
41.23015,-17.997517,-150,0,0
40.23015,-17.997517,-150,0,0
39.23015,-17.997517,-150,0,0
38.23015,-17.997517,-150,0,0
37.23015,-17.997517,-150,0,0
36.23015,-17.997517,-150,0,0
35.23015,-17.997517,-150,0,0
34.23015,-17.997517,-150,0,0
33.23015,-17.997517,-150,0,0
32.23015,-17.997517,-150,0,0
31.230148,-17.997517,-150,0,0
30.230148,-17.997517,-150,0,0
29.230148,-17.997517,-150,0,0
28.230148,-17.997517,-150,0,0
27.230148,-17.997517,-150,0,0
26.230148,-17.997517,-150,0,0
25.230148,-17.997517,-150,0,0
24.230148,-17.997517,-150,0,0
23.230148,-17.997517,-150,0,0
22.230148,-17.997517,-150,0,0
21.230148,-17.997517,-150,0,0
20.230148,-17.997517,-150,0,0
19.230148,-17.997517,-150,0,0
18.230148,-17.997517,-150,0,0
17.230148,-17.997517,-150,0,0
16.230148,-17.997517,-150,0,0
15.230148,-17.997517,-150,0,0
14.230148,-17.997517,-150,0,0
13.230148,-17.997517,-150,0,0
12.230148,-17.997517,-150,0,0
11.230148,-17.997517,-150,0,0
10.230148,-17.997517,-150,0,0
9.230148,-17.997517,-150,0,0
8.230148,-17.997517,-150,0,0
7.2301483,-17.997517,-150,0,0
6.2301483,-17.997517,-150,0,0
5.2301483,-17.997517,-150,0,0
4.2301483,-17.997517,-150,0,0
3.2301483,-17.997517,-150,0,0
2.2301483,-17.997517,-150,0,0
1.2301483,-17.997517,-150,0,0
0.23014832,-17.997517,-150,0,0
-0.7698517,-17.997517,-150,0,0
-1.7698517,-17.997517,-150,0,0
-2.7698517,-17.997517,-150,0,0
-3.7698517,-17.997517,-150,0,0
-4.7698517,-17.997517,-150,0,0
-5.7698517,-17.997517,-150,0,0
-6.7698517,-17.997517,-150,0,0
-7.7698517,-17.997517,-150,0,0
-8.769852,-17.997517,-150,0,0
-9.769852,-17.997517,-150,0,0
-10.769852,-17.997517,-150,0,0
-11.769852,-17.997517,-150,0,0
-12.769852,-17.997517,-150,0,0
-13.769852,-17.997517,-150,0,0
-14.769852,-17.997517,-150,0,0
-15.769852,-17.997517,-150,0,0
-16.769852,-17.997517,-150,0,0
-17.769852,-17.997517,-150,0,0
-18.769852,-17.997517,-150,0,0
-19.769852,-17.997517,-150,0,0
-20.769852,-17.997517,-150,0,0
-21.769852,-17.997517,-150,0,0
-22.769852,-17.997517,-150,0,0
-23.769852,-17.997517,-150,0,0
-24.769852,-17.997517,-150,0,0
-25.769852,-17.997517,-150,0,0
-26.769852,-17.997517,-150,0,0
-27.769852,-17.997517,-150,0,0
-28.769852,-17.997517,-150,0,0
-29.769852,-17.997517,-150,0,0
-30.769852,-17.997517,-150,0,0
-31.769852,-17.997517,-150,0,0
-32.76985,-17.997517,-150,0,0
-33.76985,-17.997517,-150,0,0
-34.76985,-17.997517,-150,0,0
-35.76985,-17.997517,-150,0,0
-36.76985,-17.997517,-150,0,0
-37.76985,-17.997517,-150,0,0
-38.76985,-17.997517,-150,0,0
-39.76985,-17.997517,-150,0,0
-40.76985,-17.997517,-150,0,0
-41.76985,-17.997517,-150,0,0
-42.76985,-17.997517,-150,0,0
-43.76985,-17.997517,-150,0,0
-44.76985,-17.997517,-150,0,0
-45.76985,-17.997517,-150,0,0
-46.76985,-17.997517,-150,0,0
-47.76985,-17.997517,-150,0,0
-48.76985,-17.997517,-150,0,0
-49.76985,-17.997517,-150,0,0
49.23015,-18.997517,-150,0,0
48.23015,-18.997517,-150,0,0
47.23015,-18.997517,-150,0,0
46.23015,-18.997517,-150,0,0
45.23015,-18.997517,-150,0,0
44.23015,-18.997517,-150,0,0
43.23015,-18.997517,-150,0,0
42.23015,-18.997517,-150,0,0
41.23015,-18.997517,-150,0,0
40.23015,-18.997517,-150,0,0
39.23015,-18.997517,-150,0,0
38.23015,-18.997517,-150,0,0
37.23015,-18.997517,-150,0,0
36.23015,-18.997517,-150,0,0
35.23015,-18.997517,-150,0,0
34.23015,-18.997517,-150,0,0
33.23015,-18.997517,-150,0,0
32.23015,-18.997517,-150,0,0
31.230148,-18.997517,-150,0,0
30.230148,-18.997517,-150,0,0
29.230148,-18.997517,-150,0,0
28.230148,-18.997517,-150,0,0
27.230148,-18.997517,-150,0,0
26.230148,-18.997517,-150,0,0
25.230148,-18.997517,-150,0,0
24.230148,-18.997517,-150,0,0
23.230148,-18.997517,-150,0,0
22.230148,-18.997517,-150,0,0
21.230148,-18.997517,-150,0,0
20.230148,-18.997517,-150,0,0
19.230148,-18.997517,-150,0,0
18.230148,-18.997517,-150,0,0
17.230148,-18.997517,-150,0,0
16.230148,-18.997517,-150,0,0
15.230148,-18.997517,-150,0,0
14.230148,-18.997517,-150,0,0
13.230148,-18.997517,-150,0,0
12.230148,-18.997517,-150,0,0
11.230148,-18.997517,-150,0,0
10.230148,-18.997517,-150,0,0
9.230148,-18.997517,-150,0,0
8.230148,-18.997517,-150,0,0
7.2301483,-18.997517,-150,0,0
6.2301483,-18.997517,-150,0,0
5.2301483,-18.997517,-150,0,0
4.2301483,-18.997517,-150,0,0
3.2301483,-18.997517,-150,0,0
2.2301483,-18.997517,-150,0,0
1.2301483,-18.997517,-150,0,0
0.23014832,-18.997517,-150,0,0
-0.7698517,-18.997517,-150,0,0
-1.7698517,-18.997517,-150,0,0
-2.7698517,-18.997517,-150,0,0
-3.7698517,-18.997517,-150,0,0
-4.7698517,-18.997517,-150,0,0
-5.7698517,-18.997517,-150,0,0
-6.7698517,-18.997517,-150,0,0
-7.7698517,-18.997517,-150,0,0
-8.769852,-18.997517,-150,0,0
-9.769852,-18.997517,-150,0,0
-10.769852,-18.997517,-150,0,0
-11.769852,-18.997517,-150,0,0
-12.769852,-18.997517,-150,0,0
-13.769852,-18.997517,-150,0,0
-14.769852,-18.997517,-150,0,0
-15.769852,-18.997517,-150,0,0
-16.769852,-18.997517,-150,0,0
-17.769852,-18.997517,-150,0,0
-18.769852,-18.997517,-150,0,0
-19.769852,-18.997517,-150,0,0
-20.769852,-18.997517,-150,0,0
-21.769852,-18.997517,-150,0,0
-22.769852,-18.997517,-150,0,0
-23.769852,-18.997517,-150,0,0
-24.769852,-18.997517,-150,0,0
-25.769852,-18.997517,-150,0,0
-26.769852,-18.997517,-150,0,0
-27.769852,-18.997517,-150,0,0
-28.769852,-18.997517,-150,0,0
-29.769852,-18.997517,-150,0,0
-30.769852,-18.997517,-150,0,0
-31.769852,-18.997517,-150,0,0
-32.76985,-18.997517,-150,0,0
-33.76985,-18.997517,-150,0,0
-34.76985,-18.997517,-150,0,0
-35.76985,-18.997517,-150,0,0
-36.76985,-18.997517,-150,0,0
-37.76985,-18.997517,-150,0,0
-38.76985,-18.997517,-150,0,0
-39.76985,-18.997517,-150,0,0
-40.76985,-18.997517,-150,0,0
-41.76985,-18.997517,-150,0,0
-42.76985,-18.997517,-150,0,0
-43.76985,-18.997517,-150,0,0
-44.76985,-18.997517,-150,0,0
-45.76985,-18.997517,-150,0,0
-46.76985,-18.997517,-150,0,0
-47.76985,-18.997517,-150,0,0
-48.76985,-18.997517,-150,0,0
-49.76985,-18.997517,-150,0,0
49.23015,-19.997517,-150,0,0
48.23015,-19.997517,-150,0,0
47.23015,-19.997517,-150,0,0
46.23015,-19.997517,-150,0,0
45.23015,-19.997517,-150,0,0
44.23015,-19.997517,-150,0,0
43.23015,-19.997517,-150,0,0
42.23015,-19.997517,-150,0,0
41.23015,-19.997517,-150,0,0
40.23015,-19.997517,-150,0,0
39.23015,-19.997517,-150,0,0
38.23015,-19.997517,-150,0,0
37.23015,-19.997517,-150,0,0
36.23015,-19.997517,-150,0,0
35.23015,-19.997517,-150,0,0
34.23015,-19.997517,-150,0,0
33.23015,-19.997517,-150,0,0
32.23015,-19.997517,-150,0,0
31.230148,-19.997517,-150,0,0
30.230148,-19.997517,-150,0,0
29.230148,-19.997517,-150,0,0
28.230148,-19.997517,-150,0,0
27.230148,-19.997517,-150,0,0
26.230148,-19.997517,-150,0,0
25.230148,-19.997517,-150,0,0
24.230148,-19.997517,-150,0,0
23.230148,-19.997517,-150,0,0
22.230148,-19.997517,-150,0,0
21.230148,-19.997517,-150,0,0
20.230148,-19.997517,-150,0,0
19.230148,-19.997517,-150,0,0
18.230148,-19.997517,-150,0,0
17.230148,-19.997517,-150,0,0
16.230148,-19.997517,-150,0,0
15.230148,-19.997517,-150,0,0
14.230148,-19.997517,-150,0,0
13.230148,-19.997517,-150,0,0
12.230148,-19.997517,-150,0,0
11.230148,-19.997517,-150,0,0
10.230148,-19.997517,-150,0,0
9.230148,-19.997517,-150,0,0
8.230148,-19.997517,-150,0,0
7.2301483,-19.997517,-150,0,0
6.2301483,-19.997517,-150,0,0
5.2301483,-19.997517,-150,0,0
4.2301483,-19.997517,-150,0,0
3.2301483,-19.997517,-150,0,0
2.2301483,-19.997517,-150,0,0
1.2301483,-19.997517,-150,0,0
0.23014832,-19.997517,-150,0,0
-0.7698517,-19.997517,-150,0,0
-1.7698517,-19.997517,-150,0,0
-2.7698517,-19.997517,-150,0,0
-3.7698517,-19.997517,-150,0,0
-4.7698517,-19.997517,-150,0,0
-5.7698517,-19.997517,-150,0,0
-6.7698517,-19.997517,-150,0,0
-7.7698517,-19.997517,-150,0,0
-8.769852,-19.997517,-150,0,0
-9.769852,-19.997517,-150,0,0
-10.769852,-19.997517,-150,0,0
-11.769852,-19.997517,-150,0,0
-12.769852,-19.997517,-150,0,0
-13.769852,-19.997517,-150,0,0
-14.769852,-19.997517,-150,0,0
-15.769852,-19.997517,-150,0,0
-16.769852,-19.997517,-150,0,0
-17.769852,-19.997517,-150,0,0
-18.769852,-19.997517,-150,0,0
-19.769852,-19.997517,-150,0,0
-20.769852,-19.997517,-150,0,0
-21.769852,-19.997517,-150,0,0
-22.769852,-19.997517,-150,0,0
-23.769852,-19.997517,-150,0,0
-24.769852,-19.997517,-150,0,0
-25.769852,-19.997517,-150,0,0
-26.769852,-19.997517,-150,0,0
-27.769852,-19.997517,-150,0,0
-28.769852,-19.997517,-150,0,0
-29.769852,-19.997517,-150,0,0
-30.769852,-19.997517,-150,0,0
-31.769852,-19.997517,-150,0,0
-32.76985,-19.997517,-150,0,0
-33.76985,-19.997517,-150,0,0
-34.76985,-19.997517,-150,0,0
-35.76985,-19.997517,-150,0,0
-36.76985,-19.997517,-150,0,0
-37.76985,-19.997517,-150,0,0
-38.76985,-19.997517,-150,0,0
-39.76985,-19.997517,-150,0,0
-40.76985,-19.997517,-150,0,0
-41.76985,-19.997517,-150,0,0
-42.76985,-19.997517,-150,0,0
-43.76985,-19.997517,-150,0,0
-44.76985,-19.997517,-150,0,0
-45.76985,-19.997517,-150,0,0
-46.76985,-19.997517,-150,0,0
-47.76985,-19.997517,-150,0,0
-48.76985,-19.997517,-150,0,0
-49.76985,-19.997517,-150,0,0
49.23015,-20.997517,-150,0,0
48.23015,-20.997517,-150,0,0
47.23015,-20.997517,-150,0,0
46.23015,-20.997517,-150,0,0
45.23015,-20.997517,-150,0,0
44.23015,-20.997517,-150,0,0
43.23015,-20.997517,-150,0,0
42.23015,-20.997517,-150,0,0
41.23015,-20.997517,-150,0,0
40.23015,-20.997517,-150,0,0
39.23015,-20.997517,-150,0,0
38.23015,-20.997517,-150,0,0
37.23015,-20.997517,-150,0,0
36.23015,-20.997517,-150,0,0
35.23015,-20.997517,-150,0,0
34.23015,-20.997517,-150,0,0
33.23015,-20.997517,-150,0,0
32.23015,-20.997517,-150,0,0
31.230148,-20.997517,-150,0,0
30.230148,-20.997517,-150,0,0
29.230148,-20.997517,-150,0,0
28.230148,-20.997517,-150,0,0
27.230148,-20.997517,-150,0,0
26.230148,-20.997517,-150,0,0
25.230148,-20.997517,-150,0,0
24.230148,-20.997517,-150,0,0
23.230148,-20.997517,-150,0,0
22.230148,-20.997517,-150,0,0
21.230148,-20.997517,-150,0,0
20.230148,-20.997517,-150,0,0
19.230148,-20.997517,-150,0,0
18.230148,-20.997517,-150,0,0
17.230148,-20.997517,-150,0,0
16.230148,-20.997517,-150,0,0
15.230148,-20.997517,-150,0,0
14.230148,-20.997517,-150,0,0
13.230148,-20.997517,-150,0,0
12.230148,-20.997517,-150,0,0
11.230148,-20.997517,-150,0,0
10.230148,-20.997517,-150,0,0
9.230148,-20.997517,-150,0,0
8.230148,-20.997517,-150,0,0
7.2301483,-20.997517,-150,0,0
6.2301483,-20.997517,-150,0,0
5.2301483,-20.997517,-150,0,0
4.2301483,-20.997517,-150,0,0
3.2301483,-20.997517,-150,0,0
2.2301483,-20.997517,-150,0,0
1.2301483,-20.997517,-150,0,0
0.23014832,-20.997517,-150,0,0
-0.7698517,-20.997517,-150,0,0
-1.7698517,-20.997517,-150,0,0
-2.7698517,-20.997517,-150,0,0
-3.7698517,-20.997517,-150,0,0
-4.7698517,-20.997517,-150,0,0
-5.7698517,-20.997517,-150,0,0
-6.7698517,-20.997517,-150,0,0
-7.7698517,-20.997517,-150,0,0
-8.769852,-20.997517,-150,0,0
-9.769852,-20.997517,-150,0,0
-10.769852,-20.997517,-150,0,0
-11.769852,-20.997517,-150,0,0
-12.769852,-20.997517,-150,0,0
-13.769852,-20.997517,-150,0,0
-14.769852,-20.997517,-150,0,0
-15.769852,-20.997517,-150,0,0
-16.769852,-20.997517,-150,0,0
-17.769852,-20.997517,-150,0,0
-18.769852,-20.997517,-150,0,0
-19.769852,-20.997517,-150,0,0
-20.769852,-20.997517,-150,0,0
-21.769852,-20.997517,-150,0,0
-22.769852,-20.997517,-150,0,0
-23.769852,-20.997517,-150,0,0
-24.769852,-20.997517,-150,0,0
-25.769852,-20.997517,-150,0,0
-26.769852,-20.997517,-150,0,0
-27.769852,-20.997517,-150,0,0
-28.769852,-20.997517,-150,0,0
-29.769852,-20.997517,-150,0,0
-30.769852,-20.997517,-150,0,0
-31.769852,-20.997517,-150,0,0
-32.76985,-20.997517,-150,0,0
-33.76985,-20.997517,-150,0,0
-34.76985,-20.997517,-150,0,0
-35.76985,-20.997517,-150,0,0
-36.76985,-20.997517,-150,0,0
-37.76985,-20.997517,-150,0,0
-38.76985,-20.997517,-150,0,0
-39.76985,-20.997517,-150,0,0
-40.76985,-20.997517,-150,0,0
-41.76985,-20.997517,-150,0,0
-42.76985,-20.997517,-150,0,0
-43.76985,-20.997517,-150,0,0
-44.76985,-20.997517,-150,0,0
-45.76985,-20.997517,-150,0,0
-46.76985,-20.997517,-150,0,0
-47.76985,-20.997517,-150,0,0
-48.76985,-20.997517,-150,0,0
-49.76985,-20.997517,-150,0,0
49.23015,-21.997517,-150,0,0
48.23015,-21.997517,-150,0,0
47.23015,-21.997517,-150,0,0
46.23015,-21.997517,-150,0,0
45.23015,-21.997517,-150,0,0
44.23015,-21.997517,-150,0,0
43.23015,-21.997517,-150,0,0
42.23015,-21.997517,-150,0,0
41.23015,-21.997517,-150,0,0
40.23015,-21.997517,-150,0,0
39.23015,-21.997517,-150,0,0
38.23015,-21.997517,-150,0,0
37.23015,-21.997517,-150,0,0
36.23015,-21.997517,-150,0,0
35.23015,-21.997517,-150,0,0
34.23015,-21.997517,-150,0,0
33.23015,-21.997517,-150,0,0
32.23015,-21.997517,-150,0,0
31.230148,-21.997517,-150,0,0
30.230148,-21.997517,-150,0,0
29.230148,-21.997517,-150,0,0
28.230148,-21.997517,-150,0,0
27.230148,-21.997517,-150,0,0
26.230148,-21.997517,-150,0,0
25.230148,-21.997517,-150,0,0
24.230148,-21.997517,-150,0,0
23.230148,-21.997517,-150,0,0
22.230148,-21.997517,-150,0,0
21.230148,-21.997517,-150,0,0
20.230148,-21.997517,-150,0,0
19.230148,-21.997517,-150,0,0
18.230148,-21.997517,-150,0,0
17.230148,-21.997517,-150,0,0
16.230148,-21.997517,-150,0,0
15.230148,-21.997517,-150,0,0
14.230148,-21.997517,-150,0,0
13.230148,-21.997517,-150,0,0
12.230148,-21.997517,-150,0,0
11.230148,-21.997517,-150,0,0
10.230148,-21.997517,-150,0,0
9.230148,-21.997517,-150,0,0
8.230148,-21.997517,-150,0,0
7.2301483,-21.997517,-150,0,0
6.2301483,-21.997517,-150,0,0
5.2301483,-21.997517,-150,0,0
4.2301483,-21.997517,-150,0,0
3.2301483,-21.997517,-150,0,0
2.2301483,-21.997517,-150,0,0
1.2301483,-21.997517,-150,0,0
0.23014832,-21.997517,-150,0,0
-0.7698517,-21.997517,-150,0,0
-1.7698517,-21.997517,-150,0,0
-2.7698517,-21.997517,-150,0,0
-3.7698517,-21.997517,-150,0,0
-4.7698517,-21.997517,-150,0,0
-5.7698517,-21.997517,-150,0,0
-6.7698517,-21.997517,-150,0,0
-7.7698517,-21.997517,-150,0,0
-8.769852,-21.997517,-150,0,0
-9.769852,-21.997517,-150,0,0
-10.769852,-21.997517,-150,0,0
-11.769852,-21.997517,-150,0,0
-12.769852,-21.997517,-150,0,0
-13.769852,-21.997517,-150,0,0
-14.769852,-21.997517,-150,0,0
-15.769852,-21.997517,-150,0,0
-16.769852,-21.997517,-150,0,0
-17.769852,-21.997517,-150,0,0
-18.769852,-21.997517,-150,0,0
-19.769852,-21.997517,-150,0,0
-20.769852,-21.997517,-150,0,0
-21.769852,-21.997517,-150,0,0
-22.769852,-21.997517,-150,0,0
-23.769852,-21.997517,-150,0,0
-24.769852,-21.997517,-150,0,0
-25.769852,-21.997517,-150,0,0
-26.769852,-21.997517,-150,0,0
-27.769852,-21.997517,-150,0,0
-28.769852,-21.997517,-150,0,0
-29.769852,-21.997517,-150,0,0
-30.769852,-21.997517,-150,0,0
-31.769852,-21.997517,-150,0,0
-32.76985,-21.997517,-150,0,0
-33.76985,-21.997517,-150,0,0
-34.76985,-21.997517,-150,0,0
-35.76985,-21.997517,-150,0,0
-36.76985,-21.997517,-150,0,0
-37.76985,-21.997517,-150,0,0
-38.76985,-21.997517,-150,0,0
-39.76985,-21.997517,-150,0,0
-40.76985,-21.997517,-150,0,0
-41.76985,-21.997517,-150,0,0
-42.76985,-21.997517,-150,0,0
-43.76985,-21.997517,-150,0,0
-44.76985,-21.997517,-150,0,0
-45.76985,-21.997517,-150,0,0
-46.76985,-21.997517,-150,0,0
-47.76985,-21.997517,-150,0,0
-48.76985,-21.997517,-150,0,0
-49.76985,-21.997517,-150,0,0
49.23015,-22.997517,-150,0,0
48.23015,-22.997517,-150,0,0
47.23015,-22.997517,-150,0,0
46.23015,-22.997517,-150,0,0
45.23015,-22.997517,-150,0,0
44.23015,-22.997517,-150,0,0
43.23015,-22.997517,-150,0,0
42.23015,-22.997517,-150,0,0
41.23015,-22.997517,-150,0,0
40.23015,-22.997517,-150,0,0
39.23015,-22.997517,-150,0,0
38.23015,-22.997517,-150,0,0
37.23015,-22.997517,-150,0,0
36.23015,-22.997517,-150,0,0
35.23015,-22.997517,-150,0,0
34.23015,-22.997517,-150,0,0
33.23015,-22.997517,-150,0,0
32.23015,-22.997517,-150,0,0
31.230148,-22.997517,-150,0,0
30.230148,-22.997517,-150,0,0
29.230148,-22.997517,-150,0,0
28.230148,-22.997517,-150,0,0
27.230148,-22.997517,-150,0,0
26.230148,-22.997517,-150,0,0
25.230148,-22.997517,-150,0,0
24.230148,-22.997517,-150,0,0
23.230148,-22.997517,-150,0,0
22.230148,-22.997517,-150,0,0
21.230148,-22.997517,-150,0,0
20.230148,-22.997517,-150,0,0
19.230148,-22.997517,-150,0,0
18.230148,-22.997517,-150,0,0
17.230148,-22.997517,-150,0,0
16.230148,-22.997517,-150,0,0
15.230148,-22.997517,-150,0,0
14.230148,-22.997517,-150,0,0
13.230148,-22.997517,-150,0,0
12.230148,-22.997517,-150,0,0
11.230148,-22.997517,-150,0,0
10.230148,-22.997517,-150,0,0
9.230148,-22.997517,-150,0,0
8.230148,-22.997517,-150,0,0
7.2301483,-22.997517,-150,0,0
6.2301483,-22.997517,-150,0,0
5.2301483,-22.997517,-150,0,0
4.2301483,-22.997517,-150,0,0
3.2301483,-22.997517,-150,0,0
2.2301483,-22.997517,-150,0,0
1.2301483,-22.997517,-150,0,0
0.23014832,-22.997517,-150,0,0
-0.7698517,-22.997517,-150,0,0
-1.7698517,-22.997517,-150,0,0
-2.7698517,-22.997517,-150,0,0
-3.7698517,-22.997517,-150,0,0
-4.7698517,-22.997517,-150,0,0
-5.7698517,-22.997517,-150,0,0
-6.7698517,-22.997517,-150,0,0
-7.7698517,-22.997517,-150,0,0
-8.769852,-22.997517,-150,0,0
-9.769852,-22.997517,-150,0,0
-10.769852,-22.997517,-150,0,0
-11.769852,-22.997517,-150,0,0
-12.769852,-22.997517,-150,0,0
-13.769852,-22.997517,-150,0,0
-14.769852,-22.997517,-150,0,0
-15.769852,-22.997517,-150,0,0
-16.769852,-22.997517,-150,0,0
-17.769852,-22.997517,-150,0,0
-18.769852,-22.997517,-150,0,0
-19.769852,-22.997517,-150,0,0
-20.769852,-22.997517,-150,0,0
-21.769852,-22.997517,-150,0,0
-22.769852,-22.997517,-150,0,0
-23.769852,-22.997517,-150,0,0
-24.769852,-22.997517,-150,0,0
-25.769852,-22.997517,-150,0,0
-26.769852,-22.997517,-150,0,0
-27.769852,-22.997517,-150,0,0
-28.769852,-22.997517,-150,0,0
-29.769852,-22.997517,-150,0,0
-30.769852,-22.997517,-150,0,0
-31.769852,-22.997517,-150,0,0
-32.76985,-22.997517,-150,0,0
-33.76985,-22.997517,-150,0,0
-34.76985,-22.997517,-150,0,0
-35.76985,-22.997517,-150,0,0
-36.76985,-22.997517,-150,0,0
-37.76985,-22.997517,-150,0,0
-38.76985,-22.997517,-150,0,0
-39.76985,-22.997517,-150,0,0
-40.76985,-22.997517,-150,0,0
-41.76985,-22.997517,-150,0,0
-42.76985,-22.997517,-150,0,0
-43.76985,-22.997517,-150,0,0
-44.76985,-22.997517,-150,0,0
-45.76985,-22.997517,-150,0,0
-46.76985,-22.997517,-150,0,0
-47.76985,-22.997517,-150,0,0
-48.76985,-22.997517,-150,0,0
-49.76985,-22.997517,-150,0,0
49.23015,-23.997517,-150,0,0
48.23015,-23.997517,-150,0,0
47.23015,-23.997517,-150,0,0
46.23015,-23.997517,-150,0,0
45.23015,-23.997517,-150,0,0
44.23015,-23.997517,-150,0,0
43.23015,-23.997517,-150,0,0
42.23015,-23.997517,-150,0,0
41.23015,-23.997517,-150,0,0
40.23015,-23.997517,-150,0,0
39.23015,-23.997517,-150,0,0
38.23015,-23.997517,-150,0,0
37.23015,-23.997517,-150,0,0
36.23015,-23.997517,-150,0,0
35.23015,-23.997517,-150,0,0
34.23015,-23.997517,-150,0,0
33.23015,-23.997517,-150,0,0
32.23015,-23.997517,-150,0,0
31.230148,-23.997517,-150,0,0
30.230148,-23.997517,-150,0,0
29.230148,-23.997517,-150,0,0
28.230148,-23.997517,-150,0,0
27.230148,-23.997517,-150,0,0
26.230148,-23.997517,-150,0,0
25.230148,-23.997517,-150,0,0
24.230148,-23.997517,-150,0,0
23.230148,-23.997517,-150,0,0
22.230148,-23.997517,-150,0,0
21.230148,-23.997517,-150,0,0
20.230148,-23.997517,-150,0,0
19.230148,-23.997517,-150,0,0
18.230148,-23.997517,-150,0,0
17.230148,-23.997517,-150,0,0
16.230148,-23.997517,-150,0,0
15.230148,-23.997517,-150,0,0
14.230148,-23.997517,-150,0,0
13.230148,-23.997517,-150,0,0
12.230148,-23.997517,-150,0,0
11.230148,-23.997517,-150,0,0
10.230148,-23.997517,-150,0,0
9.230148,-23.997517,-150,0,0
8.230148,-23.997517,-150,0,0
7.2301483,-23.997517,-150,0,0
6.2301483,-23.997517,-150,0,0
5.2301483,-23.997517,-150,0,0
4.2301483,-23.997517,-150,0,0
3.2301483,-23.997517,-150,0,0
2.2301483,-23.997517,-150,0,0
1.2301483,-23.997517,-150,0,0
0.23014832,-23.997517,-150,0,0
-0.7698517,-23.997517,-150,0,0
-1.7698517,-23.997517,-150,0,0
-2.7698517,-23.997517,-150,0,0
-3.7698517,-23.997517,-150,0,0
-4.7698517,-23.997517,-150,0,0
-5.7698517,-23.997517,-150,0,0
-6.7698517,-23.997517,-150,0,0
-7.7698517,-23.997517,-150,0,0
-8.769852,-23.997517,-150,0,0
-9.769852,-23.997517,-150,0,0
-10.769852,-23.997517,-150,0,0
-11.769852,-23.997517,-150,0,0
-12.769852,-23.997517,-150,0,0
-13.769852,-23.997517,-150,0,0
-14.769852,-23.997517,-150,0,0
-15.769852,-23.997517,-150,0,0
-16.769852,-23.997517,-150,0,0
-17.769852,-23.997517,-150,0,0
-18.769852,-23.997517,-150,0,0
-19.769852,-23.997517,-150,0,0
-20.769852,-23.997517,-150,0,0
-21.769852,-23.997517,-150,0,0
-22.769852,-23.997517,-150,0,0
-23.769852,-23.997517,-150,0,0
-24.769852,-23.997517,-150,0,0
-25.769852,-23.997517,-150,0,0
-26.769852,-23.997517,-150,0,0
-27.769852,-23.997517,-150,0,0
-28.769852,-23.997517,-150,0,0
-29.769852,-23.997517,-150,0,0
-30.769852,-23.997517,-150,0,0
-31.769852,-23.997517,-150,0,0
-32.76985,-23.997517,-150,0,0
-33.76985,-23.997517,-150,0,0
-34.76985,-23.997517,-150,0,0
-35.76985,-23.997517,-150,0,0
-36.76985,-23.997517,-150,0,0
-37.76985,-23.997517,-150,0,0
-38.76985,-23.997517,-150,0,0
-39.76985,-23.997517,-150,0,0
-40.76985,-23.997517,-150,0,0
-41.76985,-23.997517,-150,0,0
-42.76985,-23.997517,-150,0,0
-43.76985,-23.997517,-150,0,0
-44.76985,-23.997517,-150,0,0
-45.76985,-23.997517,-150,0,0
-46.76985,-23.997517,-150,0,0
-47.76985,-23.997517,-150,0,0
-48.76985,-23.997517,-150,0,0
-49.76985,-23.997517,-150,0,0
49.23015,-24.997517,-150,0,0
48.23015,-24.997517,-150,0,0
47.23015,-24.997517,-150,0,0
46.23015,-24.997517,-150,0,0
45.23015,-24.997517,-150,0,0
44.23015,-24.997517,-150,0,0
43.23015,-24.997517,-150,0,0
42.23015,-24.997517,-150,0,0
41.23015,-24.997517,-150,0,0
40.23015,-24.997517,-150,0,0
39.23015,-24.997517,-150,0,0
38.23015,-24.997517,-150,0,0
37.23015,-24.997517,-150,0,0
36.23015,-24.997517,-150,0,0
35.23015,-24.997517,-150,0,0
34.23015,-24.997517,-150,0,0
33.23015,-24.997517,-150,0,0
32.23015,-24.997517,-150,0,0
31.230148,-24.997517,-150,0,0
30.230148,-24.997517,-150,0,0
29.230148,-24.997517,-150,0,0
28.230148,-24.997517,-150,0,0
27.230148,-24.997517,-150,0,0
26.230148,-24.997517,-150,0,0
25.230148,-24.997517,-150,0,0
24.230148,-24.997517,-150,0,0
23.230148,-24.997517,-150,0,0
22.230148,-24.997517,-150,0,0
21.230148,-24.997517,-150,0,0
20.230148,-24.997517,-150,0,0
19.230148,-24.997517,-150,0,0
18.230148,-24.997517,-150,0,0
17.230148,-24.997517,-150,0,0
16.230148,-24.997517,-150,0,0
15.230148,-24.997517,-150,0,0
14.230148,-24.997517,-150,0,0
13.230148,-24.997517,-150,0,0
12.230148,-24.997517,-150,0,0
11.230148,-24.997517,-150,0,0
10.230148,-24.997517,-150,0,0
9.230148,-24.997517,-150,0,0
8.230148,-24.997517,-150,0,0
7.2301483,-24.997517,-150,0,0
6.2301483,-24.997517,-150,0,0
5.2301483,-24.997517,-150,0,0
4.2301483,-24.997517,-150,0,0
3.2301483,-24.997517,-150,0,0
2.2301483,-24.997517,-150,0,0
1.2301483,-24.997517,-150,0,0
0.23014832,-24.997517,-150,0,0
-0.7698517,-24.997517,-150,0,0
-1.7698517,-24.997517,-150,0,0
-2.7698517,-24.997517,-150,0,0
-3.7698517,-24.997517,-150,0,0
-4.7698517,-24.997517,-150,0,0
-5.7698517,-24.997517,-150,0,0
-6.7698517,-24.997517,-150,0,0
-7.7698517,-24.997517,-150,0,0
-8.769852,-24.997517,-150,0,0
-9.769852,-24.997517,-150,0,0
-10.769852,-24.997517,-150,0,0
-11.769852,-24.997517,-150,0,0
-12.769852,-24.997517,-150,0,0
-13.769852,-24.997517,-150,0,0
-14.769852,-24.997517,-150,0,0
-15.769852,-24.997517,-150,0,0
-16.769852,-24.997517,-150,0,0
-17.769852,-24.997517,-150,0,0
-18.769852,-24.997517,-150,0,0
-19.769852,-24.997517,-150,0,0
-20.769852,-24.997517,-150,0,0
-21.769852,-24.997517,-150,0,0
-22.769852,-24.997517,-150,0,0
-23.769852,-24.997517,-150,0,0
-24.769852,-24.997517,-150,0,0
-25.769852,-24.997517,-150,0,0
-26.769852,-24.997517,-150,0,0
-27.769852,-24.997517,-150,0,0
-28.769852,-24.997517,-150,0,0
-29.769852,-24.997517,-150,0,0
-30.769852,-24.997517,-150,0,0
-31.769852,-24.997517,-150,0,0
-32.76985,-24.997517,-150,0,0
-33.76985,-24.997517,-150,0,0
-34.76985,-24.997517,-150,0,0
-35.76985,-24.997517,-150,0,0
-36.76985,-24.997517,-150,0,0
-37.76985,-24.997517,-150,0,0
-38.76985,-24.997517,-150,0,0
-39.76985,-24.997517,-150,0,0
-40.76985,-24.997517,-150,0,0
-41.76985,-24.997517,-150,0,0
-42.76985,-24.997517,-150,0,0
-43.76985,-24.997517,-150,0,0
-44.76985,-24.997517,-150,0,0
-45.76985,-24.997517,-150,0,0
-46.76985,-24.997517,-150,0,0
-47.76985,-24.997517,-150,0,0
-48.76985,-24.997517,-150,0,0
-49.76985,-24.997517,-150,0,0
49.23015,-25.997517,-150,0,0
48.23015,-25.997517,-150,0,0
47.23015,-25.997517,-150,0,0
46.23015,-25.997517,-150,0,0
45.23015,-25.997517,-150,0,0
44.23015,-25.997517,-150,0,0
43.23015,-25.997517,-150,0,0
42.23015,-25.997517,-150,0,0
41.23015,-25.997517,-150,0,0
40.23015,-25.997517,-150,0,0
39.23015,-25.997517,-150,0,0
38.23015,-25.997517,-150,0,0
37.23015,-25.997517,-150,0,0
36.23015,-25.997517,-150,0,0
35.23015,-25.997517,-150,0,0
34.23015,-25.997517,-150,0,0
33.23015,-25.997517,-150,0,0
32.23015,-25.997517,-150,0,0
31.230148,-25.997517,-150,0,0
30.230148,-25.997517,-150,0,0
29.230148,-25.997517,-150,0,0
28.230148,-25.997517,-150,0,0
27.230148,-25.997517,-150,0,0
26.230148,-25.997517,-150,0,0
25.230148,-25.997517,-150,0,0
24.230148,-25.997517,-150,0,0
23.230148,-25.997517,-150,0,0
22.230148,-25.997517,-150,0,0
21.230148,-25.997517,-150,0,0
20.230148,-25.997517,-150,0,0
19.230148,-25.997517,-150,0,0
18.230148,-25.997517,-150,0,0
17.230148,-25.997517,-150,0,0
16.230148,-25.997517,-150,0,0
15.230148,-25.997517,-150,0,0
14.230148,-25.997517,-150,0,0
13.230148,-25.997517,-150,0,0
12.230148,-25.997517,-150,0,0
11.230148,-25.997517,-150,0,0
10.230148,-25.997517,-150,0,0
9.230148,-25.997517,-150,0,0
8.230148,-25.997517,-150,0,0
7.2301483,-25.997517,-150,0,0
6.2301483,-25.997517,-150,0,0
5.2301483,-25.997517,-150,0,0
4.2301483,-25.997517,-150,0,0
3.2301483,-25.997517,-150,0,0
2.2301483,-25.997517,-150,0,0
1.2301483,-25.997517,-150,0,0
0.23014832,-25.997517,-150,0,0
-0.7698517,-25.997517,-150,0,0
-1.7698517,-25.997517,-150,0,0
-2.7698517,-25.997517,-150,0,0
-3.7698517,-25.997517,-150,0,0
-4.7698517,-25.997517,-150,0,0
-5.7698517,-25.997517,-150,0,0
-6.7698517,-25.997517,-150,0,0
-7.7698517,-25.997517,-150,0,0
-8.769852,-25.997517,-150,0,0
-9.769852,-25.997517,-150,0,0
-10.769852,-25.997517,-150,0,0
-11.769852,-25.997517,-150,0,0
-12.769852,-25.997517,-150,0,0
-13.769852,-25.997517,-150,0,0
-14.769852,-25.997517,-150,0,0
-15.769852,-25.997517,-150,0,0
-16.769852,-25.997517,-150,0,0
-17.769852,-25.997517,-150,0,0
-18.769852,-25.997517,-150,0,0
-19.769852,-25.997517,-150,0,0
-20.769852,-25.997517,-150,0,0
-21.769852,-25.997517,-150,0,0
-22.769852,-25.997517,-150,0,0
-23.769852,-25.997517,-150,0,0
-24.769852,-25.997517,-150,0,0
-25.769852,-25.997517,-150,0,0
-26.769852,-25.997517,-150,0,0
-27.769852,-25.997517,-150,0,0
-28.769852,-25.997517,-150,0,0
-29.769852,-25.997517,-150,0,0
-30.769852,-25.997517,-150,0,0
-31.769852,-25.997517,-150,0,0
-32.76985,-25.997517,-150,0,0
-33.76985,-25.997517,-150,0,0
-34.76985,-25.997517,-150,0,0
-35.76985,-25.997517,-150,0,0
-36.76985,-25.997517,-150,0,0
-37.76985,-25.997517,-150,0,0
-38.76985,-25.997517,-150,0,0
-39.76985,-25.997517,-150,0,0
-40.76985,-25.997517,-150,0,0
-41.76985,-25.997517,-150,0,0
-42.76985,-25.997517,-150,0,0
-43.76985,-25.997517,-150,0,0
-44.76985,-25.997517,-150,0,0
-45.76985,-25.997517,-150,0,0
-46.76985,-25.997517,-150,0,0
-47.76985,-25.997517,-150,0,0
-48.76985,-25.997517,-150,0,0
-49.76985,-25.997517,-150,0,0
49.23015,-26.997517,-150,0,0
48.23015,-26.997517,-150,0,0
47.23015,-26.997517,-150,0,0
46.23015,-26.997517,-150,0,0
45.23015,-26.997517,-150,0,0
44.23015,-26.997517,-150,0,0
43.23015,-26.997517,-150,0,0
42.23015,-26.997517,-150,0,0
41.23015,-26.997517,-150,0,0
40.23015,-26.997517,-150,0,0
39.23015,-26.997517,-150,0,0
38.23015,-26.997517,-150,0,0
37.23015,-26.997517,-150,0,0
36.23015,-26.997517,-150,0,0
35.23015,-26.997517,-150,0,0
34.23015,-26.997517,-150,0,0
33.23015,-26.997517,-150,0,0
32.23015,-26.997517,-150,0,0
31.230148,-26.997517,-150,0,0
30.230148,-26.997517,-150,0,0
29.230148,-26.997517,-150,0,0
28.230148,-26.997517,-150,0,0
27.230148,-26.997517,-150,0,0
26.230148,-26.997517,-150,0,0
25.230148,-26.997517,-150,0,0
24.230148,-26.997517,-150,0,0
23.230148,-26.997517,-150,0,0
22.230148,-26.997517,-150,0,0
21.230148,-26.997517,-150,0,0
20.230148,-26.997517,-150,0,0
19.230148,-26.997517,-150,0,0
18.230148,-26.997517,-150,0,0
17.230148,-26.997517,-150,0,0
16.230148,-26.997517,-150,0,0
15.230148,-26.997517,-150,0,0
14.230148,-26.997517,-150,0,0
13.230148,-26.997517,-150,0,0
12.230148,-26.997517,-150,0,0
11.230148,-26.997517,-150,0,0
10.230148,-26.997517,-150,0,0
9.230148,-26.997517,-150,0,0
8.230148,-26.997517,-150,0,0
7.2301483,-26.997517,-150,0,0
6.2301483,-26.997517,-150,0,0
5.2301483,-26.997517,-150,0,0
4.2301483,-26.997517,-150,0,0
3.2301483,-26.997517,-150,0,0
2.2301483,-26.997517,-150,0,0
1.2301483,-26.997517,-150,0,0
0.23014832,-26.997517,-150,0,0
-0.7698517,-26.997517,-150,0,0
-1.7698517,-26.997517,-150,0,0
-2.7698517,-26.997517,-150,0,0
-3.7698517,-26.997517,-150,0,0
-4.7698517,-26.997517,-150,0,0
-5.7698517,-26.997517,-150,0,0
-6.7698517,-26.997517,-150,0,0
-7.7698517,-26.997517,-150,0,0
-8.769852,-26.997517,-150,0,0
-9.769852,-26.997517,-150,0,0
-10.769852,-26.997517,-150,0,0
-11.769852,-26.997517,-150,0,0
-12.769852,-26.997517,-150,0,0
-13.769852,-26.997517,-150,0,0
-14.769852,-26.997517,-150,0,0
-15.769852,-26.997517,-150,0,0
-16.769852,-26.997517,-150,0,0
-17.769852,-26.997517,-150,0,0
-18.769852,-26.997517,-150,0,0
-19.769852,-26.997517,-150,0,0
-20.769852,-26.997517,-150,0,0
-21.769852,-26.997517,-150,0,0
-22.769852,-26.997517,-150,0,0
-23.769852,-26.997517,-150,0,0
-24.769852,-26.997517,-150,0,0
-25.769852,-26.997517,-150,0,0
-26.769852,-26.997517,-150,0,0
-27.769852,-26.997517,-150,0,0
-28.769852,-26.997517,-150,0,0
-29.769852,-26.997517,-150,0,0
-30.769852,-26.997517,-150,0,0
-31.769852,-26.997517,-150,0,0
-32.76985,-26.997517,-150,0,0
-33.76985,-26.997517,-150,0,0
-34.76985,-26.997517,-150,0,0
-35.76985,-26.997517,-150,0,0
-36.76985,-26.997517,-150,0,0
-37.76985,-26.997517,-150,0,0
-38.76985,-26.997517,-150,0,0
-39.76985,-26.997517,-150,0,0
-40.76985,-26.997517,-150,0,0
-41.76985,-26.997517,-150,0,0
-42.76985,-26.997517,-150,0,0
-43.76985,-26.997517,-150,0,0
-44.76985,-26.997517,-150,0,0
-45.76985,-26.997517,-150,0,0
-46.76985,-26.997517,-150,0,0
-47.76985,-26.997517,-150,0,0
-48.76985,-26.997517,-150,0,0
-49.76985,-26.997517,-150,0,0
49.23015,-27.997517,-150,0,0
48.23015,-27.997517,-150,0,0
47.23015,-27.997517,-150,0,0
46.23015,-27.997517,-150,0,0
45.23015,-27.997517,-150,0,0
44.23015,-27.997517,-150,0,0
43.23015,-27.997517,-150,0,0
42.23015,-27.997517,-150,0,0
41.23015,-27.997517,-150,0,0
40.23015,-27.997517,-150,0,0
39.23015,-27.997517,-150,0,0
38.23015,-27.997517,-150,0,0
37.23015,-27.997517,-150,0,0
36.23015,-27.997517,-150,0,0
35.23015,-27.997517,-150,0,0
34.23015,-27.997517,-150,0,0
33.23015,-27.997517,-150,0,0
32.23015,-27.997517,-150,0,0
31.230148,-27.997517,-150,0,0
30.230148,-27.997517,-150,0,0
29.230148,-27.997517,-150,0,0
28.230148,-27.997517,-150,0,0
27.230148,-27.997517,-150,0,0
26.230148,-27.997517,-150,0,0
25.230148,-27.997517,-150,0,0
24.230148,-27.997517,-150,0,0
23.230148,-27.997517,-150,0,0
22.230148,-27.997517,-150,0,0
21.230148,-27.997517,-150,0,0
20.230148,-27.997517,-150,0,0
19.230148,-27.997517,-150,0,0
18.230148,-27.997517,-150,0,0
17.230148,-27.997517,-150,0,0
16.230148,-27.997517,-150,0,0
15.230148,-27.997517,-150,0,0
14.230148,-27.997517,-150,0,0
13.230148,-27.997517,-150,0,0
12.230148,-27.997517,-150,0,0
11.230148,-27.997517,-150,0,0
10.230148,-27.997517,-150,0,0
9.230148,-27.997517,-150,0,0
8.230148,-27.997517,-150,0,0
7.2301483,-27.997517,-150,0,0
6.2301483,-27.997517,-150,0,0
5.2301483,-27.997517,-150,0,0
4.2301483,-27.997517,-150,0,0
3.2301483,-27.997517,-150,0,0
2.2301483,-27.997517,-150,0,0
1.2301483,-27.997517,-150,0,0
0.23014832,-27.997517,-150,0,0
-0.7698517,-27.997517,-150,0,0
-1.7698517,-27.997517,-150,0,0
-2.7698517,-27.997517,-150,0,0
-3.7698517,-27.997517,-150,0,0
-4.7698517,-27.997517,-150,0,0
-5.7698517,-27.997517,-150,0,0
-6.7698517,-27.997517,-150,0,0
-7.7698517,-27.997517,-150,0,0
-8.769852,-27.997517,-150,0,0
-9.769852,-27.997517,-150,0,0
-10.769852,-27.997517,-150,0,0
-11.769852,-27.997517,-150,0,0
-12.769852,-27.997517,-150,0,0
-13.769852,-27.997517,-150,0,0
-14.769852,-27.997517,-150,0,0
-15.769852,-27.997517,-150,0,0
-16.769852,-27.997517,-150,0,0
-17.769852,-27.997517,-150,0,0
-18.769852,-27.997517,-150,0,0
-19.769852,-27.997517,-150,0,0
-20.769852,-27.997517,-150,0,0
-21.769852,-27.997517,-150,0,0
-22.769852,-27.997517,-150,0,0
-23.769852,-27.997517,-150,0,0
-24.769852,-27.997517,-150,0,0
-25.769852,-27.997517,-150,0,0
-26.769852,-27.997517,-150,0,0
-27.769852,-27.997517,-150,0,0
-28.769852,-27.997517,-150,0,0
-29.769852,-27.997517,-150,0,0
-30.769852,-27.997517,-150,0,0
-31.769852,-27.997517,-150,0,0
-32.76985,-27.997517,-150,0,0
-33.76985,-27.997517,-150,0,0
-34.76985,-27.997517,-150,0,0
-35.76985,-27.997517,-150,0,0
-36.76985,-27.997517,-150,0,0
-37.76985,-27.997517,-150,0,0
-38.76985,-27.997517,-150,0,0
-39.76985,-27.997517,-150,0,0
-40.76985,-27.997517,-150,0,0
-41.76985,-27.997517,-150,0,0
-42.76985,-27.997517,-150,0,0
-43.76985,-27.997517,-150,0,0
-44.76985,-27.997517,-150,0,0
-45.76985,-27.997517,-150,0,0
-46.76985,-27.997517,-150,0,0
-47.76985,-27.997517,-150,0,0
-48.76985,-27.997517,-150,0,0
-49.76985,-27.997517,-150,0,0
49.23015,-28.997517,-150,0,0
48.23015,-28.997517,-150,0,0
47.23015,-28.997517,-150,0,0
46.23015,-28.997517,-150,0,0
45.23015,-28.997517,-150,0,0
44.23015,-28.997517,-150,0,0
43.23015,-28.997517,-150,0,0
42.23015,-28.997517,-150,0,0
41.23015,-28.997517,-150,0,0
40.23015,-28.997517,-150,0,0
39.23015,-28.997517,-150,0,0
38.23015,-28.997517,-150,0,0
37.23015,-28.997517,-150,0,0
36.23015,-28.997517,-150,0,0
35.23015,-28.997517,-150,0,0
34.23015,-28.997517,-150,0,0
33.23015,-28.997517,-150,0,0
32.23015,-28.997517,-150,0,0
31.230148,-28.997517,-150,0,0
30.230148,-28.997517,-150,0,0
29.230148,-28.997517,-150,0,0
28.230148,-28.997517,-150,0,0
27.230148,-28.997517,-150,0,0
26.230148,-28.997517,-150,0,0
25.230148,-28.997517,-150,0,0
24.230148,-28.997517,-150,0,0
23.230148,-28.997517,-150,0,0
22.230148,-28.997517,-150,0,0
21.230148,-28.997517,-150,0,0
20.230148,-28.997517,-150,0,0
19.230148,-28.997517,-150,0,0
18.230148,-28.997517,-150,0,0
17.230148,-28.997517,-150,0,0
16.230148,-28.997517,-150,0,0
15.230148,-28.997517,-150,0,0
14.230148,-28.997517,-150,0,0
13.230148,-28.997517,-150,0,0
12.230148,-28.997517,-150,0,0
11.230148,-28.997517,-150,0,0
10.230148,-28.997517,-150,0,0
9.230148,-28.997517,-150,0,0
8.230148,-28.997517,-150,0,0
7.2301483,-28.997517,-150,0,0
6.2301483,-28.997517,-150,0,0
5.2301483,-28.997517,-150,0,0
4.2301483,-28.997517,-150,0,0
3.2301483,-28.997517,-150,0,0
2.2301483,-28.997517,-150,0,0
1.2301483,-28.997517,-150,0,0
0.23014832,-28.997517,-150,0,0
-0.7698517,-28.997517,-150,0,0
-1.7698517,-28.997517,-150,0,0
-2.7698517,-28.997517,-150,0,0
-3.7698517,-28.997517,-150,0,0
-4.7698517,-28.997517,-150,0,0
-5.7698517,-28.997517,-150,0,0
-6.7698517,-28.997517,-150,0,0
-7.7698517,-28.997517,-150,0,0
-8.769852,-28.997517,-150,0,0
-9.769852,-28.997517,-150,0,0
-10.769852,-28.997517,-150,0,0
-11.769852,-28.997517,-150,0,0
-12.769852,-28.997517,-150,0,0
-13.769852,-28.997517,-150,0,0
-14.769852,-28.997517,-150,0,0
-15.769852,-28.997517,-150,0,0
-16.769852,-28.997517,-150,0,0
-17.769852,-28.997517,-150,0,0
-18.769852,-28.997517,-150,0,0
-19.769852,-28.997517,-150,0,0
-20.769852,-28.997517,-150,0,0
-21.769852,-28.997517,-150,0,0
-22.769852,-28.997517,-150,0,0
-23.769852,-28.997517,-150,0,0
-24.769852,-28.997517,-150,0,0
-25.769852,-28.997517,-150,0,0
-26.769852,-28.997517,-150,0,0
-27.769852,-28.997517,-150,0,0
-28.769852,-28.997517,-150,0,0
-29.769852,-28.997517,-150,0,0
-30.769852,-28.997517,-150,0,0
-31.769852,-28.997517,-150,0,0
-32.76985,-28.997517,-150,0,0
-33.76985,-28.997517,-150,0,0
-34.76985,-28.997517,-150,0,0
-35.76985,-28.997517,-150,0,0
-36.76985,-28.997517,-150,0,0
-37.76985,-28.997517,-150,0,0
-38.76985,-28.997517,-150,0,0
-39.76985,-28.997517,-150,0,0
-40.76985,-28.997517,-150,0,0
-41.76985,-28.997517,-150,0,0
-42.76985,-28.997517,-150,0,0
-43.76985,-28.997517,-150,0,0
-44.76985,-28.997517,-150,0,0
-45.76985,-28.997517,-150,0,0
-46.76985,-28.997517,-150,0,0
-47.76985,-28.997517,-150,0,0
-48.76985,-28.997517,-150,0,0
-49.76985,-28.997517,-150,0,0
49.23015,-29.997517,-150,0,0
48.23015,-29.997517,-150,0,0
47.23015,-29.997517,-150,0,0
46.23015,-29.997517,-150,0,0
45.23015,-29.997517,-150,0,0
44.23015,-29.997517,-150,0,0
43.23015,-29.997517,-150,0,0
42.23015,-29.997517,-150,0,0
41.23015,-29.997517,-150,0,0
40.23015,-29.997517,-150,0,0
39.23015,-29.997517,-150,0,0
38.23015,-29.997517,-150,0,0
37.23015,-29.997517,-150,0,0
36.23015,-29.997517,-150,0,0
35.23015,-29.997517,-150,0,0
34.23015,-29.997517,-150,0,0
33.23015,-29.997517,-150,0,0
32.23015,-29.997517,-150,0,0
31.230148,-29.997517,-150,0,0
30.230148,-29.997517,-150,0,0
29.230148,-29.997517,-150,0,0
28.230148,-29.997517,-150,0,0
27.230148,-29.997517,-150,0,0
26.230148,-29.997517,-150,0,0
25.230148,-29.997517,-150,0,0
24.230148,-29.997517,-150,0,0
23.230148,-29.997517,-150,0,0
22.230148,-29.997517,-150,0,0
21.230148,-29.997517,-150,0,0
20.230148,-29.997517,-150,0,0
19.230148,-29.997517,-150,0,0
18.230148,-29.997517,-150,0,0
17.230148,-29.997517,-150,0,0
16.230148,-29.997517,-150,0,0
15.230148,-29.997517,-150,0,0
14.230148,-29.997517,-150,0,0
13.230148,-29.997517,-150,0,0
12.230148,-29.997517,-150,0,0
11.230148,-29.997517,-150,0,0
10.230148,-29.997517,-150,0,0
9.230148,-29.997517,-150,0,0
8.230148,-29.997517,-150,0,0
7.2301483,-29.997517,-150,0,0
6.2301483,-29.997517,-150,0,0
5.2301483,-29.997517,-150,0,0
4.2301483,-29.997517,-150,0,0
3.2301483,-29.997517,-150,0,0
2.2301483,-29.997517,-150,0,0
1.2301483,-29.997517,-150,0,0
0.23014832,-29.997517,-150,0,0
-0.7698517,-29.997517,-150,0,0
-1.7698517,-29.997517,-150,0,0
-2.7698517,-29.997517,-150,0,0
-3.7698517,-29.997517,-150,0,0
-4.7698517,-29.997517,-150,0,0
-5.7698517,-29.997517,-150,0,0
-6.7698517,-29.997517,-150,0,0
-7.7698517,-29.997517,-150,0,0
-8.769852,-29.997517,-150,0,0
-9.769852,-29.997517,-150,0,0
-10.769852,-29.997517,-150,0,0
-11.769852,-29.997517,-150,0,0
-12.769852,-29.997517,-150,0,0
-13.769852,-29.997517,-150,0,0
-14.769852,-29.997517,-150,0,0
-15.769852,-29.997517,-150,0,0
-16.769852,-29.997517,-150,0,0
-17.769852,-29.997517,-150,0,0
-18.769852,-29.997517,-150,0,0
-19.769852,-29.997517,-150,0,0
-20.769852,-29.997517,-150,0,0
-21.769852,-29.997517,-150,0,0
-22.769852,-29.997517,-150,0,0
-23.769852,-29.997517,-150,0,0
-24.769852,-29.997517,-150,0,0
-25.769852,-29.997517,-150,0,0
-26.769852,-29.997517,-150,0,0
-27.769852,-29.997517,-150,0,0
-28.769852,-29.997517,-150,0,0
-29.769852,-29.997517,-150,0,0
-30.769852,-29.997517,-150,0,0
-31.769852,-29.997517,-150,0,0
-32.76985,-29.997517,-150,0,0
-33.76985,-29.997517,-150,0,0
-34.76985,-29.997517,-150,0,0
-35.76985,-29.997517,-150,0,0
-36.76985,-29.997517,-150,0,0
-37.76985,-29.997517,-150,0,0
-38.76985,-29.997517,-150,0,0
-39.76985,-29.997517,-150,0,0
-40.76985,-29.997517,-150,0,0
-41.76985,-29.997517,-150,0,0
-42.76985,-29.997517,-150,0,0
-43.76985,-29.997517,-150,0,0
-44.76985,-29.997517,-150,0,0
-45.76985,-29.997517,-150,0,0
-46.76985,-29.997517,-150,0,0
-47.76985,-29.997517,-150,0,0
-48.76985,-29.997517,-150,0,0
-49.76985,-29.997517,-150,0,0
49.23015,-30.997517,-150,0,0
48.23015,-30.997517,-150,0,0
47.23015,-30.997517,-150,0,0
46.23015,-30.997517,-150,0,0
45.23015,-30.997517,-150,0,0
44.23015,-30.997517,-150,0,0
43.23015,-30.997517,-150,0,0
42.23015,-30.997517,-150,0,0
41.23015,-30.997517,-150,0,0
40.23015,-30.997517,-150,0,0
39.23015,-30.997517,-150,0,0
38.23015,-30.997517,-150,0,0
37.23015,-30.997517,-150,0,0
36.23015,-30.997517,-150,0,0
35.23015,-30.997517,-150,0,0
34.23015,-30.997517,-150,0,0
33.23015,-30.997517,-150,0,0
32.23015,-30.997517,-150,0,0
31.230148,-30.997517,-150,0,0
30.230148,-30.997517,-150,0,0
29.230148,-30.997517,-150,0,0
28.230148,-30.997517,-150,0,0
27.230148,-30.997517,-150,0,0
26.230148,-30.997517,-150,0,0
25.230148,-30.997517,-150,0,0
24.230148,-30.997517,-150,0,0
23.230148,-30.997517,-150,0,0
22.230148,-30.997517,-150,0,0
21.230148,-30.997517,-150,0,0
20.230148,-30.997517,-150,0,0
19.230148,-30.997517,-150,0,0
18.230148,-30.997517,-150,0,0
17.230148,-30.997517,-150,0,0
16.230148,-30.997517,-150,0,0
15.230148,-30.997517,-150,0,0
14.230148,-30.997517,-150,0,0
13.230148,-30.997517,-150,0,0
12.230148,-30.997517,-150,0,0
11.230148,-30.997517,-150,0,0
10.230148,-30.997517,-150,0,0
9.230148,-30.997517,-150,0,0
8.230148,-30.997517,-150,0,0
7.2301483,-30.997517,-150,0,0
6.2301483,-30.997517,-150,0,0
5.2301483,-30.997517,-150,0,0
4.2301483,-30.997517,-150,0,0
3.2301483,-30.997517,-150,0,0
2.2301483,-30.997517,-150,0,0
1.2301483,-30.997517,-150,0,0
0.23014832,-30.997517,-150,0,0
-0.7698517,-30.997517,-150,0,0
-1.7698517,-30.997517,-150,0,0
-2.7698517,-30.997517,-150,0,0
-3.7698517,-30.997517,-150,0,0
-4.7698517,-30.997517,-150,0,0
-5.7698517,-30.997517,-150,0,0
-6.7698517,-30.997517,-150,0,0
-7.7698517,-30.997517,-150,0,0
-8.769852,-30.997517,-150,0,0
-9.769852,-30.997517,-150,0,0
-10.769852,-30.997517,-150,0,0
-11.769852,-30.997517,-150,0,0
-12.769852,-30.997517,-150,0,0
-13.769852,-30.997517,-150,0,0
-14.769852,-30.997517,-150,0,0
-15.769852,-30.997517,-150,0,0
-16.769852,-30.997517,-150,0,0
-17.769852,-30.997517,-150,0,0
-18.769852,-30.997517,-150,0,0
-19.769852,-30.997517,-150,0,0
-20.769852,-30.997517,-150,0,0
-21.769852,-30.997517,-150,0,0
-22.769852,-30.997517,-150,0,0
-23.769852,-30.997517,-150,0,0
-24.769852,-30.997517,-150,0,0
-25.769852,-30.997517,-150,0,0
-26.769852,-30.997517,-150,0,0
-27.769852,-30.997517,-150,0,0
-28.769852,-30.997517,-150,0,0
-29.769852,-30.997517,-150,0,0
-30.769852,-30.997517,-150,0,0
-31.769852,-30.997517,-150,0,0
-32.76985,-30.997517,-150,0,0
-33.76985,-30.997517,-150,0,0
-34.76985,-30.997517,-150,0,0
-35.76985,-30.997517,-150,0,0
-36.76985,-30.997517,-150,0,0
-37.76985,-30.997517,-150,0,0
-38.76985,-30.997517,-150,0,0
-39.76985,-30.997517,-150,0,0
-40.76985,-30.997517,-150,0,0
-41.76985,-30.997517,-150,0,0
-42.76985,-30.997517,-150,0,0
-43.76985,-30.997517,-150,0,0
-44.76985,-30.997517,-150,0,0
-45.76985,-30.997517,-150,0,0
-46.76985,-30.997517,-150,0,0
-47.76985,-30.997517,-150,0,0
-48.76985,-30.997517,-150,0,0
-49.76985,-30.997517,-150,0,0
49.23015,-31.997517,-150,0,0
48.23015,-31.997517,-150,0,0
47.23015,-31.997517,-150,0,0
46.23015,-31.997517,-150,0,0
45.23015,-31.997517,-150,0,0
44.23015,-31.997517,-150,0,0
43.23015,-31.997517,-150,0,0
42.23015,-31.997517,-150,0,0
41.23015,-31.997517,-150,0,0
40.23015,-31.997517,-150,0,0
39.23015,-31.997517,-150,0,0
38.23015,-31.997517,-150,0,0
37.23015,-31.997517,-150,0,0
36.23015,-31.997517,-150,0,0
35.23015,-31.997517,-150,0,0
34.23015,-31.997517,-150,0,0
33.23015,-31.997517,-150,0,0
32.23015,-31.997517,-150,0,0
31.230148,-31.997517,-150,0,0
30.230148,-31.997517,-150,0,0
29.230148,-31.997517,-150,0,0
28.230148,-31.997517,-150,0,0
27.230148,-31.997517,-150,0,0
26.230148,-31.997517,-150,0,0
25.230148,-31.997517,-150,0,0
24.230148,-31.997517,-150,0,0
23.230148,-31.997517,-150,0,0
22.230148,-31.997517,-150,0,0
21.230148,-31.997517,-150,0,0
20.230148,-31.997517,-150,0,0
19.230148,-31.997517,-150,0,0
18.230148,-31.997517,-150,0,0
17.230148,-31.997517,-150,0,0
16.230148,-31.997517,-150,0,0
15.230148,-31.997517,-150,0,0
14.230148,-31.997517,-150,0,0
13.230148,-31.997517,-150,0,0
12.230148,-31.997517,-150,0,0
11.230148,-31.997517,-150,0,0
10.230148,-31.997517,-150,0,0
9.230148,-31.997517,-150,0,0
8.230148,-31.997517,-150,0,0
7.2301483,-31.997517,-150,0,0
6.2301483,-31.997517,-150,0,0
5.2301483,-31.997517,-150,0,0
4.2301483,-31.997517,-150,0,0
3.2301483,-31.997517,-150,0,0
2.2301483,-31.997517,-150,0,0
1.2301483,-31.997517,-150,0,0
0.23014832,-31.997517,-150,0,0
-0.7698517,-31.997517,-150,0,0
-1.7698517,-31.997517,-150,0,0
-2.7698517,-31.997517,-150,0,0
-3.7698517,-31.997517,-150,0,0
-4.7698517,-31.997517,-150,0,0
-5.7698517,-31.997517,-150,0,0
-6.7698517,-31.997517,-150,0,0
-7.7698517,-31.997517,-150,0,0
-8.769852,-31.997517,-150,0,0
-9.769852,-31.997517,-150,0,0
-10.769852,-31.997517,-150,0,0
-11.769852,-31.997517,-150,0,0
-12.769852,-31.997517,-150,0,0
-13.769852,-31.997517,-150,0,0
-14.769852,-31.997517,-150,0,0
-15.769852,-31.997517,-150,0,0
-16.769852,-31.997517,-150,0,0
-17.769852,-31.997517,-150,0,0
-18.769852,-31.997517,-150,0,0
-19.769852,-31.997517,-150,0,0
-20.769852,-31.997517,-150,0,0
-21.769852,-31.997517,-150,0,0
-22.769852,-31.997517,-150,0,0
-23.769852,-31.997517,-150,0,0
-24.769852,-31.997517,-150,0,0
-25.769852,-31.997517,-150,0,0
-26.769852,-31.997517,-150,0,0
-27.769852,-31.997517,-150,0,0
-28.769852,-31.997517,-150,0,0
-29.769852,-31.997517,-150,0,0
-30.769852,-31.997517,-150,0,0
-31.769852,-31.997517,-150,0,0
-32.76985,-31.997517,-150,0,0
-33.76985,-31.997517,-150,0,0
-34.76985,-31.997517,-150,0,0
-35.76985,-31.997517,-150,0,0
-36.76985,-31.997517,-150,0,0
-37.76985,-31.997517,-150,0,0
-38.76985,-31.997517,-150,0,0
-39.76985,-31.997517,-150,0,0
-40.76985,-31.997517,-150,0,0
-41.76985,-31.997517,-150,0,0
-42.76985,-31.997517,-150,0,0
-43.76985,-31.997517,-150,0,0
-44.76985,-31.997517,-150,0,0
-45.76985,-31.997517,-150,0,0
-46.76985,-31.997517,-150,0,0
-47.76985,-31.997517,-150,0,0
-48.76985,-31.997517,-150,0,0
-49.76985,-31.997517,-150,0,0
49.23015,-32.997517,-150,0,0
48.23015,-32.997517,-150,0,0
47.23015,-32.997517,-150,0,0
46.23015,-32.997517,-150,0,0
45.23015,-32.997517,-150,0,0
44.23015,-32.997517,-150,0,0
43.23015,-32.997517,-150,0,0
42.23015,-32.997517,-150,0,0
41.23015,-32.997517,-150,0,0
40.23015,-32.997517,-150,0,0
39.23015,-32.997517,-150,0,0
38.23015,-32.997517,-150,0,0
37.23015,-32.997517,-150,0,0
36.23015,-32.997517,-150,0,0
35.23015,-32.997517,-150,0,0
34.23015,-32.997517,-150,0,0
33.23015,-32.997517,-150,0,0
32.23015,-32.997517,-150,0,0
31.230148,-32.997517,-150,0,0
30.230148,-32.997517,-150,0,0
29.230148,-32.997517,-150,0,0
28.230148,-32.997517,-150,0,0
27.230148,-32.997517,-150,0,0
26.230148,-32.997517,-150,0,0
25.230148,-32.997517,-150,0,0
24.230148,-32.997517,-150,0,0
23.230148,-32.997517,-150,0,0
22.230148,-32.997517,-150,0,0
21.230148,-32.997517,-150,0,0
20.230148,-32.997517,-150,0,0
19.230148,-32.997517,-150,0,0
18.230148,-32.997517,-150,0,0
17.230148,-32.997517,-150,0,0
16.230148,-32.997517,-150,0,0
15.230148,-32.997517,-150,0,0
14.230148,-32.997517,-150,0,0
13.230148,-32.997517,-150,0,0
12.230148,-32.997517,-150,0,0
11.230148,-32.997517,-150,0,0
10.230148,-32.997517,-150,0,0
9.230148,-32.997517,-150,0,0
8.230148,-32.997517,-150,0,0
7.2301483,-32.997517,-150,0,0
6.2301483,-32.997517,-150,0,0
5.2301483,-32.997517,-150,0,0
4.2301483,-32.997517,-150,0,0
3.2301483,-32.997517,-150,0,0
2.2301483,-32.997517,-150,0,0
1.2301483,-32.997517,-150,0,0
0.23014832,-32.997517,-150,0,0
-0.7698517,-32.997517,-150,0,0
-1.7698517,-32.997517,-150,0,0
-2.7698517,-32.997517,-150,0,0
-3.7698517,-32.997517,-150,0,0
-4.7698517,-32.997517,-150,0,0
-5.7698517,-32.997517,-150,0,0
-6.7698517,-32.997517,-150,0,0
-7.7698517,-32.997517,-150,0,0
-8.769852,-32.997517,-150,0,0
-9.769852,-32.997517,-150,0,0
-10.769852,-32.997517,-150,0,0
-11.769852,-32.997517,-150,0,0
-12.769852,-32.997517,-150,0,0
-13.769852,-32.997517,-150,0,0
-14.769852,-32.997517,-150,0,0
-15.769852,-32.997517,-150,0,0
-16.769852,-32.997517,-150,0,0
-17.769852,-32.997517,-150,0,0
-18.769852,-32.997517,-150,0,0
-19.769852,-32.997517,-150,0,0
-20.769852,-32.997517,-150,0,0
-21.769852,-32.997517,-150,0,0
-22.769852,-32.997517,-150,0,0
-23.769852,-32.997517,-150,0,0
-24.769852,-32.997517,-150,0,0
-25.769852,-32.997517,-150,0,0
-26.769852,-32.997517,-150,0,0
-27.769852,-32.997517,-150,0,0
-28.769852,-32.997517,-150,0,0
-29.769852,-32.997517,-150,0,0
-30.769852,-32.997517,-150,0,0
-31.769852,-32.997517,-150,0,0
-32.76985,-32.997517,-150,0,0
-33.76985,-32.997517,-150,0,0
-34.76985,-32.997517,-150,0,0
-35.76985,-32.997517,-150,0,0
-36.76985,-32.997517,-150,0,0
-37.76985,-32.997517,-150,0,0
-38.76985,-32.997517,-150,0,0
-39.76985,-32.997517,-150,0,0
-40.76985,-32.997517,-150,0,0
-41.76985,-32.997517,-150,0,0
-42.76985,-32.997517,-150,0,0
-43.76985,-32.997517,-150,0,0
-44.76985,-32.997517,-150,0,0
-45.76985,-32.997517,-150,0,0
-46.76985,-32.997517,-150,0,0
-47.76985,-32.997517,-150,0,0
-48.76985,-32.997517,-150,0,0
-49.76985,-32.997517,-150,0,0
49.23015,-33.997517,-150,0,0
48.23015,-33.997517,-150,0,0
47.23015,-33.997517,-150,0,0
46.23015,-33.997517,-150,0,0
45.23015,-33.997517,-150,0,0
44.23015,-33.997517,-150,0,0
43.23015,-33.997517,-150,0,0
42.23015,-33.997517,-150,0,0
41.23015,-33.997517,-150,0,0
40.23015,-33.997517,-150,0,0
39.23015,-33.997517,-150,0,0
38.23015,-33.997517,-150,0,0
37.23015,-33.997517,-150,0,0
36.23015,-33.997517,-150,0,0
35.23015,-33.997517,-150,0,0
34.23015,-33.997517,-150,0,0
33.23015,-33.997517,-150,0,0
32.23015,-33.997517,-150,0,0
31.230148,-33.997517,-150,0,0
30.230148,-33.997517,-150,0,0
29.230148,-33.997517,-150,0,0
28.230148,-33.997517,-150,0,0
27.230148,-33.997517,-150,0,0
26.230148,-33.997517,-150,0,0
25.230148,-33.997517,-150,0,0
24.230148,-33.997517,-150,0,0
23.230148,-33.997517,-150,0,0
22.230148,-33.997517,-150,0,0
21.230148,-33.997517,-150,0,0
20.230148,-33.997517,-150,0,0
19.230148,-33.997517,-150,0,0
18.230148,-33.997517,-150,0,0
17.230148,-33.997517,-150,0,0
16.230148,-33.997517,-150,0,0
15.230148,-33.997517,-150,0,0
14.230148,-33.997517,-150,0,0
13.230148,-33.997517,-150,0,0
12.230148,-33.997517,-150,0,0
11.230148,-33.997517,-150,0,0
10.230148,-33.997517,-150,0,0
9.230148,-33.997517,-150,0,0
8.230148,-33.997517,-150,0,0
7.2301483,-33.997517,-150,0,0
6.2301483,-33.997517,-150,0,0
5.2301483,-33.997517,-150,0,0
4.2301483,-33.997517,-150,0,0
3.2301483,-33.997517,-150,0,0
2.2301483,-33.997517,-150,0,0
1.2301483,-33.997517,-150,0,0
0.23014832,-33.997517,-150,0,0
-0.7698517,-33.997517,-150,0,0
-1.7698517,-33.997517,-150,0,0
-2.7698517,-33.997517,-150,0,0
-3.7698517,-33.997517,-150,0,0
-4.7698517,-33.997517,-150,0,0
-5.7698517,-33.997517,-150,0,0
-6.7698517,-33.997517,-150,0,0
-7.7698517,-33.997517,-150,0,0
-8.769852,-33.997517,-150,0,0
-9.769852,-33.997517,-150,0,0
-10.769852,-33.997517,-150,0,0
-11.769852,-33.997517,-150,0,0
-12.769852,-33.997517,-150,0,0
-13.769852,-33.997517,-150,0,0
-14.769852,-33.997517,-150,0,0
-15.769852,-33.997517,-150,0,0
-16.769852,-33.997517,-150,0,0
-17.769852,-33.997517,-150,0,0
-18.769852,-33.997517,-150,0,0
-19.769852,-33.997517,-150,0,0
-20.769852,-33.997517,-150,0,0
-21.769852,-33.997517,-150,0,0
-22.769852,-33.997517,-150,0,0
-23.769852,-33.997517,-150,0,0
-24.769852,-33.997517,-150,0,0
-25.769852,-33.997517,-150,0,0
-26.769852,-33.997517,-150,0,0
-27.769852,-33.997517,-150,0,0
-28.769852,-33.997517,-150,0,0
-29.769852,-33.997517,-150,0,0
-30.769852,-33.997517,-150,0,0
-31.769852,-33.997517,-150,0,0
-32.76985,-33.997517,-150,0,0
-33.76985,-33.997517,-150,0,0
-34.76985,-33.997517,-150,0,0
-35.76985,-33.997517,-150,0,0
-36.76985,-33.997517,-150,0,0
-37.76985,-33.997517,-150,0,0
-38.76985,-33.997517,-150,0,0
-39.76985,-33.997517,-150,0,0
-40.76985,-33.997517,-150,0,0
-41.76985,-33.997517,-150,0,0
-42.76985,-33.997517,-150,0,0
-43.76985,-33.997517,-150,0,0
-44.76985,-33.997517,-150,0,0
-45.76985,-33.997517,-150,0,0
-46.76985,-33.997517,-150,0,0
-47.76985,-33.997517,-150,0,0
-48.76985,-33.997517,-150,0,0
-49.76985,-33.997517,-150,0,0
49.23015,-34.997517,-150,0,0
48.23015,-34.997517,-150,0,0
47.23015,-34.997517,-150,0,0
46.23015,-34.997517,-150,0,0
45.23015,-34.997517,-150,0,0
44.23015,-34.997517,-150,0,0
43.23015,-34.997517,-150,0,0
42.23015,-34.997517,-150,0,0
41.23015,-34.997517,-150,0,0
40.23015,-34.997517,-150,0,0
39.23015,-34.997517,-150,0,0
38.23015,-34.997517,-150,0,0
37.23015,-34.997517,-150,0,0
36.23015,-34.997517,-150,0,0
35.23015,-34.997517,-150,0,0
34.23015,-34.997517,-150,0,0
33.23015,-34.997517,-150,0,0
32.23015,-34.997517,-150,0,0
31.230148,-34.997517,-150,0,0
30.230148,-34.997517,-150,0,0
29.230148,-34.997517,-150,0,0
28.230148,-34.997517,-150,0,0
27.230148,-34.997517,-150,0,0
26.230148,-34.997517,-150,0,0
25.230148,-34.997517,-150,0,0
24.230148,-34.997517,-150,0,0
23.230148,-34.997517,-150,0,0
22.230148,-34.997517,-150,0,0
21.230148,-34.997517,-150,0,0
20.230148,-34.997517,-150,0,0
19.230148,-34.997517,-150,0,0
18.230148,-34.997517,-150,0,0
17.230148,-34.997517,-150,0,0
16.230148,-34.997517,-150,0,0
15.230148,-34.997517,-150,0,0
14.230148,-34.997517,-150,0,0
13.230148,-34.997517,-150,0,0
12.230148,-34.997517,-150,0,0
11.230148,-34.997517,-150,0,0
10.230148,-34.997517,-150,0,0
9.230148,-34.997517,-150,0,0
8.230148,-34.997517,-150,0,0
7.2301483,-34.997517,-150,0,0
6.2301483,-34.997517,-150,0,0
5.2301483,-34.997517,-150,0,0
4.2301483,-34.997517,-150,0,0
3.2301483,-34.997517,-150,0,0
2.2301483,-34.997517,-150,0,0
1.2301483,-34.997517,-150,0,0
0.23014832,-34.997517,-150,0,0
-0.7698517,-34.997517,-150,0,0
-1.7698517,-34.997517,-150,0,0
-2.7698517,-34.997517,-150,0,0
-3.7698517,-34.997517,-150,0,0
-4.7698517,-34.997517,-150,0,0
-5.7698517,-34.997517,-150,0,0
-6.7698517,-34.997517,-150,0,0
-7.7698517,-34.997517,-150,0,0
-8.769852,-34.997517,-150,0,0
-9.769852,-34.997517,-150,0,0
-10.769852,-34.997517,-150,0,0
-11.769852,-34.997517,-150,0,0
-12.769852,-34.997517,-150,0,0
-13.769852,-34.997517,-150,0,0
-14.769852,-34.997517,-150,0,0
-15.769852,-34.997517,-150,0,0
-16.769852,-34.997517,-150,0,0
-17.769852,-34.997517,-150,0,0
-18.769852,-34.997517,-150,0,0
-19.769852,-34.997517,-150,0,0
-20.769852,-34.997517,-150,0,0
-21.769852,-34.997517,-150,0,0
-22.769852,-34.997517,-150,0,0
-23.769852,-34.997517,-150,0,0
-24.769852,-34.997517,-150,0,0
-25.769852,-34.997517,-150,0,0
-26.769852,-34.997517,-150,0,0
-27.769852,-34.997517,-150,0,0
-28.769852,-34.997517,-150,0,0
-29.769852,-34.997517,-150,0,0
-30.769852,-34.997517,-150,0,0
-31.769852,-34.997517,-150,0,0
-32.76985,-34.997517,-150,0,0
-33.76985,-34.997517,-150,0,0
-34.76985,-34.997517,-150,0,0
-35.76985,-34.997517,-150,0,0
-36.76985,-34.997517,-150,0,0
-37.76985,-34.997517,-150,0,0
-38.76985,-34.997517,-150,0,0
-39.76985,-34.997517,-150,0,0
-40.76985,-34.997517,-150,0,0
-41.76985,-34.997517,-150,0,0
-42.76985,-34.997517,-150,0,0
-43.76985,-34.997517,-150,0,0
-44.76985,-34.997517,-150,0,0
-45.76985,-34.997517,-150,0,0
-46.76985,-34.997517,-150,0,0
-47.76985,-34.997517,-150,0,0
-48.76985,-34.997517,-150,0,0
-49.76985,-34.997517,-150,0,0
49.23015,-35.997517,-150,0,0
48.23015,-35.997517,-150,0,0
47.23015,-35.997517,-150,0,0
46.23015,-35.997517,-150,0,0
45.23015,-35.997517,-150,0,0
44.23015,-35.997517,-150,0,0
43.23015,-35.997517,-150,0,0
42.23015,-35.997517,-150,0,0
41.23015,-35.997517,-150,0,0
40.23015,-35.997517,-150,0,0
39.23015,-35.997517,-150,0,0
38.23015,-35.997517,-150,0,0
37.23015,-35.997517,-150,0,0
36.23015,-35.997517,-150,0,0
35.23015,-35.997517,-150,0,0
34.23015,-35.997517,-150,0,0
33.23015,-35.997517,-150,0,0
32.23015,-35.997517,-150,0,0
31.230148,-35.997517,-150,0,0
30.230148,-35.997517,-150,0,0
29.230148,-35.997517,-150,0,0
28.230148,-35.997517,-150,0,0
27.230148,-35.997517,-150,0,0
26.230148,-35.997517,-150,0,0
25.230148,-35.997517,-150,0,0
24.230148,-35.997517,-150,0,0
23.230148,-35.997517,-150,0,0
22.230148,-35.997517,-150,0,0
21.230148,-35.997517,-150,0,0
20.230148,-35.997517,-150,0,0
19.230148,-35.997517,-150,0,0
18.230148,-35.997517,-150,0,0
17.230148,-35.997517,-150,0,0
16.230148,-35.997517,-150,0,0
15.230148,-35.997517,-150,0,0
14.230148,-35.997517,-150,0,0
13.230148,-35.997517,-150,0,0
12.230148,-35.997517,-150,0,0
11.230148,-35.997517,-150,0,0
10.230148,-35.997517,-150,0,0
9.230148,-35.997517,-150,0,0
8.230148,-35.997517,-150,0,0
7.2301483,-35.997517,-150,0,0
6.2301483,-35.997517,-150,0,0
5.2301483,-35.997517,-150,0,0
4.2301483,-35.997517,-150,0,0
3.2301483,-35.997517,-150,0,0
2.2301483,-35.997517,-150,0,0
1.2301483,-35.997517,-150,0,0
0.23014832,-35.997517,-150,0,0
-0.7698517,-35.997517,-150,0,0
-1.7698517,-35.997517,-150,0,0
-2.7698517,-35.997517,-150,0,0
-3.7698517,-35.997517,-150,0,0
-4.7698517,-35.997517,-150,0,0
-5.7698517,-35.997517,-150,0,0
-6.7698517,-35.997517,-150,0,0
-7.7698517,-35.997517,-150,0,0
-8.769852,-35.997517,-150,0,0
-9.769852,-35.997517,-150,0,0
-10.769852,-35.997517,-150,0,0
-11.769852,-35.997517,-150,0,0
-12.769852,-35.997517,-150,0,0
-13.769852,-35.997517,-150,0,0
-14.769852,-35.997517,-150,0,0
-15.769852,-35.997517,-150,0,0
-16.769852,-35.997517,-150,0,0
-17.769852,-35.997517,-150,0,0
-18.769852,-35.997517,-150,0,0
-19.769852,-35.997517,-150,0,0
-20.769852,-35.997517,-150,0,0
-21.769852,-35.997517,-150,0,0
-22.769852,-35.997517,-150,0,0
-23.769852,-35.997517,-150,0,0
-24.769852,-35.997517,-150,0,0
-25.769852,-35.997517,-150,0,0
-26.769852,-35.997517,-150,0,0
-27.769852,-35.997517,-150,0,0
-28.769852,-35.997517,-150,0,0
-29.769852,-35.997517,-150,0,0
-30.769852,-35.997517,-150,0,0
-31.769852,-35.997517,-150,0,0
-32.76985,-35.997517,-150,0,0
-33.76985,-35.997517,-150,0,0
-34.76985,-35.997517,-150,0,0
-35.76985,-35.997517,-150,0,0
-36.76985,-35.997517,-150,0,0
-37.76985,-35.997517,-150,0,0
-38.76985,-35.997517,-150,0,0
-39.76985,-35.997517,-150,0,0
-40.76985,-35.997517,-150,0,0
-41.76985,-35.997517,-150,0,0
-42.76985,-35.997517,-150,0,0
-43.76985,-35.997517,-150,0,0
-44.76985,-35.997517,-150,0,0
-45.76985,-35.997517,-150,0,0
-46.76985,-35.997517,-150,0,0
-47.76985,-35.997517,-150,0,0
-48.76985,-35.997517,-150,0,0
-49.76985,-35.997517,-150,0,0
49.23015,-36.997517,-150,0,0
48.23015,-36.997517,-150,0,0
47.23015,-36.997517,-150,0,0
46.23015,-36.997517,-150,0,0
45.23015,-36.997517,-150,0,0
44.23015,-36.997517,-150,0,0
43.23015,-36.997517,-150,0,0
42.23015,-36.997517,-150,0,0
41.23015,-36.997517,-150,0,0
40.23015,-36.997517,-150,0,0
39.23015,-36.997517,-150,0,0
38.23015,-36.997517,-150,0,0
37.23015,-36.997517,-150,0,0
36.23015,-36.997517,-150,0,0
35.23015,-36.997517,-150,0,0
34.23015,-36.997517,-150,0,0
33.23015,-36.997517,-150,0,0
32.23015,-36.997517,-150,0,0
31.230148,-36.997517,-150,0,0
30.230148,-36.997517,-150,0,0
29.230148,-36.997517,-150,0,0
28.230148,-36.997517,-150,0,0
27.230148,-36.997517,-150,0,0
26.230148,-36.997517,-150,0,0
25.230148,-36.997517,-150,0,0
24.230148,-36.997517,-150,0,0
23.230148,-36.997517,-150,0,0
22.230148,-36.997517,-150,0,0
21.230148,-36.997517,-150,0,0
20.230148,-36.997517,-150,0,0
19.230148,-36.997517,-150,0,0
18.230148,-36.997517,-150,0,0
17.230148,-36.997517,-150,0,0
16.230148,-36.997517,-150,0,0
15.230148,-36.997517,-150,0,0
14.230148,-36.997517,-150,0,0
13.230148,-36.997517,-150,0,0
12.230148,-36.997517,-150,0,0
11.230148,-36.997517,-150,0,0
10.230148,-36.997517,-150,0,0
9.230148,-36.997517,-150,0,0
8.230148,-36.997517,-150,0,0
7.2301483,-36.997517,-150,0,0
6.2301483,-36.997517,-150,0,0
5.2301483,-36.997517,-150,0,0
4.2301483,-36.997517,-150,0,0
3.2301483,-36.997517,-150,0,0
2.2301483,-36.997517,-150,0,0
1.2301483,-36.997517,-150,0,0
0.23014832,-36.997517,-150,0,0
-0.7698517,-36.997517,-150,0,0
-1.7698517,-36.997517,-150,0,0
-2.7698517,-36.997517,-150,0,0
-3.7698517,-36.997517,-150,0,0
-4.7698517,-36.997517,-150,0,0
-5.7698517,-36.997517,-150,0,0
-6.7698517,-36.997517,-150,0,0
-7.7698517,-36.997517,-150,0,0
-8.769852,-36.997517,-150,0,0
-9.769852,-36.997517,-150,0,0
-10.769852,-36.997517,-150,0,0
-11.769852,-36.997517,-150,0,0
-12.769852,-36.997517,-150,0,0
-13.769852,-36.997517,-150,0,0
-14.769852,-36.997517,-150,0,0
-15.769852,-36.997517,-150,0,0
-16.769852,-36.997517,-150,0,0
-17.769852,-36.997517,-150,0,0
-18.769852,-36.997517,-150,0,0
-19.769852,-36.997517,-150,0,0
-20.769852,-36.997517,-150,0,0
-21.769852,-36.997517,-150,0,0
-22.769852,-36.997517,-150,0,0
-23.769852,-36.997517,-150,0,0
-24.769852,-36.997517,-150,0,0
-25.769852,-36.997517,-150,0,0
-26.769852,-36.997517,-150,0,0
-27.769852,-36.997517,-150,0,0
-28.769852,-36.997517,-150,0,0
-29.769852,-36.997517,-150,0,0
-30.769852,-36.997517,-150,0,0
-31.769852,-36.997517,-150,0,0
-32.76985,-36.997517,-150,0,0
-33.76985,-36.997517,-150,0,0
-34.76985,-36.997517,-150,0,0
-35.76985,-36.997517,-150,0,0
-36.76985,-36.997517,-150,0,0
-37.76985,-36.997517,-150,0,0
-38.76985,-36.997517,-150,0,0
-39.76985,-36.997517,-150,0,0
-40.76985,-36.997517,-150,0,0
-41.76985,-36.997517,-150,0,0
-42.76985,-36.997517,-150,0,0
-43.76985,-36.997517,-150,0,0
-44.76985,-36.997517,-150,0,0
-45.76985,-36.997517,-150,0,0
-46.76985,-36.997517,-150,0,0
-47.76985,-36.997517,-150,0,0
-48.76985,-36.997517,-150,0,0
-49.76985,-36.997517,-150,0,0
49.23015,-37.997517,-150,0,0
48.23015,-37.997517,-150,0,0
47.23015,-37.997517,-150,0,0
46.23015,-37.997517,-150,0,0
45.23015,-37.997517,-150,0,0
44.23015,-37.997517,-150,0,0
43.23015,-37.997517,-150,0,0
42.23015,-37.997517,-150,0,0
41.23015,-37.997517,-150,0,0
40.23015,-37.997517,-150,0,0
39.23015,-37.997517,-150,0,0
38.23015,-37.997517,-150,0,0
37.23015,-37.997517,-150,0,0
36.23015,-37.997517,-150,0,0
35.23015,-37.997517,-150,0,0
34.23015,-37.997517,-150,0,0
33.23015,-37.997517,-150,0,0
32.23015,-37.997517,-150,0,0
31.230148,-37.997517,-150,0,0
30.230148,-37.997517,-150,0,0
29.230148,-37.997517,-150,0,0
28.230148,-37.997517,-150,0,0
27.230148,-37.997517,-150,0,0
26.230148,-37.997517,-150,0,0
25.230148,-37.997517,-150,0,0
24.230148,-37.997517,-150,0,0
23.230148,-37.997517,-150,0,0
22.230148,-37.997517,-150,0,0
21.230148,-37.997517,-150,0,0
20.230148,-37.997517,-150,0,0
19.230148,-37.997517,-150,0,0
18.230148,-37.997517,-150,0,0
17.230148,-37.997517,-150,0,0
16.230148,-37.997517,-150,0,0
15.230148,-37.997517,-150,0,0
14.230148,-37.997517,-150,0,0
13.230148,-37.997517,-150,0,0
12.230148,-37.997517,-150,0,0
11.230148,-37.997517,-150,0,0
10.230148,-37.997517,-150,0,0
9.230148,-37.997517,-150,0,0
8.230148,-37.997517,-150,0,0
7.2301483,-37.997517,-150,0,0
6.2301483,-37.997517,-150,0,0
5.2301483,-37.997517,-150,0,0
4.2301483,-37.997517,-150,0,0
3.2301483,-37.997517,-150,0,0
2.2301483,-37.997517,-150,0,0
1.2301483,-37.997517,-150,0,0
0.23014832,-37.997517,-150,0,0
-0.7698517,-37.997517,-150,0,0
-1.7698517,-37.997517,-150,0,0
-2.7698517,-37.997517,-150,0,0
-3.7698517,-37.997517,-150,0,0
-4.7698517,-37.997517,-150,0,0
-5.7698517,-37.997517,-150,0,0
-6.7698517,-37.997517,-150,0,0
-7.7698517,-37.997517,-150,0,0
-8.769852,-37.997517,-150,0,0
-9.769852,-37.997517,-150,0,0
-10.769852,-37.997517,-150,0,0
-11.769852,-37.997517,-150,0,0
-12.769852,-37.997517,-150,0,0
-13.769852,-37.997517,-150,0,0
-14.769852,-37.997517,-150,0,0
-15.769852,-37.997517,-150,0,0
-16.769852,-37.997517,-150,0,0
-17.769852,-37.997517,-150,0,0
-18.769852,-37.997517,-150,0,0
-19.769852,-37.997517,-150,0,0
-20.769852,-37.997517,-150,0,0
-21.769852,-37.997517,-150,0,0
-22.769852,-37.997517,-150,0,0
-23.769852,-37.997517,-150,0,0
-24.769852,-37.997517,-150,0,0
-25.769852,-37.997517,-150,0,0
-26.769852,-37.997517,-150,0,0
-27.769852,-37.997517,-150,0,0
-28.769852,-37.997517,-150,0,0
-29.769852,-37.997517,-150,0,0
-30.769852,-37.997517,-150,0,0
-31.769852,-37.997517,-150,0,0
-32.76985,-37.997517,-150,0,0
-33.76985,-37.997517,-150,0,0
-34.76985,-37.997517,-150,0,0
-35.76985,-37.997517,-150,0,0
-36.76985,-37.997517,-150,0,0
-37.76985,-37.997517,-150,0,0
-38.76985,-37.997517,-150,0,0
-39.76985,-37.997517,-150,0,0
-40.76985,-37.997517,-150,0,0
-41.76985,-37.997517,-150,0,0
-42.76985,-37.997517,-150,0,0
-43.76985,-37.997517,-150,0,0
-44.76985,-37.997517,-150,0,0
-45.76985,-37.997517,-150,0,0
-46.76985,-37.997517,-150,0,0
-47.76985,-37.997517,-150,0,0
-48.76985,-37.997517,-150,0,0
-49.76985,-37.997517,-150,0,0
49.23015,-38.997517,-150,0,0
48.23015,-38.997517,-150,0,0
47.23015,-38.997517,-150,0,0
46.23015,-38.997517,-150,0,0
45.23015,-38.997517,-150,0,0
44.23015,-38.997517,-150,0,0
43.23015,-38.997517,-150,0,0
42.23015,-38.997517,-150,0,0
41.23015,-38.997517,-150,0,0
40.23015,-38.997517,-150,0,0
39.23015,-38.997517,-150,0,0
38.23015,-38.997517,-150,0,0
37.23015,-38.997517,-150,0,0
36.23015,-38.997517,-150,0,0
35.23015,-38.997517,-150,0,0
34.23015,-38.997517,-150,0,0
33.23015,-38.997517,-150,0,0
32.23015,-38.997517,-150,0,0
31.230148,-38.997517,-150,0,0
30.230148,-38.997517,-150,0,0
29.230148,-38.997517,-150,0,0
28.230148,-38.997517,-150,0,0
27.230148,-38.997517,-150,0,0
26.230148,-38.997517,-150,0,0
25.230148,-38.997517,-150,0,0
24.230148,-38.997517,-150,0,0
23.230148,-38.997517,-150,0,0
22.230148,-38.997517,-150,0,0
21.230148,-38.997517,-150,0,0
20.230148,-38.997517,-150,0,0
19.230148,-38.997517,-150,0,0
18.230148,-38.997517,-150,0,0
17.230148,-38.997517,-150,0,0
16.230148,-38.997517,-150,0,0
15.230148,-38.997517,-150,0,0
14.230148,-38.997517,-150,0,0
13.230148,-38.997517,-150,0,0
12.230148,-38.997517,-150,0,0
11.230148,-38.997517,-150,0,0
10.230148,-38.997517,-150,0,0
9.230148,-38.997517,-150,0,0
8.230148,-38.997517,-150,0,0
7.2301483,-38.997517,-150,0,0
6.2301483,-38.997517,-150,0,0
5.2301483,-38.997517,-150,0,0
4.2301483,-38.997517,-150,0,0
3.2301483,-38.997517,-150,0,0
2.2301483,-38.997517,-150,0,0
1.2301483,-38.997517,-150,0,0
0.23014832,-38.997517,-150,0,0
-0.7698517,-38.997517,-150,0,0
-1.7698517,-38.997517,-150,0,0
-2.7698517,-38.997517,-150,0,0
-3.7698517,-38.997517,-150,0,0
-4.7698517,-38.997517,-150,0,0
-5.7698517,-38.997517,-150,0,0
-6.7698517,-38.997517,-150,0,0
-7.7698517,-38.997517,-150,0,0
-8.769852,-38.997517,-150,0,0
-9.769852,-38.997517,-150,0,0
-10.769852,-38.997517,-150,0,0
-11.769852,-38.997517,-150,0,0
-12.769852,-38.997517,-150,0,0
-13.769852,-38.997517,-150,0,0
-14.769852,-38.997517,-150,0,0
-15.769852,-38.997517,-150,0,0
-16.769852,-38.997517,-150,0,0
-17.769852,-38.997517,-150,0,0
-18.769852,-38.997517,-150,0,0
-19.769852,-38.997517,-150,0,0
-20.769852,-38.997517,-150,0,0
-21.769852,-38.997517,-150,0,0
-22.769852,-38.997517,-150,0,0
-23.769852,-38.997517,-150,0,0
-24.769852,-38.997517,-150,0,0
-25.769852,-38.997517,-150,0,0
-26.769852,-38.997517,-150,0,0
-27.769852,-38.997517,-150,0,0
-28.769852,-38.997517,-150,0,0
-29.769852,-38.997517,-150,0,0
-30.769852,-38.997517,-150,0,0
-31.769852,-38.997517,-150,0,0
-32.76985,-38.997517,-150,0,0
-33.76985,-38.997517,-150,0,0
-34.76985,-38.997517,-150,0,0
-35.76985,-38.997517,-150,0,0
-36.76985,-38.997517,-150,0,0
-37.76985,-38.997517,-150,0,0
-38.76985,-38.997517,-150,0,0
-39.76985,-38.997517,-150,0,0
-40.76985,-38.997517,-150,0,0
-41.76985,-38.997517,-150,0,0
-42.76985,-38.997517,-150,0,0
-43.76985,-38.997517,-150,0,0
-44.76985,-38.997517,-150,0,0
-45.76985,-38.997517,-150,0,0
-46.76985,-38.997517,-150,0,0
-47.76985,-38.997517,-150,0,0
-48.76985,-38.997517,-150,0,0
-49.76985,-38.997517,-150,0,0
49.23015,-39.997517,-150,0,0
48.23015,-39.997517,-150,0,0
47.23015,-39.997517,-150,0,0
46.23015,-39.997517,-150,0,0
45.23015,-39.997517,-150,0,0
44.23015,-39.997517,-150,0,0
43.23015,-39.997517,-150,0,0
42.23015,-39.997517,-150,0,0
41.23015,-39.997517,-150,0,0
40.23015,-39.997517,-150,0,0
39.23015,-39.997517,-150,0,0
38.23015,-39.997517,-150,0,0
37.23015,-39.997517,-150,0,0
36.23015,-39.997517,-150,0,0
35.23015,-39.997517,-150,0,0
34.23015,-39.997517,-150,0,0
33.23015,-39.997517,-150,0,0
32.23015,-39.997517,-150,0,0
31.230148,-39.997517,-150,0,0
30.230148,-39.997517,-150,0,0
29.230148,-39.997517,-150,0,0
28.230148,-39.997517,-150,0,0
27.230148,-39.997517,-150,0,0
26.230148,-39.997517,-150,0,0
25.230148,-39.997517,-150,0,0
24.230148,-39.997517,-150,0,0
23.230148,-39.997517,-150,0,0
22.230148,-39.997517,-150,0,0
21.230148,-39.997517,-150,0,0
20.230148,-39.997517,-150,0,0
19.230148,-39.997517,-150,0,0
18.230148,-39.997517,-150,0,0
17.230148,-39.997517,-150,0,0
16.230148,-39.997517,-150,0,0
15.230148,-39.997517,-150,0,0
14.230148,-39.997517,-150,0,0
13.230148,-39.997517,-150,0,0
12.230148,-39.997517,-150,0,0
11.230148,-39.997517,-150,0,0
10.230148,-39.997517,-150,0,0
9.230148,-39.997517,-150,0,0
8.230148,-39.997517,-150,0,0
7.2301483,-39.997517,-150,0,0
6.2301483,-39.997517,-150,0,0
5.2301483,-39.997517,-150,0,0
4.2301483,-39.997517,-150,0,0
3.2301483,-39.997517,-150,0,0
2.2301483,-39.997517,-150,0,0
1.2301483,-39.997517,-150,0,0
0.23014832,-39.997517,-150,0,0
-0.7698517,-39.997517,-150,0,0
-1.7698517,-39.997517,-150,0,0
-2.7698517,-39.997517,-150,0,0
-3.7698517,-39.997517,-150,0,0
-4.7698517,-39.997517,-150,0,0
-5.7698517,-39.997517,-150,0,0
-6.7698517,-39.997517,-150,0,0
-7.7698517,-39.997517,-150,0,0
-8.769852,-39.997517,-150,0,0
-9.769852,-39.997517,-150,0,0
-10.769852,-39.997517,-150,0,0
-11.769852,-39.997517,-150,0,0
-12.769852,-39.997517,-150,0,0
-13.769852,-39.997517,-150,0,0
-14.769852,-39.997517,-150,0,0
-15.769852,-39.997517,-150,0,0
-16.769852,-39.997517,-150,0,0
-17.769852,-39.997517,-150,0,0
-18.769852,-39.997517,-150,0,0
-19.769852,-39.997517,-150,0,0
-20.769852,-39.997517,-150,0,0
-21.769852,-39.997517,-150,0,0
-22.769852,-39.997517,-150,0,0
-23.769852,-39.997517,-150,0,0
-24.769852,-39.997517,-150,0,0
-25.769852,-39.997517,-150,0,0
-26.769852,-39.997517,-150,0,0
-27.769852,-39.997517,-150,0,0
-28.769852,-39.997517,-150,0,0
-29.769852,-39.997517,-150,0,0
-30.769852,-39.997517,-150,0,0
-31.769852,-39.997517,-150,0,0
-32.76985,-39.997517,-150,0,0
-33.76985,-39.997517,-150,0,0
-34.76985,-39.997517,-150,0,0
-35.76985,-39.997517,-150,0,0
-36.76985,-39.997517,-150,0,0
-37.76985,-39.997517,-150,0,0
-38.76985,-39.997517,-150,0,0
-39.76985,-39.997517,-150,0,0
-40.76985,-39.997517,-150,0,0
-41.76985,-39.997517,-150,0,0
-42.76985,-39.997517,-150,0,0
-43.76985,-39.997517,-150,0,0
-44.76985,-39.997517,-150,0,0
-45.76985,-39.997517,-150,0,0
-46.76985,-39.997517,-150,0,0
-47.76985,-39.997517,-150,0,0
-48.76985,-39.997517,-150,0,0
-49.76985,-39.997517,-150,0,0
49.23015,-40.997517,-150,0,0
48.23015,-40.997517,-150,0,0
47.23015,-40.997517,-150,0,0
46.23015,-40.997517,-150,0,0
45.23015,-40.997517,-150,0,0
44.23015,-40.997517,-150,0,0
43.23015,-40.997517,-150,0,0
42.23015,-40.997517,-150,0,0
41.23015,-40.997517,-150,0,0
40.23015,-40.997517,-150,0,0
39.23015,-40.997517,-150,0,0
38.23015,-40.997517,-150,0,0
37.23015,-40.997517,-150,0,0
36.23015,-40.997517,-150,0,0
35.23015,-40.997517,-150,0,0
34.23015,-40.997517,-150,0,0
33.23015,-40.997517,-150,0,0
32.23015,-40.997517,-150,0,0
31.230148,-40.997517,-150,0,0
30.230148,-40.997517,-150,0,0
29.230148,-40.997517,-150,0,0
28.230148,-40.997517,-150,0,0
27.230148,-40.997517,-150,0,0
26.230148,-40.997517,-150,0,0
25.230148,-40.997517,-150,0,0
24.230148,-40.997517,-150,0,0
23.230148,-40.997517,-150,0,0
22.230148,-40.997517,-150,0,0
21.230148,-40.997517,-150,0,0
20.230148,-40.997517,-150,0,0
19.230148,-40.997517,-150,0,0
18.230148,-40.997517,-150,0,0
17.230148,-40.997517,-150,0,0
16.230148,-40.997517,-150,0,0
15.230148,-40.997517,-150,0,0
14.230148,-40.997517,-150,0,0
13.230148,-40.997517,-150,0,0
12.230148,-40.997517,-150,0,0
11.230148,-40.997517,-150,0,0
10.230148,-40.997517,-150,0,0
9.230148,-40.997517,-150,0,0
8.230148,-40.997517,-150,0,0
7.2301483,-40.997517,-150,0,0
6.2301483,-40.997517,-150,0,0
5.2301483,-40.997517,-150,0,0
4.2301483,-40.997517,-150,0,0
3.2301483,-40.997517,-150,0,0
2.2301483,-40.997517,-150,0,0
1.2301483,-40.997517,-150,0,0
0.23014832,-40.997517,-150,0,0
-0.7698517,-40.997517,-150,0,0
-1.7698517,-40.997517,-150,0,0
-2.7698517,-40.997517,-150,0,0
-3.7698517,-40.997517,-150,0,0
-4.7698517,-40.997517,-150,0,0
-5.7698517,-40.997517,-150,0,0
-6.7698517,-40.997517,-150,0,0
-7.7698517,-40.997517,-150,0,0
-8.769852,-40.997517,-150,0,0
-9.769852,-40.997517,-150,0,0
-10.769852,-40.997517,-150,0,0
-11.769852,-40.997517,-150,0,0
-12.769852,-40.997517,-150,0,0
-13.769852,-40.997517,-150,0,0
-14.769852,-40.997517,-150,0,0
-15.769852,-40.997517,-150,0,0
-16.769852,-40.997517,-150,0,0
-17.769852,-40.997517,-150,0,0
-18.769852,-40.997517,-150,0,0
-19.769852,-40.997517,-150,0,0
-20.769852,-40.997517,-150,0,0
-21.769852,-40.997517,-150,0,0
-22.769852,-40.997517,-150,0,0
-23.769852,-40.997517,-150,0,0
-24.769852,-40.997517,-150,0,0
-25.769852,-40.997517,-150,0,0
-26.769852,-40.997517,-150,0,0
-27.769852,-40.997517,-150,0,0
-28.769852,-40.997517,-150,0,0
-29.769852,-40.997517,-150,0,0
-30.769852,-40.997517,-150,0,0
-31.769852,-40.997517,-150,0,0
-32.76985,-40.997517,-150,0,0
-33.76985,-40.997517,-150,0,0
-34.76985,-40.997517,-150,0,0
-35.76985,-40.997517,-150,0,0
-36.76985,-40.997517,-150,0,0
-37.76985,-40.997517,-150,0,0
-38.76985,-40.997517,-150,0,0
-39.76985,-40.997517,-150,0,0
-40.76985,-40.997517,-150,0,0
-41.76985,-40.997517,-150,0,0
-42.76985,-40.997517,-150,0,0
-43.76985,-40.997517,-150,0,0
-44.76985,-40.997517,-150,0,0
-45.76985,-40.997517,-150,0,0
-46.76985,-40.997517,-150,0,0
-47.76985,-40.997517,-150,0,0
-48.76985,-40.997517,-150,0,0
-49.76985,-40.997517,-150,0,0
49.23015,-41.997517,-150,0,0
48.23015,-41.997517,-150,0,0
47.23015,-41.997517,-150,0,0
46.23015,-41.997517,-150,0,0
45.23015,-41.997517,-150,0,0
44.23015,-41.997517,-150,0,0
43.23015,-41.997517,-150,0,0
42.23015,-41.997517,-150,0,0
41.23015,-41.997517,-150,0,0
40.23015,-41.997517,-150,0,0
39.23015,-41.997517,-150,0,0
38.23015,-41.997517,-150,0,0
37.23015,-41.997517,-150,0,0
36.23015,-41.997517,-150,0,0
35.23015,-41.997517,-150,0,0
34.23015,-41.997517,-150,0,0
33.23015,-41.997517,-150,0,0
32.23015,-41.997517,-150,0,0
31.230148,-41.997517,-150,0,0
30.230148,-41.997517,-150,0,0
29.230148,-41.997517,-150,0,0
28.230148,-41.997517,-150,0,0
27.230148,-41.997517,-150,0,0
26.230148,-41.997517,-150,0,0
25.230148,-41.997517,-150,0,0
24.230148,-41.997517,-150,0,0
23.230148,-41.997517,-150,0,0
22.230148,-41.997517,-150,0,0
21.230148,-41.997517,-150,0,0
20.230148,-41.997517,-150,0,0
19.230148,-41.997517,-150,0,0
18.230148,-41.997517,-150,0,0
17.230148,-41.997517,-150,0,0
16.230148,-41.997517,-150,0,0
15.230148,-41.997517,-150,0,0
14.230148,-41.997517,-150,0,0
13.230148,-41.997517,-150,0,0
12.230148,-41.997517,-150,0,0
11.230148,-41.997517,-150,0,0
10.230148,-41.997517,-150,0,0
9.230148,-41.997517,-150,0,0
8.230148,-41.997517,-150,0,0
7.2301483,-41.997517,-150,0,0
6.2301483,-41.997517,-150,0,0
5.2301483,-41.997517,-150,0,0
4.2301483,-41.997517,-150,0,0
3.2301483,-41.997517,-150,0,0
2.2301483,-41.997517,-150,0,0
1.2301483,-41.997517,-150,0,0
0.23014832,-41.997517,-150,0,0
-0.7698517,-41.997517,-150,0,0
-1.7698517,-41.997517,-150,0,0
-2.7698517,-41.997517,-150,0,0
-3.7698517,-41.997517,-150,0,0
-4.7698517,-41.997517,-150,0,0
-5.7698517,-41.997517,-150,0,0
-6.7698517,-41.997517,-150,0,0
-7.7698517,-41.997517,-150,0,0
-8.769852,-41.997517,-150,0,0
-9.769852,-41.997517,-150,0,0
-10.769852,-41.997517,-150,0,0
-11.769852,-41.997517,-150,0,0
-12.769852,-41.997517,-150,0,0
-13.769852,-41.997517,-150,0,0
-14.769852,-41.997517,-150,0,0
-15.769852,-41.997517,-150,0,0
-16.769852,-41.997517,-150,0,0
-17.769852,-41.997517,-150,0,0
-18.769852,-41.997517,-150,0,0
-19.769852,-41.997517,-150,0,0
-20.769852,-41.997517,-150,0,0
-21.769852,-41.997517,-150,0,0
-22.769852,-41.997517,-150,0,0
-23.769852,-41.997517,-150,0,0
-24.769852,-41.997517,-150,0,0
-25.769852,-41.997517,-150,0,0
-26.769852,-41.997517,-150,0,0
-27.769852,-41.997517,-150,0,0
-28.769852,-41.997517,-150,0,0
-29.769852,-41.997517,-150,0,0
-30.769852,-41.997517,-150,0,0
-31.769852,-41.997517,-150,0,0
-32.76985,-41.997517,-150,0,0
-33.76985,-41.997517,-150,0,0
-34.76985,-41.997517,-150,0,0
-35.76985,-41.997517,-150,0,0
-36.76985,-41.997517,-150,0,0
-37.76985,-41.997517,-150,0,0
-38.76985,-41.997517,-150,0,0
-39.76985,-41.997517,-150,0,0
-40.76985,-41.997517,-150,0,0
-41.76985,-41.997517,-150,0,0
-42.76985,-41.997517,-150,0,0
-43.76985,-41.997517,-150,0,0
-44.76985,-41.997517,-150,0,0
-45.76985,-41.997517,-150,0,0
-46.76985,-41.997517,-150,0,0
-47.76985,-41.997517,-150,0,0
-48.76985,-41.997517,-150,0,0
-49.76985,-41.997517,-150,0,0
49.23015,-42.997517,-150,0,0
48.23015,-42.997517,-150,0,0
47.23015,-42.997517,-150,0,0
46.23015,-42.997517,-150,0,0
45.23015,-42.997517,-150,0,0
44.23015,-42.997517,-150,0,0
43.23015,-42.997517,-150,0,0
42.23015,-42.997517,-150,0,0
41.23015,-42.997517,-150,0,0
40.23015,-42.997517,-150,0,0
39.23015,-42.997517,-150,0,0
38.23015,-42.997517,-150,0,0
37.23015,-42.997517,-150,0,0
36.23015,-42.997517,-150,0,0
35.23015,-42.997517,-150,0,0
34.23015,-42.997517,-150,0,0
33.23015,-42.997517,-150,0,0
32.23015,-42.997517,-150,0,0
31.230148,-42.997517,-150,0,0
30.230148,-42.997517,-150,0,0
29.230148,-42.997517,-150,0,0
28.230148,-42.997517,-150,0,0
27.230148,-42.997517,-150,0,0
26.230148,-42.997517,-150,0,0
25.230148,-42.997517,-150,0,0
24.230148,-42.997517,-150,0,0
23.230148,-42.997517,-150,0,0
22.230148,-42.997517,-150,0,0
21.230148,-42.997517,-150,0,0
20.230148,-42.997517,-150,0,0
19.230148,-42.997517,-150,0,0
18.230148,-42.997517,-150,0,0
17.230148,-42.997517,-150,0,0
16.230148,-42.997517,-150,0,0
15.230148,-42.997517,-150,0,0
14.230148,-42.997517,-150,0,0
13.230148,-42.997517,-150,0,0
12.230148,-42.997517,-150,0,0
11.230148,-42.997517,-150,0,0
10.230148,-42.997517,-150,0,0
9.230148,-42.997517,-150,0,0
8.230148,-42.997517,-150,0,0
7.2301483,-42.997517,-150,0,0
6.2301483,-42.997517,-150,0,0
5.2301483,-42.997517,-150,0,0
4.2301483,-42.997517,-150,0,0
3.2301483,-42.997517,-150,0,0
2.2301483,-42.997517,-150,0,0
1.2301483,-42.997517,-150,0,0
0.23014832,-42.997517,-150,0,0
-0.7698517,-42.997517,-150,0,0
-1.7698517,-42.997517,-150,0,0
-2.7698517,-42.997517,-150,0,0
-3.7698517,-42.997517,-150,0,0
-4.7698517,-42.997517,-150,0,0
-5.7698517,-42.997517,-150,0,0
-6.7698517,-42.997517,-150,0,0
-7.7698517,-42.997517,-150,0,0
-8.769852,-42.997517,-150,0,0
-9.769852,-42.997517,-150,0,0
-10.769852,-42.997517,-150,0,0
-11.769852,-42.997517,-150,0,0
-12.769852,-42.997517,-150,0,0
-13.769852,-42.997517,-150,0,0
-14.769852,-42.997517,-150,0,0
-15.769852,-42.997517,-150,0,0
-16.769852,-42.997517,-150,0,0
-17.769852,-42.997517,-150,0,0
-18.769852,-42.997517,-150,0,0
-19.769852,-42.997517,-150,0,0
-20.769852,-42.997517,-150,0,0
-21.769852,-42.997517,-150,0,0
-22.769852,-42.997517,-150,0,0
-23.769852,-42.997517,-150,0,0
-24.769852,-42.997517,-150,0,0
-25.769852,-42.997517,-150,0,0
-26.769852,-42.997517,-150,0,0
-27.769852,-42.997517,-150,0,0
-28.769852,-42.997517,-150,0,0
-29.769852,-42.997517,-150,0,0
-30.769852,-42.997517,-150,0,0
-31.769852,-42.997517,-150,0,0
-32.76985,-42.997517,-150,0,0
-33.76985,-42.997517,-150,0,0
-34.76985,-42.997517,-150,0,0
-35.76985,-42.997517,-150,0,0
-36.76985,-42.997517,-150,0,0
-37.76985,-42.997517,-150,0,0
-38.76985,-42.997517,-150,0,0
-39.76985,-42.997517,-150,0,0
-40.76985,-42.997517,-150,0,0
-41.76985,-42.997517,-150,0,0
-42.76985,-42.997517,-150,0,0
-43.76985,-42.997517,-150,0,0
-44.76985,-42.997517,-150,0,0
-45.76985,-42.997517,-150,0,0
-46.76985,-42.997517,-150,0,0
-47.76985,-42.997517,-150,0,0
-48.76985,-42.997517,-150,0,0
-49.76985,-42.997517,-150,0,0
49.23015,-43.997517,-150,0,0
48.23015,-43.997517,-150,0,0
47.23015,-43.997517,-150,0,0
46.23015,-43.997517,-150,0,0
45.23015,-43.997517,-150,0,0
44.23015,-43.997517,-150,0,0
43.23015,-43.997517,-150,0,0
42.23015,-43.997517,-150,0,0
41.23015,-43.997517,-150,0,0
40.23015,-43.997517,-150,0,0
39.23015,-43.997517,-150,0,0
38.23015,-43.997517,-150,0,0
37.23015,-43.997517,-150,0,0
36.23015,-43.997517,-150,0,0
35.23015,-43.997517,-150,0,0
34.23015,-43.997517,-150,0,0
33.23015,-43.997517,-150,0,0
32.23015,-43.997517,-150,0,0
31.230148,-43.997517,-150,0,0
30.230148,-43.997517,-150,0,0
29.230148,-43.997517,-150,0,0
28.230148,-43.997517,-150,0,0
27.230148,-43.997517,-150,0,0
26.230148,-43.997517,-150,0,0
25.230148,-43.997517,-150,0,0
24.230148,-43.997517,-150,0,0
23.230148,-43.997517,-150,0,0
22.230148,-43.997517,-150,0,0
21.230148,-43.997517,-150,0,0
20.230148,-43.997517,-150,0,0
19.230148,-43.997517,-150,0,0
18.230148,-43.997517,-150,0,0
17.230148,-43.997517,-150,0,0
16.230148,-43.997517,-150,0,0
15.230148,-43.997517,-150,0,0
14.230148,-43.997517,-150,0,0
13.230148,-43.997517,-150,0,0
12.230148,-43.997517,-150,0,0
11.230148,-43.997517,-150,0,0
10.230148,-43.997517,-150,0,0
9.230148,-43.997517,-150,0,0
8.230148,-43.997517,-150,0,0
7.2301483,-43.997517,-150,0,0
6.2301483,-43.997517,-150,0,0
5.2301483,-43.997517,-150,0,0
4.2301483,-43.997517,-150,0,0
3.2301483,-43.997517,-150,0,0
2.2301483,-43.997517,-150,0,0
1.2301483,-43.997517,-150,0,0
0.23014832,-43.997517,-150,0,0
-0.7698517,-43.997517,-150,0,0
-1.7698517,-43.997517,-150,0,0
-2.7698517,-43.997517,-150,0,0
-3.7698517,-43.997517,-150,0,0
-4.7698517,-43.997517,-150,0,0
-5.7698517,-43.997517,-150,0,0
-6.7698517,-43.997517,-150,0,0
-7.7698517,-43.997517,-150,0,0
-8.769852,-43.997517,-150,0,0
-9.769852,-43.997517,-150,0,0
-10.769852,-43.997517,-150,0,0
-11.769852,-43.997517,-150,0,0
-12.769852,-43.997517,-150,0,0
-13.769852,-43.997517,-150,0,0
-14.769852,-43.997517,-150,0,0
-15.769852,-43.997517,-150,0,0
-16.769852,-43.997517,-150,0,0
-17.769852,-43.997517,-150,0,0
-18.769852,-43.997517,-150,0,0
-19.769852,-43.997517,-150,0,0
-20.769852,-43.997517,-150,0,0
-21.769852,-43.997517,-150,0,0
-22.769852,-43.997517,-150,0,0
-23.769852,-43.997517,-150,0,0
-24.769852,-43.997517,-150,0,0
-25.769852,-43.997517,-150,0,0
-26.769852,-43.997517,-150,0,0
-27.769852,-43.997517,-150,0,0
-28.769852,-43.997517,-150,0,0
-29.769852,-43.997517,-150,0,0
-30.769852,-43.997517,-150,0,0
-31.769852,-43.997517,-150,0,0
-32.76985,-43.997517,-150,0,0
-33.76985,-43.997517,-150,0,0
-34.76985,-43.997517,-150,0,0
-35.76985,-43.997517,-150,0,0
-36.76985,-43.997517,-150,0,0
-37.76985,-43.997517,-150,0,0
-38.76985,-43.997517,-150,0,0
-39.76985,-43.997517,-150,0,0
-40.76985,-43.997517,-150,0,0
-41.76985,-43.997517,-150,0,0
-42.76985,-43.997517,-150,0,0
-43.76985,-43.997517,-150,0,0
-44.76985,-43.997517,-150,0,0
-45.76985,-43.997517,-150,0,0
-46.76985,-43.997517,-150,0,0
-47.76985,-43.997517,-150,0,0
-48.76985,-43.997517,-150,0,0
-49.76985,-43.997517,-150,0,0
49.23015,-44.997517,-150,0,0
48.23015,-44.997517,-150,0,0
47.23015,-44.997517,-150,0,0
46.23015,-44.997517,-150,0,0
45.23015,-44.997517,-150,0,0
44.23015,-44.997517,-150,0,0
43.23015,-44.997517,-150,0,0
42.23015,-44.997517,-150,0,0
41.23015,-44.997517,-150,0,0
40.23015,-44.997517,-150,0,0
39.23015,-44.997517,-150,0,0
38.23015,-44.997517,-150,0,0
37.23015,-44.997517,-150,0,0
36.23015,-44.997517,-150,0,0
35.23015,-44.997517,-150,0,0
34.23015,-44.997517,-150,0,0
33.23015,-44.997517,-150,0,0
32.23015,-44.997517,-150,0,0
31.230148,-44.997517,-150,0,0
30.230148,-44.997517,-150,0,0
29.230148,-44.997517,-150,0,0
28.230148,-44.997517,-150,0,0
27.230148,-44.997517,-150,0,0
26.230148,-44.997517,-150,0,0
25.230148,-44.997517,-150,0,0
24.230148,-44.997517,-150,0,0
23.230148,-44.997517,-150,0,0
22.230148,-44.997517,-150,0,0
21.230148,-44.997517,-150,0,0
20.230148,-44.997517,-150,0,0
19.230148,-44.997517,-150,0,0
18.230148,-44.997517,-150,0,0
17.230148,-44.997517,-150,0,0
16.230148,-44.997517,-150,0,0
15.230148,-44.997517,-150,0,0
14.230148,-44.997517,-150,0,0
13.230148,-44.997517,-150,0,0
12.230148,-44.997517,-150,0,0
11.230148,-44.997517,-150,0,0
10.230148,-44.997517,-150,0,0
9.230148,-44.997517,-150,0,0
8.230148,-44.997517,-150,0,0
7.2301483,-44.997517,-150,0,0
6.2301483,-44.997517,-150,0,0
5.2301483,-44.997517,-150,0,0
4.2301483,-44.997517,-150,0,0
3.2301483,-44.997517,-150,0,0
2.2301483,-44.997517,-150,0,0
1.2301483,-44.997517,-150,0,0
0.23014832,-44.997517,-150,0,0
-0.7698517,-44.997517,-150,0,0
-1.7698517,-44.997517,-150,0,0
-2.7698517,-44.997517,-150,0,0
-3.7698517,-44.997517,-150,0,0
-4.7698517,-44.997517,-150,0,0
-5.7698517,-44.997517,-150,0,0
-6.7698517,-44.997517,-150,0,0
-7.7698517,-44.997517,-150,0,0
-8.769852,-44.997517,-150,0,0
-9.769852,-44.997517,-150,0,0
-10.769852,-44.997517,-150,0,0
-11.769852,-44.997517,-150,0,0
-12.769852,-44.997517,-150,0,0
-13.769852,-44.997517,-150,0,0
-14.769852,-44.997517,-150,0,0
-15.769852,-44.997517,-150,0,0
-16.769852,-44.997517,-150,0,0
-17.769852,-44.997517,-150,0,0
-18.769852,-44.997517,-150,0,0
-19.769852,-44.997517,-150,0,0
-20.769852,-44.997517,-150,0,0
-21.769852,-44.997517,-150,0,0
-22.769852,-44.997517,-150,0,0
-23.769852,-44.997517,-150,0,0
-24.769852,-44.997517,-150,0,0
-25.769852,-44.997517,-150,0,0
-26.769852,-44.997517,-150,0,0
-27.769852,-44.997517,-150,0,0
-28.769852,-44.997517,-150,0,0
-29.769852,-44.997517,-150,0,0
-30.769852,-44.997517,-150,0,0
-31.769852,-44.997517,-150,0,0
-32.76985,-44.997517,-150,0,0
-33.76985,-44.997517,-150,0,0
-34.76985,-44.997517,-150,0,0
-35.76985,-44.997517,-150,0,0
-36.76985,-44.997517,-150,0,0
-37.76985,-44.997517,-150,0,0
-38.76985,-44.997517,-150,0,0
-39.76985,-44.997517,-150,0,0
-40.76985,-44.997517,-150,0,0
-41.76985,-44.997517,-150,0,0
-42.76985,-44.997517,-150,0,0
-43.76985,-44.997517,-150,0,0
-44.76985,-44.997517,-150,0,0
-45.76985,-44.997517,-150,0,0
-46.76985,-44.997517,-150,0,0
-47.76985,-44.997517,-150,0,0
-48.76985,-44.997517,-150,0,0
-49.76985,-44.997517,-150,0,0
49.23015,-45.997517,-150,0,0
48.23015,-45.997517,-150,0,0
47.23015,-45.997517,-150,0,0
46.23015,-45.997517,-150,0,0
45.23015,-45.997517,-150,0,0
44.23015,-45.997517,-150,0,0
43.23015,-45.997517,-150,0,0
42.23015,-45.997517,-150,0,0
41.23015,-45.997517,-150,0,0
40.23015,-45.997517,-150,0,0
39.23015,-45.997517,-150,0,0
38.23015,-45.997517,-150,0,0
37.23015,-45.997517,-150,0,0
36.23015,-45.997517,-150,0,0
35.23015,-45.997517,-150,0,0
34.23015,-45.997517,-150,0,0
33.23015,-45.997517,-150,0,0
32.23015,-45.997517,-150,0,0
31.230148,-45.997517,-150,0,0
30.230148,-45.997517,-150,0,0
29.230148,-45.997517,-150,0,0
28.230148,-45.997517,-150,0,0
27.230148,-45.997517,-150,0,0
26.230148,-45.997517,-150,0,0
25.230148,-45.997517,-150,0,0
24.230148,-45.997517,-150,0,0
23.230148,-45.997517,-150,0,0
22.230148,-45.997517,-150,0,0
21.230148,-45.997517,-150,0,0
20.230148,-45.997517,-150,0,0
19.230148,-45.997517,-150,0,0
18.230148,-45.997517,-150,0,0
17.230148,-45.997517,-150,0,0
16.230148,-45.997517,-150,0,0
15.230148,-45.997517,-150,0,0
14.230148,-45.997517,-150,0,0
13.230148,-45.997517,-150,0,0
12.230148,-45.997517,-150,0,0
11.230148,-45.997517,-150,0,0
10.230148,-45.997517,-150,0,0
9.230148,-45.997517,-150,0,0
8.230148,-45.997517,-150,0,0
7.2301483,-45.997517,-150,0,0
6.2301483,-45.997517,-150,0,0
5.2301483,-45.997517,-150,0,0
4.2301483,-45.997517,-150,0,0
3.2301483,-45.997517,-150,0,0
2.2301483,-45.997517,-150,0,0
1.2301483,-45.997517,-150,0,0
0.23014832,-45.997517,-150,0,0
-0.7698517,-45.997517,-150,0,0
-1.7698517,-45.997517,-150,0,0
-2.7698517,-45.997517,-150,0,0
-3.7698517,-45.997517,-150,0,0
-4.7698517,-45.997517,-150,0,0
-5.7698517,-45.997517,-150,0,0
-6.7698517,-45.997517,-150,0,0
-7.7698517,-45.997517,-150,0,0
-8.769852,-45.997517,-150,0,0
-9.769852,-45.997517,-150,0,0
-10.769852,-45.997517,-150,0,0
-11.769852,-45.997517,-150,0,0
-12.769852,-45.997517,-150,0,0
-13.769852,-45.997517,-150,0,0
-14.769852,-45.997517,-150,0,0
-15.769852,-45.997517,-150,0,0
-16.769852,-45.997517,-150,0,0
-17.769852,-45.997517,-150,0,0
-18.769852,-45.997517,-150,0,0
-19.769852,-45.997517,-150,0,0
-20.769852,-45.997517,-150,0,0
-21.769852,-45.997517,-150,0,0
-22.769852,-45.997517,-150,0,0
-23.769852,-45.997517,-150,0,0
-24.769852,-45.997517,-150,0,0
-25.769852,-45.997517,-150,0,0
-26.769852,-45.997517,-150,0,0
-27.769852,-45.997517,-150,0,0
-28.769852,-45.997517,-150,0,0
-29.769852,-45.997517,-150,0,0
-30.769852,-45.997517,-150,0,0
-31.769852,-45.997517,-150,0,0
-32.76985,-45.997517,-150,0,0
-33.76985,-45.997517,-150,0,0
-34.76985,-45.997517,-150,0,0
-35.76985,-45.997517,-150,0,0
-36.76985,-45.997517,-150,0,0
-37.76985,-45.997517,-150,0,0
-38.76985,-45.997517,-150,0,0
-39.76985,-45.997517,-150,0,0
-40.76985,-45.997517,-150,0,0
-41.76985,-45.997517,-150,0,0
-42.76985,-45.997517,-150,0,0
-43.76985,-45.997517,-150,0,0
-44.76985,-45.997517,-150,0,0
-45.76985,-45.997517,-150,0,0
-46.76985,-45.997517,-150,0,0
-47.76985,-45.997517,-150,0,0
-48.76985,-45.997517,-150,0,0
-49.76985,-45.997517,-150,0,0
49.23015,-46.997517,-150,0,0
48.23015,-46.997517,-150,0,0
47.23015,-46.997517,-150,0,0
46.23015,-46.997517,-150,0,0
45.23015,-46.997517,-150,0,0
44.23015,-46.997517,-150,0,0
43.23015,-46.997517,-150,0,0
42.23015,-46.997517,-150,0,0
41.23015,-46.997517,-150,0,0
40.23015,-46.997517,-150,0,0
39.23015,-46.997517,-150,0,0
38.23015,-46.997517,-150,0,0
37.23015,-46.997517,-150,0,0
36.23015,-46.997517,-150,0,0
35.23015,-46.997517,-150,0,0
34.23015,-46.997517,-150,0,0
33.23015,-46.997517,-150,0,0
32.23015,-46.997517,-150,0,0
31.230148,-46.997517,-150,0,0
30.230148,-46.997517,-150,0,0
29.230148,-46.997517,-150,0,0
28.230148,-46.997517,-150,0,0
27.230148,-46.997517,-150,0,0
26.230148,-46.997517,-150,0,0
25.230148,-46.997517,-150,0,0
24.230148,-46.997517,-150,0,0
23.230148,-46.997517,-150,0,0
22.230148,-46.997517,-150,0,0
21.230148,-46.997517,-150,0,0
20.230148,-46.997517,-150,0,0
19.230148,-46.997517,-150,0,0
18.230148,-46.997517,-150,0,0
17.230148,-46.997517,-150,0,0
16.230148,-46.997517,-150,0,0
15.230148,-46.997517,-150,0,0
14.230148,-46.997517,-150,0,0
13.230148,-46.997517,-150,0,0
12.230148,-46.997517,-150,0,0
11.230148,-46.997517,-150,0,0
10.230148,-46.997517,-150,0,0
9.230148,-46.997517,-150,0,0
8.230148,-46.997517,-150,0,0
7.2301483,-46.997517,-150,0,0
6.2301483,-46.997517,-150,0,0
5.2301483,-46.997517,-150,0,0
4.2301483,-46.997517,-150,0,0
3.2301483,-46.997517,-150,0,0
2.2301483,-46.997517,-150,0,0
1.2301483,-46.997517,-150,0,0
0.23014832,-46.997517,-150,0,0
-0.7698517,-46.997517,-150,0,0
-1.7698517,-46.997517,-150,0,0
-2.7698517,-46.997517,-150,0,0
-3.7698517,-46.997517,-150,0,0
-4.7698517,-46.997517,-150,0,0
-5.7698517,-46.997517,-150,0,0
-6.7698517,-46.997517,-150,0,0
-7.7698517,-46.997517,-150,0,0
-8.769852,-46.997517,-150,0,0
-9.769852,-46.997517,-150,0,0
-10.769852,-46.997517,-150,0,0
-11.769852,-46.997517,-150,0,0
-12.769852,-46.997517,-150,0,0
-13.769852,-46.997517,-150,0,0
-14.769852,-46.997517,-150,0,0
-15.769852,-46.997517,-150,0,0
-16.769852,-46.997517,-150,0,0
-17.769852,-46.997517,-150,0,0
-18.769852,-46.997517,-150,0,0
-19.769852,-46.997517,-150,0,0
-20.769852,-46.997517,-150,0,0
-21.769852,-46.997517,-150,0,0
-22.769852,-46.997517,-150,0,0
-23.769852,-46.997517,-150,0,0
-24.769852,-46.997517,-150,0,0
-25.769852,-46.997517,-150,0,0
-26.769852,-46.997517,-150,0,0
-27.769852,-46.997517,-150,0,0
-28.769852,-46.997517,-150,0,0
-29.769852,-46.997517,-150,0,0
-30.769852,-46.997517,-150,0,0
-31.769852,-46.997517,-150,0,0
-32.76985,-46.997517,-150,0,0
-33.76985,-46.997517,-150,0,0
-34.76985,-46.997517,-150,0,0
-35.76985,-46.997517,-150,0,0
-36.76985,-46.997517,-150,0,0
-37.76985,-46.997517,-150,0,0
-38.76985,-46.997517,-150,0,0
-39.76985,-46.997517,-150,0,0
-40.76985,-46.997517,-150,0,0
-41.76985,-46.997517,-150,0,0
-42.76985,-46.997517,-150,0,0
-43.76985,-46.997517,-150,0,0
-44.76985,-46.997517,-150,0,0
-45.76985,-46.997517,-150,0,0
-46.76985,-46.997517,-150,0,0
-47.76985,-46.997517,-150,0,0
-48.76985,-46.997517,-150,0,0
-49.76985,-46.997517,-150,0,0
