X-coordinate,Y-coordinate,Z-coordinate,Advanced,Counts
49.230145,52.002483,-300.00003,0,0
48.230145,52.002483,-300.00003,0,0
47.230145,52.002483,-300.00003,0,0
46.230145,52.002483,-300.00003,0,0
45.230145,52.002483,-300.00003,0,0
44.230145,52.002483,-300.00003,0,0
43.230145,52.002483,-300.00003,0,0
42.230145,52.002483,-300.00003,0,0
41.230145,52.002483,-300.00003,0,0
40.230145,52.002483,-300.00003,0,0
39.230145,52.002483,-300.00003,0,0
38.230145,52.002483,-300.00003,0,0
37.230145,52.002483,-300.00003,0,0
36.230145,52.002483,-300.00003,0,0
35.230145,52.002483,-300.00003,0,0
34.230145,52.002483,-300.00003,0,0
33.230145,52.002483,-300.00003,0,0
32.230145,52.002483,-300.00003,0,0
31.230145,52.002483,-300.00003,0,0
30.230145,52.002483,-300.00003,0,0
29.230145,52.002483,-300.00003,0,0
28.230145,52.002483,-300.00003,0,0
27.230145,52.002483,-300.00003,0,0
26.230145,52.002483,-300.00003,0,0
25.230145,52.002483,-300.00003,0,0
24.230145,52.002483,-300.00003,0,0
23.230145,52.002483,-300.00003,0,0
22.230145,52.002483,-300.00003,0,0
21.230145,52.002483,-300.00003,0,0
20.230145,52.002483,-300.00003,0,0
19.230145,52.002483,-300.00003,0,0
18.230145,52.002483,-300.00003,0,0
17.230145,52.002483,-300.00003,0,0
16.230145,52.002483,-300.00003,0,0
15.2301445,52.002483,-300.00003,0,0
14.2301445,52.002483,-300.00003,0,0
13.2301445,52.002483,-300.00003,0,0
12.2301445,52.002483,-300.00003,0,0
11.2301445,52.002483,-300.00003,0,0
10.2301445,52.002483,-300.00003,0,0
9.2301445,52.002483,-300.00003,0,0
8.2301445,52.002483,-300.00003,0,0
7.2301445,52.002483,-300.00003,0,0
6.2301445,52.002483,-300.00003,0,0
5.2301445,52.002483,-300.00003,0,0
4.2301445,52.002483,-300.00003,0,0
3.2301445,52.002483,-300.00003,0,0
2.2301445,52.002483,-300.00003,0,0
1.2301445,52.002483,-300.00003,0,0
0.2301445,52.002483,-300.00003,0,0
-0.7698555,52.002483,-300.00003,0,0
-1.7698555,52.002483,-300.00003,0,0
-2.7698555,52.002483,-300.00003,0,0
-3.7698555,52.002483,-300.00003,0,0
-4.7698555,52.002483,-300.00003,0,0
-5.7698555,52.002483,-300.00003,0,0
-6.7698555,52.002483,-300.00003,0,0
-7.7698555,52.002483,-300.00003,0,0
-8.7698555,52.002483,-300.00003,0,0
-9.7698555,52.002483,-300.00003,0,0
-10.7698555,52.002483,-300.00003,0,0
-11.7698555,52.002483,-300.00003,0,0
-12.7698555,52.002483,-300.00003,0,0
-13.7698555,52.002483,-300.00003,0,0
-14.7698555,52.002483,-300.00003,0,0
-15.7698555,52.002483,-300.00003,0,0
-16.769855,52.002483,-300.00003,0,0
-17.769855,52.002483,-300.00003,0,0
-18.769855,52.002483,-300.00003,0,0
-19.769855,52.002483,-300.00003,0,0
-20.769855,52.002483,-300.00003,0,0
-21.769855,52.002483,-300.00003,0,0
-22.769855,52.002483,-300.00003,0,0
-23.769855,52.002483,-300.00003,0,0
-24.769855,52.002483,-300.00003,0,0
-25.769855,52.002483,-300.00003,0,0
-26.769855,52.002483,-300.00003,0,0
-27.769855,52.002483,-300.00003,0,0
-28.769855,52.002483,-300.00003,0,0
-29.769855,52.002483,-300.00003,0,0
-30.769855,52.002483,-300.00003,0,0
-31.769855,52.002483,-300.00003,0,0
-32.769855,52.002483,-300.00003,0,0
-33.769855,52.002483,-300.00003,0,0
-34.769855,52.002483,-300.00003,0,0
-35.769855,52.002483,-300.00003,0,0
-36.769855,52.002483,-300.00003,0,0
-37.769855,52.002483,-300.00003,0,0
-38.769855,52.002483,-300.00003,0,0
-39.769855,52.002483,-300.00003,0,0
-40.769855,52.002483,-300.00003,0,0
-41.769855,52.002483,-300.00003,0,0
-42.769855,52.002483,-300.00003,0,0
-43.769855,52.002483,-300.00003,0,0
-44.769855,52.002483,-300.00003,0,0
-45.769855,52.002483,-300.00003,0,0
-46.769855,52.002483,-300.00003,0,0
-47.769855,52.002483,-300.00003,0,0
-48.769855,52.002483,-300.00003,0,0
-49.769855,52.002483,-300.00003,0,0
49.230145,51.002483,-300.00003,0,0
48.230145,51.002483,-300.00003,0,0
47.230145,51.002483,-300.00003,0,0
46.230145,51.002483,-300.00003,0,0
45.230145,51.002483,-300.00003,0,0
44.230145,51.002483,-300.00003,0,0
43.230145,51.002483,-300.00003,0,0
42.230145,51.002483,-300.00003,0,0
41.230145,51.002483,-300.00003,0,0
40.230145,51.002483,-300.00003,0,0
39.230145,51.002483,-300.00003,0,0
38.230145,51.002483,-300.00003,0,0
37.230145,51.002483,-300.00003,0,0
36.230145,51.002483,-300.00003,0,0
35.230145,51.002483,-300.00003,0,0
34.230145,51.002483,-300.00003,0,0
33.230145,51.002483,-300.00003,0,0
32.230145,51.002483,-300.00003,0,0
31.230145,51.002483,-300.00003,0,0
30.230145,51.002483,-300.00003,0,0
29.230145,51.002483,-300.00003,0,0
28.230145,51.002483,-300.00003,0,0
27.230145,51.002483,-300.00003,0,0
26.230145,51.002483,-300.00003,0,0
25.230145,51.002483,-300.00003,0,0
24.230145,51.002483,-300.00003,0,0
23.230145,51.002483,-300.00003,0,0
22.230145,51.002483,-300.00003,0,0
21.230145,51.002483,-300.00003,0,0
20.230145,51.002483,-300.00003,0,0
19.230145,51.002483,-300.00003,0,0
18.230145,51.002483,-300.00003,0,0
17.230145,51.002483,-300.00003,0,0
16.230145,51.002483,-300.00003,0,0
15.2301445,51.002483,-300.00003,0,0
14.2301445,51.002483,-300.00003,0,0
13.2301445,51.002483,-300.00003,0,0
12.2301445,51.002483,-300.00003,0,0
11.2301445,51.002483,-300.00003,0,0
10.2301445,51.002483,-300.00003,0,0
9.2301445,51.002483,-300.00003,0,0
8.2301445,51.002483,-300.00003,0,0
7.2301445,51.002483,-300.00003,0,0
6.2301445,51.002483,-300.00003,0,0
5.2301445,51.002483,-300.00003,0,0
4.2301445,51.002483,-300.00003,0,0
3.2301445,51.002483,-300.00003,0,0
2.2301445,51.002483,-300.00003,0,0
1.2301445,51.002483,-300.00003,0,0
0.2301445,51.002483,-300.00003,0,0
-0.7698555,51.002483,-300.00003,0,0
-1.7698555,51.002483,-300.00003,0,0
-2.7698555,51.002483,-300.00003,0,0
-3.7698555,51.002483,-300.00003,0,0
-4.7698555,51.002483,-300.00003,0,0
-5.7698555,51.002483,-300.00003,0,0
-6.7698555,51.002483,-300.00003,0,0
-7.7698555,51.002483,-300.00003,0,0
-8.7698555,51.002483,-300.00003,0,0
-9.7698555,51.002483,-300.00003,0,0
-10.7698555,51.002483,-300.00003,0,0
-11.7698555,51.002483,-300.00003,0,0
-12.7698555,51.002483,-300.00003,0,0
-13.7698555,51.002483,-300.00003,0,0
-14.7698555,51.002483,-300.00003,0,0
-15.7698555,51.002483,-300.00003,0,0
-16.769855,51.002483,-300.00003,0,0
-17.769855,51.002483,-300.00003,0,0
-18.769855,51.002483,-300.00003,0,0
-19.769855,51.002483,-300.00003,0,0
-20.769855,51.002483,-300.00003,0,0
-21.769855,51.002483,-300.00003,0,0
-22.769855,51.002483,-300.00003,0,0
-23.769855,51.002483,-300.00003,0,0
-24.769855,51.002483,-300.00003,0,0
-25.769855,51.002483,-300.00003,0,0
-26.769855,51.002483,-300.00003,0,0
-27.769855,51.002483,-300.00003,0,0
-28.769855,51.002483,-300.00003,0,0
-29.769855,51.002483,-300.00003,0,0
-30.769855,51.002483,-300.00003,0,0
-31.769855,51.002483,-300.00003,0,0
-32.769855,51.002483,-300.00003,0,0
-33.769855,51.002483,-300.00003,0,0
-34.769855,51.002483,-300.00003,0,0
-35.769855,51.002483,-300.00003,0,0
-36.769855,51.002483,-300.00003,0,0
-37.769855,51.002483,-300.00003,0,0
-38.769855,51.002483,-300.00003,0,0
-39.769855,51.002483,-300.00003,0,0
-40.769855,51.002483,-300.00003,0,0
-41.769855,51.002483,-300.00003,0,0
-42.769855,51.002483,-300.00003,0,0
-43.769855,51.002483,-300.00003,0,0
-44.769855,51.002483,-300.00003,0,0
-45.769855,51.002483,-300.00003,0,0
-46.769855,51.002483,-300.00003,0,0
-47.769855,51.002483,-300.00003,0,0
-48.769855,51.002483,-300.00003,0,0
-49.769855,51.002483,-300.00003,0,0
49.230145,50.002483,-300.00003,0,0
48.230145,50.002483,-300.00003,0,0
47.230145,50.002483,-300.00003,0,0
46.230145,50.002483,-300.00003,0,0
45.230145,50.002483,-300.00003,0,0
44.230145,50.002483,-300.00003,0,0
43.230145,50.002483,-300.00003,0,0
42.230145,50.002483,-300.00003,0,0
41.230145,50.002483,-300.00003,0,0
40.230145,50.002483,-300.00003,0,0
39.230145,50.002483,-300.00003,0,0
38.230145,50.002483,-300.00003,0,0
37.230145,50.002483,-300.00003,0,0
36.230145,50.002483,-300.00003,0,0
35.230145,50.002483,-300.00003,0,0
34.230145,50.002483,-300.00003,0,0
33.230145,50.002483,-300.00003,0,0
32.230145,50.002483,-300.00003,0,0
31.230145,50.002483,-300.00003,0,0
30.230145,50.002483,-300.00003,0,0
29.230145,50.002483,-300.00003,0,0
28.230145,50.002483,-300.00003,0,0
27.230145,50.002483,-300.00003,0,0
26.230145,50.002483,-300.00003,0,0
25.230145,50.002483,-300.00003,0,0
24.230145,50.002483,-300.00003,0,0
23.230145,50.002483,-300.00003,0,0
22.230145,50.002483,-300.00003,0,0
21.230145,50.002483,-300.00003,0,0
20.230145,50.002483,-300.00003,0,0
19.230145,50.002483,-300.00003,0,0
18.230145,50.002483,-300.00003,0,0
17.230145,50.002483,-300.00003,0,0
16.230145,50.002483,-300.00003,0,0
15.2301445,50.002483,-300.00003,0,0
14.2301445,50.002483,-300.00003,0,0
13.2301445,50.002483,-300.00003,0,0
12.2301445,50.002483,-300.00003,0,0
11.2301445,50.002483,-300.00003,0,0
10.2301445,50.002483,-300.00003,0,0
9.2301445,50.002483,-300.00003,0,0
8.2301445,50.002483,-300.00003,0,0
7.2301445,50.002483,-300.00003,0,0
6.2301445,50.002483,-300.00003,0,0
5.2301445,50.002483,-300.00003,0,0
4.2301445,50.002483,-300.00003,0,0
3.2301445,50.002483,-300.00003,0,0
2.2301445,50.002483,-300.00003,0,0
1.2301445,50.002483,-300.00003,0,0
0.2301445,50.002483,-300.00003,0,0
-0.7698555,50.002483,-300.00003,0,0
-1.7698555,50.002483,-300.00003,0,0
-2.7698555,50.002483,-300.00003,0,0
-3.7698555,50.002483,-300.00003,0,0
-4.7698555,50.002483,-300.00003,0,0
-5.7698555,50.002483,-300.00003,0,0
-6.7698555,50.002483,-300.00003,0,0
-7.7698555,50.002483,-300.00003,0,0
-8.7698555,50.002483,-300.00003,0,0
-9.7698555,50.002483,-300.00003,0,0
-10.7698555,50.002483,-300.00003,0,0
-11.7698555,50.002483,-300.00003,0,0
-12.7698555,50.002483,-300.00003,0,0
-13.7698555,50.002483,-300.00003,0,0
-14.7698555,50.002483,-300.00003,0,0
-15.7698555,50.002483,-300.00003,0,0
-16.769855,50.002483,-300.00003,0,0
-17.769855,50.002483,-300.00003,0,0
-18.769855,50.002483,-300.00003,0,0
-19.769855,50.002483,-300.00003,0,0
-20.769855,50.002483,-300.00003,0,0
-21.769855,50.002483,-300.00003,0,0
-22.769855,50.002483,-300.00003,0,0
-23.769855,50.002483,-300.00003,0,0
-24.769855,50.002483,-300.00003,0,0
-25.769855,50.002483,-300.00003,0,0
-26.769855,50.002483,-300.00003,0,0
-27.769855,50.002483,-300.00003,0,0
-28.769855,50.002483,-300.00003,0,0
-29.769855,50.002483,-300.00003,0,0
-30.769855,50.002483,-300.00003,0,0
-31.769855,50.002483,-300.00003,0,0
-32.769855,50.002483,-300.00003,0,0
-33.769855,50.002483,-300.00003,0,0
-34.769855,50.002483,-300.00003,0,0
-35.769855,50.002483,-300.00003,0,0
-36.769855,50.002483,-300.00003,0,0
-37.769855,50.002483,-300.00003,0,0
-38.769855,50.002483,-300.00003,0,0
-39.769855,50.002483,-300.00003,0,0
-40.769855,50.002483,-300.00003,0,0
-41.769855,50.002483,-300.00003,0,0
-42.769855,50.002483,-300.00003,0,0
-43.769855,50.002483,-300.00003,0,0
-44.769855,50.002483,-300.00003,0,0
-45.769855,50.002483,-300.00003,0,0
-46.769855,50.002483,-300.00003,0,0
-47.769855,50.002483,-300.00003,0,0
-48.769855,50.002483,-300.00003,0,0
-49.769855,50.002483,-300.00003,0,0
49.230145,49.002483,-300.00003,0,0
48.230145,49.002483,-300.00003,0,0
47.230145,49.002483,-300.00003,0,0
46.230145,49.002483,-300.00003,0,0
45.230145,49.002483,-300.00003,0,0
44.230145,49.002483,-300.00003,0,0
43.230145,49.002483,-300.00003,0,0
42.230145,49.002483,-300.00003,0,0
41.230145,49.002483,-300.00003,0,0
40.230145,49.002483,-300.00003,0,0
39.230145,49.002483,-300.00003,0,0
38.230145,49.002483,-300.00003,0,0
37.230145,49.002483,-300.00003,0,0
36.230145,49.002483,-300.00003,0,0
35.230145,49.002483,-300.00003,0,0
34.230145,49.002483,-300.00003,0,0
33.230145,49.002483,-300.00003,0,0
32.230145,49.002483,-300.00003,0,0
31.230145,49.002483,-300.00003,0,0
30.230145,49.002483,-300.00003,0,0
29.230145,49.002483,-300.00003,0,0
28.230145,49.002483,-300.00003,0,0
27.230145,49.002483,-300.00003,0,0
26.230145,49.002483,-300.00003,0,0
25.230145,49.002483,-300.00003,0,0
24.230145,49.002483,-300.00003,0,0
23.230145,49.002483,-300.00003,0,0
22.230145,49.002483,-300.00003,0,0
21.230145,49.002483,-300.00003,0,0
20.230145,49.002483,-300.00003,0,0
19.230145,49.002483,-300.00003,0,0
18.230145,49.002483,-300.00003,0,0
17.230145,49.002483,-300.00003,0,0
16.230145,49.002483,-300.00003,0,0
15.2301445,49.002483,-300.00003,0,0
14.2301445,49.002483,-300.00003,0,0
13.2301445,49.002483,-300.00003,0,0
12.2301445,49.002483,-300.00003,0,0
11.2301445,49.002483,-300.00003,0,0
10.2301445,49.002483,-300.00003,0,0
9.2301445,49.002483,-300.00003,0,0
8.2301445,49.002483,-300.00003,0,0
7.2301445,49.002483,-300.00003,0,0
6.2301445,49.002483,-300.00003,0,0
5.2301445,49.002483,-300.00003,0,0
4.2301445,49.002483,-300.00003,0,0
3.2301445,49.002483,-300.00003,0,0
2.2301445,49.002483,-300.00003,0,0
1.2301445,49.002483,-300.00003,0,0
0.2301445,49.002483,-300.00003,0,0
-0.7698555,49.002483,-300.00003,0,0
-1.7698555,49.002483,-300.00003,0,0
-2.7698555,49.002483,-300.00003,0,0
-3.7698555,49.002483,-300.00003,0,0
-4.7698555,49.002483,-300.00003,0,0
-5.7698555,49.002483,-300.00003,0,0
-6.7698555,49.002483,-300.00003,0,0
-7.7698555,49.002483,-300.00003,0,0
-8.7698555,49.002483,-300.00003,0,0
-9.7698555,49.002483,-300.00003,0,0
-10.7698555,49.002483,-300.00003,0,0
-11.7698555,49.002483,-300.00003,0,0
-12.7698555,49.002483,-300.00003,0,0
-13.7698555,49.002483,-300.00003,0,0
-14.7698555,49.002483,-300.00003,0,0
-15.7698555,49.002483,-300.00003,0,0
-16.769855,49.002483,-300.00003,0,0
-17.769855,49.002483,-300.00003,0,0
-18.769855,49.002483,-300.00003,0,0
-19.769855,49.002483,-300.00003,0,0
-20.769855,49.002483,-300.00003,0,0
-21.769855,49.002483,-300.00003,0,0
-22.769855,49.002483,-300.00003,0,0
-23.769855,49.002483,-300.00003,0,0
-24.769855,49.002483,-300.00003,0,0
-25.769855,49.002483,-300.00003,0,0
-26.769855,49.002483,-300.00003,0,0
-27.769855,49.002483,-300.00003,0,0
-28.769855,49.002483,-300.00003,0,0
-29.769855,49.002483,-300.00003,0,0
-30.769855,49.002483,-300.00003,0,0
-31.769855,49.002483,-300.00003,0,0
-32.769855,49.002483,-300.00003,0,0
-33.769855,49.002483,-300.00003,0,0
-34.769855,49.002483,-300.00003,0,0
-35.769855,49.002483,-300.00003,0,0
-36.769855,49.002483,-300.00003,0,0
-37.769855,49.002483,-300.00003,0,0
-38.769855,49.002483,-300.00003,0,0
-39.769855,49.002483,-300.00003,0,0
-40.769855,49.002483,-300.00003,0,0
-41.769855,49.002483,-300.00003,0,0
-42.769855,49.002483,-300.00003,0,0
-43.769855,49.002483,-300.00003,0,0
-44.769855,49.002483,-300.00003,0,0
-45.769855,49.002483,-300.00003,0,0
-46.769855,49.002483,-300.00003,0,0
-47.769855,49.002483,-300.00003,0,0
-48.769855,49.002483,-300.00003,0,0
-49.769855,49.002483,-300.00003,0,0
49.230145,48.002483,-300.00003,0,0
48.230145,48.002483,-300.00003,0,0
47.230145,48.002483,-300.00003,0,0
46.230145,48.002483,-300.00003,0,0
45.230145,48.002483,-300.00003,0,0
44.230145,48.002483,-300.00003,0,0
43.230145,48.002483,-300.00003,0,0
42.230145,48.002483,-300.00003,0,0
41.230145,48.002483,-300.00003,0,0
40.230145,48.002483,-300.00003,0,0
39.230145,48.002483,-300.00003,0,0
38.230145,48.002483,-300.00003,0,0
37.230145,48.002483,-300.00003,0,0
36.230145,48.002483,-300.00003,0,0
35.230145,48.002483,-300.00003,0,0
34.230145,48.002483,-300.00003,0,0
33.230145,48.002483,-300.00003,0,0
32.230145,48.002483,-300.00003,0,0
31.230145,48.002483,-300.00003,0,0
30.230145,48.002483,-300.00003,0,0
29.230145,48.002483,-300.00003,0,0
28.230145,48.002483,-300.00003,0,0
27.230145,48.002483,-300.00003,0,0
26.230145,48.002483,-300.00003,0,0
25.230145,48.002483,-300.00003,0,0
24.230145,48.002483,-300.00003,0,0
23.230145,48.002483,-300.00003,0,0
22.230145,48.002483,-300.00003,0,0
21.230145,48.002483,-300.00003,0,0
20.230145,48.002483,-300.00003,0,0
19.230145,48.002483,-300.00003,0,0
18.230145,48.002483,-300.00003,0,0
17.230145,48.002483,-300.00003,0,0
16.230145,48.002483,-300.00003,0,0
15.2301445,48.002483,-300.00003,0,0
14.2301445,48.002483,-300.00003,0,0
13.2301445,48.002483,-300.00003,0,0
12.2301445,48.002483,-300.00003,0,0
11.2301445,48.002483,-300.00003,0,0
10.2301445,48.002483,-300.00003,0,0
9.2301445,48.002483,-300.00003,0,0
8.2301445,48.002483,-300.00003,0,0
7.2301445,48.002483,-300.00003,0,0
6.2301445,48.002483,-300.00003,0,0
5.2301445,48.002483,-300.00003,0,0
4.2301445,48.002483,-300.00003,0,0
3.2301445,48.002483,-300.00003,0,0
2.2301445,48.002483,-300.00003,0,0
1.2301445,48.002483,-300.00003,0,0
0.2301445,48.002483,-300.00003,0,0
-0.7698555,48.002483,-300.00003,0,0
-1.7698555,48.002483,-300.00003,0,0
-2.7698555,48.002483,-300.00003,0,0
-3.7698555,48.002483,-300.00003,0,0
-4.7698555,48.002483,-300.00003,0,0
-5.7698555,48.002483,-300.00003,0,0
-6.7698555,48.002483,-300.00003,0,0
-7.7698555,48.002483,-300.00003,0,0
-8.7698555,48.002483,-300.00003,0,0
-9.7698555,48.002483,-300.00003,0,0
-10.7698555,48.002483,-300.00003,0,0
-11.7698555,48.002483,-300.00003,0,0
-12.7698555,48.002483,-300.00003,0,0
-13.7698555,48.002483,-300.00003,0,0
-14.7698555,48.002483,-300.00003,0,0
-15.7698555,48.002483,-300.00003,0,0
-16.769855,48.002483,-300.00003,0,0
-17.769855,48.002483,-300.00003,0,0
-18.769855,48.002483,-300.00003,0,0
-19.769855,48.002483,-300.00003,0,0
-20.769855,48.002483,-300.00003,0,0
-21.769855,48.002483,-300.00003,0,0
-22.769855,48.002483,-300.00003,0,0
-23.769855,48.002483,-300.00003,0,0
-24.769855,48.002483,-300.00003,0,0
-25.769855,48.002483,-300.00003,0,0
-26.769855,48.002483,-300.00003,0,0
-27.769855,48.002483,-300.00003,0,0
-28.769855,48.002483,-300.00003,0,0
-29.769855,48.002483,-300.00003,0,0
-30.769855,48.002483,-300.00003,0,0
-31.769855,48.002483,-300.00003,0,0
-32.769855,48.002483,-300.00003,0,0
-33.769855,48.002483,-300.00003,0,0
-34.769855,48.002483,-300.00003,0,0
-35.769855,48.002483,-300.00003,0,0
-36.769855,48.002483,-300.00003,0,0
-37.769855,48.002483,-300.00003,0,0
-38.769855,48.002483,-300.00003,0,0
-39.769855,48.002483,-300.00003,0,0
-40.769855,48.002483,-300.00003,0,0
-41.769855,48.002483,-300.00003,0,0
-42.769855,48.002483,-300.00003,0,0
-43.769855,48.002483,-300.00003,0,0
-44.769855,48.002483,-300.00003,0,0
-45.769855,48.002483,-300.00003,0,0
-46.769855,48.002483,-300.00003,0,0
-47.769855,48.002483,-300.00003,0,0
-48.769855,48.002483,-300.00003,0,0
-49.769855,48.002483,-300.00003,0,0
49.230145,47.002483,-300.00003,0,0
48.230145,47.002483,-300.00003,0,0
47.230145,47.002483,-300.00003,0,0
46.230145,47.002483,-300.00003,0,0
45.230145,47.002483,-300.00003,0,0
44.230145,47.002483,-300.00003,0,0
43.230145,47.002483,-300.00003,0,0
42.230145,47.002483,-300.00003,0,0
41.230145,47.002483,-300.00003,0,0
40.230145,47.002483,-300.00003,0,0
39.230145,47.002483,-300.00003,0,0
38.230145,47.002483,-300.00003,0,0
37.230145,47.002483,-300.00003,0,0
36.230145,47.002483,-300.00003,0,0
35.230145,47.002483,-300.00003,0,0
34.230145,47.002483,-300.00003,0,0
33.230145,47.002483,-300.00003,0,0
32.230145,47.002483,-300.00003,0,0
31.230145,47.002483,-300.00003,0,0
30.230145,47.002483,-300.00003,0,0
29.230145,47.002483,-300.00003,0,0
28.230145,47.002483,-300.00003,0,0
27.230145,47.002483,-300.00003,0,0
26.230145,47.002483,-300.00003,0,0
25.230145,47.002483,-300.00003,0,0
24.230145,47.002483,-300.00003,0,0
23.230145,47.002483,-300.00003,0,0
22.230145,47.002483,-300.00003,0,0
21.230145,47.002483,-300.00003,0,0
20.230145,47.002483,-300.00003,0,0
19.230145,47.002483,-300.00003,0,0
18.230145,47.002483,-300.00003,0,0
17.230145,47.002483,-300.00003,0,0
16.230145,47.002483,-300.00003,0,0
15.2301445,47.002483,-300.00003,0,0
14.2301445,47.002483,-300.00003,0,0
13.2301445,47.002483,-300.00003,0,0
12.2301445,47.002483,-300.00003,0,0
11.2301445,47.002483,-300.00003,0,0
10.2301445,47.002483,-300.00003,0,0
9.2301445,47.002483,-300.00003,0,0
8.2301445,47.002483,-300.00003,0,0
7.2301445,47.002483,-300.00003,0,0
6.2301445,47.002483,-300.00003,0,0
5.2301445,47.002483,-300.00003,0,0
4.2301445,47.002483,-300.00003,0,0
3.2301445,47.002483,-300.00003,0,0
2.2301445,47.002483,-300.00003,0,0
1.2301445,47.002483,-300.00003,0,0
0.2301445,47.002483,-300.00003,0,0
-0.7698555,47.002483,-300.00003,0,0
-1.7698555,47.002483,-300.00003,0,0
-2.7698555,47.002483,-300.00003,0,0
-3.7698555,47.002483,-300.00003,0,0
-4.7698555,47.002483,-300.00003,0,0
-5.7698555,47.002483,-300.00003,0,0
-6.7698555,47.002483,-300.00003,0,0
-7.7698555,47.002483,-300.00003,0,0
-8.7698555,47.002483,-300.00003,0,0
-9.7698555,47.002483,-300.00003,0,0
-10.7698555,47.002483,-300.00003,0,0
-11.7698555,47.002483,-300.00003,0,0
-12.7698555,47.002483,-300.00003,0,0
-13.7698555,47.002483,-300.00003,0,0
-14.7698555,47.002483,-300.00003,0,0
-15.7698555,47.002483,-300.00003,0,0
-16.769855,47.002483,-300.00003,0,0
-17.769855,47.002483,-300.00003,0,0
-18.769855,47.002483,-300.00003,0,0
-19.769855,47.002483,-300.00003,0,0
-20.769855,47.002483,-300.00003,0,0
-21.769855,47.002483,-300.00003,0,0
-22.769855,47.002483,-300.00003,0,0
-23.769855,47.002483,-300.00003,0,0
-24.769855,47.002483,-300.00003,0,0
-25.769855,47.002483,-300.00003,0,0
-26.769855,47.002483,-300.00003,0,0
-27.769855,47.002483,-300.00003,0,0
-28.769855,47.002483,-300.00003,0,0
-29.769855,47.002483,-300.00003,0,0
-30.769855,47.002483,-300.00003,0,0
-31.769855,47.002483,-300.00003,0,0
-32.769855,47.002483,-300.00003,0,0
-33.769855,47.002483,-300.00003,0,0
-34.769855,47.002483,-300.00003,0,0
-35.769855,47.002483,-300.00003,0,0
-36.769855,47.002483,-300.00003,0,0
-37.769855,47.002483,-300.00003,0,0
-38.769855,47.002483,-300.00003,0,0
-39.769855,47.002483,-300.00003,0,0
-40.769855,47.002483,-300.00003,0,0
-41.769855,47.002483,-300.00003,0,0
-42.769855,47.002483,-300.00003,0,0
-43.769855,47.002483,-300.00003,0,0
-44.769855,47.002483,-300.00003,0,0
-45.769855,47.002483,-300.00003,0,0
-46.769855,47.002483,-300.00003,0,0
-47.769855,47.002483,-300.00003,0,0
-48.769855,47.002483,-300.00003,0,0
-49.769855,47.002483,-300.00003,0,0
49.230145,46.002483,-300.00003,0,0
48.230145,46.002483,-300.00003,0,0
47.230145,46.002483,-300.00003,0,0
46.230145,46.002483,-300.00003,0,0
45.230145,46.002483,-300.00003,0,0
44.230145,46.002483,-300.00003,0,0
43.230145,46.002483,-300.00003,0,0
42.230145,46.002483,-300.00003,0,0
41.230145,46.002483,-300.00003,0,0
40.230145,46.002483,-300.00003,0,0
39.230145,46.002483,-300.00003,0,0
38.230145,46.002483,-300.00003,0,0
37.230145,46.002483,-300.00003,0,0
36.230145,46.002483,-300.00003,0,0
35.230145,46.002483,-300.00003,0,0
34.230145,46.002483,-300.00003,0,0
33.230145,46.002483,-300.00003,0,0
32.230145,46.002483,-300.00003,0,0
31.230145,46.002483,-300.00003,0,0
30.230145,46.002483,-300.00003,0,0
29.230145,46.002483,-300.00003,0,0
28.230145,46.002483,-300.00003,0,0
27.230145,46.002483,-300.00003,0,0
26.230145,46.002483,-300.00003,0,0
25.230145,46.002483,-300.00003,0,0
24.230145,46.002483,-300.00003,0,0
23.230145,46.002483,-300.00003,0,0
22.230145,46.002483,-300.00003,0,0
21.230145,46.002483,-300.00003,0,0
20.230145,46.002483,-300.00003,0,0
19.230145,46.002483,-300.00003,0,0
18.230145,46.002483,-300.00003,0,0
17.230145,46.002483,-300.00003,0,0
16.230145,46.002483,-300.00003,0,0
15.2301445,46.002483,-300.00003,0,0
14.2301445,46.002483,-300.00003,0,0
13.2301445,46.002483,-300.00003,0,0
12.2301445,46.002483,-300.00003,0,0
11.2301445,46.002483,-300.00003,0,0
10.2301445,46.002483,-300.00003,0,0
9.2301445,46.002483,-300.00003,0,0
8.2301445,46.002483,-300.00003,0,0
7.2301445,46.002483,-300.00003,0,0
6.2301445,46.002483,-300.00003,0,0
5.2301445,46.002483,-300.00003,0,0
4.2301445,46.002483,-300.00003,0,0
3.2301445,46.002483,-300.00003,0,0
2.2301445,46.002483,-300.00003,0,0
1.2301445,46.002483,-300.00003,0,0
0.2301445,46.002483,-300.00003,0,0
-0.7698555,46.002483,-300.00003,0,0
-1.7698555,46.002483,-300.00003,0,0
-2.7698555,46.002483,-300.00003,0,0
-3.7698555,46.002483,-300.00003,0,0
-4.7698555,46.002483,-300.00003,0,0
-5.7698555,46.002483,-300.00003,0,0
-6.7698555,46.002483,-300.00003,0,0
-7.7698555,46.002483,-300.00003,0,0
-8.7698555,46.002483,-300.00003,0,0
-9.7698555,46.002483,-300.00003,0,0
-10.7698555,46.002483,-300.00003,0,0
-11.7698555,46.002483,-300.00003,0,0
-12.7698555,46.002483,-300.00003,0,0
-13.7698555,46.002483,-300.00003,0,0
-14.7698555,46.002483,-300.00003,0,0
-15.7698555,46.002483,-300.00003,0,0
-16.769855,46.002483,-300.00003,0,0
-17.769855,46.002483,-300.00003,0,0
-18.769855,46.002483,-300.00003,0,0
-19.769855,46.002483,-300.00003,0,0
-20.769855,46.002483,-300.00003,0,0
-21.769855,46.002483,-300.00003,0,0
-22.769855,46.002483,-300.00003,0,0
-23.769855,46.002483,-300.00003,0,0
-24.769855,46.002483,-300.00003,0,0
-25.769855,46.002483,-300.00003,0,0
-26.769855,46.002483,-300.00003,0,0
-27.769855,46.002483,-300.00003,0,0
-28.769855,46.002483,-300.00003,0,0
-29.769855,46.002483,-300.00003,0,0
-30.769855,46.002483,-300.00003,0,0
-31.769855,46.002483,-300.00003,0,0
-32.769855,46.002483,-300.00003,0,0
-33.769855,46.002483,-300.00003,0,0
-34.769855,46.002483,-300.00003,0,0
-35.769855,46.002483,-300.00003,0,0
-36.769855,46.002483,-300.00003,0,0
-37.769855,46.002483,-300.00003,0,0
-38.769855,46.002483,-300.00003,0,0
-39.769855,46.002483,-300.00003,0,0
-40.769855,46.002483,-300.00003,0,0
-41.769855,46.002483,-300.00003,0,0
-42.769855,46.002483,-300.00003,0,0
-43.769855,46.002483,-300.00003,0,0
-44.769855,46.002483,-300.00003,0,0
-45.769855,46.002483,-300.00003,0,0
-46.769855,46.002483,-300.00003,0,0
-47.769855,46.002483,-300.00003,0,0
-48.769855,46.002483,-300.00003,0,0
-49.769855,46.002483,-300.00003,0,0
49.230145,45.002483,-300.00003,0,0
48.230145,45.002483,-300.00003,0,0
47.230145,45.002483,-300.00003,0,0
46.230145,45.002483,-300.00003,0,0
45.230145,45.002483,-300.00003,0,0
44.230145,45.002483,-300.00003,0,0
43.230145,45.002483,-300.00003,0,0
42.230145,45.002483,-300.00003,0,0
41.230145,45.002483,-300.00003,0,0
40.230145,45.002483,-300.00003,0,0
39.230145,45.002483,-300.00003,0,0
38.230145,45.002483,-300.00003,0,0
37.230145,45.002483,-300.00003,0,0
36.230145,45.002483,-300.00003,0,0
35.230145,45.002483,-300.00003,0,0
34.230145,45.002483,-300.00003,0,0
33.230145,45.002483,-300.00003,0,0
32.230145,45.002483,-300.00003,0,0
31.230145,45.002483,-300.00003,0,0
30.230145,45.002483,-300.00003,0,0
29.230145,45.002483,-300.00003,0,0
28.230145,45.002483,-300.00003,0,0
27.230145,45.002483,-300.00003,0,0
26.230145,45.002483,-300.00003,0,0
25.230145,45.002483,-300.00003,0,0
24.230145,45.002483,-300.00003,0,0
23.230145,45.002483,-300.00003,0,0
22.230145,45.002483,-300.00003,0,0
21.230145,45.002483,-300.00003,0,0
20.230145,45.002483,-300.00003,0,0
19.230145,45.002483,-300.00003,0,0
18.230145,45.002483,-300.00003,0,0
17.230145,45.002483,-300.00003,0,0
16.230145,45.002483,-300.00003,0,0
15.2301445,45.002483,-300.00003,0,0
14.2301445,45.002483,-300.00003,0,0
13.2301445,45.002483,-300.00003,0,0
12.2301445,45.002483,-300.00003,0,0
11.2301445,45.002483,-300.00003,0,0
10.2301445,45.002483,-300.00003,0,0
9.2301445,45.002483,-300.00003,0,0
8.2301445,45.002483,-300.00003,0,0
7.2301445,45.002483,-300.00003,0,0
6.2301445,45.002483,-300.00003,0,0
5.2301445,45.002483,-300.00003,0,0
4.2301445,45.002483,-300.00003,0,0
3.2301445,45.002483,-300.00003,0,0
2.2301445,45.002483,-300.00003,0,0
1.2301445,45.002483,-300.00003,0,0
0.2301445,45.002483,-300.00003,0,0
-0.7698555,45.002483,-300.00003,0,0
-1.7698555,45.002483,-300.00003,0,0
-2.7698555,45.002483,-300.00003,0,0
-3.7698555,45.002483,-300.00003,0,0
-4.7698555,45.002483,-300.00003,0,0
-5.7698555,45.002483,-300.00003,0,0
-6.7698555,45.002483,-300.00003,0,0
-7.7698555,45.002483,-300.00003,0,0
-8.7698555,45.002483,-300.00003,0,0
-9.7698555,45.002483,-300.00003,0,0
-10.7698555,45.002483,-300.00003,0,0
-11.7698555,45.002483,-300.00003,0,0
-12.7698555,45.002483,-300.00003,0,0
-13.7698555,45.002483,-300.00003,0,0
-14.7698555,45.002483,-300.00003,0,0
-15.7698555,45.002483,-300.00003,0,0
-16.769855,45.002483,-300.00003,0,0
-17.769855,45.002483,-300.00003,0,0
-18.769855,45.002483,-300.00003,0,0
-19.769855,45.002483,-300.00003,0,0
-20.769855,45.002483,-300.00003,0,0
-21.769855,45.002483,-300.00003,0,0
-22.769855,45.002483,-300.00003,0,0
-23.769855,45.002483,-300.00003,0,0
-24.769855,45.002483,-300.00003,0,0
-25.769855,45.002483,-300.00003,0,0
-26.769855,45.002483,-300.00003,0,0
-27.769855,45.002483,-300.00003,0,0
-28.769855,45.002483,-300.00003,0,0
-29.769855,45.002483,-300.00003,0,0
-30.769855,45.002483,-300.00003,0,0
-31.769855,45.002483,-300.00003,0,0
-32.769855,45.002483,-300.00003,0,0
-33.769855,45.002483,-300.00003,0,0
-34.769855,45.002483,-300.00003,0,0
-35.769855,45.002483,-300.00003,0,0
-36.769855,45.002483,-300.00003,0,0
-37.769855,45.002483,-300.00003,0,0
-38.769855,45.002483,-300.00003,0,0
-39.769855,45.002483,-300.00003,0,0
-40.769855,45.002483,-300.00003,0,0
-41.769855,45.002483,-300.00003,0,0
-42.769855,45.002483,-300.00003,0,0
-43.769855,45.002483,-300.00003,0,0
-44.769855,45.002483,-300.00003,0,0
-45.769855,45.002483,-300.00003,0,0
-46.769855,45.002483,-300.00003,0,0
-47.769855,45.002483,-300.00003,0,0
-48.769855,45.002483,-300.00003,0,0
-49.769855,45.002483,-300.00003,0,0
49.230145,44.002483,-300.00003,0,0
48.230145,44.002483,-300.00003,0,0
47.230145,44.002483,-300.00003,0,0
46.230145,44.002483,-300.00003,0,0
45.230145,44.002483,-300.00003,0,0
44.230145,44.002483,-300.00003,0,0
43.230145,44.002483,-300.00003,0,0
42.230145,44.002483,-300.00003,0,0
41.230145,44.002483,-300.00003,0,0
40.230145,44.002483,-300.00003,0,0
39.230145,44.002483,-300.00003,0,0
38.230145,44.002483,-300.00003,0,0
37.230145,44.002483,-300.00003,0,0
36.230145,44.002483,-300.00003,0,0
35.230145,44.002483,-300.00003,0,0
34.230145,44.002483,-300.00003,0,0
33.230145,44.002483,-300.00003,0,0
32.230145,44.002483,-300.00003,0,0
31.230145,44.002483,-300.00003,0,0
30.230145,44.002483,-300.00003,0,0
29.230145,44.002483,-300.00003,0,0
28.230145,44.002483,-300.00003,0,0
27.230145,44.002483,-300.00003,0,0
26.230145,44.002483,-300.00003,0,0
25.230145,44.002483,-300.00003,0,0
24.230145,44.002483,-300.00003,0,0
23.230145,44.002483,-300.00003,0,0
22.230145,44.002483,-300.00003,0,0
21.230145,44.002483,-300.00003,0,0
20.230145,44.002483,-300.00003,0,0
19.230145,44.002483,-300.00003,0,0
18.230145,44.002483,-300.00003,0,0
17.230145,44.002483,-300.00003,0,0
16.230145,44.002483,-300.00003,0,0
15.2301445,44.002483,-300.00003,0,0
14.2301445,44.002483,-300.00003,0,0
13.2301445,44.002483,-300.00003,0,0
12.2301445,44.002483,-300.00003,0,0
11.2301445,44.002483,-300.00003,0,0
10.2301445,44.002483,-300.00003,0,0
9.2301445,44.002483,-300.00003,0,0
8.2301445,44.002483,-300.00003,0,0
7.2301445,44.002483,-300.00003,0,0
6.2301445,44.002483,-300.00003,0,0
5.2301445,44.002483,-300.00003,0,0
4.2301445,44.002483,-300.00003,0,0
3.2301445,44.002483,-300.00003,0,0
2.2301445,44.002483,-300.00003,0,0
1.2301445,44.002483,-300.00003,0,0
0.2301445,44.002483,-300.00003,0,0
-0.7698555,44.002483,-300.00003,0,0
-1.7698555,44.002483,-300.00003,0,0
-2.7698555,44.002483,-300.00003,0,0
-3.7698555,44.002483,-300.00003,0,0
-4.7698555,44.002483,-300.00003,0,0
-5.7698555,44.002483,-300.00003,0,0
-6.7698555,44.002483,-300.00003,0,0
-7.7698555,44.002483,-300.00003,0,0
-8.7698555,44.002483,-300.00003,0,0
-9.7698555,44.002483,-300.00003,0,0
-10.7698555,44.002483,-300.00003,0,0
-11.7698555,44.002483,-300.00003,0,0
-12.7698555,44.002483,-300.00003,0,0
-13.7698555,44.002483,-300.00003,0,0
-14.7698555,44.002483,-300.00003,0,0
-15.7698555,44.002483,-300.00003,0,0
-16.769855,44.002483,-300.00003,0,0
-17.769855,44.002483,-300.00003,0,0
-18.769855,44.002483,-300.00003,0,0
-19.769855,44.002483,-300.00003,0,0
-20.769855,44.002483,-300.00003,0,0
-21.769855,44.002483,-300.00003,0,0
-22.769855,44.002483,-300.00003,0,0
-23.769855,44.002483,-300.00003,0,0
-24.769855,44.002483,-300.00003,0,0
-25.769855,44.002483,-300.00003,0,0
-26.769855,44.002483,-300.00003,0,0
-27.769855,44.002483,-300.00003,0,0
-28.769855,44.002483,-300.00003,0,0
-29.769855,44.002483,-300.00003,0,0
-30.769855,44.002483,-300.00003,0,0
-31.769855,44.002483,-300.00003,0,0
-32.769855,44.002483,-300.00003,0,0
-33.769855,44.002483,-300.00003,0,0
-34.769855,44.002483,-300.00003,0,0
-35.769855,44.002483,-300.00003,0,0
-36.769855,44.002483,-300.00003,0,0
-37.769855,44.002483,-300.00003,0,0
-38.769855,44.002483,-300.00003,0,0
-39.769855,44.002483,-300.00003,0,0
-40.769855,44.002483,-300.00003,0,0
-41.769855,44.002483,-300.00003,0,0
-42.769855,44.002483,-300.00003,0,0
-43.769855,44.002483,-300.00003,0,0
-44.769855,44.002483,-300.00003,0,0
-45.769855,44.002483,-300.00003,0,0
-46.769855,44.002483,-300.00003,0,0
-47.769855,44.002483,-300.00003,0,0
-48.769855,44.002483,-300.00003,0,0
-49.769855,44.002483,-300.00003,0,0
49.230145,43.002483,-300.00003,0,0
48.230145,43.002483,-300.00003,0,0
47.230145,43.002483,-300.00003,0,0
46.230145,43.002483,-300.00003,0,0
45.230145,43.002483,-300.00003,0,0
44.230145,43.002483,-300.00003,0,0
43.230145,43.002483,-300.00003,0,0
42.230145,43.002483,-300.00003,0,0
41.230145,43.002483,-300.00003,0,0
40.230145,43.002483,-300.00003,0,0
39.230145,43.002483,-300.00003,0,0
38.230145,43.002483,-300.00003,0,0
37.230145,43.002483,-300.00003,0,0
36.230145,43.002483,-300.00003,0,0
35.230145,43.002483,-300.00003,0,0
34.230145,43.002483,-300.00003,0,0
33.230145,43.002483,-300.00003,0,0
32.230145,43.002483,-300.00003,0,0
31.230145,43.002483,-300.00003,0,0
30.230145,43.002483,-300.00003,0,0
29.230145,43.002483,-300.00003,0,0
28.230145,43.002483,-300.00003,0,0
27.230145,43.002483,-300.00003,0,0
26.230145,43.002483,-300.00003,0,0
25.230145,43.002483,-300.00003,0,0
24.230145,43.002483,-300.00003,0,0
23.230145,43.002483,-300.00003,0,0
22.230145,43.002483,-300.00003,0,0
21.230145,43.002483,-300.00003,0,0
20.230145,43.002483,-300.00003,0,0
19.230145,43.002483,-300.00003,0,0
18.230145,43.002483,-300.00003,0,0
17.230145,43.002483,-300.00003,0,0
16.230145,43.002483,-300.00003,0,0
15.2301445,43.002483,-300.00003,0,0
14.2301445,43.002483,-300.00003,0,0
13.2301445,43.002483,-300.00003,0,0
12.2301445,43.002483,-300.00003,0,0
11.2301445,43.002483,-300.00003,0,0
10.2301445,43.002483,-300.00003,0,0
9.2301445,43.002483,-300.00003,0,0
8.2301445,43.002483,-300.00003,0,0
7.2301445,43.002483,-300.00003,0,0
6.2301445,43.002483,-300.00003,0,0
5.2301445,43.002483,-300.00003,0,0
4.2301445,43.002483,-300.00003,0,0
3.2301445,43.002483,-300.00003,0,0
2.2301445,43.002483,-300.00003,0,0
1.2301445,43.002483,-300.00003,0,0
0.2301445,43.002483,-300.00003,0,0
-0.7698555,43.002483,-300.00003,0,0
-1.7698555,43.002483,-300.00003,0,0
-2.7698555,43.002483,-300.00003,0,0
-3.7698555,43.002483,-300.00003,0,0
-4.7698555,43.002483,-300.00003,0,0
-5.7698555,43.002483,-300.00003,0,0
-6.7698555,43.002483,-300.00003,0,0
-7.7698555,43.002483,-300.00003,0,0
-8.7698555,43.002483,-300.00003,0,0
-9.7698555,43.002483,-300.00003,0,0
-10.7698555,43.002483,-300.00003,0,0
-11.7698555,43.002483,-300.00003,0,0
-12.7698555,43.002483,-300.00003,0,0
-13.7698555,43.002483,-300.00003,0,0
-14.7698555,43.002483,-300.00003,0,0
-15.7698555,43.002483,-300.00003,0,0
-16.769855,43.002483,-300.00003,0,0
-17.769855,43.002483,-300.00003,0,0
-18.769855,43.002483,-300.00003,0,0
-19.769855,43.002483,-300.00003,0,0
-20.769855,43.002483,-300.00003,0,0
-21.769855,43.002483,-300.00003,0,0
-22.769855,43.002483,-300.00003,0,0
-23.769855,43.002483,-300.00003,0,0
-24.769855,43.002483,-300.00003,0,0
-25.769855,43.002483,-300.00003,0,0
-26.769855,43.002483,-300.00003,0,0
-27.769855,43.002483,-300.00003,0,0
-28.769855,43.002483,-300.00003,0,0
-29.769855,43.002483,-300.00003,0,0
-30.769855,43.002483,-300.00003,0,0
-31.769855,43.002483,-300.00003,0,0
-32.769855,43.002483,-300.00003,0,0
-33.769855,43.002483,-300.00003,0,0
-34.769855,43.002483,-300.00003,0,0
-35.769855,43.002483,-300.00003,0,0
-36.769855,43.002483,-300.00003,0,0
-37.769855,43.002483,-300.00003,0,0
-38.769855,43.002483,-300.00003,0,0
-39.769855,43.002483,-300.00003,0,0
-40.769855,43.002483,-300.00003,0,0
-41.769855,43.002483,-300.00003,0,0
-42.769855,43.002483,-300.00003,0,0
-43.769855,43.002483,-300.00003,0,0
-44.769855,43.002483,-300.00003,0,0
-45.769855,43.002483,-300.00003,0,0
-46.769855,43.002483,-300.00003,0,0
-47.769855,43.002483,-300.00003,0,0
-48.769855,43.002483,-300.00003,0,0
-49.769855,43.002483,-300.00003,0,0
49.230145,42.002483,-300.00003,0,0
48.230145,42.002483,-300.00003,0,0
47.230145,42.002483,-300.00003,0,0
46.230145,42.002483,-300.00003,0,0
45.230145,42.002483,-300.00003,0,0
44.230145,42.002483,-300.00003,0,0
43.230145,42.002483,-300.00003,0,0
42.230145,42.002483,-300.00003,0,0
41.230145,42.002483,-300.00003,0,0
40.230145,42.002483,-300.00003,0,0
39.230145,42.002483,-300.00003,0,0
38.230145,42.002483,-300.00003,0,0
37.230145,42.002483,-300.00003,0,0
36.230145,42.002483,-300.00003,0,0
35.230145,42.002483,-300.00003,0,0
34.230145,42.002483,-300.00003,0,0
33.230145,42.002483,-300.00003,0,0
32.230145,42.002483,-300.00003,0,0
31.230145,42.002483,-300.00003,0,0
30.230145,42.002483,-300.00003,0,0
29.230145,42.002483,-300.00003,0,0
28.230145,42.002483,-300.00003,0,0
27.230145,42.002483,-300.00003,0,0
26.230145,42.002483,-300.00003,0,0
25.230145,42.002483,-300.00003,0,0
24.230145,42.002483,-300.00003,0,0
23.230145,42.002483,-300.00003,0,0
22.230145,42.002483,-300.00003,0,0
21.230145,42.002483,-300.00003,0,0
20.230145,42.002483,-300.00003,0,0
19.230145,42.002483,-300.00003,0,0
18.230145,42.002483,-300.00003,0,0
17.230145,42.002483,-300.00003,0,0
16.230145,42.002483,-300.00003,0,0
15.2301445,42.002483,-300.00003,0,0
14.2301445,42.002483,-300.00003,0,0
13.2301445,42.002483,-300.00003,0,0
12.2301445,42.002483,-300.00003,0,0
11.2301445,42.002483,-300.00003,0,0
10.2301445,42.002483,-300.00003,0,0
9.2301445,42.002483,-300.00003,0,0
8.2301445,42.002483,-300.00003,0,0
7.2301445,42.002483,-300.00003,0,0
6.2301445,42.002483,-300.00003,0,0
5.2301445,42.002483,-300.00003,0,0
4.2301445,42.002483,-300.00003,0,0
3.2301445,42.002483,-300.00003,0,0
2.2301445,42.002483,-300.00003,0,0
1.2301445,42.002483,-300.00003,0,0
0.2301445,42.002483,-300.00003,0,0
-0.7698555,42.002483,-300.00003,0,0
-1.7698555,42.002483,-300.00003,0,0
-2.7698555,42.002483,-300.00003,0,0
-3.7698555,42.002483,-300.00003,0,0
-4.7698555,42.002483,-300.00003,0,0
-5.7698555,42.002483,-300.00003,0,0
-6.7698555,42.002483,-300.00003,0,0
-7.7698555,42.002483,-300.00003,0,0
-8.7698555,42.002483,-300.00003,0,0
-9.7698555,42.002483,-300.00003,0,0
-10.7698555,42.002483,-300.00003,0,0
-11.7698555,42.002483,-300.00003,0,0
-12.7698555,42.002483,-300.00003,0,0
-13.7698555,42.002483,-300.00003,0,0
-14.7698555,42.002483,-300.00003,0,0
-15.7698555,42.002483,-300.00003,0,0
-16.769855,42.002483,-300.00003,0,0
-17.769855,42.002483,-300.00003,0,0
-18.769855,42.002483,-300.00003,0,0
-19.769855,42.002483,-300.00003,0,0
-20.769855,42.002483,-300.00003,0,0
-21.769855,42.002483,-300.00003,0,0
-22.769855,42.002483,-300.00003,0,0
-23.769855,42.002483,-300.00003,0,0
-24.769855,42.002483,-300.00003,0,0
-25.769855,42.002483,-300.00003,0,0
-26.769855,42.002483,-300.00003,0,0
-27.769855,42.002483,-300.00003,0,0
-28.769855,42.002483,-300.00003,0,0
-29.769855,42.002483,-300.00003,0,0
-30.769855,42.002483,-300.00003,0,0
-31.769855,42.002483,-300.00003,0,0
-32.769855,42.002483,-300.00003,0,0
-33.769855,42.002483,-300.00003,0,0
-34.769855,42.002483,-300.00003,0,0
-35.769855,42.002483,-300.00003,0,0
-36.769855,42.002483,-300.00003,0,0
-37.769855,42.002483,-300.00003,0,0
-38.769855,42.002483,-300.00003,0,0
-39.769855,42.002483,-300.00003,0,0
-40.769855,42.002483,-300.00003,0,0
-41.769855,42.002483,-300.00003,0,0
-42.769855,42.002483,-300.00003,0,0
-43.769855,42.002483,-300.00003,0,0
-44.769855,42.002483,-300.00003,0,0
-45.769855,42.002483,-300.00003,0,0
-46.769855,42.002483,-300.00003,0,0
-47.769855,42.002483,-300.00003,0,0
-48.769855,42.002483,-300.00003,0,0
-49.769855,42.002483,-300.00003,0,0
49.230145,41.002483,-300.00003,0,0
48.230145,41.002483,-300.00003,0,0
47.230145,41.002483,-300.00003,0,0
46.230145,41.002483,-300.00003,0,0
45.230145,41.002483,-300.00003,0,0
44.230145,41.002483,-300.00003,0,0
43.230145,41.002483,-300.00003,0,0
42.230145,41.002483,-300.00003,0,0
41.230145,41.002483,-300.00003,0,0
40.230145,41.002483,-300.00003,0,0
39.230145,41.002483,-300.00003,0,0
38.230145,41.002483,-300.00003,0,0
37.230145,41.002483,-300.00003,0,0
36.230145,41.002483,-300.00003,0,0
35.230145,41.002483,-300.00003,0,0
34.230145,41.002483,-300.00003,0,0
33.230145,41.002483,-300.00003,0,0
32.230145,41.002483,-300.00003,0,0
31.230145,41.002483,-300.00003,0,0
30.230145,41.002483,-300.00003,0,0
29.230145,41.002483,-300.00003,0,0
28.230145,41.002483,-300.00003,0,0
27.230145,41.002483,-300.00003,0,0
26.230145,41.002483,-300.00003,0,0
25.230145,41.002483,-300.00003,0,0
24.230145,41.002483,-300.00003,0,0
23.230145,41.002483,-300.00003,0,0
22.230145,41.002483,-300.00003,0,0
21.230145,41.002483,-300.00003,0,0
20.230145,41.002483,-300.00003,0,0
19.230145,41.002483,-300.00003,0,0
18.230145,41.002483,-300.00003,0,0
17.230145,41.002483,-300.00003,0,0
16.230145,41.002483,-300.00003,0,0
15.2301445,41.002483,-300.00003,0,0
14.2301445,41.002483,-300.00003,0,0
13.2301445,41.002483,-300.00003,0,0
12.2301445,41.002483,-300.00003,0,0
11.2301445,41.002483,-300.00003,0,0
10.2301445,41.002483,-300.00003,0,0
9.2301445,41.002483,-300.00003,0,0
8.2301445,41.002483,-300.00003,0,0
7.2301445,41.002483,-300.00003,0,0
6.2301445,41.002483,-300.00003,0,0
5.2301445,41.002483,-300.00003,0,0
4.2301445,41.002483,-300.00003,0,0
3.2301445,41.002483,-300.00003,0,0
2.2301445,41.002483,-300.00003,0,0
1.2301445,41.002483,-300.00003,0,0
0.2301445,41.002483,-300.00003,0,0
-0.7698555,41.002483,-300.00003,0,0
-1.7698555,41.002483,-300.00003,0,0
-2.7698555,41.002483,-300.00003,0,0
-3.7698555,41.002483,-300.00003,0,0
-4.7698555,41.002483,-300.00003,0,0
-5.7698555,41.002483,-300.00003,0,0
-6.7698555,41.002483,-300.00003,0,0
-7.7698555,41.002483,-300.00003,0,0
-8.7698555,41.002483,-300.00003,0,0
-9.7698555,41.002483,-300.00003,0,0
-10.7698555,41.002483,-300.00003,0,0
-11.7698555,41.002483,-300.00003,0,0
-12.7698555,41.002483,-300.00003,0,0
-13.7698555,41.002483,-300.00003,0,0
-14.7698555,41.002483,-300.00003,0,0
-15.7698555,41.002483,-300.00003,0,0
-16.769855,41.002483,-300.00003,0,0
-17.769855,41.002483,-300.00003,0,0
-18.769855,41.002483,-300.00003,0,0
-19.769855,41.002483,-300.00003,0,0
-20.769855,41.002483,-300.00003,0,0
-21.769855,41.002483,-300.00003,0,0
-22.769855,41.002483,-300.00003,0,0
-23.769855,41.002483,-300.00003,0,0
-24.769855,41.002483,-300.00003,0,0
-25.769855,41.002483,-300.00003,0,0
-26.769855,41.002483,-300.00003,0,0
-27.769855,41.002483,-300.00003,0,0
-28.769855,41.002483,-300.00003,0,0
-29.769855,41.002483,-300.00003,0,0
-30.769855,41.002483,-300.00003,0,0
-31.769855,41.002483,-300.00003,0,0
-32.769855,41.002483,-300.00003,0,0
-33.769855,41.002483,-300.00003,0,0
-34.769855,41.002483,-300.00003,0,0
-35.769855,41.002483,-300.00003,0,0
-36.769855,41.002483,-300.00003,0,0
-37.769855,41.002483,-300.00003,0,0
-38.769855,41.002483,-300.00003,0,0
-39.769855,41.002483,-300.00003,0,0
-40.769855,41.002483,-300.00003,0,0
-41.769855,41.002483,-300.00003,0,0
-42.769855,41.002483,-300.00003,0,0
-43.769855,41.002483,-300.00003,0,0
-44.769855,41.002483,-300.00003,0,0
-45.769855,41.002483,-300.00003,0,0
-46.769855,41.002483,-300.00003,0,0
-47.769855,41.002483,-300.00003,0,0
-48.769855,41.002483,-300.00003,0,0
-49.769855,41.002483,-300.00003,0,0
49.230145,40.002483,-300.00003,0,0
48.230145,40.002483,-300.00003,0,0
47.230145,40.002483,-300.00003,0,0
46.230145,40.002483,-300.00003,0,0
45.230145,40.002483,-300.00003,0,0
44.230145,40.002483,-300.00003,0,0
43.230145,40.002483,-300.00003,0,0
42.230145,40.002483,-300.00003,0,0
41.230145,40.002483,-300.00003,0,0
40.230145,40.002483,-300.00003,0,0
39.230145,40.002483,-300.00003,0,0
38.230145,40.002483,-300.00003,0,0
37.230145,40.002483,-300.00003,0,0
36.230145,40.002483,-300.00003,0,0
35.230145,40.002483,-300.00003,0,0
34.230145,40.002483,-300.00003,0,0
33.230145,40.002483,-300.00003,0,0
32.230145,40.002483,-300.00003,0,0
31.230145,40.002483,-300.00003,0,0
30.230145,40.002483,-300.00003,0,0
29.230145,40.002483,-300.00003,0,0
28.230145,40.002483,-300.00003,0,0
27.230145,40.002483,-300.00003,0,0
26.230145,40.002483,-300.00003,0,0
25.230145,40.002483,-300.00003,0,0
24.230145,40.002483,-300.00003,0,0
23.230145,40.002483,-300.00003,0,0
22.230145,40.002483,-300.00003,0,0
21.230145,40.002483,-300.00003,0,0
20.230145,40.002483,-300.00003,0,0
19.230145,40.002483,-300.00003,0,0
18.230145,40.002483,-300.00003,0,0
17.230145,40.002483,-300.00003,0,0
16.230145,40.002483,-300.00003,0,0
15.2301445,40.002483,-300.00003,0,0
14.2301445,40.002483,-300.00003,0,0
13.2301445,40.002483,-300.00003,0,0
12.2301445,40.002483,-300.00003,0,0
11.2301445,40.002483,-300.00003,0,0
10.2301445,40.002483,-300.00003,0,0
9.2301445,40.002483,-300.00003,0,0
8.2301445,40.002483,-300.00003,0,0
7.2301445,40.002483,-300.00003,0,0
6.2301445,40.002483,-300.00003,0,0
5.2301445,40.002483,-300.00003,0,0
4.2301445,40.002483,-300.00003,0,0
3.2301445,40.002483,-300.00003,0,0
2.2301445,40.002483,-300.00003,0,0
1.2301445,40.002483,-300.00003,0,0
0.2301445,40.002483,-300.00003,0,0
-0.7698555,40.002483,-300.00003,0,0
-1.7698555,40.002483,-300.00003,0,0
-2.7698555,40.002483,-300.00003,0,0
-3.7698555,40.002483,-300.00003,0,0
-4.7698555,40.002483,-300.00003,0,0
-5.7698555,40.002483,-300.00003,0,0
-6.7698555,40.002483,-300.00003,0,0
-7.7698555,40.002483,-300.00003,0,0
-8.7698555,40.002483,-300.00003,0,0
-9.7698555,40.002483,-300.00003,0,0
-10.7698555,40.002483,-300.00003,0,0
-11.7698555,40.002483,-300.00003,0,0
-12.7698555,40.002483,-300.00003,0,0
-13.7698555,40.002483,-300.00003,0,0
-14.7698555,40.002483,-300.00003,0,0
-15.7698555,40.002483,-300.00003,0,0
-16.769855,40.002483,-300.00003,0,0
-17.769855,40.002483,-300.00003,0,0
-18.769855,40.002483,-300.00003,0,0
-19.769855,40.002483,-300.00003,0,0
-20.769855,40.002483,-300.00003,0,0
-21.769855,40.002483,-300.00003,0,0
-22.769855,40.002483,-300.00003,0,0
-23.769855,40.002483,-300.00003,0,0
-24.769855,40.002483,-300.00003,0,0
-25.769855,40.002483,-300.00003,0,0
-26.769855,40.002483,-300.00003,0,0
-27.769855,40.002483,-300.00003,0,0
-28.769855,40.002483,-300.00003,0,0
-29.769855,40.002483,-300.00003,0,0
-30.769855,40.002483,-300.00003,0,0
-31.769855,40.002483,-300.00003,0,0
-32.769855,40.002483,-300.00003,0,0
-33.769855,40.002483,-300.00003,0,0
-34.769855,40.002483,-300.00003,0,0
-35.769855,40.002483,-300.00003,0,0
-36.769855,40.002483,-300.00003,0,0
-37.769855,40.002483,-300.00003,0,0
-38.769855,40.002483,-300.00003,0,0
-39.769855,40.002483,-300.00003,0,0
-40.769855,40.002483,-300.00003,0,0
-41.769855,40.002483,-300.00003,0,0
-42.769855,40.002483,-300.00003,0,0
-43.769855,40.002483,-300.00003,0,0
-44.769855,40.002483,-300.00003,0,0
-45.769855,40.002483,-300.00003,0,0
-46.769855,40.002483,-300.00003,0,0
-47.769855,40.002483,-300.00003,0,0
-48.769855,40.002483,-300.00003,0,0
-49.769855,40.002483,-300.00003,0,0
49.230145,39.002483,-300.00003,0,0
48.230145,39.002483,-300.00003,0,0
47.230145,39.002483,-300.00003,0,0
46.230145,39.002483,-300.00003,0,0
45.230145,39.002483,-300.00003,0,0
44.230145,39.002483,-300.00003,0,0
43.230145,39.002483,-300.00003,0,0
42.230145,39.002483,-300.00003,0,0
41.230145,39.002483,-300.00003,0,0
40.230145,39.002483,-300.00003,0,0
39.230145,39.002483,-300.00003,0,0
38.230145,39.002483,-300.00003,0,0
37.230145,39.002483,-300.00003,0,0
36.230145,39.002483,-300.00003,0,0
35.230145,39.002483,-300.00003,0,0
34.230145,39.002483,-300.00003,0,0
33.230145,39.002483,-300.00003,0,0
32.230145,39.002483,-300.00003,0,0
31.230145,39.002483,-300.00003,0,0
30.230145,39.002483,-300.00003,0,0
29.230145,39.002483,-300.00003,0,0
28.230145,39.002483,-300.00003,0,0
27.230145,39.002483,-300.00003,0,0
26.230145,39.002483,-300.00003,0,0
25.230145,39.002483,-300.00003,0,0
24.230145,39.002483,-300.00003,0,0
23.230145,39.002483,-300.00003,0,0
22.230145,39.002483,-300.00003,0,0
21.230145,39.002483,-300.00003,0,0
20.230145,39.002483,-300.00003,0,0
19.230145,39.002483,-300.00003,0,0
18.230145,39.002483,-300.00003,0,0
17.230145,39.002483,-300.00003,0,0
16.230145,39.002483,-300.00003,0,0
15.2301445,39.002483,-300.00003,0,0
14.2301445,39.002483,-300.00003,0,0
13.2301445,39.002483,-300.00003,0,0
12.2301445,39.002483,-300.00003,0,0
11.2301445,39.002483,-300.00003,0,0
10.2301445,39.002483,-300.00003,0,0
9.2301445,39.002483,-300.00003,0,0
8.2301445,39.002483,-300.00003,0,0
7.2301445,39.002483,-300.00003,0,0
6.2301445,39.002483,-300.00003,0,0
5.2301445,39.002483,-300.00003,0,0
4.2301445,39.002483,-300.00003,0,0
3.2301445,39.002483,-300.00003,0,0
2.2301445,39.002483,-300.00003,0,0
1.2301445,39.002483,-300.00003,0,0
0.2301445,39.002483,-300.00003,0,0
-0.7698555,39.002483,-300.00003,0,0
-1.7698555,39.002483,-300.00003,0,0
-2.7698555,39.002483,-300.00003,0,0
-3.7698555,39.002483,-300.00003,0,0
-4.7698555,39.002483,-300.00003,0,0
-5.7698555,39.002483,-300.00003,0,0
-6.7698555,39.002483,-300.00003,0,0
-7.7698555,39.002483,-300.00003,0,0
-8.7698555,39.002483,-300.00003,0,0
-9.7698555,39.002483,-300.00003,0,0
-10.7698555,39.002483,-300.00003,0,0
-11.7698555,39.002483,-300.00003,0,0
-12.7698555,39.002483,-300.00003,0,0
-13.7698555,39.002483,-300.00003,0,0
-14.7698555,39.002483,-300.00003,0,0
-15.7698555,39.002483,-300.00003,0,0
-16.769855,39.002483,-300.00003,0,0
-17.769855,39.002483,-300.00003,0,0
-18.769855,39.002483,-300.00003,0,0
-19.769855,39.002483,-300.00003,0,0
-20.769855,39.002483,-300.00003,0,0
-21.769855,39.002483,-300.00003,0,0
-22.769855,39.002483,-300.00003,0,0
-23.769855,39.002483,-300.00003,0,0
-24.769855,39.002483,-300.00003,0,0
-25.769855,39.002483,-300.00003,0,0
-26.769855,39.002483,-300.00003,0,0
-27.769855,39.002483,-300.00003,0,0
-28.769855,39.002483,-300.00003,0,0
-29.769855,39.002483,-300.00003,0,0
-30.769855,39.002483,-300.00003,0,0
-31.769855,39.002483,-300.00003,0,0
-32.769855,39.002483,-300.00003,0,0
-33.769855,39.002483,-300.00003,0,0
-34.769855,39.002483,-300.00003,0,0
-35.769855,39.002483,-300.00003,0,0
-36.769855,39.002483,-300.00003,0,0
-37.769855,39.002483,-300.00003,0,0
-38.769855,39.002483,-300.00003,0,0
-39.769855,39.002483,-300.00003,0,0
-40.769855,39.002483,-300.00003,0,0
-41.769855,39.002483,-300.00003,0,0
-42.769855,39.002483,-300.00003,0,0
-43.769855,39.002483,-300.00003,0,0
-44.769855,39.002483,-300.00003,0,0
-45.769855,39.002483,-300.00003,0,0
-46.769855,39.002483,-300.00003,0,0
-47.769855,39.002483,-300.00003,0,0
-48.769855,39.002483,-300.00003,0,0
-49.769855,39.002483,-300.00003,0,0
49.230145,38.002483,-300.00003,0,0
48.230145,38.002483,-300.00003,0,0
47.230145,38.002483,-300.00003,0,0
46.230145,38.002483,-300.00003,0,0
45.230145,38.002483,-300.00003,0,0
44.230145,38.002483,-300.00003,0,0
43.230145,38.002483,-300.00003,0,0
42.230145,38.002483,-300.00003,0,0
41.230145,38.002483,-300.00003,0,0
40.230145,38.002483,-300.00003,0,0
39.230145,38.002483,-300.00003,0,0
38.230145,38.002483,-300.00003,0,0
37.230145,38.002483,-300.00003,0,0
36.230145,38.002483,-300.00003,0,0
35.230145,38.002483,-300.00003,0,0
34.230145,38.002483,-300.00003,0,0
33.230145,38.002483,-300.00003,0,0
32.230145,38.002483,-300.00003,0,0
31.230145,38.002483,-300.00003,0,0
30.230145,38.002483,-300.00003,0,0
29.230145,38.002483,-300.00003,0,0
28.230145,38.002483,-300.00003,0,0
27.230145,38.002483,-300.00003,0,0
26.230145,38.002483,-300.00003,0,0
25.230145,38.002483,-300.00003,0,0
24.230145,38.002483,-300.00003,0,0
23.230145,38.002483,-300.00003,0,0
22.230145,38.002483,-300.00003,0,0
21.230145,38.002483,-300.00003,0,0
20.230145,38.002483,-300.00003,0,0
19.230145,38.002483,-300.00003,0,0
18.230145,38.002483,-300.00003,0,0
17.230145,38.002483,-300.00003,0,0
16.230145,38.002483,-300.00003,0,0
15.2301445,38.002483,-300.00003,0,0
14.2301445,38.002483,-300.00003,0,0
13.2301445,38.002483,-300.00003,0,0
12.2301445,38.002483,-300.00003,0,0
11.2301445,38.002483,-300.00003,0,0
10.2301445,38.002483,-300.00003,0,0
9.2301445,38.002483,-300.00003,0,0
8.2301445,38.002483,-300.00003,0,0
7.2301445,38.002483,-300.00003,0,0
6.2301445,38.002483,-300.00003,0,0
5.2301445,38.002483,-300.00003,0,0
4.2301445,38.002483,-300.00003,0,0
3.2301445,38.002483,-300.00003,0,0
2.2301445,38.002483,-300.00003,0,0
1.2301445,38.002483,-300.00003,0,0
0.2301445,38.002483,-300.00003,0,0
-0.7698555,38.002483,-300.00003,0,0
-1.7698555,38.002483,-300.00003,0,0
-2.7698555,38.002483,-300.00003,0,0
-3.7698555,38.002483,-300.00003,0,0
-4.7698555,38.002483,-300.00003,0,0
-5.7698555,38.002483,-300.00003,0,0
-6.7698555,38.002483,-300.00003,0,0
-7.7698555,38.002483,-300.00003,0,0
-8.7698555,38.002483,-300.00003,0,0
-9.7698555,38.002483,-300.00003,0,0
-10.7698555,38.002483,-300.00003,0,0
-11.7698555,38.002483,-300.00003,0,0
-12.7698555,38.002483,-300.00003,0,0
-13.7698555,38.002483,-300.00003,0,0
-14.7698555,38.002483,-300.00003,0,0
-15.7698555,38.002483,-300.00003,0,0
-16.769855,38.002483,-300.00003,0,0
-17.769855,38.002483,-300.00003,0,0
-18.769855,38.002483,-300.00003,0,0
-19.769855,38.002483,-300.00003,0,0
-20.769855,38.002483,-300.00003,0,0
-21.769855,38.002483,-300.00003,0,0
-22.769855,38.002483,-300.00003,0,0
-23.769855,38.002483,-300.00003,0,0
-24.769855,38.002483,-300.00003,0,0
-25.769855,38.002483,-300.00003,0,0
-26.769855,38.002483,-300.00003,0,0
-27.769855,38.002483,-300.00003,0,0
-28.769855,38.002483,-300.00003,0,0
-29.769855,38.002483,-300.00003,0,0
-30.769855,38.002483,-300.00003,0,0
-31.769855,38.002483,-300.00003,0,0
-32.769855,38.002483,-300.00003,0,0
-33.769855,38.002483,-300.00003,0,0
-34.769855,38.002483,-300.00003,0,0
-35.769855,38.002483,-300.00003,0,0
-36.769855,38.002483,-300.00003,0,0
-37.769855,38.002483,-300.00003,0,0
-38.769855,38.002483,-300.00003,0,0
-39.769855,38.002483,-300.00003,0,0
-40.769855,38.002483,-300.00003,0,0
-41.769855,38.002483,-300.00003,0,0
-42.769855,38.002483,-300.00003,0,0
-43.769855,38.002483,-300.00003,0,0
-44.769855,38.002483,-300.00003,0,0
-45.769855,38.002483,-300.00003,0,0
-46.769855,38.002483,-300.00003,0,0
-47.769855,38.002483,-300.00003,0,0
-48.769855,38.002483,-300.00003,0,0
-49.769855,38.002483,-300.00003,0,0
49.230145,37.002483,-300.00003,0,0
48.230145,37.002483,-300.00003,0,0
47.230145,37.002483,-300.00003,0,0
46.230145,37.002483,-300.00003,0,0
45.230145,37.002483,-300.00003,0,0
44.230145,37.002483,-300.00003,0,0
43.230145,37.002483,-300.00003,0,0
42.230145,37.002483,-300.00003,0,0
41.230145,37.002483,-300.00003,0,0
40.230145,37.002483,-300.00003,0,0
39.230145,37.002483,-300.00003,0,0
38.230145,37.002483,-300.00003,0,0
37.230145,37.002483,-300.00003,0,0
36.230145,37.002483,-300.00003,0,0
35.230145,37.002483,-300.00003,0,0
34.230145,37.002483,-300.00003,0,0
33.230145,37.002483,-300.00003,0,0
32.230145,37.002483,-300.00003,0,0
31.230145,37.002483,-300.00003,0,0
30.230145,37.002483,-300.00003,0,0
29.230145,37.002483,-300.00003,0,0
28.230145,37.002483,-300.00003,0,0
27.230145,37.002483,-300.00003,0,0
26.230145,37.002483,-300.00003,0,0
25.230145,37.002483,-300.00003,0,0
24.230145,37.002483,-300.00003,0,0
23.230145,37.002483,-300.00003,0,0
22.230145,37.002483,-300.00003,0,0
21.230145,37.002483,-300.00003,0,0
20.230145,37.002483,-300.00003,0,0
19.230145,37.002483,-300.00003,0,0
18.230145,37.002483,-300.00003,0,0
17.230145,37.002483,-300.00003,0,0
16.230145,37.002483,-300.00003,0,0
15.2301445,37.002483,-300.00003,0,0
14.2301445,37.002483,-300.00003,0,0
13.2301445,37.002483,-300.00003,0,0
12.2301445,37.002483,-300.00003,0,0
11.2301445,37.002483,-300.00003,0,0
10.2301445,37.002483,-300.00003,0,0
9.2301445,37.002483,-300.00003,0,0
8.2301445,37.002483,-300.00003,0,0
7.2301445,37.002483,-300.00003,0,0
6.2301445,37.002483,-300.00003,0,0
5.2301445,37.002483,-300.00003,0,0
4.2301445,37.002483,-300.00003,0,0
3.2301445,37.002483,-300.00003,0,0
2.2301445,37.002483,-300.00003,0,0
1.2301445,37.002483,-300.00003,0,0
0.2301445,37.002483,-300.00003,0,0
-0.7698555,37.002483,-300.00003,0,0
-1.7698555,37.002483,-300.00003,0,0
-2.7698555,37.002483,-300.00003,0,0
-3.7698555,37.002483,-300.00003,0,0
-4.7698555,37.002483,-300.00003,0,0
-5.7698555,37.002483,-300.00003,0,0
-6.7698555,37.002483,-300.00003,0,0
-7.7698555,37.002483,-300.00003,0,0
-8.7698555,37.002483,-300.00003,0,0
-9.7698555,37.002483,-300.00003,0,0
-10.7698555,37.002483,-300.00003,0,0
-11.7698555,37.002483,-300.00003,0,0
-12.7698555,37.002483,-300.00003,0,0
-13.7698555,37.002483,-300.00003,0,0
-14.7698555,37.002483,-300.00003,0,0
-15.7698555,37.002483,-300.00003,0,0
-16.769855,37.002483,-300.00003,0,0
-17.769855,37.002483,-300.00003,0,0
-18.769855,37.002483,-300.00003,0,0
-19.769855,37.002483,-300.00003,0,0
-20.769855,37.002483,-300.00003,0,0
-21.769855,37.002483,-300.00003,0,0
-22.769855,37.002483,-300.00003,0,0
-23.769855,37.002483,-300.00003,0,0
-24.769855,37.002483,-300.00003,0,0
-25.769855,37.002483,-300.00003,0,0
-26.769855,37.002483,-300.00003,0,0
-27.769855,37.002483,-300.00003,0,0
-28.769855,37.002483,-300.00003,0,0
-29.769855,37.002483,-300.00003,0,0
-30.769855,37.002483,-300.00003,0,0
-31.769855,37.002483,-300.00003,0,0
-32.769855,37.002483,-300.00003,0,0
-33.769855,37.002483,-300.00003,0,0
-34.769855,37.002483,-300.00003,0,0
-35.769855,37.002483,-300.00003,0,0
-36.769855,37.002483,-300.00003,0,0
-37.769855,37.002483,-300.00003,0,0
-38.769855,37.002483,-300.00003,0,0
-39.769855,37.002483,-300.00003,0,0
-40.769855,37.002483,-300.00003,0,0
-41.769855,37.002483,-300.00003,0,0
-42.769855,37.002483,-300.00003,0,0
-43.769855,37.002483,-300.00003,0,0
-44.769855,37.002483,-300.00003,0,0
-45.769855,37.002483,-300.00003,0,0
-46.769855,37.002483,-300.00003,0,0
-47.769855,37.002483,-300.00003,0,0
-48.769855,37.002483,-300.00003,0,0
-49.769855,37.002483,-300.00003,0,0
49.230145,36.002483,-300.00003,0,0
48.230145,36.002483,-300.00003,0,0
47.230145,36.002483,-300.00003,0,0
46.230145,36.002483,-300.00003,0,0
45.230145,36.002483,-300.00003,0,0
44.230145,36.002483,-300.00003,0,0
43.230145,36.002483,-300.00003,0,0
42.230145,36.002483,-300.00003,0,0
41.230145,36.002483,-300.00003,0,0
40.230145,36.002483,-300.00003,0,0
39.230145,36.002483,-300.00003,0,0
38.230145,36.002483,-300.00003,0,0
37.230145,36.002483,-300.00003,0,0
36.230145,36.002483,-300.00003,0,0
35.230145,36.002483,-300.00003,0,0
34.230145,36.002483,-300.00003,0,0
33.230145,36.002483,-300.00003,0,0
32.230145,36.002483,-300.00003,0,0
31.230145,36.002483,-300.00003,0,0
30.230145,36.002483,-300.00003,0,0
29.230145,36.002483,-300.00003,0,0
28.230145,36.002483,-300.00003,0,0
27.230145,36.002483,-300.00003,0,0
26.230145,36.002483,-300.00003,0,0
25.230145,36.002483,-300.00003,0,0
24.230145,36.002483,-300.00003,0,0
23.230145,36.002483,-300.00003,0,0
22.230145,36.002483,-300.00003,0,0
21.230145,36.002483,-300.00003,0,0
20.230145,36.002483,-300.00003,0,0
19.230145,36.002483,-300.00003,0,0
18.230145,36.002483,-300.00003,0,0
17.230145,36.002483,-300.00003,0,0
16.230145,36.002483,-300.00003,0,0
15.2301445,36.002483,-300.00003,0,0
14.2301445,36.002483,-300.00003,0,0
13.2301445,36.002483,-300.00003,0,0
12.2301445,36.002483,-300.00003,0,0
11.2301445,36.002483,-300.00003,0,0
10.2301445,36.002483,-300.00003,0,0
9.2301445,36.002483,-300.00003,0,0
8.2301445,36.002483,-300.00003,0,0
7.2301445,36.002483,-300.00003,0,0
6.2301445,36.002483,-300.00003,0,3.999999
5.2301445,36.002483,-300.00003,0,0
4.2301445,36.002483,-300.00003,0,0
3.2301445,36.002483,-300.00003,0,0
2.2301445,36.002483,-300.00003,0,0
1.2301445,36.002483,-300.00003,0,0
0.2301445,36.002483,-300.00003,0,0
-0.7698555,36.002483,-300.00003,0,0
-1.7698555,36.002483,-300.00003,0,0
-2.7698555,36.002483,-300.00003,0,0
-3.7698555,36.002483,-300.00003,0,0
-4.7698555,36.002483,-300.00003,0,0
-5.7698555,36.002483,-300.00003,0,0
-6.7698555,36.002483,-300.00003,0,0
-7.7698555,36.002483,-300.00003,0,0
-8.7698555,36.002483,-300.00003,0,0
-9.7698555,36.002483,-300.00003,0,0
-10.7698555,36.002483,-300.00003,0,0
-11.7698555,36.002483,-300.00003,0,0
-12.7698555,36.002483,-300.00003,0,0
-13.7698555,36.002483,-300.00003,0,0
-14.7698555,36.002483,-300.00003,0,0
-15.7698555,36.002483,-300.00003,0,0
-16.769855,36.002483,-300.00003,0,0
-17.769855,36.002483,-300.00003,0,0
-18.769855,36.002483,-300.00003,0,0
-19.769855,36.002483,-300.00003,0,0
-20.769855,36.002483,-300.00003,0,0
-21.769855,36.002483,-300.00003,0,0
-22.769855,36.002483,-300.00003,0,0
-23.769855,36.002483,-300.00003,0,0
-24.769855,36.002483,-300.00003,0,0
-25.769855,36.002483,-300.00003,0,0
-26.769855,36.002483,-300.00003,0,0
-27.769855,36.002483,-300.00003,0,0
-28.769855,36.002483,-300.00003,0,0
-29.769855,36.002483,-300.00003,0,0
-30.769855,36.002483,-300.00003,0,0
-31.769855,36.002483,-300.00003,0,0
-32.769855,36.002483,-300.00003,0,0
-33.769855,36.002483,-300.00003,0,0
-34.769855,36.002483,-300.00003,0,0
-35.769855,36.002483,-300.00003,0,0
-36.769855,36.002483,-300.00003,0,0
-37.769855,36.002483,-300.00003,0,0
-38.769855,36.002483,-300.00003,0,0
-39.769855,36.002483,-300.00003,0,0
-40.769855,36.002483,-300.00003,0,0
-41.769855,36.002483,-300.00003,0,0
-42.769855,36.002483,-300.00003,0,0
-43.769855,36.002483,-300.00003,0,0
-44.769855,36.002483,-300.00003,0,0
-45.769855,36.002483,-300.00003,0,0
-46.769855,36.002483,-300.00003,0,0
-47.769855,36.002483,-300.00003,0,0
-48.769855,36.002483,-300.00003,0,0
-49.769855,36.002483,-300.00003,0,0
49.230145,35.002483,-300.00003,0,0
48.230145,35.002483,-300.00003,0,0
47.230145,35.002483,-300.00003,0,0
46.230145,35.002483,-300.00003,0,0
45.230145,35.002483,-300.00003,0,0
44.230145,35.002483,-300.00003,0,0
43.230145,35.002483,-300.00003,0,0
42.230145,35.002483,-300.00003,0,0
41.230145,35.002483,-300.00003,0,0
40.230145,35.002483,-300.00003,0,0
39.230145,35.002483,-300.00003,0,0
38.230145,35.002483,-300.00003,0,0
37.230145,35.002483,-300.00003,0,0
36.230145,35.002483,-300.00003,0,0
35.230145,35.002483,-300.00003,0,0
34.230145,35.002483,-300.00003,0,0
33.230145,35.002483,-300.00003,0,0
32.230145,35.002483,-300.00003,0,0
31.230145,35.002483,-300.00003,0,0
30.230145,35.002483,-300.00003,0,0
29.230145,35.002483,-300.00003,0,0
28.230145,35.002483,-300.00003,0,0
27.230145,35.002483,-300.00003,0,0
26.230145,35.002483,-300.00003,0,0
25.230145,35.002483,-300.00003,0,0
24.230145,35.002483,-300.00003,0,0
23.230145,35.002483,-300.00003,0,0
22.230145,35.002483,-300.00003,0,0
21.230145,35.002483,-300.00003,0,0
20.230145,35.002483,-300.00003,0,0
19.230145,35.002483,-300.00003,0,0
18.230145,35.002483,-300.00003,0,0
17.230145,35.002483,-300.00003,0,0
16.230145,35.002483,-300.00003,0,0
15.2301445,35.002483,-300.00003,0,0
14.2301445,35.002483,-300.00003,0,0
13.2301445,35.002483,-300.00003,0,0
12.2301445,35.002483,-300.00003,0,0
11.2301445,35.002483,-300.00003,0,0
10.2301445,35.002483,-300.00003,0,0
9.2301445,35.002483,-300.00003,0,0
8.2301445,35.002483,-300.00003,0,0
7.2301445,35.002483,-300.00003,0,0
6.2301445,35.002483,-300.00003,0,0
5.2301445,35.002483,-300.00003,0,0
4.2301445,35.002483,-300.00003,0,0
3.2301445,35.002483,-300.00003,0,0
2.2301445,35.002483,-300.00003,0,0
1.2301445,35.002483,-300.00003,0,0
0.2301445,35.002483,-300.00003,0,0
-0.7698555,35.002483,-300.00003,0,0
-1.7698555,35.002483,-300.00003,0,0
-2.7698555,35.002483,-300.00003,0,0
-3.7698555,35.002483,-300.00003,0,0
-4.7698555,35.002483,-300.00003,0,0
-5.7698555,35.002483,-300.00003,0,0
-6.7698555,35.002483,-300.00003,0,0
-7.7698555,35.002483,-300.00003,0,0
-8.7698555,35.002483,-300.00003,0,0
-9.7698555,35.002483,-300.00003,0,0
-10.7698555,35.002483,-300.00003,0,0
-11.7698555,35.002483,-300.00003,0,0
-12.7698555,35.002483,-300.00003,0,0
-13.7698555,35.002483,-300.00003,0,0
-14.7698555,35.002483,-300.00003,0,0
-15.7698555,35.002483,-300.00003,0,0
-16.769855,35.002483,-300.00003,0,0
-17.769855,35.002483,-300.00003,0,0
-18.769855,35.002483,-300.00003,0,0
-19.769855,35.002483,-300.00003,0,0
-20.769855,35.002483,-300.00003,0,0
-21.769855,35.002483,-300.00003,0,0
-22.769855,35.002483,-300.00003,0,0
-23.769855,35.002483,-300.00003,0,0
-24.769855,35.002483,-300.00003,0,0
-25.769855,35.002483,-300.00003,0,0
-26.769855,35.002483,-300.00003,0,0
-27.769855,35.002483,-300.00003,0,0
-28.769855,35.002483,-300.00003,0,0
-29.769855,35.002483,-300.00003,0,0
-30.769855,35.002483,-300.00003,0,0
-31.769855,35.002483,-300.00003,0,0
-32.769855,35.002483,-300.00003,0,0
-33.769855,35.002483,-300.00003,0,0
-34.769855,35.002483,-300.00003,0,0
-35.769855,35.002483,-300.00003,0,0
-36.769855,35.002483,-300.00003,0,0
-37.769855,35.002483,-300.00003,0,0
-38.769855,35.002483,-300.00003,0,0
-39.769855,35.002483,-300.00003,0,0
-40.769855,35.002483,-300.00003,0,0
-41.769855,35.002483,-300.00003,0,0
-42.769855,35.002483,-300.00003,0,0
-43.769855,35.002483,-300.00003,0,0
-44.769855,35.002483,-300.00003,0,0
-45.769855,35.002483,-300.00003,0,0
-46.769855,35.002483,-300.00003,0,0
-47.769855,35.002483,-300.00003,0,0
-48.769855,35.002483,-300.00003,0,0
-49.769855,35.002483,-300.00003,0,0
49.230145,34.002483,-300.00003,0,0
48.230145,34.002483,-300.00003,0,0
47.230145,34.002483,-300.00003,0,0
46.230145,34.002483,-300.00003,0,0
45.230145,34.002483,-300.00003,0,0
44.230145,34.002483,-300.00003,0,0
43.230145,34.002483,-300.00003,0,0
42.230145,34.002483,-300.00003,0,0
41.230145,34.002483,-300.00003,0,0
40.230145,34.002483,-300.00003,0,0
39.230145,34.002483,-300.00003,0,0
38.230145,34.002483,-300.00003,0,0
37.230145,34.002483,-300.00003,0,0
36.230145,34.002483,-300.00003,0,0
35.230145,34.002483,-300.00003,0,0
34.230145,34.002483,-300.00003,0,0
33.230145,34.002483,-300.00003,0,0
32.230145,34.002483,-300.00003,0,0
31.230145,34.002483,-300.00003,0,0
30.230145,34.002483,-300.00003,0,0
29.230145,34.002483,-300.00003,0,0
28.230145,34.002483,-300.00003,0,0
27.230145,34.002483,-300.00003,0,0
26.230145,34.002483,-300.00003,0,0
25.230145,34.002483,-300.00003,0,0
24.230145,34.002483,-300.00003,0,0
23.230145,34.002483,-300.00003,0,0
22.230145,34.002483,-300.00003,0,0
21.230145,34.002483,-300.00003,0,0
20.230145,34.002483,-300.00003,0,0
19.230145,34.002483,-300.00003,0,0
18.230145,34.002483,-300.00003,0,0
17.230145,34.002483,-300.00003,0,0
16.230145,34.002483,-300.00003,0,0
15.2301445,34.002483,-300.00003,0,0
14.2301445,34.002483,-300.00003,0,0
13.2301445,34.002483,-300.00003,0,0
12.2301445,34.002483,-300.00003,0,0
11.2301445,34.002483,-300.00003,0,0
10.2301445,34.002483,-300.00003,0,0
9.2301445,34.002483,-300.00003,0,0
8.2301445,34.002483,-300.00003,0,0
7.2301445,34.002483,-300.00003,0,0
6.2301445,34.002483,-300.00003,0,0
5.2301445,34.002483,-300.00003,0,0
4.2301445,34.002483,-300.00003,0,0
3.2301445,34.002483,-300.00003,0,3.999999
2.2301445,34.002483,-300.00003,0,0
1.2301445,34.002483,-300.00003,0,0
0.2301445,34.002483,-300.00003,0,0
-0.7698555,34.002483,-300.00003,0,0
-1.7698555,34.002483,-300.00003,0,0
-2.7698555,34.002483,-300.00003,0,0
-3.7698555,34.002483,-300.00003,0,0
-4.7698555,34.002483,-300.00003,0,0
-5.7698555,34.002483,-300.00003,0,0
-6.7698555,34.002483,-300.00003,0,0
-7.7698555,34.002483,-300.00003,0,0
-8.7698555,34.002483,-300.00003,0,0
-9.7698555,34.002483,-300.00003,0,0
-10.7698555,34.002483,-300.00003,0,0
-11.7698555,34.002483,-300.00003,0,0
-12.7698555,34.002483,-300.00003,0,0
-13.7698555,34.002483,-300.00003,0,0
-14.7698555,34.002483,-300.00003,0,0
-15.7698555,34.002483,-300.00003,0,0
-16.769855,34.002483,-300.00003,0,0
-17.769855,34.002483,-300.00003,0,0
-18.769855,34.002483,-300.00003,0,0
-19.769855,34.002483,-300.00003,0,0
-20.769855,34.002483,-300.00003,0,0
-21.769855,34.002483,-300.00003,0,0
-22.769855,34.002483,-300.00003,0,0
-23.769855,34.002483,-300.00003,0,0
-24.769855,34.002483,-300.00003,0,0
-25.769855,34.002483,-300.00003,0,0
-26.769855,34.002483,-300.00003,0,0
-27.769855,34.002483,-300.00003,0,0
-28.769855,34.002483,-300.00003,0,0
-29.769855,34.002483,-300.00003,0,0
-30.769855,34.002483,-300.00003,0,0
-31.769855,34.002483,-300.00003,0,0
-32.769855,34.002483,-300.00003,0,0
-33.769855,34.002483,-300.00003,0,0
-34.769855,34.002483,-300.00003,0,0
-35.769855,34.002483,-300.00003,0,0
-36.769855,34.002483,-300.00003,0,0
-37.769855,34.002483,-300.00003,0,0
-38.769855,34.002483,-300.00003,0,0
-39.769855,34.002483,-300.00003,0,0
-40.769855,34.002483,-300.00003,0,0
-41.769855,34.002483,-300.00003,0,0
-42.769855,34.002483,-300.00003,0,0
-43.769855,34.002483,-300.00003,0,0
-44.769855,34.002483,-300.00003,0,0
-45.769855,34.002483,-300.00003,0,0
-46.769855,34.002483,-300.00003,0,0
-47.769855,34.002483,-300.00003,0,0
-48.769855,34.002483,-300.00003,0,0
-49.769855,34.002483,-300.00003,0,0
49.230145,33.002483,-300.00003,0,0
48.230145,33.002483,-300.00003,0,0
47.230145,33.002483,-300.00003,0,0
46.230145,33.002483,-300.00003,0,0
45.230145,33.002483,-300.00003,0,0
44.230145,33.002483,-300.00003,0,0
43.230145,33.002483,-300.00003,0,0
42.230145,33.002483,-300.00003,0,0
41.230145,33.002483,-300.00003,0,0
40.230145,33.002483,-300.00003,0,0
39.230145,33.002483,-300.00003,0,0
38.230145,33.002483,-300.00003,0,0
37.230145,33.002483,-300.00003,0,0
36.230145,33.002483,-300.00003,0,0
35.230145,33.002483,-300.00003,0,0
34.230145,33.002483,-300.00003,0,0
33.230145,33.002483,-300.00003,0,0
32.230145,33.002483,-300.00003,0,0
31.230145,33.002483,-300.00003,0,0
30.230145,33.002483,-300.00003,0,0
29.230145,33.002483,-300.00003,0,0
28.230145,33.002483,-300.00003,0,0
27.230145,33.002483,-300.00003,0,0
26.230145,33.002483,-300.00003,0,0
25.230145,33.002483,-300.00003,0,0
24.230145,33.002483,-300.00003,0,0
23.230145,33.002483,-300.00003,0,0
22.230145,33.002483,-300.00003,0,0
21.230145,33.002483,-300.00003,0,0
20.230145,33.002483,-300.00003,0,0
19.230145,33.002483,-300.00003,0,0
18.230145,33.002483,-300.00003,0,0
17.230145,33.002483,-300.00003,0,0
16.230145,33.002483,-300.00003,0,0
15.2301445,33.002483,-300.00003,0,0
14.2301445,33.002483,-300.00003,0,0
13.2301445,33.002483,-300.00003,0,0
12.2301445,33.002483,-300.00003,0,0
11.2301445,33.002483,-300.00003,0,0
10.2301445,33.002483,-300.00003,0,0
9.2301445,33.002483,-300.00003,0,3.999999
8.2301445,33.002483,-300.00003,0,0
7.2301445,33.002483,-300.00003,0,0
6.2301445,33.002483,-300.00003,0,3.999999
5.2301445,33.002483,-300.00003,0,0
4.2301445,33.002483,-300.00003,0,0
3.2301445,33.002483,-300.00003,0,0
2.2301445,33.002483,-300.00003,0,0
1.2301445,33.002483,-300.00003,0,0
0.2301445,33.002483,-300.00003,0,0
-0.7698555,33.002483,-300.00003,0,0
-1.7698555,33.002483,-300.00003,0,0
-2.7698555,33.002483,-300.00003,0,0
-3.7698555,33.002483,-300.00003,0,0
-4.7698555,33.002483,-300.00003,0,0
-5.7698555,33.002483,-300.00003,0,0
-6.7698555,33.002483,-300.00003,0,0
-7.7698555,33.002483,-300.00003,0,0
-8.7698555,33.002483,-300.00003,0,0
-9.7698555,33.002483,-300.00003,0,0
-10.7698555,33.002483,-300.00003,0,0
-11.7698555,33.002483,-300.00003,0,0
-12.7698555,33.002483,-300.00003,0,0
-13.7698555,33.002483,-300.00003,0,0
-14.7698555,33.002483,-300.00003,0,0
-15.7698555,33.002483,-300.00003,0,0
-16.769855,33.002483,-300.00003,0,0
-17.769855,33.002483,-300.00003,0,0
-18.769855,33.002483,-300.00003,0,0
-19.769855,33.002483,-300.00003,0,0
-20.769855,33.002483,-300.00003,0,0
-21.769855,33.002483,-300.00003,0,0
-22.769855,33.002483,-300.00003,0,0
-23.769855,33.002483,-300.00003,0,0
-24.769855,33.002483,-300.00003,0,0
-25.769855,33.002483,-300.00003,0,0
-26.769855,33.002483,-300.00003,0,0
-27.769855,33.002483,-300.00003,0,0
-28.769855,33.002483,-300.00003,0,0
-29.769855,33.002483,-300.00003,0,0
-30.769855,33.002483,-300.00003,0,0
-31.769855,33.002483,-300.00003,0,0
-32.769855,33.002483,-300.00003,0,0
-33.769855,33.002483,-300.00003,0,0
-34.769855,33.002483,-300.00003,0,0
-35.769855,33.002483,-300.00003,0,0
-36.769855,33.002483,-300.00003,0,0
-37.769855,33.002483,-300.00003,0,0
-38.769855,33.002483,-300.00003,0,0
-39.769855,33.002483,-300.00003,0,0
-40.769855,33.002483,-300.00003,0,0
-41.769855,33.002483,-300.00003,0,0
-42.769855,33.002483,-300.00003,0,0
-43.769855,33.002483,-300.00003,0,0
-44.769855,33.002483,-300.00003,0,0
-45.769855,33.002483,-300.00003,0,0
-46.769855,33.002483,-300.00003,0,0
-47.769855,33.002483,-300.00003,0,0
-48.769855,33.002483,-300.00003,0,0
-49.769855,33.002483,-300.00003,0,0
49.230145,32.002483,-300.00003,0,0
48.230145,32.002483,-300.00003,0,0
47.230145,32.002483,-300.00003,0,0
46.230145,32.002483,-300.00003,0,0
45.230145,32.002483,-300.00003,0,0
44.230145,32.002483,-300.00003,0,0
43.230145,32.002483,-300.00003,0,0
42.230145,32.002483,-300.00003,0,0
41.230145,32.002483,-300.00003,0,0
40.230145,32.002483,-300.00003,0,0
39.230145,32.002483,-300.00003,0,0
38.230145,32.002483,-300.00003,0,0
37.230145,32.002483,-300.00003,0,0
36.230145,32.002483,-300.00003,0,0
35.230145,32.002483,-300.00003,0,0
34.230145,32.002483,-300.00003,0,0
33.230145,32.002483,-300.00003,0,0
32.230145,32.002483,-300.00003,0,0
31.230145,32.002483,-300.00003,0,0
30.230145,32.002483,-300.00003,0,0
29.230145,32.002483,-300.00003,0,0
28.230145,32.002483,-300.00003,0,0
27.230145,32.002483,-300.00003,0,0
26.230145,32.002483,-300.00003,0,0
25.230145,32.002483,-300.00003,0,0
24.230145,32.002483,-300.00003,0,0
23.230145,32.002483,-300.00003,0,0
22.230145,32.002483,-300.00003,0,0
21.230145,32.002483,-300.00003,0,0
20.230145,32.002483,-300.00003,0,0
19.230145,32.002483,-300.00003,0,0
18.230145,32.002483,-300.00003,0,0
17.230145,32.002483,-300.00003,0,0
16.230145,32.002483,-300.00003,0,0
15.2301445,32.002483,-300.00003,0,0
14.2301445,32.002483,-300.00003,0,0
13.2301445,32.002483,-300.00003,0,0
12.2301445,32.002483,-300.00003,0,0
11.2301445,32.002483,-300.00003,0,0
10.2301445,32.002483,-300.00003,0,0
9.2301445,32.002483,-300.00003,0,0
8.2301445,32.002483,-300.00003,0,0
7.2301445,32.002483,-300.00003,0,0
6.2301445,32.002483,-300.00003,0,0
5.2301445,32.002483,-300.00003,0,0
4.2301445,32.002483,-300.00003,0,0
3.2301445,32.002483,-300.00003,0,0
2.2301445,32.002483,-300.00003,0,0
1.2301445,32.002483,-300.00003,0,0
0.2301445,32.002483,-300.00003,0,0
-0.7698555,32.002483,-300.00003,0,0
-1.7698555,32.002483,-300.00003,0,0
-2.7698555,32.002483,-300.00003,0,0
-3.7698555,32.002483,-300.00003,0,0
-4.7698555,32.002483,-300.00003,0,0
-5.7698555,32.002483,-300.00003,0,0
-6.7698555,32.002483,-300.00003,0,0
-7.7698555,32.002483,-300.00003,0,0
-8.7698555,32.002483,-300.00003,0,0
-9.7698555,32.002483,-300.00003,0,0
-10.7698555,32.002483,-300.00003,0,0
-11.7698555,32.002483,-300.00003,0,0
-12.7698555,32.002483,-300.00003,0,0
-13.7698555,32.002483,-300.00003,0,0
-14.7698555,32.002483,-300.00003,0,0
-15.7698555,32.002483,-300.00003,0,0
-16.769855,32.002483,-300.00003,0,0
-17.769855,32.002483,-300.00003,0,0
-18.769855,32.002483,-300.00003,0,0
-19.769855,32.002483,-300.00003,0,0
-20.769855,32.002483,-300.00003,0,0
-21.769855,32.002483,-300.00003,0,0
-22.769855,32.002483,-300.00003,0,0
-23.769855,32.002483,-300.00003,0,0
-24.769855,32.002483,-300.00003,0,0
-25.769855,32.002483,-300.00003,0,0
-26.769855,32.002483,-300.00003,0,0
-27.769855,32.002483,-300.00003,0,0
-28.769855,32.002483,-300.00003,0,0
-29.769855,32.002483,-300.00003,0,0
-30.769855,32.002483,-300.00003,0,0
-31.769855,32.002483,-300.00003,0,0
-32.769855,32.002483,-300.00003,0,0
-33.769855,32.002483,-300.00003,0,0
-34.769855,32.002483,-300.00003,0,0
-35.769855,32.002483,-300.00003,0,0
-36.769855,32.002483,-300.00003,0,0
-37.769855,32.002483,-300.00003,0,0
-38.769855,32.002483,-300.00003,0,0
-39.769855,32.002483,-300.00003,0,0
-40.769855,32.002483,-300.00003,0,0
-41.769855,32.002483,-300.00003,0,0
-42.769855,32.002483,-300.00003,0,0
-43.769855,32.002483,-300.00003,0,0
-44.769855,32.002483,-300.00003,0,0
-45.769855,32.002483,-300.00003,0,0
-46.769855,32.002483,-300.00003,0,0
-47.769855,32.002483,-300.00003,0,0
-48.769855,32.002483,-300.00003,0,0
-49.769855,32.002483,-300.00003,0,0
49.230145,31.002483,-300.00003,0,0
48.230145,31.002483,-300.00003,0,0
47.230145,31.002483,-300.00003,0,0
46.230145,31.002483,-300.00003,0,0
45.230145,31.002483,-300.00003,0,0
44.230145,31.002483,-300.00003,0,0
43.230145,31.002483,-300.00003,0,0
42.230145,31.002483,-300.00003,0,0
41.230145,31.002483,-300.00003,0,0
40.230145,31.002483,-300.00003,0,0
39.230145,31.002483,-300.00003,0,0
38.230145,31.002483,-300.00003,0,0
37.230145,31.002483,-300.00003,0,0
36.230145,31.002483,-300.00003,0,0
35.230145,31.002483,-300.00003,0,0
34.230145,31.002483,-300.00003,0,0
33.230145,31.002483,-300.00003,0,0
32.230145,31.002483,-300.00003,0,0
31.230145,31.002483,-300.00003,0,0
30.230145,31.002483,-300.00003,0,0
29.230145,31.002483,-300.00003,0,0
28.230145,31.002483,-300.00003,0,0
27.230145,31.002483,-300.00003,0,0
26.230145,31.002483,-300.00003,0,0
25.230145,31.002483,-300.00003,0,0
24.230145,31.002483,-300.00003,0,0
23.230145,31.002483,-300.00003,0,0
22.230145,31.002483,-300.00003,0,0
21.230145,31.002483,-300.00003,0,0
20.230145,31.002483,-300.00003,0,0
19.230145,31.002483,-300.00003,0,0
18.230145,31.002483,-300.00003,0,0
17.230145,31.002483,-300.00003,0,0
16.230145,31.002483,-300.00003,0,0
15.2301445,31.002483,-300.00003,0,0
14.2301445,31.002483,-300.00003,0,0
13.2301445,31.002483,-300.00003,0,0
12.2301445,31.002483,-300.00003,0,0
11.2301445,31.002483,-300.00003,0,0
10.2301445,31.002483,-300.00003,0,0
9.2301445,31.002483,-300.00003,0,0
8.2301445,31.002483,-300.00003,0,0
7.2301445,31.002483,-300.00003,0,0
6.2301445,31.002483,-300.00003,0,0
5.2301445,31.002483,-300.00003,0,0
4.2301445,31.002483,-300.00003,0,0
3.2301445,31.002483,-300.00003,0,0
2.2301445,31.002483,-300.00003,0,0
1.2301445,31.002483,-300.00003,0,0
0.2301445,31.002483,-300.00003,0,0
-0.7698555,31.002483,-300.00003,0,0
-1.7698555,31.002483,-300.00003,0,0
-2.7698555,31.002483,-300.00003,0,0
-3.7698555,31.002483,-300.00003,0,0
-4.7698555,31.002483,-300.00003,0,0
-5.7698555,31.002483,-300.00003,0,0
-6.7698555,31.002483,-300.00003,0,0
-7.7698555,31.002483,-300.00003,0,0
-8.7698555,31.002483,-300.00003,0,0
-9.7698555,31.002483,-300.00003,0,0
-10.7698555,31.002483,-300.00003,0,0
-11.7698555,31.002483,-300.00003,0,0
-12.7698555,31.002483,-300.00003,0,0
-13.7698555,31.002483,-300.00003,0,0
-14.7698555,31.002483,-300.00003,0,0
-15.7698555,31.002483,-300.00003,0,0
-16.769855,31.002483,-300.00003,0,0
-17.769855,31.002483,-300.00003,0,0
-18.769855,31.002483,-300.00003,0,0
-19.769855,31.002483,-300.00003,0,0
-20.769855,31.002483,-300.00003,0,0
-21.769855,31.002483,-300.00003,0,0
-22.769855,31.002483,-300.00003,0,0
-23.769855,31.002483,-300.00003,0,0
-24.769855,31.002483,-300.00003,0,0
-25.769855,31.002483,-300.00003,0,0
-26.769855,31.002483,-300.00003,0,0
-27.769855,31.002483,-300.00003,0,0
-28.769855,31.002483,-300.00003,0,0
-29.769855,31.002483,-300.00003,0,0
-30.769855,31.002483,-300.00003,0,0
-31.769855,31.002483,-300.00003,0,0
-32.769855,31.002483,-300.00003,0,0
-33.769855,31.002483,-300.00003,0,0
-34.769855,31.002483,-300.00003,0,0
-35.769855,31.002483,-300.00003,0,0
-36.769855,31.002483,-300.00003,0,0
-37.769855,31.002483,-300.00003,0,0
-38.769855,31.002483,-300.00003,0,0
-39.769855,31.002483,-300.00003,0,0
-40.769855,31.002483,-300.00003,0,0
-41.769855,31.002483,-300.00003,0,0
-42.769855,31.002483,-300.00003,0,0
-43.769855,31.002483,-300.00003,0,0
-44.769855,31.002483,-300.00003,0,0
-45.769855,31.002483,-300.00003,0,0
-46.769855,31.002483,-300.00003,0,0
-47.769855,31.002483,-300.00003,0,0
-48.769855,31.002483,-300.00003,0,0
-49.769855,31.002483,-300.00003,0,0
49.230145,30.002483,-300.00003,0,0
48.230145,30.002483,-300.00003,0,0
47.230145,30.002483,-300.00003,0,0
46.230145,30.002483,-300.00003,0,0
45.230145,30.002483,-300.00003,0,0
44.230145,30.002483,-300.00003,0,0
43.230145,30.002483,-300.00003,0,0
42.230145,30.002483,-300.00003,0,0
41.230145,30.002483,-300.00003,0,0
40.230145,30.002483,-300.00003,0,0
39.230145,30.002483,-300.00003,0,0
38.230145,30.002483,-300.00003,0,0
37.230145,30.002483,-300.00003,0,0
36.230145,30.002483,-300.00003,0,0
35.230145,30.002483,-300.00003,0,0
34.230145,30.002483,-300.00003,0,0
33.230145,30.002483,-300.00003,0,0
32.230145,30.002483,-300.00003,0,0
31.230145,30.002483,-300.00003,0,0
30.230145,30.002483,-300.00003,0,0
29.230145,30.002483,-300.00003,0,0
28.230145,30.002483,-300.00003,0,0
27.230145,30.002483,-300.00003,0,0
26.230145,30.002483,-300.00003,0,0
25.230145,30.002483,-300.00003,0,0
24.230145,30.002483,-300.00003,0,0
23.230145,30.002483,-300.00003,0,0
22.230145,30.002483,-300.00003,0,0
21.230145,30.002483,-300.00003,0,0
20.230145,30.002483,-300.00003,0,0
19.230145,30.002483,-300.00003,0,0
18.230145,30.002483,-300.00003,0,0
17.230145,30.002483,-300.00003,0,0
16.230145,30.002483,-300.00003,0,0
15.2301445,30.002483,-300.00003,0,0
14.2301445,30.002483,-300.00003,0,0
13.2301445,30.002483,-300.00003,0,0
12.2301445,30.002483,-300.00003,0,0
11.2301445,30.002483,-300.00003,0,0
10.2301445,30.002483,-300.00003,0,0
9.2301445,30.002483,-300.00003,0,0
8.2301445,30.002483,-300.00003,0,0
7.2301445,30.002483,-300.00003,0,0
6.2301445,30.002483,-300.00003,0,0
5.2301445,30.002483,-300.00003,0,0
4.2301445,30.002483,-300.00003,0,0
3.2301445,30.002483,-300.00003,0,0
2.2301445,30.002483,-300.00003,0,0
1.2301445,30.002483,-300.00003,0,0
0.2301445,30.002483,-300.00003,0,0
-0.7698555,30.002483,-300.00003,0,0
-1.7698555,30.002483,-300.00003,0,0
-2.7698555,30.002483,-300.00003,0,0
-3.7698555,30.002483,-300.00003,0,0
-4.7698555,30.002483,-300.00003,0,0
-5.7698555,30.002483,-300.00003,0,0
-6.7698555,30.002483,-300.00003,0,0
-7.7698555,30.002483,-300.00003,0,0
-8.7698555,30.002483,-300.00003,0,0
-9.7698555,30.002483,-300.00003,0,0
-10.7698555,30.002483,-300.00003,0,0
-11.7698555,30.002483,-300.00003,0,0
-12.7698555,30.002483,-300.00003,0,0
-13.7698555,30.002483,-300.00003,0,0
-14.7698555,30.002483,-300.00003,0,0
-15.7698555,30.002483,-300.00003,0,0
-16.769855,30.002483,-300.00003,0,0
-17.769855,30.002483,-300.00003,0,0
-18.769855,30.002483,-300.00003,0,0
-19.769855,30.002483,-300.00003,0,0
-20.769855,30.002483,-300.00003,0,0
-21.769855,30.002483,-300.00003,0,0
-22.769855,30.002483,-300.00003,0,0
-23.769855,30.002483,-300.00003,0,0
-24.769855,30.002483,-300.00003,0,0
-25.769855,30.002483,-300.00003,0,0
-26.769855,30.002483,-300.00003,0,0
-27.769855,30.002483,-300.00003,0,0
-28.769855,30.002483,-300.00003,0,0
-29.769855,30.002483,-300.00003,0,0
-30.769855,30.002483,-300.00003,0,0
-31.769855,30.002483,-300.00003,0,0
-32.769855,30.002483,-300.00003,0,0
-33.769855,30.002483,-300.00003,0,0
-34.769855,30.002483,-300.00003,0,0
-35.769855,30.002483,-300.00003,0,0
-36.769855,30.002483,-300.00003,0,0
-37.769855,30.002483,-300.00003,0,0
-38.769855,30.002483,-300.00003,0,0
-39.769855,30.002483,-300.00003,0,0
-40.769855,30.002483,-300.00003,0,0
-41.769855,30.002483,-300.00003,0,0
-42.769855,30.002483,-300.00003,0,0
-43.769855,30.002483,-300.00003,0,0
-44.769855,30.002483,-300.00003,0,0
-45.769855,30.002483,-300.00003,0,0
-46.769855,30.002483,-300.00003,0,0
-47.769855,30.002483,-300.00003,0,0
-48.769855,30.002483,-300.00003,0,0
-49.769855,30.002483,-300.00003,0,0
49.230145,29.002483,-300.00003,0,0
48.230145,29.002483,-300.00003,0,0
47.230145,29.002483,-300.00003,0,0
46.230145,29.002483,-300.00003,0,0
45.230145,29.002483,-300.00003,0,0
44.230145,29.002483,-300.00003,0,0
43.230145,29.002483,-300.00003,0,0
42.230145,29.002483,-300.00003,0,0
41.230145,29.002483,-300.00003,0,0
40.230145,29.002483,-300.00003,0,0
39.230145,29.002483,-300.00003,0,0
38.230145,29.002483,-300.00003,0,0
37.230145,29.002483,-300.00003,0,0
36.230145,29.002483,-300.00003,0,0
35.230145,29.002483,-300.00003,0,0
34.230145,29.002483,-300.00003,0,0
33.230145,29.002483,-300.00003,0,0
32.230145,29.002483,-300.00003,0,0
31.230145,29.002483,-300.00003,0,0
30.230145,29.002483,-300.00003,0,0
29.230145,29.002483,-300.00003,0,0
28.230145,29.002483,-300.00003,0,0
27.230145,29.002483,-300.00003,0,0
26.230145,29.002483,-300.00003,0,0
25.230145,29.002483,-300.00003,0,0
24.230145,29.002483,-300.00003,0,0
23.230145,29.002483,-300.00003,0,0
22.230145,29.002483,-300.00003,0,0
21.230145,29.002483,-300.00003,0,0
20.230145,29.002483,-300.00003,0,0
19.230145,29.002483,-300.00003,0,0
18.230145,29.002483,-300.00003,0,0
17.230145,29.002483,-300.00003,0,0
16.230145,29.002483,-300.00003,0,0
15.2301445,29.002483,-300.00003,0,0
14.2301445,29.002483,-300.00003,0,0
13.2301445,29.002483,-300.00003,0,0
12.2301445,29.002483,-300.00003,0,0
11.2301445,29.002483,-300.00003,0,0
10.2301445,29.002483,-300.00003,0,0
9.2301445,29.002483,-300.00003,0,0
8.2301445,29.002483,-300.00003,0,0
7.2301445,29.002483,-300.00003,0,0
6.2301445,29.002483,-300.00003,0,0
5.2301445,29.002483,-300.00003,0,0
4.2301445,29.002483,-300.00003,0,0
3.2301445,29.002483,-300.00003,0,0
2.2301445,29.002483,-300.00003,0,0
1.2301445,29.002483,-300.00003,0,0
0.2301445,29.002483,-300.00003,0,0
-0.7698555,29.002483,-300.00003,0,0
-1.7698555,29.002483,-300.00003,0,0
-2.7698555,29.002483,-300.00003,0,0
-3.7698555,29.002483,-300.00003,0,0
-4.7698555,29.002483,-300.00003,0,0
-5.7698555,29.002483,-300.00003,0,0
-6.7698555,29.002483,-300.00003,0,0
-7.7698555,29.002483,-300.00003,0,0
-8.7698555,29.002483,-300.00003,0,0
-9.7698555,29.002483,-300.00003,0,0
-10.7698555,29.002483,-300.00003,0,0
-11.7698555,29.002483,-300.00003,0,0
-12.7698555,29.002483,-300.00003,0,0
-13.7698555,29.002483,-300.00003,0,0
-14.7698555,29.002483,-300.00003,0,0
-15.7698555,29.002483,-300.00003,0,0
-16.769855,29.002483,-300.00003,0,0
-17.769855,29.002483,-300.00003,0,0
-18.769855,29.002483,-300.00003,0,0
-19.769855,29.002483,-300.00003,0,0
-20.769855,29.002483,-300.00003,0,0
-21.769855,29.002483,-300.00003,0,0
-22.769855,29.002483,-300.00003,0,0
-23.769855,29.002483,-300.00003,0,0
-24.769855,29.002483,-300.00003,0,0
-25.769855,29.002483,-300.00003,0,0
-26.769855,29.002483,-300.00003,0,0
-27.769855,29.002483,-300.00003,0,0
-28.769855,29.002483,-300.00003,0,0
-29.769855,29.002483,-300.00003,0,0
-30.769855,29.002483,-300.00003,0,0
-31.769855,29.002483,-300.00003,0,0
-32.769855,29.002483,-300.00003,0,0
-33.769855,29.002483,-300.00003,0,0
-34.769855,29.002483,-300.00003,0,0
-35.769855,29.002483,-300.00003,0,0
-36.769855,29.002483,-300.00003,0,0
-37.769855,29.002483,-300.00003,0,0
-38.769855,29.002483,-300.00003,0,0
-39.769855,29.002483,-300.00003,0,0
-40.769855,29.002483,-300.00003,0,0
-41.769855,29.002483,-300.00003,0,0
-42.769855,29.002483,-300.00003,0,0
-43.769855,29.002483,-300.00003,0,0
-44.769855,29.002483,-300.00003,0,0
-45.769855,29.002483,-300.00003,0,0
-46.769855,29.002483,-300.00003,0,0
-47.769855,29.002483,-300.00003,0,0
-48.769855,29.002483,-300.00003,0,0
-49.769855,29.002483,-300.00003,0,0
49.230145,28.002483,-300.00003,0,0
48.230145,28.002483,-300.00003,0,0
47.230145,28.002483,-300.00003,0,0
46.230145,28.002483,-300.00003,0,0
45.230145,28.002483,-300.00003,0,0
44.230145,28.002483,-300.00003,0,0
43.230145,28.002483,-300.00003,0,0
42.230145,28.002483,-300.00003,0,0
41.230145,28.002483,-300.00003,0,0
40.230145,28.002483,-300.00003,0,0
39.230145,28.002483,-300.00003,0,0
38.230145,28.002483,-300.00003,0,0
37.230145,28.002483,-300.00003,0,0
36.230145,28.002483,-300.00003,0,0
35.230145,28.002483,-300.00003,0,0
34.230145,28.002483,-300.00003,0,0
33.230145,28.002483,-300.00003,0,0
32.230145,28.002483,-300.00003,0,0
31.230145,28.002483,-300.00003,0,0
30.230145,28.002483,-300.00003,0,0
29.230145,28.002483,-300.00003,0,0
28.230145,28.002483,-300.00003,0,0
27.230145,28.002483,-300.00003,0,0
26.230145,28.002483,-300.00003,0,0
25.230145,28.002483,-300.00003,0,0
24.230145,28.002483,-300.00003,0,0
23.230145,28.002483,-300.00003,0,0
22.230145,28.002483,-300.00003,0,0
21.230145,28.002483,-300.00003,0,0
20.230145,28.002483,-300.00003,0,0
19.230145,28.002483,-300.00003,0,0
18.230145,28.002483,-300.00003,0,0
17.230145,28.002483,-300.00003,0,0
16.230145,28.002483,-300.00003,0,0
15.2301445,28.002483,-300.00003,0,0
14.2301445,28.002483,-300.00003,0,0
13.2301445,28.002483,-300.00003,0,0
12.2301445,28.002483,-300.00003,0,0
11.2301445,28.002483,-300.00003,0,0
10.2301445,28.002483,-300.00003,0,0
9.2301445,28.002483,-300.00003,0,0
8.2301445,28.002483,-300.00003,0,0
7.2301445,28.002483,-300.00003,0,0
6.2301445,28.002483,-300.00003,0,0
5.2301445,28.002483,-300.00003,0,0
4.2301445,28.002483,-300.00003,0,0
3.2301445,28.002483,-300.00003,0,0
2.2301445,28.002483,-300.00003,0,0
1.2301445,28.002483,-300.00003,0,0
0.2301445,28.002483,-300.00003,0,0
-0.7698555,28.002483,-300.00003,0,0
-1.7698555,28.002483,-300.00003,0,0
-2.7698555,28.002483,-300.00003,0,0
-3.7698555,28.002483,-300.00003,0,0
-4.7698555,28.002483,-300.00003,0,0
-5.7698555,28.002483,-300.00003,0,0
-6.7698555,28.002483,-300.00003,0,0
-7.7698555,28.002483,-300.00003,0,0
-8.7698555,28.002483,-300.00003,0,0
-9.7698555,28.002483,-300.00003,0,0
-10.7698555,28.002483,-300.00003,0,0
-11.7698555,28.002483,-300.00003,0,0
-12.7698555,28.002483,-300.00003,0,0
-13.7698555,28.002483,-300.00003,0,0
-14.7698555,28.002483,-300.00003,0,0
-15.7698555,28.002483,-300.00003,0,0
-16.769855,28.002483,-300.00003,0,0
-17.769855,28.002483,-300.00003,0,0
-18.769855,28.002483,-300.00003,0,0
-19.769855,28.002483,-300.00003,0,0
-20.769855,28.002483,-300.00003,0,0
-21.769855,28.002483,-300.00003,0,0
-22.769855,28.002483,-300.00003,0,0
-23.769855,28.002483,-300.00003,0,0
-24.769855,28.002483,-300.00003,0,0
-25.769855,28.002483,-300.00003,0,0
-26.769855,28.002483,-300.00003,0,0
-27.769855,28.002483,-300.00003,0,0
-28.769855,28.002483,-300.00003,0,0
-29.769855,28.002483,-300.00003,0,0
-30.769855,28.002483,-300.00003,0,0
-31.769855,28.002483,-300.00003,0,0
-32.769855,28.002483,-300.00003,0,0
-33.769855,28.002483,-300.00003,0,0
-34.769855,28.002483,-300.00003,0,0
-35.769855,28.002483,-300.00003,0,0
-36.769855,28.002483,-300.00003,0,0
-37.769855,28.002483,-300.00003,0,0
-38.769855,28.002483,-300.00003,0,0
-39.769855,28.002483,-300.00003,0,0
-40.769855,28.002483,-300.00003,0,0
-41.769855,28.002483,-300.00003,0,0
-42.769855,28.002483,-300.00003,0,0
-43.769855,28.002483,-300.00003,0,0
-44.769855,28.002483,-300.00003,0,0
-45.769855,28.002483,-300.00003,0,0
-46.769855,28.002483,-300.00003,0,0
-47.769855,28.002483,-300.00003,0,0
-48.769855,28.002483,-300.00003,0,0
-49.769855,28.002483,-300.00003,0,0
49.230145,27.002483,-300.00003,0,0
48.230145,27.002483,-300.00003,0,0
47.230145,27.002483,-300.00003,0,0
46.230145,27.002483,-300.00003,0,0
45.230145,27.002483,-300.00003,0,0
44.230145,27.002483,-300.00003,0,0
43.230145,27.002483,-300.00003,0,0
42.230145,27.002483,-300.00003,0,0
41.230145,27.002483,-300.00003,0,0
40.230145,27.002483,-300.00003,0,0
39.230145,27.002483,-300.00003,0,0
38.230145,27.002483,-300.00003,0,0
37.230145,27.002483,-300.00003,0,0
36.230145,27.002483,-300.00003,0,0
35.230145,27.002483,-300.00003,0,0
34.230145,27.002483,-300.00003,0,0
33.230145,27.002483,-300.00003,0,0
32.230145,27.002483,-300.00003,0,0
31.230145,27.002483,-300.00003,0,0
30.230145,27.002483,-300.00003,0,0
29.230145,27.002483,-300.00003,0,0
28.230145,27.002483,-300.00003,0,0
27.230145,27.002483,-300.00003,0,0
26.230145,27.002483,-300.00003,0,0
25.230145,27.002483,-300.00003,0,0
24.230145,27.002483,-300.00003,0,0
23.230145,27.002483,-300.00003,0,3.999999
22.230145,27.002483,-300.00003,0,0
21.230145,27.002483,-300.00003,0,0
20.230145,27.002483,-300.00003,0,0
19.230145,27.002483,-300.00003,0,0
18.230145,27.002483,-300.00003,0,0
17.230145,27.002483,-300.00003,0,0
16.230145,27.002483,-300.00003,0,0
15.2301445,27.002483,-300.00003,0,0
14.2301445,27.002483,-300.00003,0,0
13.2301445,27.002483,-300.00003,0,0
12.2301445,27.002483,-300.00003,0,0
11.2301445,27.002483,-300.00003,0,0
10.2301445,27.002483,-300.00003,0,0
9.2301445,27.002483,-300.00003,0,0
8.2301445,27.002483,-300.00003,0,0
7.2301445,27.002483,-300.00003,0,0
6.2301445,27.002483,-300.00003,0,0
5.2301445,27.002483,-300.00003,0,0
4.2301445,27.002483,-300.00003,0,7.999998
3.2301445,27.002483,-300.00003,0,3.999999
2.2301445,27.002483,-300.00003,0,0
1.2301445,27.002483,-300.00003,0,0
0.2301445,27.002483,-300.00003,0,3.999999
-0.7698555,27.002483,-300.00003,0,3.999999
-1.7698555,27.002483,-300.00003,0,11.999997
-2.7698555,27.002483,-300.00003,0,0
-3.7698555,27.002483,-300.00003,0,7.999998
-4.7698555,27.002483,-300.00003,0,0
-5.7698555,27.002483,-300.00003,0,0
-6.7698555,27.002483,-300.00003,0,0
-7.7698555,27.002483,-300.00003,0,0
-8.7698555,27.002483,-300.00003,0,0
-9.7698555,27.002483,-300.00003,0,0
-10.7698555,27.002483,-300.00003,0,0
-11.7698555,27.002483,-300.00003,0,0
-12.7698555,27.002483,-300.00003,0,0
-13.7698555,27.002483,-300.00003,0,0
-14.7698555,27.002483,-300.00003,0,0
-15.7698555,27.002483,-300.00003,0,0
-16.769855,27.002483,-300.00003,0,0
-17.769855,27.002483,-300.00003,0,0
-18.769855,27.002483,-300.00003,0,0
-19.769855,27.002483,-300.00003,0,0
-20.769855,27.002483,-300.00003,0,0
-21.769855,27.002483,-300.00003,0,0
-22.769855,27.002483,-300.00003,0,0
-23.769855,27.002483,-300.00003,0,0
-24.769855,27.002483,-300.00003,0,0
-25.769855,27.002483,-300.00003,0,0
-26.769855,27.002483,-300.00003,0,0
-27.769855,27.002483,-300.00003,0,0
-28.769855,27.002483,-300.00003,0,0
-29.769855,27.002483,-300.00003,0,0
-30.769855,27.002483,-300.00003,0,0
-31.769855,27.002483,-300.00003,0,0
-32.769855,27.002483,-300.00003,0,0
-33.769855,27.002483,-300.00003,0,0
-34.769855,27.002483,-300.00003,0,0
-35.769855,27.002483,-300.00003,0,0
-36.769855,27.002483,-300.00003,0,0
-37.769855,27.002483,-300.00003,0,0
-38.769855,27.002483,-300.00003,0,0
-39.769855,27.002483,-300.00003,0,0
-40.769855,27.002483,-300.00003,0,0
-41.769855,27.002483,-300.00003,0,0
-42.769855,27.002483,-300.00003,0,0
-43.769855,27.002483,-300.00003,0,0
-44.769855,27.002483,-300.00003,0,0
-45.769855,27.002483,-300.00003,0,0
-46.769855,27.002483,-300.00003,0,0
-47.769855,27.002483,-300.00003,0,0
-48.769855,27.002483,-300.00003,0,0
-49.769855,27.002483,-300.00003,0,0
49.230145,26.002483,-300.00003,0,0
48.230145,26.002483,-300.00003,0,0
47.230145,26.002483,-300.00003,0,0
46.230145,26.002483,-300.00003,0,0
45.230145,26.002483,-300.00003,0,0
44.230145,26.002483,-300.00003,0,0
43.230145,26.002483,-300.00003,0,0
42.230145,26.002483,-300.00003,0,0
41.230145,26.002483,-300.00003,0,0
40.230145,26.002483,-300.00003,0,0
39.230145,26.002483,-300.00003,0,0
38.230145,26.002483,-300.00003,0,0
37.230145,26.002483,-300.00003,0,0
36.230145,26.002483,-300.00003,0,0
35.230145,26.002483,-300.00003,0,0
34.230145,26.002483,-300.00003,0,0
33.230145,26.002483,-300.00003,0,0
32.230145,26.002483,-300.00003,0,0
31.230145,26.002483,-300.00003,0,0
30.230145,26.002483,-300.00003,0,0
29.230145,26.002483,-300.00003,0,0
28.230145,26.002483,-300.00003,0,0
27.230145,26.002483,-300.00003,0,0
26.230145,26.002483,-300.00003,0,0
25.230145,26.002483,-300.00003,0,0
24.230145,26.002483,-300.00003,0,0
23.230145,26.002483,-300.00003,0,0
22.230145,26.002483,-300.00003,0,0
21.230145,26.002483,-300.00003,0,0
20.230145,26.002483,-300.00003,0,0
19.230145,26.002483,-300.00003,0,0
18.230145,26.002483,-300.00003,0,0
17.230145,26.002483,-300.00003,0,0
16.230145,26.002483,-300.00003,0,0
15.2301445,26.002483,-300.00003,0,0
14.2301445,26.002483,-300.00003,0,0
13.2301445,26.002483,-300.00003,0,0
12.2301445,26.002483,-300.00003,0,0
11.2301445,26.002483,-300.00003,0,0
10.2301445,26.002483,-300.00003,0,0
9.2301445,26.002483,-300.00003,0,0
8.2301445,26.002483,-300.00003,0,3.999999
7.2301445,26.002483,-300.00003,0,15.999996
6.2301445,26.002483,-300.00003,0,19.999996
5.2301445,26.002483,-300.00003,0,27.999996
4.2301445,26.002483,-300.00003,0,31.999996
3.2301445,26.002483,-300.00003,0,79.99999
2.2301445,26.002483,-300.00003,0,63.999996
1.2301445,26.002483,-300.00003,-Infinity,63.999996
0.2301445,26.002483,-300.00003,-Infinity,47.999996
-0.7698555,26.002483,-300.00003,0.48696214,67.99999
-1.7698555,26.002483,-300.00003,0,47.999996
-2.7698555,26.002483,-300.00003,0,75.99999
-3.7698555,26.002483,-300.00003,0,63.999996
-4.7698555,26.002483,-300.00003,0,63.999996
-5.7698555,26.002483,-300.00003,0,35.999996
-6.7698555,26.002483,-300.00003,0,19.999996
-7.7698555,26.002483,-300.00003,0,0
-8.7698555,26.002483,-300.00003,0,3.999999
-9.7698555,26.002483,-300.00003,0,0
-10.7698555,26.002483,-300.00003,0,0
-11.7698555,26.002483,-300.00003,0,0
-12.7698555,26.002483,-300.00003,0,0
-13.7698555,26.002483,-300.00003,0,0
-14.7698555,26.002483,-300.00003,0,0
-15.7698555,26.002483,-300.00003,0,0
-16.769855,26.002483,-300.00003,0,0
-17.769855,26.002483,-300.00003,0,0
-18.769855,26.002483,-300.00003,0,0
-19.769855,26.002483,-300.00003,0,0
-20.769855,26.002483,-300.00003,0,0
-21.769855,26.002483,-300.00003,0,3.999999
-22.769855,26.002483,-300.00003,0,0
-23.769855,26.002483,-300.00003,0,0
-24.769855,26.002483,-300.00003,0,0
-25.769855,26.002483,-300.00003,0,0
-26.769855,26.002483,-300.00003,0,0
-27.769855,26.002483,-300.00003,0,0
-28.769855,26.002483,-300.00003,0,0
-29.769855,26.002483,-300.00003,0,0
-30.769855,26.002483,-300.00003,0,0
-31.769855,26.002483,-300.00003,0,0
-32.769855,26.002483,-300.00003,0,0
-33.769855,26.002483,-300.00003,0,0
-34.769855,26.002483,-300.00003,0,0
-35.769855,26.002483,-300.00003,0,0
-36.769855,26.002483,-300.00003,0,0
-37.769855,26.002483,-300.00003,0,0
-38.769855,26.002483,-300.00003,0,0
-39.769855,26.002483,-300.00003,0,0
-40.769855,26.002483,-300.00003,0,0
-41.769855,26.002483,-300.00003,0,0
-42.769855,26.002483,-300.00003,0,0
-43.769855,26.002483,-300.00003,0,0
-44.769855,26.002483,-300.00003,0,0
-45.769855,26.002483,-300.00003,0,0
-46.769855,26.002483,-300.00003,0,0
-47.769855,26.002483,-300.00003,0,0
-48.769855,26.002483,-300.00003,0,0
-49.769855,26.002483,-300.00003,0,0
49.230145,25.002483,-300.00003,0,0
48.230145,25.002483,-300.00003,0,0
47.230145,25.002483,-300.00003,0,0
46.230145,25.002483,-300.00003,0,0
45.230145,25.002483,-300.00003,0,0
44.230145,25.002483,-300.00003,0,0
43.230145,25.002483,-300.00003,0,0
42.230145,25.002483,-300.00003,0,0
41.230145,25.002483,-300.00003,0,0
40.230145,25.002483,-300.00003,0,0
39.230145,25.002483,-300.00003,0,0
38.230145,25.002483,-300.00003,0,0
37.230145,25.002483,-300.00003,0,0
36.230145,25.002483,-300.00003,0,0
35.230145,25.002483,-300.00003,0,0
34.230145,25.002483,-300.00003,0,0
33.230145,25.002483,-300.00003,0,0
32.230145,25.002483,-300.00003,0,0
31.230145,25.002483,-300.00003,0,0
30.230145,25.002483,-300.00003,0,0
29.230145,25.002483,-300.00003,0,0
28.230145,25.002483,-300.00003,0,0
27.230145,25.002483,-300.00003,0,0
26.230145,25.002483,-300.00003,0,0
25.230145,25.002483,-300.00003,0,0
24.230145,25.002483,-300.00003,0,0
23.230145,25.002483,-300.00003,0,0
22.230145,25.002483,-300.00003,0,0
21.230145,25.002483,-300.00003,0,0
20.230145,25.002483,-300.00003,0,0
19.230145,25.002483,-300.00003,0,0
18.230145,25.002483,-300.00003,0,0
17.230145,25.002483,-300.00003,0,0
16.230145,25.002483,-300.00003,0,0
15.2301445,25.002483,-300.00003,0,0
14.2301445,25.002483,-300.00003,0,0
13.2301445,25.002483,-300.00003,0,0
12.2301445,25.002483,-300.00003,0,0
11.2301445,25.002483,-300.00003,0,0
10.2301445,25.002483,-300.00003,0,15.999996
9.2301445,25.002483,-300.00003,0,39.999996
8.2301445,25.002483,-300.00003,0,35.999996
7.2301445,25.002483,-300.00003,0.51624066,79.99999
6.2301445,25.002483,-300.00003,0.51552653,79.99999
5.2301445,25.002483,-300.00003,0.43626332,55.999996
4.2301445,25.002483,-300.00003,0.3980286,47.999996
3.2301445,25.002483,-300.00003,0.40292877,75.99999
2.2301445,25.002483,-300.00003,0.34651998,39.999996
1.2301445,25.002483,-300.00003,0.4291177,43.999996
0.2301445,25.002483,-300.00003,0.5672316,63.999996
-0.7698555,25.002483,-300.00003,0.52588445,63.999996
-1.7698555,25.002483,-300.00003,0.41373047,63.999996
-2.7698555,25.002483,-300.00003,0.34894535,87.99999
-3.7698555,25.002483,-300.00003,0.3974074,79.99999
-4.7698555,25.002483,-300.00003,0.5104221,51.999996
-5.7698555,25.002483,-300.00003,0.51922226,79.99999
-6.7698555,25.002483,-300.00003,-Infinity,47.999996
-7.7698555,25.002483,-300.00003,0,43.999996
-8.7698555,25.002483,-300.00003,0,27.999996
-9.7698555,25.002483,-300.00003,0,7.999998
-10.7698555,25.002483,-300.00003,0,0
-11.7698555,25.002483,-300.00003,0,0
-12.7698555,25.002483,-300.00003,0,0
-13.7698555,25.002483,-300.00003,0,0
-14.7698555,25.002483,-300.00003,0,0
-15.7698555,25.002483,-300.00003,0,0
-16.769855,25.002483,-300.00003,0,0
-17.769855,25.002483,-300.00003,0,0
-18.769855,25.002483,-300.00003,0,0
-19.769855,25.002483,-300.00003,0,0
-20.769855,25.002483,-300.00003,0,0
-21.769855,25.002483,-300.00003,0,0
-22.769855,25.002483,-300.00003,0,0
-23.769855,25.002483,-300.00003,0,0
-24.769855,25.002483,-300.00003,0,3.999999
-25.769855,25.002483,-300.00003,0,0
-26.769855,25.002483,-300.00003,0,0
-27.769855,25.002483,-300.00003,0,0
-28.769855,25.002483,-300.00003,0,0
-29.769855,25.002483,-300.00003,0,0
-30.769855,25.002483,-300.00003,0,0
-31.769855,25.002483,-300.00003,0,0
-32.769855,25.002483,-300.00003,0,0
-33.769855,25.002483,-300.00003,0,0
-34.769855,25.002483,-300.00003,0,0
-35.769855,25.002483,-300.00003,0,0
-36.769855,25.002483,-300.00003,0,0
-37.769855,25.002483,-300.00003,0,0
-38.769855,25.002483,-300.00003,0,0
-39.769855,25.002483,-300.00003,0,0
-40.769855,25.002483,-300.00003,0,0
-41.769855,25.002483,-300.00003,0,0
-42.769855,25.002483,-300.00003,0,0
-43.769855,25.002483,-300.00003,0,0
-44.769855,25.002483,-300.00003,0,0
-45.769855,25.002483,-300.00003,0,0
-46.769855,25.002483,-300.00003,0,0
-47.769855,25.002483,-300.00003,0,0
-48.769855,25.002483,-300.00003,0,0
-49.769855,25.002483,-300.00003,0,0
49.230145,24.002483,-300.00003,0,0
48.230145,24.002483,-300.00003,0,0
47.230145,24.002483,-300.00003,0,0
46.230145,24.002483,-300.00003,0,0
45.230145,24.002483,-300.00003,0,0
44.230145,24.002483,-300.00003,0,0
43.230145,24.002483,-300.00003,0,0
42.230145,24.002483,-300.00003,0,0
41.230145,24.002483,-300.00003,0,0
40.230145,24.002483,-300.00003,0,0
39.230145,24.002483,-300.00003,0,0
38.230145,24.002483,-300.00003,0,0
37.230145,24.002483,-300.00003,0,0
36.230145,24.002483,-300.00003,0,0
35.230145,24.002483,-300.00003,0,0
34.230145,24.002483,-300.00003,0,0
33.230145,24.002483,-300.00003,0,0
32.230145,24.002483,-300.00003,0,0
31.230145,24.002483,-300.00003,0,0
30.230145,24.002483,-300.00003,0,0
29.230145,24.002483,-300.00003,0,0
28.230145,24.002483,-300.00003,0,0
27.230145,24.002483,-300.00003,0,0
26.230145,24.002483,-300.00003,0,0
25.230145,24.002483,-300.00003,0,3.999999
24.230145,24.002483,-300.00003,0,0
23.230145,24.002483,-300.00003,0,0
22.230145,24.002483,-300.00003,0,0
21.230145,24.002483,-300.00003,0,0
20.230145,24.002483,-300.00003,0,0
19.230145,24.002483,-300.00003,0,0
18.230145,24.002483,-300.00003,0,0
17.230145,24.002483,-300.00003,0,0
16.230145,24.002483,-300.00003,0,0
15.2301445,24.002483,-300.00003,0,0
14.2301445,24.002483,-300.00003,0,3.999999
13.2301445,24.002483,-300.00003,0,0
12.2301445,24.002483,-300.00003,0,23.999996
11.2301445,24.002483,-300.00003,0,43.999996
10.2301445,24.002483,-300.00003,0,23.999996
9.2301445,24.002483,-300.00003,0.6000736,71.99999
8.2301445,24.002483,-300.00003,0.589738,55.999996
7.2301445,24.002483,-300.00003,0.53752816,27.999996
6.2301445,24.002483,-300.00003,0.5119695,71.99999
5.2301445,24.002483,-300.00003,0.41646367,39.999996
4.2301445,24.002483,-300.00003,0.33812994,75.99999
3.2301445,24.002483,-300.00003,0.28522503,75.99999
2.2301445,24.002483,-300.00003,0.29489172,47.999996
1.2301445,24.002483,-300.00003,0.4783268,103.99999
0.2301445,24.002483,-300.00003,0.5960127,99.99999
-0.7698555,24.002483,-300.00003,0.48229492,31.999996
-1.7698555,24.002483,-300.00003,0.35933146,83.99999
-2.7698555,24.002483,-300.00003,0.30224407,95.99999
-3.7698555,24.002483,-300.00003,0.2689537,67.99999
-4.7698555,24.002483,-300.00003,0.28029037,83.99999
-5.7698555,24.002483,-300.00003,0.30699393,59.999996
-6.7698555,24.002483,-300.00003,0.29227343,83.99999
-7.7698555,24.002483,-300.00003,0.30386052,71.99999
-8.7698555,24.002483,-300.00003,0.37451234,83.99999
-9.7698555,24.002483,-300.00003,0,35.999996
-10.7698555,24.002483,-300.00003,0,35.999996
-11.7698555,24.002483,-300.00003,0,11.999997
-12.7698555,24.002483,-300.00003,0,0
-13.7698555,24.002483,-300.00003,0,0
-14.7698555,24.002483,-300.00003,0,0
-15.7698555,24.002483,-300.00003,0,0
-16.769855,24.002483,-300.00003,0,0
-17.769855,24.002483,-300.00003,0,0
-18.769855,24.002483,-300.00003,0,0
-19.769855,24.002483,-300.00003,0,0
-20.769855,24.002483,-300.00003,0,0
-21.769855,24.002483,-300.00003,0,0
-22.769855,24.002483,-300.00003,0,0
-23.769855,24.002483,-300.00003,0,0
-24.769855,24.002483,-300.00003,0,0
-25.769855,24.002483,-300.00003,0,0
-26.769855,24.002483,-300.00003,0,0
-27.769855,24.002483,-300.00003,0,0
-28.769855,24.002483,-300.00003,0,0
-29.769855,24.002483,-300.00003,0,0
-30.769855,24.002483,-300.00003,0,0
-31.769855,24.002483,-300.00003,0,0
-32.769855,24.002483,-300.00003,0,0
-33.769855,24.002483,-300.00003,0,0
-34.769855,24.002483,-300.00003,0,0
-35.769855,24.002483,-300.00003,0,0
-36.769855,24.002483,-300.00003,0,0
-37.769855,24.002483,-300.00003,0,0
-38.769855,24.002483,-300.00003,0,0
-39.769855,24.002483,-300.00003,0,0
-40.769855,24.002483,-300.00003,0,0
-41.769855,24.002483,-300.00003,0,0
-42.769855,24.002483,-300.00003,0,0
-43.769855,24.002483,-300.00003,0,0
-44.769855,24.002483,-300.00003,0,0
-45.769855,24.002483,-300.00003,0,0
-46.769855,24.002483,-300.00003,0,0
-47.769855,24.002483,-300.00003,0,0
-48.769855,24.002483,-300.00003,0,0
-49.769855,24.002483,-300.00003,0,0
49.230145,23.002483,-300.00003,0,0
48.230145,23.002483,-300.00003,0,0
47.230145,23.002483,-300.00003,0,0
46.230145,23.002483,-300.00003,0,0
45.230145,23.002483,-300.00003,0,0
44.230145,23.002483,-300.00003,0,0
43.230145,23.002483,-300.00003,0,0
42.230145,23.002483,-300.00003,0,0
41.230145,23.002483,-300.00003,0,0
40.230145,23.002483,-300.00003,0,0
39.230145,23.002483,-300.00003,0,0
38.230145,23.002483,-300.00003,0,0
37.230145,23.002483,-300.00003,0,0
36.230145,23.002483,-300.00003,0,0
35.230145,23.002483,-300.00003,0,0
34.230145,23.002483,-300.00003,0,0
33.230145,23.002483,-300.00003,0,0
32.230145,23.002483,-300.00003,0,0
31.230145,23.002483,-300.00003,0,0
30.230145,23.002483,-300.00003,0,0
29.230145,23.002483,-300.00003,0,0
28.230145,23.002483,-300.00003,0,0
27.230145,23.002483,-300.00003,0,0
26.230145,23.002483,-300.00003,0,0
25.230145,23.002483,-300.00003,0,0
24.230145,23.002483,-300.00003,0,0
23.230145,23.002483,-300.00003,0,0
22.230145,23.002483,-300.00003,0,0
21.230145,23.002483,-300.00003,0,0
20.230145,23.002483,-300.00003,0,0
19.230145,23.002483,-300.00003,0,0
18.230145,23.002483,-300.00003,0,0
17.230145,23.002483,-300.00003,0,0
16.230145,23.002483,-300.00003,0,0
15.2301445,23.002483,-300.00003,0,11.999997
14.2301445,23.002483,-300.00003,0,23.999996
13.2301445,23.002483,-300.00003,0,35.999996
12.2301445,23.002483,-300.00003,-Infinity,39.999996
11.2301445,23.002483,-300.00003,0.4862965,71.99999
10.2301445,23.002483,-300.00003,0.4922763,59.999996
9.2301445,23.002483,-300.00003,0.49241686,55.999996
8.2301445,23.002483,-300.00003,0.5054909,43.999996
7.2301445,23.002483,-300.00003,0.5269994,55.999996
6.2301445,23.002483,-300.00003,0.5088952,35.999996
5.2301445,23.002483,-300.00003,0.4207934,95.99999
4.2301445,23.002483,-300.00003,0.3122176,71.99999
3.2301445,23.002483,-300.00003,0.23567769,79.99999
2.2301445,23.002483,-300.00003,0.28570405,95.99999
1.2301445,23.002483,-300.00003,0.48046643,71.99999
0.2301445,23.002483,-300.00003,0.59640795,75.99999
-0.7698555,23.002483,-300.00003,0.49851483,43.999996
-1.7698555,23.002483,-300.00003,0.34917527,67.99999
-2.7698555,23.002483,-300.00003,0.2635349,79.99999
-3.7698555,23.002483,-300.00003,0.1748375,87.99999
-4.7698555,23.002483,-300.00003,0.09117633,67.99999
-5.7698555,23.002483,-300.00003,0.08887704,31.999996
-6.7698555,23.002483,-300.00003,0.18229973,91.99999
-7.7698555,23.002483,-300.00003,0.30947807,59.999996
-8.7698555,23.002483,-300.00003,0.40457848,103.99999
-9.7698555,23.002483,-300.00003,0.39327708,75.99999
-10.7698555,23.002483,-300.00003,0.32904595,115.99999
-11.7698555,23.002483,-300.00003,0,43.999996
-12.7698555,23.002483,-300.00003,0,63.999996
-13.7698555,23.002483,-300.00003,0,15.999996
-14.7698555,23.002483,-300.00003,0,0
-15.7698555,23.002483,-300.00003,0,0
-16.769855,23.002483,-300.00003,0,0
-17.769855,23.002483,-300.00003,0,0
-18.769855,23.002483,-300.00003,0,0
-19.769855,23.002483,-300.00003,0,0
-20.769855,23.002483,-300.00003,0,0
-21.769855,23.002483,-300.00003,0,0
-22.769855,23.002483,-300.00003,0,0
-23.769855,23.002483,-300.00003,0,0
-24.769855,23.002483,-300.00003,0,0
-25.769855,23.002483,-300.00003,0,0
-26.769855,23.002483,-300.00003,0,3.999999
-27.769855,23.002483,-300.00003,0,0
-28.769855,23.002483,-300.00003,0,0
-29.769855,23.002483,-300.00003,0,0
-30.769855,23.002483,-300.00003,0,0
-31.769855,23.002483,-300.00003,0,0
-32.769855,23.002483,-300.00003,0,0
-33.769855,23.002483,-300.00003,0,0
-34.769855,23.002483,-300.00003,0,0
-35.769855,23.002483,-300.00003,0,0
-36.769855,23.002483,-300.00003,0,0
-37.769855,23.002483,-300.00003,0,0
-38.769855,23.002483,-300.00003,0,0
-39.769855,23.002483,-300.00003,0,0
-40.769855,23.002483,-300.00003,0,0
-41.769855,23.002483,-300.00003,0,0
-42.769855,23.002483,-300.00003,0,0
-43.769855,23.002483,-300.00003,0,0
-44.769855,23.002483,-300.00003,0,0
-45.769855,23.002483,-300.00003,0,0
-46.769855,23.002483,-300.00003,0,0
-47.769855,23.002483,-300.00003,0,0
-48.769855,23.002483,-300.00003,0,0
-49.769855,23.002483,-300.00003,0,0
49.230145,22.002483,-300.00003,0,0
48.230145,22.002483,-300.00003,0,0
47.230145,22.002483,-300.00003,0,0
46.230145,22.002483,-300.00003,0,0
45.230145,22.002483,-300.00003,0,0
44.230145,22.002483,-300.00003,0,0
43.230145,22.002483,-300.00003,0,0
42.230145,22.002483,-300.00003,0,0
41.230145,22.002483,-300.00003,0,0
40.230145,22.002483,-300.00003,0,0
39.230145,22.002483,-300.00003,0,0
38.230145,22.002483,-300.00003,0,0
37.230145,22.002483,-300.00003,0,0
36.230145,22.002483,-300.00003,0,0
35.230145,22.002483,-300.00003,0,0
34.230145,22.002483,-300.00003,0,0
33.230145,22.002483,-300.00003,0,0
32.230145,22.002483,-300.00003,0,0
31.230145,22.002483,-300.00003,0,0
30.230145,22.002483,-300.00003,0,0
29.230145,22.002483,-300.00003,0,0
28.230145,22.002483,-300.00003,0,0
27.230145,22.002483,-300.00003,0,0
26.230145,22.002483,-300.00003,0,0
25.230145,22.002483,-300.00003,0,0
24.230145,22.002483,-300.00003,0,0
23.230145,22.002483,-300.00003,0,0
22.230145,22.002483,-300.00003,0,0
21.230145,22.002483,-300.00003,0,0
20.230145,22.002483,-300.00003,0,0
19.230145,22.002483,-300.00003,0,0
18.230145,22.002483,-300.00003,0,0
17.230145,22.002483,-300.00003,0,0
16.230145,22.002483,-300.00003,0,15.999996
15.2301445,22.002483,-300.00003,0,63.999996
14.2301445,22.002483,-300.00003,Infinity,47.999996
13.2301445,22.002483,-300.00003,0.29176763,39.999996
12.2301445,22.002483,-300.00003,0.27182674,67.99999
11.2301445,22.002483,-300.00003,0.38512287,71.99999
10.2301445,22.002483,-300.00003,0.41103774,39.999996
9.2301445,22.002483,-300.00003,0.40759695,75.99999
8.2301445,22.002483,-300.00003,0.4253747,59.999996
7.2301445,22.002483,-300.00003,0.4732201,47.999996
6.2301445,22.002483,-300.00003,0.5430081,103.99999
5.2301445,22.002483,-300.00003,0.48052004,63.999996
4.2301445,22.002483,-300.00003,0.33501408,59.999996
3.2301445,22.002483,-300.00003,0.27076784,71.99999
2.2301445,22.002483,-300.00003,0.33214742,87.99999
1.2301445,22.002483,-300.00003,0.4491492,79.99999
0.2301445,22.002483,-300.00003,0.50386876,59.999996
-0.7698555,22.002483,-300.00003,0.48130038,83.99999
-1.7698555,22.002483,-300.00003,0.40408793,79.99999
-2.7698555,22.002483,-300.00003,0.26590756,107.99999
-3.7698555,22.002483,-300.00003,0.097148046,75.99999
-4.7698555,22.002483,-300.00003,0.03429993,75.99999
-5.7698555,22.002483,-300.00003,0.072695106,83.99999
-6.7698555,22.002483,-300.00003,0.15480447,47.999996
-7.7698555,22.002483,-300.00003,0.33687365,95.99999
-8.7698555,22.002483,-300.00003,0.48402864,107.99999
-9.7698555,22.002483,-300.00003,0.45475405,87.99999
-10.7698555,22.002483,-300.00003,0.31440407,43.999996
-11.7698555,22.002483,-300.00003,0.29322314,143.99998
-12.7698555,22.002483,-300.00003,0.35943055,111.99999
-13.7698555,22.002483,-300.00003,0,79.99999
-14.7698555,22.002483,-300.00003,0,35.999996
-15.7698555,22.002483,-300.00003,0,11.999997
-16.769855,22.002483,-300.00003,0,0
-17.769855,22.002483,-300.00003,0,3.999999
-18.769855,22.002483,-300.00003,0,0
-19.769855,22.002483,-300.00003,0,0
-20.769855,22.002483,-300.00003,0,0
-21.769855,22.002483,-300.00003,0,0
-22.769855,22.002483,-300.00003,0,0
-23.769855,22.002483,-300.00003,0,0
-24.769855,22.002483,-300.00003,0,0
-25.769855,22.002483,-300.00003,0,0
-26.769855,22.002483,-300.00003,0,0
-27.769855,22.002483,-300.00003,0,0
-28.769855,22.002483,-300.00003,0,0
-29.769855,22.002483,-300.00003,0,0
-30.769855,22.002483,-300.00003,0,0
-31.769855,22.002483,-300.00003,0,0
-32.769855,22.002483,-300.00003,0,0
-33.769855,22.002483,-300.00003,0,0
-34.769855,22.002483,-300.00003,0,0
-35.769855,22.002483,-300.00003,0,0
-36.769855,22.002483,-300.00003,0,0
-37.769855,22.002483,-300.00003,0,0
-38.769855,22.002483,-300.00003,0,0
-39.769855,22.002483,-300.00003,0,0
-40.769855,22.002483,-300.00003,0,0
-41.769855,22.002483,-300.00003,0,0
-42.769855,22.002483,-300.00003,0,0
-43.769855,22.002483,-300.00003,0,0
-44.769855,22.002483,-300.00003,0,0
-45.769855,22.002483,-300.00003,0,0
-46.769855,22.002483,-300.00003,0,0
-47.769855,22.002483,-300.00003,0,0
-48.769855,22.002483,-300.00003,0,0
-49.769855,22.002483,-300.00003,0,0
49.230145,21.002483,-300.00003,0,0
48.230145,21.002483,-300.00003,0,0
47.230145,21.002483,-300.00003,0,0
46.230145,21.002483,-300.00003,0,0
45.230145,21.002483,-300.00003,0,0
44.230145,21.002483,-300.00003,0,0
43.230145,21.002483,-300.00003,0,0
42.230145,21.002483,-300.00003,0,0
41.230145,21.002483,-300.00003,0,0
40.230145,21.002483,-300.00003,0,0
39.230145,21.002483,-300.00003,0,0
38.230145,21.002483,-300.00003,0,0
37.230145,21.002483,-300.00003,0,0
36.230145,21.002483,-300.00003,0,0
35.230145,21.002483,-300.00003,0,0
34.230145,21.002483,-300.00003,0,0
33.230145,21.002483,-300.00003,0,0
32.230145,21.002483,-300.00003,0,0
31.230145,21.002483,-300.00003,0,0
30.230145,21.002483,-300.00003,0,0
29.230145,21.002483,-300.00003,0,0
28.230145,21.002483,-300.00003,0,0
27.230145,21.002483,-300.00003,0,0
26.230145,21.002483,-300.00003,0,0
25.230145,21.002483,-300.00003,0,0
24.230145,21.002483,-300.00003,0,0
23.230145,21.002483,-300.00003,0,0
22.230145,21.002483,-300.00003,0,0
21.230145,21.002483,-300.00003,0,0
20.230145,21.002483,-300.00003,0,0
19.230145,21.002483,-300.00003,0,0
18.230145,21.002483,-300.00003,0,7.999998
17.230145,21.002483,-300.00003,0,63.999996
16.230145,21.002483,-300.00003,0,55.999996
15.2301445,21.002483,-300.00003,0.7560321,47.999996
14.2301445,21.002483,-300.00003,0.54271775,67.99999
13.2301445,21.002483,-300.00003,0.2882209,75.99999
12.2301445,21.002483,-300.00003,0.27272907,59.999996
11.2301445,21.002483,-300.00003,0.38670158,119.99999
10.2301445,21.002483,-300.00003,0.39450547,71.99999
9.2301445,21.002483,-300.00003,0.34079644,75.99999
8.2301445,21.002483,-300.00003,0.3089154,43.999996
7.2301445,21.002483,-300.00003,0.3569892,35.999996
6.2301445,21.002483,-300.00003,0.4751261,87.99999
5.2301445,21.002483,-300.00003,0.46237653,67.99999
4.2301445,21.002483,-300.00003,0.3485734,59.999996
3.2301445,21.002483,-300.00003,0.37986094,59.999996
2.2301445,21.002483,-300.00003,0.4648006,79.99999
1.2301445,21.002483,-300.00003,0.4228387,39.999996
0.2301445,21.002483,-300.00003,0.3849738,75.99999
-0.7698555,21.002483,-300.00003,0.39234534,55.999996
-1.7698555,21.002483,-300.00003,0.36391556,75.99999
-2.7698555,21.002483,-300.00003,0.24732395,111.99999
-3.7698555,21.002483,-300.00003,0.11873131,43.999996
-4.7698555,21.002483,-300.00003,0.13974515,71.99999
-5.7698555,21.002483,-300.00003,0.2190656,115.99999
-6.7698555,21.002483,-300.00003,0.2659046,103.99999
-7.7698555,21.002483,-300.00003,0.36011174,83.99999
-8.7698555,21.002483,-300.00003,0.49357003,83.99999
-9.7698555,21.002483,-300.00003,0.5059028,127.99999
-10.7698555,21.002483,-300.00003,0.4411778,67.99999
-11.7698555,21.002483,-300.00003,0.38351554,123.99999
-12.7698555,21.002483,-300.00003,0.36144453,87.99999
-13.7698555,21.002483,-300.00003,0.35281837,75.99999
-14.7698555,21.002483,-300.00003,0.32760662,79.99999
-15.7698555,21.002483,-300.00003,0,111.99999
-16.769855,21.002483,-300.00003,0,23.999996
-17.769855,21.002483,-300.00003,0,15.999996
-18.769855,21.002483,-300.00003,0,0
-19.769855,21.002483,-300.00003,0,7.999998
-20.769855,21.002483,-300.00003,0,0
-21.769855,21.002483,-300.00003,0,0
-22.769855,21.002483,-300.00003,0,0
-23.769855,21.002483,-300.00003,0,0
-24.769855,21.002483,-300.00003,0,0
-25.769855,21.002483,-300.00003,0,0
-26.769855,21.002483,-300.00003,0,0
-27.769855,21.002483,-300.00003,0,0
-28.769855,21.002483,-300.00003,0,0
-29.769855,21.002483,-300.00003,0,0
-30.769855,21.002483,-300.00003,0,0
-31.769855,21.002483,-300.00003,0,0
-32.769855,21.002483,-300.00003,0,0
-33.769855,21.002483,-300.00003,0,0
-34.769855,21.002483,-300.00003,0,0
-35.769855,21.002483,-300.00003,0,0
-36.769855,21.002483,-300.00003,0,0
-37.769855,21.002483,-300.00003,0,0
-38.769855,21.002483,-300.00003,0,0
-39.769855,21.002483,-300.00003,0,0
-40.769855,21.002483,-300.00003,0,0
-41.769855,21.002483,-300.00003,0,0
-42.769855,21.002483,-300.00003,0,0
-43.769855,21.002483,-300.00003,0,0
-44.769855,21.002483,-300.00003,0,0
-45.769855,21.002483,-300.00003,0,0
-46.769855,21.002483,-300.00003,0,0
-47.769855,21.002483,-300.00003,0,0
-48.769855,21.002483,-300.00003,0,0
-49.769855,21.002483,-300.00003,0,0
49.230145,20.002483,-300.00003,0,0
48.230145,20.002483,-300.00003,0,0
47.230145,20.002483,-300.00003,0,0
46.230145,20.002483,-300.00003,0,0
45.230145,20.002483,-300.00003,0,0
44.230145,20.002483,-300.00003,0,0
43.230145,20.002483,-300.00003,0,0
42.230145,20.002483,-300.00003,0,0
41.230145,20.002483,-300.00003,0,0
40.230145,20.002483,-300.00003,0,0
39.230145,20.002483,-300.00003,0,0
38.230145,20.002483,-300.00003,0,0
37.230145,20.002483,-300.00003,0,0
36.230145,20.002483,-300.00003,0,0
35.230145,20.002483,-300.00003,0,0
34.230145,20.002483,-300.00003,0,0
33.230145,20.002483,-300.00003,0,0
32.230145,20.002483,-300.00003,0,0
31.230145,20.002483,-300.00003,0,0
30.230145,20.002483,-300.00003,0,0
29.230145,20.002483,-300.00003,0,0
28.230145,20.002483,-300.00003,0,0
27.230145,20.002483,-300.00003,0,0
26.230145,20.002483,-300.00003,0,0
25.230145,20.002483,-300.00003,0,0
24.230145,20.002483,-300.00003,0,0
23.230145,20.002483,-300.00003,0,0
22.230145,20.002483,-300.00003,0,0
21.230145,20.002483,-300.00003,0,0
20.230145,20.002483,-300.00003,0,0
19.230145,20.002483,-300.00003,0,19.999996
18.230145,20.002483,-300.00003,0,47.999996
17.230145,20.002483,-300.00003,0.6116086,67.99999
16.230145,20.002483,-300.00003,0.701824,59.999996
15.2301445,20.002483,-300.00003,0.6714502,55.999996
14.2301445,20.002483,-300.00003,0.52308226,63.999996
13.2301445,20.002483,-300.00003,0.33822063,55.999996
12.2301445,20.002483,-300.00003,0.35288206,51.999996
11.2301445,20.002483,-300.00003,0.46516913,99.99999
10.2301445,20.002483,-300.00003,0.47609594,51.999996
9.2301445,20.002483,-300.00003,0.33911133,79.99999
8.2301445,20.002483,-300.00003,0.21702516,31.999996
7.2301445,20.002483,-300.00003,0.27925122,63.999996
6.2301445,20.002483,-300.00003,0.38855994,75.99999
5.2301445,20.002483,-300.00003,0.38602078,63.999996
4.2301445,20.002483,-300.00003,0.3370874,79.99999
3.2301445,20.002483,-300.00003,0.42820054,79.99999
2.2301445,20.002483,-300.00003,0.52817714,95.99999
1.2301445,20.002483,-300.00003,0.44408715,47.999996
0.2301445,20.002483,-300.00003,0.34908643,51.999996
-0.7698555,20.002483,-300.00003,0.30669868,83.99999
-1.7698555,20.002483,-300.00003,0.2535483,59.999996
-2.7698555,20.002483,-300.00003,0.21150187,59.999996
-3.7698555,20.002483,-300.00003,0.2074191,55.999996
-4.7698555,20.002483,-300.00003,0.29232898,83.99999
-5.7698555,20.002483,-300.00003,0.33405146,103.99999
-6.7698555,20.002483,-300.00003,0.3222724,95.99999
-7.7698555,20.002483,-300.00003,0.3375238,115.99999
-8.7698555,20.002483,-300.00003,0.38668975,55.999996
-9.7698555,20.002483,-300.00003,0.47371218,91.99999
-10.7698555,20.002483,-300.00003,0.5502434,83.99999
-11.7698555,20.002483,-300.00003,0.5419736,111.99999
-12.7698555,20.002483,-300.00003,0.48135453,87.99999
-13.7698555,20.002483,-300.00003,0.43953815,79.99999
-14.7698555,20.002483,-300.00003,0.3405869,75.99999
-15.7698555,20.002483,-300.00003,0.20142171,55.999996
-16.769855,20.002483,-300.00003,0.20800582,95.99999
-17.769855,20.002483,-300.00003,0,83.99999
-18.769855,20.002483,-300.00003,0,47.999996
-19.769855,20.002483,-300.00003,0,0
-20.769855,20.002483,-300.00003,0,0
-21.769855,20.002483,-300.00003,0,0
-22.769855,20.002483,-300.00003,0,0
-23.769855,20.002483,-300.00003,0,0
-24.769855,20.002483,-300.00003,0,0
-25.769855,20.002483,-300.00003,0,0
-26.769855,20.002483,-300.00003,0,0
-27.769855,20.002483,-300.00003,0,0
-28.769855,20.002483,-300.00003,0,0
-29.769855,20.002483,-300.00003,0,0
-30.769855,20.002483,-300.00003,0,0
-31.769855,20.002483,-300.00003,0,0
-32.769855,20.002483,-300.00003,0,0
-33.769855,20.002483,-300.00003,0,0
-34.769855,20.002483,-300.00003,0,0
-35.769855,20.002483,-300.00003,0,0
-36.769855,20.002483,-300.00003,0,0
-37.769855,20.002483,-300.00003,0,0
-38.769855,20.002483,-300.00003,0,0
-39.769855,20.002483,-300.00003,0,0
-40.769855,20.002483,-300.00003,0,0
-41.769855,20.002483,-300.00003,0,0
-42.769855,20.002483,-300.00003,0,0
-43.769855,20.002483,-300.00003,0,0
-44.769855,20.002483,-300.00003,0,0
-45.769855,20.002483,-300.00003,0,0
-46.769855,20.002483,-300.00003,0,0
-47.769855,20.002483,-300.00003,0,0
-48.769855,20.002483,-300.00003,0,0
-49.769855,20.002483,-300.00003,0,0
49.230145,19.002483,-300.00003,0,0
48.230145,19.002483,-300.00003,0,0
47.230145,19.002483,-300.00003,0,0
46.230145,19.002483,-300.00003,0,0
45.230145,19.002483,-300.00003,0,0
44.230145,19.002483,-300.00003,0,0
43.230145,19.002483,-300.00003,0,0
42.230145,19.002483,-300.00003,0,0
41.230145,19.002483,-300.00003,0,0
40.230145,19.002483,-300.00003,0,0
39.230145,19.002483,-300.00003,0,0
38.230145,19.002483,-300.00003,0,0
37.230145,19.002483,-300.00003,0,0
36.230145,19.002483,-300.00003,0,0
35.230145,19.002483,-300.00003,0,0
34.230145,19.002483,-300.00003,0,0
33.230145,19.002483,-300.00003,0,0
32.230145,19.002483,-300.00003,0,0
31.230145,19.002483,-300.00003,0,0
30.230145,19.002483,-300.00003,0,0
29.230145,19.002483,-300.00003,0,0
28.230145,19.002483,-300.00003,0,0
27.230145,19.002483,-300.00003,0,0
26.230145,19.002483,-300.00003,0,0
25.230145,19.002483,-300.00003,0,0
24.230145,19.002483,-300.00003,0,0
23.230145,19.002483,-300.00003,0,0
22.230145,19.002483,-300.00003,0,0
21.230145,19.002483,-300.00003,0,7.999998
20.230145,19.002483,-300.00003,0,51.999996
19.230145,19.002483,-300.00003,0,19.999996
18.230145,19.002483,-300.00003,0.2984725,31.999996
17.230145,19.002483,-300.00003,0.49718872,55.999996
16.230145,19.002483,-300.00003,0.6250935,11.999997
15.2301445,19.002483,-300.00003,0.592244,55.999996
14.2301445,19.002483,-300.00003,0.45858228,63.999996
13.2301445,19.002483,-300.00003,0.41596007,43.999996
12.2301445,19.002483,-300.00003,0.47295982,59.999996
11.2301445,19.002483,-300.00003,0.52076423,59.999996
10.2301445,19.002483,-300.00003,0.52090824,71.99999
9.2301445,19.002483,-300.00003,0.39595705,59.999996
8.2301445,19.002483,-300.00003,0.31566834,55.999996
7.2301445,19.002483,-300.00003,0.3144379,55.999996
6.2301445,19.002483,-300.00003,0.35376906,47.999996
5.2301445,19.002483,-300.00003,0.38812092,63.999996
4.2301445,19.002483,-300.00003,0.36942083,43.999996
3.2301445,19.002483,-300.00003,0.40195036,47.999996
2.2301445,19.002483,-300.00003,0.47343498,55.999996
1.2301445,19.002483,-300.00003,0.427614,71.99999
0.2301445,19.002483,-300.00003,0.32651818,75.99999
-0.7698555,19.002483,-300.00003,0.2567315,47.999996
-1.7698555,19.002483,-300.00003,0.24753866,59.999996
-2.7698555,19.002483,-300.00003,0.2337507,59.999996
-3.7698555,19.002483,-300.00003,0.26800314,51.999996
-4.7698555,19.002483,-300.00003,0.35957402,83.99999
-5.7698555,19.002483,-300.00003,0.3680146,55.999996
-6.7698555,19.002483,-300.00003,0.32908553,55.999996
-7.7698555,19.002483,-300.00003,0.32279104,71.99999
-8.7698555,19.002483,-300.00003,0.31352702,63.999996
-9.7698555,19.002483,-300.00003,0.3873245,91.99999
-10.7698555,19.002483,-300.00003,0.5575893,103.99999
-11.7698555,19.002483,-300.00003,0.61599255,87.99999
-12.7698555,19.002483,-300.00003,0.5670112,115.99999
-13.7698555,19.002483,-300.00003,0.4982206,103.99999
-14.7698555,19.002483,-300.00003,0.391433,75.99999
-15.7698555,19.002483,-300.00003,0.28445393,83.99999
-16.769855,19.002483,-300.00003,0.26876944,119.99999
-17.769855,19.002483,-300.00003,0.28780997,79.99999
-18.769855,19.002483,-300.00003,-Infinity,83.99999
-19.769855,19.002483,-300.00003,0,75.99999
-20.769855,19.002483,-300.00003,0,31.999996
-21.769855,19.002483,-300.00003,0,0
-22.769855,19.002483,-300.00003,0,0
-23.769855,19.002483,-300.00003,0,0
-24.769855,19.002483,-300.00003,0,0
-25.769855,19.002483,-300.00003,0,0
-26.769855,19.002483,-300.00003,0,0
-27.769855,19.002483,-300.00003,0,0
-28.769855,19.002483,-300.00003,0,0
-29.769855,19.002483,-300.00003,0,0
-30.769855,19.002483,-300.00003,0,0
-31.769855,19.002483,-300.00003,0,0
-32.769855,19.002483,-300.00003,0,0
-33.769855,19.002483,-300.00003,0,0
-34.769855,19.002483,-300.00003,0,0
-35.769855,19.002483,-300.00003,0,0
-36.769855,19.002483,-300.00003,0,0
-37.769855,19.002483,-300.00003,0,0
-38.769855,19.002483,-300.00003,0,0
-39.769855,19.002483,-300.00003,0,0
-40.769855,19.002483,-300.00003,0,0
-41.769855,19.002483,-300.00003,0,0
-42.769855,19.002483,-300.00003,0,0
-43.769855,19.002483,-300.00003,0,0
-44.769855,19.002483,-300.00003,0,0
-45.769855,19.002483,-300.00003,0,0
-46.769855,19.002483,-300.00003,0,0
-47.769855,19.002483,-300.00003,0,0
-48.769855,19.002483,-300.00003,0,0
-49.769855,19.002483,-300.00003,0,0
49.230145,18.002483,-300.00003,0,0
48.230145,18.002483,-300.00003,0,0
47.230145,18.002483,-300.00003,0,0
46.230145,18.002483,-300.00003,0,0
45.230145,18.002483,-300.00003,0,0
44.230145,18.002483,-300.00003,0,0
43.230145,18.002483,-300.00003,0,0
42.230145,18.002483,-300.00003,0,0
41.230145,18.002483,-300.00003,0,0
40.230145,18.002483,-300.00003,0,0
39.230145,18.002483,-300.00003,0,0
38.230145,18.002483,-300.00003,0,0
37.230145,18.002483,-300.00003,0,0
36.230145,18.002483,-300.00003,0,0
35.230145,18.002483,-300.00003,0,0
34.230145,18.002483,-300.00003,0,0
33.230145,18.002483,-300.00003,0,0
32.230145,18.002483,-300.00003,0,0
31.230145,18.002483,-300.00003,0,0
30.230145,18.002483,-300.00003,0,0
29.230145,18.002483,-300.00003,0,0
28.230145,18.002483,-300.00003,0,0
27.230145,18.002483,-300.00003,0,0
26.230145,18.002483,-300.00003,0,0
25.230145,18.002483,-300.00003,0,0
24.230145,18.002483,-300.00003,0,0
23.230145,18.002483,-300.00003,0,0
22.230145,18.002483,-300.00003,0,11.999997
21.230145,18.002483,-300.00003,0,11.999997
20.230145,18.002483,-300.00003,0.39016658,51.999996
19.230145,18.002483,-300.00003,0.3368775,71.99999
18.230145,18.002483,-300.00003,0.3630677,31.999996
17.230145,18.002483,-300.00003,0.5198037,39.999996
16.230145,18.002483,-300.00003,0.6279046,91.99999
15.2301445,18.002483,-300.00003,0.53667796,51.999996
14.2301445,18.002483,-300.00003,0.4301561,15.999996
13.2301445,18.002483,-300.00003,0.5114023,55.999996
12.2301445,18.002483,-300.00003,0.57062274,75.99999
11.2301445,18.002483,-300.00003,0.5289004,59.999996
10.2301445,18.002483,-300.00003,0.50461715,51.999996
9.2301445,18.002483,-300.00003,0.51554894,51.999996
8.2301445,18.002483,-300.00003,0.53599656,83.99999
7.2301445,18.002483,-300.00003,0.45713592,43.999996
6.2301445,18.002483,-300.00003,0.35486588,31.999996
5.2301445,18.002483,-300.00003,0.40892228,59.999996
4.2301445,18.002483,-300.00003,0.4587043,87.99999
3.2301445,18.002483,-300.00003,0.46218094,71.99999
2.2301445,18.002483,-300.00003,0.48459238,63.999996
1.2301445,18.002483,-300.00003,0.37462404,79.99999
0.2301445,18.002483,-300.00003,0.24589743,39.999996
-0.7698555,18.002483,-300.00003,0.28552103,71.99999
-1.7698555,18.002483,-300.00003,0.33242756,83.99999
-2.7698555,18.002483,-300.00003,0.26296777,71.99999
-3.7698555,18.002483,-300.00003,0.23373935,71.99999
-4.7698555,18.002483,-300.00003,0.305542,79.99999
-5.7698555,18.002483,-300.00003,0.37220377,71.99999
-6.7698555,18.002483,-300.00003,0.41562146,71.99999
-7.7698555,18.002483,-300.00003,0.4007855,95.99999
-8.7698555,18.002483,-300.00003,0.31027707,83.99999
-9.7698555,18.002483,-300.00003,0.32141727,79.99999
-10.7698555,18.002483,-300.00003,0.46125177,83.99999
-11.7698555,18.002483,-300.00003,0.5788434,83.99999
-12.7698555,18.002483,-300.00003,0.5654992,103.99999
-13.7698555,18.002483,-300.00003,0.46498916,111.99999
-14.7698555,18.002483,-300.00003,0.41078806,107.99999
-15.7698555,18.002483,-300.00003,0.38989142,107.99999
-16.769855,18.002483,-300.00003,0.37047,107.99999
-17.769855,18.002483,-300.00003,0.3412838,127.99999
-18.769855,18.002483,-300.00003,0.33216995,75.99999
-19.769855,18.002483,-300.00003,0.40388766,87.99999
-20.769855,18.002483,-300.00003,0,71.99999
-21.769855,18.002483,-300.00003,0,15.999996
-22.769855,18.002483,-300.00003,0,0
-23.769855,18.002483,-300.00003,0,0
-24.769855,18.002483,-300.00003,0,0
-25.769855,18.002483,-300.00003,0,3.999999
-26.769855,18.002483,-300.00003,0,0
-27.769855,18.002483,-300.00003,0,0
-28.769855,18.002483,-300.00003,0,0
-29.769855,18.002483,-300.00003,0,0
-30.769855,18.002483,-300.00003,0,0
-31.769855,18.002483,-300.00003,0,0
-32.769855,18.002483,-300.00003,0,0
-33.769855,18.002483,-300.00003,0,0
-34.769855,18.002483,-300.00003,0,0
-35.769855,18.002483,-300.00003,0,0
-36.769855,18.002483,-300.00003,0,0
-37.769855,18.002483,-300.00003,0,0
-38.769855,18.002483,-300.00003,0,0
-39.769855,18.002483,-300.00003,0,0
-40.769855,18.002483,-300.00003,0,0
-41.769855,18.002483,-300.00003,0,0
-42.769855,18.002483,-300.00003,0,0
-43.769855,18.002483,-300.00003,0,0
-44.769855,18.002483,-300.00003,0,0
-45.769855,18.002483,-300.00003,0,0
-46.769855,18.002483,-300.00003,0,0
-47.769855,18.002483,-300.00003,0,0
-48.769855,18.002483,-300.00003,0,0
-49.769855,18.002483,-300.00003,0,0
49.230145,17.002483,-300.00003,0,0
48.230145,17.002483,-300.00003,0,0
47.230145,17.002483,-300.00003,0,0
46.230145,17.002483,-300.00003,0,0
45.230145,17.002483,-300.00003,0,0
44.230145,17.002483,-300.00003,0,0
43.230145,17.002483,-300.00003,0,0
42.230145,17.002483,-300.00003,0,0
41.230145,17.002483,-300.00003,0,0
40.230145,17.002483,-300.00003,0,0
39.230145,17.002483,-300.00003,0,0
38.230145,17.002483,-300.00003,0,0
37.230145,17.002483,-300.00003,0,0
36.230145,17.002483,-300.00003,0,0
35.230145,17.002483,-300.00003,0,0
34.230145,17.002483,-300.00003,0,0
33.230145,17.002483,-300.00003,0,0
32.230145,17.002483,-300.00003,0,0
31.230145,17.002483,-300.00003,0,0
30.230145,17.002483,-300.00003,0,0
29.230145,17.002483,-300.00003,0,0
28.230145,17.002483,-300.00003,0,0
27.230145,17.002483,-300.00003,0,0
26.230145,17.002483,-300.00003,0,0
25.230145,17.002483,-300.00003,0,0
24.230145,17.002483,-300.00003,0,0
23.230145,17.002483,-300.00003,0,0
22.230145,17.002483,-300.00003,0,35.999996
21.230145,17.002483,-300.00003,0.3250866,59.999996
20.230145,17.002483,-300.00003,0.30525362,51.999996
19.230145,17.002483,-300.00003,0.3662811,71.99999
18.230145,17.002483,-300.00003,0.4474706,83.99999
17.230145,17.002483,-300.00003,0.56510615,67.99999
16.230145,17.002483,-300.00003,0.60329413,39.999996
15.2301445,17.002483,-300.00003,0.52960706,59.999996
14.2301445,17.002483,-300.00003,0.5110245,39.999996
13.2301445,17.002483,-300.00003,0.58171904,35.999996
12.2301445,17.002483,-300.00003,0.5366686,35.999996
11.2301445,17.002483,-300.00003,0.46201316,47.999996
10.2301445,17.002483,-300.00003,0.51068336,51.999996
9.2301445,17.002483,-300.00003,0.5303645,47.999996
8.2301445,17.002483,-300.00003,0.6002579,51.999996
7.2301445,17.002483,-300.00003,0.5755192,59.999996
6.2301445,17.002483,-300.00003,0.41704005,63.999996
5.2301445,17.002483,-300.00003,0.41614845,71.99999
4.2301445,17.002483,-300.00003,0.5228721,63.999996
3.2301445,17.002483,-300.00003,0.5462768,63.999996
2.2301445,17.002483,-300.00003,0.48716325,75.99999
1.2301445,17.002483,-300.00003,0.29738992,91.99999
0.2301445,17.002483,-300.00003,0.16924134,59.999996
-0.7698555,17.002483,-300.00003,0.28318867,95.99999
-1.7698555,17.002483,-300.00003,0.36224914,71.99999
-2.7698555,17.002483,-300.00003,0.24344313,47.999996
-3.7698555,17.002483,-300.00003,0.19747269,67.99999
-4.7698555,17.002483,-300.00003,0.30765274,83.99999
-5.7698555,17.002483,-300.00003,0.40420127,67.99999
-6.7698555,17.002483,-300.00003,0.4614203,115.99999
-7.7698555,17.002483,-300.00003,0.43484342,87.99999
-8.7698555,17.002483,-300.00003,0.31570095,103.99999
-9.7698555,17.002483,-300.00003,0.27392828,79.99999
-10.7698555,17.002483,-300.00003,0.39947644,79.99999
-11.7698555,17.002483,-300.00003,0.5268334,91.99999
-12.7698555,17.002483,-300.00003,0.5277289,83.99999
-13.7698555,17.002483,-300.00003,0.42478484,111.99999
-14.7698555,17.002483,-300.00003,0.34512326,95.99999
-15.7698555,17.002483,-300.00003,0.34602478,139.99998
-16.769855,17.002483,-300.00003,0.34622896,95.99999
-17.769855,17.002483,-300.00003,0.35471624,99.99999
-18.769855,17.002483,-300.00003,0.36911416,107.99999
-19.769855,17.002483,-300.00003,0.37792107,103.99999
-20.769855,17.002483,-300.00003,0.35138834,107.99999
-21.769855,17.002483,-300.00003,0,55.999996
-22.769855,17.002483,-300.00003,0,7.999998
-23.769855,17.002483,-300.00003,0,0
-24.769855,17.002483,-300.00003,0,0
-25.769855,17.002483,-300.00003,0,0
-26.769855,17.002483,-300.00003,0,0
-27.769855,17.002483,-300.00003,0,0
-28.769855,17.002483,-300.00003,0,0
-29.769855,17.002483,-300.00003,0,0
-30.769855,17.002483,-300.00003,0,0
-31.769855,17.002483,-300.00003,0,0
-32.769855,17.002483,-300.00003,0,0
-33.769855,17.002483,-300.00003,0,0
-34.769855,17.002483,-300.00003,0,0
-35.769855,17.002483,-300.00003,0,0
-36.769855,17.002483,-300.00003,0,0
-37.769855,17.002483,-300.00003,0,0
-38.769855,17.002483,-300.00003,0,0
-39.769855,17.002483,-300.00003,0,0
-40.769855,17.002483,-300.00003,0,0
-41.769855,17.002483,-300.00003,0,0
-42.769855,17.002483,-300.00003,0,0
-43.769855,17.002483,-300.00003,0,0
-44.769855,17.002483,-300.00003,0,0
-45.769855,17.002483,-300.00003,0,0
-46.769855,17.002483,-300.00003,0,0
-47.769855,17.002483,-300.00003,0,0
-48.769855,17.002483,-300.00003,0,0
-49.769855,17.002483,-300.00003,0,0
49.230145,16.002483,-300.00003,0,0
48.230145,16.002483,-300.00003,0,0
47.230145,16.002483,-300.00003,0,0
46.230145,16.002483,-300.00003,0,0
45.230145,16.002483,-300.00003,0,0
44.230145,16.002483,-300.00003,0,0
43.230145,16.002483,-300.00003,0,0
42.230145,16.002483,-300.00003,0,0
41.230145,16.002483,-300.00003,0,0
40.230145,16.002483,-300.00003,0,0
39.230145,16.002483,-300.00003,0,0
38.230145,16.002483,-300.00003,0,0
37.230145,16.002483,-300.00003,0,0
36.230145,16.002483,-300.00003,0,0
35.230145,16.002483,-300.00003,0,0
34.230145,16.002483,-300.00003,0,0
33.230145,16.002483,-300.00003,0,0
32.230145,16.002483,-300.00003,0,0
31.230145,16.002483,-300.00003,0,0
30.230145,16.002483,-300.00003,0,0
29.230145,16.002483,-300.00003,0,0
28.230145,16.002483,-300.00003,0,0
27.230145,16.002483,-300.00003,0,0
26.230145,16.002483,-300.00003,0,0
25.230145,16.002483,-300.00003,0,0
24.230145,16.002483,-300.00003,0,7.999998
23.230145,16.002483,-300.00003,0,35.999996
22.230145,16.002483,-300.00003,-Infinity,71.99999
21.230145,16.002483,-300.00003,0.34339157,59.999996
20.230145,16.002483,-300.00003,0.25662112,67.99999
19.230145,16.002483,-300.00003,0.28785053,71.99999
18.230145,16.002483,-300.00003,0.4058709,71.99999
17.230145,16.002483,-300.00003,0.5185677,63.999996
16.230145,16.002483,-300.00003,0.5400031,43.999996
15.2301445,16.002483,-300.00003,0.528004,39.999996
14.2301445,16.002483,-300.00003,0.60292375,51.999996
13.2301445,16.002483,-300.00003,0.6154368,39.999996
12.2301445,16.002483,-300.00003,0.51046324,43.999996
11.2301445,16.002483,-300.00003,0.50601196,71.99999
10.2301445,16.002483,-300.00003,0.53406256,55.999996
9.2301445,16.002483,-300.00003,0.4747492,47.999996
8.2301445,16.002483,-300.00003,0.47106713,59.999996
7.2301445,16.002483,-300.00003,0.48033816,75.99999
6.2301445,16.002483,-300.00003,0.4069599,47.999996
5.2301445,16.002483,-300.00003,0.40807703,59.999996
4.2301445,16.002483,-300.00003,0.50856405,75.99999
3.2301445,16.002483,-300.00003,0.49143773,79.99999
2.2301445,16.002483,-300.00003,0.37208927,63.999996
1.2301445,16.002483,-300.00003,0.21404198,75.99999
0.2301445,16.002483,-300.00003,0.12367952,103.99999
-0.7698555,16.002483,-300.00003,0.19854526,87.99999
-1.7698555,16.002483,-300.00003,0.27365202,95.99999
-2.7698555,16.002483,-300.00003,0.21353838,63.999996
-3.7698555,16.002483,-300.00003,0.22852592,75.99999
-4.7698555,16.002483,-300.00003,0.36785546,127.99999
-5.7698555,16.002483,-300.00003,0.40739983,91.99999
-6.7698555,16.002483,-300.00003,0.37067965,63.999996
-7.7698555,16.002483,-300.00003,0.3563856,83.99999
-8.7698555,16.002483,-300.00003,0.2861201,83.99999
-9.7698555,16.002483,-300.00003,0.29730028,91.99999
-10.7698555,16.002483,-300.00003,0.4346118,87.99999
-11.7698555,16.002483,-300.00003,0.4952261,119.99999
-12.7698555,16.002483,-300.00003,0.45840162,83.99999
-13.7698555,16.002483,-300.00003,0.37097007,99.99999
-14.7698555,16.002483,-300.00003,0.2495882,111.99999
-15.7698555,16.002483,-300.00003,0.19387725,51.999996
-16.769855,16.002483,-300.00003,0.23601389,99.99999
-17.769855,16.002483,-300.00003,0.31204867,63.999996
-18.769855,16.002483,-300.00003,0.37262815,91.99999
-19.769855,16.002483,-300.00003,0.35502264,75.99999
-20.769855,16.002483,-300.00003,0.2884438,91.99999
-21.769855,16.002483,-300.00003,0.23546189,71.99999
-22.769855,16.002483,-300.00003,0,75.99999
-23.769855,16.002483,-300.00003,0,11.999997
-24.769855,16.002483,-300.00003,0,0
-25.769855,16.002483,-300.00003,0,0
-26.769855,16.002483,-300.00003,0,0
-27.769855,16.002483,-300.00003,0,0
-28.769855,16.002483,-300.00003,0,0
-29.769855,16.002483,-300.00003,0,0
-30.769855,16.002483,-300.00003,0,0
-31.769855,16.002483,-300.00003,0,0
-32.769855,16.002483,-300.00003,0,0
-33.769855,16.002483,-300.00003,0,0
-34.769855,16.002483,-300.00003,0,0
-35.769855,16.002483,-300.00003,0,0
-36.769855,16.002483,-300.00003,0,0
-37.769855,16.002483,-300.00003,0,0
-38.769855,16.002483,-300.00003,0,0
-39.769855,16.002483,-300.00003,0,0
-40.769855,16.002483,-300.00003,0,0
-41.769855,16.002483,-300.00003,0,0
-42.769855,16.002483,-300.00003,0,0
-43.769855,16.002483,-300.00003,0,0
-44.769855,16.002483,-300.00003,0,0
-45.769855,16.002483,-300.00003,0,0
-46.769855,16.002483,-300.00003,0,0
-47.769855,16.002483,-300.00003,0,0
-48.769855,16.002483,-300.00003,0,0
-49.769855,16.002483,-300.00003,0,0
49.230145,15.002483,-300.00003,0,0
48.230145,15.002483,-300.00003,0,0
47.230145,15.002483,-300.00003,0,0
46.230145,15.002483,-300.00003,0,0
45.230145,15.002483,-300.00003,0,0
44.230145,15.002483,-300.00003,0,0
43.230145,15.002483,-300.00003,0,0
42.230145,15.002483,-300.00003,0,0
41.230145,15.002483,-300.00003,0,0
40.230145,15.002483,-300.00003,0,0
39.230145,15.002483,-300.00003,0,0
38.230145,15.002483,-300.00003,0,0
37.230145,15.002483,-300.00003,0,0
36.230145,15.002483,-300.00003,0,0
35.230145,15.002483,-300.00003,0,0
34.230145,15.002483,-300.00003,0,0
33.230145,15.002483,-300.00003,0,0
32.230145,15.002483,-300.00003,0,0
31.230145,15.002483,-300.00003,0,0
30.230145,15.002483,-300.00003,0,0
29.230145,15.002483,-300.00003,0,0
28.230145,15.002483,-300.00003,0,0
27.230145,15.002483,-300.00003,0,0
26.230145,15.002483,-300.00003,0,0
25.230145,15.002483,-300.00003,0,3.999999
24.230145,15.002483,-300.00003,0,11.999997
23.230145,15.002483,-300.00003,0.31625307,39.999996
22.230145,15.002483,-300.00003,0.4562303,63.999996
21.230145,15.002483,-300.00003,0.35791647,87.99999
20.230145,15.002483,-300.00003,0.22023283,27.999996
19.230145,15.002483,-300.00003,0.2368438,55.999996
18.230145,15.002483,-300.00003,0.33131886,47.999996
17.230145,15.002483,-300.00003,0.41593233,39.999996
16.230145,15.002483,-300.00003,0.43886355,51.999996
15.2301445,15.002483,-300.00003,0.49562037,43.999996
14.2301445,15.002483,-300.00003,0.61882025,39.999996
13.2301445,15.002483,-300.00003,0.5653065,47.999996
12.2301445,15.002483,-300.00003,0.5046433,35.999996
11.2301445,15.002483,-300.00003,0.5562209,63.999996
10.2301445,15.002483,-300.00003,0.5510867,51.999996
9.2301445,15.002483,-300.00003,0.42155793,87.99999
8.2301445,15.002483,-300.00003,0.3145231,71.99999
7.2301445,15.002483,-300.00003,0.27790076,95.99999
6.2301445,15.002483,-300.00003,0.2863779,43.999996
5.2301445,15.002483,-300.00003,0.39279258,79.99999
4.2301445,15.002483,-300.00003,0.49143255,99.99999
3.2301445,15.002483,-300.00003,0.43116218,35.999996
2.2301445,15.002483,-300.00003,0.31471086,59.999996
1.2301445,15.002483,-300.00003,0.1922262,95.99999
0.2301445,15.002483,-300.00003,0.08335637,87.99999
-0.7698555,15.002483,-300.00003,0.098802224,79.99999
-1.7698555,15.002483,-300.00003,0.18490036,95.99999
-2.7698555,15.002483,-300.00003,0.23155117,51.999996
-3.7698555,15.002483,-300.00003,0.30967897,79.99999
-4.7698555,15.002483,-300.00003,0.41807833,63.999996
-5.7698555,15.002483,-300.00003,0.4116991,67.99999
-6.7698555,15.002483,-300.00003,0.32881787,83.99999
-7.7698555,15.002483,-300.00003,0.26149514,99.99999
-8.7698555,15.002483,-300.00003,0.24579719,91.99999
-9.7698555,15.002483,-300.00003,0.32537708,87.99999
-10.7698555,15.002483,-300.00003,0.45359904,95.99999
-11.7698555,15.002483,-300.00003,0.47503594,111.99999
-12.7698555,15.002483,-300.00003,0.39460748,95.99999
-13.7698555,15.002483,-300.00003,0.30385152,91.99999
-14.7698555,15.002483,-300.00003,0.21118629,67.99999
-15.7698555,15.002483,-300.00003,0.1633086,75.99999
-16.769855,15.002483,-300.00003,0.18131098,71.99999
-17.769855,15.002483,-300.00003,0.2929997,91.99999
-18.769855,15.002483,-300.00003,0.37258723,103.99999
-19.769855,15.002483,-300.00003,0.32185382,83.99999
-20.769855,15.002483,-300.00003,0.2312147,111.99999
-21.769855,15.002483,-300.00003,0.23403546,71.99999
-22.769855,15.002483,-300.00003,0.3577062,91.99999
-23.769855,15.002483,-300.00003,0,87.99999
-24.769855,15.002483,-300.00003,0,15.999996
-25.769855,15.002483,-300.00003,0,0
-26.769855,15.002483,-300.00003,0,0
-27.769855,15.002483,-300.00003,0,0
-28.769855,15.002483,-300.00003,0,0
-29.769855,15.002483,-300.00003,0,0
-30.769855,15.002483,-300.00003,0,0
-31.769855,15.002483,-300.00003,0,0
-32.769855,15.002483,-300.00003,0,0
-33.769855,15.002483,-300.00003,0,0
-34.769855,15.002483,-300.00003,0,0
-35.769855,15.002483,-300.00003,0,0
-36.769855,15.002483,-300.00003,0,0
-37.769855,15.002483,-300.00003,0,0
-38.769855,15.002483,-300.00003,0,0
-39.769855,15.002483,-300.00003,0,0
-40.769855,15.002483,-300.00003,0,0
-41.769855,15.002483,-300.00003,0,0
-42.769855,15.002483,-300.00003,0,0
-43.769855,15.002483,-300.00003,0,0
-44.769855,15.002483,-300.00003,0,0
-45.769855,15.002483,-300.00003,0,0
-46.769855,15.002483,-300.00003,0,0
-47.769855,15.002483,-300.00003,0,0
-48.769855,15.002483,-300.00003,0,0
-49.769855,15.002483,-300.00003,0,0
49.230145,14.002483,-300.00003,0,0
48.230145,14.002483,-300.00003,0,0
47.230145,14.002483,-300.00003,0,0
46.230145,14.002483,-300.00003,0,0
45.230145,14.002483,-300.00003,0,0
44.230145,14.002483,-300.00003,0,0
43.230145,14.002483,-300.00003,0,0
42.230145,14.002483,-300.00003,0,0
41.230145,14.002483,-300.00003,0,0
40.230145,14.002483,-300.00003,0,0
39.230145,14.002483,-300.00003,0,0
38.230145,14.002483,-300.00003,0,0
37.230145,14.002483,-300.00003,0,0
36.230145,14.002483,-300.00003,0,0
35.230145,14.002483,-300.00003,0,0
34.230145,14.002483,-300.00003,0,0
33.230145,14.002483,-300.00003,0,0
32.230145,14.002483,-300.00003,0,0
31.230145,14.002483,-300.00003,0,0
30.230145,14.002483,-300.00003,0,0
29.230145,14.002483,-300.00003,0,0
28.230145,14.002483,-300.00003,0,0
27.230145,14.002483,-300.00003,0,0
26.230145,14.002483,-300.00003,0,3.999999
25.230145,14.002483,-300.00003,0,55.999996
24.230145,14.002483,-300.00003,0.20456244,75.99999
23.230145,14.002483,-300.00003,0.38337177,79.99999
22.230145,14.002483,-300.00003,0.4492553,47.999996
21.230145,14.002483,-300.00003,0.3595776,55.999996
20.230145,14.002483,-300.00003,0.23668298,55.999996
19.230145,14.002483,-300.00003,0.21157257,63.999996
18.230145,14.002483,-300.00003,0.25775993,39.999996
17.230145,14.002483,-300.00003,0.28129292,67.99999
16.230145,14.002483,-300.00003,0.30750126,59.999996
15.2301445,14.002483,-300.00003,0.41948575,55.999996
14.2301445,14.002483,-300.00003,0.51133335,51.999996
13.2301445,14.002483,-300.00003,0.48029578,55.999996
12.2301445,14.002483,-300.00003,0.45689029,39.999996
11.2301445,14.002483,-300.00003,0.5113028,39.999996
10.2301445,14.002483,-300.00003,0.5141375,59.999996
9.2301445,14.002483,-300.00003,0.38054013,91.99999
8.2301445,14.002483,-300.00003,0.21629472,51.999996
7.2301445,14.002483,-300.00003,0.13541393,51.999996
6.2301445,14.002483,-300.00003,0.21005194,43.999996
5.2301445,14.002483,-300.00003,0.394272,63.999996
4.2301445,14.002483,-300.00003,0.52044237,95.99999
3.2301445,14.002483,-300.00003,0.47002828,95.99999
2.2301445,14.002483,-300.00003,0.35116947,87.99999
1.2301445,14.002483,-300.00003,0.2524782,91.99999
0.2301445,14.002483,-300.00003,0.13535865,71.99999
-0.7698555,14.002483,-300.00003,0.09539433,47.999996
-1.7698555,14.002483,-300.00003,0.20368081,63.999996
-2.7698555,14.002483,-300.00003,0.31096965,55.999996
-3.7698555,14.002483,-300.00003,0.38982493,75.99999
-4.7698555,14.002483,-300.00003,0.48112887,71.99999
-5.7698555,14.002483,-300.00003,0.4753734,111.99999
-6.7698555,14.002483,-300.00003,0.3556709,95.99999
-7.7698555,14.002483,-300.00003,0.2545753,91.99999
-8.7698555,14.002483,-300.00003,0.24208254,119.99999
-9.7698555,14.002483,-300.00003,0.3366202,99.99999
-10.7698555,14.002483,-300.00003,0.4674831,111.99999
-11.7698555,14.002483,-300.00003,0.46144676,99.99999
-12.7698555,14.002483,-300.00003,0.33618966,123.99999
-13.7698555,14.002483,-300.00003,0.2636389,99.99999
-14.7698555,14.002483,-300.00003,0.2880405,99.99999
-15.7698555,14.002483,-300.00003,0.2839718,83.99999
-16.769855,14.002483,-300.00003,0.24973801,95.99999
-17.769855,14.002483,-300.00003,0.30300546,99.99999
-18.769855,14.002483,-300.00003,0.36926624,99.99999
-19.769855,14.002483,-300.00003,0.3262666,71.99999
-20.769855,14.002483,-300.00003,0.2155686,95.99999
-21.769855,14.002483,-300.00003,0.21491823,83.99999
-22.769855,14.002483,-300.00003,0.38440812,95.99999
-23.769855,14.002483,-300.00003,0.54121,75.99999
-24.769855,14.002483,-300.00003,0,51.999996
-25.769855,14.002483,-300.00003,0,11.999997
-26.769855,14.002483,-300.00003,0,3.999999
-27.769855,14.002483,-300.00003,0,0
-28.769855,14.002483,-300.00003,0,0
-29.769855,14.002483,-300.00003,0,0
-30.769855,14.002483,-300.00003,0,0
-31.769855,14.002483,-300.00003,0,0
-32.769855,14.002483,-300.00003,0,0
-33.769855,14.002483,-300.00003,0,0
-34.769855,14.002483,-300.00003,0,0
-35.769855,14.002483,-300.00003,0,0
-36.769855,14.002483,-300.00003,0,0
-37.769855,14.002483,-300.00003,0,0
-38.769855,14.002483,-300.00003,0,0
-39.769855,14.002483,-300.00003,0,0
-40.769855,14.002483,-300.00003,0,0
-41.769855,14.002483,-300.00003,0,0
-42.769855,14.002483,-300.00003,0,0
-43.769855,14.002483,-300.00003,0,0
-44.769855,14.002483,-300.00003,0,0
-45.769855,14.002483,-300.00003,0,0
-46.769855,14.002483,-300.00003,0,0
-47.769855,14.002483,-300.00003,0,0
-48.769855,14.002483,-300.00003,0,0
-49.769855,14.002483,-300.00003,0,0
49.230145,13.002483,-300.00003,0,0
48.230145,13.002483,-300.00003,0,0
47.230145,13.002483,-300.00003,0,0
46.230145,13.002483,-300.00003,0,0
45.230145,13.002483,-300.00003,0,0
44.230145,13.002483,-300.00003,0,0
43.230145,13.002483,-300.00003,0,0
42.230145,13.002483,-300.00003,0,0
41.230145,13.002483,-300.00003,0,0
40.230145,13.002483,-300.00003,0,0
39.230145,13.002483,-300.00003,0,0
38.230145,13.002483,-300.00003,0,0
37.230145,13.002483,-300.00003,0,0
36.230145,13.002483,-300.00003,0,0
35.230145,13.002483,-300.00003,0,0
34.230145,13.002483,-300.00003,0,0
33.230145,13.002483,-300.00003,0,0
32.230145,13.002483,-300.00003,0,0
31.230145,13.002483,-300.00003,0,0
30.230145,13.002483,-300.00003,0,0
29.230145,13.002483,-300.00003,0,0
28.230145,13.002483,-300.00003,0,0
27.230145,13.002483,-300.00003,0,0
26.230145,13.002483,-300.00003,0,35.999996
25.230145,13.002483,-300.00003,0.13678116,59.999996
24.230145,13.002483,-300.00003,0.28319815,95.99999
23.230145,13.002483,-300.00003,0.31324446,51.999996
22.230145,13.002483,-300.00003,0.3366898,43.999996
21.230145,13.002483,-300.00003,0.33636037,47.999996
20.230145,13.002483,-300.00003,0.3002032,31.999996
19.230145,13.002483,-300.00003,0.29491216,31.999996
18.230145,13.002483,-300.00003,0.32936555,39.999996
17.230145,13.002483,-300.00003,0.25760177,59.999996
16.230145,13.002483,-300.00003,0.24536496,39.999996
15.2301445,13.002483,-300.00003,0.32482725,79.99999
14.2301445,13.002483,-300.00003,0.38336706,51.999996
13.2301445,13.002483,-300.00003,0.41367072,43.999996
12.2301445,13.002483,-300.00003,0.47875497,51.999996
11.2301445,13.002483,-300.00003,0.4899629,43.999996
10.2301445,13.002483,-300.00003,0.43305063,47.999996
9.2301445,13.002483,-300.00003,0.3245719,67.99999
8.2301445,13.002483,-300.00003,0.22063294,51.999996
7.2301445,13.002483,-300.00003,0.19028541,47.999996
6.2301445,13.002483,-300.00003,0.2990023,71.99999
5.2301445,13.002483,-300.00003,0.4702505,67.99999
4.2301445,13.002483,-300.00003,0.5414441,67.99999
3.2301445,13.002483,-300.00003,0.44570285,111.99999
2.2301445,13.002483,-300.00003,0.33834898,83.99999
1.2301445,13.002483,-300.00003,0.31206635,83.99999
0.2301445,13.002483,-300.00003,0.2677821,67.99999
-0.7698555,13.002483,-300.00003,0.2510763,47.999996
-1.7698555,13.002483,-300.00003,0.33177102,71.99999
-2.7698555,13.002483,-300.00003,0.41493315,83.99999
-3.7698555,13.002483,-300.00003,0.45331252,67.99999
-4.7698555,13.002483,-300.00003,0.50617886,99.99999
-5.7698555,13.002483,-300.00003,0.49512717,79.99999
-6.7698555,13.002483,-300.00003,0.40889797,71.99999
-7.7698555,13.002483,-300.00003,0.354265,87.99999
-8.7698555,13.002483,-300.00003,0.34992492,103.99999
-9.7698555,13.002483,-300.00003,0.38737836,103.99999
-10.7698555,13.002483,-300.00003,0.43162447,123.99999
-11.7698555,13.002483,-300.00003,0.39934677,127.99999
-12.7698555,13.002483,-300.00003,0.28272247,71.99999
-13.7698555,13.002483,-300.00003,0.28763825,67.99999
-14.7698555,13.002483,-300.00003,0.41012785,91.99999
-15.7698555,13.002483,-300.00003,0.43123242,139.99998
-16.769855,13.002483,-300.00003,0.33597854,167.99998
-17.769855,13.002483,-300.00003,0.29032227,87.99999
-18.769855,13.002483,-300.00003,0.31496722,83.99999
-19.769855,13.002483,-300.00003,0.29444104,107.99999
-20.769855,13.002483,-300.00003,0.21562073,103.99999
-21.769855,13.002483,-300.00003,0.20672122,63.999996
-22.769855,13.002483,-300.00003,0.34558302,59.999996
-23.769855,13.002483,-300.00003,0.49137804,107.99999
-24.769855,13.002483,-300.00003,0.5318053,67.99999
-25.769855,13.002483,-300.00003,Infinity,39.999996
-26.769855,13.002483,-300.00003,0,15.999996
-27.769855,13.002483,-300.00003,0,0
-28.769855,13.002483,-300.00003,0,0
-29.769855,13.002483,-300.00003,0,0
-30.769855,13.002483,-300.00003,0,0
-31.769855,13.002483,-300.00003,0,0
-32.769855,13.002483,-300.00003,0,0
-33.769855,13.002483,-300.00003,0,0
-34.769855,13.002483,-300.00003,0,0
-35.769855,13.002483,-300.00003,0,0
-36.769855,13.002483,-300.00003,0,0
-37.769855,13.002483,-300.00003,0,0
-38.769855,13.002483,-300.00003,0,0
-39.769855,13.002483,-300.00003,0,0
-40.769855,13.002483,-300.00003,0,0
-41.769855,13.002483,-300.00003,0,0
-42.769855,13.002483,-300.00003,0,0
-43.769855,13.002483,-300.00003,0,0
-44.769855,13.002483,-300.00003,0,0
-45.769855,13.002483,-300.00003,0,0
-46.769855,13.002483,-300.00003,0,0
-47.769855,13.002483,-300.00003,0,0
-48.769855,13.002483,-300.00003,0,0
-49.769855,13.002483,-300.00003,0,0
49.230145,12.002483,-300.00003,0,0
48.230145,12.002483,-300.00003,0,0
47.230145,12.002483,-300.00003,0,0
46.230145,12.002483,-300.00003,0,0
45.230145,12.002483,-300.00003,0,0
44.230145,12.002483,-300.00003,0,0
43.230145,12.002483,-300.00003,0,0
42.230145,12.002483,-300.00003,0,0
41.230145,12.002483,-300.00003,0,0
40.230145,12.002483,-300.00003,0,0
39.230145,12.002483,-300.00003,0,0
38.230145,12.002483,-300.00003,0,0
37.230145,12.002483,-300.00003,0,0
36.230145,12.002483,-300.00003,0,0
35.230145,12.002483,-300.00003,0,0
34.230145,12.002483,-300.00003,0,0
33.230145,12.002483,-300.00003,0,0
32.230145,12.002483,-300.00003,0,0
31.230145,12.002483,-300.00003,0,0
30.230145,12.002483,-300.00003,0,0
29.230145,12.002483,-300.00003,0,0
28.230145,12.002483,-300.00003,0,0
27.230145,12.002483,-300.00003,0,27.999996
26.230145,12.002483,-300.00003,0,35.999996
25.230145,12.002483,-300.00003,0.11084081,43.999996
24.230145,12.002483,-300.00003,0.17481695,35.999996
23.230145,12.002483,-300.00003,0.16939709,43.999996
22.230145,12.002483,-300.00003,0.20385647,19.999996
21.230145,12.002483,-300.00003,0.27371848,63.999996
20.230145,12.002483,-300.00003,0.3801589,35.999996
19.230145,12.002483,-300.00003,0.51527154,55.999996
18.230145,12.002483,-300.00003,0.5494142,47.999996
17.230145,12.002483,-300.00003,0.39658087,63.999996
16.230145,12.002483,-300.00003,0.23116353,47.999996
15.2301445,12.002483,-300.00003,0.24736847,63.999996
14.2301445,12.002483,-300.00003,0.33028635,47.999996
13.2301445,12.002483,-300.00003,0.42650676,39.999996
12.2301445,12.002483,-300.00003,0.5717193,75.99999
11.2301445,12.002483,-300.00003,0.5886598,27.999996
10.2301445,12.002483,-300.00003,0.48564133,27.999996
9.2301445,12.002483,-300.00003,0.3758489,47.999996
8.2301445,12.002483,-300.00003,0.33461574,43.999996
7.2301445,12.002483,-300.00003,0.38858718,75.99999
6.2301445,12.002483,-300.00003,0.47441754,71.99999
5.2301445,12.002483,-300.00003,0.5803214,55.999996
4.2301445,12.002483,-300.00003,0.5655837,83.99999
3.2301445,12.002483,-300.00003,0.415518,47.999996
2.2301445,12.002483,-300.00003,0.3530056,55.999996
1.2301445,12.002483,-300.00003,0.37518907,55.999996
0.2301445,12.002483,-300.00003,0.41989163,79.99999
-0.7698555,12.002483,-300.00003,0.41131943,59.999996
-1.7698555,12.002483,-300.00003,0.41863167,51.999996
-2.7698555,12.002483,-300.00003,0.4622495,87.99999
-3.7698555,12.002483,-300.00003,0.4296245,83.99999
-4.7698555,12.002483,-300.00003,0.44380927,103.99999
-5.7698555,12.002483,-300.00003,0.44769624,63.999996
-6.7698555,12.002483,-300.00003,0.409208,75.99999
-7.7698555,12.002483,-300.00003,0.4224102,115.99999
-8.7698555,12.002483,-300.00003,0.4312605,123.99999
-9.7698555,12.002483,-300.00003,0.39122498,87.99999
-10.7698555,12.002483,-300.00003,0.36763513,75.99999
-11.7698555,12.002483,-300.00003,0.3437729,87.99999
-12.7698555,12.002483,-300.00003,0.3242952,95.99999
-13.7698555,12.002483,-300.00003,0.3846154,87.99999
-14.7698555,12.002483,-300.00003,0.47745404,123.99999
-15.7698555,12.002483,-300.00003,0.4460649,127.99999
-16.769855,12.002483,-300.00003,0.317736,79.99999
-17.769855,12.002483,-300.00003,0.26980782,87.99999
-18.769855,12.002483,-300.00003,0.26270035,79.99999
-19.769855,12.002483,-300.00003,0.21492228,75.99999
-20.769855,12.002483,-300.00003,0.18087311,111.99999
-21.769855,12.002483,-300.00003,0.2468735,115.99999
-22.769855,12.002483,-300.00003,0.3590181,83.99999
-23.769855,12.002483,-300.00003,0.46883255,79.99999
-24.769855,12.002483,-300.00003,0.5516088,67.99999
-25.769855,12.002483,-300.00003,0.61149573,75.99999
-26.769855,12.002483,-300.00003,0,47.999996
-27.769855,12.002483,-300.00003,0,7.999998
-28.769855,12.002483,-300.00003,0,0
-29.769855,12.002483,-300.00003,0,0
-30.769855,12.002483,-300.00003,0,0
-31.769855,12.002483,-300.00003,0,0
-32.769855,12.002483,-300.00003,0,0
-33.769855,12.002483,-300.00003,0,0
-34.769855,12.002483,-300.00003,0,0
-35.769855,12.002483,-300.00003,0,0
-36.769855,12.002483,-300.00003,0,0
-37.769855,12.002483,-300.00003,0,0
-38.769855,12.002483,-300.00003,0,0
-39.769855,12.002483,-300.00003,0,0
-40.769855,12.002483,-300.00003,0,0
-41.769855,12.002483,-300.00003,0,0
-42.769855,12.002483,-300.00003,0,0
-43.769855,12.002483,-300.00003,0,0
-44.769855,12.002483,-300.00003,0,0
-45.769855,12.002483,-300.00003,0,0
-46.769855,12.002483,-300.00003,0,0
-47.769855,12.002483,-300.00003,0,0
-48.769855,12.002483,-300.00003,0,0
-49.769855,12.002483,-300.00003,0,0
49.230145,11.002483,-300.00003,0,0
48.230145,11.002483,-300.00003,0,0
47.230145,11.002483,-300.00003,0,0
46.230145,11.002483,-300.00003,0,0
45.230145,11.002483,-300.00003,0,0
44.230145,11.002483,-300.00003,0,0
43.230145,11.002483,-300.00003,0,0
42.230145,11.002483,-300.00003,0,0
41.230145,11.002483,-300.00003,0,0
40.230145,11.002483,-300.00003,0,0
39.230145,11.002483,-300.00003,0,0
38.230145,11.002483,-300.00003,0,0
37.230145,11.002483,-300.00003,0,0
36.230145,11.002483,-300.00003,0,0
35.230145,11.002483,-300.00003,0,0
34.230145,11.002483,-300.00003,0,0
33.230145,11.002483,-300.00003,0,0
32.230145,11.002483,-300.00003,0,0
31.230145,11.002483,-300.00003,0,0
30.230145,11.002483,-300.00003,0,0
29.230145,11.002483,-300.00003,0,0
28.230145,11.002483,-300.00003,0,11.999997
27.230145,11.002483,-300.00003,0,31.999996
26.230145,11.002483,-300.00003,0.059908237,47.999996
25.230145,11.002483,-300.00003,0.10954018,47.999996
24.230145,11.002483,-300.00003,0.16940752,27.999996
23.230145,11.002483,-300.00003,0.24563074,35.999996
22.230145,11.002483,-300.00003,0.2800148,27.999996
21.230145,11.002483,-300.00003,0.27289188,39.999996
20.230145,11.002483,-300.00003,0.3929984,23.999996
19.230145,11.002483,-300.00003,0.580694,55.999996
18.230145,11.002483,-300.00003,0.64100087,51.999996
17.230145,11.002483,-300.00003,0.45395696,63.999996
16.230145,11.002483,-300.00003,0.24273396,43.999996
15.2301445,11.002483,-300.00003,0.21030214,55.999996
14.2301445,11.002483,-300.00003,0.31835812,59.999996
13.2301445,11.002483,-300.00003,0.45206466,75.99999
12.2301445,11.002483,-300.00003,0.58239555,91.99999
11.2301445,11.002483,-300.00003,0.6687268,43.999996
10.2301445,11.002483,-300.00003,0.63483727,63.999996
9.2301445,11.002483,-300.00003,0.52023786,59.999996
8.2301445,11.002483,-300.00003,0.46160102,83.99999
7.2301445,11.002483,-300.00003,0.5039719,75.99999
6.2301445,11.002483,-300.00003,0.5662866,63.999996
5.2301445,11.002483,-300.00003,0.62121886,67.99999
4.2301445,11.002483,-300.00003,0.5844325,67.99999
3.2301445,11.002483,-300.00003,0.49878937,95.99999
2.2301445,11.002483,-300.00003,0.40432948,71.99999
1.2301445,11.002483,-300.00003,0.43466067,71.99999
0.2301445,11.002483,-300.00003,0.4626623,75.99999
-0.7698555,11.002483,-300.00003,0.43899155,59.999996
-1.7698555,11.002483,-300.00003,0.44466054,71.99999
-2.7698555,11.002483,-300.00003,0.4179901,71.99999
-3.7698555,11.002483,-300.00003,0.37329507,91.99999
-4.7698555,11.002483,-300.00003,0.39452678,115.99999
-5.7698555,11.002483,-300.00003,0.39804974,103.99999
-6.7698555,11.002483,-300.00003,0.37470067,75.99999
-7.7698555,11.002483,-300.00003,0.4185462,83.99999
-8.7698555,11.002483,-300.00003,0.44072893,99.99999
-9.7698555,11.002483,-300.00003,0.38964912,63.999996
-10.7698555,11.002483,-300.00003,0.3595858,99.99999
-11.7698555,11.002483,-300.00003,0.3858638,143.99998
-12.7698555,11.002483,-300.00003,0.41654128,131.99998
-13.7698555,11.002483,-300.00003,0.4305178,127.99999
-14.7698555,11.002483,-300.00003,0.4116453,91.99999
-15.7698555,11.002483,-300.00003,0.36010438,103.99999
-16.769855,11.002483,-300.00003,0.2722583,107.99999
-17.769855,11.002483,-300.00003,0.25988823,83.99999
-18.769855,11.002483,-300.00003,0.28112227,95.99999
-19.769855,11.002483,-300.00003,0.20560855,67.99999
-20.769855,11.002483,-300.00003,0.16732231,95.99999
-21.769855,11.002483,-300.00003,0.2593715,99.99999
-22.769855,11.002483,-300.00003,0.36944464,111.99999
-23.769855,11.002483,-300.00003,0.45326728,87.99999
-24.769855,11.002483,-300.00003,0.5284771,83.99999
-25.769855,11.002483,-300.00003,0.57774395,59.999996
-26.769855,11.002483,-300.00003,0.5266845,79.99999
-27.769855,11.002483,-300.00003,0,39.999996
-28.769855,11.002483,-300.00003,0,3.999999
-29.769855,11.002483,-300.00003,0,0
-30.769855,11.002483,-300.00003,0,0
-31.769855,11.002483,-300.00003,0,0
-32.769855,11.002483,-300.00003,0,0
-33.769855,11.002483,-300.00003,0,0
-34.769855,11.002483,-300.00003,0,3.999999
-35.769855,11.002483,-300.00003,0,0
-36.769855,11.002483,-300.00003,0,0
-37.769855,11.002483,-300.00003,0,0
-38.769855,11.002483,-300.00003,0,0
-39.769855,11.002483,-300.00003,0,0
-40.769855,11.002483,-300.00003,0,0
-41.769855,11.002483,-300.00003,0,0
-42.769855,11.002483,-300.00003,0,0
-43.769855,11.002483,-300.00003,0,0
-44.769855,11.002483,-300.00003,0,0
-45.769855,11.002483,-300.00003,0,0
-46.769855,11.002483,-300.00003,0,0
-47.769855,11.002483,-300.00003,0,0
-48.769855,11.002483,-300.00003,0,0
-49.769855,11.002483,-300.00003,0,0
49.230145,10.002483,-300.00003,0,0
48.230145,10.002483,-300.00003,0,0
47.230145,10.002483,-300.00003,0,0
46.230145,10.002483,-300.00003,0,0
45.230145,10.002483,-300.00003,0,0
44.230145,10.002483,-300.00003,0,0
43.230145,10.002483,-300.00003,0,0
42.230145,10.002483,-300.00003,0,0
41.230145,10.002483,-300.00003,0,0
40.230145,10.002483,-300.00003,0,0
39.230145,10.002483,-300.00003,0,0
38.230145,10.002483,-300.00003,0,0
37.230145,10.002483,-300.00003,0,0
36.230145,10.002483,-300.00003,0,0
35.230145,10.002483,-300.00003,0,0
34.230145,10.002483,-300.00003,0,0
33.230145,10.002483,-300.00003,0,0
32.230145,10.002483,-300.00003,0,0
31.230145,10.002483,-300.00003,0,0
30.230145,10.002483,-300.00003,0,0
29.230145,10.002483,-300.00003,0,0
28.230145,10.002483,-300.00003,0,35.999996
27.230145,10.002483,-300.00003,0.16810836,55.999996
26.230145,10.002483,-300.00003,0.120476276,59.999996
25.230145,10.002483,-300.00003,0.16856454,51.999996
24.230145,10.002483,-300.00003,0.2744444,47.999996
23.230145,10.002483,-300.00003,0.40627113,79.99999
22.230145,10.002483,-300.00003,0.4558477,47.999996
21.230145,10.002483,-300.00003,0.37421703,55.999996
20.230145,10.002483,-300.00003,0.36567086,59.999996
19.230145,10.002483,-300.00003,0.47789353,47.999996
18.230145,10.002483,-300.00003,0.5505223,59.999996
17.230145,10.002483,-300.00003,0.46805906,43.999996
16.230145,10.002483,-300.00003,0.2900632,79.99999
15.2301445,10.002483,-300.00003,0.19227158,55.999996
14.2301445,10.002483,-300.00003,0.3013326,75.99999
13.2301445,10.002483,-300.00003,0.41281545,63.999996
12.2301445,10.002483,-300.00003,0.486706,47.999996
11.2301445,10.002483,-300.00003,0.62227046,55.999996
10.2301445,10.002483,-300.00003,0.688542,63.999996
9.2301445,10.002483,-300.00003,0.5748111,71.99999
8.2301445,10.002483,-300.00003,0.45085734,71.99999
7.2301445,10.002483,-300.00003,0.5017239,63.999996
6.2301445,10.002483,-300.00003,0.59194,79.99999
5.2301445,10.002483,-300.00003,0.54580903,35.999996
4.2301445,10.002483,-300.00003,0.5079565,83.99999
3.2301445,10.002483,-300.00003,0.4236486,51.999996
2.2301445,10.002483,-300.00003,0.35768092,51.999996
1.2301445,10.002483,-300.00003,0.3974586,79.99999
0.2301445,10.002483,-300.00003,0.38140753,71.99999
-0.7698555,10.002483,-300.00003,0.42670232,71.99999
-1.7698555,10.002483,-300.00003,0.4641919,75.99999
-2.7698555,10.002483,-300.00003,0.3903662,75.99999
-3.7698555,10.002483,-300.00003,0.36229482,103.99999
-4.7698555,10.002483,-300.00003,0.41936094,79.99999
-5.7698555,10.002483,-300.00003,0.4015854,63.999996
-6.7698555,10.002483,-300.00003,0.3969541,87.99999
-7.7698555,10.002483,-300.00003,0.41499484,115.99999
-8.7698555,10.002483,-300.00003,0.42303488,111.99999
-9.7698555,10.002483,-300.00003,0.40636578,71.99999
-10.7698555,10.002483,-300.00003,0.3883586,95.99999
-11.7698555,10.002483,-300.00003,0.43217874,83.99999
-12.7698555,10.002483,-300.00003,0.45346165,139.99998
-13.7698555,10.002483,-300.00003,0.39192432,71.99999
-14.7698555,10.002483,-300.00003,0.34110874,87.99999
-15.7698555,10.002483,-300.00003,0.3293862,95.99999
-16.769855,10.002483,-300.00003,0.2953774,91.99999
-17.769855,10.002483,-300.00003,0.31534693,63.999996
-18.769855,10.002483,-300.00003,0.33369502,135.99998
-19.769855,10.002483,-300.00003,0.2708027,135.99998
-20.769855,10.002483,-300.00003,0.22387052,123.99999
-21.769855,10.002483,-300.00003,0.27629012,103.99999
-22.769855,10.002483,-300.00003,0.38870877,79.99999
-23.769855,10.002483,-300.00003,0.46948057,91.99999
-24.769855,10.002483,-300.00003,0.44535428,59.999996
-25.769855,10.002483,-300.00003,0.46179742,67.99999
-26.769855,10.002483,-300.00003,0.470279,67.99999
-27.769855,10.002483,-300.00003,0.37507313,75.99999
-28.769855,10.002483,-300.00003,0,31.999996
-29.769855,10.002483,-300.00003,0,0
-30.769855,10.002483,-300.00003,0,0
-31.769855,10.002483,-300.00003,0,0
-32.769855,10.002483,-300.00003,0,0
-33.769855,10.002483,-300.00003,0,0
-34.769855,10.002483,-300.00003,0,0
-35.769855,10.002483,-300.00003,0,0
-36.769855,10.002483,-300.00003,0,0
-37.769855,10.002483,-300.00003,0,0
-38.769855,10.002483,-300.00003,0,0
-39.769855,10.002483,-300.00003,0,0
-40.769855,10.002483,-300.00003,0,0
-41.769855,10.002483,-300.00003,0,0
-42.769855,10.002483,-300.00003,0,0
-43.769855,10.002483,-300.00003,0,0
-44.769855,10.002483,-300.00003,0,0
-45.769855,10.002483,-300.00003,0,0
-46.769855,10.002483,-300.00003,0,0
-47.769855,10.002483,-300.00003,0,0
-48.769855,10.002483,-300.00003,0,0
-49.769855,10.002483,-300.00003,0,0
49.230145,9.002483,-300.00003,0,0
48.230145,9.002483,-300.00003,0,0
47.230145,9.002483,-300.00003,0,0
46.230145,9.002483,-300.00003,0,0
45.230145,9.002483,-300.00003,0,0
44.230145,9.002483,-300.00003,0,0
43.230145,9.002483,-300.00003,0,0
42.230145,9.002483,-300.00003,0,0
41.230145,9.002483,-300.00003,0,0
40.230145,9.002483,-300.00003,0,0
39.230145,9.002483,-300.00003,0,0
38.230145,9.002483,-300.00003,0,0
37.230145,9.002483,-300.00003,0,0
36.230145,9.002483,-300.00003,0,0
35.230145,9.002483,-300.00003,0,0
34.230145,9.002483,-300.00003,0,0
33.230145,9.002483,-300.00003,0,0
32.230145,9.002483,-300.00003,0,0
31.230145,9.002483,-300.00003,0,0
30.230145,9.002483,-300.00003,0,7.999998
29.230145,9.002483,-300.00003,0,47.999996
28.230145,9.002483,-300.00003,0,39.999996
27.230145,9.002483,-300.00003,0.225952,67.99999
26.230145,9.002483,-300.00003,0.17229515,51.999996
25.230145,9.002483,-300.00003,0.254688,59.999996
24.230145,9.002483,-300.00003,0.38475823,59.999996
23.230145,9.002483,-300.00003,0.4382915,43.999996
22.230145,9.002483,-300.00003,0.517684,47.999996
21.230145,9.002483,-300.00003,0.47892302,43.999996
20.230145,9.002483,-300.00003,0.33996478,31.999996
19.230145,9.002483,-300.00003,0.38858068,47.999996
18.230145,9.002483,-300.00003,0.5567644,75.99999
17.230145,9.002483,-300.00003,0.56609523,75.99999
16.230145,9.002483,-300.00003,0.3642999,47.999996
15.2301445,9.002483,-300.00003,0.22001097,35.999996
14.2301445,9.002483,-300.00003,0.27814135,67.99999
13.2301445,9.002483,-300.00003,0.32971847,59.999996
12.2301445,9.002483,-300.00003,0.32749498,39.999996
11.2301445,9.002483,-300.00003,0.43365178,63.999996
10.2301445,9.002483,-300.00003,0.5200534,35.999996
9.2301445,9.002483,-300.00003,0.43145654,83.99999
8.2301445,9.002483,-300.00003,0.33350676,59.999996
7.2301445,9.002483,-300.00003,0.47604176,83.99999
6.2301445,9.002483,-300.00003,0.5965656,79.99999
5.2301445,9.002483,-300.00003,0.516106,95.99999
4.2301445,9.002483,-300.00003,0.3656557,91.99999
3.2301445,9.002483,-300.00003,0.25596464,51.999996
2.2301445,9.002483,-300.00003,0.22761069,99.99999
1.2301445,9.002483,-300.00003,0.27130586,99.99999
0.2301445,9.002483,-300.00003,0.25183067,111.99999
-0.7698555,9.002483,-300.00003,0.34724516,59.999996
-1.7698555,9.002483,-300.00003,0.44604665,91.99999
-2.7698555,9.002483,-300.00003,0.4098668,75.99999
-3.7698555,9.002483,-300.00003,0.4212737,99.99999
-4.7698555,9.002483,-300.00003,0.47764277,87.99999
-5.7698555,9.002483,-300.00003,0.48062605,95.99999
-6.7698555,9.002483,-300.00003,0.45534724,95.99999
-7.7698555,9.002483,-300.00003,0.3637452,91.99999
-8.7698555,9.002483,-300.00003,0.31244206,79.99999
-9.7698555,9.002483,-300.00003,0.36361092,123.99999
-10.7698555,9.002483,-300.00003,0.44207728,83.99999
-11.7698555,9.002483,-300.00003,0.532597,103.99999
-12.7698555,9.002483,-300.00003,0.5369211,103.99999
-13.7698555,9.002483,-300.00003,0.4696322,95.99999
-14.7698555,9.002483,-300.00003,0.39407757,87.99999
-15.7698555,9.002483,-300.00003,0.3351518,67.99999
-16.769855,9.002483,-300.00003,0.33182266,123.99999
-17.769855,9.002483,-300.00003,0.3809848,119.99999
-18.769855,9.002483,-300.00003,0.38508517,99.99999
-19.769855,9.002483,-300.00003,0.32630923,119.99999
-20.769855,9.002483,-300.00003,0.28530103,103.99999
-21.769855,9.002483,-300.00003,0.3567751,115.99999
-22.769855,9.002483,-300.00003,0.47953534,95.99999
-23.769855,9.002483,-300.00003,0.49876642,51.999996
-24.769855,9.002483,-300.00003,0.3988281,79.99999
-25.769855,9.002483,-300.00003,0.38047945,63.999996
-26.769855,9.002483,-300.00003,0.44933647,63.999996
-27.769855,9.002483,-300.00003,0.3820929,135.99998
-28.769855,9.002483,-300.00003,0,39.999996
-29.769855,9.002483,-300.00003,0,11.999997
-30.769855,9.002483,-300.00003,0,0
-31.769855,9.002483,-300.00003,0,0
-32.769855,9.002483,-300.00003,0,0
-33.769855,9.002483,-300.00003,0,0
-34.769855,9.002483,-300.00003,0,0
-35.769855,9.002483,-300.00003,0,0
-36.769855,9.002483,-300.00003,0,0
-37.769855,9.002483,-300.00003,0,0
-38.769855,9.002483,-300.00003,0,0
-39.769855,9.002483,-300.00003,0,0
-40.769855,9.002483,-300.00003,0,0
-41.769855,9.002483,-300.00003,0,0
-42.769855,9.002483,-300.00003,0,0
-43.769855,9.002483,-300.00003,0,0
-44.769855,9.002483,-300.00003,0,0
-45.769855,9.002483,-300.00003,0,0
-46.769855,9.002483,-300.00003,0,0
-47.769855,9.002483,-300.00003,0,0
-48.769855,9.002483,-300.00003,0,0
-49.769855,9.002483,-300.00003,0,0
49.230145,8.002483,-300.00003,0,0
48.230145,8.002483,-300.00003,0,0
47.230145,8.002483,-300.00003,0,0
46.230145,8.002483,-300.00003,0,0
45.230145,8.002483,-300.00003,0,0
44.230145,8.002483,-300.00003,0,0
43.230145,8.002483,-300.00003,0,0
42.230145,8.002483,-300.00003,0,0
41.230145,8.002483,-300.00003,0,0
40.230145,8.002483,-300.00003,0,0
39.230145,8.002483,-300.00003,0,0
38.230145,8.002483,-300.00003,0,0
37.230145,8.002483,-300.00003,0,0
36.230145,8.002483,-300.00003,0,0
35.230145,8.002483,-300.00003,0,0
34.230145,8.002483,-300.00003,0,0
33.230145,8.002483,-300.00003,0,0
32.230145,8.002483,-300.00003,0,0
31.230145,8.002483,-300.00003,0,0
30.230145,8.002483,-300.00003,0,27.999996
29.230145,8.002483,-300.00003,Infinity,63.999996
28.230145,8.002483,-300.00003,0.35634243,55.999996
27.230145,8.002483,-300.00003,0.28881037,39.999996
26.230145,8.002483,-300.00003,0.25308052,35.999996
25.230145,8.002483,-300.00003,0.31759077,79.99999
24.230145,8.002483,-300.00003,0.4124548,79.99999
23.230145,8.002483,-300.00003,0.43722737,59.999996
22.230145,8.002483,-300.00003,0.48509446,95.99999
21.230145,8.002483,-300.00003,0.4391707,91.99999
20.230145,8.002483,-300.00003,0.29204708,55.999996
19.230145,8.002483,-300.00003,0.31954956,47.999996
18.230145,8.002483,-300.00003,0.56352997,55.999996
17.230145,8.002483,-300.00003,0.63587874,75.99999
16.230145,8.002483,-300.00003,0.45899725,59.999996
15.2301445,8.002483,-300.00003,0.3293738,79.99999
14.2301445,8.002483,-300.00003,0.32119173,75.99999
13.2301445,8.002483,-300.00003,0.2773083,47.999996
12.2301445,8.002483,-300.00003,0.22123772,59.999996
11.2301445,8.002483,-300.00003,0.23571153,55.999996
10.2301445,8.002483,-300.00003,0.31156787,63.999996
9.2301445,8.002483,-300.00003,0.30717993,71.99999
8.2301445,8.002483,-300.00003,0.30646926,39.999996
7.2301445,8.002483,-300.00003,0.43789774,75.99999
6.2301445,8.002483,-300.00003,0.54658735,71.99999
5.2301445,8.002483,-300.00003,0.48919988,75.99999
4.2301445,8.002483,-300.00003,0.3484307,87.99999
3.2301445,8.002483,-300.00003,0.24492416,55.999996
2.2301445,8.002483,-300.00003,0.19545785,99.99999
1.2301445,8.002483,-300.00003,0.17862467,71.99999
0.2301445,8.002483,-300.00003,0.18645227,63.999996
-0.7698555,8.002483,-300.00003,0.26693243,55.999996
-1.7698555,8.002483,-300.00003,0.37139913,111.99999
-2.7698555,8.002483,-300.00003,0.39211416,75.99999
-3.7698555,8.002483,-300.00003,0.43172812,111.99999
-4.7698555,8.002483,-300.00003,0.4933635,79.99999
-5.7698555,8.002483,-300.00003,0.5022375,75.99999
-6.7698555,8.002483,-300.00003,0.4464623,107.99999
-7.7698555,8.002483,-300.00003,0.30246398,91.99999
-8.7698555,8.002483,-300.00003,0.21771209,75.99999
-9.7698555,8.002483,-300.00003,0.30152038,103.99999
-10.7698555,8.002483,-300.00003,0.47656426,103.99999
-11.7698555,8.002483,-300.00003,0.64718926,99.99999
-12.7698555,8.002483,-300.00003,0.6881982,147.99998
-13.7698555,8.002483,-300.00003,0.5785016,103.99999
-14.7698555,8.002483,-300.00003,0.44601908,127.99999
-15.7698555,8.002483,-300.00003,0.3182991,91.99999
-16.769855,8.002483,-300.00003,0.29385445,83.99999
-17.769855,8.002483,-300.00003,0.37830064,123.99999
-18.769855,8.002483,-300.00003,0.4320001,159.99998
-19.769855,8.002483,-300.00003,0.40124878,107.99999
-20.769855,8.002483,-300.00003,0.34786692,119.99999
-21.769855,8.002483,-300.00003,0.40376765,107.99999
-22.769855,8.002483,-300.00003,0.51603645,79.99999
-23.769855,8.002483,-300.00003,0.48675066,79.99999
-24.769855,8.002483,-300.00003,0.41324624,59.999996
-25.769855,8.002483,-300.00003,0.4030449,75.99999
-26.769855,8.002483,-300.00003,0.43846127,103.99999
-27.769855,8.002483,-300.00003,0.36507156,99.99999
-28.769855,8.002483,-300.00003,Infinity,103.99999
-29.769855,8.002483,-300.00003,0,51.999996
-30.769855,8.002483,-300.00003,0,0
-31.769855,8.002483,-300.00003,0,0
-32.769855,8.002483,-300.00003,0,0
-33.769855,8.002483,-300.00003,0,0
-34.769855,8.002483,-300.00003,0,0
-35.769855,8.002483,-300.00003,0,0
-36.769855,8.002483,-300.00003,0,0
-37.769855,8.002483,-300.00003,0,0
-38.769855,8.002483,-300.00003,0,0
-39.769855,8.002483,-300.00003,0,0
-40.769855,8.002483,-300.00003,0,0
-41.769855,8.002483,-300.00003,0,0
-42.769855,8.002483,-300.00003,0,0
-43.769855,8.002483,-300.00003,0,0
-44.769855,8.002483,-300.00003,0,0
-45.769855,8.002483,-300.00003,0,0
-46.769855,8.002483,-300.00003,0,0
-47.769855,8.002483,-300.00003,0,0
-48.769855,8.002483,-300.00003,0,0
-49.769855,8.002483,-300.00003,0,0
49.230145,7.0024834,-300.00003,0,0
48.230145,7.0024834,-300.00003,0,0
47.230145,7.0024834,-300.00003,0,0
46.230145,7.0024834,-300.00003,0,0
45.230145,7.0024834,-300.00003,0,0
44.230145,7.0024834,-300.00003,0,0
43.230145,7.0024834,-300.00003,0,0
42.230145,7.0024834,-300.00003,0,0
41.230145,7.0024834,-300.00003,0,0
40.230145,7.0024834,-300.00003,0,0
39.230145,7.0024834,-300.00003,0,0
38.230145,7.0024834,-300.00003,0,0
37.230145,7.0024834,-300.00003,0,0
36.230145,7.0024834,-300.00003,0,0
35.230145,7.0024834,-300.00003,0,0
34.230145,7.0024834,-300.00003,0,0
33.230145,7.0024834,-300.00003,0,0
32.230145,7.0024834,-300.00003,0,0
31.230145,7.0024834,-300.00003,0,0
30.230145,7.0024834,-300.00003,0,43.999996
29.230145,7.0024834,-300.00003,0.48920318,67.99999
28.230145,7.0024834,-300.00003,0.41566187,67.99999
27.230145,7.0024834,-300.00003,0.43882746,71.99999
26.230145,7.0024834,-300.00003,0.40433416,55.999996
25.230145,7.0024834,-300.00003,0.33040625,27.999996
24.230145,7.0024834,-300.00003,0.36006904,51.999996
23.230145,7.0024834,-300.00003,0.40004772,95.99999
22.230145,7.0024834,-300.00003,0.39596653,71.99999
21.230145,7.0024834,-300.00003,0.33525836,87.99999
20.230145,7.0024834,-300.00003,0.20776612,63.999996
19.230145,7.0024834,-300.00003,0.2648306,75.99999
18.230145,7.0024834,-300.00003,0.5150012,71.99999
17.230145,7.0024834,-300.00003,0.63232005,47.999996
16.230145,7.0024834,-300.00003,0.53690004,67.99999
15.2301445,7.0024834,-300.00003,0.44858736,59.999996
14.2301445,7.0024834,-300.00003,0.40484694,95.99999
13.2301445,7.0024834,-300.00003,0.29902977,67.99999
12.2301445,7.0024834,-300.00003,0.23349121,47.999996
11.2301445,7.0024834,-300.00003,0.23892921,87.99999
10.2301445,7.0024834,-300.00003,0.24751261,43.999996
9.2301445,7.0024834,-300.00003,0.301791,71.99999
8.2301445,7.0024834,-300.00003,0.37777588,95.99999
7.2301445,7.0024834,-300.00003,0.4140153,75.99999
6.2301445,7.0024834,-300.00003,0.41789865,63.999996
5.2301445,7.0024834,-300.00003,0.39155787,91.99999
4.2301445,7.0024834,-300.00003,0.36442542,99.99999
3.2301445,7.0024834,-300.00003,0.33759403,67.99999
2.2301445,7.0024834,-300.00003,0.27397034,79.99999
1.2301445,7.0024834,-300.00003,0.22702956,51.999996
0.2301445,7.0024834,-300.00003,0.26862377,79.99999
-0.7698555,7.0024834,-300.00003,0.3180951,107.99999
-1.7698555,7.0024834,-300.00003,0.3593822,63.999996
-2.7698555,7.0024834,-300.00003,0.4326133,87.99999
-3.7698555,7.0024834,-300.00003,0.48900154,75.99999
-4.7698555,7.0024834,-300.00003,0.51525444,87.99999
-5.7698555,7.0024834,-300.00003,0.48282397,83.99999
-6.7698555,7.0024834,-300.00003,0.41199774,95.99999
-7.7698555,7.0024834,-300.00003,0.3372005,99.99999
-8.7698555,7.0024834,-300.00003,0.2523185,91.99999
-9.7698555,7.0024834,-300.00003,0.27731818,63.999996
-10.7698555,7.0024834,-300.00003,0.4414985,107.99999
-11.7698555,7.0024834,-300.00003,0.6127883,103.99999
-12.7698555,7.0024834,-300.00003,0.64538956,91.99999
-13.7698555,7.0024834,-300.00003,0.5646853,103.99999
-14.7698555,7.0024834,-300.00003,0.43792206,95.99999
-15.7698555,7.0024834,-300.00003,0.32858026,107.99999
-16.769855,7.0024834,-300.00003,0.26098463,91.99999
-17.769855,7.0024834,-300.00003,0.30258918,95.99999
-18.769855,7.0024834,-300.00003,0.39994797,91.99999
-19.769855,7.0024834,-300.00003,0.44265628,115.99999
-20.769855,7.0024834,-300.00003,0.4152752,115.99999
-21.769855,7.0024834,-300.00003,0.42529786,91.99999
-22.769855,7.0024834,-300.00003,0.49150008,103.99999
-23.769855,7.0024834,-300.00003,0.48305732,55.999996
-24.769855,7.0024834,-300.00003,0.44951308,75.99999
-25.769855,7.0024834,-300.00003,0.42325673,83.99999
-26.769855,7.0024834,-300.00003,0.35079795,63.999996
-27.769855,7.0024834,-300.00003,0.2639602,91.99999
-28.769855,7.0024834,-300.00003,0.25099245,107.99999
-29.769855,7.0024834,-300.00003,0,91.99999
-30.769855,7.0024834,-300.00003,0,7.999998
-31.769855,7.0024834,-300.00003,0,0
-32.769855,7.0024834,-300.00003,0,0
-33.769855,7.0024834,-300.00003,0,0
-34.769855,7.0024834,-300.00003,0,0
-35.769855,7.0024834,-300.00003,0,0
-36.769855,7.0024834,-300.00003,0,0
-37.769855,7.0024834,-300.00003,0,0
-38.769855,7.0024834,-300.00003,0,0
-39.769855,7.0024834,-300.00003,0,0
-40.769855,7.0024834,-300.00003,0,0
-41.769855,7.0024834,-300.00003,0,0
-42.769855,7.0024834,-300.00003,0,0
-43.769855,7.0024834,-300.00003,0,0
-44.769855,7.0024834,-300.00003,0,0
-45.769855,7.0024834,-300.00003,0,0
-46.769855,7.0024834,-300.00003,0,0
-47.769855,7.0024834,-300.00003,0,0
-48.769855,7.0024834,-300.00003,0,0
-49.769855,7.0024834,-300.00003,0,0
49.230145,6.0024834,-300.00003,0,0
48.230145,6.0024834,-300.00003,0,0
47.230145,6.0024834,-300.00003,0,0
46.230145,6.0024834,-300.00003,0,0
45.230145,6.0024834,-300.00003,0,0
44.230145,6.0024834,-300.00003,0,0
43.230145,6.0024834,-300.00003,0,0
42.230145,6.0024834,-300.00003,0,0
41.230145,6.0024834,-300.00003,0,0
40.230145,6.0024834,-300.00003,0,0
39.230145,6.0024834,-300.00003,0,0
38.230145,6.0024834,-300.00003,0,0
37.230145,6.0024834,-300.00003,0,0
36.230145,6.0024834,-300.00003,0,0
35.230145,6.0024834,-300.00003,0,0
34.230145,6.0024834,-300.00003,0,0
33.230145,6.0024834,-300.00003,0,0
32.230145,6.0024834,-300.00003,0,0
31.230145,6.0024834,-300.00003,0,11.999997
30.230145,6.0024834,-300.00003,0,71.99999
29.230145,6.0024834,-300.00003,0.4757812,83.99999
28.230145,6.0024834,-300.00003,0.43697396,63.999996
27.230145,6.0024834,-300.00003,0.5106709,79.99999
26.230145,6.0024834,-300.00003,0.5336401,63.999996
25.230145,6.0024834,-300.00003,0.42175007,55.999996
24.230145,6.0024834,-300.00003,0.3276758,35.999996
23.230145,6.0024834,-300.00003,0.30903965,59.999996
22.230145,6.0024834,-300.00003,0.326676,75.99999
21.230145,6.0024834,-300.00003,0.29564315,59.999996
20.230145,6.0024834,-300.00003,0.22779761,63.999996
19.230145,6.0024834,-300.00003,0.29814696,31.999996
18.230145,6.0024834,-300.00003,0.5015032,87.99999
17.230145,6.0024834,-300.00003,0.5703118,67.99999
16.230145,6.0024834,-300.00003,0.5134022,47.999996
15.2301445,6.0024834,-300.00003,0.4689892,63.999996
14.2301445,6.0024834,-300.00003,0.41287565,67.99999
13.2301445,6.0024834,-300.00003,0.33534884,55.999996
12.2301445,6.0024834,-300.00003,0.35261077,63.999996
11.2301445,6.0024834,-300.00003,0.39259163,67.99999
10.2301445,6.0024834,-300.00003,0.3176009,55.999996
9.2301445,6.0024834,-300.00003,0.32193708,51.999996
8.2301445,6.0024834,-300.00003,0.43281198,71.99999
7.2301445,6.0024834,-300.00003,0.38221723,43.999996
6.2301445,6.0024834,-300.00003,0.2596101,71.99999
5.2301445,6.0024834,-300.00003,0.23983446,75.99999
4.2301445,6.0024834,-300.00003,0.31811154,71.99999
3.2301445,6.0024834,-300.00003,0.35900673,59.999996
2.2301445,6.0024834,-300.00003,0.3248644,79.99999
1.2301445,6.0024834,-300.00003,0.32099694,99.99999
0.2301445,6.0024834,-300.00003,0.37481302,87.99999
-0.7698555,6.0024834,-300.00003,0.36777437,71.99999
-1.7698555,6.0024834,-300.00003,0.3812113,71.99999
-2.7698555,6.0024834,-300.00003,0.4877592,139.99998
-3.7698555,6.0024834,-300.00003,0.59270364,115.99999
-4.7698555,6.0024834,-300.00003,0.60248435,127.99999
-5.7698555,6.0024834,-300.00003,0.5522179,83.99999
-6.7698555,6.0024834,-300.00003,0.47862297,91.99999
-7.7698555,6.0024834,-300.00003,0.3960779,83.99999
-8.7698555,6.0024834,-300.00003,0.28575987,75.99999
-9.7698555,6.0024834,-300.00003,0.2575523,47.999996
-10.7698555,6.0024834,-300.00003,0.38970464,63.999996
-11.7698555,6.0024834,-300.00003,0.5264195,67.99999
-12.7698555,6.0024834,-300.00003,0.5515968,99.99999
-13.7698555,6.0024834,-300.00003,0.48616135,63.999996
-14.7698555,6.0024834,-300.00003,0.42548382,103.99999
-15.7698555,6.0024834,-300.00003,0.36764374,119.99999
-16.769855,6.0024834,-300.00003,0.29473618,127.99999
-17.769855,6.0024834,-300.00003,0.23395944,63.999996
-18.769855,6.0024834,-300.00003,0.29436442,95.99999
-19.769855,6.0024834,-300.00003,0.40989918,79.99999
-20.769855,6.0024834,-300.00003,0.4678743,75.99999
-21.769855,6.0024834,-300.00003,0.47504863,123.99999
-22.769855,6.0024834,-300.00003,0.45572305,91.99999
-23.769855,6.0024834,-300.00003,0.41230428,111.99999
-24.769855,6.0024834,-300.00003,0.399437,67.99999
-25.769855,6.0024834,-300.00003,0.38363588,83.99999
-26.769855,6.0024834,-300.00003,0.29723397,63.999996
-27.769855,6.0024834,-300.00003,0.21091036,83.99999
-28.769855,6.0024834,-300.00003,0.23363127,91.99999
-29.769855,6.0024834,-300.00003,Infinity,115.99999
-30.769855,6.0024834,-300.00003,0,31.999996
-31.769855,6.0024834,-300.00003,0,0
-32.769855,6.0024834,-300.00003,0,3.999999
-33.769855,6.0024834,-300.00003,0,0
-34.769855,6.0024834,-300.00003,0,0
-35.769855,6.0024834,-300.00003,0,0
-36.769855,6.0024834,-300.00003,0,0
-37.769855,6.0024834,-300.00003,0,0
-38.769855,6.0024834,-300.00003,0,0
-39.769855,6.0024834,-300.00003,0,0
-40.769855,6.0024834,-300.00003,0,0
-41.769855,6.0024834,-300.00003,0,0
-42.769855,6.0024834,-300.00003,0,0
-43.769855,6.0024834,-300.00003,0,0
-44.769855,6.0024834,-300.00003,0,0
-45.769855,6.0024834,-300.00003,0,0
-46.769855,6.0024834,-300.00003,0,0
-47.769855,6.0024834,-300.00003,0,0
-48.769855,6.0024834,-300.00003,0,0
-49.769855,6.0024834,-300.00003,0,0
49.230145,5.0024834,-300.00003,0,0
48.230145,5.0024834,-300.00003,0,0
47.230145,5.0024834,-300.00003,0,0
46.230145,5.0024834,-300.00003,0,0
45.230145,5.0024834,-300.00003,0,0
44.230145,5.0024834,-300.00003,0,0
43.230145,5.0024834,-300.00003,0,0
42.230145,5.0024834,-300.00003,0,0
41.230145,5.0024834,-300.00003,0,0
40.230145,5.0024834,-300.00003,0,0
39.230145,5.0024834,-300.00003,0,0
38.230145,5.0024834,-300.00003,0,0
37.230145,5.0024834,-300.00003,0,0
36.230145,5.0024834,-300.00003,0,3.999999
35.230145,5.0024834,-300.00003,0,0
34.230145,5.0024834,-300.00003,0,0
33.230145,5.0024834,-300.00003,0,0
32.230145,5.0024834,-300.00003,0,0
31.230145,5.0024834,-300.00003,0,51.999996
30.230145,5.0024834,-300.00003,0.4262287,71.99999
29.230145,5.0024834,-300.00003,0.30462882,67.99999
28.230145,5.0024834,-300.00003,0.26393893,59.999996
27.230145,5.0024834,-300.00003,0.3502825,63.999996
26.230145,5.0024834,-300.00003,0.4572093,63.999996
25.230145,5.0024834,-300.00003,0.48846966,67.99999
24.230145,5.0024834,-300.00003,0.44452503,55.999996
23.230145,5.0024834,-300.00003,0.37820846,47.999996
22.230145,5.0024834,-300.00003,0.36318964,67.99999
21.230145,5.0024834,-300.00003,0.36842343,63.999996
20.230145,5.0024834,-300.00003,0.36020538,47.999996
19.230145,5.0024834,-300.00003,0.4269791,83.99999
18.230145,5.0024834,-300.00003,0.5128854,79.99999
17.230145,5.0024834,-300.00003,0.47382224,47.999996
16.230145,5.0024834,-300.00003,0.450534,67.99999
15.2301445,5.0024834,-300.00003,0.4575215,59.999996
14.2301445,5.0024834,-300.00003,0.40353674,47.999996
13.2301445,5.0024834,-300.00003,0.36397967,31.999996
12.2301445,5.0024834,-300.00003,0.44573766,71.99999
11.2301445,5.0024834,-300.00003,0.49572065,71.99999
10.2301445,5.0024834,-300.00003,0.41951466,55.999996
9.2301445,5.0024834,-300.00003,0.400546,55.999996
8.2301445,5.0024834,-300.00003,0.47268423,103.99999
7.2301445,5.0024834,-300.00003,0.4121043,75.99999
6.2301445,5.0024834,-300.00003,0.2656528,43.999996
5.2301445,5.0024834,-300.00003,0.244418,103.99999
4.2301445,5.0024834,-300.00003,0.29966027,55.999996
3.2301445,5.0024834,-300.00003,0.30983734,75.99999
2.2301445,5.0024834,-300.00003,0.2713985,55.999996
1.2301445,5.0024834,-300.00003,0.30087227,75.99999
0.2301445,5.0024834,-300.00003,0.37999263,63.999996
-0.7698555,5.0024834,-300.00003,0.36588663,87.99999
-1.7698555,5.0024834,-300.00003,0.3807423,67.99999
-2.7698555,5.0024834,-300.00003,0.4641344,55.999996
-3.7698555,5.0024834,-300.00003,0.57370234,87.99999
-4.7698555,5.0024834,-300.00003,0.65577114,103.99999
-5.7698555,5.0024834,-300.00003,0.6714778,79.99999
-6.7698555,5.0024834,-300.00003,0.56555206,75.99999
-7.7698555,5.0024834,-300.00003,0.41347948,79.99999
-8.7698555,5.0024834,-300.00003,0.28523636,79.99999
-9.7698555,5.0024834,-300.00003,0.2567846,95.99999
-10.7698555,5.0024834,-300.00003,0.3420044,95.99999
-11.7698555,5.0024834,-300.00003,0.46741748,135.99998
-12.7698555,5.0024834,-300.00003,0.51433235,79.99999
-13.7698555,5.0024834,-300.00003,0.47683933,83.99999
-14.7698555,5.0024834,-300.00003,0.38688564,67.99999
-15.7698555,5.0024834,-300.00003,0.3564791,111.99999
-16.769855,5.0024834,-300.00003,0.33873197,115.99999
-17.769855,5.0024834,-300.00003,0.25399584,111.99999
-18.769855,5.0024834,-300.00003,0.2477766,91.99999
-19.769855,5.0024834,-300.00003,0.3850298,83.99999
-20.769855,5.0024834,-300.00003,0.5191518,135.99998
-21.769855,5.0024834,-300.00003,0.4938863,123.99999
-22.769855,5.0024834,-300.00003,0.38376218,71.99999
-23.769855,5.0024834,-300.00003,0.25824803,31.999996
-24.769855,5.0024834,-300.00003,0.27266878,27.999996
-25.769855,5.0024834,-300.00003,0.35037422,83.99999
-26.769855,5.0024834,-300.00003,0.3240042,63.999996
-27.769855,5.0024834,-300.00003,0.25422454,75.99999
-28.769855,5.0024834,-300.00003,0.23755693,71.99999
-29.769855,5.0024834,-300.00003,0.2935743,103.99999
-30.769855,5.0024834,-300.00003,-Infinity,79.99999
-31.769855,5.0024834,-300.00003,0,3.999999
-32.769855,5.0024834,-300.00003,0,0
-33.769855,5.0024834,-300.00003,0,0
-34.769855,5.0024834,-300.00003,0,0
-35.769855,5.0024834,-300.00003,0,0
-36.769855,5.0024834,-300.00003,0,0
-37.769855,5.0024834,-300.00003,0,0
-38.769855,5.0024834,-300.00003,0,0
-39.769855,5.0024834,-300.00003,0,0
-40.769855,5.0024834,-300.00003,0,0
-41.769855,5.0024834,-300.00003,0,0
-42.769855,5.0024834,-300.00003,0,0
-43.769855,5.0024834,-300.00003,0,0
-44.769855,5.0024834,-300.00003,0,0
-45.769855,5.0024834,-300.00003,0,0
-46.769855,5.0024834,-300.00003,0,0
-47.769855,5.0024834,-300.00003,0,0
-48.769855,5.0024834,-300.00003,0,0
-49.769855,5.0024834,-300.00003,0,0
49.230145,4.0024834,-300.00003,0,0
48.230145,4.0024834,-300.00003,0,0
47.230145,4.0024834,-300.00003,0,0
46.230145,4.0024834,-300.00003,0,0
45.230145,4.0024834,-300.00003,0,0
44.230145,4.0024834,-300.00003,0,0
43.230145,4.0024834,-300.00003,0,0
42.230145,4.0024834,-300.00003,0,0
41.230145,4.0024834,-300.00003,0,0
40.230145,4.0024834,-300.00003,0,0
39.230145,4.0024834,-300.00003,0,0
38.230145,4.0024834,-300.00003,0,0
37.230145,4.0024834,-300.00003,0,0
36.230145,4.0024834,-300.00003,0,0
35.230145,4.0024834,-300.00003,0,0
34.230145,4.0024834,-300.00003,0,0
33.230145,4.0024834,-300.00003,0,0
32.230145,4.0024834,-300.00003,0,0
31.230145,4.0024834,-300.00003,0,51.999996
30.230145,4.0024834,-300.00003,0.31779814,87.99999
29.230145,4.0024834,-300.00003,0.14975604,71.99999
28.230145,4.0024834,-300.00003,0.15151122,55.999996
27.230145,4.0024834,-300.00003,0.22953303,75.99999
26.230145,4.0024834,-300.00003,0.32651824,59.999996
25.230145,4.0024834,-300.00003,0.43238062,67.99999
24.230145,4.0024834,-300.00003,0.5165383,75.99999
23.230145,4.0024834,-300.00003,0.4986098,83.99999
22.230145,4.0024834,-300.00003,0.44926473,35.999996
21.230145,4.0024834,-300.00003,0.42063558,59.999996
20.230145,4.0024834,-300.00003,0.4007078,75.99999
19.230145,4.0024834,-300.00003,0.39779612,79.99999
18.230145,4.0024834,-300.00003,0.43462318,63.999996
17.230145,4.0024834,-300.00003,0.4327327,71.99999
16.230145,4.0024834,-300.00003,0.4573533,39.999996
15.2301445,4.0024834,-300.00003,0.51717836,55.999996
14.2301445,4.0024834,-300.00003,0.5045087,75.99999
13.2301445,4.0024834,-300.00003,0.46927944,67.99999
12.2301445,4.0024834,-300.00003,0.49654776,43.999996
11.2301445,4.0024834,-300.00003,0.56482005,59.999996
10.2301445,4.0024834,-300.00003,0.5658745,83.99999
9.2301445,4.0024834,-300.00003,0.52529377,51.999996
8.2301445,4.0024834,-300.00003,0.5500113,79.99999
7.2301445,4.0024834,-300.00003,0.53777575,95.99999
6.2301445,4.0024834,-300.00003,0.46308362,91.99999
5.2301445,4.0024834,-300.00003,0.40473172,83.99999
4.2301445,4.0024834,-300.00003,0.37482417,87.99999
3.2301445,4.0024834,-300.00003,0.2960091,55.999996
2.2301445,4.0024834,-300.00003,0.2448691,83.99999
1.2301445,4.0024834,-300.00003,0.28683612,83.99999
0.2301445,4.0024834,-300.00003,0.37557924,63.999996
-0.7698555,4.0024834,-300.00003,0.40335858,71.99999
-1.7698555,4.0024834,-300.00003,0.43503052,75.99999
-2.7698555,4.0024834,-300.00003,0.45301908,83.99999
-3.7698555,4.0024834,-300.00003,0.4800675,63.999996
-4.7698555,4.0024834,-300.00003,0.5963123,87.99999
-5.7698555,4.0024834,-300.00003,0.6532768,151.99998
-6.7698555,4.0024834,-300.00003,0.5351801,107.99999
-7.7698555,4.0024834,-300.00003,0.3684521,67.99999
-8.7698555,4.0024834,-300.00003,0.26468176,83.99999
-9.7698555,4.0024834,-300.00003,0.23840702,95.99999
-10.7698555,4.0024834,-300.00003,0.27923787,119.99999
-11.7698555,4.0024834,-300.00003,0.32948592,55.999996
-12.7698555,4.0024834,-300.00003,0.40959182,99.99999
-13.7698555,4.0024834,-300.00003,0.39181572,75.99999
-14.7698555,4.0024834,-300.00003,0.322596,99.99999
-15.7698555,4.0024834,-300.00003,0.33656588,115.99999
-16.769855,4.0024834,-300.00003,0.391119,87.99999
-17.769855,4.0024834,-300.00003,0.38499847,99.99999
-18.769855,4.0024834,-300.00003,0.36316714,91.99999
-19.769855,4.0024834,-300.00003,0.39549693,87.99999
-20.769855,4.0024834,-300.00003,0.4628019,95.99999
-21.769855,4.0024834,-300.00003,0.44929624,127.99999
-22.769855,4.0024834,-300.00003,0.32318223,51.999996
-23.769855,4.0024834,-300.00003,0.2226777,67.99999
-24.769855,4.0024834,-300.00003,0.2098346,39.999996
-25.769855,4.0024834,-300.00003,0.2951586,59.999996
-26.769855,4.0024834,-300.00003,0.36242464,75.99999
-27.769855,4.0024834,-300.00003,0.3274994,55.999996
-28.769855,4.0024834,-300.00003,0.2950688,135.99998
-29.769855,4.0024834,-300.00003,0.30451477,123.99999
-30.769855,4.0024834,-300.00003,0.32776064,87.99999
-31.769855,4.0024834,-300.00003,0,15.999996
-32.769855,4.0024834,-300.00003,0,0
-33.769855,4.0024834,-300.00003,0,0
-34.769855,4.0024834,-300.00003,0,0
-35.769855,4.0024834,-300.00003,0,0
-36.769855,4.0024834,-300.00003,0,0
-37.769855,4.0024834,-300.00003,0,0
-38.769855,4.0024834,-300.00003,0,0
-39.769855,4.0024834,-300.00003,0,0
-40.769855,4.0024834,-300.00003,0,0
-41.769855,4.0024834,-300.00003,0,0
-42.769855,4.0024834,-300.00003,0,0
-43.769855,4.0024834,-300.00003,0,0
-44.769855,4.0024834,-300.00003,0,0
-45.769855,4.0024834,-300.00003,0,0
-46.769855,4.0024834,-300.00003,0,0
-47.769855,4.0024834,-300.00003,0,0
-48.769855,4.0024834,-300.00003,0,0
-49.769855,4.0024834,-300.00003,0,0
49.230145,3.0024834,-300.00003,0,0
48.230145,3.0024834,-300.00003,0,0
47.230145,3.0024834,-300.00003,0,0
46.230145,3.0024834,-300.00003,0,0
45.230145,3.0024834,-300.00003,0,0
44.230145,3.0024834,-300.00003,0,0
43.230145,3.0024834,-300.00003,0,0
42.230145,3.0024834,-300.00003,0,0
41.230145,3.0024834,-300.00003,0,0
40.230145,3.0024834,-300.00003,0,0
39.230145,3.0024834,-300.00003,0,0
38.230145,3.0024834,-300.00003,0,0
37.230145,3.0024834,-300.00003,0,0
36.230145,3.0024834,-300.00003,0,3.999999
35.230145,3.0024834,-300.00003,0,0
34.230145,3.0024834,-300.00003,0,0
33.230145,3.0024834,-300.00003,0,0
32.230145,3.0024834,-300.00003,0,15.999996
31.230145,3.0024834,-300.00003,0,91.99999
30.230145,3.0024834,-300.00003,0.3728965,59.999996
29.230145,3.0024834,-300.00003,0.32344127,51.999996
28.230145,3.0024834,-300.00003,0.3864088,71.99999
27.230145,3.0024834,-300.00003,0.40470237,83.99999
26.230145,3.0024834,-300.00003,0.38033357,99.99999
25.230145,3.0024834,-300.00003,0.40573922,59.999996
24.230145,3.0024834,-300.00003,0.42744768,75.99999
23.230145,3.0024834,-300.00003,0.45993358,47.999996
22.230145,3.0024834,-300.00003,0.47319815,55.999996
21.230145,3.0024834,-300.00003,0.38116467,95.99999
20.230145,3.0024834,-300.00003,0.28046706,43.999996
19.230145,3.0024834,-300.00003,0.24000615,79.99999
18.230145,3.0024834,-300.00003,0.2702861,31.999996
17.230145,3.0024834,-300.00003,0.3800844,59.999996
16.230145,3.0024834,-300.00003,0.53186905,59.999996
15.2301445,3.0024834,-300.00003,0.62578046,63.999996
14.2301445,3.0024834,-300.00003,0.64045715,79.99999
13.2301445,3.0024834,-300.00003,0.58352685,59.999996
12.2301445,3.0024834,-300.00003,0.57356715,107.99999
11.2301445,3.0024834,-300.00003,0.6247944,75.99999
10.2301445,3.0024834,-300.00003,0.6128661,103.99999
9.2301445,3.0024834,-300.00003,0.52198565,67.99999
8.2301445,3.0024834,-300.00003,0.53820086,79.99999
7.2301445,3.0024834,-300.00003,0.5846629,87.99999
6.2301445,3.0024834,-300.00003,0.55066544,71.99999
5.2301445,3.0024834,-300.00003,0.4989196,127.99999
4.2301445,3.0024834,-300.00003,0.472483,71.99999
3.2301445,3.0024834,-300.00003,0.42258906,83.99999
2.2301445,3.0024834,-300.00003,0.35729024,47.999996
1.2301445,3.0024834,-300.00003,0.36915413,79.99999
0.2301445,3.0024834,-300.00003,0.4051748,91.99999
-0.7698555,3.0024834,-300.00003,0.44843122,123.99999
-1.7698555,3.0024834,-300.00003,0.52964634,91.99999
-2.7698555,3.0024834,-300.00003,0.49885407,115.99999
-3.7698555,3.0024834,-300.00003,0.43877232,79.99999
-4.7698555,3.0024834,-300.00003,0.48554426,115.99999
-5.7698555,3.0024834,-300.00003,0.54033667,91.99999
-6.7698555,3.0024834,-300.00003,0.47578168,103.99999
-7.7698555,3.0024834,-300.00003,0.3425116,99.99999
-8.7698555,3.0024834,-300.00003,0.23039833,63.999996
-9.7698555,3.0024834,-300.00003,0.19724318,95.99999
-10.7698555,3.0024834,-300.00003,0.18826894,107.99999
-11.7698555,3.0024834,-300.00003,0.20709452,91.99999
-12.7698555,3.0024834,-300.00003,0.20965168,63.999996
-13.7698555,3.0024834,-300.00003,0.20967332,79.99999
-14.7698555,3.0024834,-300.00003,0.24914512,87.99999
-15.7698555,3.0024834,-300.00003,0.34705123,123.99999
-16.769855,3.0024834,-300.00003,0.4590365,87.99999
-17.769855,3.0024834,-300.00003,0.5162948,143.99998
-18.769855,3.0024834,-300.00003,0.5024519,83.99999
-19.769855,3.0024834,-300.00003,0.4300169,103.99999
-20.769855,3.0024834,-300.00003,0.3915363,59.999996
-21.769855,3.0024834,-300.00003,0.3735994,63.999996
-22.769855,3.0024834,-300.00003,0.31304544,43.999996
-23.769855,3.0024834,-300.00003,0.24513774,75.99999
-24.769855,3.0024834,-300.00003,0.21244317,87.99999
-25.769855,3.0024834,-300.00003,0.2664893,59.999996
-26.769855,3.0024834,-300.00003,0.38651907,95.99999
-27.769855,3.0024834,-300.00003,0.42454863,139.99998
-28.769855,3.0024834,-300.00003,0.37586084,107.99999
-29.769855,3.0024834,-300.00003,0.33725253,71.99999
-30.769855,3.0024834,-300.00003,0.34904483,99.99999
-31.769855,3.0024834,-300.00003,0,15.999996
-32.769855,3.0024834,-300.00003,0,0
-33.769855,3.0024834,-300.00003,0,0
-34.769855,3.0024834,-300.00003,0,0
-35.769855,3.0024834,-300.00003,0,0
-36.769855,3.0024834,-300.00003,0,0
-37.769855,3.0024834,-300.00003,0,0
-38.769855,3.0024834,-300.00003,0,0
-39.769855,3.0024834,-300.00003,0,0
-40.769855,3.0024834,-300.00003,0,0
-41.769855,3.0024834,-300.00003,0,0
-42.769855,3.0024834,-300.00003,0,0
-43.769855,3.0024834,-300.00003,0,0
-44.769855,3.0024834,-300.00003,0,0
-45.769855,3.0024834,-300.00003,0,0
-46.769855,3.0024834,-300.00003,0,0
-47.769855,3.0024834,-300.00003,0,0
-48.769855,3.0024834,-300.00003,0,0
-49.769855,3.0024834,-300.00003,0,0
49.230145,2.0024834,-300.00003,0,0
48.230145,2.0024834,-300.00003,0,0
47.230145,2.0024834,-300.00003,0,0
46.230145,2.0024834,-300.00003,0,0
45.230145,2.0024834,-300.00003,0,0
44.230145,2.0024834,-300.00003,0,0
43.230145,2.0024834,-300.00003,0,0
42.230145,2.0024834,-300.00003,0,0
41.230145,2.0024834,-300.00003,0,0
40.230145,2.0024834,-300.00003,0,0
39.230145,2.0024834,-300.00003,0,0
38.230145,2.0024834,-300.00003,0,0
37.230145,2.0024834,-300.00003,0,0
36.230145,2.0024834,-300.00003,0,0
35.230145,2.0024834,-300.00003,0,3.999999
34.230145,2.0024834,-300.00003,0,0
33.230145,2.0024834,-300.00003,0,0
32.230145,2.0024834,-300.00003,0,35.999996
31.230145,2.0024834,-300.00003,0.4054368,71.99999
30.230145,2.0024834,-300.00003,0.38502526,115.99999
29.230145,2.0024834,-300.00003,0.5304979,63.999996
28.230145,2.0024834,-300.00003,0.7043935,79.99999
27.230145,2.0024834,-300.00003,0.6509322,55.999996
26.230145,2.0024834,-300.00003,0.50504744,43.999996
25.230145,2.0024834,-300.00003,0.40827549,59.999996
24.230145,2.0024834,-300.00003,0.32065088,67.99999
23.230145,2.0024834,-300.00003,0.3537355,71.99999
22.230145,2.0024834,-300.00003,0.40578026,83.99999
21.230145,2.0024834,-300.00003,0.28755817,51.999996
20.230145,2.0024834,-300.00003,0.21803875,59.999996
19.230145,2.0024834,-300.00003,0.23279439,59.999996
18.230145,2.0024834,-300.00003,0.2517144,47.999996
17.230145,2.0024834,-300.00003,0.3393535,55.999996
16.230145,2.0024834,-300.00003,0.5341376,59.999996
15.2301445,2.0024834,-300.00003,0.6505238,107.99999
14.2301445,2.0024834,-300.00003,0.6353199,87.99999
13.2301445,2.0024834,-300.00003,0.53396606,83.99999
12.2301445,2.0024834,-300.00003,0.5277147,79.99999
11.2301445,2.0024834,-300.00003,0.5885599,115.99999
10.2301445,2.0024834,-300.00003,0.50935024,87.99999
9.2301445,2.0024834,-300.00003,0.38465172,27.999996
8.2301445,2.0024834,-300.00003,0.40511125,83.99999
7.2301445,2.0024834,-300.00003,0.4446621,95.99999
6.2301445,2.0024834,-300.00003,0.45823744,111.99999
5.2301445,2.0024834,-300.00003,0.48620957,83.99999
4.2301445,2.0024834,-300.00003,0.52403694,63.999996
3.2301445,2.0024834,-300.00003,0.558311,107.99999
2.2301445,2.0024834,-300.00003,0.52522945,75.99999
1.2301445,2.0024834,-300.00003,0.44775194,95.99999
0.2301445,2.0024834,-300.00003,0.42965722,79.99999
-0.7698555,2.0024834,-300.00003,0.4478784,123.99999
-1.7698555,2.0024834,-300.00003,0.5086375,95.99999
-2.7698555,2.0024834,-300.00003,0.52160144,59.999996
-3.7698555,2.0024834,-300.00003,0.44860423,75.99999
-4.7698555,2.0024834,-300.00003,0.41072625,51.999996
-5.7698555,2.0024834,-300.00003,0.4691855,99.99999
-6.7698555,2.0024834,-300.00003,0.44941387,91.99999
-7.7698555,2.0024834,-300.00003,0.33152655,83.99999
-8.7698555,2.0024834,-300.00003,0.21458432,91.99999
-9.7698555,2.0024834,-300.00003,0.1547217,79.99999
-10.7698555,2.0024834,-300.00003,0.19127345,71.99999
-11.7698555,2.0024834,-300.00003,0.20575505,87.99999
-12.7698555,2.0024834,-300.00003,0.1486777,75.99999
-13.7698555,2.0024834,-300.00003,0.13392633,63.999996
-14.7698555,2.0024834,-300.00003,0.2347224,99.99999
-15.7698555,2.0024834,-300.00003,0.36355278,91.99999
-16.769855,2.0024834,-300.00003,0.4887529,91.99999
-17.769855,2.0024834,-300.00003,0.54753274,95.99999
-18.769855,2.0024834,-300.00003,0.5317275,71.99999
-19.769855,2.0024834,-300.00003,0.46695894,71.99999
-20.769855,2.0024834,-300.00003,0.39076042,71.99999
-21.769855,2.0024834,-300.00003,0.33470887,43.999996
-22.769855,2.0024834,-300.00003,0.2731151,51.999996
-23.769855,2.0024834,-300.00003,0.22647813,63.999996
-24.769855,2.0024834,-300.00003,0.23804006,83.99999
-25.769855,2.0024834,-300.00003,0.32019764,55.999996
-26.769855,2.0024834,-300.00003,0.44182667,79.99999
-27.769855,2.0024834,-300.00003,0.47323278,91.99999
-28.769855,2.0024834,-300.00003,0.39935982,63.999996
-29.769855,2.0024834,-300.00003,0.33743933,67.99999
-30.769855,2.0024834,-300.00003,0.28746596,39.999996
-31.769855,2.0024834,-300.00003,0,19.999996
-32.769855,2.0024834,-300.00003,0,0
-33.769855,2.0024834,-300.00003,0,0
-34.769855,2.0024834,-300.00003,0,0
-35.769855,2.0024834,-300.00003,0,0
-36.769855,2.0024834,-300.00003,0,0
-37.769855,2.0024834,-300.00003,0,0
-38.769855,2.0024834,-300.00003,0,0
-39.769855,2.0024834,-300.00003,0,0
-40.769855,2.0024834,-300.00003,0,0
-41.769855,2.0024834,-300.00003,0,0
-42.769855,2.0024834,-300.00003,0,0
-43.769855,2.0024834,-300.00003,0,0
-44.769855,2.0024834,-300.00003,0,0
-45.769855,2.0024834,-300.00003,0,0
-46.769855,2.0024834,-300.00003,0,0
-47.769855,2.0024834,-300.00003,0,0
-48.769855,2.0024834,-300.00003,0,0
-49.769855,2.0024834,-300.00003,0,0
49.230145,1.0024834,-300.00003,0,0
48.230145,1.0024834,-300.00003,0,0
47.230145,1.0024834,-300.00003,0,0
46.230145,1.0024834,-300.00003,0,0
45.230145,1.0024834,-300.00003,0,0
44.230145,1.0024834,-300.00003,0,0
43.230145,1.0024834,-300.00003,0,0
42.230145,1.0024834,-300.00003,0,0
41.230145,1.0024834,-300.00003,0,0
40.230145,1.0024834,-300.00003,0,0
39.230145,1.0024834,-300.00003,0,0
38.230145,1.0024834,-300.00003,0,0
37.230145,1.0024834,-300.00003,0,0
36.230145,1.0024834,-300.00003,0,0
35.230145,1.0024834,-300.00003,0,3.999999
34.230145,1.0024834,-300.00003,0,0
33.230145,1.0024834,-300.00003,0,3.999999
32.230145,1.0024834,-300.00003,0,31.999996
31.230145,1.0024834,-300.00003,0.21704729,55.999996
30.230145,1.0024834,-300.00003,0.27916056,51.999996
29.230145,1.0024834,-300.00003,0.5162824,59.999996
28.230145,1.0024834,-300.00003,0.75077057,67.99999
27.230145,1.0024834,-300.00003,0.7524326,55.999996
26.230145,1.0024834,-300.00003,0.52957726,87.99999
25.230145,1.0024834,-300.00003,0.35583955,59.999996
24.230145,1.0024834,-300.00003,0.25752994,67.99999
23.230145,1.0024834,-300.00003,0.26010853,71.99999
22.230145,1.0024834,-300.00003,0.31144363,87.99999
21.230145,1.0024834,-300.00003,0.3054784,67.99999
20.230145,1.0024834,-300.00003,0.34884766,59.999996
19.230145,1.0024834,-300.00003,0.35927087,59.999996
18.230145,1.0024834,-300.00003,0.3243801,51.999996
17.230145,1.0024834,-300.00003,0.3738522,115.99999
16.230145,1.0024834,-300.00003,0.473206,47.999996
15.2301445,1.0024834,-300.00003,0.54769784,99.99999
14.2301445,1.0024834,-300.00003,0.5022499,55.999996
13.2301445,1.0024834,-300.00003,0.36125043,83.99999
12.2301445,1.0024834,-300.00003,0.34875184,55.999996
11.2301445,1.0024834,-300.00003,0.4396819,115.99999
10.2301445,1.0024834,-300.00003,0.40069753,103.99999
9.2301445,1.0024834,-300.00003,0.3114274,71.99999
8.2301445,1.0024834,-300.00003,0.2870788,99.99999
7.2301445,1.0024834,-300.00003,0.28794464,71.99999
6.2301445,1.0024834,-300.00003,0.37937862,87.99999
5.2301445,1.0024834,-300.00003,0.49135828,99.99999
4.2301445,1.0024834,-300.00003,0.5274581,71.99999
3.2301445,1.0024834,-300.00003,0.573102,79.99999
2.2301445,1.0024834,-300.00003,0.59670186,103.99999
1.2301445,1.0024834,-300.00003,0.50232077,123.99999
0.2301445,1.0024834,-300.00003,0.4396496,119.99999
-0.7698555,1.0024834,-300.00003,0.40130264,127.99999
-1.7698555,1.0024834,-300.00003,0.4010594,67.99999
-2.7698555,1.0024834,-300.00003,0.49407655,87.99999
-3.7698555,1.0024834,-300.00003,0.5106975,91.99999
-4.7698555,1.0024834,-300.00003,0.44553965,111.99999
-5.7698555,1.0024834,-300.00003,0.42281258,71.99999
-6.7698555,1.0024834,-300.00003,0.4144655,91.99999
-7.7698555,1.0024834,-300.00003,0.36089212,87.99999
-8.7698555,1.0024834,-300.00003,0.2659081,63.999996
-9.7698555,1.0024834,-300.00003,0.22341472,67.99999
-10.7698555,1.0024834,-300.00003,0.3082874,91.99999
-11.7698555,1.0024834,-300.00003,0.37660515,115.99999
-12.7698555,1.0024834,-300.00003,0.32450575,83.99999
-13.7698555,1.0024834,-300.00003,0.29566208,95.99999
-14.7698555,1.0024834,-300.00003,0.33212662,91.99999
-15.7698555,1.0024834,-300.00003,0.41638944,59.999996
-16.769855,1.0024834,-300.00003,0.4810533,75.99999
-17.769855,1.0024834,-300.00003,0.5302581,91.99999
-18.769855,1.0024834,-300.00003,0.5310963,91.99999
-19.769855,1.0024834,-300.00003,0.44783628,39.999996
-20.769855,1.0024834,-300.00003,0.33261865,63.999996
-21.769855,1.0024834,-300.00003,0.26572934,47.999996
-22.769855,1.0024834,-300.00003,0.22338282,39.999996
-23.769855,1.0024834,-300.00003,0.22908461,67.99999
-24.769855,1.0024834,-300.00003,0.28455234,47.999996
-25.769855,1.0024834,-300.00003,0.4043157,51.999996
-26.769855,1.0024834,-300.00003,0.5026239,67.99999
-27.769855,1.0024834,-300.00003,0.4688274,71.99999
-28.769855,1.0024834,-300.00003,0.37706333,51.999996
-29.769855,1.0024834,-300.00003,0.3191889,67.99999
-30.769855,1.0024834,-300.00003,0.3031566,63.999996
-31.769855,1.0024834,-300.00003,0,59.999996
-32.769855,1.0024834,-300.00003,0,11.999997
-33.769855,1.0024834,-300.00003,0,0
-34.769855,1.0024834,-300.00003,0,0
-35.769855,1.0024834,-300.00003,0,0
-36.769855,1.0024834,-300.00003,0,0
-37.769855,1.0024834,-300.00003,0,0
-38.769855,1.0024834,-300.00003,0,0
-39.769855,1.0024834,-300.00003,0,0
-40.769855,1.0024834,-300.00003,0,0
-41.769855,1.0024834,-300.00003,0,0
-42.769855,1.0024834,-300.00003,0,0
-43.769855,1.0024834,-300.00003,0,0
-44.769855,1.0024834,-300.00003,0,0
-45.769855,1.0024834,-300.00003,0,0
-46.769855,1.0024834,-300.00003,0,0
-47.769855,1.0024834,-300.00003,0,0
-48.769855,1.0024834,-300.00003,0,0
-49.769855,1.0024834,-300.00003,0,0
49.230145,0.002483368,-300.00003,0,0
48.230145,0.002483368,-300.00003,0,0
47.230145,0.002483368,-300.00003,0,0
46.230145,0.002483368,-300.00003,0,0
45.230145,0.002483368,-300.00003,0,0
44.230145,0.002483368,-300.00003,0,0
43.230145,0.002483368,-300.00003,0,0
42.230145,0.002483368,-300.00003,0,0
41.230145,0.002483368,-300.00003,0,0
40.230145,0.002483368,-300.00003,0,0
39.230145,0.002483368,-300.00003,0,0
38.230145,0.002483368,-300.00003,0,0
37.230145,0.002483368,-300.00003,0,0
36.230145,0.002483368,-300.00003,0,0
35.230145,0.002483368,-300.00003,0,0
34.230145,0.002483368,-300.00003,0,0
33.230145,0.002483368,-300.00003,0,0
32.230145,0.002483368,-300.00003,0,55.999996
31.230145,0.002483368,-300.00003,0.26573932,95.99999
30.230145,0.002483368,-300.00003,0.2798221,63.999996
29.230145,0.002483368,-300.00003,0.4501323,47.999996
28.230145,0.002483368,-300.00003,0.63467795,71.99999
27.230145,0.002483368,-300.00003,0.5982675,55.999996
26.230145,0.002483368,-300.00003,0.44428492,55.999996
25.230145,0.002483368,-300.00003,0.30194956,79.99999
24.230145,0.002483368,-300.00003,0.22143887,47.999996
23.230145,0.002483368,-300.00003,0.20609276,59.999996
22.230145,0.002483368,-300.00003,0.29837918,51.999996
21.230145,0.002483368,-300.00003,0.44240794,79.99999
20.230145,0.002483368,-300.00003,0.49605894,87.99999
19.230145,0.002483368,-300.00003,0.4022178,63.999996
18.230145,0.002483368,-300.00003,0.3127882,59.999996
17.230145,0.002483368,-300.00003,0.32108042,51.999996
16.230145,0.002483368,-300.00003,0.38597742,59.999996
15.2301445,0.002483368,-300.00003,0.38381273,107.99999
14.2301445,0.002483368,-300.00003,0.3201911,75.99999
13.2301445,0.002483368,-300.00003,0.26813734,47.999996
12.2301445,0.002483368,-300.00003,0.2869529,95.99999
11.2301445,0.002483368,-300.00003,0.34187484,75.99999
10.2301445,0.002483368,-300.00003,0.3925398,87.99999
9.2301445,0.002483368,-300.00003,0.35144815,95.99999
8.2301445,0.002483368,-300.00003,0.29085883,63.999996
7.2301445,0.002483368,-300.00003,0.29785722,99.99999
6.2301445,0.002483368,-300.00003,0.38008988,83.99999
5.2301445,0.002483368,-300.00003,0.4985712,143.99998
4.2301445,0.002483368,-300.00003,0.5286577,75.99999
3.2301445,0.002483368,-300.00003,0.563661,59.999996
2.2301445,0.002483368,-300.00003,0.5641193,87.99999
1.2301445,0.002483368,-300.00003,0.49364787,55.999996
0.2301445,0.002483368,-300.00003,0.4780956,123.99999
-0.7698555,0.002483368,-300.00003,0.40838605,87.99999
-1.7698555,0.002483368,-300.00003,0.36896658,71.99999
-2.7698555,0.002483368,-300.00003,0.47357562,79.99999
-3.7698555,0.002483368,-300.00003,0.5610115,75.99999
-4.7698555,0.002483368,-300.00003,0.4886756,95.99999
-5.7698555,0.002483368,-300.00003,0.39354953,83.99999
-6.7698555,0.002483368,-300.00003,0.38015848,75.99999
-7.7698555,0.002483368,-300.00003,0.43137652,115.99999
-8.7698555,0.002483368,-300.00003,0.3691469,83.99999
-9.7698555,0.002483368,-300.00003,0.34099224,71.99999
-10.7698555,0.002483368,-300.00003,0.44128942,91.99999
-11.7698555,0.002483368,-300.00003,0.48933032,119.99999
-12.7698555,0.002483368,-300.00003,0.48469707,143.99998
-13.7698555,0.002483368,-300.00003,0.4929355,107.99999
-14.7698555,0.002483368,-300.00003,0.49187946,95.99999
-15.7698555,0.002483368,-300.00003,0.4831377,95.99999
-16.769855,0.002483368,-300.00003,0.46749544,79.99999
-17.769855,0.002483368,-300.00003,0.48906535,59.999996
-18.769855,0.002483368,-300.00003,0.51486796,55.999996
-19.769855,0.002483368,-300.00003,0.37329385,79.99999
-20.769855,0.002483368,-300.00003,0.20161448,47.999996
-21.769855,0.002483368,-300.00003,0.14996055,71.99999
-22.769855,0.002483368,-300.00003,0.19042152,43.999996
-23.769855,0.002483368,-300.00003,0.2902007,39.999996
-24.769855,0.002483368,-300.00003,0.37055016,35.999996
-25.769855,0.002483368,-300.00003,0.4762444,67.99999
-26.769855,0.002483368,-300.00003,0.54057497,47.999996
-27.769855,0.002483368,-300.00003,0.47150046,39.999996
-28.769855,0.002483368,-300.00003,0.35110062,67.99999
-29.769855,0.002483368,-300.00003,0.2900754,75.99999
-30.769855,0.002483368,-300.00003,0.2998733,51.999996
-31.769855,0.002483368,-300.00003,Infinity,75.99999
-32.769855,0.002483368,-300.00003,0,15.999996
-33.769855,0.002483368,-300.00003,0,0
-34.769855,0.002483368,-300.00003,0,0
-35.769855,0.002483368,-300.00003,0,0
-36.769855,0.002483368,-300.00003,0,0
-37.769855,0.002483368,-300.00003,0,0
-38.769855,0.002483368,-300.00003,0,0
-39.769855,0.002483368,-300.00003,0,0
-40.769855,0.002483368,-300.00003,0,0
-41.769855,0.002483368,-300.00003,0,0
-42.769855,0.002483368,-300.00003,0,0
-43.769855,0.002483368,-300.00003,0,0
-44.769855,0.002483368,-300.00003,0,0
-45.769855,0.002483368,-300.00003,0,0
-46.769855,0.002483368,-300.00003,0,0
-47.769855,0.002483368,-300.00003,0,0
-48.769855,0.002483368,-300.00003,0,0
-49.769855,0.002483368,-300.00003,0,0
49.230145,-0.99751663,-300.00003,0,0
48.230145,-0.99751663,-300.00003,0,0
47.230145,-0.99751663,-300.00003,0,0
46.230145,-0.99751663,-300.00003,0,0
45.230145,-0.99751663,-300.00003,0,0
44.230145,-0.99751663,-300.00003,0,0
43.230145,-0.99751663,-300.00003,0,0
42.230145,-0.99751663,-300.00003,0,0
41.230145,-0.99751663,-300.00003,0,0
40.230145,-0.99751663,-300.00003,0,0
39.230145,-0.99751663,-300.00003,0,0
38.230145,-0.99751663,-300.00003,0,0
37.230145,-0.99751663,-300.00003,0,0
36.230145,-0.99751663,-300.00003,0,0
35.230145,-0.99751663,-300.00003,0,0
34.230145,-0.99751663,-300.00003,0,0
33.230145,-0.99751663,-300.00003,0,3.999999
32.230145,-0.99751663,-300.00003,0,59.999996
31.230145,-0.99751663,-300.00003,0.4229157,103.99999
30.230145,-0.99751663,-300.00003,0.334049,79.99999
29.230145,-0.99751663,-300.00003,0.3928424,83.99999
28.230145,-0.99751663,-300.00003,0.41354376,55.999996
27.230145,-0.99751663,-300.00003,0.34629074,95.99999
26.230145,-0.99751663,-300.00003,0.28258258,75.99999
25.230145,-0.99751663,-300.00003,0.28617916,67.99999
24.230145,-0.99751663,-300.00003,0.31297347,63.999996
23.230145,-0.99751663,-300.00003,0.30864912,39.999996
22.230145,-0.99751663,-300.00003,0.43165395,47.999996
21.230145,-0.99751663,-300.00003,0.5951322,67.99999
20.230145,-0.99751663,-300.00003,0.55714583,59.999996
19.230145,-0.99751663,-300.00003,0.37536362,47.999996
18.230145,-0.99751663,-300.00003,0.261724,43.999996
17.230145,-0.99751663,-300.00003,0.2556276,51.999996
16.230145,-0.99751663,-300.00003,0.30884987,75.99999
15.2301445,-0.99751663,-300.00003,0.25911,59.999996
14.2301445,-0.99751663,-300.00003,0.23752993,31.999996
13.2301445,-0.99751663,-300.00003,0.38585532,91.99999
12.2301445,-0.99751663,-300.00003,0.45668262,75.99999
11.2301445,-0.99751663,-300.00003,0.430453,47.999996
10.2301445,-0.99751663,-300.00003,0.4486757,83.99999
9.2301445,-0.99751663,-300.00003,0.40159371,55.999996
8.2301445,-0.99751663,-300.00003,0.37549835,59.999996
7.2301445,-0.99751663,-300.00003,0.42780137,111.99999
6.2301445,-0.99751663,-300.00003,0.4562028,67.99999
5.2301445,-0.99751663,-300.00003,0.50276774,67.99999
4.2301445,-0.99751663,-300.00003,0.5746317,103.99999
3.2301445,-0.99751663,-300.00003,0.59445256,83.99999
2.2301445,-0.99751663,-300.00003,0.5416137,51.999996
1.2301445,-0.99751663,-300.00003,0.5178005,63.999996
0.2301445,-0.99751663,-300.00003,0.5366773,95.99999
-0.7698555,-0.99751663,-300.00003,0.47455597,91.99999
-1.7698555,-0.99751663,-300.00003,0.4400931,75.99999
-2.7698555,-0.99751663,-300.00003,0.5032201,99.99999
-3.7698555,-0.99751663,-300.00003,0.53384554,71.99999
-4.7698555,-0.99751663,-300.00003,0.47297096,135.99998
-5.7698555,-0.99751663,-300.00003,0.33912176,43.999996
-6.7698555,-0.99751663,-300.00003,0.34312916,71.99999
-7.7698555,-0.99751663,-300.00003,0.43825287,99.99999
-8.7698555,-0.99751663,-300.00003,0.40278244,75.99999
-9.7698555,-0.99751663,-300.00003,0.36311626,75.99999
-10.7698555,-0.99751663,-300.00003,0.40014726,71.99999
-11.7698555,-0.99751663,-300.00003,0.43120283,75.99999
-12.7698555,-0.99751663,-300.00003,0.4601813,63.999996
-13.7698555,-0.99751663,-300.00003,0.56228423,95.99999
-14.7698555,-0.99751663,-300.00003,0.59146065,95.99999
-15.7698555,-0.99751663,-300.00003,0.52284634,95.99999
-16.769855,-0.99751663,-300.00003,0.44755316,63.999996
-17.769855,-0.99751663,-300.00003,0.4323336,43.999996
-18.769855,-0.99751663,-300.00003,0.38482904,35.999996
-19.769855,-0.99751663,-300.00003,0.22973782,43.999996
-20.769855,-0.99751663,-300.00003,0.09182289,71.99999
-21.769855,-0.99751663,-300.00003,0.08749306,83.99999
-22.769855,-0.99751663,-300.00003,0.18437436,51.999996
-23.769855,-0.99751663,-300.00003,0.34637958,51.999996
-24.769855,-0.99751663,-300.00003,0.44627288,63.999996
-25.769855,-0.99751663,-300.00003,0.48921648,63.999996
-26.769855,-0.99751663,-300.00003,0.49964225,55.999996
-27.769855,-0.99751663,-300.00003,0.4318021,47.999996
-28.769855,-0.99751663,-300.00003,0.3128251,87.99999
-29.769855,-0.99751663,-300.00003,0.23677528,59.999996
-30.769855,-0.99751663,-300.00003,0.25634485,79.99999
-31.769855,-0.99751663,-300.00003,0.3357975,63.999996
-32.769855,-0.99751663,-300.00003,0,19.999996
-33.769855,-0.99751663,-300.00003,0,0
-34.769855,-0.99751663,-300.00003,0,0
-35.769855,-0.99751663,-300.00003,0,0
-36.769855,-0.99751663,-300.00003,0,0
-37.769855,-0.99751663,-300.00003,0,0
-38.769855,-0.99751663,-300.00003,0,0
-39.769855,-0.99751663,-300.00003,0,0
-40.769855,-0.99751663,-300.00003,0,0
-41.769855,-0.99751663,-300.00003,0,0
-42.769855,-0.99751663,-300.00003,0,0
-43.769855,-0.99751663,-300.00003,0,0
-44.769855,-0.99751663,-300.00003,0,0
-45.769855,-0.99751663,-300.00003,0,0
-46.769855,-0.99751663,-300.00003,0,0
-47.769855,-0.99751663,-300.00003,0,0
-48.769855,-0.99751663,-300.00003,0,0
-49.769855,-0.99751663,-300.00003,0,0
49.230145,-1.9975166,-300.00003,0,0
48.230145,-1.9975166,-300.00003,0,0
47.230145,-1.9975166,-300.00003,0,0
46.230145,-1.9975166,-300.00003,0,0
45.230145,-1.9975166,-300.00003,0,0
44.230145,-1.9975166,-300.00003,0,0
43.230145,-1.9975166,-300.00003,0,0
42.230145,-1.9975166,-300.00003,0,0
41.230145,-1.9975166,-300.00003,0,0
40.230145,-1.9975166,-300.00003,0,0
39.230145,-1.9975166,-300.00003,0,0
38.230145,-1.9975166,-300.00003,0,0
37.230145,-1.9975166,-300.00003,0,0
36.230145,-1.9975166,-300.00003,0,0
35.230145,-1.9975166,-300.00003,0,0
34.230145,-1.9975166,-300.00003,0,0
33.230145,-1.9975166,-300.00003,0,7.999998
32.230145,-1.9975166,-300.00003,Infinity,71.99999
31.230145,-1.9975166,-300.00003,0.43102223,79.99999
30.230145,-1.9975166,-300.00003,0.28610653,83.99999
29.230145,-1.9975166,-300.00003,0.25051957,83.99999
28.230145,-1.9975166,-300.00003,0.26108328,99.99999
27.230145,-1.9975166,-300.00003,0.23870741,71.99999
26.230145,-1.9975166,-300.00003,0.2551618,51.999996
25.230145,-1.9975166,-300.00003,0.32150802,71.99999
24.230145,-1.9975166,-300.00003,0.39417946,75.99999
23.230145,-1.9975166,-300.00003,0.46429437,71.99999
22.230145,-1.9975166,-300.00003,0.59622836,47.999996
21.230145,-1.9975166,-300.00003,0.7018431,91.99999
20.230145,-1.9975166,-300.00003,0.59327775,87.99999
19.230145,-1.9975166,-300.00003,0.37299135,67.99999
18.230145,-1.9975166,-300.00003,0.31395614,75.99999
17.230145,-1.9975166,-300.00003,0.32916385,87.99999
16.230145,-1.9975166,-300.00003,0.3273906,63.999996
15.2301445,-1.9975166,-300.00003,0.3158459,55.999996
14.2301445,-1.9975166,-300.00003,0.36947906,67.99999
13.2301445,-1.9975166,-300.00003,0.5489283,91.99999
12.2301445,-1.9975166,-300.00003,0.61120874,67.99999
11.2301445,-1.9975166,-300.00003,0.51874226,63.999996
10.2301445,-1.9975166,-300.00003,0.44997546,75.99999
9.2301445,-1.9975166,-300.00003,0.41916952,67.99999
8.2301445,-1.9975166,-300.00003,0.45548406,95.99999
7.2301445,-1.9975166,-300.00003,0.51081455,87.99999
6.2301445,-1.9975166,-300.00003,0.5002284,67.99999
5.2301445,-1.9975166,-300.00003,0.5026299,103.99999
4.2301445,-1.9975166,-300.00003,0.52612776,95.99999
3.2301445,-1.9975166,-300.00003,0.5434353,63.999996
2.2301445,-1.9975166,-300.00003,0.6008324,103.99999
1.2301445,-1.9975166,-300.00003,0.6461894,95.99999
0.2301445,-1.9975166,-300.00003,0.60480446,87.99999
-0.7698555,-1.9975166,-300.00003,0.5261874,119.99999
-1.7698555,-1.9975166,-300.00003,0.5118004,87.99999
-2.7698555,-1.9975166,-300.00003,0.52020156,67.99999
-3.7698555,-1.9975166,-300.00003,0.48933434,107.99999
-4.7698555,-1.9975166,-300.00003,0.41605735,91.99999
-5.7698555,-1.9975166,-300.00003,0.30055067,115.99999
-6.7698555,-1.9975166,-300.00003,0.2533412,91.99999
-7.7698555,-1.9975166,-300.00003,0.35019857,83.99999
-8.7698555,-1.9975166,-300.00003,0.39785823,143.99998
-9.7698555,-1.9975166,-300.00003,0.31261572,59.999996
-10.7698555,-1.9975166,-300.00003,0.30068934,67.99999
-11.7698555,-1.9975166,-300.00003,0.3892252,91.99999
-12.7698555,-1.9975166,-300.00003,0.48389733,107.99999
-13.7698555,-1.9975166,-300.00003,0.5835118,99.99999
-14.7698555,-1.9975166,-300.00003,0.59218407,95.99999
-15.7698555,-1.9975166,-300.00003,0.5265078,55.999996
-16.769855,-1.9975166,-300.00003,0.46680474,91.99999
-17.769855,-1.9975166,-300.00003,0.33141783,71.99999
-18.769855,-1.9975166,-300.00003,0.1604236,35.999996
-19.769855,-1.9975166,-300.00003,0.03191746,67.99999
-20.769855,-1.9975166,-300.00003,-0.03958986,55.999996
-21.769855,-1.9975166,-300.00003,0.041920554,51.999996
-22.769855,-1.9975166,-300.00003,0.1627133,39.999996
-23.769855,-1.9975166,-300.00003,0.27174297,43.999996
-24.769855,-1.9975166,-300.00003,0.340198,75.99999
-25.769855,-1.9975166,-300.00003,0.374016,43.999996
-26.769855,-1.9975166,-300.00003,0.37666762,55.999996
-27.769855,-1.9975166,-300.00003,0.33355188,51.999996
-28.769855,-1.9975166,-300.00003,0.28082255,39.999996
-29.769855,-1.9975166,-300.00003,0.23691417,47.999996
-30.769855,-1.9975166,-300.00003,0.25067365,51.999996
-31.769855,-1.9975166,-300.00003,0.3383599,59.999996
-32.769855,-1.9975166,-300.00003,0,15.999996
-33.769855,-1.9975166,-300.00003,0,0
-34.769855,-1.9975166,-300.00003,0,0
-35.769855,-1.9975166,-300.00003,0,0
-36.769855,-1.9975166,-300.00003,0,0
-37.769855,-1.9975166,-300.00003,0,0
-38.769855,-1.9975166,-300.00003,0,0
-39.769855,-1.9975166,-300.00003,0,0
-40.769855,-1.9975166,-300.00003,0,0
-41.769855,-1.9975166,-300.00003,0,0
-42.769855,-1.9975166,-300.00003,0,0
-43.769855,-1.9975166,-300.00003,0,0
-44.769855,-1.9975166,-300.00003,0,0
-45.769855,-1.9975166,-300.00003,0,0
-46.769855,-1.9975166,-300.00003,0,0
-47.769855,-1.9975166,-300.00003,0,0
-48.769855,-1.9975166,-300.00003,0,0
-49.769855,-1.9975166,-300.00003,0,0
49.230145,-2.9975166,-300.00003,0,0
48.230145,-2.9975166,-300.00003,0,0
47.230145,-2.9975166,-300.00003,0,0
46.230145,-2.9975166,-300.00003,0,0
45.230145,-2.9975166,-300.00003,0,0
44.230145,-2.9975166,-300.00003,0,0
43.230145,-2.9975166,-300.00003,0,0
42.230145,-2.9975166,-300.00003,0,0
41.230145,-2.9975166,-300.00003,0,0
40.230145,-2.9975166,-300.00003,0,0
39.230145,-2.9975166,-300.00003,0,0
38.230145,-2.9975166,-300.00003,0,0
37.230145,-2.9975166,-300.00003,0,0
36.230145,-2.9975166,-300.00003,0,0
35.230145,-2.9975166,-300.00003,0,0
34.230145,-2.9975166,-300.00003,0,0
33.230145,-2.9975166,-300.00003,0,3.999999
32.230145,-2.9975166,-300.00003,0.46552706,83.99999
31.230145,-2.9975166,-300.00003,0.46213728,107.99999
30.230145,-2.9975166,-300.00003,0.303392,95.99999
29.230145,-2.9975166,-300.00003,0.22432275,87.99999
28.230145,-2.9975166,-300.00003,0.2811,107.99999
27.230145,-2.9975166,-300.00003,0.3189017,107.99999
26.230145,-2.9975166,-300.00003,0.36502346,99.99999
25.230145,-2.9975166,-300.00003,0.39495063,75.99999
24.230145,-2.9975166,-300.00003,0.41735804,55.999996
23.230145,-2.9975166,-300.00003,0.5464364,67.99999
22.230145,-2.9975166,-300.00003,0.6880995,59.999996
21.230145,-2.9975166,-300.00003,0.6943004,103.99999
20.230145,-2.9975166,-300.00003,0.56839937,83.99999
19.230145,-2.9975166,-300.00003,0.44222808,63.999996
18.230145,-2.9975166,-300.00003,0.41986415,83.99999
17.230145,-2.9975166,-300.00003,0.45870543,95.99999
16.230145,-2.9975166,-300.00003,0.4676175,83.99999
15.2301445,-2.9975166,-300.00003,0.5102495,87.99999
14.2301445,-2.9975166,-300.00003,0.61846316,91.99999
13.2301445,-2.9975166,-300.00003,0.64746225,107.99999
12.2301445,-2.9975166,-300.00003,0.59306693,51.999996
11.2301445,-2.9975166,-300.00003,0.49474984,55.999996
10.2301445,-2.9975166,-300.00003,0.43214032,35.999996
9.2301445,-2.9975166,-300.00003,0.44821435,111.99999
8.2301445,-2.9975166,-300.00003,0.48397648,87.99999
7.2301445,-2.9975166,-300.00003,0.49331772,115.99999
6.2301445,-2.9975166,-300.00003,0.46151122,91.99999
5.2301445,-2.9975166,-300.00003,0.43730515,55.999996
4.2301445,-2.9975166,-300.00003,0.42028397,111.99999
3.2301445,-2.9975166,-300.00003,0.44033736,59.999996
2.2301445,-2.9975166,-300.00003,0.5840205,95.99999
1.2301445,-2.9975166,-300.00003,0.7059003,87.99999
0.2301445,-2.9975166,-300.00003,0.65532887,95.99999
-0.7698555,-2.9975166,-300.00003,0.56404114,75.99999
-1.7698555,-2.9975166,-300.00003,0.5673322,83.99999
-2.7698555,-2.9975166,-300.00003,0.5463574,143.99998
-3.7698555,-2.9975166,-300.00003,0.4537555,107.99999
-4.7698555,-2.9975166,-300.00003,0.38111928,107.99999
-5.7698555,-2.9975166,-300.00003,0.30226198,127.99999
-6.7698555,-2.9975166,-300.00003,0.22522475,55.999996
-7.7698555,-2.9975166,-300.00003,0.30608436,119.99999
-8.7698555,-2.9975166,-300.00003,0.38191995,95.99999
-9.7698555,-2.9975166,-300.00003,0.31982404,99.99999
-10.7698555,-2.9975166,-300.00003,0.28689873,79.99999
-11.7698555,-2.9975166,-300.00003,0.3942798,143.99998
-12.7698555,-2.9975166,-300.00003,0.51210797,103.99999
-13.7698555,-2.9975166,-300.00003,0.54874533,87.99999
-14.7698555,-2.9975166,-300.00003,0.5047827,87.99999
-15.7698555,-2.9975166,-300.00003,0.4731161,119.99999
-16.769855,-2.9975166,-300.00003,0.38895252,91.99999
-17.769855,-2.9975166,-300.00003,0.19672887,47.999996
-18.769855,-2.9975166,-300.00003,0.0072973277,51.999996
-19.769855,-2.9975166,-300.00003,-0.083025835,35.999996
-20.769855,-2.9975166,-300.00003,-0.078223035,67.99999
-21.769855,-2.9975166,-300.00003,0.026438469,23.999996
-22.769855,-2.9975166,-300.00003,0.15847944,63.999996
-23.769855,-2.9975166,-300.00003,0.13915071,51.999996
-24.769855,-2.9975166,-300.00003,0.12702586,35.999996
-25.769855,-2.9975166,-300.00003,0.22610655,47.999996
-26.769855,-2.9975166,-300.00003,0.26081285,27.999996
-27.769855,-2.9975166,-300.00003,0.23566182,55.999996
-28.769855,-2.9975166,-300.00003,0.26519406,47.999996
-29.769855,-2.9975166,-300.00003,0.2982774,51.999996
-30.769855,-2.9975166,-300.00003,0.30849063,35.999996
-31.769855,-2.9975166,-300.00003,0.40669188,79.99999
-32.769855,-2.9975166,-300.00003,0,31.999996
-33.769855,-2.9975166,-300.00003,0,3.999999
-34.769855,-2.9975166,-300.00003,0,0
-35.769855,-2.9975166,-300.00003,0,0
-36.769855,-2.9975166,-300.00003,0,0
-37.769855,-2.9975166,-300.00003,0,0
-38.769855,-2.9975166,-300.00003,0,0
-39.769855,-2.9975166,-300.00003,0,0
-40.769855,-2.9975166,-300.00003,0,0
-41.769855,-2.9975166,-300.00003,0,0
-42.769855,-2.9975166,-300.00003,0,0
-43.769855,-2.9975166,-300.00003,0,0
-44.769855,-2.9975166,-300.00003,0,0
-45.769855,-2.9975166,-300.00003,0,0
-46.769855,-2.9975166,-300.00003,0,0
-47.769855,-2.9975166,-300.00003,0,0
-48.769855,-2.9975166,-300.00003,0,0
-49.769855,-2.9975166,-300.00003,0,0
49.230145,-3.9975166,-300.00003,0,0
48.230145,-3.9975166,-300.00003,0,0
47.230145,-3.9975166,-300.00003,0,0
46.230145,-3.9975166,-300.00003,0,0
45.230145,-3.9975166,-300.00003,0,0
44.230145,-3.9975166,-300.00003,0,0
43.230145,-3.9975166,-300.00003,0,0
42.230145,-3.9975166,-300.00003,0,0
41.230145,-3.9975166,-300.00003,0,0
40.230145,-3.9975166,-300.00003,0,0
39.230145,-3.9975166,-300.00003,0,0
38.230145,-3.9975166,-300.00003,0,0
37.230145,-3.9975166,-300.00003,0,0
36.230145,-3.9975166,-300.00003,0,0
35.230145,-3.9975166,-300.00003,0,0
34.230145,-3.9975166,-300.00003,0,0
33.230145,-3.9975166,-300.00003,0,3.999999
32.230145,-3.9975166,-300.00003,0.3850745,91.99999
31.230145,-3.9975166,-300.00003,0.5248008,143.99998
30.230145,-3.9975166,-300.00003,0.39851418,103.99999
29.230145,-3.9975166,-300.00003,0.32549828,87.99999
28.230145,-3.9975166,-300.00003,0.33789536,39.999996
27.230145,-3.9975166,-300.00003,0.39535785,79.99999
26.230145,-3.9975166,-300.00003,0.44931695,59.999996
25.230145,-3.9975166,-300.00003,0.4809447,51.999996
24.230145,-3.9975166,-300.00003,0.47010952,87.99999
23.230145,-3.9975166,-300.00003,0.5382939,107.99999
22.230145,-3.9975166,-300.00003,0.61523867,95.99999
21.230145,-3.9975166,-300.00003,0.5459141,43.999996
20.230145,-3.9975166,-300.00003,0.51490766,83.99999
19.230145,-3.9975166,-300.00003,0.4768125,91.99999
18.230145,-3.9975166,-300.00003,0.42613012,83.99999
17.230145,-3.9975166,-300.00003,0.46823716,107.99999
16.230145,-3.9975166,-300.00003,0.5141889,83.99999
15.2301445,-3.9975166,-300.00003,0.5592161,91.99999
14.2301445,-3.9975166,-300.00003,0.628001,91.99999
13.2301445,-3.9975166,-300.00003,0.59750724,79.99999
12.2301445,-3.9975166,-300.00003,0.47405067,83.99999
11.2301445,-3.9975166,-300.00003,0.4320849,43.999996
10.2301445,-3.9975166,-300.00003,0.49505496,91.99999
9.2301445,-3.9975166,-300.00003,0.51155365,95.99999
8.2301445,-3.9975166,-300.00003,0.46120715,67.99999
7.2301445,-3.9975166,-300.00003,0.4037285,63.999996
6.2301445,-3.9975166,-300.00003,0.35254973,83.99999
5.2301445,-3.9975166,-300.00003,0.34732854,107.99999
4.2301445,-3.9975166,-300.00003,0.3746638,123.99999
3.2301445,-3.9975166,-300.00003,0.38136828,79.99999
2.2301445,-3.9975166,-300.00003,0.4615366,59.999996
1.2301445,-3.9975166,-300.00003,0.574719,87.99999
0.2301445,-3.9975166,-300.00003,0.5634024,95.99999
-0.7698555,-3.9975166,-300.00003,0.51908183,71.99999
-1.7698555,-3.9975166,-300.00003,0.5734984,151.99998
-2.7698555,-3.9975166,-300.00003,0.5660157,111.99999
-3.7698555,-3.9975166,-300.00003,0.43202204,91.99999
-4.7698555,-3.9975166,-300.00003,0.357046,103.99999
-5.7698555,-3.9975166,-300.00003,0.3465825,83.99999
-6.7698555,-3.9975166,-300.00003,0.30065054,107.99999
-7.7698555,-3.9975166,-300.00003,0.29163715,75.99999
-8.7698555,-3.9975166,-300.00003,0.34617513,111.99999
-9.7698555,-3.9975166,-300.00003,0.30343705,95.99999
-10.7698555,-3.9975166,-300.00003,0.28988668,99.99999
-11.7698555,-3.9975166,-300.00003,0.35965955,111.99999
-12.7698555,-3.9975166,-300.00003,0.42974842,103.99999
-13.7698555,-3.9975166,-300.00003,0.45597422,99.99999
-14.7698555,-3.9975166,-300.00003,0.4083319,115.99999
-15.7698555,-3.9975166,-300.00003,0.3155507,87.99999
-16.769855,-3.9975166,-300.00003,0.22098018,99.99999
-17.769855,-3.9975166,-300.00003,0.12792009,39.999996
-18.769855,-3.9975166,-300.00003,0.054417945,35.999996
-19.769855,-3.9975166,-300.00003,0.008231107,55.999996
-20.769855,-3.9975166,-300.00003,0.02324333,51.999996
-21.769855,-3.9975166,-300.00003,0.1145301,43.999996
-22.769855,-3.9975166,-300.00003,0.1537826,55.999996
-23.769855,-3.9975166,-300.00003,0.069033384,35.999996
-24.769855,-3.9975166,-300.00003,0.035592813,23.999996
-25.769855,-3.9975166,-300.00003,0.19235793,51.999996
-26.769855,-3.9975166,-300.00003,0.26263857,35.999996
-27.769855,-3.9975166,-300.00003,0.19971058,23.999996
-28.769855,-3.9975166,-300.00003,0.27584666,55.999996
-29.769855,-3.9975166,-300.00003,0.3510905,47.999996
-30.769855,-3.9975166,-300.00003,0.37864184,71.99999
-31.769855,-3.9975166,-300.00003,0.43648827,91.99999
-32.769855,-3.9975166,-300.00003,0,31.999996
-33.769855,-3.9975166,-300.00003,0,3.999999
-34.769855,-3.9975166,-300.00003,0,0
-35.769855,-3.9975166,-300.00003,0,0
-36.769855,-3.9975166,-300.00003,0,0
-37.769855,-3.9975166,-300.00003,0,0
-38.769855,-3.9975166,-300.00003,0,0
-39.769855,-3.9975166,-300.00003,0,0
-40.769855,-3.9975166,-300.00003,0,0
-41.769855,-3.9975166,-300.00003,0,0
-42.769855,-3.9975166,-300.00003,0,0
-43.769855,-3.9975166,-300.00003,0,0
-44.769855,-3.9975166,-300.00003,0,0
-45.769855,-3.9975166,-300.00003,0,0
-46.769855,-3.9975166,-300.00003,0,0
-47.769855,-3.9975166,-300.00003,0,0
-48.769855,-3.9975166,-300.00003,0,0
-49.769855,-3.9975166,-300.00003,0,0
49.230145,-4.9975166,-300.00003,0,0
48.230145,-4.9975166,-300.00003,0,0
47.230145,-4.9975166,-300.00003,0,0
46.230145,-4.9975166,-300.00003,0,0
45.230145,-4.9975166,-300.00003,0,0
44.230145,-4.9975166,-300.00003,0,0
43.230145,-4.9975166,-300.00003,0,0
42.230145,-4.9975166,-300.00003,0,0
41.230145,-4.9975166,-300.00003,0,0
40.230145,-4.9975166,-300.00003,0,0
39.230145,-4.9975166,-300.00003,0,0
38.230145,-4.9975166,-300.00003,0,0
37.230145,-4.9975166,-300.00003,0,0
36.230145,-4.9975166,-300.00003,0,0
35.230145,-4.9975166,-300.00003,0,0
34.230145,-4.9975166,-300.00003,0,0
33.230145,-4.9975166,-300.00003,0,3.999999
32.230145,-4.9975166,-300.00003,0.34992465,83.99999
31.230145,-4.9975166,-300.00003,0.47988945,99.99999
30.230145,-4.9975166,-300.00003,0.43497688,103.99999
29.230145,-4.9975166,-300.00003,0.4274252,51.999996
28.230145,-4.9975166,-300.00003,0.43900266,79.99999
27.230145,-4.9975166,-300.00003,0.4145653,67.99999
26.230145,-4.9975166,-300.00003,0.3975312,127.99999
25.230145,-4.9975166,-300.00003,0.40416875,119.99999
24.230145,-4.9975166,-300.00003,0.4105128,91.99999
23.230145,-4.9975166,-300.00003,0.4497152,87.99999
22.230145,-4.9975166,-300.00003,0.45165157,79.99999
21.230145,-4.9975166,-300.00003,0.42482698,87.99999
20.230145,-4.9975166,-300.00003,0.4502442,83.99999
19.230145,-4.9975166,-300.00003,0.4554661,99.99999
18.230145,-4.9975166,-300.00003,0.3739888,59.999996
17.230145,-4.9975166,-300.00003,0.391464,83.99999
16.230145,-4.9975166,-300.00003,0.41960868,51.999996
15.2301445,-4.9975166,-300.00003,0.37913004,47.999996
14.2301445,-4.9975166,-300.00003,0.3848394,51.999996
13.2301445,-4.9975166,-300.00003,0.40214294,79.99999
12.2301445,-4.9975166,-300.00003,0.389664,51.999996
11.2301445,-4.9975166,-300.00003,0.45718426,63.999996
10.2301445,-4.9975166,-300.00003,0.56622666,79.99999
9.2301445,-4.9975166,-300.00003,0.52899194,99.99999
8.2301445,-4.9975166,-300.00003,0.42707253,71.99999
7.2301445,-4.9975166,-300.00003,0.33885774,75.99999
6.2301445,-4.9975166,-300.00003,0.28321803,67.99999
5.2301445,-4.9975166,-300.00003,0.27818766,111.99999
4.2301445,-4.9975166,-300.00003,0.32076657,91.99999
3.2301445,-4.9975166,-300.00003,0.34157592,71.99999
2.2301445,-4.9975166,-300.00003,0.36241624,59.999996
1.2301445,-4.9975166,-300.00003,0.3604316,75.99999
0.2301445,-4.9975166,-300.00003,0.32708052,51.999996
-0.7698555,-4.9975166,-300.00003,0.3492081,103.99999
-1.7698555,-4.9975166,-300.00003,0.4652509,71.99999
-2.7698555,-4.9975166,-300.00003,0.53582263,123.99999
-3.7698555,-4.9975166,-300.00003,0.4589951,91.99999
-4.7698555,-4.9975166,-300.00003,0.40226084,67.99999
-5.7698555,-4.9975166,-300.00003,0.41795722,135.99998
-6.7698555,-4.9975166,-300.00003,0.35618368,75.99999
-7.7698555,-4.9975166,-300.00003,0.31088382,79.99999
-8.7698555,-4.9975166,-300.00003,0.28031683,83.99999
-9.7698555,-4.9975166,-300.00003,0.26611063,91.99999
-10.7698555,-4.9975166,-300.00003,0.30231312,103.99999
-11.7698555,-4.9975166,-300.00003,0.3481344,91.99999
-12.7698555,-4.9975166,-300.00003,0.41401553,111.99999
-13.7698555,-4.9975166,-300.00003,0.46007085,111.99999
-14.7698555,-4.9975166,-300.00003,0.39666647,103.99999
-15.7698555,-4.9975166,-300.00003,0.2334212,99.99999
-16.769855,-4.9975166,-300.00003,0.119966745,31.999996
-17.769855,-4.9975166,-300.00003,0.15640351,67.99999
-18.769855,-4.9975166,-300.00003,0.21725786,55.999996
-19.769855,-4.9975166,-300.00003,0.18391643,79.99999
-20.769855,-4.9975166,-300.00003,0.17496993,47.999996
-21.769855,-4.9975166,-300.00003,0.20655037,43.999996
-22.769855,-4.9975166,-300.00003,0.16612783,47.999996
-23.769855,-4.9975166,-300.00003,0.0712339,43.999996
-24.769855,-4.9975166,-300.00003,0.08091611,35.999996
-25.769855,-4.9975166,-300.00003,0.21515755,27.999996
-26.769855,-4.9975166,-300.00003,0.28253308,39.999996
-27.769855,-4.9975166,-300.00003,0.2241571,31.999996
-28.769855,-4.9975166,-300.00003,0.27336532,35.999996
-29.769855,-4.9975166,-300.00003,0.3668195,67.99999
-30.769855,-4.9975166,-300.00003,0.37544897,43.999996
-31.769855,-4.9975166,-300.00003,0.40398479,67.99999
-32.769855,-4.9975166,-300.00003,0,19.999996
-33.769855,-4.9975166,-300.00003,0,0
-34.769855,-4.9975166,-300.00003,0,0
-35.769855,-4.9975166,-300.00003,0,0
-36.769855,-4.9975166,-300.00003,0,0
-37.769855,-4.9975166,-300.00003,0,0
-38.769855,-4.9975166,-300.00003,0,0
-39.769855,-4.9975166,-300.00003,0,0
-40.769855,-4.9975166,-300.00003,0,0
-41.769855,-4.9975166,-300.00003,0,0
-42.769855,-4.9975166,-300.00003,0,0
-43.769855,-4.9975166,-300.00003,0,0
-44.769855,-4.9975166,-300.00003,0,0
-45.769855,-4.9975166,-300.00003,0,0
-46.769855,-4.9975166,-300.00003,0,0
-47.769855,-4.9975166,-300.00003,0,0
-48.769855,-4.9975166,-300.00003,0,0
-49.769855,-4.9975166,-300.00003,0,0
49.230145,-5.9975166,-300.00003,0,0
48.230145,-5.9975166,-300.00003,0,0
47.230145,-5.9975166,-300.00003,0,0
46.230145,-5.9975166,-300.00003,0,0
45.230145,-5.9975166,-300.00003,0,0
44.230145,-5.9975166,-300.00003,0,0
43.230145,-5.9975166,-300.00003,0,0
42.230145,-5.9975166,-300.00003,0,0
41.230145,-5.9975166,-300.00003,0,0
40.230145,-5.9975166,-300.00003,0,0
39.230145,-5.9975166,-300.00003,0,0
38.230145,-5.9975166,-300.00003,0,0
37.230145,-5.9975166,-300.00003,0,0
36.230145,-5.9975166,-300.00003,0,0
35.230145,-5.9975166,-300.00003,0,0
34.230145,-5.9975166,-300.00003,0,0
33.230145,-5.9975166,-300.00003,0,3.999999
32.230145,-5.9975166,-300.00003,0.34642333,75.99999
31.230145,-5.9975166,-300.00003,0.38138694,71.99999
30.230145,-5.9975166,-300.00003,0.3485967,71.99999
29.230145,-5.9975166,-300.00003,0.43555722,95.99999
28.230145,-5.9975166,-300.00003,0.5201964,115.99999
27.230145,-5.9975166,-300.00003,0.4523824,59.999996
26.230145,-5.9975166,-300.00003,0.28560594,63.999996
25.230145,-5.9975166,-300.00003,0.21706876,51.999996
24.230145,-5.9975166,-300.00003,0.28760946,91.99999
23.230145,-5.9975166,-300.00003,0.39567715,71.99999
22.230145,-5.9975166,-300.00003,0.43306845,75.99999
21.230145,-5.9975166,-300.00003,0.39722806,71.99999
20.230145,-5.9975166,-300.00003,0.39029777,75.99999
19.230145,-5.9975166,-300.00003,0.39628568,59.999996
18.230145,-5.9975166,-300.00003,0.3489146,79.99999
17.230145,-5.9975166,-300.00003,0.3199626,59.999996
16.230145,-5.9975166,-300.00003,0.27223563,51.999996
15.2301445,-5.9975166,-300.00003,0.14176634,59.999996
14.2301445,-5.9975166,-300.00003,0.14483902,55.999996
13.2301445,-5.9975166,-300.00003,0.2602655,75.99999
12.2301445,-5.9975166,-300.00003,0.4055668,71.99999
11.2301445,-5.9975166,-300.00003,0.5258422,123.99999
10.2301445,-5.9975166,-300.00003,0.52738667,67.99999
9.2301445,-5.9975166,-300.00003,0.4466397,83.99999
8.2301445,-5.9975166,-300.00003,0.39870623,79.99999
7.2301445,-5.9975166,-300.00003,0.35650486,79.99999
6.2301445,-5.9975166,-300.00003,0.29887882,55.999996
5.2301445,-5.9975166,-300.00003,0.2754068,83.99999
4.2301445,-5.9975166,-300.00003,0.30382746,71.99999
3.2301445,-5.9975166,-300.00003,0.30434468,107.99999
2.2301445,-5.9975166,-300.00003,0.2618659,71.99999
1.2301445,-5.9975166,-300.00003,0.21158014,115.99999
0.2301445,-5.9975166,-300.00003,0.19957554,79.99999
-0.7698555,-5.9975166,-300.00003,0.24749431,55.999996
-1.7698555,-5.9975166,-300.00003,0.42308038,71.99999
-2.7698555,-5.9975166,-300.00003,0.55588305,99.99999
-3.7698555,-5.9975166,-300.00003,0.55291826,139.99998
-4.7698555,-5.9975166,-300.00003,0.5015543,87.99999
-5.7698555,-5.9975166,-300.00003,0.45519966,75.99999
-6.7698555,-5.9975166,-300.00003,0.4092361,87.99999
-7.7698555,-5.9975166,-300.00003,0.36185285,79.99999
-8.7698555,-5.9975166,-300.00003,0.31945035,95.99999
-9.7698555,-5.9975166,-300.00003,0.33899313,95.99999
-10.7698555,-5.9975166,-300.00003,0.36668277,139.99998
-11.7698555,-5.9975166,-300.00003,0.38603714,83.99999
-12.7698555,-5.9975166,-300.00003,0.45703506,135.99998
-13.7698555,-5.9975166,-300.00003,0.4945943,99.99999
-14.7698555,-5.9975166,-300.00003,0.42606515,63.999996
-15.7698555,-5.9975166,-300.00003,0.26937115,79.99999
-16.769855,-5.9975166,-300.00003,0.15500268,31.999996
-17.769855,-5.9975166,-300.00003,0.22527799,39.999996
-18.769855,-5.9975166,-300.00003,0.3229018,51.999996
-19.769855,-5.9975166,-300.00003,0.26719478,51.999996
-20.769855,-5.9975166,-300.00003,0.21313742,43.999996
-21.769855,-5.9975166,-300.00003,0.20180665,39.999996
-22.769855,-5.9975166,-300.00003,0.17509049,51.999996
-23.769855,-5.9975166,-300.00003,0.16288978,39.999996
-24.769855,-5.9975166,-300.00003,0.21100828,19.999996
-25.769855,-5.9975166,-300.00003,0.32833916,27.999996
-26.769855,-5.9975166,-300.00003,0.38054878,23.999996
-27.769855,-5.9975166,-300.00003,0.29862094,27.999996
-28.769855,-5.9975166,-300.00003,0.23237121,39.999996
-29.769855,-5.9975166,-300.00003,0.30202013,23.999996
-30.769855,-5.9975166,-300.00003,0.42247313,71.99999
-31.769855,-5.9975166,-300.00003,-Infinity,83.99999
-32.769855,-5.9975166,-300.00003,0,7.999998
-33.769855,-5.9975166,-300.00003,0,0
-34.769855,-5.9975166,-300.00003,0,0
-35.769855,-5.9975166,-300.00003,0,0
-36.769855,-5.9975166,-300.00003,0,0
-37.769855,-5.9975166,-300.00003,0,0
-38.769855,-5.9975166,-300.00003,0,0
-39.769855,-5.9975166,-300.00003,0,0
-40.769855,-5.9975166,-300.00003,0,0
-41.769855,-5.9975166,-300.00003,0,0
-42.769855,-5.9975166,-300.00003,0,0
-43.769855,-5.9975166,-300.00003,0,0
-44.769855,-5.9975166,-300.00003,0,0
-45.769855,-5.9975166,-300.00003,0,0
-46.769855,-5.9975166,-300.00003,0,0
-47.769855,-5.9975166,-300.00003,0,0
-48.769855,-5.9975166,-300.00003,0,0
-49.769855,-5.9975166,-300.00003,0,0
49.230145,-6.9975166,-300.00003,0,0
48.230145,-6.9975166,-300.00003,0,0
47.230145,-6.9975166,-300.00003,0,0
46.230145,-6.9975166,-300.00003,0,0
45.230145,-6.9975166,-300.00003,0,0
44.230145,-6.9975166,-300.00003,0,0
43.230145,-6.9975166,-300.00003,0,0
42.230145,-6.9975166,-300.00003,0,0
41.230145,-6.9975166,-300.00003,0,0
40.230145,-6.9975166,-300.00003,0,0
39.230145,-6.9975166,-300.00003,0,0
38.230145,-6.9975166,-300.00003,0,0
37.230145,-6.9975166,-300.00003,0,0
36.230145,-6.9975166,-300.00003,0,0
35.230145,-6.9975166,-300.00003,0,0
34.230145,-6.9975166,-300.00003,0,0
33.230145,-6.9975166,-300.00003,0,3.999999
32.230145,-6.9975166,-300.00003,Infinity,87.99999
31.230145,-6.9975166,-300.00003,0.29417178,63.999996
30.230145,-6.9975166,-300.00003,0.27569407,75.99999
29.230145,-6.9975166,-300.00003,0.38727015,67.99999
28.230145,-6.9975166,-300.00003,0.50898,83.99999
27.230145,-6.9975166,-300.00003,0.45654225,103.99999
26.230145,-6.9975166,-300.00003,0.28274307,103.99999
25.230145,-6.9975166,-300.00003,0.22159845,87.99999
24.230145,-6.9975166,-300.00003,0.30513704,79.99999
23.230145,-6.9975166,-300.00003,0.4448418,59.999996
22.230145,-6.9975166,-300.00003,0.50282615,107.99999
21.230145,-6.9975166,-300.00003,0.40383482,83.99999
20.230145,-6.9975166,-300.00003,0.29982913,63.999996
19.230145,-6.9975166,-300.00003,0.26861978,119.99999
18.230145,-6.9975166,-300.00003,0.26603395,79.99999
17.230145,-6.9975166,-300.00003,0.26144665,95.99999
16.230145,-6.9975166,-300.00003,0.17151752,39.999996
15.2301445,-6.9975166,-300.00003,0.07161081,59.999996
14.2301445,-6.9975166,-300.00003,0.14452638,39.999996
13.2301445,-6.9975166,-300.00003,0.34805316,79.99999
12.2301445,-6.9975166,-300.00003,0.5104717,47.999996
11.2301445,-6.9975166,-300.00003,0.56383115,83.99999
10.2301445,-6.9975166,-300.00003,0.5046432,63.999996
9.2301445,-6.9975166,-300.00003,0.3907132,59.999996
8.2301445,-6.9975166,-300.00003,0.3355046,59.999996
7.2301445,-6.9975166,-300.00003,0.34201628,87.99999
6.2301445,-6.9975166,-300.00003,0.34801218,83.99999
5.2301445,-6.9975166,-300.00003,0.345039,91.99999
4.2301445,-6.9975166,-300.00003,0.35942477,83.99999
3.2301445,-6.9975166,-300.00003,0.30459443,91.99999
2.2301445,-6.9975166,-300.00003,0.23690042,59.999996
1.2301445,-6.9975166,-300.00003,0.2514904,67.99999
0.2301445,-6.9975166,-300.00003,0.3049833,87.99999
-0.7698555,-6.9975166,-300.00003,0.3531407,79.99999
-1.7698555,-6.9975166,-300.00003,0.48320526,91.99999
-2.7698555,-6.9975166,-300.00003,0.57138205,87.99999
-3.7698555,-6.9975166,-300.00003,0.55602515,75.99999
-4.7698555,-6.9975166,-300.00003,0.5221503,95.99999
-5.7698555,-6.9975166,-300.00003,0.51194364,75.99999
-6.7698555,-6.9975166,-300.00003,0.49070883,115.99999
-7.7698555,-6.9975166,-300.00003,0.45165974,95.99999
-8.7698555,-6.9975166,-300.00003,0.43633232,91.99999
-9.7698555,-6.9975166,-300.00003,0.45230818,131.99998
-10.7698555,-6.9975166,-300.00003,0.42562765,107.99999
-11.7698555,-6.9975166,-300.00003,0.4376492,99.99999
-12.7698555,-6.9975166,-300.00003,0.4561365,95.99999
-13.7698555,-6.9975166,-300.00003,0.4331782,47.999996
-14.7698555,-6.9975166,-300.00003,0.42308354,83.99999
-15.7698555,-6.9975166,-300.00003,0.34817475,55.999996
-16.769855,-6.9975166,-300.00003,0.24917072,27.999996
-17.769855,-6.9975166,-300.00003,0.29089648,63.999996
-18.769855,-6.9975166,-300.00003,0.31744617,67.99999
-19.769855,-6.9975166,-300.00003,0.21795997,35.999996
-20.769855,-6.9975166,-300.00003,0.14525059,39.999996
-21.769855,-6.9975166,-300.00003,0.12230653,27.999996
-22.769855,-6.9975166,-300.00003,0.16497745,23.999996
-23.769855,-6.9975166,-300.00003,0.25689402,23.999996
-24.769855,-6.9975166,-300.00003,0.3652752,31.999996
-25.769855,-6.9975166,-300.00003,0.4706999,31.999996
-26.769855,-6.9975166,-300.00003,0.5161247,23.999996
-27.769855,-6.9975166,-300.00003,0.32303432,47.999996
-28.769855,-6.9975166,-300.00003,0.15737991,19.999996
-29.769855,-6.9975166,-300.00003,0.2623732,31.999996
-30.769855,-6.9975166,-300.00003,0.50911266,51.999996
-31.769855,-6.9975166,-300.00003,0,67.99999
-32.769855,-6.9975166,-300.00003,0,0
-33.769855,-6.9975166,-300.00003,0,0
-34.769855,-6.9975166,-300.00003,0,0
-35.769855,-6.9975166,-300.00003,0,0
-36.769855,-6.9975166,-300.00003,0,0
-37.769855,-6.9975166,-300.00003,0,0
-38.769855,-6.9975166,-300.00003,0,0
-39.769855,-6.9975166,-300.00003,0,0
-40.769855,-6.9975166,-300.00003,0,0
-41.769855,-6.9975166,-300.00003,0,0
-42.769855,-6.9975166,-300.00003,0,0
-43.769855,-6.9975166,-300.00003,0,0
-44.769855,-6.9975166,-300.00003,0,0
-45.769855,-6.9975166,-300.00003,0,0
-46.769855,-6.9975166,-300.00003,0,0
-47.769855,-6.9975166,-300.00003,0,0
-48.769855,-6.9975166,-300.00003,0,0
-49.769855,-6.9975166,-300.00003,0,0
49.230145,-7.9975166,-300.00003,0,0
48.230145,-7.9975166,-300.00003,0,0
47.230145,-7.9975166,-300.00003,0,0
46.230145,-7.9975166,-300.00003,0,0
45.230145,-7.9975166,-300.00003,0,0
44.230145,-7.9975166,-300.00003,0,0
43.230145,-7.9975166,-300.00003,0,0
42.230145,-7.9975166,-300.00003,0,0
41.230145,-7.9975166,-300.00003,0,0
40.230145,-7.9975166,-300.00003,0,0
39.230145,-7.9975166,-300.00003,0,0
38.230145,-7.9975166,-300.00003,0,0
37.230145,-7.9975166,-300.00003,0,0
36.230145,-7.9975166,-300.00003,0,0
35.230145,-7.9975166,-300.00003,0,0
34.230145,-7.9975166,-300.00003,0,0
33.230145,-7.9975166,-300.00003,0,3.999999
32.230145,-7.9975166,-300.00003,0,59.999996
31.230145,-7.9975166,-300.00003,0.24529278,75.99999
30.230145,-7.9975166,-300.00003,0.28391472,107.99999
29.230145,-7.9975166,-300.00003,0.39838243,71.99999
28.230145,-7.9975166,-300.00003,0.464617,103.99999
27.230145,-7.9975166,-300.00003,0.44203773,103.99999
26.230145,-7.9975166,-300.00003,0.3774834,63.999996
25.230145,-7.9975166,-300.00003,0.34954762,91.99999
24.230145,-7.9975166,-300.00003,0.3891765,47.999996
23.230145,-7.9975166,-300.00003,0.48315728,99.99999
22.230145,-7.9975166,-300.00003,0.49393147,71.99999
21.230145,-7.9975166,-300.00003,0.37188005,91.99999
20.230145,-7.9975166,-300.00003,0.23325524,67.99999
19.230145,-7.9975166,-300.00003,0.18102877,43.999996
18.230145,-7.9975166,-300.00003,0.23774682,87.99999
17.230145,-7.9975166,-300.00003,0.24855189,75.99999
16.230145,-7.9975166,-300.00003,0.16532424,59.999996
15.2301445,-7.9975166,-300.00003,0.12012254,75.99999
14.2301445,-7.9975166,-300.00003,0.25543892,71.99999
13.2301445,-7.9975166,-300.00003,0.503512,83.99999
12.2301445,-7.9975166,-300.00003,0.6463851,67.99999
11.2301445,-7.9975166,-300.00003,0.6359241,59.999996
10.2301445,-7.9975166,-300.00003,0.5558039,95.99999
9.2301445,-7.9975166,-300.00003,0.4004098,43.999996
8.2301445,-7.9975166,-300.00003,0.31707865,67.99999
7.2301445,-7.9975166,-300.00003,0.30575395,71.99999
6.2301445,-7.9975166,-300.00003,0.33574337,103.99999
5.2301445,-7.9975166,-300.00003,0.37503046,115.99999
4.2301445,-7.9975166,-300.00003,0.37534124,75.99999
3.2301445,-7.9975166,-300.00003,0.35913146,115.99999
2.2301445,-7.9975166,-300.00003,0.3686858,67.99999
1.2301445,-7.9975166,-300.00003,0.4312873,115.99999
0.2301445,-7.9975166,-300.00003,0.485506,127.99999
-0.7698555,-7.9975166,-300.00003,0.47862405,99.99999
-1.7698555,-7.9975166,-300.00003,0.48465872,83.99999
-2.7698555,-7.9975166,-300.00003,0.46706867,79.99999
-3.7698555,-7.9975166,-300.00003,0.44713187,79.99999
-4.7698555,-7.9975166,-300.00003,0.4652298,95.99999
-5.7698555,-7.9975166,-300.00003,0.53051513,99.99999
-6.7698555,-7.9975166,-300.00003,0.54852766,139.99998
-7.7698555,-7.9975166,-300.00003,0.5143957,71.99999
-8.7698555,-7.9975166,-300.00003,0.4950844,107.99999
-9.7698555,-7.9975166,-300.00003,0.46056283,71.99999
-10.7698555,-7.9975166,-300.00003,0.42358327,95.99999
-11.7698555,-7.9975166,-300.00003,0.4540942,99.99999
-12.7698555,-7.9975166,-300.00003,0.4192813,79.99999
-13.7698555,-7.9975166,-300.00003,0.37994057,55.999996
-14.7698555,-7.9975166,-300.00003,0.41292024,79.99999
-15.7698555,-7.9975166,-300.00003,0.43814522,55.999996
-16.769855,-7.9975166,-300.00003,0.36883777,47.999996
-17.769855,-7.9975166,-300.00003,0.29120898,27.999996
-18.769855,-7.9975166,-300.00003,0.24045566,43.999996
-19.769855,-7.9975166,-300.00003,0.18790531,39.999996
-20.769855,-7.9975166,-300.00003,0.13530083,43.999996
-21.769855,-7.9975166,-300.00003,0.14453247,55.999996
-22.769855,-7.9975166,-300.00003,0.18788196,23.999996
-23.769855,-7.9975166,-300.00003,0.28555885,31.999996
-24.769855,-7.9975166,-300.00003,0.38543066,31.999996
-25.769855,-7.9975166,-300.00003,0.46108168,43.999996
-26.769855,-7.9975166,-300.00003,0.40836513,39.999996
-27.769855,-7.9975166,-300.00003,0.24481413,43.999996
-28.769855,-7.9975166,-300.00003,0.16337526,43.999996
-29.769855,-7.9975166,-300.00003,0.28482372,55.999996
-30.769855,-7.9975166,-300.00003,0.46687225,35.999996
-31.769855,-7.9975166,-300.00003,0,11.999997
-32.769855,-7.9975166,-300.00003,0,0
-33.769855,-7.9975166,-300.00003,0,0
-34.769855,-7.9975166,-300.00003,0,0
-35.769855,-7.9975166,-300.00003,0,0
-36.769855,-7.9975166,-300.00003,0,0
-37.769855,-7.9975166,-300.00003,0,0
-38.769855,-7.9975166,-300.00003,0,0
-39.769855,-7.9975166,-300.00003,0,0
-40.769855,-7.9975166,-300.00003,0,0
-41.769855,-7.9975166,-300.00003,0,0
-42.769855,-7.9975166,-300.00003,0,0
-43.769855,-7.9975166,-300.00003,0,0
-44.769855,-7.9975166,-300.00003,0,0
-45.769855,-7.9975166,-300.00003,0,0
-46.769855,-7.9975166,-300.00003,0,0
-47.769855,-7.9975166,-300.00003,0,0
-48.769855,-7.9975166,-300.00003,0,0
-49.769855,-7.9975166,-300.00003,0,0
49.230145,-8.997517,-300.00003,0,0
48.230145,-8.997517,-300.00003,0,0
47.230145,-8.997517,-300.00003,0,0
46.230145,-8.997517,-300.00003,0,0
45.230145,-8.997517,-300.00003,0,0
44.230145,-8.997517,-300.00003,0,0
43.230145,-8.997517,-300.00003,0,0
42.230145,-8.997517,-300.00003,0,0
41.230145,-8.997517,-300.00003,0,0
40.230145,-8.997517,-300.00003,0,0
39.230145,-8.997517,-300.00003,0,0
38.230145,-8.997517,-300.00003,0,0
37.230145,-8.997517,-300.00003,0,0
36.230145,-8.997517,-300.00003,0,0
35.230145,-8.997517,-300.00003,0,0
34.230145,-8.997517,-300.00003,0,0
33.230145,-8.997517,-300.00003,0,0
32.230145,-8.997517,-300.00003,0,67.99999
31.230145,-8.997517,-300.00003,0.3147201,35.999996
30.230145,-8.997517,-300.00003,0.34592834,95.99999
29.230145,-8.997517,-300.00003,0.43973488,59.999996
28.230145,-8.997517,-300.00003,0.4398785,71.99999
27.230145,-8.997517,-300.00003,0.44845423,83.99999
26.230145,-8.997517,-300.00003,0.41708386,67.99999
25.230145,-8.997517,-300.00003,0.35872293,71.99999
24.230145,-8.997517,-300.00003,0.389929,75.99999
23.230145,-8.997517,-300.00003,0.4804497,135.99998
22.230145,-8.997517,-300.00003,0.4757514,75.99999
21.230145,-8.997517,-300.00003,0.4023955,111.99999
20.230145,-8.997517,-300.00003,0.3218534,79.99999
19.230145,-8.997517,-300.00003,0.3175822,127.99999
18.230145,-8.997517,-300.00003,0.37623692,107.99999
17.230145,-8.997517,-300.00003,0.3487903,75.99999
16.230145,-8.997517,-300.00003,0.2587956,67.99999
15.2301445,-8.997517,-300.00003,0.20124161,55.999996
14.2301445,-8.997517,-300.00003,0.26998943,67.99999
13.2301445,-8.997517,-300.00003,0.48654205,79.99999
12.2301445,-8.997517,-300.00003,0.6803721,91.99999
11.2301445,-8.997517,-300.00003,0.70194095,119.99999
10.2301445,-8.997517,-300.00003,0.56942004,67.99999
9.2301445,-8.997517,-300.00003,0.45805985,67.99999
8.2301445,-8.997517,-300.00003,0.4145013,75.99999
7.2301445,-8.997517,-300.00003,0.36992142,71.99999
6.2301445,-8.997517,-300.00003,0.32630274,75.99999
5.2301445,-8.997517,-300.00003,0.34864634,111.99999
4.2301445,-8.997517,-300.00003,0.38820085,103.99999
3.2301445,-8.997517,-300.00003,0.4042241,99.99999
2.2301445,-8.997517,-300.00003,0.45516896,91.99999
1.2301445,-8.997517,-300.00003,0.5131799,75.99999
0.2301445,-8.997517,-300.00003,0.5307647,111.99999
-0.7698555,-8.997517,-300.00003,0.47097045,83.99999
-1.7698555,-8.997517,-300.00003,0.43082923,87.99999
-2.7698555,-8.997517,-300.00003,0.42969227,103.99999
-3.7698555,-8.997517,-300.00003,0.43319297,67.99999
-4.7698555,-8.997517,-300.00003,0.4597507,75.99999
-5.7698555,-8.997517,-300.00003,0.5323458,99.99999
-6.7698555,-8.997517,-300.00003,0.57331026,103.99999
-7.7698555,-8.997517,-300.00003,0.54886526,99.99999
-8.7698555,-8.997517,-300.00003,0.48401034,115.99999
-9.7698555,-8.997517,-300.00003,0.39736214,63.999996
-10.7698555,-8.997517,-300.00003,0.35774827,83.99999
-11.7698555,-8.997517,-300.00003,0.3617533,63.999996
-12.7698555,-8.997517,-300.00003,0.3588497,59.999996
-13.7698555,-8.997517,-300.00003,0.37682894,63.999996
-14.7698555,-8.997517,-300.00003,0.42792445,63.999996
-15.7698555,-8.997517,-300.00003,0.47293562,47.999996
-16.769855,-8.997517,-300.00003,0.4283939,67.99999
-17.769855,-8.997517,-300.00003,0.2783488,31.999996
-18.769855,-8.997517,-300.00003,0.19483823,35.999996
-19.769855,-8.997517,-300.00003,0.18967198,63.999996
-20.769855,-8.997517,-300.00003,0.19221398,83.99999
-21.769855,-8.997517,-300.00003,0.21736613,39.999996
-22.769855,-8.997517,-300.00003,0.28150338,71.99999
-23.769855,-8.997517,-300.00003,0.29633433,55.999996
-24.769855,-8.997517,-300.00003,0.3016535,35.999996
-25.769855,-8.997517,-300.00003,0.27300596,31.999996
-26.769855,-8.997517,-300.00003,0.19467336,43.999996
-27.769855,-8.997517,-300.00003,0.15170111,47.999996
-28.769855,-8.997517,-300.00003,0.2362039,47.999996
-29.769855,-8.997517,-300.00003,0.33389091,59.999996
-30.769855,-8.997517,-300.00003,0.37677836,59.999996
-31.769855,-8.997517,-300.00003,0,11.999997
-32.769855,-8.997517,-300.00003,0,0
-33.769855,-8.997517,-300.00003,0,0
-34.769855,-8.997517,-300.00003,0,0
-35.769855,-8.997517,-300.00003,0,0
-36.769855,-8.997517,-300.00003,0,0
-37.769855,-8.997517,-300.00003,0,0
-38.769855,-8.997517,-300.00003,0,0
-39.769855,-8.997517,-300.00003,0,0
-40.769855,-8.997517,-300.00003,0,0
-41.769855,-8.997517,-300.00003,0,0
-42.769855,-8.997517,-300.00003,0,0
-43.769855,-8.997517,-300.00003,0,0
-44.769855,-8.997517,-300.00003,0,0
-45.769855,-8.997517,-300.00003,0,0
-46.769855,-8.997517,-300.00003,0,0
-47.769855,-8.997517,-300.00003,0,0
-48.769855,-8.997517,-300.00003,0,0
-49.769855,-8.997517,-300.00003,0,0
49.230145,-9.997517,-300.00003,0,0
48.230145,-9.997517,-300.00003,0,0
47.230145,-9.997517,-300.00003,0,0
46.230145,-9.997517,-300.00003,0,0
45.230145,-9.997517,-300.00003,0,0
44.230145,-9.997517,-300.00003,0,0
43.230145,-9.997517,-300.00003,0,0
42.230145,-9.997517,-300.00003,0,0
41.230145,-9.997517,-300.00003,0,0
40.230145,-9.997517,-300.00003,0,0
39.230145,-9.997517,-300.00003,0,0
38.230145,-9.997517,-300.00003,0,0
37.230145,-9.997517,-300.00003,0,0
36.230145,-9.997517,-300.00003,0,0
35.230145,-9.997517,-300.00003,0,0
34.230145,-9.997517,-300.00003,0,0
33.230145,-9.997517,-300.00003,0,0
32.230145,-9.997517,-300.00003,0,27.999996
31.230145,-9.997517,-300.00003,0.42927673,95.99999
30.230145,-9.997517,-300.00003,0.37479293,107.99999
29.230145,-9.997517,-300.00003,0.41886067,71.99999
28.230145,-9.997517,-300.00003,0.44169658,99.99999
27.230145,-9.997517,-300.00003,0.49589682,87.99999
26.230145,-9.997517,-300.00003,0.46764946,91.99999
25.230145,-9.997517,-300.00003,0.3261226,47.999996
24.230145,-9.997517,-300.00003,0.32867128,95.99999
23.230145,-9.997517,-300.00003,0.42413628,91.99999
22.230145,-9.997517,-300.00003,0.50073767,75.99999
21.230145,-9.997517,-300.00003,0.53940094,103.99999
20.230145,-9.997517,-300.00003,0.48671985,99.99999
19.230145,-9.997517,-300.00003,0.46747673,99.99999
18.230145,-9.997517,-300.00003,0.4858957,131.99998
17.230145,-9.997517,-300.00003,0.40550184,111.99999
16.230145,-9.997517,-300.00003,0.31507134,79.99999
15.2301445,-9.997517,-300.00003,0.27829415,83.99999
14.2301445,-9.997517,-300.00003,0.27171272,59.999996
13.2301445,-9.997517,-300.00003,0.39967692,55.999996
12.2301445,-9.997517,-300.00003,0.5450584,99.99999
11.2301445,-9.997517,-300.00003,0.5726118,51.999996
10.2301445,-9.997517,-300.00003,0.5269626,59.999996
9.2301445,-9.997517,-300.00003,0.4690867,63.999996
8.2301445,-9.997517,-300.00003,0.4444515,63.999996
7.2301445,-9.997517,-300.00003,0.43447983,55.999996
6.2301445,-9.997517,-300.00003,0.40030742,79.99999
5.2301445,-9.997517,-300.00003,0.41726026,43.999996
4.2301445,-9.997517,-300.00003,0.47285062,99.99999
3.2301445,-9.997517,-300.00003,0.47184598,75.99999
2.2301445,-9.997517,-300.00003,0.44395363,27.999996
1.2301445,-9.997517,-300.00003,0.4549781,127.99999
0.2301445,-9.997517,-300.00003,0.4308111,87.99999
-0.7698555,-9.997517,-300.00003,0.38222638,83.99999
-1.7698555,-9.997517,-300.00003,0.39919633,87.99999
-2.7698555,-9.997517,-300.00003,0.4956341,111.99999
-3.7698555,-9.997517,-300.00003,0.5292279,115.99999
-4.7698555,-9.997517,-300.00003,0.4866163,87.99999
-5.7698555,-9.997517,-300.00003,0.5601996,83.99999
-6.7698555,-9.997517,-300.00003,0.59348756,139.99998
-7.7698555,-9.997517,-300.00003,0.54162955,59.999996
-8.7698555,-9.997517,-300.00003,0.42545813,39.999996
-9.7698555,-9.997517,-300.00003,0.33683437,59.999996
-10.7698555,-9.997517,-300.00003,0.3102857,67.99999
-11.7698555,-9.997517,-300.00003,0.27746642,67.99999
-12.7698555,-9.997517,-300.00003,0.29011333,43.999996
-13.7698555,-9.997517,-300.00003,0.3990727,75.99999
-14.7698555,-9.997517,-300.00003,0.43100926,63.999996
-15.7698555,-9.997517,-300.00003,0.42953074,71.99999
-16.769855,-9.997517,-300.00003,0.36463463,43.999996
-17.769855,-9.997517,-300.00003,0.28224134,39.999996
-18.769855,-9.997517,-300.00003,0.21512848,51.999996
-19.769855,-9.997517,-300.00003,0.20016901,31.999996
-20.769855,-9.997517,-300.00003,0.2251589,51.999996
-21.769855,-9.997517,-300.00003,0.24079254,43.999996
-22.769855,-9.997517,-300.00003,0.25541964,63.999996
-23.769855,-9.997517,-300.00003,0.26534343,59.999996
-24.769855,-9.997517,-300.00003,0.1868411,55.999996
-25.769855,-9.997517,-300.00003,0.12171424,59.999996
-26.769855,-9.997517,-300.00003,0.077136725,31.999996
-27.769855,-9.997517,-300.00003,0.1595063,47.999996
-28.769855,-9.997517,-300.00003,0.29138103,83.99999
-29.769855,-9.997517,-300.00003,0.31307894,59.999996
-30.769855,-9.997517,-300.00003,0.35462645,67.99999
-31.769855,-9.997517,-300.00003,0,23.999996
-32.769855,-9.997517,-300.00003,0,3.999999
-33.769855,-9.997517,-300.00003,0,0
-34.769855,-9.997517,-300.00003,0,0
-35.769855,-9.997517,-300.00003,0,0
-36.769855,-9.997517,-300.00003,0,0
-37.769855,-9.997517,-300.00003,0,0
-38.769855,-9.997517,-300.00003,0,0
-39.769855,-9.997517,-300.00003,0,0
-40.769855,-9.997517,-300.00003,0,0
-41.769855,-9.997517,-300.00003,0,0
-42.769855,-9.997517,-300.00003,0,0
-43.769855,-9.997517,-300.00003,0,0
-44.769855,-9.997517,-300.00003,0,0
-45.769855,-9.997517,-300.00003,0,0
-46.769855,-9.997517,-300.00003,0,0
-47.769855,-9.997517,-300.00003,0,0
-48.769855,-9.997517,-300.00003,0,0
-49.769855,-9.997517,-300.00003,0,0
49.230145,-10.997517,-300.00003,0,0
48.230145,-10.997517,-300.00003,0,0
47.230145,-10.997517,-300.00003,0,0
46.230145,-10.997517,-300.00003,0,0
45.230145,-10.997517,-300.00003,0,0
44.230145,-10.997517,-300.00003,0,0
43.230145,-10.997517,-300.00003,0,0
42.230145,-10.997517,-300.00003,0,0
41.230145,-10.997517,-300.00003,0,0
40.230145,-10.997517,-300.00003,0,0
39.230145,-10.997517,-300.00003,0,0
38.230145,-10.997517,-300.00003,0,0
37.230145,-10.997517,-300.00003,0,0
36.230145,-10.997517,-300.00003,0,0
35.230145,-10.997517,-300.00003,0,0
34.230145,-10.997517,-300.00003,0,0
33.230145,-10.997517,-300.00003,0,0
32.230145,-10.997517,-300.00003,0,7.999998
31.230145,-10.997517,-300.00003,Infinity,95.99999
30.230145,-10.997517,-300.00003,0.38682592,83.99999
29.230145,-10.997517,-300.00003,0.44608057,107.99999
28.230145,-10.997517,-300.00003,0.48753664,71.99999
27.230145,-10.997517,-300.00003,0.54082286,91.99999
26.230145,-10.997517,-300.00003,0.53295666,111.99999
25.230145,-10.997517,-300.00003,0.36337522,99.99999
24.230145,-10.997517,-300.00003,0.25643495,63.999996
23.230145,-10.997517,-300.00003,0.36142147,87.99999
22.230145,-10.997517,-300.00003,0.5290741,87.99999
21.230145,-10.997517,-300.00003,0.6079461,103.99999
20.230145,-10.997517,-300.00003,0.52729523,87.99999
19.230145,-10.997517,-300.00003,0.49777424,63.999996
18.230145,-10.997517,-300.00003,0.54164624,99.99999
17.230145,-10.997517,-300.00003,0.40402284,59.999996
16.230145,-10.997517,-300.00003,0.27611065,55.999996
15.2301445,-10.997517,-300.00003,0.3146011,111.99999
14.2301445,-10.997517,-300.00003,0.33452797,67.99999
13.2301445,-10.997517,-300.00003,0.38527584,79.99999
12.2301445,-10.997517,-300.00003,0.41416132,95.99999
11.2301445,-10.997517,-300.00003,0.39348322,55.999996
10.2301445,-10.997517,-300.00003,0.408351,55.999996
9.2301445,-10.997517,-300.00003,0.42251062,47.999996
8.2301445,-10.997517,-300.00003,0.39600086,51.999996
7.2301445,-10.997517,-300.00003,0.41867626,47.999996
6.2301445,-10.997517,-300.00003,0.51596737,95.99999
5.2301445,-10.997517,-300.00003,0.5900592,79.99999
4.2301445,-10.997517,-300.00003,0.5829617,115.99999
3.2301445,-10.997517,-300.00003,0.53638923,111.99999
2.2301445,-10.997517,-300.00003,0.4702383,67.99999
1.2301445,-10.997517,-300.00003,0.39024022,71.99999
0.2301445,-10.997517,-300.00003,0.3445868,71.99999
-0.7698555,-10.997517,-300.00003,0.3131967,51.999996
-1.7698555,-10.997517,-300.00003,0.38966832,71.99999
-2.7698555,-10.997517,-300.00003,0.505934,131.99998
-3.7698555,-10.997517,-300.00003,0.5171412,63.999996
-4.7698555,-10.997517,-300.00003,0.5298158,83.99999
-5.7698555,-10.997517,-300.00003,0.58262724,67.99999
-6.7698555,-10.997517,-300.00003,0.58720887,75.99999
-7.7698555,-10.997517,-300.00003,0.5102297,35.999996
-8.7698555,-10.997517,-300.00003,0.41122282,67.99999
-9.7698555,-10.997517,-300.00003,0.3519161,51.999996
-10.7698555,-10.997517,-300.00003,0.3618441,43.999996
-11.7698555,-10.997517,-300.00003,0.34137732,55.999996
-12.7698555,-10.997517,-300.00003,0.34531128,43.999996
-13.7698555,-10.997517,-300.00003,0.44975328,55.999996
-14.7698555,-10.997517,-300.00003,0.46540874,71.99999
-15.7698555,-10.997517,-300.00003,0.38485724,23.999996
-16.769855,-10.997517,-300.00003,0.38690242,71.99999
-17.769855,-10.997517,-300.00003,0.34230763,43.999996
-18.769855,-10.997517,-300.00003,0.25688326,59.999996
-19.769855,-10.997517,-300.00003,0.26407868,87.99999
-20.769855,-10.997517,-300.00003,0.27726802,35.999996
-21.769855,-10.997517,-300.00003,0.24139196,47.999996
-22.769855,-10.997517,-300.00003,0.1787698,51.999996
-23.769855,-10.997517,-300.00003,0.13943061,23.999996
-24.769855,-10.997517,-300.00003,0.11276804,79.99999
-25.769855,-10.997517,-300.00003,0.07583706,39.999996
-26.769855,-10.997517,-300.00003,0.07478585,43.999996
-27.769855,-10.997517,-300.00003,0.18783066,43.999996
-28.769855,-10.997517,-300.00003,0.2860274,63.999996
-29.769855,-10.997517,-300.00003,0.2708727,43.999996
-30.769855,-10.997517,-300.00003,Infinity,47.999996
-31.769855,-10.997517,-300.00003,0,11.999997
-32.769855,-10.997517,-300.00003,0,3.999999
-33.769855,-10.997517,-300.00003,0,0
-34.769855,-10.997517,-300.00003,0,0
-35.769855,-10.997517,-300.00003,0,0
-36.769855,-10.997517,-300.00003,0,0
-37.769855,-10.997517,-300.00003,0,0
-38.769855,-10.997517,-300.00003,0,0
-39.769855,-10.997517,-300.00003,0,0
-40.769855,-10.997517,-300.00003,0,0
-41.769855,-10.997517,-300.00003,0,0
-42.769855,-10.997517,-300.00003,0,0
-43.769855,-10.997517,-300.00003,0,0
-44.769855,-10.997517,-300.00003,0,0
-45.769855,-10.997517,-300.00003,0,0
-46.769855,-10.997517,-300.00003,0,0
-47.769855,-10.997517,-300.00003,0,0
-48.769855,-10.997517,-300.00003,0,0
-49.769855,-10.997517,-300.00003,0,0
49.230145,-11.997517,-300.00003,0,0
48.230145,-11.997517,-300.00003,0,0
47.230145,-11.997517,-300.00003,0,0
46.230145,-11.997517,-300.00003,0,0
45.230145,-11.997517,-300.00003,0,0
44.230145,-11.997517,-300.00003,0,0
43.230145,-11.997517,-300.00003,0,0
42.230145,-11.997517,-300.00003,0,0
41.230145,-11.997517,-300.00003,0,0
40.230145,-11.997517,-300.00003,0,0
39.230145,-11.997517,-300.00003,0,0
38.230145,-11.997517,-300.00003,0,0
37.230145,-11.997517,-300.00003,0,0
36.230145,-11.997517,-300.00003,0,0
35.230145,-11.997517,-300.00003,0,0
34.230145,-11.997517,-300.00003,0,0
33.230145,-11.997517,-300.00003,0,0
32.230145,-11.997517,-300.00003,0,3.999999
31.230145,-11.997517,-300.00003,0,51.999996
30.230145,-11.997517,-300.00003,0.3876408,107.99999
29.230145,-11.997517,-300.00003,0.4674263,115.99999
28.230145,-11.997517,-300.00003,0.5092643,87.99999
27.230145,-11.997517,-300.00003,0.5083469,95.99999
26.230145,-11.997517,-300.00003,0.5390775,87.99999
25.230145,-11.997517,-300.00003,0.49214137,115.99999
24.230145,-11.997517,-300.00003,0.3965575,59.999996
23.230145,-11.997517,-300.00003,0.43645337,107.99999
22.230145,-11.997517,-300.00003,0.55434,99.99999
21.230145,-11.997517,-300.00003,0.60552937,99.99999
20.230145,-11.997517,-300.00003,0.5098841,75.99999
19.230145,-11.997517,-300.00003,0.5053803,75.99999
18.230145,-11.997517,-300.00003,0.5582106,91.99999
17.230145,-11.997517,-300.00003,0.40970126,67.99999
16.230145,-11.997517,-300.00003,0.24919936,55.999996
15.2301445,-11.997517,-300.00003,0.29942822,51.999996
14.2301445,-11.997517,-300.00003,0.3727861,91.99999
13.2301445,-11.997517,-300.00003,0.37359723,75.99999
12.2301445,-11.997517,-300.00003,0.35585567,71.99999
11.2301445,-11.997517,-300.00003,0.33853796,35.999996
10.2301445,-11.997517,-300.00003,0.30790338,67.99999
9.2301445,-11.997517,-300.00003,0.3331734,75.99999
8.2301445,-11.997517,-300.00003,0.38484305,51.999996
7.2301445,-11.997517,-300.00003,0.4381986,47.999996
6.2301445,-11.997517,-300.00003,0.5420329,35.999996
5.2301445,-11.997517,-300.00003,0.64430934,59.999996
4.2301445,-11.997517,-300.00003,0.59910184,103.99999
3.2301445,-11.997517,-300.00003,0.6108538,75.99999
2.2301445,-11.997517,-300.00003,0.60564625,99.99999
1.2301445,-11.997517,-300.00003,0.41976997,75.99999
0.2301445,-11.997517,-300.00003,0.26591516,87.99999
-0.7698555,-11.997517,-300.00003,0.27774122,83.99999
-1.7698555,-11.997517,-300.00003,0.35835713,67.99999
-2.7698555,-11.997517,-300.00003,0.42339635,83.99999
-3.7698555,-11.997517,-300.00003,0.45877442,47.999996
-4.7698555,-11.997517,-300.00003,0.5479295,95.99999
-5.7698555,-11.997517,-300.00003,0.6273015,79.99999
-6.7698555,-11.997517,-300.00003,0.56527203,47.999996
-7.7698555,-11.997517,-300.00003,0.4697845,71.99999
-8.7698555,-11.997517,-300.00003,0.41630468,67.99999
-9.7698555,-11.997517,-300.00003,0.43025365,83.99999
-10.7698555,-11.997517,-300.00003,0.45392472,83.99999
-11.7698555,-11.997517,-300.00003,0.4193987,71.99999
-12.7698555,-11.997517,-300.00003,0.3885859,75.99999
-13.7698555,-11.997517,-300.00003,0.43900573,83.99999
-14.7698555,-11.997517,-300.00003,0.43104857,59.999996
-15.7698555,-11.997517,-300.00003,0.41892648,59.999996
-16.769855,-11.997517,-300.00003,0.48138353,99.99999
-17.769855,-11.997517,-300.00003,0.46279925,71.99999
-18.769855,-11.997517,-300.00003,0.33668658,103.99999
-19.769855,-11.997517,-300.00003,0.3052224,39.999996
-20.769855,-11.997517,-300.00003,0.30913198,51.999996
-21.769855,-11.997517,-300.00003,0.24958432,19.999996
-22.769855,-11.997517,-300.00003,0.1729295,51.999996
-23.769855,-11.997517,-300.00003,0.08302513,39.999996
-24.769855,-11.997517,-300.00003,0.061318647,31.999996
-25.769855,-11.997517,-300.00003,0.11338349,39.999996
-26.769855,-11.997517,-300.00003,0.14818864,43.999996
-27.769855,-11.997517,-300.00003,0.21894325,39.999996
-28.769855,-11.997517,-300.00003,0.2741938,87.99999
-29.769855,-11.997517,-300.00003,0.33997536,79.99999
-30.769855,-11.997517,-300.00003,Infinity,67.99999
-31.769855,-11.997517,-300.00003,0,3.999999
-32.769855,-11.997517,-300.00003,0,0
-33.769855,-11.997517,-300.00003,0,0
-34.769855,-11.997517,-300.00003,0,0
-35.769855,-11.997517,-300.00003,0,0
-36.769855,-11.997517,-300.00003,0,0
-37.769855,-11.997517,-300.00003,0,0
-38.769855,-11.997517,-300.00003,0,0
-39.769855,-11.997517,-300.00003,0,0
-40.769855,-11.997517,-300.00003,0,0
-41.769855,-11.997517,-300.00003,0,0
-42.769855,-11.997517,-300.00003,0,0
-43.769855,-11.997517,-300.00003,0,0
-44.769855,-11.997517,-300.00003,0,0
-45.769855,-11.997517,-300.00003,0,0
-46.769855,-11.997517,-300.00003,0,0
-47.769855,-11.997517,-300.00003,0,0
-48.769855,-11.997517,-300.00003,0,0
-49.769855,-11.997517,-300.00003,0,0
49.230145,-12.997517,-300.00003,0,0
48.230145,-12.997517,-300.00003,0,0
47.230145,-12.997517,-300.00003,0,0
46.230145,-12.997517,-300.00003,0,0
45.230145,-12.997517,-300.00003,0,0
44.230145,-12.997517,-300.00003,0,0
43.230145,-12.997517,-300.00003,0,0
42.230145,-12.997517,-300.00003,0,0
41.230145,-12.997517,-300.00003,0,0
40.230145,-12.997517,-300.00003,0,0
39.230145,-12.997517,-300.00003,0,0
38.230145,-12.997517,-300.00003,0,0
37.230145,-12.997517,-300.00003,0,0
36.230145,-12.997517,-300.00003,0,0
35.230145,-12.997517,-300.00003,0,0
34.230145,-12.997517,-300.00003,0,0
33.230145,-12.997517,-300.00003,0,0
32.230145,-12.997517,-300.00003,0,0
31.230145,-12.997517,-300.00003,0,15.999996
30.230145,-12.997517,-300.00003,0.38713795,79.99999
29.230145,-12.997517,-300.00003,0.40691295,71.99999
28.230145,-12.997517,-300.00003,0.42612964,87.99999
27.230145,-12.997517,-300.00003,0.46464324,111.99999
26.230145,-12.997517,-300.00003,0.518818,107.99999
25.230145,-12.997517,-300.00003,0.5951929,103.99999
24.230145,-12.997517,-300.00003,0.6300273,111.99999
23.230145,-12.997517,-300.00003,0.5713476,71.99999
22.230145,-12.997517,-300.00003,0.574961,79.99999
21.230145,-12.997517,-300.00003,0.5956603,71.99999
20.230145,-12.997517,-300.00003,0.51671875,83.99999
19.230145,-12.997517,-300.00003,0.46478444,47.999996
18.230145,-12.997517,-300.00003,0.45598245,87.99999
17.230145,-12.997517,-300.00003,0.35136157,43.999996
16.230145,-12.997517,-300.00003,0.24708486,55.999996
15.2301445,-12.997517,-300.00003,0.28954127,107.99999
14.2301445,-12.997517,-300.00003,0.3467799,91.99999
13.2301445,-12.997517,-300.00003,0.3761364,59.999996
12.2301445,-12.997517,-300.00003,0.40467262,63.999996
11.2301445,-12.997517,-300.00003,0.44320977,71.99999
10.2301445,-12.997517,-300.00003,0.3279545,55.999996
9.2301445,-12.997517,-300.00003,0.22938164,19.999996
8.2301445,-12.997517,-300.00003,0.31974468,83.99999
7.2301445,-12.997517,-300.00003,0.44528183,47.999996
6.2301445,-12.997517,-300.00003,0.49612743,19.999996
5.2301445,-12.997517,-300.00003,0.53730446,55.999996
4.2301445,-12.997517,-300.00003,0.5345781,111.99999
3.2301445,-12.997517,-300.00003,0.6330978,79.99999
2.2301445,-12.997517,-300.00003,0.689342,79.99999
1.2301445,-12.997517,-300.00003,0.42504406,59.999996
0.2301445,-12.997517,-300.00003,0.21879087,39.999996
-0.7698555,-12.997517,-300.00003,0.24159269,67.99999
-1.7698555,-12.997517,-300.00003,0.30800104,43.999996
-2.7698555,-12.997517,-300.00003,0.39928716,55.999996
-3.7698555,-12.997517,-300.00003,0.4628455,63.999996
-4.7698555,-12.997517,-300.00003,0.54683113,47.999996
-5.7698555,-12.997517,-300.00003,0.6129564,51.999996
-6.7698555,-12.997517,-300.00003,0.4889907,71.99999
-7.7698555,-12.997517,-300.00003,0.36090395,51.999996
-8.7698555,-12.997517,-300.00003,0.3774072,51.999996
-9.7698555,-12.997517,-300.00003,0.47348908,75.99999
-10.7698555,-12.997517,-300.00003,0.4711283,71.99999
-11.7698555,-12.997517,-300.00003,0.37239233,55.999996
-12.7698555,-12.997517,-300.00003,0.3423937,67.99999
-13.7698555,-12.997517,-300.00003,0.3626161,59.999996
-14.7698555,-12.997517,-300.00003,0.35889536,75.99999
-15.7698555,-12.997517,-300.00003,0.34477106,67.99999
-16.769855,-12.997517,-300.00003,0.38966298,83.99999
-17.769855,-12.997517,-300.00003,0.41176468,127.99999
-18.769855,-12.997517,-300.00003,0.3412384,51.999996
-19.769855,-12.997517,-300.00003,0.30281138,43.999996
-20.769855,-12.997517,-300.00003,0.29262477,35.999996
-21.769855,-12.997517,-300.00003,0.24703404,19.999996
-22.769855,-12.997517,-300.00003,0.17096893,35.999996
-23.769855,-12.997517,-300.00003,0.07199307,35.999996
-24.769855,-12.997517,-300.00003,0.07037058,15.999996
-25.769855,-12.997517,-300.00003,0.1944297,27.999996
-26.769855,-12.997517,-300.00003,0.27735096,39.999996
-27.769855,-12.997517,-300.00003,0.31204933,55.999996
-28.769855,-12.997517,-300.00003,0.32205254,51.999996
-29.769855,-12.997517,-300.00003,0.41515863,87.99999
-30.769855,-12.997517,-300.00003,0,51.999996
-31.769855,-12.997517,-300.00003,0,3.999999
-32.769855,-12.997517,-300.00003,0,0
-33.769855,-12.997517,-300.00003,0,0
-34.769855,-12.997517,-300.00003,0,0
-35.769855,-12.997517,-300.00003,0,0
-36.769855,-12.997517,-300.00003,0,0
-37.769855,-12.997517,-300.00003,0,0
-38.769855,-12.997517,-300.00003,0,0
-39.769855,-12.997517,-300.00003,0,0
-40.769855,-12.997517,-300.00003,0,0
-41.769855,-12.997517,-300.00003,0,0
-42.769855,-12.997517,-300.00003,0,0
-43.769855,-12.997517,-300.00003,0,0
-44.769855,-12.997517,-300.00003,0,0
-45.769855,-12.997517,-300.00003,0,0
-46.769855,-12.997517,-300.00003,0,0
-47.769855,-12.997517,-300.00003,0,0
-48.769855,-12.997517,-300.00003,0,0
-49.769855,-12.997517,-300.00003,0,0
49.230145,-13.997517,-300.00003,0,0
48.230145,-13.997517,-300.00003,0,0
47.230145,-13.997517,-300.00003,0,0
46.230145,-13.997517,-300.00003,0,0
45.230145,-13.997517,-300.00003,0,0
44.230145,-13.997517,-300.00003,0,0
43.230145,-13.997517,-300.00003,0,0
42.230145,-13.997517,-300.00003,0,0
41.230145,-13.997517,-300.00003,0,0
40.230145,-13.997517,-300.00003,0,0
39.230145,-13.997517,-300.00003,0,0
38.230145,-13.997517,-300.00003,0,0
37.230145,-13.997517,-300.00003,0,0
36.230145,-13.997517,-300.00003,0,0
35.230145,-13.997517,-300.00003,0,0
34.230145,-13.997517,-300.00003,0,0
33.230145,-13.997517,-300.00003,0,0
32.230145,-13.997517,-300.00003,0,0
31.230145,-13.997517,-300.00003,0,11.999997
30.230145,-13.997517,-300.00003,0,79.99999
29.230145,-13.997517,-300.00003,0.33898413,91.99999
28.230145,-13.997517,-300.00003,0.3407687,51.999996
27.230145,-13.997517,-300.00003,0.42314854,95.99999
26.230145,-13.997517,-300.00003,0.49277973,55.999996
25.230145,-13.997517,-300.00003,0.5761355,91.99999
24.230145,-13.997517,-300.00003,0.63363856,67.99999
23.230145,-13.997517,-300.00003,0.60332805,59.999996
22.230145,-13.997517,-300.00003,0.5515171,47.999996
21.230145,-13.997517,-300.00003,0.60315096,51.999996
20.230145,-13.997517,-300.00003,0.57722104,67.99999
19.230145,-13.997517,-300.00003,0.42141616,43.999996
18.230145,-13.997517,-300.00003,0.29387146,99.99999
17.230145,-13.997517,-300.00003,0.19750944,51.999996
16.230145,-13.997517,-300.00003,0.16249588,47.999996
15.2301445,-13.997517,-300.00003,0.23897626,47.999996
14.2301445,-13.997517,-300.00003,0.32277408,63.999996
13.2301445,-13.997517,-300.00003,0.41253892,59.999996
12.2301445,-13.997517,-300.00003,0.5070007,55.999996
11.2301445,-13.997517,-300.00003,0.51229477,39.999996
10.2301445,-13.997517,-300.00003,0.36233068,55.999996
9.2301445,-13.997517,-300.00003,0.18956202,31.999996
8.2301445,-13.997517,-300.00003,0.19230363,31.999996
7.2301445,-13.997517,-300.00003,0.36928353,51.999996
6.2301445,-13.997517,-300.00003,0.4312729,67.99999
5.2301445,-13.997517,-300.00003,0.424737,55.999996
4.2301445,-13.997517,-300.00003,0.4937891,67.99999
3.2301445,-13.997517,-300.00003,0.58866143,55.999996
2.2301445,-13.997517,-300.00003,0.51787126,35.999996
1.2301445,-13.997517,-300.00003,0.3251462,47.999996
0.2301445,-13.997517,-300.00003,0.1826786,79.99999
-0.7698555,-13.997517,-300.00003,0.21034168,75.99999
-1.7698555,-13.997517,-300.00003,0.29408905,79.99999
-2.7698555,-13.997517,-300.00003,0.41156682,67.99999
-3.7698555,-13.997517,-300.00003,0.5346123,59.999996
-4.7698555,-13.997517,-300.00003,0.5675926,35.999996
-5.7698555,-13.997517,-300.00003,0.48936206,43.999996
-6.7698555,-13.997517,-300.00003,0.34155965,67.99999
-7.7698555,-13.997517,-300.00003,0.272244,31.999996
-8.7698555,-13.997517,-300.00003,0.3955319,103.99999
-9.7698555,-13.997517,-300.00003,0.50364625,67.99999
-10.7698555,-13.997517,-300.00003,0.4441791,99.99999
-11.7698555,-13.997517,-300.00003,0.36408895,63.999996
-12.7698555,-13.997517,-300.00003,0.3759539,67.99999
-13.7698555,-13.997517,-300.00003,0.39319,107.99999
-14.7698555,-13.997517,-300.00003,0.28624615,83.99999
-15.7698555,-13.997517,-300.00003,0.16153443,55.999996
-16.769855,-13.997517,-300.00003,0.13971338,59.999996
-17.769855,-13.997517,-300.00003,0.21416344,67.99999
-18.769855,-13.997517,-300.00003,0.2674434,55.999996
-19.769855,-13.997517,-300.00003,0.29659122,75.99999
-20.769855,-13.997517,-300.00003,0.3232186,43.999996
-21.769855,-13.997517,-300.00003,0.29209992,11.999997
-22.769855,-13.997517,-300.00003,0.22962762,23.999996
-23.769855,-13.997517,-300.00003,0.14727663,27.999996
-24.769855,-13.997517,-300.00003,0.1809526,23.999996
-25.769855,-13.997517,-300.00003,0.34444746,31.999996
-26.769855,-13.997517,-300.00003,0.4418405,87.99999
-27.769855,-13.997517,-300.00003,0.43196958,75.99999
-28.769855,-13.997517,-300.00003,0.40466988,87.99999
-29.769855,-13.997517,-300.00003,Infinity,47.999996
-30.769855,-13.997517,-300.00003,0,7.999998
-31.769855,-13.997517,-300.00003,0,0
-32.769855,-13.997517,-300.00003,0,0
-33.769855,-13.997517,-300.00003,0,0
-34.769855,-13.997517,-300.00003,0,0
-35.769855,-13.997517,-300.00003,0,0
-36.769855,-13.997517,-300.00003,0,0
-37.769855,-13.997517,-300.00003,0,0
-38.769855,-13.997517,-300.00003,0,0
-39.769855,-13.997517,-300.00003,0,0
-40.769855,-13.997517,-300.00003,0,0
-41.769855,-13.997517,-300.00003,0,0
-42.769855,-13.997517,-300.00003,0,0
-43.769855,-13.997517,-300.00003,0,0
-44.769855,-13.997517,-300.00003,0,0
-45.769855,-13.997517,-300.00003,0,0
-46.769855,-13.997517,-300.00003,0,0
-47.769855,-13.997517,-300.00003,0,0
-48.769855,-13.997517,-300.00003,0,0
-49.769855,-13.997517,-300.00003,0,0
49.230145,-14.997517,-300.00003,0,0
48.230145,-14.997517,-300.00003,0,0
47.230145,-14.997517,-300.00003,0,0
46.230145,-14.997517,-300.00003,0,0
45.230145,-14.997517,-300.00003,0,0
44.230145,-14.997517,-300.00003,0,0
43.230145,-14.997517,-300.00003,0,0
42.230145,-14.997517,-300.00003,0,0
41.230145,-14.997517,-300.00003,0,0
40.230145,-14.997517,-300.00003,0,0
39.230145,-14.997517,-300.00003,0,0
38.230145,-14.997517,-300.00003,0,0
37.230145,-14.997517,-300.00003,0,0
36.230145,-14.997517,-300.00003,0,0
35.230145,-14.997517,-300.00003,0,0
34.230145,-14.997517,-300.00003,0,0
33.230145,-14.997517,-300.00003,0,0
32.230145,-14.997517,-300.00003,0,0
31.230145,-14.997517,-300.00003,0,0
30.230145,-14.997517,-300.00003,0,35.999996
29.230145,-14.997517,-300.00003,0.28495544,47.999996
28.230145,-14.997517,-300.00003,0.33228624,71.99999
27.230145,-14.997517,-300.00003,0.34853262,59.999996
26.230145,-14.997517,-300.00003,0.36396927,39.999996
25.230145,-14.997517,-300.00003,0.44327205,79.99999
24.230145,-14.997517,-300.00003,0.5037417,63.999996
23.230145,-14.997517,-300.00003,0.48064524,63.999996
22.230145,-14.997517,-300.00003,0.47483253,71.99999
21.230145,-14.997517,-300.00003,0.55932283,79.99999
20.230145,-14.997517,-300.00003,0.5777105,79.99999
19.230145,-14.997517,-300.00003,0.38738036,79.99999
18.230145,-14.997517,-300.00003,0.19379072,47.999996
17.230145,-14.997517,-300.00003,0.09429592,39.999996
16.230145,-14.997517,-300.00003,0.093849674,23.999996
15.2301445,-14.997517,-300.00003,0.22148179,99.99999
14.2301445,-14.997517,-300.00003,0.29558274,39.999996
13.2301445,-14.997517,-300.00003,0.3767378,47.999996
12.2301445,-14.997517,-300.00003,0.469793,47.999996
11.2301445,-14.997517,-300.00003,0.44322792,43.999996
10.2301445,-14.997517,-300.00003,0.3691095,75.99999
9.2301445,-14.997517,-300.00003,0.230051,19.999996
8.2301445,-14.997517,-300.00003,0.16311197,63.999996
7.2301445,-14.997517,-300.00003,0.28616348,63.999996
6.2301445,-14.997517,-300.00003,0.36580217,63.999996
5.2301445,-14.997517,-300.00003,0.36880144,31.999996
4.2301445,-14.997517,-300.00003,0.46610397,55.999996
3.2301445,-14.997517,-300.00003,0.4764477,39.999996
2.2301445,-14.997517,-300.00003,0.31418383,43.999996
1.2301445,-14.997517,-300.00003,0.1780003,43.999996
0.2301445,-14.997517,-300.00003,0.1329756,23.999996
-0.7698555,-14.997517,-300.00003,0.172169,55.999996
-1.7698555,-14.997517,-300.00003,0.24188347,59.999996
-2.7698555,-14.997517,-300.00003,0.38366842,63.999996
-3.7698555,-14.997517,-300.00003,0.53629065,71.99999
-4.7698555,-14.997517,-300.00003,0.5328998,63.999996
-5.7698555,-14.997517,-300.00003,0.39551222,95.99999
-6.7698555,-14.997517,-300.00003,0.26158813,43.999996
-7.7698555,-14.997517,-300.00003,0.29529583,71.99999
-8.7698555,-14.997517,-300.00003,0.44537258,99.99999
-9.7698555,-14.997517,-300.00003,0.5022992,107.99999
-10.7698555,-14.997517,-300.00003,0.45390683,107.99999
-11.7698555,-14.997517,-300.00003,0.43563294,91.99999
-12.7698555,-14.997517,-300.00003,0.46662512,91.99999
-13.7698555,-14.997517,-300.00003,0.39289445,67.99999
-14.7698555,-14.997517,-300.00003,0.21110922,99.99999
-15.7698555,-14.997517,-300.00003,0.080077656,35.999996
-16.769855,-14.997517,-300.00003,0.08500641,63.999996
-17.769855,-14.997517,-300.00003,0.12997106,87.99999
-18.769855,-14.997517,-300.00003,0.19444579,103.99999
-19.769855,-14.997517,-300.00003,0.2435357,83.99999
-20.769855,-14.997517,-300.00003,0.32644078,43.999996
-21.769855,-14.997517,-300.00003,0.35607222,63.999996
-22.769855,-14.997517,-300.00003,0.34199142,47.999996
-23.769855,-14.997517,-300.00003,0.3115511,71.99999
-24.769855,-14.997517,-300.00003,0.31813067,63.999996
-25.769855,-14.997517,-300.00003,0.43231222,71.99999
-26.769855,-14.997517,-300.00003,0.53545725,99.99999
-27.769855,-14.997517,-300.00003,0.5243584,63.999996
-28.769855,-14.997517,-300.00003,0.5218186,107.99999
-29.769855,-14.997517,-300.00003,0,51.999996
-30.769855,-14.997517,-300.00003,0,7.999998
-31.769855,-14.997517,-300.00003,0,0
-32.769855,-14.997517,-300.00003,0,0
-33.769855,-14.997517,-300.00003,0,0
-34.769855,-14.997517,-300.00003,0,0
-35.769855,-14.997517,-300.00003,0,0
-36.769855,-14.997517,-300.00003,0,0
-37.769855,-14.997517,-300.00003,0,0
-38.769855,-14.997517,-300.00003,0,0
-39.769855,-14.997517,-300.00003,0,0
-40.769855,-14.997517,-300.00003,0,0
-41.769855,-14.997517,-300.00003,0,0
-42.769855,-14.997517,-300.00003,0,0
-43.769855,-14.997517,-300.00003,0,0
-44.769855,-14.997517,-300.00003,0,0
-45.769855,-14.997517,-300.00003,0,0
-46.769855,-14.997517,-300.00003,0,0
-47.769855,-14.997517,-300.00003,0,0
-48.769855,-14.997517,-300.00003,0,0
-49.769855,-14.997517,-300.00003,0,0
49.230145,-15.997517,-300.00003,0,0
48.230145,-15.997517,-300.00003,0,0
47.230145,-15.997517,-300.00003,0,0
46.230145,-15.997517,-300.00003,0,0
45.230145,-15.997517,-300.00003,0,0
44.230145,-15.997517,-300.00003,0,0
43.230145,-15.997517,-300.00003,0,0
42.230145,-15.997517,-300.00003,0,0
41.230145,-15.997517,-300.00003,0,0
40.230145,-15.997517,-300.00003,0,0
39.230145,-15.997517,-300.00003,0,0
38.230145,-15.997517,-300.00003,0,0
37.230145,-15.997517,-300.00003,0,0
36.230145,-15.997517,-300.00003,0,0
35.230145,-15.997517,-300.00003,0,0
34.230145,-15.997517,-300.00003,0,0
33.230145,-15.997517,-300.00003,0,0
32.230145,-15.997517,-300.00003,0,0
31.230145,-15.997517,-300.00003,0,0
30.230145,-15.997517,-300.00003,0,7.999998
29.230145,-15.997517,-300.00003,0,39.999996
28.230145,-15.997517,-300.00003,0.26702026,51.999996
27.230145,-15.997517,-300.00003,0.28959024,87.99999
26.230145,-15.997517,-300.00003,0.22639522,31.999996
25.230145,-15.997517,-300.00003,0.30424058,71.99999
24.230145,-15.997517,-300.00003,0.44078988,63.999996
23.230145,-15.997517,-300.00003,0.431416,51.999996
22.230145,-15.997517,-300.00003,0.42100286,63.999996
21.230145,-15.997517,-300.00003,0.46817857,63.999996
20.230145,-15.997517,-300.00003,0.4612887,63.999996
19.230145,-15.997517,-300.00003,0.32984886,67.99999
18.230145,-15.997517,-300.00003,0.22059858,55.999996
17.230145,-15.997517,-300.00003,0.14735885,55.999996
16.230145,-15.997517,-300.00003,0.13620944,39.999996
15.2301445,-15.997517,-300.00003,0.22289532,75.99999
14.2301445,-15.997517,-300.00003,0.26584646,35.999996
13.2301445,-15.997517,-300.00003,0.25840855,43.999996
12.2301445,-15.997517,-300.00003,0.31603155,39.999996
11.2301445,-15.997517,-300.00003,0.38567215,39.999996
10.2301445,-15.997517,-300.00003,0.38922316,71.99999
9.2301445,-15.997517,-300.00003,0.30406547,79.99999
8.2301445,-15.997517,-300.00003,0.19934258,39.999996
7.2301445,-15.997517,-300.00003,0.2619077,67.99999
6.2301445,-15.997517,-300.00003,0.3378505,71.99999
5.2301445,-15.997517,-300.00003,0.35829708,55.999996
4.2301445,-15.997517,-300.00003,0.42297286,75.99999
3.2301445,-15.997517,-300.00003,0.3967814,43.999996
2.2301445,-15.997517,-300.00003,0.22540444,27.999996
1.2301445,-15.997517,-300.00003,0.14177588,55.999996
0.2301445,-15.997517,-300.00003,0.1821121,51.999996
-0.7698555,-15.997517,-300.00003,0.19156455,23.999996
-1.7698555,-15.997517,-300.00003,0.21739303,67.99999
-2.7698555,-15.997517,-300.00003,0.30400854,71.99999
-3.7698555,-15.997517,-300.00003,0.39125735,71.99999
-4.7698555,-15.997517,-300.00003,0.38958582,55.999996
-5.7698555,-15.997517,-300.00003,0.31994355,51.999996
-6.7698555,-15.997517,-300.00003,0.2620209,51.999996
-7.7698555,-15.997517,-300.00003,0.32253522,87.99999
-8.7698555,-15.997517,-300.00003,0.42181677,71.99999
-9.7698555,-15.997517,-300.00003,0.46651772,83.99999
-10.7698555,-15.997517,-300.00003,0.46725348,95.99999
-11.7698555,-15.997517,-300.00003,0.45240217,67.99999
-12.7698555,-15.997517,-300.00003,0.4248905,79.99999
-13.7698555,-15.997517,-300.00003,0.33884385,79.99999
-14.7698555,-15.997517,-300.00003,0.16870137,31.999996
-15.7698555,-15.997517,-300.00003,0.11488077,75.99999
-16.769855,-15.997517,-300.00003,0.17939083,91.99999
-17.769855,-15.997517,-300.00003,0.21258542,107.99999
-18.769855,-15.997517,-300.00003,0.21016534,47.999996
-19.769855,-15.997517,-300.00003,0.26199514,67.99999
-20.769855,-15.997517,-300.00003,0.34479836,43.999996
-21.769855,-15.997517,-300.00003,0.35474384,71.99999
-22.769855,-15.997517,-300.00003,0.35935086,67.99999
-23.769855,-15.997517,-300.00003,0.36982667,59.999996
-24.769855,-15.997517,-300.00003,0.37996876,47.999996
-25.769855,-15.997517,-300.00003,0.4633637,55.999996
-26.769855,-15.997517,-300.00003,0.5481151,75.99999
-27.769855,-15.997517,-300.00003,0.6024853,87.99999
-28.769855,-15.997517,-300.00003,0,99.99999
-29.769855,-15.997517,-300.00003,0,15.999996
-30.769855,-15.997517,-300.00003,0,0
-31.769855,-15.997517,-300.00003,0,0
-32.769855,-15.997517,-300.00003,0,0
-33.769855,-15.997517,-300.00003,0,0
-34.769855,-15.997517,-300.00003,0,0
-35.769855,-15.997517,-300.00003,0,0
-36.769855,-15.997517,-300.00003,0,0
-37.769855,-15.997517,-300.00003,0,0
-38.769855,-15.997517,-300.00003,0,0
-39.769855,-15.997517,-300.00003,0,0
-40.769855,-15.997517,-300.00003,0,0
-41.769855,-15.997517,-300.00003,0,0
-42.769855,-15.997517,-300.00003,0,0
-43.769855,-15.997517,-300.00003,0,0
-44.769855,-15.997517,-300.00003,0,0
-45.769855,-15.997517,-300.00003,0,0
-46.769855,-15.997517,-300.00003,0,0
-47.769855,-15.997517,-300.00003,0,0
-48.769855,-15.997517,-300.00003,0,0
-49.769855,-15.997517,-300.00003,0,0
49.230145,-16.997517,-300.00003,0,0
48.230145,-16.997517,-300.00003,0,0
47.230145,-16.997517,-300.00003,0,0
46.230145,-16.997517,-300.00003,0,0
45.230145,-16.997517,-300.00003,0,0
44.230145,-16.997517,-300.00003,0,0
43.230145,-16.997517,-300.00003,0,0
42.230145,-16.997517,-300.00003,0,0
41.230145,-16.997517,-300.00003,0,0
40.230145,-16.997517,-300.00003,0,0
39.230145,-16.997517,-300.00003,0,0
38.230145,-16.997517,-300.00003,0,0
37.230145,-16.997517,-300.00003,0,0
36.230145,-16.997517,-300.00003,0,0
35.230145,-16.997517,-300.00003,0,0
34.230145,-16.997517,-300.00003,0,0
33.230145,-16.997517,-300.00003,0,0
32.230145,-16.997517,-300.00003,0,0
31.230145,-16.997517,-300.00003,0,0
30.230145,-16.997517,-300.00003,0,0
29.230145,-16.997517,-300.00003,0,11.999997
28.230145,-16.997517,-300.00003,0,35.999996
27.230145,-16.997517,-300.00003,0.29810736,71.99999
26.230145,-16.997517,-300.00003,0.24675158,55.999996
25.230145,-16.997517,-300.00003,0.27718627,27.999996
24.230145,-16.997517,-300.00003,0.44903973,39.999996
23.230145,-16.997517,-300.00003,0.43345785,75.99999
22.230145,-16.997517,-300.00003,0.37588888,35.999996
21.230145,-16.997517,-300.00003,0.40350708,63.999996
20.230145,-16.997517,-300.00003,0.3657179,35.999996
19.230145,-16.997517,-300.00003,0.27412304,79.99999
18.230145,-16.997517,-300.00003,0.24437717,47.999996
17.230145,-16.997517,-300.00003,0.24147238,95.99999
16.230145,-16.997517,-300.00003,0.2112928,19.999996
15.2301445,-16.997517,-300.00003,0.26509646,27.999996
14.2301445,-16.997517,-300.00003,0.32218325,75.99999
13.2301445,-16.997517,-300.00003,0.24599224,31.999996
12.2301445,-16.997517,-300.00003,0.24998853,31.999996
11.2301445,-16.997517,-300.00003,0.3628052,35.999996
10.2301445,-16.997517,-300.00003,0.46318012,55.999996
9.2301445,-16.997517,-300.00003,0.43874782,59.999996
8.2301445,-16.997517,-300.00003,0.35396641,35.999996
7.2301445,-16.997517,-300.00003,0.3731593,91.99999
6.2301445,-16.997517,-300.00003,0.41040874,35.999996
5.2301445,-16.997517,-300.00003,0.39385092,55.999996
4.2301445,-16.997517,-300.00003,0.4073764,71.99999
3.2301445,-16.997517,-300.00003,0.37452197,71.99999
2.2301445,-16.997517,-300.00003,0.23674554,67.99999
1.2301445,-16.997517,-300.00003,0.17807904,31.999996
0.2301445,-16.997517,-300.00003,0.31267768,59.999996
-0.7698555,-16.997517,-300.00003,0.4009502,67.99999
-1.7698555,-16.997517,-300.00003,0.34969068,31.999996
-2.7698555,-16.997517,-300.00003,0.33739197,83.99999
-3.7698555,-16.997517,-300.00003,0.3213198,31.999996
-4.7698555,-16.997517,-300.00003,0.30981374,75.99999
-5.7698555,-16.997517,-300.00003,0.2652689,67.99999
-6.7698555,-16.997517,-300.00003,0.24892235,55.999996
-7.7698555,-16.997517,-300.00003,0.32483673,55.999996
-8.7698555,-16.997517,-300.00003,0.396023,87.99999
-9.7698555,-16.997517,-300.00003,0.42910367,111.99999
-10.7698555,-16.997517,-300.00003,0.49625015,115.99999
-11.7698555,-16.997517,-300.00003,0.46643567,79.99999
-12.7698555,-16.997517,-300.00003,0.39495298,79.99999
-13.7698555,-16.997517,-300.00003,0.3936328,99.99999
-14.7698555,-16.997517,-300.00003,0.29808873,91.99999
-15.7698555,-16.997517,-300.00003,0.2084786,43.999996
-16.769855,-16.997517,-300.00003,0.24247812,59.999996
-17.769855,-16.997517,-300.00003,0.30216804,75.99999
-18.769855,-16.997517,-300.00003,0.33370847,67.99999
-19.769855,-16.997517,-300.00003,0.36985365,107.99999
-20.769855,-16.997517,-300.00003,0.41153154,59.999996
-21.769855,-16.997517,-300.00003,0.35338,103.99999
-22.769855,-16.997517,-300.00003,0.25376257,39.999996
-23.769855,-16.997517,-300.00003,0.2880173,91.99999
-24.769855,-16.997517,-300.00003,0.413961,71.99999
-25.769855,-16.997517,-300.00003,0.5253968,79.99999
-26.769855,-16.997517,-300.00003,0.58267987,95.99999
-27.769855,-16.997517,-300.00003,Infinity,131.99998
-28.769855,-16.997517,-300.00003,0,51.999996
-29.769855,-16.997517,-300.00003,0,0
-30.769855,-16.997517,-300.00003,0,0
-31.769855,-16.997517,-300.00003,0,0
-32.769855,-16.997517,-300.00003,0,0
-33.769855,-16.997517,-300.00003,0,0
-34.769855,-16.997517,-300.00003,0,0
-35.769855,-16.997517,-300.00003,0,0
-36.769855,-16.997517,-300.00003,0,0
-37.769855,-16.997517,-300.00003,0,0
-38.769855,-16.997517,-300.00003,0,0
-39.769855,-16.997517,-300.00003,0,0
-40.769855,-16.997517,-300.00003,0,0
-41.769855,-16.997517,-300.00003,0,0
-42.769855,-16.997517,-300.00003,0,0
-43.769855,-16.997517,-300.00003,0,0
-44.769855,-16.997517,-300.00003,0,0
-45.769855,-16.997517,-300.00003,0,0
-46.769855,-16.997517,-300.00003,0,0
-47.769855,-16.997517,-300.00003,0,0
-48.769855,-16.997517,-300.00003,0,0
-49.769855,-16.997517,-300.00003,0,0
49.230145,-17.997517,-300.00003,0,0
48.230145,-17.997517,-300.00003,0,0
47.230145,-17.997517,-300.00003,0,0
46.230145,-17.997517,-300.00003,0,0
45.230145,-17.997517,-300.00003,0,0
44.230145,-17.997517,-300.00003,0,0
43.230145,-17.997517,-300.00003,0,0
42.230145,-17.997517,-300.00003,0,0
41.230145,-17.997517,-300.00003,0,0
40.230145,-17.997517,-300.00003,0,0
39.230145,-17.997517,-300.00003,0,0
38.230145,-17.997517,-300.00003,0,0
37.230145,-17.997517,-300.00003,0,0
36.230145,-17.997517,-300.00003,0,0
35.230145,-17.997517,-300.00003,0,0
34.230145,-17.997517,-300.00003,0,0
33.230145,-17.997517,-300.00003,0,0
32.230145,-17.997517,-300.00003,0,0
31.230145,-17.997517,-300.00003,0,0
30.230145,-17.997517,-300.00003,0,0
29.230145,-17.997517,-300.00003,0,0
28.230145,-17.997517,-300.00003,0,39.999996
27.230145,-17.997517,-300.00003,0,67.99999
26.230145,-17.997517,-300.00003,0.35537696,39.999996
25.230145,-17.997517,-300.00003,0.3799047,71.99999
24.230145,-17.997517,-300.00003,0.4660946,87.99999
23.230145,-17.997517,-300.00003,0.42639238,51.999996
22.230145,-17.997517,-300.00003,0.3880859,39.999996
21.230145,-17.997517,-300.00003,0.40700024,55.999996
20.230145,-17.997517,-300.00003,0.3829085,43.999996
19.230145,-17.997517,-300.00003,0.31432003,47.999996
18.230145,-17.997517,-300.00003,0.26461726,19.999996
17.230145,-17.997517,-300.00003,0.25204906,51.999996
16.230145,-17.997517,-300.00003,0.32816726,51.999996
15.2301445,-17.997517,-300.00003,0.41203672,43.999996
14.2301445,-17.997517,-300.00003,0.43798175,39.999996
13.2301445,-17.997517,-300.00003,0.35822806,35.999996
12.2301445,-17.997517,-300.00003,0.3385347,59.999996
11.2301445,-17.997517,-300.00003,0.38423803,55.999996
10.2301445,-17.997517,-300.00003,0.5007135,47.999996
9.2301445,-17.997517,-300.00003,0.56102836,71.99999
8.2301445,-17.997517,-300.00003,0.5251193,59.999996
7.2301445,-17.997517,-300.00003,0.54787683,71.99999
6.2301445,-17.997517,-300.00003,0.53624636,67.99999
5.2301445,-17.997517,-300.00003,0.44392425,55.999996
4.2301445,-17.997517,-300.00003,0.41207564,51.999996
3.2301445,-17.997517,-300.00003,0.3874649,59.999996
2.2301445,-17.997517,-300.00003,0.27421582,43.999996
1.2301445,-17.997517,-300.00003,0.2578683,43.999996
0.2301445,-17.997517,-300.00003,0.4378056,47.999996
-0.7698555,-17.997517,-300.00003,0.57374823,99.99999
-1.7698555,-17.997517,-300.00003,0.51731354,107.99999
-2.7698555,-17.997517,-300.00003,0.42996463,79.99999
-3.7698555,-17.997517,-300.00003,0.41523644,79.99999
-4.7698555,-17.997517,-300.00003,0.39296463,55.999996
-5.7698555,-17.997517,-300.00003,0.33388045,63.999996
-6.7698555,-17.997517,-300.00003,0.28009358,31.999996
-7.7698555,-17.997517,-300.00003,0.35835028,87.99999
-8.7698555,-17.997517,-300.00003,0.3806497,71.99999
-9.7698555,-17.997517,-300.00003,0.37992603,79.99999
-10.7698555,-17.997517,-300.00003,0.4470524,103.99999
-11.7698555,-17.997517,-300.00003,0.45436764,99.99999
-12.7698555,-17.997517,-300.00003,0.43511748,111.99999
-13.7698555,-17.997517,-300.00003,0.4656846,107.99999
-14.7698555,-17.997517,-300.00003,0.42188352,95.99999
-15.7698555,-17.997517,-300.00003,0.31408623,47.999996
-16.769855,-17.997517,-300.00003,0.3084129,67.99999
-17.769855,-17.997517,-300.00003,0.35533795,67.99999
-18.769855,-17.997517,-300.00003,0.39776582,91.99999
-19.769855,-17.997517,-300.00003,0.42164212,99.99999
-20.769855,-17.997517,-300.00003,0.42866552,87.99999
-21.769855,-17.997517,-300.00003,0.34233415,55.999996
-22.769855,-17.997517,-300.00003,0.1998359,39.999996
-23.769855,-17.997517,-300.00003,0.19570056,59.999996
-24.769855,-17.997517,-300.00003,0.38804156,55.999996
-25.769855,-17.997517,-300.00003,0.5673177,79.99999
-26.769855,-17.997517,-300.00003,0.6163477,103.99999
-27.769855,-17.997517,-300.00003,0,79.99999
-28.769855,-17.997517,-300.00003,0,3.999999
-29.769855,-17.997517,-300.00003,0,0
-30.769855,-17.997517,-300.00003,0,0
-31.769855,-17.997517,-300.00003,0,0
-32.769855,-17.997517,-300.00003,0,0
-33.769855,-17.997517,-300.00003,0,0
-34.769855,-17.997517,-300.00003,0,0
-35.769855,-17.997517,-300.00003,0,0
-36.769855,-17.997517,-300.00003,0,0
-37.769855,-17.997517,-300.00003,0,0
-38.769855,-17.997517,-300.00003,0,0
-39.769855,-17.997517,-300.00003,0,0
-40.769855,-17.997517,-300.00003,0,0
-41.769855,-17.997517,-300.00003,0,0
-42.769855,-17.997517,-300.00003,0,0
-43.769855,-17.997517,-300.00003,0,0
-44.769855,-17.997517,-300.00003,0,0
-45.769855,-17.997517,-300.00003,0,0
-46.769855,-17.997517,-300.00003,0,0
-47.769855,-17.997517,-300.00003,0,0
-48.769855,-17.997517,-300.00003,0,0
-49.769855,-17.997517,-300.00003,0,0
49.230145,-18.997517,-300.00003,0,0
48.230145,-18.997517,-300.00003,0,0
47.230145,-18.997517,-300.00003,0,0
46.230145,-18.997517,-300.00003,0,0
45.230145,-18.997517,-300.00003,0,0
44.230145,-18.997517,-300.00003,0,0
43.230145,-18.997517,-300.00003,0,0
42.230145,-18.997517,-300.00003,0,0
41.230145,-18.997517,-300.00003,0,0
40.230145,-18.997517,-300.00003,0,0
39.230145,-18.997517,-300.00003,0,0
38.230145,-18.997517,-300.00003,0,0
37.230145,-18.997517,-300.00003,0,0
36.230145,-18.997517,-300.00003,0,0
35.230145,-18.997517,-300.00003,0,0
34.230145,-18.997517,-300.00003,0,0
33.230145,-18.997517,-300.00003,0,0
32.230145,-18.997517,-300.00003,0,0
31.230145,-18.997517,-300.00003,0,0
30.230145,-18.997517,-300.00003,0,0
29.230145,-18.997517,-300.00003,0,0
28.230145,-18.997517,-300.00003,0,0
27.230145,-18.997517,-300.00003,0,31.999996
26.230145,-18.997517,-300.00003,0,79.99999
25.230145,-18.997517,-300.00003,0.42738247,47.999996
24.230145,-18.997517,-300.00003,0.47524425,63.999996
23.230145,-18.997517,-300.00003,0.4934634,75.99999
22.230145,-18.997517,-300.00003,0.51017076,75.99999
21.230145,-18.997517,-300.00003,0.4669421,59.999996
20.230145,-18.997517,-300.00003,0.4205776,35.999996
19.230145,-18.997517,-300.00003,0.4141988,99.99999
18.230145,-18.997517,-300.00003,0.3561182,39.999996
17.230145,-18.997517,-300.00003,0.32363576,67.99999
16.230145,-18.997517,-300.00003,0.41730887,47.999996
15.2301445,-18.997517,-300.00003,0.50561327,67.99999
14.2301445,-18.997517,-300.00003,0.4593576,59.999996
13.2301445,-18.997517,-300.00003,0.43305236,87.99999
12.2301445,-18.997517,-300.00003,0.44591966,47.999996
11.2301445,-18.997517,-300.00003,0.46540612,59.999996
10.2301445,-18.997517,-300.00003,0.48322445,63.999996
9.2301445,-18.997517,-300.00003,0.50541246,47.999996
8.2301445,-18.997517,-300.00003,0.56220114,51.999996
7.2301445,-18.997517,-300.00003,0.6442364,31.999996
6.2301445,-18.997517,-300.00003,0.63598144,51.999996
5.2301445,-18.997517,-300.00003,0.527162,47.999996
4.2301445,-18.997517,-300.00003,0.44696778,55.999996
3.2301445,-18.997517,-300.00003,0.358514,55.999996
2.2301445,-18.997517,-300.00003,0.28773224,23.999996
1.2301445,-18.997517,-300.00003,0.35493717,35.999996
0.2301445,-18.997517,-300.00003,0.4805103,59.999996
-0.7698555,-18.997517,-300.00003,0.5396486,79.99999
-1.7698555,-18.997517,-300.00003,0.5066483,87.99999
-2.7698555,-18.997517,-300.00003,0.46572235,91.99999
-3.7698555,-18.997517,-300.00003,0.45240623,63.999996
-4.7698555,-18.997517,-300.00003,0.48225418,63.999996
-5.7698555,-18.997517,-300.00003,0.4489926,79.99999
-6.7698555,-18.997517,-300.00003,0.37851533,87.99999
-7.7698555,-18.997517,-300.00003,0.3538463,75.99999
-8.7698555,-18.997517,-300.00003,0.36627334,67.99999
-9.7698555,-18.997517,-300.00003,0.3559391,51.999996
-10.7698555,-18.997517,-300.00003,0.38896018,75.99999
-11.7698555,-18.997517,-300.00003,0.433076,59.999996
-12.7698555,-18.997517,-300.00003,0.46406165,103.99999
-13.7698555,-18.997517,-300.00003,0.50002086,91.99999
-14.7698555,-18.997517,-300.00003,0.46582305,91.99999
-15.7698555,-18.997517,-300.00003,0.40665868,55.999996
-16.769855,-18.997517,-300.00003,0.355777,87.99999
-17.769855,-18.997517,-300.00003,0.34602147,103.99999
-18.769855,-18.997517,-300.00003,0.34767616,55.999996
-19.769855,-18.997517,-300.00003,0.3792327,79.99999
-20.769855,-18.997517,-300.00003,0.40091842,55.999996
-21.769855,-18.997517,-300.00003,0.3736693,75.99999
-22.769855,-18.997517,-300.00003,0.28682598,63.999996
-23.769855,-18.997517,-300.00003,0.26007056,43.999996
-24.769855,-18.997517,-300.00003,0.38462645,35.999996
-25.769855,-18.997517,-300.00003,Infinity,83.99999
-26.769855,-18.997517,-300.00003,0,71.99999
-27.769855,-18.997517,-300.00003,0,7.999998
-28.769855,-18.997517,-300.00003,0,0
-29.769855,-18.997517,-300.00003,0,0
-30.769855,-18.997517,-300.00003,0,0
-31.769855,-18.997517,-300.00003,0,0
-32.769855,-18.997517,-300.00003,0,0
-33.769855,-18.997517,-300.00003,0,0
-34.769855,-18.997517,-300.00003,0,0
-35.769855,-18.997517,-300.00003,0,0
-36.769855,-18.997517,-300.00003,0,0
-37.769855,-18.997517,-300.00003,0,0
-38.769855,-18.997517,-300.00003,0,0
-39.769855,-18.997517,-300.00003,0,0
-40.769855,-18.997517,-300.00003,0,0
-41.769855,-18.997517,-300.00003,0,0
-42.769855,-18.997517,-300.00003,0,0
-43.769855,-18.997517,-300.00003,0,0
-44.769855,-18.997517,-300.00003,0,0
-45.769855,-18.997517,-300.00003,0,0
-46.769855,-18.997517,-300.00003,0,0
-47.769855,-18.997517,-300.00003,0,0
-48.769855,-18.997517,-300.00003,0,0
-49.769855,-18.997517,-300.00003,0,0
49.230145,-19.997517,-300.00003,0,0
48.230145,-19.997517,-300.00003,0,0
47.230145,-19.997517,-300.00003,0,0
46.230145,-19.997517,-300.00003,0,0
45.230145,-19.997517,-300.00003,0,0
44.230145,-19.997517,-300.00003,0,0
43.230145,-19.997517,-300.00003,0,0
42.230145,-19.997517,-300.00003,0,0
41.230145,-19.997517,-300.00003,0,0
40.230145,-19.997517,-300.00003,0,0
39.230145,-19.997517,-300.00003,0,0
38.230145,-19.997517,-300.00003,0,0
37.230145,-19.997517,-300.00003,0,0
36.230145,-19.997517,-300.00003,0,0
35.230145,-19.997517,-300.00003,0,0
34.230145,-19.997517,-300.00003,0,0
33.230145,-19.997517,-300.00003,0,0
32.230145,-19.997517,-300.00003,0,0
31.230145,-19.997517,-300.00003,0,0
30.230145,-19.997517,-300.00003,0,0
29.230145,-19.997517,-300.00003,0,0
28.230145,-19.997517,-300.00003,0,0
27.230145,-19.997517,-300.00003,0,0
26.230145,-19.997517,-300.00003,0,43.999996
25.230145,-19.997517,-300.00003,Infinity,71.99999
24.230145,-19.997517,-300.00003,0.47175866,99.99999
23.230145,-19.997517,-300.00003,0.48815486,71.99999
22.230145,-19.997517,-300.00003,0.53058225,83.99999
21.230145,-19.997517,-300.00003,0.4929307,87.99999
20.230145,-19.997517,-300.00003,0.42456037,59.999996
19.230145,-19.997517,-300.00003,0.4376367,79.99999
18.230145,-19.997517,-300.00003,0.46147838,55.999996
17.230145,-19.997517,-300.00003,0.47284672,63.999996
16.230145,-19.997517,-300.00003,0.52548313,35.999996
15.2301445,-19.997517,-300.00003,0.5495378,43.999996
14.2301445,-19.997517,-300.00003,0.5133097,59.999996
13.2301445,-19.997517,-300.00003,0.50838554,47.999996
12.2301445,-19.997517,-300.00003,0.5572961,79.99999
11.2301445,-19.997517,-300.00003,0.51082397,43.999996
10.2301445,-19.997517,-300.00003,0.4837169,43.999996
9.2301445,-19.997517,-300.00003,0.5161269,51.999996
8.2301445,-19.997517,-300.00003,0.583421,63.999996
7.2301445,-19.997517,-300.00003,0.6387663,75.99999
6.2301445,-19.997517,-300.00003,0.62599534,31.999996
5.2301445,-19.997517,-300.00003,0.56485176,79.99999
4.2301445,-19.997517,-300.00003,0.46423182,59.999996
3.2301445,-19.997517,-300.00003,0.3522687,43.999996
2.2301445,-19.997517,-300.00003,0.36654776,67.99999
1.2301445,-19.997517,-300.00003,0.44796234,51.999996
0.2301445,-19.997517,-300.00003,0.43608168,31.999996
-0.7698555,-19.997517,-300.00003,0.40632433,43.999996
-1.7698555,-19.997517,-300.00003,0.41493136,87.99999
-2.7698555,-19.997517,-300.00003,0.42563432,63.999996
-3.7698555,-19.997517,-300.00003,0.47822833,99.99999
-4.7698555,-19.997517,-300.00003,0.50256366,59.999996
-5.7698555,-19.997517,-300.00003,0.48122472,79.99999
-6.7698555,-19.997517,-300.00003,0.42484444,107.99999
-7.7698555,-19.997517,-300.00003,0.36719948,67.99999
-8.7698555,-19.997517,-300.00003,0.37188882,59.999996
-9.7698555,-19.997517,-300.00003,0.38127857,67.99999
-10.7698555,-19.997517,-300.00003,0.4102034,99.99999
-11.7698555,-19.997517,-300.00003,0.4798132,103.99999
-12.7698555,-19.997517,-300.00003,0.49640048,71.99999
-13.7698555,-19.997517,-300.00003,0.5179286,91.99999
-14.7698555,-19.997517,-300.00003,0.5532794,91.99999
-15.7698555,-19.997517,-300.00003,0.49799463,63.999996
-16.769855,-19.997517,-300.00003,0.3837567,59.999996
-17.769855,-19.997517,-300.00003,0.30602634,51.999996
-18.769855,-19.997517,-300.00003,0.3196137,67.99999
-19.769855,-19.997517,-300.00003,0.35725263,59.999996
-20.769855,-19.997517,-300.00003,0.4119908,47.999996
-21.769855,-19.997517,-300.00003,0.44112983,71.99999
-22.769855,-19.997517,-300.00003,0.40116918,55.999996
-23.769855,-19.997517,-300.00003,0.42751598,67.99999
-24.769855,-19.997517,-300.00003,Infinity,75.99999
-25.769855,-19.997517,-300.00003,0,35.999996
-26.769855,-19.997517,-300.00003,0,3.999999
-27.769855,-19.997517,-300.00003,0,0
-28.769855,-19.997517,-300.00003,0,0
-29.769855,-19.997517,-300.00003,0,0
-30.769855,-19.997517,-300.00003,0,0
-31.769855,-19.997517,-300.00003,0,0
-32.769855,-19.997517,-300.00003,0,0
-33.769855,-19.997517,-300.00003,0,0
-34.769855,-19.997517,-300.00003,0,0
-35.769855,-19.997517,-300.00003,0,0
-36.769855,-19.997517,-300.00003,0,0
-37.769855,-19.997517,-300.00003,0,0
-38.769855,-19.997517,-300.00003,0,0
-39.769855,-19.997517,-300.00003,0,0
-40.769855,-19.997517,-300.00003,0,0
-41.769855,-19.997517,-300.00003,0,0
-42.769855,-19.997517,-300.00003,0,0
-43.769855,-19.997517,-300.00003,0,0
-44.769855,-19.997517,-300.00003,0,0
-45.769855,-19.997517,-300.00003,0,0
-46.769855,-19.997517,-300.00003,0,0
-47.769855,-19.997517,-300.00003,0,0
-48.769855,-19.997517,-300.00003,0,0
-49.769855,-19.997517,-300.00003,0,0
49.230145,-20.997517,-300.00003,0,0
48.230145,-20.997517,-300.00003,0,0
47.230145,-20.997517,-300.00003,0,0
46.230145,-20.997517,-300.00003,0,0
45.230145,-20.997517,-300.00003,0,0
44.230145,-20.997517,-300.00003,0,0
43.230145,-20.997517,-300.00003,0,0
42.230145,-20.997517,-300.00003,0,0
41.230145,-20.997517,-300.00003,0,0
40.230145,-20.997517,-300.00003,0,0
39.230145,-20.997517,-300.00003,0,0
38.230145,-20.997517,-300.00003,0,0
37.230145,-20.997517,-300.00003,0,0
36.230145,-20.997517,-300.00003,0,0
35.230145,-20.997517,-300.00003,0,0
34.230145,-20.997517,-300.00003,0,0
33.230145,-20.997517,-300.00003,0,0
32.230145,-20.997517,-300.00003,0,0
31.230145,-20.997517,-300.00003,0,0
30.230145,-20.997517,-300.00003,0,0
29.230145,-20.997517,-300.00003,0,0
28.230145,-20.997517,-300.00003,0,0
27.230145,-20.997517,-300.00003,0,0
26.230145,-20.997517,-300.00003,0,3.999999
25.230145,-20.997517,-300.00003,0,95.99999
24.230145,-20.997517,-300.00003,Infinity,51.999996
23.230145,-20.997517,-300.00003,0.42987242,63.999996
22.230145,-20.997517,-300.00003,0.45254397,51.999996
21.230145,-20.997517,-300.00003,0.43572703,59.999996
20.230145,-20.997517,-300.00003,0.3911112,71.99999
19.230145,-20.997517,-300.00003,0.40551025,59.999996
18.230145,-20.997517,-300.00003,0.47088745,79.99999
17.230145,-20.997517,-300.00003,0.5184181,79.99999
16.230145,-20.997517,-300.00003,0.5558038,95.99999
15.2301445,-20.997517,-300.00003,0.5373479,43.999996
14.2301445,-20.997517,-300.00003,0.55707437,59.999996
13.2301445,-20.997517,-300.00003,0.624909,67.99999
12.2301445,-20.997517,-300.00003,0.6197746,55.999996
11.2301445,-20.997517,-300.00003,0.5659631,75.99999
10.2301445,-20.997517,-300.00003,0.56235874,59.999996
9.2301445,-20.997517,-300.00003,0.595914,95.99999
8.2301445,-20.997517,-300.00003,0.540728,67.99999
7.2301445,-20.997517,-300.00003,0.4683542,55.999996
6.2301445,-20.997517,-300.00003,0.4495752,47.999996
5.2301445,-20.997517,-300.00003,0.46820152,87.99999
4.2301445,-20.997517,-300.00003,0.43329567,71.99999
3.2301445,-20.997517,-300.00003,0.36688823,39.999996
2.2301445,-20.997517,-300.00003,0.42948407,75.99999
1.2301445,-20.997517,-300.00003,0.53090686,107.99999
0.2301445,-20.997517,-300.00003,0.5226364,59.999996
-0.7698555,-20.997517,-300.00003,0.44286963,59.999996
-1.7698555,-20.997517,-300.00003,0.3871486,23.999996
-2.7698555,-20.997517,-300.00003,0.4511543,75.99999
-3.7698555,-20.997517,-300.00003,0.520195,87.99999
-4.7698555,-20.997517,-300.00003,0.47353843,115.99999
-5.7698555,-20.997517,-300.00003,0.38798517,63.999996
-6.7698555,-20.997517,-300.00003,0.3866755,59.999996
-7.7698555,-20.997517,-300.00003,0.38841102,99.99999
-8.7698555,-20.997517,-300.00003,0.3657989,83.99999
-9.7698555,-20.997517,-300.00003,0.372627,83.99999
-10.7698555,-20.997517,-300.00003,0.44567728,67.99999
-11.7698555,-20.997517,-300.00003,0.5235591,79.99999
-12.7698555,-20.997517,-300.00003,0.5164017,99.99999
-13.7698555,-20.997517,-300.00003,0.50365794,59.999996
-14.7698555,-20.997517,-300.00003,0.54466856,107.99999
-15.7698555,-20.997517,-300.00003,0.5113343,99.99999
-16.769855,-20.997517,-300.00003,0.3959011,71.99999
-17.769855,-20.997517,-300.00003,0.33300108,51.999996
-18.769855,-20.997517,-300.00003,0.35287595,87.99999
-19.769855,-20.997517,-300.00003,0.38778704,83.99999
-20.769855,-20.997517,-300.00003,0.42349583,79.99999
-21.769855,-20.997517,-300.00003,0.40993065,59.999996
-22.769855,-20.997517,-300.00003,0.41911152,31.999996
-23.769855,-20.997517,-300.00003,0.5187844,63.999996
-24.769855,-20.997517,-300.00003,0,55.999996
-25.769855,-20.997517,-300.00003,0,3.999999
-26.769855,-20.997517,-300.00003,0,0
-27.769855,-20.997517,-300.00003,0,0
-28.769855,-20.997517,-300.00003,0,0
-29.769855,-20.997517,-300.00003,0,0
-30.769855,-20.997517,-300.00003,0,0
-31.769855,-20.997517,-300.00003,0,0
-32.769855,-20.997517,-300.00003,0,0
-33.769855,-20.997517,-300.00003,0,0
-34.769855,-20.997517,-300.00003,0,0
-35.769855,-20.997517,-300.00003,0,0
-36.769855,-20.997517,-300.00003,0,0
-37.769855,-20.997517,-300.00003,0,0
-38.769855,-20.997517,-300.00003,0,0
-39.769855,-20.997517,-300.00003,0,0
-40.769855,-20.997517,-300.00003,0,0
-41.769855,-20.997517,-300.00003,0,0
-42.769855,-20.997517,-300.00003,0,0
-43.769855,-20.997517,-300.00003,0,0
-44.769855,-20.997517,-300.00003,0,0
-45.769855,-20.997517,-300.00003,0,0
-46.769855,-20.997517,-300.00003,0,0
-47.769855,-20.997517,-300.00003,0,0
-48.769855,-20.997517,-300.00003,0,0
-49.769855,-20.997517,-300.00003,0,0
49.230145,-21.997517,-300.00003,0,0
48.230145,-21.997517,-300.00003,0,0
47.230145,-21.997517,-300.00003,0,0
46.230145,-21.997517,-300.00003,0,0
45.230145,-21.997517,-300.00003,0,0
44.230145,-21.997517,-300.00003,0,0
43.230145,-21.997517,-300.00003,0,0
42.230145,-21.997517,-300.00003,0,0
41.230145,-21.997517,-300.00003,0,0
40.230145,-21.997517,-300.00003,0,0
39.230145,-21.997517,-300.00003,0,0
38.230145,-21.997517,-300.00003,0,0
37.230145,-21.997517,-300.00003,0,0
36.230145,-21.997517,-300.00003,0,0
35.230145,-21.997517,-300.00003,0,0
34.230145,-21.997517,-300.00003,0,0
33.230145,-21.997517,-300.00003,0,0
32.230145,-21.997517,-300.00003,0,0
31.230145,-21.997517,-300.00003,0,0
30.230145,-21.997517,-300.00003,0,0
29.230145,-21.997517,-300.00003,0,0
28.230145,-21.997517,-300.00003,0,0
27.230145,-21.997517,-300.00003,0,0
26.230145,-21.997517,-300.00003,0,0
25.230145,-21.997517,-300.00003,0,3.999999
24.230145,-21.997517,-300.00003,0,59.999996
23.230145,-21.997517,-300.00003,Infinity,75.99999
22.230145,-21.997517,-300.00003,0.50314826,87.99999
21.230145,-21.997517,-300.00003,0.4472591,51.999996
20.230145,-21.997517,-300.00003,0.41622,87.99999
19.230145,-21.997517,-300.00003,0.41338888,67.99999
18.230145,-21.997517,-300.00003,0.40261954,67.99999
17.230145,-21.997517,-300.00003,0.40477458,79.99999
16.230145,-21.997517,-300.00003,0.37191272,75.99999
15.2301445,-21.997517,-300.00003,0.3660916,35.999996
14.2301445,-21.997517,-300.00003,0.49659288,59.999996
13.2301445,-21.997517,-300.00003,0.59437567,95.99999
12.2301445,-21.997517,-300.00003,0.5665836,35.999996
11.2301445,-21.997517,-300.00003,0.5809938,91.99999
10.2301445,-21.997517,-300.00003,0.63403505,79.99999
9.2301445,-21.997517,-300.00003,0.5238395,83.99999
8.2301445,-21.997517,-300.00003,0.35842294,55.999996
7.2301445,-21.997517,-300.00003,0.24259526,47.999996
6.2301445,-21.997517,-300.00003,0.24823228,35.999996
5.2301445,-21.997517,-300.00003,0.31895795,55.999996
4.2301445,-21.997517,-300.00003,0.34535432,59.999996
3.2301445,-21.997517,-300.00003,0.26800418,47.999996
2.2301445,-21.997517,-300.00003,0.34444013,51.999996
1.2301445,-21.997517,-300.00003,0.57002735,47.999996
0.2301445,-21.997517,-300.00003,0.6963058,55.999996
-0.7698555,-21.997517,-300.00003,0.65590954,79.99999
-1.7698555,-21.997517,-300.00003,0.5830722,67.99999
-2.7698555,-21.997517,-300.00003,0.5586291,91.99999
-3.7698555,-21.997517,-300.00003,0.5219442,95.99999
-4.7698555,-21.997517,-300.00003,0.3829792,51.999996
-5.7698555,-21.997517,-300.00003,0.28496516,39.999996
-6.7698555,-21.997517,-300.00003,0.3213753,75.99999
-7.7698555,-21.997517,-300.00003,0.30518377,91.99999
-8.7698555,-21.997517,-300.00003,0.24644288,79.99999
-9.7698555,-21.997517,-300.00003,0.29576913,47.999996
-10.7698555,-21.997517,-300.00003,0.4640361,135.99998
-11.7698555,-21.997517,-300.00003,0.55703574,71.99999
-12.7698555,-21.997517,-300.00003,0.49042568,79.99999
-13.7698555,-21.997517,-300.00003,0.46120292,79.99999
-14.7698555,-21.997517,-300.00003,0.47759113,67.99999
-15.7698555,-21.997517,-300.00003,0.42230135,43.999996
-16.769855,-21.997517,-300.00003,0.39747483,55.999996
-17.769855,-21.997517,-300.00003,0.41831046,71.99999
-18.769855,-21.997517,-300.00003,0.42035955,91.99999
-19.769855,-21.997517,-300.00003,0.4504619,91.99999
-20.769855,-21.997517,-300.00003,0.46014774,95.99999
-21.769855,-21.997517,-300.00003,0.42343825,39.999996
-22.769855,-21.997517,-300.00003,0,47.999996
-23.769855,-21.997517,-300.00003,0,63.999996
-24.769855,-21.997517,-300.00003,0,3.999999
-25.769855,-21.997517,-300.00003,0,0
-26.769855,-21.997517,-300.00003,0,0
-27.769855,-21.997517,-300.00003,0,0
-28.769855,-21.997517,-300.00003,0,0
-29.769855,-21.997517,-300.00003,0,0
-30.769855,-21.997517,-300.00003,0,0
-31.769855,-21.997517,-300.00003,0,0
-32.769855,-21.997517,-300.00003,0,0
-33.769855,-21.997517,-300.00003,0,0
-34.769855,-21.997517,-300.00003,0,0
-35.769855,-21.997517,-300.00003,0,0
-36.769855,-21.997517,-300.00003,0,0
-37.769855,-21.997517,-300.00003,0,0
-38.769855,-21.997517,-300.00003,0,0
-39.769855,-21.997517,-300.00003,0,0
-40.769855,-21.997517,-300.00003,0,0
-41.769855,-21.997517,-300.00003,0,0
-42.769855,-21.997517,-300.00003,0,0
-43.769855,-21.997517,-300.00003,0,0
-44.769855,-21.997517,-300.00003,0,0
-45.769855,-21.997517,-300.00003,0,0
-46.769855,-21.997517,-300.00003,0,0
-47.769855,-21.997517,-300.00003,0,0
-48.769855,-21.997517,-300.00003,0,0
-49.769855,-21.997517,-300.00003,0,0
49.230145,-22.997517,-300.00003,0,0
48.230145,-22.997517,-300.00003,0,0
47.230145,-22.997517,-300.00003,0,0
46.230145,-22.997517,-300.00003,0,0
45.230145,-22.997517,-300.00003,0,0
44.230145,-22.997517,-300.00003,0,0
43.230145,-22.997517,-300.00003,0,0
42.230145,-22.997517,-300.00003,0,0
41.230145,-22.997517,-300.00003,0,0
40.230145,-22.997517,-300.00003,0,0
39.230145,-22.997517,-300.00003,0,0
38.230145,-22.997517,-300.00003,0,0
37.230145,-22.997517,-300.00003,0,0
36.230145,-22.997517,-300.00003,0,0
35.230145,-22.997517,-300.00003,0,0
34.230145,-22.997517,-300.00003,0,0
33.230145,-22.997517,-300.00003,0,0
32.230145,-22.997517,-300.00003,0,0
31.230145,-22.997517,-300.00003,0,0
30.230145,-22.997517,-300.00003,0,0
29.230145,-22.997517,-300.00003,0,0
28.230145,-22.997517,-300.00003,0,0
27.230145,-22.997517,-300.00003,0,0
26.230145,-22.997517,-300.00003,0,0
25.230145,-22.997517,-300.00003,0,0
24.230145,-22.997517,-300.00003,0,3.999999
23.230145,-22.997517,-300.00003,0,51.999996
22.230145,-22.997517,-300.00003,0,55.999996
21.230145,-22.997517,-300.00003,0.5421684,107.99999
20.230145,-22.997517,-300.00003,0.5202947,63.999996
19.230145,-22.997517,-300.00003,0.4856538,71.99999
18.230145,-22.997517,-300.00003,0.37326854,67.99999
17.230145,-22.997517,-300.00003,0.2518834,83.99999
16.230145,-22.997517,-300.00003,0.16886528,59.999996
15.2301445,-22.997517,-300.00003,0.23827821,67.99999
14.2301445,-22.997517,-300.00003,0.39817291,59.999996
13.2301445,-22.997517,-300.00003,0.46384513,63.999996
12.2301445,-22.997517,-300.00003,0.48314542,43.999996
11.2301445,-22.997517,-300.00003,0.6040457,67.99999
10.2301445,-22.997517,-300.00003,0.6338394,99.99999
9.2301445,-22.997517,-300.00003,0.45337814,67.99999
8.2301445,-22.997517,-300.00003,0.2841109,35.999996
7.2301445,-22.997517,-300.00003,0.23045215,43.999996
6.2301445,-22.997517,-300.00003,0.25436288,39.999996
5.2301445,-22.997517,-300.00003,0.2833913,59.999996
4.2301445,-22.997517,-300.00003,0.2695214,27.999996
3.2301445,-22.997517,-300.00003,0.23007461,47.999996
2.2301445,-22.997517,-300.00003,0.30791834,11.999997
1.2301445,-22.997517,-300.00003,0.5633888,47.999996
0.2301445,-22.997517,-300.00003,0.72493124,83.99999
-0.7698555,-22.997517,-300.00003,0.7591655,75.99999
-1.7698555,-22.997517,-300.00003,0.7623278,71.99999
-2.7698555,-22.997517,-300.00003,0.67728823,59.999996
-3.7698555,-22.997517,-300.00003,0.54742914,91.99999
-4.7698555,-22.997517,-300.00003,0.38060996,67.99999
-5.7698555,-22.997517,-300.00003,0.28170395,59.999996
-6.7698555,-22.997517,-300.00003,0.28184584,55.999996
-7.7698555,-22.997517,-300.00003,0.22118945,67.99999
-8.7698555,-22.997517,-300.00003,0.1476331,39.999996
-9.7698555,-22.997517,-300.00003,0.2727034,83.99999
-10.7698555,-22.997517,-300.00003,0.49307126,103.99999
-11.7698555,-22.997517,-300.00003,0.5520282,123.99999
-12.7698555,-22.997517,-300.00003,0.4572419,91.99999
-13.7698555,-22.997517,-300.00003,0.4446438,107.99999
-14.7698555,-22.997517,-300.00003,0.4429863,103.99999
-15.7698555,-22.997517,-300.00003,0.4051234,71.99999
-16.769855,-22.997517,-300.00003,0.42082268,119.99999
-17.769855,-22.997517,-300.00003,0.4397436,91.99999
-18.769855,-22.997517,-300.00003,0.46170217,87.99999
-19.769855,-22.997517,-300.00003,0.48312694,79.99999
-20.769855,-22.997517,-300.00003,Infinity,43.999996
-21.769855,-22.997517,-300.00003,0,63.999996
-22.769855,-22.997517,-300.00003,0,31.999996
-23.769855,-22.997517,-300.00003,0,0
-24.769855,-22.997517,-300.00003,0,0
-25.769855,-22.997517,-300.00003,0,0
-26.769855,-22.997517,-300.00003,0,0
-27.769855,-22.997517,-300.00003,0,0
-28.769855,-22.997517,-300.00003,0,0
-29.769855,-22.997517,-300.00003,0,0
-30.769855,-22.997517,-300.00003,0,0
-31.769855,-22.997517,-300.00003,0,0
-32.769855,-22.997517,-300.00003,0,0
-33.769855,-22.997517,-300.00003,0,0
-34.769855,-22.997517,-300.00003,0,0
-35.769855,-22.997517,-300.00003,0,0
-36.769855,-22.997517,-300.00003,0,0
-37.769855,-22.997517,-300.00003,0,0
-38.769855,-22.997517,-300.00003,0,0
-39.769855,-22.997517,-300.00003,0,0
-40.769855,-22.997517,-300.00003,0,0
-41.769855,-22.997517,-300.00003,0,0
-42.769855,-22.997517,-300.00003,0,0
-43.769855,-22.997517,-300.00003,0,0
-44.769855,-22.997517,-300.00003,0,0
-45.769855,-22.997517,-300.00003,0,0
-46.769855,-22.997517,-300.00003,0,0
-47.769855,-22.997517,-300.00003,0,0
-48.769855,-22.997517,-300.00003,0,0
-49.769855,-22.997517,-300.00003,0,0
49.230145,-23.997517,-300.00003,0,0
48.230145,-23.997517,-300.00003,0,0
47.230145,-23.997517,-300.00003,0,0
46.230145,-23.997517,-300.00003,0,0
45.230145,-23.997517,-300.00003,0,0
44.230145,-23.997517,-300.00003,0,0
43.230145,-23.997517,-300.00003,0,0
42.230145,-23.997517,-300.00003,0,0
41.230145,-23.997517,-300.00003,0,0
40.230145,-23.997517,-300.00003,0,0
39.230145,-23.997517,-300.00003,0,0
38.230145,-23.997517,-300.00003,0,0
37.230145,-23.997517,-300.00003,0,0
36.230145,-23.997517,-300.00003,0,0
35.230145,-23.997517,-300.00003,0,0
34.230145,-23.997517,-300.00003,0,0
33.230145,-23.997517,-300.00003,0,0
32.230145,-23.997517,-300.00003,0,0
31.230145,-23.997517,-300.00003,0,0
30.230145,-23.997517,-300.00003,0,0
29.230145,-23.997517,-300.00003,0,0
28.230145,-23.997517,-300.00003,0,0
27.230145,-23.997517,-300.00003,0,0
26.230145,-23.997517,-300.00003,0,0
25.230145,-23.997517,-300.00003,0,0
24.230145,-23.997517,-300.00003,0,0
23.230145,-23.997517,-300.00003,0,0
22.230145,-23.997517,-300.00003,0,27.999996
21.230145,-23.997517,-300.00003,0,47.999996
20.230145,-23.997517,-300.00003,0.7130837,75.99999
19.230145,-23.997517,-300.00003,0.63634604,67.99999
18.230145,-23.997517,-300.00003,0.4393214,79.99999
17.230145,-23.997517,-300.00003,0.30135202,47.999996
16.230145,-23.997517,-300.00003,0.20926249,47.999996
15.2301445,-23.997517,-300.00003,0.24724112,43.999996
14.2301445,-23.997517,-300.00003,0.35975835,71.99999
13.2301445,-23.997517,-300.00003,0.34942925,31.999996
12.2301445,-23.997517,-300.00003,0.44014043,79.99999
11.2301445,-23.997517,-300.00003,0.59400284,95.99999
10.2301445,-23.997517,-300.00003,0.5807791,67.99999
9.2301445,-23.997517,-300.00003,0.47308677,87.99999
8.2301445,-23.997517,-300.00003,0.38498232,51.999996
7.2301445,-23.997517,-300.00003,0.36274713,63.999996
6.2301445,-23.997517,-300.00003,0.34459373,51.999996
5.2301445,-23.997517,-300.00003,0.34173286,47.999996
4.2301445,-23.997517,-300.00003,0.3543738,59.999996
3.2301445,-23.997517,-300.00003,0.3526,47.999996
2.2301445,-23.997517,-300.00003,0.43095642,63.999996
1.2301445,-23.997517,-300.00003,0.5725875,51.999996
0.2301445,-23.997517,-300.00003,0.6672379,59.999996
-0.7698555,-23.997517,-300.00003,0.65024704,31.999996
-1.7698555,-23.997517,-300.00003,0.64607316,39.999996
-2.7698555,-23.997517,-300.00003,0.64758795,55.999996
-3.7698555,-23.997517,-300.00003,0.5917924,99.99999
-4.7698555,-23.997517,-300.00003,0.45423016,95.99999
-5.7698555,-23.997517,-300.00003,0.35296232,59.999996
-6.7698555,-23.997517,-300.00003,0.3137224,75.99999
-7.7698555,-23.997517,-300.00003,0.27363637,67.99999
-8.7698555,-23.997517,-300.00003,0.24991538,75.99999
-9.7698555,-23.997517,-300.00003,0.34076896,79.99999
-10.7698555,-23.997517,-300.00003,0.5044376,79.99999
-11.7698555,-23.997517,-300.00003,0.5730019,79.99999
-12.7698555,-23.997517,-300.00003,0.5221081,87.99999
-13.7698555,-23.997517,-300.00003,0.4681573,67.99999
-14.7698555,-23.997517,-300.00003,0.44688126,95.99999
-15.7698555,-23.997517,-300.00003,0.45335445,123.99999
-16.769855,-23.997517,-300.00003,0.44960558,111.99999
-17.769855,-23.997517,-300.00003,0.46475512,75.99999
-18.769855,-23.997517,-300.00003,0.48644072,47.999996
-19.769855,-23.997517,-300.00003,Infinity,75.99999
-20.769855,-23.997517,-300.00003,0,27.999996
-21.769855,-23.997517,-300.00003,0,23.999996
-22.769855,-23.997517,-300.00003,0,0
-23.769855,-23.997517,-300.00003,0,0
-24.769855,-23.997517,-300.00003,0,0
-25.769855,-23.997517,-300.00003,0,0
-26.769855,-23.997517,-300.00003,0,0
-27.769855,-23.997517,-300.00003,0,0
-28.769855,-23.997517,-300.00003,0,0
-29.769855,-23.997517,-300.00003,0,0
-30.769855,-23.997517,-300.00003,0,0
-31.769855,-23.997517,-300.00003,0,0
-32.769855,-23.997517,-300.00003,0,0
-33.769855,-23.997517,-300.00003,0,0
-34.769855,-23.997517,-300.00003,0,0
-35.769855,-23.997517,-300.00003,0,0
-36.769855,-23.997517,-300.00003,0,0
-37.769855,-23.997517,-300.00003,0,0
-38.769855,-23.997517,-300.00003,0,0
-39.769855,-23.997517,-300.00003,0,0
-40.769855,-23.997517,-300.00003,0,0
-41.769855,-23.997517,-300.00003,0,0
-42.769855,-23.997517,-300.00003,0,0
-43.769855,-23.997517,-300.00003,0,0
-44.769855,-23.997517,-300.00003,0,0
-45.769855,-23.997517,-300.00003,0,0
-46.769855,-23.997517,-300.00003,0,0
-47.769855,-23.997517,-300.00003,0,0
-48.769855,-23.997517,-300.00003,0,0
-49.769855,-23.997517,-300.00003,0,0
49.230145,-24.997517,-300.00003,0,0
48.230145,-24.997517,-300.00003,0,0
47.230145,-24.997517,-300.00003,0,0
46.230145,-24.997517,-300.00003,0,0
45.230145,-24.997517,-300.00003,0,0
44.230145,-24.997517,-300.00003,0,0
43.230145,-24.997517,-300.00003,0,0
42.230145,-24.997517,-300.00003,0,0
41.230145,-24.997517,-300.00003,0,0
40.230145,-24.997517,-300.00003,0,0
39.230145,-24.997517,-300.00003,0,0
38.230145,-24.997517,-300.00003,0,0
37.230145,-24.997517,-300.00003,0,0
36.230145,-24.997517,-300.00003,0,0
35.230145,-24.997517,-300.00003,0,0
34.230145,-24.997517,-300.00003,0,0
33.230145,-24.997517,-300.00003,0,0
32.230145,-24.997517,-300.00003,0,0
31.230145,-24.997517,-300.00003,0,0
30.230145,-24.997517,-300.00003,0,0
29.230145,-24.997517,-300.00003,0,0
28.230145,-24.997517,-300.00003,0,0
27.230145,-24.997517,-300.00003,0,0
26.230145,-24.997517,-300.00003,0,0
25.230145,-24.997517,-300.00003,0,0
24.230145,-24.997517,-300.00003,0,0
23.230145,-24.997517,-300.00003,0,0
22.230145,-24.997517,-300.00003,0,0
21.230145,-24.997517,-300.00003,0,11.999997
20.230145,-24.997517,-300.00003,0,67.99999
19.230145,-24.997517,-300.00003,-Infinity,59.999996
18.230145,-24.997517,-300.00003,0.5598416,55.999996
17.230145,-24.997517,-300.00003,0.53866065,127.99999
16.230145,-24.997517,-300.00003,0.42394707,59.999996
15.2301445,-24.997517,-300.00003,0.33569837,51.999996
14.2301445,-24.997517,-300.00003,0.3388239,67.99999
13.2301445,-24.997517,-300.00003,0.32426536,75.99999
12.2301445,-24.997517,-300.00003,0.34353167,55.999996
11.2301445,-24.997517,-300.00003,0.46149984,75.99999
10.2301445,-24.997517,-300.00003,0.4836837,79.99999
9.2301445,-24.997517,-300.00003,0.45752275,43.999996
8.2301445,-24.997517,-300.00003,0.500253,75.99999
7.2301445,-24.997517,-300.00003,0.47848064,55.999996
6.2301445,-24.997517,-300.00003,0.4073669,27.999996
5.2301445,-24.997517,-300.00003,0.4009941,55.999996
4.2301445,-24.997517,-300.00003,0.43672976,63.999996
3.2301445,-24.997517,-300.00003,0.4193803,87.99999
2.2301445,-24.997517,-300.00003,0.40636438,99.99999
1.2301445,-24.997517,-300.00003,0.49120617,55.999996
0.2301445,-24.997517,-300.00003,0.5447861,27.999996
-0.7698555,-24.997517,-300.00003,0.49108666,47.999996
-1.7698555,-24.997517,-300.00003,0.45857704,59.999996
-2.7698555,-24.997517,-300.00003,0.5033058,55.999996
-3.7698555,-24.997517,-300.00003,0.54907644,63.999996
-4.7698555,-24.997517,-300.00003,0.50267434,75.99999
-5.7698555,-24.997517,-300.00003,0.36874408,23.999996
-6.7698555,-24.997517,-300.00003,0.32621384,99.99999
-7.7698555,-24.997517,-300.00003,0.3760331,99.99999
-8.7698555,-24.997517,-300.00003,0.39614555,135.99998
-9.7698555,-24.997517,-300.00003,0.4248766,83.99999
-10.7698555,-24.997517,-300.00003,0.49814975,55.999996
-11.7698555,-24.997517,-300.00003,0.60551393,119.99999
-12.7698555,-24.997517,-300.00003,0.60829055,87.99999
-13.7698555,-24.997517,-300.00003,0.53663546,75.99999
-14.7698555,-24.997517,-300.00003,0.49090323,119.99999
-15.7698555,-24.997517,-300.00003,0.47033542,99.99999
-16.769855,-24.997517,-300.00003,0.45967895,59.999996
-17.769855,-24.997517,-300.00003,0.53186274,79.99999
-18.769855,-24.997517,-300.00003,0,63.999996
-19.769855,-24.997517,-300.00003,0,19.999996
-20.769855,-24.997517,-300.00003,0,3.999999
-21.769855,-24.997517,-300.00003,0,0
-22.769855,-24.997517,-300.00003,0,0
-23.769855,-24.997517,-300.00003,0,0
-24.769855,-24.997517,-300.00003,0,0
-25.769855,-24.997517,-300.00003,0,0
-26.769855,-24.997517,-300.00003,0,0
-27.769855,-24.997517,-300.00003,0,0
-28.769855,-24.997517,-300.00003,0,0
-29.769855,-24.997517,-300.00003,0,0
-30.769855,-24.997517,-300.00003,0,0
-31.769855,-24.997517,-300.00003,0,0
-32.769855,-24.997517,-300.00003,0,0
-33.769855,-24.997517,-300.00003,0,0
-34.769855,-24.997517,-300.00003,0,0
-35.769855,-24.997517,-300.00003,0,0
-36.769855,-24.997517,-300.00003,0,0
-37.769855,-24.997517,-300.00003,0,0
-38.769855,-24.997517,-300.00003,0,0
-39.769855,-24.997517,-300.00003,0,0
-40.769855,-24.997517,-300.00003,0,0
-41.769855,-24.997517,-300.00003,0,0
-42.769855,-24.997517,-300.00003,0,0
-43.769855,-24.997517,-300.00003,0,0
-44.769855,-24.997517,-300.00003,0,0
-45.769855,-24.997517,-300.00003,0,0
-46.769855,-24.997517,-300.00003,0,0
-47.769855,-24.997517,-300.00003,0,0
-48.769855,-24.997517,-300.00003,0,0
-49.769855,-24.997517,-300.00003,0,0
49.230145,-25.997517,-300.00003,0,0
48.230145,-25.997517,-300.00003,0,0
47.230145,-25.997517,-300.00003,0,0
46.230145,-25.997517,-300.00003,0,0
45.230145,-25.997517,-300.00003,0,0
44.230145,-25.997517,-300.00003,0,0
43.230145,-25.997517,-300.00003,0,0
42.230145,-25.997517,-300.00003,0,0
41.230145,-25.997517,-300.00003,0,0
40.230145,-25.997517,-300.00003,0,0
39.230145,-25.997517,-300.00003,0,0
38.230145,-25.997517,-300.00003,0,0
37.230145,-25.997517,-300.00003,0,0
36.230145,-25.997517,-300.00003,0,0
35.230145,-25.997517,-300.00003,0,0
34.230145,-25.997517,-300.00003,0,0
33.230145,-25.997517,-300.00003,0,0
32.230145,-25.997517,-300.00003,0,0
31.230145,-25.997517,-300.00003,0,0
30.230145,-25.997517,-300.00003,0,0
29.230145,-25.997517,-300.00003,0,0
28.230145,-25.997517,-300.00003,0,0
27.230145,-25.997517,-300.00003,0,0
26.230145,-25.997517,-300.00003,0,0
25.230145,-25.997517,-300.00003,0,0
24.230145,-25.997517,-300.00003,0,0
23.230145,-25.997517,-300.00003,0,0
22.230145,-25.997517,-300.00003,0,0
21.230145,-25.997517,-300.00003,0,0
20.230145,-25.997517,-300.00003,0,0
19.230145,-25.997517,-300.00003,0,31.999996
18.230145,-25.997517,-300.00003,0,59.999996
17.230145,-25.997517,-300.00003,0.6577351,79.99999
16.230145,-25.997517,-300.00003,0.6345604,59.999996
15.2301445,-25.997517,-300.00003,0.5064447,67.99999
14.2301445,-25.997517,-300.00003,0.41806075,47.999996
13.2301445,-25.997517,-300.00003,0.37519974,71.99999
12.2301445,-25.997517,-300.00003,0.3385762,59.999996
11.2301445,-25.997517,-300.00003,0.3788543,79.99999
10.2301445,-25.997517,-300.00003,0.3638302,83.99999
9.2301445,-25.997517,-300.00003,0.38128424,39.999996
8.2301445,-25.997517,-300.00003,0.52430797,67.99999
7.2301445,-25.997517,-300.00003,0.6028769,75.99999
6.2301445,-25.997517,-300.00003,0.5364121,95.99999
5.2301445,-25.997517,-300.00003,0.42107958,55.999996
4.2301445,-25.997517,-300.00003,0.3532119,51.999996
3.2301445,-25.997517,-300.00003,0.3057427,67.99999
2.2301445,-25.997517,-300.00003,0.26551563,51.999996
1.2301445,-25.997517,-300.00003,0.3264339,43.999996
0.2301445,-25.997517,-300.00003,0.4164958,47.999996
-0.7698555,-25.997517,-300.00003,0.41806564,43.999996
-1.7698555,-25.997517,-300.00003,0.41424835,55.999996
-2.7698555,-25.997517,-300.00003,0.46667242,63.999996
-3.7698555,-25.997517,-300.00003,0.5388541,91.99999
-4.7698555,-25.997517,-300.00003,0.5116605,83.99999
-5.7698555,-25.997517,-300.00003,0.41889644,35.999996
-6.7698555,-25.997517,-300.00003,0.3564045,67.99999
-7.7698555,-25.997517,-300.00003,0.4148792,75.99999
-8.7698555,-25.997517,-300.00003,0.4333639,75.99999
-9.7698555,-25.997517,-300.00003,0.43935162,75.99999
-10.7698555,-25.997517,-300.00003,0.4977253,91.99999
-11.7698555,-25.997517,-300.00003,0.52437377,63.999996
-12.7698555,-25.997517,-300.00003,0.53039354,103.99999
-13.7698555,-25.997517,-300.00003,0.5254435,111.99999
-14.7698555,-25.997517,-300.00003,0.47481185,79.99999
-15.7698555,-25.997517,-300.00003,0.43217093,59.999996
-16.769855,-25.997517,-300.00003,0.42360684,63.999996
-17.769855,-25.997517,-300.00003,0,55.999996
-18.769855,-25.997517,-300.00003,0,11.999997
-19.769855,-25.997517,-300.00003,0,0
-20.769855,-25.997517,-300.00003,0,0
-21.769855,-25.997517,-300.00003,0,0
-22.769855,-25.997517,-300.00003,0,0
-23.769855,-25.997517,-300.00003,0,0
-24.769855,-25.997517,-300.00003,0,0
-25.769855,-25.997517,-300.00003,0,0
-26.769855,-25.997517,-300.00003,0,0
-27.769855,-25.997517,-300.00003,0,0
-28.769855,-25.997517,-300.00003,0,0
-29.769855,-25.997517,-300.00003,0,0
-30.769855,-25.997517,-300.00003,0,0
-31.769855,-25.997517,-300.00003,0,0
-32.769855,-25.997517,-300.00003,0,0
-33.769855,-25.997517,-300.00003,0,0
-34.769855,-25.997517,-300.00003,0,0
-35.769855,-25.997517,-300.00003,0,0
-36.769855,-25.997517,-300.00003,0,0
-37.769855,-25.997517,-300.00003,0,0
-38.769855,-25.997517,-300.00003,0,0
-39.769855,-25.997517,-300.00003,0,0
-40.769855,-25.997517,-300.00003,0,0
-41.769855,-25.997517,-300.00003,0,0
-42.769855,-25.997517,-300.00003,0,0
-43.769855,-25.997517,-300.00003,0,0
-44.769855,-25.997517,-300.00003,0,0
-45.769855,-25.997517,-300.00003,0,0
-46.769855,-25.997517,-300.00003,0,0
-47.769855,-25.997517,-300.00003,0,0
-48.769855,-25.997517,-300.00003,0,0
-49.769855,-25.997517,-300.00003,0,0
49.230145,-26.997517,-300.00003,0,0
48.230145,-26.997517,-300.00003,0,0
47.230145,-26.997517,-300.00003,0,0
46.230145,-26.997517,-300.00003,0,0
45.230145,-26.997517,-300.00003,0,0
44.230145,-26.997517,-300.00003,0,0
43.230145,-26.997517,-300.00003,0,0
42.230145,-26.997517,-300.00003,0,0
41.230145,-26.997517,-300.00003,0,0
40.230145,-26.997517,-300.00003,0,0
39.230145,-26.997517,-300.00003,0,0
38.230145,-26.997517,-300.00003,0,0
37.230145,-26.997517,-300.00003,0,0
36.230145,-26.997517,-300.00003,0,0
35.230145,-26.997517,-300.00003,0,0
34.230145,-26.997517,-300.00003,0,0
33.230145,-26.997517,-300.00003,0,0
32.230145,-26.997517,-300.00003,0,0
31.230145,-26.997517,-300.00003,0,0
30.230145,-26.997517,-300.00003,0,0
29.230145,-26.997517,-300.00003,0,0
28.230145,-26.997517,-300.00003,0,0
27.230145,-26.997517,-300.00003,0,0
26.230145,-26.997517,-300.00003,0,0
25.230145,-26.997517,-300.00003,0,0
24.230145,-26.997517,-300.00003,0,0
23.230145,-26.997517,-300.00003,0,0
22.230145,-26.997517,-300.00003,0,0
21.230145,-26.997517,-300.00003,0,0
20.230145,-26.997517,-300.00003,0,0
19.230145,-26.997517,-300.00003,0,0
18.230145,-26.997517,-300.00003,0,3.999999
17.230145,-26.997517,-300.00003,0,39.999996
16.230145,-26.997517,-300.00003,0,67.99999
15.2301445,-26.997517,-300.00003,0.50944954,51.999996
14.2301445,-26.997517,-300.00003,0.41128296,75.99999
13.2301445,-26.997517,-300.00003,0.38642174,63.999996
12.2301445,-26.997517,-300.00003,0.36968565,39.999996
11.2301445,-26.997517,-300.00003,0.34175134,91.99999
10.2301445,-26.997517,-300.00003,0.23735188,51.999996
9.2301445,-26.997517,-300.00003,0.23849003,47.999996
8.2301445,-26.997517,-300.00003,0.40822083,59.999996
7.2301445,-26.997517,-300.00003,0.59236246,67.99999
6.2301445,-26.997517,-300.00003,0.6290201,127.99999
5.2301445,-26.997517,-300.00003,0.4848744,91.99999
4.2301445,-26.997517,-300.00003,0.30229408,31.999996
3.2301445,-26.997517,-300.00003,0.23799303,43.999996
2.2301445,-26.997517,-300.00003,0.22659603,51.999996
1.2301445,-26.997517,-300.00003,0.28051692,35.999996
0.2301445,-26.997517,-300.00003,0.3346771,55.999996
-0.7698555,-26.997517,-300.00003,0.36218664,43.999996
-1.7698555,-26.997517,-300.00003,0.4521672,63.999996
-2.7698555,-26.997517,-300.00003,0.53225994,63.999996
-3.7698555,-26.997517,-300.00003,0.5274602,55.999996
-4.7698555,-26.997517,-300.00003,0.5330422,59.999996
-5.7698555,-26.997517,-300.00003,0.51654965,75.99999
-6.7698555,-26.997517,-300.00003,0.41806957,43.999996
-7.7698555,-26.997517,-300.00003,0.39925873,47.999996
-8.7698555,-26.997517,-300.00003,0.42615038,63.999996
-9.7698555,-26.997517,-300.00003,0.46025363,47.999996
-10.7698555,-26.997517,-300.00003,0.50185746,75.99999
-11.7698555,-26.997517,-300.00003,0.4534585,63.999996
-12.7698555,-26.997517,-300.00003,0.39321133,55.999996
-13.7698555,-26.997517,-300.00003,0.43106228,67.99999
-14.7698555,-26.997517,-300.00003,0,63.999996
-15.7698555,-26.997517,-300.00003,0,27.999996
-16.769855,-26.997517,-300.00003,0,23.999996
-17.769855,-26.997517,-300.00003,0,3.999999
-18.769855,-26.997517,-300.00003,0,0
-19.769855,-26.997517,-300.00003,0,0
-20.769855,-26.997517,-300.00003,0,0
-21.769855,-26.997517,-300.00003,0,0
-22.769855,-26.997517,-300.00003,0,0
-23.769855,-26.997517,-300.00003,0,0
-24.769855,-26.997517,-300.00003,0,0
-25.769855,-26.997517,-300.00003,0,0
-26.769855,-26.997517,-300.00003,0,0
-27.769855,-26.997517,-300.00003,0,0
-28.769855,-26.997517,-300.00003,0,0
-29.769855,-26.997517,-300.00003,0,0
-30.769855,-26.997517,-300.00003,0,0
-31.769855,-26.997517,-300.00003,0,0
-32.769855,-26.997517,-300.00003,0,0
-33.769855,-26.997517,-300.00003,0,0
-34.769855,-26.997517,-300.00003,0,0
-35.769855,-26.997517,-300.00003,0,0
-36.769855,-26.997517,-300.00003,0,0
-37.769855,-26.997517,-300.00003,0,0
-38.769855,-26.997517,-300.00003,0,0
-39.769855,-26.997517,-300.00003,0,0
-40.769855,-26.997517,-300.00003,0,0
-41.769855,-26.997517,-300.00003,0,0
-42.769855,-26.997517,-300.00003,0,0
-43.769855,-26.997517,-300.00003,0,0
-44.769855,-26.997517,-300.00003,0,0
-45.769855,-26.997517,-300.00003,0,0
-46.769855,-26.997517,-300.00003,0,0
-47.769855,-26.997517,-300.00003,0,0
-48.769855,-26.997517,-300.00003,0,0
-49.769855,-26.997517,-300.00003,0,0
49.230145,-27.997517,-300.00003,0,0
48.230145,-27.997517,-300.00003,0,0
47.230145,-27.997517,-300.00003,0,0
46.230145,-27.997517,-300.00003,0,0
45.230145,-27.997517,-300.00003,0,0
44.230145,-27.997517,-300.00003,0,0
43.230145,-27.997517,-300.00003,0,0
42.230145,-27.997517,-300.00003,0,0
41.230145,-27.997517,-300.00003,0,0
40.230145,-27.997517,-300.00003,0,0
39.230145,-27.997517,-300.00003,0,0
38.230145,-27.997517,-300.00003,0,0
37.230145,-27.997517,-300.00003,0,0
36.230145,-27.997517,-300.00003,0,0
35.230145,-27.997517,-300.00003,0,0
34.230145,-27.997517,-300.00003,0,0
33.230145,-27.997517,-300.00003,0,0
32.230145,-27.997517,-300.00003,0,0
31.230145,-27.997517,-300.00003,0,0
30.230145,-27.997517,-300.00003,0,0
29.230145,-27.997517,-300.00003,0,0
28.230145,-27.997517,-300.00003,0,0
27.230145,-27.997517,-300.00003,0,0
26.230145,-27.997517,-300.00003,0,0
25.230145,-27.997517,-300.00003,0,0
24.230145,-27.997517,-300.00003,0,0
23.230145,-27.997517,-300.00003,0,0
22.230145,-27.997517,-300.00003,0,0
21.230145,-27.997517,-300.00003,0,0
20.230145,-27.997517,-300.00003,0,0
19.230145,-27.997517,-300.00003,0,0
18.230145,-27.997517,-300.00003,0,0
17.230145,-27.997517,-300.00003,0,0
16.230145,-27.997517,-300.00003,0,35.999996
15.2301445,-27.997517,-300.00003,0,7.999998
14.2301445,-27.997517,-300.00003,0,47.999996
13.2301445,-27.997517,-300.00003,0.23346233,47.999996
12.2301445,-27.997517,-300.00003,0.24167049,35.999996
11.2301445,-27.997517,-300.00003,0.27948445,39.999996
10.2301445,-27.997517,-300.00003,0.27552974,47.999996
9.2301445,-27.997517,-300.00003,0.27145416,39.999996
8.2301445,-27.997517,-300.00003,0.35253096,27.999996
7.2301445,-27.997517,-300.00003,0.5445514,75.99999
6.2301445,-27.997517,-300.00003,0.6476014,83.99999
5.2301445,-27.997517,-300.00003,0.5878007,51.999996
4.2301445,-27.997517,-300.00003,0.42500257,59.999996
3.2301445,-27.997517,-300.00003,0.24938908,43.999996
2.2301445,-27.997517,-300.00003,0.22725871,63.999996
1.2301445,-27.997517,-300.00003,0.2696856,75.99999
0.2301445,-27.997517,-300.00003,0.22175223,39.999996
-0.7698555,-27.997517,-300.00003,0.27696586,51.999996
-1.7698555,-27.997517,-300.00003,0.46233922,95.99999
-2.7698555,-27.997517,-300.00003,0.53024346,63.999996
-3.7698555,-27.997517,-300.00003,0.47723046,31.999996
-4.7698555,-27.997517,-300.00003,0.5200784,47.999996
-5.7698555,-27.997517,-300.00003,0.53022784,91.99999
-6.7698555,-27.997517,-300.00003,0.4231286,67.99999
-7.7698555,-27.997517,-300.00003,0.3514741,59.999996
-8.7698555,-27.997517,-300.00003,0.3887802,71.99999
-9.7698555,-27.997517,-300.00003,0.48259234,59.999996
-10.7698555,-27.997517,-300.00003,0.48468235,67.99999
-11.7698555,-27.997517,-300.00003,0.38285047,27.999996
-12.7698555,-27.997517,-300.00003,Infinity,75.99999
-13.7698555,-27.997517,-300.00003,0,63.999996
-14.7698555,-27.997517,-300.00003,0,39.999996
-15.7698555,-27.997517,-300.00003,0,0
-16.769855,-27.997517,-300.00003,0,0
-17.769855,-27.997517,-300.00003,0,0
-18.769855,-27.997517,-300.00003,0,0
-19.769855,-27.997517,-300.00003,0,0
-20.769855,-27.997517,-300.00003,0,0
-21.769855,-27.997517,-300.00003,0,0
-22.769855,-27.997517,-300.00003,0,0
-23.769855,-27.997517,-300.00003,0,0
-24.769855,-27.997517,-300.00003,0,0
-25.769855,-27.997517,-300.00003,0,0
-26.769855,-27.997517,-300.00003,0,0
-27.769855,-27.997517,-300.00003,0,0
-28.769855,-27.997517,-300.00003,0,0
-29.769855,-27.997517,-300.00003,0,0
-30.769855,-27.997517,-300.00003,0,0
-31.769855,-27.997517,-300.00003,0,0
-32.769855,-27.997517,-300.00003,0,0
-33.769855,-27.997517,-300.00003,0,0
-34.769855,-27.997517,-300.00003,0,0
-35.769855,-27.997517,-300.00003,0,0
-36.769855,-27.997517,-300.00003,0,0
-37.769855,-27.997517,-300.00003,0,0
-38.769855,-27.997517,-300.00003,0,0
-39.769855,-27.997517,-300.00003,0,0
-40.769855,-27.997517,-300.00003,0,0
-41.769855,-27.997517,-300.00003,0,0
-42.769855,-27.997517,-300.00003,0,0
-43.769855,-27.997517,-300.00003,0,0
-44.769855,-27.997517,-300.00003,0,0
-45.769855,-27.997517,-300.00003,0,0
-46.769855,-27.997517,-300.00003,0,0
-47.769855,-27.997517,-300.00003,0,0
-48.769855,-27.997517,-300.00003,0,0
-49.769855,-27.997517,-300.00003,0,0
49.230145,-28.997517,-300.00003,0,0
48.230145,-28.997517,-300.00003,0,0
47.230145,-28.997517,-300.00003,0,0
46.230145,-28.997517,-300.00003,0,0
45.230145,-28.997517,-300.00003,0,0
44.230145,-28.997517,-300.00003,0,0
43.230145,-28.997517,-300.00003,0,0
42.230145,-28.997517,-300.00003,0,0
41.230145,-28.997517,-300.00003,0,0
40.230145,-28.997517,-300.00003,0,0
39.230145,-28.997517,-300.00003,0,0
38.230145,-28.997517,-300.00003,0,0
37.230145,-28.997517,-300.00003,0,0
36.230145,-28.997517,-300.00003,0,0
35.230145,-28.997517,-300.00003,0,0
34.230145,-28.997517,-300.00003,0,0
33.230145,-28.997517,-300.00003,0,0
32.230145,-28.997517,-300.00003,0,0
31.230145,-28.997517,-300.00003,0,0
30.230145,-28.997517,-300.00003,0,0
29.230145,-28.997517,-300.00003,0,0
28.230145,-28.997517,-300.00003,0,0
27.230145,-28.997517,-300.00003,0,0
26.230145,-28.997517,-300.00003,0,0
25.230145,-28.997517,-300.00003,0,0
24.230145,-28.997517,-300.00003,0,0
23.230145,-28.997517,-300.00003,0,0
22.230145,-28.997517,-300.00003,0,0
21.230145,-28.997517,-300.00003,0,0
20.230145,-28.997517,-300.00003,0,0
19.230145,-28.997517,-300.00003,0,0
18.230145,-28.997517,-300.00003,0,0
17.230145,-28.997517,-300.00003,0,0
16.230145,-28.997517,-300.00003,0,0
15.2301445,-28.997517,-300.00003,0,0
14.2301445,-28.997517,-300.00003,0,7.999998
13.2301445,-28.997517,-300.00003,0,27.999996
12.2301445,-28.997517,-300.00003,0,23.999996
11.2301445,-28.997517,-300.00003,0,55.999996
10.2301445,-28.997517,-300.00003,Infinity,47.999996
9.2301445,-28.997517,-300.00003,0.5123472,99.99999
8.2301445,-28.997517,-300.00003,0.51393515,55.999996
7.2301445,-28.997517,-300.00003,0.5998633,99.99999
6.2301445,-28.997517,-300.00003,0.70932525,71.99999
5.2301445,-28.997517,-300.00003,0.66075385,39.999996
4.2301445,-28.997517,-300.00003,0.49906218,67.99999
3.2301445,-28.997517,-300.00003,0.3014001,35.999996
2.2301445,-28.997517,-300.00003,0.22428583,39.999996
1.2301445,-28.997517,-300.00003,0.23333384,43.999996
0.2301445,-28.997517,-300.00003,0.19269893,51.999996
-0.7698555,-28.997517,-300.00003,0.24443978,43.999996
-1.7698555,-28.997517,-300.00003,0.42460155,71.99999
-2.7698555,-28.997517,-300.00003,0.46145153,71.99999
-3.7698555,-28.997517,-300.00003,0.39288527,75.99999
-4.7698555,-28.997517,-300.00003,0.4187899,47.999996
-5.7698555,-28.997517,-300.00003,0.4754971,79.99999
-6.7698555,-28.997517,-300.00003,0.4100859,103.99999
-7.7698555,-28.997517,-300.00003,0.2630879,43.999996
-8.7698555,-28.997517,-300.00003,0.24347329,39.999996
-9.7698555,-28.997517,-300.00003,0.37540126,107.99999
-10.7698555,-28.997517,-300.00003,0,63.999996
-11.7698555,-28.997517,-300.00003,0,11.999997
-12.7698555,-28.997517,-300.00003,0,15.999996
-13.7698555,-28.997517,-300.00003,0,3.999999
-14.7698555,-28.997517,-300.00003,0,0
-15.7698555,-28.997517,-300.00003,0,0
-16.769855,-28.997517,-300.00003,0,0
-17.769855,-28.997517,-300.00003,0,0
-18.769855,-28.997517,-300.00003,0,0
-19.769855,-28.997517,-300.00003,0,0
-20.769855,-28.997517,-300.00003,0,0
-21.769855,-28.997517,-300.00003,0,0
-22.769855,-28.997517,-300.00003,0,0
-23.769855,-28.997517,-300.00003,0,0
-24.769855,-28.997517,-300.00003,0,0
-25.769855,-28.997517,-300.00003,0,0
-26.769855,-28.997517,-300.00003,0,0
-27.769855,-28.997517,-300.00003,0,0
-28.769855,-28.997517,-300.00003,0,0
-29.769855,-28.997517,-300.00003,0,0
-30.769855,-28.997517,-300.00003,0,0
-31.769855,-28.997517,-300.00003,0,0
-32.769855,-28.997517,-300.00003,0,0
-33.769855,-28.997517,-300.00003,0,0
-34.769855,-28.997517,-300.00003,0,0
-35.769855,-28.997517,-300.00003,0,0
-36.769855,-28.997517,-300.00003,0,0
-37.769855,-28.997517,-300.00003,0,0
-38.769855,-28.997517,-300.00003,0,0
-39.769855,-28.997517,-300.00003,0,0
-40.769855,-28.997517,-300.00003,0,0
-41.769855,-28.997517,-300.00003,0,0
-42.769855,-28.997517,-300.00003,0,0
-43.769855,-28.997517,-300.00003,0,0
-44.769855,-28.997517,-300.00003,0,0
-45.769855,-28.997517,-300.00003,0,0
-46.769855,-28.997517,-300.00003,0,0
-47.769855,-28.997517,-300.00003,0,0
-48.769855,-28.997517,-300.00003,0,0
-49.769855,-28.997517,-300.00003,0,0
49.230145,-29.997517,-300.00003,0,0
48.230145,-29.997517,-300.00003,0,0
47.230145,-29.997517,-300.00003,0,0
46.230145,-29.997517,-300.00003,0,0
45.230145,-29.997517,-300.00003,0,0
44.230145,-29.997517,-300.00003,0,0
43.230145,-29.997517,-300.00003,0,0
42.230145,-29.997517,-300.00003,0,0
41.230145,-29.997517,-300.00003,0,0
40.230145,-29.997517,-300.00003,0,0
39.230145,-29.997517,-300.00003,0,0
38.230145,-29.997517,-300.00003,0,0
37.230145,-29.997517,-300.00003,0,0
36.230145,-29.997517,-300.00003,0,0
35.230145,-29.997517,-300.00003,0,0
34.230145,-29.997517,-300.00003,0,0
33.230145,-29.997517,-300.00003,0,0
32.230145,-29.997517,-300.00003,0,0
31.230145,-29.997517,-300.00003,0,0
30.230145,-29.997517,-300.00003,0,0
29.230145,-29.997517,-300.00003,0,0
28.230145,-29.997517,-300.00003,0,0
27.230145,-29.997517,-300.00003,0,0
26.230145,-29.997517,-300.00003,0,0
25.230145,-29.997517,-300.00003,0,0
24.230145,-29.997517,-300.00003,0,0
23.230145,-29.997517,-300.00003,0,0
22.230145,-29.997517,-300.00003,0,0
21.230145,-29.997517,-300.00003,0,0
20.230145,-29.997517,-300.00003,0,0
19.230145,-29.997517,-300.00003,0,0
18.230145,-29.997517,-300.00003,0,0
17.230145,-29.997517,-300.00003,0,0
16.230145,-29.997517,-300.00003,0,0
15.2301445,-29.997517,-300.00003,0,0
14.2301445,-29.997517,-300.00003,0,0
13.2301445,-29.997517,-300.00003,0,0
12.2301445,-29.997517,-300.00003,0,0
11.2301445,-29.997517,-300.00003,0,19.999996
10.2301445,-29.997517,-300.00003,0,27.999996
9.2301445,-29.997517,-300.00003,0,63.999996
8.2301445,-29.997517,-300.00003,0,71.99999
7.2301445,-29.997517,-300.00003,Infinity,55.999996
6.2301445,-29.997517,-300.00003,0.67426276,43.999996
5.2301445,-29.997517,-300.00003,0.61608076,43.999996
4.2301445,-29.997517,-300.00003,0.4480334,31.999996
3.2301445,-29.997517,-300.00003,0.27808532,51.999996
2.2301445,-29.997517,-300.00003,0.18630558,31.999996
1.2301445,-29.997517,-300.00003,0.24583584,99.99999
0.2301445,-29.997517,-300.00003,0.30332845,75.99999
-0.7698555,-29.997517,-300.00003,0.326777,55.999996
-1.7698555,-29.997517,-300.00003,0.41443837,87.99999
-2.7698555,-29.997517,-300.00003,0.38925758,47.999996
-3.7698555,-29.997517,-300.00003,0.3075644,39.999996
-4.7698555,-29.997517,-300.00003,0.3281523,67.99999
-5.7698555,-29.997517,-300.00003,0.37958705,107.99999
-6.7698555,-29.997517,-300.00003,0,99.99999
-7.7698555,-29.997517,-300.00003,0,47.999996
-8.7698555,-29.997517,-300.00003,0,15.999996
-9.7698555,-29.997517,-300.00003,0,27.999996
-10.7698555,-29.997517,-300.00003,0,11.999997
-11.7698555,-29.997517,-300.00003,0,0
-12.7698555,-29.997517,-300.00003,0,0
-13.7698555,-29.997517,-300.00003,0,0
-14.7698555,-29.997517,-300.00003,0,0
-15.7698555,-29.997517,-300.00003,0,0
-16.769855,-29.997517,-300.00003,0,0
-17.769855,-29.997517,-300.00003,0,0
-18.769855,-29.997517,-300.00003,0,0
-19.769855,-29.997517,-300.00003,0,0
-20.769855,-29.997517,-300.00003,0,0
-21.769855,-29.997517,-300.00003,0,0
-22.769855,-29.997517,-300.00003,0,0
-23.769855,-29.997517,-300.00003,0,0
-24.769855,-29.997517,-300.00003,0,0
-25.769855,-29.997517,-300.00003,0,0
-26.769855,-29.997517,-300.00003,0,0
-27.769855,-29.997517,-300.00003,0,0
-28.769855,-29.997517,-300.00003,0,0
-29.769855,-29.997517,-300.00003,0,0
-30.769855,-29.997517,-300.00003,0,0
-31.769855,-29.997517,-300.00003,0,0
-32.769855,-29.997517,-300.00003,0,0
-33.769855,-29.997517,-300.00003,0,0
-34.769855,-29.997517,-300.00003,0,0
-35.769855,-29.997517,-300.00003,0,0
-36.769855,-29.997517,-300.00003,0,0
-37.769855,-29.997517,-300.00003,0,0
-38.769855,-29.997517,-300.00003,0,0
-39.769855,-29.997517,-300.00003,0,0
-40.769855,-29.997517,-300.00003,0,0
-41.769855,-29.997517,-300.00003,0,0
-42.769855,-29.997517,-300.00003,0,0
-43.769855,-29.997517,-300.00003,0,0
-44.769855,-29.997517,-300.00003,0,0
-45.769855,-29.997517,-300.00003,0,0
-46.769855,-29.997517,-300.00003,0,0
-47.769855,-29.997517,-300.00003,0,0
-48.769855,-29.997517,-300.00003,0,0
-49.769855,-29.997517,-300.00003,0,0
49.230145,-30.997517,-300.00003,0,0
48.230145,-30.997517,-300.00003,0,0
47.230145,-30.997517,-300.00003,0,0
46.230145,-30.997517,-300.00003,0,0
45.230145,-30.997517,-300.00003,0,0
44.230145,-30.997517,-300.00003,0,0
43.230145,-30.997517,-300.00003,0,0
42.230145,-30.997517,-300.00003,0,0
41.230145,-30.997517,-300.00003,0,0
40.230145,-30.997517,-300.00003,0,0
39.230145,-30.997517,-300.00003,0,0
38.230145,-30.997517,-300.00003,0,0
37.230145,-30.997517,-300.00003,0,0
36.230145,-30.997517,-300.00003,0,0
35.230145,-30.997517,-300.00003,0,0
34.230145,-30.997517,-300.00003,0,0
33.230145,-30.997517,-300.00003,0,0
32.230145,-30.997517,-300.00003,0,0
31.230145,-30.997517,-300.00003,0,0
30.230145,-30.997517,-300.00003,0,0
29.230145,-30.997517,-300.00003,0,0
28.230145,-30.997517,-300.00003,0,0
27.230145,-30.997517,-300.00003,0,0
26.230145,-30.997517,-300.00003,0,0
25.230145,-30.997517,-300.00003,0,0
24.230145,-30.997517,-300.00003,0,0
23.230145,-30.997517,-300.00003,0,0
22.230145,-30.997517,-300.00003,0,0
21.230145,-30.997517,-300.00003,0,0
20.230145,-30.997517,-300.00003,0,0
19.230145,-30.997517,-300.00003,0,0
18.230145,-30.997517,-300.00003,0,0
17.230145,-30.997517,-300.00003,0,0
16.230145,-30.997517,-300.00003,0,0
15.2301445,-30.997517,-300.00003,0,0
14.2301445,-30.997517,-300.00003,0,0
13.2301445,-30.997517,-300.00003,0,0
12.2301445,-30.997517,-300.00003,0,0
11.2301445,-30.997517,-300.00003,0,0
10.2301445,-30.997517,-300.00003,0,0
9.2301445,-30.997517,-300.00003,0,0
8.2301445,-30.997517,-300.00003,0,3.999999
7.2301445,-30.997517,-300.00003,0,11.999997
6.2301445,-30.997517,-300.00003,0,43.999996
5.2301445,-30.997517,-300.00003,0,27.999996
4.2301445,-30.997517,-300.00003,0,23.999996
3.2301445,-30.997517,-300.00003,0,39.999996
2.2301445,-30.997517,-300.00003,0,11.999997
1.2301445,-30.997517,-300.00003,0,55.999996
0.2301445,-30.997517,-300.00003,Infinity,43.999996
-0.7698555,-30.997517,-300.00003,0,39.999996
-1.7698555,-30.997517,-300.00003,0,35.999996
-2.7698555,-30.997517,-300.00003,0,59.999996
-3.7698555,-30.997517,-300.00003,0,35.999996
-4.7698555,-30.997517,-300.00003,0,47.999996
-5.7698555,-30.997517,-300.00003,0,19.999996
-6.7698555,-30.997517,-300.00003,0,7.999998
-7.7698555,-30.997517,-300.00003,0,0
-8.7698555,-30.997517,-300.00003,0,0
-9.7698555,-30.997517,-300.00003,0,0
-10.7698555,-30.997517,-300.00003,0,0
-11.7698555,-30.997517,-300.00003,0,0
-12.7698555,-30.997517,-300.00003,0,0
-13.7698555,-30.997517,-300.00003,0,0
-14.7698555,-30.997517,-300.00003,0,0
-15.7698555,-30.997517,-300.00003,0,0
-16.769855,-30.997517,-300.00003,0,0
-17.769855,-30.997517,-300.00003,0,0
-18.769855,-30.997517,-300.00003,0,0
-19.769855,-30.997517,-300.00003,0,0
-20.769855,-30.997517,-300.00003,0,0
-21.769855,-30.997517,-300.00003,0,0
-22.769855,-30.997517,-300.00003,0,0
-23.769855,-30.997517,-300.00003,0,0
-24.769855,-30.997517,-300.00003,0,0
-25.769855,-30.997517,-300.00003,0,0
-26.769855,-30.997517,-300.00003,0,0
-27.769855,-30.997517,-300.00003,0,0
-28.769855,-30.997517,-300.00003,0,0
-29.769855,-30.997517,-300.00003,0,0
-30.769855,-30.997517,-300.00003,0,0
-31.769855,-30.997517,-300.00003,0,0
-32.769855,-30.997517,-300.00003,0,0
-33.769855,-30.997517,-300.00003,0,0
-34.769855,-30.997517,-300.00003,0,0
-35.769855,-30.997517,-300.00003,0,0
-36.769855,-30.997517,-300.00003,0,0
-37.769855,-30.997517,-300.00003,0,0
-38.769855,-30.997517,-300.00003,0,0
-39.769855,-30.997517,-300.00003,0,0
-40.769855,-30.997517,-300.00003,0,0
-41.769855,-30.997517,-300.00003,0,0
-42.769855,-30.997517,-300.00003,0,0
-43.769855,-30.997517,-300.00003,0,0
-44.769855,-30.997517,-300.00003,0,0
-45.769855,-30.997517,-300.00003,0,0
-46.769855,-30.997517,-300.00003,0,0
-47.769855,-30.997517,-300.00003,0,0
-48.769855,-30.997517,-300.00003,0,0
-49.769855,-30.997517,-300.00003,0,0
49.230145,-31.997517,-300.00003,0,0
48.230145,-31.997517,-300.00003,0,0
47.230145,-31.997517,-300.00003,0,0
46.230145,-31.997517,-300.00003,0,0
45.230145,-31.997517,-300.00003,0,0
44.230145,-31.997517,-300.00003,0,0
43.230145,-31.997517,-300.00003,0,0
42.230145,-31.997517,-300.00003,0,0
41.230145,-31.997517,-300.00003,0,0
40.230145,-31.997517,-300.00003,0,0
39.230145,-31.997517,-300.00003,0,0
38.230145,-31.997517,-300.00003,0,0
37.230145,-31.997517,-300.00003,0,0
36.230145,-31.997517,-300.00003,0,0
35.230145,-31.997517,-300.00003,0,0
34.230145,-31.997517,-300.00003,0,0
33.230145,-31.997517,-300.00003,0,0
32.230145,-31.997517,-300.00003,0,0
31.230145,-31.997517,-300.00003,0,0
30.230145,-31.997517,-300.00003,0,0
29.230145,-31.997517,-300.00003,0,0
28.230145,-31.997517,-300.00003,0,0
27.230145,-31.997517,-300.00003,0,0
26.230145,-31.997517,-300.00003,0,0
25.230145,-31.997517,-300.00003,0,0
24.230145,-31.997517,-300.00003,0,0
23.230145,-31.997517,-300.00003,0,0
22.230145,-31.997517,-300.00003,0,0
21.230145,-31.997517,-300.00003,0,0
20.230145,-31.997517,-300.00003,0,0
19.230145,-31.997517,-300.00003,0,0
18.230145,-31.997517,-300.00003,0,0
17.230145,-31.997517,-300.00003,0,0
16.230145,-31.997517,-300.00003,0,0
15.2301445,-31.997517,-300.00003,0,0
14.2301445,-31.997517,-300.00003,0,0
13.2301445,-31.997517,-300.00003,0,0
12.2301445,-31.997517,-300.00003,0,0
11.2301445,-31.997517,-300.00003,0,0
10.2301445,-31.997517,-300.00003,0,0
9.2301445,-31.997517,-300.00003,0,0
8.2301445,-31.997517,-300.00003,0,0
7.2301445,-31.997517,-300.00003,0,0
6.2301445,-31.997517,-300.00003,0,0
5.2301445,-31.997517,-300.00003,0,0
4.2301445,-31.997517,-300.00003,0,0
3.2301445,-31.997517,-300.00003,0,0
2.2301445,-31.997517,-300.00003,0,0
1.2301445,-31.997517,-300.00003,0,11.999997
0.2301445,-31.997517,-300.00003,0,3.999999
-0.7698555,-31.997517,-300.00003,0,3.999999
-1.7698555,-31.997517,-300.00003,0,0
-2.7698555,-31.997517,-300.00003,0,0
-3.7698555,-31.997517,-300.00003,0,0
-4.7698555,-31.997517,-300.00003,0,0
-5.7698555,-31.997517,-300.00003,0,0
-6.7698555,-31.997517,-300.00003,0,0
-7.7698555,-31.997517,-300.00003,0,0
-8.7698555,-31.997517,-300.00003,0,0
-9.7698555,-31.997517,-300.00003,0,0
-10.7698555,-31.997517,-300.00003,0,0
-11.7698555,-31.997517,-300.00003,0,0
-12.7698555,-31.997517,-300.00003,0,0
-13.7698555,-31.997517,-300.00003,0,0
-14.7698555,-31.997517,-300.00003,0,0
-15.7698555,-31.997517,-300.00003,0,0
-16.769855,-31.997517,-300.00003,0,0
-17.769855,-31.997517,-300.00003,0,0
-18.769855,-31.997517,-300.00003,0,0
-19.769855,-31.997517,-300.00003,0,0
-20.769855,-31.997517,-300.00003,0,0
-21.769855,-31.997517,-300.00003,0,0
-22.769855,-31.997517,-300.00003,0,0
-23.769855,-31.997517,-300.00003,0,0
-24.769855,-31.997517,-300.00003,0,0
-25.769855,-31.997517,-300.00003,0,0
-26.769855,-31.997517,-300.00003,0,0
-27.769855,-31.997517,-300.00003,0,0
-28.769855,-31.997517,-300.00003,0,0
-29.769855,-31.997517,-300.00003,0,0
-30.769855,-31.997517,-300.00003,0,0
-31.769855,-31.997517,-300.00003,0,0
-32.769855,-31.997517,-300.00003,0,0
-33.769855,-31.997517,-300.00003,0,0
-34.769855,-31.997517,-300.00003,0,0
-35.769855,-31.997517,-300.00003,0,0
-36.769855,-31.997517,-300.00003,0,0
-37.769855,-31.997517,-300.00003,0,0
-38.769855,-31.997517,-300.00003,0,0
-39.769855,-31.997517,-300.00003,0,0
-40.769855,-31.997517,-300.00003,0,0
-41.769855,-31.997517,-300.00003,0,0
-42.769855,-31.997517,-300.00003,0,0
-43.769855,-31.997517,-300.00003,0,0
-44.769855,-31.997517,-300.00003,0,0
-45.769855,-31.997517,-300.00003,0,0
-46.769855,-31.997517,-300.00003,0,0
-47.769855,-31.997517,-300.00003,0,0
-48.769855,-31.997517,-300.00003,0,0
-49.769855,-31.997517,-300.00003,0,0
49.230145,-32.997517,-300.00003,0,0
48.230145,-32.997517,-300.00003,0,0
47.230145,-32.997517,-300.00003,0,0
46.230145,-32.997517,-300.00003,0,0
45.230145,-32.997517,-300.00003,0,0
44.230145,-32.997517,-300.00003,0,0
43.230145,-32.997517,-300.00003,0,0
42.230145,-32.997517,-300.00003,0,0
41.230145,-32.997517,-300.00003,0,0
40.230145,-32.997517,-300.00003,0,0
39.230145,-32.997517,-300.00003,0,0
38.230145,-32.997517,-300.00003,0,0
37.230145,-32.997517,-300.00003,0,0
36.230145,-32.997517,-300.00003,0,0
35.230145,-32.997517,-300.00003,0,0
34.230145,-32.997517,-300.00003,0,0
33.230145,-32.997517,-300.00003,0,0
32.230145,-32.997517,-300.00003,0,0
31.230145,-32.997517,-300.00003,0,0
30.230145,-32.997517,-300.00003,0,0
29.230145,-32.997517,-300.00003,0,0
28.230145,-32.997517,-300.00003,0,0
27.230145,-32.997517,-300.00003,0,0
26.230145,-32.997517,-300.00003,0,0
25.230145,-32.997517,-300.00003,0,0
24.230145,-32.997517,-300.00003,0,0
23.230145,-32.997517,-300.00003,0,0
22.230145,-32.997517,-300.00003,0,0
21.230145,-32.997517,-300.00003,0,0
20.230145,-32.997517,-300.00003,0,0
19.230145,-32.997517,-300.00003,0,0
18.230145,-32.997517,-300.00003,0,0
17.230145,-32.997517,-300.00003,0,0
16.230145,-32.997517,-300.00003,0,0
15.2301445,-32.997517,-300.00003,0,0
14.2301445,-32.997517,-300.00003,0,0
13.2301445,-32.997517,-300.00003,0,0
12.2301445,-32.997517,-300.00003,0,0
11.2301445,-32.997517,-300.00003,0,0
10.2301445,-32.997517,-300.00003,0,0
9.2301445,-32.997517,-300.00003,0,0
8.2301445,-32.997517,-300.00003,0,0
7.2301445,-32.997517,-300.00003,0,0
6.2301445,-32.997517,-300.00003,0,0
5.2301445,-32.997517,-300.00003,0,0
4.2301445,-32.997517,-300.00003,0,0
3.2301445,-32.997517,-300.00003,0,0
2.2301445,-32.997517,-300.00003,0,0
1.2301445,-32.997517,-300.00003,0,0
0.2301445,-32.997517,-300.00003,0,0
-0.7698555,-32.997517,-300.00003,0,0
-1.7698555,-32.997517,-300.00003,0,0
-2.7698555,-32.997517,-300.00003,0,0
-3.7698555,-32.997517,-300.00003,0,0
-4.7698555,-32.997517,-300.00003,0,0
-5.7698555,-32.997517,-300.00003,0,0
-6.7698555,-32.997517,-300.00003,0,0
-7.7698555,-32.997517,-300.00003,0,0
-8.7698555,-32.997517,-300.00003,0,0
-9.7698555,-32.997517,-300.00003,0,0
-10.7698555,-32.997517,-300.00003,0,0
-11.7698555,-32.997517,-300.00003,0,0
-12.7698555,-32.997517,-300.00003,0,0
-13.7698555,-32.997517,-300.00003,0,0
-14.7698555,-32.997517,-300.00003,0,0
-15.7698555,-32.997517,-300.00003,0,0
-16.769855,-32.997517,-300.00003,0,0
-17.769855,-32.997517,-300.00003,0,0
-18.769855,-32.997517,-300.00003,0,0
-19.769855,-32.997517,-300.00003,0,0
-20.769855,-32.997517,-300.00003,0,0
-21.769855,-32.997517,-300.00003,0,0
-22.769855,-32.997517,-300.00003,0,0
-23.769855,-32.997517,-300.00003,0,0
-24.769855,-32.997517,-300.00003,0,0
-25.769855,-32.997517,-300.00003,0,0
-26.769855,-32.997517,-300.00003,0,0
-27.769855,-32.997517,-300.00003,0,0
-28.769855,-32.997517,-300.00003,0,0
-29.769855,-32.997517,-300.00003,0,0
-30.769855,-32.997517,-300.00003,0,0
-31.769855,-32.997517,-300.00003,0,0
-32.769855,-32.997517,-300.00003,0,0
-33.769855,-32.997517,-300.00003,0,0
-34.769855,-32.997517,-300.00003,0,0
-35.769855,-32.997517,-300.00003,0,0
-36.769855,-32.997517,-300.00003,0,0
-37.769855,-32.997517,-300.00003,0,0
-38.769855,-32.997517,-300.00003,0,0
-39.769855,-32.997517,-300.00003,0,0
-40.769855,-32.997517,-300.00003,0,0
-41.769855,-32.997517,-300.00003,0,0
-42.769855,-32.997517,-300.00003,0,0
-43.769855,-32.997517,-300.00003,0,0
-44.769855,-32.997517,-300.00003,0,0
-45.769855,-32.997517,-300.00003,0,0
-46.769855,-32.997517,-300.00003,0,0
-47.769855,-32.997517,-300.00003,0,0
-48.769855,-32.997517,-300.00003,0,0
-49.769855,-32.997517,-300.00003,0,0
49.230145,-33.997517,-300.00003,0,0
48.230145,-33.997517,-300.00003,0,0
47.230145,-33.997517,-300.00003,0,0
46.230145,-33.997517,-300.00003,0,0
45.230145,-33.997517,-300.00003,0,0
44.230145,-33.997517,-300.00003,0,0
43.230145,-33.997517,-300.00003,0,0
42.230145,-33.997517,-300.00003,0,0
41.230145,-33.997517,-300.00003,0,0
40.230145,-33.997517,-300.00003,0,0
39.230145,-33.997517,-300.00003,0,0
38.230145,-33.997517,-300.00003,0,0
37.230145,-33.997517,-300.00003,0,0
36.230145,-33.997517,-300.00003,0,0
35.230145,-33.997517,-300.00003,0,0
34.230145,-33.997517,-300.00003,0,0
33.230145,-33.997517,-300.00003,0,0
32.230145,-33.997517,-300.00003,0,0
31.230145,-33.997517,-300.00003,0,0
30.230145,-33.997517,-300.00003,0,0
29.230145,-33.997517,-300.00003,0,0
28.230145,-33.997517,-300.00003,0,0
27.230145,-33.997517,-300.00003,0,0
26.230145,-33.997517,-300.00003,0,0
25.230145,-33.997517,-300.00003,0,0
24.230145,-33.997517,-300.00003,0,0
23.230145,-33.997517,-300.00003,0,0
22.230145,-33.997517,-300.00003,0,0
21.230145,-33.997517,-300.00003,0,0
20.230145,-33.997517,-300.00003,0,0
19.230145,-33.997517,-300.00003,0,0
18.230145,-33.997517,-300.00003,0,0
17.230145,-33.997517,-300.00003,0,0
16.230145,-33.997517,-300.00003,0,0
15.2301445,-33.997517,-300.00003,0,0
14.2301445,-33.997517,-300.00003,0,0
13.2301445,-33.997517,-300.00003,0,0
12.2301445,-33.997517,-300.00003,0,0
11.2301445,-33.997517,-300.00003,0,0
10.2301445,-33.997517,-300.00003,0,0
9.2301445,-33.997517,-300.00003,0,0
8.2301445,-33.997517,-300.00003,0,0
7.2301445,-33.997517,-300.00003,0,0
6.2301445,-33.997517,-300.00003,0,0
5.2301445,-33.997517,-300.00003,0,0
4.2301445,-33.997517,-300.00003,0,0
3.2301445,-33.997517,-300.00003,0,0
2.2301445,-33.997517,-300.00003,0,0
1.2301445,-33.997517,-300.00003,0,0
0.2301445,-33.997517,-300.00003,0,0
-0.7698555,-33.997517,-300.00003,0,0
-1.7698555,-33.997517,-300.00003,0,0
-2.7698555,-33.997517,-300.00003,0,0
-3.7698555,-33.997517,-300.00003,0,0
-4.7698555,-33.997517,-300.00003,0,0
-5.7698555,-33.997517,-300.00003,0,0
-6.7698555,-33.997517,-300.00003,0,0
-7.7698555,-33.997517,-300.00003,0,0
-8.7698555,-33.997517,-300.00003,0,0
-9.7698555,-33.997517,-300.00003,0,0
-10.7698555,-33.997517,-300.00003,0,0
-11.7698555,-33.997517,-300.00003,0,0
-12.7698555,-33.997517,-300.00003,0,0
-13.7698555,-33.997517,-300.00003,0,0
-14.7698555,-33.997517,-300.00003,0,0
-15.7698555,-33.997517,-300.00003,0,0
-16.769855,-33.997517,-300.00003,0,0
-17.769855,-33.997517,-300.00003,0,0
-18.769855,-33.997517,-300.00003,0,0
-19.769855,-33.997517,-300.00003,0,0
-20.769855,-33.997517,-300.00003,0,0
-21.769855,-33.997517,-300.00003,0,0
-22.769855,-33.997517,-300.00003,0,0
-23.769855,-33.997517,-300.00003,0,0
-24.769855,-33.997517,-300.00003,0,0
-25.769855,-33.997517,-300.00003,0,0
-26.769855,-33.997517,-300.00003,0,0
-27.769855,-33.997517,-300.00003,0,0
-28.769855,-33.997517,-300.00003,0,0
-29.769855,-33.997517,-300.00003,0,0
-30.769855,-33.997517,-300.00003,0,0
-31.769855,-33.997517,-300.00003,0,0
-32.769855,-33.997517,-300.00003,0,0
-33.769855,-33.997517,-300.00003,0,0
-34.769855,-33.997517,-300.00003,0,0
-35.769855,-33.997517,-300.00003,0,0
-36.769855,-33.997517,-300.00003,0,0
-37.769855,-33.997517,-300.00003,0,0
-38.769855,-33.997517,-300.00003,0,0
-39.769855,-33.997517,-300.00003,0,0
-40.769855,-33.997517,-300.00003,0,0
-41.769855,-33.997517,-300.00003,0,0
-42.769855,-33.997517,-300.00003,0,0
-43.769855,-33.997517,-300.00003,0,0
-44.769855,-33.997517,-300.00003,0,0
-45.769855,-33.997517,-300.00003,0,0
-46.769855,-33.997517,-300.00003,0,0
-47.769855,-33.997517,-300.00003,0,0
-48.769855,-33.997517,-300.00003,0,0
-49.769855,-33.997517,-300.00003,0,0
49.230145,-34.997517,-300.00003,0,0
48.230145,-34.997517,-300.00003,0,0
47.230145,-34.997517,-300.00003,0,0
46.230145,-34.997517,-300.00003,0,0
45.230145,-34.997517,-300.00003,0,0
44.230145,-34.997517,-300.00003,0,0
43.230145,-34.997517,-300.00003,0,0
42.230145,-34.997517,-300.00003,0,0
41.230145,-34.997517,-300.00003,0,0
40.230145,-34.997517,-300.00003,0,0
39.230145,-34.997517,-300.00003,0,0
38.230145,-34.997517,-300.00003,0,0
37.230145,-34.997517,-300.00003,0,0
36.230145,-34.997517,-300.00003,0,0
35.230145,-34.997517,-300.00003,0,0
34.230145,-34.997517,-300.00003,0,0
33.230145,-34.997517,-300.00003,0,0
32.230145,-34.997517,-300.00003,0,0
31.230145,-34.997517,-300.00003,0,0
30.230145,-34.997517,-300.00003,0,0
29.230145,-34.997517,-300.00003,0,0
28.230145,-34.997517,-300.00003,0,0
27.230145,-34.997517,-300.00003,0,0
26.230145,-34.997517,-300.00003,0,0
25.230145,-34.997517,-300.00003,0,0
24.230145,-34.997517,-300.00003,0,0
23.230145,-34.997517,-300.00003,0,0
22.230145,-34.997517,-300.00003,0,0
21.230145,-34.997517,-300.00003,0,0
20.230145,-34.997517,-300.00003,0,0
19.230145,-34.997517,-300.00003,0,0
18.230145,-34.997517,-300.00003,0,0
17.230145,-34.997517,-300.00003,0,0
16.230145,-34.997517,-300.00003,0,0
15.2301445,-34.997517,-300.00003,0,0
14.2301445,-34.997517,-300.00003,0,0
13.2301445,-34.997517,-300.00003,0,0
12.2301445,-34.997517,-300.00003,0,0
11.2301445,-34.997517,-300.00003,0,0
10.2301445,-34.997517,-300.00003,0,0
9.2301445,-34.997517,-300.00003,0,0
8.2301445,-34.997517,-300.00003,0,0
7.2301445,-34.997517,-300.00003,0,0
6.2301445,-34.997517,-300.00003,0,0
5.2301445,-34.997517,-300.00003,0,0
4.2301445,-34.997517,-300.00003,0,0
3.2301445,-34.997517,-300.00003,0,0
2.2301445,-34.997517,-300.00003,0,0
1.2301445,-34.997517,-300.00003,0,0
0.2301445,-34.997517,-300.00003,0,0
-0.7698555,-34.997517,-300.00003,0,0
-1.7698555,-34.997517,-300.00003,0,0
-2.7698555,-34.997517,-300.00003,0,0
-3.7698555,-34.997517,-300.00003,0,0
-4.7698555,-34.997517,-300.00003,0,0
-5.7698555,-34.997517,-300.00003,0,0
-6.7698555,-34.997517,-300.00003,0,0
-7.7698555,-34.997517,-300.00003,0,0
-8.7698555,-34.997517,-300.00003,0,0
-9.7698555,-34.997517,-300.00003,0,0
-10.7698555,-34.997517,-300.00003,0,0
-11.7698555,-34.997517,-300.00003,0,0
-12.7698555,-34.997517,-300.00003,0,0
-13.7698555,-34.997517,-300.00003,0,0
-14.7698555,-34.997517,-300.00003,0,0
-15.7698555,-34.997517,-300.00003,0,0
-16.769855,-34.997517,-300.00003,0,0
-17.769855,-34.997517,-300.00003,0,0
-18.769855,-34.997517,-300.00003,0,0
-19.769855,-34.997517,-300.00003,0,0
-20.769855,-34.997517,-300.00003,0,0
-21.769855,-34.997517,-300.00003,0,0
-22.769855,-34.997517,-300.00003,0,0
-23.769855,-34.997517,-300.00003,0,0
-24.769855,-34.997517,-300.00003,0,0
-25.769855,-34.997517,-300.00003,0,0
-26.769855,-34.997517,-300.00003,0,0
-27.769855,-34.997517,-300.00003,0,0
-28.769855,-34.997517,-300.00003,0,0
-29.769855,-34.997517,-300.00003,0,0
-30.769855,-34.997517,-300.00003,0,0
-31.769855,-34.997517,-300.00003,0,0
-32.769855,-34.997517,-300.00003,0,0
-33.769855,-34.997517,-300.00003,0,0
-34.769855,-34.997517,-300.00003,0,0
-35.769855,-34.997517,-300.00003,0,0
-36.769855,-34.997517,-300.00003,0,0
-37.769855,-34.997517,-300.00003,0,0
-38.769855,-34.997517,-300.00003,0,0
-39.769855,-34.997517,-300.00003,0,0
-40.769855,-34.997517,-300.00003,0,0
-41.769855,-34.997517,-300.00003,0,0
-42.769855,-34.997517,-300.00003,0,0
-43.769855,-34.997517,-300.00003,0,0
-44.769855,-34.997517,-300.00003,0,0
-45.769855,-34.997517,-300.00003,0,0
-46.769855,-34.997517,-300.00003,0,0
-47.769855,-34.997517,-300.00003,0,0
-48.769855,-34.997517,-300.00003,0,0
-49.769855,-34.997517,-300.00003,0,0
49.230145,-35.997517,-300.00003,0,0
48.230145,-35.997517,-300.00003,0,0
47.230145,-35.997517,-300.00003,0,0
46.230145,-35.997517,-300.00003,0,0
45.230145,-35.997517,-300.00003,0,0
44.230145,-35.997517,-300.00003,0,0
43.230145,-35.997517,-300.00003,0,0
42.230145,-35.997517,-300.00003,0,0
41.230145,-35.997517,-300.00003,0,0
40.230145,-35.997517,-300.00003,0,0
39.230145,-35.997517,-300.00003,0,0
38.230145,-35.997517,-300.00003,0,0
37.230145,-35.997517,-300.00003,0,0
36.230145,-35.997517,-300.00003,0,0
35.230145,-35.997517,-300.00003,0,0
34.230145,-35.997517,-300.00003,0,0
33.230145,-35.997517,-300.00003,0,0
32.230145,-35.997517,-300.00003,0,0
31.230145,-35.997517,-300.00003,0,0
30.230145,-35.997517,-300.00003,0,0
29.230145,-35.997517,-300.00003,0,0
28.230145,-35.997517,-300.00003,0,0
27.230145,-35.997517,-300.00003,0,0
26.230145,-35.997517,-300.00003,0,0
25.230145,-35.997517,-300.00003,0,0
24.230145,-35.997517,-300.00003,0,0
23.230145,-35.997517,-300.00003,0,0
22.230145,-35.997517,-300.00003,0,0
21.230145,-35.997517,-300.00003,0,0
20.230145,-35.997517,-300.00003,0,0
19.230145,-35.997517,-300.00003,0,0
18.230145,-35.997517,-300.00003,0,0
17.230145,-35.997517,-300.00003,0,0
16.230145,-35.997517,-300.00003,0,0
15.2301445,-35.997517,-300.00003,0,0
14.2301445,-35.997517,-300.00003,0,0
13.2301445,-35.997517,-300.00003,0,0
12.2301445,-35.997517,-300.00003,0,0
11.2301445,-35.997517,-300.00003,0,0
10.2301445,-35.997517,-300.00003,0,0
9.2301445,-35.997517,-300.00003,0,0
8.2301445,-35.997517,-300.00003,0,0
7.2301445,-35.997517,-300.00003,0,0
6.2301445,-35.997517,-300.00003,0,0
5.2301445,-35.997517,-300.00003,0,0
4.2301445,-35.997517,-300.00003,0,0
3.2301445,-35.997517,-300.00003,0,0
2.2301445,-35.997517,-300.00003,0,0
1.2301445,-35.997517,-300.00003,0,0
0.2301445,-35.997517,-300.00003,0,0
-0.7698555,-35.997517,-300.00003,0,0
-1.7698555,-35.997517,-300.00003,0,0
-2.7698555,-35.997517,-300.00003,0,0
-3.7698555,-35.997517,-300.00003,0,0
-4.7698555,-35.997517,-300.00003,0,0
-5.7698555,-35.997517,-300.00003,0,0
-6.7698555,-35.997517,-300.00003,0,0
-7.7698555,-35.997517,-300.00003,0,0
-8.7698555,-35.997517,-300.00003,0,0
-9.7698555,-35.997517,-300.00003,0,0
-10.7698555,-35.997517,-300.00003,0,0
-11.7698555,-35.997517,-300.00003,0,0
-12.7698555,-35.997517,-300.00003,0,0
-13.7698555,-35.997517,-300.00003,0,0
-14.7698555,-35.997517,-300.00003,0,0
-15.7698555,-35.997517,-300.00003,0,0
-16.769855,-35.997517,-300.00003,0,0
-17.769855,-35.997517,-300.00003,0,0
-18.769855,-35.997517,-300.00003,0,0
-19.769855,-35.997517,-300.00003,0,0
-20.769855,-35.997517,-300.00003,0,0
-21.769855,-35.997517,-300.00003,0,0
-22.769855,-35.997517,-300.00003,0,0
-23.769855,-35.997517,-300.00003,0,0
-24.769855,-35.997517,-300.00003,0,0
-25.769855,-35.997517,-300.00003,0,0
-26.769855,-35.997517,-300.00003,0,0
-27.769855,-35.997517,-300.00003,0,0
-28.769855,-35.997517,-300.00003,0,0
-29.769855,-35.997517,-300.00003,0,0
-30.769855,-35.997517,-300.00003,0,0
-31.769855,-35.997517,-300.00003,0,0
-32.769855,-35.997517,-300.00003,0,0
-33.769855,-35.997517,-300.00003,0,0
-34.769855,-35.997517,-300.00003,0,0
-35.769855,-35.997517,-300.00003,0,0
-36.769855,-35.997517,-300.00003,0,0
-37.769855,-35.997517,-300.00003,0,0
-38.769855,-35.997517,-300.00003,0,0
-39.769855,-35.997517,-300.00003,0,0
-40.769855,-35.997517,-300.00003,0,0
-41.769855,-35.997517,-300.00003,0,0
-42.769855,-35.997517,-300.00003,0,0
-43.769855,-35.997517,-300.00003,0,0
-44.769855,-35.997517,-300.00003,0,0
-45.769855,-35.997517,-300.00003,0,0
-46.769855,-35.997517,-300.00003,0,0
-47.769855,-35.997517,-300.00003,0,0
-48.769855,-35.997517,-300.00003,0,0
-49.769855,-35.997517,-300.00003,0,0
49.230145,-36.997517,-300.00003,0,0
48.230145,-36.997517,-300.00003,0,0
47.230145,-36.997517,-300.00003,0,0
46.230145,-36.997517,-300.00003,0,0
45.230145,-36.997517,-300.00003,0,0
44.230145,-36.997517,-300.00003,0,0
43.230145,-36.997517,-300.00003,0,0
42.230145,-36.997517,-300.00003,0,0
41.230145,-36.997517,-300.00003,0,0
40.230145,-36.997517,-300.00003,0,0
39.230145,-36.997517,-300.00003,0,0
38.230145,-36.997517,-300.00003,0,0
37.230145,-36.997517,-300.00003,0,0
36.230145,-36.997517,-300.00003,0,0
35.230145,-36.997517,-300.00003,0,0
34.230145,-36.997517,-300.00003,0,0
33.230145,-36.997517,-300.00003,0,0
32.230145,-36.997517,-300.00003,0,0
31.230145,-36.997517,-300.00003,0,0
30.230145,-36.997517,-300.00003,0,0
29.230145,-36.997517,-300.00003,0,0
28.230145,-36.997517,-300.00003,0,0
27.230145,-36.997517,-300.00003,0,0
26.230145,-36.997517,-300.00003,0,0
25.230145,-36.997517,-300.00003,0,0
24.230145,-36.997517,-300.00003,0,0
23.230145,-36.997517,-300.00003,0,0
22.230145,-36.997517,-300.00003,0,0
21.230145,-36.997517,-300.00003,0,0
20.230145,-36.997517,-300.00003,0,0
19.230145,-36.997517,-300.00003,0,0
18.230145,-36.997517,-300.00003,0,0
17.230145,-36.997517,-300.00003,0,0
16.230145,-36.997517,-300.00003,0,0
15.2301445,-36.997517,-300.00003,0,0
14.2301445,-36.997517,-300.00003,0,0
13.2301445,-36.997517,-300.00003,0,0
12.2301445,-36.997517,-300.00003,0,0
11.2301445,-36.997517,-300.00003,0,0
10.2301445,-36.997517,-300.00003,0,0
9.2301445,-36.997517,-300.00003,0,0
8.2301445,-36.997517,-300.00003,0,0
7.2301445,-36.997517,-300.00003,0,0
6.2301445,-36.997517,-300.00003,0,0
5.2301445,-36.997517,-300.00003,0,0
4.2301445,-36.997517,-300.00003,0,0
3.2301445,-36.997517,-300.00003,0,0
2.2301445,-36.997517,-300.00003,0,0
1.2301445,-36.997517,-300.00003,0,0
0.2301445,-36.997517,-300.00003,0,0
-0.7698555,-36.997517,-300.00003,0,0
-1.7698555,-36.997517,-300.00003,0,0
-2.7698555,-36.997517,-300.00003,0,0
-3.7698555,-36.997517,-300.00003,0,0
-4.7698555,-36.997517,-300.00003,0,0
-5.7698555,-36.997517,-300.00003,0,0
-6.7698555,-36.997517,-300.00003,0,0
-7.7698555,-36.997517,-300.00003,0,0
-8.7698555,-36.997517,-300.00003,0,0
-9.7698555,-36.997517,-300.00003,0,0
-10.7698555,-36.997517,-300.00003,0,0
-11.7698555,-36.997517,-300.00003,0,0
-12.7698555,-36.997517,-300.00003,0,0
-13.7698555,-36.997517,-300.00003,0,0
-14.7698555,-36.997517,-300.00003,0,0
-15.7698555,-36.997517,-300.00003,0,0
-16.769855,-36.997517,-300.00003,0,0
-17.769855,-36.997517,-300.00003,0,0
-18.769855,-36.997517,-300.00003,0,0
-19.769855,-36.997517,-300.00003,0,0
-20.769855,-36.997517,-300.00003,0,0
-21.769855,-36.997517,-300.00003,0,0
-22.769855,-36.997517,-300.00003,0,0
-23.769855,-36.997517,-300.00003,0,0
-24.769855,-36.997517,-300.00003,0,0
-25.769855,-36.997517,-300.00003,0,0
-26.769855,-36.997517,-300.00003,0,0
-27.769855,-36.997517,-300.00003,0,0
-28.769855,-36.997517,-300.00003,0,0
-29.769855,-36.997517,-300.00003,0,0
-30.769855,-36.997517,-300.00003,0,0
-31.769855,-36.997517,-300.00003,0,0
-32.769855,-36.997517,-300.00003,0,0
-33.769855,-36.997517,-300.00003,0,0
-34.769855,-36.997517,-300.00003,0,0
-35.769855,-36.997517,-300.00003,0,0
-36.769855,-36.997517,-300.00003,0,0
-37.769855,-36.997517,-300.00003,0,0
-38.769855,-36.997517,-300.00003,0,0
-39.769855,-36.997517,-300.00003,0,0
-40.769855,-36.997517,-300.00003,0,0
-41.769855,-36.997517,-300.00003,0,0
-42.769855,-36.997517,-300.00003,0,0
-43.769855,-36.997517,-300.00003,0,0
-44.769855,-36.997517,-300.00003,0,0
-45.769855,-36.997517,-300.00003,0,0
-46.769855,-36.997517,-300.00003,0,0
-47.769855,-36.997517,-300.00003,0,0
-48.769855,-36.997517,-300.00003,0,0
-49.769855,-36.997517,-300.00003,0,0
49.230145,-37.997517,-300.00003,0,0
48.230145,-37.997517,-300.00003,0,0
47.230145,-37.997517,-300.00003,0,0
46.230145,-37.997517,-300.00003,0,0
45.230145,-37.997517,-300.00003,0,0
44.230145,-37.997517,-300.00003,0,0
43.230145,-37.997517,-300.00003,0,0
42.230145,-37.997517,-300.00003,0,0
41.230145,-37.997517,-300.00003,0,0
40.230145,-37.997517,-300.00003,0,0
39.230145,-37.997517,-300.00003,0,0
38.230145,-37.997517,-300.00003,0,0
37.230145,-37.997517,-300.00003,0,0
36.230145,-37.997517,-300.00003,0,0
35.230145,-37.997517,-300.00003,0,0
34.230145,-37.997517,-300.00003,0,0
33.230145,-37.997517,-300.00003,0,0
32.230145,-37.997517,-300.00003,0,0
31.230145,-37.997517,-300.00003,0,0
30.230145,-37.997517,-300.00003,0,0
29.230145,-37.997517,-300.00003,0,0
28.230145,-37.997517,-300.00003,0,0
27.230145,-37.997517,-300.00003,0,0
26.230145,-37.997517,-300.00003,0,0
25.230145,-37.997517,-300.00003,0,0
24.230145,-37.997517,-300.00003,0,0
23.230145,-37.997517,-300.00003,0,0
22.230145,-37.997517,-300.00003,0,0
21.230145,-37.997517,-300.00003,0,0
20.230145,-37.997517,-300.00003,0,0
19.230145,-37.997517,-300.00003,0,0
18.230145,-37.997517,-300.00003,0,0
17.230145,-37.997517,-300.00003,0,0
16.230145,-37.997517,-300.00003,0,0
15.2301445,-37.997517,-300.00003,0,0
14.2301445,-37.997517,-300.00003,0,0
13.2301445,-37.997517,-300.00003,0,0
12.2301445,-37.997517,-300.00003,0,0
11.2301445,-37.997517,-300.00003,0,0
10.2301445,-37.997517,-300.00003,0,0
9.2301445,-37.997517,-300.00003,0,0
8.2301445,-37.997517,-300.00003,0,0
7.2301445,-37.997517,-300.00003,0,0
6.2301445,-37.997517,-300.00003,0,0
5.2301445,-37.997517,-300.00003,0,0
4.2301445,-37.997517,-300.00003,0,0
3.2301445,-37.997517,-300.00003,0,0
2.2301445,-37.997517,-300.00003,0,0
1.2301445,-37.997517,-300.00003,0,0
0.2301445,-37.997517,-300.00003,0,0
-0.7698555,-37.997517,-300.00003,0,0
-1.7698555,-37.997517,-300.00003,0,0
-2.7698555,-37.997517,-300.00003,0,0
-3.7698555,-37.997517,-300.00003,0,0
-4.7698555,-37.997517,-300.00003,0,0
-5.7698555,-37.997517,-300.00003,0,0
-6.7698555,-37.997517,-300.00003,0,0
-7.7698555,-37.997517,-300.00003,0,0
-8.7698555,-37.997517,-300.00003,0,0
-9.7698555,-37.997517,-300.00003,0,0
-10.7698555,-37.997517,-300.00003,0,0
-11.7698555,-37.997517,-300.00003,0,0
-12.7698555,-37.997517,-300.00003,0,0
-13.7698555,-37.997517,-300.00003,0,0
-14.7698555,-37.997517,-300.00003,0,0
-15.7698555,-37.997517,-300.00003,0,0
-16.769855,-37.997517,-300.00003,0,0
-17.769855,-37.997517,-300.00003,0,0
-18.769855,-37.997517,-300.00003,0,0
-19.769855,-37.997517,-300.00003,0,0
-20.769855,-37.997517,-300.00003,0,0
-21.769855,-37.997517,-300.00003,0,0
-22.769855,-37.997517,-300.00003,0,0
-23.769855,-37.997517,-300.00003,0,0
-24.769855,-37.997517,-300.00003,0,0
-25.769855,-37.997517,-300.00003,0,0
-26.769855,-37.997517,-300.00003,0,0
-27.769855,-37.997517,-300.00003,0,0
-28.769855,-37.997517,-300.00003,0,0
-29.769855,-37.997517,-300.00003,0,0
-30.769855,-37.997517,-300.00003,0,0
-31.769855,-37.997517,-300.00003,0,0
-32.769855,-37.997517,-300.00003,0,0
-33.769855,-37.997517,-300.00003,0,0
-34.769855,-37.997517,-300.00003,0,0
-35.769855,-37.997517,-300.00003,0,0
-36.769855,-37.997517,-300.00003,0,0
-37.769855,-37.997517,-300.00003,0,0
-38.769855,-37.997517,-300.00003,0,0
-39.769855,-37.997517,-300.00003,0,0
-40.769855,-37.997517,-300.00003,0,0
-41.769855,-37.997517,-300.00003,0,0
-42.769855,-37.997517,-300.00003,0,0
-43.769855,-37.997517,-300.00003,0,0
-44.769855,-37.997517,-300.00003,0,0
-45.769855,-37.997517,-300.00003,0,0
-46.769855,-37.997517,-300.00003,0,0
-47.769855,-37.997517,-300.00003,0,0
-48.769855,-37.997517,-300.00003,0,0
-49.769855,-37.997517,-300.00003,0,0
49.230145,-38.997517,-300.00003,0,0
48.230145,-38.997517,-300.00003,0,0
47.230145,-38.997517,-300.00003,0,0
46.230145,-38.997517,-300.00003,0,0
45.230145,-38.997517,-300.00003,0,0
44.230145,-38.997517,-300.00003,0,0
43.230145,-38.997517,-300.00003,0,0
42.230145,-38.997517,-300.00003,0,0
41.230145,-38.997517,-300.00003,0,0
40.230145,-38.997517,-300.00003,0,0
39.230145,-38.997517,-300.00003,0,0
38.230145,-38.997517,-300.00003,0,0
37.230145,-38.997517,-300.00003,0,0
36.230145,-38.997517,-300.00003,0,0
35.230145,-38.997517,-300.00003,0,0
34.230145,-38.997517,-300.00003,0,0
33.230145,-38.997517,-300.00003,0,0
32.230145,-38.997517,-300.00003,0,0
31.230145,-38.997517,-300.00003,0,0
30.230145,-38.997517,-300.00003,0,0
29.230145,-38.997517,-300.00003,0,0
28.230145,-38.997517,-300.00003,0,0
27.230145,-38.997517,-300.00003,0,0
26.230145,-38.997517,-300.00003,0,0
25.230145,-38.997517,-300.00003,0,0
24.230145,-38.997517,-300.00003,0,0
23.230145,-38.997517,-300.00003,0,0
22.230145,-38.997517,-300.00003,0,0
21.230145,-38.997517,-300.00003,0,0
20.230145,-38.997517,-300.00003,0,0
19.230145,-38.997517,-300.00003,0,0
18.230145,-38.997517,-300.00003,0,0
17.230145,-38.997517,-300.00003,0,0
16.230145,-38.997517,-300.00003,0,0
15.2301445,-38.997517,-300.00003,0,0
14.2301445,-38.997517,-300.00003,0,0
13.2301445,-38.997517,-300.00003,0,0
12.2301445,-38.997517,-300.00003,0,0
11.2301445,-38.997517,-300.00003,0,0
10.2301445,-38.997517,-300.00003,0,0
9.2301445,-38.997517,-300.00003,0,0
8.2301445,-38.997517,-300.00003,0,0
7.2301445,-38.997517,-300.00003,0,0
6.2301445,-38.997517,-300.00003,0,0
5.2301445,-38.997517,-300.00003,0,0
4.2301445,-38.997517,-300.00003,0,0
3.2301445,-38.997517,-300.00003,0,0
2.2301445,-38.997517,-300.00003,0,0
1.2301445,-38.997517,-300.00003,0,0
0.2301445,-38.997517,-300.00003,0,0
-0.7698555,-38.997517,-300.00003,0,0
-1.7698555,-38.997517,-300.00003,0,0
-2.7698555,-38.997517,-300.00003,0,0
-3.7698555,-38.997517,-300.00003,0,0
-4.7698555,-38.997517,-300.00003,0,0
-5.7698555,-38.997517,-300.00003,0,0
-6.7698555,-38.997517,-300.00003,0,0
-7.7698555,-38.997517,-300.00003,0,0
-8.7698555,-38.997517,-300.00003,0,0
-9.7698555,-38.997517,-300.00003,0,0
-10.7698555,-38.997517,-300.00003,0,0
-11.7698555,-38.997517,-300.00003,0,0
-12.7698555,-38.997517,-300.00003,0,0
-13.7698555,-38.997517,-300.00003,0,0
-14.7698555,-38.997517,-300.00003,0,0
-15.7698555,-38.997517,-300.00003,0,0
-16.769855,-38.997517,-300.00003,0,0
-17.769855,-38.997517,-300.00003,0,0
-18.769855,-38.997517,-300.00003,0,0
-19.769855,-38.997517,-300.00003,0,0
-20.769855,-38.997517,-300.00003,0,0
-21.769855,-38.997517,-300.00003,0,0
-22.769855,-38.997517,-300.00003,0,0
-23.769855,-38.997517,-300.00003,0,0
-24.769855,-38.997517,-300.00003,0,0
-25.769855,-38.997517,-300.00003,0,0
-26.769855,-38.997517,-300.00003,0,0
-27.769855,-38.997517,-300.00003,0,0
-28.769855,-38.997517,-300.00003,0,0
-29.769855,-38.997517,-300.00003,0,0
-30.769855,-38.997517,-300.00003,0,0
-31.769855,-38.997517,-300.00003,0,0
-32.769855,-38.997517,-300.00003,0,0
-33.769855,-38.997517,-300.00003,0,0
-34.769855,-38.997517,-300.00003,0,0
-35.769855,-38.997517,-300.00003,0,0
-36.769855,-38.997517,-300.00003,0,0
-37.769855,-38.997517,-300.00003,0,0
-38.769855,-38.997517,-300.00003,0,0
-39.769855,-38.997517,-300.00003,0,0
-40.769855,-38.997517,-300.00003,0,0
-41.769855,-38.997517,-300.00003,0,0
-42.769855,-38.997517,-300.00003,0,0
-43.769855,-38.997517,-300.00003,0,0
-44.769855,-38.997517,-300.00003,0,0
-45.769855,-38.997517,-300.00003,0,0
-46.769855,-38.997517,-300.00003,0,0
-47.769855,-38.997517,-300.00003,0,0
-48.769855,-38.997517,-300.00003,0,0
-49.769855,-38.997517,-300.00003,0,0
49.230145,-39.997517,-300.00003,0,0
48.230145,-39.997517,-300.00003,0,0
47.230145,-39.997517,-300.00003,0,0
46.230145,-39.997517,-300.00003,0,0
45.230145,-39.997517,-300.00003,0,0
44.230145,-39.997517,-300.00003,0,0
43.230145,-39.997517,-300.00003,0,0
42.230145,-39.997517,-300.00003,0,0
41.230145,-39.997517,-300.00003,0,0
40.230145,-39.997517,-300.00003,0,0
39.230145,-39.997517,-300.00003,0,0
38.230145,-39.997517,-300.00003,0,0
37.230145,-39.997517,-300.00003,0,0
36.230145,-39.997517,-300.00003,0,0
35.230145,-39.997517,-300.00003,0,0
34.230145,-39.997517,-300.00003,0,0
33.230145,-39.997517,-300.00003,0,0
32.230145,-39.997517,-300.00003,0,0
31.230145,-39.997517,-300.00003,0,0
30.230145,-39.997517,-300.00003,0,0
29.230145,-39.997517,-300.00003,0,0
28.230145,-39.997517,-300.00003,0,0
27.230145,-39.997517,-300.00003,0,0
26.230145,-39.997517,-300.00003,0,0
25.230145,-39.997517,-300.00003,0,0
24.230145,-39.997517,-300.00003,0,0
23.230145,-39.997517,-300.00003,0,0
22.230145,-39.997517,-300.00003,0,0
21.230145,-39.997517,-300.00003,0,0
20.230145,-39.997517,-300.00003,0,0
19.230145,-39.997517,-300.00003,0,0
18.230145,-39.997517,-300.00003,0,0
17.230145,-39.997517,-300.00003,0,0
16.230145,-39.997517,-300.00003,0,0
15.2301445,-39.997517,-300.00003,0,0
14.2301445,-39.997517,-300.00003,0,0
13.2301445,-39.997517,-300.00003,0,0
12.2301445,-39.997517,-300.00003,0,0
11.2301445,-39.997517,-300.00003,0,0
10.2301445,-39.997517,-300.00003,0,0
9.2301445,-39.997517,-300.00003,0,0
8.2301445,-39.997517,-300.00003,0,0
7.2301445,-39.997517,-300.00003,0,0
6.2301445,-39.997517,-300.00003,0,0
5.2301445,-39.997517,-300.00003,0,0
4.2301445,-39.997517,-300.00003,0,0
3.2301445,-39.997517,-300.00003,0,0
2.2301445,-39.997517,-300.00003,0,0
1.2301445,-39.997517,-300.00003,0,0
0.2301445,-39.997517,-300.00003,0,0
-0.7698555,-39.997517,-300.00003,0,0
-1.7698555,-39.997517,-300.00003,0,0
-2.7698555,-39.997517,-300.00003,0,0
-3.7698555,-39.997517,-300.00003,0,0
-4.7698555,-39.997517,-300.00003,0,0
-5.7698555,-39.997517,-300.00003,0,0
-6.7698555,-39.997517,-300.00003,0,0
-7.7698555,-39.997517,-300.00003,0,0
-8.7698555,-39.997517,-300.00003,0,0
-9.7698555,-39.997517,-300.00003,0,0
-10.7698555,-39.997517,-300.00003,0,0
-11.7698555,-39.997517,-300.00003,0,0
-12.7698555,-39.997517,-300.00003,0,0
-13.7698555,-39.997517,-300.00003,0,0
-14.7698555,-39.997517,-300.00003,0,0
-15.7698555,-39.997517,-300.00003,0,0
-16.769855,-39.997517,-300.00003,0,0
-17.769855,-39.997517,-300.00003,0,0
-18.769855,-39.997517,-300.00003,0,0
-19.769855,-39.997517,-300.00003,0,0
-20.769855,-39.997517,-300.00003,0,0
-21.769855,-39.997517,-300.00003,0,0
-22.769855,-39.997517,-300.00003,0,0
-23.769855,-39.997517,-300.00003,0,0
-24.769855,-39.997517,-300.00003,0,0
-25.769855,-39.997517,-300.00003,0,0
-26.769855,-39.997517,-300.00003,0,0
-27.769855,-39.997517,-300.00003,0,0
-28.769855,-39.997517,-300.00003,0,0
-29.769855,-39.997517,-300.00003,0,0
-30.769855,-39.997517,-300.00003,0,0
-31.769855,-39.997517,-300.00003,0,0
-32.769855,-39.997517,-300.00003,0,0
-33.769855,-39.997517,-300.00003,0,0
-34.769855,-39.997517,-300.00003,0,0
-35.769855,-39.997517,-300.00003,0,0
-36.769855,-39.997517,-300.00003,0,0
-37.769855,-39.997517,-300.00003,0,0
-38.769855,-39.997517,-300.00003,0,0
-39.769855,-39.997517,-300.00003,0,0
-40.769855,-39.997517,-300.00003,0,0
-41.769855,-39.997517,-300.00003,0,0
-42.769855,-39.997517,-300.00003,0,0
-43.769855,-39.997517,-300.00003,0,0
-44.769855,-39.997517,-300.00003,0,0
-45.769855,-39.997517,-300.00003,0,0
-46.769855,-39.997517,-300.00003,0,0
-47.769855,-39.997517,-300.00003,0,0
-48.769855,-39.997517,-300.00003,0,0
-49.769855,-39.997517,-300.00003,0,0
49.230145,-40.997517,-300.00003,0,0
48.230145,-40.997517,-300.00003,0,0
47.230145,-40.997517,-300.00003,0,0
46.230145,-40.997517,-300.00003,0,0
45.230145,-40.997517,-300.00003,0,0
44.230145,-40.997517,-300.00003,0,0
43.230145,-40.997517,-300.00003,0,0
42.230145,-40.997517,-300.00003,0,0
41.230145,-40.997517,-300.00003,0,0
40.230145,-40.997517,-300.00003,0,0
39.230145,-40.997517,-300.00003,0,0
38.230145,-40.997517,-300.00003,0,0
37.230145,-40.997517,-300.00003,0,0
36.230145,-40.997517,-300.00003,0,0
35.230145,-40.997517,-300.00003,0,0
34.230145,-40.997517,-300.00003,0,0
33.230145,-40.997517,-300.00003,0,0
32.230145,-40.997517,-300.00003,0,0
31.230145,-40.997517,-300.00003,0,0
30.230145,-40.997517,-300.00003,0,0
29.230145,-40.997517,-300.00003,0,0
28.230145,-40.997517,-300.00003,0,0
27.230145,-40.997517,-300.00003,0,0
26.230145,-40.997517,-300.00003,0,0
25.230145,-40.997517,-300.00003,0,0
24.230145,-40.997517,-300.00003,0,0
23.230145,-40.997517,-300.00003,0,0
22.230145,-40.997517,-300.00003,0,0
21.230145,-40.997517,-300.00003,0,0
20.230145,-40.997517,-300.00003,0,0
19.230145,-40.997517,-300.00003,0,0
18.230145,-40.997517,-300.00003,0,0
17.230145,-40.997517,-300.00003,0,0
16.230145,-40.997517,-300.00003,0,0
15.2301445,-40.997517,-300.00003,0,0
14.2301445,-40.997517,-300.00003,0,0
13.2301445,-40.997517,-300.00003,0,0
12.2301445,-40.997517,-300.00003,0,0
11.2301445,-40.997517,-300.00003,0,0
10.2301445,-40.997517,-300.00003,0,0
9.2301445,-40.997517,-300.00003,0,0
8.2301445,-40.997517,-300.00003,0,0
7.2301445,-40.997517,-300.00003,0,0
6.2301445,-40.997517,-300.00003,0,0
5.2301445,-40.997517,-300.00003,0,0
4.2301445,-40.997517,-300.00003,0,0
3.2301445,-40.997517,-300.00003,0,0
2.2301445,-40.997517,-300.00003,0,0
1.2301445,-40.997517,-300.00003,0,0
0.2301445,-40.997517,-300.00003,0,0
-0.7698555,-40.997517,-300.00003,0,0
-1.7698555,-40.997517,-300.00003,0,0
-2.7698555,-40.997517,-300.00003,0,0
-3.7698555,-40.997517,-300.00003,0,0
-4.7698555,-40.997517,-300.00003,0,0
-5.7698555,-40.997517,-300.00003,0,0
-6.7698555,-40.997517,-300.00003,0,0
-7.7698555,-40.997517,-300.00003,0,0
-8.7698555,-40.997517,-300.00003,0,0
-9.7698555,-40.997517,-300.00003,0,0
-10.7698555,-40.997517,-300.00003,0,0
-11.7698555,-40.997517,-300.00003,0,0
-12.7698555,-40.997517,-300.00003,0,0
-13.7698555,-40.997517,-300.00003,0,0
-14.7698555,-40.997517,-300.00003,0,0
-15.7698555,-40.997517,-300.00003,0,0
-16.769855,-40.997517,-300.00003,0,0
-17.769855,-40.997517,-300.00003,0,0
-18.769855,-40.997517,-300.00003,0,0
-19.769855,-40.997517,-300.00003,0,0
-20.769855,-40.997517,-300.00003,0,0
-21.769855,-40.997517,-300.00003,0,0
-22.769855,-40.997517,-300.00003,0,0
-23.769855,-40.997517,-300.00003,0,0
-24.769855,-40.997517,-300.00003,0,0
-25.769855,-40.997517,-300.00003,0,0
-26.769855,-40.997517,-300.00003,0,0
-27.769855,-40.997517,-300.00003,0,0
-28.769855,-40.997517,-300.00003,0,0
-29.769855,-40.997517,-300.00003,0,0
-30.769855,-40.997517,-300.00003,0,0
-31.769855,-40.997517,-300.00003,0,0
-32.769855,-40.997517,-300.00003,0,0
-33.769855,-40.997517,-300.00003,0,0
-34.769855,-40.997517,-300.00003,0,0
-35.769855,-40.997517,-300.00003,0,0
-36.769855,-40.997517,-300.00003,0,0
-37.769855,-40.997517,-300.00003,0,0
-38.769855,-40.997517,-300.00003,0,0
-39.769855,-40.997517,-300.00003,0,0
-40.769855,-40.997517,-300.00003,0,0
-41.769855,-40.997517,-300.00003,0,0
-42.769855,-40.997517,-300.00003,0,0
-43.769855,-40.997517,-300.00003,0,0
-44.769855,-40.997517,-300.00003,0,0
-45.769855,-40.997517,-300.00003,0,0
-46.769855,-40.997517,-300.00003,0,0
-47.769855,-40.997517,-300.00003,0,0
-48.769855,-40.997517,-300.00003,0,0
-49.769855,-40.997517,-300.00003,0,0
49.230145,-41.997517,-300.00003,0,0
48.230145,-41.997517,-300.00003,0,0
47.230145,-41.997517,-300.00003,0,0
46.230145,-41.997517,-300.00003,0,0
45.230145,-41.997517,-300.00003,0,0
44.230145,-41.997517,-300.00003,0,0
43.230145,-41.997517,-300.00003,0,0
42.230145,-41.997517,-300.00003,0,0
41.230145,-41.997517,-300.00003,0,0
40.230145,-41.997517,-300.00003,0,0
39.230145,-41.997517,-300.00003,0,0
38.230145,-41.997517,-300.00003,0,0
37.230145,-41.997517,-300.00003,0,0
36.230145,-41.997517,-300.00003,0,0
35.230145,-41.997517,-300.00003,0,0
34.230145,-41.997517,-300.00003,0,0
33.230145,-41.997517,-300.00003,0,0
32.230145,-41.997517,-300.00003,0,0
31.230145,-41.997517,-300.00003,0,0
30.230145,-41.997517,-300.00003,0,0
29.230145,-41.997517,-300.00003,0,0
28.230145,-41.997517,-300.00003,0,0
27.230145,-41.997517,-300.00003,0,0
26.230145,-41.997517,-300.00003,0,0
25.230145,-41.997517,-300.00003,0,0
24.230145,-41.997517,-300.00003,0,0
23.230145,-41.997517,-300.00003,0,0
22.230145,-41.997517,-300.00003,0,0
21.230145,-41.997517,-300.00003,0,0
20.230145,-41.997517,-300.00003,0,0
19.230145,-41.997517,-300.00003,0,0
18.230145,-41.997517,-300.00003,0,0
17.230145,-41.997517,-300.00003,0,0
16.230145,-41.997517,-300.00003,0,0
15.2301445,-41.997517,-300.00003,0,0
14.2301445,-41.997517,-300.00003,0,0
13.2301445,-41.997517,-300.00003,0,0
12.2301445,-41.997517,-300.00003,0,0
11.2301445,-41.997517,-300.00003,0,0
10.2301445,-41.997517,-300.00003,0,0
9.2301445,-41.997517,-300.00003,0,0
8.2301445,-41.997517,-300.00003,0,0
7.2301445,-41.997517,-300.00003,0,0
6.2301445,-41.997517,-300.00003,0,0
5.2301445,-41.997517,-300.00003,0,0
4.2301445,-41.997517,-300.00003,0,0
3.2301445,-41.997517,-300.00003,0,0
2.2301445,-41.997517,-300.00003,0,0
1.2301445,-41.997517,-300.00003,0,0
0.2301445,-41.997517,-300.00003,0,0
-0.7698555,-41.997517,-300.00003,0,0
-1.7698555,-41.997517,-300.00003,0,0
-2.7698555,-41.997517,-300.00003,0,0
-3.7698555,-41.997517,-300.00003,0,0
-4.7698555,-41.997517,-300.00003,0,0
-5.7698555,-41.997517,-300.00003,0,0
-6.7698555,-41.997517,-300.00003,0,0
-7.7698555,-41.997517,-300.00003,0,0
-8.7698555,-41.997517,-300.00003,0,0
-9.7698555,-41.997517,-300.00003,0,0
-10.7698555,-41.997517,-300.00003,0,0
-11.7698555,-41.997517,-300.00003,0,0
-12.7698555,-41.997517,-300.00003,0,0
-13.7698555,-41.997517,-300.00003,0,0
-14.7698555,-41.997517,-300.00003,0,0
-15.7698555,-41.997517,-300.00003,0,0
-16.769855,-41.997517,-300.00003,0,0
-17.769855,-41.997517,-300.00003,0,0
-18.769855,-41.997517,-300.00003,0,0
-19.769855,-41.997517,-300.00003,0,0
-20.769855,-41.997517,-300.00003,0,0
-21.769855,-41.997517,-300.00003,0,0
-22.769855,-41.997517,-300.00003,0,0
-23.769855,-41.997517,-300.00003,0,0
-24.769855,-41.997517,-300.00003,0,0
-25.769855,-41.997517,-300.00003,0,0
-26.769855,-41.997517,-300.00003,0,0
-27.769855,-41.997517,-300.00003,0,0
-28.769855,-41.997517,-300.00003,0,0
-29.769855,-41.997517,-300.00003,0,0
-30.769855,-41.997517,-300.00003,0,0
-31.769855,-41.997517,-300.00003,0,0
-32.769855,-41.997517,-300.00003,0,0
-33.769855,-41.997517,-300.00003,0,0
-34.769855,-41.997517,-300.00003,0,0
-35.769855,-41.997517,-300.00003,0,0
-36.769855,-41.997517,-300.00003,0,0
-37.769855,-41.997517,-300.00003,0,0
-38.769855,-41.997517,-300.00003,0,0
-39.769855,-41.997517,-300.00003,0,0
-40.769855,-41.997517,-300.00003,0,0
-41.769855,-41.997517,-300.00003,0,0
-42.769855,-41.997517,-300.00003,0,0
-43.769855,-41.997517,-300.00003,0,0
-44.769855,-41.997517,-300.00003,0,0
-45.769855,-41.997517,-300.00003,0,0
-46.769855,-41.997517,-300.00003,0,0
-47.769855,-41.997517,-300.00003,0,0
-48.769855,-41.997517,-300.00003,0,0
-49.769855,-41.997517,-300.00003,0,0
49.230145,-42.997517,-300.00003,0,0
48.230145,-42.997517,-300.00003,0,0
47.230145,-42.997517,-300.00003,0,0
46.230145,-42.997517,-300.00003,0,0
45.230145,-42.997517,-300.00003,0,0
44.230145,-42.997517,-300.00003,0,0
43.230145,-42.997517,-300.00003,0,0
42.230145,-42.997517,-300.00003,0,0
41.230145,-42.997517,-300.00003,0,0
40.230145,-42.997517,-300.00003,0,0
39.230145,-42.997517,-300.00003,0,0
38.230145,-42.997517,-300.00003,0,0
37.230145,-42.997517,-300.00003,0,0
36.230145,-42.997517,-300.00003,0,0
35.230145,-42.997517,-300.00003,0,0
34.230145,-42.997517,-300.00003,0,0
33.230145,-42.997517,-300.00003,0,0
32.230145,-42.997517,-300.00003,0,0
31.230145,-42.997517,-300.00003,0,0
30.230145,-42.997517,-300.00003,0,0
29.230145,-42.997517,-300.00003,0,0
28.230145,-42.997517,-300.00003,0,0
27.230145,-42.997517,-300.00003,0,0
26.230145,-42.997517,-300.00003,0,0
25.230145,-42.997517,-300.00003,0,0
24.230145,-42.997517,-300.00003,0,0
23.230145,-42.997517,-300.00003,0,0
22.230145,-42.997517,-300.00003,0,0
21.230145,-42.997517,-300.00003,0,0
20.230145,-42.997517,-300.00003,0,0
19.230145,-42.997517,-300.00003,0,0
18.230145,-42.997517,-300.00003,0,0
17.230145,-42.997517,-300.00003,0,0
16.230145,-42.997517,-300.00003,0,0
15.2301445,-42.997517,-300.00003,0,0
14.2301445,-42.997517,-300.00003,0,0
13.2301445,-42.997517,-300.00003,0,0
12.2301445,-42.997517,-300.00003,0,0
11.2301445,-42.997517,-300.00003,0,0
10.2301445,-42.997517,-300.00003,0,0
9.2301445,-42.997517,-300.00003,0,0
8.2301445,-42.997517,-300.00003,0,0
7.2301445,-42.997517,-300.00003,0,0
6.2301445,-42.997517,-300.00003,0,0
5.2301445,-42.997517,-300.00003,0,0
4.2301445,-42.997517,-300.00003,0,0
3.2301445,-42.997517,-300.00003,0,0
2.2301445,-42.997517,-300.00003,0,0
1.2301445,-42.997517,-300.00003,0,0
0.2301445,-42.997517,-300.00003,0,0
-0.7698555,-42.997517,-300.00003,0,0
-1.7698555,-42.997517,-300.00003,0,0
-2.7698555,-42.997517,-300.00003,0,0
-3.7698555,-42.997517,-300.00003,0,0
-4.7698555,-42.997517,-300.00003,0,0
-5.7698555,-42.997517,-300.00003,0,0
-6.7698555,-42.997517,-300.00003,0,0
-7.7698555,-42.997517,-300.00003,0,0
-8.7698555,-42.997517,-300.00003,0,0
-9.7698555,-42.997517,-300.00003,0,0
-10.7698555,-42.997517,-300.00003,0,0
-11.7698555,-42.997517,-300.00003,0,0
-12.7698555,-42.997517,-300.00003,0,0
-13.7698555,-42.997517,-300.00003,0,0
-14.7698555,-42.997517,-300.00003,0,0
-15.7698555,-42.997517,-300.00003,0,0
-16.769855,-42.997517,-300.00003,0,0
-17.769855,-42.997517,-300.00003,0,0
-18.769855,-42.997517,-300.00003,0,0
-19.769855,-42.997517,-300.00003,0,0
-20.769855,-42.997517,-300.00003,0,0
-21.769855,-42.997517,-300.00003,0,0
-22.769855,-42.997517,-300.00003,0,0
-23.769855,-42.997517,-300.00003,0,0
-24.769855,-42.997517,-300.00003,0,0
-25.769855,-42.997517,-300.00003,0,0
-26.769855,-42.997517,-300.00003,0,0
-27.769855,-42.997517,-300.00003,0,0
-28.769855,-42.997517,-300.00003,0,0
-29.769855,-42.997517,-300.00003,0,0
-30.769855,-42.997517,-300.00003,0,0
-31.769855,-42.997517,-300.00003,0,0
-32.769855,-42.997517,-300.00003,0,0
-33.769855,-42.997517,-300.00003,0,0
-34.769855,-42.997517,-300.00003,0,0
-35.769855,-42.997517,-300.00003,0,0
-36.769855,-42.997517,-300.00003,0,0
-37.769855,-42.997517,-300.00003,0,0
-38.769855,-42.997517,-300.00003,0,0
-39.769855,-42.997517,-300.00003,0,0
-40.769855,-42.997517,-300.00003,0,0
-41.769855,-42.997517,-300.00003,0,0
-42.769855,-42.997517,-300.00003,0,0
-43.769855,-42.997517,-300.00003,0,0
-44.769855,-42.997517,-300.00003,0,0
-45.769855,-42.997517,-300.00003,0,0
-46.769855,-42.997517,-300.00003,0,0
-47.769855,-42.997517,-300.00003,0,0
-48.769855,-42.997517,-300.00003,0,0
-49.769855,-42.997517,-300.00003,0,0
49.230145,-43.997517,-300.00003,0,0
48.230145,-43.997517,-300.00003,0,0
47.230145,-43.997517,-300.00003,0,0
46.230145,-43.997517,-300.00003,0,0
45.230145,-43.997517,-300.00003,0,0
44.230145,-43.997517,-300.00003,0,0
43.230145,-43.997517,-300.00003,0,0
42.230145,-43.997517,-300.00003,0,0
41.230145,-43.997517,-300.00003,0,0
40.230145,-43.997517,-300.00003,0,0
39.230145,-43.997517,-300.00003,0,0
38.230145,-43.997517,-300.00003,0,0
37.230145,-43.997517,-300.00003,0,0
36.230145,-43.997517,-300.00003,0,0
35.230145,-43.997517,-300.00003,0,0
34.230145,-43.997517,-300.00003,0,0
33.230145,-43.997517,-300.00003,0,0
32.230145,-43.997517,-300.00003,0,0
31.230145,-43.997517,-300.00003,0,0
30.230145,-43.997517,-300.00003,0,0
29.230145,-43.997517,-300.00003,0,0
28.230145,-43.997517,-300.00003,0,0
27.230145,-43.997517,-300.00003,0,0
26.230145,-43.997517,-300.00003,0,0
25.230145,-43.997517,-300.00003,0,0
24.230145,-43.997517,-300.00003,0,0
23.230145,-43.997517,-300.00003,0,0
22.230145,-43.997517,-300.00003,0,0
21.230145,-43.997517,-300.00003,0,0
20.230145,-43.997517,-300.00003,0,0
19.230145,-43.997517,-300.00003,0,0
18.230145,-43.997517,-300.00003,0,0
17.230145,-43.997517,-300.00003,0,0
16.230145,-43.997517,-300.00003,0,0
15.2301445,-43.997517,-300.00003,0,0
14.2301445,-43.997517,-300.00003,0,0
13.2301445,-43.997517,-300.00003,0,0
12.2301445,-43.997517,-300.00003,0,0
11.2301445,-43.997517,-300.00003,0,0
10.2301445,-43.997517,-300.00003,0,0
9.2301445,-43.997517,-300.00003,0,0
8.2301445,-43.997517,-300.00003,0,0
7.2301445,-43.997517,-300.00003,0,0
6.2301445,-43.997517,-300.00003,0,0
5.2301445,-43.997517,-300.00003,0,0
4.2301445,-43.997517,-300.00003,0,0
3.2301445,-43.997517,-300.00003,0,0
2.2301445,-43.997517,-300.00003,0,0
1.2301445,-43.997517,-300.00003,0,0
0.2301445,-43.997517,-300.00003,0,0
-0.7698555,-43.997517,-300.00003,0,0
-1.7698555,-43.997517,-300.00003,0,0
-2.7698555,-43.997517,-300.00003,0,0
-3.7698555,-43.997517,-300.00003,0,0
-4.7698555,-43.997517,-300.00003,0,0
-5.7698555,-43.997517,-300.00003,0,0
-6.7698555,-43.997517,-300.00003,0,0
-7.7698555,-43.997517,-300.00003,0,0
-8.7698555,-43.997517,-300.00003,0,0
-9.7698555,-43.997517,-300.00003,0,0
-10.7698555,-43.997517,-300.00003,0,0
-11.7698555,-43.997517,-300.00003,0,0
-12.7698555,-43.997517,-300.00003,0,0
-13.7698555,-43.997517,-300.00003,0,0
-14.7698555,-43.997517,-300.00003,0,0
-15.7698555,-43.997517,-300.00003,0,0
-16.769855,-43.997517,-300.00003,0,0
-17.769855,-43.997517,-300.00003,0,0
-18.769855,-43.997517,-300.00003,0,0
-19.769855,-43.997517,-300.00003,0,0
-20.769855,-43.997517,-300.00003,0,0
-21.769855,-43.997517,-300.00003,0,0
-22.769855,-43.997517,-300.00003,0,0
-23.769855,-43.997517,-300.00003,0,0
-24.769855,-43.997517,-300.00003,0,0
-25.769855,-43.997517,-300.00003,0,0
-26.769855,-43.997517,-300.00003,0,0
-27.769855,-43.997517,-300.00003,0,0
-28.769855,-43.997517,-300.00003,0,0
-29.769855,-43.997517,-300.00003,0,0
-30.769855,-43.997517,-300.00003,0,0
-31.769855,-43.997517,-300.00003,0,0
-32.769855,-43.997517,-300.00003,0,0
-33.769855,-43.997517,-300.00003,0,0
-34.769855,-43.997517,-300.00003,0,0
-35.769855,-43.997517,-300.00003,0,0
-36.769855,-43.997517,-300.00003,0,0
-37.769855,-43.997517,-300.00003,0,0
-38.769855,-43.997517,-300.00003,0,0
-39.769855,-43.997517,-300.00003,0,0
-40.769855,-43.997517,-300.00003,0,0
-41.769855,-43.997517,-300.00003,0,0
-42.769855,-43.997517,-300.00003,0,0
-43.769855,-43.997517,-300.00003,0,0
-44.769855,-43.997517,-300.00003,0,0
-45.769855,-43.997517,-300.00003,0,0
-46.769855,-43.997517,-300.00003,0,0
-47.769855,-43.997517,-300.00003,0,0
-48.769855,-43.997517,-300.00003,0,0
-49.769855,-43.997517,-300.00003,0,0
49.230145,-44.997517,-300.00003,0,0
48.230145,-44.997517,-300.00003,0,0
47.230145,-44.997517,-300.00003,0,0
46.230145,-44.997517,-300.00003,0,0
45.230145,-44.997517,-300.00003,0,0
44.230145,-44.997517,-300.00003,0,0
43.230145,-44.997517,-300.00003,0,0
42.230145,-44.997517,-300.00003,0,0
41.230145,-44.997517,-300.00003,0,0
40.230145,-44.997517,-300.00003,0,0
39.230145,-44.997517,-300.00003,0,0
38.230145,-44.997517,-300.00003,0,0
37.230145,-44.997517,-300.00003,0,0
36.230145,-44.997517,-300.00003,0,0
35.230145,-44.997517,-300.00003,0,0
34.230145,-44.997517,-300.00003,0,0
33.230145,-44.997517,-300.00003,0,0
32.230145,-44.997517,-300.00003,0,0
31.230145,-44.997517,-300.00003,0,0
30.230145,-44.997517,-300.00003,0,0
29.230145,-44.997517,-300.00003,0,0
28.230145,-44.997517,-300.00003,0,0
27.230145,-44.997517,-300.00003,0,0
26.230145,-44.997517,-300.00003,0,0
25.230145,-44.997517,-300.00003,0,0
24.230145,-44.997517,-300.00003,0,0
23.230145,-44.997517,-300.00003,0,0
22.230145,-44.997517,-300.00003,0,0
21.230145,-44.997517,-300.00003,0,0
20.230145,-44.997517,-300.00003,0,0
19.230145,-44.997517,-300.00003,0,0
18.230145,-44.997517,-300.00003,0,0
17.230145,-44.997517,-300.00003,0,0
16.230145,-44.997517,-300.00003,0,0
15.2301445,-44.997517,-300.00003,0,0
14.2301445,-44.997517,-300.00003,0,0
13.2301445,-44.997517,-300.00003,0,0
12.2301445,-44.997517,-300.00003,0,0
11.2301445,-44.997517,-300.00003,0,0
10.2301445,-44.997517,-300.00003,0,0
9.2301445,-44.997517,-300.00003,0,0
8.2301445,-44.997517,-300.00003,0,0
7.2301445,-44.997517,-300.00003,0,0
6.2301445,-44.997517,-300.00003,0,0
5.2301445,-44.997517,-300.00003,0,0
4.2301445,-44.997517,-300.00003,0,0
3.2301445,-44.997517,-300.00003,0,0
2.2301445,-44.997517,-300.00003,0,0
1.2301445,-44.997517,-300.00003,0,0
0.2301445,-44.997517,-300.00003,0,0
-0.7698555,-44.997517,-300.00003,0,0
-1.7698555,-44.997517,-300.00003,0,0
-2.7698555,-44.997517,-300.00003,0,0
-3.7698555,-44.997517,-300.00003,0,0
-4.7698555,-44.997517,-300.00003,0,0
-5.7698555,-44.997517,-300.00003,0,0
-6.7698555,-44.997517,-300.00003,0,0
-7.7698555,-44.997517,-300.00003,0,0
-8.7698555,-44.997517,-300.00003,0,0
-9.7698555,-44.997517,-300.00003,0,0
-10.7698555,-44.997517,-300.00003,0,0
-11.7698555,-44.997517,-300.00003,0,0
-12.7698555,-44.997517,-300.00003,0,0
-13.7698555,-44.997517,-300.00003,0,0
-14.7698555,-44.997517,-300.00003,0,0
-15.7698555,-44.997517,-300.00003,0,0
-16.769855,-44.997517,-300.00003,0,0
-17.769855,-44.997517,-300.00003,0,0
-18.769855,-44.997517,-300.00003,0,0
-19.769855,-44.997517,-300.00003,0,0
-20.769855,-44.997517,-300.00003,0,0
-21.769855,-44.997517,-300.00003,0,0
-22.769855,-44.997517,-300.00003,0,0
-23.769855,-44.997517,-300.00003,0,0
-24.769855,-44.997517,-300.00003,0,0
-25.769855,-44.997517,-300.00003,0,0
-26.769855,-44.997517,-300.00003,0,0
-27.769855,-44.997517,-300.00003,0,0
-28.769855,-44.997517,-300.00003,0,0
-29.769855,-44.997517,-300.00003,0,0
-30.769855,-44.997517,-300.00003,0,0
-31.769855,-44.997517,-300.00003,0,0
-32.769855,-44.997517,-300.00003,0,0
-33.769855,-44.997517,-300.00003,0,0
-34.769855,-44.997517,-300.00003,0,0
-35.769855,-44.997517,-300.00003,0,0
-36.769855,-44.997517,-300.00003,0,0
-37.769855,-44.997517,-300.00003,0,0
-38.769855,-44.997517,-300.00003,0,0
-39.769855,-44.997517,-300.00003,0,0
-40.769855,-44.997517,-300.00003,0,0
-41.769855,-44.997517,-300.00003,0,0
-42.769855,-44.997517,-300.00003,0,0
-43.769855,-44.997517,-300.00003,0,0
-44.769855,-44.997517,-300.00003,0,0
-45.769855,-44.997517,-300.00003,0,0
-46.769855,-44.997517,-300.00003,0,0
-47.769855,-44.997517,-300.00003,0,0
-48.769855,-44.997517,-300.00003,0,0
-49.769855,-44.997517,-300.00003,0,0
49.230145,-45.997517,-300.00003,0,0
48.230145,-45.997517,-300.00003,0,0
47.230145,-45.997517,-300.00003,0,0
46.230145,-45.997517,-300.00003,0,0
45.230145,-45.997517,-300.00003,0,0
44.230145,-45.997517,-300.00003,0,0
43.230145,-45.997517,-300.00003,0,0
42.230145,-45.997517,-300.00003,0,0
41.230145,-45.997517,-300.00003,0,0
40.230145,-45.997517,-300.00003,0,0
39.230145,-45.997517,-300.00003,0,0
38.230145,-45.997517,-300.00003,0,0
37.230145,-45.997517,-300.00003,0,0
36.230145,-45.997517,-300.00003,0,0
35.230145,-45.997517,-300.00003,0,0
34.230145,-45.997517,-300.00003,0,0
33.230145,-45.997517,-300.00003,0,0
32.230145,-45.997517,-300.00003,0,0
31.230145,-45.997517,-300.00003,0,0
30.230145,-45.997517,-300.00003,0,0
29.230145,-45.997517,-300.00003,0,0
28.230145,-45.997517,-300.00003,0,0
27.230145,-45.997517,-300.00003,0,0
26.230145,-45.997517,-300.00003,0,0
25.230145,-45.997517,-300.00003,0,0
24.230145,-45.997517,-300.00003,0,0
23.230145,-45.997517,-300.00003,0,0
22.230145,-45.997517,-300.00003,0,0
21.230145,-45.997517,-300.00003,0,0
20.230145,-45.997517,-300.00003,0,0
19.230145,-45.997517,-300.00003,0,0
18.230145,-45.997517,-300.00003,0,0
17.230145,-45.997517,-300.00003,0,0
16.230145,-45.997517,-300.00003,0,0
15.2301445,-45.997517,-300.00003,0,0
14.2301445,-45.997517,-300.00003,0,0
13.2301445,-45.997517,-300.00003,0,0
12.2301445,-45.997517,-300.00003,0,0
11.2301445,-45.997517,-300.00003,0,0
10.2301445,-45.997517,-300.00003,0,0
9.2301445,-45.997517,-300.00003,0,0
8.2301445,-45.997517,-300.00003,0,0
7.2301445,-45.997517,-300.00003,0,0
6.2301445,-45.997517,-300.00003,0,0
5.2301445,-45.997517,-300.00003,0,0
4.2301445,-45.997517,-300.00003,0,0
3.2301445,-45.997517,-300.00003,0,0
2.2301445,-45.997517,-300.00003,0,0
1.2301445,-45.997517,-300.00003,0,0
0.2301445,-45.997517,-300.00003,0,0
-0.7698555,-45.997517,-300.00003,0,0
-1.7698555,-45.997517,-300.00003,0,0
-2.7698555,-45.997517,-300.00003,0,0
-3.7698555,-45.997517,-300.00003,0,0
-4.7698555,-45.997517,-300.00003,0,0
-5.7698555,-45.997517,-300.00003,0,0
-6.7698555,-45.997517,-300.00003,0,0
-7.7698555,-45.997517,-300.00003,0,0
-8.7698555,-45.997517,-300.00003,0,0
-9.7698555,-45.997517,-300.00003,0,0
-10.7698555,-45.997517,-300.00003,0,0
-11.7698555,-45.997517,-300.00003,0,0
-12.7698555,-45.997517,-300.00003,0,0
-13.7698555,-45.997517,-300.00003,0,0
-14.7698555,-45.997517,-300.00003,0,0
-15.7698555,-45.997517,-300.00003,0,0
-16.769855,-45.997517,-300.00003,0,0
-17.769855,-45.997517,-300.00003,0,0
-18.769855,-45.997517,-300.00003,0,0
-19.769855,-45.997517,-300.00003,0,0
-20.769855,-45.997517,-300.00003,0,0
-21.769855,-45.997517,-300.00003,0,0
-22.769855,-45.997517,-300.00003,0,0
-23.769855,-45.997517,-300.00003,0,0
-24.769855,-45.997517,-300.00003,0,0
-25.769855,-45.997517,-300.00003,0,0
-26.769855,-45.997517,-300.00003,0,0
-27.769855,-45.997517,-300.00003,0,0
-28.769855,-45.997517,-300.00003,0,0
-29.769855,-45.997517,-300.00003,0,0
-30.769855,-45.997517,-300.00003,0,0
-31.769855,-45.997517,-300.00003,0,0
-32.769855,-45.997517,-300.00003,0,0
-33.769855,-45.997517,-300.00003,0,0
-34.769855,-45.997517,-300.00003,0,0
-35.769855,-45.997517,-300.00003,0,0
-36.769855,-45.997517,-300.00003,0,0
-37.769855,-45.997517,-300.00003,0,0
-38.769855,-45.997517,-300.00003,0,0
-39.769855,-45.997517,-300.00003,0,0
-40.769855,-45.997517,-300.00003,0,0
-41.769855,-45.997517,-300.00003,0,0
-42.769855,-45.997517,-300.00003,0,0
-43.769855,-45.997517,-300.00003,0,0
-44.769855,-45.997517,-300.00003,0,0
-45.769855,-45.997517,-300.00003,0,0
-46.769855,-45.997517,-300.00003,0,0
-47.769855,-45.997517,-300.00003,0,0
-48.769855,-45.997517,-300.00003,0,0
-49.769855,-45.997517,-300.00003,0,0
49.230145,-46.997517,-300.00003,0,0
48.230145,-46.997517,-300.00003,0,0
47.230145,-46.997517,-300.00003,0,0
46.230145,-46.997517,-300.00003,0,0
45.230145,-46.997517,-300.00003,0,0
44.230145,-46.997517,-300.00003,0,0
43.230145,-46.997517,-300.00003,0,0
42.230145,-46.997517,-300.00003,0,0
41.230145,-46.997517,-300.00003,0,0
40.230145,-46.997517,-300.00003,0,0
39.230145,-46.997517,-300.00003,0,0
38.230145,-46.997517,-300.00003,0,0
37.230145,-46.997517,-300.00003,0,0
36.230145,-46.997517,-300.00003,0,0
35.230145,-46.997517,-300.00003,0,0
34.230145,-46.997517,-300.00003,0,0
33.230145,-46.997517,-300.00003,0,0
32.230145,-46.997517,-300.00003,0,0
31.230145,-46.997517,-300.00003,0,0
30.230145,-46.997517,-300.00003,0,0
29.230145,-46.997517,-300.00003,0,0
28.230145,-46.997517,-300.00003,0,0
27.230145,-46.997517,-300.00003,0,0
26.230145,-46.997517,-300.00003,0,0
25.230145,-46.997517,-300.00003,0,0
24.230145,-46.997517,-300.00003,0,0
23.230145,-46.997517,-300.00003,0,0
22.230145,-46.997517,-300.00003,0,0
21.230145,-46.997517,-300.00003,0,0
20.230145,-46.997517,-300.00003,0,0
19.230145,-46.997517,-300.00003,0,0
18.230145,-46.997517,-300.00003,0,0
17.230145,-46.997517,-300.00003,0,0
16.230145,-46.997517,-300.00003,0,0
15.2301445,-46.997517,-300.00003,0,0
14.2301445,-46.997517,-300.00003,0,0
13.2301445,-46.997517,-300.00003,0,0
12.2301445,-46.997517,-300.00003,0,0
11.2301445,-46.997517,-300.00003,0,0
10.2301445,-46.997517,-300.00003,0,0
9.2301445,-46.997517,-300.00003,0,0
8.2301445,-46.997517,-300.00003,0,0
7.2301445,-46.997517,-300.00003,0,0
6.2301445,-46.997517,-300.00003,0,0
5.2301445,-46.997517,-300.00003,0,0
4.2301445,-46.997517,-300.00003,0,0
3.2301445,-46.997517,-300.00003,0,0
2.2301445,-46.997517,-300.00003,0,0
1.2301445,-46.997517,-300.00003,0,0
0.2301445,-46.997517,-300.00003,0,0
-0.7698555,-46.997517,-300.00003,0,0
-1.7698555,-46.997517,-300.00003,0,0
-2.7698555,-46.997517,-300.00003,0,0
-3.7698555,-46.997517,-300.00003,0,0
-4.7698555,-46.997517,-300.00003,0,0
-5.7698555,-46.997517,-300.00003,0,0
-6.7698555,-46.997517,-300.00003,0,0
-7.7698555,-46.997517,-300.00003,0,0
-8.7698555,-46.997517,-300.00003,0,0
-9.7698555,-46.997517,-300.00003,0,0
-10.7698555,-46.997517,-300.00003,0,0
-11.7698555,-46.997517,-300.00003,0,0
-12.7698555,-46.997517,-300.00003,0,0
-13.7698555,-46.997517,-300.00003,0,0
-14.7698555,-46.997517,-300.00003,0,0
-15.7698555,-46.997517,-300.00003,0,0
-16.769855,-46.997517,-300.00003,0,0
-17.769855,-46.997517,-300.00003,0,0
-18.769855,-46.997517,-300.00003,0,0
-19.769855,-46.997517,-300.00003,0,0
-20.769855,-46.997517,-300.00003,0,0
-21.769855,-46.997517,-300.00003,0,0
-22.769855,-46.997517,-300.00003,0,0
-23.769855,-46.997517,-300.00003,0,0
-24.769855,-46.997517,-300.00003,0,0
-25.769855,-46.997517,-300.00003,0,0
-26.769855,-46.997517,-300.00003,0,0
-27.769855,-46.997517,-300.00003,0,0
-28.769855,-46.997517,-300.00003,0,0
-29.769855,-46.997517,-300.00003,0,0
-30.769855,-46.997517,-300.00003,0,0
-31.769855,-46.997517,-300.00003,0,0
-32.769855,-46.997517,-300.00003,0,0
-33.769855,-46.997517,-300.00003,0,0
-34.769855,-46.997517,-300.00003,0,0
-35.769855,-46.997517,-300.00003,0,0
-36.769855,-46.997517,-300.00003,0,0
-37.769855,-46.997517,-300.00003,0,0
-38.769855,-46.997517,-300.00003,0,0
-39.769855,-46.997517,-300.00003,0,0
-40.769855,-46.997517,-300.00003,0,0
-41.769855,-46.997517,-300.00003,0,0
-42.769855,-46.997517,-300.00003,0,0
-43.769855,-46.997517,-300.00003,0,0
-44.769855,-46.997517,-300.00003,0,0
-45.769855,-46.997517,-300.00003,0,0
-46.769855,-46.997517,-300.00003,0,0
-47.769855,-46.997517,-300.00003,0,0
-48.769855,-46.997517,-300.00003,0,0
-49.769855,-46.997517,-300.00003,0,0
